timestamp,role,cpu_user_jiffies,cpu_nice_jiffies,cpu_system_jiffies,cpu_idle_jiffies,cpu_iowait_jiffies,cpu_irq_jiffies,cpu_softirq_jiffies,cpu_steal_jiffies,mem_total_kb,mem_available_kb,mem_used_kb,mem_free_kb,swap_total_kb,swap_free_kb
2026-05-13T15:57:29+01:00,server,310609766,7841,1339543,1327022590,6746,0,69156,0,32911424,29484288,3427136,24524800,16252864,16236480
2026-05-13T15:57:30+01:00,server,310611359,7841,1339583,1327025853,6748,0,69156,0,32911424,29450048,3461376,24478592,16252864,16236480
2026-05-13T15:57:31+01:00,server,310613935,7841,1339595,1327028195,6748,0,69156,0,32911424,29443456,3467968,24470912,16252864,16236480
2026-05-13T15:57:32+01:00,server,310616406,7841,1339613,1327030611,6748,0,69157,0,32911424,29445248,3466176,24470720,16252864,16236480
2026-05-13T15:57:33+01:00,server,310618854,7841,1339627,1327033053,6748,0,69157,0,32911424,29447424,3464000,24472896,16252864,16236480
2026-05-13T15:57:34+01:00,server,310621278,7841,1339642,1327035510,6748,0,69158,0,32911424,29446912,3464512,24472320,16252864,16236480
2026-05-13T15:57:35+01:00,server,310623684,7841,1339652,1327038005,6748,0,69158,0,32911424,29448448,3462976,24473856,16252864,16236480
2026-05-13T15:57:36+01:00,server,310626168,7841,1339670,1327040436,6748,0,69158,0,32911424,29449856,3461568,24475200,16252864,16236480
2026-05-13T15:57:37+01:00,server,310628610,7841,1339688,1327042871,6748,0,69158,0,32911424,29443712,3467712,24468928,16252864,16236480
2026-05-13T15:57:38+01:00,server,310631038,7841,1339703,1327045322,6748,0,69159,0,32911424,29442432,3468992,24467648,16252864,16236480
2026-05-13T15:57:39+01:00,server,310633484,7841,1339719,1327047780,6748,0,69161,0,32911424,29445504,3465920,24470592,16252864,16236480
2026-05-13T15:57:40+01:00,server,310635935,7841,1339734,1327050241,6748,0,69161,0,32911424,29428544,3482880,24453632,16252864,16236480
2026-05-13T15:57:41+01:00,server,310638406,7841,1339744,1327052707,6748,0,69161,0,32911424,29430144,3481280,24455104,16252864,16236480
2026-05-13T15:57:42+01:00,server,310640854,7841,1339753,1327055168,6748,0,69161,0,32911424,29424960,3486464,24449856,16252864,16236480
2026-05-13T15:57:44+01:00,server,310643300,7841,1339768,1327057624,6748,0,69163,0,32911424,29424000,3487424,24448896,16252864,16236480
2026-05-13T15:57:45+01:00,server,310645776,7841,1339780,1327060081,6748,0,69164,0,32911424,29419392,3492032,24444288,16252864,16236480
2026-05-13T15:57:46+01:00,server,310648229,7841,1339791,1327062537,6748,0,69165,0,32911424,29416064,3495360,24440960,16252864,16236480
2026-05-13T15:57:47+01:00,server,310650707,7841,1339803,1327064994,6748,0,69165,0,32911424,29416000,3495424,24440768,16252864,16236480
2026-05-13T15:57:48+01:00,server,310653184,7841,1339815,1327067455,6748,0,69165,0,32911424,29412288,3499136,24436992,16252864,16236480
2026-05-13T15:57:49+01:00,server,310655635,7841,1339825,1327069914,6748,0,69165,0,32911424,29411904,3499520,24436608,16252864,16236480
2026-05-13T15:57:50+01:00,server,310657998,7841,1339859,1327072372,6748,0,69165,0,32911424,29413696,3497728,24438272,16252864,16236480
2026-05-13T15:57:51+01:00,server,310660474,7841,1339876,1327074822,6748,0,69165,0,32911424,29411328,3500096,24435904,16252864,16236480
2026-05-13T15:57:52+01:00,server,310662938,7841,1339899,1327077255,6748,0,69165,0,32911424,29413248,3498176,24437696,16252864,16236480
2026-05-13T15:57:53+01:00,server,310665413,7841,1339910,1327079711,6748,0,69165,0,32911424,29414272,3497152,24438720,16252864,16236480
2026-05-13T15:57:54+01:00,server,310667865,7841,1339923,1327082171,6748,0,69165,0,32911424,29408768,3502656,24433216,16252864,16236480
2026-05-13T15:57:55+01:00,server,310670285,7841,1339934,1327084634,6748,0,69165,0,32911424,29407616,3503808,24432000,16252864,16236480
2026-05-13T15:57:56+01:00,server,310672737,7841,1339953,1327087089,6748,0,69165,0,32911424,29405120,3506304,24429504,16252864,16236480
2026-05-13T15:57:57+01:00,server,310675185,7841,1339970,1327089545,6748,0,69165,0,32911424,29403584,3507840,24427968,16252864,16236480
2026-05-13T15:57:58+01:00,server,310677636,7841,1339986,1327092001,6748,0,69166,0,32911424,29400960,3510464,24425344,16252864,16236480
2026-05-13T15:57:59+01:00,server,310680113,7841,1339996,1327094455,6748,0,69168,0,32911424,29395584,3515840,24419904,16252864,16236480
2026-05-13T15:58:00+01:00,server,310682551,7841,1340003,1327096908,6748,0,69169,0,32911424,29393344,3518080,24417664,16252864,16236480
2026-05-13T15:58:01+01:00,server,310685000,7841,1340020,1327099365,6748,0,69169,0,32911424,29391424,3520000,24415680,16252864,16236480
2026-05-13T15:58:02+01:00,server,310687449,7841,1340042,1327101823,6748,0,69169,0,32911424,29391552,3519872,24415744,16252864,16236480
2026-05-13T15:58:03+01:00,server,310689877,7841,1340055,1327104286,6748,0,69169,0,32911424,29385600,3525824,24409792,16252864,16236480
2026-05-13T15:58:04+01:00,server,310692327,7841,1340071,1327106740,6748,0,69169,0,32911424,29387712,3523712,24411904,16252864,16236480
2026-05-13T15:58:05+01:00,server,310694663,7841,1340085,1327109312,6748,0,69170,0,32911424,29348736,3562688,24372928,16252864,16236480
2026-05-13T15:58:06+01:00,server,310697117,7841,1340088,1327111771,6748,0,69170,0,32911424,29349056,3562368,24373248,16252864,16236480
2026-05-13T15:58:07+01:00,server,310699571,7841,1340097,1327114211,6749,0,69170,0,32911424,29350656,3560768,24374784,16252864,16236480
2026-05-13T15:58:08+01:00,server,310702020,7841,1340109,1327116671,6749,0,69170,0,32911424,29349056,3562368,24373184,16252864,16236480
2026-05-13T15:58:09+01:00,server,310704492,7841,1340123,1327119135,6749,0,69170,0,32911424,29350528,3560896,24374592,16252864,16236480
2026-05-13T15:58:10+01:00,server,310706937,7841,1340145,1327121592,6749,0,69170,0,32911424,29350272,3561152,24374336,16252864,16236480
2026-05-13T15:58:11+01:00,server,310709384,7841,1340159,1327124049,6749,0,69170,0,32911424,29345536,3565888,24369600,16252864,16236480
2026-05-13T15:58:12+01:00,server,310711834,7841,1340173,1327126507,6749,0,69172,0,32911424,29344128,3567296,24368192,16252864,16236480
2026-05-13T15:58:13+01:00,server,310714309,7841,1340184,1327128962,6749,0,69172,0,32911424,29342080,3569344,24366080,16252864,16236480
2026-05-13T15:58:14+01:00,server,310716689,7841,1340199,1327131418,6749,0,69174,0,32911424,29342464,3568960,24366464,16252864,16236480
2026-05-13T15:58:15+01:00,server,310719161,7841,1340212,1327133873,6749,0,69176,0,32911424,29343616,3567808,24367616,16252864,16236480
2026-05-13T15:58:16+01:00,server,310721634,7841,1340230,1327136329,6749,0,69177,0,32911424,29341376,3570048,24365312,16252864,16236480
2026-05-13T15:58:17+01:00,server,310724077,7841,1340251,1327138788,6749,0,69177,0,32911424,29346752,3564672,24370304,16252864,16236480
2026-05-13T15:58:18+01:00,server,310726554,7841,1340260,1327141249,6749,0,69177,0,32911424,29342656,3568768,24366208,16252864,16236480
2026-05-13T15:58:19+01:00,server,310729023,7841,1340268,1327143720,6749,0,69177,0,32911424,29340352,3571072,24363904,16252864,16236480
2026-05-13T15:58:20+01:00,server,310731428,7841,1340283,1327146187,6749,0,69177,0,32911424,29339456,3571968,24362944,16252864,16236480
2026-05-13T15:58:22+01:00,server,310733895,7841,1340305,1327148619,6749,0,69178,0,32911424,29339264,3572160,24362688,16252864,16236480
2026-05-13T15:58:23+01:00,server,310736369,7841,1340316,1327151074,6749,0,69178,0,32911424,29340800,3570624,24364160,16252864,16236480
2026-05-13T15:58:24+01:00,server,310738772,7841,1340331,1327153532,6749,0,69178,0,32911424,29340800,3570624,24364160,16252864,16236480
2026-05-13T15:58:25+01:00,server,310741242,7841,1340350,1327155990,6749,0,69178,0,32911424,29341184,3570240,24364544,16252864,16236480
2026-05-13T15:58:26+01:00,server,310743719,7841,1340360,1327158447,6749,0,69178,0,32911424,29340928,3570496,24364288,16252864,16236480
2026-05-13T15:58:27+01:00,server,310746147,7841,1340369,1327160904,6749,0,69181,0,32911424,29342848,3568576,24366208,16252864,16236480
2026-05-13T15:58:28+01:00,server,310748602,7841,1340377,1327163361,6749,0,69182,0,32911424,29343040,3568384,24366400,16252864,16236480
2026-05-13T15:58:29+01:00,server,310751051,7841,1340391,1327165819,6749,0,69182,0,32911424,29339328,3572096,24362688,16252864,16236480
2026-05-13T15:58:30+01:00,server,310753505,7841,1340403,1327168272,6749,0,69182,0,32911424,29337344,3574080,24360704,16252864,16236480
2026-05-13T15:58:31+01:00,server,310755957,7841,1340415,1327170735,6749,0,69182,0,32911424,29337792,3573632,24361216,16252864,16236480
2026-05-13T15:58:32+01:00,server,310758405,7841,1340419,1327173204,6749,0,69182,0,32911424,29336448,3574976,24359872,16252864,16236480
2026-05-13T15:58:33+01:00,server,310760861,7841,1340435,1327175667,6749,0,69183,0,32911424,29333376,3578048,24356800,16252864,16236480
2026-05-13T15:58:34+01:00,server,310763308,7841,1340450,1327178128,6749,0,69183,0,32911424,29332416,3579008,24355840,16252864,16236480
2026-05-13T15:58:35+01:00,server,310765730,7841,1340467,1327180585,6749,0,69184,0,32911424,29333056,3578368,24356480,16252864,16236480
2026-05-13T15:58:36+01:00,server,310768200,7841,1340485,1327183042,6749,0,69184,0,32911424,29332672,3578752,24356096,16252864,16236480
2026-05-13T15:58:37+01:00,server,310770671,7841,1340509,1327185472,6749,0,69184,0,32911424,29332224,3579200,24355584,16252864,16236480
2026-05-13T15:58:38+01:00,server,310773121,7841,1340526,1327187929,6749,0,69184,0,32911424,29333184,3578240,24356544,16252864,16236480
2026-05-13T15:58:39+01:00,server,310775585,7841,1340546,1327190387,6749,0,69184,0,32911424,29333440,3577984,24356800,16252864,16236480
2026-05-13T15:58:40+01:00,server,310778016,7841,1340557,1327192843,6749,0,69185,0,32911424,29331712,3579712,24355072,16252864,16236480
2026-05-13T15:58:41+01:00,server,310780486,7841,1340569,1327195302,6749,0,69187,0,32911424,29331904,3579520,24355264,16252864,16236480
2026-05-13T15:58:42+01:00,server,310782934,7841,1340583,1327197760,6749,0,69188,0,32911424,29329664,3581760,24353024,16252864,16236480
2026-05-13T15:58:43+01:00,server,310785413,7841,1340591,1327200218,6749,0,69188,0,32911424,29330816,3580608,24354176,16252864,16236480
2026-05-13T15:58:44+01:00,server,310787885,7841,1340595,1327202685,6749,0,69188,0,32911424,29328192,3583232,24351488,16252864,16236480
2026-05-13T15:58:45+01:00,server,310790333,7841,1340606,1327205144,6749,0,69188,0,32911424,29331392,3580032,24354688,16252864,16236480
2026-05-13T15:58:46+01:00,server,310792757,7841,1340622,1327207603,6749,0,69189,0,32911424,29332288,3579136,24355584,16252864,16236480
2026-05-13T15:58:47+01:00,server,310795208,7841,1340635,1327210061,6749,0,69189,0,32911424,29332096,3579328,24355392,16252864,16236480
2026-05-13T15:58:48+01:00,server,310797660,7841,1340648,1327212518,6749,0,69189,0,32911424,29335168,3576256,24358464,16252864,16236480
2026-05-13T15:58:49+01:00,server,310800110,7841,1340662,1327214977,6749,0,69189,0,32911424,29332288,3579136,24355584,16252864,16236480
2026-05-13T15:58:50+01:00,server,310802532,7841,1340676,1327217434,6749,0,69191,0,32911424,29335936,3575488,24359232,16252864,16236480
2026-05-13T15:58:51+01:00,server,310804980,7841,1340692,1327219891,6749,0,69191,0,32911424,29335936,3575488,24359232,16252864,16236480
2026-05-13T15:58:52+01:00,server,310807439,7841,1340727,1327222323,6749,0,69191,0,32911424,29334720,3576704,24358016,16252864,16236480
2026-05-13T15:58:53+01:00,server,310809912,7841,1340740,1327224782,6749,0,69191,0,32911424,29335488,3575936,24358784,16252864,16236480
2026-05-13T15:58:54+01:00,server,310812366,7841,1340748,1327227240,6749,0,69192,0,32911424,29336256,3575168,24359552,16252864,16236480
2026-05-13T15:58:55+01:00,server,310814791,7841,1340765,1327229697,6749,0,69192,0,32911424,29337216,3574208,24360512,16252864,16236480
2026-05-13T15:58:56+01:00,server,310817242,7841,1340772,1327232162,6749,0,69192,0,32911424,29335552,3575872,24358848,16252864,16236480
2026-05-13T15:58:57+01:00,server,310819668,7841,1340782,1327234623,6749,0,69192,0,32911424,29334784,3576640,24358080,16252864,16236480
2026-05-13T15:58:58+01:00,server,310822121,7841,1340793,1327237081,6749,0,69192,0,32911424,29337472,3573952,24360768,16252864,16236480
2026-05-13T15:58:59+01:00,server,310824573,7841,1340806,1327239537,6749,0,69192,0,32911424,29336704,3574720,24360000,16252864,16236480
2026-05-13T15:59:00+01:00,server,310827019,7841,1340817,1327241995,6749,0,69193,0,32911424,29338560,3572864,24361856,16252864,16236480
2026-05-13T15:59:02+01:00,server,310829489,7841,1340834,1327244452,6749,0,69193,0,32911424,29338176,3573248,24361472,16252864,16236480
2026-05-13T15:59:03+01:00,server,310831940,7841,1340846,1327246910,6749,0,69193,0,32911424,29338304,3573120,24361600,16252864,16236480
2026-05-13T15:59:04+01:00,server,310834392,7841,1340860,1327249366,6749,0,69193,0,32911424,29340992,3570432,24364288,16252864,16236480
2026-05-13T15:59:05+01:00,server,310836863,7841,1340876,1327251824,6749,0,69193,0,32911424,29341568,3569856,24364864,16252864,16236480
2026-05-13T15:59:06+01:00,server,310839265,7841,1340890,1327254279,6749,0,69194,0,32911424,29338368,3573056,24361600,16252864,16236480
2026-05-13T15:59:07+01:00,server,310841782,7841,1340905,1327256709,6749,0,69195,0,32911424,29339008,3572416,24362176,16252864,16236480
2026-05-13T15:59:08+01:00,server,310844234,7841,1340917,1327259166,6749,0,69195,0,32911424,29341568,3569856,24364736,16252864,16236480
2026-05-13T15:59:09+01:00,server,310846662,7841,1340925,1327261634,6749,0,69195,0,32911424,29337664,3573760,24360832,16252864,16236480
2026-05-13T15:59:10+01:00,server,310849135,7841,1340931,1327264099,6749,0,69196,0,32911424,29337152,3574272,24360320,16252864,16236480
2026-05-13T15:59:11+01:00,server,310851581,7846,1340944,1327266549,6749,0,69197,0,32911424,29334848,3576576,24358016,16252864,16236480
2026-05-13T15:59:12+01:00,server,310854030,7846,1340959,1327269009,6749,0,69197,0,32911424,29332992,3578432,24355712,16252864,16236480
2026-05-13T15:59:13+01:00,server,310856478,7846,1340976,1327271466,6749,0,69197,0,32911424,29332352,3579072,24355008,16252864,16236480
2026-05-13T15:59:14+01:00,server,310858951,7846,1340986,1327273922,6749,0,69199,0,32911424,29332352,3579072,24355008,16252864,16236480
2026-05-13T15:59:15+01:00,server,310861401,7846,1340997,1327276378,6749,0,69201,0,32911424,29332160,3579264,24354816,16252864,16236480
2026-05-13T15:59:16+01:00,server,310863844,7846,1341016,1327278837,6749,0,69201,0,32911424,29332544,3578880,24355200,16252864,16236480
2026-05-13T15:59:17+01:00,server,310866155,7846,1341030,1327281444,6749,0,69201,0,32911424,29258176,3653248,24280832,16252864,16236480
2026-05-13T15:59:18+01:00,server,310868589,7846,1341042,1327283899,6749,0,69201,0,32911424,29259136,3652288,24281792,16252864,16236480
2026-05-13T15:59:19+01:00,server,310871011,7846,1341051,1327286360,6749,0,69201,0,32911424,29259520,3651904,24282176,16252864,16236480
2026-05-13T15:59:20+01:00,server,310873435,7846,1341063,1327288818,6749,0,69203,0,32911424,29261248,3650176,24283904,16252864,16236480
2026-05-13T15:59:21+01:00,server,310875883,7846,1341076,1327291277,6749,0,69203,0,32911424,29254208,3657216,24276864,16252864,16236480
2026-05-13T15:59:22+01:00,server,310878350,7847,1341098,1327293719,6749,0,69204,0,32911424,29256704,3654720,24279104,16252864,16236480
2026-05-13T15:59:23+01:00,server,310880799,7847,1341114,1327296177,6749,0,69204,0,32911424,29252288,3659136,24274688,16252864,16236480
2026-05-13T15:59:24+01:00,server,310883274,7847,1341127,1327298637,6749,0,69204,0,32911424,29252160,3659264,24274560,16252864,16236480
2026-05-13T15:59:25+01:00,server,310885722,7847,1341141,1327301096,6749,0,69204,0,32911424,29252736,3658688,24275136,16252864,16236480
2026-05-13T15:59:26+01:00,server,310888194,7847,1341156,1327303555,6749,0,69204,0,32911424,29251968,3659456,24274368,16252864,16236480
2026-05-13T15:59:27+01:00,server,310890665,7847,1341174,1327306011,6749,0,69204,0,32911424,29251776,3659648,24274176,16252864,16236480
2026-05-13T15:59:28+01:00,server,310893113,7847,1341187,1327308470,6749,0,69204,0,32911424,29250368,3661056,24272768,16252864,16236480
2026-05-13T15:59:29+01:00,server,310895588,7847,1341199,1327310928,6749,0,69204,0,32911424,29252928,3658496,24275328,16252864,16236480
2026-05-13T15:59:30+01:00,server,310898038,7847,1341210,1327313384,6749,0,69204,0,32911424,29253120,3658304,24275520,16252864,16236480
2026-05-13T15:59:31+01:00,server,310900440,7847,1341240,1327315841,6749,0,69204,0,32911424,29254656,3656768,24277056,16252864,16236480
2026-05-13T15:59:32+01:00,server,310902885,7847,1341257,1327318299,6749,0,69204,0,32911424,29252544,3658880,24274944,16252864,16236480
2026-05-13T15:59:33+01:00,server,310905353,7847,1341272,1327320758,6749,0,69205,0,32911424,29254336,3657088,24276736,16252864,16236480
2026-05-13T15:59:34+01:00,server,310907824,7847,1341281,1327323224,6749,0,69205,0,32911424,29252800,3658624,24275200,16252864,16236480
2026-05-13T15:59:35+01:00,server,310910248,7847,1341295,1327325684,6749,0,69206,0,32911424,29252032,3659392,24274432,16252864,16236480
2026-05-13T15:59:36+01:00,server,310912720,7847,1341315,1327328113,6749,0,69206,0,32911424,29249728,3661696,24272128,16252864,16236480
2026-05-13T15:59:37+01:00,server,310915168,7847,1341326,1327330567,6749,0,69207,0,32911424,29248704,3662720,24271104,16252864,16236480
2026-05-13T15:59:38+01:00,server,310917618,7847,1341340,1327333022,6749,0,69207,0,32911424,29250624,3660800,24273024,16252864,16236480
2026-05-13T15:59:39+01:00,server,310920047,7847,1341351,1327335479,6749,0,69207,0,32911424,29251392,3660032,24273792,16252864,16236480
2026-05-13T15:59:41+01:00,server,310922519,7847,1341365,1327337935,6749,0,69208,0,32911424,29253440,3657984,24275840,16252864,16236480
2026-05-13T15:59:42+01:00,server,310924965,7847,1341380,1327340390,6749,0,69209,0,32911424,29251584,3659840,24273984,16252864,16236480
2026-05-13T15:59:43+01:00,server,310927412,7847,1341396,1327342847,6749,0,69209,0,32911424,29252608,3658816,24274944,16252864,16236480
2026-05-13T15:59:44+01:00,server,310929862,7847,1341412,1327345304,6749,0,69209,0,32911424,29253184,3658240,24275520,16252864,16236480
2026-05-13T15:59:45+01:00,server,310932291,7847,1341423,1327347759,6749,0,69209,0,32911424,29248896,3662528,24271232,16252864,16236480
2026-05-13T15:59:46+01:00,server,310934762,7847,1341438,1327350220,6749,0,69209,0,32911424,29248768,3662656,24271040,16252864,16236480
2026-05-13T15:59:47+01:00,server,310937211,7847,1341448,1327352680,6749,0,69209,0,32911424,29248960,3662464,24271232,16252864,16236480
2026-05-13T15:59:48+01:00,server,310939639,7847,1341456,1327355141,6749,0,69209,0,32911424,29249344,3662080,24271616,16252864,16236480
2026-05-13T15:59:49+01:00,server,310942110,7847,1341470,1327357596,6749,0,69211,0,32911424,29248768,3662656,24271040,16252864,16236480
2026-05-13T15:59:50+01:00,server,310944556,7847,1341485,1327360053,6749,0,69211,0,32911424,29249472,3661952,24271744,16252864,16236480
2026-05-13T15:59:51+01:00,server,310947033,7847,1341497,1327362502,6749,0,69212,0,32911424,29248704,3662720,24270976,16252864,16236480
2026-05-13T15:59:52+01:00,server,310949529,7847,1341517,1327364930,6749,0,69213,0,32911424,29249344,3662080,24271552,16252864,16236480
2026-05-13T15:59:53+01:00,server,310951954,7847,1341532,1327367386,6749,0,69213,0,32911424,29248960,3662464,24271168,16252864,16236480
2026-05-13T15:59:54+01:00,server,310954401,7847,1341550,1327369842,6749,0,69213,0,32911424,29251072,3660352,24273280,16252864,16236480
2026-05-13T15:59:55+01:00,server,310956826,7847,1341565,1327372298,6749,0,69214,0,32911424,29250112,3661312,24272320,16252864,16236480
2026-05-13T15:59:56+01:00,server,310959256,7847,1341577,1327374754,6749,0,69214,0,32911424,29248832,3662592,24271040,16252864,16236480
2026-05-13T15:59:57+01:00,server,310961727,7847,1341588,1327377209,6749,0,69216,0,32911424,29251328,3660096,24273536,16252864,16236480
2026-05-13T15:59:58+01:00,server,310964178,7847,1341599,1327379666,6749,0,69216,0,32911424,29251136,3660288,24273344,16252864,16236480
2026-05-13T15:59:59+01:00,server,310966604,7847,1341615,1327382128,6749,0,69216,0,32911424,29252096,3659328,24274304,16252864,16236480
2026-05-13T16:00:00+01:00,server,310969050,7847,1341627,1327384588,6749,0,69216,0,32911424,29251328,3660096,24273536,16252864,16236480
2026-05-13T16:00:01+01:00,server,310971519,7847,1341645,1327387045,6749,0,69216,0,32911424,29250944,3660480,24273152,16252864,16236480
2026-05-13T16:00:02+01:00,server,310973996,7847,1341660,1327389494,6750,0,69217,0,32911424,29236736,3674688,24256512,16252864,16236480
2026-05-13T16:00:03+01:00,server,310976444,7847,1341671,1327391949,6750,0,69218,0,32911424,29242496,3668928,24262080,16252864,16236480
2026-05-13T16:00:04+01:00,server,310978908,7847,1341693,1327394404,6750,0,69220,0,32911424,29244608,3666816,24264192,16252864,16236480
2026-05-13T16:00:05+01:00,server,310981336,7847,1341707,1327396860,6750,0,69220,0,32911424,29244224,3667200,24263808,16252864,16236480
2026-05-13T16:00:06+01:00,server,310983811,7847,1341717,1327399315,6750,0,69221,0,32911424,29244480,3666944,24263808,16252864,16236480
2026-05-13T16:00:07+01:00,server,310986289,7847,1341735,1327401750,6750,0,69222,0,32911424,29242304,3669120,24261056,16252864,16236480
2026-05-13T16:00:08+01:00,server,310988716,7847,1341747,1327404205,6750,0,69224,0,32911424,29242496,3668928,24261248,16252864,16236480
2026-05-13T16:00:09+01:00,server,310991188,7847,1341760,1327406662,6750,0,69225,0,32911424,29238080,3673344,24256832,16252864,16236480
2026-05-13T16:00:10+01:00,server,310993638,7847,1341774,1327409122,6750,0,69225,0,32911424,29239168,3672256,24257984,16252864,16236480
2026-05-13T16:00:11+01:00,server,310996084,7847,1341784,1327411582,6750,0,69225,0,32911424,29242048,3669376,24260864,16252864,16236480
2026-05-13T16:00:12+01:00,server,310998558,7847,1341790,1327414045,6750,0,69225,0,32911424,29240640,3670784,24259520,16252864,16236480
2026-05-13T16:00:13+01:00,server,311001009,7847,1341802,1327416500,6750,0,69225,0,32911424,29241216,3670208,24260032,16252864,16236480
2026-05-13T16:00:14+01:00,server,311003469,7847,1341819,1327418958,6750,0,69226,0,32911424,29235840,3675584,24254656,16252864,16236480
2026-05-13T16:00:15+01:00,server,311005920,7847,1341832,1327421412,6750,0,69226,0,32911424,29237568,3673856,24256320,16252864,16236480
2026-05-13T16:00:16+01:00,server,311008367,7847,1341847,1327423868,6750,0,69227,0,32911424,29236544,3674880,24255296,16252864,16236480
2026-05-13T16:00:17+01:00,server,311010843,7847,1341858,1327426324,6750,0,69227,0,32911424,29235392,3676032,24254144,16252864,16236480
2026-05-13T16:00:18+01:00,server,311013312,7847,1341877,1327428780,6750,0,69227,0,32911424,29233088,3678336,24251840,16252864,16236480
2026-05-13T16:00:19+01:00,server,311015760,7847,1341890,1327431235,6750,0,69228,0,32911424,29234048,3677376,24252800,16252864,16236480
2026-05-13T16:00:21+01:00,server,311018208,7847,1341905,1327433695,6750,0,69228,0,32911424,29232896,3678528,24251648,16252864,16236480
2026-05-13T16:00:22+01:00,server,311020670,7847,1341922,1327436123,6750,0,69228,0,32911424,29234048,3677376,24252800,16252864,16236480
2026-05-13T16:00:23+01:00,server,311023143,7847,1341935,1327438577,6750,0,69228,0,32911424,29233664,3677760,24252416,16252864,16236480
2026-05-13T16:00:24+01:00,server,311025567,7847,1341951,1327441038,6750,0,69228,0,32911424,29232384,3679040,24251136,16252864,16236480
2026-05-13T16:00:25+01:00,server,311028016,7847,1341957,1327443501,6750,0,69228,0,32911424,29234880,3676544,24253632,16252864,16236480
2026-05-13T16:00:26+01:00,server,311030491,7847,1341968,1327445955,6750,0,69228,0,32911424,29236416,3675008,24255168,16252864,16236480
2026-05-13T16:00:27+01:00,server,311032940,7847,1341985,1327448412,6750,0,69228,0,32911424,29236736,3674688,24255488,16252864,16236480
2026-05-13T16:00:28+01:00,server,311035194,7847,1342001,1327450998,6750,0,69228,0,32911424,29164928,3746496,24183680,16252864,16236480
2026-05-13T16:00:29+01:00,server,311037613,7847,1342008,1327453452,6750,0,69230,0,32911424,29165888,3745536,24184640,16252864,16236480
2026-05-13T16:00:30+01:00,server,311040057,7847,1342018,1327455905,6750,0,69230,0,32911424,29163392,3748032,24182144,16252864,16236480
2026-05-13T16:00:31+01:00,server,311042508,7847,1342029,1327458366,6750,0,69230,0,32911424,29161472,3749952,24180224,16252864,16236480
2026-05-13T16:00:32+01:00,server,311044981,7847,1342043,1327460822,6750,0,69230,0,32911424,29163008,3748416,24181760,16252864,16236480
2026-05-13T16:00:33+01:00,server,311047432,7847,1342055,1327463278,6750,0,69230,0,32911424,29160192,3751232,24178880,16252864,16236480
2026-05-13T16:00:34+01:00,server,311049906,7847,1342065,1327465734,6750,0,69231,0,32911424,29160192,3751232,24178880,16252864,16236480
2026-05-13T16:00:35+01:00,server,311052377,7847,1342081,1327468190,6750,0,69231,0,32911424,29162688,3748736,24181376,16252864,16236480
2026-05-13T16:00:36+01:00,server,311054825,7847,1342094,1327470648,6750,0,69231,0,32911424,29160576,3750848,24179264,16252864,16236480
2026-05-13T16:00:37+01:00,server,311057323,7847,1342101,1327473086,6750,0,69231,0,32911424,29162304,3749120,24180800,16252864,16236480
2026-05-13T16:00:38+01:00,server,311059753,7847,1342115,1327475540,6750,0,69231,0,32911424,29159424,3752000,24177920,16252864,16236480
2026-05-13T16:00:39+01:00,server,311062230,7847,1342124,1327477997,6750,0,69232,0,32911424,29159360,3752064,24177856,16252864,16236480
2026-05-13T16:00:40+01:00,server,311064705,7847,1342136,1327480454,6750,0,69233,0,32911424,29158976,3752448,24177472,16252864,16236480
2026-05-13T16:00:41+01:00,server,311067040,7847,1342171,1327482909,6750,0,69233,0,32911424,29157120,3754304,24175616,16252864,16236480
2026-05-13T16:00:42+01:00,server,311069426,7847,1342183,1327485366,6750,0,69233,0,32911424,29158656,3752768,24177152,16252864,16236480
2026-05-13T16:00:43+01:00,server,311071897,7847,1342198,1327487822,6750,0,69233,0,32911424,29161664,3749760,24180160,16252864,16236480
2026-05-13T16:00:44+01:00,server,311074343,7847,1342210,1327490280,6750,0,69234,0,32911424,29161664,3749760,24180160,16252864,16236480
2026-05-13T16:00:45+01:00,server,311076816,7847,1342224,1327492735,6750,0,69234,0,32911424,29158016,3753408,24176512,16252864,16236480
2026-05-13T16:00:46+01:00,server,311079194,7847,1342240,1327495191,6750,0,69235,0,32911424,29158016,3753408,24176512,16252864,16236480
2026-05-13T16:00:47+01:00,server,311081671,7847,1342251,1327497648,6750,0,69235,0,32911424,29160896,3750528,24179392,16252864,16236480
2026-05-13T16:00:48+01:00,server,311084144,7847,1342267,1327500108,6750,0,69235,0,32911424,29159872,3751552,24178368,16252864,16236480
2026-05-13T16:00:49+01:00,server,311086591,7847,1342270,1327502573,6750,0,69236,0,32911424,29159552,3751872,24177984,16252864,16236480
2026-05-13T16:00:50+01:00,server,311089044,7847,1342282,1327505034,6750,0,69236,0,32911424,29157440,3753984,24175872,16252864,16236480
2026-05-13T16:00:51+01:00,server,311091517,7847,1342296,1327507490,6750,0,69236,0,32911424,29156672,3754752,24175104,16252864,16236480
2026-05-13T16:00:52+01:00,server,311093957,7847,1342318,1327509923,6750,0,69236,0,32911424,29158080,3753344,24176448,16252864,16236480
2026-05-13T16:00:53+01:00,server,311096432,7847,1342330,1327512378,6750,0,69236,0,32911424,29157696,3753728,24176064,16252864,16236480
2026-05-13T16:00:54+01:00,server,311098886,7847,1342337,1327514835,6750,0,69236,0,32911424,29160000,3751424,24178368,16252864,16236480
2026-05-13T16:00:55+01:00,server,311101356,7847,1342352,1327517289,6750,0,69237,0,32911424,29159616,3751808,24177984,16252864,16236480
2026-05-13T16:00:56+01:00,server,311103806,7847,1342364,1327519750,6750,0,69238,0,32911424,29163712,3747712,24182080,16252864,16236480
2026-05-13T16:00:57+01:00,server,311106280,7847,1342376,1327522205,6750,0,69239,0,32911424,29162112,3749312,24180480,16252864,16236480
2026-05-13T16:00:58+01:00,server,311108732,7847,1342390,1327524660,6750,0,69239,0,32911424,29160768,3750656,24179136,16252864,16236480
2026-05-13T16:01:00+01:00,server,311111138,7847,1342402,1327527115,6750,0,69239,0,32911424,29164544,3746880,24182912,16252864,16236480
2026-05-13T16:01:01+01:00,server,311113613,7847,1342414,1327529573,6750,0,69239,0,32911424,29163840,3747584,24182016,16252864,16236480
2026-05-13T16:01:02+01:00,server,311116040,7847,1342420,1327532032,6750,0,69239,0,32911424,29158720,3752704,24176832,16252864,16236480
2026-05-13T16:01:03+01:00,server,311118491,7847,1342435,1327534492,6750,0,69239,0,32911424,29159552,3751872,24177216,16252864,16236480
2026-05-13T16:01:04+01:00,server,311120965,7847,1342449,1327536945,6750,0,69239,0,32911424,29159168,3752256,24176832,16252864,16236480
2026-05-13T16:01:05+01:00,server,311123416,7847,1342460,1327539401,6750,0,69239,0,32911424,29161984,3749440,24179648,16252864,16236480
2026-05-13T16:01:06+01:00,server,311125886,7847,1342477,1327541857,6750,0,69239,0,32911424,29161472,3749952,24179136,16252864,16236480
2026-05-13T16:01:07+01:00,server,311128358,7847,1342496,1327544285,6750,0,69239,0,32911424,29163904,3747520,24181504,16252864,16236480
2026-05-13T16:01:08+01:00,server,311130820,7847,1342509,1327546730,6751,0,69239,0,32911424,29154240,3757184,24170752,16252864,16236480
2026-05-13T16:01:09+01:00,server,311133291,7847,1342527,1327549186,6751,0,69239,0,32911424,29166272,3745152,24182272,16252864,16236480
2026-05-13T16:01:10+01:00,server,311135718,7847,1342541,1327551642,6751,0,69239,0,32911424,29164544,3746880,24180544,16252864,16236480
2026-05-13T16:01:11+01:00,server,311138193,7847,1342555,1327554099,6751,0,69239,0,32911424,29168192,3743232,24184192,16252864,16236480
2026-05-13T16:01:12+01:00,server,311140668,7847,1342569,1327556553,6751,0,69239,0,32911424,29164288,3747136,24180288,16252864,16236480
2026-05-13T16:01:13+01:00,server,311143098,7847,1342579,1327559009,6751,0,69239,0,32911424,29164672,3746752,24180672,16252864,16236480
2026-05-13T16:01:14+01:00,server,311145568,7847,1342584,1327561473,6751,0,69240,0,32911424,29164160,3747264,24180096,16252864,16236480
2026-05-13T16:01:15+01:00,server,311148020,7847,1342590,1327563930,6751,0,69241,0,32911424,29167104,3744320,24183040,16252864,16236480
2026-05-13T16:01:16+01:00,server,311150494,7847,1342599,1327566385,6751,0,69242,0,32911424,29168064,3743360,24184000,16252864,16236480
2026-05-13T16:01:17+01:00,server,311152902,7847,1342611,1327568841,6751,0,69243,0,32911424,29167616,3743808,24183552,16252864,16236480
2026-05-13T16:01:18+01:00,server,311155376,7847,1342624,1327571294,6751,0,69243,0,32911424,29169152,3742272,24185088,16252864,16236480
2026-05-13T16:01:19+01:00,server,311157847,7847,1342641,1327573748,6751,0,69243,0,32911424,29169728,3741696,24185664,16252864,16236480
2026-05-13T16:01:20+01:00,server,311160277,7847,1342651,1327576201,6751,0,69244,0,32911424,29169600,3741824,24185536,16252864,16236480
2026-05-13T16:01:21+01:00,server,311162750,7847,1342668,1327578654,6751,0,69244,0,32911424,29170560,3740864,24186496,16252864,16236480
2026-05-13T16:01:22+01:00,server,311165235,7847,1342690,1327581078,6751,0,69246,0,32911424,29170048,3741376,24185984,16252864,16236480
2026-05-13T16:01:23+01:00,server,311167702,7847,1342709,1327583530,6751,0,69248,0,32911424,29171648,3739776,24187520,16252864,16236480
2026-05-13T16:01:24+01:00,server,311170150,7847,1342732,1327585984,6751,0,69248,0,32911424,29167808,3743616,24183680,16252864,16236480
2026-05-13T16:01:25+01:00,server,311172600,7847,1342745,1327588437,6751,0,69248,0,32911424,29170496,3740928,24186368,16252864,16236480
2026-05-13T16:01:26+01:00,server,311175072,7847,1342753,1327590901,6751,0,69249,0,32911424,29168320,3743104,24184192,16252864,16236480
2026-05-13T16:01:27+01:00,server,311177385,7847,1342761,1327593483,6751,0,69249,0,32911424,29105280,3806144,24121152,16252864,16236480
2026-05-13T16:01:28+01:00,server,311179858,7847,1342772,1327595934,6751,0,69249,0,32911424,29107328,3804096,24123200,16252864,16236480
2026-05-13T16:01:29+01:00,server,311182293,7847,1342782,1327598390,6751,0,69249,0,32911424,29108224,3803200,24124096,16252864,16236480
2026-05-13T16:01:30+01:00,server,311184743,7847,1342797,1327600844,6751,0,69249,0,32911424,29108480,3802944,24124352,16252864,16236480
2026-05-13T16:01:31+01:00,server,311187169,7847,1342814,1327603299,6751,0,69249,0,32911424,29107200,3804224,24123072,16252864,16236480
2026-05-13T16:01:32+01:00,server,311189635,7847,1342836,1327605753,6751,0,69249,0,32911424,29109504,3801920,24125376,16252864,16236480
2026-05-13T16:01:33+01:00,server,311192086,7847,1342848,1327608208,6751,0,69250,0,32911424,29108736,3802688,24124608,16252864,16236480
2026-05-13T16:01:34+01:00,server,311194513,7847,1342864,1327610662,6751,0,69250,0,32911424,29108736,3802688,24124608,16252864,16236480
2026-05-13T16:01:35+01:00,server,311196988,7847,1342879,1327613117,6751,0,69250,0,32911424,29109568,3801856,24125376,16252864,16236480
2026-05-13T16:01:36+01:00,server,311199485,7847,1342898,1327615543,6751,0,69251,0,32911424,29111808,3799616,24127616,16252864,16236480
2026-05-13T16:01:37+01:00,server,311201936,7847,1342910,1327617997,6751,0,69252,0,32911424,29109824,3801600,24125632,16252864,16236480
2026-05-13T16:01:38+01:00,server,311204386,7847,1342918,1327620459,6751,0,69252,0,32911424,29107968,3803456,24123776,16252864,16236480
2026-05-13T16:01:40+01:00,server,311206835,7847,1342928,1327622918,6751,0,69252,0,32911424,29110656,3800768,24126464,16252864,16236480
2026-05-13T16:01:41+01:00,server,311209310,7847,1342945,1327625372,6751,0,69252,0,32911424,29110272,3801152,24126080,16252864,16236480
2026-05-13T16:01:42+01:00,server,311211691,7847,1342963,1327627829,6751,0,69253,0,32911424,29106176,3805248,24121920,16252864,16236480
2026-05-13T16:01:43+01:00,server,311214003,7847,1342983,1327630282,6751,0,69253,0,32911424,29108864,3802560,24124608,16252864,16236480
2026-05-13T16:01:44+01:00,server,311216410,7847,1342997,1327632736,6751,0,69253,0,32911424,29107200,3804224,24122944,16252864,16236480
2026-05-13T16:01:45+01:00,server,311218882,7847,1343014,1327635193,6751,0,69253,0,32911424,29107008,3804416,24122752,16252864,16236480
2026-05-13T16:01:46+01:00,server,311221332,7847,1343030,1327637651,6751,0,69253,0,32911424,29107712,3803712,24123456,16252864,16236480
2026-05-13T16:01:47+01:00,server,311223741,7847,1343043,1327640105,6751,0,69253,0,32911424,29108736,3802688,24124480,16252864,16236480
2026-05-13T16:01:48+01:00,server,311226216,7847,1343057,1327642559,6751,0,69253,0,32911424,29106432,3804992,24122176,16252864,16236480
2026-05-13T16:01:49+01:00,server,311228663,7847,1343070,1327645013,6751,0,69253,0,32911424,29108352,3803072,24124096,16252864,16236480
2026-05-13T16:01:50+01:00,server,311231139,7847,1343081,1327647466,6751,0,69254,0,32911424,29106624,3804800,24122368,16252864,16236480
2026-05-13T16:01:51+01:00,server,311233547,7847,1343090,1327649919,6751,0,69254,0,32911424,29105152,3806272,24120896,16252864,16236480
2026-05-13T16:01:52+01:00,server,311236047,7847,1343099,1327652356,6751,0,69255,0,32911424,29105728,3805696,24121472,16252864,16236480
2026-05-13T16:01:53+01:00,server,311238500,7847,1343112,1327654813,6751,0,69256,0,32911424,29104384,3807040,24120128,16252864,16236480
2026-05-13T16:01:54+01:00,server,311240948,7847,1343125,1327657267,6751,0,69257,0,32911424,29104384,3807040,24120128,16252864,16236480
2026-05-13T16:01:55+01:00,server,311243422,7847,1343139,1327659720,6751,0,69257,0,32911424,29104192,3807232,24119936,16252864,16236480
2026-05-13T16:01:56+01:00,server,311245852,7847,1343148,1327662178,6751,0,69257,0,32911424,29104960,3806464,24120704,16252864,16236480
2026-05-13T16:01:57+01:00,server,311248307,7847,1343159,1327664634,6751,0,69257,0,32911424,29105920,3805504,24121664,16252864,16236480
2026-05-13T16:01:58+01:00,server,311250781,7847,1343171,1327667090,6751,0,69258,0,32911424,29105920,3805504,24121664,16252864,16236480
2026-05-13T16:01:59+01:00,server,311253208,7847,1343184,1327669546,6751,0,69258,0,32911424,29103424,3808000,24119168,16252864,16236480
2026-05-13T16:02:00+01:00,server,311255677,7847,1343202,1327672000,6751,0,69258,0,32911424,29105536,3805888,24121280,16252864,16236480
2026-05-13T16:02:01+01:00,server,311258102,7847,1343217,1327674455,6751,0,69258,0,32911424,29104000,3807424,24119744,16252864,16236480
2026-05-13T16:02:02+01:00,server,311260552,7847,1343233,1327676912,6751,0,69258,0,32911424,29099712,3811712,24115456,16252864,16236480
2026-05-13T16:02:03+01:00,server,311263023,7847,1343245,1327679373,6751,0,69258,0,32911424,29100864,3810560,24116608,16252864,16236480
2026-05-13T16:02:04+01:00,server,311265448,7847,1343252,1327681836,6751,0,69258,0,32911424,29107392,3804032,24123136,16252864,16236480
2026-05-13T16:02:05+01:00,server,311267853,7847,1343274,1327684293,6751,0,69259,0,32911424,29103360,3808064,24119104,16252864,16236480
2026-05-13T16:02:06+01:00,server,311270299,7847,1343289,1327686748,6751,0,69259,0,32911424,29101440,3809984,24117184,16252864,16236480
2026-05-13T16:02:07+01:00,server,311272795,7847,1343309,1327689175,6751,0,69260,0,32911424,29103936,3807488,24119680,16252864,16236480
2026-05-13T16:02:08+01:00,server,311275247,7847,1343319,1327691630,6751,0,69260,0,32911424,29103552,3807872,24119296,16252864,16236480
2026-05-13T16:02:09+01:00,server,311277699,7847,1343333,1327694086,6751,0,69260,0,32911424,29105088,3806336,24120832,16252864,16236480
2026-05-13T16:02:10+01:00,server,311280170,7847,1343346,1327696541,6751,0,69260,0,32911424,29101376,3810048,24117120,16252864,16236480
2026-05-13T16:02:11+01:00,server,311282619,7847,1343359,1327698996,6751,0,69261,0,32911424,29099648,3811776,24115328,16252864,16236480
2026-05-13T16:02:12+01:00,server,311285072,7847,1343371,1327701453,6751,0,69261,0,32911424,29101184,3810240,24116864,16252864,16236480
2026-05-13T16:02:13+01:00,server,311287519,7847,1343385,1327703910,6751,0,69261,0,32911424,29099456,3811968,24115136,16252864,16236480
2026-05-13T16:02:14+01:00,server,311289971,7847,1343397,1327706365,6751,0,69261,0,32911424,29102272,3809152,24117888,16252864,16236480
2026-05-13T16:02:15+01:00,server,311292424,7847,1343407,1327708824,6751,0,69261,0,32911424,29102464,3808960,24118080,16252864,16236480
2026-05-13T16:02:16+01:00,server,311294849,7847,1343409,1327711288,6751,0,69262,0,32911424,29104000,3807424,24119616,16252864,16236480
2026-05-13T16:02:17+01:00,server,311297298,7847,1343421,1327713747,6751,0,69264,0,32911424,29102656,3808768,24118272,16252864,16236480
2026-05-13T16:02:19+01:00,server,311299768,7847,1343439,1327716203,6751,0,69264,0,32911424,29101696,3809728,24117312,16252864,16236480
2026-05-13T16:02:20+01:00,server,311302194,7847,1343454,1327718660,6751,0,69264,0,32911424,29102208,3809216,24117824,16252864,16236480
2026-05-13T16:02:21+01:00,server,311304665,7847,1343470,1327721114,6751,0,69264,0,32911424,29102976,3808448,24118592,16252864,16236480
2026-05-13T16:02:22+01:00,server,311307124,7847,1343503,1327723544,6751,0,69264,0,32911424,29104640,3806784,24120256,16252864,16236480
2026-05-13T16:02:23+01:00,server,311309600,7847,1343512,1327725999,6751,0,69265,0,32911424,29105472,3805952,24121088,16252864,16236480
2026-05-13T16:02:24+01:00,server,311312074,7847,1343525,1327728456,6751,0,69265,0,32911424,29105664,3805760,24121280,16252864,16236480
2026-05-13T16:02:25+01:00,server,311314502,7847,1343537,1327730910,6751,0,69266,0,32911424,29106624,3804800,24122240,16252864,16236480
2026-05-13T16:02:26+01:00,server,311316974,7847,1343553,1327733366,6751,0,69266,0,32911424,29106688,3804736,24122304,16252864,16236480
2026-05-13T16:02:27+01:00,server,311319398,7847,1343570,1327735821,6751,0,69266,0,32911424,29105728,3805696,24121344,16252864,16236480
2026-05-13T16:02:28+01:00,server,311321869,7847,1343585,1327738279,6751,0,69266,0,32911424,29099008,3812416,24114624,16252864,16236480
2026-05-13T16:02:29+01:00,server,311324339,7847,1343593,1327740746,6751,0,69266,0,32911424,29101952,3809472,24117568,16252864,16236480
2026-05-13T16:02:30+01:00,server,311326815,7847,1343613,1327743175,6751,0,69266,0,32911424,29103488,3807936,24119104,16252864,16236480
2026-05-13T16:02:31+01:00,server,311329344,7847,1343649,1327745532,6751,0,69267,0,32911424,29090688,3820736,24106240,16252864,16236480
2026-05-13T16:02:32+01:00,server,311331857,7847,1343673,1327747914,6751,0,69269,0,32911424,29092032,3819392,24107584,16252864,16236480
2026-05-13T16:02:33+01:00,server,311334307,7847,1343686,1327750371,6751,0,69269,0,32911424,29092224,3819200,24107776,16252864,16236480
2026-05-13T16:02:34+01:00,server,311336780,7847,1343700,1327752826,6751,0,69269,0,32911424,29089920,3821504,24105472,16252864,16236480
2026-05-13T16:02:35+01:00,server,311339226,7847,1343715,1327755283,6751,0,69269,0,32911424,29090688,3820736,24106240,16252864,16236480
2026-05-13T16:02:36+01:00,server,311341698,7847,1343728,1327757738,6751,0,69270,0,32911424,29089536,3821888,24105088,16252864,16236480
2026-05-13T16:02:37+01:00,server,311344212,7847,1343751,1327760164,6751,0,69270,0,32911424,29093952,3817472,24109504,16252864,16236480
2026-05-13T16:02:38+01:00,server,311346501,7847,1343764,1327762751,6751,0,69271,0,32911424,29018560,3892864,24034112,16252864,16236480
2026-05-13T16:02:39+01:00,server,311348968,7847,1343782,1327765194,6751,0,69271,0,32911424,29015936,3895488,24031488,16252864,16236480
2026-05-13T16:02:40+01:00,server,311351421,7847,1343792,1327767640,6751,0,69271,0,32911424,29024320,3887104,24039872,16252864,16236480
2026-05-13T16:02:41+01:00,server,311353894,7847,1343799,1327770090,6751,0,69272,0,32911424,29027520,3883904,24043072,16252864,16236480
2026-05-13T16:02:42+01:00,server,311356345,7847,1343803,1327772537,6751,0,69272,0,32911424,29027136,3884288,24042688,16252864,16236480
2026-05-13T16:02:43+01:00,server,311358821,7847,1343815,1327774982,6751,0,69272,0,32911424,29027968,3883456,24043456,16252864,16236480
2026-05-13T16:02:44+01:00,server,311361272,7847,1343825,1327777426,6751,0,69272,0,32911424,29027840,3883584,24043328,16252864,16236480
2026-05-13T16:02:45+01:00,server,311363721,7847,1343835,1327779869,6751,0,69273,0,32911424,29028672,3882752,24044160,16252864,16236480
2026-05-13T16:02:46+01:00,server,311366173,7847,1343846,1327782323,6751,0,69273,0,32911424,29030208,3881216,24045696,16252864,16236480
2026-05-13T16:02:47+01:00,server,311368565,7847,1343863,1327784779,6751,0,69274,0,32911424,29032384,3879040,24047872,16252864,16236480
2026-05-13T16:02:48+01:00,server,311371039,7847,1343874,1327787237,6751,0,69275,0,32911424,29033728,3877696,24049216,16252864,16236480
2026-05-13T16:02:49+01:00,server,311373510,7847,1343887,1327789693,6751,0,69276,0,32911424,29036224,3875200,24051712,16252864,16236480
2026-05-13T16:02:50+01:00,server,311375959,7847,1343898,1327792149,6751,0,69276,0,32911424,29037376,3874048,24052864,16252864,16236480
2026-05-13T16:02:51+01:00,server,311378429,7847,1343912,1327794599,6751,0,69278,0,32911424,29033920,3877504,24049408,16252864,16236480
2026-05-13T16:02:52+01:00,server,311380906,7847,1343932,1327797038,6751,0,69278,0,32911424,29032640,3878784,24048064,16252864,16236480
2026-05-13T16:02:53+01:00,server,311383354,7847,1343941,1327799498,6751,0,69278,0,32911424,29033408,3878016,24048832,16252864,16236480
2026-05-13T16:02:54+01:00,server,311385779,7847,1343950,1327801962,6751,0,69279,0,32911424,29039936,3871488,24055360,16252864,16236480
2026-05-13T16:02:55+01:00,server,311388230,7847,1343965,1327804415,6751,0,69279,0,32911424,29034688,3876736,24050112,16252864,16236480
2026-05-13T16:02:56+01:00,server,311390705,7847,1343979,1327806871,6751,0,69279,0,32911424,29033024,3878400,24048448,16252864,16236480
2026-05-13T16:02:57+01:00,server,311393180,7847,1343993,1327809328,6751,0,69279,0,32911424,29029760,3881664,24045184,16252864,16236480
2026-05-13T16:02:59+01:00,server,311395612,7847,1344001,1327811784,6751,0,69281,0,32911424,29028480,3882944,24043904,16252864,16236480
2026-05-13T16:03:00+01:00,server,311398083,7847,1344014,1327814241,6751,0,69282,0,32911424,29028544,3882880,24043968,16252864,16236480
2026-05-13T16:03:01+01:00,server,311400533,7847,1344029,1327816697,6751,0,69282,0,32911424,29029376,3882048,24044800,16252864,16236480
2026-05-13T16:03:02+01:00,server,311402985,7847,1344042,1327819153,6751,0,69283,0,32911424,29029248,3882176,24044608,16252864,16236480
2026-05-13T16:03:03+01:00,server,311405440,7847,1344074,1327821607,6751,0,69283,0,32911424,29028672,3882752,24044032,16252864,16236480
2026-05-13T16:03:04+01:00,server,311407884,7847,1344092,1327824063,6751,0,69283,0,32911424,29029440,3881984,24044800,16252864,16236480
2026-05-13T16:03:05+01:00,server,311410360,7847,1344103,1327826524,6751,0,69283,0,32911424,29031168,3880256,24046528,16252864,16236480
2026-05-13T16:03:06+01:00,server,311412786,7847,1344114,1327828980,6751,0,69284,0,32911424,29028544,3882880,24043904,16252864,16236480
2026-05-13T16:03:07+01:00,server,311415271,7847,1344129,1327831421,6751,0,69284,0,32911424,29027840,3883584,24043200,16252864,16236480
2026-05-13T16:03:08+01:00,server,311417723,7847,1344143,1327833877,6751,0,69284,0,32911424,29025088,3886336,24040448,16252864,16236480
2026-05-13T16:03:09+01:00,server,311420178,7847,1344154,1327836332,6751,0,69284,0,32911424,29025472,3885952,24040832,16252864,16236480
2026-05-13T16:03:10+01:00,server,311422629,7847,1344166,1327838786,6751,0,69284,0,32911424,29026048,3885376,24041408,16252864,16236480
2026-05-13T16:03:11+01:00,server,311425056,7847,1344180,1327841242,6751,0,69284,0,32911424,29026816,3884608,24042176,16252864,16236480
2026-05-13T16:03:12+01:00,server,311427531,7847,1344196,1327843694,6751,0,69284,0,32911424,29028224,3883200,24043584,16252864,16236480
2026-05-13T16:03:13+01:00,server,311429991,7847,1344212,1327846150,6751,0,69285,0,32911424,29025792,3885632,24041088,16252864,16236480
2026-05-13T16:03:14+01:00,server,311432442,7847,1344223,1327848605,6751,0,69285,0,32911424,29028480,3882944,24043776,16252864,16236480
2026-05-13T16:03:15+01:00,server,311434912,7847,1344242,1327851058,6751,0,69286,0,32911424,29028288,3883136,24043584,16252864,16236480
2026-05-13T16:03:16+01:00,server,311437360,7847,1344254,1327853514,6751,0,69286,0,32911424,29030592,3880832,24045888,16252864,16236480
2026-05-13T16:03:17+01:00,server,311439789,7847,1344269,1327855966,6751,0,69286,0,32911424,29029504,3881920,24044736,16252864,16236480
2026-05-13T16:03:18+01:00,server,311442170,7847,1344288,1327858423,6751,0,69286,0,32911424,29027200,3884224,24042368,16252864,16236480
2026-05-13T16:03:19+01:00,server,311444640,7847,1344296,1327860888,6751,0,69286,0,32911424,29030272,3881152,24045440,16252864,16236480
2026-05-13T16:03:20+01:00,server,311447114,7847,1344306,1327863347,6751,0,69286,0,32911424,29028544,3882880,24043712,16252864,16236480
2026-05-13T16:03:21+01:00,server,311449559,7847,1344327,1327865802,6751,0,69286,0,32911424,29028992,3882432,24044160,16252864,16236480
2026-05-13T16:03:22+01:00,server,311452022,7847,1344358,1327868235,6751,0,69286,0,32911424,29027456,3883968,24042496,16252864,16236480
2026-05-13T16:03:23+01:00,server,311454469,7847,1344374,1327870691,6751,0,69286,0,32911424,29027328,3884096,24042368,16252864,16236480
2026-05-13T16:03:24+01:00,server,311456917,7847,1344387,1327873147,6751,0,69286,0,32911424,29026880,3884544,24041920,16252864,16236480
2026-05-13T16:03:25+01:00,server,311459365,7847,1344404,1327875602,6751,0,69287,0,32911424,29028928,3882496,24043968,16252864,16236480
2026-05-13T16:03:26+01:00,server,311461817,7847,1344418,1327878057,6751,0,69287,0,32911424,29027648,3883776,24042688,16252864,16236480
2026-05-13T16:03:27+01:00,server,311464293,7847,1344426,1327880512,6751,0,69288,0,32911424,29026560,3884864,24041664,16252864,16236480
2026-05-13T16:03:28+01:00,server,311466743,7847,1344440,1327882977,6751,0,69288,0,32911424,29023680,3887744,24038784,16252864,16236480
2026-05-13T16:03:29+01:00,server,311469192,7847,1344452,1327885430,6751,0,69290,0,32911424,29028480,3882944,24043520,16252864,16236480
2026-05-13T16:03:30+01:00,server,311471660,7847,1344473,1327887890,6751,0,69290,0,32911424,29027136,3884288,24042176,16252864,16236480
2026-05-13T16:03:31+01:00,server,311474108,7847,1344483,1327890367,6751,0,69290,0,32911424,29028480,3882944,24043520,16252864,16236480
2026-05-13T16:03:32+01:00,server,311476549,7847,1344499,1327892830,6751,0,69290,0,32911424,29031040,3880384,24046080,16252864,16236480
2026-05-13T16:03:33+01:00,server,311479020,7847,1344519,1327895286,6751,0,69290,0,32911424,29030016,3881408,24045056,16252864,16236480
2026-05-13T16:03:34+01:00,server,311481470,7847,1344533,1327897742,6751,0,69290,0,32911424,29031424,3880000,24046464,16252864,16236480
2026-05-13T16:03:35+01:00,server,311483899,7847,1344556,1327900198,6751,0,69290,0,32911424,29031744,3879680,24046784,16252864,16236480
2026-05-13T16:03:36+01:00,server,311486403,7847,1344579,1327902627,6751,0,69292,0,32911424,29032960,3878464,24048000,16252864,16236480
2026-05-13T16:03:38+01:00,server,311488854,7847,1344591,1327905082,6751,0,69292,0,32911424,29032192,3879232,24047232,16252864,16236480
2026-05-13T16:03:39+01:00,server,311491327,7847,1344606,1327907537,6751,0,69292,0,32911424,29030848,3880576,24045888,16252864,16236480
2026-05-13T16:03:40+01:00,server,311493774,7847,1344620,1327909997,6751,0,69293,0,32911424,29031616,3879808,24046656,16252864,16236480
2026-05-13T16:03:41+01:00,server,311496249,7847,1344632,1327912453,6751,0,69294,0,32911424,29031936,3879488,24046976,16252864,16236480
2026-05-13T16:03:42+01:00,server,311498724,7847,1344646,1327914908,6751,0,69295,0,32911424,29031744,3879680,24046784,16252864,16236480
2026-05-13T16:03:43+01:00,server,311501177,7847,1344656,1327917365,6751,0,69295,0,32911424,29031744,3879680,24046784,16252864,16236480
2026-05-13T16:03:44+01:00,server,311503646,7847,1344670,1327919824,6751,0,69296,0,32911424,29029248,3882176,24044288,16252864,16236480
2026-05-13T16:03:45+01:00,server,311506093,7847,1344678,1327922286,6751,0,69297,0,32911424,29032128,3879296,24047168,16252864,16236480
2026-05-13T16:03:46+01:00,server,311508571,7847,1344686,1327924743,6751,0,69297,0,32911424,29031168,3880256,24046208,16252864,16236480
2026-05-13T16:03:47+01:00,server,311510999,7847,1344700,1327927196,6751,0,69298,0,32911424,29031744,3879680,24046784,16252864,16236480
2026-05-13T16:03:48+01:00,server,311513449,7847,1344714,1327929652,6751,0,69299,0,32911424,29031360,3880064,24046400,16252864,16236480
2026-05-13T16:03:49+01:00,server,311515921,7847,1344730,1327932110,6751,0,69299,0,32911424,29032128,3879296,24047168,16252864,16236480
2026-05-13T16:03:50+01:00,server,311518373,7847,1344744,1327934564,6751,0,69300,0,32911424,29030656,3880768,24045696,16252864,16236480
2026-05-13T16:03:51+01:00,server,311520836,7847,1344754,1327937011,6751,0,69300,0,32911424,29032256,3879168,24047296,16252864,16236480
2026-05-13T16:03:52+01:00,server,311523175,7847,1344771,1327939575,6751,0,69302,0,32911424,28960192,3951232,23975232,16252864,16236480
2026-05-13T16:03:53+01:00,server,311525625,7847,1344782,1327942022,6751,0,69302,0,32911424,28952000,3959424,23967040,16252864,16236480
2026-05-13T16:03:54+01:00,server,311528104,7847,1344790,1327944470,6751,0,69302,0,32911424,28953088,3958336,23968128,16252864,16236480
2026-05-13T16:03:55+01:00,server,311530538,7847,1344801,1327946919,6751,0,69302,0,32911424,28952512,3958912,23967552,16252864,16236480
2026-05-13T16:03:56+01:00,server,311533012,7847,1344812,1327949366,6751,0,69302,0,32911424,28947968,3963456,23963008,16252864,16236480
2026-05-13T16:03:57+01:00,server,311535463,7847,1344813,1327951824,6752,0,69302,0,32911424,28952832,3958592,23967872,16252864,16236480
2026-05-13T16:03:58+01:00,server,311537936,7847,1344824,1327954275,6752,0,69302,0,32911424,28951872,3959552,23966912,16252864,16236480
2026-05-13T16:03:59+01:00,server,311540327,7847,1344838,1327956732,6752,0,69302,0,32911424,28948224,3963200,23963264,16252864,16236480
2026-05-13T16:04:00+01:00,server,311542801,7847,1344850,1327959188,6752,0,69302,0,32911424,28945344,3966080,23960384,16252864,16236480
2026-05-13T16:04:01+01:00,server,311545246,7847,1344864,1327961645,6752,0,69303,0,32911424,28945472,3965952,23960512,16252864,16236480
2026-05-13T16:04:02+01:00,server,311547719,7847,1344880,1327964102,6752,0,69303,0,32911424,28946240,3965184,23961280,16252864,16236480
2026-05-13T16:04:03+01:00,server,311550148,7847,1344894,1327966557,6752,0,69304,0,32911424,28942592,3968832,23957632,16252864,16236480
2026-05-13T16:04:04+01:00,server,311552600,7847,1344904,1327969013,6752,0,69304,0,32911424,28945024,3966400,23960000,16252864,16236480
2026-05-13T16:04:05+01:00,server,311555074,7847,1344915,1327971468,6752,0,69304,0,32911424,28947712,3963712,23962688,16252864,16236480
2026-05-13T16:04:06+01:00,server,311557547,7847,1344931,1327973927,6752,0,69304,0,32911424,28947520,3963904,23962496,16252864,16236480
2026-05-13T16:04:07+01:00,server,311560021,7847,1344951,1327976358,6752,0,69304,0,32911424,28947200,3964224,23962112,16252864,16236480
2026-05-13T16:04:08+01:00,server,311562472,7847,1344964,1327978818,6752,0,69306,0,32911424,28947136,3964288,23962048,16252864,16236480
2026-05-13T16:04:09+01:00,server,311564940,7847,1344978,1327981282,6752,0,69306,0,32911424,28947008,3964416,23961920,16252864,16236480
2026-05-13T16:04:10+01:00,server,311567342,7847,1344986,1327983743,6752,0,69307,0,32911424,28947776,3963648,23962688,16252864,16236480
2026-05-13T16:04:11+01:00,server,311569817,7852,1344999,1327986194,6752,0,69307,0,32911424,28946880,3964544,23961792,16252864,16236480
2026-05-13T16:04:12+01:00,server,311572240,7852,1345017,1327988650,6752,0,69307,0,32911424,28941696,3969728,23956608,16252864,16236480
2026-05-13T16:04:13+01:00,server,311574711,7852,1345030,1327991107,6752,0,69308,0,32911424,28942656,3968768,23957568,16252864,16236480
2026-05-13T16:04:14+01:00,server,311577162,7852,1345048,1327993562,6752,0,69308,0,32911424,28941440,3969984,23956352,16252864,16236480
2026-05-13T16:04:15+01:00,server,311579590,7852,1345067,1327996017,6752,0,69309,0,32911424,28941504,3969920,23956416,16252864,16236480
2026-05-13T16:04:16+01:00,server,311582063,7852,1345083,1327998474,6752,0,69309,0,32911424,28944128,3967296,23959040,16252864,16236480
2026-05-13T16:04:18+01:00,server,311584491,7852,1345091,1328000929,6752,0,69310,0,32911424,28941056,3970368,23955968,16252864,16236480
2026-05-13T16:04:19+01:00,server,311586942,7852,1345104,1328003383,6752,0,69310,0,32911424,28941120,3970304,23956032,16252864,16236480
2026-05-13T16:04:20+01:00,server,311589394,7852,1345117,1328005846,6752,0,69310,0,32911424,28940352,3971072,23955264,16252864,16236480
2026-05-13T16:04:21+01:00,server,311591822,7852,1345127,1328008302,6752,0,69310,0,32911424,28940800,3970624,23955712,16252864,16236480
2026-05-13T16:04:22+01:00,server,311594290,7853,1345140,1328010739,6752,0,69311,0,32911424,28940864,3970560,23955712,16252864,16236480
2026-05-13T16:04:23+01:00,server,311596715,7853,1345146,1328013204,6752,0,69311,0,32911424,28939520,3971904,23954368,16252864,16236480
2026-05-13T16:04:24+01:00,server,311599185,7853,1345163,1328015660,6752,0,69312,0,32911424,28939520,3971904,23954368,16252864,16236480
2026-05-13T16:04:25+01:00,server,311601656,7853,1345179,1328018118,6752,0,69312,0,32911424,28938240,3973184,23953088,16252864,16236480
2026-05-13T16:04:26+01:00,server,311604085,7853,1345190,1328020573,6752,0,69312,0,32911424,28939968,3971456,23954816,16252864,16236480
2026-05-13T16:04:27+01:00,server,311606537,7853,1345201,1328023028,6752,0,69312,0,32911424,28935680,3975744,23950528,16252864,16236480
2026-05-13T16:04:28+01:00,server,311609007,7853,1345220,1328025484,6752,0,69312,0,32911424,28935104,3976320,23949952,16252864,16236480
2026-05-13T16:04:29+01:00,server,311611414,7853,1345230,1328027940,6752,0,69313,0,32911424,28937024,3974400,23951872,16252864,16236480
2026-05-13T16:04:30+01:00,server,311613884,7853,1345246,1328030394,6752,0,69315,0,32911424,28933952,3977472,23948800,16252864,16236480
2026-05-13T16:04:31+01:00,server,311616335,7853,1345258,1328032851,6752,0,69316,0,32911424,28934528,3976896,23949376,16252864,16236480
2026-05-13T16:04:32+01:00,server,311618744,7853,1345265,1328035306,6752,0,69317,0,32911424,28934336,3977088,23949184,16252864,16236480
2026-05-13T16:04:33+01:00,server,311621222,7853,1345275,1328037764,6752,0,69317,0,32911424,28933120,3978304,23947904,16252864,16236480
2026-05-13T16:04:34+01:00,server,311623672,7853,1345280,1328040223,6752,0,69318,0,32911424,28934656,3976768,23949440,16252864,16236480
2026-05-13T16:04:35+01:00,server,311626121,7853,1345285,1328042691,6752,0,69319,0,32911424,28933120,3978304,23947904,16252864,16236480
2026-05-13T16:04:36+01:00,server,311628568,7853,1345300,1328045151,6752,0,69320,0,32911424,28931392,3980032,23946176,16252864,16236480
2026-05-13T16:04:37+01:00,server,311631027,7853,1345321,1328047582,6752,0,69320,0,32911424,28932480,3978944,23947264,16252864,16236480
2026-05-13T16:04:38+01:00,server,311633480,7853,1345332,1328050040,6752,0,69321,0,32911424,28931904,3979520,23946688,16252864,16236480
2026-05-13T16:04:39+01:00,server,311635953,7853,1345343,1328052495,6752,0,69323,0,32911424,28929920,3981504,23944704,16252864,16236480
2026-05-13T16:04:40+01:00,server,311638380,7853,1345352,1328054950,6752,0,69325,0,32911424,28932608,3978816,23947392,16252864,16236480
2026-05-13T16:04:41+01:00,server,311640853,7853,1345366,1328057404,6752,0,69325,0,32911424,28934144,3977280,23948928,16252864,16236480
2026-05-13T16:04:42+01:00,server,311643304,7853,1345378,1328059860,6752,0,69326,0,32911424,28927872,3983552,23942656,16252864,16236480
2026-05-13T16:04:43+01:00,server,311645756,7853,1345385,1328062316,6752,0,69328,0,32911424,28931328,3980096,23946048,16252864,16236480
2026-05-13T16:04:44+01:00,server,311648229,7853,1345401,1328064773,6752,0,69328,0,32911424,28933440,3977984,23948160,16252864,16236480
2026-05-13T16:04:45+01:00,server,311650638,7853,1345415,1328067229,6752,0,69328,0,32911424,28934592,3976832,23949312,16252864,16236480
2026-05-13T16:04:46+01:00,server,311653111,7853,1345428,1328069684,6752,0,69328,0,32911424,28932864,3978560,23947584,16252864,16236480
2026-05-13T16:04:47+01:00,server,311655533,7853,1345433,1328072150,6752,0,69329,0,32911424,28930752,3980672,23945472,16252864,16236480
2026-05-13T16:04:48+01:00,server,311657986,7853,1345441,1328074609,6752,0,69330,0,32911424,28931328,3980096,23946048,16252864,16236480
2026-05-13T16:04:49+01:00,server,311660438,7853,1345455,1328077065,6752,0,69331,0,32911424,28934400,3977024,23949120,16252864,16236480
2026-05-13T16:04:50+01:00,server,311662888,7853,1345469,1328079519,6752,0,69331,0,32911424,28935488,3975936,23950208,16252864,16236480
2026-05-13T16:04:51+01:00,server,311665367,7853,1345484,1328081949,6752,0,69331,0,32911424,28934016,3977408,23948736,16252864,16236480
2026-05-13T16:04:52+01:00,server,311667813,7853,1345496,1328084403,6752,0,69333,0,32911424,28934400,3977024,23949120,16252864,16236480
2026-05-13T16:04:53+01:00,server,311670256,7853,1345518,1328086860,6752,0,69334,0,32911424,28934208,3977216,23948928,16252864,16236480
2026-05-13T16:04:54+01:00,server,311672726,7853,1345536,1328089319,6752,0,69334,0,32911424,28936704,3974720,23951424,16252864,16236480
2026-05-13T16:04:55+01:00,server,311675174,7853,1345550,1328091774,6752,0,69334,0,32911424,28938624,3972800,23953344,16252864,16236480
2026-05-13T16:04:57+01:00,server,311677652,7853,1345562,1328094227,6752,0,69334,0,32911424,28936320,3975104,23951040,16252864,16236480
2026-05-13T16:04:58+01:00,server,311680101,7853,1345577,1328096681,6752,0,69334,0,32911424,28939200,3972224,23953920,16252864,16236480
2026-05-13T16:04:59+01:00,server,311682574,7853,1345595,1328099135,6752,0,69334,0,32911424,28937472,3973952,23952192,16252864,16236480
2026-05-13T16:05:00+01:00,server,311684999,7853,1345609,1328101599,6752,0,69334,0,32911424,28940608,3970816,23955328,16252864,16236480
2026-05-13T16:05:01+01:00,server,311687445,7853,1345621,1328104058,6752,0,69335,0,32911424,28941248,3970176,23955904,16252864,16236480
2026-05-13T16:05:02+01:00,server,311689923,7853,1345638,1328106507,6752,0,69337,0,32911424,28934208,3977216,23948800,16252864,16236480
2026-05-13T16:05:03+01:00,server,311692375,7853,1345649,1328108961,6752,0,69337,0,32911424,28928768,3982656,23943424,16252864,16236480
2026-05-13T16:05:04+01:00,server,311694828,7853,1345661,1328111415,6752,0,69337,0,32911424,28929152,3982272,23943808,16252864,16236480
2026-05-13T16:05:05+01:00,server,311697282,7853,1345673,1328113868,6752,0,69337,0,32911424,28928896,3982528,23943552,16252864,16236480
2026-05-13T16:05:06+01:00,server,311699729,7853,1345690,1328116321,6752,0,69337,0,32911424,28928896,3982528,23943552,16252864,16236480
2026-05-13T16:05:07+01:00,server,311702219,7853,1345713,1328118752,6752,0,69337,0,32911424,28929216,3982208,23943808,16252864,16236480
2026-05-13T16:05:08+01:00,server,311704533,7853,1345727,1328121343,6752,0,69337,0,32911424,28847232,4064192,23861824,16252864,16236480
2026-05-13T16:05:09+01:00,server,311706986,7853,1345737,1328123789,6752,0,69337,0,32911424,28845376,4066048,23859904,16252864,16236480
2026-05-13T16:05:10+01:00,server,311709455,7853,1345749,1328126237,6752,0,69337,0,32911424,28842496,4068928,23857024,16252864,16236480
2026-05-13T16:05:11+01:00,server,311711906,7853,1345759,1328128684,6752,0,69337,0,32911424,28841600,4069824,23856128,16252864,16236480
2026-05-13T16:05:12+01:00,server,311714359,7853,1345770,1328131135,6752,0,69337,0,32911424,28841472,4069952,23856000,16252864,16236480
2026-05-13T16:05:13+01:00,server,311716808,7853,1345774,1328133588,6752,0,69337,0,32911424,28842432,4068992,23856960,16252864,16236480
2026-05-13T16:05:14+01:00,server,311719260,7853,1345785,1328136035,6752,0,69337,0,32911424,28841664,4069760,23856192,16252864,16236480
2026-05-13T16:05:15+01:00,server,311721717,7853,1345799,1328138489,6752,0,69338,0,32911424,28843968,4067456,23858496,16252864,16236480
2026-05-13T16:05:16+01:00,server,311724187,7853,1345814,1328140943,6752,0,69339,0,32911424,28843776,4067648,23858304,16252864,16236480
2026-05-13T16:05:17+01:00,server,311726611,7853,1345830,1328143398,6752,0,69340,0,32911424,28842304,4069120,23856832,16252864,16236480
2026-05-13T16:05:18+01:00,server,311729017,7853,1345848,1328145853,6752,0,69340,0,32911424,28837696,4073728,23852224,16252864,16236480
2026-05-13T16:05:19+01:00,server,311731562,7853,1345864,1328148397,6752,0,69340,0,32911424,28839424,4072000,23853952,16252864,16236480
2026-05-13T16:05:20+01:00,server,311734019,7853,1345882,1328150940,6752,0,69341,0,32911424,28841920,4069504,23856448,16252864,16236480
2026-05-13T16:05:21+01:00,server,311736447,7853,1345910,1328153393,6752,0,69342,0,32911424,28840000,4071424,23854528,16252864,16236480
2026-05-13T16:05:22+01:00,server,311738948,7853,1345933,1328155822,6752,0,69342,0,32911424,28840448,4070976,23854976,16252864,16236480
2026-05-13T16:05:23+01:00,server,311741399,7853,1345949,1328158276,6752,0,69342,0,32911424,28840832,4070592,23855360,16252864,16236480
2026-05-13T16:05:24+01:00,server,311743874,7853,1345960,1328160730,6752,0,69343,0,32911424,28844992,4066432,23859520,16252864,16236480
2026-05-13T16:05:25+01:00,server,311746348,7853,1345972,1328163189,6752,0,69343,0,32911424,28843520,4067904,23858048,16252864,16236480
2026-05-13T16:05:26+01:00,server,311748795,7853,1345980,1328165654,6752,0,69343,0,32911424,28841984,4069440,23856512,16252864,16236480
2026-05-13T16:05:27+01:00,server,311751243,7853,1345997,1328168108,6752,0,69344,0,32911424,28841216,4070208,23855744,16252864,16236480
2026-05-13T16:05:28+01:00,server,311753689,7853,1346011,1328170561,6752,0,69345,0,32911424,28844288,4067136,23858816,16252864,16236480
2026-05-13T16:05:29+01:00,server,311756163,7853,1346026,1328173015,6752,0,69345,0,32911424,28846016,4065408,23860544,16252864,16236480
2026-05-13T16:05:30+01:00,server,311758639,7853,1346039,1328175471,6752,0,69345,0,32911424,28847744,4063680,23862272,16252864,16236480
2026-05-13T16:05:31+01:00,server,311761089,7853,1346053,1328177928,6752,0,69345,0,32911424,28846784,4064640,23861312,16252864,16236480
2026-05-13T16:05:33+01:00,server,311763565,7853,1346062,1328180383,6752,0,69345,0,32911424,28845888,4065536,23860416,16252864,16236480
2026-05-13T16:05:34+01:00,server,311765988,7853,1346075,1328182839,6752,0,69347,0,32911424,28847616,4063808,23862144,16252864,16236480
2026-05-13T16:05:35+01:00,server,311768443,7853,1346092,1328185295,6752,0,69347,0,32911424,28847232,4064192,23861760,16252864,16236480
2026-05-13T16:05:36+01:00,server,311770893,7853,1346106,1328187755,6752,0,69347,0,32911424,28842944,4068480,23857472,16252864,16236480
2026-05-13T16:05:37+01:00,server,311773357,7853,1346120,1328190183,6752,0,69348,0,32911424,28846016,4065408,23860544,16252864,16236480
2026-05-13T16:05:38+01:00,server,311775805,7853,1346135,1328192641,6752,0,69348,0,32911424,28842688,4068736,23857152,16252864,16236480
2026-05-13T16:05:39+01:00,server,311778253,7853,1346141,1328195108,6752,0,69349,0,32911424,28840192,4071232,23854656,16252864,16236480
2026-05-13T16:05:40+01:00,server,311780685,7853,1346148,1328197566,6752,0,69349,0,32911424,28837888,4073536,23852352,16252864,16236480
2026-05-13T16:05:41+01:00,server,311783133,7853,1346166,1328200023,6752,0,69349,0,32911424,28838848,4072576,23853312,16252864,16236480
2026-05-13T16:05:42+01:00,server,311785580,7853,1346182,1328202480,6752,0,69349,0,32911424,28838784,4072640,23853248,16252864,16236480
2026-05-13T16:05:43+01:00,server,311788054,7853,1346195,1328204935,6752,0,69349,0,32911424,28839552,4071872,23854016,16252864,16236480
2026-05-13T16:05:44+01:00,server,311790528,7853,1346205,1328207407,6752,0,69350,0,32911424,28840000,4071424,23854464,16252864,16236480
2026-05-13T16:05:45+01:00,server,311793021,7853,1346224,1328209886,6752,0,69350,0,32911424,28839680,4071744,23854144,16252864,16236480
2026-05-13T16:05:46+01:00,server,311795517,7853,1346239,1328212367,6752,0,69350,0,32911424,28838336,4073088,23852800,16252864,16236480
2026-05-13T16:05:47+01:00,server,311797968,7853,1346251,1328214824,6752,0,69350,0,32911424,28839168,4072256,23853568,16252864,16236480
2026-05-13T16:05:48+01:00,server,311800467,7853,1346262,1328217302,6752,0,69351,0,32911424,28839360,4072064,23853760,16252864,16236480
2026-05-13T16:05:49+01:00,server,311802922,7853,1346272,1328219784,6752,0,69352,0,32911424,28838976,4072448,23853376,16252864,16236480
2026-05-13T16:05:50+01:00,server,311805395,7853,1346284,1328222269,6752,0,69352,0,32911424,28838656,4072768,23852992,16252864,16236480
2026-05-13T16:05:51+01:00,server,311807905,7853,1346288,1328224752,6752,0,69352,0,32911424,28840768,4070656,23855104,16252864,16236480
2026-05-13T16:05:52+01:00,server,311810372,7853,1346305,1328227180,6752,0,69352,0,32911424,28842752,4068672,23857024,16252864,16236480
2026-05-13T16:05:53+01:00,server,311812824,7853,1346340,1328229637,6752,0,69352,0,32911424,28840064,4071360,23854336,16252864,16236480
2026-05-13T16:05:54+01:00,server,311815295,7853,1346354,1328232091,6752,0,69352,0,32911424,28839680,4071744,23853952,16252864,16236480
2026-05-13T16:05:55+01:00,server,311817716,7853,1346369,1328234547,6752,0,69354,0,32911424,28841600,4069824,23855872,16252864,16236480
2026-05-13T16:05:56+01:00,server,311820183,7853,1346388,1328237002,6752,0,69355,0,32911424,28840448,4070976,23854720,16252864,16236480
2026-05-13T16:05:57+01:00,server,311822635,7853,1346401,1328239466,6752,0,69355,0,32911424,28842368,4069056,23856640,16252864,16236480
2026-05-13T16:05:58+01:00,server,311825083,7853,1346416,1328241924,6752,0,69355,0,32911424,28842944,4068480,23857216,16252864,16236480
2026-05-13T16:05:59+01:00,server,311827561,7853,1346426,1328244382,6752,0,69355,0,32911424,28847552,4063872,23861824,16252864,16236480
2026-05-13T16:06:00+01:00,server,311830031,7853,1346441,1328246837,6752,0,69356,0,32911424,28842560,4068864,23856832,16252864,16236480
2026-05-13T16:06:01+01:00,server,311832475,7853,1346461,1328249292,6752,0,69356,0,32911424,28837184,4074240,23851328,16252864,16236480
2026-05-13T16:06:02+01:00,server,311834929,7853,1346468,1328251750,6752,0,69357,0,32911424,28839488,4071936,23853632,16252864,16236480
2026-05-13T16:06:03+01:00,server,311837352,7853,1346476,1328254216,6752,0,69357,0,32911424,28841280,4070144,23855360,16252864,16236480
2026-05-13T16:06:04+01:00,server,311839823,7853,1346491,1328256675,6752,0,69358,0,32911424,28841536,4069888,23855552,16252864,16236480
2026-05-13T16:06:05+01:00,server,311842321,7853,1346504,1328259156,6752,0,69359,0,32911424,28840384,4071040,23854400,16252864,16236480
2026-05-13T16:06:06+01:00,server,311844833,7853,1346525,1328261610,6753,0,69359,0,32911424,28840832,4070592,23854848,16252864,16236480
2026-05-13T16:06:07+01:00,server,311847302,7853,1346543,1328264066,6753,0,69359,0,32911424,28842176,4069248,23856192,16252864,16236480
2026-05-13T16:06:09+01:00,server,311849776,7853,1346556,1328266522,6753,0,69360,0,32911424,28843456,4067968,23857472,16252864,16236480
2026-05-13T16:06:10+01:00,server,311852201,7853,1346573,1328268983,6753,0,69360,0,32911424,28843072,4068352,23857088,16252864,16236480
2026-05-13T16:06:11+01:00,server,311854673,7853,1346585,1328271439,6753,0,69361,0,32911424,28840960,4070464,23854976,16252864,16236480
2026-05-13T16:06:12+01:00,server,311857144,7853,1346603,1328273894,6753,0,69362,0,32911424,28841728,4069696,23855744,16252864,16236480
2026-05-13T16:06:13+01:00,server,311859594,7853,1346615,1328276349,6753,0,69362,0,32911424,28840576,4070848,23854592,16252864,16236480
2026-05-13T16:06:14+01:00,server,311862069,7853,1346628,1328278806,6753,0,69362,0,32911424,28838528,4072896,23852480,16252864,16236480
2026-05-13T16:06:15+01:00,server,311864524,7853,1346645,1328281259,6753,0,69362,0,32911424,28840320,4071104,23854272,16252864,16236480
2026-05-13T16:06:16+01:00,server,311866997,7853,1346649,1328283720,6753,0,69363,0,32911424,28841472,4069952,23855424,16252864,16236480
2026-05-13T16:06:17+01:00,server,311869420,7853,1346659,1328286179,6753,0,69365,0,32911424,28843456,4067968,23857408,16252864,16236480
2026-05-13T16:06:18+01:00,server,311871892,7853,1346671,1328288635,6753,0,69367,0,32911424,28842688,4068736,23856640,16252864,16236480
2026-05-13T16:06:19+01:00,server,311874367,7853,1346684,1328291091,6753,0,69367,0,32911424,28844224,4067200,23858176,16252864,16236480
2026-05-13T16:06:20+01:00,server,311876797,7853,1346693,1328293546,6753,0,69367,0,32911424,28843840,4067584,23857792,16252864,16236480
2026-05-13T16:06:21+01:00,server,311879244,7853,1346710,1328296003,6753,0,69367,0,32911424,28843840,4067584,23857792,16252864,16236480
2026-05-13T16:06:22+01:00,server,311881718,7853,1346728,1328298436,6753,0,69367,0,32911424,28845568,4065856,23859520,16252864,16236480
2026-05-13T16:06:23+01:00,server,311884189,7853,1346743,1328300890,6753,0,69368,0,32911424,28843648,4067776,23857600,16252864,16236480
2026-05-13T16:06:24+01:00,server,311886526,7853,1346755,1328303480,6753,0,69369,0,32911424,28768192,4143232,23782144,16252864,16236480
2026-05-13T16:06:25+01:00,server,311888960,7853,1346766,1328305928,6753,0,69369,0,32911424,28764160,4147264,23778112,16252864,16236480
2026-05-13T16:06:26+01:00,server,311891411,7853,1346778,1328308373,6753,0,69369,0,32911424,28766848,4144576,23780800,16252864,16236480
2026-05-13T16:06:27+01:00,server,311893886,7853,1346790,1328310820,6753,0,69369,0,32911424,28764736,4146688,23778688,16252864,16236480
2026-05-13T16:06:28+01:00,server,311896338,7853,1346797,1328313272,6753,0,69369,0,32911424,28765696,4145728,23779648,16252864,16236480
2026-05-13T16:06:29+01:00,server,311898810,7853,1346804,1328315725,6753,0,69369,0,32911424,28764544,4146880,23778496,16252864,16236480
2026-05-13T16:06:30+01:00,server,311901261,7853,1346811,1328318172,6753,0,69369,0,32911424,28766464,4144960,23780352,16252864,16236480
2026-05-13T16:06:31+01:00,server,311903738,7853,1346822,1328320630,6753,0,69369,0,32911424,28768768,4142656,23782656,16252864,16236480
2026-05-13T16:06:32+01:00,server,311906186,7853,1346834,1328323087,6753,0,69369,0,32911424,28767424,4144000,23781312,16252864,16236480
2026-05-13T16:06:33+01:00,server,311908618,7853,1346865,1328325543,6753,0,69370,0,32911424,28767488,4143936,23781376,16252864,16236480
2026-05-13T16:06:34+01:00,server,311911065,7853,1346884,1328328000,6753,0,69370,0,32911424,28769984,4141440,23783872,16252864,16236480
2026-05-13T16:06:35+01:00,server,311913511,7853,1346900,1328330456,6753,0,69371,0,32911424,28769728,4141696,23783616,16252864,16236480
2026-05-13T16:06:36+01:00,server,311915942,7853,1346911,1328332910,6753,0,69371,0,32911424,28771072,4140352,23784960,16252864,16236480
2026-05-13T16:06:37+01:00,server,311918394,7853,1346930,1328335345,6753,0,69371,0,32911424,28770368,4141056,23784192,16252864,16236480
2026-05-13T16:06:38+01:00,server,311920868,7853,1346945,1328337802,6753,0,69371,0,32911424,28766528,4144896,23780352,16252864,16236480
2026-05-13T16:06:39+01:00,server,311923344,7853,1346955,1328340259,6753,0,69371,0,32911424,28758848,4152576,23772672,16252864,16236480
2026-05-13T16:06:40+01:00,server,311925792,7853,1346965,1328342719,6753,0,69371,0,32911424,28766080,4145344,23779904,16252864,16236480
2026-05-13T16:06:41+01:00,server,311928264,7853,1346970,1328345186,6753,0,69371,0,32911424,28762048,4149376,23775872,16252864,16236480
2026-05-13T16:06:42+01:00,server,311930736,7853,1346986,1328347643,6753,0,69371,0,32911424,28760704,4150720,23774528,16252864,16236480
2026-05-13T16:06:43+01:00,server,311933165,7853,1346997,1328350100,6753,0,69371,0,32911424,28760320,4151104,23774144,16252864,16236480
2026-05-13T16:06:44+01:00,server,311935641,7853,1347007,1328352555,6753,0,69371,0,32911424,28759744,4151680,23773568,16252864,16236480
2026-05-13T16:06:45+01:00,server,311938071,7853,1347016,1328355013,6753,0,69371,0,32911424,28760320,4151104,23774144,16252864,16236480
2026-05-13T16:06:46+01:00,server,311940541,7853,1347029,1328357469,6753,0,69373,0,32911424,28760896,4150528,23774720,16252864,16236480
2026-05-13T16:06:47+01:00,server,311943008,7853,1347048,1328359926,6753,0,69373,0,32911424,28760704,4150720,23774528,16252864,16236480
2026-05-13T16:06:49+01:00,server,311945427,7853,1347070,1328362382,6753,0,69373,0,32911424,28762240,4149184,23776064,16252864,16236480
2026-05-13T16:06:50+01:00,server,311947900,7853,1347085,1328364838,6753,0,69374,0,32911424,28762432,4148992,23776256,16252864,16236480
2026-05-13T16:06:51+01:00,server,311950352,7853,1347097,1328367294,6753,0,69374,0,32911424,28759360,4152064,23773184,16252864,16236480
2026-05-13T16:06:52+01:00,server,311952820,7853,1347141,1328369732,6753,0,69374,0,32911424,28763008,4148416,23776832,16252864,16236480
2026-05-13T16:06:53+01:00,server,311955267,7853,1347155,1328372192,6753,0,69374,0,32911424,28763008,4148416,23776832,16252864,16236480
2026-05-13T16:06:54+01:00,server,311957714,7853,1347160,1328374658,6753,0,69374,0,32911424,28761088,4150336,23774912,16252864,16236480
2026-05-13T16:06:55+01:00,server,311960187,7853,1347173,1328377115,6753,0,69375,0,32911424,28761280,4150144,23775104,16252864,16236480
2026-05-13T16:06:56+01:00,server,311962613,7853,1347188,1328379571,6753,0,69375,0,32911424,28760704,4150720,23774528,16252864,16236480
2026-05-13T16:06:57+01:00,server,311965063,7853,1347204,1328382026,6753,0,69375,0,32911424,28762048,4149376,23775872,16252864,16236480
2026-05-13T16:06:58+01:00,server,311967535,7853,1347221,1328384482,6753,0,69375,0,32911424,28763584,4147840,23777408,16252864,16236480
2026-05-13T16:06:59+01:00,server,311969941,7853,1347234,1328386936,6753,0,69375,0,32911424,28765696,4145728,23779520,16252864,16236480
2026-05-13T16:07:00+01:00,server,311972419,7853,1347245,1328389392,6753,0,69375,0,32911424,28766080,4145344,23779904,16252864,16236480
2026-05-13T16:07:01+01:00,server,311974847,7853,1347258,1328391848,6753,0,69375,0,32911424,28765568,4145856,23779328,16252864,16236480
2026-05-13T16:07:02+01:00,server,311977295,7853,1347272,1328394302,6753,0,69376,0,32911424,28765824,4145600,23779584,16252864,16236480
2026-05-13T16:07:03+01:00,server,311979768,7853,1347286,1328396758,6753,0,69376,0,32911424,28765824,4145600,23779584,16252864,16236480
2026-05-13T16:07:04+01:00,server,311982216,7853,1347302,1328399214,6753,0,69376,0,32911424,28768320,4143104,23782080,16252864,16236480
2026-05-13T16:07:05+01:00,server,311984647,7853,1347310,1328401674,6753,0,69376,0,32911424,28767680,4143744,23781440,16252864,16236480
2026-05-13T16:07:06+01:00,server,311987091,7853,1347321,1328404142,6753,0,69376,0,32911424,28765376,4146048,23779136,16252864,16236480
2026-05-13T16:07:07+01:00,server,311989560,7853,1347353,1328406573,6753,0,69376,0,32911424,28766016,4145408,23779776,16252864,16236480
2026-05-13T16:07:08+01:00,server,311992033,7853,1347366,1328409029,6753,0,69376,0,32911424,28766208,4145216,23779968,16252864,16236480
2026-05-13T16:07:09+01:00,server,311994485,7853,1347380,1328411484,6753,0,69376,0,32911424,28767104,4144320,23780864,16252864,16236480
2026-05-13T16:07:10+01:00,server,311996931,7853,1347396,1328413939,6753,0,69376,0,32911424,28769024,4142400,23782784,16252864,16236480
2026-05-13T16:07:11+01:00,server,311999401,7853,1347415,1328416391,6753,0,69376,0,32911424,28766720,4144704,23780416,16252864,16236480
2026-05-13T16:07:12+01:00,server,312001828,7853,1347427,1328418848,6753,0,69377,0,32911424,28770560,4140864,23784256,16252864,16236480
2026-05-13T16:07:13+01:00,server,312004304,7853,1347441,1328421303,6753,0,69377,0,32911424,28769216,4142208,23782912,16252864,16236480
2026-05-13T16:07:14+01:00,server,312006777,7853,1347455,1328423759,6753,0,69377,0,32911424,28769408,4142016,23783104,16252864,16236480
2026-05-13T16:07:15+01:00,server,312009228,7853,1347464,1328426216,6753,0,69378,0,32911424,28770368,4141056,23784064,16252864,16236480
2026-05-13T16:07:16+01:00,server,312011681,7853,1347475,1328428671,6753,0,69378,0,32911424,28773056,4138368,23786752,16252864,16236480
2026-05-13T16:07:17+01:00,server,312014130,7853,1347489,1328431127,6753,0,69378,0,32911424,28773056,4138368,23786752,16252864,16236480
2026-05-13T16:07:18+01:00,server,312016605,7853,1347493,1328433591,6753,0,69379,0,32911424,28770688,4140736,23784384,16252864,16236480
2026-05-13T16:07:19+01:00,server,312019151,7853,1347505,1328436127,6753,0,69379,0,32911424,28764544,4146880,23778240,16252864,16236480
2026-05-13T16:07:20+01:00,server,312021600,7853,1347516,1328438583,6753,0,69380,0,32911424,28768960,4142464,23782528,16252864,16236480
2026-05-13T16:07:21+01:00,server,312024101,7853,1347533,1328441013,6753,0,69380,0,32911424,28769536,4141888,23783104,16252864,16236480
2026-05-13T16:07:22+01:00,server,312026550,7853,1347548,1328443468,6753,0,69380,0,32911424,28767808,4143616,23781376,16252864,16236480
2026-05-13T16:07:23+01:00,server,312029045,7853,1347564,1328445990,6753,0,69380,0,32911424,28769536,4141888,23783104,16252864,16236480
2026-05-13T16:07:25+01:00,server,312031663,7853,1347579,1328448611,6753,0,69380,0,32911424,28769856,4141568,23783424,16252864,16236480
2026-05-13T16:07:26+01:00,server,312034355,7853,1347595,1328451343,6753,0,69380,0,32911424,28772160,4139264,23785728,16252864,16236480
2026-05-13T16:07:27+01:00,server,312036991,7853,1347602,1328454021,6753,0,69380,0,32911424,28770880,4140544,23784448,16252864,16236480
2026-05-13T16:07:28+01:00,server,312039566,7853,1347618,1328456734,6753,0,69381,0,32911424,28773248,4138176,23786752,16252864,16236480
2026-05-13T16:07:29+01:00,server,312042116,7853,1347635,1328459311,6753,0,69381,0,32911424,28772928,4138496,23786432,16252864,16236480
2026-05-13T16:07:30+01:00,server,312044632,7853,1347664,1328461768,6753,0,69381,0,32911424,28770368,4141056,23783872,16252864,16236480
2026-05-13T16:07:31+01:00,server,312047213,7853,1347695,1328464154,6753,0,69381,0,32911424,28763840,4147584,23777344,16252864,16236480
2026-05-13T16:07:32+01:00,server,312049761,7853,1347715,1328466574,6753,0,69384,0,32911424,28758080,4153344,23771584,16252864,16236480
2026-05-13T16:07:33+01:00,server,312052231,7853,1347732,1328469052,6753,0,69384,0,32911424,28754624,4156800,23768128,16252864,16236480
2026-05-13T16:07:34+01:00,server,312054543,7853,1347744,1328471676,6753,0,69385,0,32911424,28684160,4227264,23697664,16252864,16236480
2026-05-13T16:07:35+01:00,server,312057018,7853,1347753,1328474133,6753,0,69386,0,32911424,28690048,4221376,23703552,16252864,16236480
2026-05-13T16:07:36+01:00,server,312059492,7853,1347766,1328476577,6753,0,69386,0,32911424,28692736,4218688,23706240,16252864,16236480
2026-05-13T16:07:37+01:00,server,312061956,7853,1347797,1328478994,6753,0,69386,0,32911424,28695616,4215808,23709056,16252864,16236480
2026-05-13T16:07:38+01:00,server,312064428,7853,1347801,1328481467,6753,0,69386,0,32911424,28691776,4219648,23705216,16252864,16236480
2026-05-13T16:07:39+01:00,server,312066929,7853,1347806,1328483945,6753,0,69386,0,32911424,28694592,4216832,23708032,16252864,16236480
2026-05-13T16:07:40+01:00,server,312069428,7853,1347817,1328486421,6753,0,69386,0,32911424,28697280,4214144,23710720,16252864,16236480
2026-05-13T16:07:41+01:00,server,312071925,7853,1347828,1328488907,6753,0,69387,0,32911424,28697472,4213952,23710912,16252864,16236480
2026-05-13T16:07:42+01:00,server,312074392,7853,1347838,1328491370,6753,0,69387,0,32911424,28698944,4212480,23712384,16252864,16236480
2026-05-13T16:07:44+01:00,server,312076890,7853,1347851,1328493838,6753,0,69387,0,32911424,28699840,4211584,23713280,16252864,16236480
2026-05-13T16:07:45+01:00,server,312079388,7853,1347861,1328496330,6753,0,69388,0,32911424,28699904,4211520,23713344,16252864,16236480
2026-05-13T16:07:46+01:00,server,312081885,7853,1347873,1328498807,6753,0,69388,0,32911424,28700864,4210560,23714304,16252864,16236480
2026-05-13T16:07:47+01:00,server,312084382,7853,1347887,1328501285,6753,0,69388,0,32911424,28700288,4211136,23713728,16252864,16236480
2026-05-13T16:07:48+01:00,server,312086877,7853,1347896,1328503778,6753,0,69390,0,32911424,28698368,4213056,23711808,16252864,16236480
2026-05-13T16:07:49+01:00,server,312089349,7853,1347911,1328506264,6753,0,69392,0,32911424,28695104,4216320,23708544,16252864,16236480
2026-05-13T16:07:50+01:00,server,312091821,7853,1347922,1328508735,6753,0,69393,0,32911424,28704000,4207424,23717440,16252864,16236480
2026-05-13T16:07:51+01:00,server,312094322,7853,1347925,1328511220,6753,0,69393,0,32911424,28704128,4207296,23717568,16252864,16236480
2026-05-13T16:07:52+01:00,server,312096836,7853,1347942,1328513680,6753,0,69394,0,32911424,28708352,4203072,23721792,16252864,16236480
2026-05-13T16:07:53+01:00,server,312099307,7853,1347958,1328516185,6753,0,69395,0,32911424,28706816,4204608,23720256,16252864,16236480
2026-05-13T16:07:54+01:00,server,312101830,7853,1347971,1328518682,6753,0,69395,0,32911424,28708352,4203072,23721792,16252864,16236480
2026-05-13T16:07:55+01:00,server,312104292,7853,1347982,1328521158,6753,0,69395,0,32911424,28707392,4204032,23720832,16252864,16236480
2026-05-13T16:07:56+01:00,server,312106767,7853,1347997,1328523638,6753,0,69395,0,32911424,28708928,4202496,23722368,16252864,16236480
2026-05-13T16:07:57+01:00,server,312109263,7853,1348015,1328526128,6753,0,69395,0,32911424,28706432,4204992,23719872,16252864,16236480
2026-05-13T16:07:58+01:00,server,312111737,7853,1348029,1328528622,6753,0,69395,0,32911424,28710464,4200960,23723904,16252864,16236480
2026-05-13T16:07:59+01:00,server,312114235,7853,1348048,1328531134,6753,0,69395,0,32911424,28710080,4201344,23723520,16252864,16236480
2026-05-13T16:08:00+01:00,server,312116732,7853,1348062,1328533623,6753,0,69395,0,32911424,28711872,4199552,23725248,16252864,16236480
2026-05-13T16:08:01+01:00,server,312119202,7853,1348079,1328536086,6753,0,69396,0,32911424,28711104,4200320,23724480,16252864,16236480
2026-05-13T16:08:02+01:00,server,312121630,7853,1348088,1328538545,6753,0,69396,0,32911424,28711488,4199936,23724864,16252864,16236480
2026-05-13T16:08:03+01:00,server,312124078,7853,1348095,1328541010,6753,0,69396,0,32911424,28709184,4202240,23722560,16252864,16236480
2026-05-13T16:08:04+01:00,server,312126513,7853,1348108,1328543487,6753,0,69398,0,32911424,28710336,4201088,23723712,16252864,16236480
2026-05-13T16:08:05+01:00,server,312129009,7853,1348121,1328545968,6753,0,69398,0,32911424,28710592,4200832,23723968,16252864,16236480
2026-05-13T16:08:06+01:00,server,312131497,7853,1348134,1328548428,6753,0,69398,0,32911424,28707136,4204288,23720512,16252864,16236480
2026-05-13T16:08:07+01:00,server,312133979,7853,1348164,1328550874,6753,0,69399,0,32911424,28712000,4199424,23725376,16252864,16236480
2026-05-13T16:08:08+01:00,server,312136457,7853,1348173,1328553353,6753,0,69399,0,32911424,28712576,4198848,23725952,16252864,16236480
2026-05-13T16:08:09+01:00,server,312138931,7853,1348191,1328555846,6753,0,69400,0,32911424,28712960,4198464,23726336,16252864,16236480
2026-05-13T16:08:10+01:00,server,312141402,7853,1348203,1328558317,6753,0,69402,0,32911424,28712192,4199232,23725568,16252864,16236480
2026-05-13T16:08:12+01:00,server,312143876,7853,1348214,1328560800,6753,0,69402,0,32911424,28715456,4195968,23728832,16252864,16236480
2026-05-13T16:08:13+01:00,server,312146352,7853,1348226,1328563300,6753,0,69403,0,32911424,28715712,4195712,23729088,16252864,16236480
2026-05-13T16:08:14+01:00,server,312148849,7853,1348241,1328565790,6753,0,69403,0,32911424,28714752,4196672,23728128,16252864,16236480
2026-05-13T16:08:15+01:00,server,312151346,7853,1348247,1328568296,6753,0,69403,0,32911424,28710336,4201088,23723712,16252864,16236480
2026-05-13T16:08:16+01:00,server,312153819,7853,1348258,1328570791,6753,0,69404,0,32911424,28710528,4200896,23723904,16252864,16236480
2026-05-13T16:08:17+01:00,server,312156271,7853,1348272,1328573257,6753,0,69404,0,32911424,28710528,4200896,23723904,16252864,16236480
2026-05-13T16:08:18+01:00,server,312158746,7853,1348281,1328575714,6753,0,69405,0,32911424,28712064,4199360,23725440,16252864,16236480
2026-05-13T16:08:19+01:00,server,312161222,7853,1348291,1328578189,6753,0,69406,0,32911424,28712512,4198912,23725888,16252864,16236480
2026-05-13T16:08:20+01:00,server,312163697,7853,1348305,1328580680,6753,0,69406,0,32911424,28716032,4195392,23729344,16252864,16236480
2026-05-13T16:08:21+01:00,server,312166122,7853,1348322,1328583148,6753,0,69406,0,32911424,28715008,4196416,23728320,16252864,16236480
2026-05-13T16:08:22+01:00,server,312168631,7853,1348339,1328585599,6753,0,69406,0,32911424,28714624,4196800,23727808,16252864,16236480
2026-05-13T16:08:23+01:00,server,312171082,7853,1348355,1328588087,6753,0,69406,0,32911424,28716544,4194880,23729728,16252864,16236480
2026-05-13T16:08:24+01:00,server,312173580,7853,1348365,1328590579,6753,0,69406,0,32911424,28712704,4198720,23725888,16252864,16236480
2026-05-13T16:08:25+01:00,server,312176079,7853,1348395,1328593088,6753,0,69406,0,32911424,28713408,4198016,23726592,16252864,16236480
2026-05-13T16:08:26+01:00,server,312178572,7853,1348402,1328595587,6753,0,69408,0,32911424,28712448,4198976,23725632,16252864,16236480
2026-05-13T16:08:27+01:00,server,312181044,7853,1348413,1328598079,6753,0,69410,0,32911424,28710720,4200704,23723904,16252864,16236480
2026-05-13T16:08:28+01:00,server,312183540,7853,1348426,1328600563,6753,0,69410,0,32911424,28712064,4199360,23725248,16252864,16236480
2026-05-13T16:08:29+01:00,server,312185965,7853,1348442,1328603026,6753,0,69411,0,32911424,28712192,4199232,23725376,16252864,16236480
2026-05-13T16:08:30+01:00,server,312188417,7853,1348456,1328605478,6753,0,69412,0,32911424,28714176,4197248,23727360,16252864,16236480
2026-05-13T16:08:31+01:00,server,312190890,7853,1348470,1328607939,6753,0,69412,0,32911424,28711488,4199936,23724672,16252864,16236480
2026-05-13T16:08:32+01:00,server,312193389,7853,1348482,1328610420,6753,0,69413,0,32911424,28711232,4200192,23724416,16252864,16236480
2026-05-13T16:08:33+01:00,server,312195883,7853,1348501,1328612899,6753,0,69414,0,32911424,28705664,4205760,23718848,16252864,16236480
2026-05-13T16:08:34+01:00,server,312198308,7853,1348516,1328615357,6753,0,69415,0,32911424,28708480,4202944,23721664,16252864,16236480
2026-05-13T16:08:35+01:00,server,312200675,7853,1348549,1328617832,6753,0,69415,0,32911424,28705600,4205824,23718784,16252864,16236480
2026-05-13T16:08:36+01:00,server,312203212,7853,1348562,1328620294,6753,0,69416,0,32911424,28704064,4207360,23717248,16252864,16236480
2026-05-13T16:08:37+01:00,server,312205704,7853,1348576,1328622790,6753,0,69416,0,32911424,28705792,4205632,23718976,16252864,16236480
2026-05-13T16:08:38+01:00,server,312208200,7853,1348593,1328625274,6753,0,69416,0,32911424,28707200,4204224,23720384,16252864,16236480
2026-05-13T16:08:39+01:00,server,312210652,7853,1348607,1328627736,6753,0,69417,0,32911424,28705728,4205696,23718912,16252864,16236480
2026-05-13T16:08:41+01:00,server,312213128,7853,1348623,1328630216,6753,0,69417,0,32911424,28703424,4208000,23716608,16252864,16236480
2026-05-13T16:08:42+01:00,server,312215651,7853,1348635,1328632713,6753,0,69418,0,32911424,28705216,4206208,23718400,16252864,16236480
2026-05-13T16:08:43+01:00,server,312218125,7853,1348648,1328635187,6753,0,69420,0,32911424,28707136,4204288,23720320,16252864,16236480
2026-05-13T16:08:44+01:00,server,312220576,7853,1348663,1328637644,6753,0,69420,0,32911424,28704832,4206592,23718016,16252864,16236480
2026-05-13T16:08:45+01:00,server,312223050,7853,1348680,1328640099,6753,0,69421,0,32911424,28703104,4208320,23716288,16252864,16236480
2026-05-13T16:08:46+01:00,server,312225360,7853,1348716,1328642715,6753,0,69421,0,32911424,28600384,4311040,23613504,16252864,16236480
2026-05-13T16:08:47+01:00,server,312227881,7853,1348727,1328645207,6753,0,69423,0,32911424,28589632,4321792,23602752,16252864,16236480
2026-05-13T16:08:48+01:00,server,312230357,7853,1348734,1328647685,6753,0,69423,0,32911424,28588864,4322560,23601984,16252864,16236480
2026-05-13T16:08:49+01:00,server,312232817,7853,1348740,1328650144,6753,0,69423,0,32911424,28589824,4321600,23602944,16252864,16236480
2026-05-13T16:08:50+01:00,server,312235293,7853,1348751,1328652607,6753,0,69423,0,32911424,28588864,4322560,23601984,16252864,16236480
2026-05-13T16:08:51+01:00,server,312237794,7853,1348764,1328655088,6754,0,69424,0,32911424,28589248,4322176,23602368,16252864,16236480
2026-05-13T16:08:52+01:00,server,312240288,7853,1348780,1328657523,6754,0,69424,0,32911424,28588864,4322560,23601984,16252864,16236480
2026-05-13T16:08:53+01:00,server,312242787,7853,1348791,1328659989,6754,0,69427,0,32911424,28589376,4322048,23602496,16252864,16236480
2026-05-13T16:08:54+01:00,server,312245286,7853,1348803,1328662473,6754,0,69427,0,32911424,28590720,4320704,23603840,16252864,16236480
2026-05-13T16:08:55+01:00,server,312247785,7853,1348814,1328664942,6754,0,69427,0,32911424,28591168,4320256,23604288,16252864,16236480
2026-05-13T16:08:56+01:00,server,312250236,7853,1348825,1328667391,6754,0,69428,0,32911424,28593600,4317824,23606720,16252864,16236480
2026-05-13T16:08:57+01:00,server,312252713,7853,1348835,1328669838,6754,0,69428,0,32911424,28594752,4316672,23607872,16252864,16236480
2026-05-13T16:08:58+01:00,server,312255190,7853,1348841,1328672298,6754,0,69428,0,32911424,28590784,4320640,23603840,16252864,16236480
2026-05-13T16:08:59+01:00,server,312257666,7853,1348851,1328674756,6754,0,69429,0,32911424,28591360,4320064,23604416,16252864,16236480
2026-05-13T16:09:00+01:00,server,312260141,7853,1348864,1328677223,6754,0,69429,0,32911424,28588928,4322496,23601984,16252864,16236480
2026-05-13T16:09:01+01:00,server,312262639,7853,1348867,1328679704,6754,0,69429,0,32911424,28591360,4320064,23604416,16252864,16236480
2026-05-13T16:09:02+01:00,server,312265106,7853,1348878,1328682153,6754,0,69430,0,32911424,28591424,4320000,23604480,16252864,16236480
2026-05-13T16:09:03+01:00,server,312267583,7853,1348889,1328684620,6754,0,69430,0,32911424,28590336,4321088,23603392,16252864,16236480
2026-05-13T16:09:04+01:00,server,312270083,7853,1348898,1328687101,6754,0,69430,0,32911424,28592256,4319168,23605312,16252864,16236480
2026-05-13T16:09:05+01:00,server,312272582,7853,1348906,1328689583,6754,0,69431,0,32911424,28592064,4319360,23605120,16252864,16236480
2026-05-13T16:09:06+01:00,server,312275149,7853,1348933,1328692047,6754,0,69431,0,32911424,28592640,4318784,23605696,16252864,16236480
2026-05-13T16:09:07+01:00,server,312277646,7853,1348946,1328694528,6754,0,69431,0,32911424,28591360,4320064,23604352,16252864,16236480
2026-05-13T16:09:08+01:00,server,312280145,7853,1348956,1328697017,6754,0,69431,0,32911424,28592832,4318592,23605824,16252864,16236480
2026-05-13T16:09:10+01:00,server,312282629,7853,1348967,1328699508,6754,0,69431,0,32911424,28592832,4318592,23605824,16252864,16236480
2026-05-13T16:09:11+01:00,server,312285127,7857,1348976,1328701980,6754,0,69431,0,32911424,28592832,4318592,23605824,16252864,16236480
2026-05-13T16:09:12+01:00,server,312287602,7857,1348988,1328704428,6754,0,69431,0,32911424,28589376,4322048,23602368,16252864,16236480
2026-05-13T16:09:13+01:00,server,312290069,7857,1348994,1328706901,6754,0,69431,0,32911424,28594688,4316736,23607680,16252864,16236480
2026-05-13T16:09:14+01:00,server,312292566,7857,1349001,1328709387,6754,0,69432,0,32911424,28592192,4319232,23605184,16252864,16236480
2026-05-13T16:09:15+01:00,server,312295036,7857,1349014,1328711844,6754,0,69433,0,32911424,28591168,4320256,23604160,16252864,16236480
2026-05-13T16:09:16+01:00,server,312297512,7857,1349025,1328714303,6754,0,69433,0,32911424,28590912,4320512,23603968,16252864,16236480
2026-05-13T16:09:17+01:00,server,312299961,7857,1349040,1328716778,6754,0,69433,0,32911424,28592128,4319296,23605184,16252864,16236480
2026-05-13T16:09:18+01:00,server,312302419,7857,1349081,1328719272,6754,0,69433,0,32911424,28592832,4318592,23605888,16252864,16236480
2026-05-13T16:09:19+01:00,server,312304869,7857,1349097,1328721740,6754,0,69433,0,32911424,28591744,4319680,23604800,16252864,16236480
2026-05-13T16:09:20+01:00,server,312307344,7857,1349107,1328724205,6754,0,69434,0,32911424,28593280,4318144,23606336,16252864,16236480
2026-05-13T16:09:21+01:00,server,312309816,7857,1349120,1328726674,6754,0,69435,0,32911424,28593792,4317632,23606784,16252864,16236480
2026-05-13T16:09:22+01:00,server,312312331,7858,1349142,1328729116,6754,0,69435,0,32911424,28596416,4315008,23609344,16252864,16236480
2026-05-13T16:09:23+01:00,server,312314780,7858,1349156,1328731572,6754,0,69435,0,32911424,28591616,4319808,23604544,16252864,16236480
2026-05-13T16:09:24+01:00,server,312317253,7858,1349162,1328734047,6754,0,69435,0,32911424,28592896,4318528,23605824,16252864,16236480
2026-05-13T16:09:25+01:00,server,312319726,7858,1349170,1328736516,6754,0,69435,0,32911424,28590016,4321408,23602944,16252864,16236480
2026-05-13T16:09:26+01:00,server,312322199,7858,1349184,1328738998,6754,0,69435,0,32911424,28587712,4323712,23600640,16252864,16236480
2026-05-13T16:09:27+01:00,server,312324685,7858,1349199,1328741485,6754,0,69436,0,32911424,28585600,4325824,23598528,16252864,16236480
2026-05-13T16:09:28+01:00,server,312327159,7858,1349211,1328743946,6754,0,69436,0,32911424,28582912,4328512,23595840,16252864,16236480
2026-05-13T16:09:29+01:00,server,312329609,7858,1349220,1328746402,6754,0,69436,0,32911424,28586176,4325248,23599104,16252864,16236480
2026-05-13T16:09:30+01:00,server,312332107,7858,1349234,1328748878,6754,0,69436,0,32911424,28585600,4325824,23598528,16252864,16236480
2026-05-13T16:09:31+01:00,server,312334578,7858,1349247,1328751347,6754,0,69438,0,32911424,28581568,4329856,23594496,16252864,16236480
2026-05-13T16:09:32+01:00,server,312337052,7858,1349259,1328753804,6754,0,69439,0,32911424,28585536,4325888,23598464,16252864,16236480
2026-05-13T16:09:33+01:00,server,312339480,7858,1349270,1328756266,6754,0,69440,0,32911424,28584640,4326784,23597568,16252864,16236480
2026-05-13T16:09:34+01:00,server,312341972,7858,1349283,1328758747,6754,0,69440,0,32911424,28584832,4326592,23597760,16252864,16236480
2026-05-13T16:09:35+01:00,server,312344490,7858,1349288,1328761267,6754,0,69440,0,32911424,28585792,4325632,23598720,16252864,16236480
2026-05-13T16:09:36+01:00,server,312346986,7858,1349300,1328763735,6754,0,69440,0,32911424,28587328,4324096,23600256,16252864,16236480
2026-05-13T16:09:37+01:00,server,312349480,7858,1349319,1328766217,6754,0,69441,0,32911424,28587968,4323456,23600832,16252864,16236480
2026-05-13T16:09:38+01:00,server,312351931,7858,1349332,1328768695,6754,0,69442,0,32911424,28585088,4326336,23597952,16252864,16236480
2026-05-13T16:09:39+01:00,server,312354383,7858,1349347,1328771151,6754,0,69442,0,32911424,28585856,4325568,23598720,16252864,16236480
2026-05-13T16:09:41+01:00,server,312356857,7858,1349359,1328773635,6754,0,69442,0,32911424,28585664,4325760,23598528,16252864,16236480
2026-05-13T16:09:42+01:00,server,312359349,7858,1349376,1328776128,6754,0,69443,0,32911424,28587200,4324224,23600064,16252864,16236480
2026-05-13T16:09:43+01:00,server,312361845,7858,1349389,1328778597,6754,0,69443,0,32911424,28588800,4322624,23601600,16252864,16236480
2026-05-13T16:09:44+01:00,server,312364319,7858,1349401,1328781072,6754,0,69443,0,32911424,28588608,4322816,23601408,16252864,16236480
2026-05-13T16:09:45+01:00,server,312366772,7858,1349417,1328783560,6754,0,69443,0,32911424,28588800,4322624,23601600,16252864,16236480
2026-05-13T16:09:46+01:00,server,312369223,7858,1349423,1328786030,6754,0,69444,0,32911424,28588416,4323008,23601216,16252864,16236480
2026-05-13T16:09:47+01:00,server,312371721,7858,1349426,1328788524,6754,0,69445,0,32911424,28588992,4322432,23601792,16252864,16236480
2026-05-13T16:09:48+01:00,server,312374217,7858,1349439,1328791021,6754,0,69445,0,32911424,28584704,4326720,23597504,16252864,16236480
2026-05-13T16:09:49+01:00,server,312376717,7858,1349450,1328793496,6754,0,69445,0,32911424,28585472,4325952,23598272,16252864,16236480
2026-05-13T16:09:50+01:00,server,312379213,7858,1349465,1328795978,6754,0,69445,0,32911424,28583360,4328064,23596160,16252864,16236480
2026-05-13T16:09:51+01:00,server,312381644,7858,1349500,1328798454,6754,0,69445,0,32911424,28583360,4328064,23596160,16252864,16236480
2026-05-13T16:09:52+01:00,server,312384186,7858,1349520,1328800922,6754,0,69446,0,32911424,28584512,4326912,23597312,16252864,16236480
2026-05-13T16:09:53+01:00,server,312386662,7858,1349531,1328803419,6754,0,69446,0,32911424,28587008,4324416,23599808,16252864,16236480
2026-05-13T16:09:54+01:00,server,312389136,7858,1349543,1328805894,6754,0,69447,0,32911424,28587328,4324096,23600128,16252864,16236480
2026-05-13T16:09:55+01:00,server,312391632,7858,1349559,1328808388,6754,0,69448,0,32911424,28584832,4326592,23597632,16252864,16236480
2026-05-13T16:09:56+01:00,server,312394130,7858,1349573,1328810881,6754,0,69448,0,32911424,28583104,4328320,23595904,16252864,16236480
2026-05-13T16:09:57+01:00,server,312396605,7858,1349586,1328813366,6754,0,69448,0,32911424,28584064,4327360,23596864,16252864,16236480
2026-05-13T16:09:58+01:00,server,312399057,7858,1349591,1328815850,6754,0,69448,0,32911424,28586176,4325248,23598976,16252864,16236480
2026-05-13T16:09:59+01:00,server,312401550,7858,1349608,1328818332,6754,0,69448,0,32911424,28585152,4326272,23597952,16252864,16236480
2026-05-13T16:10:00+01:00,server,312404024,7858,1349621,1328820810,6754,0,69449,0,32911424,28587456,4323968,23600256,16252864,16236480
2026-05-13T16:10:01+01:00,server,312406502,7858,1349635,1328823267,6754,0,69449,0,32911424,28573120,4338304,23585856,16252864,16236480
2026-05-13T16:10:02+01:00,server,312408974,7858,1349649,1328825721,6754,0,69449,0,32911424,28580672,4330752,23593408,16252864,16236480
2026-05-13T16:10:03+01:00,server,312411424,7858,1349658,1328828177,6754,0,69449,0,32911424,28579328,4332096,23592064,16252864,16236480
2026-05-13T16:10:04+01:00,server,312413917,7858,1349678,1328830661,6754,0,69449,0,32911424,28576960,4334464,23589696,16252864,16236480
2026-05-13T16:10:05+01:00,server,312416391,7858,1349692,1328833154,6754,0,69449,0,32911424,28578880,4332544,23591616,16252864,16236480
2026-05-13T16:10:06+01:00,server,312418904,7858,1349712,1328835604,6754,0,69449,0,32911424,28579072,4332352,23591808,16252864,16236480
2026-05-13T16:10:07+01:00,server,312421403,7858,1349726,1328838091,6754,0,69449,0,32911424,28575040,4336384,23587712,16252864,16236480
2026-05-13T16:10:09+01:00,server,312423896,7858,1349745,1328840585,6754,0,69450,0,32911424,28578304,4333120,23590976,16252864,16236480
2026-05-13T16:10:10+01:00,server,312426370,7858,1349755,1328843084,6754,0,69450,0,32911424,28581376,4330048,23594048,16252864,16236480
2026-05-13T16:10:11+01:00,server,312428891,7858,1349764,1328845600,6754,0,69450,0,32911424,28581824,4329600,23594496,16252864,16236480
2026-05-13T16:10:12+01:00,server,312431387,7858,1349782,1328848085,6754,0,69450,0,32911424,28581248,4330176,23593920,16252864,16236480
2026-05-13T16:10:13+01:00,server,312433882,7858,1349795,1328850584,6754,0,69450,0,32911424,28579520,4331904,23592192,16252864,16236480
2026-05-13T16:10:14+01:00,server,312436381,7858,1349805,1328853072,6754,0,69450,0,32911424,28580672,4330752,23593344,16252864,16236480
2026-05-13T16:10:15+01:00,server,312438878,7858,1349819,1328855548,6754,0,69450,0,32911424,28580288,4331136,23592960,16252864,16236480
2026-05-13T16:10:16+01:00,server,312441348,7858,1349834,1328858013,6754,0,69450,0,32911424,28582784,4328640,23595456,16252864,16236480
2026-05-13T16:10:17+01:00,server,312443822,7858,1349848,1328860501,6754,0,69450,0,32911424,28583488,4327936,23596160,16252864,16236480
2026-05-13T16:10:18+01:00,server,312446296,7858,1349856,1328862988,6754,0,69450,0,32911424,28584064,4327360,23596736,16252864,16236480
2026-05-13T16:10:19+01:00,server,312448790,7858,1349872,1328865462,6754,0,69450,0,32911424,28587008,4324416,23599616,16252864,16236480
2026-05-13T16:10:20+01:00,server,312451264,7858,1349886,1328867959,6754,0,69451,0,32911424,28584448,4326976,23597120,16252864,16236480
2026-05-13T16:10:21+01:00,server,312453759,7858,1349891,1328870470,6754,0,69451,0,32911424,28581952,4329472,23594624,16252864,16236480
2026-05-13T16:10:22+01:00,server,312456254,7858,1349923,1328872941,6754,0,69451,0,32911424,28581632,4329792,23594304,16252864,16236480
2026-05-13T16:10:23+01:00,server,312458704,7858,1349937,1328875410,6754,0,69453,0,32911424,28582784,4328640,23595456,16252864,16236480
2026-05-13T16:10:24+01:00,server,312461198,7858,1349954,1328877892,6754,0,69454,0,32911424,28582208,4329216,23594880,16252864,16236480
2026-05-13T16:10:25+01:00,server,312463693,7858,1349966,1328880385,6754,0,69454,0,32911424,28585920,4325504,23598464,16252864,16236480
2026-05-13T16:10:26+01:00,server,312466121,7858,1349980,1328882854,6754,0,69454,0,32911424,28584192,4327232,23596736,16252864,16236480
2026-05-13T16:10:27+01:00,server,312468449,7858,1349995,1328885491,6754,0,69456,0,32911424,28473216,4438208,23485760,16252864,16236480
2026-05-13T16:10:28+01:00,server,312470948,7858,1350006,1328887985,6754,0,69456,0,32911424,28473536,4437888,23486080,16252864,16236480
2026-05-13T16:10:29+01:00,server,312473449,7858,1350014,1328890459,6754,0,69456,0,32911424,28478720,4432704,23490880,16252864,16236480
2026-05-13T16:10:30+01:00,server,312475926,7858,1350023,1328892907,6754,0,69456,0,32911424,28478592,4432832,23491072,16252864,16236480
2026-05-13T16:10:31+01:00,server,312478403,7858,1350033,1328895374,6754,0,69456,0,32911424,28474752,4436672,23487232,16252864,16236480
2026-05-13T16:10:32+01:00,server,312480903,7858,1350038,1328897856,6754,0,69456,0,32911424,28475328,4436096,23487808,16252864,16236480
2026-05-13T16:10:33+01:00,server,312483378,7859,1350041,1328900328,6754,0,69456,0,32911424,28474944,4436480,23487424,16252864,16236480
2026-05-13T16:10:34+01:00,server,312485875,7859,1350056,1328902789,6754,0,69457,0,32911424,28472512,4438912,23484992,16252864,16236480
2026-05-13T16:10:35+01:00,server,312488329,7859,1350066,1328905234,6754,0,69457,0,32911424,28471936,4439488,23484416,16252864,16236480
2026-05-13T16:10:37+01:00,server,312490848,7859,1350077,1328907698,6754,0,69457,0,32911424,28475904,4435520,23488384,16252864,16236480
2026-05-13T16:10:38+01:00,server,312493344,7859,1350092,1328910177,6754,0,69457,0,32911424,28475328,4436096,23487808,16252864,16236480
2026-05-13T16:10:39+01:00,server,312495818,7859,1350104,1328912636,6754,0,69457,0,32911424,28477056,4434368,23489536,16252864,16236480
2026-05-13T16:10:40+01:00,server,312498295,7859,1350115,1328915095,6754,0,69457,0,32911424,28478976,4432448,23491392,16252864,16236480
2026-05-13T16:10:41+01:00,server,312500793,7859,1350128,1328917571,6754,0,69457,0,32911424,28476288,4435136,23488704,16252864,16236480
2026-05-13T16:10:42+01:00,server,312503318,7859,1350138,1328920064,6754,0,69457,0,32911424,28480192,4431232,23492608,16252864,16236480
2026-05-13T16:10:43+01:00,server,312505818,7859,1350147,1328922548,6754,0,69457,0,32911424,28478272,4433152,23490688,16252864,16236480
2026-05-13T16:10:44+01:00,server,312508340,7859,1350153,1328925056,6754,0,69457,0,32911424,28481600,4429824,23494016,16252864,16236480
2026-05-13T16:10:45+01:00,server,312510837,7859,1350162,1328927550,6754,0,69457,0,32911424,28480448,4430976,23492864,16252864,16236480
2026-05-13T16:10:46+01:00,server,312513311,7859,1350175,1328930001,6754,0,69457,0,32911424,28480448,4430976,23492864,16252864,16236480
2026-05-13T16:10:47+01:00,server,312515809,7859,1350186,1328932477,6754,0,69457,0,32911424,28481024,4430400,23493440,16252864,16236480
2026-05-13T16:10:48+01:00,server,312518269,7859,1350202,1328934948,6754,0,69457,0,32911424,28481408,4430016,23493824,16252864,16236480
2026-05-13T16:10:49+01:00,server,312520771,7859,1350210,1328937415,6754,0,69459,0,32911424,28477184,4434240,23489600,16252864,16236480
2026-05-13T16:10:50+01:00,server,312523268,7859,1350222,1328939899,6754,0,69459,0,32911424,28478528,4432896,23490944,16252864,16236480
2026-05-13T16:10:51+01:00,server,312525746,7859,1350231,1328942396,6754,0,69459,0,32911424,28477568,4433856,23489984,16252864,16236480
2026-05-13T16:10:52+01:00,server,312528264,7859,1350250,1328944859,6754,0,69459,0,32911424,28480704,4430720,23493056,16252864,16236480
2026-05-13T16:10:53+01:00,server,312530760,7859,1350263,1328947356,6754,0,69460,0,32911424,28478400,4433024,23490752,16252864,16236480
2026-05-13T16:10:54+01:00,server,312533280,7859,1350275,1328949862,6754,0,69460,0,32911424,28482624,4428800,23494976,16252864,16236480
2026-05-13T16:10:55+01:00,server,312535780,7859,1350284,1328952354,6754,0,69460,0,32911424,28481344,4430080,23493696,16252864,16236480
2026-05-13T16:10:56+01:00,server,312538278,7859,1350289,1328954848,6754,0,69460,0,32911424,28480512,4430912,23492864,16252864,16236480
2026-05-13T16:10:57+01:00,server,312540752,7859,1350299,1328957330,6754,0,69460,0,32911424,28480512,4430912,23492864,16252864,16236480
2026-05-13T16:10:58+01:00,server,312543229,7859,1350309,1328959816,6754,0,69460,0,32911424,28482624,4428800,23494976,16252864,16236480
2026-05-13T16:10:59+01:00,server,312545728,7859,1350322,1328962288,6754,0,69462,0,32911424,28482240,4429184,23494592,16252864,16236480
2026-05-13T16:11:00+01:00,server,312548173,7859,1350343,1328964756,6754,0,69462,0,32911424,28482368,4429056,23494592,16252864,16236480
2026-05-13T16:11:01+01:00,server,312550671,7859,1350356,1328967239,6754,0,69462,0,32911424,28480768,4430656,23492928,16252864,16236480
2026-05-13T16:11:02+01:00,server,312553148,7859,1350370,1328969727,6754,0,69462,0,32911424,28480320,4431104,23492480,16252864,16236480
2026-05-13T16:11:04+01:00,server,312555646,7859,1350385,1328972220,6754,0,69462,0,32911424,28479168,4432256,23491328,16252864,16236480
2026-05-13T16:11:05+01:00,server,312558164,7859,1350402,1328974738,6754,0,69462,0,32911424,28476864,4434560,23489024,16252864,16236480
2026-05-13T16:11:06+01:00,server,312560638,7859,1350418,1328977236,6754,0,69462,0,32911424,28477248,4434176,23489408,16252864,16236480
2026-05-13T16:11:07+01:00,server,312563152,7859,1350441,1328979679,6754,0,69462,0,32911424,28478656,4432768,23490752,16252864,16236480
2026-05-13T16:11:08+01:00,server,312565627,7859,1350446,1328982140,6754,0,69462,0,32911424,28482304,4429120,23494400,16252864,16236480
2026-05-13T16:11:09+01:00,server,312568101,7859,1350453,1328984609,6754,0,69462,0,32911424,28483456,4427968,23495552,16252864,16236480
2026-05-13T16:11:10+01:00,server,312570599,7859,1350464,1328987099,6754,0,69462,0,32911424,28483264,4428160,23495360,16252864,16236480
2026-05-13T16:11:11+01:00,server,312573095,7859,1350477,1328989590,6754,0,69462,0,32911424,28484224,4427200,23496320,16252864,16236480
2026-05-13T16:11:12+01:00,server,312575594,7859,1350494,1328992092,6754,0,69462,0,32911424,28480192,4431232,23492288,16252864,16236480
2026-05-13T16:11:13+01:00,server,312578087,7859,1350511,1328994597,6754,0,69462,0,32911424,28478656,4432768,23490752,16252864,16236480
2026-05-13T16:11:14+01:00,server,312580562,7859,1350529,1328997069,6754,0,69462,0,32911424,28477120,4434304,23489216,16252864,16236480
2026-05-13T16:11:15+01:00,server,312583036,7859,1350541,1328999538,6754,0,69462,0,32911424,28480192,4431232,23492288,16252864,16236480
2026-05-13T16:11:16+01:00,server,312585512,7859,1350553,1329002000,6754,0,69462,0,32911424,28479424,4432000,23491520,16252864,16236480
2026-05-13T16:11:17+01:00,server,312587985,7859,1350571,1329004492,6754,0,69462,0,32911424,28480768,4430656,23492864,16252864,16236480
2026-05-13T16:11:18+01:00,server,312590413,7859,1350586,1329006992,6754,0,69462,0,32911424,28477120,4434304,23489216,16252864,16236480
2026-05-13T16:11:19+01:00,server,312592886,7859,1350596,1329009491,6754,0,69463,0,32911424,28477504,4433920,23489600,16252864,16236480
2026-05-13T16:11:20+01:00,server,312595405,7859,1350607,1329012009,6754,0,69463,0,32911424,28475968,4435456,23488064,16252864,16236480
2026-05-13T16:11:21+01:00,server,312597884,7859,1350614,1329014495,6754,0,69463,0,32911424,28477504,4433920,23489600,16252864,16236480
2026-05-13T16:11:22+01:00,server,312600358,7859,1350634,1329016937,6755,0,69463,0,32911424,28477888,4433536,23489984,16252864,16236480
2026-05-13T16:11:23+01:00,server,312602856,7859,1350646,1329019416,6755,0,69463,0,32911424,28474816,4436608,23486912,16252864,16236480
2026-05-13T16:11:24+01:00,server,312605330,7859,1350661,1329021893,6755,0,69464,0,32911424,28476608,4434816,23488640,16252864,16236480
2026-05-13T16:11:25+01:00,server,312607828,7859,1350674,1329024368,6755,0,69467,0,32911424,28471616,4439808,23483648,16252864,16236480
2026-05-13T16:11:26+01:00,server,312610324,7859,1350688,1329026851,6755,0,69468,0,32911424,28471424,4440000,23483456,16252864,16236480
2026-05-13T16:11:27+01:00,server,312612821,7859,1350701,1329029340,6755,0,69468,0,32911424,28469696,4441728,23481728,16252864,16236480
2026-05-13T16:11:28+01:00,server,312615293,7859,1350716,1329031808,6755,0,69468,0,32911424,28472960,4438464,23484992,16252864,16236480
2026-05-13T16:11:29+01:00,server,312617765,7859,1350730,1329034277,6755,0,69468,0,32911424,28473536,4437888,23485568,16252864,16236480
2026-05-13T16:11:30+01:00,server,312620236,7859,1350734,1329036763,6755,0,69468,0,32911424,28472384,4439040,23484416,16252864,16236480
2026-05-13T16:11:32+01:00,server,312622731,7859,1350747,1329039256,6755,0,69468,0,32911424,28469696,4441728,23481728,16252864,16236480
2026-05-13T16:11:33+01:00,server,312625235,7859,1350753,1329041735,6755,0,69470,0,32911424,28469696,4441728,23481728,16252864,16236480
2026-05-13T16:11:34+01:00,server,312627686,7859,1350765,1329044192,6755,0,69472,0,32911424,28470656,4440768,23482688,16252864,16236480
2026-05-13T16:11:35+01:00,server,312630136,7859,1350778,1329046647,6755,0,69472,0,32911424,28470144,4441280,23482176,16252864,16236480
2026-05-13T16:11:36+01:00,server,312632585,7859,1350794,1329049105,6755,0,69474,0,32911424,28470720,4440704,23482752,16252864,16236480
2026-05-13T16:11:37+01:00,server,312635086,7859,1350821,1329051532,6755,0,69474,0,32911424,28472704,4438720,23484672,16252864,16236480
2026-05-13T16:11:38+01:00,server,312637515,7859,1350833,1329053986,6755,0,69474,0,32911424,28473280,4438144,23485248,16252864,16236480
2026-05-13T16:11:39+01:00,server,312639986,7859,1350850,1329056441,6755,0,69474,0,32911424,28467840,4443584,23479808,16252864,16236480
2026-05-13T16:11:40+01:00,server,312642484,7859,1350866,1329058933,6755,0,69474,0,32911424,28464960,4446464,23476928,16252864,16236480
2026-05-13T16:11:41+01:00,server,312644957,7859,1350869,1329061441,6755,0,69475,0,32911424,28466880,4444544,23478848,16252864,16236480
2026-05-13T16:11:42+01:00,server,312647453,7859,1350878,1329063935,6755,0,69475,0,32911424,28463616,4447808,23475584,16252864,16236480
2026-05-13T16:11:43+01:00,server,312650020,7859,1350888,1329066496,6755,0,69477,0,32911424,28464576,4446848,23476544,16252864,16236480
2026-05-13T16:11:44+01:00,server,312652637,7859,1350904,1329069114,6755,0,69478,0,32911424,28466624,4444800,23478592,16252864,16236480
2026-05-13T16:11:45+01:00,server,312655281,7859,1350917,1329071764,6755,0,69479,0,32911424,28469632,4441792,23481600,16252864,16236480
2026-05-13T16:11:46+01:00,server,312658089,7859,1350929,1329074555,6755,0,69480,0,32911424,28465408,4446016,23477376,16252864,16236480
2026-05-13T16:11:47+01:00,server,312660685,7859,1350935,1329077142,6755,0,69481,0,32911424,28466816,4444608,23478784,16252864,16236480
2026-05-13T16:11:48+01:00,server,312663184,7859,1350938,1329079636,6755,0,69481,0,32911424,28464320,4447104,23476288,16252864,16236480
2026-05-13T16:11:49+01:00,server,312665707,7859,1350947,1329082177,6755,0,69482,0,32911424,28464128,4447296,23476096,16252864,16236480
2026-05-13T16:11:51+01:00,server,312668238,7859,1350964,1329084684,6755,0,69482,0,32911424,28465664,4445760,23477632,16252864,16236480
2026-05-13T16:11:52+01:00,server,312670703,7859,1350979,1329087113,6755,0,69482,0,32911424,28468480,4442944,23480448,16252864,16236480
2026-05-13T16:11:53+01:00,server,312673149,7859,1350994,1329089566,6755,0,69483,0,32911424,28468480,4442944,23480448,16252864,16236480
2026-05-13T16:11:54+01:00,server,312675619,7859,1351009,1329092022,6755,0,69484,0,32911424,28468160,4443264,23480064,16252864,16236480
2026-05-13T16:11:55+01:00,server,312678068,7859,1351019,1329094479,6755,0,69484,0,32911424,28469696,4441728,23481600,16252864,16236480
2026-05-13T16:11:56+01:00,server,312680520,7859,1351031,1329096935,6755,0,69484,0,32911424,28468352,4443072,23480256,16252864,16236480
2026-05-13T16:11:57+01:00,server,312682971,7859,1351068,1329099392,6755,0,69484,0,32911424,28472128,4439296,23484032,16252864,16236480
2026-05-13T16:11:58+01:00,server,312685419,7859,1351078,1329101849,6755,0,69484,0,32911424,28467776,4443648,23479680,16252864,16236480
2026-05-13T16:11:59+01:00,server,312687866,7859,1351091,1329104309,6755,0,69485,0,32911424,28469952,4441472,23481856,16252864,16236480
2026-05-13T16:12:00+01:00,server,312690338,7859,1351096,1329106814,6755,0,69485,0,32911424,28463488,4447936,23475328,16252864,16236480
2026-05-13T16:12:01+01:00,server,312692811,7859,1351104,1329109300,6755,0,69485,0,32911424,28464320,4447104,23476160,16252864,16236480
2026-05-13T16:12:02+01:00,server,312695081,7859,1351114,1329111903,6755,0,69486,0,32911424,28361728,4549696,23373568,16252864,16236480
2026-05-13T16:12:03+01:00,server,312697557,7859,1351125,1329114347,6755,0,69486,0,32911424,28364416,4547008,23376256,16252864,16236480
2026-05-13T16:12:04+01:00,server,312700053,7859,1351141,1329116822,6755,0,69486,0,32911424,28363648,4547776,23375488,16252864,16236480
2026-05-13T16:12:05+01:00,server,312702549,7859,1351155,1329119318,6755,0,69487,0,32911424,28365440,4545984,23377280,16252864,16236480
2026-05-13T16:12:06+01:00,server,312705046,7859,1351165,1329121800,6755,0,69488,0,32911424,28366400,4545024,23378240,16252864,16236480
2026-05-13T16:12:07+01:00,server,312707594,7859,1351175,1329124274,6755,0,69489,0,32911424,28366144,4545280,23377984,16252864,16236480
2026-05-13T16:12:08+01:00,server,312710118,7859,1351186,1329126774,6755,0,69489,0,32911424,28363264,4548160,23375104,16252864,16236480
2026-05-13T16:12:09+01:00,server,312712619,7859,1351197,1329129262,6755,0,69489,0,32911424,28365824,4545600,23377664,16252864,16236480
2026-05-13T16:12:10+01:00,server,312715142,7859,1351209,1329131762,6755,0,69489,0,32911424,28365568,4545856,23377408,16252864,16236480
2026-05-13T16:12:11+01:00,server,312717641,7859,1351220,1329134242,6755,0,69490,0,32911424,28365504,4545920,23377344,16252864,16236480
2026-05-13T16:12:12+01:00,server,312720092,7859,1351227,1329136700,6755,0,69490,0,32911424,28362816,4548608,23374656,16252864,16236480
2026-05-13T16:12:13+01:00,server,312722590,7859,1351236,1329139177,6755,0,69490,0,32911424,28367168,4544256,23379008,16252864,16236480
2026-05-13T16:12:14+01:00,server,312725088,7859,1351248,1329141649,6755,0,69490,0,32911424,28365632,4545792,23377472,16252864,16236480
2026-05-13T16:12:15+01:00,server,312727537,7859,1351261,1329144097,6755,0,69490,0,32911424,28362816,4548608,23374656,16252864,16236480
2026-05-13T16:12:16+01:00,server,312730015,7859,1351268,1329146546,6755,0,69490,0,32911424,28365120,4546304,23376960,16252864,16236480
2026-05-13T16:12:17+01:00,server,312732491,7859,1351276,1329149008,6755,0,69490,0,32911424,28365632,4545792,23377472,16252864,16236480
2026-05-13T16:12:18+01:00,server,312734964,7859,1351287,1329151468,6755,0,69492,0,32911424,28363200,4548224,23375040,16252864,16236480
2026-05-13T16:12:19+01:00,server,312737464,7859,1351299,1329153940,6755,0,69493,0,32911424,28363712,4547712,23375552,16252864,16236480
2026-05-13T16:12:21+01:00,server,312739961,7859,1351312,1329156420,6755,0,69493,0,32911424,28365440,4545984,23377280,16252864,16236480
2026-05-13T16:12:22+01:00,server,312742468,7859,1351329,1329158850,6755,0,69494,0,32911424,28363328,4548096,23375168,16252864,16236480
2026-05-13T16:12:23+01:00,server,312744927,7859,1351343,1329161299,6755,0,69494,0,32911424,28362368,4549056,23374208,16252864,16236480
2026-05-13T16:12:24+01:00,server,312747351,7859,1351348,1329163763,6755,0,69495,0,32911424,28364096,4547328,23375936,16252864,16236480
2026-05-13T16:12:25+01:00,server,312749826,7859,1351359,1329166226,6755,0,69495,0,32911424,28362816,4548608,23374656,16252864,16236480
2026-05-13T16:12:26+01:00,server,312752298,7859,1351369,1329168683,6755,0,69496,0,32911424,28364096,4547328,23375936,16252864,16236480
2026-05-13T16:12:27+01:00,server,312754774,7859,1351385,1329171176,6755,0,69496,0,32911424,28363072,4548352,23374912,16252864,16236480
2026-05-13T16:12:28+01:00,server,312757296,7859,1351399,1329173691,6755,0,69496,0,32911424,28360832,4550592,23372608,16252864,16236480
2026-05-13T16:12:29+01:00,server,312759794,7859,1351414,1329176182,6755,0,69496,0,32911424,28360256,4551168,23372032,16252864,16236480
2026-05-13T16:12:30+01:00,server,312762318,7859,1351435,1329178654,6755,0,69496,0,32911424,28352768,4558656,23364544,16252864,16236480
2026-05-13T16:12:31+01:00,server,312764904,7859,1351463,1329181042,6755,0,69496,0,32911424,28350528,4560896,23362240,16252864,16236480
2026-05-13T16:12:32+01:00,server,312767438,7859,1351487,1329183438,6755,0,69498,0,32911424,28351296,4560128,23363008,16252864,16236480
2026-05-13T16:12:33+01:00,server,312769940,7859,1351497,1329185921,6755,0,69498,0,32911424,28352448,4558976,23364160,16252864,16236480
2026-05-13T16:12:34+01:00,server,312772439,7859,1351510,1329188420,6755,0,69499,0,32911424,28351488,4559936,23363200,16252864,16236480
2026-05-13T16:12:35+01:00,server,312774894,7859,1351518,1329190905,6755,0,69500,0,32911424,28353216,4558208,23364928,16252864,16236480
2026-05-13T16:12:36+01:00,server,312777374,7859,1351523,1329193389,6755,0,69501,0,32911424,28353984,4557440,23365696,16252864,16236480
2026-05-13T16:12:37+01:00,server,312779889,7859,1351555,1329195851,6755,0,69501,0,32911424,28355648,4555776,23367360,16252864,16236480
2026-05-13T16:12:38+01:00,server,312782409,7859,1351577,1329198348,6755,0,69502,0,32911424,28356224,4555200,23367936,16252864,16236480
2026-05-13T16:12:39+01:00,server,312784907,7859,1351595,1329200861,6755,0,69503,0,32911424,28357760,4553664,23369472,16252864,16236480
2026-05-13T16:12:40+01:00,server,312787381,7859,1351610,1329203348,6755,0,69504,0,32911424,28359104,4552320,23370816,16252864,16236480
2026-05-13T16:12:41+01:00,server,312789875,7859,1351627,1329205852,6755,0,69504,0,32911424,28359296,4552128,23371008,16252864,16236480
2026-05-13T16:12:42+01:00,server,312792396,7859,1351642,1329208370,6755,0,69504,0,32911424,28362752,4548672,23374464,16252864,16236480
2026-05-13T16:12:43+01:00,server,312794868,7859,1351657,1329210850,6755,0,69504,0,32911424,28356352,4555072,23368064,16252864,16236480
2026-05-13T16:12:44+01:00,server,312797364,7859,1351668,1329213326,6755,0,69506,0,32911424,28356992,4554432,23368704,16252864,16236480
2026-05-13T16:12:45+01:00,server,312799863,7859,1351678,1329215824,6755,0,69506,0,32911424,28356352,4555072,23368000,16252864,16236480
2026-05-13T16:12:46+01:00,server,312802336,7859,1351689,1329218296,6755,0,69506,0,32911424,28357120,4554304,23368768,16252864,16236480
2026-05-13T16:12:48+01:00,server,312804808,7859,1351694,1329220778,6755,0,69506,0,32911424,28357696,4553728,23369344,16252864,16236480
2026-05-13T16:12:49+01:00,server,312807285,7859,1351711,1329223268,6755,0,69508,0,32911424,28360064,4551360,23371712,16252864,16236480
2026-05-13T16:12:50+01:00,server,312809826,7859,1351732,1329225782,6755,0,69508,0,32911424,28359680,4551744,23371328,16252864,16236480
2026-05-13T16:12:51+01:00,server,312812277,7859,1351746,1329228252,6755,0,69508,0,32911424,28360832,4550592,23372480,16252864,16236480
2026-05-13T16:12:52+01:00,server,312814794,7859,1351765,1329230711,6755,0,69508,0,32911424,28361984,4549440,23373632,16252864,16236480
2026-05-13T16:12:53+01:00,server,312817293,7859,1351777,1329233204,6755,0,69508,0,32911424,28360832,4550592,23372480,16252864,16236480
2026-05-13T16:12:54+01:00,server,312819786,7859,1351798,1329235694,6755,0,69508,0,32911424,28362944,4548480,23374592,16252864,16236480
2026-05-13T16:12:55+01:00,server,312822264,7859,1351812,1329238204,6755,0,69509,0,32911424,28362432,4548992,23374080,16252864,16236480
2026-05-13T16:12:56+01:00,server,312824764,7859,1351825,1329240692,6755,0,69509,0,32911424,28364544,4546880,23376192,16252864,16236480
2026-05-13T16:12:57+01:00,server,312827256,7859,1351843,1329243182,6755,0,69509,0,32911424,28358656,4552768,23370240,16252864,16236480
2026-05-13T16:12:58+01:00,server,312829755,7859,1351854,1329245694,6755,0,69510,0,32911424,28355008,4556416,23366592,16252864,16236480
2026-05-13T16:12:59+01:00,server,312832223,7859,1351864,1329248206,6755,0,69510,0,32911424,28358464,4552960,23370048,16252864,16236480
2026-05-13T16:13:00+01:00,server,312834743,7859,1351877,1329250709,6755,0,69511,0,32911424,28358336,4553088,23369920,16252864,16236480
2026-05-13T16:13:01+01:00,server,312837215,7859,1351893,1329253190,6755,0,69512,0,32911424,28357184,4554240,23368768,16252864,16236480
2026-05-13T16:13:02+01:00,server,312839716,7859,1351905,1329255656,6755,0,69512,0,32911424,28355520,4555904,23367040,16252864,16236480
2026-05-13T16:13:03+01:00,server,312842163,7859,1351920,1329258112,6755,0,69512,0,32911424,28353984,4557440,23365504,16252864,16236480
2026-05-13T16:13:04+01:00,server,312844616,7859,1351929,1329260599,6755,0,69513,0,32911424,28352448,4558976,23363968,16252864,16236480
2026-05-13T16:13:05+01:00,server,312847129,7859,1351949,1329263098,6755,0,69513,0,32911424,28355520,4555904,23367040,16252864,16236480
2026-05-13T16:13:06+01:00,server,312849606,7859,1351957,1329265569,6755,0,69513,0,32911424,28354368,4557056,23365888,16252864,16236480
2026-05-13T16:13:07+01:00,server,312852084,7859,1351991,1329268027,6755,0,69514,0,32911424,28356480,4554944,23368000,16252864,16236480
2026-05-13T16:13:08+01:00,server,312854582,7859,1352004,1329270516,6755,0,69514,0,32911424,28353600,4557824,23365120,16252864,16236480
2026-05-13T16:13:09+01:00,server,312857028,7859,1352021,1329272991,6755,0,69514,0,32911424,28355520,4555904,23367040,16252864,16236480
2026-05-13T16:13:10+01:00,server,312859471,7859,1352037,1329275457,6755,0,69514,0,32911424,28356992,4554432,23368512,16252864,16236480
2026-05-13T16:13:11+01:00,server,312861944,7859,1352046,1329277932,6755,0,69514,0,32911424,28359104,4552320,23370624,16252864,16236480
2026-05-13T16:13:12+01:00,server,312864391,7859,1352062,1329280405,6755,0,69516,0,32911424,28358720,4552704,23370240,16252864,16236480
2026-05-13T16:13:13+01:00,server,312866843,7859,1352074,1329282861,6755,0,69516,0,32911424,28358336,4553088,23369856,16252864,16236480
2026-05-13T16:13:14+01:00,server,312869293,7859,1352088,1329285340,6755,0,69516,0,32911424,28358016,4553408,23369536,16252864,16236480
2026-05-13T16:13:16+01:00,server,312871789,7859,1352104,1329287825,6755,0,69517,0,32911424,28359296,4552128,23370816,16252864,16236480
2026-05-13T16:13:17+01:00,server,312874263,7859,1352119,1329290279,6755,0,69517,0,32911424,28360448,4550976,23371968,16252864,16236480
2026-05-13T16:13:18+01:00,server,312876736,7859,1352134,1329292764,6755,0,69517,0,32911424,28360576,4550848,23372032,16252864,16236480
2026-05-13T16:13:19+01:00,server,312879237,7859,1352146,1329295261,6755,0,69517,0,32911424,28360192,4551232,23371648,16252864,16236480
2026-05-13T16:13:20+01:00,server,312881709,7859,1352163,1329297752,6755,0,69517,0,32911424,28360832,4550592,23372288,16252864,16236480
2026-05-13T16:13:21+01:00,server,312884208,7859,1352173,1329300257,6755,0,69517,0,32911424,28360064,4551360,23371520,16252864,16236480
2026-05-13T16:13:22+01:00,server,312886732,7859,1352181,1329302731,6756,0,69517,0,32911424,28362560,4548864,23373952,16252864,16236480
2026-05-13T16:13:23+01:00,server,312889207,7859,1352197,1329305231,6756,0,69517,0,32911424,28359232,4552192,23370688,16252864,16236480
2026-05-13T16:13:24+01:00,server,312891708,7859,1352209,1329307739,6756,0,69517,0,32911424,28360640,4550784,23372032,16252864,16236480
2026-05-13T16:13:25+01:00,server,312894180,7859,1352227,1329310221,6756,0,69517,0,32911424,28356800,4554624,23368192,16252864,16236480
2026-05-13T16:13:26+01:00,server,312896629,7859,1352240,1329312683,6756,0,69517,0,32911424,28356160,4555264,23367616,16252864,16236480
2026-05-13T16:13:27+01:00,server,312899102,7859,1352256,1329315172,6756,0,69517,0,32911424,28357312,4554112,23368768,16252864,16236480
2026-05-13T16:13:28+01:00,server,312901600,7859,1352273,1329317684,6756,0,69517,0,32911424,28359424,4552000,23370880,16252864,16236480
2026-05-13T16:13:29+01:00,server,312904097,7859,1352289,1329320172,6756,0,69517,0,32911424,28358464,4552960,23369920,16252864,16236480
2026-05-13T16:13:30+01:00,server,312906567,7859,1352306,1329322627,6756,0,69517,0,32911424,28358080,4553344,23369536,16252864,16236480
2026-05-13T16:13:31+01:00,server,312909050,7859,1352325,1329325111,6756,0,69517,0,32911424,28356928,4554496,23368384,16252864,16236480
2026-05-13T16:13:32+01:00,server,312911544,7859,1352336,1329327615,6756,0,69517,0,32911424,28358080,4553344,23369536,16252864,16236480
2026-05-13T16:13:33+01:00,server,312914018,7859,1352344,1329330096,6756,0,69517,0,32911424,28360832,4550592,23372288,16252864,16236480
2026-05-13T16:13:34+01:00,server,312916307,7859,1352358,1329332703,6756,0,69517,0,32911424,28266496,4644928,23277952,16252864,16236480
2026-05-13T16:13:35+01:00,server,312918782,7859,1352368,1329335154,6756,0,69517,0,32911424,28263296,4648128,23274688,16252864,16236480
2026-05-13T16:13:36+01:00,server,312921254,7859,1352380,1329337607,6756,0,69519,0,32911424,28263296,4648128,23274688,16252864,16236480
2026-05-13T16:13:37+01:00,server,312923744,7859,1352410,1329340030,6756,0,69519,0,32911424,28263168,4648256,23274560,16252864,16236480
2026-05-13T16:13:38+01:00,server,312926230,7859,1352421,1329342495,6756,0,69519,0,32911424,28264832,4646592,23276224,16252864,16236480
2026-05-13T16:13:39+01:00,server,312928703,7859,1352435,1329344968,6756,0,69519,0,32911424,28266432,4644992,23277824,16252864,16236480
2026-05-13T16:13:40+01:00,server,312931201,7859,1352447,1329347442,6756,0,69519,0,32911424,28267264,4644160,23278656,16252864,16236480
2026-05-13T16:13:41+01:00,server,312933698,7859,1352459,1329349909,6756,0,69520,0,32911424,28263552,4647872,23274944,16252864,16236480
2026-05-13T16:13:42+01:00,server,312936147,7859,1352468,1329352355,6756,0,69520,0,32911424,28261248,4650176,23272640,16252864,16236480
2026-05-13T16:13:44+01:00,server,312938647,7859,1352473,1329354828,6756,0,69520,0,32911424,28265472,4645952,23276864,16252864,16236480
2026-05-13T16:13:45+01:00,server,312941171,7859,1352479,1329357338,6756,0,69520,0,32911424,28266816,4644608,23278208,16252864,16236480
2026-05-13T16:13:46+01:00,server,312943643,7859,1352491,1329359811,6756,0,69520,0,32911424,28265024,4646400,23276416,16252864,16236480
2026-05-13T16:13:47+01:00,server,312946143,7859,1352502,1329362284,6756,0,69520,0,32911424,28264064,4647360,23275456,16252864,16236480
2026-05-13T16:13:48+01:00,server,312948642,7859,1352514,1329364775,6756,0,69520,0,32911424,28262720,4648704,23274112,16252864,16236480
2026-05-13T16:13:49+01:00,server,312951141,7859,1352525,1329367249,6756,0,69521,0,32911424,28263488,4647936,23274880,16252864,16236480
2026-05-13T16:13:50+01:00,server,312953643,7859,1352533,1329369725,6756,0,69521,0,32911424,28264064,4647360,23275456,16252864,16236480
2026-05-13T16:13:51+01:00,server,312956169,7859,1352544,1329372214,6756,0,69521,0,32911424,28265792,4645632,23277184,16252864,16236480
2026-05-13T16:13:52+01:00,server,312958670,7859,1352558,1329374660,6756,0,69521,0,32911424,28265856,4645568,23277248,16252864,16236480
2026-05-13T16:13:53+01:00,server,312961146,7859,1352566,1329377110,6756,0,69522,0,32911424,28266432,4644992,23277824,16252864,16236480
2026-05-13T16:13:54+01:00,server,312963599,7859,1352575,1329379556,6756,0,69522,0,32911424,28265216,4646208,23276544,16252864,16236480
2026-05-13T16:13:55+01:00,server,312966072,7859,1352588,1329382002,6756,0,69522,0,32911424,28265600,4645824,23276928,16252864,16236480
2026-05-13T16:13:56+01:00,server,312968494,7859,1352598,1329384472,6756,0,69522,0,32911424,28266624,4644800,23277952,16252864,16236480
2026-05-13T16:13:57+01:00,server,312970993,7859,1352609,1329386971,6756,0,69522,0,32911424,28265280,4646144,23276608,16252864,16236480
2026-05-13T16:13:58+01:00,server,312973514,7859,1352627,1329389462,6756,0,69522,0,32911424,28265152,4646272,23276480,16252864,16236480
2026-05-13T16:13:59+01:00,server,312975986,7859,1352644,1329391937,6756,0,69522,0,32911424,28266112,4645312,23277440,16252864,16236480
2026-05-13T16:14:00+01:00,server,312978486,7859,1352656,1329394437,6756,0,69523,0,32911424,28267072,4644352,23278400,16252864,16236480
2026-05-13T16:14:01+01:00,server,312980959,7859,1352669,1329396916,6756,0,69525,0,32911424,28265344,4646080,23276672,16252864,16236480
2026-05-13T16:14:02+01:00,server,312983456,7859,1352682,1329399396,6756,0,69525,0,32911424,28267648,4643776,23278976,16252864,16236480
2026-05-13T16:14:03+01:00,server,312985928,7859,1352698,1329401888,6756,0,69525,0,32911424,28269376,4642048,23280704,16252864,16236480
2026-05-13T16:14:04+01:00,server,312988404,7859,1352712,1329404394,6756,0,69525,0,32911424,28269184,4642240,23280512,16252864,16236480
2026-05-13T16:14:05+01:00,server,312990903,7859,1352721,1329406880,6756,0,69525,0,32911424,28260544,4650880,23271872,16252864,16236480
2026-05-13T16:14:06+01:00,server,312993405,7859,1352744,1329409358,6756,0,69526,0,32911424,28257728,4653696,23269056,16252864,16236480
2026-05-13T16:14:07+01:00,server,312995911,7859,1352759,1329411829,6756,0,69526,0,32911424,28262976,4648448,23274304,16252864,16236480
2026-05-13T16:14:08+01:00,server,312998382,7859,1352764,1329414295,6756,0,69527,0,32911424,28260096,4651328,23271424,16252864,16236480
2026-05-13T16:14:09+01:00,server,313000805,7859,1352779,1329416757,6756,0,69527,0,32911424,28260352,4651072,23271616,16252864,16236480
2026-05-13T16:14:10+01:00,server,313003301,7859,1352792,1329419244,6756,0,69527,0,32911424,28258240,4653184,23269504,16252864,16236480
2026-05-13T16:14:12+01:00,server,313005822,7863,1352805,1329421739,6756,0,69527,0,32911424,28260224,4651200,23271424,16252864,16236480
2026-05-13T16:14:13+01:00,server,313008272,7863,1352817,1329424213,6756,0,69527,0,32911424,28262144,4649280,23273344,16252864,16236480
2026-05-13T16:14:14+01:00,server,313010753,7863,1352836,1329426704,6756,0,69527,0,32911424,28260224,4651200,23271424,16252864,16236480
2026-05-13T16:14:15+01:00,server,313013252,7863,1352853,1329429217,6756,0,69527,0,32911424,28262016,4649408,23273216,16252864,16236480
2026-05-13T16:14:16+01:00,server,313015704,7863,1352865,1329431683,6756,0,69528,0,32911424,28258816,4652608,23269952,16252864,16236480
2026-05-13T16:14:17+01:00,server,313018158,7863,1352875,1329434149,6756,0,69529,0,32911424,28257472,4653952,23268608,16252864,16236480
2026-05-13T16:14:18+01:00,server,313020633,7863,1352890,1329436629,6756,0,69529,0,32911424,28263232,4648192,23274368,16252864,16236480
2026-05-13T16:14:19+01:00,server,313023102,7863,1352899,1329439107,6756,0,69529,0,32911424,28260800,4650624,23271936,16252864,16236480
2026-05-13T16:14:20+01:00,server,313025573,7863,1352907,1329441578,6756,0,69530,0,32911424,28261632,4649792,23272768,16252864,16236480
2026-05-13T16:14:21+01:00,server,313028074,7863,1352916,1329444061,6756,0,69530,0,32911424,28259584,4651840,23270720,16252864,16236480
2026-05-13T16:14:22+01:00,server,313030591,7864,1352940,1329446520,6756,0,69530,0,32911424,28261888,4649536,23273024,16252864,16236480
2026-05-13T16:14:23+01:00,server,313032997,7864,1352956,1329448979,6756,0,69530,0,32911424,28262976,4648448,23274112,16252864,16236480
2026-05-13T16:14:24+01:00,server,313035477,7864,1352964,1329451470,6756,0,69530,0,32911424,28262976,4648448,23274112,16252864,16236480
2026-05-13T16:14:25+01:00,server,313037980,7864,1352972,1329453962,6756,0,69531,0,32911424,28261632,4649792,23272768,16252864,16236480
2026-05-13T16:14:26+01:00,server,313040481,7864,1352982,1329456456,6756,0,69531,0,32911424,28258752,4652672,23269888,16252864,16236480
2026-05-13T16:14:27+01:00,server,313043001,7864,1352996,1329458963,6756,0,69532,0,32911424,28256256,4655168,23267392,16252864,16236480
2026-05-13T16:14:28+01:00,server,313045481,7864,1353012,1329461462,6756,0,69533,0,32911424,28261056,4650368,23272192,16252864,16236480
2026-05-13T16:14:29+01:00,server,313047978,7864,1353027,1329463973,6756,0,69533,0,32911424,28260288,4651136,23271424,16252864,16236480
2026-05-13T16:14:30+01:00,server,313050500,7864,1353039,1329466485,6756,0,69533,0,32911424,28262208,4649216,23273344,16252864,16236480
2026-05-13T16:14:31+01:00,server,313052995,7864,1353044,1329468998,6756,0,69534,0,32911424,28258752,4652672,23269888,16252864,16236480
2026-05-13T16:14:32+01:00,server,313055519,7864,1353055,1329471504,6756,0,69534,0,32911424,28257856,4653568,23268992,16252864,16236480
2026-05-13T16:14:33+01:00,server,313057991,7864,1353074,1329473983,6756,0,69534,0,32911424,28258240,4653184,23269376,16252864,16236480
2026-05-13T16:14:34+01:00,server,313060469,7864,1353085,1329476442,6756,0,69534,0,32911424,28257536,4653888,23268672,16252864,16236480
2026-05-13T16:14:35+01:00,server,313062847,7864,1353105,1329478901,6756,0,69535,0,32911424,28259648,4651776,23270784,16252864,16236480
2026-05-13T16:14:36+01:00,server,313065350,7864,1353119,1329481362,6756,0,69536,0,32911424,28261056,4650368,23272128,16252864,16236480
2026-05-13T16:14:37+01:00,server,313067848,7864,1353131,1329483849,6756,0,69536,0,32911424,28260544,4650880,23271616,16252864,16236480
2026-05-13T16:14:39+01:00,server,313070321,7864,1353144,1329486325,6756,0,69536,0,32911424,28261376,4650048,23272448,16252864,16236480
2026-05-13T16:14:40+01:00,server,313072816,7864,1353159,1329488822,6756,0,69536,0,32911424,28260224,4651200,23271296,16252864,16236480
2026-05-13T16:14:41+01:00,server,313075318,7864,1353169,1329491320,6756,0,69536,0,32911424,28260224,4651200,23271296,16252864,16236480
2026-05-13T16:14:42+01:00,server,313077792,7864,1353179,1329493797,6756,0,69536,0,32911424,28260288,4651136,23271360,16252864,16236480
2026-05-13T16:14:43+01:00,server,313080264,7864,1353186,1329496289,6756,0,69537,0,32911424,28261056,4650368,23272128,16252864,16236480
2026-05-13T16:14:44+01:00,server,313082761,7864,1353197,1329498791,6756,0,69538,0,32911424,28258944,4652480,23270016,16252864,16236480
2026-05-13T16:14:45+01:00,server,313085255,7864,1353217,1329501266,6756,0,69538,0,32911424,28258560,4652864,23269632,16252864,16236480
2026-05-13T16:14:46+01:00,server,313087704,7864,1353235,1329503744,6756,0,69538,0,32911424,28259008,4652416,23270016,16252864,16236480
2026-05-13T16:14:47+01:00,server,313090197,7864,1353245,1329506229,6756,0,69542,0,32911424,28259264,4652160,23270272,16252864,16236480
2026-05-13T16:14:48+01:00,server,313092672,7864,1353256,1329508684,6756,0,69542,0,32911424,28260224,4651200,23271232,16252864,16236480
2026-05-13T16:14:49+01:00,server,313095121,7864,1353268,1329511139,6756,0,69542,0,32911424,28261568,4649856,23272576,16252864,16236480
2026-05-13T16:14:50+01:00,server,313097597,7864,1353281,1329513616,6756,0,69542,0,32911424,28262592,4648832,23273600,16252864,16236480
2026-05-13T16:14:51+01:00,server,313100091,7864,1353295,1329516118,6756,0,69543,0,32911424,28260928,4650496,23271936,16252864,16236480
2026-05-13T16:14:52+01:00,server,313102608,7864,1353317,1329518593,6756,0,69543,0,32911424,28262272,4649152,23273280,16252864,16236480
2026-05-13T16:14:53+01:00,server,313105106,7864,1353333,1329521100,6756,0,69543,0,32911424,28260736,4650688,23271744,16252864,16236480
2026-05-13T16:14:54+01:00,server,313107579,7864,1353342,1329523596,6756,0,69544,0,32911424,28262464,4648960,23273472,16252864,16236480
2026-05-13T16:14:55+01:00,server,313110075,7864,1353352,1329526097,6756,0,69544,0,32911424,28259200,4652224,23270208,16252864,16236480
2026-05-13T16:14:56+01:00,server,313112598,7864,1353366,1329528608,6756,0,69545,0,32911424,28257664,4653760,23268672,16252864,16236480
2026-05-13T16:14:57+01:00,server,313115095,7864,1353381,1329531101,6756,0,69545,0,32911424,28260160,4651264,23271168,16252864,16236480
2026-05-13T16:14:58+01:00,server,313117590,7864,1353393,1329533595,6756,0,69546,0,32911424,28260160,4651264,23271168,16252864,16236480
2026-05-13T16:14:59+01:00,server,313120113,7864,1353402,1329536104,6756,0,69546,0,32911424,28259008,4652416,23270016,16252864,16236480
2026-05-13T16:15:00+01:00,server,313122615,7864,1353410,1329538583,6756,0,69546,0,32911424,28261120,4650304,23272128,16252864,16236480
2026-05-13T16:15:01+01:00,server,313125067,7864,1353424,1329541058,6756,0,69547,0,32911424,28249344,4662080,23260288,16252864,16236480
2026-05-13T16:15:02+01:00,server,313127560,7864,1353437,1329543561,6756,0,69550,0,32911424,28252800,4658624,23263616,16252864,16236480
2026-05-13T16:15:03+01:00,server,313130037,7864,1353454,1329546053,6756,0,69550,0,32911424,28252416,4659008,23263232,16252864,16236480
2026-05-13T16:15:04+01:00,server,313132511,7864,1353467,1329548520,6756,0,69550,0,32911424,28257984,4653440,23268800,16252864,16236480
2026-05-13T16:15:06+01:00,server,313134981,7864,1353486,1329550986,6756,0,69550,0,32911424,28254080,4657344,23264896,16252864,16236480
2026-05-13T16:15:07+01:00,server,313137355,7864,1353499,1329553608,6756,0,69550,0,32911424,28159744,4751680,23170560,16252864,16236480
2026-05-13T16:15:08+01:00,server,313139821,7864,1353508,1329556091,6756,0,69550,0,32911424,28157888,4753536,23168640,16252864,16236480
2026-05-13T16:15:09+01:00,server,313142206,7864,1353519,1329558589,6756,0,69550,0,32911424,28156992,4754432,23167680,16252864,16236480
2026-05-13T16:15:10+01:00,server,313144682,7864,1353527,1329561049,6756,0,69551,0,32911424,28157376,4754048,23168064,16252864,16236480
2026-05-13T16:15:11+01:00,server,313147159,7864,1353540,1329563505,6756,0,69551,0,32911424,28158336,4753088,23169024,16252864,16236480
2026-05-13T16:15:12+01:00,server,313149610,7864,1353552,1329565966,6756,0,69551,0,32911424,28155072,4756352,23165760,16252864,16236480
2026-05-13T16:15:13+01:00,server,313152084,7864,1353565,1329568454,6756,0,69552,0,32911424,28154240,4757184,23164864,16252864,16236480
2026-05-13T16:15:14+01:00,server,313154580,7864,1353580,1329570944,6756,0,69552,0,32911424,28153920,4757504,23164544,16252864,16236480
2026-05-13T16:15:15+01:00,server,313157004,7864,1353595,1329573402,6756,0,69552,0,32911424,28153088,4758336,23163712,16252864,16236480
2026-05-13T16:15:16+01:00,server,313159494,7864,1353612,1329575894,6756,0,69552,0,32911424,28153088,4758336,23163712,16252864,16236480
2026-05-13T16:15:17+01:00,server,313162000,7864,1353621,1329578397,6756,0,69552,0,32911424,28149632,4761792,23160256,16252864,16236480
2026-05-13T16:15:18+01:00,server,313164467,7864,1353630,1329580874,6756,0,69552,0,32911424,28149120,4762304,23159680,16252864,16236480
2026-05-13T16:15:19+01:00,server,313166963,7864,1353641,1329583369,6756,0,69554,0,32911424,28146432,4764992,23156992,16252864,16236480
2026-05-13T16:15:20+01:00,server,313169484,7864,1353653,1329585868,6756,0,69554,0,32911424,28147584,4763840,23158144,16252864,16236480
2026-05-13T16:15:21+01:00,server,313171961,7864,1353661,1329588335,6756,0,69555,0,32911424,28146240,4765184,23156800,16252864,16236480
2026-05-13T16:15:22+01:00,server,313174387,7864,1353680,1329590793,6756,0,69556,0,32911424,28147328,4764096,23157888,16252864,16236480
2026-05-13T16:15:23+01:00,server,313176884,7864,1353694,1329593278,6756,0,69556,0,32911424,28147392,4764032,23157952,16252864,16236480
2026-05-13T16:15:24+01:00,server,313179360,7864,1353706,1329595740,6756,0,69557,0,32911424,28147200,4764224,23157760,16252864,16236480
2026-05-13T16:15:25+01:00,server,313181828,7864,1353726,1329598200,6756,0,69557,0,32911424,28147008,4764416,23157568,16252864,16236480
2026-05-13T16:15:26+01:00,server,313184301,7864,1353741,1329600659,6756,0,69557,0,32911424,28145472,4765952,23156032,16252864,16236480
2026-05-13T16:15:27+01:00,server,313186778,7864,1353754,1329603151,6756,0,69557,0,32911424,28147072,4764352,23157632,16252864,16236480
2026-05-13T16:15:28+01:00,server,313189298,7864,1353764,1329605678,6756,0,69557,0,32911424,28149376,4762048,23159936,16252864,16236480
2026-05-13T16:15:29+01:00,server,313191772,7864,1353770,1329608172,6756,0,69557,0,32911424,28146880,4764544,23157440,16252864,16236480
2026-05-13T16:15:30+01:00,server,313194245,7864,1353788,1329610659,6756,0,69557,0,32911424,28145152,4766272,23155712,16252864,16236480
2026-05-13T16:15:31+01:00,server,313196744,7865,1353798,1329613161,6756,0,69558,0,32911424,28143424,4768000,23153984,16252864,16236480
2026-05-13T16:15:32+01:00,server,313199265,7865,1353811,1329615665,6756,0,69559,0,32911424,28144576,4766848,23155136,16252864,16236480
2026-05-13T16:15:34+01:00,server,313201739,7865,1353822,1329618166,6756,0,69559,0,32911424,28146688,4764736,23157248,16252864,16236480
2026-05-13T16:15:35+01:00,server,313204237,7865,1353840,1329620667,6756,0,69560,0,32911424,28148608,4762816,23159168,16252864,16236480
2026-05-13T16:15:36+01:00,server,313206735,7865,1353850,1329623167,6756,0,69560,0,32911424,28148992,4762432,23159552,16252864,16236480
2026-05-13T16:15:37+01:00,server,313209216,7865,1353871,1329625643,6756,0,69562,0,32911424,28147520,4763904,23158080,16252864,16236480
2026-05-13T16:15:38+01:00,server,313211712,7865,1353884,1329628149,6756,0,69562,0,32911424,28152128,4759296,23162688,16252864,16236480
2026-05-13T16:15:39+01:00,server,313214163,7865,1353896,1329630685,6756,0,69562,0,32911424,28149888,4761536,23160448,16252864,16236480
2026-05-13T16:15:40+01:00,server,313216642,7865,1353911,1329633171,6756,0,69562,0,32911424,28150528,4760896,23161024,16252864,16236480
2026-05-13T16:15:41+01:00,server,313219163,7865,1353914,1329635701,6756,0,69562,0,32911424,28148608,4762816,23159104,16252864,16236480
2026-05-13T16:15:42+01:00,server,313221662,7865,1353930,1329638206,6756,0,69562,0,32911424,28146880,4764544,23157376,16252864,16236480
2026-05-13T16:15:43+01:00,server,313224115,7865,1353945,1329640668,6756,0,69563,0,32911424,28150528,4760896,23161024,16252864,16236480
2026-05-13T16:15:44+01:00,server,313226589,7865,1353957,1329643145,6756,0,69564,0,32911424,28149952,4761472,23160448,16252864,16236480
2026-05-13T16:15:45+01:00,server,313229017,7865,1353976,1329645624,6756,0,69564,0,32911424,28149376,4762048,23159872,16252864,16236480
2026-05-13T16:15:46+01:00,server,313231492,7865,1353990,1329648083,6756,0,69564,0,32911424,28149888,4761536,23160384,16252864,16236480
2026-05-13T16:15:47+01:00,server,313233959,7865,1354010,1329650563,6756,0,69564,0,32911424,28148544,4762880,23159040,16252864,16236480
2026-05-13T16:15:48+01:00,server,313236345,7865,1354027,1329653054,6756,0,69564,0,32911424,28150080,4761344,23160576,16252864,16236480
2026-05-13T16:15:49+01:00,server,313238796,7865,1354041,1329655516,6756,0,69566,0,32911424,28152704,4758720,23163200,16252864,16236480
2026-05-13T16:15:50+01:00,server,313241247,7865,1354056,1329657999,6756,0,69566,0,32911424,28152576,4758848,23163072,16252864,16236480
2026-05-13T16:15:51+01:00,server,313243734,7865,1354063,1329660499,6756,0,69566,0,32911424,28155456,4755968,23165952,16252864,16236480
2026-05-13T16:15:52+01:00,server,313246264,7865,1354079,1329662963,6756,0,69566,0,32911424,28154176,4757248,23164672,16252864,16236480
2026-05-13T16:15:53+01:00,server,313248738,7865,1354093,1329665416,6756,0,69567,0,32911424,28151680,4759744,23162176,16252864,16236480
2026-05-13T16:15:54+01:00,server,313251238,7865,1354105,1329667892,6756,0,69567,0,32911424,28151104,4760320,23161600,16252864,16236480
2026-05-13T16:15:55+01:00,server,313253694,7865,1354116,1329670378,6756,0,69567,0,32911424,28149376,4762048,23159872,16252864,16236480
2026-05-13T16:15:56+01:00,server,313256189,7865,1354135,1329672882,6756,0,69567,0,32911424,28149184,4762240,23159680,16252864,16236480
2026-05-13T16:15:57+01:00,server,313258690,7865,1354143,1329675374,6756,0,69567,0,32911424,28152064,4759360,23162560,16252864,16236480
2026-05-13T16:15:58+01:00,server,313261164,7865,1354158,1329677847,6756,0,69568,0,32911424,28151744,4759680,23162240,16252864,16236480
2026-05-13T16:15:59+01:00,server,313263634,7865,1354177,1329680335,6756,0,69570,0,32911424,28147904,4763520,23158336,16252864,16236480
2026-05-13T16:16:01+01:00,server,313266127,7865,1354195,1329682831,6756,0,69571,0,32911424,28148864,4762560,23159296,16252864,16236480
2026-05-13T16:16:02+01:00,server,313268601,7865,1354209,1329685311,6756,0,69571,0,32911424,28149056,4762368,23159488,16252864,16236480
2026-05-13T16:16:03+01:00,server,313271075,7865,1354222,1329687801,6756,0,69571,0,32911424,28146560,4764864,23156992,16252864,16236480
2026-05-13T16:16:04+01:00,server,313273547,7865,1354239,1329690262,6756,0,69572,0,32911424,28147328,4764096,23157760,16252864,16236480
2026-05-13T16:16:05+01:00,server,313275996,7865,1354255,1329692716,6756,0,69572,0,32911424,28149440,4761984,23159872,16252864,16236480
2026-05-13T16:16:06+01:00,server,313278496,7865,1354266,1329695193,6756,0,69573,0,32911424,28148672,4762752,23159040,16252864,16236480
2026-05-13T16:16:07+01:00,server,313280992,7865,1354287,1329697641,6756,0,69573,0,32911424,28149632,4761792,23160000,16252864,16236480
2026-05-13T16:16:08+01:00,server,313283491,7865,1354302,1329700122,6756,0,69573,0,32911424,28150592,4760832,23160960,16252864,16236480
2026-05-13T16:16:09+01:00,server,313285986,7865,1354317,1329702596,6756,0,69574,0,32911424,28151168,4760256,23161536,16252864,16236480
2026-05-13T16:16:10+01:00,server,313288465,7865,1354330,1329705071,6756,0,69575,0,32911424,28149632,4761792,23160000,16252864,16236480
2026-05-13T16:16:11+01:00,server,313290962,7865,1354345,1329707559,6756,0,69575,0,32911424,28148032,4763392,23158336,16252864,16236480
2026-05-13T16:16:12+01:00,server,313293432,7865,1354365,1329710022,6756,0,69575,0,32911424,28148992,4762432,23159296,16252864,16236480
2026-05-13T16:16:13+01:00,server,313295904,7865,1354378,1329712492,6756,0,69575,0,32911424,28148800,4762624,23159104,16252864,16236480
2026-05-13T16:16:14+01:00,server,313298382,7865,1354386,1329714973,6756,0,69575,0,32911424,28150528,4760896,23160832,16252864,16236480
2026-05-13T16:16:15+01:00,server,313300857,7865,1354399,1329717442,6756,0,69575,0,32911424,28149952,4761472,23160256,16252864,16236480
2026-05-13T16:16:16+01:00,server,313303327,7865,1354415,1329719895,6756,0,69575,0,32911424,28151488,4759936,23161792,16252864,16236480
2026-05-13T16:16:17+01:00,server,313305777,7865,1354429,1329722375,6756,0,69576,0,32911424,28151488,4759936,23161728,16252864,16236480
2026-05-13T16:16:18+01:00,server,313308249,7865,1354444,1329724852,6756,0,69576,0,32911424,28155328,4756096,23165568,16252864,16236480
2026-05-13T16:16:19+01:00,server,313310677,7865,1354455,1329727308,6756,0,69576,0,32911424,28153856,4757568,23164096,16252864,16236480
2026-05-13T16:16:20+01:00,server,313313151,7865,1354468,1329729765,6756,0,69576,0,32911424,28155776,4755648,23166016,16252864,16236480
2026-05-13T16:16:21+01:00,server,313315603,7865,1354481,1329732222,6756,0,69576,0,32911424,28154688,4756736,23164928,16252864,16236480
2026-05-13T16:16:22+01:00,server,313318095,7865,1354500,1329734654,6756,0,69576,0,32911424,28154560,4756864,23164800,16252864,16236480
2026-05-13T16:16:23+01:00,server,313320546,7865,1354512,1329737111,6756,0,69576,0,32911424,28153984,4757440,23164224,16252864,16236480
2026-05-13T16:16:24+01:00,server,313322995,7865,1354527,1329739570,6756,0,69576,0,32911424,28152832,4758592,23163072,16252864,16236480
2026-05-13T16:16:25+01:00,server,313325489,7865,1354536,1329742073,6756,0,69576,0,32911424,28154752,4756672,23164992,16252864,16236480
2026-05-13T16:16:26+01:00,server,313327939,7865,1354546,1329744534,6756,0,69576,0,32911424,28152448,4758976,23162688,16252864,16236480
2026-05-13T16:16:27+01:00,server,313330369,7865,1354556,1329746990,6756,0,69576,0,32911424,28153408,4758016,23163648,16252864,16236480
2026-05-13T16:16:28+01:00,server,313332846,7865,1354565,1329749445,6756,0,69577,0,32911424,28157824,4753600,23168064,16252864,16236480
2026-05-13T16:16:29+01:00,server,313335275,7865,1354574,1329751902,6756,0,69578,0,32911424,28153216,4758208,23163456,16252864,16236480
2026-05-13T16:16:30+01:00,server,313337728,7865,1354581,1329754357,6756,0,69580,0,32911424,28154368,4757056,23164608,16252864,16236480
2026-05-13T16:16:31+01:00,server,313340199,7865,1354595,1329756814,6756,0,69581,0,32911424,28152000,4759424,23162240,16252864,16236480
2026-05-13T16:16:32+01:00,server,313342625,7865,1354605,1329759268,6756,0,69582,0,32911424,28153152,4758272,23163392,16252864,16236480
2026-05-13T16:16:34+01:00,server,313345072,7865,1354619,1329761725,6756,0,69583,0,32911424,28153920,4757504,23164160,16252864,16236480
2026-05-13T16:16:35+01:00,server,313347540,7865,1354639,1329764179,6756,0,69583,0,32911424,28153536,4757888,23163776,16252864,16236480
2026-05-13T16:16:36+01:00,server,313349990,7865,1354650,1329766636,6756,0,69584,0,32911424,28152256,4759168,23162496,16252864,16236480
2026-05-13T16:16:37+01:00,server,313352461,7865,1354673,1329769063,6756,0,69585,0,32911424,28155584,4755840,23165760,16252864,16236480
2026-05-13T16:16:38+01:00,server,313354909,7865,1354683,1329771526,6756,0,69586,0,32911424,28152512,4758912,23162688,16252864,16236480
2026-05-13T16:16:39+01:00,server,313357340,7865,1354689,1329773987,6756,0,69586,0,32911424,28153856,4757568,23164032,16252864,16236480
2026-05-13T16:16:40+01:00,server,313359815,7865,1354703,1329776443,6756,0,69586,0,32911424,28152512,4758912,23162688,16252864,16236480
2026-05-13T16:16:41+01:00,server,313362262,7865,1354720,1329778899,6756,0,69586,0,32911424,28151552,4759872,23161728,16252864,16236480
2026-05-13T16:16:42+01:00,server,313364716,7865,1354749,1329781354,6757,0,69587,0,32911424,28151744,4759680,23161920,16252864,16236480
2026-05-13T16:16:43+01:00,server,313367189,7865,1354761,1329783814,6757,0,69587,0,32911424,28151488,4759936,23161600,16252864,16236480
2026-05-13T16:16:44+01:00,server,313369641,7865,1354770,1329786269,6757,0,69587,0,32911424,28152640,4758784,23162752,16252864,16236480
2026-05-13T16:16:45+01:00,server,313372118,7865,1354785,1329788723,6757,0,69587,0,32911424,28152256,4759168,23162368,16252864,16236480
2026-05-13T16:16:46+01:00,server,313374497,7865,1354799,1329791180,6757,0,69587,0,32911424,28147008,4764416,23157120,16252864,16236480
2026-05-13T16:16:47+01:00,server,313376971,7865,1354809,1329793638,6757,0,69588,0,32911424,28147584,4763840,23157696,16252864,16236480
2026-05-13T16:16:48+01:00,server,313379445,7865,1354821,1329796095,6757,0,69589,0,32911424,28149888,4761536,23160000,16252864,16236480
2026-05-13T16:16:49+01:00,server,313381847,7865,1354835,1329798551,6757,0,69589,0,32911424,28148736,4762688,23158848,16252864,16236480
2026-05-13T16:16:50+01:00,server,313384315,7865,1354849,1329801013,6757,0,69589,0,32911424,28150848,4760576,23160960,16252864,16236480
2026-05-13T16:16:51+01:00,server,313386704,7865,1354855,1329803530,6757,0,69589,0,32911424,28148352,4763072,23158464,16252864,16236480
2026-05-13T16:16:52+01:00,server,313389176,7865,1354871,1329805966,6757,0,69589,0,32911424,28150144,4761280,23160256,16252864,16236480
2026-05-13T16:16:53+01:00,server,313391649,7865,1354881,1329808431,6757,0,69589,0,32911424,28150784,4760640,23160896,16252864,16236480
2026-05-13T16:16:54+01:00,server,313394120,7865,1354900,1329810887,6757,0,69589,0,32911424,28151808,4759616,23161920,16252864,16236480
2026-05-13T16:16:55+01:00,server,313396533,7865,1354915,1329813344,6757,0,69589,0,32911424,28148928,4762496,23159040,16252864,16236480
2026-05-13T16:16:56+01:00,server,313399006,7865,1354929,1329815802,6757,0,69589,0,32911424,28150848,4760576,23160960,16252864,16236480
2026-05-13T16:16:57+01:00,server,313401411,7865,1354942,1329818260,6757,0,69589,0,32911424,28151808,4759616,23161920,16252864,16236480
2026-05-13T16:16:58+01:00,server,313403862,7865,1354950,1329820716,6757,0,69590,0,32911424,28153728,4757696,23163840,16252864,16236480
2026-05-13T16:16:59+01:00,server,313406331,7865,1354969,1329823174,6757,0,69591,0,32911424,28150272,4761152,23160384,16252864,16236480
2026-05-13T16:17:00+01:00,server,313408803,7865,1354984,1329825628,6757,0,69591,0,32911424,28154880,4756544,23164992,16252864,16236480
2026-05-13T16:17:01+01:00,server,313411253,7865,1354999,1329828083,6757,0,69591,0,32911424,28154368,4757056,23164416,16252864,16236480
2026-05-13T16:17:02+01:00,server,313413724,7865,1355011,1329830542,6757,0,69592,0,32911424,28152832,4758592,23162880,16252864,16236480
2026-05-13T16:17:03+01:00,server,313416173,7865,1355015,1329833009,6757,0,69592,0,32911424,28151488,4759936,23161536,16252864,16236480
2026-05-13T16:17:04+01:00,server,313418647,7865,1355027,1329835466,6757,0,69593,0,32911424,28153024,4758400,23163072,16252864,16236480
2026-05-13T16:17:05+01:00,server,313421116,7865,1355044,1329837925,6757,0,69594,0,32911424,28152064,4759360,23162112,16252864,16236480
2026-05-13T16:17:06+01:00,server,313423588,7865,1355061,1329840356,6757,0,69594,0,32911424,28152128,4759296,23162176,16252864,16236480
2026-05-13T16:17:07+01:00,server,313426063,7865,1355075,1329842810,6757,0,69595,0,32911424,28153664,4757760,23163712,16252864,16236480
2026-05-13T16:17:08+01:00,server,313428534,7865,1355089,1329845267,6757,0,69596,0,32911424,28154048,4757376,23164096,16252864,16236480
2026-05-13T16:17:09+01:00,server,313430982,7865,1355103,1329847727,6757,0,69597,0,32911424,28153600,4757824,23163648,16252864,16236480
2026-05-13T16:17:10+01:00,server,313433434,7865,1355119,1329850184,6757,0,69597,0,32911424,28151168,4760256,23161216,16252864,16236480
2026-05-13T16:17:11+01:00,server,313435910,7865,1355130,1329852641,6757,0,69597,0,32911424,28151936,4759488,23161984,16252864,16236480
2026-05-13T16:17:13+01:00,server,313438357,7865,1355144,1329855098,6757,0,69598,0,32911424,28150848,4760576,23160896,16252864,16236480
2026-05-13T16:17:14+01:00,server,313440783,7865,1355179,1329857555,6757,0,69599,0,32911424,28154496,4756928,23164544,16252864,16236480
2026-05-13T16:17:15+01:00,server,313443258,7865,1355192,1329860012,6757,0,69599,0,32911424,28155072,4756352,23165120,16252864,16236480
2026-05-13T16:17:16+01:00,server,313445728,7865,1355201,1329862494,6757,0,69599,0,32911424,28152960,4758464,23163008,16252864,16236480
2026-05-13T16:17:17+01:00,server,313448197,7865,1355217,1329864953,6757,0,69600,0,32911424,28151424,4760000,23161472,16252864,16236480
2026-05-13T16:17:18+01:00,server,313450648,7865,1355228,1329867411,6757,0,69600,0,32911424,28152384,4759040,23162432,16252864,16236480
2026-05-13T16:17:19+01:00,server,313453170,7865,1355247,1329869934,6757,0,69600,0,32911424,28151232,4760192,23161280,16252864,16236480
2026-05-13T16:17:20+01:00,server,313455623,7865,1355263,1329872396,6757,0,69600,0,32911424,28151040,4760384,23160960,16252864,16236480
2026-05-13T16:17:21+01:00,server,313458073,7865,1355273,1329874851,6757,0,69600,0,32911424,28152768,4758656,23162688,16252864,16236480
2026-05-13T16:17:22+01:00,server,313460557,7865,1355295,1329877283,6757,0,69600,0,32911424,28154688,4756736,23164608,16252864,16236480
2026-05-13T16:17:23+01:00,server,313463003,7865,1355311,1329879738,6757,0,69600,0,32911424,28155904,4755520,23165760,16252864,16236480
2026-05-13T16:17:24+01:00,server,313465477,7865,1355325,1329882194,6757,0,69600,0,32911424,28155776,4755648,23165632,16252864,16236480
2026-05-13T16:17:25+01:00,server,313467947,7865,1355343,1329884650,6757,0,69600,0,32911424,28157312,4754112,23167168,16252864,16236480
2026-05-13T16:17:26+01:00,server,313470377,7865,1355355,1329887104,6757,0,69600,0,32911424,28157888,4753536,23167744,16252864,16236480
2026-05-13T16:17:27+01:00,server,313472851,7865,1355365,1329889561,6757,0,69601,0,32911424,28156416,4755008,23166272,16252864,16236480
2026-05-13T16:17:28+01:00,server,313475272,7865,1355377,1329892023,6757,0,69601,0,32911424,28159232,4752192,23169152,16252864,16236480
2026-05-13T16:17:29+01:00,server,313477739,7865,1355390,1329894487,6757,0,69602,0,32911424,28158080,4753344,23168000,16252864,16236480
2026-05-13T16:17:30+01:00,server,313480247,7865,1355419,1329896892,6757,0,69603,0,32911424,28155264,4756160,23165120,16252864,16236480
2026-05-13T16:17:31+01:00,server,313482791,7865,1355438,1329899246,6757,0,69605,0,32911424,28146496,4764928,23156288,16252864,16236480
2026-05-13T16:17:32+01:00,server,313485303,7865,1355465,1329901654,6757,0,69606,0,32911424,28153792,4757632,23163584,16252864,16236480
2026-05-13T16:17:33+01:00,server,313487754,7865,1355480,1329904112,6757,0,69606,0,32911424,28150912,4760512,23160704,16252864,16236480
2026-05-13T16:17:34+01:00,server,313490203,7865,1355495,1329906570,6757,0,69606,0,32911424,28152256,4759168,23162048,16252864,16236480
2026-05-13T16:17:35+01:00,server,313492657,7865,1355505,1329909025,6757,0,69606,0,32911424,28152256,4759168,23162048,16252864,16236480
2026-05-13T16:17:36+01:00,server,313495132,7865,1355515,1329911482,6757,0,69607,0,32911424,28152000,4759424,23161792,16252864,16236480
2026-05-13T16:17:37+01:00,server,313497551,7865,1355537,1329913911,6757,0,69607,0,32911424,28156608,4754816,23166400,16252864,16236480
2026-05-13T16:17:38+01:00,server,313500002,7865,1355551,1329916368,6757,0,69607,0,32911424,28150464,4760960,23160256,16252864,16236480
2026-05-13T16:17:39+01:00,server,313502478,7865,1355565,1329918822,6757,0,69607,0,32911424,28151232,4760192,23161024,16252864,16236480
2026-05-13T16:17:40+01:00,server,313504905,7865,1355568,1329921286,6757,0,69607,0,32911424,28152640,4758784,23162368,16252864,16236480
2026-05-13T16:17:41+01:00,server,313507378,7865,1355575,1329923752,6757,0,69607,0,32911424,28154368,4757056,23164096,16252864,16236480
2026-05-13T16:17:42+01:00,server,313509827,7865,1355590,1329926208,6757,0,69609,0,32911424,28155520,4755904,23165248,16252864,16236480
2026-05-13T16:17:43+01:00,server,313512253,7865,1355602,1329928664,6757,0,69609,0,32911424,28153024,4758400,23162752,16252864,16236480
2026-05-13T16:17:44+01:00,server,313514703,7865,1355614,1329931126,6757,0,69610,0,32911424,28155328,4756096,23165056,16252864,16236480
2026-05-13T16:17:45+01:00,server,313517177,7865,1355628,1329933582,6757,0,69610,0,32911424,28155712,4755712,23165440,16252864,16236480
2026-05-13T16:17:46+01:00,server,313519626,7865,1355642,1329936038,6757,0,69610,0,32911424,28157632,4753792,23167360,16252864,16236480
2026-05-13T16:17:47+01:00,server,313522058,7865,1355650,1329938495,6757,0,69611,0,32911424,28158208,4753216,23167936,16252864,16236480
2026-05-13T16:17:48+01:00,server,313524508,7865,1355663,1329940954,6757,0,69611,0,32911424,28158976,4752448,23168704,16252864,16236480
2026-05-13T16:17:50+01:00,server,313526963,7865,1355681,1329943410,6757,0,69611,0,32911424,28158592,4752832,23168320,16252864,16236480
2026-05-13T16:17:51+01:00,server,313529408,7865,1355699,1329945866,6757,0,69611,0,32911424,28154944,4756480,23164672,16252864,16236480
2026-05-13T16:17:52+01:00,server,313531887,7865,1355715,1329948292,6757,0,69611,0,32911424,28158208,4753216,23167936,16252864,16236480
2026-05-13T16:17:53+01:00,server,313534312,7865,1355726,1329950754,6757,0,69611,0,32911424,28163200,4748224,23172928,16252864,16236480
2026-05-13T16:17:54+01:00,server,313536783,7865,1355736,1329953217,6757,0,69611,0,32911424,28161664,4749760,23171392,16252864,16236480
2026-05-13T16:17:55+01:00,server,313539252,7865,1355754,1329955678,6757,0,69612,0,32911424,28161472,4749952,23171200,16252864,16236480
2026-05-13T16:17:56+01:00,server,313541754,7865,1355767,1329958176,6757,0,69612,0,32911424,28161856,4749568,23171584,16252864,16236480
2026-05-13T16:17:57+01:00,server,313544139,7865,1355785,1329960668,6757,0,69615,0,32911424,28161664,4749760,23171392,16252864,16236480
2026-05-13T16:17:58+01:00,server,313546686,7865,1355797,1329963203,6757,0,69615,0,32911424,28161856,4749568,23171584,16252864,16236480
2026-05-13T16:17:59+01:00,server,313549353,7865,1355810,1329965855,6757,0,69616,0,32911424,28163392,4748032,23173120,16252864,16236480
2026-05-13T16:18:00+01:00,server,313552092,7865,1355821,1329968611,6757,0,69618,0,32911424,28166272,4745152,23176000,16252864,16236480
2026-05-13T16:18:01+01:00,server,313554735,7865,1355834,1329971337,6757,0,69618,0,32911424,28160640,4750784,23170304,16252864,16236480
2026-05-13T16:18:02+01:00,server,313557351,7865,1355838,1329973959,6757,0,69618,0,32911424,28155456,4755968,23165120,16252864,16236480
2026-05-13T16:18:03+01:00,server,313560138,7865,1355846,1329976757,6757,0,69619,0,32911424,28157440,4753984,23167104,16252864,16236480
2026-05-13T16:18:05+01:00,server,313562897,7865,1355862,1329979535,6757,0,69619,0,32911424,28156288,4755136,23165952,16252864,16236480
2026-05-13T16:18:06+01:00,server,313565467,7865,1355875,1329982126,6757,0,69619,0,32911424,28158208,4753216,23167872,16252864,16236480
2026-05-13T16:18:07+01:00,server,313568021,7865,1355892,1329984597,6757,0,69620,0,32911424,28161216,4750208,23170880,16252864,16236480
2026-05-13T16:18:08+01:00,server,313570472,7865,1355903,1329987053,6757,0,69622,0,32911424,28159744,4751680,23169408,16252864,16236480
2026-05-13T16:18:09+01:00,server,313572948,7865,1355914,1329989508,6757,0,69623,0,32911424,28157888,4753536,23167552,16252864,16236480
2026-05-13T16:18:10+01:00,server,313575421,7865,1355929,1329991967,6757,0,69623,0,32911424,28154112,4757312,23163776,16252864,16236480
2026-05-13T16:18:11+01:00,server,313577824,7865,1355942,1329994426,6757,0,69623,0,32911424,28159232,4752192,23168896,16252864,16236480
2026-05-13T16:18:12+01:00,server,313580298,7865,1355954,1329996883,6757,0,69623,0,32911424,28157888,4753536,23167552,16252864,16236480
2026-05-13T16:18:13+01:00,server,313582767,7865,1355967,1329999342,6757,0,69623,0,32911424,28157248,4754176,23166912,16252864,16236480
2026-05-13T16:18:14+01:00,server,313585240,7865,1355971,1330001837,6757,0,69623,0,32911424,28154560,4756864,23164224,16252864,16236480
2026-05-13T16:18:15+01:00,server,313587743,7865,1355978,1330004327,6757,0,69623,0,32911424,28156096,4755328,23165760,16252864,16236480
2026-05-13T16:18:16+01:00,server,313590240,7865,1355994,1330006802,6757,0,69623,0,32911424,28154496,4756928,23164160,16252864,16236480
2026-05-13T16:18:17+01:00,server,313592790,7865,1356004,1330009343,6757,0,69624,0,32911424,28153536,4757888,23163200,16252864,16236480
2026-05-13T16:18:18+01:00,server,313595286,7865,1356021,1330011842,6757,0,69624,0,32911424,28154176,4757248,23163776,16252864,16236480
2026-05-13T16:18:19+01:00,server,313597758,7865,1356036,1330014300,6757,0,69624,0,32911424,28153920,4757504,23163520,16252864,16236480
2026-05-13T16:18:20+01:00,server,313600231,7865,1356050,1330016756,6757,0,69624,0,32911424,28151104,4760320,23160704,16252864,16236480
2026-05-13T16:18:21+01:00,server,313602622,7865,1356089,1330019218,6757,0,69624,0,32911424,28154880,4756544,23164416,16252864,16236480
2026-05-13T16:18:22+01:00,server,313605102,7865,1356117,1330021653,6757,0,69624,0,32911424,28158656,4752768,23168192,16252864,16236480
2026-05-13T16:18:23+01:00,server,313607552,7865,1356132,1330024108,6757,0,69624,0,32911424,28156224,4755200,23165696,16252864,16236480
2026-05-13T16:18:24+01:00,server,313610029,7865,1356145,1330026586,6757,0,69624,0,32911424,28155456,4755968,23164928,16252864,16236480
2026-05-13T16:18:25+01:00,server,313612499,7865,1356158,1330029081,6757,0,69624,0,32911424,28153344,4758080,23162816,16252864,16236480
2026-05-13T16:18:26+01:00,server,313615019,7865,1356170,1330031582,6757,0,69625,0,32911424,28153984,4757440,23163456,16252864,16236480
2026-05-13T16:18:27+01:00,server,313617494,7865,1356182,1330034062,6757,0,69626,0,32911424,28152704,4758720,23162176,16252864,16236480
2026-05-13T16:18:28+01:00,server,313619991,7865,1356197,1330036546,6757,0,69626,0,32911424,28153728,4757696,23163200,16252864,16236480
2026-05-13T16:18:29+01:00,server,313622508,7865,1356216,1330039079,6757,0,69627,0,32911424,28152576,4758848,23162048,16252864,16236480
2026-05-13T16:18:31+01:00,server,313625023,7865,1356235,1330041596,6757,0,69629,0,32911424,28151936,4759488,23161408,16252864,16236480
2026-05-13T16:18:32+01:00,server,313627494,7865,1356252,1330044058,6757,0,69630,0,32911424,28151744,4759680,23161216,16252864,16236480
2026-05-13T16:18:33+01:00,server,313629943,7865,1356265,1330046515,6757,0,69630,0,32911424,28150592,4760832,23160064,16252864,16236480
2026-05-13T16:18:34+01:00,server,313632419,7865,1356275,1330048970,6757,0,69630,0,32911424,28148288,4763136,23157760,16252864,16236480
2026-05-13T16:18:35+01:00,server,313634890,7865,1356289,1330051425,6757,0,69630,0,32911424,28148864,4762560,23158336,16252864,16236480
2026-05-13T16:18:36+01:00,server,313637339,7865,1356300,1330053882,6757,0,69630,0,32911424,28150080,4761344,23159488,16252864,16236480
2026-05-13T16:18:37+01:00,server,313639850,7865,1356320,1330056310,6757,0,69630,0,32911424,28152640,4758784,23162048,16252864,16236480
2026-05-13T16:18:38+01:00,server,313642324,7865,1356328,1330058801,6757,0,69630,0,32911424,28152832,4758592,23162240,16252864,16236480
2026-05-13T16:18:39+01:00,server,313644823,7865,1356336,1330061296,6757,0,69630,0,32911424,28150912,4760512,23160320,16252864,16236480
2026-05-13T16:18:40+01:00,server,313647276,7865,1356350,1330063776,6757,0,69630,0,32911424,28150336,4761088,23159744,16252864,16236480
2026-05-13T16:18:41+01:00,server,313649747,7865,1356367,1330066233,6757,0,69631,0,32911424,28152960,4758464,23162368,16252864,16236480
2026-05-13T16:18:42+01:00,server,313652199,7865,1356382,1330068690,6757,0,69631,0,32911424,28154496,4756928,23163904,16252864,16236480
2026-05-13T16:18:43+01:00,server,313654626,7865,1356396,1330071145,6757,0,69631,0,32911424,28153920,4757504,23163328,16252864,16236480
2026-05-13T16:18:44+01:00,server,313657097,7865,1356410,1330073602,6757,0,69631,0,32911424,28155392,4756032,23164800,16252864,16236480
2026-05-13T16:18:45+01:00,server,313659738,7865,1356425,1330076226,6757,0,69631,0,32911424,28156224,4755200,23165632,16252864,16236480
2026-05-13T16:18:46+01:00,server,313662257,7865,1356441,1330078738,6757,0,69632,0,32911424,28156992,4754432,23166400,16252864,16236480
2026-05-13T16:18:47+01:00,server,313664705,7865,1356454,1330081216,6757,0,69633,0,32911424,28159104,4752320,23168512,16252864,16236480
2026-05-13T16:18:48+01:00,server,313667274,7865,1356466,1330083767,6757,0,69634,0,32911424,28157056,4754368,23166464,16252864,16236480
2026-05-13T16:18:49+01:00,server,313669748,7865,1356478,1330086252,6757,0,69634,0,32911424,28157376,4754048,23166784,16252864,16236480
2026-05-13T16:18:50+01:00,server,313672222,7865,1356489,1330088707,6757,0,69635,0,32911424,28155392,4756032,23164800,16252864,16236480
2026-05-13T16:18:51+01:00,server,313674672,7865,1356493,1330091174,6757,0,69636,0,32911424,28150976,4760448,23160384,16252864,16236480
2026-05-13T16:18:52+01:00,server,313677117,7865,1356512,1330093605,6757,0,69636,0,32911424,28150912,4760512,23160320,16252864,16236480
2026-05-13T16:18:53+01:00,server,313679565,7865,1356527,1330096062,6758,0,69636,0,32911424,28150720,4760704,23160128,16252864,16236480
2026-05-13T16:18:54+01:00,server,313681991,7865,1356541,1330098517,6758,0,69636,0,32911424,28151744,4759680,23161088,16252864,16236480
2026-05-13T16:18:55+01:00,server,313684466,7865,1356553,1330100974,6758,0,69636,0,32911424,28152512,4758912,23161856,16252864,16236480
2026-05-13T16:18:56+01:00,server,313686912,7865,1356570,1330103428,6758,0,69636,0,32911424,28154880,4756544,23164224,16252864,16236480
2026-05-13T16:18:57+01:00,server,313689386,7865,1356584,1330105885,6758,0,69636,0,32911424,28153152,4758272,23162496,16252864,16236480
2026-05-13T16:18:58+01:00,server,313691813,7865,1356600,1330108339,6758,0,69636,0,32911424,28149888,4761536,23159232,16252864,16236480
2026-05-13T16:18:59+01:00,server,313694263,7865,1356610,1330110795,6758,0,69638,0,32911424,28150528,4760896,23159872,16252864,16236480
2026-05-13T16:19:00+01:00,server,313696738,7865,1356623,1330113249,6758,0,69638,0,32911424,28148800,4762624,23158144,16252864,16236480
2026-05-13T16:19:01+01:00,server,313699112,7865,1356634,1330115758,6758,0,69638,0,32911424,28147264,4764160,23156608,16252864,16236480
2026-05-13T16:19:03+01:00,server,313701566,7865,1356642,1330118209,6758,0,69640,0,32911424,28146496,4764928,23155840,16252864,16236480
2026-05-13T16:19:04+01:00,server,313704037,7865,1356653,1330120677,6758,0,69640,0,32911424,28154560,4756864,23163904,16252864,16236480
2026-05-13T16:19:05+01:00,server,313706482,7865,1356661,1330123139,6758,0,69640,0,32911424,28152448,4758976,23161792,16252864,16236480
2026-05-13T16:19:06+01:00,server,313708932,7865,1356678,1330125597,6758,0,69641,0,32911424,28152064,4759360,23161408,16252864,16236480
2026-05-13T16:19:07+01:00,server,313711431,7865,1356698,1330128027,6758,0,69641,0,32911424,28155712,4755712,23165056,16252864,16236480
2026-05-13T16:19:08+01:00,server,313713857,7865,1356713,1330130484,6758,0,69641,0,32911424,28155136,4756288,23164480,16252864,16236480
2026-05-13T16:19:09+01:00,server,313716334,7865,1356723,1330132941,6758,0,69641,0,32911424,28156544,4754880,23165888,16252864,16236480
2026-05-13T16:19:10+01:00,server,313718766,7865,1356737,1330135399,6758,0,69641,0,32911424,28155776,4755648,23165120,16252864,16236480
2026-05-13T16:19:11+01:00,server,313721220,7870,1356744,1330137850,6758,0,69642,0,32911424,28152320,4759104,23161664,16252864,16236480
2026-05-13T16:19:12+01:00,server,313723690,7870,1356761,1330140306,6758,0,69642,0,32911424,28152896,4758528,23162240,16252864,16236480
2026-05-13T16:19:13+01:00,server,313726161,7870,1356778,1330142763,6758,0,69642,0,32911424,28154240,4757184,23163584,16252864,16236480
2026-05-13T16:19:14+01:00,server,313728609,7870,1356792,1330145218,6758,0,69642,0,32911424,28150208,4761216,23159552,16252864,16236480
2026-05-13T16:19:15+01:00,server,313731082,7870,1356805,1330147675,6758,0,69643,0,32911424,28152512,4758912,23161856,16252864,16236480
2026-05-13T16:19:16+01:00,server,313733529,7870,1356813,1330150136,6758,0,69643,0,32911424,28147008,4764416,23156352,16252864,16236480
2026-05-13T16:19:17+01:00,server,313736004,7870,1356816,1330152599,6758,0,69643,0,32911424,28148224,4763200,23157504,16252864,16236480
2026-05-13T16:19:18+01:00,server,313738456,7870,1356833,1330155054,6758,0,69643,0,32911424,28148032,4763392,23157312,16252864,16236480
2026-05-13T16:19:19+01:00,server,313740907,7870,1356846,1330157508,6758,0,69643,0,32911424,28146368,4765056,23155648,16252864,16236480
2026-05-13T16:19:20+01:00,server,313743381,7870,1356861,1330159962,6758,0,69643,0,32911424,28147712,4763712,23156992,16252864,16236480
2026-05-13T16:19:21+01:00,server,313745836,7870,1356871,1330162416,6758,0,69643,0,32911424,28149632,4761792,23158912,16252864,16236480
2026-05-13T16:19:22+01:00,server,313748323,7870,1356896,1330164843,6758,0,69643,0,32911424,28152000,4759424,23161280,16252864,16236480
2026-05-13T16:19:23+01:00,server,313750772,7870,1356913,1330167297,6758,0,69643,0,32911424,28150848,4760576,23160128,16252864,16236480
2026-05-13T16:19:24+01:00,server,313753246,7870,1356930,1330169750,6758,0,69643,0,32911424,28150528,4760896,23159808,16252864,16236480
2026-05-13T16:19:25+01:00,server,313755670,7870,1356947,1330172204,6758,0,69643,0,32911424,28150528,4760896,23159808,16252864,16236480
2026-05-13T16:19:26+01:00,server,313758123,7870,1356973,1330174658,6758,0,69644,0,32911424,28148992,4762432,23158272,16252864,16236480
2026-05-13T16:19:27+01:00,server,313760551,7870,1356984,1330177112,6758,0,69644,0,32911424,28146240,4765184,23155520,16252864,16236480
2026-05-13T16:19:28+01:00,server,313763024,7870,1356995,1330179571,6758,0,69644,0,32911424,28147520,4763904,23156800,16252864,16236480
2026-05-13T16:19:29+01:00,server,313765448,7870,1357005,1330182040,6758,0,69644,0,32911424,28147328,4764096,23156608,16252864,16236480
2026-05-13T16:19:30+01:00,server,313767898,7870,1357019,1330184492,6758,0,69644,0,32911424,28149120,4762304,23158400,16252864,16236480
2026-05-13T16:19:31+01:00,server,313770372,7870,1357037,1330186947,6758,0,69644,0,32911424,28152384,4759040,23161664,16252864,16236480
2026-05-13T16:19:32+01:00,server,313772845,7870,1357048,1330189399,6758,0,69645,0,32911424,28151040,4760384,23160320,16252864,16236480
2026-05-13T16:19:33+01:00,server,313775296,7870,1357062,1330191854,6758,0,69645,0,32911424,28150464,4760960,23159744,16252864,16236480
2026-05-13T16:19:34+01:00,server,313777771,7870,1357075,1330194308,6758,0,69645,0,32911424,28149568,4761856,23158784,16252864,16236480
2026-05-13T16:19:35+01:00,server,313780245,7870,1357089,1330196761,6758,0,69645,0,32911424,28149056,4762368,23158272,16252864,16236480
2026-05-13T16:19:36+01:00,server,313782719,7870,1357103,1330199195,6758,0,69647,0,32911424,28150208,4761216,23159424,16252864,16236480
2026-05-13T16:19:37+01:00,server,313785170,7870,1357122,1330201649,6758,0,69647,0,32911424,28149248,4762176,23158464,16252864,16236480
2026-05-13T16:19:38+01:00,server,313787645,7870,1357138,1330204103,6758,0,69647,0,32911424,28146752,4764672,23155968,16252864,16236480
2026-05-13T16:19:39+01:00,server,313790069,7870,1357154,1330206557,6758,0,69648,0,32911424,28139776,4771648,23148992,16252864,16236480
2026-05-13T16:19:41+01:00,server,313792537,7870,1357176,1330209011,6758,0,69648,0,32911424,28141184,4770240,23150400,16252864,16236480
2026-05-13T16:19:42+01:00,server,313794963,7870,1357184,1330211475,6758,0,69649,0,32911424,28138240,4773184,23147456,16252864,16236480
2026-05-13T16:19:43+01:00,server,313797434,7870,1357200,1330213929,6758,0,69650,0,32911424,28140032,4771392,23149248,16252864,16236480
2026-05-13T16:19:44+01:00,server,313799884,7870,1357216,1330216383,6758,0,69650,0,32911424,28139776,4771648,23148928,16252864,16236480
2026-05-13T16:19:45+01:00,server,313802338,7870,1357229,1330218834,6758,0,69650,0,32911424,28139968,4771456,23149120,16252864,16236480
2026-05-13T16:19:46+01:00,server,313804789,7870,1357243,1330221290,6758,0,69651,0,32911424,28139648,4771776,23148800,16252864,16236480
2026-05-13T16:19:47+01:00,server,313807264,7870,1357256,1330223746,6758,0,69651,0,32911424,28140608,4770816,23149760,16252864,16236480
2026-05-13T16:19:48+01:00,server,313809712,7870,1357270,1330226199,6758,0,69652,0,32911424,28141568,4769856,23150720,16252864,16236480
2026-05-13T16:19:49+01:00,server,313812161,7870,1357287,1330228652,6758,0,69653,0,32911424,28143680,4767744,23152832,16252864,16236480
2026-05-13T16:19:50+01:00,server,313814611,7870,1357303,1330231107,6758,0,69653,0,32911424,28141504,4769920,23150656,16252864,16236480
2026-05-13T16:19:51+01:00,server,313817074,7870,1357322,1330233559,6758,0,69654,0,32911424,28142848,4768576,23152000,16252864,16236480
2026-05-13T16:19:52+01:00,server,313819554,7870,1357350,1330235986,6758,0,69655,0,32911424,28145920,4765504,23155072,16252864,16236480
2026-05-13T16:19:53+01:00,server,313822009,7870,1357362,1330238444,6758,0,69655,0,32911424,28146560,4764864,23155648,16252864,16236480
2026-05-13T16:19:54+01:00,server,313824482,7870,1357368,1330240910,6758,0,69655,0,32911424,28143872,4767552,23152960,16252864,16236480
2026-05-13T16:19:55+01:00,server,313826917,7870,1357380,1330243371,6758,0,69655,0,32911424,28144832,4766592,23153920,16252864,16236480
2026-05-13T16:19:56+01:00,server,313829383,7870,1357390,1330245827,6758,0,69655,0,32911424,28146368,4765056,23155456,16252864,16236480
2026-05-13T16:19:57+01:00,server,313831857,7870,1357404,1330248283,6758,0,69655,0,32911424,28146560,4764864,23155648,16252864,16236480
2026-05-13T16:19:58+01:00,server,313834284,7870,1357419,1330250737,6758,0,69655,0,32911424,28145792,4765632,23154880,16252864,16236480
2026-05-13T16:19:59+01:00,server,313836762,7870,1357426,1330253194,6758,0,69655,0,32911424,28146560,4764864,23155648,16252864,16236480
2026-05-13T16:20:00+01:00,server,313839235,7870,1357441,1330255650,6758,0,69656,0,32911424,28144704,4766720,23153792,16252864,16236480
2026-05-13T16:20:01+01:00,server,313841686,7870,1357452,1330258106,6758,0,69656,0,32911424,28146432,4764992,23155520,16252864,16236480
2026-05-13T16:20:02+01:00,server,313844164,7870,1357467,1330260553,6758,0,69658,0,32911424,28135616,4775808,23144512,16252864,16236480
2026-05-13T16:20:03+01:00,server,313846612,7870,1357480,1330263008,6758,0,69658,0,32911424,28138112,4773312,23147008,16252864,16236480
2026-05-13T16:20:04+01:00,server,313849087,7870,1357493,1330265468,6758,0,69658,0,32911424,28136576,4774848,23145472,16252864,16236480
2026-05-13T16:20:05+01:00,server,313851560,7870,1357506,1330267923,6758,0,69658,0,32911424,28138560,4772864,23147456,16252864,16236480
2026-05-13T16:20:06+01:00,server,313854008,7870,1357511,1330270382,6758,0,69658,0,32911424,28136640,4774784,23145536,16252864,16236480
2026-05-13T16:20:07+01:00,server,313856385,7870,1357527,1330272814,6758,0,69660,0,32911424,28138752,4772672,23147520,16252864,16236480
2026-05-13T16:20:08+01:00,server,313858673,7870,1357542,1330275269,6758,0,69660,0,32911424,28138944,4772480,23147712,16252864,16236480
2026-05-13T16:20:09+01:00,server,313861147,7870,1357558,1330277724,6758,0,69660,0,32911424,28139136,4772288,23147904,16252864,16236480
2026-05-13T16:20:10+01:00,server,313863596,7870,1357572,1330280178,6758,0,69660,0,32911424,28137856,4773568,23146624,16252864,16236480
2026-05-13T16:20:11+01:00,server,313866069,7870,1357585,1330282632,6758,0,69660,0,32911424,28138240,4773184,23147008,16252864,16236480
2026-05-13T16:20:12+01:00,server,313868474,7870,1357596,1330285134,6758,0,69660,0,32911424,28137152,4774272,23145920,16252864,16236480
2026-05-13T16:20:13+01:00,server,313870926,7870,1357604,1330287577,6758,0,69661,0,32911424,28136192,4775232,23144960,16252864,16236480
2026-05-13T16:20:14+01:00,server,313873399,7870,1357618,1330290020,6758,0,69661,0,32911424,28135232,4776192,23144000,16252864,16236480
2026-05-13T16:20:15+01:00,server,313875850,7870,1357626,1330292461,6758,0,69662,0,32911424,28133568,4777856,23142336,16252864,16236480
2026-05-13T16:20:16+01:00,server,313878300,7870,1357638,1330294903,6758,0,69662,0,32911424,28132416,4779008,23141184,16252864,16236480
2026-05-13T16:20:17+01:00,server,313880781,7870,1357645,1330297346,6758,0,69662,0,32911424,28134144,4777280,23142912,16252864,16236480
2026-05-13T16:20:18+01:00,server,313883231,7870,1357651,1330299793,6758,0,69662,0,32911424,28133376,4778048,23142144,16252864,16236480
2026-05-13T16:20:19+01:00,server,313885705,7870,1357656,1330302246,6758,0,69663,0,32911424,28135872,4775552,23144640,16252864,16236480
2026-05-13T16:20:21+01:00,server,313888176,7870,1357673,1330304708,6758,0,69663,0,32911424,28130880,4780544,23139648,16252864,16236480
2026-05-13T16:20:22+01:00,server,313890643,7870,1357690,1330307139,6758,0,69664,0,32911424,28136448,4774976,23145216,16252864,16236480
2026-05-13T16:20:23+01:00,server,313893119,7870,1357700,1330309595,6758,0,69664,0,32911424,28136256,4775168,23145024,16252864,16236480
2026-05-13T16:20:24+01:00,server,313895594,7870,1357713,1330312053,6758,0,69664,0,32911424,28137024,4774400,23145792,16252864,16236480
2026-05-13T16:20:25+01:00,server,313898047,7870,1357722,1330314507,6758,0,69665,0,32911424,28138624,4772800,23147392,16252864,16236480
2026-05-13T16:20:26+01:00,server,313900516,7870,1357741,1330316963,6758,0,69666,0,32911424,28138816,4772608,23147584,16252864,16236480
2026-05-13T16:20:27+01:00,server,313902967,7870,1357754,1330319418,6758,0,69667,0,32911424,28140800,4770624,23149568,16252864,16236480
2026-05-13T16:20:28+01:00,server,313905442,7870,1357766,1330321875,6758,0,69667,0,32911424,28139264,4772160,23148032,16252864,16236480
2026-05-13T16:20:29+01:00,server,313907892,7870,1357779,1330324329,6758,0,69667,0,32911424,28139904,4771520,23148608,16252864,16236480
2026-05-13T16:20:30+01:00,server,313910342,7870,1357790,1330326783,6758,0,69667,0,32911424,28139328,4772096,23148032,16252864,16236480
2026-05-13T16:20:31+01:00,server,313912814,7870,1357801,1330329242,6758,0,69667,0,32911424,28134528,4776896,23143232,16252864,16236480
2026-05-13T16:20:32+01:00,server,313915263,7870,1357807,1330331709,6758,0,69667,0,32911424,28137216,4774208,23145920,16252864,16236480
2026-05-13T16:20:33+01:00,server,313917711,7870,1357820,1330334167,6758,0,69669,0,32911424,28137024,4774400,23145728,16252864,16236480
2026-05-13T16:20:34+01:00,server,313920162,7870,1357832,1330336625,6758,0,69670,0,32911424,28134208,4777216,23142848,16252864,16236480
2026-05-13T16:20:35+01:00,server,313922618,7870,1357840,1330339082,6758,0,69670,0,32911424,28134592,4776832,23143232,16252864,16236480
2026-05-13T16:20:36+01:00,server,313925063,7870,1357855,1330341536,6758,0,69671,0,32911424,28135552,4775872,23144192,16252864,16236480
2026-05-13T16:20:37+01:00,server,313927526,7870,1357873,1330343969,6758,0,69671,0,32911424,28134016,4777408,23142656,16252864,16236480
2026-05-13T16:20:38+01:00,server,313929978,7870,1357888,1330346427,6758,0,69671,0,32911424,28135808,4775616,23144448,16252864,16236480
2026-05-13T16:20:39+01:00,server,313932359,7870,1357901,1330348889,6758,0,69673,0,32911424,28136576,4774848,23145216,16252864,16236480
2026-05-13T16:20:40+01:00,server,313934797,7870,1357912,1330351346,6758,0,69674,0,32911424,28134528,4776896,23143168,16252864,16236480
2026-05-13T16:20:41+01:00,server,313937271,7870,1357923,1330353801,6758,0,69674,0,32911424,28134528,4776896,23143168,16252864,16236480
2026-05-13T16:20:42+01:00,server,313939722,7870,1357933,1330356256,6758,0,69675,0,32911424,28136512,4774912,23145152,16252864,16236480
2026-05-13T16:20:43+01:00,server,313942195,7870,1357945,1330358712,6758,0,69676,0,32911424,28137280,4774144,23145920,16252864,16236480
2026-05-13T16:20:44+01:00,server,313944665,7870,1357952,1330361186,6758,0,69677,0,32911424,28135936,4775488,23144576,16252864,16236480
2026-05-13T16:20:45+01:00,server,313947091,7870,1357968,1330363646,6758,0,69677,0,32911424,28136064,4775360,23144704,16252864,16236480
2026-05-13T16:20:46+01:00,server,313949541,7870,1357978,1330366103,6758,0,69679,0,32911424,28137024,4774400,23145664,16252864,16236480
2026-05-13T16:20:47+01:00,server,313952013,7870,1357993,1330368559,6758,0,69679,0,32911424,28136832,4774592,23145472,16252864,16236480
2026-05-13T16:20:48+01:00,server,313954441,7870,1358006,1330371013,6758,0,69680,0,32911424,28140672,4770752,23149312,16252864,16236480
2026-05-13T16:20:49+01:00,server,313956917,7870,1358019,1330373471,6758,0,69681,0,32911424,28139136,4772288,23147776,16252864,16236480
2026-05-13T16:20:50+01:00,server,313959389,7870,1358034,1330375927,6758,0,69681,0,32911424,28138368,4773056,23147008,16252864,16236480
2026-05-13T16:20:51+01:00,server,313961814,7870,1358050,1330378383,6758,0,69681,0,32911424,28140288,4771136,23148928,16252864,16236480
2026-05-13T16:20:52+01:00,server,313964305,7870,1358071,1330380810,6758,0,69683,0,32911424,28141056,4770368,23149696,16252864,16236480
2026-05-13T16:20:53+01:00,server,313966780,7870,1358084,1330383266,6758,0,69683,0,32911424,28140864,4770560,23149504,16252864,16236480
2026-05-13T16:20:54+01:00,server,313969226,7870,1358102,1330385722,6758,0,69683,0,32911424,28138368,4773056,23147008,16252864,16236480
2026-05-13T16:20:55+01:00,server,313971698,7870,1358117,1330388176,6758,0,69686,0,32911424,28139136,4772288,23147776,16252864,16236480
2026-05-13T16:20:56+01:00,server,313974172,7870,1358121,1330390641,6758,0,69686,0,32911424,28137792,4773632,23146432,16252864,16236480
2026-05-13T16:20:57+01:00,server,313976622,7870,1358128,1330393100,6758,0,69688,0,32911424,28139136,4772288,23147776,16252864,16236480
2026-05-13T16:20:58+01:00,server,313979096,7870,1358138,1330395555,6758,0,69689,0,32911424,28138240,4773184,23146816,16252864,16236480
2026-05-13T16:21:00+01:00,server,313981547,7870,1358150,1330398008,6758,0,69689,0,32911424,28140928,4770496,23149504,16252864,16236480
2026-05-13T16:21:01+01:00,server,313983998,7870,1358166,1330400464,6758,0,69689,0,32911424,28141120,4770304,23149696,16252864,16236480
2026-05-13T16:21:02+01:00,server,313986472,7870,1358180,1330402918,6758,0,69689,0,32911424,28142464,4768960,23151040,16252864,16236480
2026-05-13T16:21:03+01:00,server,313988900,7870,1358196,1330405373,6758,0,69690,0,32911424,28144448,4766976,23153024,16252864,16236480
2026-05-13T16:21:04+01:00,server,313991353,7870,1358207,1330407828,6758,0,69691,0,32911424,28141248,4770176,23149824,16252864,16236480
2026-05-13T16:21:05+01:00,server,313993802,7870,1358218,1330410283,6758,0,69691,0,32911424,28141248,4770176,23149824,16252864,16236480
2026-05-13T16:21:06+01:00,server,313996276,7870,1358232,1330412738,6758,0,69691,0,32911424,28141888,4769536,23150464,16252864,16236480
2026-05-13T16:21:07+01:00,server,313998770,7870,1358251,1330415172,6758,0,69691,0,32911424,28142400,4769024,23150976,16252864,16236480
2026-05-13T16:21:08+01:00,server,314001218,7870,1358264,1330417626,6758,0,69691,0,32911424,28141824,4769600,23150400,16252864,16236480
2026-05-13T16:21:09+01:00,server,314003689,7870,1358272,1330420091,6758,0,69691,0,32911424,28143360,4768064,23151936,16252864,16236480
2026-05-13T16:21:10+01:00,server,314006115,7870,1358279,1330422552,6758,0,69691,0,32911424,28141824,4769600,23150400,16252864,16236480
2026-05-13T16:21:11+01:00,server,314008586,7870,1358294,1330425008,6758,0,69691,0,32911424,28143232,4768192,23151808,16252864,16236480
2026-05-13T16:21:12+01:00,server,314011058,7870,1358310,1330427462,6758,0,69691,0,32911424,28144576,4766848,23153152,16252864,16236480
2026-05-13T16:21:13+01:00,server,314013508,7870,1358323,1330429919,6758,0,69691,0,32911424,28145088,4766336,23153664,16252864,16236480
2026-05-13T16:21:14+01:00,server,314015958,7870,1358338,1330432378,6758,0,69691,0,32911424,28146432,4764992,23155008,16252864,16236480
2026-05-13T16:21:15+01:00,server,314018434,7870,1358349,1330434833,6758,0,69691,0,32911424,28145536,4765888,23154048,16252864,16236480
2026-05-13T16:21:16+01:00,server,314020886,7870,1358360,1330437289,6758,0,69691,0,32911424,28145152,4766272,23153664,16252864,16236480
2026-05-13T16:21:17+01:00,server,314023361,7870,1358373,1330439743,6758,0,69691,0,32911424,28142144,4769280,23150592,16252864,16236480
2026-05-13T16:21:18+01:00,server,314025811,7870,1358387,1330442198,6758,0,69691,0,32911424,28140736,4770688,23149184,16252864,16236480
2026-05-13T16:21:19+01:00,server,314028194,7870,1358424,1330444656,6758,0,69692,0,32911424,28136896,4774528,23145344,16252864,16236480
2026-05-13T16:21:20+01:00,server,314030650,7870,1358432,1330447113,6758,0,69692,0,32911424,28141824,4769600,23150272,16252864,16236480
2026-05-13T16:21:21+01:00,server,314033099,7870,1358438,1330449578,6758,0,69692,0,32911424,28142592,4768832,23151040,16252864,16236480
2026-05-13T16:21:22+01:00,server,314035576,7870,1358455,1330452021,6758,0,69692,0,32911424,28144064,4767360,23152512,16252864,16236480
2026-05-13T16:21:23+01:00,server,314038025,7870,1358470,1330454477,6758,0,69693,0,32911424,28143040,4768384,23151488,16252864,16236480
2026-05-13T16:21:24+01:00,server,314040452,7870,1358484,1330456935,6758,0,69693,0,32911424,28143616,4767808,23152064,16252864,16236480
2026-05-13T16:21:25+01:00,server,314042929,7870,1358494,1330459393,6758,0,69693,0,32911424,28142464,4768960,23150912,16252864,16236480
2026-05-13T16:21:26+01:00,server,314045331,7870,1358511,1330461899,6758,0,69694,0,32911424,28140160,4771264,23148608,16252864,16236480
2026-05-13T16:21:27+01:00,server,314047782,7870,1358521,1330464346,6758,0,69694,0,32911424,28142016,4769408,23150464,16252864,16236480
2026-05-13T16:21:28+01:00,server,314050257,7870,1358532,1330466796,6758,0,69695,0,32911424,28142784,4768640,23151232,16252864,16236480
2026-05-13T16:21:29+01:00,server,314052710,7870,1358539,1330469245,6758,0,69696,0,32911424,28138368,4773056,23146816,16252864,16236480
2026-05-13T16:21:30+01:00,server,314055178,7870,1358552,1330471693,6758,0,69697,0,32911424,28140480,4770944,23148928,16252864,16236480
2026-05-13T16:21:31+01:00,server,314057599,7870,1358560,1330474141,6758,0,69697,0,32911424,28141312,4770112,23149760,16252864,16236480
2026-05-13T16:21:32+01:00,server,314060037,7870,1358571,1330476586,6758,0,69697,0,32911424,28141696,4769728,23150144,16252864,16236480
2026-05-13T16:21:33+01:00,server,314062510,7870,1358582,1330479052,6758,0,69697,0,32911424,28140160,4771264,23148608,16252864,16236480
2026-05-13T16:21:34+01:00,server,314064912,7870,1358589,1330481543,6758,0,69699,0,32911424,28140544,4770880,23148992,16252864,16236480
2026-05-13T16:21:35+01:00,server,314067383,7870,1358603,1330484030,6758,0,69699,0,32911424,28139200,4772224,23147648,16252864,16236480
2026-05-13T16:21:36+01:00,server,314069866,7870,1358623,1330486465,6758,0,69701,0,32911424,28139776,4771648,23148224,16252864,16236480
2026-05-13T16:21:38+01:00,server,314072294,7870,1358638,1330488924,6758,0,69701,0,32911424,28137088,4774336,23145536,16252864,16236480
2026-05-13T16:21:39+01:00,server,314074768,7870,1358651,1330491385,6758,0,69701,0,32911424,28137856,4773568,23146304,16252864,16236480
2026-05-13T16:21:40+01:00,server,314077267,7870,1358667,1330493905,6758,0,69701,0,32911424,28137728,4773696,23146176,16252864,16236480
2026-05-13T16:21:41+01:00,server,314079771,7870,1358674,1330496405,6758,0,69701,0,32911424,28138880,4772544,23147328,16252864,16236480
2026-05-13T16:21:42+01:00,server,314082245,7870,1358705,1330498892,6758,0,69702,0,32911424,28136576,4774848,23145024,16252864,16236480
2026-05-13T16:21:43+01:00,server,314084716,7870,1358720,1330501372,6758,0,69702,0,32911424,28135040,4776384,23143488,16252864,16236480
2026-05-13T16:21:44+01:00,server,314087168,7870,1358730,1330503830,6758,0,69702,0,32911424,28137664,4773760,23146112,16252864,16236480
2026-05-13T16:21:45+01:00,server,314089619,7870,1358746,1330506287,6758,0,69702,0,32911424,28133760,4777664,23142208,16252864,16236480
2026-05-13T16:21:46+01:00,server,314092068,7870,1358753,1330508751,6758,0,69702,0,32911424,28137408,4774016,23145856,16252864,16236480
2026-05-13T16:21:47+01:00,server,314094521,7870,1358758,1330511219,6758,0,69702,0,32911424,28137216,4774208,23145600,16252864,16236480
2026-05-13T16:21:48+01:00,server,314096994,7870,1358773,1330513676,6758,0,69702,0,32911424,28137792,4773632,23146176,16252864,16236480
2026-05-13T16:21:49+01:00,server,314099419,7870,1358790,1330516134,6758,0,69702,0,32911424,28136512,4774912,23144896,16252864,16236480
2026-05-13T16:21:50+01:00,server,314101889,7870,1358809,1330518592,6758,0,69702,0,32911424,28138432,4772992,23146816,16252864,16236480
2026-05-13T16:21:51+01:00,server,314104363,7870,1358822,1330521044,6758,0,69703,0,32911424,28138048,4773376,23146432,16252864,16236480
2026-05-13T16:21:52+01:00,server,314106908,7870,1358830,1330523518,6758,0,69703,0,32911424,28139392,4772032,23147776,16252864,16236480
2026-05-13T16:21:53+01:00,server,314109453,7870,1358845,1330526051,6758,0,69703,0,32911424,28139968,4771456,23148352,16252864,16236480
2026-05-13T16:21:54+01:00,server,314111947,7870,1358862,1330528581,6758,0,69704,0,32911424,28139968,4771456,23148352,16252864,16236480
2026-05-13T16:21:55+01:00,server,314114445,7870,1358876,1330531062,6758,0,69704,0,32911424,28140544,4770880,23148928,16252864,16236480
2026-05-13T16:21:56+01:00,server,314116942,7870,1358894,1330533584,6758,0,69704,0,32911424,28139072,4772352,23147392,16252864,16236480
2026-05-13T16:21:57+01:00,server,314119414,7870,1358907,1330536040,6758,0,69705,0,32911424,28138880,4772544,23147200,16252864,16236480
2026-05-13T16:21:58+01:00,server,314121861,7870,1358917,1330538502,6758,0,69706,0,32911424,28137792,4773632,23146176,16252864,16236480
2026-05-13T16:21:59+01:00,server,314124309,7870,1358922,1330540973,6758,0,69706,0,32911424,28137216,4774208,23145664,16252864,16236480
2026-05-13T16:22:00+01:00,server,314126785,7870,1358934,1330543429,6758,0,69707,0,32911424,28137984,4773440,23146432,16252864,16236480
2026-05-13T16:22:01+01:00,server,314129209,7870,1358950,1330545888,6758,0,69707,0,32911424,28140864,4770560,23149312,16252864,16236480
2026-05-13T16:22:02+01:00,server,314131657,7870,1358965,1330548345,6758,0,69708,0,32911424,28143936,4767488,23152384,16252864,16236480
2026-05-13T16:22:03+01:00,server,314134108,7870,1358979,1330550803,6758,0,69709,0,32911424,28143936,4767488,23152384,16252864,16236480
2026-05-13T16:22:04+01:00,server,314136535,7870,1358991,1330553259,6758,0,69709,0,32911424,28144640,4766784,23153088,16252864,16236480
2026-05-13T16:22:05+01:00,server,314138976,7870,1359007,1330555726,6758,0,69709,0,32911424,28142336,4769088,23150784,16252864,16236480
2026-05-13T16:22:06+01:00,server,314141469,7870,1359028,1330558162,6758,0,69709,0,32911424,28143872,4767552,23152320,16252864,16236480
2026-05-13T16:22:07+01:00,server,314143898,7870,1359039,1330560617,6758,0,69709,0,32911424,28140416,4771008,23148864,16252864,16236480
2026-05-13T16:22:08+01:00,server,314146346,7870,1359054,1330563073,6758,0,69711,0,32911424,28139200,4772224,23147648,16252864,16236480
2026-05-13T16:22:10+01:00,server,314148817,7870,1359068,1330565527,6758,0,69712,0,32911424,28137280,4774144,23145728,16252864,16236480
2026-05-13T16:22:11+01:00,server,314151235,7870,1359085,1330567986,6758,0,69712,0,32911424,28138880,4772544,23147328,16252864,16236480
2026-05-13T16:22:12+01:00,server,314153684,7870,1359091,1330570451,6758,0,69712,0,32911424,28139200,4772224,23147648,16252864,16236480
2026-05-13T16:22:13+01:00,server,314156155,7870,1359106,1330572913,6759,0,69713,0,32911424,28136960,4774464,23145344,16252864,16236480
2026-05-13T16:22:14+01:00,server,314158600,7870,1359123,1330575371,6759,0,69713,0,32911424,28136576,4774848,23144960,16252864,16236480
2026-05-13T16:22:15+01:00,server,314161070,7870,1359140,1330577827,6759,0,69713,0,32911424,28136256,4775168,23144640,16252864,16236480
2026-05-13T16:22:16+01:00,server,314163521,7870,1359155,1330580282,6759,0,69713,0,32911424,28135680,4775744,23144064,16252864,16236480
2026-05-13T16:22:17+01:00,server,314165968,7870,1359172,1330582737,6759,0,69713,0,32911424,28136640,4774784,23145024,16252864,16236480
2026-05-13T16:22:18+01:00,server,314168440,7870,1359186,1330585192,6759,0,69713,0,32911424,28133568,4777856,23141952,16252864,16236480
2026-05-13T16:22:19+01:00,server,314170890,7870,1359194,1330587645,6759,0,69713,0,32911424,28134720,4776704,23143104,16252864,16236480
2026-05-13T16:22:20+01:00,server,314173342,7870,1359209,1330590100,6759,0,69713,0,32911424,28132224,4779200,23140608,16252864,16236480
2026-05-13T16:22:21+01:00,server,314175811,7870,1359227,1330592554,6759,0,69714,0,32911424,28131072,4780352,23139456,16252864,16236480
2026-05-13T16:22:22+01:00,server,314178287,7870,1359241,1330594980,6759,0,69715,0,32911424,28134528,4776896,23142912,16252864,16236480
2026-05-13T16:22:23+01:00,server,314180761,7870,1359256,1330597437,6759,0,69715,0,32911424,28132032,4779392,23140416,16252864,16236480
2026-05-13T16:22:24+01:00,server,314183237,7870,1359263,1330599904,6759,0,69715,0,32911424,28127808,4783616,23136192,16252864,16236480
2026-05-13T16:22:25+01:00,server,314185688,7870,1359271,1330602363,6759,0,69715,0,32911424,28132352,4779072,23140736,16252864,16236480
2026-05-13T16:22:26+01:00,server,314188136,7870,1359286,1330604818,6759,0,69716,0,32911424,28131776,4779648,23140160,16252864,16236480
2026-05-13T16:22:27+01:00,server,314190589,7870,1359293,1330607274,6759,0,69717,0,32911424,28132352,4779072,23140736,16252864,16236480
2026-05-13T16:22:28+01:00,server,314193066,7870,1359304,1330609734,6759,0,69718,0,32911424,28132416,4779008,23140800,16252864,16236480
2026-05-13T16:22:29+01:00,server,314195540,7870,1359319,1330612187,6759,0,69718,0,32911424,28131392,4780032,23139776,16252864,16236480
2026-05-13T16:22:30+01:00,server,314197992,7870,1359332,1330614641,6759,0,69719,0,32911424,28133760,4777664,23142080,16252864,16236480
2026-05-13T16:22:31+01:00,server,314200499,7870,1359365,1330617041,6759,0,69720,0,32911424,28122624,4788800,23130944,16252864,16236480
2026-05-13T16:22:32+01:00,server,314203045,7870,1359383,1330619392,6759,0,69721,0,32911424,28122816,4788608,23131136,16252864,16236480
2026-05-13T16:22:33+01:00,server,314205558,7870,1359405,1330621795,6759,0,69726,0,32911424,28128384,4783040,23136704,16252864,16236480
2026-05-13T16:22:34+01:00,server,314208032,7870,1359420,1330624248,6759,0,69726,0,32911424,28128000,4783424,23136320,16252864,16236480
2026-05-13T16:22:35+01:00,server,314210482,7870,1359432,1330626701,6759,0,69728,0,32911424,28129856,4781568,23138176,16252864,16236480
2026-05-13T16:22:36+01:00,server,314212951,7870,1359443,1330629164,6759,0,69728,0,32911424,28130624,4780800,23138944,16252864,16236480
2026-05-13T16:22:37+01:00,server,314215402,7870,1359455,1330631600,6759,0,69728,0,32911424,28130944,4780480,23139264,16252864,16236480
2026-05-13T16:22:38+01:00,server,314217876,7870,1359472,1330634058,6759,0,69729,0,32911424,28129024,4782400,23137344,16252864,16236480
2026-05-13T16:22:39+01:00,server,314220328,7870,1359483,1330636511,6759,0,69730,0,32911424,28132096,4779328,23140416,16252864,16236480
2026-05-13T16:22:40+01:00,server,314222776,7870,1359501,1330638964,6759,0,69730,0,32911424,28133824,4777600,23142144,16252864,16236480
2026-05-13T16:22:41+01:00,server,314225229,7870,1359513,1330641420,6759,0,69730,0,32911424,28129024,4782400,23137344,16252864,16236480
2026-05-13T16:22:42+01:00,server,314227630,7870,1359527,1330643924,6759,0,69732,0,32911424,28134976,4776448,23143296,16252864,16236480
2026-05-13T16:22:43+01:00,server,314230105,7870,1359538,1330646370,6759,0,69732,0,32911424,28131520,4779904,23139840,16252864,16236480
2026-05-13T16:22:44+01:00,server,314232557,7870,1359547,1330648818,6759,0,69733,0,32911424,28133376,4778048,23141568,16252864,16236480
2026-05-13T16:22:45+01:00,server,314235031,7870,1359559,1330651267,6759,0,69734,0,32911424,28128640,4782784,23136768,16252864,16236480
2026-05-13T16:22:46+01:00,server,314237484,7870,1359568,1330653713,6759,0,69734,0,32911424,28125824,4785600,23133888,16252864,16236480
2026-05-13T16:22:47+01:00,server,314239959,7870,1359580,1330656161,6759,0,69734,0,32911424,28126464,4784960,23134464,16252864,16236480
2026-05-13T16:22:48+01:00,server,314242408,7870,1359588,1330658611,6759,0,69734,0,32911424,28128000,4783424,23136000,16252864,16236480
2026-05-13T16:22:50+01:00,server,314244862,7870,1359596,1330661076,6759,0,69734,0,32911424,28126464,4784960,23134464,16252864,16236480
2026-05-13T16:22:51+01:00,server,314247268,7870,1359608,1330663532,6759,0,69735,0,32911424,28126848,4784576,23134848,16252864,16236480
2026-05-13T16:22:52+01:00,server,314249749,7870,1359635,1330665963,6759,0,69737,0,32911424,28130496,4780928,23138496,16252864,16236480
2026-05-13T16:22:53+01:00,server,314252227,7870,1359650,1330668418,6759,0,69738,0,32911424,28129600,4781824,23137600,16252864,16236480
2026-05-13T16:22:54+01:00,server,314254672,7870,1359669,1330670875,6759,0,69738,0,32911424,28130368,4781056,23138368,16252864,16236480
2026-05-13T16:22:55+01:00,server,314257150,7870,1359683,1330673328,6759,0,69738,0,32911424,28130368,4781056,23138368,16252864,16236480
2026-05-13T16:22:56+01:00,server,314259599,7870,1359694,1330675780,6759,0,69738,0,32911424,28132288,4779136,23140288,16252864,16236480
2026-05-13T16:22:57+01:00,server,314262071,7870,1359712,1330678233,6759,0,69739,0,32911424,28129984,4781440,23137984,16252864,16236480
2026-05-13T16:22:58+01:00,server,314264546,7870,1359725,1330680687,6759,0,69739,0,32911424,28132800,4778624,23140800,16252864,16236480
2026-05-13T16:22:59+01:00,server,314266993,7870,1359741,1330683140,6759,0,69739,0,32911424,28129152,4782272,23137152,16252864,16236480
2026-05-13T16:23:00+01:00,server,314269421,7870,1359756,1330685593,6759,0,69739,0,32911424,28129344,4782080,23137344,16252864,16236480
2026-05-13T16:23:01+01:00,server,314271871,7870,1359770,1330688047,6759,0,69740,0,32911424,28129728,4781696,23137728,16252864,16236480
2026-05-13T16:23:02+01:00,server,314274346,7870,1359773,1330690513,6759,0,69741,0,32911424,28129536,4781888,23137536,16252864,16236480
2026-05-13T16:23:03+01:00,server,314276796,7870,1359789,1330692968,6759,0,69742,0,32911424,28130496,4780928,23138496,16252864,16236480
2026-05-13T16:23:04+01:00,server,314279246,7870,1359799,1330695422,6759,0,69743,0,32911424,28128960,4782464,23136960,16252864,16236480
2026-05-13T16:23:05+01:00,server,314281696,7870,1359816,1330697876,6759,0,69743,0,32911424,28130240,4781184,23138240,16252864,16236480
2026-05-13T16:23:06+01:00,server,314284170,7870,1359829,1330700329,6759,0,69743,0,32911424,28130752,4780672,23138752,16252864,16236480
2026-05-13T16:23:07+01:00,server,314286616,7870,1359844,1330702759,6759,0,69744,0,32911424,28132160,4779264,23140160,16252864,16236480
2026-05-13T16:23:08+01:00,server,314289068,7870,1359856,1330705211,6759,0,69746,0,32911424,28130816,4780608,23138816,16252864,16236480
2026-05-13T16:23:09+01:00,server,314291492,7870,1359889,1330707669,6759,0,69746,0,32911424,28131776,4779648,23139776,16252864,16236480
2026-05-13T16:23:10+01:00,server,314293967,7870,1359903,1330710121,6759,0,69747,0,32911424,28127168,4784256,23135168,16252864,16236480
2026-05-13T16:23:11+01:00,server,314296411,7870,1359924,1330712575,6759,0,69748,0,32911424,28128128,4783296,23136128,16252864,16236480
2026-05-13T16:23:12+01:00,server,314298861,7870,1359938,1330715029,6759,0,69748,0,32911424,28125440,4785984,23133440,16252864,16236480
2026-05-13T16:23:13+01:00,server,314301331,7870,1359955,1330717485,6759,0,69748,0,32911424,28129280,4782144,23137216,16252864,16236480
2026-05-13T16:23:14+01:00,server,314303717,7870,1359961,1330719947,6759,0,69748,0,32911424,28127168,4784256,23135104,16252864,16236480
2026-05-13T16:23:15+01:00,server,314306077,7870,1359972,1330722402,6759,0,69748,0,32911424,28128704,4782720,23136640,16252864,16236480
2026-05-13T16:23:16+01:00,server,314308549,7870,1359987,1330724858,6759,0,69748,0,32911424,28132352,4779072,23140288,16252864,16236480
2026-05-13T16:23:17+01:00,server,314310981,7870,1359995,1330727308,6759,0,69748,0,32911424,28131200,4780224,23139136,16252864,16236480
2026-05-13T16:23:18+01:00,server,314313455,7870,1360007,1330729762,6759,0,69748,0,32911424,28133760,4777664,23141696,16252864,16236480
2026-05-13T16:23:19+01:00,server,314315886,7870,1360021,1330732215,6759,0,69749,0,32911424,28136064,4775360,23144000,16252864,16236480
2026-05-13T16:23:20+01:00,server,314318358,7870,1360039,1330734669,6759,0,69749,0,32911424,28136640,4774784,23144576,16252864,16236480
2026-05-13T16:23:21+01:00,server,314320806,7870,1360054,1330737121,6759,0,69749,0,32911424,28138944,4772480,23146880,16252864,16236480
2026-05-13T16:23:22+01:00,server,314323277,7870,1360072,1330739556,6759,0,69749,0,32911424,28137920,4773504,23145856,16252864,16236480
2026-05-13T16:23:23+01:00,server,314325705,7870,1360087,1330742011,6759,0,69749,0,32911424,28137664,4773760,23145600,16252864,16236480
2026-05-13T16:23:24+01:00,server,314328156,7870,1360098,1330744463,6759,0,69749,0,32911424,28137408,4774016,23145216,16252864,16236480
2026-05-13T16:23:25+01:00,server,314330633,7870,1360110,1330746919,6759,0,69749,0,32911424,28135936,4775488,23143744,16252864,16236480
2026-05-13T16:23:26+01:00,server,314333060,7870,1360119,1330749373,6759,0,69749,0,32911424,28133056,4778368,23140864,16252864,16236480
2026-05-13T16:23:27+01:00,server,314335534,7870,1360122,1330751839,6759,0,69749,0,32911424,28136512,4774912,23144320,16252864,16236480
2026-05-13T16:23:29+01:00,server,314337987,7870,1360139,1330754295,6759,0,69749,0,32911424,28134464,4776960,23142208,16252864,16236480
2026-05-13T16:23:30+01:00,server,314340439,7870,1360150,1330756752,6759,0,69749,0,32911424,28132736,4778688,23140480,16252864,16236480
2026-05-13T16:23:31+01:00,server,314342914,7870,1360162,1330759210,6759,0,69749,0,32911424,28134144,4777280,23141824,16252864,16236480
2026-05-13T16:23:32+01:00,server,314345368,7870,1360172,1330761666,6759,0,69749,0,32911424,28132224,4779200,23139904,16252864,16236480
2026-05-13T16:23:33+01:00,server,314347792,7870,1360186,1330764122,6759,0,69750,0,32911424,28130496,4780928,23138176,16252864,16236480
2026-05-13T16:23:34+01:00,server,314350264,7870,1360201,1330766580,6759,0,69750,0,32911424,28129152,4782272,23136832,16252864,16236480
2026-05-13T16:23:35+01:00,server,314352737,7870,1360214,1330769035,6759,0,69750,0,32911424,28127232,4784192,23134912,16252864,16236480
2026-05-13T16:23:36+01:00,server,314355139,7870,1360227,1330771490,6759,0,69750,0,32911424,28132224,4779200,23139904,16252864,16236480
2026-05-13T16:23:37+01:00,server,314357612,7870,1360249,1330773919,6759,0,69750,0,32911424,28125696,4785728,23133376,16252864,16236480
2026-05-13T16:23:38+01:00,server,314360058,7870,1360267,1330776373,6759,0,69750,0,32911424,28129152,4782272,23136832,16252864,16236480
2026-05-13T16:23:39+01:00,server,314362529,7870,1360281,1330778830,6759,0,69751,0,32911424,28129536,4781888,23137216,16252864,16236480
2026-05-13T16:23:40+01:00,server,314365002,7870,1360287,1330781293,6759,0,69751,0,32911424,28131264,4780160,23138944,16252864,16236480
2026-05-13T16:23:41+01:00,server,314367423,7870,1360303,1330783750,6759,0,69751,0,32911424,28130112,4781312,23137792,16252864,16236480
2026-05-13T16:23:42+01:00,server,314369873,7870,1360318,1330786206,6759,0,69751,0,32911424,28130368,4781056,23137984,16252864,16236480
2026-05-13T16:23:43+01:00,server,314372323,7870,1360330,1330788661,6759,0,69751,0,32911424,28132352,4779072,23139968,16252864,16236480
2026-05-13T16:23:44+01:00,server,314374774,7870,1360343,1330791122,6759,0,69752,0,32911424,28133184,4778240,23140800,16252864,16236480
2026-05-13T16:23:45+01:00,server,314377245,7870,1360359,1330793576,6759,0,69752,0,32911424,28134528,4776896,23142144,16252864,16236480
2026-05-13T16:23:46+01:00,server,314379693,7870,1360372,1330796032,6759,0,69753,0,32911424,28134464,4776960,23142080,16252864,16236480
2026-05-13T16:23:47+01:00,server,314382164,7870,1360388,1330798486,6759,0,69753,0,32911424,28132864,4778560,23140480,16252864,16236480
2026-05-13T16:23:48+01:00,server,314384481,7870,1360418,1330800940,6759,0,69753,0,32911424,28131968,4779456,23139520,16252864,16236480
2026-05-13T16:23:49+01:00,server,314386886,7870,1360431,1330803398,6759,0,69755,0,32911424,28133120,4778304,23140672,16252864,16236480
2026-05-13T16:23:50+01:00,server,314389360,7870,1360444,1330805854,6759,0,69755,0,32911424,28134016,4777408,23141568,16252864,16236480
2026-05-13T16:23:51+01:00,server,314391812,7870,1360460,1330808302,6759,0,69755,0,32911424,28135936,4775488,23143488,16252864,16236480
2026-05-13T16:23:52+01:00,server,314394310,7870,1360469,1330810741,6759,0,69755,0,32911424,28138624,4772800,23146176,16252864,16236480
2026-05-13T16:23:53+01:00,server,314396758,7870,1360482,1330813203,6759,0,69755,0,32911424,28135360,4776064,23142912,16252864,16236480
2026-05-13T16:23:54+01:00,server,314399184,7870,1360509,1330815658,6759,0,69755,0,32911424,28135360,4776064,23142912,16252864,16236480
2026-05-13T16:23:55+01:00,server,314401661,7870,1360519,1330818113,6759,0,69757,0,32911424,28135936,4775488,23143488,16252864,16236480
2026-05-13T16:23:56+01:00,server,314404090,7870,1360529,1330820568,6759,0,69757,0,32911424,28132480,4778944,23140032,16252864,16236480
2026-05-13T16:23:57+01:00,server,314406564,7870,1360544,1330823022,6759,0,69758,0,32911424,28134400,4777024,23141952,16252864,16236480
2026-05-13T16:23:58+01:00,server,314408996,7870,1360555,1330825528,6759,0,69758,0,32911424,28133760,4777664,23141312,16252864,16236480
2026-05-13T16:23:59+01:00,server,314411446,7870,1360565,1330827975,6759,0,69758,0,32911424,28135232,4776192,23142784,16252864,16236480
2026-05-13T16:24:00+01:00,server,314413900,7870,1360575,1330830421,6759,0,69758,0,32911424,28137792,4773632,23145344,16252864,16236480
2026-05-13T16:24:01+01:00,server,314416378,7870,1360584,1330832870,6759,0,69758,0,32911424,28140096,4771328,23147648,16252864,16236480
2026-05-13T16:24:02+01:00,server,314418814,7870,1360594,1330835317,6759,0,69759,0,32911424,28137856,4773568,23145408,16252864,16236480
2026-05-13T16:24:03+01:00,server,314421292,7870,1360605,1330837764,6759,0,69759,0,32911424,28136384,4775040,23143936,16252864,16236480
2026-05-13T16:24:04+01:00,server,314423742,7870,1360615,1330840215,6759,0,69759,0,32911424,28140160,4771264,23147712,16252864,16236480
2026-05-13T16:24:05+01:00,server,314426209,7870,1360625,1330842682,6759,0,69759,0,32911424,28135424,4776000,23142976,16252864,16236480
2026-05-13T16:24:06+01:00,server,314428669,7870,1360658,1330845110,6759,0,69759,0,32911424,28130880,4780544,23138368,16252864,16236480
2026-05-13T16:24:07+01:00,server,314431118,7870,1360672,1330847569,6759,0,69759,0,32911424,28131648,4779776,23139136,16252864,16236480
2026-05-13T16:24:09+01:00,server,314433459,7870,1360688,1330850027,6759,0,69760,0,32911424,28129344,4782080,23136832,16252864,16236480
2026-05-13T16:24:10+01:00,server,314435911,7870,1360698,1330852485,6759,0,69760,0,32911424,28131840,4779584,23139328,16252864,16236480
2026-05-13T16:24:11+01:00,server,314438386,7874,1360712,1330854939,6759,0,69760,0,32911424,28134400,4777024,23141888,16252864,16236480
2026-05-13T16:24:12+01:00,server,314440814,7874,1360727,1330857397,6759,0,69761,0,32911424,28132288,4779136,23139776,16252864,16236480
2026-05-13T16:24:13+01:00,server,314443260,7874,1360743,1330859855,6759,0,69761,0,32911424,28133568,4777856,23140992,16252864,16236480
2026-05-13T16:24:14+01:00,server,314445709,7874,1360758,1330862312,6759,0,69762,0,32911424,28134592,4776832,23142016,16252864,16236480
2026-05-13T16:24:15+01:00,server,314448158,7874,1360770,1330864771,6759,0,69762,0,32911424,28129984,4781440,23137408,16252864,16236480
2026-05-13T16:24:16+01:00,server,314450586,7874,1360783,1330867230,6759,0,69763,0,32911424,28131712,4779712,23139136,16252864,16236480
2026-05-13T16:24:17+01:00,server,314453036,7874,1360798,1330869689,6759,0,69763,0,32911424,28132480,4778944,23139904,16252864,16236480
2026-05-13T16:24:18+01:00,server,314455486,7874,1360801,1330872158,6759,0,69763,0,32911424,28130368,4781056,23137792,16252864,16236480
2026-05-13T16:24:19+01:00,server,314457958,7874,1360816,1330874620,6759,0,69763,0,32911424,28131136,4780288,23138560,16252864,16236480
2026-05-13T16:24:20+01:00,server,314460429,7874,1360830,1330877078,6759,0,69763,0,32911424,28130048,4781376,23137472,16252864,16236480
2026-05-13T16:24:21+01:00,server,314462876,7874,1360844,1330879537,6759,0,69764,0,32911424,28128320,4783104,23135744,16252864,16236480
2026-05-13T16:24:22+01:00,server,314465385,7874,1360859,1330881971,6759,0,69764,0,32911424,28128512,4782912,23135936,16252864,16236480
2026-05-13T16:24:23+01:00,server,314467816,7874,1360869,1330884432,6759,0,69764,0,32911424,28125760,4785664,23133184,16252864,16236480
2026-05-13T16:24:24+01:00,server,314470243,7874,1360879,1330886892,6759,0,69764,0,32911424,28124480,4786944,23131904,16252864,16236480
2026-05-13T16:24:25+01:00,server,314472696,7874,1360892,1330889351,6759,0,69764,0,32911424,28121408,4790016,23128832,16252864,16236480
2026-05-13T16:24:26+01:00,server,314475169,7874,1360906,1330891813,6759,0,69764,0,32911424,28120768,4790656,23128192,16252864,16236480
2026-05-13T16:24:27+01:00,server,314477597,7874,1360917,1330894273,6759,0,69765,0,32911424,28118464,4792960,23125888,16252864,16236480
2026-05-13T16:24:28+01:00,server,314480071,7874,1360932,1330896730,6759,0,69765,0,32911424,28119424,4792000,23126848,16252864,16236480
2026-05-13T16:24:29+01:00,server,314482483,7874,1360947,1330899189,6759,0,69766,0,32911424,28118656,4792768,23126080,16252864,16236480
2026-05-13T16:24:30+01:00,server,314484954,7874,1360955,1330901653,6759,0,69767,0,32911424,28116096,4795328,23123520,16252864,16236480
2026-05-13T16:24:31+01:00,server,314487430,7874,1360960,1330904118,6759,0,69767,0,32911424,28116480,4794944,23123904,16252864,16236480
2026-05-13T16:24:32+01:00,server,314489858,7874,1360968,1330906575,6759,0,69768,0,32911424,28119232,4792192,23126656,16252864,16236480
2026-05-13T16:24:33+01:00,server,314492307,7874,1360985,1330909032,6759,0,69768,0,32911424,28120768,4790656,23128192,16252864,16236480
2026-05-13T16:24:34+01:00,server,314494737,7874,1360997,1330911489,6759,0,69768,0,32911424,28122496,4788928,23129920,16252864,16236480
2026-05-13T16:24:35+01:00,server,314497212,7874,1361008,1330913946,6759,0,69768,0,32911424,28121920,4789504,23129344,16252864,16236480
2026-05-13T16:24:36+01:00,server,314499684,7874,1361023,1330916405,6759,0,69768,0,32911424,28122112,4789312,23129536,16252864,16236480
2026-05-13T16:24:37+01:00,server,314502129,7874,1361042,1330918835,6759,0,69768,0,32911424,28125504,4785920,23132864,16252864,16236480
2026-05-13T16:24:38+01:00,server,314504577,7874,1361059,1330921293,6759,0,69768,0,32911424,28127808,4783616,23135168,16252864,16236480
2026-05-13T16:24:39+01:00,server,314507029,7874,1361072,1330923752,6759,0,69768,0,32911424,28120896,4790528,23128256,16252864,16236480
2026-05-13T16:24:40+01:00,server,314509477,7874,1361081,1330926210,6759,0,69770,0,32911424,28125120,4786304,23132480,16252864,16236480
2026-05-13T16:24:41+01:00,server,314511925,7874,1361098,1330928668,6759,0,69770,0,32911424,28127232,4784192,23134592,16252864,16236480
2026-05-13T16:24:42+01:00,server,314514351,7874,1361107,1330931130,6759,0,69770,0,32911424,28127424,4784000,23134784,16252864,16236480
2026-05-13T16:24:43+01:00,server,314516797,7874,1361119,1330933596,6760,0,69770,0,32911424,28129344,4782080,23136704,16252864,16236480
2026-05-13T16:24:44+01:00,server,314519271,7874,1361133,1330936053,6760,0,69770,0,32911424,28123584,4787840,23130944,16252864,16236480
2026-05-13T16:24:45+01:00,server,314521694,7874,1361150,1330938513,6760,0,69770,0,32911424,28123584,4787840,23130944,16252864,16236480
2026-05-13T16:24:46+01:00,server,314524169,7874,1361162,1330940970,6760,0,69771,0,32911424,28123968,4787456,23131328,16252864,16236480
2026-05-13T16:24:48+01:00,server,314526589,7874,1361182,1330943431,6760,0,69772,0,32911424,28124032,4787392,23131392,16252864,16236480
2026-05-13T16:24:49+01:00,server,314529018,7874,1361192,1330945888,6760,0,69773,0,32911424,28123456,4787968,23130816,16252864,16236480
2026-05-13T16:24:50+01:00,server,314531448,7874,1361205,1330948346,6760,0,69774,0,32911424,28122304,4789120,23129664,16252864,16236480
2026-05-13T16:24:51+01:00,server,314533876,7874,1361214,1330950804,6760,0,69775,0,32911424,28124032,4787392,23131392,16252864,16236480
2026-05-13T16:24:52+01:00,server,314536390,7874,1361229,1330953239,6760,0,69775,0,32911424,28121280,4790144,23128640,16252864,16236480
2026-05-13T16:24:53+01:00,server,314538866,7874,1361242,1330955696,6760,0,69775,0,32911424,28119552,4791872,23126912,16252864,16236480
2026-05-13T16:24:54+01:00,server,314541316,7874,1361253,1330958156,6760,0,69776,0,32911424,28121152,4790272,23128512,16252864,16236480
2026-05-13T16:24:55+01:00,server,314543789,7874,1361264,1330960618,6760,0,69777,0,32911424,28122304,4789120,23129664,16252864,16236480
2026-05-13T16:24:56+01:00,server,314546236,7874,1361270,1330963084,6760,0,69777,0,32911424,28120000,4791424,23127360,16252864,16236480
2026-05-13T16:24:57+01:00,server,314548687,7874,1361284,1330965539,6760,0,69778,0,32911424,28121472,4789952,23128832,16252864,16236480
2026-05-13T16:24:58+01:00,server,314551139,7874,1361297,1330967997,6760,0,69779,0,32911424,28120320,4791104,23127680,16252864,16236480
2026-05-13T16:24:59+01:00,server,314553565,7874,1361309,1330970455,6760,0,69780,0,32911424,28121856,4789568,23129216,16252864,16236480
2026-05-13T16:25:00+01:00,server,314555993,7874,1361323,1330972912,6760,0,69781,0,32911424,28122816,4788608,23130176,16252864,16236480
2026-05-13T16:25:01+01:00,server,314558444,7874,1361337,1330975376,6760,0,69781,0,32911424,28123584,4787840,23130944,16252864,16236480
2026-05-13T16:25:02+01:00,server,314560894,7874,1361354,1330977827,6760,0,69782,0,32911424,28116736,4794688,23124032,16252864,16236480
2026-05-13T16:25:03+01:00,server,314563346,7874,1361367,1330980286,6760,0,69782,0,32911424,28116352,4795072,23123648,16252864,16236480
2026-05-13T16:25:04+01:00,server,314565821,7874,1361379,1330982748,6760,0,69782,0,32911424,28112512,4798912,23119808,16252864,16236480
2026-05-13T16:25:05+01:00,server,314568246,7874,1361391,1330985205,6760,0,69782,0,32911424,28113088,4798336,23120384,16252864,16236480
2026-05-13T16:25:06+01:00,server,314570719,7874,1361403,1330987661,6760,0,69783,0,32911424,28115776,4795648,23123072,16252864,16236480
2026-05-13T16:25:07+01:00,server,314573158,7874,1361426,1330990094,6760,0,69783,0,32911424,28120064,4791360,23127296,16252864,16236480
2026-05-13T16:25:08+01:00,server,314575631,7874,1361428,1330992561,6760,0,69784,0,32911424,28117952,4793472,23125184,16252864,16236480
2026-05-13T16:25:09+01:00,server,314577941,7874,1361442,1330995166,6760,0,69785,0,32911424,28191168,4720256,23198400,16252864,16236480
2026-05-13T16:25:10+01:00,server,314580391,7874,1361455,1330997626,6760,0,69785,0,32911424,28192192,4719232,23199424,16252864,16236480
2026-05-13T16:25:11+01:00,server,314582845,7874,1361464,1331000084,6760,0,69786,0,32911424,28194240,4717184,23201472,16252864,16236480
2026-05-13T16:25:12+01:00,server,314585296,7874,1361473,1331002542,6760,0,69788,0,32911424,28196928,4714496,23204160,16252864,16236480
2026-05-13T16:25:13+01:00,server,314587745,7874,1361484,1331005002,6760,0,69788,0,32911424,28194240,4717184,23201472,16252864,16236480
2026-05-13T16:25:14+01:00,server,314590192,7874,1361501,1331007462,6760,0,69789,0,32911424,28194240,4717184,23201472,16252864,16236480
2026-05-13T16:25:15+01:00,server,314592643,7874,1361519,1331009919,6760,0,69789,0,32911424,28192192,4719232,23199424,16252864,16236480
2026-05-13T16:25:16+01:00,server,314595094,7874,1361531,1331012377,6760,0,69789,0,32911424,28192576,4718848,23199808,16252864,16236480
2026-05-13T16:25:17+01:00,server,314597568,7874,1361544,1331014835,6760,0,69791,0,32911424,28195456,4715968,23202688,16252864,16236480
2026-05-13T16:25:18+01:00,server,314600021,7874,1361554,1331017293,6760,0,69791,0,32911424,28191424,4720000,23198656,16252864,16236480
2026-05-13T16:25:19+01:00,server,314602475,7874,1361565,1331019755,6760,0,69791,0,32911424,28196800,4714624,23204032,16252864,16236480
2026-05-13T16:25:20+01:00,server,314604946,7874,1361573,1331022223,6760,0,69791,0,32911424,28192256,4719168,23199424,16252864,16236480
2026-05-13T16:25:21+01:00,server,314607423,7874,1361591,1331024654,6760,0,69792,0,32911424,28196288,4715136,23203456,16252864,16236480
2026-05-13T16:25:22+01:00,server,314609899,7874,1361599,1331027112,6760,0,69793,0,32911424,28199872,4711552,23207040,16252864,16236480
2026-05-13T16:25:23+01:00,server,314612374,7874,1361611,1331029572,6760,0,69793,0,32911424,28196096,4715328,23203264,16252864,16236480
2026-05-13T16:25:24+01:00,server,314614801,7874,1361625,1331032032,6760,0,69793,0,32911424,28195712,4715712,23202880,16252864,16236480
2026-05-13T16:25:25+01:00,server,314617273,7874,1361637,1331034492,6760,0,69794,0,32911424,28196096,4715328,23203264,16252864,16236480
2026-05-13T16:25:27+01:00,server,314619723,7874,1361652,1331036950,6760,0,69794,0,32911424,28197056,4714368,23204224,16252864,16236480
2026-05-13T16:25:28+01:00,server,314622171,7874,1361667,1331039411,6760,0,69795,0,32911424,28195904,4715520,23203072,16252864,16236480
2026-05-13T16:25:29+01:00,server,314624644,7874,1361680,1331041869,6760,0,69795,0,32911424,28195648,4715776,23202816,16252864,16236480
2026-05-13T16:25:30+01:00,server,314627093,7874,1361692,1331044329,6760,0,69797,0,32911424,28197376,4714048,23204544,16252864,16236480
2026-05-13T16:25:31+01:00,server,314629539,7874,1361708,1331046787,6760,0,69798,0,32911424,28197120,4714304,23204288,16252864,16236480
2026-05-13T16:25:32+01:00,server,314632014,7874,1361719,1331049246,6760,0,69799,0,32911424,28195968,4715456,23203136,16252864,16236480
2026-05-13T16:25:33+01:00,server,314634488,7874,1361726,1331051713,6760,0,69799,0,32911424,28200320,4711104,23207488,16252864,16236480
2026-05-13T16:25:34+01:00,server,314636898,7874,1361735,1331054174,6760,0,69799,0,32911424,28197440,4713984,23204608,16252864,16236480
2026-05-13T16:25:35+01:00,server,314639376,7874,1361742,1331056633,6760,0,69800,0,32911424,28196672,4714752,23203840,16252864,16236480
2026-05-13T16:25:36+01:00,server,314641809,7874,1361753,1331059090,6760,0,69800,0,32911424,28197824,4713600,23204992,16252864,16236480
2026-05-13T16:25:37+01:00,server,314644307,7874,1361769,1331061522,6760,0,69801,0,32911424,28198272,4713152,23205440,16252864,16236480
2026-05-13T16:25:38+01:00,server,314646779,7874,1361784,1331063979,6760,0,69801,0,32911424,28196928,4714496,23204096,16252864,16236480
2026-05-13T16:25:39+01:00,server,314649204,7874,1361797,1331066438,6760,0,69802,0,32911424,28198336,4713088,23205440,16252864,16236480
2026-05-13T16:25:40+01:00,server,314651676,7874,1361808,1331068894,6760,0,69804,0,32911424,28196032,4715392,23203136,16252864,16236480
2026-05-13T16:25:41+01:00,server,314654078,7874,1361823,1331071352,6760,0,69804,0,32911424,28196992,4714432,23204096,16252864,16236480
2026-05-13T16:25:42+01:00,server,314656527,7874,1361839,1331073809,6760,0,69804,0,32911424,28197376,4714048,23204480,16252864,16236480
2026-05-13T16:25:43+01:00,server,314658994,7874,1361856,1331076268,6760,0,69805,0,32911424,28195648,4715776,23202752,16252864,16236480
2026-05-13T16:25:44+01:00,server,314661442,7874,1361871,1331078724,6760,0,69805,0,32911424,28195648,4715776,23202752,16252864,16236480
2026-05-13T16:25:45+01:00,server,314663910,7874,1361882,1331081189,6760,0,69806,0,32911424,28194880,4716544,23201984,16252864,16236480
2026-05-13T16:25:46+01:00,server,314666382,7874,1361891,1331083654,6760,0,69806,0,32911424,28196800,4714624,23203904,16252864,16236480
2026-05-13T16:25:47+01:00,server,314668834,7874,1361902,1331086112,6760,0,69806,0,32911424,28195648,4715776,23202752,16252864,16236480
2026-05-13T16:25:48+01:00,server,314671286,7874,1361913,1331088569,6760,0,69807,0,32911424,28194496,4716928,23201600,16252864,16236480
2026-05-13T16:25:49+01:00,server,314673714,7874,1361925,1331091028,6760,0,69807,0,32911424,28196416,4715008,23203520,16252864,16236480
2026-05-13T16:25:50+01:00,server,314676181,7874,1361945,1331093485,6760,0,69807,0,32911424,28196096,4715328,23203200,16252864,16236480
2026-05-13T16:25:51+01:00,server,314678656,7874,1361961,1331095936,6760,0,69807,0,32911424,28195840,4715584,23202944,16252864,16236480
2026-05-13T16:25:52+01:00,server,314681190,7874,1361981,1331098426,6760,0,69807,0,32911424,28198976,4712448,23206016,16252864,16236480
2026-05-13T16:25:53+01:00,server,314683598,7874,1361989,1331100885,6760,0,69807,0,32911424,28201472,4709952,23208512,16252864,16236480
2026-05-13T16:25:54+01:00,server,314686048,7874,1362000,1331103346,6760,0,69808,0,32911424,28197312,4714112,23204352,16252864,16236480
2026-05-13T16:25:55+01:00,server,314688449,7874,1362016,1331105804,6760,0,69809,0,32911424,28199232,4712192,23206272,16252864,16236480
2026-05-13T16:25:56+01:00,server,314690924,7874,1362026,1331108264,6760,0,69809,0,32911424,28195584,4715840,23202624,16252864,16236480
2026-05-13T16:25:57+01:00,server,314693373,7874,1362035,1331110726,6760,0,69811,0,32911424,28195904,4715520,23202944,16252864,16236480
2026-05-13T16:25:58+01:00,server,314695822,7874,1362039,1331113193,6760,0,69811,0,32911424,28197056,4714368,23204096,16252864,16236480
2026-05-13T16:25:59+01:00,server,314698273,7874,1362054,1331115653,6760,0,69811,0,32911424,28195776,4715648,23202816,16252864,16236480
2026-05-13T16:26:00+01:00,server,314700746,7874,1362070,1331118108,6760,0,69811,0,32911424,28194688,4716736,23201664,16252864,16236480
2026-05-13T16:26:01+01:00,server,314703194,7874,1362082,1331120566,6760,0,69812,0,32911424,28194880,4716544,23201856,16252864,16236480
2026-05-13T16:26:02+01:00,server,314705648,7874,1362092,1331123022,6760,0,69812,0,32911424,28197952,4713472,23204928,16252864,16236480
2026-05-13T16:26:03+01:00,server,314708098,7874,1362103,1331125480,6760,0,69813,0,32911424,28195648,4715776,23202624,16252864,16236480
2026-05-13T16:26:05+01:00,server,314710566,7874,1362119,1331127938,6760,0,69814,0,32911424,28195520,4715904,23202496,16252864,16236480
2026-05-13T16:26:06+01:00,server,314712760,7874,1362136,1331130637,6760,0,69814,0,32911424,28226496,4684928,23233472,16252864,16236480
2026-05-13T16:26:07+01:00,server,314715205,7874,1362156,1331133089,6760,0,69815,0,32911424,28229504,4681920,23236416,16252864,16236480
2026-05-13T16:26:08+01:00,server,314717680,7874,1362168,1331135549,6760,0,69815,0,32911424,28226048,4685376,23232960,16252864,16236480
2026-05-13T16:26:09+01:00,server,314720132,7874,1362181,1331138008,6760,0,69815,0,32911424,28227840,4683584,23234688,16252864,16236480
2026-05-13T16:26:10+01:00,server,314722578,7874,1362195,1331140471,6760,0,69815,0,32911424,28227072,4684352,23233920,16252864,16236480
2026-05-13T16:26:11+01:00,server,314725026,7874,1362201,1331142939,6760,0,69816,0,32911424,28223232,4688192,23230080,16252864,16236480
2026-05-13T16:26:12+01:00,server,314727504,7874,1362208,1331145399,6760,0,69816,0,32911424,28223232,4688192,23230080,16252864,16236480
2026-05-13T16:26:13+01:00,server,314729911,7874,1362217,1331147857,6760,0,69817,0,32911424,28222080,4689344,23228928,16252864,16236480
2026-05-13T16:26:14+01:00,server,314732387,7874,1362228,1331150316,6760,0,69818,0,32911424,28222336,4689088,23229120,16252864,16236480
2026-05-13T16:26:15+01:00,server,314734858,7874,1362245,1331152774,6760,0,69818,0,32911424,28221568,4689856,23228352,16252864,16236480
2026-05-13T16:26:16+01:00,server,314737265,7874,1362253,1331155234,6760,0,69818,0,32911424,28223424,4688000,23230208,16252864,16236480
2026-05-13T16:26:17+01:00,server,314739739,7874,1362266,1331157692,6760,0,69818,0,32911424,28224000,4687424,23230784,16252864,16236480
2026-05-13T16:26:18+01:00,server,314742167,7874,1362281,1331160151,6760,0,69818,0,32911424,28227392,4684032,23234240,16252864,16236480
2026-05-13T16:26:19+01:00,server,314744739,7874,1362293,1331162742,6760,0,69818,0,32911424,28225856,4685568,23232704,16252864,16236480
2026-05-13T16:26:20+01:00,server,314747189,7874,1362305,1331165201,6760,0,69818,0,32911424,28225280,4686144,23232128,16252864,16236480
2026-05-13T16:26:21+01:00,server,314749639,7874,1362320,1331167660,6760,0,69818,0,32911424,28227392,4684032,23234240,16252864,16236480
2026-05-13T16:26:22+01:00,server,314752131,7874,1362345,1331170090,6760,0,69818,0,32911424,28227776,4683648,23234624,16252864,16236480
2026-05-13T16:26:23+01:00,server,314754547,7874,1362365,1331172554,6760,0,69818,0,32911424,28230464,4680960,23237312,16252864,16236480
2026-05-13T16:26:24+01:00,server,314756997,7874,1362369,1331175022,6760,0,69818,0,32911424,28228352,4683072,23235200,16252864,16236480
2026-05-13T16:26:25+01:00,server,314759473,7874,1362381,1331177481,6760,0,69818,0,32911424,28224384,4687040,23231232,16252864,16236480
2026-05-13T16:26:26+01:00,server,314761923,7874,1362393,1331179939,6760,0,69818,0,32911424,28226304,4685120,23233152,16252864,16236480
2026-05-13T16:26:27+01:00,server,314764396,7874,1362407,1331182397,6760,0,69818,0,32911424,28225728,4685696,23232576,16252864,16236480
2026-05-13T16:26:28+01:00,server,314766825,7874,1362422,1331184855,6760,0,69818,0,32911424,28225408,4686016,23232256,16252864,16236480
2026-05-13T16:26:29+01:00,server,314769254,7874,1362436,1331187313,6760,0,69818,0,32911424,28224896,4686528,23231680,16252864,16236480
2026-05-13T16:26:30+01:00,server,314771733,7874,1362445,1331189770,6760,0,69818,0,32911424,28228928,4682496,23235712,16252864,16236480
2026-05-13T16:26:31+01:00,server,314774208,7874,1362457,1331192231,6760,0,69818,0,32911424,28228992,4682432,23235776,16252864,16236480
2026-05-13T16:26:32+01:00,server,314776635,7874,1362466,1331194688,6760,0,69818,0,32911424,28230464,4680960,23237248,16252864,16236480
2026-05-13T16:26:33+01:00,server,314779108,7874,1362479,1331197144,6760,0,69818,0,32911424,28226240,4685184,23233024,16252864,16236480
2026-05-13T16:26:34+01:00,server,314781532,7874,1362495,1331199601,6760,0,69819,0,32911424,28224320,4687104,23231104,16252864,16236480
2026-05-13T16:26:35+01:00,server,314784008,7874,1362507,1331202061,6760,0,69819,0,32911424,28227776,4683648,23234560,16252864,16236480
2026-05-13T16:26:36+01:00,server,314786509,7874,1362513,1331204501,6760,0,69819,0,32911424,28226432,4684992,23233216,16252864,16236480
2026-05-13T16:26:37+01:00,server,314788957,7874,1362528,1331206956,6760,0,69820,0,32911424,28222464,4688960,23229248,16252864,16236480
2026-05-13T16:26:38+01:00,server,314791411,7874,1362543,1331209413,6760,0,69820,0,32911424,28219968,4691456,23226752,16252864,16236480
2026-05-13T16:26:39+01:00,server,314793885,7874,1362560,1331211866,6760,0,69820,0,32911424,28218688,4692736,23225600,16252864,16236480
2026-05-13T16:26:40+01:00,server,314796313,7874,1362573,1331214321,6760,0,69820,0,32911424,28218880,4692544,23225792,16252864,16236480
2026-05-13T16:26:42+01:00,server,314798764,7874,1362590,1331216778,6760,0,69820,0,32911424,28220032,4691392,23226944,16252864,16236480
2026-05-13T16:26:43+01:00,server,314801217,7874,1362606,1331219234,6760,0,69820,0,32911424,28217920,4693504,23224832,16252864,16236480
2026-05-13T16:26:44+01:00,server,314803668,7874,1362617,1331221689,6760,0,69821,0,32911424,28219520,4691904,23226368,16252864,16236480
2026-05-13T16:26:45+01:00,server,314806123,7874,1362630,1331224144,6760,0,69821,0,32911424,28218368,4693056,23225216,16252864,16236480
2026-05-13T16:26:46+01:00,server,314808577,7874,1362643,1331226602,6760,0,69821,0,32911424,28217600,4693824,23224448,16252864,16236480
2026-05-13T16:26:47+01:00,server,314811006,7874,1362653,1331229058,6760,0,69821,0,32911424,28217024,4694400,23223872,16252864,16236480
2026-05-13T16:26:48+01:00,server,314813475,7874,1362671,1331231514,6760,0,69821,0,32911424,28220800,4690624,23227648,16252864,16236480
2026-05-13T16:26:49+01:00,server,314815949,7874,1362676,1331233981,6760,0,69821,0,32911424,28219264,4692160,23226112,16252864,16236480
2026-05-13T16:26:50+01:00,server,314818397,7874,1362688,1331236439,6760,0,69821,0,32911424,28217344,4694080,23224192,16252864,16236480
2026-05-13T16:26:51+01:00,server,314820845,7874,1362706,1331238894,6760,0,69821,0,32911424,28220032,4691392,23226880,16252864,16236480
2026-05-13T16:26:52+01:00,server,314823311,7874,1362727,1331241320,6760,0,69823,0,32911424,28221504,4689920,23228352,16252864,16236480
2026-05-13T16:26:53+01:00,server,314825764,7874,1362740,1331243773,6760,0,69824,0,32911424,28221504,4689920,23228352,16252864,16236480
2026-05-13T16:26:54+01:00,server,314828215,7874,1362755,1331246229,6760,0,69824,0,32911424,28221888,4689536,23228736,16252864,16236480
2026-05-13T16:26:55+01:00,server,314830644,7874,1362773,1331248686,6760,0,69824,0,32911424,28222464,4688960,23229312,16252864,16236480
2026-05-13T16:26:56+01:00,server,314833122,7874,1362785,1331251142,6760,0,69825,0,32911424,28220928,4690496,23227776,16252864,16236480
2026-05-13T16:26:57+01:00,server,314835557,7874,1362804,1331253597,6760,0,69825,0,32911424,28222400,4689024,23229184,16252864,16236480
2026-05-13T16:26:58+01:00,server,314837981,7874,1362817,1331256051,6760,0,69826,0,32911424,28224320,4687104,23231104,16252864,16236480
2026-05-13T16:26:59+01:00,server,314840450,7874,1362834,1331258508,6760,0,69826,0,32911424,28222784,4688640,23229568,16252864,16236480
2026-05-13T16:27:00+01:00,server,314842859,7874,1362855,1331260962,6760,0,69826,0,32911424,28222208,4689216,23228992,16252864,16236480
2026-05-13T16:27:01+01:00,server,314845329,7874,1362865,1331263426,6760,0,69826,0,32911424,28222592,4688832,23229376,16252864,16236480
2026-05-13T16:27:02+01:00,server,314847776,7874,1362879,1331265886,6760,0,69827,0,32911424,28224896,4686528,23231680,16252864,16236480
2026-05-13T16:27:03+01:00,server,314850230,7874,1362888,1331268343,6760,0,69827,0,32911424,28226560,4684864,23233280,16252864,16236480
2026-05-13T16:27:04+01:00,server,314852704,7874,1362899,1331270805,6760,0,69828,0,32911424,28228096,4683328,23234816,16252864,16236480
2026-05-13T16:27:05+01:00,server,314855174,7874,1362916,1331273262,6760,0,69828,0,32911424,28228160,4683264,23234880,16252864,16236480
2026-05-13T16:27:06+01:00,server,314857596,7874,1362935,1331275718,6760,0,69828,0,32911424,28227968,4683456,23234688,16252864,16236480
2026-05-13T16:27:07+01:00,server,314860068,7874,1362953,1331278148,6760,0,69829,0,32911424,28229312,4682112,23236032,16252864,16236480
2026-05-13T16:27:08+01:00,server,314862472,7874,1362963,1331280609,6760,0,69830,0,32911424,28230080,4681344,23236800,16252864,16236480
2026-05-13T16:27:09+01:00,server,314864942,7874,1362977,1331283068,6760,0,69831,0,32911424,28230656,4680768,23237376,16252864,16236480
2026-05-13T16:27:10+01:00,server,314867416,7874,1362989,1331285525,6760,0,69831,0,32911424,28231232,4680192,23237952,16252864,16236480
2026-05-13T16:27:11+01:00,server,314869893,7874,1363000,1331287994,6760,0,69831,0,32911424,28230080,4681344,23236800,16252864,16236480
2026-05-13T16:27:12+01:00,server,314872315,7874,1363015,1331290451,6760,0,69832,0,32911424,28227200,4684224,23233920,16252864,16236480
2026-05-13T16:27:13+01:00,server,314874763,7874,1363024,1331292916,6760,0,69832,0,32911424,28228736,4682688,23235456,16252864,16236480
2026-05-13T16:27:14+01:00,server,314877210,7874,1363030,1331295381,6760,0,69834,0,32911424,28229888,4681536,23236608,16252864,16236480
2026-05-13T16:27:15+01:00,server,314879677,7874,1363050,1331297839,6760,0,69835,0,32911424,28229696,4681728,23236416,16252864,16236480
2026-05-13T16:27:16+01:00,server,314882129,7874,1363064,1331300296,6760,0,69835,0,32911424,28227968,4683456,23234688,16252864,16236480
2026-05-13T16:27:17+01:00,server,314884554,7874,1363077,1331302754,6760,0,69835,0,32911424,28224896,4686528,23231616,16252864,16236480
2026-05-13T16:27:18+01:00,server,314886726,7874,1363093,1331305492,6760,0,69836,0,32911424,28217152,4694272,23223872,16252864,16236480
2026-05-13T16:27:19+01:00,server,314889155,7874,1363108,1331307945,6760,0,69837,0,32911424,28214400,4697024,23221056,16252864,16236480
2026-05-13T16:27:21+01:00,server,314891630,7874,1363122,1331310403,6760,0,69837,0,32911424,28214080,4697344,23220672,16252864,16236480
2026-05-13T16:27:22+01:00,server,314894096,7874,1363144,1331312837,6760,0,69837,0,32911424,28214208,4697216,23220736,16252864,16236480
2026-05-13T16:27:23+01:00,server,314896522,7874,1363159,1331315298,6760,0,69837,0,32911424,28213056,4698368,23219584,16252864,16236480
2026-05-13T16:27:24+01:00,server,314898994,7874,1363169,1331317758,6760,0,69839,0,32911424,28209792,4701632,23216320,16252864,16236480
2026-05-13T16:27:25+01:00,server,314901449,7874,1363179,1331320216,6760,0,69839,0,32911424,28208640,4702784,23215168,16252864,16236480
2026-05-13T16:27:26+01:00,server,314903874,7874,1363209,1331322683,6760,0,69839,0,32911424,28212352,4699072,23218880,16252864,16236480
2026-05-13T16:27:27+01:00,server,314906324,7874,1363219,1331325143,6760,0,69840,0,32911424,28212352,4699072,23218880,16252864,16236480
2026-05-13T16:27:28+01:00,server,314908774,7874,1363231,1331327602,6760,0,69840,0,32911424,28212480,4698944,23218944,16252864,16236480
2026-05-13T16:27:29+01:00,server,314911250,7874,1363241,1331330062,6760,0,69840,0,32911424,28212672,4698752,23219136,16252864,16236480
2026-05-13T16:27:30+01:00,server,314913721,7874,1363256,1331332495,6760,0,69842,0,32911424,28213056,4698368,23219520,16252864,16236480
2026-05-13T16:27:31+01:00,server,314916223,7874,1363302,1331334849,6760,0,69842,0,32911424,28202496,4708928,23208960,16252864,16236480
2026-05-13T16:27:32+01:00,server,314918720,7874,1363328,1331337230,6760,0,69844,0,32911424,28207424,4704000,23213824,16252864,16236480
2026-05-13T16:27:33+01:00,server,314921201,7874,1363336,1331339689,6760,0,69844,0,32911424,28208576,4702848,23214976,16252864,16236480
2026-05-13T16:27:34+01:00,server,314923650,7874,1363351,1331342148,6760,0,69844,0,32911424,28205760,4705664,23212160,16252864,16236480
2026-05-13T16:27:35+01:00,server,314926125,7874,1363359,1331344607,6760,0,69844,0,32911424,28206144,4705280,23212544,16252864,16236480
2026-05-13T16:27:36+01:00,server,314928602,7874,1363368,1331347067,6760,0,69845,0,32911424,28209984,4701440,23216384,16252864,16236480
2026-05-13T16:27:37+01:00,server,314931088,7874,1363386,1331349499,6760,0,69846,0,32911424,28208192,4703232,23214592,16252864,16236480
2026-05-13T16:27:38+01:00,server,314933556,7874,1363399,1331351962,6760,0,69847,0,32911424,28204160,4707264,23210560,16252864,16236480
2026-05-13T16:27:39+01:00,server,314936029,7874,1363407,1331354425,6760,0,69847,0,32911424,28205376,4706048,23211776,16252864,16236480
2026-05-13T16:27:40+01:00,server,314938479,7874,1363417,1331356885,6760,0,69847,0,32911424,28206528,4704896,23212928,16252864,16236480
2026-05-13T16:27:41+01:00,server,314940951,7874,1363432,1331359343,6760,0,69847,0,32911424,28208640,4702784,23215040,16252864,16236480
2026-05-13T16:27:42+01:00,server,314943398,7874,1363446,1331361802,6760,0,69848,0,32911424,28208064,4703360,23214464,16252864,16236480
2026-05-13T16:27:43+01:00,server,314945844,7874,1363461,1331364258,6760,0,69851,0,32911424,28209216,4702208,23215616,16252864,16236480
2026-05-13T16:27:44+01:00,server,314948295,7874,1363475,1331366717,6760,0,69852,0,32911424,28206144,4705280,23212544,16252864,16236480
2026-05-13T16:27:45+01:00,server,314950746,7874,1363488,1331369174,6760,0,69852,0,32911424,28205760,4705664,23212160,16252864,16236480
2026-05-13T16:27:46+01:00,server,314953223,7874,1363499,1331371632,6760,0,69852,0,32911424,28206720,4704704,23213120,16252864,16236480
2026-05-13T16:27:47+01:00,server,314955695,7874,1363513,1331374089,6760,0,69853,0,32911424,28204032,4707392,23210432,16252864,16236480
2026-05-13T16:27:48+01:00,server,314958118,7874,1363530,1331376548,6760,0,69854,0,32911424,28206912,4704512,23213312,16252864,16236480
2026-05-13T16:27:49+01:00,server,314960588,7874,1363547,1331379006,6760,0,69854,0,32911424,28207616,4703808,23214016,16252864,16236480
2026-05-13T16:27:50+01:00,server,314962989,7874,1363572,1331381470,6760,0,69854,0,32911424,28208000,4703424,23214400,16252864,16236480
2026-05-13T16:27:51+01:00,server,314965476,7874,1363579,1331383930,6760,0,69854,0,32911424,28210304,4701120,23216704,16252864,16236480
2026-05-13T16:27:52+01:00,server,314967971,7874,1363600,1331386363,6760,0,69854,0,32911424,28208256,4703168,23214592,16252864,16236480
2026-05-13T16:27:53+01:00,server,314970423,7874,1363612,1331388826,6760,0,69854,0,32911424,28206912,4704512,23213248,16252864,16236480
2026-05-13T16:27:54+01:00,server,314972897,7874,1363627,1331391284,6760,0,69854,0,32911424,28209024,4702400,23215360,16252864,16236480
2026-05-13T16:27:55+01:00,server,314975349,7874,1363641,1331393741,6760,0,69854,0,32911424,28207488,4703936,23213824,16252864,16236480
2026-05-13T16:27:56+01:00,server,314977776,7874,1363658,1331396193,6760,0,69855,0,32911424,28209984,4701440,23216320,16252864,16236480
2026-05-13T16:27:57+01:00,server,314980246,7874,1363670,1331398652,6761,0,69856,0,32911424,28211008,4700416,23217344,16252864,16236480
2026-05-13T16:27:58+01:00,server,314982693,7874,1363682,1331401108,6761,0,69857,0,32911424,28211456,4699968,23217728,16252864,16236480
2026-05-13T16:28:00+01:00,server,314985144,7874,1363694,1331403566,6761,0,69857,0,32911424,28208000,4703424,23214272,16252864,16236480
2026-05-13T16:28:01+01:00,server,314987620,7874,1363706,1331406025,6761,0,69857,0,32911424,28208704,4702720,23214976,16252864,16236480
2026-05-13T16:28:02+01:00,server,314990070,7874,1363721,1331408482,6761,0,69857,0,32911424,28210688,4700736,23216960,16252864,16236480
2026-05-13T16:28:03+01:00,server,314992515,7874,1363735,1331410944,6761,0,69858,0,32911424,28211072,4700352,23217344,16252864,16236480
2026-05-13T16:28:04+01:00,server,314994985,7874,1363744,1331413408,6761,0,69858,0,32911424,28212032,4699392,23218304,16252864,16236480
2026-05-13T16:28:05+01:00,server,314997433,7874,1363755,1331415868,6761,0,69859,0,32911424,28211456,4699968,23217728,16252864,16236480
2026-05-13T16:28:06+01:00,server,314999905,7874,1363770,1331418326,6761,0,69860,0,32911424,28209152,4702272,23215424,16252864,16236480
2026-05-13T16:28:07+01:00,server,315002367,7874,1363781,1331420756,6761,0,69860,0,32911424,28213376,4698048,23219648,16252864,16236480
2026-05-13T16:28:08+01:00,server,315004819,7874,1363796,1331423214,6761,0,69860,0,32911424,28215232,4696192,23221504,16252864,16236480
2026-05-13T16:28:09+01:00,server,315007263,7874,1363811,1331425674,6761,0,69862,0,32911424,28215680,4695744,23221952,16252864,16236480
2026-05-13T16:28:10+01:00,server,315009692,7874,1363825,1331428132,6761,0,69863,0,32911424,28216064,4695360,23222336,16252864,16236480
2026-05-13T16:28:11+01:00,server,315012165,7874,1363840,1331430588,6761,0,69863,0,32911424,28215680,4695744,23221952,16252864,16236480
2026-05-13T16:28:12+01:00,server,315014613,7874,1363859,1331433046,6761,0,69863,0,32911424,28216384,4695040,23222656,16252864,16236480
2026-05-13T16:28:13+01:00,server,315017016,7874,1363873,1331435507,6761,0,69863,0,32911424,28214080,4697344,23220352,16252864,16236480
2026-05-13T16:28:14+01:00,server,315019486,7874,1363885,1331437965,6761,0,69865,0,32911424,28219456,4691968,23225728,16252864,16236480
2026-05-13T16:28:15+01:00,server,315021935,7874,1363896,1331440423,6761,0,69865,0,32911424,28218880,4692544,23225152,16252864,16236480
2026-05-13T16:28:16+01:00,server,315024407,7874,1363901,1331442892,6761,0,69865,0,32911424,28216192,4695232,23222464,16252864,16236480
2026-05-13T16:28:17+01:00,server,315026857,7874,1363916,1331445350,6761,0,69865,0,32911424,28213696,4697728,23219840,16252864,16236480
2026-05-13T16:28:18+01:00,server,315029305,7874,1363931,1331447809,6761,0,69866,0,32911424,28214144,4697280,23220224,16252864,16236480
2026-05-13T16:28:19+01:00,server,315031757,7874,1363942,1331450266,6761,0,69866,0,32911424,28215360,4696064,23221440,16252864,16236480
2026-05-13T16:28:20+01:00,server,315034225,7874,1363961,1331452722,6761,0,69867,0,32911424,28217280,4694144,23223360,16252864,16236480
2026-05-13T16:28:21+01:00,server,315036649,7874,1363976,1331455178,6761,0,69867,0,32911424,28217344,4694080,23223424,16252864,16236480
2026-05-13T16:28:22+01:00,server,315039136,7874,1363990,1331457607,6761,0,69868,0,32911424,28220032,4691392,23226112,16252864,16236480
2026-05-13T16:28:23+01:00,server,315041588,7874,1364001,1331460065,6761,0,69868,0,32911424,28217792,4693632,23223808,16252864,16236480
2026-05-13T16:28:24+01:00,server,315044045,7874,1364021,1331462523,6761,0,69868,0,32911424,28219840,4691584,23225856,16252864,16236480
2026-05-13T16:28:25+01:00,server,315046515,7874,1364037,1331464981,6761,0,69869,0,32911424,28218432,4692992,23224448,16252864,16236480
2026-05-13T16:28:26+01:00,server,315048967,7874,1364048,1331467439,6761,0,69869,0,32911424,28221312,4690112,23227328,16252864,16236480
2026-05-13T16:28:27+01:00,server,315051400,7874,1364059,1331469901,6761,0,69869,0,32911424,28221440,4689984,23227456,16252864,16236480
2026-05-13T16:28:28+01:00,server,315053847,7874,1364065,1331472368,6761,0,69870,0,32911424,28217024,4694400,23223040,16252864,16236480
2026-05-13T16:28:29+01:00,server,315056019,7874,1364073,1331475104,6761,0,69871,0,32911424,28209984,4701440,23216000,16252864,16236480
2026-05-13T16:28:30+01:00,server,315058495,7874,1364082,1331477567,6761,0,69871,0,32911424,28215552,4695872,23221568,16252864,16236480
2026-05-13T16:28:31+01:00,server,315060946,7874,1364093,1331480028,6761,0,69871,0,32911424,28217664,4693760,23223680,16252864,16236480
2026-05-13T16:28:32+01:00,server,315063391,7874,1364108,1331482486,6761,0,69871,0,32911424,28218304,4693120,23224320,16252864,16236480
2026-05-13T16:28:33+01:00,server,315065843,7874,1364119,1331484946,6761,0,69872,0,32911424,28218624,4692800,23224576,16252864,16236480
2026-05-13T16:28:34+01:00,server,315068294,7874,1364136,1331487404,6761,0,69872,0,32911424,28220352,4691072,23226304,16252864,16236480
2026-05-13T16:28:35+01:00,server,315070724,7874,1364146,1331489864,6761,0,69872,0,32911424,28220288,4691136,23226240,16252864,16236480
2026-05-13T16:28:36+01:00,server,315073243,7874,1364179,1331492296,6761,0,69872,0,32911424,28221248,4690176,23227200,16252864,16236480
2026-05-13T16:28:37+01:00,server,315075721,7874,1364189,1331494753,6761,0,69872,0,32911424,28217984,4693440,23223936,16252864,16236480
2026-05-13T16:28:39+01:00,server,315078172,7874,1364201,1331497213,6761,0,69872,0,32911424,28219520,4691904,23225472,16252864,16236480
2026-05-13T16:28:40+01:00,server,315080626,7874,1364211,1331499671,6761,0,69872,0,32911424,28218048,4693376,23224000,16252864,16236480
2026-05-13T16:28:41+01:00,server,315083049,7874,1364236,1331502139,6761,0,69872,0,32911424,28217472,4693952,23223424,16252864,16236480
2026-05-13T16:28:42+01:00,server,315085497,7874,1364248,1331504601,6761,0,69874,0,32911424,28219200,4692224,23225152,16252864,16236480
2026-05-13T16:28:43+01:00,server,315087942,7874,1364262,1331507059,6761,0,69876,0,32911424,28219584,4691840,23225536,16252864,16236480
2026-05-13T16:28:44+01:00,server,315090388,7874,1364279,1331509518,6761,0,69876,0,32911424,28219776,4691648,23225728,16252864,16236480
2026-05-13T16:28:45+01:00,server,315092838,7874,1364292,1331511974,6761,0,69878,0,32911424,28220928,4690496,23226880,16252864,16236480
2026-05-13T16:28:46+01:00,server,315095290,7874,1364303,1331514433,6761,0,69878,0,32911424,28219392,4692032,23225344,16252864,16236480
2026-05-13T16:28:47+01:00,server,315097717,7874,1364315,1331516890,6761,0,69879,0,32911424,28221376,4690048,23227328,16252864,16236480
2026-05-13T16:28:48+01:00,server,315100168,7874,1364326,1331519348,6761,0,69881,0,32911424,28222080,4689344,23228032,16252864,16236480
2026-05-13T16:28:49+01:00,server,315102599,7874,1364339,1331521805,6761,0,69881,0,32911424,28217600,4693824,23223552,16252864,16236480
2026-05-13T16:28:50+01:00,server,315105072,7874,1364349,1331524263,6761,0,69882,0,32911424,28218176,4693248,23224128,16252864,16236480
2026-05-13T16:28:51+01:00,server,315107522,7874,1364365,1331526720,6761,0,69882,0,32911424,28216640,4694784,23222592,16252864,16236480
2026-05-13T16:28:52+01:00,server,315109968,7874,1364387,1331529154,6761,0,69882,0,32911424,28217664,4693760,23223616,16252864,16236480
2026-05-13T16:28:53+01:00,server,315112435,7874,1364400,1331531618,6761,0,69882,0,32911424,28215552,4695872,23221504,16252864,16236480
2026-05-13T16:28:54+01:00,server,315114839,7874,1364409,1331534082,6761,0,69882,0,32911424,28214912,4696512,23220864,16252864,16236480
2026-05-13T16:28:55+01:00,server,315117315,7874,1364420,1331536539,6761,0,69883,0,32911424,28213760,4697664,23219712,16252864,16236480
2026-05-13T16:28:56+01:00,server,315119744,7874,1364432,1331538997,6761,0,69883,0,32911424,28213760,4697664,23219712,16252864,16236480
2026-05-13T16:28:57+01:00,server,315122195,7874,1364446,1331541455,6761,0,69883,0,32911424,28214272,4697152,23220224,16252864,16236480
2026-05-13T16:28:58+01:00,server,315124669,7874,1364459,1331543914,6761,0,69883,0,32911424,28214656,4696768,23220608,16252864,16236480
2026-05-13T16:28:59+01:00,server,315127118,7874,1364472,1331546370,6761,0,69883,0,32911424,28212928,4698496,23218880,16252864,16236480
2026-05-13T16:29:00+01:00,server,315129566,7874,1364487,1331548827,6761,0,69883,0,32911424,28214144,4697280,23220032,16252864,16236480
2026-05-13T16:29:01+01:00,server,315132040,7874,1364503,1331551285,6761,0,69883,0,32911424,28211264,4700160,23217152,16252864,16236480
2026-05-13T16:29:02+01:00,server,315134493,7874,1364514,1331553744,6761,0,69884,0,32911424,28213952,4697472,23219840,16252864,16236480
2026-05-13T16:29:03+01:00,server,315136969,7874,1364527,1331556201,6761,0,69884,0,32911424,28213376,4698048,23219264,16252864,16236480
2026-05-13T16:29:04+01:00,server,315139397,7874,1364542,1331558660,6761,0,69884,0,32911424,28209920,4701504,23215808,16252864,16236480
2026-05-13T16:29:05+01:00,server,315141820,7874,1364553,1331561131,6761,0,69884,0,32911424,28216192,4695232,23222080,16252864,16236480
2026-05-13T16:29:06+01:00,server,315144296,7874,1364558,1331563595,6761,0,69884,0,32911424,28214784,4696640,23220672,16252864,16236480
2026-05-13T16:29:07+01:00,server,315146739,7874,1364576,1331566032,6761,0,69885,0,32911424,28212288,4699136,23218176,16252864,16236480
2026-05-13T16:29:08+01:00,server,315149185,7874,1364589,1331568489,6761,0,69886,0,32911424,28212864,4698560,23218752,16252864,16236480
2026-05-13T16:29:09+01:00,server,315151661,7874,1364599,1331570945,6761,0,69887,0,32911424,28213440,4697984,23219328,16252864,16236480
2026-05-13T16:29:10+01:00,server,315154091,7874,1364608,1331573403,6761,0,69887,0,32911424,28211200,4700224,23217088,16252864,16236480
2026-05-13T16:29:11+01:00,server,315156563,7879,1364623,1331575856,6761,0,69888,0,32911424,28218304,4693120,23224192,16252864,16236480
2026-05-13T16:29:12+01:00,server,315159038,7879,1364638,1331578315,6761,0,69888,0,32911424,28213120,4698304,23219008,16252864,16236480
2026-05-13T16:29:13+01:00,server,315161464,7879,1364651,1331580770,6761,0,69889,0,32911424,28212928,4698496,23218816,16252864,16236480
2026-05-13T16:29:14+01:00,server,315163935,7879,1364664,1331583225,6761,0,69890,0,32911424,28212160,4699264,23218048,16252864,16236480
2026-05-13T16:29:15+01:00,server,315166362,7879,1364678,1331585683,6761,0,69890,0,32911424,28214656,4696768,23220544,16252864,16236480
2026-05-13T16:29:16+01:00,server,315168817,7879,1364690,1331588141,6761,0,69890,0,32911424,28211712,4699712,23217600,16252864,16236480
2026-05-13T16:29:18+01:00,server,315171270,7879,1364698,1331590603,6761,0,69891,0,32911424,28214592,4696832,23220480,16252864,16236480
2026-05-13T16:29:19+01:00,server,315173697,7879,1364703,1331593070,6761,0,69891,0,32911424,28212672,4698752,23218560,16252864,16236480
2026-05-13T16:29:20+01:00,server,315176174,7879,1364714,1331595527,6761,0,69891,0,32911424,28212864,4698560,23218752,16252864,16236480
2026-05-13T16:29:21+01:00,server,315178644,7879,1364731,1331597984,6761,0,69891,0,32911424,28211328,4700096,23217216,16252864,16236480
2026-05-13T16:29:22+01:00,server,315181131,7880,1364754,1331600412,6761,0,69892,0,32911424,28213312,4698112,23219136,16252864,16236480
2026-05-13T16:29:23+01:00,server,315183604,7880,1364767,1331602872,6761,0,69892,0,32911424,28211200,4700224,23217024,16252864,16236480
2026-05-13T16:29:24+01:00,server,315186080,7880,1364778,1331605331,6761,0,69892,0,32911424,28210816,4700608,23216640,16252864,16236480
2026-05-13T16:29:25+01:00,server,315188529,7880,1364791,1331607787,6761,0,69892,0,32911424,28212224,4699200,23218048,16252864,16236480
2026-05-13T16:29:26+01:00,server,315191004,7880,1364804,1331610245,6761,0,69892,0,32911424,28210176,4701248,23216000,16252864,16236480
2026-05-13T16:29:27+01:00,server,315193454,7880,1364815,1331612703,6761,0,69892,0,32911424,28210560,4700864,23216384,16252864,16236480
2026-05-13T16:29:28+01:00,server,315195882,7880,1364830,1331615161,6761,0,69892,0,32911424,28212928,4698496,23218752,16252864,16236480
2026-05-13T16:29:29+01:00,server,315198354,7880,1364847,1331617618,6761,0,69892,0,32911424,28211840,4699584,23217600,16252864,16236480
2026-05-13T16:29:30+01:00,server,315200783,7880,1364856,1331620077,6761,0,69892,0,32911424,28211776,4699648,23217536,16252864,16236480
2026-05-13T16:29:31+01:00,server,315203246,7880,1364864,1331622546,6761,0,69893,0,32911424,28209664,4701760,23215424,16252864,16236480
2026-05-13T16:29:32+01:00,server,315205699,7880,1364878,1331625006,6761,0,69893,0,32911424,28208704,4702720,23214464,16252864,16236480
2026-05-13T16:29:33+01:00,server,315208101,7880,1364889,1331627463,6761,0,69894,0,32911424,28205632,4705792,23211392,16252864,16236480
2026-05-13T16:29:34+01:00,server,315210573,7880,1364904,1331629922,6761,0,69894,0,32911424,28205248,4706176,23211008,16252864,16236480
2026-05-13T16:29:35+01:00,server,315213000,7880,1364917,1331632380,6761,0,69894,0,32911424,28206016,4705408,23211776,16252864,16236480
2026-05-13T16:29:36+01:00,server,315215453,7880,1364928,1331634839,6761,0,69895,0,32911424,28205824,4705600,23211584,16252864,16236480
2026-05-13T16:29:37+01:00,server,315217955,7880,1364946,1331637268,6761,0,69895,0,32911424,28207616,4703808,23213376,16252864,16236480
2026-05-13T16:29:38+01:00,server,315220401,7880,1364962,1331639729,6761,0,69895,0,32911424,28206272,4705152,23212032,16252864,16236480
2026-05-13T16:29:39+01:00,server,315222856,7880,1364972,1331642185,6761,0,69896,0,32911424,28206144,4705280,23211904,16252864,16236480
2026-05-13T16:29:40+01:00,server,315225332,7880,1364983,1331644643,6761,0,69897,0,32911424,28205760,4705664,23211520,16252864,16236480
2026-05-13T16:29:41+01:00,server,315227483,7880,1364995,1331647384,6761,0,69897,0,32911424,28204736,4706688,23210496,16252864,16236480
2026-05-13T16:29:42+01:00,server,315229934,7880,1365007,1331649843,6761,0,69898,0,32911424,28204736,4706688,23210496,16252864,16236480
2026-05-13T16:29:43+01:00,server,315232380,7880,1365015,1331652312,6761,0,69898,0,32911424,28203968,4707456,23209728,16252864,16236480
2026-05-13T16:29:44+01:00,server,315234856,7880,1365024,1331654774,6761,0,69898,0,32911424,28205120,4706304,23210880,16252864,16236480
2026-05-13T16:29:45+01:00,server,315237274,7880,1365041,1331657232,6761,0,69898,0,32911424,28207232,4704192,23212992,16252864,16236480
2026-05-13T16:29:46+01:00,server,315239700,7880,1365053,1331659688,6761,0,69898,0,32911424,28210240,4701184,23216000,16252864,16236480
2026-05-13T16:29:47+01:00,server,315242176,7880,1365064,1331662147,6761,0,69898,0,32911424,28205952,4705472,23211712,16252864,16236480
2026-05-13T16:29:48+01:00,server,315244579,7880,1365098,1331664604,6761,0,69898,0,32911424,28207296,4704128,23213056,16252864,16236480
2026-05-13T16:29:49+01:00,server,315247053,7880,1365112,1331667063,6761,0,69899,0,32911424,28208064,4703360,23213824,16252864,16236480
2026-05-13T16:29:50+01:00,server,315249485,7880,1365123,1331669521,6761,0,69900,0,32911424,28211712,4699712,23217472,16252864,16236480
2026-05-13T16:29:51+01:00,server,315251986,7880,1365143,1331671947,6761,0,69900,0,32911424,28211840,4699584,23217600,16252864,16236480
2026-05-13T16:29:52+01:00,server,315254437,7880,1365157,1331674405,6761,0,69901,0,32911424,28211456,4699968,23217216,16252864,16236480
2026-05-13T16:29:53+01:00,server,315256869,7880,1365171,1331676862,6761,0,69901,0,32911424,28212416,4699008,23218176,16252864,16236480
2026-05-13T16:29:54+01:00,server,315259341,7880,1365185,1331679321,6761,0,69902,0,32911424,28211072,4700352,23216832,16252864,16236480
2026-05-13T16:29:55+01:00,server,315261814,7880,1365195,1331681785,6761,0,69902,0,32911424,28214144,4697280,23219904,16252864,16236480
2026-05-13T16:29:57+01:00,server,315264261,7880,1365201,1331684252,6761,0,69903,0,32911424,28215936,4695488,23221696,16252864,16236480
2026-05-13T16:29:58+01:00,server,315266690,7880,1365215,1331686710,6761,0,69903,0,32911424,28214720,4696704,23220480,16252864,16236480
2026-05-13T16:29:59+01:00,server,315269119,7880,1365227,1331689167,6761,0,69903,0,32911424,28217856,4693568,23223552,16252864,16236480
2026-05-13T16:30:00+01:00,server,315271550,7880,1365242,1331691625,6761,0,69903,0,32911424,28215552,4695872,23221248,16252864,16236480
2026-05-13T16:30:01+01:00,server,315274001,7880,1365257,1331694084,6761,0,69903,0,32911424,28217472,4693952,23223168,16252864,16236480
2026-05-13T16:30:02+01:00,server,315276453,7880,1365274,1331696536,6761,0,69903,0,32911424,28202560,4708864,23208320,16252864,16236480
2026-05-13T16:30:03+01:00,server,315278901,7880,1365292,1331698990,6761,0,69903,0,32911424,28205760,4705664,23211520,16252864,16236480
2026-05-13T16:30:04+01:00,server,315281346,7880,1365312,1331701448,6761,0,69903,0,32911424,28207104,4704320,23212864,16252864,16236480
2026-05-13T16:30:05+01:00,server,315283779,7880,1365319,1331703901,6761,0,69903,0,32911424,28203328,4708096,23209024,16252864,16236480
2026-05-13T16:30:06+01:00,server,315286253,7880,1365331,1331706358,6761,0,69903,0,32911424,28206016,4705408,23211712,16252864,16236480
2026-05-13T16:30:07+01:00,server,315288720,7880,1365354,1331708783,6761,0,69903,0,32911424,28207040,4704384,23212736,16252864,16236480
2026-05-13T16:30:08+01:00,server,315291189,7880,1365371,1331711243,6761,0,69903,0,32911424,28208704,4702720,23214400,16252864,16236480
2026-05-13T16:30:09+01:00,server,315293637,7880,1365378,1331713706,6761,0,69903,0,32911424,28204096,4707328,23209792,16252864,16236480
2026-05-13T16:30:10+01:00,server,315296092,7880,1365388,1331716162,6761,0,69904,0,32911424,28203008,4708416,23208704,16252864,16236480
2026-05-13T16:30:11+01:00,server,315298567,7880,1365400,1331718617,6761,0,69904,0,32911424,28204608,4706816,23210240,16252864,16236480
2026-05-13T16:30:12+01:00,server,315300971,7880,1365414,1331721073,6761,0,69904,0,32911424,28204608,4706816,23210240,16252864,16236480
2026-05-13T16:30:13+01:00,server,315303449,7880,1365421,1331723529,6761,0,69905,0,32911424,28204608,4706816,23210240,16252864,16236480
2026-05-13T16:30:14+01:00,server,315305853,7880,1365436,1331725987,6761,0,69905,0,32911424,28202176,4709248,23207808,16252864,16236480
2026-05-13T16:30:15+01:00,server,315308325,7880,1365455,1331728442,6761,0,69906,0,32911424,28203072,4708352,23208704,16252864,16236480
2026-05-13T16:30:16+01:00,server,315310776,7880,1365471,1331730899,6761,0,69906,0,32911424,28205568,4705856,23211200,16252864,16236480
2026-05-13T16:30:17+01:00,server,315313227,7880,1365485,1331733355,6761,0,69906,0,32911424,28202112,4709312,23207744,16252864,16236480
2026-05-13T16:30:18+01:00,server,315315703,7880,1365496,1331735815,6761,0,69907,0,32911424,28202880,4708544,23208512,16252864,16236480
2026-05-13T16:30:19+01:00,server,315318153,7880,1365509,1331738271,6761,0,69907,0,32911424,28202304,4709120,23207936,16252864,16236480
2026-05-13T16:30:20+01:00,server,315320583,7880,1365526,1331740726,6761,0,69907,0,32911424,28207808,4703616,23213440,16252864,16236480
2026-05-13T16:30:21+01:00,server,315323055,7880,1365533,1331743190,6761,0,69907,0,32911424,28205696,4705728,23211328,16252864,16236480
2026-05-13T16:30:22+01:00,server,315325520,7880,1365557,1331745623,6761,0,69907,0,32911424,28204736,4706688,23210368,16252864,16236480
2026-05-13T16:30:23+01:00,server,315327949,7880,1365573,1331748077,6761,0,69908,0,32911424,28202816,4708608,23208448,16252864,16236480
2026-05-13T16:30:24+01:00,server,315330427,7880,1365584,1331750553,6761,0,69908,0,32911424,28201984,4709440,23207616,16252864,16236480
2026-05-13T16:30:25+01:00,server,315332920,7880,1365604,1331753044,6761,0,69908,0,32911424,28204672,4706752,23210304,16252864,16236480
2026-05-13T16:30:26+01:00,server,315335392,7880,1365622,1331755504,6761,0,69908,0,32911424,28203328,4708096,23208960,16252864,16236480
2026-05-13T16:30:27+01:00,server,315337866,7880,1365633,1331757960,6761,0,69909,0,32911424,28203712,4707712,23209344,16252864,16236480
2026-05-13T16:30:28+01:00,server,315340319,7880,1365642,1331760415,6761,0,69910,0,32911424,28203136,4708288,23208768,16252864,16236480
2026-05-13T16:30:29+01:00,server,315342772,7880,1365656,1331762870,6761,0,69910,0,32911424,28203520,4707904,23209152,16252864,16236480
2026-05-13T16:30:30+01:00,server,315345225,7880,1365670,1331765323,6761,0,69910,0,32911424,28206400,4705024,23212032,16252864,16236480
2026-05-13T16:30:31+01:00,server,315347677,7880,1365684,1331767777,6761,0,69910,0,32911424,28207360,4704064,23212992,16252864,16236480
2026-05-13T16:30:32+01:00,server,315350151,7880,1365698,1331770234,6761,0,69910,0,32911424,28205696,4705728,23211264,16252864,16236480
2026-05-13T16:30:33+01:00,server,315352624,7880,1365702,1331772697,6761,0,69910,0,32911424,28204160,4707264,23209728,16252864,16236480
2026-05-13T16:30:35+01:00,server,315355052,7880,1365710,1331775156,6761,0,69910,0,32911424,28207232,4704192,23212800,16252864,16236480
2026-05-13T16:30:36+01:00,server,315357523,7880,1365730,1331777610,6761,0,69910,0,32911424,28204800,4706624,23210368,16252864,16236480
2026-05-13T16:30:37+01:00,server,315359986,7880,1365753,1331780043,6761,0,69911,0,32911424,28208704,4702720,23214400,16252864,16236480
2026-05-13T16:30:38+01:00,server,315362466,7880,1365766,1331782498,6761,0,69911,0,32911424,28207744,4703680,23213440,16252864,16236480
2026-05-13T16:30:39+01:00,server,315364940,7880,1365779,1331784952,6761,0,69912,0,32911424,28206144,4705280,23211840,16252864,16236480
2026-05-13T16:30:40+01:00,server,315367366,7880,1365811,1331787407,6761,0,69912,0,32911424,28207296,4704128,23212992,16252864,16236480
2026-05-13T16:30:41+01:00,server,315369819,7880,1365822,1331789865,6761,0,69912,0,32911424,28206336,4705088,23212032,16252864,16236480
2026-05-13T16:30:42+01:00,server,315372272,7880,1365836,1331792321,6761,0,69912,0,32911424,28203648,4707776,23209344,16252864,16236480
2026-05-13T16:30:43+01:00,server,315374699,7880,1365850,1331794777,6761,0,69912,0,32911424,28202880,4708544,23208576,16252864,16236480
2026-05-13T16:30:44+01:00,server,315377128,7880,1365863,1331797235,6761,0,69914,0,32911424,28205120,4706304,23210816,16252864,16236480
2026-05-13T16:30:45+01:00,server,315379552,7880,1365879,1331799695,6761,0,69914,0,32911424,28207104,4704320,23212736,16252864,16236480
2026-05-13T16:30:46+01:00,server,315382022,7880,1365889,1331802157,6761,0,69914,0,32911424,28205376,4706048,23211008,16252864,16236480
2026-05-13T16:30:47+01:00,server,315384472,7880,1365898,1331804618,6761,0,69915,0,32911424,28205184,4706240,23210816,16252864,16236480
2026-05-13T16:30:48+01:00,server,315386919,7880,1365914,1331807074,6761,0,69915,0,32911424,28206720,4704704,23212352,16252864,16236480
2026-05-13T16:30:49+01:00,server,315389391,7880,1365930,1331809530,6761,0,69916,0,32911424,28205696,4705728,23211264,16252864,16236480
2026-05-13T16:30:50+01:00,server,315391840,7880,1365942,1331811989,6761,0,69916,0,32911424,28206080,4705344,23211648,16252864,16236480
2026-05-13T16:30:51+01:00,server,315394315,7880,1365954,1331814446,6761,0,69917,0,32911424,28207488,4703936,23213056,16252864,16236480
