timestamp,cpu_percent,rss_kb,vmhwm_kb
2026-05-12T20:11:26+01:00,322,4941632,4941632
2026-05-12T20:11:28+01:00,644,4953600,4953600
2026-05-12T20:11:29+01:00,980,4953600,4953600
2026-05-12T20:11:30+01:00,1223,4953600,4953600
2026-05-12T20:11:31+01:00,1404,4955264,4955264
2026-05-12T20:11:32+01:00,1537,4955264,4955264
2026-05-12T20:11:33+01:00,1651,4955264,4955264
2026-05-12T20:11:34+01:00,1743,4955264,4955264
2026-05-12T20:11:35+01:00,1680,4955264,4955264
2026-05-12T20:11:36+01:00,1751,4955264,4955264
2026-05-12T20:11:38+01:00,1812,4955264,4955264
2026-05-12T20:11:39+01:00,1866,4955264,4955264
2026-05-12T20:11:40+01:00,1914,4955264,4955264
2026-05-12T20:11:41+01:00,1956,4955264,4955264
2026-05-12T20:11:42+01:00,1993,4955264,4955264
2026-05-12T20:11:43+01:00,2027,4955264,4955264
2026-05-12T20:11:44+01:00,1964,4955264,4955264
2026-05-12T20:11:45+01:00,1995,4955264,4955264
2026-05-12T20:11:47+01:00,2023,4955264,4955264
2026-05-12T20:11:48+01:00,2049,4955264,4955264
2026-05-12T20:11:49+01:00,2073,4955264,4955264
2026-05-12T20:11:50+01:00,2096,4955264,4955264
2026-05-12T20:11:51+01:00,2116,4955264,4955264
2026-05-12T20:11:52+01:00,2136,4955264,4955264
2026-05-12T20:11:53+01:00,2154,4955264,4955264
2026-05-12T20:11:54+01:00,2103,4955264,4955264
2026-05-12T20:11:56+01:00,2120,4955264,4955264
2026-05-12T20:11:57+01:00,2136,4955264,4955264
2026-05-12T20:11:58+01:00,2150,4955264,4955264
2026-05-12T20:11:59+01:00,2164,4955264,4955264
2026-05-12T20:12:00+01:00,2176,4955264,4955264
2026-05-12T20:12:01+01:00,2190,4955264,4955264
2026-05-12T20:12:02+01:00,2200,4963712,4963712
2026-05-12T20:12:03+01:00,2158,4963712,4963712
2026-05-12T20:12:04+01:00,2170,4963712,4963712
2026-05-12T20:12:06+01:00,2181,4963712,4963712
2026-05-12T20:12:07+01:00,2192,4963712,4963712
2026-05-12T20:12:08+01:00,2203,4963712,4963712
2026-05-12T20:12:09+01:00,2213,4963712,4963712
2026-05-12T20:12:10+01:00,2223,4963712,4963712
2026-05-12T20:12:11+01:00,2232,4963712,4963712
2026-05-12T20:12:12+01:00,2196,4963712,4963712
2026-05-12T20:12:13+01:00,2206,4963712,4963712
2026-05-12T20:12:15+01:00,2215,4963712,4963712
2026-05-12T20:12:16+01:00,2224,4963712,4963712
2026-05-12T20:12:17+01:00,2232,4963712,4963712
2026-05-12T20:12:18+01:00,2240,4963712,4963712
2026-05-12T20:12:19+01:00,2248,4963712,4963712
2026-05-12T20:12:20+01:00,2256,4963712,4963712
2026-05-12T20:12:21+01:00,2263,4963712,4963712
2026-05-12T20:12:22+01:00,2232,4963712,4963712
2026-05-12T20:12:24+01:00,2239,4963712,4963712
2026-05-12T20:12:25+01:00,2246,4963712,4963712
2026-05-12T20:12:26+01:00,2253,4963712,4963712
2026-05-12T20:12:27+01:00,2259,4963712,4963712
2026-05-12T20:12:28+01:00,2265,4963712,4963712
2026-05-12T20:12:29+01:00,2271,4963712,4963712
2026-05-12T20:12:30+01:00,2276,4963712,4963712
2026-05-12T20:12:31+01:00,2249,4963712,4963712
2026-05-12T20:12:32+01:00,2254,4963712,4963712
2026-05-12T20:12:34+01:00,2259,4963712,4963712
2026-05-12T20:12:35+01:00,2264,4963712,4963712
2026-05-12T20:12:36+01:00,2269,4963712,4963712
2026-05-12T20:12:37+01:00,2274,4963712,4963712
2026-05-12T20:12:38+01:00,2278,4963712,4963712
2026-05-12T20:12:39+01:00,2283,4963712,4963712
2026-05-12T20:12:40+01:00,2287,4963712,4963712
2026-05-12T20:12:41+01:00,2262,4963712,4963712
2026-05-12T20:12:43+01:00,2266,4963712,4963712
2026-05-12T20:12:44+01:00,2270,4963712,4963712
2026-05-12T20:12:45+01:00,2274,4963712,4963712
2026-05-12T20:12:46+01:00,2277,4963712,4963712
2026-05-12T20:12:47+01:00,2284,4963712,4963712
2026-05-12T20:12:48+01:00,2287,4963712,4963712
2026-05-12T20:12:49+01:00,2264,4963712,4963712
2026-05-12T20:12:51+01:00,2268,4963712,4963712
2026-05-12T20:12:52+01:00,2271,4963712,4963712
2026-05-12T20:12:53+01:00,2274,4963712,4963712
2026-05-12T20:12:54+01:00,2277,4963712,4963712
2026-05-12T20:12:55+01:00,2280,4963712,4963712
2026-05-12T20:12:56+01:00,2283,4963712,4963712
2026-05-12T20:12:57+01:00,2286,4963712,4963712
2026-05-12T20:12:58+01:00,2266,4963712,4963712
2026-05-12T20:12:59+01:00,2269,4963712,4963712
2026-05-12T20:13:01+01:00,2272,4963712,4963712
2026-05-12T20:13:02+01:00,2274,4963712,4963712
2026-05-12T20:13:03+01:00,2277,4963712,4963712
2026-05-12T20:13:04+01:00,2279,4963712,4963712
2026-05-12T20:13:05+01:00,2282,4963712,4963712
2026-05-12T20:13:06+01:00,2284,4963712,4963712
2026-05-12T20:13:07+01:00,2287,4963712,4963712
2026-05-12T20:13:08+01:00,2267,4963712,4963712
2026-05-12T20:13:10+01:00,2269,4963712,4963712
2026-05-12T20:13:11+01:00,2272,4963712,4963712
2026-05-12T20:13:12+01:00,2274,4963712,4963712
2026-05-12T20:13:13+01:00,2276,4963712,4963712
2026-05-12T20:13:14+01:00,2278,4963712,4963712
2026-05-12T20:13:15+01:00,2280,4963712,4963712
2026-05-12T20:13:16+01:00,2282,4963712,4963712
2026-05-12T20:13:17+01:00,2264,4963712,4963712
2026-05-12T20:13:19+01:00,2266,4963712,4963712
2026-05-12T20:13:20+01:00,2268,4963712,4963712
2026-05-12T20:13:21+01:00,2270,4963712,4963712
2026-05-12T20:13:22+01:00,2272,4963712,4963712
2026-05-12T20:13:23+01:00,2274,4963712,4963712
2026-05-12T20:13:24+01:00,2276,4963712,4963712
2026-05-12T20:13:25+01:00,2277,4963712,4963712
2026-05-12T20:13:26+01:00,2260,4963712,4963712
2026-05-12T20:13:27+01:00,2263,4980608,4980608
2026-05-12T20:13:29+01:00,2266,4980608,4980608
2026-05-12T20:13:30+01:00,2269,4980608,4980608
2026-05-12T20:13:31+01:00,2272,4980608,4980608
2026-05-12T20:13:32+01:00,2275,4980608,4980608
2026-05-12T20:13:33+01:00,2278,4980608,4980608
2026-05-12T20:13:34+01:00,2281,4980608,4980608
2026-05-12T20:13:35+01:00,2284,4980608,4980608
2026-05-12T20:13:36+01:00,2270,4980608,4980608
2026-05-12T20:13:38+01:00,2273,4980608,4980608
2026-05-12T20:13:39+01:00,2276,4980608,4980608
2026-05-12T20:13:40+01:00,2279,4980608,4980608
2026-05-12T20:13:41+01:00,2282,4980608,4980608
2026-05-12T20:13:42+01:00,2285,4980608,4980608
2026-05-12T20:13:43+01:00,2287,4980608,4980608
2026-05-12T20:13:44+01:00,2290,4980608,4980608
2026-05-12T20:13:45+01:00,2277,4980608,4980608
2026-05-12T20:13:46+01:00,2279,4980608,4980608
2026-05-12T20:13:48+01:00,2282,4980608,4980608
2026-05-12T20:13:49+01:00,2285,4980608,4980608
2026-05-12T20:13:50+01:00,2287,4980608,4980608
2026-05-12T20:13:51+01:00,2290,4980608,4980608
2026-05-12T20:13:52+01:00,2292,4980608,4980608
2026-05-12T20:13:53+01:00,2295,4980608,4980608
2026-05-12T20:13:54+01:00,2297,4980608,4980608
2026-05-12T20:13:55+01:00,2284,4980608,4980608
2026-05-12T20:13:57+01:00,2286,4980608,4980608
2026-05-12T20:13:58+01:00,2289,4980608,4980608
2026-05-12T20:13:59+01:00,2291,4980608,4980608
2026-05-12T20:14:00+01:00,2293,4980608,4980608
2026-05-12T20:14:01+01:00,2295,4980608,4980608
2026-05-12T20:14:02+01:00,2297,4980608,4980608
2026-05-12T20:14:03+01:00,2299,4980608,4980608
2026-05-12T20:14:04+01:00,2287,4980608,4980608
2026-05-12T20:14:06+01:00,2288,4980608,4980608
2026-05-12T20:14:07+01:00,2290,4980608,4980608
2026-05-12T20:14:08+01:00,2292,4980608,4980608
2026-05-12T20:14:09+01:00,2294,4980608,4980608
2026-05-12T20:14:10+01:00,2296,4980608,4980608
2026-05-12T20:14:11+01:00,2297,4980608,4980608
2026-05-12T20:14:12+01:00,2299,4980608,4980608
2026-05-12T20:14:13+01:00,2287,4980608,4980608
2026-05-12T20:14:14+01:00,2289,4980608,4980608
2026-05-12T20:14:16+01:00,2290,4980608,4980608
2026-05-12T20:14:17+01:00,2292,4980608,4980608
2026-05-12T20:14:18+01:00,2293,4980608,4980608
2026-05-12T20:14:19+01:00,2295,4980608,4980608
2026-05-12T20:14:20+01:00,2296,4980608,4980608
2026-05-12T20:14:21+01:00,2298,4980608,4980608
2026-05-12T20:14:22+01:00,2299,4980608,4980608
2026-05-12T20:14:23+01:00,2288,4980608,4980608
2026-05-12T20:14:25+01:00,2289,4980608,4980608
2026-05-12T20:14:26+01:00,2291,4980608,4980608
2026-05-12T20:14:27+01:00,2292,4980608,4980608
2026-05-12T20:14:28+01:00,2293,4980608,4980608
2026-05-12T20:14:29+01:00,2295,4980608,4980608
2026-05-12T20:14:30+01:00,2296,4980608,4980608
2026-05-12T20:14:31+01:00,2297,4980608,4980608
2026-05-12T20:14:32+01:00,2286,4980608,4980608
2026-05-12T20:14:33+01:00,2287,4980608,4980608
2026-05-12T20:14:35+01:00,2288,4980608,4980608
2026-05-12T20:14:36+01:00,2290,4980608,4980608
2026-05-12T20:14:37+01:00,2291,4980608,4980608
2026-05-12T20:14:38+01:00,2292,4980608,4980608
2026-05-12T20:14:39+01:00,2293,4980608,4980608
2026-05-12T20:14:40+01:00,2294,4980608,4980608
2026-05-12T20:14:41+01:00,2295,4980608,4980608
2026-05-12T20:14:42+01:00,2285,4980608,4980608
2026-05-12T20:14:44+01:00,2286,4980608,4980608
2026-05-12T20:14:45+01:00,2287,4980608,4980608
2026-05-12T20:14:46+01:00,2288,4980608,4980608
2026-05-12T20:14:47+01:00,2289,4980608,4980608
2026-05-12T20:14:48+01:00,2290,4980608,4980608
2026-05-12T20:14:49+01:00,2290,4980608,4980608
2026-05-12T20:14:50+01:00,2291,4980608,4980608
2026-05-12T20:14:51+01:00,2281,4980608,4980608
2026-05-12T20:14:52+01:00,2283,5014464,5014464
2026-05-12T20:14:54+01:00,2284,5014464,5014464
2026-05-12T20:14:55+01:00,2286,5014464,5014464
2026-05-12T20:14:56+01:00,2288,5014464,5014464
2026-05-12T20:14:57+01:00,2290,5014464,5014464
2026-05-12T20:14:58+01:00,2291,5014464,5014464
2026-05-12T20:14:59+01:00,2293,5014464,5014464
2026-05-12T20:15:00+01:00,2295,5014464,5014464
2026-05-12T20:15:01+01:00,2286,5014464,5014464
2026-05-12T20:15:03+01:00,2288,5014464,5014464
2026-05-12T20:15:04+01:00,2290,5014464,5014464
2026-05-12T20:15:05+01:00,2291,5014464,5014464
2026-05-12T20:15:06+01:00,2293,5014464,5014464
2026-05-12T20:15:07+01:00,2295,5014464,5014464
2026-05-12T20:15:08+01:00,2296,5014464,5014464
2026-05-12T20:15:09+01:00,2298,5014464,5014464
2026-05-12T20:15:10+01:00,2290,5014464,5014464
2026-05-12T20:15:11+01:00,2291,5014464,5014464
2026-05-12T20:15:13+01:00,2293,5014464,5014464
2026-05-12T20:15:14+01:00,2295,5014464,5014464
2026-05-12T20:15:15+01:00,2296,5014464,5014464
2026-05-12T20:15:16+01:00,2298,5014464,5014464
2026-05-12T20:15:17+01:00,2299,5014464,5014464
2026-05-12T20:15:18+01:00,2300,5014464,5014464
2026-05-12T20:15:19+01:00,2302,5014464,5014464
2026-05-12T20:15:20+01:00,2294,5014464,5014464
2026-05-12T20:15:22+01:00,2295,5014464,5014464
2026-05-12T20:15:23+01:00,2296,5014464,5014464
2026-05-12T20:15:24+01:00,2298,5014464,5014464
2026-05-12T20:15:25+01:00,2299,5014464,5014464
2026-05-12T20:15:26+01:00,2300,5014464,5014464
2026-05-12T20:15:27+01:00,2301,5014464,5014464
2026-05-12T20:15:28+01:00,2303,5014464,5014464
2026-05-12T20:15:29+01:00,2295,5014464,5014464
2026-05-12T20:15:31+01:00,2296,5014464,5014464
2026-05-12T20:15:32+01:00,2297,5014464,5014464
2026-05-12T20:15:33+01:00,2298,5014464,5014464
2026-05-12T20:15:34+01:00,2299,5014464,5014464
2026-05-12T20:15:35+01:00,2300,5014464,5014464
2026-05-12T20:15:36+01:00,2301,5014464,5014464
2026-05-12T20:15:37+01:00,2302,5014464,5014464
2026-05-12T20:15:38+01:00,2295,5014464,5014464
2026-05-12T20:15:39+01:00,2296,5014464,5014464
2026-05-12T20:15:41+01:00,2297,5014464,5014464
2026-05-12T20:15:42+01:00,2298,5014464,5014464
2026-05-12T20:15:43+01:00,2299,5014464,5014464
2026-05-12T20:15:44+01:00,2300,5014464,5014464
2026-05-12T20:15:45+01:00,2301,5014464,5014464
2026-05-12T20:15:46+01:00,2301,5014464,5014464
2026-05-12T20:15:47+01:00,2302,5014464,5014464
2026-05-12T20:15:48+01:00,2295,5014464,5014464
2026-05-12T20:15:50+01:00,2296,5014464,5014464
2026-05-12T20:15:51+01:00,2296,5014464,5014464
2026-05-12T20:15:52+01:00,2297,5014464,5014464
2026-05-12T20:15:53+01:00,2298,5014464,5014464
2026-05-12T20:15:54+01:00,2299,5014464,5014464
2026-05-12T20:15:55+01:00,2300,5014464,5014464
2026-05-12T20:15:56+01:00,2301,5014464,5014464
2026-05-12T20:15:57+01:00,2293,5014464,5014464
2026-05-12T20:15:59+01:00,2294,5014464,5014464
2026-05-12T20:16:00+01:00,2295,5014464,5014464
2026-05-12T20:16:01+01:00,2295,5014464,5014464
2026-05-12T20:16:02+01:00,2296,5014464,5014464
2026-05-12T20:16:03+01:00,2297,5014464,5014464
2026-05-12T20:16:04+01:00,2298,5014464,5014464
2026-05-12T20:16:05+01:00,2298,5014464,5014464
2026-05-12T20:16:06+01:00,2291,5014464,5014464
2026-05-12T20:16:07+01:00,2291,5014464,5014464
2026-05-12T20:16:09+01:00,2292,5014464,5014464
2026-05-12T20:16:10+01:00,2293,5014464,5014464
2026-05-12T20:16:11+01:00,2293,5014464,5014464
2026-05-12T20:16:12+01:00,2294,5014464,5014464
2026-05-12T20:16:13+01:00,2295,5014464,5014464
2026-05-12T20:16:14+01:00,2295,5014464,5014464
2026-05-12T20:16:15+01:00,2296,5014464,5014464
2026-05-12T20:16:16+01:00,2288,5030720,5030720
2026-05-12T20:16:18+01:00,2290,5030720,5030720
2026-05-12T20:16:19+01:00,2291,5030720,5030720
2026-05-12T20:16:20+01:00,2292,5030720,5030720
2026-05-12T20:16:21+01:00,2293,5030720,5030720
2026-05-12T20:16:22+01:00,2294,5030720,5030720
2026-05-12T20:16:23+01:00,2296,5030720,5030720
2026-05-12T20:16:24+01:00,2297,5030720,5030720
2026-05-12T20:16:25+01:00,2291,5030720,5030720
2026-05-12T20:16:26+01:00,2292,5030720,5030720
2026-05-12T20:16:28+01:00,2293,5030720,5030720
2026-05-12T20:16:29+01:00,2294,5030720,5030720
2026-05-12T20:16:30+01:00,2295,5030720,5030720
2026-05-12T20:16:31+01:00,2297,5030720,5030720
2026-05-12T20:16:32+01:00,2298,5030720,5030720
2026-05-12T20:16:33+01:00,2299,5030720,5030720
2026-05-12T20:16:34+01:00,2300,5030720,5030720
2026-05-12T20:16:35+01:00,2294,5030720,5030720
2026-05-12T20:16:37+01:00,2295,5030720,5030720
2026-05-12T20:16:38+01:00,2297,5030720,5030720
2026-05-12T20:16:39+01:00,2298,5030720,5030720
2026-05-12T20:16:40+01:00,2299,5030720,5030720
2026-05-12T20:16:41+01:00,2300,5030720,5030720
2026-05-12T20:16:42+01:00,2301,5030720,5030720
2026-05-12T20:16:43+01:00,2302,5030720,5030720
2026-05-12T20:16:44+01:00,2296,5030720,5030720
2026-05-12T20:16:45+01:00,2297,5030720,5030720
2026-05-12T20:16:47+01:00,2298,5030720,5030720
2026-05-12T20:16:48+01:00,2299,5030720,5030720
2026-05-12T20:16:49+01:00,2300,5030720,5030720
2026-05-12T20:16:50+01:00,2301,5030720,5030720
2026-05-12T20:16:51+01:00,2302,5030720,5030720
2026-05-12T20:16:52+01:00,2303,5030720,5030720
2026-05-12T20:16:53+01:00,2297,5030720,5030720
2026-05-12T20:16:54+01:00,2298,5030720,5030720
2026-05-12T20:16:56+01:00,2299,5030720,5030720
2026-05-12T20:16:57+01:00,2299,5030720,5030720
2026-05-12T20:16:58+01:00,2300,5030720,5030720
2026-05-12T20:16:59+01:00,2301,5030720,5030720
2026-05-12T20:17:00+01:00,2302,5030720,5030720
2026-05-12T20:17:01+01:00,2303,5030720,5030720
2026-05-12T20:17:02+01:00,2303,5030720,5030720
2026-05-12T20:17:03+01:00,2298,5030720,5030720
2026-05-12T20:17:05+01:00,2298,5030720,5030720
2026-05-12T20:17:06+01:00,2299,5030720,5030720
2026-05-12T20:17:07+01:00,2300,5030720,5030720
2026-05-12T20:17:08+01:00,2301,5030720,5030720
2026-05-12T20:17:09+01:00,2301,5030720,5030720
2026-05-12T20:17:10+01:00,2302,5030720,5030720
2026-05-12T20:17:11+01:00,2303,5030720,5030720
2026-05-12T20:17:12+01:00,2297,5030720,5030720
2026-05-12T20:17:13+01:00,2297,5030720,5030720
2026-05-12T20:17:15+01:00,2298,5030720,5030720
2026-05-12T20:17:16+01:00,2299,5030720,5030720
2026-05-12T20:17:17+01:00,2299,5030720,5030720
2026-05-12T20:17:18+01:00,2300,5030720,5030720
2026-05-12T20:17:19+01:00,2301,5030720,5030720
2026-05-12T20:17:20+01:00,2301,5030720,5030720
2026-05-12T20:17:21+01:00,2302,5030720,5030720
2026-05-12T20:17:22+01:00,2296,5030720,5030720
2026-05-12T20:17:24+01:00,2297,5030720,5030720
2026-05-12T20:17:25+01:00,2297,5030720,5030720
2026-05-12T20:17:26+01:00,2298,5030720,5030720
2026-05-12T20:17:27+01:00,2298,5030720,5030720
2026-05-12T20:17:28+01:00,2299,5030720,5030720
2026-05-12T20:17:29+01:00,2299,5030720,5030720
2026-05-12T20:17:30+01:00,2300,5030720,5030720
2026-05-12T20:17:31+01:00,2294,5030720,5030720
2026-05-12T20:17:32+01:00,2295,5030720,5030720
2026-05-12T20:17:34+01:00,2295,5030720,5030720
2026-05-12T20:17:35+01:00,2296,5030720,5030720
2026-05-12T20:17:36+01:00,2296,5030720,5030720
2026-05-12T20:17:37+01:00,2297,5030720,5030720
2026-05-12T20:17:38+01:00,2297,5030720,5030720
2026-05-12T20:17:39+01:00,2298,5030720,5030720
2026-05-12T20:17:40+01:00,2298,5030720,5030720
2026-05-12T20:17:41+01:00,2292,5030720,5030720
2026-05-12T20:17:43+01:00,2293,5030720,5030720
2026-05-12T20:17:44+01:00,2293,5030720,5030720
2026-05-12T20:17:45+01:00,2294,5030720,5030720
2026-05-12T20:17:46+01:00,2294,5030720,5030720
2026-05-12T20:17:47+01:00,2295,5030720,5030720
2026-05-12T20:17:48+01:00,2295,5030720,5030720
2026-05-12T20:17:49+01:00,2296,5071552,5071552
2026-05-12T20:17:50+01:00,2291,5074112,5074112
2026-05-12T20:17:51+01:00,2292,5074112,5074112
2026-05-12T20:17:53+01:00,2292,5074112,5074112
2026-05-12T20:17:54+01:00,2293,5074112,5074112
2026-05-12T20:17:55+01:00,2294,5074112,5074112
2026-05-12T20:17:56+01:00,2295,5074112,5074112
2026-05-12T20:17:57+01:00,2296,5074112,5074112
2026-05-12T20:17:58+01:00,2297,5074112,5074112
2026-05-12T20:17:59+01:00,2298,5074112,5074112
2026-05-12T20:18:00+01:00,2293,5074112,5074112
2026-05-12T20:18:02+01:00,2294,5074112,5074112
2026-05-12T20:18:03+01:00,2295,5074112,5074112
2026-05-12T20:18:04+01:00,2295,5074112,5074112
2026-05-12T20:18:05+01:00,2296,5074112,5074112
2026-05-12T20:18:06+01:00,2297,5074112,5074112
2026-05-12T20:18:07+01:00,2298,5074112,5074112
2026-05-12T20:18:08+01:00,2299,5074112,5074112
2026-05-12T20:18:09+01:00,2294,5074112,5074112
2026-05-12T20:18:10+01:00,2295,5074112,5074112
2026-05-12T20:18:12+01:00,2296,5074112,5074112
2026-05-12T20:18:13+01:00,2297,5074112,5074112
2026-05-12T20:18:14+01:00,2298,5074112,5074112
2026-05-12T20:18:15+01:00,2298,5074112,5074112
2026-05-12T20:18:16+01:00,2299,5074112,5074112
2026-05-12T20:18:17+01:00,2300,5074112,5074112
2026-05-12T20:18:18+01:00,2301,5074112,5074112
2026-05-12T20:18:19+01:00,2296,5074112,5074112
2026-05-12T20:18:21+01:00,2297,5074112,5074112
2026-05-12T20:18:22+01:00,2297,5074112,5074112
2026-05-12T20:18:23+01:00,2298,5074112,5074112
2026-05-12T20:18:24+01:00,2299,5074112,5074112
2026-05-12T20:18:25+01:00,2299,5074112,5074112
2026-05-12T20:18:26+01:00,2300,5074112,5074112
2026-05-12T20:18:27+01:00,2301,5074112,5074112
2026-05-12T20:18:28+01:00,2296,5074112,5074112
2026-05-12T20:18:29+01:00,2297,5074112,5074112
2026-05-12T20:18:31+01:00,2297,5074112,5074112
2026-05-12T20:18:32+01:00,2298,5074112,5074112
2026-05-12T20:18:33+01:00,2298,5074112,5074112
2026-05-12T20:18:34+01:00,2299,5074112,5074112
2026-05-12T20:18:35+01:00,2300,5074112,5074112
2026-05-12T20:18:36+01:00,2300,5074112,5074112
2026-05-12T20:18:37+01:00,2301,5074112,5074112
2026-05-12T20:18:38+01:00,2296,5074112,5074112
2026-05-12T20:18:40+01:00,2297,5074112,5074112
2026-05-12T20:18:41+01:00,2297,5074112,5074112
2026-05-12T20:18:42+01:00,2298,5074112,5074112
2026-05-12T20:18:43+01:00,2298,5074112,5074112
2026-05-12T20:18:44+01:00,2299,5074112,5074112
2026-05-12T20:18:45+01:00,2299,5074112,5074112
2026-05-12T20:18:46+01:00,2300,5074112,5074112
2026-05-12T20:18:47+01:00,2295,5074112,5074112
2026-05-12T20:18:48+01:00,2295,5074112,5074112
2026-05-12T20:18:50+01:00,2296,5074112,5074112
2026-05-12T20:18:51+01:00,2296,5074112,5074112
2026-05-12T20:18:52+01:00,2297,5074112,5074112
2026-05-12T20:18:53+01:00,2297,5074112,5074112
2026-05-12T20:18:54+01:00,2298,5074112,5074112
2026-05-12T20:18:55+01:00,2298,5074112,5074112
2026-05-12T20:18:56+01:00,2299,5074112,5074112
2026-05-12T20:18:57+01:00,2294,5074112,5074112
2026-05-12T20:18:59+01:00,2295,5074112,5074112
2026-05-12T20:19:00+01:00,2295,5074112,5074112
2026-05-12T20:19:01+01:00,2295,5074112,5074112
2026-05-12T20:19:02+01:00,2296,5074112,5074112
2026-05-12T20:19:03+01:00,2296,5074112,5074112
2026-05-12T20:19:04+01:00,2297,5074112,5074112
2026-05-12T20:19:05+01:00,2297,5074112,5074112
2026-05-12T20:19:06+01:00,2293,5074112,5074112
2026-05-12T20:19:07+01:00,2293,5074112,5074112
2026-05-12T20:19:09+01:00,2293,5074112,5074112
2026-05-12T20:19:10+01:00,2294,5074112,5074112
2026-05-12T20:19:11+01:00,2294,5074112,5074112
2026-05-12T20:19:12+01:00,2295,5074112,5074112
2026-05-12T20:19:13+01:00,2295,5074112,5074112
2026-05-12T20:19:14+01:00,2295,5074112,5074112
2026-05-12T20:19:15+01:00,2296,5074112,5074112
2026-05-12T20:19:16+01:00,2291,5074112,5074112
2026-05-12T20:19:18+01:00,2292,5074112,5074112
2026-05-12T20:19:19+01:00,2292,5074112,5074112
2026-05-12T20:19:20+01:00,2292,5074112,5074112
2026-05-12T20:19:21+01:00,2293,5074112,5074112
2026-05-12T20:19:22+01:00,2293,5074112,5074112
2026-05-12T20:19:23+01:00,2293,5074112,5074112
2026-05-12T20:19:24+01:00,2294,5074112,5074112
2026-05-12T20:19:25+01:00,2289,5074112,5074112
2026-05-12T20:19:26+01:00,2290,5131008,5131008
2026-05-12T20:19:28+01:00,2291,5133248,5133248
2026-05-12T20:19:29+01:00,2291,5133248,5133248
2026-05-12T20:19:30+01:00,2292,5133248,5133248
2026-05-12T20:19:31+01:00,2293,5133248,5133248
2026-05-12T20:19:32+01:00,2293,5133248,5133248
2026-05-12T20:19:33+01:00,2294,5133248,5133248
2026-05-12T20:19:34+01:00,2295,5133248,5133248
2026-05-12T20:19:35+01:00,2291,5133248,5133248
2026-05-12T20:19:37+01:00,2291,5133248,5133248
2026-05-12T20:19:38+01:00,2292,5133248,5133248
2026-05-12T20:19:39+01:00,2293,5133248,5133248
2026-05-12T20:19:40+01:00,2294,5133248,5133248
2026-05-12T20:19:41+01:00,2294,5133248,5133248
2026-05-12T20:19:42+01:00,2295,5133248,5133248
2026-05-12T20:19:43+01:00,2296,5133248,5133248
2026-05-12T20:19:44+01:00,2296,5133248,5133248
2026-05-12T20:19:45+01:00,2292,5133248,5133248
2026-05-12T20:19:47+01:00,2293,5133248,5133248
2026-05-12T20:19:48+01:00,2294,5133248,5133248
2026-05-12T20:19:49+01:00,2294,5133248,5133248
2026-05-12T20:19:50+01:00,2295,5133248,5133248
2026-05-12T20:19:51+01:00,2296,5133248,5133248
2026-05-12T20:19:52+01:00,2296,5133248,5133248
2026-05-12T20:19:53+01:00,2297,5133248,5133248
2026-05-12T20:19:54+01:00,2293,5133248,5133248
2026-05-12T20:19:55+01:00,2294,5133248,5133248
2026-05-12T20:19:57+01:00,2294,5133248,5133248
2026-05-12T20:19:58+01:00,2295,5133248,5133248
2026-05-12T20:19:59+01:00,2296,5135296,5135296
2026-05-12T20:20:00+01:00,2296,5135296,5135296
2026-05-12T20:20:01+01:00,2297,5135296,5135296
2026-05-12T20:20:02+01:00,2297,5135296,5135296
2026-05-12T20:20:03+01:00,2298,5135296,5135296
2026-05-12T20:20:04+01:00,2294,5135296,5135296
2026-05-12T20:20:06+01:00,2295,5135296,5135296
2026-05-12T20:20:07+01:00,2295,5135296,5135296
2026-05-12T20:20:08+01:00,2296,5135296,5135296
2026-05-12T20:20:09+01:00,2296,5135296,5135296
2026-05-12T20:20:10+01:00,2297,5135296,5135296
2026-05-12T20:20:11+01:00,2298,5135296,5135296
2026-05-12T20:20:12+01:00,2294,5135296,5135296
2026-05-12T20:20:14+01:00,2295,5135296,5135296
2026-05-12T20:20:15+01:00,2295,5135296,5135296
2026-05-12T20:20:16+01:00,2296,5135296,5135296
2026-05-12T20:20:17+01:00,2297,5135296,5135296
2026-05-12T20:20:18+01:00,2297,5135296,5135296
2026-05-12T20:20:19+01:00,2294,5135296,5135296
2026-05-12T20:20:21+01:00,2294,5135296,5135296
2026-05-12T20:20:22+01:00,2295,5135296,5135296
2026-05-12T20:20:23+01:00,2295,5135296,5135296
2026-05-12T20:20:24+01:00,2296,5135296,5135296
2026-05-12T20:20:25+01:00,2297,5135296,5135296
2026-05-12T20:20:26+01:00,2293,5135296,5135296
2026-05-12T20:20:28+01:00,2294,5135296,5135296
2026-05-12T20:20:29+01:00,2294,5135296,5135296
2026-05-12T20:20:30+01:00,2295,5135296,5135296
2026-05-12T20:20:31+01:00,2295,5135296,5135296
2026-05-12T20:20:32+01:00,2296,5135296,5135296
2026-05-12T20:20:33+01:00,2292,5135296,5135296
2026-05-12T20:20:35+01:00,2293,5135296,5135296
2026-05-12T20:20:36+01:00,2293,5135296,5135296
2026-05-12T20:20:37+01:00,2294,5135296,5135296
2026-05-12T20:20:38+01:00,2294,5135296,5135296
2026-05-12T20:20:39+01:00,2295,5135296,5135296
2026-05-12T20:20:40+01:00,2291,5135296,5135296
2026-05-12T20:20:41+01:00,2291,5135296,5135296
2026-05-12T20:20:43+01:00,2292,5135296,5135296
2026-05-12T20:20:44+01:00,2292,5135296,5135296
2026-05-12T20:20:45+01:00,2292,5135296,5135296
2026-05-12T20:20:46+01:00,2292,5135296,5135296
2026-05-12T20:20:47+01:00,2293,5135296,5135296
2026-05-12T20:20:48+01:00,2293,5135296,5135296
2026-05-12T20:20:49+01:00,2293,5135296,5135296
2026-05-12T20:20:50+01:00,2290,5135296,5135296
2026-05-12T20:20:52+01:00,2290,5135296,5135296
2026-05-12T20:20:53+01:00,2290,5135296,5135296
2026-05-12T20:20:54+01:00,2290,5135296,5135296
2026-05-12T20:20:55+01:00,2291,5135296,5135296
2026-05-12T20:20:56+01:00,2291,5135296,5135296
2026-05-12T20:20:57+01:00,2291,5135296,5135296
2026-05-12T20:20:58+01:00,2292,5135296,5135296
2026-05-12T20:20:59+01:00,2288,5135296,5135296
2026-05-12T20:21:00+01:00,2288,5135296,5135296
2026-05-12T20:21:02+01:00,2288,5135296,5135296
2026-05-12T20:21:03+01:00,2289,5135296,5135296
2026-05-12T20:21:04+01:00,2289,5135296,5135296
2026-05-12T20:21:05+01:00,2289,5135296,5135296
2026-05-12T20:21:06+01:00,2289,5135296,5135296
2026-05-12T20:21:07+01:00,2290,5135296,5135296
2026-05-12T20:21:08+01:00,2290,5135296,5135296
2026-05-12T20:21:09+01:00,2286,5135296,5135296
2026-05-12T20:21:11+01:00,2286,5135296,5135296
2026-05-12T20:21:12+01:00,2287,5135296,5135296
2026-05-12T20:21:13+01:00,2287,5135296,5135296
2026-05-12T20:21:14+01:00,2287,5135296,5135296
2026-05-12T20:21:15+01:00,2287,5135296,5135296
2026-05-12T20:21:16+01:00,2287,5135296,5135296
2026-05-12T20:21:17+01:00,2288,5135296,5135296
2026-05-12T20:21:18+01:00,2284,5135296,5135296
2026-05-12T20:21:20+01:00,2284,5135296,5135296
2026-05-12T20:21:21+01:00,2284,5135296,5135296
2026-05-12T20:21:22+01:00,2285,5135296,5135296
2026-05-12T20:21:23+01:00,2285,5135296,5135296
2026-05-12T20:21:24+01:00,2285,5135296,5135296
2026-05-12T20:21:25+01:00,2285,5135296,5135296
2026-05-12T20:21:26+01:00,2285,5135296,5135296
2026-05-12T20:21:27+01:00,2282,5135296,5135296
2026-05-12T20:21:28+01:00,2282,5135296,5135296
2026-05-12T20:21:30+01:00,2282,5135296,5135296
2026-05-12T20:21:31+01:00,2282,5135296,5135296
2026-05-12T20:21:32+01:00,2283,5135296,5135296
2026-05-12T20:21:33+01:00,2283,5135296,5135296
2026-05-12T20:21:34+01:00,2283,5135296,5135296
2026-05-12T20:21:35+01:00,2283,5135296,5135296
2026-05-12T20:21:36+01:00,2283,5135296,5135296
2026-05-12T20:21:37+01:00,2280,5160640,5160640
2026-05-12T20:21:39+01:00,2280,5160640,5160640
2026-05-12T20:21:40+01:00,2281,5160640,5160640
2026-05-12T20:21:41+01:00,2281,5160640,5160640
2026-05-12T20:21:42+01:00,2282,5160640,5160640
2026-05-12T20:21:43+01:00,2283,5160640,5160640
2026-05-12T20:21:44+01:00,2283,5160640,5160640
2026-05-12T20:21:45+01:00,2284,5160640,5160640
2026-05-12T20:21:46+01:00,2281,5160640,5160640
2026-05-12T20:21:47+01:00,2281,5160640,5160640
2026-05-12T20:21:49+01:00,2282,5160640,5160640
2026-05-12T20:21:50+01:00,2282,5160640,5160640
2026-05-12T20:21:51+01:00,2283,5160640,5160640
2026-05-12T20:21:52+01:00,2283,5160640,5160640
2026-05-12T20:21:53+01:00,2284,5160640,5160640
2026-05-12T20:21:54+01:00,2284,5160640,5160640
2026-05-12T20:21:55+01:00,2285,5160640,5160640
2026-05-12T20:21:56+01:00,2282,5160640,5160640
2026-05-12T20:21:57+01:00,2282,5160640,5160640
2026-05-12T20:21:59+01:00,2283,5160640,5160640
2026-05-12T20:22:00+01:00,2283,5160640,5160640
2026-05-12T20:22:01+01:00,2284,5160640,5160640
2026-05-12T20:22:02+01:00,2285,5160640,5160640
2026-05-12T20:22:03+01:00,2285,5160640,5160640
2026-05-12T20:22:04+01:00,2286,5160640,5160640
2026-05-12T20:22:05+01:00,2286,5160640,5160640
2026-05-12T20:22:06+01:00,2283,5160640,5160640
2026-05-12T20:22:08+01:00,2284,5160640,5160640
2026-05-12T20:22:09+01:00,2284,5160640,5160640
2026-05-12T20:22:10+01:00,2284,5160640,5160640
2026-05-12T20:22:11+01:00,2285,5160640,5160640
2026-05-12T20:22:12+01:00,2285,5160640,5160640
2026-05-12T20:22:13+01:00,2286,5160640,5160640
2026-05-12T20:22:14+01:00,2286,5160640,5160640
2026-05-12T20:22:15+01:00,2283,5160640,5160640
2026-05-12T20:22:17+01:00,2284,5160640,5160640
2026-05-12T20:22:18+01:00,2284,5160640,5160640
2026-05-12T20:22:19+01:00,2285,5160640,5160640
2026-05-12T20:22:20+01:00,2285,5160640,5160640
2026-05-12T20:22:21+01:00,2285,5160640,5160640
2026-05-12T20:22:22+01:00,2286,5160640,5160640
2026-05-12T20:22:23+01:00,2286,5160640,5160640
2026-05-12T20:22:24+01:00,2283,5160640,5160640
2026-05-12T20:22:25+01:00,2284,5160640,5160640
2026-05-12T20:22:27+01:00,2284,5160640,5160640
2026-05-12T20:22:28+01:00,2284,5160640,5160640
2026-05-12T20:22:29+01:00,2285,5160640,5160640
2026-05-12T20:22:30+01:00,2285,5160640,5160640
2026-05-12T20:22:31+01:00,2285,5160640,5160640
2026-05-12T20:22:32+01:00,2286,5160640,5160640
2026-05-12T20:22:33+01:00,2286,5160640,5160640
2026-05-12T20:22:34+01:00,2283,5160640,5160640
2026-05-12T20:22:36+01:00,2283,5160640,5160640
2026-05-12T20:22:37+01:00,2284,5160640,5160640
2026-05-12T20:22:38+01:00,2284,5160640,5160640
2026-05-12T20:22:39+01:00,2284,5160640,5160640
2026-05-12T20:22:40+01:00,2285,5160640,5160640
2026-05-12T20:22:41+01:00,2285,5160640,5160640
2026-05-12T20:22:42+01:00,2285,5160640,5160640
2026-05-12T20:22:43+01:00,2282,5160640,5160640
2026-05-12T20:22:44+01:00,2283,5160640,5160640
2026-05-12T20:22:46+01:00,2283,5160640,5160640
2026-05-12T20:22:47+01:00,2283,5160640,5160640
2026-05-12T20:22:48+01:00,2284,5160640,5160640
2026-05-12T20:22:49+01:00,2284,5160640,5160640
2026-05-12T20:22:50+01:00,2284,5160640,5160640
2026-05-12T20:22:51+01:00,2284,5160640,5160640
2026-05-12T20:22:52+01:00,2285,5160640,5160640
2026-05-12T20:22:53+01:00,2282,5160640,5160640
2026-05-12T20:22:55+01:00,2282,5160640,5160640
2026-05-12T20:22:56+01:00,2282,5160640,5160640
2026-05-12T20:22:57+01:00,2282,5160640,5160640
2026-05-12T20:22:58+01:00,2283,5160640,5160640
2026-05-12T20:22:59+01:00,2283,5160640,5160640
2026-05-12T20:23:00+01:00,2283,5160640,5160640
2026-05-12T20:23:01+01:00,2284,5160640,5160640
2026-05-12T20:23:02+01:00,2281,5160640,5160640
2026-05-12T20:23:04+01:00,2281,5160640,5160640
2026-05-12T20:23:05+01:00,2281,5160640,5160640
2026-05-12T20:23:06+01:00,2281,5160640,5160640
2026-05-12T20:23:07+01:00,2281,5160640,5160640
2026-05-12T20:23:08+01:00,2282,5160640,5160640
2026-05-12T20:23:09+01:00,2282,5160640,5160640
2026-05-12T20:23:10+01:00,2282,5160640,5160640
2026-05-12T20:23:11+01:00,2279,5160640,5160640
2026-05-12T20:23:12+01:00,2279,5160640,5160640
2026-05-12T20:23:14+01:00,2280,5160640,5160640
2026-05-12T20:23:15+01:00,2280,5160640,5160640
2026-05-12T20:23:16+01:00,2280,5160640,5160640
2026-05-12T20:23:17+01:00,2280,5160640,5160640
2026-05-12T20:23:18+01:00,2281,5160640,5160640
2026-05-12T20:23:19+01:00,2281,5160640,5160640
2026-05-12T20:23:20+01:00,2281,5160640,5160640
2026-05-12T20:23:21+01:00,2278,5160640,5160640
2026-05-12T20:23:23+01:00,2278,5160640,5160640
2026-05-12T20:23:24+01:00,2278,5160640,5160640
2026-05-12T20:23:25+01:00,2279,5160640,5160640
2026-05-12T20:23:26+01:00,2279,5160640,5160640
2026-05-12T20:23:27+01:00,2279,5160640,5160640
2026-05-12T20:23:28+01:00,2279,5160640,5160640
2026-05-12T20:23:29+01:00,2279,5160640,5160640
2026-05-12T20:23:30+01:00,2277,5160640,5160640
2026-05-12T20:23:31+01:00,2277,5160640,5160640
2026-05-12T20:23:33+01:00,2277,5160640,5160640
2026-05-12T20:23:34+01:00,2277,5160640,5160640
2026-05-12T20:23:35+01:00,2277,5160640,5160640
2026-05-12T20:23:36+01:00,2277,5160640,5160640
2026-05-12T20:23:37+01:00,2278,5160640,5160640
2026-05-12T20:23:38+01:00,2278,5160640,5160640
2026-05-12T20:23:39+01:00,2278,5190208,5190208
2026-05-12T20:23:40+01:00,2275,5190208,5190208
2026-05-12T20:23:42+01:00,2276,5190208,5190208
2026-05-12T20:23:43+01:00,2276,5190208,5190208
2026-05-12T20:23:44+01:00,2277,5190208,5190208
2026-05-12T20:23:45+01:00,2277,5190208,5190208
2026-05-12T20:23:46+01:00,2278,5190208,5190208
2026-05-12T20:23:47+01:00,2279,5190208,5190208
2026-05-12T20:23:48+01:00,2279,5190208,5190208
2026-05-12T20:23:49+01:00,2277,5190208,5190208
2026-05-12T20:23:50+01:00,2277,5190208,5190208
2026-05-12T20:23:52+01:00,2278,5190208,5190208
2026-05-12T20:23:53+01:00,2278,5190208,5190208
2026-05-12T20:23:54+01:00,2279,5190208,5190208
2026-05-12T20:23:55+01:00,2279,5190208,5190208
2026-05-12T20:23:56+01:00,2280,5190208,5190208
2026-05-12T20:23:57+01:00,2280,5190208,5190208
2026-05-12T20:23:58+01:00,2281,5190208,5190208
2026-05-12T20:23:59+01:00,2278,5190208,5190208
2026-05-12T20:24:01+01:00,2279,5190208,5190208
2026-05-12T20:24:02+01:00,2279,5190208,5190208
2026-05-12T20:24:03+01:00,2280,5190208,5190208
2026-05-12T20:24:04+01:00,2280,5190208,5190208
2026-05-12T20:24:05+01:00,2281,5190208,5190208
2026-05-12T20:24:06+01:00,2281,5190208,5190208
2026-05-12T20:24:07+01:00,2282,5190208,5190208
2026-05-12T20:24:08+01:00,2279,5190208,5190208
2026-05-12T20:24:09+01:00,2280,5190208,5190208
2026-05-12T20:24:11+01:00,2280,5190208,5190208
2026-05-12T20:24:12+01:00,2281,5190208,5190208
2026-05-12T20:24:13+01:00,2281,5190208,5190208
2026-05-12T20:24:14+01:00,2282,5190208,5190208
2026-05-12T20:24:15+01:00,2282,5190208,5190208
2026-05-12T20:24:16+01:00,2283,5190208,5190208
2026-05-12T20:24:17+01:00,2283,5190208,5190208
2026-05-12T20:24:18+01:00,2281,5190208,5190208
2026-05-12T20:24:20+01:00,2281,5190208,5190208
2026-05-12T20:24:21+01:00,2282,5190208,5190208
2026-05-12T20:24:22+01:00,2282,5190208,5190208
2026-05-12T20:24:23+01:00,2283,5190208,5190208
2026-05-12T20:24:24+01:00,2283,5190208,5190208
2026-05-12T20:24:25+01:00,2284,5190208,5190208
2026-05-12T20:24:26+01:00,2284,5190208,5190208
2026-05-12T20:24:27+01:00,2282,5190208,5190208
2026-05-12T20:24:29+01:00,2282,5190208,5190208
2026-05-12T20:24:30+01:00,2283,5190208,5190208
2026-05-12T20:24:31+01:00,2283,5190208,5190208
2026-05-12T20:24:32+01:00,2284,5190208,5190208
2026-05-12T20:24:33+01:00,2284,5190208,5190208
2026-05-12T20:24:34+01:00,2285,5190208,5190208
2026-05-12T20:24:35+01:00,2285,5190208,5190208
2026-05-12T20:24:36+01:00,2283,5190208,5190208
2026-05-12T20:24:37+01:00,2283,5190208,5190208
2026-05-12T20:24:39+01:00,2284,5190208,5190208
2026-05-12T20:24:40+01:00,2284,5190208,5190208
2026-05-12T20:24:41+01:00,2285,5190208,5190208
2026-05-12T20:24:42+01:00,2285,5190208,5190208
2026-05-12T20:24:43+01:00,2285,5190208,5190208
2026-05-12T20:24:44+01:00,2286,5190208,5190208
2026-05-12T20:24:45+01:00,2286,5190208,5190208
2026-05-12T20:24:46+01:00,2284,5190208,5190208
2026-05-12T20:24:48+01:00,2284,5190208,5190208
2026-05-12T20:24:49+01:00,2285,5190208,5190208
2026-05-12T20:24:50+01:00,2285,5190208,5190208
2026-05-12T20:24:51+01:00,2285,5190208,5190208
2026-05-12T20:24:52+01:00,2286,5190208,5190208
2026-05-12T20:24:53+01:00,2286,5190208,5190208
2026-05-12T20:24:54+01:00,2286,5190208,5190208
2026-05-12T20:24:55+01:00,2284,5190208,5190208
2026-05-12T20:24:56+01:00,2284,5190208,5190208
2026-05-12T20:24:58+01:00,2285,5190208,5190208
2026-05-12T20:24:59+01:00,2285,5190208,5190208
2026-05-12T20:25:00+01:00,2285,5190208,5190208
2026-05-12T20:25:01+01:00,2286,5190208,5190208
2026-05-12T20:25:02+01:00,2286,5190208,5190208
2026-05-12T20:25:03+01:00,2286,5190208,5190208
2026-05-12T20:25:04+01:00,2287,5190208,5190208
2026-05-12T20:25:05+01:00,2284,5190208,5190208
2026-05-12T20:25:07+01:00,2285,5190208,5190208
2026-05-12T20:25:08+01:00,2285,5190208,5190208
2026-05-12T20:25:09+01:00,2285,5190208,5190208
2026-05-12T20:25:10+01:00,2285,5190208,5190208
2026-05-12T20:25:11+01:00,2286,5190208,5190208
2026-05-12T20:25:12+01:00,2286,5190208,5190208
2026-05-12T20:25:13+01:00,2286,5190208,5190208
2026-05-12T20:25:14+01:00,2284,5190208,5190208
2026-05-12T20:25:15+01:00,2284,5190208,5190208
2026-05-12T20:25:17+01:00,2284,5190208,5190208
2026-05-12T20:25:18+01:00,2285,5190208,5190208
2026-05-12T20:25:19+01:00,2285,5190208,5190208
2026-05-12T20:25:20+01:00,2285,5190208,5190208
2026-05-12T20:25:21+01:00,2285,5190208,5190208
2026-05-12T20:25:22+01:00,2286,5190208,5190208
2026-05-12T20:25:23+01:00,2286,5190208,5190208
2026-05-12T20:25:24+01:00,2284,5190208,5190208
2026-05-12T20:25:26+01:00,2284,5190208,5190208
2026-05-12T20:25:27+01:00,2284,5190208,5190208
2026-05-12T20:25:28+01:00,2284,5190208,5190208
2026-05-12T20:25:29+01:00,2284,5190208,5190208
2026-05-12T20:25:30+01:00,2285,5190208,5190208
2026-05-12T20:25:31+01:00,2285,5190208,5190208
2026-05-12T20:25:32+01:00,2285,5190208,5190208
2026-05-12T20:25:33+01:00,2283,5190208,5190208
2026-05-12T20:25:34+01:00,2283,5190208,5190208
2026-05-12T20:25:36+01:00,2283,5190208,5190208
2026-05-12T20:25:37+01:00,2283,5190208,5190208
2026-05-12T20:25:38+01:00,2284,5190208,5190208
2026-05-12T20:25:39+01:00,2284,5190208,5190208
2026-05-12T20:25:40+01:00,2285,5190208,5190208
2026-05-12T20:25:41+01:00,2285,5190208,5190208
2026-05-12T20:25:42+01:00,2286,5190208,5190208
2026-05-12T20:25:43+01:00,2283,5190208,5190208
2026-05-12T20:25:45+01:00,2284,5190208,5190208
2026-05-12T20:25:46+01:00,2284,5190208,5190208
2026-05-12T20:25:47+01:00,2285,5190208,5190208
2026-05-12T20:25:48+01:00,2285,5190208,5190208
2026-05-12T20:25:49+01:00,2286,5190208,5190208
2026-05-12T20:25:50+01:00,2286,5190208,5190208
2026-05-12T20:25:51+01:00,2287,5190208,5190208
2026-05-12T20:25:52+01:00,2284,5190208,5190208
2026-05-12T20:25:54+01:00,2285,5190208,5190208
2026-05-12T20:25:55+01:00,2285,5190208,5190208
2026-05-12T20:25:56+01:00,2286,5190208,5190208
2026-05-12T20:25:57+01:00,2286,5190208,5190208
2026-05-12T20:25:58+01:00,2287,5190208,5190208
2026-05-12T20:25:59+01:00,2287,5190208,5190208
2026-05-12T20:26:00+01:00,2287,5190208,5190208
2026-05-12T20:26:01+01:00,2285,5190208,5190208
2026-05-12T20:26:02+01:00,2286,5190208,5190208
2026-05-12T20:26:04+01:00,2286,5190208,5190208
2026-05-12T20:26:05+01:00,2287,5190208,5190208
2026-05-12T20:26:06+01:00,2287,5190208,5190208
2026-05-12T20:26:07+01:00,2287,5190208,5190208
2026-05-12T20:26:08+01:00,2288,5190208,5190208
2026-05-12T20:26:09+01:00,2288,5190208,5190208
2026-05-12T20:26:10+01:00,2288,5190208,5190208
2026-05-12T20:26:11+01:00,2286,5190208,5190208
2026-05-12T20:26:13+01:00,2287,5190208,5190208
2026-05-12T20:26:14+01:00,2287,5190208,5190208
2026-05-12T20:26:15+01:00,2287,5190208,5190208
2026-05-12T20:26:16+01:00,2288,5190208,5190208
2026-05-12T20:26:17+01:00,2288,5190208,5190208
2026-05-12T20:26:18+01:00,2288,5190208,5190208
2026-05-12T20:26:19+01:00,2289,5190208,5190208
2026-05-12T20:26:20+01:00,2286,5190208,5190208
2026-05-12T20:26:21+01:00,2287,5190208,5190208
2026-05-12T20:26:23+01:00,2287,5190208,5190208
2026-05-12T20:26:24+01:00,2287,5190208,5190208
2026-05-12T20:26:25+01:00,2288,5190208,5190208
2026-05-12T20:26:26+01:00,2288,5190208,5190208
2026-05-12T20:26:27+01:00,2288,5190208,5190208
2026-05-12T20:26:28+01:00,2289,5190208,5190208
2026-05-12T20:26:29+01:00,2289,5190208,5190208
2026-05-12T20:26:30+01:00,2287,5190208,5190208
2026-05-12T20:26:32+01:00,2287,5190208,5190208
2026-05-12T20:26:33+01:00,2287,5190208,5190208
2026-05-12T20:26:34+01:00,2287,5190208,5190208
2026-05-12T20:26:35+01:00,2288,5190208,5190208
2026-05-12T20:26:36+01:00,2288,5190208,5190208
2026-05-12T20:26:37+01:00,2288,5190208,5190208
2026-05-12T20:26:38+01:00,2289,5190208,5190208
2026-05-12T20:26:39+01:00,2286,5190208,5190208
2026-05-12T20:26:40+01:00,2287,5190208,5190208
2026-05-12T20:26:42+01:00,2287,5190208,5190208
2026-05-12T20:26:43+01:00,2287,5190208,5190208
2026-05-12T20:26:44+01:00,2287,5190208,5190208
2026-05-12T20:26:45+01:00,2288,5190208,5190208
2026-05-12T20:26:46+01:00,2288,5190208,5190208
2026-05-12T20:26:47+01:00,2288,5190208,5190208
2026-05-12T20:26:48+01:00,2288,5190208,5190208
2026-05-12T20:26:49+01:00,2286,5190208,5190208
2026-05-12T20:26:51+01:00,2286,5190208,5190208
2026-05-12T20:26:52+01:00,2286,5190208,5190208
2026-05-12T20:26:53+01:00,2287,5190208,5190208
2026-05-12T20:26:54+01:00,2287,5190208,5190208
2026-05-12T20:26:55+01:00,2287,5190208,5190208
2026-05-12T20:26:56+01:00,2287,5190208,5190208
2026-05-12T20:26:57+01:00,2288,5190208,5190208
2026-05-12T20:26:58+01:00,2285,5190208,5190208
2026-05-12T20:26:59+01:00,2286,5190208,5190208
2026-05-12T20:27:01+01:00,2286,5190208,5190208
2026-05-12T20:27:02+01:00,2286,5190208,5190208
2026-05-12T20:27:03+01:00,2286,5190208,5190208
2026-05-12T20:27:04+01:00,2287,5190208,5190208
2026-05-12T20:27:05+01:00,2287,5190208,5190208
2026-05-12T20:27:06+01:00,2288,5190208,5190208
2026-05-12T20:27:07+01:00,2288,5190208,5190208
2026-05-12T20:27:08+01:00,2286,5190208,5190208
2026-05-12T20:27:10+01:00,2286,5190208,5190208
2026-05-12T20:27:11+01:00,2287,5190208,5190208
2026-05-12T20:27:12+01:00,2287,5190208,5190208
2026-05-12T20:27:13+01:00,2288,5190208,5190208
2026-05-12T20:27:14+01:00,2288,5190208,5190208
2026-05-12T20:27:15+01:00,2288,5190208,5190208
2026-05-12T20:27:16+01:00,2289,5190208,5190208
2026-05-12T20:27:17+01:00,2287,5190208,5190208
2026-05-12T20:27:18+01:00,2287,5190208,5190208
2026-05-12T20:27:20+01:00,2288,5190208,5190208
2026-05-12T20:27:21+01:00,2288,5190208,5190208
2026-05-12T20:27:22+01:00,2288,5190208,5190208
2026-05-12T20:27:23+01:00,2289,5190208,5190208
2026-05-12T20:27:24+01:00,2289,5190208,5190208
2026-05-12T20:27:25+01:00,2290,5190208,5190208
2026-05-12T20:27:26+01:00,2288,5190208,5190208
2026-05-12T20:27:27+01:00,2288,5190208,5190208
2026-05-12T20:27:29+01:00,2288,5190208,5190208
2026-05-12T20:27:30+01:00,2289,5190208,5190208
2026-05-12T20:27:31+01:00,2289,5190208,5190208
2026-05-12T20:27:32+01:00,2289,5190208,5190208
2026-05-12T20:27:33+01:00,2290,5190208,5190208
2026-05-12T20:27:34+01:00,2290,5190208,5190208
2026-05-12T20:27:35+01:00,2290,5190208,5190208
2026-05-12T20:27:36+01:00,2288,5190208,5190208
2026-05-12T20:27:38+01:00,2289,5190208,5190208
2026-05-12T20:27:39+01:00,2289,5190208,5190208
2026-05-12T20:27:40+01:00,2289,5190208,5190208
2026-05-12T20:27:41+01:00,2290,5190208,5190208
2026-05-12T20:27:42+01:00,2290,5190208,5190208
2026-05-12T20:27:43+01:00,2290,5190208,5190208
2026-05-12T20:27:44+01:00,2290,5190208,5190208
2026-05-12T20:27:45+01:00,2288,5190208,5190208
2026-05-12T20:27:46+01:00,2289,5190208,5190208
2026-05-12T20:27:48+01:00,2289,5190208,5190208
2026-05-12T20:27:49+01:00,2289,5190208,5190208
2026-05-12T20:27:50+01:00,2289,5190208,5190208
2026-05-12T20:27:51+01:00,2290,5190208,5190208
2026-05-12T20:27:52+01:00,2290,5190208,5190208
2026-05-12T20:27:53+01:00,2290,5190208,5190208
2026-05-12T20:27:54+01:00,2291,5190208,5190208
2026-05-12T20:27:55+01:00,2288,5190208,5190208
2026-05-12T20:27:57+01:00,2289,5190208,5190208
2026-05-12T20:27:58+01:00,2289,5190208,5190208
2026-05-12T20:27:59+01:00,2289,5190208,5190208
2026-05-12T20:28:00+01:00,2289,5190208,5190208
2026-05-12T20:28:01+01:00,2290,5190208,5190208
2026-05-12T20:28:02+01:00,2290,5190208,5190208
2026-05-12T20:28:03+01:00,2290,5190208,5190208
2026-05-12T20:28:04+01:00,2288,5190208,5190208
2026-05-12T20:28:05+01:00,2288,5190208,5190208
2026-05-12T20:28:07+01:00,2289,5190208,5190208
2026-05-12T20:28:08+01:00,2289,5190208,5190208
2026-05-12T20:28:09+01:00,2289,5190208,5190208
2026-05-12T20:28:10+01:00,2289,5190208,5190208
2026-05-12T20:28:11+01:00,2289,5190208,5190208
2026-05-12T20:28:12+01:00,2290,5190208,5190208
2026-05-12T20:28:13+01:00,2290,5190208,5190208
2026-05-12T20:28:14+01:00,2288,5190208,5190208
2026-05-12T20:28:16+01:00,2288,5190208,5190208
2026-05-12T20:28:17+01:00,2288,5190208,5190208
2026-05-12T20:28:18+01:00,2288,5190208,5190208
2026-05-12T20:28:19+01:00,2288,5190208,5190208
2026-05-12T20:28:20+01:00,2289,5190208,5190208
2026-05-12T20:28:21+01:00,2289,5190208,5190208
2026-05-12T20:28:22+01:00,2289,5190208,5190208
2026-05-12T20:28:23+01:00,2289,5190208,5190208
2026-05-12T20:28:24+01:00,2287,5190208,5190208
2026-05-12T20:28:26+01:00,2287,5190208,5190208
2026-05-12T20:28:27+01:00,2288,5190208,5190208
2026-05-12T20:28:28+01:00,2288,5190208,5190208
2026-05-12T20:28:29+01:00,2288,5190208,5190208
2026-05-12T20:28:30+01:00,2289,5190208,5190208
2026-05-12T20:28:31+01:00,2289,5190208,5190208
2026-05-12T20:28:32+01:00,2289,5190208,5190208
2026-05-12T20:28:33+01:00,2287,5190208,5190208
2026-05-12T20:28:34+01:00,2288,5190208,5190208
2026-05-12T20:28:36+01:00,2288,5190208,5190208
2026-05-12T20:28:37+01:00,2289,5190208,5190208
2026-05-12T20:28:38+01:00,2289,5190208,5190208
2026-05-12T20:28:39+01:00,2289,5190208,5190208
2026-05-12T20:28:40+01:00,2290,5190208,5190208
2026-05-12T20:28:41+01:00,2290,5190208,5190208
2026-05-12T20:28:42+01:00,2290,5190208,5190208
2026-05-12T20:28:43+01:00,2289,5190208,5190208
2026-05-12T20:28:45+01:00,2289,5190208,5190208
2026-05-12T20:28:46+01:00,2289,5190208,5190208
2026-05-12T20:28:47+01:00,2290,5190208,5190208
2026-05-12T20:28:48+01:00,2290,5190208,5190208
2026-05-12T20:28:49+01:00,2290,5190208,5190208
2026-05-12T20:28:50+01:00,2291,5190208,5190208
2026-05-12T20:28:51+01:00,2291,5190208,5190208
2026-05-12T20:28:52+01:00,2289,5190208,5190208
2026-05-12T20:28:53+01:00,2290,5190208,5190208
2026-05-12T20:28:55+01:00,2290,5190208,5190208
2026-05-12T20:28:56+01:00,2290,5190208,5190208
2026-05-12T20:28:57+01:00,2290,5190208,5190208
2026-05-12T20:28:58+01:00,2291,5190208,5190208
2026-05-12T20:28:59+01:00,2291,5190208,5190208
2026-05-12T20:29:00+01:00,2291,5190208,5190208
2026-05-12T20:29:01+01:00,2290,5190208,5190208
2026-05-12T20:29:02+01:00,2290,5190208,5190208
2026-05-12T20:29:04+01:00,2290,5190208,5190208
2026-05-12T20:29:05+01:00,2290,5190208,5190208
2026-05-12T20:29:06+01:00,2291,5190208,5190208
2026-05-12T20:29:07+01:00,2291,5190208,5190208
2026-05-12T20:29:08+01:00,2291,5190208,5190208
2026-05-12T20:29:09+01:00,2292,5190208,5190208
2026-05-12T20:29:10+01:00,2292,5190208,5190208
2026-05-12T20:29:11+01:00,2290,5190208,5190208
2026-05-12T20:29:13+01:00,2290,5190208,5190208
2026-05-12T20:29:14+01:00,2290,5190208,5190208
2026-05-12T20:29:15+01:00,2291,5190208,5190208
2026-05-12T20:29:16+01:00,2291,5190208,5190208
2026-05-12T20:29:17+01:00,2291,5190208,5190208
2026-05-12T20:29:18+01:00,2291,5190208,5190208
2026-05-12T20:29:19+01:00,2292,5190208,5190208
2026-05-12T20:29:20+01:00,2290,5190208,5190208
2026-05-12T20:29:21+01:00,2290,5190208,5190208
2026-05-12T20:29:23+01:00,2290,5190208,5190208
2026-05-12T20:29:24+01:00,2290,5190208,5190208
2026-05-12T20:29:25+01:00,2291,5190208,5190208
2026-05-12T20:29:26+01:00,2291,5190208,5190208
2026-05-12T20:29:27+01:00,2291,5190208,5190208
2026-05-12T20:29:28+01:00,2291,5190208,5190208
2026-05-12T20:29:29+01:00,2292,5190208,5190208
2026-05-12T20:29:30+01:00,2290,5190208,5190208
2026-05-12T20:29:32+01:00,2290,5190208,5190208
2026-05-12T20:29:33+01:00,2290,5190208,5190208
2026-05-12T20:29:34+01:00,2290,5190208,5190208
2026-05-12T20:29:35+01:00,2291,5190208,5190208
2026-05-12T20:29:36+01:00,2291,5190208,5190208
2026-05-12T20:29:37+01:00,2291,5190208,5190208
2026-05-12T20:29:38+01:00,2291,5190208,5190208
2026-05-12T20:29:39+01:00,2289,5190208,5190208
2026-05-12T20:29:40+01:00,2289,5190208,5190208
2026-05-12T20:29:42+01:00,2290,5190208,5190208
2026-05-12T20:29:43+01:00,2290,5190208,5190208
2026-05-12T20:29:44+01:00,2290,5190208,5190208
2026-05-12T20:29:45+01:00,2290,5190208,5190208
2026-05-12T20:29:46+01:00,2290,5190208,5190208
2026-05-12T20:29:47+01:00,2290,5190208,5190208
2026-05-12T20:29:48+01:00,2291,5190208,5190208
2026-05-12T20:29:49+01:00,2289,5190208,5190208
2026-05-12T20:29:51+01:00,2289,5190208,5190208
2026-05-12T20:29:52+01:00,2289,5190208,5190208
2026-05-12T20:29:53+01:00,2289,5190208,5190208
2026-05-12T20:29:54+01:00,2289,5190208,5190208
2026-05-12T20:29:55+01:00,2290,5190208,5190208
2026-05-12T20:29:56+01:00,2290,5190208,5190208
2026-05-12T20:29:57+01:00,2290,5190208,5190208
2026-05-12T20:29:58+01:00,2288,5168576,5190208
2026-05-12T20:29:59+01:00,2289,5168576,5190208
2026-05-12T20:30:01+01:00,2289,5168576,5190208
2026-05-12T20:30:02+01:00,2289,5168576,5190208
2026-05-12T20:30:03+01:00,2290,5168576,5190208
2026-05-12T20:30:04+01:00,2290,5168576,5190208
2026-05-12T20:30:05+01:00,2289,5168576,5190208
2026-05-12T20:30:07+01:00,2289,5168576,5190208
2026-05-12T20:30:08+01:00,2290,5168576,5190208
2026-05-12T20:30:09+01:00,2290,5168576,5190208
2026-05-12T20:30:10+01:00,2291,5168576,5190208
2026-05-12T20:30:11+01:00,2289,5168576,5190208
2026-05-12T20:30:13+01:00,2289,5168576,5190208
2026-05-12T20:30:14+01:00,2290,5168576,5190208
2026-05-12T20:30:15+01:00,2291,5168576,5190208
2026-05-12T20:30:16+01:00,2291,5168576,5190208
2026-05-12T20:30:17+01:00,2290,5168576,5190208
2026-05-12T20:30:19+01:00,2290,5168576,5190208
2026-05-12T20:30:20+01:00,2290,5168576,5190208
2026-05-12T20:30:21+01:00,2291,5168576,5190208
2026-05-12T20:30:22+01:00,2289,5168576,5190208
2026-05-12T20:30:24+01:00,2290,5168576,5190208
2026-05-12T20:30:25+01:00,2290,5168576,5190208
2026-05-12T20:30:26+01:00,2291,5168576,5190208
2026-05-12T20:30:27+01:00,2289,5168576,5190208
2026-05-12T20:30:29+01:00,2290,5168576,5190208
2026-05-12T20:30:30+01:00,2290,5168576,5190208
2026-05-12T20:30:31+01:00,2291,5168576,5190208
2026-05-12T20:30:32+01:00,2291,5168576,5190208
2026-05-12T20:30:33+01:00,2290,5168576,5190208
2026-05-12T20:30:35+01:00,2290,5168576,5190208
2026-05-12T20:30:36+01:00,2291,5168576,5190208
2026-05-12T20:30:37+01:00,2291,5168576,5190208
2026-05-12T20:30:38+01:00,2289,5168576,5190208
2026-05-12T20:30:40+01:00,2290,5168576,5190208
2026-05-12T20:30:41+01:00,2290,5168576,5190208
2026-05-12T20:30:42+01:00,2291,5168576,5190208
2026-05-12T20:30:43+01:00,2291,5168576,5190208
2026-05-12T20:30:44+01:00,2289,5168576,5190208
2026-05-12T20:30:46+01:00,2290,5168576,5190208
2026-05-12T20:30:47+01:00,2290,5168576,5190208
2026-05-12T20:30:48+01:00,2290,5168576,5190208
2026-05-12T20:30:49+01:00,2291,5168576,5190208
2026-05-12T20:30:50+01:00,2289,5168576,5190208
2026-05-12T20:30:52+01:00,2289,5168576,5190208
2026-05-12T20:30:53+01:00,2290,5168576,5190208
2026-05-12T20:30:54+01:00,2290,5168576,5190208
2026-05-12T20:30:55+01:00,2290,5168576,5190208
2026-05-12T20:30:56+01:00,2290,5168576,5190208
2026-05-12T20:30:57+01:00,2289,5168576,5190208
2026-05-12T20:30:59+01:00,2289,5168576,5190208
2026-05-12T20:31:00+01:00,2289,5168576,5190208
2026-05-12T20:31:01+01:00,2289,5168576,5190208
2026-05-12T20:31:02+01:00,2289,5168576,5190208
2026-05-12T20:31:03+01:00,2290,5168576,5190208
2026-05-12T20:31:04+01:00,2290,5168576,5190208
2026-05-12T20:31:05+01:00,2290,5168576,5190208
2026-05-12T20:31:06+01:00,2288,5168576,5190208
2026-05-12T20:31:08+01:00,2288,5168576,5190208
2026-05-12T20:31:09+01:00,2288,5168576,5190208
2026-05-12T20:31:10+01:00,2289,5168576,5190208
2026-05-12T20:31:11+01:00,2289,5168576,5190208
2026-05-12T20:31:12+01:00,2289,5168576,5190208
2026-05-12T20:31:13+01:00,2289,5168576,5190208
2026-05-12T20:31:14+01:00,2289,5168576,5190208
2026-05-12T20:31:15+01:00,2287,5168576,5190208
2026-05-12T20:31:16+01:00,2288,5168576,5190208
2026-05-12T20:31:18+01:00,2288,5168576,5190208
2026-05-12T20:31:19+01:00,2288,5168576,5190208
2026-05-12T20:31:20+01:00,2288,5162048,5190208
2026-05-12T20:31:21+01:00,2288,5162048,5190208
2026-05-12T20:31:22+01:00,2288,5162048,5190208
2026-05-12T20:31:23+01:00,2289,5162048,5190208
2026-05-12T20:31:24+01:00,2287,5162048,5190208
2026-05-12T20:31:25+01:00,2287,5162048,5190208
2026-05-12T20:31:27+01:00,2288,5162048,5190208
2026-05-12T20:31:28+01:00,2288,5162048,5190208
2026-05-12T20:31:29+01:00,2288,5162048,5190208
2026-05-12T20:31:30+01:00,2288,5162048,5190208
2026-05-12T20:31:31+01:00,2288,5162048,5190208
2026-05-12T20:31:32+01:00,2289,5162048,5190208
2026-05-12T20:31:33+01:00,2289,5162048,5190208
2026-05-12T20:31:34+01:00,2287,5162048,5190208
2026-05-12T20:31:36+01:00,2287,5162048,5190208
2026-05-12T20:31:37+01:00,2288,5162048,5190208
2026-05-12T20:31:38+01:00,2288,5162048,5190208
2026-05-12T20:31:39+01:00,2288,5162048,5190208
2026-05-12T20:31:40+01:00,2288,5162048,5190208
2026-05-12T20:31:41+01:00,2288,5162048,5190208
2026-05-12T20:31:42+01:00,2289,5162048,5190208
2026-05-12T20:31:43+01:00,2287,5162048,5190208
2026-05-12T20:31:44+01:00,2287,5162048,5190208
2026-05-12T20:31:46+01:00,2287,5162048,5190208
2026-05-12T20:31:47+01:00,2287,5162048,5190208
2026-05-12T20:31:48+01:00,2288,5162048,5190208
2026-05-12T20:31:49+01:00,2288,5162048,5190208
2026-05-12T20:31:50+01:00,2288,5162048,5190208
2026-05-12T20:31:51+01:00,2288,5162048,5190208
2026-05-12T20:31:52+01:00,2288,5162048,5190208
2026-05-12T20:31:53+01:00,2287,5162048,5190208
2026-05-12T20:31:55+01:00,2287,5162048,5190208
2026-05-12T20:31:56+01:00,2287,5162048,5190208
2026-05-12T20:31:57+01:00,2287,5162048,5190208
2026-05-12T20:31:58+01:00,2287,5162048,5190208
2026-05-12T20:31:59+01:00,2287,5162048,5190208
2026-05-12T20:32:00+01:00,2288,5162048,5190208
2026-05-12T20:32:01+01:00,2288,5162048,5190208
2026-05-12T20:32:02+01:00,2286,5162048,5190208
2026-05-12T20:32:04+01:00,2286,5162048,5190208
2026-05-12T20:32:05+01:00,2286,5162048,5190208
2026-05-12T20:32:06+01:00,2286,5162048,5190208
2026-05-12T20:32:07+01:00,2287,5162048,5190208
2026-05-12T20:32:08+01:00,2287,5162048,5190208
2026-05-12T20:32:09+01:00,2287,5162048,5190208
2026-05-12T20:32:10+01:00,2287,5162048,5190208
2026-05-12T20:32:11+01:00,2285,5162048,5190208
2026-05-12T20:32:12+01:00,2285,5162048,5190208
2026-05-12T20:32:14+01:00,2286,5162048,5190208
2026-05-12T20:32:15+01:00,2286,5162048,5190208
2026-05-12T20:32:16+01:00,2286,5162048,5190208
2026-05-12T20:32:17+01:00,2286,5162048,5190208
2026-05-12T20:32:18+01:00,2286,5162048,5190208
2026-05-12T20:32:19+01:00,2286,5162048,5190208
2026-05-12T20:32:20+01:00,2286,5162048,5190208
2026-05-12T20:32:21+01:00,2285,5162048,5190208
2026-05-12T20:32:23+01:00,2285,5162048,5190208
2026-05-12T20:32:24+01:00,2285,5162048,5190208
2026-05-12T20:32:25+01:00,2285,5162048,5190208
2026-05-12T20:32:26+01:00,2285,5162048,5190208
2026-05-12T20:32:27+01:00,2285,5162048,5190208
2026-05-12T20:32:28+01:00,2285,5162048,5190208
2026-05-12T20:32:29+01:00,2286,5162048,5190208
2026-05-12T20:32:30+01:00,2284,5162048,5190208
2026-05-12T20:32:32+01:00,2284,5162048,5190208
2026-05-12T20:32:33+01:00,2284,5162048,5190208
2026-05-12T20:32:34+01:00,2284,5162048,5190208
2026-05-12T20:32:35+01:00,2284,5162048,5190208
2026-05-12T20:32:36+01:00,2284,5162048,5190208
2026-05-12T20:32:37+01:00,2285,5162048,5190208
2026-05-12T20:32:38+01:00,2285,5162048,5190208
2026-05-12T20:32:39+01:00,2283,5162048,5190208
2026-05-12T20:32:40+01:00,2283,5162048,5190208
2026-05-12T20:32:42+01:00,2283,5162048,5190208
2026-05-12T20:32:43+01:00,2283,5162048,5190208
2026-05-12T20:32:44+01:00,2283,5162048,5190208
2026-05-12T20:32:45+01:00,2283,5162048,5190208
2026-05-12T20:32:46+01:00,2283,5162048,5190208
2026-05-12T20:32:47+01:00,2284,5162048,5190208
2026-05-12T20:32:48+01:00,2284,5162048,5190208
2026-05-12T20:32:49+01:00,2282,5162048,5190208
2026-05-12T20:32:51+01:00,2282,5162048,5190208
2026-05-12T20:32:52+01:00,2282,5162048,5190208
2026-05-12T20:32:53+01:00,2282,5162048,5190208
2026-05-12T20:32:54+01:00,2282,5162048,5190208
2026-05-12T20:32:55+01:00,2282,5162048,5190208
2026-05-12T20:32:56+01:00,2282,5162048,5190208
2026-05-12T20:32:57+01:00,2283,5162048,5190208
2026-05-12T20:32:58+01:00,2281,5163904,5190208
2026-05-12T20:32:59+01:00,2281,5163904,5190208
2026-05-12T20:33:01+01:00,2281,5163904,5190208
2026-05-12T20:33:02+01:00,2282,5163904,5190208
2026-05-12T20:33:03+01:00,2282,5163904,5190208
2026-05-12T20:33:04+01:00,2282,5163904,5190208
2026-05-12T20:33:05+01:00,2282,5163904,5190208
2026-05-12T20:33:06+01:00,2283,5163904,5190208
2026-05-12T20:33:07+01:00,2283,5163904,5190208
2026-05-12T20:33:08+01:00,2281,5163904,5190208
2026-05-12T20:33:10+01:00,2282,5163904,5190208
2026-05-12T20:33:11+01:00,2282,5163904,5190208
2026-05-12T20:33:12+01:00,2282,5163904,5190208
2026-05-12T20:33:13+01:00,2282,5163904,5190208
2026-05-12T20:33:14+01:00,2282,5163904,5190208
2026-05-12T20:33:15+01:00,2283,5163904,5190208
2026-05-12T20:33:16+01:00,2283,5163904,5190208
2026-05-12T20:33:17+01:00,2281,5163904,5190208
2026-05-12T20:33:19+01:00,2282,5163904,5190208
2026-05-12T20:33:20+01:00,2282,5163904,5190208
2026-05-12T20:33:21+01:00,2282,5163904,5190208
2026-05-12T20:33:22+01:00,2282,5163904,5190208
2026-05-12T20:33:23+01:00,2282,5163904,5190208
2026-05-12T20:33:24+01:00,2283,5163904,5190208
2026-05-12T20:33:25+01:00,2283,5163904,5190208
2026-05-12T20:33:26+01:00,2281,5163904,5190208
2026-05-12T20:33:27+01:00,2281,5163904,5190208
2026-05-12T20:33:29+01:00,2282,5163904,5190208
2026-05-12T20:33:30+01:00,2282,5163904,5190208
2026-05-12T20:33:31+01:00,2282,5163904,5190208
2026-05-12T20:33:32+01:00,2282,5163904,5190208
2026-05-12T20:33:33+01:00,2282,5163904,5190208
2026-05-12T20:33:34+01:00,2282,5163904,5190208
2026-05-12T20:33:35+01:00,2283,5163904,5190208
2026-05-12T20:33:36+01:00,2281,5163904,5190208
2026-05-12T20:33:38+01:00,2281,5163904,5190208
2026-05-12T20:33:39+01:00,2281,5163904,5190208
2026-05-12T20:33:40+01:00,2282,5163904,5190208
2026-05-12T20:33:41+01:00,2282,5163904,5190208
2026-05-12T20:33:42+01:00,2282,5163904,5190208
2026-05-12T20:33:43+01:00,2282,5163904,5190208
2026-05-12T20:33:44+01:00,2282,5163904,5190208
2026-05-12T20:33:45+01:00,2281,5163904,5190208
2026-05-12T20:33:46+01:00,2281,5163904,5190208
2026-05-12T20:33:48+01:00,2281,5163904,5190208
2026-05-12T20:33:49+01:00,2281,5163904,5190208
2026-05-12T20:33:50+01:00,2281,5163904,5190208
2026-05-12T20:33:51+01:00,2281,5163904,5190208
2026-05-12T20:33:52+01:00,2282,5163904,5190208
2026-05-12T20:33:53+01:00,2282,5163904,5190208
2026-05-12T20:33:54+01:00,2282,5163904,5190208
2026-05-12T20:33:55+01:00,2280,5163904,5190208
2026-05-12T20:33:57+01:00,2280,5163904,5190208
2026-05-12T20:33:58+01:00,2281,5163904,5190208
2026-05-12T20:33:59+01:00,2281,5163904,5190208
2026-05-12T20:34:00+01:00,2281,5163904,5190208
2026-05-12T20:34:01+01:00,2281,5163904,5190208
2026-05-12T20:34:02+01:00,2281,5163904,5190208
2026-05-12T20:34:03+01:00,2281,5163904,5190208
2026-05-12T20:34:04+01:00,2280,5163904,5190208
2026-05-12T20:34:05+01:00,2280,5163904,5190208
2026-05-12T20:34:07+01:00,2280,5163904,5190208
2026-05-12T20:34:08+01:00,2280,5163904,5190208
2026-05-12T20:34:09+01:00,2280,5163904,5190208
2026-05-12T20:34:10+01:00,2280,5163904,5190208
2026-05-12T20:34:11+01:00,2280,5163904,5190208
2026-05-12T20:34:12+01:00,2281,5163904,5190208
2026-05-12T20:34:13+01:00,2281,5163904,5190208
2026-05-12T20:34:14+01:00,2279,5163904,5190208
2026-05-12T20:34:16+01:00,2279,5163904,5190208
2026-05-12T20:34:17+01:00,2279,5163904,5190208
2026-05-12T20:34:18+01:00,2279,5163904,5190208
2026-05-12T20:34:19+01:00,2280,5163904,5190208
2026-05-12T20:34:20+01:00,2280,5163904,5190208
2026-05-12T20:34:21+01:00,2280,5163904,5190208
2026-05-12T20:34:22+01:00,2280,5163904,5190208
2026-05-12T20:34:23+01:00,2278,5163904,5190208
2026-05-12T20:34:24+01:00,2278,5163904,5190208
2026-05-12T20:34:26+01:00,2278,5163904,5190208
2026-05-12T20:34:27+01:00,2279,5163904,5190208
2026-05-12T20:34:28+01:00,2279,5163904,5190208
2026-05-12T20:34:29+01:00,2279,5163904,5190208
2026-05-12T20:34:30+01:00,2279,5163904,5190208
2026-05-12T20:34:31+01:00,2279,5163904,5190208
2026-05-12T20:34:32+01:00,2279,5163904,5190208
2026-05-12T20:34:33+01:00,2278,5163904,5190208
2026-05-12T20:34:35+01:00,2278,5189184,5190208
2026-05-12T20:34:36+01:00,2278,5189184,5190208
2026-05-12T20:34:37+01:00,2278,5189184,5190208
2026-05-12T20:34:38+01:00,2278,5189184,5190208
2026-05-12T20:34:39+01:00,2279,5189184,5190208
2026-05-12T20:34:40+01:00,2279,5189184,5190208
2026-05-12T20:34:41+01:00,2279,5189184,5190208
2026-05-12T20:34:42+01:00,2278,5189184,5190208
2026-05-12T20:34:43+01:00,2278,5189184,5190208
2026-05-12T20:34:45+01:00,2279,5189184,5190208
2026-05-12T20:34:46+01:00,2279,5189184,5190208
2026-05-12T20:34:47+01:00,2279,5189184,5190208
2026-05-12T20:34:48+01:00,2279,5189184,5190208
2026-05-12T20:34:49+01:00,2280,5189184,5190208
2026-05-12T20:34:50+01:00,2280,5189184,5190208
2026-05-12T20:34:51+01:00,2280,5189184,5190208
2026-05-12T20:34:52+01:00,2279,5189184,5190208
2026-05-12T20:34:54+01:00,2279,5189184,5190208
2026-05-12T20:34:55+01:00,2279,5189184,5190208
2026-05-12T20:34:56+01:00,2280,5189184,5190208
2026-05-12T20:34:57+01:00,2280,5189184,5190208
2026-05-12T20:34:58+01:00,2280,5189184,5190208
2026-05-12T20:34:59+01:00,2281,5189184,5190208
2026-05-12T20:35:00+01:00,2281,5189184,5190208
2026-05-12T20:35:01+01:00,2279,5189184,5190208
2026-05-12T20:35:03+01:00,2280,5189184,5190208
2026-05-12T20:35:04+01:00,2280,5189184,5190208
2026-05-12T20:35:05+01:00,2280,5189184,5190208
2026-05-12T20:35:06+01:00,2280,5189184,5190208
2026-05-12T20:35:07+01:00,2281,5189184,5190208
2026-05-12T20:35:08+01:00,2281,5189184,5190208
2026-05-12T20:35:09+01:00,2281,5189184,5190208
2026-05-12T20:35:10+01:00,2280,5189184,5190208
2026-05-12T20:35:11+01:00,2280,5189184,5190208
2026-05-12T20:35:13+01:00,2280,5189184,5190208
2026-05-12T20:35:14+01:00,2281,5189184,5190208
2026-05-12T20:35:15+01:00,2281,5189184,5190208
2026-05-12T20:35:16+01:00,2281,5189184,5190208
2026-05-12T20:35:17+01:00,2282,5189184,5190208
2026-05-12T20:35:18+01:00,2282,5189184,5190208
2026-05-12T20:35:19+01:00,2282,5189184,5190208
2026-05-12T20:35:20+01:00,2281,5189184,5190208
2026-05-12T20:35:22+01:00,2281,5189184,5190208
2026-05-12T20:35:23+01:00,2281,5189184,5190208
2026-05-12T20:35:24+01:00,2282,5189184,5190208
2026-05-12T20:35:25+01:00,2282,5189184,5190208
2026-05-12T20:35:26+01:00,2282,5189184,5190208
2026-05-12T20:35:27+01:00,2282,5189184,5190208
2026-05-12T20:35:28+01:00,2283,5189184,5190208
2026-05-12T20:35:29+01:00,2281,5189184,5190208
2026-05-12T20:35:30+01:00,2282,5189184,5190208
2026-05-12T20:35:32+01:00,2282,5189184,5190208
2026-05-12T20:35:33+01:00,2282,5189184,5190208
2026-05-12T20:35:34+01:00,2282,5189184,5190208
2026-05-12T20:35:35+01:00,2283,5189184,5190208
2026-05-12T20:35:36+01:00,2283,5189184,5190208
2026-05-12T20:35:37+01:00,2283,5189184,5190208
2026-05-12T20:35:38+01:00,2283,5189184,5190208
2026-05-12T20:35:39+01:00,2282,5189184,5190208
2026-05-12T20:35:41+01:00,2282,5189184,5190208
2026-05-12T20:35:42+01:00,2282,5189184,5190208
2026-05-12T20:35:43+01:00,2283,5189184,5190208
2026-05-12T20:35:44+01:00,2283,5189184,5190208
2026-05-12T20:35:45+01:00,2283,5189184,5190208
2026-05-12T20:35:46+01:00,2283,5189184,5190208
2026-05-12T20:35:47+01:00,2283,5189184,5190208
2026-05-12T20:35:48+01:00,2282,5189184,5190208
2026-05-12T20:35:50+01:00,2282,5189184,5190208
2026-05-12T20:35:51+01:00,2283,5189184,5190208
2026-05-12T20:35:52+01:00,2283,5189184,5190208
2026-05-12T20:35:53+01:00,2283,5189184,5190208
2026-05-12T20:35:54+01:00,2283,5189184,5190208
2026-05-12T20:35:55+01:00,2283,5189184,5190208
2026-05-12T20:35:56+01:00,2283,5189184,5190208
2026-05-12T20:35:57+01:00,2282,5189184,5190208
2026-05-12T20:35:58+01:00,2282,5189184,5190208
2026-05-12T20:36:00+01:00,2282,5189184,5190208
2026-05-12T20:36:01+01:00,2283,5189184,5190208
2026-05-12T20:36:02+01:00,2283,5189184,5190208
2026-05-12T20:36:03+01:00,2283,5189184,5190208
2026-05-12T20:36:04+01:00,2283,5189184,5190208
2026-05-12T20:36:05+01:00,2283,5189184,5190208
2026-05-12T20:36:06+01:00,2284,5189184,5190208
2026-05-12T20:36:07+01:00,2282,5189184,5190208
2026-05-12T20:36:09+01:00,2282,5189184,5190208
2026-05-12T20:36:10+01:00,2283,5189184,5190208
2026-05-12T20:36:11+01:00,2283,5189184,5190208
2026-05-12T20:36:12+01:00,2283,5189184,5190208
2026-05-12T20:36:13+01:00,2283,5189184,5190208
2026-05-12T20:36:14+01:00,2283,5189184,5190208
2026-05-12T20:36:15+01:00,2283,5189184,5190208
2026-05-12T20:36:16+01:00,2282,5189184,5190208
2026-05-12T20:36:17+01:00,2282,5189184,5190208
2026-05-12T20:36:19+01:00,2282,5189184,5190208
2026-05-12T20:36:20+01:00,2282,5189184,5190208
2026-05-12T20:36:21+01:00,2283,5189184,5190208
2026-05-12T20:36:22+01:00,2283,5189184,5190208
2026-05-12T20:36:23+01:00,2283,5189184,5190208
2026-05-12T20:36:24+01:00,2283,5189184,5190208
2026-05-12T20:36:25+01:00,2283,5189184,5190208
2026-05-12T20:36:26+01:00,2282,5189184,5190208
2026-05-12T20:36:28+01:00,2282,5189184,5190208
2026-05-12T20:36:29+01:00,2282,5189184,5190208
2026-05-12T20:36:30+01:00,2282,5189184,5190208
2026-05-12T20:36:31+01:00,2282,5189184,5190208
2026-05-12T20:36:32+01:00,2282,5189184,5190208
2026-05-12T20:36:33+01:00,2283,5189184,5190208
2026-05-12T20:36:34+01:00,2283,5189184,5190208
2026-05-12T20:36:35+01:00,2282,5189184,5190208
2026-05-12T20:36:36+01:00,2282,5189184,5190208
2026-05-12T20:36:38+01:00,2282,5189184,5190208
2026-05-12T20:36:39+01:00,2282,5189184,5190208
2026-05-12T20:36:40+01:00,2283,5189184,5190208
2026-05-12T20:36:41+01:00,2283,5189184,5190208
2026-05-12T20:36:42+01:00,2283,5189184,5190208
2026-05-12T20:36:43+01:00,2283,5189184,5190208
2026-05-12T20:36:44+01:00,2284,5189184,5190208
2026-05-12T20:36:45+01:00,2282,5189184,5190208
2026-05-12T20:36:47+01:00,2283,5189184,5190208
2026-05-12T20:36:48+01:00,2283,5189184,5190208
2026-05-12T20:36:49+01:00,2283,5189184,5190208
2026-05-12T20:36:50+01:00,2283,5189184,5190208
2026-05-12T20:36:51+01:00,2284,5189184,5190208
2026-05-12T20:36:52+01:00,2284,5189184,5190208
2026-05-12T20:36:53+01:00,2284,5189184,5190208
2026-05-12T20:36:54+01:00,2283,5189184,5190208
2026-05-12T20:36:55+01:00,2283,5189184,5190208
2026-05-12T20:36:57+01:00,2283,5189184,5190208
2026-05-12T20:36:58+01:00,2284,5189184,5190208
2026-05-12T20:36:59+01:00,2284,5189184,5190208
2026-05-12T20:37:00+01:00,2284,5189184,5190208
2026-05-12T20:37:01+01:00,2284,5189184,5190208
2026-05-12T20:37:02+01:00,2285,5189184,5190208
2026-05-12T20:37:03+01:00,2283,5189184,5190208
2026-05-12T20:37:04+01:00,2284,5189184,5190208
2026-05-12T20:37:06+01:00,2284,5189184,5190208
2026-05-12T20:37:07+01:00,2284,5189184,5190208
2026-05-12T20:37:08+01:00,2284,5189184,5190208
2026-05-12T20:37:09+01:00,2284,5189184,5190208
2026-05-12T20:37:10+01:00,2285,5189184,5190208
2026-05-12T20:37:11+01:00,2285,5189184,5190208
2026-05-12T20:37:12+01:00,2285,5189184,5190208
2026-05-12T20:37:13+01:00,2284,5189184,5190208
2026-05-12T20:37:15+01:00,2284,5189184,5190208
2026-05-12T20:37:16+01:00,2284,5189184,5190208
2026-05-12T20:37:17+01:00,2284,5189184,5190208
2026-05-12T20:37:18+01:00,2285,5189184,5190208
2026-05-12T20:37:19+01:00,2285,5189184,5190208
2026-05-12T20:37:20+01:00,2285,5189184,5190208
2026-05-12T20:37:21+01:00,2285,5189184,5190208
2026-05-12T20:37:22+01:00,2284,5189184,5190208
2026-05-12T20:37:23+01:00,2284,5189184,5190208
2026-05-12T20:37:25+01:00,2284,5189184,5190208
2026-05-12T20:37:26+01:00,2284,5189184,5190208
2026-05-12T20:37:27+01:00,2284,5189184,5190208
2026-05-12T20:37:28+01:00,2285,5189184,5190208
2026-05-12T20:37:29+01:00,2285,5189184,5190208
2026-05-12T20:37:30+01:00,2285,5189184,5190208
2026-05-12T20:37:31+01:00,2285,5189184,5190208
2026-05-12T20:37:32+01:00,2284,5189184,5190208
2026-05-12T20:37:34+01:00,2284,5189184,5190208
2026-05-12T20:37:35+01:00,2284,5189184,5190208
2026-05-12T20:37:36+01:00,2284,5189184,5190208
2026-05-12T20:37:37+01:00,2284,5189184,5190208
2026-05-12T20:37:38+01:00,2285,5189184,5190208
2026-05-12T20:37:39+01:00,2285,5189184,5190208
2026-05-12T20:37:40+01:00,2285,5189184,5190208
2026-05-12T20:37:41+01:00,2284,5189184,5190208
2026-05-12T20:37:42+01:00,2284,5189184,5190208
2026-05-12T20:37:44+01:00,2284,5189184,5190208
2026-05-12T20:37:45+01:00,2284,5189184,5190208
2026-05-12T20:37:46+01:00,2284,5189184,5190208
2026-05-12T20:37:47+01:00,2284,5189184,5190208
2026-05-12T20:37:48+01:00,2284,5189184,5190208
2026-05-12T20:37:49+01:00,2285,5189184,5190208
2026-05-12T20:37:50+01:00,2285,5189184,5190208
2026-05-12T20:37:51+01:00,2283,5189184,5190208
2026-05-12T20:37:53+01:00,2283,5189184,5190208
2026-05-12T20:37:54+01:00,2284,5189184,5190208
2026-05-12T20:37:55+01:00,2284,5189184,5190208
2026-05-12T20:37:56+01:00,2284,5189184,5190208
2026-05-12T20:37:57+01:00,2284,5189184,5190208
2026-05-12T20:37:58+01:00,2284,5189184,5190208
2026-05-12T20:37:59+01:00,2284,5189184,5190208
2026-05-12T20:38:00+01:00,2283,5189184,5190208
2026-05-12T20:38:01+01:00,2284,5189184,5190208
2026-05-12T20:38:03+01:00,2284,5189184,5190208
2026-05-12T20:38:04+01:00,2284,5189184,5190208
2026-05-12T20:38:05+01:00,2284,5189184,5190208
2026-05-12T20:38:06+01:00,2284,5189184,5190208
2026-05-12T20:38:07+01:00,2285,5189184,5190208
2026-05-12T20:38:08+01:00,2285,5189184,5190208
2026-05-12T20:38:09+01:00,2285,5189184,5190208
2026-05-12T20:38:10+01:00,2284,5189184,5190208
2026-05-12T20:38:12+01:00,2284,5189184,5190208
2026-05-12T20:38:13+01:00,2284,5189184,5190208
2026-05-12T20:38:14+01:00,2285,5189184,5190208
2026-05-12T20:38:15+01:00,2285,5189184,5190208
2026-05-12T20:38:16+01:00,2285,5189184,5190208
2026-05-12T20:38:17+01:00,2285,5189184,5190208
2026-05-12T20:38:18+01:00,2286,5189184,5190208
2026-05-12T20:38:19+01:00,2284,5189184,5190208
2026-05-12T20:38:20+01:00,2285,5189184,5190208
2026-05-12T20:38:22+01:00,2285,5189184,5190208
2026-05-12T20:38:23+01:00,2285,5189184,5190208
2026-05-12T20:38:24+01:00,2285,5189184,5190208
2026-05-12T20:38:25+01:00,2286,5189184,5190208
2026-05-12T20:38:26+01:00,2286,5189184,5190208
2026-05-12T20:38:27+01:00,2286,5189184,5190208
2026-05-12T20:38:28+01:00,2286,5189184,5190208
2026-05-12T20:38:29+01:00,2285,5189184,5190208
2026-05-12T20:38:31+01:00,2285,5189184,5190208
2026-05-12T20:38:32+01:00,2285,5189184,5190208
2026-05-12T20:38:33+01:00,2286,5189184,5190208
2026-05-12T20:38:34+01:00,2286,5189184,5190208
2026-05-12T20:38:35+01:00,2286,5189184,5190208
2026-05-12T20:38:36+01:00,2286,5189184,5190208
2026-05-12T20:38:37+01:00,2286,5189184,5190208
2026-05-12T20:38:38+01:00,2285,5189184,5190208
2026-05-12T20:38:39+01:00,2285,5189184,5190208
2026-05-12T20:38:41+01:00,2285,5189184,5190208
2026-05-12T20:38:42+01:00,2286,5189184,5190208
2026-05-12T20:38:43+01:00,2286,5189184,5190208
2026-05-12T20:38:44+01:00,2286,5189184,5190208
2026-05-12T20:38:45+01:00,2286,5189184,5190208
2026-05-12T20:38:46+01:00,2286,5189184,5190208
2026-05-12T20:38:47+01:00,2286,5189184,5190208
2026-05-12T20:38:48+01:00,2285,5189184,5190208
2026-05-12T20:38:50+01:00,2285,5189184,5190208
2026-05-12T20:38:51+01:00,2286,5189184,5190208
2026-05-12T20:38:52+01:00,2286,5189184,5190208
2026-05-12T20:38:53+01:00,2286,5189184,5190208
2026-05-12T20:38:54+01:00,2286,5189184,5190208
2026-05-12T20:38:55+01:00,2286,5189184,5190208
2026-05-12T20:38:56+01:00,2286,5189184,5190208
2026-05-12T20:38:57+01:00,2285,5189184,5190208
2026-05-12T20:38:58+01:00,2285,5189184,5190208
2026-05-12T20:39:00+01:00,2285,5189184,5190208
2026-05-12T20:39:01+01:00,2285,5189184,5190208
2026-05-12T20:39:02+01:00,2286,5189184,5190208
2026-05-12T20:39:03+01:00,2286,5189184,5190208
2026-05-12T20:39:04+01:00,2286,5189184,5190208
2026-05-12T20:39:05+01:00,2286,5189184,5190208
2026-05-12T20:39:06+01:00,2286,5189184,5190208
2026-05-12T20:39:07+01:00,2285,5189184,5190208
2026-05-12T20:39:09+01:00,2285,5189184,5190208
2026-05-12T20:39:10+01:00,2285,5189184,5190208
2026-05-12T20:39:11+01:00,2285,5189184,5190208
2026-05-12T20:39:12+01:00,2285,5189184,5190208
2026-05-12T20:39:13+01:00,2286,5189184,5190208
2026-05-12T20:39:14+01:00,2286,5189184,5190208
2026-05-12T20:39:15+01:00,2286,5189184,5190208
2026-05-12T20:39:16+01:00,2284,5189184,5190208
2026-05-12T20:39:18+01:00,2285,5189184,5190208
2026-05-12T20:39:19+01:00,2285,5189184,5190208
2026-05-12T20:39:20+01:00,2285,5189184,5190208
2026-05-12T20:39:21+01:00,2285,5189184,5190208
2026-05-12T20:39:22+01:00,2285,5189184,5190208
2026-05-12T20:39:23+01:00,2285,5189184,5190208
2026-05-12T20:39:24+01:00,2286,5189184,5190208
2026-05-12T20:39:25+01:00,2286,5189184,5190208
2026-05-12T20:39:26+01:00,2285,5189184,5190208
2026-05-12T20:39:28+01:00,2285,5189184,5190208
2026-05-12T20:39:29+01:00,2285,5189184,5190208
2026-05-12T20:39:30+01:00,2285,5189184,5190208
2026-05-12T20:39:31+01:00,2286,5189184,5190208
2026-05-12T20:39:32+01:00,2286,5189184,5190208
2026-05-12T20:39:33+01:00,2286,5189184,5190208
2026-05-12T20:39:34+01:00,2286,5189184,5190208
2026-05-12T20:39:35+01:00,2285,5189184,5190208
2026-05-12T20:39:37+01:00,2285,5189184,5190208
2026-05-12T20:39:38+01:00,2286,5189184,5190208
2026-05-12T20:39:39+01:00,2286,5189184,5190208
2026-05-12T20:39:40+01:00,2286,5189184,5190208
2026-05-12T20:39:41+01:00,2286,5189184,5190208
2026-05-12T20:39:42+01:00,2287,5189184,5190208
2026-05-12T20:39:43+01:00,2287,5189184,5190208
2026-05-12T20:39:44+01:00,2286,5189184,5190208
2026-05-12T20:39:45+01:00,2286,5189184,5190208
2026-05-12T20:39:47+01:00,2286,5189184,5190208
2026-05-12T20:39:48+01:00,2286,5189184,5190208
2026-05-12T20:39:49+01:00,2286,5189184,5190208
2026-05-12T20:39:50+01:00,2287,5189184,5190208
2026-05-12T20:39:51+01:00,2287,5189184,5190208
2026-05-12T20:39:52+01:00,2287,5189184,5190208
2026-05-12T20:39:53+01:00,2287,5189184,5190208
2026-05-12T20:39:54+01:00,2286,5189184,5190208
2026-05-12T20:39:56+01:00,2286,5189184,5190208
2026-05-12T20:39:57+01:00,2286,5189184,5190208
2026-05-12T20:39:58+01:00,2287,5189184,5190208
2026-05-12T20:39:59+01:00,2287,5189184,5190208
2026-05-12T20:40:00+01:00,2287,5189184,5190208
2026-05-12T20:40:01+01:00,2287,5189184,5190208
2026-05-12T20:40:02+01:00,2287,5189184,5190208
2026-05-12T20:40:03+01:00,2286,5189184,5190208
2026-05-12T20:40:05+01:00,2286,5189184,5190208
2026-05-12T20:40:06+01:00,2287,5189184,5190208
2026-05-12T20:40:07+01:00,2287,5189184,5190208
2026-05-12T20:40:08+01:00,2287,5189184,5190208
2026-05-12T20:40:09+01:00,2287,5189184,5190208
2026-05-12T20:40:10+01:00,2287,5189184,5190208
2026-05-12T20:40:11+01:00,2286,5189184,5190208
2026-05-12T20:40:13+01:00,2287,5189184,5190208
2026-05-12T20:40:14+01:00,2287,5189184,5190208
2026-05-12T20:40:15+01:00,2287,5189184,5190208
2026-05-12T20:40:16+01:00,2287,5189184,5190208
2026-05-12T20:40:17+01:00,2286,5189184,5190208
2026-05-12T20:40:19+01:00,2287,5189184,5190208
2026-05-12T20:40:20+01:00,2287,5189184,5190208
2026-05-12T20:40:21+01:00,2287,5189184,5190208
2026-05-12T20:40:22+01:00,2286,5189184,5190208
2026-05-12T20:40:24+01:00,2286,5189184,5190208
2026-05-12T20:40:25+01:00,2287,5189184,5190208
2026-05-12T20:40:26+01:00,2287,5189184,5190208
2026-05-12T20:40:27+01:00,2287,5189184,5190208
2026-05-12T20:40:29+01:00,2286,5189184,5190208
2026-05-12T20:40:30+01:00,2286,5189184,5190208
2026-05-12T20:40:31+01:00,2287,5189184,5190208
2026-05-12T20:40:32+01:00,2287,5189184,5190208
2026-05-12T20:40:33+01:00,2286,5189184,5190208
2026-05-12T20:40:35+01:00,2286,5189184,5190208
2026-05-12T20:40:36+01:00,2286,5189184,5190208
2026-05-12T20:40:37+01:00,2287,5189184,5190208
2026-05-12T20:40:38+01:00,2287,5189184,5190208
2026-05-12T20:40:39+01:00,2286,5189184,5190208
2026-05-12T20:40:41+01:00,2286,5189184,5190208
2026-05-12T20:40:42+01:00,2286,5189184,5190208
2026-05-12T20:40:43+01:00,2286,5189184,5190208
2026-05-12T20:40:44+01:00,2285,5189184,5190208
2026-05-12T20:40:46+01:00,2286,5189184,5190208
2026-05-12T20:40:47+01:00,2286,5189184,5190208
2026-05-12T20:40:48+01:00,2286,5189184,5190208
2026-05-12T20:40:49+01:00,2286,5189184,5190208
2026-05-12T20:40:50+01:00,2286,5189184,5190208
2026-05-12T20:40:51+01:00,2285,5189184,5190208
2026-05-12T20:40:53+01:00,2285,5189184,5190208
2026-05-12T20:40:54+01:00,2286,5189184,5190208
2026-05-12T20:40:55+01:00,2286,5189184,5190208
2026-05-12T20:40:56+01:00,2286,5189184,5190208
2026-05-12T20:40:57+01:00,2286,5189184,5190208
2026-05-12T20:40:58+01:00,2285,5189184,5190208
2026-05-12T20:41:00+01:00,2286,5189184,5190208
2026-05-12T20:41:01+01:00,2286,5189184,5190208
2026-05-12T20:41:02+01:00,2286,5189184,5190208
2026-05-12T20:41:03+01:00,2286,5189184,5190208
2026-05-12T20:41:04+01:00,2286,5189184,5190208
2026-05-12T20:41:05+01:00,2287,5189184,5190208
2026-05-12T20:41:06+01:00,2287,5189184,5190208
2026-05-12T20:41:07+01:00,2286,5189184,5190208
2026-05-12T20:41:08+01:00,2286,5189184,5190208
2026-05-12T20:41:10+01:00,2286,5189184,5190208
2026-05-12T20:41:11+01:00,2286,5189184,5190208
2026-05-12T20:41:12+01:00,2286,5189184,5190208
2026-05-12T20:41:13+01:00,2287,5189184,5190208
2026-05-12T20:41:14+01:00,2287,5189184,5190208
2026-05-12T20:41:15+01:00,2287,5189184,5190208
2026-05-12T20:41:16+01:00,2287,5189184,5190208
2026-05-12T20:41:17+01:00,2286,5189184,5190208
2026-05-12T20:41:19+01:00,2286,5189184,5190208
2026-05-12T20:41:20+01:00,2286,5189184,5190208
2026-05-12T20:41:21+01:00,2286,5189184,5190208
2026-05-12T20:41:22+01:00,2287,5189184,5190208
2026-05-12T20:41:23+01:00,2287,5189184,5190208
2026-05-12T20:41:24+01:00,2287,5189184,5190208
2026-05-12T20:41:25+01:00,2287,5189184,5190208
2026-05-12T20:41:26+01:00,2286,5189184,5190208
2026-05-12T20:41:28+01:00,2286,5189184,5190208
2026-05-12T20:41:29+01:00,2286,5189184,5190208
2026-05-12T20:41:30+01:00,2286,5189184,5190208
2026-05-12T20:41:31+01:00,2287,5189184,5190208
2026-05-12T20:41:32+01:00,2287,5189184,5190208
2026-05-12T20:41:33+01:00,2287,5189184,5190208
2026-05-12T20:41:34+01:00,2287,5189184,5190208
2026-05-12T20:41:35+01:00,2286,5189184,5190208
2026-05-12T20:41:36+01:00,2286,5189184,5190208
2026-05-12T20:41:38+01:00,2286,5189184,5190208
2026-05-12T20:41:39+01:00,2286,5189184,5190208
2026-05-12T20:41:40+01:00,2286,5189184,5190208
2026-05-12T20:41:41+01:00,2286,5189184,5190208
2026-05-12T20:41:42+01:00,2287,5189184,5190208
2026-05-12T20:41:43+01:00,2287,5189184,5190208
2026-05-12T20:41:44+01:00,2287,5189184,5190208
2026-05-12T20:41:45+01:00,2286,5189184,5190208
2026-05-12T20:41:47+01:00,2286,5189184,5190208
2026-05-12T20:41:48+01:00,2286,5189184,5190208
2026-05-12T20:41:49+01:00,2286,5189184,5190208
2026-05-12T20:41:50+01:00,2286,5189184,5190208
2026-05-12T20:41:51+01:00,2286,5189184,5190208
2026-05-12T20:41:52+01:00,2286,5189184,5190208
2026-05-12T20:41:53+01:00,2286,5189184,5190208
2026-05-12T20:41:54+01:00,2285,5189184,5190208
2026-05-12T20:41:55+01:00,2285,5189184,5190208
2026-05-12T20:41:57+01:00,2286,5189184,5190208
2026-05-12T20:41:58+01:00,2286,5189184,5190208
2026-05-12T20:41:59+01:00,2286,5189184,5190208
2026-05-12T20:42:00+01:00,2286,5189184,5190208
2026-05-12T20:42:01+01:00,2286,5189184,5190208
2026-05-12T20:42:02+01:00,2286,5189184,5190208
2026-05-12T20:42:03+01:00,2286,5189184,5190208
2026-05-12T20:42:04+01:00,2285,5189184,5190208
2026-05-12T20:42:06+01:00,2285,5189184,5190208
2026-05-12T20:42:07+01:00,2285,5189184,5190208
2026-05-12T20:42:08+01:00,2285,5189184,5190208
2026-05-12T20:42:09+01:00,2285,5189184,5190208
2026-05-12T20:42:10+01:00,2286,5189184,5190208
2026-05-12T20:42:11+01:00,2286,5189184,5190208
2026-05-12T20:42:12+01:00,2286,5189184,5190208
2026-05-12T20:42:13+01:00,2285,5189184,5190208
2026-05-12T20:42:14+01:00,2285,5189184,5190208
2026-05-12T20:42:16+01:00,2285,5189184,5190208
2026-05-12T20:42:17+01:00,2285,5189184,5190208
2026-05-12T20:42:18+01:00,2285,5189184,5190208
2026-05-12T20:42:19+01:00,2285,5189184,5190208
2026-05-12T20:42:20+01:00,2285,5189184,5190208
2026-05-12T20:42:21+01:00,2286,5189184,5190208
2026-05-12T20:42:22+01:00,2286,5189184,5190208
2026-05-12T20:42:23+01:00,2285,5189184,5190208
2026-05-12T20:42:25+01:00,2285,5189184,5190208
2026-05-12T20:42:26+01:00,2285,5189184,5190208
2026-05-12T20:42:27+01:00,2285,5189184,5190208
2026-05-12T20:42:28+01:00,2285,5189184,5190208
2026-05-12T20:42:29+01:00,2285,5189184,5190208
2026-05-12T20:42:30+01:00,2285,5189184,5190208
2026-05-12T20:42:31+01:00,2286,5189184,5190208
2026-05-12T20:42:32+01:00,2284,5189184,5190208
2026-05-12T20:42:33+01:00,2285,5189184,5190208
2026-05-12T20:42:35+01:00,2285,5189184,5190208
2026-05-12T20:42:36+01:00,2285,5189184,5190208
2026-05-12T20:42:37+01:00,2285,5189184,5190208
2026-05-12T20:42:38+01:00,2285,5189184,5190208
2026-05-12T20:42:39+01:00,2285,5189184,5190208
2026-05-12T20:42:40+01:00,2285,5189184,5190208
2026-05-12T20:42:41+01:00,2285,5189184,5190208
2026-05-12T20:42:42+01:00,2284,5189184,5190208
2026-05-12T20:42:44+01:00,2285,5189184,5190208
2026-05-12T20:42:45+01:00,2285,5189184,5190208
2026-05-12T20:42:46+01:00,2285,5189184,5190208
2026-05-12T20:42:47+01:00,2285,5189184,5190208
2026-05-12T20:42:48+01:00,2285,5189184,5190208
2026-05-12T20:42:49+01:00,2285,5189184,5190208
2026-05-12T20:42:50+01:00,2285,5189184,5190208
2026-05-12T20:42:51+01:00,2284,5189184,5190208
2026-05-12T20:42:52+01:00,2284,5189184,5190208
2026-05-12T20:42:54+01:00,2284,5189184,5190208
2026-05-12T20:42:55+01:00,2284,5189184,5190208
2026-05-12T20:42:56+01:00,2284,5189184,5190208
2026-05-12T20:42:57+01:00,2285,5189184,5190208
2026-05-12T20:42:58+01:00,2285,5189184,5190208
2026-05-12T20:42:59+01:00,2285,5189184,5190208
2026-05-12T20:43:00+01:00,2284,5189184,5190208
2026-05-12T20:43:01+01:00,2284,5189184,5190208
2026-05-12T20:43:03+01:00,2284,5189184,5190208
2026-05-12T20:43:04+01:00,2284,5189184,5190208
2026-05-12T20:43:05+01:00,2284,5189184,5190208
2026-05-12T20:43:06+01:00,2284,5189184,5190208
2026-05-12T20:43:07+01:00,2284,5189184,5190208
2026-05-12T20:43:08+01:00,2284,5189184,5190208
2026-05-12T20:43:09+01:00,2284,5189184,5190208
2026-05-12T20:43:10+01:00,2283,5189184,5190208
2026-05-12T20:43:12+01:00,2283,5189184,5190208
2026-05-12T20:43:13+01:00,2284,5189184,5190208
2026-05-12T20:43:14+01:00,2284,5189184,5190208
2026-05-12T20:43:15+01:00,2284,5189184,5190208
2026-05-12T20:43:16+01:00,2284,5189184,5190208
2026-05-12T20:43:17+01:00,2284,5189184,5190208
2026-05-12T20:43:18+01:00,2284,5189184,5190208
2026-05-12T20:43:19+01:00,2283,5189184,5190208
2026-05-12T20:43:21+01:00,2283,5189184,5190208
2026-05-12T20:43:22+01:00,2283,5189184,5190208
2026-05-12T20:43:23+01:00,2283,5189184,5190208
2026-05-12T20:43:24+01:00,2283,5189184,5190208
2026-05-12T20:43:25+01:00,2283,5189184,5190208
2026-05-12T20:43:26+01:00,2283,5189184,5190208
2026-05-12T20:43:27+01:00,2283,5189184,5190208
2026-05-12T20:43:28+01:00,2282,5189184,5190208
2026-05-12T20:43:29+01:00,2282,5189184,5190208
2026-05-12T20:43:31+01:00,2282,5189184,5190208
2026-05-12T20:43:32+01:00,2283,5189184,5190208
2026-05-12T20:43:33+01:00,2283,5189184,5190208
2026-05-12T20:43:34+01:00,2283,5189184,5190208
2026-05-12T20:43:35+01:00,2283,5189184,5190208
2026-05-12T20:43:36+01:00,2283,5189184,5190208
2026-05-12T20:43:37+01:00,2283,5189184,5190208
2026-05-12T20:43:38+01:00,2282,5189184,5190208
2026-05-12T20:43:40+01:00,2282,5189184,5190208
2026-05-12T20:43:41+01:00,2282,5189184,5190208
2026-05-12T20:43:42+01:00,2282,5189184,5190208
2026-05-12T20:43:43+01:00,2282,5189184,5190208
2026-05-12T20:43:44+01:00,2282,5189184,5190208
2026-05-12T20:43:45+01:00,2282,5189184,5190208
2026-05-12T20:43:46+01:00,2282,5189184,5190208
2026-05-12T20:43:47+01:00,2281,5189184,5190208
2026-05-12T20:43:48+01:00,2281,5189184,5190208
2026-05-12T20:43:50+01:00,2281,5189184,5190208
2026-05-12T20:43:51+01:00,2281,5189184,5190208
2026-05-12T20:43:52+01:00,2281,5189184,5190208
2026-05-12T20:43:53+01:00,2281,5189184,5190208
2026-05-12T20:43:54+01:00,2281,5189184,5190208
2026-05-12T20:43:55+01:00,2282,5189184,5190208
2026-05-12T20:43:56+01:00,2282,5189184,5190208
2026-05-12T20:43:57+01:00,2281,5189184,5190208
2026-05-12T20:43:59+01:00,2281,5189184,5190208
2026-05-12T20:44:00+01:00,2281,5189184,5190208
2026-05-12T20:44:01+01:00,2281,5189184,5190208
2026-05-12T20:44:02+01:00,2281,5189184,5190208
2026-05-12T20:44:03+01:00,2282,5189184,5190208
2026-05-12T20:44:04+01:00,2282,5189184,5190208
2026-05-12T20:44:05+01:00,2282,5189184,5190208
2026-05-12T20:44:06+01:00,2281,5189184,5190208
2026-05-12T20:44:07+01:00,2281,5189184,5190208
2026-05-12T20:44:09+01:00,2281,5189184,5190208
2026-05-12T20:44:10+01:00,2281,5189184,5190208
2026-05-12T20:44:11+01:00,2281,5189184,5190208
2026-05-12T20:44:12+01:00,2282,5189184,5190208
2026-05-12T20:44:13+01:00,2282,5189184,5190208
2026-05-12T20:44:14+01:00,2282,5189184,5190208
2026-05-12T20:44:15+01:00,2282,5189184,5190208
2026-05-12T20:44:16+01:00,2281,5189184,5190208
2026-05-12T20:44:18+01:00,2281,5189184,5190208
2026-05-12T20:44:19+01:00,2281,5189184,5190208
2026-05-12T20:44:20+01:00,2281,5189184,5190208
2026-05-12T20:44:21+01:00,2281,5189184,5190208
2026-05-12T20:44:22+01:00,2282,5189184,5190208
2026-05-12T20:44:23+01:00,2282,5189184,5190208
2026-05-12T20:44:24+01:00,2282,5189184,5190208
2026-05-12T20:44:25+01:00,2281,5189184,5190208
2026-05-12T20:44:26+01:00,2281,5189184,5190208
2026-05-12T20:44:28+01:00,2281,5189184,5190208
2026-05-12T20:44:29+01:00,2281,5189184,5190208
2026-05-12T20:44:30+01:00,2281,5189184,5190208
2026-05-12T20:44:31+01:00,2281,5189184,5190208
2026-05-12T20:44:32+01:00,2282,5189184,5190208
2026-05-12T20:44:33+01:00,2282,5189184,5190208
2026-05-12T20:44:34+01:00,2282,5189184,5190208
2026-05-12T20:44:35+01:00,2281,5189184,5190208
2026-05-12T20:44:37+01:00,2281,5189184,5190208
2026-05-12T20:44:38+01:00,2281,5189184,5190208
2026-05-12T20:44:39+01:00,2281,5189184,5190208
2026-05-12T20:44:40+01:00,2281,5189184,5190208
2026-05-12T20:44:41+01:00,2281,5189184,5190208
2026-05-12T20:44:42+01:00,2281,5189184,5190208
2026-05-12T20:44:43+01:00,2281,5189184,5190208
2026-05-12T20:44:44+01:00,2280,5189184,5190208
2026-05-12T20:44:46+01:00,2280,5189184,5190208
2026-05-12T20:44:47+01:00,2281,5189184,5190208
2026-05-12T20:44:48+01:00,2281,5189184,5190208
2026-05-12T20:44:49+01:00,2281,5189184,5190208
2026-05-12T20:44:50+01:00,2281,5189184,5190208
2026-05-12T20:44:51+01:00,2281,5189184,5190208
2026-05-12T20:44:52+01:00,2281,5189184,5190208
2026-05-12T20:44:53+01:00,2280,5189184,5190208
2026-05-12T20:44:54+01:00,2280,5189184,5190208
2026-05-12T20:44:56+01:00,2280,5189184,5190208
2026-05-12T20:44:57+01:00,2280,5189184,5190208
2026-05-12T20:44:58+01:00,2280,5189184,5190208
2026-05-12T20:44:59+01:00,2280,5189184,5190208
2026-05-12T20:45:00+01:00,2280,5189184,5190208
2026-05-12T20:45:01+01:00,2281,5189184,5190208
2026-05-12T20:45:02+01:00,2281,5189184,5190208
2026-05-12T20:45:03+01:00,2280,5189184,5190208
2026-05-12T20:45:05+01:00,2280,5189184,5190208
2026-05-12T20:45:06+01:00,2280,5189184,5190208
2026-05-12T20:45:07+01:00,2280,5189184,5190208
2026-05-12T20:45:08+01:00,2280,5189184,5190208
2026-05-12T20:45:09+01:00,2280,5189184,5190208
2026-05-12T20:45:10+01:00,2280,5189184,5190208
2026-05-12T20:45:11+01:00,2280,5189184,5190208
2026-05-12T20:45:12+01:00,2279,5189184,5190208
2026-05-12T20:45:13+01:00,2279,5189184,5190208
2026-05-12T20:45:15+01:00,2279,5189184,5190208
2026-05-12T20:45:16+01:00,2279,5189184,5190208
2026-05-12T20:45:17+01:00,2279,5189184,5190208
2026-05-12T20:45:18+01:00,2279,5189184,5190208
2026-05-12T20:45:19+01:00,2279,5189184,5190208
2026-05-12T20:45:20+01:00,2279,5189184,5190208
2026-05-12T20:45:21+01:00,2280,5189184,5190208
2026-05-12T20:45:22+01:00,2278,5189184,5190208
2026-05-12T20:45:24+01:00,2279,5189184,5190208
2026-05-12T20:45:25+01:00,2279,5189184,5190208
2026-05-12T20:45:26+01:00,2279,5189184,5190208
2026-05-12T20:45:27+01:00,2279,5189184,5190208
2026-05-12T20:45:28+01:00,2279,5189184,5190208
2026-05-12T20:45:29+01:00,2279,5189184,5190208
2026-05-12T20:45:30+01:00,2279,5189184,5190208
2026-05-12T20:45:31+01:00,2278,5189184,5190208
2026-05-12T20:45:32+01:00,2278,5189184,5190208
2026-05-12T20:45:34+01:00,2278,5189184,5190208
2026-05-12T20:45:35+01:00,2279,5189184,5190208
2026-05-12T20:45:36+01:00,2279,5189184,5190208
2026-05-12T20:45:37+01:00,2279,5189184,5190208
2026-05-12T20:45:38+01:00,2279,5189184,5190208
2026-05-12T20:45:39+01:00,2279,5189184,5190208
2026-05-12T20:45:40+01:00,2280,5189184,5190208
2026-05-12T20:45:41+01:00,2279,5189184,5190208
2026-05-12T20:45:43+01:00,2279,5189184,5190208
2026-05-12T20:45:44+01:00,2279,5189184,5190208
2026-05-12T20:45:45+01:00,2279,5189184,5190208
2026-05-12T20:45:46+01:00,2279,5189184,5190208
2026-05-12T20:45:47+01:00,2280,5189184,5190208
2026-05-12T20:45:48+01:00,2280,5189184,5190208
2026-05-12T20:45:49+01:00,2280,5189184,5190208
2026-05-12T20:45:50+01:00,2279,5189184,5190208
2026-05-12T20:45:51+01:00,2279,5189184,5190208
2026-05-12T20:45:53+01:00,2279,5189184,5190208
2026-05-12T20:45:54+01:00,2280,5189184,5190208
2026-05-12T20:45:55+01:00,2280,5189184,5190208
2026-05-12T20:45:56+01:00,2280,5189184,5190208
2026-05-12T20:45:57+01:00,2280,5189184,5190208
2026-05-12T20:45:58+01:00,2280,5189184,5190208
2026-05-12T20:45:59+01:00,2281,5189184,5190208
2026-05-12T20:46:00+01:00,2280,5189184,5190208
2026-05-12T20:46:02+01:00,2280,5189184,5190208
2026-05-12T20:46:03+01:00,2280,5189184,5190208
2026-05-12T20:46:04+01:00,2280,5189184,5190208
2026-05-12T20:46:05+01:00,2280,5189184,5190208
2026-05-12T20:46:06+01:00,2281,5189184,5190208
2026-05-12T20:46:07+01:00,2281,5189184,5190208
2026-05-12T20:46:08+01:00,2281,5189184,5190208
2026-05-12T20:46:09+01:00,2280,5189184,5190208
2026-05-12T20:46:10+01:00,2280,5189184,5190208
2026-05-12T20:46:12+01:00,2280,5189184,5190208
2026-05-12T20:46:13+01:00,2281,5189184,5190208
2026-05-12T20:46:14+01:00,2281,5189184,5190208
2026-05-12T20:46:15+01:00,2281,5189184,5190208
2026-05-12T20:46:16+01:00,2281,5189184,5190208
2026-05-12T20:46:17+01:00,2281,5189184,5190208
2026-05-12T20:46:18+01:00,2280,5189184,5190208
2026-05-12T20:46:19+01:00,2281,5189184,5190208
2026-05-12T20:46:21+01:00,2281,5189184,5190208
2026-05-12T20:46:22+01:00,2281,5189184,5190208
2026-05-12T20:46:23+01:00,2281,5189184,5190208
2026-05-12T20:46:24+01:00,2281,5189184,5190208
2026-05-12T20:46:25+01:00,2282,5189184,5190208
2026-05-12T20:46:26+01:00,2282,5189184,5190208
2026-05-12T20:46:27+01:00,2282,5189184,5190208
2026-05-12T20:46:28+01:00,2281,5189184,5190208
2026-05-12T20:46:30+01:00,2281,5189184,5190208
2026-05-12T20:46:31+01:00,2281,5189184,5190208
2026-05-12T20:46:32+01:00,2281,5189184,5190208
2026-05-12T20:46:33+01:00,2282,5189184,5190208
2026-05-12T20:46:34+01:00,2282,5189184,5190208
2026-05-12T20:46:35+01:00,2282,5189184,5190208
2026-05-12T20:46:36+01:00,2282,5189184,5190208
2026-05-12T20:46:37+01:00,2281,5189184,5190208
2026-05-12T20:46:38+01:00,2281,5189184,5190208
2026-05-12T20:46:40+01:00,2282,5189184,5190208
2026-05-12T20:46:41+01:00,2282,5189184,5190208
2026-05-12T20:46:42+01:00,2282,5189184,5190208
2026-05-12T20:46:43+01:00,2282,5189184,5190208
2026-05-12T20:46:44+01:00,2282,5189184,5190208
2026-05-12T20:46:45+01:00,2282,5189184,5190208
2026-05-12T20:46:46+01:00,2282,5189184,5190208
2026-05-12T20:46:47+01:00,2281,5189184,5190208
2026-05-12T20:46:49+01:00,2282,5189184,5190208
2026-05-12T20:46:50+01:00,2282,5189184,5190208
2026-05-12T20:46:51+01:00,2282,5189184,5190208
2026-05-12T20:46:52+01:00,2282,5189184,5190208
2026-05-12T20:46:53+01:00,2282,5189184,5190208
2026-05-12T20:46:54+01:00,2282,5189184,5190208
2026-05-12T20:46:55+01:00,2282,5189184,5190208
2026-05-12T20:46:56+01:00,2281,5189184,5190208
2026-05-12T20:46:57+01:00,2282,5189184,5190208
2026-05-12T20:46:59+01:00,2282,5189184,5190208
2026-05-12T20:47:00+01:00,2282,5189184,5190208
2026-05-12T20:47:01+01:00,2282,5189184,5190208
2026-05-12T20:47:02+01:00,2282,5189184,5190208
2026-05-12T20:47:03+01:00,2282,5189184,5190208
2026-05-12T20:47:04+01:00,2282,5189184,5190208
2026-05-12T20:47:05+01:00,2281,5189184,5190208
2026-05-12T20:47:06+01:00,2281,5189184,5190208
2026-05-12T20:47:08+01:00,2282,5189184,5190208
2026-05-12T20:47:09+01:00,2282,5189184,5190208
2026-05-12T20:47:10+01:00,2282,5189184,5190208
2026-05-12T20:47:11+01:00,2282,5189184,5190208
2026-05-12T20:47:12+01:00,2282,5189184,5190208
2026-05-12T20:47:13+01:00,2282,5189184,5190208
2026-05-12T20:47:14+01:00,2281,5189184,5190208
2026-05-12T20:47:15+01:00,2281,5189184,5190208
2026-05-12T20:47:17+01:00,2281,5189184,5190208
2026-05-12T20:47:18+01:00,2282,5189184,5190208
2026-05-12T20:47:19+01:00,2282,5189184,5190208
2026-05-12T20:47:20+01:00,2282,5189184,5190208
2026-05-12T20:47:21+01:00,2282,5189184,5190208
2026-05-12T20:47:22+01:00,2282,5189184,5190208
2026-05-12T20:47:23+01:00,2281,5189184,5190208
2026-05-12T20:47:24+01:00,2281,5189184,5190208
2026-05-12T20:47:26+01:00,2281,5189184,5190208
2026-05-12T20:47:27+01:00,2281,5189184,5190208
2026-05-12T20:47:28+01:00,2281,5189184,5190208
2026-05-12T20:47:29+01:00,2282,5189184,5190208
2026-05-12T20:47:30+01:00,2282,5189184,5190208
2026-05-12T20:47:31+01:00,2282,5189184,5190208
2026-05-12T20:47:32+01:00,2282,5189184,5190208
2026-05-12T20:47:33+01:00,2281,5189184,5190208
2026-05-12T20:47:35+01:00,2281,5189184,5190208
2026-05-12T20:47:36+01:00,2282,5189184,5190208
2026-05-12T20:47:37+01:00,2282,5189184,5190208
2026-05-12T20:47:38+01:00,2282,5189184,5190208
2026-05-12T20:47:39+01:00,2282,5189184,5190208
2026-05-12T20:47:40+01:00,2282,5189184,5190208
2026-05-12T20:47:41+01:00,2283,5189184,5190208
2026-05-12T20:47:42+01:00,2283,5189184,5190208
2026-05-12T20:47:43+01:00,2282,5189184,5190208
2026-05-12T20:47:45+01:00,2282,5189184,5190208
2026-05-12T20:47:46+01:00,2282,5189184,5190208
2026-05-12T20:47:47+01:00,2282,5189184,5190208
2026-05-12T20:47:48+01:00,2283,5189184,5190208
2026-05-12T20:47:49+01:00,2283,5189184,5190208
2026-05-12T20:47:50+01:00,2283,5189184,5190208
2026-05-12T20:47:51+01:00,2283,5189184,5190208
2026-05-12T20:47:52+01:00,2282,5189184,5190208
2026-05-12T20:47:54+01:00,2282,5189184,5190208
2026-05-12T20:47:55+01:00,2283,5189184,5190208
2026-05-12T20:47:56+01:00,2283,5189184,5190208
2026-05-12T20:47:57+01:00,2283,5189184,5190208
2026-05-12T20:47:58+01:00,2283,5189184,5190208
2026-05-12T20:47:59+01:00,2283,5189184,5190208
2026-05-12T20:48:00+01:00,2283,5189184,5190208
2026-05-12T20:48:01+01:00,2282,5189184,5190208
2026-05-12T20:48:02+01:00,2283,5189184,5190208
2026-05-12T20:48:04+01:00,2283,5189184,5190208
2026-05-12T20:48:05+01:00,2283,5189184,5190208
2026-05-12T20:48:06+01:00,2283,5189184,5190208
2026-05-12T20:48:07+01:00,2283,5189184,5190208
2026-05-12T20:48:08+01:00,2283,5189184,5190208
2026-05-12T20:48:09+01:00,2283,5189184,5190208
2026-05-12T20:48:10+01:00,2284,5189184,5190208
2026-05-12T20:48:11+01:00,2283,5189184,5190208
2026-05-12T20:48:13+01:00,2283,5189184,5190208
2026-05-12T20:48:14+01:00,2283,5189184,5190208
2026-05-12T20:48:15+01:00,2283,5189184,5190208
2026-05-12T20:48:16+01:00,2283,5189184,5190208
2026-05-12T20:48:17+01:00,2283,5189184,5190208
2026-05-12T20:48:18+01:00,2283,5189184,5190208
2026-05-12T20:48:19+01:00,2284,5189184,5190208
2026-05-12T20:48:20+01:00,2283,5189184,5190208
2026-05-12T20:48:21+01:00,2283,5189184,5190208
2026-05-12T20:48:23+01:00,2283,5189184,5190208
2026-05-12T20:48:24+01:00,2283,5189184,5190208
2026-05-12T20:48:25+01:00,2283,5189184,5190208
2026-05-12T20:48:26+01:00,2283,5189184,5190208
2026-05-12T20:48:27+01:00,2283,5189184,5190208
2026-05-12T20:48:28+01:00,2283,5189184,5190208
2026-05-12T20:48:29+01:00,2284,5189184,5190208
2026-05-12T20:48:30+01:00,2283,5189184,5190208
2026-05-12T20:48:32+01:00,2283,5189184,5190208
2026-05-12T20:48:33+01:00,2283,5189184,5190208
2026-05-12T20:48:34+01:00,2283,5189184,5190208
2026-05-12T20:48:35+01:00,2283,5189184,5190208
2026-05-12T20:48:36+01:00,2283,5189184,5190208
2026-05-12T20:48:37+01:00,2283,5189184,5190208
2026-05-12T20:48:38+01:00,2283,5189184,5190208
2026-05-12T20:48:39+01:00,2282,5189184,5190208
2026-05-12T20:48:40+01:00,2283,5189184,5190208
2026-05-12T20:48:42+01:00,2283,5189184,5190208
2026-05-12T20:48:43+01:00,2283,5189184,5190208
2026-05-12T20:48:44+01:00,2283,5189184,5190208
2026-05-12T20:48:45+01:00,2283,5189184,5190208
2026-05-12T20:48:46+01:00,2283,5189184,5190208
2026-05-12T20:48:47+01:00,2283,5189184,5190208
2026-05-12T20:48:48+01:00,2283,5189184,5190208
2026-05-12T20:48:49+01:00,2282,5189184,5190208
2026-05-12T20:48:51+01:00,2282,5189184,5190208
2026-05-12T20:48:52+01:00,2282,5189184,5190208
2026-05-12T20:48:53+01:00,2283,5189184,5190208
2026-05-12T20:48:54+01:00,2283,5189184,5190208
2026-05-12T20:48:55+01:00,2283,5189184,5190208
2026-05-12T20:48:56+01:00,2283,5189184,5190208
2026-05-12T20:48:57+01:00,2283,5189184,5190208
2026-05-12T20:48:58+01:00,2282,5189184,5190208
2026-05-12T20:48:59+01:00,2283,5189184,5190208
2026-05-12T20:49:01+01:00,2283,5189184,5190208
2026-05-12T20:49:02+01:00,2283,5189184,5190208
2026-05-12T20:49:03+01:00,2283,5189184,5190208
2026-05-12T20:49:04+01:00,2283,5189184,5190208
2026-05-12T20:49:05+01:00,2283,5189184,5190208
2026-05-12T20:49:06+01:00,2284,5189184,5190208
2026-05-12T20:49:07+01:00,2284,5189184,5190208
2026-05-12T20:49:08+01:00,2283,5189184,5190208
2026-05-12T20:49:10+01:00,2283,5189184,5190208
2026-05-12T20:49:11+01:00,2283,5189184,5190208
2026-05-12T20:49:12+01:00,2283,5189184,5190208
2026-05-12T20:49:13+01:00,2284,5189184,5190208
2026-05-12T20:49:14+01:00,2284,5189184,5190208
2026-05-12T20:49:15+01:00,2284,5189184,5190208
2026-05-12T20:49:16+01:00,2284,5189184,5190208
2026-05-12T20:49:17+01:00,2283,5189184,5190208
2026-05-12T20:49:18+01:00,2283,5189184,5190208
2026-05-12T20:49:20+01:00,2284,5189184,5190208
2026-05-12T20:49:21+01:00,2284,5189184,5190208
2026-05-12T20:49:22+01:00,2284,5189184,5190208
2026-05-12T20:49:23+01:00,2284,5189184,5190208
2026-05-12T20:49:24+01:00,2284,5189184,5190208
2026-05-12T20:49:25+01:00,2284,5189184,5190208
2026-05-12T20:49:26+01:00,2284,5189184,5190208
2026-05-12T20:49:27+01:00,2284,5189184,5190208
2026-05-12T20:49:29+01:00,2284,5189184,5190208
2026-05-12T20:49:30+01:00,2284,5189184,5190208
2026-05-12T20:49:31+01:00,2284,5189184,5190208
2026-05-12T20:49:32+01:00,2284,5189184,5190208
2026-05-12T20:49:33+01:00,2284,5189184,5190208
2026-05-12T20:49:34+01:00,2284,5189184,5190208
2026-05-12T20:49:35+01:00,2285,5189184,5190208
2026-05-12T20:49:36+01:00,2284,5189184,5190208
2026-05-12T20:49:37+01:00,2284,5189184,5190208
2026-05-12T20:49:39+01:00,2284,5189184,5190208
2026-05-12T20:49:40+01:00,2284,5189184,5190208
2026-05-12T20:49:41+01:00,2284,5189184,5190208
2026-05-12T20:49:42+01:00,2284,5189184,5190208
2026-05-12T20:49:43+01:00,2284,5189184,5190208
2026-05-12T20:49:44+01:00,2284,5189184,5190208
2026-05-12T20:49:45+01:00,2285,5189184,5190208
2026-05-12T20:49:46+01:00,2284,5189184,5190208
2026-05-12T20:49:48+01:00,2284,5189184,5190208
2026-05-12T20:49:49+01:00,2284,5189184,5190208
2026-05-12T20:49:50+01:00,2284,5189184,5190208
2026-05-12T20:49:51+01:00,2284,5189184,5190208
2026-05-12T20:49:52+01:00,2284,5189184,5190208
2026-05-12T20:49:53+01:00,2284,5189184,5190208
2026-05-12T20:49:54+01:00,2284,5189184,5190208
2026-05-12T20:49:55+01:00,2284,5189184,5190208
2026-05-12T20:49:56+01:00,2284,5189184,5190208
2026-05-12T20:49:58+01:00,2284,5189184,5190208
2026-05-12T20:49:59+01:00,2284,5189184,5190208
2026-05-12T20:50:00+01:00,2284,5189184,5190208
2026-05-12T20:50:01+01:00,2284,5189184,5190208
2026-05-12T20:50:02+01:00,2284,5189184,5190208
2026-05-12T20:50:03+01:00,2284,5189184,5190208
2026-05-12T20:50:04+01:00,2283,5189184,5190208
2026-05-12T20:50:05+01:00,2283,5189184,5190208
2026-05-12T20:50:07+01:00,2284,5189184,5190208
2026-05-12T20:50:08+01:00,2284,5189184,5190208
2026-05-12T20:50:09+01:00,2284,5189184,5190208
2026-05-12T20:50:10+01:00,2284,5189184,5190208
2026-05-12T20:50:11+01:00,2284,5189184,5190208
2026-05-12T20:50:12+01:00,2283,5189184,5190208
2026-05-12T20:50:14+01:00,2283,5189184,5190208
2026-05-12T20:50:15+01:00,2284,5189184,5190208
2026-05-12T20:50:16+01:00,2284,5189184,5190208
2026-05-12T20:50:17+01:00,2284,5189184,5190208
2026-05-12T20:50:18+01:00,2283,5189184,5190208
2026-05-12T20:50:20+01:00,2284,5189184,5190208
2026-05-12T20:50:21+01:00,2284,5189184,5190208
2026-05-12T20:50:22+01:00,2284,5189184,5190208
2026-05-12T20:50:23+01:00,2284,5189184,5190208
2026-05-12T20:50:25+01:00,2284,5189184,5190208
2026-05-12T20:50:26+01:00,2284,5189184,5190208
2026-05-12T20:50:27+01:00,2284,5189184,5190208
2026-05-12T20:50:28+01:00,2284,5189184,5190208
2026-05-12T20:50:29+01:00,2284,5189184,5190208
2026-05-12T20:50:31+01:00,2284,5189184,5190208
2026-05-12T20:50:32+01:00,2284,5189184,5190208
2026-05-12T20:50:33+01:00,2285,5189184,5190208
2026-05-12T20:50:34+01:00,2285,5189184,5190208
2026-05-12T20:50:35+01:00,2284,5189184,5190208
2026-05-12T20:50:37+01:00,2284,5189184,5190208
2026-05-12T20:50:38+01:00,2285,5189184,5190208
2026-05-12T20:50:39+01:00,2285,5189184,5190208
2026-05-12T20:50:40+01:00,2284,5189184,5190208
2026-05-12T20:50:42+01:00,2284,5189184,5190208
2026-05-12T20:50:43+01:00,2285,5189184,5190208
2026-05-12T20:50:44+01:00,2285,5189184,5190208
2026-05-12T20:50:45+01:00,2285,5189184,5190208
2026-05-12T20:50:47+01:00,2284,5189184,5190208
2026-05-12T20:50:48+01:00,2285,5189184,5190208
2026-05-12T20:50:49+01:00,2285,5189184,5190208
2026-05-12T20:50:50+01:00,2285,5189184,5190208
2026-05-12T20:50:51+01:00,2284,5189184,5190208
2026-05-12T20:50:53+01:00,2285,5189184,5190208
2026-05-12T20:50:54+01:00,2285,5189184,5190208
2026-05-12T20:50:55+01:00,2285,5189184,5190208
2026-05-12T20:50:56+01:00,2285,5189184,5190208
2026-05-12T20:50:57+01:00,2285,5189184,5190208
2026-05-12T20:50:58+01:00,2284,5189184,5190208
2026-05-12T20:50:59+01:00,2285,5189184,5190208
2026-05-12T20:51:01+01:00,2285,5189184,5190208
2026-05-12T20:51:02+01:00,2285,5189184,5190208
2026-05-12T20:51:03+01:00,2285,5189184,5190208
2026-05-12T20:51:04+01:00,2285,5189184,5190208
2026-05-12T20:51:05+01:00,2285,5189184,5190208
2026-05-12T20:51:06+01:00,2285,5189184,5190208
2026-05-12T20:51:07+01:00,2285,5189184,5190208
2026-05-12T20:51:08+01:00,2285,5189184,5190208
2026-05-12T20:51:10+01:00,2285,5189184,5190208
2026-05-12T20:51:11+01:00,2285,5189184,5190208
2026-05-12T20:51:12+01:00,2285,5189184,5190208
2026-05-12T20:51:13+01:00,2285,5189184,5190208
2026-05-12T20:51:14+01:00,2285,5189184,5190208
2026-05-12T20:51:15+01:00,2285,5189184,5190208
2026-05-12T20:51:16+01:00,2284,5189184,5190208
2026-05-12T20:51:17+01:00,2285,5189184,5190208
2026-05-12T20:51:19+01:00,2285,5189184,5190208
2026-05-12T20:51:20+01:00,2285,5189184,5190208
2026-05-12T20:51:21+01:00,2285,5189184,5190208
2026-05-12T20:51:22+01:00,2285,5189184,5190208
2026-05-12T20:51:23+01:00,2285,5189184,5190208
2026-05-12T20:51:24+01:00,2285,5189184,5190208
2026-05-12T20:51:25+01:00,2285,5189184,5190208
2026-05-12T20:51:26+01:00,2284,5189184,5190208
2026-05-12T20:51:28+01:00,2285,5189184,5190208
2026-05-12T20:51:29+01:00,2285,5189184,5190208
2026-05-12T20:51:30+01:00,2285,5189184,5190208
2026-05-12T20:51:31+01:00,2285,5189184,5190208
2026-05-12T20:51:32+01:00,2285,5189184,5190208
2026-05-12T20:51:33+01:00,2285,5189184,5190208
2026-05-12T20:51:34+01:00,2285,5189184,5190208
2026-05-12T20:51:35+01:00,2284,5189184,5190208
2026-05-12T20:51:37+01:00,2284,5189184,5190208
2026-05-12T20:51:38+01:00,2284,5189184,5190208
2026-05-12T20:51:39+01:00,2284,5189184,5190208
2026-05-12T20:51:40+01:00,2285,5189184,5190208
2026-05-12T20:51:41+01:00,2285,5189184,5190208
2026-05-12T20:51:42+01:00,2285,5189184,5190208
2026-05-12T20:51:43+01:00,2285,5189184,5190208
2026-05-12T20:51:44+01:00,2284,5189184,5190208
2026-05-12T20:51:45+01:00,2284,5189184,5190208
2026-05-12T20:51:47+01:00,2284,5189184,5190208
2026-05-12T20:51:48+01:00,2284,5189184,5190208
2026-05-12T20:51:49+01:00,2284,5189184,5190208
2026-05-12T20:51:50+01:00,2284,5189184,5190208
2026-05-12T20:51:51+01:00,2285,5189184,5190208
2026-05-12T20:51:52+01:00,2285,5189184,5190208
2026-05-12T20:51:53+01:00,2284,5189184,5190208
2026-05-12T20:51:54+01:00,2284,5189184,5190208
2026-05-12T20:51:56+01:00,2284,5189184,5190208
2026-05-12T20:51:57+01:00,2284,5189184,5190208
2026-05-12T20:51:58+01:00,2285,5189184,5190208
2026-05-12T20:51:59+01:00,2285,5189184,5190208
2026-05-12T20:52:00+01:00,2285,5189184,5190208
2026-05-12T20:52:01+01:00,2285,5189184,5190208
2026-05-12T20:52:02+01:00,2285,5189184,5190208
2026-05-12T20:52:03+01:00,2284,5189184,5190208
2026-05-12T20:52:05+01:00,2285,5189184,5190208
2026-05-12T20:52:06+01:00,2285,5189184,5190208
2026-05-12T20:52:07+01:00,2285,5189184,5190208
2026-05-12T20:52:08+01:00,2285,5189184,5190208
2026-05-12T20:52:09+01:00,2285,5189184,5190208
2026-05-12T20:52:10+01:00,2285,5189184,5190208
2026-05-12T20:52:11+01:00,2285,5189184,5190208
2026-05-12T20:52:12+01:00,2284,5189184,5190208
2026-05-12T20:52:13+01:00,2285,5189184,5190208
2026-05-12T20:52:15+01:00,2285,5189184,5190208
2026-05-12T20:52:16+01:00,2285,5189184,5190208
2026-05-12T20:52:17+01:00,2285,5189184,5190208
2026-05-12T20:52:18+01:00,2285,5189184,5190208
2026-05-12T20:52:19+01:00,2285,5189184,5190208
2026-05-12T20:52:20+01:00,2285,5189184,5190208
2026-05-12T20:52:21+01:00,2285,5189184,5190208
2026-05-12T20:52:22+01:00,2285,5189184,5190208
2026-05-12T20:52:24+01:00,2285,5189184,5190208
2026-05-12T20:52:25+01:00,2285,5189184,5190208
2026-05-12T20:52:26+01:00,2285,5189184,5190208
2026-05-12T20:52:27+01:00,2285,5189184,5190208
2026-05-12T20:52:28+01:00,2285,5189184,5190208
2026-05-12T20:52:29+01:00,2285,5189184,5190208
2026-05-12T20:52:30+01:00,2285,5189184,5190208
2026-05-12T20:52:31+01:00,2284,5189184,5190208
2026-05-12T20:52:32+01:00,2285,5189184,5190208
2026-05-12T20:52:34+01:00,2285,5189184,5190208
2026-05-12T20:52:35+01:00,2285,5189184,5190208
2026-05-12T20:52:36+01:00,2285,5189184,5190208
2026-05-12T20:52:37+01:00,2285,5189184,5190208
2026-05-12T20:52:38+01:00,2285,5189184,5190208
2026-05-12T20:52:39+01:00,2285,5189184,5190208
2026-05-12T20:52:40+01:00,2285,5189184,5190208
2026-05-12T20:52:41+01:00,2284,5189184,5190208
2026-05-12T20:52:43+01:00,2284,5189184,5190208
2026-05-12T20:52:44+01:00,2285,5189184,5190208
2026-05-12T20:52:45+01:00,2285,5189184,5190208
2026-05-12T20:52:46+01:00,2285,5189184,5190208
2026-05-12T20:52:47+01:00,2285,5189184,5190208
2026-05-12T20:52:48+01:00,2285,5189184,5190208
2026-05-12T20:52:49+01:00,2285,5189184,5190208
2026-05-12T20:52:50+01:00,2284,5189184,5190208
2026-05-12T20:52:52+01:00,2284,5189184,5190208
2026-05-12T20:52:53+01:00,2284,5189184,5190208
2026-05-12T20:52:54+01:00,2284,5189184,5190208
2026-05-12T20:52:55+01:00,2284,5189184,5190208
2026-05-12T20:52:56+01:00,2285,5189184,5190208
2026-05-12T20:52:57+01:00,2285,5189184,5190208
2026-05-12T20:52:58+01:00,2285,5189184,5190208
2026-05-12T20:52:59+01:00,2284,5189184,5190208
2026-05-12T20:53:00+01:00,2284,5189184,5190208
2026-05-12T20:53:02+01:00,2284,5189184,5190208
2026-05-12T20:53:03+01:00,2284,5189184,5190208
2026-05-12T20:53:04+01:00,2284,5189184,5190208
2026-05-12T20:53:05+01:00,2284,5189184,5190208
2026-05-12T20:53:06+01:00,2284,5189184,5190208
2026-05-12T20:53:07+01:00,2284,5189184,5190208
2026-05-12T20:53:08+01:00,2284,5189184,5190208
2026-05-12T20:53:09+01:00,2284,5189184,5190208
2026-05-12T20:53:11+01:00,2284,5189184,5190208
2026-05-12T20:53:12+01:00,2284,5189184,5190208
2026-05-12T20:53:13+01:00,2284,5189184,5190208
2026-05-12T20:53:14+01:00,2284,5189184,5190208
2026-05-12T20:53:15+01:00,2284,5189184,5190208
2026-05-12T20:53:16+01:00,2284,5189184,5190208
2026-05-12T20:53:17+01:00,2284,5189184,5190208
2026-05-12T20:53:18+01:00,2284,5189184,5190208
2026-05-12T20:53:20+01:00,2284,5189184,5190208
2026-05-12T20:53:21+01:00,2284,5189184,5190208
2026-05-12T20:53:22+01:00,2284,5189184,5190208
2026-05-12T20:53:23+01:00,2284,5189184,5190208
2026-05-12T20:53:24+01:00,2284,5189184,5190208
2026-05-12T20:53:25+01:00,2284,5189184,5190208
2026-05-12T20:53:26+01:00,2284,5189184,5190208
2026-05-12T20:53:27+01:00,2283,5189184,5190208
2026-05-12T20:53:28+01:00,2284,5189184,5190208
2026-05-12T20:53:30+01:00,2284,5189184,5190208
2026-05-12T20:53:31+01:00,2284,5189184,5190208
2026-05-12T20:53:32+01:00,2284,5189184,5190208
2026-05-12T20:53:33+01:00,2284,5189184,5190208
2026-05-12T20:53:34+01:00,2284,5189184,5190208
2026-05-12T20:53:35+01:00,2284,5189184,5190208
2026-05-12T20:53:36+01:00,2284,5189184,5190208
2026-05-12T20:53:37+01:00,2283,5189184,5190208
2026-05-12T20:53:39+01:00,2283,5189184,5190208
2026-05-12T20:53:40+01:00,2284,5189184,5190208
2026-05-12T20:53:41+01:00,2284,5189184,5190208
2026-05-12T20:53:42+01:00,2284,5189184,5190208
2026-05-12T20:53:43+01:00,2284,5189184,5190208
2026-05-12T20:53:44+01:00,2284,5189184,5190208
2026-05-12T20:53:45+01:00,2284,5189184,5190208
2026-05-12T20:53:46+01:00,2283,5189184,5190208
2026-05-12T20:53:47+01:00,2283,5189184,5190208
2026-05-12T20:53:49+01:00,2283,5189184,5190208
2026-05-12T20:53:50+01:00,2283,5189184,5190208
2026-05-12T20:53:51+01:00,2283,5189184,5190208
2026-05-12T20:53:52+01:00,2284,5189184,5190208
2026-05-12T20:53:53+01:00,2284,5189184,5190208
2026-05-12T20:53:54+01:00,2284,5189184,5190208
2026-05-12T20:53:55+01:00,2284,5189184,5190208
2026-05-12T20:53:56+01:00,2283,5189184,5190208
2026-05-12T20:53:58+01:00,2283,5189184,5190208
2026-05-12T20:53:59+01:00,2283,5189184,5190208
2026-05-12T20:54:00+01:00,2283,5189184,5190208
2026-05-12T20:54:01+01:00,2283,5189184,5190208
2026-05-12T20:54:02+01:00,2283,5189184,5190208
2026-05-12T20:54:03+01:00,2283,5189184,5190208
2026-05-12T20:54:04+01:00,2283,5189184,5190208
2026-05-12T20:54:05+01:00,2283,5189184,5190208
2026-05-12T20:54:06+01:00,2283,5189184,5190208
2026-05-12T20:54:08+01:00,2283,5189184,5190208
2026-05-12T20:54:09+01:00,2283,5189184,5190208
2026-05-12T20:54:10+01:00,2283,5189184,5190208
2026-05-12T20:54:11+01:00,2283,5189184,5190208
2026-05-12T20:54:12+01:00,2283,5189184,5190208
2026-05-12T20:54:13+01:00,2283,5189184,5190208
2026-05-12T20:54:14+01:00,2283,5189184,5190208
2026-05-12T20:54:15+01:00,2282,5189184,5190208
2026-05-12T20:54:17+01:00,2282,5189184,5190208
2026-05-12T20:54:18+01:00,2282,5189184,5190208
2026-05-12T20:54:19+01:00,2282,5189184,5190208
2026-05-12T20:54:20+01:00,2283,5189184,5190208
2026-05-12T20:54:21+01:00,2283,5189184,5190208
2026-05-12T20:54:22+01:00,2283,5189184,5190208
2026-05-12T20:54:23+01:00,2283,5189184,5190208
2026-05-12T20:54:24+01:00,2282,5189184,5190208
2026-05-12T20:54:25+01:00,2282,5189184,5190208
2026-05-12T20:54:27+01:00,2282,5189184,5190208
2026-05-12T20:54:28+01:00,2282,5189184,5190208
2026-05-12T20:54:29+01:00,2282,5189184,5190208
2026-05-12T20:54:30+01:00,2282,5189184,5190208
2026-05-12T20:54:31+01:00,2282,5189184,5190208
2026-05-12T20:54:32+01:00,2282,5189184,5190208
2026-05-12T20:54:33+01:00,2282,5189184,5190208
2026-05-12T20:54:34+01:00,2281,5189184,5190208
2026-05-12T20:54:36+01:00,2281,5189184,5190208
2026-05-12T20:54:37+01:00,2282,5189184,5190208
2026-05-12T20:54:38+01:00,2282,5189184,5190208
2026-05-12T20:54:39+01:00,2282,5189184,5190208
2026-05-12T20:54:40+01:00,2282,5189184,5190208
2026-05-12T20:54:41+01:00,2282,5189184,5190208
2026-05-12T20:54:42+01:00,2282,5189184,5190208
2026-05-12T20:54:43+01:00,2281,5189184,5190208
2026-05-12T20:54:44+01:00,2281,5189184,5190208
2026-05-12T20:54:46+01:00,2281,5189184,5190208
2026-05-12T20:54:47+01:00,2281,5189184,5190208
2026-05-12T20:54:48+01:00,2281,5189184,5190208
2026-05-12T20:54:49+01:00,2281,5189184,5190208
2026-05-12T20:54:50+01:00,2281,5189184,5190208
2026-05-12T20:54:51+01:00,2281,5189184,5190208
2026-05-12T20:54:52+01:00,2282,5189184,5190208
2026-05-12T20:54:53+01:00,2281,5189184,5190208
2026-05-12T20:54:55+01:00,2281,5189184,5190208
2026-05-12T20:54:56+01:00,2281,5189184,5190208
2026-05-12T20:54:57+01:00,2281,5189184,5190208
2026-05-12T20:54:58+01:00,2281,5189184,5190208
2026-05-12T20:54:59+01:00,2281,5189184,5190208
2026-05-12T20:55:00+01:00,2281,5189184,5190208
2026-05-12T20:55:01+01:00,2282,5189184,5190208
2026-05-12T20:55:02+01:00,2281,5189184,5190208
2026-05-12T20:55:04+01:00,2281,5189184,5190208
2026-05-12T20:55:05+01:00,2281,5189184,5190208
2026-05-12T20:55:06+01:00,2281,5189184,5190208
2026-05-12T20:55:07+01:00,2281,5189184,5190208
2026-05-12T20:55:08+01:00,2281,5189184,5190208
2026-05-12T20:55:09+01:00,2281,5189184,5190208
2026-05-12T20:55:10+01:00,2282,5189184,5190208
2026-05-12T20:55:11+01:00,2281,5189184,5190208
2026-05-12T20:55:12+01:00,2281,5189184,5190208
2026-05-12T20:55:14+01:00,2281,5189184,5190208
2026-05-12T20:55:15+01:00,2281,5189184,5190208
2026-05-12T20:55:16+01:00,2281,5189184,5190208
2026-05-12T20:55:17+01:00,2281,5189184,5190208
2026-05-12T20:55:18+01:00,2281,5189184,5190208
2026-05-12T20:55:19+01:00,2281,5189184,5190208
2026-05-12T20:55:20+01:00,2282,5189184,5190208
2026-05-12T20:55:21+01:00,2281,5189184,5190208
2026-05-12T20:55:23+01:00,2281,5189184,5190208
2026-05-12T20:55:24+01:00,2281,5189184,5190208
2026-05-12T20:55:25+01:00,2281,5189184,5190208
2026-05-12T20:55:26+01:00,2281,5189184,5190208
2026-05-12T20:55:27+01:00,2281,5189184,5190208
2026-05-12T20:55:28+01:00,2281,5189184,5190208
2026-05-12T20:55:29+01:00,2281,5189184,5190208
2026-05-12T20:55:30+01:00,2281,5189184,5190208
2026-05-12T20:55:31+01:00,2281,5189184,5190208
2026-05-12T20:55:33+01:00,2281,5189184,5190208
2026-05-12T20:55:34+01:00,2281,5189184,5190208
2026-05-12T20:55:35+01:00,2281,5189184,5190208
2026-05-12T20:55:36+01:00,2281,5189184,5190208
2026-05-12T20:55:37+01:00,2281,5189184,5190208
2026-05-12T20:55:38+01:00,2281,5189184,5190208
2026-05-12T20:55:39+01:00,2281,5189184,5190208
2026-05-12T20:55:40+01:00,2280,5189184,5190208
2026-05-12T20:55:42+01:00,2281,5189184,5190208
2026-05-12T20:55:43+01:00,2281,5189184,5190208
2026-05-12T20:55:44+01:00,2281,5189184,5190208
2026-05-12T20:55:45+01:00,2281,5189184,5190208
2026-05-12T20:55:46+01:00,2281,5189184,5190208
2026-05-12T20:55:47+01:00,2281,5189184,5190208
2026-05-12T20:55:48+01:00,2281,5189184,5190208
2026-05-12T20:55:49+01:00,2280,5189184,5190208
2026-05-12T20:55:50+01:00,2280,5189184,5190208
2026-05-12T20:55:52+01:00,2280,5189184,5190208
2026-05-12T20:55:53+01:00,2280,5189184,5190208
2026-05-12T20:55:54+01:00,2280,5189184,5190208
2026-05-12T20:55:55+01:00,2281,5189184,5190208
2026-05-12T20:55:56+01:00,2281,5189184,5190208
2026-05-12T20:55:57+01:00,2281,5189184,5190208
2026-05-12T20:55:58+01:00,2280,5189184,5190208
2026-05-12T20:55:59+01:00,2280,5189184,5190208
2026-05-12T20:56:01+01:00,2280,5189184,5190208
2026-05-12T20:56:02+01:00,2280,5189184,5190208
2026-05-12T20:56:03+01:00,2280,5189184,5190208
2026-05-12T20:56:04+01:00,2280,5189184,5190208
2026-05-12T20:56:05+01:00,2280,5189184,5190208
2026-05-12T20:56:06+01:00,2280,5189184,5190208
2026-05-12T20:56:07+01:00,2280,5189184,5190208
2026-05-12T20:56:08+01:00,2279,5189184,5190208
2026-05-12T20:56:10+01:00,2280,5189184,5190208
2026-05-12T20:56:11+01:00,2280,5189184,5190208
2026-05-12T20:56:12+01:00,2280,5189184,5190208
2026-05-12T20:56:13+01:00,2280,5189184,5190208
2026-05-12T20:56:14+01:00,2280,5189184,5190208
2026-05-12T20:56:15+01:00,2280,5189184,5190208
2026-05-12T20:56:16+01:00,2280,5189184,5190208
2026-05-12T20:56:17+01:00,2279,5189184,5190208
2026-05-12T20:56:18+01:00,2279,5189184,5190208
2026-05-12T20:56:20+01:00,2279,5189184,5190208
2026-05-12T20:56:21+01:00,2279,5189184,5190208
2026-05-12T20:56:22+01:00,2279,5189184,5190208
2026-05-12T20:56:23+01:00,2279,5189184,5190208
