timestamp,role,cpu_user_jiffies,cpu_nice_jiffies,cpu_system_jiffies,cpu_idle_jiffies,cpu_iowait_jiffies,cpu_irq_jiffies,cpu_softirq_jiffies,cpu_steal_jiffies,mem_total_kb,mem_available_kb,mem_used_kb,mem_free_kb,swap_total_kb,swap_free_kb
2026-05-13T15:57:29+01:00,server,1306696196,111363,2906236,327702189,150314,0,138532,0,32911424,29557376,3354048,24584256,16252864,16240576
2026-05-13T15:57:30+01:00,server,1306697777,111363,2906268,327705490,150316,0,138533,0,32911424,29521408,3390016,24537344,16252864,16240576
2026-05-13T15:57:31+01:00,server,1306700297,111363,2906286,327707833,150316,0,138534,0,32911424,29521664,3389760,24536256,16252864,16240576
2026-05-13T15:57:32+01:00,server,1306702788,111363,2906298,327710228,150316,0,138535,0,32911424,29526144,3385280,24539072,16252864,16240576
2026-05-13T15:57:33+01:00,server,1306705262,111363,2906311,327712673,150316,0,138535,0,32911424,29529152,3382272,24541952,16252864,16240576
2026-05-13T15:57:34+01:00,server,1306707711,111363,2906326,327715129,150316,0,138535,0,32911424,29525696,3385728,24538368,16252864,16240576
2026-05-13T15:57:35+01:00,server,1306710135,111363,2906336,327717629,150316,0,138536,0,32911424,29524992,3386432,24537664,16252864,16240576
2026-05-13T15:57:36+01:00,server,1306712576,111363,2906343,327720077,150316,0,138536,0,32911424,29520512,3390912,24533120,16252864,16240576
2026-05-13T15:57:37+01:00,server,1306715041,111363,2906350,327722526,150316,0,138536,0,32911424,29517952,3393472,24530560,16252864,16240576
2026-05-13T15:57:38+01:00,server,1306717468,111363,2906362,327724978,150316,0,138536,0,32911424,29516736,3394688,24529216,16252864,16240576
2026-05-13T15:57:39+01:00,server,1306719918,111363,2906379,327727432,150316,0,138536,0,32911424,29515136,3396288,24527616,16252864,16240576
2026-05-13T15:57:40+01:00,server,1306722325,111363,2906385,327729886,150316,0,138537,0,32911424,29508544,3402880,24521024,16252864,16240576
2026-05-13T15:57:41+01:00,server,1306724813,111363,2906409,327732321,150316,0,138538,0,32911424,29506880,3404544,24519232,16252864,16240576
2026-05-13T15:57:42+01:00,server,1306727229,111363,2906429,327734783,150316,0,138538,0,32911424,29507648,3403776,24520000,16252864,16240576
2026-05-13T15:57:43+01:00,server,1306729677,111363,2906443,327737237,150316,0,138540,0,32911424,29504448,3406976,24516736,16252864,16240576
2026-05-13T15:57:44+01:00,server,1306732125,111363,2906459,327739692,150316,0,138540,0,32911424,29502912,3408512,24515136,16252864,16240576
2026-05-13T15:57:45+01:00,server,1306734579,111363,2906468,327742147,150316,0,138540,0,32911424,29503040,3408384,24515264,16252864,16240576
2026-05-13T15:57:46+01:00,server,1306737009,111363,2906478,327744601,150316,0,138540,0,32911424,29504768,3406656,24516992,16252864,16240576
2026-05-13T15:57:47+01:00,server,1306739458,111363,2906494,327747054,150316,0,138540,0,32911424,29505600,3405824,24517824,16252864,16240576
2026-05-13T15:57:48+01:00,server,1306741904,111363,2906508,327749509,150316,0,138540,0,32911424,29505984,3405440,24518208,16252864,16240576
2026-05-13T15:57:49+01:00,server,1306744356,111363,2906522,327751964,150316,0,138541,0,32911424,29498240,3413184,24510464,16252864,16240576
2026-05-13T15:57:50+01:00,server,1306746808,111363,2906535,327754420,150316,0,138541,0,32911424,29495936,3415488,24508096,16252864,16240576
2026-05-13T15:57:52+01:00,server,1306749214,111363,2906548,327756875,150316,0,138542,0,32911424,29497088,3414336,24509248,16252864,16240576
2026-05-13T15:57:53+01:00,server,1306751683,111363,2906564,327759332,150316,0,138542,0,32911424,29491136,3420288,24503296,16252864,16240576
2026-05-13T15:57:54+01:00,server,1306754135,111363,2906574,327761788,150316,0,138542,0,32911424,29489088,3422336,24501248,16252864,16240576
2026-05-13T15:57:55+01:00,server,1306756611,111363,2906580,327764251,150316,0,138543,0,32911424,29489856,3421568,24501760,16252864,16240576
2026-05-13T15:57:56+01:00,server,1306759051,111363,2906590,327766684,150316,0,138543,0,32911424,29488768,3422656,24500672,16252864,16240576
2026-05-13T15:57:57+01:00,server,1306761527,111363,2906600,327769137,150316,0,138544,0,32911424,29489728,3421696,24501632,16252864,16240576
2026-05-13T15:57:58+01:00,server,1306763952,111363,2906615,327771592,150316,0,138544,0,32911424,29490112,3421312,24502016,16252864,16240576
2026-05-13T15:57:59+01:00,server,1306766427,111363,2906624,327774053,150316,0,138545,0,32911424,29488960,3422464,24500864,16252864,16240576
2026-05-13T15:58:00+01:00,server,1306768881,111363,2906645,327776522,150316,0,138545,0,32911424,29486976,3424448,24498880,16252864,16240576
2026-05-13T15:58:01+01:00,server,1306771287,111363,2906663,327778997,150316,0,138545,0,32911424,29485440,3425984,24497344,16252864,16240576
2026-05-13T15:58:02+01:00,server,1306773727,111363,2906686,327781477,150316,0,138545,0,32911424,29486208,3425216,24498112,16252864,16240576
2026-05-13T15:58:03+01:00,server,1306776146,111363,2906699,327783970,150316,0,138545,0,32911424,29485440,3425984,24497344,16252864,16240576
2026-05-13T15:58:04+01:00,server,1306778512,111363,2906710,327786485,150316,0,138545,0,32911424,29477184,3434240,24489088,16252864,16240576
2026-05-13T15:58:05+01:00,server,1306780968,111363,2906721,327788945,150316,0,138545,0,32911424,29476224,3435200,24488128,16252864,16240576
2026-05-13T15:58:06+01:00,server,1306783358,111363,2906728,327791408,150316,0,138546,0,32911424,29475264,3436160,24487168,16252864,16240576
2026-05-13T15:58:07+01:00,server,1306785829,111363,2906742,327793868,150316,0,138547,0,32911424,29477312,3434112,24489152,16252864,16240576
2026-05-13T15:58:08+01:00,server,1306788277,111363,2906747,327796337,150316,0,138547,0,32911424,29473984,3437440,24485824,16252864,16240576
2026-05-13T15:58:09+01:00,server,1306790749,111363,2906758,327798799,150316,0,138548,0,32911424,29470656,3440768,24482496,16252864,16240576
2026-05-13T15:58:10+01:00,server,1306793223,111363,2906774,327801252,150316,0,138548,0,32911424,29469952,3441472,24481664,16252864,16240576
2026-05-13T15:58:11+01:00,server,1306795645,111363,2906790,327803685,150316,0,138548,0,32911424,29470976,3440448,24482624,16252864,16240576
2026-05-13T15:58:12+01:00,server,1306798119,111363,2906802,327806139,150316,0,138549,0,32911424,29467136,3444288,24478784,16252864,16240576
2026-05-13T15:58:13+01:00,server,1306800538,111363,2906819,327808595,150316,0,138549,0,32911424,29467520,3443904,24479168,16252864,16240576
2026-05-13T15:58:14+01:00,server,1306803011,111363,2906831,327811047,150316,0,138549,0,32911424,29467904,3443520,24479552,16252864,16240576
2026-05-13T15:58:15+01:00,server,1306805458,111363,2906847,327813502,150316,0,138549,0,32911424,29468480,3442944,24480064,16252864,16240576
2026-05-13T15:58:16+01:00,server,1306807930,111363,2906864,327815957,150316,0,138549,0,32911424,29470400,3441024,24481984,16252864,16240576
2026-05-13T15:58:17+01:00,server,1306810409,111363,2906875,327818413,150316,0,138549,0,32911424,29468864,3442560,24480000,16252864,16240576
2026-05-13T15:58:18+01:00,server,1306812835,111363,2906887,327820869,150316,0,138550,0,32911424,29469568,3441856,24480640,16252864,16240576
2026-05-13T15:58:19+01:00,server,1306815286,111363,2906900,327823325,150316,0,138550,0,32911424,29466112,3445312,24477184,16252864,16240576
2026-05-13T15:58:20+01:00,server,1306817696,111363,2906905,327825787,150316,0,138550,0,32911424,29470336,3441088,24481408,16252864,16240576
2026-05-13T15:58:21+01:00,server,1306820169,111363,2906913,327828246,150316,0,138550,0,32911424,29469824,3441600,24480768,16252864,16240576
2026-05-13T15:58:22+01:00,server,1306822619,111363,2906930,327830699,150317,0,138550,0,32911424,29470784,3440640,24481728,16252864,16240576
2026-05-13T15:58:23+01:00,server,1306825096,111363,2906940,327833153,150317,0,138552,0,32911424,29468928,3442496,24479872,16252864,16240576
2026-05-13T15:58:24+01:00,server,1306827549,111363,2906950,327835605,150317,0,138552,0,32911424,29470272,3441152,24481216,16252864,16240576
2026-05-13T15:58:25+01:00,server,1306829979,111363,2906962,327838059,150317,0,138552,0,32911424,29471936,3439488,24482880,16252864,16240576
2026-05-13T15:58:26+01:00,server,1306832437,111363,2906978,327840488,150317,0,138552,0,32911424,29471744,3439680,24482624,16252864,16240576
2026-05-13T15:58:27+01:00,server,1306834902,111363,2906993,327842951,150317,0,138552,0,32911424,29473152,3438272,24484032,16252864,16240576
2026-05-13T15:58:28+01:00,server,1306837272,111363,2907024,327845421,150317,0,138552,0,32911424,29459904,3451520,24470784,16252864,16240576
2026-05-13T15:58:29+01:00,server,1306839731,111363,2907034,327847896,150317,0,138552,0,32911424,29461952,3449472,24472704,16252864,16240576
2026-05-13T15:58:30+01:00,server,1306842140,111363,2907052,327850375,150317,0,138552,0,32911424,29460224,3451200,24470976,16252864,16240576
2026-05-13T15:58:32+01:00,server,1306844569,111363,2907070,327852858,150317,0,138552,0,32911424,29458688,3452736,24469440,16252864,16240576
2026-05-13T15:58:33+01:00,server,1306846988,111363,2907086,327855348,150317,0,138553,0,32911424,29455424,3456000,24466176,16252864,16240576
2026-05-13T15:58:34+01:00,server,1306849423,111363,2907105,327857846,150317,0,138553,0,32911424,29457664,3453760,24468416,16252864,16240576
2026-05-13T15:58:35+01:00,server,1306851863,111363,2907123,327860345,150317,0,138553,0,32911424,29453440,3457984,24464192,16252864,16240576
2026-05-13T15:58:36+01:00,server,1306854246,111363,2907132,327862840,150317,0,138553,0,32911424,29456896,3454528,24467648,16252864,16240576
2026-05-13T15:58:37+01:00,server,1306856665,111363,2907159,327865340,150317,0,138553,0,32911424,29450816,3460608,24461504,16252864,16240576
2026-05-13T15:58:38+01:00,server,1306859034,111363,2907191,327867843,150317,0,138553,0,32911424,29451968,3459456,24462656,16252864,16240576
2026-05-13T15:58:39+01:00,server,1306861430,111363,2907204,327870349,150317,0,138553,0,32911424,29452928,3458496,24463616,16252864,16240576
2026-05-13T15:58:40+01:00,server,1306863804,111363,2907222,327872857,150317,0,138553,0,32911424,29451392,3460032,24462080,16252864,16240576
2026-05-13T15:58:41+01:00,server,1306866207,111363,2907251,327875348,150317,0,138554,0,32911424,29449408,3462016,24460096,16252864,16240576
2026-05-13T15:58:42+01:00,server,1306868625,111363,2907268,327877866,150317,0,138555,0,32911424,29447488,3463936,24458176,16252864,16240576
2026-05-13T15:58:43+01:00,server,1306871031,111363,2907282,327880388,150317,0,138556,0,32911424,29444224,3467200,24454912,16252864,16240576
2026-05-13T15:58:44+01:00,server,1306873369,111363,2907300,327882912,150317,0,138557,0,32911424,29443520,3467904,24454208,16252864,16240576
2026-05-13T15:58:45+01:00,server,1306875746,111363,2907314,327885438,150317,0,138557,0,32911424,29441856,3469568,24452480,16252864,16240576
2026-05-13T15:58:46+01:00,server,1306878146,111363,2907320,327887977,150317,0,138557,0,32911424,29441664,3469760,24452288,16252864,16240576
2026-05-13T15:58:47+01:00,server,1306880586,111363,2907329,327890515,150317,0,138558,0,32911424,29441600,3469824,24452224,16252864,16240576
2026-05-13T15:58:48+01:00,server,1306882903,111363,2907348,327893055,150317,0,138558,0,32911424,29442240,3469184,24452800,16252864,16240576
2026-05-13T15:58:49+01:00,server,1306885324,111363,2907361,327895596,150317,0,138558,0,32911424,29437696,3473728,24448256,16252864,16240576
2026-05-13T15:58:50+01:00,server,1306887576,111363,2907379,327898139,150317,0,138558,0,32911424,29438144,3473280,24448704,16252864,16240576
2026-05-13T15:58:51+01:00,server,1306889918,111363,2907407,327900686,150317,0,138558,0,32911424,29435584,3475840,24446144,16252864,16240576
2026-05-13T15:58:52+01:00,server,1306892190,111363,2907425,327903235,150317,0,138558,0,32911424,29434048,3477376,24444608,16252864,16240576
2026-05-13T15:58:53+01:00,server,1306894584,111363,2907438,327905788,150317,0,138558,0,32911424,29434496,3476928,24444992,16252864,16240576
2026-05-13T15:58:54+01:00,server,1306896963,111363,2907451,327908345,150317,0,138558,0,32911424,29434688,3476736,24445184,16252864,16240576
2026-05-13T15:58:55+01:00,server,1306899237,111363,2907464,327910901,150317,0,138558,0,32911424,29433344,3478080,24443840,16252864,16240576
2026-05-13T15:58:56+01:00,server,1306901551,111363,2907484,327913434,150317,0,138558,0,32911424,29435520,3475904,24445952,16252864,16240576
2026-05-13T15:58:57+01:00,server,1306903834,111363,2907500,327915993,150317,0,138560,0,32911424,29434752,3476672,24445184,16252864,16240576
2026-05-13T15:58:58+01:00,server,1306906145,111363,2907528,327918560,150317,0,138560,0,32911424,29431872,3479552,24442304,16252864,16240576
2026-05-13T15:58:59+01:00,server,1306908471,111363,2907541,327921143,150317,0,138560,0,32911424,29431680,3479744,24442112,16252864,16240576
2026-05-13T15:59:00+01:00,server,1306910829,111363,2907554,327923712,150317,0,138560,0,32911424,29427712,3483712,24438080,16252864,16240576
2026-05-13T15:59:01+01:00,server,1306913158,111363,2907568,327926281,150317,0,138560,0,32911424,29428736,3482688,24439104,16252864,16240576
2026-05-13T15:59:02+01:00,server,1306915476,111363,2907579,327928853,150317,0,138561,0,32911424,29429824,3481600,24440192,16252864,16240576
2026-05-13T15:59:03+01:00,server,1306917746,111363,2907600,327931431,150317,0,138561,0,32911424,29431488,3479936,24441856,16252864,16240576
2026-05-13T15:59:04+01:00,server,1306920054,111363,2907616,327934012,150317,0,138562,0,32911424,29431424,3480000,24441792,16252864,16240576
2026-05-13T15:59:05+01:00,server,1306922353,111363,2907637,327936595,150317,0,138563,0,32911424,29432192,3479232,24442560,16252864,16240576
2026-05-13T15:59:06+01:00,server,1306924645,111363,2907661,327939183,150317,0,138564,0,32911424,29433664,3477760,24444032,16252864,16240576
2026-05-13T15:59:07+01:00,server,1306926941,111363,2907685,327941774,150317,0,138565,0,32911424,29435776,3475648,24446144,16252864,16240576
2026-05-13T15:59:08+01:00,server,1306929291,111363,2907699,327944364,150317,0,138565,0,32911424,29428672,3482752,24439040,16252864,16240576
2026-05-13T15:59:09+01:00,server,1306931492,111363,2907727,327946958,150317,0,138565,0,32911424,29427328,3484096,24437696,16252864,16240576
2026-05-13T15:59:10+01:00,server,1306933881,111363,2907747,327949537,150317,0,138566,0,32911424,29423872,3487552,24434112,16252864,16240576
2026-05-13T15:59:11+01:00,server,1306936174,111363,2907756,327952134,150317,0,138566,0,32911424,29428160,3483264,24438336,16252864,16240576
2026-05-13T15:59:13+01:00,server,1306938438,111363,2907766,327954741,150317,0,138567,0,32911424,29428224,3483200,24438336,16252864,16240576
2026-05-13T15:59:14+01:00,server,1306940823,111363,2907779,327957343,150317,0,138567,0,32911424,29426816,3484608,24436928,16252864,16240576
2026-05-13T15:59:15+01:00,server,1306943084,111363,2907793,327959946,150317,0,138568,0,32911424,29425216,3486208,24435328,16252864,16240576
2026-05-13T15:59:16+01:00,server,1306945386,111363,2907811,327962551,150317,0,138568,0,32911424,29423296,3488128,24433408,16252864,16240576
2026-05-13T15:59:17+01:00,server,1306947711,111363,2907822,327965158,150317,0,138569,0,32911424,29424320,3487104,24434432,16252864,16240576
2026-05-13T15:59:18+01:00,server,1306950003,111363,2907843,327967768,150317,0,138569,0,32911424,29422720,3488704,24432768,16252864,16240576
2026-05-13T15:59:19+01:00,server,1306952294,111363,2907862,327970385,150317,0,138569,0,32911424,29421312,3490112,24431360,16252864,16240576
2026-05-13T15:59:20+01:00,server,1306954540,111363,2907878,327972999,150317,0,138569,0,32911424,29420352,3491072,24430400,16252864,16240576
2026-05-13T15:59:21+01:00,server,1306956812,111363,2907896,327975617,150317,0,138569,0,32911424,29418496,3492928,24428544,16252864,16240576
2026-05-13T15:59:22+01:00,server,1306959062,111363,2907915,327978238,150317,0,138570,0,32911424,29417728,3493696,24427776,16252864,16240576
2026-05-13T15:59:23+01:00,server,1306961342,111363,2907928,327980862,150317,0,138571,0,32911424,29415296,3496128,24425344,16252864,16240576
2026-05-13T15:59:24+01:00,server,1306963575,111363,2907950,327983487,150317,0,138571,0,32911424,29417600,3493824,24427648,16252864,16240576
2026-05-13T15:59:25+01:00,server,1306965870,111363,2907957,327986125,150317,0,138571,0,32911424,29415424,3496000,24425472,16252864,16240576
2026-05-13T15:59:26+01:00,server,1306968073,111363,2907990,327988727,150317,0,138571,0,32911424,29414848,3496576,24424768,16252864,16240576
2026-05-13T15:59:27+01:00,server,1306970394,111363,2908007,327991354,150317,0,138571,0,32911424,29414464,3496960,24424384,16252864,16240576
2026-05-13T15:59:28+01:00,server,1306972642,111363,2908017,327993983,150317,0,138571,0,32911424,29414528,3496896,24424384,16252864,16240576
2026-05-13T15:59:29+01:00,server,1306974945,111363,2908028,327996599,150317,0,138571,0,32911424,29399040,3512384,24408896,16252864,16240576
2026-05-13T15:59:30+01:00,server,1306977414,111363,2908043,327999056,150317,0,138571,0,32911424,29393984,3517440,24403840,16252864,16240576
2026-05-13T15:59:31+01:00,server,1306979826,111363,2908054,328001517,150317,0,138571,0,32911424,29394176,3517248,24404032,16252864,16240576
2026-05-13T15:59:32+01:00,server,1306982275,111363,2908068,328003975,150317,0,138572,0,32911424,29396608,3514816,24406464,16252864,16240576
2026-05-13T15:59:33+01:00,server,1306984727,111363,2908078,328006431,150317,0,138572,0,32911424,29394496,3516928,24404352,16252864,16240576
2026-05-13T15:59:34+01:00,server,1306987155,111363,2908093,328008886,150317,0,138573,0,32911424,29394688,3516736,24404544,16252864,16240576
2026-05-13T15:59:35+01:00,server,1306989609,111363,2908104,328011342,150317,0,138574,0,32911424,29396608,3514816,24406464,16252864,16240576
2026-05-13T15:59:36+01:00,server,1306992056,111363,2908120,328013799,150317,0,138575,0,32911424,29395840,3515584,24405696,16252864,16240576
2026-05-13T15:59:37+01:00,server,1306994504,111363,2908131,328016258,150317,0,138575,0,32911424,29394752,3516672,24404608,16252864,16240576
2026-05-13T15:59:38+01:00,server,1306996976,111363,2908138,328018723,150317,0,138575,0,32911424,29395136,3516288,24404992,16252864,16240576
2026-05-13T15:59:39+01:00,server,1306999406,111363,2908144,328021179,150317,0,138577,0,32911424,29392256,3519168,24402112,16252864,16240576
2026-05-13T15:59:40+01:00,server,1307001859,111363,2908156,328023635,150317,0,138577,0,32911424,29391872,3519552,24401728,16252864,16240576
2026-05-13T15:59:41+01:00,server,1307004320,111363,2908182,328026064,150317,0,138577,0,32911424,29390784,3520640,24400576,16252864,16240576
2026-05-13T15:59:42+01:00,server,1307006793,111363,2908196,328028519,150317,0,138578,0,32911424,29390464,3520960,24400256,16252864,16240576
2026-05-13T15:59:43+01:00,server,1307009243,111363,2908208,328030976,150317,0,138578,0,32911424,29391808,3519616,24401600,16252864,16240576
2026-05-13T15:59:44+01:00,server,1307011692,111363,2908224,328033430,150317,0,138578,0,32911424,29391744,3519680,24401536,16252864,16240576
2026-05-13T15:59:45+01:00,server,1307014118,111363,2908237,328035884,150317,0,138579,0,32911424,29395072,3516352,24404864,16252864,16240576
2026-05-13T15:59:46+01:00,server,1307016568,111363,2908250,328038339,150317,0,138579,0,32911424,29396672,3514752,24406464,16252864,16240576
2026-05-13T15:59:47+01:00,server,1307018995,111363,2908265,328040796,150317,0,138580,0,32911424,29397120,3514304,24406912,16252864,16240576
2026-05-13T15:59:48+01:00,server,1307021468,111363,2908279,328043250,150317,0,138580,0,32911424,29393152,3518272,24402880,16252864,16240576
2026-05-13T15:59:49+01:00,server,1307023917,111363,2908291,328045705,150317,0,138581,0,32911424,29394368,3517056,24404096,16252864,16240576
2026-05-13T15:59:50+01:00,server,1307026370,111363,2908295,328048167,150317,0,138581,0,32911424,29396800,3514624,24406528,16252864,16240576
2026-05-13T15:59:51+01:00,server,1307028797,111363,2908300,328050628,150317,0,138582,0,32911424,29396608,3514816,24406336,16252864,16240576
2026-05-13T15:59:52+01:00,server,1307031249,111363,2908311,328053084,150317,0,138582,0,32911424,29397760,3513664,24407488,16252864,16240576
2026-05-13T15:59:54+01:00,server,1307033700,111363,2908322,328055542,150317,0,138582,0,32911424,29399680,3511744,24409408,16252864,16240576
2026-05-13T15:59:55+01:00,server,1307036132,111363,2908337,328058012,150317,0,138582,0,32911424,29400064,3511360,24409792,16252864,16240576
2026-05-13T15:59:56+01:00,server,1307038583,111363,2908355,328060461,150317,0,138582,0,32911424,29401600,3509824,24411264,16252864,16240576
2026-05-13T15:59:57+01:00,server,1307040994,111363,2908376,328062936,150317,0,138582,0,32911424,29402304,3509120,24411968,16252864,16240576
2026-05-13T15:59:58+01:00,server,1307043424,111363,2908398,328065416,150317,0,138582,0,32911424,29400832,3510592,24410496,16252864,16240576
2026-05-13T15:59:59+01:00,server,1307045809,111363,2908412,328067902,150317,0,138584,0,32911424,29401088,3510336,24410752,16252864,16240576
2026-05-13T16:00:00+01:00,server,1307048212,111363,2908437,328070394,150317,0,138584,0,32911424,29401024,3510400,24410688,16252864,16240576
2026-05-13T16:00:01+01:00,server,1307050629,111363,2908450,328072908,150317,0,138587,0,32911424,29396864,3514560,24406400,16252864,16240576
2026-05-13T16:00:02+01:00,server,1307053028,111363,2908465,328075397,150317,0,138587,0,32911424,29388224,3523200,24394176,16252864,16240576
2026-05-13T16:00:03+01:00,server,1307055437,111363,2908477,328077903,150317,0,138589,0,32911424,29386560,3524864,24392448,16252864,16240576
2026-05-13T16:00:04+01:00,server,1307057802,111363,2908487,328080418,150317,0,138589,0,32911424,29386176,3525248,24392064,16252864,16240576
2026-05-13T16:00:05+01:00,server,1307060224,111363,2908499,328082925,150317,0,138591,0,32911424,29383488,3527936,24389312,16252864,16240576
2026-05-13T16:00:06+01:00,server,1307062581,111363,2908523,328085433,150317,0,138591,0,32911424,29382720,3528704,24388544,16252864,16240576
2026-05-13T16:00:07+01:00,server,1307064926,111363,2908546,328087945,150318,0,138592,0,32911424,29384256,3527168,24390080,16252864,16240576
2026-05-13T16:00:08+01:00,server,1307067285,111363,2908563,328090459,150318,0,138592,0,32911424,29382528,3528896,24388352,16252864,16240576
2026-05-13T16:00:09+01:00,server,1307069665,111363,2908574,328092977,150318,0,138593,0,32911424,29385408,3526016,24391296,16252864,16240576
2026-05-13T16:00:10+01:00,server,1307072033,111363,2908606,328095502,150318,0,138594,0,32911424,29383552,3527872,24389440,16252864,16240576
2026-05-13T16:00:11+01:00,server,1307074372,111363,2908637,328098004,150318,0,138594,0,32911424,29387584,3523840,24393472,16252864,16240576
2026-05-13T16:00:12+01:00,server,1307076717,111363,2908653,328100533,150318,0,138594,0,32911424,29386304,3525120,24392128,16252864,16240576
2026-05-13T16:00:13+01:00,server,1307078996,111363,2908691,328103065,150318,0,138594,0,32911424,29383360,3528064,24389184,16252864,16240576
2026-05-13T16:00:14+01:00,server,1307081293,111363,2908707,328105598,150318,0,138594,0,32911424,29384320,3527104,24390144,16252864,16240576
2026-05-13T16:00:15+01:00,server,1307083597,111363,2908721,328108134,150318,0,138595,0,32911424,29384704,3526720,24390528,16252864,16240576
2026-05-13T16:00:16+01:00,server,1307085938,111363,2908735,328110679,150318,0,138595,0,32911424,29384192,3527232,24390016,16252864,16240576
2026-05-13T16:00:17+01:00,server,1307088179,111363,2908751,328113228,150318,0,138595,0,32911424,29386496,3524928,24392320,16252864,16240576
2026-05-13T16:00:18+01:00,server,1307090631,111363,2908763,328115775,150318,0,138595,0,32911424,29384512,3526912,24390336,16252864,16240576
2026-05-13T16:00:19+01:00,server,1307092900,111363,2908786,328118324,150318,0,138596,0,32911424,29384384,3527040,24390208,16252864,16240576
2026-05-13T16:00:20+01:00,server,1307095371,111363,2908802,328120876,150318,0,138596,0,32911424,29384448,3526976,24390272,16252864,16240576
2026-05-13T16:00:21+01:00,server,1307097606,111363,2908830,328123428,150318,0,138596,0,32911424,29385152,3526272,24390976,16252864,16240576
2026-05-13T16:00:22+01:00,server,1307099983,111363,2908851,328125982,150318,0,138598,0,32911424,29386688,3524736,24392512,16252864,16240576
2026-05-13T16:00:23+01:00,server,1307102305,111363,2908874,328128541,150318,0,138598,0,32911424,29386432,3524992,24392256,16252864,16240576
2026-05-13T16:00:24+01:00,server,1307104667,111363,2908900,328131103,150318,0,138598,0,32911424,29385664,3525760,24391488,16252864,16240576
2026-05-13T16:00:25+01:00,server,1307106986,111363,2908922,328133668,150318,0,138599,0,32911424,29383104,3528320,24388928,16252864,16240576
2026-05-13T16:00:26+01:00,server,1307109316,111363,2908941,328136208,150318,0,138600,0,32911424,29382592,3528832,24388352,16252864,16240576
2026-05-13T16:00:27+01:00,server,1307111686,111363,2908953,328138779,150318,0,138601,0,32911424,29380288,3531136,24386048,16252864,16240576
2026-05-13T16:00:28+01:00,server,1307114027,111363,2908969,328141354,150318,0,138601,0,32911424,29381504,3529920,24387264,16252864,16240576
2026-05-13T16:00:29+01:00,server,1307116334,111363,2908982,328143941,150318,0,138601,0,32911424,29381184,3530240,24386944,16252864,16240576
2026-05-13T16:00:30+01:00,server,1307118663,111363,2909009,328146522,150318,0,138601,0,32911424,29379008,3532416,24384768,16252864,16240576
2026-05-13T16:00:31+01:00,server,1307121033,111363,2909027,328149102,150318,0,138601,0,32911424,29379776,3531648,24385536,16252864,16240576
2026-05-13T16:00:32+01:00,server,1307123324,111363,2909043,328151685,150318,0,138602,0,32911424,29379968,3531456,24385664,16252864,16240576
2026-05-13T16:00:34+01:00,server,1307125671,111363,2909055,328154270,150318,0,138603,0,32911424,29379200,3532224,24384896,16252864,16240576
2026-05-13T16:00:35+01:00,server,1307127994,111363,2909065,328156856,150318,0,138604,0,32911424,29379776,3531648,24385472,16252864,16240576
2026-05-13T16:00:36+01:00,server,1307130339,111363,2909085,328159444,150318,0,138605,0,32911424,29380544,3530880,24386240,16252864,16240576
2026-05-13T16:00:37+01:00,server,1307132632,111363,2909095,328162034,150318,0,138606,0,32911424,29379712,3531712,24385344,16252864,16240576
2026-05-13T16:00:38+01:00,server,1307134954,111363,2909110,328164625,150318,0,138607,0,32911424,29377024,3534400,24382656,16252864,16240576
2026-05-13T16:00:39+01:00,server,1307137193,111363,2909127,328167218,150318,0,138608,0,32911424,29379328,3532096,24384960,16252864,16240576
2026-05-13T16:00:40+01:00,server,1307139497,111363,2909152,328169815,150318,0,138609,0,32911424,29377280,3534144,24382848,16252864,16240576
2026-05-13T16:00:41+01:00,server,1307141769,111363,2909180,328172389,150318,0,138609,0,32911424,29382976,3528448,24388480,16252864,16240576
2026-05-13T16:00:42+01:00,server,1307144045,111363,2909204,328174999,150318,0,138609,0,32911424,29376192,3535232,24381696,16252864,16240576
2026-05-13T16:00:43+01:00,server,1307146353,111363,2909212,328177613,150318,0,138609,0,32911424,29376384,3535040,24381888,16252864,16240576
2026-05-13T16:00:44+01:00,server,1307148603,111363,2909228,328180224,150318,0,138609,0,32911424,29376576,3534848,24382080,16252864,16240576
2026-05-13T16:00:45+01:00,server,1307150903,111363,2909247,328182832,150318,0,138609,0,32911424,29377984,3533440,24383424,16252864,16240576
2026-05-13T16:00:46+01:00,server,1307153179,111363,2909270,328185442,150318,0,138609,0,32911424,29381248,3530176,24386688,16252864,16240576
2026-05-13T16:00:47+01:00,server,1307155443,111363,2909291,328188054,150318,0,138610,0,32911424,29382720,3528704,24387968,16252864,16240576
2026-05-13T16:00:48+01:00,server,1307157773,111363,2909314,328190668,150318,0,138610,0,32911424,29382656,3528768,24387840,16252864,16240576
2026-05-13T16:00:49+01:00,server,1307160048,111363,2909337,328193286,150318,0,138610,0,32911424,29382976,3528448,24388160,16252864,16240576
2026-05-13T16:00:50+01:00,server,1307162323,111363,2909364,328195903,150318,0,138611,0,32911424,29384384,3527040,24389568,16252864,16240576
2026-05-13T16:00:51+01:00,server,1307164631,111363,2909377,328198522,150318,0,138611,0,32911424,29386112,3525312,24391296,16252864,16240576
2026-05-13T16:00:52+01:00,server,1307166856,111363,2909407,328201143,150318,0,138611,0,32911424,29380480,3530944,24385664,16252864,16240576
2026-05-13T16:00:53+01:00,server,1307169109,111366,2909425,328203763,150318,0,138611,0,32911424,29382848,3528576,24387904,16252864,16240576
2026-05-13T16:00:54+01:00,server,1307171437,111366,2909447,328206343,150318,0,138611,0,32911424,29361088,3550336,24366144,16252864,16240576
2026-05-13T16:00:55+01:00,server,1307173873,111366,2909450,328208808,150318,0,138611,0,32911424,29361792,3549632,24366720,16252864,16240576
2026-05-13T16:00:56+01:00,server,1307176306,111366,2909462,328211246,150318,0,138612,0,32911424,29365248,3546176,24370176,16252864,16240576
2026-05-13T16:00:57+01:00,server,1307178736,111366,2909472,328213703,150318,0,138613,0,32911424,29362944,3548480,24367872,16252864,16240576
2026-05-13T16:00:58+01:00,server,1307181212,111366,2909486,328216155,150318,0,138613,0,32911424,29363392,3548032,24368320,16252864,16240576
2026-05-13T16:00:59+01:00,server,1307183664,111366,2909499,328218607,150318,0,138613,0,32911424,29366080,3545344,24371008,16252864,16240576
2026-05-13T16:01:00+01:00,server,1307186137,111366,2909514,328221058,150318,0,138613,0,32911424,29364800,3546624,24369728,16252864,16240576
2026-05-13T16:01:01+01:00,server,1307188586,111366,2909532,328223503,150318,0,138613,0,32911424,29366912,3544512,24371840,16252864,16240576
2026-05-13T16:01:02+01:00,server,1307191040,111366,2909542,328225955,150318,0,138615,0,32911424,29364992,3546432,24369472,16252864,16240576
2026-05-13T16:01:03+01:00,server,1307193487,111366,2909556,328228405,150318,0,138615,0,32911424,29365760,3545664,24369984,16252864,16240576
2026-05-13T16:01:04+01:00,server,1307195959,111366,2909572,328230858,150318,0,138615,0,32911424,29369216,3542208,24373440,16252864,16240576
2026-05-13T16:01:05+01:00,server,1307198409,111366,2909587,328233308,150318,0,138615,0,32911424,29365632,3545792,24369856,16252864,16240576
2026-05-13T16:01:06+01:00,server,1307200880,111366,2909603,328235761,150318,0,138617,0,32911424,29362624,3548800,24366848,16252864,16240576
2026-05-13T16:01:07+01:00,server,1307203310,111366,2909609,328238215,150318,0,138618,0,32911424,29366400,3545024,24370624,16252864,16240576
2026-05-13T16:01:08+01:00,server,1307205764,111366,2909615,328240674,150318,0,138619,0,32911424,29366720,3544704,24370944,16252864,16240576
2026-05-13T16:01:09+01:00,server,1307208215,111366,2909628,328243124,150318,0,138619,0,32911424,29361664,3549760,24365888,16252864,16240576
2026-05-13T16:01:10+01:00,server,1307210679,111366,2909640,328245576,150318,0,138620,0,32911424,29360896,3550528,24365120,16252864,16240576
2026-05-13T16:01:11+01:00,server,1307213133,111366,2909657,328248002,150318,0,138620,0,32911424,29358720,3552704,24362880,16252864,16240576
2026-05-13T16:01:12+01:00,server,1307215612,111366,2909669,328250453,150318,0,138620,0,32911424,29356608,3554816,24360768,16252864,16240576
2026-05-13T16:01:13+01:00,server,1307218087,111366,2909686,328252904,150318,0,138620,0,32911424,29356800,3554624,24360960,16252864,16240576
2026-05-13T16:01:15+01:00,server,1307220535,111366,2909700,328255356,150318,0,138621,0,32911424,29351616,3559808,24355648,16252864,16240576
2026-05-13T16:01:16+01:00,server,1307222984,111366,2909716,328257807,150318,0,138621,0,32911424,29352128,3559296,24356160,16252864,16240576
2026-05-13T16:01:17+01:00,server,1307225410,111366,2909731,328260259,150318,0,138622,0,32911424,29354496,3556928,24358528,16252864,16240576
2026-05-13T16:01:18+01:00,server,1307227876,111366,2909747,328262715,150318,0,138622,0,32911424,29351872,3559552,24355904,16252864,16240576
2026-05-13T16:01:19+01:00,server,1307230289,111366,2909759,328265180,150318,0,138622,0,32911424,29349760,3561664,24353792,16252864,16240576
2026-05-13T16:01:20+01:00,server,1307232709,111366,2909779,328267650,150318,0,138622,0,32911424,29353600,3557824,24357632,16252864,16240576
2026-05-13T16:01:21+01:00,server,1307235124,111366,2909785,328270133,150318,0,138622,0,32911424,29350592,3560832,24354560,16252864,16240576
2026-05-13T16:01:22+01:00,server,1307237557,111366,2909797,328272616,150318,0,138622,0,32911424,29347712,3563712,24351680,16252864,16240576
2026-05-13T16:01:23+01:00,server,1307239952,111366,2909820,328275098,150318,0,138622,0,32911424,29347136,3564288,24351104,16252864,16240576
2026-05-13T16:01:24+01:00,server,1307242392,111366,2909836,328277584,150318,0,138623,0,32911424,29346624,3564800,24350592,16252864,16240576
2026-05-13T16:01:25+01:00,server,1307244829,111366,2909848,328280079,150318,0,138624,0,32911424,29346816,3564608,24350784,16252864,16240576
2026-05-13T16:01:26+01:00,server,1307247268,111366,2909875,328282541,150318,0,138624,0,32911424,29352064,3559360,24355968,16252864,16240576
2026-05-13T16:01:27+01:00,server,1307249685,111366,2909890,328285037,150318,0,138624,0,32911424,29351680,3559744,24355584,16252864,16240576
2026-05-13T16:01:28+01:00,server,1307252124,111366,2909910,328287537,150318,0,138624,0,32911424,29352064,3559360,24355968,16252864,16240576
2026-05-13T16:01:29+01:00,server,1307254544,111366,2909921,328290042,150318,0,138624,0,32911424,29355520,3555904,24359424,16252864,16240576
2026-05-13T16:01:30+01:00,server,1307256960,111366,2909938,328292551,150318,0,138624,0,32911424,29353472,3557952,24357376,16252864,16240576
2026-05-13T16:01:31+01:00,server,1307259281,111366,2909960,328295062,150318,0,138624,0,32911424,29350016,3561408,24353920,16252864,16240576
2026-05-13T16:01:32+01:00,server,1307261647,111366,2909992,328297571,150318,0,138624,0,32911424,29353600,3557824,24357440,16252864,16240576
2026-05-13T16:01:33+01:00,server,1307264047,111366,2910008,328300083,150318,0,138624,0,32911424,29354176,3557248,24358016,16252864,16240576
2026-05-13T16:01:34+01:00,server,1307266434,111366,2910024,328302605,150318,0,138625,0,32911424,29352832,3558592,24356672,16252864,16240576
2026-05-13T16:01:35+01:00,server,1307268771,111366,2910040,328305121,150318,0,138625,0,32911424,29352832,3558592,24356672,16252864,16240576
2026-05-13T16:01:36+01:00,server,1307271178,111366,2910051,328307639,150318,0,138625,0,32911424,29351744,3559680,24355584,16252864,16240576
2026-05-13T16:01:37+01:00,server,1307273536,111366,2910070,328310160,150318,0,138625,0,32911424,29352128,3559296,24355968,16252864,16240576
2026-05-13T16:01:38+01:00,server,1307275911,111366,2910091,328312683,150318,0,138625,0,32911424,29356160,3555264,24360000,16252864,16240576
2026-05-13T16:01:39+01:00,server,1307278256,111366,2910109,328315206,150318,0,138626,0,32911424,29353856,3557568,24357696,16252864,16240576
2026-05-13T16:01:40+01:00,server,1307280549,111366,2910119,328317736,150318,0,138626,0,32911424,29354624,3556800,24358464,16252864,16240576
2026-05-13T16:01:41+01:00,server,1307282921,111366,2910141,328320239,150318,0,138627,0,32911424,29355968,3555456,24359808,16252864,16240576
2026-05-13T16:01:42+01:00,server,1307285261,111366,2910167,328322773,150318,0,138627,0,32911424,29354816,3556608,24358656,16252864,16240576
2026-05-13T16:01:43+01:00,server,1307287614,111366,2910183,328325309,150318,0,138629,0,32911424,29356672,3554752,24360512,16252864,16240576
2026-05-13T16:01:44+01:00,server,1307290032,111366,2910197,328327849,150318,0,138629,0,32911424,29354880,3556544,24358720,16252864,16240576
2026-05-13T16:01:45+01:00,server,1307292437,111366,2910217,328330392,150318,0,138629,0,32911424,29355072,3556352,24358912,16252864,16240576
2026-05-13T16:01:46+01:00,server,1307294845,111366,2910229,328332945,150318,0,138629,0,32911424,29353344,3558080,24357184,16252864,16240576
2026-05-13T16:01:47+01:00,server,1307297027,111366,2910248,328335497,150318,0,138630,0,32911424,29353984,3557440,24357824,16252864,16240576
2026-05-13T16:01:48+01:00,server,1307299295,111366,2910275,328338046,150318,0,138630,0,32911424,29354048,3557376,24357824,16252864,16240576
2026-05-13T16:01:49+01:00,server,1307301694,111366,2910290,328340597,150318,0,138630,0,32911424,29351936,3559488,24355712,16252864,16240576
2026-05-13T16:01:50+01:00,server,1307303985,111366,2910306,328343151,150318,0,138630,0,32911424,29355392,3556032,24359168,16252864,16240576
2026-05-13T16:01:51+01:00,server,1307306340,111366,2910320,328345707,150318,0,138630,0,32911424,29355392,3556032,24359168,16252864,16240576
2026-05-13T16:01:52+01:00,server,1307308615,111366,2910343,328348266,150318,0,138631,0,32911424,29353920,3557504,24357696,16252864,16240576
2026-05-13T16:01:53+01:00,server,1307310970,111366,2910353,328350827,150318,0,138631,0,32911424,29354688,3556736,24358464,16252864,16240576
2026-05-13T16:01:54+01:00,server,1307313295,111366,2910368,328353391,150318,0,138631,0,32911424,29356032,3555392,24359808,16252864,16240576
2026-05-13T16:01:56+01:00,server,1307315571,111366,2910388,328355931,150318,0,138631,0,32911424,29357248,3554176,24360960,16252864,16240576
2026-05-13T16:01:57+01:00,server,1307317934,111366,2910401,328358498,150318,0,138632,0,32911424,29357120,3554304,24360832,16252864,16240576
2026-05-13T16:01:58+01:00,server,1307320277,111366,2910412,328361069,150318,0,138632,0,32911424,29356160,3555264,24359872,16252864,16240576
2026-05-13T16:01:59+01:00,server,1307322612,111366,2910428,328363645,150318,0,138632,0,32911424,29354624,3556800,24358336,16252864,16240576
2026-05-13T16:02:00+01:00,server,1307324879,111366,2910437,328366230,150318,0,138633,0,32911424,29355200,3556224,24358912,16252864,16240576
2026-05-13T16:02:01+01:00,server,1307327205,111366,2910455,328368809,150318,0,138633,0,32911424,29352896,3558528,24356608,16252864,16240576
2026-05-13T16:02:02+01:00,server,1307329503,111366,2910465,328371388,150318,0,138635,0,32911424,29352512,3558912,24356224,16252864,16240576
2026-05-13T16:02:03+01:00,server,1307331735,111366,2910484,328373970,150318,0,138635,0,32911424,29352128,3559296,24355840,16252864,16240576
2026-05-13T16:02:04+01:00,server,1307334008,111366,2910496,328376554,150318,0,138635,0,32911424,29354176,3557248,24357888,16252864,16240576
2026-05-13T16:02:05+01:00,server,1307336345,111366,2910508,328379139,150318,0,138635,0,32911424,29353792,3557632,24357504,16252864,16240576
2026-05-13T16:02:06+01:00,server,1307338661,111366,2910522,328381729,150318,0,138635,0,32911424,29354240,3557184,24357952,16252864,16240576
2026-05-13T16:02:07+01:00,server,1307340958,111366,2910537,328384319,150318,0,138635,0,32911424,29351552,3559872,24355264,16252864,16240576
2026-05-13T16:02:08+01:00,server,1307343256,111366,2910553,328386915,150318,0,138635,0,32911424,29354240,3557184,24357888,16252864,16240576
2026-05-13T16:02:09+01:00,server,1307345550,111366,2910571,328389510,150318,0,138635,0,32911424,29353728,3557696,24357376,16252864,16240576
2026-05-13T16:02:10+01:00,server,1307347814,111366,2910583,328392107,150318,0,138635,0,32911424,29353344,3558080,24356992,16252864,16240576
2026-05-13T16:02:11+01:00,server,1307350180,111366,2910612,328394671,150318,0,138637,0,32911424,29356416,3555008,24358080,16252864,16240576
2026-05-13T16:02:12+01:00,server,1307352526,111366,2910618,328397278,150318,0,138637,0,32911424,29358976,3552448,24360576,16252864,16240576
2026-05-13T16:02:13+01:00,server,1307354793,111366,2910633,328399887,150318,0,138637,0,32911424,29360576,3550848,24362176,16252864,16240576
2026-05-13T16:02:14+01:00,server,1307357054,111366,2910647,328402493,150318,0,138637,0,32911424,29359168,3552256,24360768,16252864,16240576
2026-05-13T16:02:15+01:00,server,1307359341,111366,2910662,328405102,150318,0,138637,0,32911424,29360384,3551040,24361984,16252864,16240576
2026-05-13T16:02:16+01:00,server,1307361625,111366,2910674,328407713,150319,0,138637,0,32911424,29360768,3550656,24362368,16252864,16240576
2026-05-13T16:02:17+01:00,server,1307363903,111366,2910714,328410323,150319,0,138638,0,32911424,29358912,3552512,24360448,16252864,16240576
2026-05-13T16:02:18+01:00,server,1307366143,111366,2910727,328412937,150319,0,138640,0,32911424,29360448,3550976,24361984,16252864,16240576
2026-05-13T16:02:19+01:00,server,1307368493,111366,2910744,328415522,150319,0,138641,0,32911424,29344000,3567424,24345536,16252864,16240576
2026-05-13T16:02:20+01:00,server,1307370932,111366,2910754,328417977,150319,0,138641,0,32911424,29344192,3567232,24345728,16252864,16240576
2026-05-13T16:02:21+01:00,server,1307373408,111366,2910765,328420436,150319,0,138641,0,32911424,29343424,3568000,24344960,16252864,16240576
2026-05-13T16:02:22+01:00,server,1307375835,111366,2910777,328422890,150319,0,138641,0,32911424,29342528,3568896,24344064,16252864,16240576
2026-05-13T16:02:23+01:00,server,1307378311,111366,2910788,328425343,150319,0,138643,0,32911424,29340608,3570816,24342144,16252864,16240576
2026-05-13T16:02:24+01:00,server,1307380738,111366,2910810,328427798,150319,0,138644,0,32911424,29335872,3575552,24337408,16252864,16240576
2026-05-13T16:02:25+01:00,server,1307383167,111366,2910814,328430262,150319,0,138644,0,32911424,29340416,3571008,24341952,16252864,16240576
2026-05-13T16:02:26+01:00,server,1307385646,111366,2910833,328432698,150319,0,138645,0,32911424,29337472,3573952,24339008,16252864,16240576
2026-05-13T16:02:27+01:00,server,1307388116,111366,2910850,328435152,150319,0,138645,0,32911424,29334016,3577408,24335552,16252864,16240576
2026-05-13T16:02:28+01:00,server,1307390568,111366,2910860,328437604,150319,0,138645,0,32911424,29337088,3574336,24338624,16252864,16240576
2026-05-13T16:02:29+01:00,server,1307393033,111366,2910878,328440058,150319,0,138645,0,32911424,29330176,3581248,24331712,16252864,16240576
2026-05-13T16:02:30+01:00,server,1307395549,111366,2910909,328442422,150319,0,138645,0,32911424,29327296,3584128,24328832,16252864,16240576
2026-05-13T16:02:31+01:00,server,1307398121,111366,2910930,328444773,150319,0,138645,0,32911424,29325632,3585792,24327168,16252864,16240576
2026-05-13T16:02:32+01:00,server,1307400606,111366,2910945,328447216,150319,0,138647,0,32911424,29328320,3583104,24329728,16252864,16240576
2026-05-13T16:02:33+01:00,server,1307403057,111366,2910959,328449671,150319,0,138647,0,32911424,29330624,3580800,24332032,16252864,16240576
2026-05-13T16:02:34+01:00,server,1307405532,111366,2910972,328452125,150319,0,138647,0,32911424,29330432,3580992,24331840,16252864,16240576
2026-05-13T16:02:36+01:00,server,1307407936,111366,2910983,328454581,150319,0,138648,0,32911424,29331776,3579648,24333184,16252864,16240576
2026-05-13T16:02:37+01:00,server,1307410410,111366,2910996,328457035,150319,0,138648,0,32911424,29327936,3583488,24329344,16252864,16240576
2026-05-13T16:02:38+01:00,server,1307412858,111366,2911006,328459491,150319,0,138648,0,32911424,29328512,3582912,24329920,16252864,16240576
2026-05-13T16:02:39+01:00,server,1307415308,111366,2911015,328461949,150319,0,138648,0,32911424,29331200,3580224,24332608,16252864,16240576
2026-05-13T16:02:40+01:00,server,1307417738,111366,2911028,328464400,150319,0,138649,0,32911424,29330432,3580992,24331840,16252864,16240576
2026-05-13T16:02:41+01:00,server,1307420219,111366,2911053,328466824,150319,0,138650,0,32911424,29335040,3576384,24336448,16252864,16240576
2026-05-13T16:02:42+01:00,server,1307422693,111366,2911065,328469277,150319,0,138651,0,32911424,29335040,3576384,24336448,16252864,16240576
2026-05-13T16:02:43+01:00,server,1307425144,111366,2911073,328471730,150319,0,138653,0,32911424,29335680,3575744,24337088,16252864,16240576
2026-05-13T16:02:44+01:00,server,1307427621,111366,2911084,328474185,150319,0,138653,0,32911424,29334528,3576896,24335936,16252864,16240576
2026-05-13T16:02:45+01:00,server,1307430040,111366,2911106,328476649,150319,0,138653,0,32911424,29335936,3575488,24337280,16252864,16240576
2026-05-13T16:02:46+01:00,server,1307432489,111366,2911121,328479116,150319,0,138655,0,32911424,29334592,3576832,24335936,16252864,16240576
2026-05-13T16:02:47+01:00,server,1307434878,111366,2911148,328481585,150319,0,138655,0,32911424,29334976,3576448,24336320,16252864,16240576
2026-05-13T16:02:48+01:00,server,1307437312,111366,2911165,328484060,150319,0,138656,0,32911424,29336512,3574912,24337856,16252864,16240576
2026-05-13T16:02:49+01:00,server,1307439710,111366,2911184,328486537,150319,0,138656,0,32911424,29337472,3573952,24338816,16252864,16240576
2026-05-13T16:02:50+01:00,server,1307442159,111366,2911209,328489023,150319,0,138656,0,32911424,29331904,3579520,24333248,16252864,16240576
2026-05-13T16:02:51+01:00,server,1307444550,111366,2911222,328491518,150319,0,138656,0,32911424,29335168,3576256,24336512,16252864,16240576
2026-05-13T16:02:52+01:00,server,1307446953,111366,2911237,328494012,150319,0,138656,0,32911424,29334208,3577216,24335552,16252864,16240576
2026-05-13T16:02:53+01:00,server,1307449372,111366,2911253,328496504,150319,0,138656,0,32911424,29333824,3577600,24335168,16252864,16240576
2026-05-13T16:02:54+01:00,server,1307451772,111366,2911275,328499000,150319,0,138657,0,32911424,29332416,3579008,24333760,16252864,16240576
2026-05-13T16:02:55+01:00,server,1307454191,111366,2911289,328501500,150319,0,138657,0,32911424,29335488,3575936,24336832,16252864,16240576
2026-05-13T16:02:56+01:00,server,1307456603,111366,2911315,328503974,150319,0,138657,0,32911424,29336704,3574720,24337984,16252864,16240576
2026-05-13T16:02:57+01:00,server,1307459047,111366,2911327,328506480,150319,0,138657,0,32911424,29335936,3575488,24337216,16252864,16240576
2026-05-13T16:02:58+01:00,server,1307461474,111366,2911341,328508988,150319,0,138657,0,32911424,29339200,3572224,24340480,16252864,16240576
2026-05-13T16:02:59+01:00,server,1307463902,111366,2911354,328511500,150319,0,138657,0,32911424,29335360,3576064,24336640,16252864,16240576
2026-05-13T16:03:00+01:00,server,1307466264,111366,2911373,328514013,150319,0,138657,0,32911424,29340992,3570432,24342272,16252864,16240576
2026-05-13T16:03:01+01:00,server,1307468663,111366,2911383,328516531,150319,0,138657,0,32911424,29337344,3574080,24338624,16252864,16240576
2026-05-13T16:03:02+01:00,server,1307471034,111366,2911400,328519053,150319,0,138657,0,32911424,29333440,3577984,24334720,16252864,16240576
2026-05-13T16:03:03+01:00,server,1307473420,111366,2911409,328521580,150319,0,138657,0,32911424,29332096,3579328,24333376,16252864,16240576
2026-05-13T16:03:04+01:00,server,1307475743,111366,2911414,328524117,150319,0,138657,0,32911424,29337664,3573760,24338880,16252864,16240576
2026-05-13T16:03:05+01:00,server,1307478116,111366,2911429,328526646,150319,0,138658,0,32911424,29334976,3576448,24336192,16252864,16240576
2026-05-13T16:03:06+01:00,server,1307480477,111366,2911451,328529178,150319,0,138658,0,32911424,29335872,3575552,24337088,16252864,16240576
2026-05-13T16:03:07+01:00,server,1307482894,111366,2911461,328531717,150319,0,138658,0,32911424,29333312,3578112,24334528,16252864,16240576
2026-05-13T16:03:08+01:00,server,1307485235,111366,2911481,328534261,150319,0,138659,0,32911424,29335808,3575616,24337024,16252864,16240576
2026-05-13T16:03:09+01:00,server,1307487630,111366,2911497,328536805,150319,0,138660,0,32911424,29338816,3572608,24339968,16252864,16240576
2026-05-13T16:03:10+01:00,server,1307489907,111366,2911513,328539353,150319,0,138661,0,32911424,29332608,3578816,24333760,16252864,16240576
2026-05-13T16:03:11+01:00,server,1307492273,111366,2911535,328541878,150319,0,138662,0,32911424,29332480,3578944,24333568,16252864,16240576
2026-05-13T16:03:12+01:00,server,1307494545,111366,2911558,328544435,150319,0,138662,0,32911424,29329216,3582208,24330304,16252864,16240576
2026-05-13T16:03:13+01:00,server,1307496834,111366,2911571,328546988,150319,0,138662,0,32911424,29328832,3582592,24329920,16252864,16240576
2026-05-13T16:03:14+01:00,server,1307499154,111366,2911586,328549544,150319,0,138662,0,32911424,29328448,3582976,24329536,16252864,16240576
2026-05-13T16:03:15+01:00,server,1307501452,111366,2911606,328552103,150319,0,138662,0,32911424,29327296,3584128,24328384,16252864,16240576
2026-05-13T16:03:17+01:00,server,1307503763,111366,2911619,328554669,150319,0,138662,0,32911424,29328320,3583104,24329280,16252864,16240576
2026-05-13T16:03:18+01:00,server,1307506124,111366,2911626,328557243,150319,0,138665,0,32911424,29328832,3582592,24329792,16252864,16240576
2026-05-13T16:03:19+01:00,server,1307508441,111366,2911637,328559814,150319,0,138665,0,32911424,29329152,3582272,24329984,16252864,16240576
2026-05-13T16:03:20+01:00,server,1307510756,111366,2911681,328562395,150319,0,138665,0,32911424,29327808,3583616,24328640,16252864,16240576
2026-05-13T16:03:21+01:00,server,1307513061,111366,2911693,328564978,150319,0,138666,0,32911424,29328000,3583424,24328832,16252864,16240576
2026-05-13T16:03:22+01:00,server,1307515314,111366,2911721,328567560,150319,0,138667,0,32911424,29326464,3584960,24327296,16252864,16240576
2026-05-13T16:03:23+01:00,server,1307517645,111366,2911741,328570145,150319,0,138668,0,32911424,29326464,3584960,24327296,16252864,16240576
2026-05-13T16:03:24+01:00,server,1307519912,111366,2911754,328572733,150319,0,138668,0,32911424,29327808,3583616,24328640,16252864,16240576
2026-05-13T16:03:25+01:00,server,1307522233,111366,2911769,328575322,150319,0,138669,0,32911424,29324864,3586560,24325696,16252864,16240576
2026-05-13T16:03:26+01:00,server,1307524463,111366,2911800,328577880,150319,0,138671,0,32911424,29326336,3585088,24327168,16252864,16240576
2026-05-13T16:03:27+01:00,server,1307526753,111366,2911817,328580472,150319,0,138671,0,32911424,29323200,3588224,24324096,16252864,16240576
2026-05-13T16:03:28+01:00,server,1307528976,111366,2911843,328583065,150319,0,138672,0,32911424,29326080,3585344,24326976,16252864,16240576
2026-05-13T16:03:29+01:00,server,1307531267,111366,2911855,328585663,150319,0,138673,0,32911424,29322624,3588800,24323520,16252864,16240576
2026-05-13T16:03:30+01:00,server,1307533572,111366,2911859,328588277,150319,0,138673,0,32911424,29320896,3590528,24321792,16252864,16240576
2026-05-13T16:03:31+01:00,server,1307535887,111366,2911874,328590887,150319,0,138673,0,32911424,29323008,3588416,24323904,16252864,16240576
2026-05-13T16:03:32+01:00,server,1307538128,111366,2911891,328593497,150319,0,138673,0,32911424,29321088,3590336,24321984,16252864,16240576
2026-05-13T16:03:33+01:00,server,1307540444,111366,2911907,328596110,150319,0,138673,0,32911424,29320576,3590848,24321408,16252864,16240576
2026-05-13T16:03:34+01:00,server,1307542748,111366,2911923,328598721,150319,0,138673,0,32911424,29320768,3590656,24321600,16252864,16240576
2026-05-13T16:03:35+01:00,server,1307544991,111366,2911949,328601332,150319,0,138673,0,32911424,29320832,3590592,24321664,16252864,16240576
2026-05-13T16:03:36+01:00,server,1307547320,111366,2911961,328603955,150319,0,138673,0,32911424,29324992,3586432,24325824,16252864,16240576
2026-05-13T16:03:37+01:00,server,1307549642,111366,2911973,328606573,150319,0,138673,0,32911424,29322752,3588672,24323584,16252864,16240576
2026-05-13T16:03:38+01:00,server,1307551894,111366,2912000,328609194,150319,0,138673,0,32911424,29325760,3585664,24326592,16252864,16240576
2026-05-13T16:03:39+01:00,server,1307554134,111366,2912012,328611816,150319,0,138673,0,32911424,29322688,3588736,24323520,16252864,16240576
2026-05-13T16:03:40+01:00,server,1307556397,111366,2912027,328614439,150319,0,138673,0,32911424,29325184,3586240,24326016,16252864,16240576
2026-05-13T16:03:41+01:00,server,1307558682,111366,2912053,328617038,150319,0,138673,0,32911424,29327104,3584320,24327936,16252864,16240576
2026-05-13T16:03:42+01:00,server,1307561030,111366,2912060,328619662,150319,0,138674,0,32911424,29319552,3591872,24320384,16252864,16240576
2026-05-13T16:03:43+01:00,server,1307563225,111366,2912074,328622298,150319,0,138674,0,32911424,29306304,3605120,24307136,16252864,16240576
2026-05-13T16:03:44+01:00,server,1307565678,111366,2912086,328624757,150319,0,138674,0,32911424,29301696,3609728,24302528,16252864,16240576
2026-05-13T16:03:45+01:00,server,1307568133,111366,2912095,328627211,150319,0,138675,0,32911424,29306752,3604672,24307520,16252864,16240576
2026-05-13T16:03:46+01:00,server,1307570565,111366,2912102,328629670,150319,0,138675,0,32911424,29309504,3601920,24310272,16252864,16240576
2026-05-13T16:03:47+01:00,server,1307573014,111366,2912115,328632129,150319,0,138675,0,32911424,29311168,3600256,24311936,16252864,16240576
2026-05-13T16:03:48+01:00,server,1307575442,111366,2912125,328634589,150319,0,138675,0,32911424,29312512,3598912,24313280,16252864,16240576
2026-05-13T16:03:49+01:00,server,1307577881,111366,2912134,328637049,150319,0,138675,0,32911424,29311360,3600064,24312128,16252864,16240576
2026-05-13T16:03:50+01:00,server,1307580343,111366,2912145,328639508,150319,0,138675,0,32911424,29310592,3600832,24311360,16252864,16240576
2026-05-13T16:03:51+01:00,server,1307582762,111366,2912160,328641969,150319,0,138675,0,32911424,29310976,3600448,24311744,16252864,16240576
2026-05-13T16:03:52+01:00,server,1307585209,111366,2912171,328644425,150319,0,138677,0,32911424,29313536,3597888,24313472,16252864,16240576
2026-05-13T16:03:53+01:00,server,1307587661,111366,2912182,328646880,150319,0,138677,0,32911424,29317888,3593536,24317824,16252864,16240576
2026-05-13T16:03:54+01:00,server,1307590135,111366,2912192,328649340,150319,0,138677,0,32911424,29317248,3594176,24317184,16252864,16240576
2026-05-13T16:03:55+01:00,server,1307592612,111366,2912202,328651786,150319,0,138677,0,32911424,29316864,3594560,24316800,16252864,16240576
2026-05-13T16:03:56+01:00,server,1307595043,111366,2912214,328654241,150319,0,138678,0,32911424,29316544,3594880,24316480,16252864,16240576
2026-05-13T16:03:58+01:00,server,1307597494,111366,2912228,328656703,150319,0,138678,0,32911424,29317248,3594176,24317184,16252864,16240576
2026-05-13T16:03:59+01:00,server,1307599967,111366,2912240,328659160,150319,0,138679,0,32911424,29317248,3594176,24317184,16252864,16240576
2026-05-13T16:04:00+01:00,server,1307602393,111366,2912254,328661615,150319,0,138680,0,32911424,29317248,3594176,24317184,16252864,16240576
2026-05-13T16:04:01+01:00,server,1307604840,111366,2912270,328664071,150319,0,138680,0,32911424,29317888,3593536,24317760,16252864,16240576
2026-05-13T16:04:02+01:00,server,1307607292,111366,2912280,328666527,150319,0,138680,0,32911424,29318656,3592768,24318528,16252864,16240576
2026-05-13T16:04:03+01:00,server,1307609742,111366,2912293,328668982,150319,0,138680,0,32911424,29320576,3590848,24320448,16252864,16240576
2026-05-13T16:04:04+01:00,server,1307612190,111366,2912308,328671439,150319,0,138681,0,32911424,29320000,3591424,24319872,16252864,16240576
2026-05-13T16:04:05+01:00,server,1307614641,111366,2912315,328673895,150319,0,138684,0,32911424,29318656,3592768,24318528,16252864,16240576
2026-05-13T16:04:06+01:00,server,1307617102,111366,2912340,328676354,150319,0,138685,0,32911424,29311360,3600064,24311232,16252864,16240576
2026-05-13T16:04:07+01:00,server,1307619497,111366,2912359,328678824,150319,0,138685,0,32911424,29312512,3598912,24312384,16252864,16240576
2026-05-13T16:04:08+01:00,server,1307621945,111366,2912370,328681302,150319,0,138685,0,32911424,29312896,3598528,24312768,16252864,16240576
2026-05-13T16:04:09+01:00,server,1307624373,111366,2912386,328683785,150319,0,138685,0,32911424,29310400,3601024,24310272,16252864,16240576
2026-05-13T16:04:10+01:00,server,1307626806,111366,2912394,328686268,150319,0,138687,0,32911424,29313344,3598080,24313216,16252864,16240576
2026-05-13T16:04:11+01:00,server,1307629254,111366,2912431,328688725,150319,0,138687,0,32911424,29310464,3600960,24310336,16252864,16240576
2026-05-13T16:04:12+01:00,server,1307631658,111366,2912442,328691215,150319,0,138687,0,32911424,29312384,3599040,24312256,16252864,16240576
2026-05-13T16:04:13+01:00,server,1307634085,111366,2912456,328693711,150319,0,138687,0,32911424,29312320,3599104,24312192,16252864,16240576
2026-05-13T16:04:14+01:00,server,1307636513,111366,2912472,328696205,150319,0,138688,0,32911424,29311360,3600064,24311232,16252864,16240576
2026-05-13T16:04:15+01:00,server,1307638885,111366,2912505,328698704,150319,0,138689,0,32911424,29311808,3599616,24311680,16252864,16240576
2026-05-13T16:04:16+01:00,server,1307641271,111366,2912531,328701203,150319,0,138690,0,32911424,29309696,3601728,24309568,16252864,16240576
2026-05-13T16:04:17+01:00,server,1307643640,111366,2912546,328703704,150319,0,138691,0,32911424,29309888,3601536,24309760,16252864,16240576
2026-05-13T16:04:18+01:00,server,1307646076,111366,2912567,328706210,150319,0,138692,0,32911424,29311296,3600128,24311168,16252864,16240576
2026-05-13T16:04:19+01:00,server,1307648465,111366,2912590,328708718,150319,0,138692,0,32911424,29309760,3601664,24309632,16252864,16240576
2026-05-13T16:04:20+01:00,server,1307650836,111366,2912604,328711230,150319,0,138693,0,32911424,29310912,3600512,24310784,16252864,16240576
2026-05-13T16:04:21+01:00,server,1307653218,111366,2912612,328713751,150319,0,138693,0,32911424,29309696,3601728,24309568,16252864,16240576
2026-05-13T16:04:22+01:00,server,1307655578,111366,2912625,328716270,150319,0,138693,0,32911424,29308544,3602880,24308416,16252864,16240576
2026-05-13T16:04:23+01:00,server,1307657982,111366,2912651,328718790,150319,0,138693,0,32911424,29307200,3604224,24307136,16252864,16240576
2026-05-13T16:04:24+01:00,server,1307660301,111366,2912672,328721313,150319,0,138693,0,32911424,29308224,3603200,24308096,16252864,16240576
2026-05-13T16:04:25+01:00,server,1307662694,111366,2912697,328723841,150319,0,138694,0,32911424,29310272,3601152,24310080,16252864,16240576
2026-05-13T16:04:26+01:00,server,1307665100,111366,2912718,328726346,150319,0,138694,0,32911424,29304064,3607360,24303872,16252864,16240576
2026-05-13T16:04:27+01:00,server,1307667425,111366,2912732,328728877,150319,0,138694,0,32911424,29302208,3609216,24302016,16252864,16240576
2026-05-13T16:04:28+01:00,server,1307669804,111366,2912757,328731411,150319,0,138694,0,32911424,29300032,3611392,24299840,16252864,16240576
2026-05-13T16:04:29+01:00,server,1307672257,111366,2912775,328733950,150319,0,138694,0,32911424,29302528,3608896,24302336,16252864,16240576
2026-05-13T16:04:30+01:00,server,1307674544,111366,2912799,328736490,150319,0,138696,0,32911424,29299584,3611840,24299392,16252864,16240576
2026-05-13T16:04:31+01:00,server,1307676776,111366,2912832,328739040,150319,0,138696,0,32911424,29301120,3610304,24300928,16252864,16240576
2026-05-13T16:04:32+01:00,server,1307679091,111366,2912861,328741593,150319,0,138696,0,32911424,29293248,3618176,24293056,16252864,16240576
2026-05-13T16:04:33+01:00,server,1307681504,111366,2912868,328744151,150319,0,138696,0,32911424,29295808,3615616,24295616,16252864,16240576
2026-05-13T16:04:34+01:00,server,1307683857,111366,2912877,328746714,150319,0,138696,0,32911424,29297728,3613696,24297536,16252864,16240576
2026-05-13T16:04:35+01:00,server,1307686092,111366,2912904,328749274,150319,0,138696,0,32911424,29296128,3615296,24295936,16252864,16240576
2026-05-13T16:04:36+01:00,server,1307688453,111366,2912915,328751832,150319,0,138698,0,32911424,29295744,3615680,24295552,16252864,16240576
2026-05-13T16:04:38+01:00,server,1307690801,111366,2912929,328754388,150319,0,138698,0,32911424,29293824,3617600,24293632,16252864,16240576
2026-05-13T16:04:39+01:00,server,1307693127,111366,2912944,328756945,150319,0,138698,0,32911424,29294976,3616448,24294784,16252864,16240576
2026-05-13T16:04:40+01:00,server,1307695440,111366,2912958,328759512,150319,0,138699,0,32911424,29291904,3619520,24291712,16252864,16240576
2026-05-13T16:04:41+01:00,server,1307697722,111366,2912980,328762054,150319,0,138700,0,32911424,29292672,3618752,24292480,16252864,16240576
2026-05-13T16:04:42+01:00,server,1307700034,111366,2913004,328764627,150319,0,138701,0,32911424,29293056,3618368,24292864,16252864,16240576
2026-05-13T16:04:43+01:00,server,1307702421,111366,2913021,328767195,150319,0,138701,0,32911424,29293824,3617600,24293632,16252864,16240576
2026-05-13T16:04:44+01:00,server,1307704719,111366,2913039,328769764,150319,0,138701,0,32911424,29291072,3620352,24290816,16252864,16240576
2026-05-13T16:04:45+01:00,server,1307707051,111366,2913055,328772335,150319,0,138701,0,32911424,29290304,3621120,24290048,16252864,16240576
2026-05-13T16:04:46+01:00,server,1307709378,111366,2913074,328774909,150319,0,138701,0,32911424,29289920,3621504,24289664,16252864,16240576
2026-05-13T16:04:47+01:00,server,1307711699,111366,2913083,328777492,150319,0,138701,0,32911424,29286272,3625152,24286016,16252864,16240576
2026-05-13T16:04:48+01:00,server,1307714047,111366,2913107,328780075,150319,0,138701,0,32911424,29290688,3620736,24290432,16252864,16240576
2026-05-13T16:04:49+01:00,server,1307716369,111366,2913131,328782656,150319,0,138701,0,32911424,29291648,3619776,24291392,16252864,16240576
2026-05-13T16:04:50+01:00,server,1307718643,111366,2913147,328785238,150319,0,138702,0,32911424,29291072,3620352,24290816,16252864,16240576
2026-05-13T16:04:51+01:00,server,1307720905,111366,2913160,328787822,150319,0,138703,0,32911424,29292928,3618496,24292672,16252864,16240576
2026-05-13T16:04:52+01:00,server,1307723235,111366,2913184,328790409,150319,0,138703,0,32911424,29291456,3619968,24291200,16252864,16240576
2026-05-13T16:04:53+01:00,server,1307725541,111366,2913197,328792997,150319,0,138703,0,32911424,29292416,3619008,24292160,16252864,16240576
2026-05-13T16:04:54+01:00,server,1307727849,111366,2913210,328795588,150319,0,138703,0,32911424,29293184,3618240,24292928,16252864,16240576
2026-05-13T16:04:55+01:00,server,1307730122,111366,2913233,328798181,150319,0,138703,0,32911424,29291840,3619584,24291584,16252864,16240576
2026-05-13T16:04:56+01:00,server,1307732485,111366,2913265,328800756,150319,0,138705,0,32911424,29293120,3618304,24292864,16252864,16240576
2026-05-13T16:04:57+01:00,server,1307734811,111366,2913281,328803354,150320,0,138705,0,32911424,29294208,3617216,24293952,16252864,16240576
2026-05-13T16:04:58+01:00,server,1307737069,111366,2913302,328805957,150320,0,138705,0,32911424,29285120,3626304,24284800,16252864,16240576
2026-05-13T16:04:59+01:00,server,1307739432,111366,2913318,328808565,150320,0,138705,0,32911424,29291456,3619968,24291136,16252864,16240576
2026-05-13T16:05:00+01:00,server,1307741754,111366,2913331,328811181,150320,0,138706,0,32911424,29291264,3620160,24290944,16252864,16240576
2026-05-13T16:05:01+01:00,server,1307743990,111366,2913352,328813795,150320,0,138706,0,32911424,29289728,3621696,24289408,16252864,16240576
2026-05-13T16:05:02+01:00,server,1307746256,111366,2913372,328816403,150320,0,138708,0,32911424,29283456,3627968,24282944,16252864,16240576
2026-05-13T16:05:03+01:00,server,1307748547,111366,2913394,328819013,150320,0,138708,0,32911424,29285184,3626240,24284672,16252864,16240576
2026-05-13T16:05:04+01:00,server,1307750714,111366,2913411,328821629,150320,0,138708,0,32911424,29284800,3626624,24284288,16252864,16240576
2026-05-13T16:05:05+01:00,server,1307752942,111366,2913424,328824255,150320,0,138708,0,32911424,29282880,3628544,24282368,16252864,16240576
2026-05-13T16:05:06+01:00,server,1307755156,111366,2913445,328826890,150320,0,138708,0,32911424,29283968,3627456,24283456,16252864,16240576
2026-05-13T16:05:07+01:00,server,1307757317,111366,2913462,328829515,150320,0,138708,0,32911424,29281984,3629440,24281472,16252864,16240576
2026-05-13T16:05:08+01:00,server,1307759623,111366,2913480,328832140,150320,0,138709,0,32911424,29285440,3625984,24284928,16252864,16240576
2026-05-13T16:05:09+01:00,server,1307761902,111366,2913495,328834769,150320,0,138710,0,32911424,29285312,3626112,24284800,16252864,16240576
2026-05-13T16:05:10+01:00,server,1307764182,111366,2913510,328837401,150320,0,138710,0,32911424,29282048,3629376,24281472,16252864,16240576
2026-05-13T16:05:11+01:00,server,1307766445,111366,2913534,328840011,150320,0,138710,0,32911424,29278656,3632768,24278080,16252864,16240576
2026-05-13T16:05:12+01:00,server,1307768784,111366,2913543,328842588,150320,0,138710,0,32911424,29263360,3648064,24262784,16252864,16240576
2026-05-13T16:05:13+01:00,server,1307771211,111366,2913548,328845058,150320,0,138710,0,32911424,29264704,3646720,24264128,16252864,16240576
2026-05-13T16:05:14+01:00,server,1307773652,111366,2913560,328847525,150320,0,138710,0,32911424,29263360,3648064,24262784,16252864,16240576
2026-05-13T16:05:15+01:00,server,1307776089,111366,2913570,328849994,150320,0,138711,0,32911424,29263040,3648384,24262464,16252864,16240576
2026-05-13T16:05:16+01:00,server,1307778525,111366,2913580,328852456,150320,0,138711,0,32911424,29263040,3648384,24262464,16252864,16240576
2026-05-13T16:05:18+01:00,server,1307780987,111366,2913588,328854925,150320,0,138711,0,32911424,29264640,3646784,24264000,16252864,16240576
2026-05-13T16:05:19+01:00,server,1307783423,111366,2913601,328857389,150320,0,138712,0,32911424,29264832,3646592,24264192,16252864,16240576
2026-05-13T16:05:20+01:00,server,1307785880,111366,2913616,328859853,150320,0,138712,0,32911424,29266688,3644736,24266048,16252864,16240576
2026-05-13T16:05:21+01:00,server,1307788303,111366,2913632,328862308,150320,0,138712,0,32911424,29266048,3645376,24265408,16252864,16240576
2026-05-13T16:05:22+01:00,server,1307790778,111366,2913642,328864763,150320,0,138713,0,32911424,29263552,3647872,24262912,16252864,16240576
2026-05-13T16:05:23+01:00,server,1307793252,111366,2913656,328867219,150320,0,138713,0,32911424,29259136,3652288,24258496,16252864,16240576
2026-05-13T16:05:24+01:00,server,1307795700,111366,2913662,328869677,150320,0,138716,0,32911424,29265664,3645760,24265024,16252864,16240576
2026-05-13T16:05:25+01:00,server,1307798172,111366,2913669,328872140,150320,0,138716,0,32911424,29265152,3646272,24264512,16252864,16240576
2026-05-13T16:05:26+01:00,server,1307800628,111366,2913684,328874563,150320,0,138717,0,32911424,29265152,3646272,24264512,16252864,16240576
2026-05-13T16:05:27+01:00,server,1307803100,111366,2913702,328877016,150320,0,138717,0,32911424,29267968,3643456,24267328,16252864,16240576
2026-05-13T16:05:28+01:00,server,1307805523,111366,2913721,328879470,150320,0,138717,0,32911424,29266688,3644736,24265984,16252864,16240576
2026-05-13T16:05:29+01:00,server,1307807996,111366,2913736,328881923,150320,0,138717,0,32911424,29267456,3643968,24266752,16252864,16240576
2026-05-13T16:05:30+01:00,server,1307810399,111366,2913751,328884375,150320,0,138717,0,32911424,29268800,3642624,24268096,16252864,16240576
2026-05-13T16:05:31+01:00,server,1307812872,111366,2913763,328886828,150320,0,138717,0,32911424,29267648,3643776,24266944,16252864,16240576
2026-05-13T16:05:32+01:00,server,1307815298,111366,2913780,328889282,150320,0,138717,0,32911424,29268288,3643136,24267584,16252864,16240576
2026-05-13T16:05:33+01:00,server,1307817749,111366,2913797,328891735,150320,0,138717,0,32911424,29266816,3644608,24266112,16252864,16240576
2026-05-13T16:05:34+01:00,server,1307820200,111366,2913809,328894189,150320,0,138717,0,32911424,29265920,3645504,24265216,16252864,16240576
2026-05-13T16:05:35+01:00,server,1307822622,111366,2913825,328896643,150320,0,138717,0,32911424,29266624,3644800,24265920,16252864,16240576
2026-05-13T16:05:36+01:00,server,1307825027,111366,2913845,328899103,150320,0,138718,0,32911424,29262400,3649024,24261696,16252864,16240576
2026-05-13T16:05:37+01:00,server,1307827470,111366,2913856,328901578,150320,0,138718,0,32911424,29256960,3654464,24256256,16252864,16240576
2026-05-13T16:05:38+01:00,server,1307829910,111366,2913874,328904055,150320,0,138718,0,32911424,29260992,3650432,24260288,16252864,16240576
2026-05-13T16:05:39+01:00,server,1307832368,111366,2913886,328906535,150320,0,138719,0,32911424,29264064,3647360,24263360,16252864,16240576
2026-05-13T16:05:40+01:00,server,1307834789,111366,2913906,328909021,150320,0,138719,0,32911424,29265408,3646016,24264704,16252864,16240576
2026-05-13T16:05:41+01:00,server,1307837203,111366,2913919,328911484,150320,0,138719,0,32911424,29266432,3644992,24265664,16252864,16240576
2026-05-13T16:05:42+01:00,server,1307839645,111366,2913932,328913978,150320,0,138719,0,32911424,29265280,3646144,24264512,16252864,16240576
2026-05-13T16:05:43+01:00,server,1307842029,111366,2913951,328916471,150320,0,138719,0,32911424,29264896,3646528,24264128,16252864,16240576
2026-05-13T16:05:44+01:00,server,1307844384,111366,2913964,328918968,150320,0,138720,0,32911424,29265280,3646144,24264512,16252864,16240576
2026-05-13T16:05:45+01:00,server,1307846761,111366,2913985,328921469,150320,0,138721,0,32911424,29264256,3647168,24263488,16252864,16240576
2026-05-13T16:05:46+01:00,server,1307849163,111366,2913997,328923995,150320,0,138721,0,32911424,29264064,3647360,24263296,16252864,16240576
2026-05-13T16:05:47+01:00,server,1307851543,111366,2914012,328926527,150320,0,138721,0,32911424,29263360,3648064,24262528,16252864,16240576
2026-05-13T16:05:48+01:00,server,1307853962,111366,2914024,328929060,150320,0,138721,0,32911424,29262592,3648832,24261696,16252864,16240576
2026-05-13T16:05:49+01:00,server,1307856372,111366,2914040,328931614,150320,0,138721,0,32911424,29263168,3648256,24262208,16252864,16240576
2026-05-13T16:05:50+01:00,server,1307858763,111366,2914055,328934144,150320,0,138721,0,32911424,29259520,3651904,24258560,16252864,16240576
2026-05-13T16:05:51+01:00,server,1307861176,111366,2914076,328936699,150320,0,138721,0,32911424,29259712,3651712,24258752,16252864,16240576
2026-05-13T16:05:52+01:00,server,1307863570,111371,2914089,328939236,150320,0,138723,0,32911424,29252032,3659392,24251072,16252864,16240576
2026-05-13T16:05:53+01:00,server,1307865965,111371,2914108,328941758,150320,0,138723,0,32911424,29257728,3653696,24256704,16252864,16240576
2026-05-13T16:05:54+01:00,server,1307868306,111371,2914129,328944287,150320,0,138723,0,32911424,29260096,3651328,24259072,16252864,16240576
2026-05-13T16:05:56+01:00,server,1307870649,111371,2914160,328946794,150320,0,138723,0,32911424,29261056,3650368,24260032,16252864,16240576
2026-05-13T16:05:57+01:00,server,1307873004,111371,2914174,328949326,150320,0,138723,0,32911424,29259392,3652032,24258368,16252864,16240576
2026-05-13T16:05:58+01:00,server,1307875419,111371,2914195,328951863,150320,0,138723,0,32911424,29260800,3650624,24259776,16252864,16240576
2026-05-13T16:05:59+01:00,server,1307877849,111371,2914208,328954414,150320,0,138723,0,32911424,29259264,3652160,24258240,16252864,16240576
2026-05-13T16:06:00+01:00,server,1307880166,111371,2914227,328956989,150320,0,138723,0,32911424,29260032,3651392,24259008,16252864,16240576
2026-05-13T16:06:01+01:00,server,1307882536,111371,2914239,328959562,150320,0,138723,0,32911424,29258816,3652608,24257792,16252864,16240576
2026-05-13T16:06:02+01:00,server,1307884797,111371,2914264,328962121,150320,0,138723,0,32911424,29259776,3651648,24258752,16252864,16240576
2026-05-13T16:06:03+01:00,server,1307887053,111371,2914282,328964675,150320,0,138723,0,32911424,29259328,3652096,24258304,16252864,16240576
2026-05-13T16:06:04+01:00,server,1307889459,111371,2914300,328967228,150320,0,138723,0,32911424,29256832,3654592,24255808,16252864,16240576
2026-05-13T16:06:05+01:00,server,1307891767,111371,2914315,328969783,150320,0,138723,0,32911424,29257024,3654400,24256000,16252864,16240576
2026-05-13T16:06:06+01:00,server,1307894118,111371,2914328,328972341,150320,0,138723,0,32911424,29257408,3654016,24256384,16252864,16240576
2026-05-13T16:06:07+01:00,server,1307896432,111371,2914342,328974901,150320,0,138723,0,32911424,29256512,3654912,24255488,16252864,16240576
2026-05-13T16:06:08+01:00,server,1307898814,111371,2914350,328977477,150320,0,138723,0,32911424,29257088,3654336,24256064,16252864,16240576
2026-05-13T16:06:09+01:00,server,1307901162,111371,2914363,328980056,150320,0,138723,0,32911424,29254720,3656704,24253696,16252864,16240576
2026-05-13T16:06:10+01:00,server,1307903516,111371,2914376,328982628,150320,0,138723,0,32911424,29254144,3657280,24253120,16252864,16240576
2026-05-13T16:06:11+01:00,server,1307905882,111371,2914389,328985179,150320,0,138723,0,32911424,29256128,3655296,24255104,16252864,16240576
2026-05-13T16:06:12+01:00,server,1307908237,111371,2914403,328987759,150320,0,138724,0,32911424,29253440,3657984,24252416,16252864,16240576
2026-05-13T16:06:13+01:00,server,1307910532,111371,2914416,328990346,150320,0,138725,0,32911424,29254400,3657024,24253376,16252864,16240576
2026-05-13T16:06:14+01:00,server,1307912781,111371,2914424,328992939,150320,0,138726,0,32911424,29257088,3654336,24256064,16252864,16240576
2026-05-13T16:06:15+01:00,server,1307915161,111371,2914441,328995532,150320,0,138726,0,32911424,29260160,3651264,24259136,16252864,16240576
2026-05-13T16:06:16+01:00,server,1307917410,111371,2914471,328998121,150320,0,138728,0,32911424,29261120,3650304,24260096,16252864,16240576
2026-05-13T16:06:17+01:00,server,1307919735,111371,2914488,329000715,150320,0,138729,0,32911424,29262400,3649024,24261312,16252864,16240576
2026-05-13T16:06:18+01:00,server,1307922002,111371,2914502,329003310,150320,0,138730,0,32911424,29266496,3644928,24265344,16252864,16240576
2026-05-13T16:06:19+01:00,server,1307924301,111371,2914519,329005905,150320,0,138730,0,32911424,29267072,3644352,24265920,16252864,16240576
2026-05-13T16:06:20+01:00,server,1307926636,111371,2914540,329008498,150320,0,138730,0,32911424,29266816,3644608,24265664,16252864,16240576
2026-05-13T16:06:21+01:00,server,1307928969,111371,2914551,329011093,150320,0,138730,0,32911424,29262720,3648704,24261568,16252864,16240576
2026-05-13T16:06:22+01:00,server,1307931267,111371,2914569,329013693,150320,0,138731,0,32911424,29262720,3648704,24261568,16252864,16240576
2026-05-13T16:06:23+01:00,server,1307933566,111371,2914589,329016295,150320,0,138732,0,32911424,29266048,3645376,24264896,16252864,16240576
2026-05-13T16:06:24+01:00,server,1307935819,111371,2914605,329018901,150320,0,138732,0,32911424,29265664,3645760,24264512,16252864,16240576
2026-05-13T16:06:25+01:00,server,1307938074,111371,2914618,329021520,150320,0,138732,0,32911424,29263168,3648256,24262016,16252864,16240576
2026-05-13T16:06:26+01:00,server,1307940374,111371,2914655,329024122,150320,0,138733,0,32911424,29267456,3643968,24266304,16252864,16240576
2026-05-13T16:06:27+01:00,server,1307942600,111371,2914660,329026753,150320,0,138733,0,32911424,29265152,3646272,24264000,16252864,16240576
2026-05-13T16:06:28+01:00,server,1307944923,111371,2914672,329029397,150320,0,138733,0,32911424,29263104,3648320,24261952,16252864,16240576
2026-05-13T16:06:29+01:00,server,1307947212,111371,2914694,329032025,150320,0,138733,0,32911424,29264128,3647296,24262976,16252864,16240576
2026-05-13T16:06:30+01:00,server,1307949513,111371,2914708,329034650,150320,0,138734,0,32911424,29264320,3647104,24263168,16252864,16240576
2026-05-13T16:06:31+01:00,server,1307951733,111371,2914726,329037280,150320,0,138734,0,32911424,29263360,3648064,24262208,16252864,16240576
2026-05-13T16:06:32+01:00,server,1307954116,111371,2914741,329039907,150320,0,138735,0,32911424,29264768,3646656,24263616,16252864,16240576
2026-05-13T16:06:33+01:00,server,1307956373,111371,2914754,329042534,150320,0,138735,0,32911424,29265152,3646272,24264000,16252864,16240576
2026-05-13T16:06:35+01:00,server,1307958607,111371,2914767,329045164,150320,0,138735,0,32911424,29264768,3646656,24263616,16252864,16240576
2026-05-13T16:06:36+01:00,server,1307960872,111371,2914784,329047792,150320,0,138735,0,32911424,29263616,3647808,24262464,16252864,16240576
2026-05-13T16:06:37+01:00,server,1307963145,111371,2914800,329050424,150320,0,138738,0,32911424,29260928,3650496,24259776,16252864,16240576
2026-05-13T16:06:38+01:00,server,1307965329,111371,2914818,329053054,150320,0,138738,0,32911424,29262080,3649344,24260928,16252864,16240576
2026-05-13T16:06:39+01:00,server,1307967617,111371,2914835,329055687,150320,0,138738,0,32911424,29259008,3652416,24257856,16252864,16240576
2026-05-13T16:06:40+01:00,server,1307969850,111371,2914854,329058338,150320,0,138738,0,32911424,29259008,3652416,24257856,16252864,16240576
2026-05-13T16:06:41+01:00,server,1307972070,111371,2914868,329060964,150320,0,138738,0,32911424,29259072,3652352,24257920,16252864,16240576
2026-05-13T16:06:42+01:00,server,1307974270,111371,2914881,329063612,150320,0,138739,0,32911424,29258752,3652672,24257600,16252864,16240576
2026-05-13T16:06:43+01:00,server,1307976532,111371,2914897,329066256,150320,0,138739,0,32911424,29257216,3654208,24256064,16252864,16240576
2026-05-13T16:06:44+01:00,server,1307978777,111371,2914921,329068906,150320,0,138739,0,32911424,29255488,3655936,24254336,16252864,16240576
2026-05-13T16:06:45+01:00,server,1307981117,111371,2914930,329071462,150320,0,138739,0,32911424,29236672,3674752,24235520,16252864,16240576
2026-05-13T16:06:46+01:00,server,1307983572,111371,2914941,329073921,150320,0,138740,0,32911424,29236928,3674496,24235776,16252864,16240576
2026-05-13T16:06:47+01:00,server,1307986022,111371,2914951,329076382,150320,0,138741,0,32911424,29239488,3671936,24238272,16252864,16240576
2026-05-13T16:06:48+01:00,server,1307988409,111371,2914962,329078841,150320,0,138741,0,32911424,29239104,3672320,24237888,16252864,16240576
2026-05-13T16:06:49+01:00,server,1307990854,111371,2914974,329081300,150320,0,138741,0,32911424,29239552,3671872,24238336,16252864,16240576
2026-05-13T16:06:50+01:00,server,1307993301,111371,2914987,329083764,150320,0,138741,0,32911424,29237824,3673600,24236608,16252864,16240576
2026-05-13T16:06:51+01:00,server,1307995765,111371,2915003,329086223,150320,0,138742,0,32911424,29236096,3675328,24234880,16252864,16240576
2026-05-13T16:06:52+01:00,server,1307998134,111371,2915018,329088683,150320,0,138742,0,32911424,29238208,3673216,24236992,16252864,16240576
2026-05-13T16:06:53+01:00,server,1308000581,111371,2915026,329091146,150320,0,138743,0,32911424,29240384,3671040,24239168,16252864,16240576
2026-05-13T16:06:54+01:00,server,1308003032,111371,2915031,329093605,150320,0,138743,0,32911424,29240192,3671232,24238976,16252864,16240576
2026-05-13T16:06:55+01:00,server,1308005508,111371,2915041,329096058,150320,0,138743,0,32911424,29238528,3672896,24237312,16252864,16240576
2026-05-13T16:06:56+01:00,server,1308007972,111371,2915053,329098485,150320,0,138743,0,32911424,29241408,3670016,24240192,16252864,16240576
2026-05-13T16:06:57+01:00,server,1308010422,111371,2915065,329100938,150320,0,138743,0,32911424,29241152,3670272,24239936,16252864,16240576
2026-05-13T16:06:58+01:00,server,1308012852,111371,2915075,329103391,150320,0,138743,0,32911424,29240768,3670656,24239552,16252864,16240576
2026-05-13T16:06:59+01:00,server,1308015278,111371,2915089,329105844,150320,0,138744,0,32911424,29242880,3668544,24241664,16252864,16240576
2026-05-13T16:07:00+01:00,server,1308017729,111371,2915102,329108299,150320,0,138744,0,32911424,29242176,3669248,24240960,16252864,16240576
2026-05-13T16:07:01+01:00,server,1308020157,111371,2915113,329110752,150320,0,138744,0,32911424,29240640,3670784,24239424,16252864,16240576
2026-05-13T16:07:02+01:00,server,1308022608,111371,2915125,329113206,150320,0,138744,0,32911424,29240448,3670976,24239232,16252864,16240576
2026-05-13T16:07:03+01:00,server,1308025080,111371,2915138,329115659,150320,0,138745,0,32911424,29236608,3674816,24235392,16252864,16240576
2026-05-13T16:07:04+01:00,server,1308027529,111371,2915152,329118114,150320,0,138745,0,32911424,29238336,3673088,24237120,16252864,16240576
2026-05-13T16:07:05+01:00,server,1308029996,111371,2915167,329120576,150320,0,138745,0,32911424,29237184,3674240,24235968,16252864,16240576
2026-05-13T16:07:06+01:00,server,1308032465,111371,2915177,329123052,150320,0,138746,0,32911424,29238336,3673088,24237120,16252864,16240576
2026-05-13T16:07:07+01:00,server,1308034896,111371,2915192,329125522,150320,0,138746,0,32911424,29238528,3672896,24237312,16252864,16240576
2026-05-13T16:07:08+01:00,server,1308037309,111371,2915212,329127993,150320,0,138746,0,32911424,29238144,3673280,24236928,16252864,16240576
2026-05-13T16:07:09+01:00,server,1308039739,111371,2915227,329130470,150320,0,138747,0,32911424,29238336,3673088,24237120,16252864,16240576
2026-05-13T16:07:10+01:00,server,1308042138,111371,2915246,329132952,150320,0,138748,0,32911424,29233920,3677504,24232704,16252864,16240576
2026-05-13T16:07:11+01:00,server,1308044576,111371,2915275,329135408,150320,0,138748,0,32911424,29234816,3676608,24233536,16252864,16240576
2026-05-13T16:07:12+01:00,server,1308046984,111371,2915291,329137894,150320,0,138749,0,32911424,29237696,3673728,24236416,16252864,16240576
2026-05-13T16:07:13+01:00,server,1308049387,111371,2915311,329140383,150320,0,138749,0,32911424,29232704,3678720,24231424,16252864,16240576
2026-05-13T16:07:14+01:00,server,1308051787,111371,2915325,329142883,150320,0,138749,0,32911424,29232384,3679040,24231104,16252864,16240576
2026-05-13T16:07:16+01:00,server,1308054174,111371,2915344,329145384,150320,0,138749,0,32911424,29232576,3678848,24231296,16252864,16240576
2026-05-13T16:07:17+01:00,server,1308056597,111371,2915360,329147888,150320,0,138749,0,32911424,29230272,3681152,24228992,16252864,16240576
2026-05-13T16:07:18+01:00,server,1308058925,111371,2915374,329150396,150320,0,138751,0,32911424,29232768,3678656,24231488,16252864,16240576
2026-05-13T16:07:19+01:00,server,1308061349,111371,2915383,329152913,150320,0,138751,0,32911424,29234688,3676736,24233408,16252864,16240576
2026-05-13T16:07:20+01:00,server,1308063738,111371,2915401,329155430,150320,0,138751,0,32911424,29236224,3675200,24234944,16252864,16240576
2026-05-13T16:07:21+01:00,server,1308066166,111371,2915413,329157945,150320,0,138751,0,32911424,29235200,3676224,24233920,16252864,16240576
2026-05-13T16:07:22+01:00,server,1308068550,111371,2915427,329160463,150320,0,138753,0,32911424,29235584,3675840,24234304,16252864,16240576
2026-05-13T16:07:23+01:00,server,1308070906,111371,2915441,329162982,150320,0,138754,0,32911424,29234816,3676608,24233536,16252864,16240576
2026-05-13T16:07:24+01:00,server,1308073415,111371,2915460,329165694,150320,0,138754,0,32911424,29235584,3675840,24234304,16252864,16240576
2026-05-13T16:07:25+01:00,server,1308076005,111371,2915479,329168462,150320,0,138755,0,32911424,29238016,3673408,24236736,16252864,16240576
2026-05-13T16:07:26+01:00,server,1308078700,111371,2915525,329171336,150320,0,138755,0,32911424,29237760,3673664,24236352,16252864,16240576
2026-05-13T16:07:27+01:00,server,1308081442,111371,2915542,329174171,150320,0,138756,0,32911424,29237376,3674048,24235968,16252864,16240576
2026-05-13T16:07:28+01:00,server,1308083741,111371,2915557,329176750,150320,0,138756,0,32911424,29236224,3675200,24234816,16252864,16240576
2026-05-13T16:07:29+01:00,server,1308086140,111371,2915577,329179316,150320,0,138756,0,32911424,29238528,3672896,24237120,16252864,16240576
2026-05-13T16:07:30+01:00,server,1308088584,111371,2915618,329181823,150320,0,138756,0,32911424,29225472,3685952,24224064,16252864,16240576
2026-05-13T16:07:31+01:00,server,1308091134,111371,2915633,329184279,150320,0,138756,0,32911424,29225536,3685888,24224128,16252864,16240576
2026-05-13T16:07:32+01:00,server,1308093572,111371,2915656,329186818,150320,0,138757,0,32911424,29234688,3676736,24233216,16252864,16240576
2026-05-13T16:07:33+01:00,server,1308095942,111371,2915689,329189415,150320,0,138758,0,32911424,29234880,3676544,24233408,16252864,16240576
2026-05-13T16:07:35+01:00,server,1308098315,111371,2915708,329192008,150320,0,138758,0,32911424,29234432,3676992,24232960,16252864,16240576
2026-05-13T16:07:36+01:00,server,1308100656,111371,2915724,329194607,150320,0,138758,0,32911424,29235200,3676224,24233728,16252864,16240576
2026-05-13T16:07:37+01:00,server,1308102976,111371,2915737,329197176,150320,0,138758,0,32911424,29237888,3673536,24236416,16252864,16240576
2026-05-13T16:07:38+01:00,server,1308105335,111371,2915754,329199747,150320,0,138759,0,32911424,29235776,3675648,24234304,16252864,16240576
2026-05-13T16:07:39+01:00,server,1308107670,111371,2915771,329202348,150320,0,138760,0,32911424,29231744,3679680,24230272,16252864,16240576
2026-05-13T16:07:40+01:00,server,1308110048,111371,2915785,329204928,150320,0,138761,0,32911424,29233408,3678016,24231936,16252864,16240576
2026-05-13T16:07:41+01:00,server,1308112399,111371,2915801,329207492,150320,0,138761,0,32911424,29236864,3674560,24235392,16252864,16240576
2026-05-13T16:07:42+01:00,server,1308114810,111371,2915809,329210105,150320,0,138762,0,32911424,29235392,3676032,24233856,16252864,16240576
2026-05-13T16:07:43+01:00,server,1308117164,111371,2915820,329212715,150320,0,138762,0,32911424,29233664,3677760,24232128,16252864,16240576
2026-05-13T16:07:44+01:00,server,1308119575,111371,2915843,329215304,150320,0,138762,0,32911424,29233728,3677696,24232192,16252864,16240576
2026-05-13T16:07:45+01:00,server,1308121906,111371,2915870,329217889,150320,0,138763,0,32911424,29235072,3676352,24233536,16252864,16240576
2026-05-13T16:07:46+01:00,server,1308124264,111371,2915884,329220484,150320,0,138764,0,32911424,29234880,3676544,24233344,16252864,16240576
2026-05-13T16:07:47+01:00,server,1308126645,111371,2915901,329223065,150320,0,138764,0,32911424,29235648,3675776,24234112,16252864,16240576
2026-05-13T16:07:48+01:00,server,1308129011,111371,2915918,329225671,150320,0,138764,0,32911424,29238144,3673280,24236608,16252864,16240576
2026-05-13T16:07:49+01:00,server,1308131315,111371,2915929,329228269,150320,0,138764,0,32911424,29236800,3674624,24235264,16252864,16240576
2026-05-13T16:07:50+01:00,server,1308133646,111371,2915940,329230887,150320,0,138765,0,32911424,29235648,3675776,24234112,16252864,16240576
2026-05-13T16:07:51+01:00,server,1308135987,111371,2915960,329233520,150320,0,138765,0,32911424,29234688,3676736,24233152,16252864,16240576
2026-05-13T16:07:52+01:00,server,1308138327,111371,2915982,329236204,150320,0,138765,0,32911424,29235072,3676352,24233536,16252864,16240576
2026-05-13T16:07:53+01:00,server,1308140684,111371,2915986,329238830,150320,0,138765,0,32911424,29237248,3674176,24235712,16252864,16240576
2026-05-13T16:07:54+01:00,server,1308143008,111371,2915998,329241467,150320,0,138765,0,32911424,29236992,3674432,24235392,16252864,16240576
2026-05-13T16:07:55+01:00,server,1308145325,111371,2916009,329244107,150320,0,138765,0,32911424,29234496,3676928,24232896,16252864,16240576
2026-05-13T16:07:56+01:00,server,1308147634,111371,2916041,329246719,150320,0,138765,0,32911424,29240512,3670912,24238912,16252864,16240576
2026-05-13T16:07:57+01:00,server,1308149925,111371,2916055,329249354,150320,0,138765,0,32911424,29239872,3671552,24238272,16252864,16240576
2026-05-13T16:07:58+01:00,server,1308152259,111371,2916072,329251997,150320,0,138765,0,32911424,29239488,3671936,24237888,16252864,16240576
2026-05-13T16:07:59+01:00,server,1308154653,111371,2916089,329254633,150320,0,138766,0,32911424,29240704,3670720,24239104,16252864,16240576
2026-05-13T16:08:00+01:00,server,1308156964,111371,2916107,329257269,150320,0,138766,0,32911424,29240128,3671296,24238528,16252864,16240576
2026-05-13T16:08:02+01:00,server,1308159298,111371,2916118,329259903,150320,0,138767,0,32911424,29240128,3671296,24238528,16252864,16240576
2026-05-13T16:08:03+01:00,server,1308161545,111371,2916133,329262517,150320,0,138768,0,32911424,29238528,3672896,24236864,16252864,16240576
2026-05-13T16:08:04+01:00,server,1308163847,111371,2916154,329265159,150320,0,138768,0,32911424,29240832,3670592,24239168,16252864,16240576
2026-05-13T16:08:05+01:00,server,1308166162,111371,2916168,329267825,150320,0,138768,0,32911424,29243712,3667712,24242048,16252864,16240576
2026-05-13T16:08:06+01:00,server,1308168493,111371,2916184,329270463,150320,0,138768,0,32911424,29241984,3669440,24240320,16252864,16240576
2026-05-13T16:08:07+01:00,server,1308170824,111371,2916200,329273085,150320,0,138768,0,32911424,29241984,3669440,24240320,16252864,16240576
2026-05-13T16:08:08+01:00,server,1308173160,111371,2916222,329275729,150320,0,138769,0,32911424,29244160,3667264,24242496,16252864,16240576
2026-05-13T16:08:09+01:00,server,1308175535,111371,2916242,329278403,150320,0,138769,0,32911424,29245120,3666304,24243456,16252864,16240576
2026-05-13T16:08:10+01:00,server,1308177843,111372,2916254,329281078,150320,0,138770,0,32911424,29244928,3666496,24243264,16252864,16240576
2026-05-13T16:08:11+01:00,server,1308180135,111372,2916272,329283701,150320,0,138770,0,32911424,29247872,3663552,24246208,16252864,16240576
2026-05-13T16:08:12+01:00,server,1308182313,111372,2916303,329286348,150320,0,138771,0,32911424,29243776,3667648,24242112,16252864,16240576
2026-05-13T16:08:13+01:00,server,1308184590,111372,2916320,329289009,150320,0,138771,0,32911424,29248768,3662656,24247104,16252864,16240576
2026-05-13T16:08:14+01:00,server,1308186907,111372,2916336,329291688,150320,0,138771,0,32911424,29247232,3664192,24245568,16252864,16240576
2026-05-13T16:08:15+01:00,server,1308189211,111372,2916353,329294354,150320,0,138771,0,32911424,29246656,3664768,24244992,16252864,16240576
2026-05-13T16:08:16+01:00,server,1308191498,111372,2916372,329297002,150320,0,138771,0,32911424,29242624,3668800,24240960,16252864,16240576
2026-05-13T16:08:17+01:00,server,1308193801,111372,2916383,329299620,150321,0,138771,0,32911424,29226368,3685056,24224576,16252864,16240576
2026-05-13T16:08:18+01:00,server,1308196264,111372,2916388,329302112,150321,0,138773,0,32911424,29227008,3684416,24225216,16252864,16240576
2026-05-13T16:08:19+01:00,server,1308198780,111372,2916399,329304625,150321,0,138773,0,32911424,29226048,3685376,24224256,16252864,16240576
2026-05-13T16:08:20+01:00,server,1308201260,111372,2916408,329307137,150321,0,138773,0,32911424,29228352,3683072,24226560,16252864,16240576
2026-05-13T16:08:21+01:00,server,1308203747,111372,2916420,329309634,150321,0,138773,0,32911424,29230848,3680576,24229056,16252864,16240576
2026-05-13T16:08:22+01:00,server,1308206188,111372,2916434,329312133,150321,0,138773,0,32911424,29230080,3681344,24228288,16252864,16240576
2026-05-13T16:08:23+01:00,server,1308208622,111372,2916445,329314632,150321,0,138774,0,32911424,29231488,3679936,24229632,16252864,16240576
2026-05-13T16:08:24+01:00,server,1308211062,111372,2916458,329317121,150321,0,138775,0,32911424,29228480,3682944,24226624,16252864,16240576
2026-05-13T16:08:25+01:00,server,1308213541,111372,2916471,329319617,150321,0,138775,0,32911424,29228672,3682752,24226816,16252864,16240576
2026-05-13T16:08:26+01:00,server,1308216037,111372,2916485,329322065,150321,0,138775,0,32911424,29228608,3682816,24226752,16252864,16240576
2026-05-13T16:08:27+01:00,server,1308218516,111372,2916497,329324541,150321,0,138775,0,32911424,29229248,3682176,24227200,16252864,16240576
2026-05-13T16:08:28+01:00,server,1308221013,111372,2916513,329327024,150321,0,138775,0,32911424,29229888,3681536,24227840,16252864,16240576
2026-05-13T16:08:30+01:00,server,1308223442,111372,2916520,329329520,150321,0,138777,0,32911424,29228608,3682816,24226560,16252864,16240576
2026-05-13T16:08:31+01:00,server,1308225893,111372,2916531,329332021,150321,0,138777,0,32911424,29227072,3684352,24225024,16252864,16240576
2026-05-13T16:08:32+01:00,server,1308228367,111372,2916543,329334507,150321,0,138778,0,32911424,29227456,3683968,24225408,16252864,16240576
2026-05-13T16:08:33+01:00,server,1308230843,111372,2916553,329336965,150321,0,138780,0,32911424,29228608,3682816,24226560,16252864,16240576
2026-05-13T16:08:34+01:00,server,1308233293,111372,2916568,329339420,150321,0,138780,0,32911424,29227712,3683712,24225664,16252864,16240576
2026-05-13T16:08:35+01:00,server,1308235768,111372,2916585,329341897,150321,0,138781,0,32911424,29229632,3681792,24227584,16252864,16240576
2026-05-13T16:08:36+01:00,server,1308238268,111372,2916596,329344397,150321,0,138782,0,32911424,29231168,3680256,24229120,16252864,16240576
2026-05-13T16:08:37+01:00,server,1308240743,111372,2916606,329346874,150321,0,138782,0,32911424,29231616,3679808,24229504,16252864,16240576
2026-05-13T16:08:38+01:00,server,1308243218,111372,2916621,329349343,150321,0,138783,0,32911424,29232384,3679040,24230272,16252864,16240576
2026-05-13T16:08:39+01:00,server,1308245683,111372,2916643,329351820,150321,0,138783,0,32911424,29231232,3680192,24229120,16252864,16240576
2026-05-13T16:08:40+01:00,server,1308248155,111372,2916658,329354305,150321,0,138783,0,32911424,29229312,3682112,24227200,16252864,16240576
2026-05-13T16:08:41+01:00,server,1308250657,111372,2916679,329356800,150321,0,138783,0,32911424,29231872,3679552,24229760,16252864,16240576
2026-05-13T16:08:42+01:00,server,1308253135,111372,2916699,329359321,150321,0,138783,0,32911424,29226688,3684736,24224576,16252864,16240576
2026-05-13T16:08:43+01:00,server,1308255659,111372,2916709,329361837,150321,0,138783,0,32911424,29224384,3687040,24222272,16252864,16240576
2026-05-13T16:08:44+01:00,server,1308258097,111372,2916728,329364357,150321,0,138783,0,32911424,29221952,3689472,24219840,16252864,16240576
2026-05-13T16:08:45+01:00,server,1308260576,111372,2916754,329366865,150321,0,138783,0,32911424,29222464,3688960,24220352,16252864,16240576
2026-05-13T16:08:46+01:00,server,1308262975,111372,2916779,329369380,150321,0,138783,0,32911424,29225152,3686272,24223040,16252864,16240576
2026-05-13T16:08:47+01:00,server,1308265389,111372,2916795,329371890,150321,0,138784,0,32911424,29223232,3688192,24221120,16252864,16240576
2026-05-13T16:08:48+01:00,server,1308267813,111372,2916818,329374389,150321,0,138784,0,32911424,29225920,3685504,24223808,16252864,16240576
2026-05-13T16:08:49+01:00,server,1308270207,111372,2916831,329376905,150321,0,138784,0,32911424,29226112,3685312,24224000,16252864,16240576
2026-05-13T16:08:50+01:00,server,1308272657,111372,2916848,329379438,150321,0,138784,0,32911424,29222272,3689152,24220160,16252864,16240576
2026-05-13T16:08:51+01:00,server,1308275087,111372,2916873,329381986,150321,0,138785,0,32911424,29226816,3684608,24224704,16252864,16240576
2026-05-13T16:08:52+01:00,server,1308277513,111372,2916898,329384516,150321,0,138785,0,32911424,29222208,3689216,24220096,16252864,16240576
2026-05-13T16:08:53+01:00,server,1308279933,111372,2916916,329387034,150321,0,138785,0,32911424,29224512,3686912,24222400,16252864,16240576
2026-05-13T16:08:54+01:00,server,1308282328,111372,2916926,329389574,150321,0,138786,0,32911424,29225280,3686144,24223168,16252864,16240576
2026-05-13T16:08:55+01:00,server,1308284764,111372,2916937,329392126,150321,0,138786,0,32911424,29226432,3684992,24224320,16252864,16240576
2026-05-13T16:08:56+01:00,server,1308287178,111372,2916961,329394646,150321,0,138786,0,32911424,29222208,3689216,24220096,16252864,16240576
2026-05-13T16:08:58+01:00,server,1308289595,111372,2916974,329397207,150321,0,138786,0,32911424,29223168,3688256,24221056,16252864,16240576
2026-05-13T16:08:59+01:00,server,1308291993,111372,2916991,329399794,150321,0,138786,0,32911424,29224128,3687296,24222016,16252864,16240576
2026-05-13T16:09:00+01:00,server,1308294330,111372,2917013,329402354,150321,0,138786,0,32911424,29222784,3688640,24220672,16252864,16240576
2026-05-13T16:09:01+01:00,server,1308296673,111372,2917044,329404916,150321,0,138786,0,32911424,29223360,3688064,24221248,16252864,16240576
2026-05-13T16:09:02+01:00,server,1308299056,111372,2917060,329407502,150321,0,138786,0,32911424,29225088,3686336,24222976,16252864,16240576
2026-05-13T16:09:03+01:00,server,1308301418,111372,2917090,329410062,150321,0,138786,0,32911424,29227200,3684224,24225088,16252864,16240576
2026-05-13T16:09:04+01:00,server,1308303810,111372,2917103,329412628,150321,0,138786,0,32911424,29226624,3684800,24224512,16252864,16240576
2026-05-13T16:09:05+01:00,server,1308306069,111372,2917116,329415221,150321,0,138786,0,32911424,29222528,3688896,24220352,16252864,16240576
2026-05-13T16:09:06+01:00,server,1308308513,111372,2917128,329417818,150321,0,138786,0,32911424,29219968,3691456,24217792,16252864,16240576
2026-05-13T16:09:07+01:00,server,1308310832,111372,2917152,329420400,150321,0,138786,0,32911424,29220160,3691264,24217984,16252864,16240576
2026-05-13T16:09:08+01:00,server,1308313246,111372,2917172,329422971,150321,0,138786,0,32911424,29222848,3688576,24220672,16252864,16240576
2026-05-13T16:09:09+01:00,server,1308315613,111372,2917191,329425564,150321,0,138786,0,32911424,29221888,3689536,24219712,16252864,16240576
2026-05-13T16:09:10+01:00,server,1308317946,111372,2917205,329428175,150321,0,138786,0,32911424,29222656,3688768,24220480,16252864,16240576
2026-05-13T16:09:11+01:00,server,1308320288,111372,2917227,329430735,150321,0,138786,0,32911424,29223552,3687872,24221376,16252864,16240576
2026-05-13T16:09:12+01:00,server,1308322623,111372,2917247,329433303,150321,0,138786,0,32911424,29224768,3686656,24222720,16252864,16240576
2026-05-13T16:09:13+01:00,server,1308325007,111372,2917262,329435895,150321,0,138787,0,32911424,29223808,3687616,24221760,16252864,16240576
2026-05-13T16:09:14+01:00,server,1308327361,111372,2917277,329438483,150321,0,138787,0,32911424,29220032,3691392,24217920,16252864,16240576
2026-05-13T16:09:15+01:00,server,1308329642,111372,2917296,329441058,150321,0,138787,0,32911424,29221568,3689856,24219456,16252864,16240576
2026-05-13T16:09:16+01:00,server,1308331962,111372,2917306,329443642,150321,0,138788,0,32911424,29219520,3691904,24217408,16252864,16240576
2026-05-13T16:09:17+01:00,server,1308334322,111372,2917315,329446255,150321,0,138788,0,32911424,29221440,3689984,24219328,16252864,16240576
2026-05-13T16:09:18+01:00,server,1308336627,111372,2917326,329448866,150321,0,138789,0,32911424,29221632,3689792,24219520,16252864,16240576
2026-05-13T16:09:19+01:00,server,1308338993,111372,2917350,329451455,150321,0,138790,0,32911424,29223168,3688256,24221056,16252864,16240576
2026-05-13T16:09:20+01:00,server,1308341289,111372,2917361,329454053,150321,0,138791,0,32911424,29226432,3684992,24224384,16252864,16240576
2026-05-13T16:09:21+01:00,server,1308343669,111372,2917375,329456663,150321,0,138793,0,32911424,29226240,3685184,24224192,16252864,16240576
2026-05-13T16:09:22+01:00,server,1308346022,111372,2917398,329459250,150321,0,138793,0,32911424,29227200,3684224,24225152,16252864,16240576
2026-05-13T16:09:23+01:00,server,1308348408,111372,2917412,329461853,150321,0,138793,0,32911424,29226944,3684480,24224896,16252864,16240576
2026-05-13T16:09:24+01:00,server,1308350736,111372,2917438,329464468,150321,0,138793,0,32911424,29226560,3684864,24224512,16252864,16240576
2026-05-13T16:09:25+01:00,server,1308353049,111372,2917453,329467045,150321,0,138793,0,32911424,29223104,3688320,24221056,16252864,16240576
2026-05-13T16:09:27+01:00,server,1308355409,111372,2917477,329469650,150321,0,138793,0,32911424,29224128,3687296,24222016,16252864,16240576
2026-05-13T16:09:28+01:00,server,1308357804,111372,2917483,329472273,150321,0,138794,0,32911424,29224000,3687424,24221888,16252864,16240576
2026-05-13T16:09:29+01:00,server,1308360137,111372,2917495,329474873,150321,0,138794,0,32911424,29227968,3683456,24225856,16252864,16240576
2026-05-13T16:09:30+01:00,server,1308362444,111372,2917512,329477496,150321,0,138794,0,32911424,29227648,3683776,24225536,16252864,16240576
2026-05-13T16:09:31+01:00,server,1308364785,111372,2917520,329480128,150321,0,138794,0,32911424,29228800,3682624,24226688,16252864,16240576
2026-05-13T16:09:32+01:00,server,1308367053,111372,2917535,329482731,150321,0,138795,0,32911424,29229376,3682048,24227264,16252864,16240576
2026-05-13T16:09:33+01:00,server,1308369411,111372,2917552,329485357,150321,0,138795,0,32911424,29228480,3682944,24226368,16252864,16240576
2026-05-13T16:09:34+01:00,server,1308371864,111372,2917565,329487987,150321,0,138795,0,32911424,29230592,3680832,24228480,16252864,16240576
2026-05-13T16:09:35+01:00,server,1308374172,111372,2917582,329490595,150321,0,138796,0,32911424,29231488,3679936,24229376,16252864,16240576
2026-05-13T16:09:36+01:00,server,1308376487,111372,2917593,329493220,150321,0,138797,0,32911424,29232000,3679424,24229888,16252864,16240576
2026-05-13T16:09:37+01:00,server,1308378805,111372,2917609,329495852,150321,0,138800,0,32911424,29229568,3681856,24227456,16252864,16240576
2026-05-13T16:09:38+01:00,server,1308381090,111372,2917619,329498468,150321,0,138800,0,32911424,29231872,3679552,24229760,16252864,16240576
2026-05-13T16:09:39+01:00,server,1308383339,111372,2917637,329501085,150321,0,138800,0,32911424,29228544,3682880,24226368,16252864,16240576
2026-05-13T16:09:40+01:00,server,1308385614,111372,2917646,329503732,150321,0,138801,0,32911424,29231424,3680000,24229248,16252864,16240576
2026-05-13T16:09:41+01:00,server,1308387946,111372,2917674,329506363,150321,0,138802,0,32911424,29231744,3679680,24229568,16252864,16240576
2026-05-13T16:09:42+01:00,server,1308390230,111372,2917690,329509005,150321,0,138802,0,32911424,29233024,3678400,24230848,16252864,16240576
2026-05-13T16:09:43+01:00,server,1308392516,111372,2917702,329511651,150321,0,138802,0,32911424,29233408,3678016,24231232,16252864,16240576
2026-05-13T16:09:44+01:00,server,1308394831,111372,2917717,329514321,150321,0,138804,0,32911424,29235328,3676096,24233152,16252864,16240576
2026-05-13T16:09:45+01:00,server,1308397081,111372,2917743,329516974,150321,0,138804,0,32911424,29233216,3678208,24231040,16252864,16240576
2026-05-13T16:09:46+01:00,server,1308399326,111372,2917765,329519606,150321,0,138804,0,32911424,29234112,3677312,24231936,16252864,16240576
2026-05-13T16:09:47+01:00,server,1308401574,111372,2917779,329522264,150321,0,138804,0,32911424,29232704,3678720,24230528,16252864,16240576
2026-05-13T16:09:48+01:00,server,1308403931,111372,2917795,329524906,150321,0,138804,0,32911424,29217472,3693952,24215296,16252864,16240576
2026-05-13T16:09:49+01:00,server,1308406364,111372,2917802,329527399,150321,0,138804,0,32911424,29199808,3711616,24197568,16252864,16240576
2026-05-13T16:09:50+01:00,server,1308408794,111372,2917813,329529916,150321,0,138805,0,32911424,29201856,3709568,24199616,16252864,16240576
2026-05-13T16:09:51+01:00,server,1308411253,111372,2917820,329532416,150321,0,138805,0,32911424,29201152,3710272,24198912,16252864,16240576
2026-05-13T16:09:52+01:00,server,1308413741,111372,2917830,329534936,150321,0,138806,0,32911424,29198656,3712768,24196416,16252864,16240576
2026-05-13T16:09:53+01:00,server,1308416191,111372,2917842,329537444,150321,0,138806,0,32911424,29198080,3713344,24195840,16252864,16240576
2026-05-13T16:09:54+01:00,server,1308418636,111372,2917855,329539950,150321,0,138806,0,32911424,29198080,3713344,24195840,16252864,16240576
2026-05-13T16:09:55+01:00,server,1308421124,111372,2917868,329542458,150321,0,138806,0,32911424,29197440,3713984,24195200,16252864,16240576
2026-05-13T16:09:56+01:00,server,1308423591,111372,2917881,329544950,150321,0,138806,0,32911424,29198784,3712640,24196544,16252864,16240576
2026-05-13T16:09:58+01:00,server,1308426020,111372,2917893,329547448,150321,0,138806,0,32911424,29196288,3715136,24194048,16252864,16240576
2026-05-13T16:09:59+01:00,server,1308428464,111372,2917905,329549946,150321,0,138806,0,32911424,29196672,3714752,24194432,16252864,16240576
2026-05-13T16:10:00+01:00,server,1308430926,111372,2917916,329552456,150321,0,138806,0,32911424,29198976,3712448,24196736,16252864,16240576
2026-05-13T16:10:01+01:00,server,1308433368,111372,2917924,329554943,150321,0,138806,0,32911424,29193792,3717632,24191552,16252864,16240576
2026-05-13T16:10:02+01:00,server,1308435794,111372,2917940,329557413,150321,0,138807,0,32911424,29181120,3730304,24178816,16252864,16240576
2026-05-13T16:10:03+01:00,server,1308438229,111372,2917946,329559894,150321,0,138808,0,32911424,29185536,3725888,24183232,16252864,16240576
2026-05-13T16:10:04+01:00,server,1308440692,111372,2917953,329562400,150321,0,138808,0,32911424,29183040,3728384,24180736,16252864,16240576
2026-05-13T16:10:05+01:00,server,1308443188,111372,2917965,329564890,150321,0,138809,0,32911424,29182272,3729152,24179968,16252864,16240576
2026-05-13T16:10:06+01:00,server,1308445661,111372,2917978,329567356,150321,0,138809,0,32911424,29181696,3729728,24179392,16252864,16240576
2026-05-13T16:10:07+01:00,server,1308448133,111372,2917992,329569832,150321,0,138809,0,32911424,29183040,3728384,24180736,16252864,16240576
2026-05-13T16:10:08+01:00,server,1308450629,111372,2918007,329572316,150321,0,138809,0,32911424,29184576,3726848,24182272,16252864,16240576
2026-05-13T16:10:09+01:00,server,1308453104,111372,2918018,329574790,150321,0,138810,0,32911424,29182464,3728960,24180160,16252864,16240576
2026-05-13T16:10:10+01:00,server,1308455603,111372,2918028,329577273,150321,0,138811,0,32911424,29181568,3729856,24179200,16252864,16240576
2026-05-13T16:10:11+01:00,server,1308458058,111372,2918052,329579740,150321,0,138812,0,32911424,29185856,3725568,24183488,16252864,16240576
2026-05-13T16:10:12+01:00,server,1308460533,111372,2918070,329582258,150321,0,138812,0,32911424,29185472,3725952,24183104,16252864,16240576
2026-05-13T16:10:13+01:00,server,1308462959,111372,2918097,329584746,150321,0,138812,0,32911424,29177152,3734272,24174784,16252864,16240576
2026-05-13T16:10:14+01:00,server,1308465415,111372,2918107,329587256,150321,0,138812,0,32911424,29180416,3731008,24178048,16252864,16240576
2026-05-13T16:10:15+01:00,server,1308467884,111372,2918119,329589793,150321,0,138812,0,32911424,29184128,3727296,24181760,16252864,16240576
2026-05-13T16:10:16+01:00,server,1308470365,111372,2918139,329592321,150321,0,138812,0,32911424,29182592,3728832,24180224,16252864,16240576
2026-05-13T16:10:17+01:00,server,1308472794,111372,2918154,329594844,150321,0,138813,0,32911424,29182464,3728960,24180032,16252864,16240576
2026-05-13T16:10:18+01:00,server,1308475201,111372,2918173,329597348,150321,0,138814,0,32911424,29183232,3728192,24180800,16252864,16240576
2026-05-13T16:10:19+01:00,server,1308477623,111372,2918191,329599855,150321,0,138815,0,32911424,29184384,3727040,24181952,16252864,16240576
2026-05-13T16:10:20+01:00,server,1308480050,111372,2918206,329602360,150321,0,138816,0,32911424,29184320,3727104,24181952,16252864,16240576
2026-05-13T16:10:21+01:00,server,1308482424,111372,2918218,329604880,150321,0,138817,0,32911424,29185856,3725568,24183488,16252864,16240576
2026-05-13T16:10:22+01:00,server,1308484862,111372,2918231,329607411,150321,0,138817,0,32911424,29188160,3723264,24185792,16252864,16240576
2026-05-13T16:10:23+01:00,server,1308487257,111372,2918253,329609964,150321,0,138817,0,32911424,29182976,3728448,24180608,16252864,16240576
2026-05-13T16:10:24+01:00,server,1308489653,111372,2918279,329612525,150321,0,138817,0,32911424,29183744,3727680,24181376,16252864,16240576
2026-05-13T16:10:25+01:00,server,1308492068,111372,2918290,329615061,150321,0,138817,0,32911424,29182848,3728576,24180416,16252864,16240576
2026-05-13T16:10:26+01:00,server,1308494475,111372,2918305,329617586,150321,0,138817,0,32911424,29184000,3727424,24181568,16252864,16240576
2026-05-13T16:10:28+01:00,server,1308496767,111372,2918318,329620110,150321,0,138817,0,32911424,29181312,3730112,24178880,16252864,16240576
2026-05-13T16:10:29+01:00,server,1308499204,111372,2918337,329622670,150321,0,138817,0,32911424,29183616,3727808,24181184,16252864,16240576
2026-05-13T16:10:30+01:00,server,1308501619,111372,2918353,329625228,150321,0,138818,0,32911424,29183040,3728384,24180608,16252864,16240576
2026-05-13T16:10:31+01:00,server,1308503919,111372,2918364,329627787,150321,0,138818,0,32911424,29183872,3727552,24181440,16252864,16240576
2026-05-13T16:10:32+01:00,server,1308506335,111372,2918379,329630385,150321,0,138818,0,32911424,29183296,3728128,24180864,16252864,16240576
2026-05-13T16:10:33+01:00,server,1308508800,111372,2918394,329632969,150321,0,138819,0,32911424,29183744,3727680,24181312,16252864,16240576
2026-05-13T16:10:34+01:00,server,1308511134,111372,2918409,329635516,150321,0,138819,0,32911424,29183744,3727680,24181312,16252864,16240576
2026-05-13T16:10:35+01:00,server,1308513536,111372,2918431,329638063,150321,0,138819,0,32911424,29180224,3731200,24177792,16252864,16240576
2026-05-13T16:10:36+01:00,server,1308516034,111372,2918445,329640648,150321,0,138819,0,32911424,29185024,3726400,24182592,16252864,16240576
2026-05-13T16:10:37+01:00,server,1308518400,111372,2918463,329643260,150321,0,138820,0,32911424,29183104,3728320,24180544,16252864,16240576
2026-05-13T16:10:38+01:00,server,1308520795,111372,2918476,329645858,150321,0,138821,0,32911424,29182336,3729088,24179776,16252864,16240576
2026-05-13T16:10:39+01:00,server,1308523124,111372,2918490,329648427,150321,0,138821,0,32911424,29181952,3729472,24179392,16252864,16240576
2026-05-13T16:10:40+01:00,server,1308525433,111372,2918501,329651010,150321,0,138821,0,32911424,29178688,3732736,24176128,16252864,16240576
2026-05-13T16:10:41+01:00,server,1308527852,111372,2918514,329653576,150321,0,138821,0,32911424,29179328,3732096,24176768,16252864,16240576
2026-05-13T16:10:42+01:00,server,1308530208,111372,2918541,329656163,150321,0,138822,0,32911424,29179520,3731904,24176960,16252864,16240576
2026-05-13T16:10:43+01:00,server,1308532554,111372,2918555,329658761,150321,0,138822,0,32911424,29176640,3734784,24174080,16252864,16240576
2026-05-13T16:10:44+01:00,server,1308534866,111372,2918576,329661362,150321,0,138822,0,32911424,29176896,3734528,24174272,16252864,16240576
2026-05-13T16:10:45+01:00,server,1308537233,111372,2918594,329663966,150321,0,138822,0,32911424,29178624,3732800,24176000,16252864,16240576
2026-05-13T16:10:46+01:00,server,1308539551,111372,2918607,329666577,150321,0,138822,0,32911424,29175936,3735488,24173312,16252864,16240576
2026-05-13T16:10:47+01:00,server,1308541909,111372,2918617,329669195,150321,0,138822,0,32911424,29175872,3735552,24173120,16252864,16240576
2026-05-13T16:10:48+01:00,server,1308544239,111372,2918635,329671806,150321,0,138822,0,32911424,29177024,3734400,24174272,16252864,16240576
2026-05-13T16:10:49+01:00,server,1308546519,111372,2918647,329674400,150321,0,138823,0,32911424,29175488,3735936,24172736,16252864,16240576
2026-05-13T16:10:50+01:00,server,1308548874,111372,2918661,329676996,150321,0,138824,0,32911424,29177984,3733440,24175232,16252864,16240576
2026-05-13T16:10:51+01:00,server,1308551243,111372,2918673,329679609,150321,0,138824,0,32911424,29177408,3734016,24174656,16252864,16240576
2026-05-13T16:10:52+01:00,server,1308553587,111374,2918693,329682223,150321,0,138824,0,32911424,29178048,3733376,24175296,16252864,16240576
2026-05-13T16:10:53+01:00,server,1308555848,111374,2918721,329684834,150322,0,138825,0,32911424,29177088,3734336,24174336,16252864,16240576
2026-05-13T16:10:54+01:00,server,1308558177,111374,2918739,329687461,150322,0,138826,0,32911424,29174656,3736768,24171840,16252864,16240576
2026-05-13T16:10:56+01:00,server,1308560479,111374,2918752,329690075,150322,0,138827,0,32911424,29176768,3734656,24173952,16252864,16240576
2026-05-13T16:10:57+01:00,server,1308562842,111374,2918770,329692727,150322,0,138827,0,32911424,29180416,3731008,24177600,16252864,16240576
2026-05-13T16:10:58+01:00,server,1308565171,111374,2918789,329695368,150322,0,138827,0,32911424,29180992,3730432,24178176,16252864,16240576
2026-05-13T16:10:59+01:00,server,1308567525,111374,2918804,329698028,150322,0,138827,0,32911424,29180416,3731008,24177600,16252864,16240576
2026-05-13T16:11:00+01:00,server,1308569806,111374,2918833,329700683,150322,0,138827,0,32911424,29182592,3728832,24179776,16252864,16240576
2026-05-13T16:11:01+01:00,server,1308572146,111374,2918847,329703319,150322,0,138827,0,32911424,29179968,3731456,24177152,16252864,16240576
2026-05-13T16:11:02+01:00,server,1308574459,111374,2918863,329705973,150322,0,138829,0,32911424,29181888,3729536,24179072,16252864,16240576
2026-05-13T16:11:03+01:00,server,1308576765,111374,2918869,329708614,150322,0,138829,0,32911424,29177088,3734336,24174272,16252864,16240576
2026-05-13T16:11:04+01:00,server,1308579049,111374,2918887,329711324,150322,0,138830,0,32911424,29158336,3753088,24155520,16252864,16240576
2026-05-13T16:11:05+01:00,server,1308581508,111374,2918898,329713854,150322,0,138830,0,32911424,29134208,3777216,24131392,16252864,16240576
2026-05-13T16:11:06+01:00,server,1308583941,111374,2918907,329716361,150322,0,138830,0,32911424,29136448,3774976,24133632,16252864,16240576
2026-05-13T16:11:07+01:00,server,1308586394,111374,2918918,329718882,150322,0,138830,0,32911424,29139456,3771968,24136640,16252864,16240576
2026-05-13T16:11:08+01:00,server,1308588850,111374,2918930,329721415,150322,0,138830,0,32911424,29139264,3772160,24136448,16252864,16240576
2026-05-13T16:11:09+01:00,server,1308591280,111374,2918941,329723902,150322,0,138830,0,32911424,29139392,3772032,24136576,16252864,16240576
2026-05-13T16:11:10+01:00,server,1308593741,111374,2918951,329726421,150322,0,138830,0,32911424,29136896,3774528,24134080,16252864,16240576
2026-05-13T16:11:11+01:00,server,1308596191,111374,2918970,329728925,150322,0,138831,0,32911424,29140352,3771072,24137536,16252864,16240576
2026-05-13T16:11:12+01:00,server,1308598625,111374,2918981,329731433,150322,0,138831,0,32911424,29140928,3770496,24138112,16252864,16240576
2026-05-13T16:11:13+01:00,server,1308601073,111374,2918990,329733950,150322,0,138831,0,32911424,29138432,3772992,24135616,16252864,16240576
2026-05-13T16:11:14+01:00,server,1308603492,111374,2918995,329736476,150322,0,138832,0,32911424,29138624,3772800,24135808,16252864,16240576
2026-05-13T16:11:15+01:00,server,1308605932,111374,2919008,329738972,150322,0,138832,0,32911424,29138624,3772800,24135808,16252864,16240576
2026-05-13T16:11:16+01:00,server,1308608383,111374,2919019,329741487,150322,0,138832,0,32911424,29140352,3771072,24137536,16252864,16240576
2026-05-13T16:11:17+01:00,server,1308610842,111374,2919031,329744013,150322,0,138833,0,32911424,29136384,3775040,24133504,16252864,16240576
2026-05-13T16:11:18+01:00,server,1308613267,111374,2919038,329746517,150322,0,138833,0,32911424,29140928,3770496,24138048,16252864,16240576
2026-05-13T16:11:19+01:00,server,1308615672,111374,2919051,329749006,150322,0,138833,0,32911424,29144384,3767040,24141504,16252864,16240576
2026-05-13T16:11:20+01:00,server,1308618133,111374,2919061,329751520,150322,0,138833,0,32911424,29142592,3768832,24139712,16252864,16240576
2026-05-13T16:11:21+01:00,server,1308620584,111374,2919070,329754038,150322,0,138833,0,32911424,29142208,3769216,24139328,16252864,16240576
2026-05-13T16:11:22+01:00,server,1308623022,111374,2919077,329756553,150322,0,138833,0,32911424,29140800,3770624,24137920,16252864,16240576
2026-05-13T16:11:24+01:00,server,1308625490,111374,2919089,329759085,150322,0,138833,0,32911424,29140352,3771072,24137472,16252864,16240576
2026-05-13T16:11:25+01:00,server,1308627949,111374,2919098,329761626,150322,0,138833,0,32911424,29140544,3770880,24137664,16252864,16240576
2026-05-13T16:11:26+01:00,server,1308630401,111374,2919107,329764123,150322,0,138833,0,32911424,29144192,3767232,24141312,16252864,16240576
2026-05-13T16:11:27+01:00,server,1308632832,111374,2919121,329766632,150322,0,138833,0,32911424,29142336,3769088,24139456,16252864,16240576
2026-05-13T16:11:28+01:00,server,1308635318,111374,2919129,329769169,150322,0,138833,0,32911424,29142144,3769280,24139264,16252864,16240576
2026-05-13T16:11:29+01:00,server,1308637728,111374,2919141,329771682,150322,0,138833,0,32911424,29143104,3768320,24140224,16252864,16240576
2026-05-13T16:11:30+01:00,server,1308640187,111374,2919153,329774194,150322,0,138833,0,32911424,29143872,3767552,24140992,16252864,16240576
2026-05-13T16:11:31+01:00,server,1308642638,111374,2919169,329776711,150322,0,138833,0,32911424,29140992,3770432,24138112,16252864,16240576
2026-05-13T16:11:32+01:00,server,1308645065,111374,2919181,329779227,150322,0,138833,0,32911424,29143872,3767552,24140992,16252864,16240576
2026-05-13T16:11:33+01:00,server,1308647524,111374,2919193,329781737,150322,0,138833,0,32911424,29142528,3768896,24139648,16252864,16240576
2026-05-13T16:11:34+01:00,server,1308649971,111374,2919204,329784257,150322,0,138834,0,32911424,29143680,3767744,24140800,16252864,16240576
2026-05-13T16:11:35+01:00,server,1308652381,111374,2919216,329786742,150322,0,138834,0,32911424,29144000,3767424,24141120,16252864,16240576
2026-05-13T16:11:36+01:00,server,1308654824,111374,2919247,329789263,150322,0,138834,0,32911424,29144000,3767424,24141120,16252864,16240576
2026-05-13T16:11:37+01:00,server,1308657246,111374,2919263,329791827,150322,0,138834,0,32911424,29141888,3769536,24139008,16252864,16240576
2026-05-13T16:11:38+01:00,server,1308659630,111374,2919277,329794356,150322,0,138834,0,32911424,29140160,3771264,24137280,16252864,16240576
2026-05-13T16:11:39+01:00,server,1308662080,111374,2919295,329796886,150322,0,138834,0,32911424,29138944,3772480,24136064,16252864,16240576
2026-05-13T16:11:40+01:00,server,1308664396,111374,2919310,329799422,150322,0,138834,0,32911424,29137600,3773824,24134720,16252864,16240576
2026-05-13T16:11:41+01:00,server,1308666838,111374,2919337,329801929,150322,0,138835,0,32911424,29141120,3770304,24138240,16252864,16240576
2026-05-13T16:11:42+01:00,server,1308669007,111374,2919352,329804502,150322,0,138835,0,32911424,29140672,3770752,24137792,16252864,16240576
2026-05-13T16:11:43+01:00,server,1308671641,111374,2919370,329807320,150322,0,138835,0,32911424,29141312,3770112,24138432,16252864,16240576
2026-05-13T16:11:44+01:00,server,1308674239,111374,2919400,329810199,150322,0,138836,0,32911424,29137792,3773632,24134912,16252864,16240576
2026-05-13T16:11:46+01:00,server,1308676896,111374,2919421,329813030,150322,0,138836,0,32911424,29139840,3771584,24136960,16252864,16240576
2026-05-13T16:11:47+01:00,server,1308679659,111374,2919433,329815899,150322,0,138836,0,32911424,29142912,3768512,24140032,16252864,16240576
2026-05-13T16:11:48+01:00,server,1308682469,111374,2919439,329818815,150322,0,138837,0,32911424,29142208,3769216,24139264,16252864,16240576
2026-05-13T16:11:49+01:00,server,1308684967,111374,2919457,329821609,150322,0,138839,0,32911424,29143936,3767488,24140992,16252864,16240576
2026-05-13T16:11:50+01:00,server,1308687414,111374,2919481,329824280,150322,0,138839,0,32911424,29144576,3766848,24141632,16252864,16240576
2026-05-13T16:11:51+01:00,server,1308689702,111374,2919499,329826846,150322,0,138840,0,32911424,29145536,3765888,24142592,16252864,16240576
2026-05-13T16:11:52+01:00,server,1308692042,111374,2919513,329829408,150322,0,138841,0,32911424,29144192,3767232,24141248,16252864,16240576
2026-05-13T16:11:53+01:00,server,1308694382,111374,2919527,329831967,150322,0,138843,0,32911424,29139968,3771456,24137024,16252864,16240576
2026-05-13T16:11:54+01:00,server,1308696730,111374,2919550,329834556,150322,0,138844,0,32911424,29141120,3770304,24138176,16252864,16240576
2026-05-13T16:11:55+01:00,server,1308699072,111374,2919564,329837155,150322,0,138844,0,32911424,29139904,3771520,24136960,16252864,16240576
2026-05-13T16:11:56+01:00,server,1308701472,111374,2919599,329839743,150322,0,138844,0,32911424,29136512,3774912,24133568,16252864,16240576
2026-05-13T16:11:57+01:00,server,1308703781,111374,2919619,329842343,150322,0,138844,0,32911424,29139776,3771648,24136832,16252864,16240576
2026-05-13T16:11:58+01:00,server,1308706142,111374,2919633,329844922,150322,0,138844,0,32911424,29135808,3775616,24132800,16252864,16240576
2026-05-13T16:11:59+01:00,server,1308708457,111374,2919663,329847509,150322,0,138845,0,32911424,29137216,3774208,24134208,16252864,16240576
2026-05-13T16:12:00+01:00,server,1308710827,111374,2919677,329850102,150322,0,138845,0,32911424,29135168,3776256,24132160,16252864,16240576
2026-05-13T16:12:01+01:00,server,1308713176,111374,2919692,329852691,150322,0,138846,0,32911424,29132480,3778944,24129472,16252864,16240576
2026-05-13T16:12:02+01:00,server,1308715432,111374,2919707,329855313,150322,0,138847,0,32911424,29133824,3777600,24130816,16252864,16240576
2026-05-13T16:12:03+01:00,server,1308717685,111374,2919733,329857939,150322,0,138847,0,32911424,29132672,3778752,24129664,16252864,16240576
2026-05-13T16:12:05+01:00,server,1308720090,111374,2919742,329860556,150322,0,138849,0,32911424,29132608,3778816,24129600,16252864,16240576
2026-05-13T16:12:06+01:00,server,1308722396,111374,2919763,329863171,150322,0,138849,0,32911424,29132032,3779392,24129024,16252864,16240576
2026-05-13T16:12:07+01:00,server,1308724682,111374,2919780,329865794,150322,0,138850,0,32911424,29134528,3776896,24131520,16252864,16240576
2026-05-13T16:12:08+01:00,server,1308727056,111374,2919810,329868433,150322,0,138850,0,32911424,29135104,3776320,24132096,16252864,16240576
2026-05-13T16:12:09+01:00,server,1308729410,111374,2919830,329871072,150322,0,138851,0,32911424,29134144,3777280,24131136,16252864,16240576
2026-05-13T16:12:10+01:00,server,1308731719,111374,2919857,329873726,150322,0,138852,0,32911424,29129344,3782080,24126336,16252864,16240576
2026-05-13T16:12:11+01:00,server,1308734058,111374,2919875,329876349,150322,0,138854,0,32911424,29131904,3779520,24128896,16252864,16240576
2026-05-13T16:12:12+01:00,server,1308736391,111374,2919889,329879002,150322,0,138854,0,32911424,29130944,3780480,24127936,16252864,16240576
2026-05-13T16:12:13+01:00,server,1308738702,111374,2919908,329881682,150322,0,138854,0,32911424,29130240,3781184,24127232,16252864,16240576
2026-05-13T16:12:14+01:00,server,1308740981,111374,2919921,329884337,150322,0,138854,0,32911424,29129984,3781440,24126976,16252864,16240576
2026-05-13T16:12:15+01:00,server,1308743227,111374,2919941,329886986,150322,0,138854,0,32911424,29129408,3782016,24126400,16252864,16240576
2026-05-13T16:12:16+01:00,server,1308745505,111374,2919965,329889618,150322,0,138855,0,32911424,29129536,3781888,24126528,16252864,16240576
2026-05-13T16:12:17+01:00,server,1308747806,111374,2919988,329892269,150322,0,138855,0,32911424,29130560,3780864,24127552,16252864,16240576
2026-05-13T16:12:18+01:00,server,1308750300,111374,2920008,329894923,150322,0,138856,0,32911424,29131392,3780032,24128384,16252864,16240576
2026-05-13T16:12:19+01:00,server,1308752606,111374,2920023,329897583,150322,0,138856,0,32911424,29132160,3779264,24129152,16252864,16240576
2026-05-13T16:12:20+01:00,server,1308754970,111374,2920034,329900254,150322,0,138856,0,32911424,29125632,3785792,24122624,16252864,16240576
2026-05-13T16:12:21+01:00,server,1308757251,111374,2920075,329902909,150322,0,138856,0,32911424,29124864,3786560,24121856,16252864,16240576
2026-05-13T16:12:22+01:00,server,1308759543,111374,2920084,329905576,150322,0,138856,0,32911424,29125056,3786368,24122048,16252864,16240576
2026-05-13T16:12:23+01:00,server,1308761829,111374,2920100,329908268,150322,0,138856,0,32911424,29125056,3786368,24122048,16252864,16240576
2026-05-13T16:12:24+01:00,server,1308764123,111374,2920116,329910940,150322,0,138856,0,32911424,29126592,3784832,24123584,16252864,16240576
2026-05-13T16:12:25+01:00,server,1308766322,111374,2920131,329913597,150322,0,138856,0,32911424,29126336,3785088,24123328,16252864,16240576
2026-05-13T16:12:26+01:00,server,1308768644,111374,2920155,329916260,150322,0,138856,0,32911424,29126912,3784512,24123904,16252864,16240576
2026-05-13T16:12:27+01:00,server,1308770949,111374,2920177,329918944,150322,0,138856,0,32911424,29126080,3785344,24123072,16252864,16240576
2026-05-13T16:12:28+01:00,server,1308773221,111374,2920203,329921594,150322,0,138856,0,32911424,29124800,3786624,24121792,16252864,16240576
2026-05-13T16:12:29+01:00,server,1308775512,111374,2920217,329924269,150322,0,138856,0,32911424,29128064,3783360,24125056,16252864,16240576
2026-05-13T16:12:30+01:00,server,1308777916,111374,2920257,329926884,150322,0,138856,0,32911424,29116864,3794560,24113856,16252864,16240576
2026-05-13T16:12:32+01:00,server,1308780238,111374,2920275,329929460,150322,0,138860,0,32911424,29115520,3795904,24112512,16252864,16240576
2026-05-13T16:12:33+01:00,server,1308782407,111374,2920287,329932132,150322,0,138860,0,32911424,29118400,3793024,24115264,16252864,16240576
2026-05-13T16:12:34+01:00,server,1308784679,111374,2920298,329934831,150322,0,138860,0,32911424,29117248,3794176,24114112,16252864,16240576
2026-05-13T16:12:35+01:00,server,1308786891,111374,2920309,329937503,150322,0,138861,0,32911424,29116288,3795136,24113152,16252864,16240576
2026-05-13T16:12:36+01:00,server,1308789184,111374,2920317,329940195,150322,0,138861,0,32911424,29117824,3793600,24114688,16252864,16240576
2026-05-13T16:12:37+01:00,server,1308791474,111374,2920326,329942899,150322,0,138861,0,32911424,29118464,3792960,24115328,16252864,16240576
2026-05-13T16:12:38+01:00,server,1308793715,111374,2920339,329945567,150322,0,138862,0,32911424,29118464,3792960,24115328,16252864,16240576
2026-05-13T16:12:39+01:00,server,1308795972,111374,2920352,329948249,150322,0,138862,0,32911424,29119488,3791936,24116352,16252864,16240576
2026-05-13T16:12:40+01:00,server,1308798284,111374,2920372,329950950,150322,0,138863,0,32911424,29120448,3790976,24117312,16252864,16240576
2026-05-13T16:12:41+01:00,server,1308800516,111374,2920398,329953592,150322,0,138863,0,32911424,29119360,3792064,24116224,16252864,16240576
2026-05-13T16:12:42+01:00,server,1308802736,111374,2920419,329956257,150322,0,138864,0,32911424,29119744,3791680,24116608,16252864,16240576
2026-05-13T16:12:43+01:00,server,1308804986,111374,2920431,329958945,150322,0,138864,0,32911424,29120320,3791104,24117184,16252864,16240576
2026-05-13T16:12:44+01:00,server,1308807230,111374,2920441,329961639,150322,0,138864,0,32911424,29122816,3788608,24119680,16252864,16240576
2026-05-13T16:12:45+01:00,server,1308809441,111374,2920454,329964305,150322,0,138864,0,32911424,29118208,3793216,24115072,16252864,16240576
2026-05-13T16:12:46+01:00,server,1308811747,111374,2920465,329967004,150322,0,138864,0,32911424,29118208,3793216,24115072,16252864,16240576
2026-05-13T16:12:47+01:00,server,1308813962,111374,2920481,329969712,150322,0,138865,0,32911424,29116480,3794944,24113344,16252864,16240576
2026-05-13T16:12:48+01:00,server,1308816353,111374,2920487,329972402,150322,0,138865,0,32911424,29120576,3790848,24117376,16252864,16240576
2026-05-13T16:12:49+01:00,server,1308818583,111374,2920501,329975099,150322,0,138865,0,32911424,29119232,3792192,24116032,16252864,16240576
2026-05-13T16:12:50+01:00,server,1308820870,111374,2920514,329977813,150322,0,138865,0,32911424,29120768,3790656,24117568,16252864,16240576
2026-05-13T16:12:51+01:00,server,1308823115,111374,2920532,329980534,150322,0,138865,0,32911424,29123648,3787776,24120448,16252864,16240576
2026-05-13T16:12:52+01:00,server,1308825381,111374,2920549,329983238,150322,0,138865,0,32911424,29122688,3788736,24119488,16252864,16240576
2026-05-13T16:12:53+01:00,server,1308827610,111374,2920566,329985949,150322,0,138865,0,32911424,29123840,3787584,24120640,16252864,16240576
2026-05-13T16:12:54+01:00,server,1308829922,111374,2920586,329988690,150322,0,138865,0,32911424,29125184,3786240,24121984,16252864,16240576
2026-05-13T16:12:55+01:00,server,1308832153,111374,2920601,329991405,150322,0,138867,0,32911424,29122496,3788928,24119296,16252864,16240576
2026-05-13T16:12:56+01:00,server,1308834416,111374,2920631,329994107,150322,0,138867,0,32911424,29119936,3791488,24116736,16252864,16240576
2026-05-13T16:12:57+01:00,server,1308836710,111374,2920645,329996866,150322,0,138868,0,32911424,29121536,3789888,24118336,16252864,16240576
2026-05-13T16:12:58+01:00,server,1308838910,111374,2920662,329999591,150322,0,138870,0,32911424,29122048,3789376,24118848,16252864,16240576
2026-05-13T16:13:00+01:00,server,1308841070,111374,2920680,330002335,150322,0,138870,0,32911424,29123968,3787456,24120768,16252864,16240576
2026-05-13T16:13:01+01:00,server,1308843348,111374,2920690,330005076,150322,0,138870,0,32911424,29122816,3788608,24119616,16252864,16240576
2026-05-13T16:13:02+01:00,server,1308845561,111374,2920705,330007811,150322,0,138870,0,32911424,29121856,3789568,24118656,16252864,16240576
2026-05-13T16:13:03+01:00,server,1308847776,111374,2920726,330010533,150322,0,138870,0,32911424,29120256,3791168,24117056,16252864,16240576
2026-05-13T16:13:04+01:00,server,1308849988,111374,2920745,330013227,150322,0,138870,0,32911424,29118912,3792512,24115712,16252864,16240576
2026-05-13T16:13:05+01:00,server,1308852145,111374,2920762,330015951,150322,0,138870,0,32911424,29119680,3791744,24116480,16252864,16240576
2026-05-13T16:13:06+01:00,server,1308854357,111374,2920777,330018689,150322,0,138870,0,32911424,29118912,3792512,24115712,16252864,16240576
2026-05-13T16:13:07+01:00,server,1308856659,111374,2920786,330021418,150322,0,138871,0,32911424,29118528,3792896,24115328,16252864,16240576
2026-05-13T16:13:08+01:00,server,1308858869,111374,2920797,330024167,150322,0,138871,0,32911424,29118592,3792832,24115392,16252864,16240576
2026-05-13T16:13:09+01:00,server,1308861125,111374,2920808,330026915,150322,0,138871,0,32911424,29115520,3795904,24112320,16252864,16240576
2026-05-13T16:13:10+01:00,server,1308863302,111375,2920824,330029628,150322,0,138871,0,32911424,29119936,3791488,24116736,16252864,16240576
2026-05-13T16:13:11+01:00,server,1308865678,111375,2920842,330032351,150322,0,138871,0,32911424,29120192,3791232,24116992,16252864,16240576
2026-05-13T16:13:12+01:00,server,1308867901,111375,2920854,330035099,150322,0,138871,0,32911424,29121344,3790080,24118144,16252864,16240576
2026-05-13T16:13:13+01:00,server,1308870185,111375,2920874,330037825,150322,0,138873,0,32911424,29121472,3789952,24118272,16252864,16240576
2026-05-13T16:13:14+01:00,server,1308872404,111375,2920882,330040557,150322,0,138873,0,32911424,29119552,3791872,24116352,16252864,16240576
2026-05-13T16:13:15+01:00,server,1308874795,111375,2920890,330043236,150322,0,138874,0,32911424,29092096,3819328,24088896,16252864,16240576
2026-05-13T16:13:16+01:00,server,1308877226,111375,2920900,330045745,150322,0,138874,0,32911424,29093824,3817600,24090624,16252864,16240576
2026-05-13T16:13:17+01:00,server,1308879658,111375,2920911,330048321,150322,0,138875,0,32911424,29090624,3820800,24087360,16252864,16240576
2026-05-13T16:13:18+01:00,server,1308882112,111375,2920918,330050837,150322,0,138875,0,32911424,29092608,3818816,24089216,16252864,16240576
2026-05-13T16:13:19+01:00,server,1308884542,111375,2920930,330053322,150322,0,138876,0,32911424,29091456,3819968,24088064,16252864,16240576
2026-05-13T16:13:20+01:00,server,1308886973,111375,2920942,330055805,150322,0,138876,0,32911424,29085504,3825920,24082112,16252864,16240576
2026-05-13T16:13:21+01:00,server,1308889361,111375,2920952,330058334,150322,0,138877,0,32911424,29088768,3822656,24085376,16252864,16240576
2026-05-13T16:13:22+01:00,server,1308891806,111375,2920958,330060831,150322,0,138877,0,32911424,29090368,3821056,24086976,16252864,16240576
2026-05-13T16:13:23+01:00,server,1308894226,111375,2920965,330063343,150322,0,138877,0,32911424,29093504,3817920,24090048,16252864,16240576
2026-05-13T16:13:24+01:00,server,1308896682,111375,2920976,330065855,150322,0,138877,0,32911424,29093312,3818112,24089856,16252864,16240576
2026-05-13T16:13:25+01:00,server,1308899066,111375,2920986,330068394,150322,0,138878,0,32911424,29095488,3815936,24092032,16252864,16240576
2026-05-13T16:13:26+01:00,server,1308901543,111375,2921000,330070885,150322,0,138878,0,32911424,29099008,3812416,24095424,16252864,16240576
2026-05-13T16:13:28+01:00,server,1308904017,111375,2921013,330073415,150322,0,138878,0,32911424,29098368,3813056,24094784,16252864,16240576
2026-05-13T16:13:29+01:00,server,1308906445,111375,2921021,330075923,150322,0,138879,0,32911424,29099520,3811904,24095936,16252864,16240576
2026-05-13T16:13:30+01:00,server,1308908847,111375,2921032,330078440,150322,0,138879,0,32911424,29100096,3811328,24096512,16252864,16240576
2026-05-13T16:13:31+01:00,server,1308911280,111375,2921040,330080943,150322,0,138879,0,32911424,29101504,3809920,24097920,16252864,16240576
2026-05-13T16:13:32+01:00,server,1308913734,111375,2921050,330083465,150323,0,138879,0,32911424,29098048,3813376,24094464,16252864,16240576
2026-05-13T16:13:33+01:00,server,1308916167,111375,2921060,330085967,150323,0,138879,0,32911424,29102464,3808960,24098880,16252864,16240576
2026-05-13T16:13:34+01:00,server,1308918568,111375,2921065,330088499,150323,0,138879,0,32911424,29097024,3814400,24093440,16252864,16240576
2026-05-13T16:13:35+01:00,server,1308921029,111375,2921070,330091018,150323,0,138879,0,32911424,29094272,3817152,24090688,16252864,16240576
2026-05-13T16:13:36+01:00,server,1308923466,111375,2921082,330093531,150323,0,138879,0,32911424,29097536,3813888,24093952,16252864,16240576
2026-05-13T16:13:37+01:00,server,1308925893,111375,2921095,330096019,150323,0,138879,0,32911424,29094912,3816512,24091328,16252864,16240576
2026-05-13T16:13:38+01:00,server,1308928308,111375,2921103,330098560,150323,0,138880,0,32911424,29096064,3815360,24092480,16252864,16240576
2026-05-13T16:13:39+01:00,server,1308930763,111375,2921112,330101077,150323,0,138880,0,32911424,29094528,3816896,24090944,16252864,16240576
2026-05-13T16:13:40+01:00,server,1308933189,111375,2921121,330103564,150323,0,138880,0,32911424,29096896,3814528,24093312,16252864,16240576
2026-05-13T16:13:41+01:00,server,1308935586,111375,2921137,330106056,150323,0,138880,0,32911424,29096704,3814720,24093120,16252864,16240576
2026-05-13T16:13:42+01:00,server,1308937987,111375,2921180,330108559,150323,0,138881,0,32911424,29100224,3811200,24096640,16252864,16240576
2026-05-13T16:13:43+01:00,server,1308940372,111375,2921202,330111065,150323,0,138881,0,32911424,29098496,3812928,24094912,16252864,16240576
2026-05-13T16:13:44+01:00,server,1308942814,111375,2921216,330113607,150323,0,138881,0,32911424,29098368,3813056,24094784,16252864,16240576
2026-05-13T16:13:45+01:00,server,1308945280,111375,2921225,330116163,150323,0,138881,0,32911424,29095104,3816320,24091520,16252864,16240576
2026-05-13T16:13:46+01:00,server,1308947661,111375,2921246,330118714,150323,0,138881,0,32911424,29096512,3814912,24092928,16252864,16240576
2026-05-13T16:13:47+01:00,server,1308950136,111375,2921267,330121283,150323,0,138881,0,32911424,29097408,3814016,24093824,16252864,16240576
2026-05-13T16:13:48+01:00,server,1308952547,111375,2921282,330123844,150323,0,138882,0,32911424,29096640,3814784,24092992,16252864,16240576
2026-05-13T16:13:49+01:00,server,1308954925,111375,2921294,330126395,150323,0,138884,0,32911424,29096192,3815232,24092544,16252864,16240576
2026-05-13T16:13:50+01:00,server,1308957289,111375,2921317,330128978,150323,0,138885,0,32911424,29098496,3812928,24094848,16252864,16240576
2026-05-13T16:13:51+01:00,server,1308959710,111375,2921335,330131543,150323,0,138885,0,32911424,29099712,3811712,24095936,16252864,16240576
2026-05-13T16:13:52+01:00,server,1308962024,111375,2921352,330134099,150323,0,138886,0,32911424,29101056,3810368,24097280,16252864,16240576
2026-05-13T16:13:53+01:00,server,1308964445,111375,2921370,330136687,150323,0,138886,0,32911424,29099136,3812288,24095360,16252864,16240576
2026-05-13T16:13:54+01:00,server,1308966946,111375,2921379,330139260,150323,0,138886,0,32911424,29099840,3811584,24096064,16252864,16240576
2026-05-13T16:13:55+01:00,server,1308969068,111375,2921413,330141810,150323,0,138887,0,32911424,29097408,3814016,24093632,16252864,16240576
2026-05-13T16:13:56+01:00,server,1308971419,111375,2921434,330144361,150323,0,138887,0,32911424,29096960,3814464,24093184,16252864,16240576
2026-05-13T16:13:57+01:00,server,1308973851,111375,2921442,330146943,150323,0,138888,0,32911424,29097536,3813888,24093760,16252864,16240576
2026-05-13T16:13:59+01:00,server,1308976300,111375,2921457,330149536,150323,0,138889,0,32911424,29096448,3814976,24092672,16252864,16240576
2026-05-13T16:14:00+01:00,server,1308978702,111375,2921469,330152127,150323,0,138890,0,32911424,29093056,3818368,24089216,16252864,16240576
2026-05-13T16:14:01+01:00,server,1308981035,111375,2921500,330154748,150323,0,138890,0,32911424,29094016,3817408,24090176,16252864,16240576
2026-05-13T16:14:02+01:00,server,1308983385,111375,2921512,330157346,150323,0,138890,0,32911424,29090368,3821056,24086528,16252864,16240576
2026-05-13T16:14:03+01:00,server,1308985711,111375,2921529,330159918,150323,0,138890,0,32911424,29089600,3821824,24085760,16252864,16240576
2026-05-13T16:14:04+01:00,server,1308988091,111375,2921560,330162504,150323,0,138890,0,32911424,29088640,3822784,24084800,16252864,16240576
2026-05-13T16:14:05+01:00,server,1308990369,111375,2921585,330165087,150323,0,138890,0,32911424,29088256,3823168,24084416,16252864,16240576
2026-05-13T16:14:06+01:00,server,1308992694,111375,2921605,330167668,150323,0,138891,0,32911424,29089216,3822208,24085376,16252864,16240576
2026-05-13T16:14:07+01:00,server,1308995068,111375,2921621,330170272,150323,0,138891,0,32911424,29090816,3820608,24086976,16252864,16240576
2026-05-13T16:14:08+01:00,server,1308997472,111375,2921634,330172904,150323,0,138891,0,32911424,29090432,3820992,24086592,16252864,16240576
2026-05-13T16:14:09+01:00,server,1308999823,111375,2921646,330175519,150323,0,138891,0,32911424,29089856,3821568,24086016,16252864,16240576
2026-05-13T16:14:10+01:00,server,1309002125,111375,2921657,330178108,150323,0,138893,0,32911424,29087808,3823616,24083968,16252864,16240576
2026-05-13T16:14:11+01:00,server,1309004498,111375,2921674,330180693,150323,0,138893,0,32911424,29090112,3821312,24086208,16252864,16240576
2026-05-13T16:14:12+01:00,server,1309006870,111375,2921686,330183331,150323,0,138893,0,32911424,29089728,3821696,24085824,16252864,16240576
2026-05-13T16:14:13+01:00,server,1309009201,111375,2921698,330185972,150323,0,138894,0,32911424,29092800,3818624,24088896,16252864,16240576
2026-05-13T16:14:14+01:00,server,1309011520,111375,2921711,330188621,150323,0,138895,0,32911424,29091840,3819584,24087936,16252864,16240576
2026-05-13T16:14:15+01:00,server,1309013874,111375,2921736,330191255,150323,0,138897,0,32911424,29090880,3820544,24086976,16252864,16240576
2026-05-13T16:14:16+01:00,server,1309016198,111375,2921748,330193888,150323,0,138897,0,32911424,29093440,3817984,24089536,16252864,16240576
2026-05-13T16:14:17+01:00,server,1309018506,111375,2921766,330196534,150323,0,138898,0,32911424,29090112,3821312,24086208,16252864,16240576
2026-05-13T16:14:18+01:00,server,1309020811,111375,2921793,330199173,150323,0,138898,0,32911424,29089152,3822272,24085248,16252864,16240576
2026-05-13T16:14:19+01:00,server,1309023130,111375,2921803,330201808,150323,0,138898,0,32911424,29088960,3822464,24085056,16252864,16240576
2026-05-13T16:14:20+01:00,server,1309025497,111375,2921813,330204461,150323,0,138900,0,32911424,29089024,3822400,24085056,16252864,16240576
2026-05-13T16:14:21+01:00,server,1309027827,111375,2921827,330207101,150323,0,138900,0,32911424,29089792,3821632,24085824,16252864,16240576
2026-05-13T16:14:22+01:00,server,1309030155,111375,2921847,330209740,150323,0,138902,0,32911424,29091328,3820096,24087360,16252864,16240576
2026-05-13T16:14:23+01:00,server,1309032547,111375,2921868,330212419,150323,0,138902,0,32911424,29090752,3820672,24086784,16252864,16240576
2026-05-13T16:14:25+01:00,server,1309034902,111375,2921886,330215090,150323,0,138902,0,32911424,29092096,3819328,24088128,16252864,16240576
2026-05-13T16:14:26+01:00,server,1309037240,111375,2921909,330217713,150323,0,138904,0,32911424,29091904,3819520,24087936,16252864,16240576
2026-05-13T16:14:27+01:00,server,1309039535,111375,2921932,330220371,150323,0,138905,0,32911424,29094144,3817280,24090176,16252864,16240576
2026-05-13T16:14:28+01:00,server,1309041835,111375,2921944,330223039,150323,0,138905,0,32911424,29095872,3815552,24091904,16252864,16240576
2026-05-13T16:14:29+01:00,server,1309044154,111375,2921953,330225680,150323,0,138905,0,32911424,29095808,3815616,24091840,16252864,16240576
2026-05-13T16:14:30+01:00,server,1309046433,111375,2921971,330228322,150323,0,138906,0,32911424,29096384,3815040,24092416,16252864,16240576
2026-05-13T16:14:31+01:00,server,1309048722,111375,2921986,330230982,150323,0,138906,0,32911424,29096192,3815232,24092224,16252864,16240576
2026-05-13T16:14:32+01:00,server,1309051035,111375,2921991,330233623,150323,0,138908,0,32911424,29096960,3814464,24092992,16252864,16240576
2026-05-13T16:14:33+01:00,server,1309053395,111375,2922000,330236281,150323,0,138909,0,32911424,29095808,3815616,24091840,16252864,16240576
2026-05-13T16:14:34+01:00,server,1309055691,111375,2922017,330238964,150323,0,138911,0,32911424,29095936,3815488,24091968,16252864,16240576
2026-05-13T16:14:35+01:00,server,1309057938,111375,2922027,330241614,150323,0,138912,0,32911424,29095936,3815488,24091968,16252864,16240576
2026-05-13T16:14:36+01:00,server,1309060149,111375,2922048,330244245,150323,0,138914,0,32911424,29095744,3815680,24091776,16252864,16240576
2026-05-13T16:14:37+01:00,server,1309062487,111375,2922065,330246904,150323,0,138914,0,32911424,29098432,3812992,24094464,16252864,16240576
2026-05-13T16:14:38+01:00,server,1309064825,111375,2922084,330249590,150323,0,138914,0,32911424,29099392,3812032,24095424,16252864,16240576
2026-05-13T16:14:39+01:00,server,1309067117,111375,2922094,330252273,150323,0,138914,0,32911424,29099776,3811648,24095808,16252864,16240576
2026-05-13T16:14:40+01:00,server,1309069496,111375,2922106,330254960,150323,0,138914,0,32911424,29099392,3812032,24095424,16252864,16240576
2026-05-13T16:14:41+01:00,server,1309071775,111375,2922131,330257620,150323,0,138914,0,32911424,29099712,3811712,24095744,16252864,16240576
2026-05-13T16:14:42+01:00,server,1309074082,111375,2922142,330260318,150323,0,138916,0,32911424,29100480,3810944,24096512,16252864,16240576
2026-05-13T16:14:43+01:00,server,1309076396,111375,2922152,330263024,150323,0,138917,0,32911424,29098496,3812928,24094528,16252864,16240576
2026-05-13T16:14:44+01:00,server,1309078588,111375,2922174,330265706,150323,0,138917,0,32911424,29097728,3813696,24093760,16252864,16240576
2026-05-13T16:14:45+01:00,server,1309080917,111375,2922186,330268402,150323,0,138917,0,32911424,29100672,3810752,24096704,16252864,16240576
2026-05-13T16:14:46+01:00,server,1309083238,111375,2922218,330271079,150323,0,138917,0,32911424,29100480,3810944,24096512,16252864,16240576
2026-05-13T16:14:47+01:00,server,1309085358,111375,2922240,330273730,150323,0,138917,0,32911424,29101248,3810176,24097280,16252864,16240576
2026-05-13T16:14:48+01:00,server,1309087663,111375,2922262,330276388,150323,0,138918,0,32911424,29099392,3812032,24095360,16252864,16240576
2026-05-13T16:14:49+01:00,server,1309089926,111375,2922271,330279085,150323,0,138918,0,32911424,29100928,3810496,24096896,16252864,16240576
2026-05-13T16:14:50+01:00,server,1309092198,111375,2922301,330281805,150323,0,138918,0,32911424,29098176,3813248,24094144,16252864,16240576
2026-05-13T16:14:52+01:00,server,1309094478,111375,2922318,330284504,150323,0,138918,0,32911424,29094528,3816896,24090496,16252864,16240576
2026-05-13T16:14:53+01:00,server,1309096684,111375,2922331,330287171,150323,0,138918,0,32911424,29094080,3817344,24090048,16252864,16240576
2026-05-13T16:14:54+01:00,server,1309098931,111375,2922342,330289849,150323,0,138918,0,32911424,29091712,3819712,24087680,16252864,16240576
2026-05-13T16:14:55+01:00,server,1309101178,111375,2922354,330292529,150323,0,138919,0,32911424,29091328,3820096,24087296,16252864,16240576
2026-05-13T16:14:56+01:00,server,1309103374,111375,2922374,330295173,150323,0,138919,0,32911424,29096128,3815296,24092096,16252864,16240576
2026-05-13T16:14:57+01:00,server,1309105694,111375,2922380,330297874,150323,0,138920,0,32911424,29097088,3814336,24093056,16252864,16240576
2026-05-13T16:14:58+01:00,server,1309107915,111375,2922407,330300569,150323,0,138921,0,32911424,29091904,3819520,24087872,16252864,16240576
2026-05-13T16:14:59+01:00,server,1309110153,111375,2922421,330303237,150323,0,138921,0,32911424,29090240,3821184,24086208,16252864,16240576
2026-05-13T16:15:00+01:00,server,1309112405,111375,2922439,330305932,150323,0,138921,0,32911424,29088704,3822720,24084672,16252864,16240576
2026-05-13T16:15:01+01:00,server,1309114683,111375,2922459,330308625,150323,0,138921,0,32911424,29088832,3822592,24084800,16252864,16240576
2026-05-13T16:15:02+01:00,server,1309116908,111375,2922475,330311289,150323,0,138921,0,32911424,29077824,3833600,24073728,16252864,16240576
2026-05-13T16:15:03+01:00,server,1309119168,111375,2922484,330313997,150323,0,138921,0,32911424,29074880,3836544,24070784,16252864,16240576
2026-05-13T16:15:04+01:00,server,1309121415,111375,2922500,330316702,150323,0,138922,0,32911424,29076992,3834432,24072896,16252864,16240576
2026-05-13T16:15:05+01:00,server,1309123694,111375,2922526,330319405,150323,0,138922,0,32911424,29075840,3835584,24071744,16252864,16240576
2026-05-13T16:15:06+01:00,server,1309125969,111375,2922539,330322136,150323,0,138922,0,32911424,29074304,3837120,24070208,16252864,16240576
2026-05-13T16:15:07+01:00,server,1309128242,111375,2922550,330324861,150323,0,138922,0,32911424,29073664,3837760,24069376,16252864,16240576
2026-05-13T16:15:08+01:00,server,1309130460,111375,2922557,330327602,150323,0,138922,0,32911424,29075328,3836096,24070976,16252864,16240576
2026-05-13T16:15:09+01:00,server,1309132754,111375,2922575,330330334,150323,0,138922,0,32911424,29074368,3837056,24070016,16252864,16240576
2026-05-13T16:15:10+01:00,server,1309135011,111375,2922591,330333062,150323,0,138922,0,32911424,29074560,3836864,24070208,16252864,16240576
2026-05-13T16:15:11+01:00,server,1309137293,111375,2922638,330335773,150323,0,138922,0,32911424,29075776,3835648,24071424,16252864,16240576
2026-05-13T16:15:12+01:00,server,1309139579,111375,2922652,330338517,150323,0,138922,0,32911424,29075904,3835520,24071552,16252864,16240576
2026-05-13T16:15:13+01:00,server,1309141783,111375,2922680,330341224,150323,0,138922,0,32911424,29076736,3834688,24072384,16252864,16240576
2026-05-13T16:15:14+01:00,server,1309143997,111375,2922710,330343950,150323,0,138923,0,32911424,29077504,3833920,24073152,16252864,16240576
2026-05-13T16:15:15+01:00,server,1309146247,111375,2922728,330346696,150323,0,138923,0,32911424,29077120,3834304,24072768,16252864,16240576
2026-05-13T16:15:16+01:00,server,1309148502,111375,2922747,330349380,150323,0,138923,0,32911424,29055872,3855552,24051456,16252864,16240576
2026-05-13T16:15:17+01:00,server,1309150928,111375,2922759,330351868,150323,0,138923,0,32911424,29050304,3861120,24045888,16252864,16240576
2026-05-13T16:15:18+01:00,server,1309153334,111375,2922768,330354411,150323,0,138923,0,32911424,29044864,3866560,24040448,16252864,16240576
2026-05-13T16:15:20+01:00,server,1309155792,111375,2922772,330356939,150323,0,138923,0,32911424,29048320,3863104,24043904,16252864,16240576
2026-05-13T16:15:21+01:00,server,1309158187,111375,2922783,330359469,150323,0,138923,0,32911424,29050048,3861376,24045568,16252864,16240576
2026-05-13T16:15:22+01:00,server,1309160649,111375,2922792,330361973,150323,0,138923,0,32911424,29050816,3860608,24046336,16252864,16240576
2026-05-13T16:15:23+01:00,server,1309163128,111375,2922806,330364508,150323,0,138923,0,32911424,29051968,3859456,24047488,16252864,16240576
2026-05-13T16:15:24+01:00,server,1309165506,111375,2922820,330367043,150323,0,138923,0,32911424,29052864,3858560,24048320,16252864,16240576
2026-05-13T16:15:25+01:00,server,1309167917,111375,2922833,330369522,150323,0,138923,0,32911424,29055552,3855872,24051008,16252864,16240576
2026-05-13T16:15:26+01:00,server,1309170354,111375,2922847,330371973,150323,0,138923,0,32911424,29055616,3855808,24051072,16252864,16240576
2026-05-13T16:15:27+01:00,server,1309172739,111375,2922861,330374481,150323,0,138923,0,32911424,29055616,3855808,24051072,16252864,16240576
2026-05-13T16:15:28+01:00,server,1309175194,111375,2922876,330376987,150323,0,138923,0,32911424,29056192,3855232,24051648,16252864,16240576
2026-05-13T16:15:29+01:00,server,1309177607,111375,2922888,330379541,150323,0,138924,0,32911424,29055488,3855936,24050944,16252864,16240576
2026-05-13T16:15:30+01:00,server,1309180044,111375,2922899,330382048,150323,0,138924,0,32911424,29057344,3854080,24052800,16252864,16240576
2026-05-13T16:15:31+01:00,server,1309182525,111375,2922911,330384568,150323,0,138924,0,32911424,29057088,3854336,24052544,16252864,16240576
2026-05-13T16:15:32+01:00,server,1309184922,111375,2922914,330387127,150323,0,138924,0,32911424,29055168,3856256,24050624,16252864,16240576
2026-05-13T16:15:33+01:00,server,1309187392,111375,2922927,330389631,150323,0,138924,0,32911424,29058816,3852608,24054272,16252864,16240576
2026-05-13T16:15:34+01:00,server,1309189878,111375,2922938,330392168,150323,0,138925,0,32911424,29057536,3853888,24052992,16252864,16240576
2026-05-13T16:15:35+01:00,server,1309192304,111375,2922954,330394725,150323,0,138925,0,32911424,29059648,3851776,24055104,16252864,16240576
2026-05-13T16:15:36+01:00,server,1309194749,111375,2922966,330397224,150323,0,138925,0,32911424,29062272,3849152,24057728,16252864,16240576
2026-05-13T16:15:37+01:00,server,1309197185,111375,2922975,330399762,150323,0,138925,0,32911424,29065152,3846272,24060608,16252864,16240576
2026-05-13T16:15:38+01:00,server,1309199619,111375,2922986,330402277,150323,0,138926,0,32911424,29064128,3847296,24059584,16252864,16240576
2026-05-13T16:15:39+01:00,server,1309202084,111375,2922998,330404774,150323,0,138926,0,32911424,29065408,3846016,24060864,16252864,16240576
2026-05-13T16:15:40+01:00,server,1309204464,111375,2923015,330407292,150323,0,138926,0,32911424,29068032,3843392,24063488,16252864,16240576
2026-05-13T16:15:41+01:00,server,1309206927,111375,2923045,330409794,150323,0,138926,0,32911424,29065536,3845888,24060992,16252864,16240576
2026-05-13T16:15:42+01:00,server,1309209390,111375,2923058,330412327,150323,0,138927,0,32911424,29064000,3847424,24059392,16252864,16240576
2026-05-13T16:15:43+01:00,server,1309211816,111375,2923074,330414850,150323,0,138927,0,32911424,29065088,3846336,24060480,16252864,16240576
2026-05-13T16:15:44+01:00,server,1309214209,111375,2923084,330417389,150323,0,138927,0,32911424,29065280,3846144,24060672,16252864,16240576
2026-05-13T16:15:45+01:00,server,1309216643,111375,2923099,330419930,150323,0,138928,0,32911424,29067904,3843520,24063296,16252864,16240576
2026-05-13T16:15:46+01:00,server,1309219048,111375,2923116,330422451,150323,0,138928,0,32911424,29068544,3842880,24063936,16252864,16240576
2026-05-13T16:15:47+01:00,server,1309221409,111375,2923137,330424994,150323,0,138929,0,32911424,29065536,3845888,24060800,16252864,16240576
2026-05-13T16:15:49+01:00,server,1309223832,111375,2923151,330427545,150323,0,138930,0,32911424,29064768,3846656,24060032,16252864,16240576
2026-05-13T16:15:50+01:00,server,1309226234,111375,2923170,330430111,150323,0,138930,0,32911424,29063232,3848192,24058496,16252864,16240576
2026-05-13T16:15:51+01:00,server,1309228656,111375,2923179,330432662,150323,0,138930,0,32911424,29066624,3844800,24061888,16252864,16240576
2026-05-13T16:15:52+01:00,server,1309230987,111375,2923197,330435198,150323,0,138930,0,32911424,29066368,3845056,24061632,16252864,16240576
2026-05-13T16:15:53+01:00,server,1309233367,111379,2923215,330437723,150323,0,138930,0,32911424,29069632,3841792,24064896,16252864,16240576
2026-05-13T16:15:54+01:00,server,1309235663,111379,2923236,330440275,150323,0,138931,0,32911424,29066560,3844864,24061824,16252864,16240576
2026-05-13T16:15:55+01:00,server,1309238004,111379,2923258,330442853,150323,0,138931,0,32911424,29065216,3846208,24060480,16252864,16240576
2026-05-13T16:15:56+01:00,server,1309240401,111379,2923269,330445398,150323,0,138931,0,32911424,29068288,3843136,24063552,16252864,16240576
2026-05-13T16:15:57+01:00,server,1309242747,111379,2923289,330447970,150323,0,138932,0,32911424,29066368,3845056,24061632,16252864,16240576
2026-05-13T16:15:58+01:00,server,1309245229,111379,2923301,330450551,150323,0,138932,0,32911424,29066560,3844864,24061824,16252864,16240576
2026-05-13T16:15:59+01:00,server,1309247649,111379,2923316,330453104,150323,0,138933,0,32911424,29065984,3845440,24061248,16252864,16240576
2026-05-13T16:16:00+01:00,server,1309249943,111379,2923343,330455691,150323,0,138933,0,32911424,29065600,3845824,24060864,16252864,16240576
2026-05-13T16:16:01+01:00,server,1309252386,111379,2923360,330458274,150323,0,138933,0,32911424,29064448,3846976,24059712,16252864,16240576
2026-05-13T16:16:02+01:00,server,1309254836,111379,2923369,330460829,150323,0,138933,0,32911424,29066752,3844672,24062016,16252864,16240576
2026-05-13T16:16:03+01:00,server,1309257166,111379,2923385,330463409,150323,0,138933,0,32911424,29066944,3844480,24062208,16252864,16240576
2026-05-13T16:16:04+01:00,server,1309259554,111379,2923398,330466024,150323,0,138934,0,32911424,29067136,3844288,24062400,16252864,16240576
2026-05-13T16:16:05+01:00,server,1309261907,111379,2923412,330468617,150323,0,138934,0,32911424,29065728,3845696,24060992,16252864,16240576
2026-05-13T16:16:06+01:00,server,1309264230,111379,2923440,330471188,150323,0,138934,0,32911424,29062080,3849344,24057344,16252864,16240576
2026-05-13T16:16:07+01:00,server,1309266608,111379,2923448,330473802,150323,0,138934,0,32911424,29060096,3851328,24055360,16252864,16240576
2026-05-13T16:16:08+01:00,server,1309268991,111379,2923461,330476440,150323,0,138935,0,32911424,29059712,3851712,24054976,16252864,16240576
2026-05-13T16:16:09+01:00,server,1309271337,111379,2923476,330479070,150323,0,138936,0,32911424,29061760,3849664,24057024,16252864,16240576
2026-05-13T16:16:10+01:00,server,1309273676,111379,2923491,330481697,150323,0,138936,0,32911424,29062208,3849216,24057472,16252864,16240576
2026-05-13T16:16:11+01:00,server,1309275995,111379,2923503,330484282,150323,0,138937,0,32911424,29061120,3850304,24056384,16252864,16240576
2026-05-13T16:16:12+01:00,server,1309278344,111379,2923521,330486899,150323,0,138937,0,32911424,29063232,3848192,24058496,16252864,16240576
2026-05-13T16:16:13+01:00,server,1309280727,111379,2923535,330489533,150323,0,138937,0,32911424,29060160,3851264,24055424,16252864,16240576
2026-05-13T16:16:14+01:00,server,1309283144,111379,2923553,330492164,150323,0,138938,0,32911424,29060160,3851264,24055424,16252864,16240576
2026-05-13T16:16:15+01:00,server,1309285444,111379,2923564,330494777,150323,0,138939,0,32911424,29064384,3847040,24059520,16252864,16240576
2026-05-13T16:16:17+01:00,server,1309287745,111379,2923603,330497397,150323,0,138939,0,32911424,29060736,3850688,24055872,16252864,16240576
2026-05-13T16:16:18+01:00,server,1309290079,111379,2923618,330500011,150323,0,138939,0,32911424,29056576,3854848,24051712,16252864,16240576
2026-05-13T16:16:19+01:00,server,1309292353,111379,2923632,330502605,150323,0,138939,0,32911424,29057152,3854272,24052288,16252864,16240576
2026-05-13T16:16:20+01:00,server,1309294636,111379,2923648,330505207,150323,0,138939,0,32911424,29059136,3852288,24054272,16252864,16240576
2026-05-13T16:16:21+01:00,server,1309296951,111379,2923664,330507813,150323,0,138939,0,32911424,29061568,3849856,24056704,16252864,16240576
2026-05-13T16:16:22+01:00,server,1309299259,111379,2923674,330510413,150323,0,138939,0,32911424,29059712,3851712,24054848,16252864,16240576
2026-05-13T16:16:23+01:00,server,1309301575,111379,2923711,330513016,150323,0,138941,0,32911424,29059712,3851712,24054848,16252864,16240576
2026-05-13T16:16:24+01:00,server,1309303887,111379,2923726,330515618,150323,0,138941,0,32911424,29060736,3850688,24055872,16252864,16240576
2026-05-13T16:16:25+01:00,server,1309306188,111379,2923744,330518227,150323,0,138941,0,32911424,29061504,3849920,24056640,16252864,16240576
2026-05-13T16:16:26+01:00,server,1309308413,111379,2923761,330520810,150323,0,138942,0,32911424,29063616,3847808,24058752,16252864,16240576
2026-05-13T16:16:27+01:00,server,1309310740,111379,2923775,330523421,150323,0,138942,0,32911424,29062336,3849088,24057472,16252864,16240576
2026-05-13T16:16:28+01:00,server,1309313001,111379,2923791,330526034,150323,0,138942,0,32911424,29063744,3847680,24058880,16252864,16240576
2026-05-13T16:16:29+01:00,server,1309315318,111379,2923810,330528651,150323,0,138942,0,32911424,29065088,3846336,24060224,16252864,16240576
2026-05-13T16:16:30+01:00,server,1309317593,111379,2923830,330531269,150323,0,138942,0,32911424,29065856,3845568,24060992,16252864,16240576
2026-05-13T16:16:31+01:00,server,1309319873,111379,2923851,330533889,150323,0,138943,0,32911424,29067008,3844416,24062144,16252864,16240576
2026-05-13T16:16:32+01:00,server,1309322112,111379,2923865,330536510,150323,0,138943,0,32911424,29063168,3848256,24058304,16252864,16240576
2026-05-13T16:16:33+01:00,server,1309324439,111379,2923870,330539145,150323,0,138944,0,32911424,29062336,3849088,24057472,16252864,16240576
2026-05-13T16:16:34+01:00,server,1309326712,111379,2923881,330541775,150323,0,138944,0,32911424,29058880,3852544,24054016,16252864,16240576
2026-05-13T16:16:35+01:00,server,1309329043,111379,2923893,330544400,150323,0,138944,0,32911424,29058688,3852736,24053824,16252864,16240576
2026-05-13T16:16:36+01:00,server,1309331371,111379,2923910,330547030,150323,0,138944,0,32911424,29058496,3852928,24053632,16252864,16240576
2026-05-13T16:16:37+01:00,server,1309333626,111379,2923917,330549663,150323,0,138944,0,32911424,29058880,3852544,24054016,16252864,16240576
2026-05-13T16:16:38+01:00,server,1309335868,111379,2923943,330552294,150323,0,138944,0,32911424,29059584,3851840,24054720,16252864,16240576
2026-05-13T16:16:39+01:00,server,1309338185,111379,2923959,330554926,150323,0,138944,0,32911424,29062016,3849408,24057152,16252864,16240576
2026-05-13T16:16:40+01:00,server,1309340442,111379,2923980,330557565,150323,0,138944,0,32911424,29061952,3849472,24057024,16252864,16240576
2026-05-13T16:16:41+01:00,server,1309342705,111379,2924004,330560172,150323,0,138945,0,32911424,29064512,3846912,24059584,16252864,16240576
2026-05-13T16:16:42+01:00,server,1309344962,111379,2924020,330562812,150323,0,138946,0,32911424,29062464,3848960,24057536,16252864,16240576
2026-05-13T16:16:43+01:00,server,1309347186,111379,2924033,330565453,150323,0,138947,0,32911424,29063232,3848192,24058304,16252864,16240576
2026-05-13T16:16:44+01:00,server,1309349434,111379,2924048,330568096,150323,0,138947,0,32911424,29060928,3850496,24056000,16252864,16240576
2026-05-13T16:16:45+01:00,server,1309351688,111379,2924080,330570742,150323,0,138947,0,32911424,29060928,3850496,24056000,16252864,16240576
2026-05-13T16:16:46+01:00,server,1309353911,111379,2924095,330573403,150323,0,138947,0,32911424,29059392,3852032,24054464,16252864,16240576
2026-05-13T16:16:47+01:00,server,1309356153,111379,2924109,330576068,150324,0,138948,0,32911424,29059776,3851648,24054848,16252864,16240576
2026-05-13T16:16:48+01:00,server,1309358451,111379,2924120,330578730,150324,0,138950,0,32911424,29061696,3849728,24056768,16252864,16240576
2026-05-13T16:16:49+01:00,server,1309360680,111379,2924141,330581394,150324,0,138951,0,32911424,29062656,3848768,24057728,16252864,16240576
2026-05-13T16:16:50+01:00,server,1309362865,111379,2924154,330584060,150324,0,138951,0,32911424,29059968,3851456,24055040,16252864,16240576
2026-05-13T16:16:51+01:00,server,1309365090,111379,2924166,330586727,150324,0,138951,0,32911424,29065152,3846272,24060224,16252864,16240576
2026-05-13T16:16:52+01:00,server,1309367346,111379,2924183,330589390,150324,0,138951,0,32911424,29063808,3847616,24058880,16252864,16240576
2026-05-13T16:16:53+01:00,server,1309369542,111379,2924202,330592051,150324,0,138951,0,32911424,29062464,3848960,24057536,16252864,16240576
2026-05-13T16:16:54+01:00,server,1309371809,111379,2924215,330594710,150324,0,138951,0,32911424,29062656,3848768,24057728,16252864,16240576
2026-05-13T16:16:55+01:00,server,1309374084,111379,2924247,330597349,150324,0,138952,0,32911424,29064832,3846592,24059840,16252864,16240576
2026-05-13T16:16:57+01:00,server,1309376286,111379,2924262,330600008,150324,0,138952,0,32911424,29060544,3850880,24055552,16252864,16240576
2026-05-13T16:16:58+01:00,server,1309378544,111379,2924281,330602677,150324,0,138952,0,32911424,29060160,3851264,24055168,16252864,16240576
2026-05-13T16:16:59+01:00,server,1309380791,111379,2924291,330605352,150324,0,138952,0,32911424,29059008,3852416,24054016,16252864,16240576
2026-05-13T16:17:00+01:00,server,1309383054,111379,2924302,330608028,150324,0,138952,0,32911424,29059200,3852224,24054208,16252864,16240576
2026-05-13T16:17:01+01:00,server,1309385270,111379,2924313,330610697,150324,0,138952,0,32911424,29059200,3852224,24054208,16252864,16240576
2026-05-13T16:17:02+01:00,server,1309387465,111379,2924326,330613374,150324,0,138952,0,32911424,29058304,3853120,24053312,16252864,16240576
2026-05-13T16:17:03+01:00,server,1309389652,111379,2924341,330616050,150324,0,138952,0,32911424,29056192,3855232,24051200,16252864,16240576
2026-05-13T16:17:04+01:00,server,1309391937,111379,2924354,330618728,150324,0,138953,0,32911424,29058624,3852800,24053632,16252864,16240576
2026-05-13T16:17:05+01:00,server,1309394132,111379,2924368,330621405,150324,0,138953,0,32911424,29056704,3854720,24051712,16252864,16240576
2026-05-13T16:17:06+01:00,server,1309396374,111379,2924386,330624082,150324,0,138953,0,32911424,29056512,3854912,24051520,16252864,16240576
2026-05-13T16:17:07+01:00,server,1309398546,111379,2924403,330626760,150324,0,138954,0,32911424,29060544,3850880,24055552,16252864,16240576
2026-05-13T16:17:08+01:00,server,1309400801,111379,2924420,330629438,150324,0,138954,0,32911424,29061312,3850112,24056320,16252864,16240576
2026-05-13T16:17:09+01:00,server,1309403052,111379,2924436,330632119,150324,0,138954,0,32911424,29053824,3857600,24048832,16252864,16240576
2026-05-13T16:17:10+01:00,server,1309405253,111379,2924452,330634804,150324,0,138954,0,32911424,29057920,3853504,24052928,16252864,16240576
2026-05-13T16:17:11+01:00,server,1309407484,111379,2924487,330637467,150324,0,138954,0,32911424,29062272,3849152,24057280,16252864,16240576
2026-05-13T16:17:12+01:00,server,1309409660,111379,2924503,330640163,150324,0,138954,0,32911424,29059648,3851776,24054656,16252864,16240576
2026-05-13T16:17:13+01:00,server,1309411875,111379,2924514,330642851,150324,0,138954,0,32911424,29060352,3851072,24055360,16252864,16240576
2026-05-13T16:17:14+01:00,server,1309414090,111379,2924528,330645524,150324,0,138954,0,32911424,29037888,3873536,24032896,16252864,16240576
2026-05-13T16:17:15+01:00,server,1309416548,111379,2924539,330647992,150324,0,138954,0,32911424,29036224,3875200,24031232,16252864,16240576
2026-05-13T16:17:16+01:00,server,1309418957,111379,2924548,330650476,150324,0,138954,0,32911424,29037696,3873728,24032704,16252864,16240576
2026-05-13T16:17:17+01:00,server,1309421406,111379,2924559,330652944,150324,0,138954,0,32911424,29035968,3875456,24030976,16252864,16240576
2026-05-13T16:17:18+01:00,server,1309423819,111379,2924569,330655429,150324,0,138955,0,32911424,29036480,3874944,24031488,16252864,16240576
2026-05-13T16:17:19+01:00,server,1309426273,111379,2924579,330657894,150324,0,138956,0,32911424,29033472,3877952,24028480,16252864,16240576
2026-05-13T16:17:20+01:00,server,1309428708,111379,2924589,330660360,150324,0,138956,0,32911424,29031424,3880000,24026432,16252864,16240576
2026-05-13T16:17:21+01:00,server,1309431133,111379,2924598,330662853,150324,0,138958,0,32911424,29028352,3883072,24023360,16252864,16240576
2026-05-13T16:17:22+01:00,server,1309433556,111379,2924608,330665317,150324,0,138958,0,32911424,29030848,3880576,24025856,16252864,16240576
2026-05-13T16:17:23+01:00,server,1309435987,111379,2924620,330667803,150324,0,138958,0,32911424,29030848,3880576,24025856,16252864,16240576
2026-05-13T16:17:24+01:00,server,1309438413,111379,2924626,330670272,150324,0,138959,0,32911424,29028288,3883136,24023296,16252864,16240576
2026-05-13T16:17:25+01:00,server,1309440847,111379,2924632,330672767,150324,0,138960,0,32911424,29027712,3883712,24022720,16252864,16240576
2026-05-13T16:17:26+01:00,server,1309443289,111379,2924653,330675202,150324,0,138961,0,32911424,29030400,3881024,24025408,16252864,16240576
2026-05-13T16:17:27+01:00,server,1309445753,111379,2924664,330677668,150324,0,138961,0,32911424,29028288,3883136,24023296,16252864,16240576
2026-05-13T16:17:28+01:00,server,1309448132,111379,2924681,330680154,150324,0,138961,0,32911424,29026240,3885184,24021248,16252864,16240576
2026-05-13T16:17:29+01:00,server,1309450574,111379,2924692,330682643,150324,0,138961,0,32911424,29028416,3883008,24023360,16252864,16240576
2026-05-13T16:17:30+01:00,server,1309453061,111379,2924723,330685047,150324,0,138962,0,32911424,29018816,3892608,24013760,16252864,16240576
2026-05-13T16:17:31+01:00,server,1309455588,111379,2924742,330687411,150324,0,138963,0,32911424,29018432,3892992,24013376,16252864,16240576
2026-05-13T16:17:32+01:00,server,1309458035,111379,2924757,330689888,150324,0,138964,0,32911424,29025984,3885440,24020928,16252864,16240576
2026-05-13T16:17:33+01:00,server,1309460452,111379,2924768,330692355,150324,0,138964,0,32911424,29023552,3887872,24018432,16252864,16240576
2026-05-13T16:17:34+01:00,server,1309462912,111379,2924777,330694820,150324,0,138964,0,32911424,29021056,3890368,24015936,16252864,16240576
2026-05-13T16:17:35+01:00,server,1309465330,111379,2924787,330697310,150324,0,138964,0,32911424,29025088,3886336,24019968,16252864,16240576
2026-05-13T16:17:36+01:00,server,1309467729,111379,2924813,330699803,150324,0,138964,0,32911424,29023232,3888192,24018240,16252864,16240576
2026-05-13T16:17:38+01:00,server,1309470166,111379,2924829,330702296,150324,0,138965,0,32911424,29020160,3891264,24015168,16252864,16240576
2026-05-13T16:17:39+01:00,server,1309472628,111379,2924845,330704797,150324,0,138965,0,32911424,29024576,3886848,24019584,16252864,16240576
2026-05-13T16:17:40+01:00,server,1309475047,111379,2924855,330707292,150324,0,138965,0,32911424,29025920,3885504,24020928,16252864,16240576
2026-05-13T16:17:41+01:00,server,1309477493,111379,2924888,330709764,150324,0,138965,0,32911424,29026688,3884736,24021696,16252864,16240576
2026-05-13T16:17:42+01:00,server,1309479877,111379,2924902,330712267,150324,0,138966,0,32911424,29026112,3885312,24021120,16252864,16240576
2026-05-13T16:17:43+01:00,server,1309482299,111379,2924919,330714774,150324,0,138967,0,32911424,29025920,3885504,24020928,16252864,16240576
2026-05-13T16:17:44+01:00,server,1309484659,111379,2924939,330717285,150324,0,138968,0,32911424,29027840,3883584,24022848,16252864,16240576
2026-05-13T16:17:45+01:00,server,1309487114,111379,2924954,330719797,150324,0,138968,0,32911424,29028224,3883200,24023232,16252864,16240576
2026-05-13T16:17:46+01:00,server,1309489559,111379,2924965,330722317,150324,0,138969,0,32911424,29029952,3881472,24024960,16252864,16240576
2026-05-13T16:17:47+01:00,server,1309491912,111379,2924979,330724835,150324,0,138969,0,32911424,29030592,3880832,24025536,16252864,16240576
2026-05-13T16:17:48+01:00,server,1309494303,111379,2924995,330727357,150324,0,138969,0,32911424,29031552,3879872,24026496,16252864,16240576
2026-05-13T16:17:49+01:00,server,1309496667,111379,2925027,330729886,150324,0,138969,0,32911424,29031552,3879872,24026496,16252864,16240576
2026-05-13T16:17:50+01:00,server,1309499050,111379,2925042,330732416,150324,0,138969,0,32911424,29027776,3883648,24022656,16252864,16240576
2026-05-13T16:17:51+01:00,server,1309501409,111379,2925068,330734967,150324,0,138969,0,32911424,29030272,3881152,24025152,16252864,16240576
2026-05-13T16:17:52+01:00,server,1309503703,111379,2925080,330737502,150324,0,138969,0,32911424,29029120,3882304,24024000,16252864,16240576
2026-05-13T16:17:53+01:00,server,1309506110,111379,2925099,330740041,150324,0,138970,0,32911424,29028928,3882496,24023808,16252864,16240576
2026-05-13T16:17:54+01:00,server,1309508463,111379,2925123,330742582,150324,0,138971,0,32911424,29029888,3881536,24024768,16252864,16240576
2026-05-13T16:17:55+01:00,server,1309510858,111379,2925137,330745125,150324,0,138971,0,32911424,29029888,3881536,24024768,16252864,16240576
2026-05-13T16:17:56+01:00,server,1309513194,111379,2925187,330747662,150324,0,138972,0,32911424,29029888,3881536,24024768,16252864,16240576
2026-05-13T16:17:57+01:00,server,1309515569,111379,2925206,330750252,150324,0,138972,0,32911424,29029504,3881920,24024384,16252864,16240576
2026-05-13T16:17:58+01:00,server,1309518141,111379,2925222,330753011,150324,0,138972,0,32911424,29032960,3878464,24027840,16252864,16240576
2026-05-13T16:17:59+01:00,server,1309520594,111379,2925248,330755861,150324,0,138972,0,32911424,29031808,3879616,24026688,16252864,16240576
2026-05-13T16:18:00+01:00,server,1309523158,111379,2925252,330758685,150324,0,138972,0,32911424,29031616,3879808,24026496,16252864,16240576
2026-05-13T16:18:02+01:00,server,1309525867,111379,2925293,330761685,150324,0,138972,0,32911424,29033088,3878336,24027968,16252864,16240576
2026-05-13T16:18:03+01:00,server,1309528501,111379,2925332,330764567,150324,0,138973,0,32911424,29032320,3879104,24027200,16252864,16240576
2026-05-13T16:18:04+01:00,server,1309530904,111379,2925351,330767172,150324,0,138974,0,32911424,29031552,3879872,24026432,16252864,16240576
2026-05-13T16:18:05+01:00,server,1309533219,111379,2925360,330769782,150324,0,138974,0,32911424,29031936,3879488,24026816,16252864,16240576
2026-05-13T16:18:06+01:00,server,1309535637,111379,2925382,330772448,150324,0,138974,0,32911424,29033024,3878400,24027904,16252864,16240576
2026-05-13T16:18:07+01:00,server,1309538049,111379,2925396,330775188,150324,0,138974,0,32911424,29031296,3880128,24026176,16252864,16240576
2026-05-13T16:18:08+01:00,server,1309540432,111379,2925412,330777827,150324,0,138974,0,32911424,29031744,3879680,24026624,16252864,16240576
2026-05-13T16:18:09+01:00,server,1309542763,111380,2925440,330780406,150324,0,138975,0,32911424,29029120,3882304,24024000,16252864,16240576
2026-05-13T16:18:10+01:00,server,1309545065,111380,2925451,330782991,150324,0,138975,0,32911424,29027136,3884288,24022016,16252864,16240576
2026-05-13T16:18:11+01:00,server,1309547373,111380,2925477,330785552,150324,0,138975,0,32911424,29031232,3880192,24026112,16252864,16240576
2026-05-13T16:18:12+01:00,server,1309549747,111380,2925491,330788137,150324,0,138975,0,32911424,29029888,3881536,24024768,16252864,16240576
2026-05-13T16:18:13+01:00,server,1309552103,111380,2925510,330790724,150324,0,138975,0,32911424,29032384,3879040,24027264,16252864,16240576
2026-05-13T16:18:14+01:00,server,1309554449,111380,2925523,330793347,150324,0,138975,0,32911424,29034304,3877120,24029184,16252864,16240576
2026-05-13T16:18:15+01:00,server,1309556872,111380,2925537,330796000,150324,0,138975,0,32911424,29032640,3878784,24027520,16252864,16240576
2026-05-13T16:18:16+01:00,server,1309559283,111380,2925548,330798648,150324,0,138975,0,32911424,29033984,3877440,24028864,16252864,16240576
2026-05-13T16:18:17+01:00,server,1309561610,111380,2925564,330801299,150324,0,138975,0,32911424,29034560,3876864,24029440,16252864,16240576
2026-05-13T16:18:18+01:00,server,1309563921,111380,2925578,330803943,150324,0,138975,0,32911424,29032640,3878784,24027520,16252864,16240576
2026-05-13T16:18:19+01:00,server,1309566207,111380,2925599,330806555,150324,0,138975,0,32911424,29035392,3876032,24030272,16252864,16240576
2026-05-13T16:18:20+01:00,server,1309568532,111380,2925619,330809164,150324,0,138975,0,32911424,29035776,3875648,24030656,16252864,16240576
2026-05-13T16:18:21+01:00,server,1309570830,111380,2925631,330811772,150324,0,138976,0,32911424,29036672,3874752,24031552,16252864,16240576
2026-05-13T16:18:23+01:00,server,1309573127,111380,2925668,330814386,150324,0,138976,0,32911424,29037760,3873664,24032576,16252864,16240576
2026-05-13T16:18:24+01:00,server,1309575444,111380,2925685,330816993,150324,0,138978,0,32911424,29040448,3870976,24035264,16252864,16240576
2026-05-13T16:18:25+01:00,server,1309577768,111380,2925700,330819689,150324,0,138979,0,32911424,29038016,3873408,24032832,16252864,16240576
2026-05-13T16:18:26+01:00,server,1309580096,111380,2925719,330822336,150324,0,138980,0,32911424,29038208,3873216,24033024,16252864,16240576
2026-05-13T16:18:27+01:00,server,1309582407,111380,2925757,330824984,150324,0,138981,0,32911424,29036160,3875264,24030976,16252864,16240576
2026-05-13T16:18:28+01:00,server,1309584703,111380,2925772,330827629,150324,0,138982,0,32911424,29034624,3876800,24029248,16252864,16240576
2026-05-13T16:18:29+01:00,server,1309586993,111380,2925782,330830297,150324,0,138983,0,32911424,29035968,3875456,24030592,16252864,16240576
2026-05-13T16:18:30+01:00,server,1309589313,111380,2925798,330832950,150324,0,138983,0,32911424,29032512,3878912,24027136,16252864,16240576
2026-05-13T16:18:31+01:00,server,1309591607,111380,2925819,330835583,150324,0,138983,0,32911424,29032768,3878656,24027392,16252864,16240576
2026-05-13T16:18:32+01:00,server,1309593851,111380,2925830,330838220,150324,0,138983,0,32911424,29033408,3878016,24028032,16252864,16240576
2026-05-13T16:18:33+01:00,server,1309596078,111380,2925854,330840853,150324,0,138983,0,32911424,29032512,3878912,24027072,16252864,16240576
2026-05-13T16:18:34+01:00,server,1309598294,111380,2925863,330843483,150324,0,138984,0,32911424,29033472,3877952,24028032,16252864,16240576
2026-05-13T16:18:35+01:00,server,1309600530,111380,2925887,330846116,150324,0,138984,0,32911424,29033664,3877760,24028224,16252864,16240576
2026-05-13T16:18:36+01:00,server,1309602776,111380,2925903,330848750,150324,0,138985,0,32911424,29035200,3876224,24029760,16252864,16240576
2026-05-13T16:18:37+01:00,server,1309605073,111380,2925919,330851417,150324,0,138985,0,32911424,29034624,3876800,24029184,16252864,16240576
2026-05-13T16:18:38+01:00,server,1309607340,111380,2925945,330854114,150324,0,138985,0,32911424,29035200,3876224,24029760,16252864,16240576
2026-05-13T16:18:39+01:00,server,1309609611,111380,2925970,330856776,150324,0,138985,0,32911424,29035200,3876224,24029760,16252864,16240576
2026-05-13T16:18:40+01:00,server,1309611880,111380,2925981,330859442,150324,0,138985,0,32911424,29032896,3878528,24027456,16252864,16240576
2026-05-13T16:18:41+01:00,server,1309614122,111380,2925998,330862058,150324,0,138985,0,32911424,29034880,3876544,24029440,16252864,16240576
2026-05-13T16:18:42+01:00,server,1309616418,111380,2926011,330864703,150324,0,138985,0,32911424,29033728,3877696,24028288,16252864,16240576
2026-05-13T16:18:43+01:00,server,1309618631,111380,2926024,330867348,150324,0,138985,0,32911424,29034304,3877120,24028864,16252864,16240576
2026-05-13T16:18:44+01:00,server,1309620888,111380,2926039,330870004,150324,0,138985,0,32911424,29036992,3874432,24031552,16252864,16240576
2026-05-13T16:18:45+01:00,server,1309623202,111380,2926049,330872708,150324,0,138985,0,32911424,29036416,3875008,24030976,16252864,16240576
2026-05-13T16:18:46+01:00,server,1309625542,111380,2926069,330875375,150324,0,138985,0,32911424,29038080,3873344,24032576,16252864,16240576
2026-05-13T16:18:47+01:00,server,1309627713,111380,2926077,330878046,150324,0,138985,0,32911424,29038528,3872896,24033024,16252864,16240576
2026-05-13T16:18:48+01:00,server,1309629915,111380,2926102,330880744,150324,0,138985,0,32911424,29039360,3872064,24033856,16252864,16240576
2026-05-13T16:18:49+01:00,server,1309632167,111380,2926119,330883419,150324,0,138986,0,32911424,29041088,3870336,24035584,16252864,16240576
2026-05-13T16:18:50+01:00,server,1309634423,111380,2926140,330886081,150324,0,138986,0,32911424,29044032,3867392,24038528,16252864,16240576
2026-05-13T16:18:51+01:00,server,1309636672,111380,2926156,330888743,150324,0,138986,0,32911424,29042624,3868800,24037120,16252864,16240576
2026-05-13T16:18:52+01:00,server,1309638929,111380,2926173,330891404,150324,0,138986,0,32911424,29042816,3868608,24037312,16252864,16240576
2026-05-13T16:18:53+01:00,server,1309641162,111380,2926189,330894068,150324,0,138987,0,32911424,29042240,3869184,24036736,16252864,16240576
2026-05-13T16:18:55+01:00,server,1309643384,111380,2926204,330896735,150324,0,138987,0,32911424,29041344,3870080,24035840,16252864,16240576
2026-05-13T16:18:56+01:00,server,1309645645,111380,2926215,330899390,150324,0,138987,0,32911424,29039232,3872192,24033728,16252864,16240576
2026-05-13T16:18:57+01:00,server,1309647875,111380,2926227,330902066,150324,0,138988,0,32911424,29040960,3870464,24035456,16252864,16240576
2026-05-13T16:18:58+01:00,server,1309650112,111380,2926240,330904735,150324,0,138989,0,32911424,29041600,3869824,24036096,16252864,16240576
2026-05-13T16:18:59+01:00,server,1309652321,111380,2926266,330907408,150324,0,138989,0,32911424,29039936,3871488,24034432,16252864,16240576
2026-05-13T16:19:00+01:00,server,1309654597,111380,2926283,330910083,150324,0,138989,0,32911424,29039424,3872000,24033920,16252864,16240576
2026-05-13T16:19:01+01:00,server,1309656816,111380,2926296,330912760,150324,0,138989,0,32911424,29039360,3872064,24033856,16252864,16240576
2026-05-13T16:19:02+01:00,server,1309658985,111380,2926312,330915436,150324,0,138989,0,32911424,29039168,3872256,24033664,16252864,16240576
2026-05-13T16:19:03+01:00,server,1309661217,111380,2926329,330918106,150324,0,138989,0,32911424,29042176,3869248,24036672,16252864,16240576
2026-05-13T16:19:04+01:00,server,1309663457,111380,2926343,330920775,150324,0,138990,0,32911424,29042240,3869184,24036736,16252864,16240576
2026-05-13T16:19:05+01:00,server,1309665708,111380,2926358,330923452,150324,0,138990,0,32911424,29042176,3869248,24036672,16252864,16240576
2026-05-13T16:19:06+01:00,server,1309667899,111380,2926373,330926128,150324,0,138992,0,32911424,29041600,3869824,24036096,16252864,16240576
2026-05-13T16:19:07+01:00,server,1309670137,111380,2926391,330928815,150324,0,138992,0,32911424,29043584,3867840,24038080,16252864,16240576
2026-05-13T16:19:08+01:00,server,1309672372,111380,2926403,330931503,150324,0,138992,0,32911424,29042304,3869120,24036800,16252864,16240576
2026-05-13T16:19:09+01:00,server,1309674512,111380,2926409,330934201,150324,0,138992,0,32911424,29039872,3871552,24034304,16252864,16240576
2026-05-13T16:19:10+01:00,server,1309676706,111380,2926421,330936915,150324,0,138992,0,32911424,29016000,3895424,24010432,16252864,16240576
2026-05-13T16:19:11+01:00,server,1309679172,111380,2926444,330939348,150324,0,138992,0,32911424,29013888,3897536,24008320,16252864,16240576
2026-05-13T16:19:12+01:00,server,1309681512,111380,2926459,330941858,150324,0,138992,0,32911424,29012160,3899264,24006592,16252864,16240576
2026-05-13T16:19:13+01:00,server,1309683977,111380,2926476,330944309,150324,0,138993,0,32911424,29007360,3904064,24001792,16252864,16240576
2026-05-13T16:19:14+01:00,server,1309686382,111380,2926493,330946759,150324,0,138994,0,32911424,29008896,3902528,24003328,16252864,16240576
2026-05-13T16:19:15+01:00,server,1309688855,111380,2926503,330949211,150324,0,138994,0,32911424,29005056,3906368,23999488,16252864,16240576
2026-05-13T16:19:16+01:00,server,1309691279,111380,2926519,330951670,150324,0,138994,0,32911424,29006464,3904960,24000896,16252864,16240576
2026-05-13T16:19:17+01:00,server,1309693755,111380,2926533,330954126,150324,0,138995,0,32911424,29000000,3911424,23994432,16252864,16240576
2026-05-13T16:19:18+01:00,server,1309696208,111380,2926548,330956583,150324,0,138995,0,32911424,29001728,3909696,23996160,16252864,16240576
2026-05-13T16:19:19+01:00,server,1309698635,111380,2926562,330959037,150325,0,138996,0,32911424,29002112,3909312,23996544,16252864,16240576
2026-05-13T16:19:20+01:00,server,1309701088,111380,2926574,330961495,150325,0,138996,0,32911424,29002624,3908800,23996992,16252864,16240576
2026-05-13T16:19:21+01:00,server,1309703561,111380,2926584,330963957,150325,0,138997,0,32911424,29002816,3908608,23997184,16252864,16240576
2026-05-13T16:19:22+01:00,server,1309706010,111380,2926591,330966421,150325,0,138997,0,32911424,29003008,3908416,23997376,16252864,16240576
2026-05-13T16:19:23+01:00,server,1309708481,111380,2926610,330968875,150325,0,138998,0,32911424,29002240,3909184,23996608,16252864,16240576
2026-05-13T16:19:24+01:00,server,1309710910,111380,2926620,330971331,150325,0,138998,0,32911424,29003776,3907648,23998144,16252864,16240576
2026-05-13T16:19:25+01:00,server,1309713339,111380,2926633,330973786,150325,0,138998,0,32911424,29004032,3907392,23998400,16252864,16240576
2026-05-13T16:19:26+01:00,server,1309715780,111380,2926663,330976206,150325,0,138998,0,32911424,29008512,3902912,24002880,16252864,16240576
2026-05-13T16:19:27+01:00,server,1309718251,111380,2926679,330978665,150325,0,138998,0,32911424,29008128,3903296,24002496,16252864,16240576
2026-05-13T16:19:28+01:00,server,1309720724,111380,2926691,330981121,150325,0,138998,0,32911424,29008320,3903104,24002688,16252864,16240576
2026-05-13T16:19:29+01:00,server,1309723177,111380,2926699,330983577,150325,0,138998,0,32911424,29003328,3908096,23997696,16252864,16240576
2026-05-13T16:19:30+01:00,server,1309725629,111380,2926709,330986032,150325,0,138999,0,32911424,29005440,3905984,23999808,16252864,16240576
2026-05-13T16:19:31+01:00,server,1309728057,111380,2926721,330988487,150325,0,138999,0,32911424,29000896,3910528,23995200,16252864,16240576
2026-05-13T16:19:32+01:00,server,1309730530,111380,2926733,330990941,150325,0,138999,0,32911424,29002240,3909184,23996544,16252864,16240576
2026-05-13T16:19:33+01:00,server,1309732983,111380,2926742,330993397,150325,0,138999,0,32911424,29006272,3905152,24000576,16252864,16240576
2026-05-13T16:19:35+01:00,server,1309735433,111380,2926748,330995862,150325,0,139000,0,32911424,29000704,3910720,23995008,16252864,16240576
2026-05-13T16:19:36+01:00,server,1309737884,111380,2926754,330998330,150325,0,139000,0,32911424,29006336,3905088,24000640,16252864,16240576
2026-05-13T16:19:37+01:00,server,1309740346,111380,2926765,331000799,150325,0,139001,0,32911424,29006144,3905280,24000448,16252864,16240576
2026-05-13T16:19:38+01:00,server,1309742758,111380,2926783,331003272,150325,0,139001,0,32911424,29007168,3904256,24001472,16252864,16240576
2026-05-13T16:19:39+01:00,server,1309745185,111380,2926797,331005746,150325,0,139003,0,32911424,29009088,3902336,24003392,16252864,16240576
2026-05-13T16:19:40+01:00,server,1309747605,111380,2926824,331008229,150325,0,139003,0,32911424,29010240,3901184,24004544,16252864,16240576
2026-05-13T16:19:41+01:00,server,1309749968,111380,2926846,331010734,150325,0,139003,0,32911424,29010688,3900736,24004992,16252864,16240576
2026-05-13T16:19:42+01:00,server,1309752443,111380,2926857,331013193,150325,0,139003,0,32911424,29009600,3901824,24003904,16252864,16240576
2026-05-13T16:19:43+01:00,server,1309754814,111380,2926869,331015654,150325,0,139003,0,32911424,29009600,3901824,24003904,16252864,16240576
2026-05-13T16:19:44+01:00,server,1309757262,111380,2926880,331018115,150325,0,139005,0,32911424,29009024,3902400,24003328,16252864,16240576
2026-05-13T16:19:45+01:00,server,1309759689,111380,2926894,331020570,150325,0,139005,0,32911424,29010944,3900480,24005248,16252864,16240576
2026-05-13T16:19:46+01:00,server,1309762163,111380,2926907,331023027,150325,0,139006,0,32911424,29008064,3903360,24002368,16252864,16240576
2026-05-13T16:19:47+01:00,server,1309764587,111380,2926916,331025489,150325,0,139007,0,32911424,29009792,3901632,24004096,16252864,16240576
2026-05-13T16:19:48+01:00,server,1309767058,111380,2926923,331027953,150325,0,139008,0,32911424,29010944,3900480,24005248,16252864,16240576
2026-05-13T16:19:49+01:00,server,1309769490,111380,2926933,331030412,150325,0,139008,0,32911424,29010752,3900672,24005056,16252864,16240576
2026-05-13T16:19:50+01:00,server,1309771963,111380,2926948,331032872,150325,0,139008,0,32911424,29012096,3899328,24006400,16252864,16240576
2026-05-13T16:19:51+01:00,server,1309774436,111380,2926959,331035332,150325,0,139008,0,32911424,29011200,3900224,24005504,16252864,16240576
2026-05-13T16:19:52+01:00,server,1309776887,111380,2926969,331037797,150325,0,139010,0,32911424,29013056,3898368,24007360,16252864,16240576
2026-05-13T16:19:53+01:00,server,1309779335,111380,2926984,331040264,150325,0,139010,0,32911424,29013248,3898176,24007552,16252864,16240576
2026-05-13T16:19:54+01:00,server,1309781785,111380,2926996,331042723,150325,0,139010,0,32911424,29014592,3896832,24008896,16252864,16240576
2026-05-13T16:19:55+01:00,server,1309784264,111380,2927005,331045183,150325,0,139010,0,32911424,29013632,3897792,24007936,16252864,16240576
2026-05-13T16:19:56+01:00,server,1309786749,111380,2927026,331047619,150325,0,139012,0,32911424,29016320,3895104,24010624,16252864,16240576
2026-05-13T16:19:57+01:00,server,1309789202,111380,2927037,331050077,150325,0,139012,0,32911424,29012288,3899136,24006592,16252864,16240576
2026-05-13T16:19:58+01:00,server,1309791628,111380,2927053,331052534,150325,0,139012,0,32911424,29009280,3902144,24003584,16252864,16240576
2026-05-13T16:19:59+01:00,server,1309794075,111380,2927067,331054991,150325,0,139013,0,32911424,29013312,3898112,24007616,16252864,16240576
2026-05-13T16:20:00+01:00,server,1309796503,111380,2927071,331057453,150325,0,139013,0,32911424,29011584,3899840,24005888,16252864,16240576
2026-05-13T16:20:01+01:00,server,1309798952,111380,2927083,331059912,150325,0,139013,0,32911424,29013056,3898368,24007360,16252864,16240576
2026-05-13T16:20:02+01:00,server,1309801387,111380,2927104,331062361,150325,0,139015,0,32911424,29005504,3905920,23999744,16252864,16240576
2026-05-13T16:20:03+01:00,server,1309803833,111381,2927113,331064819,150325,0,139016,0,32911424,29004224,3907200,23998400,16252864,16240576
2026-05-13T16:20:04+01:00,server,1309806259,111381,2927159,331067275,150325,0,139016,0,32911424,29003648,3907776,23997824,16252864,16240576
2026-05-13T16:20:05+01:00,server,1309808711,111381,2927170,331069737,150325,0,139016,0,32911424,29002176,3909248,23996288,16252864,16240576
2026-05-13T16:20:06+01:00,server,1309811162,111381,2927196,331072206,150325,0,139016,0,32911424,29002688,3908736,23996800,16252864,16240576
2026-05-13T16:20:07+01:00,server,1309813619,111381,2927208,331074682,150325,0,139016,0,32911424,29000384,3911040,23994496,16252864,16240576
2026-05-13T16:20:08+01:00,server,1309816054,111381,2927218,331077156,150325,0,139016,0,32911424,29001536,3909888,23995648,16252864,16240576
2026-05-13T16:20:09+01:00,server,1309818486,111381,2927244,331079638,150325,0,139016,0,32911424,29002304,3909120,23996416,16252864,16240576
2026-05-13T16:20:10+01:00,server,1309820905,111381,2927264,331082123,150325,0,139018,0,32911424,29002240,3909184,23996352,16252864,16240576
2026-05-13T16:20:11+01:00,server,1309823375,111381,2927286,331084587,150325,0,139018,0,32911424,29000512,3910912,23994624,16252864,16240576
2026-05-13T16:20:12+01:00,server,1309825809,111381,2927297,331087092,150325,0,139018,0,32911424,28996928,3914496,23990976,16252864,16240576
2026-05-13T16:20:14+01:00,server,1309828198,111381,2927304,331089602,150325,0,139018,0,32911424,28997504,3913920,23991552,16252864,16240576
2026-05-13T16:20:15+01:00,server,1309830580,111381,2927326,331092107,150325,0,139018,0,32911424,28996928,3914496,23990976,16252864,16240576
2026-05-13T16:20:16+01:00,server,1309832933,111381,2927344,331094610,150325,0,139019,0,32911424,28995136,3916288,23989184,16252864,16240576
2026-05-13T16:20:17+01:00,server,1309835312,111381,2927372,331097119,150325,0,139019,0,32911424,28993984,3917440,23988032,16252864,16240576
2026-05-13T16:20:18+01:00,server,1309837726,111381,2927391,331099632,150325,0,139019,0,32911424,28993216,3918208,23987264,16252864,16240576
2026-05-13T16:20:19+01:00,server,1309840114,111381,2927407,331102148,150325,0,139019,0,32911424,28995776,3915648,23989824,16252864,16240576
2026-05-13T16:20:20+01:00,server,1309842540,111381,2927419,331104669,150325,0,139021,0,32911424,28994432,3916992,23988480,16252864,16240576
2026-05-13T16:20:21+01:00,server,1309844904,111381,2927432,331107191,150325,0,139021,0,32911424,28992896,3918528,23986944,16252864,16240576
2026-05-13T16:20:22+01:00,server,1309847298,111381,2927442,331109721,150325,0,139021,0,32911424,28996352,3915072,23990400,16252864,16240576
2026-05-13T16:20:23+01:00,server,1309849672,111381,2927465,331112250,150325,0,139021,0,32911424,28992128,3919296,23986176,16252864,16240576
2026-05-13T16:20:24+01:00,server,1309852049,111381,2927488,331114781,150325,0,139021,0,32911424,28993088,3918336,23987136,16252864,16240576
2026-05-13T16:20:25+01:00,server,1309854313,111381,2927513,331117317,150325,0,139021,0,32911424,28995008,3916416,23989056,16252864,16240576
2026-05-13T16:20:26+01:00,server,1309856675,111381,2927537,331119862,150325,0,139021,0,32911424,28993856,3917568,23987904,16252864,16240576
2026-05-13T16:20:27+01:00,server,1309859050,111381,2927555,331122382,150325,0,139021,0,32911424,28991744,3919680,23985728,16252864,16240576
2026-05-13T16:20:28+01:00,server,1309861392,111381,2927564,331124925,150325,0,139021,0,32911424,28993088,3918336,23987072,16252864,16240576
2026-05-13T16:20:29+01:00,server,1309863707,111381,2927581,331127470,150325,0,139021,0,32911424,28992000,3919424,23985984,16252864,16240576
2026-05-13T16:20:30+01:00,server,1309866135,111381,2927591,331130017,150325,0,139021,0,32911424,28993344,3918080,23987328,16252864,16240576
2026-05-13T16:20:31+01:00,server,1309868518,111381,2927611,331132568,150325,0,139022,0,32911424,28993728,3917696,23987712,16252864,16240576
2026-05-13T16:20:32+01:00,server,1309870735,111381,2927624,331135121,150325,0,139022,0,32911424,28996672,3914752,23990592,16252864,16240576
2026-05-13T16:20:33+01:00,server,1309873031,111381,2927639,331137677,150325,0,139022,0,32911424,28997824,3913600,23991744,16252864,16240576
2026-05-13T16:20:34+01:00,server,1309875416,111381,2927652,331140236,150325,0,139022,0,32911424,28997504,3913920,23991424,16252864,16240576
2026-05-13T16:20:35+01:00,server,1309877749,111381,2927676,331142797,150325,0,139023,0,32911424,28996800,3914624,23990720,16252864,16240576
2026-05-13T16:20:36+01:00,server,1309880114,111381,2927692,331145360,150325,0,139023,0,32911424,28997248,3914176,23991168,16252864,16240576
2026-05-13T16:20:37+01:00,server,1309882453,111381,2927714,331147927,150325,0,139023,0,32911424,28997952,3913472,23991872,16252864,16240576
2026-05-13T16:20:38+01:00,server,1309884765,111381,2927729,331150501,150325,0,139024,0,32911424,28995584,3915840,23989504,16252864,16240576
2026-05-13T16:20:39+01:00,server,1309887141,111381,2927744,331153084,150325,0,139024,0,32911424,28998720,3912704,23992576,16252864,16240576
2026-05-13T16:20:40+01:00,server,1309889509,111381,2927764,331155657,150325,0,139025,0,32911424,28999936,3911488,23993792,16252864,16240576
2026-05-13T16:20:41+01:00,server,1309891863,111381,2927781,331158212,150325,0,139025,0,32911424,28999488,3911936,23993344,16252864,16240576
2026-05-13T16:20:42+01:00,server,1309894191,111381,2927817,331160791,150325,0,139025,0,32911424,28998912,3912512,23992768,16252864,16240576
2026-05-13T16:20:43+01:00,server,1309896548,111381,2927840,331163374,150325,0,139025,0,32911424,29002368,3909056,23996224,16252864,16240576
2026-05-13T16:20:44+01:00,server,1309898891,111381,2927860,331165973,150325,0,139025,0,32911424,29001856,3909568,23995712,16252864,16240576
2026-05-13T16:20:45+01:00,server,1309901199,111381,2927888,331168560,150325,0,139025,0,32911424,28996096,3915328,23989952,16252864,16240576
2026-05-13T16:20:46+01:00,server,1309903489,111381,2927901,331171151,150325,0,139025,0,32911424,29001856,3909568,23995712,16252864,16240576
2026-05-13T16:20:47+01:00,server,1309905806,111381,2927921,331173743,150325,0,139026,0,32911424,29000256,3911168,23994048,16252864,16240576
2026-05-13T16:20:48+01:00,server,1309908111,111381,2927930,331176336,150325,0,139027,0,32911424,29001856,3909568,23995648,16252864,16240576
2026-05-13T16:20:49+01:00,server,1309910461,111381,2927946,331178935,150325,0,139027,0,32911424,29002048,3909376,23995840,16252864,16240576
2026-05-13T16:20:50+01:00,server,1309912756,111381,2927970,331181538,150325,0,139027,0,32911424,29005696,3905728,23999488,16252864,16240576
2026-05-13T16:20:51+01:00,server,1309915038,111381,2927975,331184147,150325,0,139027,0,32911424,29003200,3908224,23996992,16252864,16240576
2026-05-13T16:20:52+01:00,server,1309917308,111384,2928004,331186750,150325,0,139027,0,32911424,29004928,3906496,23998720,16252864,16240576
2026-05-13T16:20:54+01:00,server,1309919623,111384,2928019,331189359,150326,0,139027,0,32911424,29004736,3906688,23998528,16252864,16240576
2026-05-13T16:20:55+01:00,server,1309921902,111384,2928034,331191968,150326,0,139029,0,32911424,29007616,3903808,24001408,16252864,16240576
2026-05-13T16:20:56+01:00,server,1309924149,111384,2928064,331194559,150326,0,139029,0,32911424,29009024,3902400,24002752,16252864,16240576
2026-05-13T16:20:57+01:00,server,1309926395,111384,2928094,331197171,150326,0,139029,0,32911424,29005184,3906240,23998912,16252864,16240576
2026-05-13T16:20:58+01:00,server,1309928651,111384,2928113,331199785,150326,0,139029,0,32911424,29004032,3907392,23997760,16252864,16240576
2026-05-13T16:20:59+01:00,server,1309930907,111384,2928130,331202400,150326,0,139029,0,32911424,29001920,3909504,23995648,16252864,16240576
2026-05-13T16:21:00+01:00,server,1309933175,111384,2928144,331205014,150326,0,139029,0,32911424,29004352,3907072,23998080,16252864,16240576
2026-05-13T16:21:01+01:00,server,1309935495,111384,2928171,331207633,150326,0,139029,0,32911424,29004736,3906688,23998464,16252864,16240576
2026-05-13T16:21:02+01:00,server,1309937836,111384,2928188,331210259,150326,0,139030,0,32911424,29003392,3908032,23997120,16252864,16240576
2026-05-13T16:21:03+01:00,server,1309940060,111384,2928207,331212884,150326,0,139030,0,32911424,29005120,3906304,23998848,16252864,16240576
2026-05-13T16:21:04+01:00,server,1309942297,111384,2928219,331215507,150326,0,139032,0,32911424,29001088,3910336,23994816,16252864,16240576
2026-05-13T16:21:05+01:00,server,1309944461,111384,2928229,331218144,150326,0,139032,0,32911424,29002624,3908800,23996352,16252864,16240576
2026-05-13T16:21:06+01:00,server,1309946682,111384,2928253,331220769,150326,0,139032,0,32911424,29003456,3907968,23997184,16252864,16240576
2026-05-13T16:21:07+01:00,server,1309949070,111384,2928265,331223285,150326,0,139032,0,32911424,29005504,3905920,23999232,16252864,16240576
2026-05-13T16:21:08+01:00,server,1309951522,111384,2928275,331225741,150326,0,139032,0,32911424,29007424,3904000,24001152,16252864,16240576
2026-05-13T16:21:09+01:00,server,1309953930,111384,2928286,331228204,150326,0,139032,0,32911424,29009088,3902336,24002816,16252864,16240576
2026-05-13T16:21:10+01:00,server,1309956403,111384,2928299,331230661,150326,0,139032,0,32911424,29008320,3903104,24002048,16252864,16240576
2026-05-13T16:21:11+01:00,server,1309958916,111384,2928329,331233092,150326,0,139032,0,32911424,29009408,3902016,24003136,16252864,16240576
2026-05-13T16:21:12+01:00,server,1309961366,111384,2928342,331235549,150326,0,139032,0,32911424,29009536,3901888,24003200,16252864,16240576
2026-05-13T16:21:13+01:00,server,1309963834,111384,2928359,331238008,150326,0,139032,0,32911424,29008704,3902720,24002368,16252864,16240576
2026-05-13T16:21:14+01:00,server,1309966282,111384,2928375,331240465,150326,0,139032,0,32911424,29009088,3902336,24002752,16252864,16240576
2026-05-13T16:21:15+01:00,server,1309968736,111384,2928385,331242921,150326,0,139032,0,32911424,29009472,3901952,24003136,16252864,16240576
2026-05-13T16:21:16+01:00,server,1309971188,111384,2928399,331245379,150326,0,139032,0,32911424,29007744,3903680,24001408,16252864,16240576
2026-05-13T16:21:17+01:00,server,1309973638,111384,2928406,331247840,150326,0,139033,0,32911424,29010496,3900928,24004160,16252864,16240576
2026-05-13T16:21:18+01:00,server,1309976090,111384,2928413,331250304,150326,0,139034,0,32911424,29005952,3905472,23999552,16252864,16240576
2026-05-13T16:21:19+01:00,server,1309978512,111384,2928431,331252760,150326,0,139034,0,32911424,29004992,3906432,23998592,16252864,16240576
2026-05-13T16:21:20+01:00,server,1309980985,111384,2928443,331255215,150326,0,139034,0,32911424,29004416,3907008,23998016,16252864,16240576
2026-05-13T16:21:21+01:00,server,1309983414,111384,2928456,331257670,150326,0,139034,0,32911424,29004608,3906816,23998208,16252864,16240576
2026-05-13T16:21:22+01:00,server,1309985865,111384,2928486,331260126,150326,0,139034,0,32911424,28998848,3912576,23992448,16252864,16240576
2026-05-13T16:21:23+01:00,server,1309988290,111384,2928501,331262583,150326,0,139034,0,32911424,29002496,3908928,23996096,16252864,16240576
2026-05-13T16:21:24+01:00,server,1309990760,111384,2928515,331265038,150326,0,139034,0,32911424,29000576,3910848,23994176,16252864,16240576
2026-05-13T16:21:25+01:00,server,1309993234,111384,2928528,331267495,150326,0,139034,0,32911424,29001344,3910080,23994944,16252864,16240576
2026-05-13T16:21:26+01:00,server,1309995678,111384,2928539,331269920,150326,0,139035,0,32911424,29001152,3910272,23994752,16252864,16240576
2026-05-13T16:21:27+01:00,server,1309998152,111384,2928553,331272374,150326,0,139035,0,32911424,29007104,3904320,24000704,16252864,16240576
2026-05-13T16:21:28+01:00,server,1310000580,111384,2928566,331274830,150326,0,139035,0,32911424,29002304,3909120,23995904,16252864,16240576
2026-05-13T16:21:29+01:00,server,1310003055,111384,2928577,331277289,150326,0,139035,0,32911424,28999808,3911616,23993408,16252864,16240576
2026-05-13T16:21:30+01:00,server,1310005407,111384,2928604,331279763,150326,0,139035,0,32911424,29001920,3909504,23995520,16252864,16240576
2026-05-13T16:21:31+01:00,server,1310007877,111384,2928621,331282235,150326,0,139035,0,32911424,29001408,3910016,23995008,16252864,16240576
2026-05-13T16:21:32+01:00,server,1310010287,111384,2928644,331284710,150326,0,139037,0,32911424,28998912,3912512,23992512,16252864,16240576
2026-05-13T16:21:34+01:00,server,1310012703,111384,2928669,331287191,150326,0,139038,0,32911424,28999296,3912128,23992896,16252864,16240576
2026-05-13T16:21:35+01:00,server,1310015184,111384,2928695,331289749,150326,0,139039,0,32911424,28998528,3912896,23992128,16252864,16240576
2026-05-13T16:21:36+01:00,server,1310017719,111384,2928701,331292348,150326,0,139042,0,32911424,28999040,3912384,23992576,16252864,16240576
2026-05-13T16:21:37+01:00,server,1310020088,111384,2928726,331294837,150326,0,139044,0,32911424,28999616,3911808,23993152,16252864,16240576
2026-05-13T16:21:38+01:00,server,1310022470,111384,2928754,331297334,150326,0,139044,0,32911424,29001472,3909952,23995008,16252864,16240576
2026-05-13T16:21:39+01:00,server,1310024874,111384,2928770,331299831,150326,0,139045,0,32911424,29001728,3909696,23995264,16252864,16240576
2026-05-13T16:21:40+01:00,server,1310027308,111384,2928784,331302349,150326,0,139047,0,32911424,28998272,3913152,23991808,16252864,16240576
2026-05-13T16:21:41+01:00,server,1310029721,111384,2928801,331304840,150326,0,139047,0,32911424,29002496,3908928,23996032,16252864,16240576
2026-05-13T16:21:42+01:00,server,1310032145,111384,2928817,331307385,150326,0,139048,0,32911424,29000960,3910464,23994496,16252864,16240576
2026-05-13T16:21:43+01:00,server,1310034567,111384,2928825,331309930,150326,0,139050,0,32911424,29000192,3911232,23993728,16252864,16240576
2026-05-13T16:21:44+01:00,server,1310036859,111384,2928847,331312441,150326,0,139051,0,32911424,29000192,3911232,23993728,16252864,16240576
2026-05-13T16:21:45+01:00,server,1310039211,111384,2928859,331314954,150326,0,139052,0,32911424,29001728,3909696,23995264,16252864,16240576
2026-05-13T16:21:46+01:00,server,1310041637,111384,2928871,331317470,150326,0,139053,0,32911424,29003392,3908032,23996928,16252864,16240576
2026-05-13T16:21:47+01:00,server,1310044034,111384,2928893,331320001,150326,0,139053,0,32911424,29005120,3906304,23998656,16252864,16240576
2026-05-13T16:21:48+01:00,server,1310046362,111384,2928932,331322521,150326,0,139054,0,32911424,29003136,3908288,23996608,16252864,16240576
2026-05-13T16:21:49+01:00,server,1310048734,111384,2928956,331325043,150326,0,139054,0,32911424,29004224,3907200,23997696,16252864,16240576
2026-05-13T16:21:50+01:00,server,1310051149,111384,2928972,331327576,150326,0,139054,0,32911424,29006336,3905088,23999808,16252864,16240576
2026-05-13T16:21:51+01:00,server,1310053412,111384,2928998,331330114,150326,0,139055,0,32911424,29004608,3906816,23998080,16252864,16240576
2026-05-13T16:21:52+01:00,server,1310055862,111384,2929014,331332716,150326,0,139055,0,32911424,29004352,3907072,23997824,16252864,16240576
2026-05-13T16:21:53+01:00,server,1310058292,111384,2929029,331335260,150326,0,139055,0,32911424,29000448,3910976,23993920,16252864,16240576
2026-05-13T16:21:54+01:00,server,1310060706,111384,2929039,331337844,150326,0,139055,0,32911424,29001536,3909888,23995264,16252864,16240576
2026-05-13T16:21:55+01:00,server,1310063178,111384,2929053,331340455,150326,0,139055,0,32911424,29004224,3907200,23997760,16252864,16240576
2026-05-13T16:21:56+01:00,server,1310065406,111384,2929090,331342989,150326,0,139055,0,32911424,29005632,3905792,23999168,16252864,16240576
2026-05-13T16:21:57+01:00,server,1310067786,111384,2929100,331345548,150326,0,139057,0,32911424,29004288,3907136,23997824,16252864,16240576
2026-05-13T16:21:58+01:00,server,1310070194,111384,2929113,331348116,150326,0,139057,0,32911424,29007360,3904064,24000896,16252864,16240576
2026-05-13T16:21:59+01:00,server,1310072515,111384,2929141,331350676,150326,0,139057,0,32911424,29006976,3904448,24000512,16252864,16240576
2026-05-13T16:22:00+01:00,server,1310074842,111384,2929156,331353239,150326,0,139058,0,32911424,29007424,3904000,24000960,16252864,16240576
2026-05-13T16:22:01+01:00,server,1310077093,111384,2929175,331355806,150326,0,139059,0,32911424,29006784,3904640,24000320,16252864,16240576
2026-05-13T16:22:02+01:00,server,1310079452,111384,2929192,331358372,150326,0,139059,0,32911424,29006848,3904576,24000384,16252864,16240576
2026-05-13T16:22:03+01:00,server,1310081760,111384,2929207,331360940,150326,0,139060,0,32911424,29007680,3903744,24001216,16252864,16240576
2026-05-13T16:22:04+01:00,server,1310084129,111384,2929219,331363509,150326,0,139060,0,32911424,29006912,3904512,24000448,16252864,16240576
2026-05-13T16:22:05+01:00,server,1310086411,111384,2929232,331366083,150326,0,139060,0,32911424,29006912,3904512,24000448,16252864,16240576
2026-05-13T16:22:07+01:00,server,1310088720,111384,2929243,331368665,150326,0,139060,0,32911424,29006976,3904448,24000512,16252864,16240576
2026-05-13T16:22:08+01:00,server,1310091077,111384,2929266,331371256,150326,0,139060,0,32911424,29004672,3906752,23998272,16252864,16240576
2026-05-13T16:22:09+01:00,server,1310093344,111384,2929290,331373841,150326,0,139061,0,32911424,29006848,3904576,24000448,16252864,16240576
2026-05-13T16:22:10+01:00,server,1310095663,111384,2929307,331376424,150326,0,139062,0,32911424,29006656,3904768,24000256,16252864,16240576
2026-05-13T16:22:11+01:00,server,1310097998,111384,2929329,331378988,150326,0,139062,0,32911424,29007616,3903808,24001216,16252864,16240576
2026-05-13T16:22:12+01:00,server,1310100320,111384,2929351,331381578,150326,0,139062,0,32911424,29005120,3906304,23998720,16252864,16240576
2026-05-13T16:22:13+01:00,server,1310102566,111384,2929379,331384171,150326,0,139062,0,32911424,29005952,3905472,23999552,16252864,16240576
2026-05-13T16:22:14+01:00,server,1310104879,111384,2929394,331386766,150326,0,139062,0,32911424,29004800,3906624,23998400,16252864,16240576
2026-05-13T16:22:15+01:00,server,1310107214,111384,2929409,331389365,150326,0,139063,0,32911424,29001920,3909504,23995520,16252864,16240576
2026-05-13T16:22:16+01:00,server,1310109506,111384,2929432,331391965,150326,0,139063,0,32911424,29002240,3909184,23995840,16252864,16240576
2026-05-13T16:22:17+01:00,server,1310111794,111384,2929449,331394570,150326,0,139064,0,32911424,29000896,3910528,23994496,16252864,16240576
2026-05-13T16:22:18+01:00,server,1310114078,111384,2929468,331397178,150326,0,139064,0,32911424,28999168,3912256,23992768,16252864,16240576
2026-05-13T16:22:19+01:00,server,1310116361,111384,2929478,331399789,150326,0,139064,0,32911424,28998976,3912448,23992512,16252864,16240576
2026-05-13T16:22:20+01:00,server,1310118534,111384,2929484,331402404,150326,0,139066,0,32911424,29000128,3911296,23993664,16252864,16240576
2026-05-13T16:22:21+01:00,server,1310120800,111384,2929494,331405019,150326,0,139066,0,32911424,28999936,3911488,23993472,16252864,16240576
2026-05-13T16:22:22+01:00,server,1310123045,111384,2929506,331407631,150326,0,139066,0,32911424,28997248,3914176,23990784,16252864,16240576
2026-05-13T16:22:23+01:00,server,1310125374,111384,2929519,331410242,150326,0,139067,0,32911424,28997440,3913984,23990976,16252864,16240576
2026-05-13T16:22:24+01:00,server,1310127673,111384,2929536,331412854,150326,0,139067,0,32911424,28999808,3911616,23993344,16252864,16240576
2026-05-13T16:22:25+01:00,server,1310129969,111384,2929547,331415466,150326,0,139068,0,32911424,28998976,3912448,23992512,16252864,16240576
2026-05-13T16:22:26+01:00,server,1310132255,111384,2929580,331418054,150326,0,139069,0,32911424,29000256,3911168,23993792,16252864,16240576
2026-05-13T16:22:27+01:00,server,1310134498,111384,2929593,331420668,150326,0,139069,0,32911424,29000064,3911360,23993600,16252864,16240576
2026-05-13T16:22:28+01:00,server,1310136794,111384,2929609,331423283,150326,0,139069,0,32911424,28998912,3912512,23992448,16252864,16240576
2026-05-13T16:22:29+01:00,server,1310138988,111384,2929638,331425902,150326,0,139069,0,32911424,28994496,3916928,23988032,16252864,16240576
2026-05-13T16:22:30+01:00,server,1310141269,111384,2929656,331428520,150326,0,139070,0,32911424,28997504,3913920,23991040,16252864,16240576
2026-05-13T16:22:31+01:00,server,1310143576,111384,2929685,331431089,150326,0,139070,0,32911424,28983616,3927808,23977152,16252864,16240576
2026-05-13T16:22:32+01:00,server,1310146109,111384,2929705,331433444,150326,0,139072,0,32911424,28986432,3924992,23979904,16252864,16240576
2026-05-13T16:22:33+01:00,server,1310148568,111384,2929718,331435872,150326,0,139073,0,32911424,28993024,3918400,23986432,16252864,16240576
2026-05-13T16:22:34+01:00,server,1310151026,111384,2929727,331438337,150326,0,139073,0,32911424,28996480,3914944,23989888,16252864,16240576
2026-05-13T16:22:35+01:00,server,1310153476,111384,2929738,331440789,150326,0,139074,0,32911424,29000512,3910912,23993920,16252864,16240576
2026-05-13T16:22:36+01:00,server,1310155929,111384,2929753,331443243,150326,0,139075,0,32911424,28999552,3911872,23992960,16252864,16240576
2026-05-13T16:22:37+01:00,server,1310158379,111384,2929767,331445697,150326,0,139075,0,32911424,29000896,3910528,23994304,16252864,16240576
2026-05-13T16:22:38+01:00,server,1310160853,111384,2929783,331448147,150326,0,139076,0,32911424,28998400,3913024,23991808,16252864,16240576
2026-05-13T16:22:39+01:00,server,1310163262,111384,2929795,331450599,150326,0,139076,0,32911424,29001152,3910272,23994560,16252864,16240576
2026-05-13T16:22:40+01:00,server,1310165739,111384,2929808,331453050,150326,0,139077,0,32911424,28998144,3913280,23991488,16252864,16240576
2026-05-13T16:22:41+01:00,server,1310168178,111384,2929832,331455479,150326,0,139077,0,32911424,28999360,3912064,23992704,16252864,16240576
2026-05-13T16:22:42+01:00,server,1310170629,111384,2929846,331457931,150326,0,139077,0,32911424,29000128,3911296,23993472,16252864,16240576
2026-05-13T16:22:43+01:00,server,1310173104,111384,2929861,331460386,150326,0,139077,0,32911424,29002816,3908608,23996160,16252864,16240576
2026-05-13T16:22:44+01:00,server,1310175527,111384,2929879,331462840,150326,0,139077,0,32911424,28997632,3913792,23990976,16252864,16240576
2026-05-13T16:22:45+01:00,server,1310177956,111384,2929890,331465298,150326,0,139077,0,32911424,29000704,3910720,23994048,16252864,16240576
2026-05-13T16:22:46+01:00,server,1310180404,111384,2929897,331467762,150326,0,139077,0,32911424,28998784,3912640,23992128,16252864,16240576
2026-05-13T16:22:48+01:00,server,1310182855,111384,2929913,331470215,150326,0,139078,0,32911424,29000320,3911104,23993664,16252864,16240576
2026-05-13T16:22:49+01:00,server,1310185330,111384,2929927,331472669,150326,0,139078,0,32911424,29002176,3909248,23995520,16252864,16240576
2026-05-13T16:22:50+01:00,server,1310187777,111384,2929939,331475122,150326,0,139080,0,32911424,29000832,3910592,23994176,16252864,16240576
2026-05-13T16:22:51+01:00,server,1310190251,111384,2929953,331477575,150326,0,139081,0,32911424,29000064,3911360,23993408,16252864,16240576
2026-05-13T16:22:52+01:00,server,1310192679,111384,2929964,331480028,150326,0,139081,0,32911424,28999680,3911744,23993024,16252864,16240576
2026-05-13T16:22:53+01:00,server,1310195153,111384,2929978,331482481,150326,0,139081,0,32911424,29000384,3911040,23993664,16252864,16240576
2026-05-13T16:22:54+01:00,server,1310197626,111384,2929991,331484937,150326,0,139081,0,32911424,28999040,3912384,23992320,16252864,16240576
2026-05-13T16:22:55+01:00,server,1310200060,111384,2930000,331487398,150326,0,139081,0,32911424,28998080,3913344,23991360,16252864,16240576
2026-05-13T16:22:56+01:00,server,1310202534,111384,2930024,331489844,150326,0,139081,0,32911424,28998272,3913152,23991552,16252864,16240576
2026-05-13T16:22:57+01:00,server,1310204919,111384,2930067,331492311,150326,0,139081,0,32911424,28999424,3912000,23992704,16252864,16240576
2026-05-13T16:22:58+01:00,server,1310207318,111384,2930088,331494785,150326,0,139081,0,32911424,28998848,3912576,23992128,16252864,16240576
2026-05-13T16:22:59+01:00,server,1310209702,111384,2930104,331497272,150326,0,139081,0,32911424,28997888,3913536,23991168,16252864,16240576
2026-05-13T16:23:00+01:00,server,1310212120,111384,2930126,331499756,150326,0,139081,0,32911424,28998272,3913152,23991552,16252864,16240576
2026-05-13T16:23:01+01:00,server,1310214486,111384,2930142,331502242,150326,0,139082,0,32911424,28995584,3915840,23988864,16252864,16240576
2026-05-13T16:23:02+01:00,server,1310216908,111384,2930158,331504732,150326,0,139082,0,32911424,28996928,3914496,23990208,16252864,16240576
2026-05-13T16:23:03+01:00,server,1310219222,111384,2930176,331507230,150326,0,139082,0,32911424,28997504,3913920,23990784,16252864,16240576
2026-05-13T16:23:04+01:00,server,1310221656,111384,2930190,331509727,150326,0,139082,0,32911424,28997696,3913728,23990976,16252864,16240576
2026-05-13T16:23:05+01:00,server,1310224069,111384,2930206,331512227,150326,0,139082,0,32911424,28996352,3915072,23989632,16252864,16240576
2026-05-13T16:23:06+01:00,server,1310226431,111384,2930239,331514731,150326,0,139082,0,32911424,28999616,3911808,23992896,16252864,16240576
2026-05-13T16:23:07+01:00,server,1310228830,111384,2930266,331517239,150326,0,139083,0,32911424,29000576,3910848,23993856,16252864,16240576
2026-05-13T16:23:08+01:00,server,1310231235,111384,2930281,331519747,150326,0,139083,0,32911424,29001152,3910272,23994432,16252864,16240576
2026-05-13T16:23:09+01:00,server,1310233613,111384,2930302,331522260,150326,0,139083,0,32911424,29000576,3910848,23993856,16252864,16240576
2026-05-13T16:23:10+01:00,server,1310235946,111384,2930317,331524779,150326,0,139084,0,32911424,28998272,3913152,23991552,16252864,16240576
2026-05-13T16:23:11+01:00,server,1310238368,111384,2930342,331527279,150326,0,139085,0,32911424,29001600,3909824,23994880,16252864,16240576
2026-05-13T16:23:12+01:00,server,1310240691,111384,2930348,331529813,150326,0,139085,0,32911424,29000576,3910848,23993792,16252864,16240576
2026-05-13T16:23:13+01:00,server,1310243099,111384,2930369,331532343,150326,0,139085,0,32911424,29001728,3909696,23994944,16252864,16240576
2026-05-13T16:23:14+01:00,server,1310245395,111384,2930396,331534870,150326,0,139086,0,32911424,29005696,3905728,23998848,16252864,16240576
2026-05-13T16:23:15+01:00,server,1310247868,111384,2930412,331537400,150326,0,139086,0,32911424,29006208,3905216,23999360,16252864,16240576
2026-05-13T16:23:16+01:00,server,1310250237,111384,2930430,331539932,150326,0,139087,0,32911424,29003520,3907904,23996672,16252864,16240576
2026-05-13T16:23:17+01:00,server,1310252617,111384,2930451,331542468,150326,0,139088,0,32911424,29004544,3906880,23997632,16252864,16240576
2026-05-13T16:23:18+01:00,server,1310255034,111384,2930475,331545008,150326,0,139088,0,32911424,29005952,3905472,23999040,16252864,16240576
2026-05-13T16:23:19+01:00,server,1310257186,111384,2930500,331547557,150326,0,139089,0,32911424,29008256,3903168,24001344,16252864,16240576
2026-05-13T16:23:20+01:00,server,1310259596,111384,2930518,331550104,150326,0,139090,0,32911424,29006976,3904448,24000000,16252864,16240576
2026-05-13T16:23:21+01:00,server,1310261975,111384,2930545,331552657,150326,0,139090,0,32911424,29007168,3904256,24000192,16252864,16240576
2026-05-13T16:23:22+01:00,server,1310264424,111384,2930561,331555211,150326,0,139090,0,32911424,29007104,3904320,24000128,16252864,16240576
2026-05-13T16:23:23+01:00,server,1310266731,111384,2930572,331557767,150326,0,139091,0,32911424,29008256,3903168,24001280,16252864,16240576
2026-05-13T16:23:24+01:00,server,1310269051,111384,2930585,331560333,150326,0,139091,0,32911424,29009216,3902208,24002240,16252864,16240576
2026-05-13T16:23:25+01:00,server,1310271371,111384,2930601,331562883,150326,0,139092,0,32911424,29006400,3905024,23999424,16252864,16240576
2026-05-13T16:23:26+01:00,server,1310273744,111384,2930625,331565433,150326,0,139092,0,32911424,29015424,3896000,24008448,16252864,16240576
2026-05-13T16:23:28+01:00,server,1310276048,111384,2930640,331568006,150326,0,139092,0,32911424,29014464,3896960,24007488,16252864,16240576
2026-05-13T16:23:29+01:00,server,1310278331,111384,2930665,331570580,150326,0,139093,0,32911424,29015744,3895680,24008768,16252864,16240576
2026-05-13T16:23:30+01:00,server,1310280607,111384,2930685,331573156,150326,0,139093,0,32911424,29017920,3893504,24010944,16252864,16240576
2026-05-13T16:23:31+01:00,server,1310282888,111384,2930699,331575737,150326,0,139094,0,32911424,29018688,3892736,24011712,16252864,16240576
2026-05-13T16:23:32+01:00,server,1310285265,111384,2930715,331578322,150327,0,139094,0,32911424,29020224,3891200,24013248,16252864,16240576
2026-05-13T16:23:33+01:00,server,1310287602,111384,2930729,331580904,150327,0,139094,0,32911424,29021184,3890240,24014208,16252864,16240576
2026-05-13T16:23:34+01:00,server,1310289905,111384,2930741,331583490,150327,0,139094,0,32911424,29020800,3890624,24013824,16252864,16240576
2026-05-13T16:23:35+01:00,server,1310292199,111384,2930766,331586078,150327,0,139094,0,32911424,29018432,3892992,24011456,16252864,16240576
2026-05-13T16:23:36+01:00,server,1310294502,111384,2930789,331588667,150327,0,139094,0,32911424,29018432,3892992,24011392,16252864,16240576
2026-05-13T16:23:37+01:00,server,1310296816,111384,2930806,331591257,150327,0,139094,0,32911424,29018816,3892608,24011776,16252864,16240576
2026-05-13T16:23:38+01:00,server,1310299111,111384,2930814,331593866,150327,0,139094,0,32911424,29016064,3895360,24008960,16252864,16240576
2026-05-13T16:23:39+01:00,server,1310301430,111384,2930831,331596468,150327,0,139094,0,32911424,29013184,3898240,24006080,16252864,16240576
2026-05-13T16:23:40+01:00,server,1310303717,111384,2930845,331599066,150327,0,139094,0,32911424,29013312,3898112,24006208,16252864,16240576
2026-05-13T16:23:41+01:00,server,1310305997,111384,2930870,331601643,150327,0,139094,0,32911424,29015936,3895488,24008832,16252864,16240576
2026-05-13T16:23:42+01:00,server,1310308262,111384,2930881,331604248,150327,0,139094,0,32911424,29014912,3896512,24007808,16252864,16240576
2026-05-13T16:23:43+01:00,server,1310310575,111384,2930926,331606858,150327,0,139094,0,32911424,29015104,3896320,24008000,16252864,16240576
2026-05-13T16:23:44+01:00,server,1310312830,111384,2930942,331609465,150327,0,139094,0,32911424,29015936,3895488,24008832,16252864,16240576
2026-05-13T16:23:45+01:00,server,1310315016,111384,2930952,331612078,150327,0,139094,0,32911424,29010368,3901056,24003264,16252864,16240576
2026-05-13T16:23:46+01:00,server,1310317253,111384,2930967,331614695,150327,0,139094,0,32911424,29008832,3902592,24001728,16252864,16240576
2026-05-13T16:23:47+01:00,server,1310319539,111384,2930980,331617308,150327,0,139095,0,32911424,29008128,3903296,24000960,16252864,16240576
2026-05-13T16:23:48+01:00,server,1310321797,111384,2930993,331619926,150327,0,139096,0,32911424,29008192,3903232,24001024,16252864,16240576
2026-05-13T16:23:49+01:00,server,1310324070,111384,2931006,331622549,150327,0,139096,0,32911424,29010880,3900544,24003712,16252864,16240576
2026-05-13T16:23:50+01:00,server,1310326386,111384,2931019,331625173,150327,0,139097,0,32911424,29009664,3901760,24002496,16252864,16240576
2026-05-13T16:23:51+01:00,server,1310328773,111384,2931034,331627873,150327,0,139097,0,32911424,29006592,3904832,23999424,16252864,16240576
2026-05-13T16:23:52+01:00,server,1310331056,111384,2931049,331630501,150327,0,139098,0,32911424,29007552,3903872,24000384,16252864,16240576
2026-05-13T16:23:53+01:00,server,1310333344,111384,2931060,331633128,150327,0,139098,0,32911424,29006016,3905408,23998848,16252864,16240576
2026-05-13T16:23:54+01:00,server,1310335544,111384,2931074,331635759,150327,0,139098,0,32911424,29007168,3904256,24000000,16252864,16240576
2026-05-13T16:23:55+01:00,server,1310337819,111384,2931095,331638391,150327,0,139098,0,32911424,29005440,3905984,23998272,16252864,16240576
2026-05-13T16:23:56+01:00,server,1310340043,111384,2931120,331640996,150327,0,139098,0,32911424,29010496,3900928,24003328,16252864,16240576
2026-05-13T16:23:57+01:00,server,1310342328,111384,2931131,331643597,150327,0,139099,0,32911424,29005376,3906048,23998208,16252864,16240576
2026-05-13T16:23:58+01:00,server,1310344759,111384,2931144,331646051,150327,0,139099,0,32911424,29011520,3899904,24004352,16252864,16240576
2026-05-13T16:23:59+01:00,server,1310347185,111384,2931157,331648512,150327,0,139099,0,32911424,29013056,3898368,24005888,16252864,16240576
2026-05-13T16:24:00+01:00,server,1310349614,111384,2931170,331650966,150327,0,139099,0,32911424,29009984,3901440,24002752,16252864,16240576
2026-05-13T16:24:01+01:00,server,1310352064,111384,2931183,331653422,150327,0,139100,0,32911424,29006976,3904448,23999744,16252864,16240576
2026-05-13T16:24:02+01:00,server,1310354538,111384,2931197,331655880,150327,0,139100,0,32911424,29009280,3902144,24002048,16252864,16240576
2026-05-13T16:24:03+01:00,server,1310356990,111384,2931200,331658341,150327,0,139101,0,32911424,29006784,3904640,23999552,16252864,16240576
2026-05-13T16:24:04+01:00,server,1310359460,111384,2931210,331660804,150327,0,139101,0,32911424,29008576,3902848,24001344,16252864,16240576
2026-05-13T16:24:05+01:00,server,1310361883,111384,2931227,331663261,150327,0,139101,0,32911424,29006848,3904576,23999616,16252864,16240576
2026-05-13T16:24:07+01:00,server,1310364355,111384,2931241,331665716,150327,0,139101,0,32911424,29007424,3904000,24000192,16252864,16240576
2026-05-13T16:24:08+01:00,server,1310366783,111384,2931254,331668173,150327,0,139103,0,32911424,29008384,3903040,24001152,16252864,16240576
2026-05-13T16:24:09+01:00,server,1310369235,111384,2931266,331670628,150327,0,139104,0,32911424,29009792,3901632,24002560,16252864,16240576
2026-05-13T16:24:10+01:00,server,1310371685,111384,2931279,331673081,150327,0,139104,0,32911424,29009984,3901440,24002752,16252864,16240576
2026-05-13T16:24:11+01:00,server,1310374198,111384,2931297,331675509,150327,0,139104,0,32911424,29011904,3899520,24004672,16252864,16240576
2026-05-13T16:24:12+01:00,server,1310376647,111384,2931310,331677963,150327,0,139105,0,32911424,29011584,3899840,24004352,16252864,16240576
2026-05-13T16:24:13+01:00,server,1310379098,111384,2931323,331680417,150327,0,139105,0,32911424,29008320,3903104,24001088,16252864,16240576
2026-05-13T16:24:14+01:00,server,1310381546,111384,2931337,331682870,150327,0,139105,0,32911424,29011968,3899456,24004736,16252864,16240576
2026-05-13T16:24:15+01:00,server,1310384023,111384,2931347,331685326,150327,0,139105,0,32911424,29011008,3900416,24003776,16252864,16240576
2026-05-13T16:24:16+01:00,server,1310386456,111384,2931356,331687784,150327,0,139105,0,32911424,29010304,3901120,24003072,16252864,16240576
2026-05-13T16:24:17+01:00,server,1310388903,111384,2931360,331690251,150327,0,139106,0,32911424,29010240,3901184,24003008,16252864,16240576
2026-05-13T16:24:18+01:00,server,1310391374,111384,2931374,331692708,150327,0,139106,0,32911424,29007744,3903680,24000512,16252864,16240576
2026-05-13T16:24:19+01:00,server,1310393851,111384,2931385,331695178,150327,0,139107,0,32911424,29011712,3899712,24004480,16252864,16240576
2026-05-13T16:24:20+01:00,server,1310396240,111384,2931428,331697639,150327,0,139108,0,32911424,29011264,3900160,24004032,16252864,16240576
2026-05-13T16:24:21+01:00,server,1310398644,111384,2931446,331700104,150327,0,139108,0,32911424,29011520,3899904,24004288,16252864,16240576
2026-05-13T16:24:22+01:00,server,1310401084,111384,2931469,331702577,150327,0,139108,0,32911424,29013248,3898176,24006016,16252864,16240576
2026-05-13T16:24:23+01:00,server,1310403519,111384,2931478,331705056,150327,0,139109,0,32911424,29014400,3897024,24007168,16252864,16240576
2026-05-13T16:24:24+01:00,server,1310405861,111384,2931512,331707536,150327,0,139109,0,32911424,29010944,3900480,24003712,16252864,16240576
2026-05-13T16:24:25+01:00,server,1310408313,111384,2931521,331710021,150327,0,139109,0,32911424,29016448,3894976,24009216,16252864,16240576
2026-05-13T16:24:26+01:00,server,1310410715,111384,2931554,331712487,150327,0,139109,0,32911424,29014080,3897344,24006848,16252864,16240576
2026-05-13T16:24:27+01:00,server,1310413122,111384,2931568,331714983,150327,0,139110,0,32911424,29012672,3898752,24005440,16252864,16240576
2026-05-13T16:24:28+01:00,server,1310415513,111384,2931588,331717484,150327,0,139110,0,32911424,29009536,3901888,24002304,16252864,16240576
2026-05-13T16:24:29+01:00,server,1310417939,111384,2931600,331719987,150327,0,139111,0,32911424,29011008,3900416,24003776,16252864,16240576
2026-05-13T16:24:30+01:00,server,1310420330,111384,2931609,331722497,150327,0,139111,0,32911424,29010432,3900992,24003200,16252864,16240576
2026-05-13T16:24:31+01:00,server,1310422731,111384,2931623,331725003,150327,0,139111,0,32911424,29011392,3900032,24004160,16252864,16240576
2026-05-13T16:24:32+01:00,server,1310425117,111384,2931639,331727511,150327,0,139111,0,32911424,29010048,3901376,24002816,16252864,16240576
2026-05-13T16:24:33+01:00,server,1310427491,111384,2931657,331730020,150327,0,139112,0,32911424,29013376,3898048,24006080,16252864,16240576
2026-05-13T16:24:34+01:00,server,1310429884,111384,2931671,331732534,150327,0,139112,0,32911424,29008832,3902592,24001536,16252864,16240576
2026-05-13T16:24:35+01:00,server,1310432206,111384,2931700,331735049,150327,0,139112,0,32911424,29009984,3901440,24002688,16252864,16240576
2026-05-13T16:24:36+01:00,server,1310434630,111384,2931714,331737569,150327,0,139114,0,32911424,29005952,3905472,23998656,16252864,16240576
2026-05-13T16:24:37+01:00,server,1310436969,111384,2931726,331740093,150327,0,139114,0,32911424,29007360,3904064,24000064,16252864,16240576
2026-05-13T16:24:38+01:00,server,1310439382,111384,2931741,331742620,150327,0,139114,0,32911424,29005632,3905792,23998336,16252864,16240576
2026-05-13T16:24:39+01:00,server,1310441719,111384,2931764,331745150,150327,0,139114,0,32911424,29007296,3904128,24000000,16252864,16240576
2026-05-13T16:24:40+01:00,server,1310444149,111384,2931787,331747683,150327,0,139115,0,32911424,29004608,3906816,23997312,16252864,16240576
2026-05-13T16:24:41+01:00,server,1310446592,111384,2931802,331750189,150327,0,139115,0,32911424,29007680,3903744,24000384,16252864,16240576
2026-05-13T16:24:42+01:00,server,1310448964,111384,2931803,331752735,150327,0,139115,0,32911424,29004800,3906624,23997504,16252864,16240576
2026-05-13T16:24:43+01:00,server,1310451334,111384,2931812,331755277,150327,0,139115,0,32911424,29002944,3908480,23995648,16252864,16240576
2026-05-13T16:24:44+01:00,server,1310453643,111384,2931837,331757818,150327,0,139115,0,32911424,29003136,3908288,23995840,16252864,16240576
2026-05-13T16:24:45+01:00,server,1310455962,111384,2931854,331760365,150327,0,139116,0,32911424,29005632,3905792,23998336,16252864,16240576
2026-05-13T16:24:46+01:00,server,1310458354,111384,2931870,331762915,150327,0,139116,0,32911424,29006976,3904448,23999680,16252864,16240576
2026-05-13T16:24:48+01:00,server,1310460782,111384,2931878,331765466,150327,0,139117,0,32911424,29005120,3906304,23997824,16252864,16240576
2026-05-13T16:24:49+01:00,server,1310463111,111384,2931894,331768020,150327,0,139117,0,32911424,29004928,3906496,23997632,16252864,16240576
2026-05-13T16:24:50+01:00,server,1310465430,111384,2931914,331770578,150327,0,139117,0,32911424,29003392,3908032,23996096,16252864,16240576
2026-05-13T16:24:51+01:00,server,1310467815,111384,2931934,331773136,150327,0,139118,0,32911424,29002240,3909184,23994944,16252864,16240576
2026-05-13T16:24:52+01:00,server,1310470168,111384,2931946,331775696,150327,0,139118,0,32911424,29004160,3907264,23996864,16252864,16240576
2026-05-13T16:24:53+01:00,server,1310472490,111384,2931965,331778255,150327,0,139118,0,32911424,29003392,3908032,23996096,16252864,16240576
2026-05-13T16:24:54+01:00,server,1310474787,111384,2931976,331780818,150327,0,139118,0,32911424,29004160,3907264,23996864,16252864,16240576
2026-05-13T16:24:55+01:00,server,1310477129,111384,2931991,331783389,150327,0,139118,0,32911424,29006784,3904640,23999488,16252864,16240576
2026-05-13T16:24:56+01:00,server,1310479391,111384,2932019,331785942,150327,0,139118,0,32911424,29008768,3902656,24001472,16252864,16240576
2026-05-13T16:24:57+01:00,server,1310481768,111384,2932042,331788515,150327,0,139118,0,32911424,29005056,3906368,23997760,16252864,16240576
2026-05-13T16:24:58+01:00,server,1310484075,111384,2932053,331791090,150327,0,139118,0,32911424,29006208,3905216,23998912,16252864,16240576
2026-05-13T16:24:59+01:00,server,1310486390,111384,2932065,331793668,150327,0,139118,0,32911424,29006208,3905216,23998912,16252864,16240576
2026-05-13T16:25:00+01:00,server,1310488624,111384,2932088,331796248,150327,0,139118,0,32911424,29005632,3905792,23998336,16252864,16240576
2026-05-13T16:25:01+01:00,server,1310490922,111384,2932102,331798833,150327,0,139119,0,32911424,29004352,3907072,23997056,16252864,16240576
2026-05-13T16:25:02+01:00,server,1310493240,111384,2932120,331801414,150327,0,139120,0,32911424,28996864,3914560,23989376,16252864,16240576
2026-05-13T16:25:03+01:00,server,1310495577,111384,2932149,331804007,150327,0,139121,0,32911424,28997888,3913536,23990400,16252864,16240576
2026-05-13T16:25:04+01:00,server,1310497886,111384,2932169,331806600,150327,0,139122,0,32911424,28994112,3917312,23986560,16252864,16240576
2026-05-13T16:25:05+01:00,server,1310500176,111384,2932187,331809196,150327,0,139122,0,32911424,28993344,3918080,23985792,16252864,16240576
2026-05-13T16:25:06+01:00,server,1310502457,111384,2932199,331811796,150327,0,139123,0,32911424,28993344,3918080,23985792,16252864,16240576
2026-05-13T16:25:07+01:00,server,1310504815,111384,2932216,331814396,150327,0,139123,0,32911424,28991232,3920192,23983680,16252864,16240576
2026-05-13T16:25:08+01:00,server,1310507153,111384,2932223,331817003,150327,0,139124,0,32911424,28992064,3919360,23984512,16252864,16240576
2026-05-13T16:25:09+01:00,server,1310509464,111384,2932231,331819611,150327,0,139126,0,32911424,28995328,3916096,23987776,16252864,16240576
2026-05-13T16:25:10+01:00,server,1310511786,111384,2932251,331822219,150327,0,139126,0,32911424,28993856,3917568,23986304,16252864,16240576
2026-05-13T16:25:11+01:00,server,1310514081,111384,2932278,331824807,150327,0,139127,0,32911424,28997056,3914368,23989504,16252864,16240576
2026-05-13T16:25:12+01:00,server,1310516307,111384,2932295,331827424,150327,0,139127,0,32911424,28993984,3917440,23986432,16252864,16240576
2026-05-13T16:25:13+01:00,server,1310518599,111384,2932309,331830039,150327,0,139127,0,32911424,28992256,3919168,23984704,16252864,16240576
2026-05-13T16:25:14+01:00,server,1310520913,111384,2932322,331832657,150327,0,139127,0,32911424,28994560,3916864,23987008,16252864,16240576
2026-05-13T16:25:15+01:00,server,1310523150,111384,2932345,331835277,150327,0,139128,0,32911424,28994176,3917248,23986624,16252864,16240576
2026-05-13T16:25:16+01:00,server,1310525351,111384,2932361,331837899,150327,0,139128,0,32911424,28992128,3919296,23984576,16252864,16240576
2026-05-13T16:25:17+01:00,server,1310527567,111384,2932378,331840522,150327,0,139128,0,32911424,28990592,3920832,23983040,16252864,16240576
2026-05-13T16:25:18+01:00,server,1310529854,111384,2932385,331843148,150327,0,139128,0,32911424,28989504,3921920,23981888,16252864,16240576
2026-05-13T16:25:19+01:00,server,1310532156,111384,2932405,331845777,150327,0,139128,0,32911424,28988096,3923328,23980480,16252864,16240576
2026-05-13T16:25:20+01:00,server,1310534326,111384,2932418,331848407,150327,0,139128,0,32911424,28991232,3920192,23983616,16252864,16240576
2026-05-13T16:25:21+01:00,server,1310536574,111384,2932422,331851049,150327,0,139128,0,32911424,28992384,3919040,23984768,16252864,16240576
2026-05-13T16:25:22+01:00,server,1310538828,111384,2932436,331853616,150327,0,139128,0,32911424,28992960,3918464,23985344,16252864,16240576
2026-05-13T16:25:23+01:00,server,1310541274,111384,2932447,331856080,150327,0,139129,0,32911424,28992768,3918656,23985152,16252864,16240576
2026-05-13T16:25:24+01:00,server,1310543725,111384,2932458,331858542,150327,0,139129,0,32911424,28993024,3918400,23985408,16252864,16240576
2026-05-13T16:25:25+01:00,server,1310546185,111384,2932475,331860992,150327,0,139130,0,32911424,28993664,3917760,23986048,16252864,16240576
2026-05-13T16:25:26+01:00,server,1310548659,111384,2932490,331863442,150327,0,139130,0,32911424,28995008,3916416,23987392,16252864,16240576
2026-05-13T16:25:28+01:00,server,1310551111,111384,2932499,331865901,150327,0,139130,0,32911424,28996352,3915072,23988736,16252864,16240576
2026-05-13T16:25:29+01:00,server,1310553573,111384,2932511,331868360,150327,0,139131,0,32911424,28995776,3915648,23988160,16252864,16240576
2026-05-13T16:25:30+01:00,server,1310556017,111384,2932520,331870823,150327,0,139131,0,32911424,28998272,3913152,23990656,16252864,16240576
2026-05-13T16:25:31+01:00,server,1310558487,111384,2932533,331873288,150327,0,139132,0,32911424,28992704,3918720,23985088,16252864,16240576
2026-05-13T16:25:32+01:00,server,1310560913,111384,2932541,331875746,150327,0,139135,0,32911424,28993472,3917952,23985856,16252864,16240576
2026-05-13T16:25:33+01:00,server,1310563389,111384,2932553,331878200,150327,0,139135,0,32911424,28993472,3917952,23985856,16252864,16240576
2026-05-13T16:25:34+01:00,server,1310565836,111384,2932560,331880662,150327,0,139135,0,32911424,28995200,3916224,23987584,16252864,16240576
2026-05-13T16:25:35+01:00,server,1310568285,111384,2932569,331883125,150327,0,139135,0,32911424,28993280,3918144,23985664,16252864,16240576
2026-05-13T16:25:36+01:00,server,1310570712,111384,2932581,331885580,150327,0,139136,0,32911424,28995520,3915904,23987904,16252864,16240576
2026-05-13T16:25:37+01:00,server,1310573185,111384,2932594,331888036,150327,0,139136,0,32911424,28994944,3916480,23987328,16252864,16240576
2026-05-13T16:25:38+01:00,server,1310575635,111384,2932608,331890492,150327,0,139136,0,32911424,28994944,3916480,23987328,16252864,16240576
2026-05-13T16:25:39+01:00,server,1310578085,111384,2932619,331892947,150327,0,139136,0,32911424,28997824,3913600,23990208,16252864,16240576
2026-05-13T16:25:40+01:00,server,1310580533,111384,2932636,331895403,150327,0,139136,0,32911424,28996480,3914944,23988864,16252864,16240576
2026-05-13T16:25:41+01:00,server,1310582992,111384,2932652,331897834,150327,0,139136,0,32911424,28998272,3913152,23990592,16252864,16240576
2026-05-13T16:25:42+01:00,server,1310585453,111384,2932675,331900289,150327,0,139136,0,32911424,28996736,3914688,23989056,16252864,16240576
2026-05-13T16:25:43+01:00,server,1310587900,111384,2932686,331902754,150327,0,139136,0,32911424,28995840,3915584,23988160,16252864,16240576
2026-05-13T16:25:44+01:00,server,1310590324,111384,2932701,331905224,150327,0,139136,0,32911424,28994688,3916736,23987008,16252864,16240576
2026-05-13T16:25:45+01:00,server,1310592740,111384,2932727,331907698,150327,0,139136,0,32911424,28995648,3915776,23987968,16252864,16240576
2026-05-13T16:25:46+01:00,server,1310595144,111384,2932748,331910180,150327,0,139136,0,32911424,28987200,3924224,23979520,16252864,16240576
2026-05-13T16:25:47+01:00,server,1310597538,111384,2932772,331912676,150327,0,139136,0,32911424,28990848,3920576,23983104,16252864,16240576
2026-05-13T16:25:48+01:00,server,1310599979,111384,2932787,331915164,150327,0,139136,0,32911424,28990528,3920896,23982720,16252864,16240576
2026-05-13T16:25:49+01:00,server,1310602379,111384,2932799,331917655,150327,0,139136,0,32911424,28989184,3922240,23981376,16252864,16240576
2026-05-13T16:25:50+01:00,server,1310604833,111384,2932806,331920150,150327,0,139137,0,32911424,28988992,3922432,23981184,16252864,16240576
2026-05-13T16:25:51+01:00,server,1310607236,111384,2932831,331922647,150327,0,139137,0,32911424,28990656,3920768,23982848,16252864,16240576
2026-05-13T16:25:52+01:00,server,1310609597,111388,2932846,331925145,150327,0,139138,0,32911424,28991424,3920000,23983616,16252864,16240576
2026-05-13T16:25:53+01:00,server,1310612012,111388,2932871,331927648,150327,0,139139,0,32911424,28989312,3922112,23981504,16252864,16240576
2026-05-13T16:25:54+01:00,server,1310614312,111388,2932898,331930156,150327,0,139141,0,32911424,28990080,3921344,23982272,16252864,16240576
2026-05-13T16:25:55+01:00,server,1310616715,111388,2932913,331932665,150327,0,139142,0,32911424,28990656,3920768,23982848,16252864,16240576
2026-05-13T16:25:56+01:00,server,1310619037,111388,2932935,331935150,150327,0,139143,0,32911424,28994560,3916864,23986752,16252864,16240576
2026-05-13T16:25:57+01:00,server,1310621393,111388,2932947,331937658,150327,0,139143,0,32911424,28987840,3923584,23980032,16252864,16240576
2026-05-13T16:25:58+01:00,server,1310623711,111388,2932970,331940171,150327,0,139144,0,32911424,28988672,3922752,23980864,16252864,16240576
2026-05-13T16:25:59+01:00,server,1310626089,111388,2932995,331942694,150327,0,139144,0,32911424,28985984,3925440,23978176,16252864,16240576
2026-05-13T16:26:00+01:00,server,1310628464,111388,2933017,331945218,150327,0,139144,0,32911424,28987904,3923520,23980096,16252864,16240576
2026-05-13T16:26:01+01:00,server,1310630821,111388,2933037,331947740,150328,0,139144,0,32911424,28987392,3924032,23979520,16252864,16240576
2026-05-13T16:26:02+01:00,server,1310633185,111388,2933054,331950266,150328,0,139145,0,32911424,28985472,3925952,23977600,16252864,16240576
2026-05-13T16:26:03+01:00,server,1310635531,111388,2933069,331952795,150328,0,139145,0,32911424,28985536,3925888,23977664,16252864,16240576
2026-05-13T16:26:04+01:00,server,1310637874,111388,2933087,331955331,150328,0,139145,0,32911424,28985920,3925504,23978048,16252864,16240576
2026-05-13T16:26:05+01:00,server,1310640221,111388,2933112,331957872,150328,0,139146,0,32911424,28985280,3926144,23977408,16252864,16240576
2026-05-13T16:26:06+01:00,server,1310642628,111388,2933126,331960419,150328,0,139147,0,32911424,28985664,3925760,23977792,16252864,16240576
2026-05-13T16:26:08+01:00,server,1310645100,111388,2933142,331962967,150328,0,139147,0,32911424,28986240,3925184,23978368,16252864,16240576
2026-05-13T16:26:09+01:00,server,1310647419,111388,2933158,331965519,150328,0,139147,0,32911424,28986432,3924992,23978560,16252864,16240576
2026-05-13T16:26:10+01:00,server,1310649754,111388,2933166,331968075,150328,0,139149,0,32911424,28981632,3929792,23973760,16252864,16240576
2026-05-13T16:26:11+01:00,server,1310652236,111388,2933186,331970607,150328,0,139149,0,32911424,28984704,3926720,23976832,16252864,16240576
2026-05-13T16:26:12+01:00,server,1310654573,111388,2933210,331973173,150328,0,139149,0,32911424,28987008,3924416,23979136,16252864,16240576
2026-05-13T16:26:13+01:00,server,1310656922,111388,2933219,331975748,150328,0,139150,0,32911424,28986432,3924992,23978560,16252864,16240576
2026-05-13T16:26:14+01:00,server,1310659222,111388,2933236,331978314,150328,0,139151,0,32911424,28982784,3928640,23974912,16252864,16240576
2026-05-13T16:26:15+01:00,server,1310661558,111388,2933246,331980883,150328,0,139152,0,32911424,28984512,3926912,23976640,16252864,16240576
2026-05-13T16:26:16+01:00,server,1310663900,111388,2933276,331983451,150328,0,139152,0,32911424,28985856,3925568,23977984,16252864,16240576
2026-05-13T16:26:17+01:00,server,1310666202,111388,2933298,331986019,150328,0,139152,0,32911424,28986688,3924736,23978752,16252864,16240576
2026-05-13T16:26:18+01:00,server,1310668508,111388,2933326,331988585,150328,0,139152,0,32911424,28988480,3922944,23980800,16252864,16240576
2026-05-13T16:26:19+01:00,server,1310670946,111388,2933352,331991206,150328,0,139152,0,32911424,28989056,3922368,23981184,16252864,16240576
2026-05-13T16:26:20+01:00,server,1310673255,111388,2933364,331993774,150328,0,139152,0,32911424,28987584,3923840,23979712,16252864,16240576
2026-05-13T16:26:21+01:00,server,1310675619,111388,2933377,331996345,150328,0,139153,0,32911424,28990720,3920704,23982848,16252864,16240576
2026-05-13T16:26:22+01:00,server,1310677880,111388,2933395,331998921,150328,0,139153,0,32911424,28990976,3920448,23983104,16252864,16240576
2026-05-13T16:26:23+01:00,server,1310680274,111388,2933409,332001495,150328,0,139153,0,32911424,28985792,3925632,23977920,16252864,16240576
2026-05-13T16:26:24+01:00,server,1310682573,111388,2933427,332004070,150328,0,139154,0,32911424,28988608,3922816,23980800,16252864,16240576
2026-05-13T16:26:25+01:00,server,1310684885,111388,2933443,332006656,150328,0,139154,0,32911424,28987072,3924352,23979264,16252864,16240576
2026-05-13T16:26:26+01:00,server,1310687239,111388,2933470,332009212,150328,0,139154,0,32911424,28987520,3923904,23979712,16252864,16240576
2026-05-13T16:26:27+01:00,server,1310689503,111388,2933507,332011797,150328,0,139155,0,32911424,28985792,3925632,23977984,16252864,16240576
2026-05-13T16:26:28+01:00,server,1310691888,111388,2933523,332014383,150328,0,139157,0,32911424,28983680,3927744,23975808,16252864,16240576
2026-05-13T16:26:29+01:00,server,1310694191,111388,2933546,332016973,150328,0,139157,0,32911424,28986176,3925248,23978304,16252864,16240576
2026-05-13T16:26:30+01:00,server,1310696497,111388,2933559,332019565,150328,0,139157,0,32911424,28983552,3927872,23975680,16252864,16240576
2026-05-13T16:26:31+01:00,server,1310698804,111388,2933570,332022164,150328,0,139157,0,32911424,28984128,3927296,23976256,16252864,16240576
2026-05-13T16:26:32+01:00,server,1310701115,111388,2933587,332024767,150328,0,139157,0,32911424,28980864,3930560,23972992,16252864,16240576
2026-05-13T16:26:33+01:00,server,1310703364,111388,2933599,332027370,150328,0,139158,0,32911424,28982976,3928448,23975104,16252864,16240576
2026-05-13T16:26:34+01:00,server,1310705719,111388,2933613,332029972,150328,0,139158,0,32911424,28980480,3930944,23972608,16252864,16240576
2026-05-13T16:26:35+01:00,server,1310708058,111388,2933630,332032582,150328,0,139158,0,32911424,28980288,3931136,23972416,16252864,16240576
2026-05-13T16:26:36+01:00,server,1310710309,111388,2933642,332035193,150328,0,139158,0,32911424,28980480,3930944,23972608,16252864,16240576
2026-05-13T16:26:37+01:00,server,1310712595,111388,2933660,332037808,150328,0,139158,0,32911424,28986368,3925056,23978496,16252864,16240576
2026-05-13T16:26:38+01:00,server,1310714858,111388,2933672,332040433,150328,0,139158,0,32911424,28981568,3929856,23973696,16252864,16240576
2026-05-13T16:26:39+01:00,server,1310717169,111388,2933693,332043053,150328,0,139158,0,32911424,28981504,3929920,23973632,16252864,16240576
2026-05-13T16:26:40+01:00,server,1310719445,111388,2933716,332045667,150328,0,139158,0,32911424,28981760,3929664,23973888,16252864,16240576
2026-05-13T16:26:41+01:00,server,1310721737,111388,2933736,332048264,150328,0,139159,0,32911424,28984064,3927360,23976192,16252864,16240576
2026-05-13T16:26:42+01:00,server,1310724041,111388,2933750,332050881,150328,0,139160,0,32911424,28987520,3923904,23979648,16252864,16240576
2026-05-13T16:26:43+01:00,server,1310726207,111388,2933771,332053503,150328,0,139160,0,32911424,28984512,3926912,23976640,16252864,16240576
2026-05-13T16:26:44+01:00,server,1310728526,111388,2933790,332056129,150328,0,139160,0,32911424,28983360,3928064,23975488,16252864,16240576
2026-05-13T16:26:45+01:00,server,1310730742,111388,2933805,332058757,150328,0,139160,0,32911424,28983552,3927872,23975680,16252864,16240576
2026-05-13T16:26:47+01:00,server,1310732999,111388,2933817,332061385,150328,0,139161,0,32911424,28984320,3927104,23976448,16252864,16240576
2026-05-13T16:26:48+01:00,server,1310735231,111388,2933833,332064017,150328,0,139161,0,32911424,28983552,3927872,23975680,16252864,16240576
2026-05-13T16:26:49+01:00,server,1310737480,111388,2933848,332066649,150328,0,139162,0,32911424,28984064,3927360,23976192,16252864,16240576
2026-05-13T16:26:50+01:00,server,1310739791,111388,2933881,332069282,150328,0,139162,0,32911424,28987328,3924096,23979456,16252864,16240576
2026-05-13T16:26:51+01:00,server,1310742072,111388,2933894,332071924,150328,0,139162,0,32911424,28987520,3923904,23979648,16252864,16240576
2026-05-13T16:26:52+01:00,server,1310744336,111388,2933907,332074496,150328,0,139162,0,32911424,28988160,3923264,23980224,16252864,16240576
2026-05-13T16:26:53+01:00,server,1310746766,111388,2933915,332076957,150328,0,139162,0,32911424,28987776,3923648,23979840,16252864,16240576
2026-05-13T16:26:54+01:00,server,1310749203,111388,2933925,332079424,150328,0,139162,0,32911424,28990784,3920640,23982848,16252864,16240576
2026-05-13T16:26:55+01:00,server,1310751655,111388,2933937,332081891,150328,0,139162,0,32911424,28988864,3922560,23980928,16252864,16240576
2026-05-13T16:26:56+01:00,server,1310754091,111388,2933954,332084336,150328,0,139162,0,32911424,28990784,3920640,23982848,16252864,16240576
2026-05-13T16:26:57+01:00,server,1310756529,111388,2933961,332086803,150328,0,139162,0,32911424,28990144,3921280,23982208,16252864,16240576
2026-05-13T16:26:58+01:00,server,1310758982,111388,2933969,332089267,150328,0,139162,0,32911424,28989568,3921856,23981632,16252864,16240576
2026-05-13T16:26:59+01:00,server,1310761409,111388,2933982,332091731,150328,0,139162,0,32911424,28991040,3920384,23983104,16252864,16240576
2026-05-13T16:27:00+01:00,server,1310763860,111388,2933990,332094183,150328,0,139163,0,32911424,28991424,3920000,23983488,16252864,16240576
2026-05-13T16:27:01+01:00,server,1310766289,111388,2934003,332096636,150328,0,139163,0,32911424,28991744,3919680,23983808,16252864,16240576
2026-05-13T16:27:02+01:00,server,1310768738,111388,2934014,332099090,150328,0,139163,0,32911424,28993280,3918144,23985344,16252864,16240576
2026-05-13T16:27:03+01:00,server,1310771185,111388,2934031,332101546,150328,0,139163,0,32911424,28992896,3918528,23984960,16252864,16240576
2026-05-13T16:27:04+01:00,server,1310773632,111388,2934035,332104012,150328,0,139164,0,32911424,28987648,3923776,23979712,16252864,16240576
2026-05-13T16:27:05+01:00,server,1310776105,111388,2934047,332106467,150328,0,139164,0,32911424,28990272,3921152,23982336,16252864,16240576
2026-05-13T16:27:06+01:00,server,1310778551,111388,2934063,332108919,150328,0,139164,0,32911424,28989696,3921728,23981760,16252864,16240576
2026-05-13T16:27:07+01:00,server,1310781026,111388,2934073,332111372,150328,0,139165,0,32911424,28990208,3921216,23982272,16252864,16240576
2026-05-13T16:27:08+01:00,server,1310783428,111388,2934087,332113824,150328,0,139165,0,32911424,28992704,3918720,23984768,16252864,16240576
2026-05-13T16:27:09+01:00,server,1310785899,111388,2934102,332116277,150328,0,139167,0,32911424,28990336,3921088,23982400,16252864,16240576
2026-05-13T16:27:10+01:00,server,1310788350,111388,2934113,332118729,150328,0,139167,0,32911424,28991488,3919936,23983552,16252864,16240576
2026-05-13T16:27:11+01:00,server,1310790843,111388,2934131,332121154,150328,0,139167,0,32911424,28992256,3919168,23984320,16252864,16240576
2026-05-13T16:27:12+01:00,server,1310793321,111388,2934141,332123609,150328,0,139167,0,32911424,28994752,3916672,23986816,16252864,16240576
2026-05-13T16:27:13+01:00,server,1310795736,111388,2934157,332126064,150328,0,139168,0,32911424,28993216,3918208,23985280,16252864,16240576
2026-05-13T16:27:14+01:00,server,1310798195,111388,2934173,332128528,150328,0,139169,0,32911424,28993216,3918208,23985280,16252864,16240576
2026-05-13T16:27:15+01:00,server,1310800645,111388,2934187,332130995,150328,0,139169,0,32911424,28990208,3921216,23982272,16252864,16240576
2026-05-13T16:27:16+01:00,server,1310803064,111388,2934200,332133473,150328,0,139169,0,32911424,28989760,3921664,23981824,16252864,16240576
2026-05-13T16:27:17+01:00,server,1310805494,111388,2934209,332135958,150328,0,139169,0,32911424,28991104,3920320,23983168,16252864,16240576
2026-05-13T16:27:18+01:00,server,1310807933,111388,2934223,332138441,150328,0,139169,0,32911424,28990784,3920640,23982784,16252864,16240576
2026-05-13T16:27:19+01:00,server,1310810316,111388,2934242,332140928,150328,0,139169,0,32911424,28991488,3919936,23983488,16252864,16240576
2026-05-13T16:27:20+01:00,server,1310812778,111388,2934252,332143419,150328,0,139169,0,32911424,28988608,3922816,23980608,16252864,16240576
2026-05-13T16:27:21+01:00,server,1310815189,111388,2934303,332145917,150328,0,139169,0,32911424,28989440,3921984,23981440,16252864,16240576
2026-05-13T16:27:22+01:00,server,1310817611,111388,2934320,332148412,150328,0,139169,0,32911424,28990784,3920640,23982784,16252864,16240576
2026-05-13T16:27:23+01:00,server,1310820046,111388,2934334,332150911,150328,0,139169,0,32911424,28991168,3920256,23983168,16252864,16240576
2026-05-13T16:27:24+01:00,server,1310822425,111388,2934353,332153412,150328,0,139169,0,32911424,28993280,3918144,23985280,16252864,16240576
2026-05-13T16:27:25+01:00,server,1310824844,111388,2934382,332155908,150328,0,139169,0,32911424,28996224,3915200,23988224,16252864,16240576
2026-05-13T16:27:26+01:00,server,1310827257,111388,2934402,332158406,150328,0,139169,0,32911424,28995904,3915520,23987840,16252864,16240576
2026-05-13T16:27:28+01:00,server,1310829651,111388,2934415,332160915,150328,0,139169,0,32911424,28994112,3917312,23986048,16252864,16240576
2026-05-13T16:27:29+01:00,server,1310832002,111388,2934430,332163435,150328,0,139169,0,32911424,28992640,3918784,23984576,16252864,16240576
2026-05-13T16:27:30+01:00,server,1310834362,111388,2934471,332165958,150328,0,139170,0,32911424,28997056,3914368,23988992,16252864,16240576
2026-05-13T16:27:31+01:00,server,1310836791,111388,2934538,332168382,150328,0,139170,0,32911424,28985280,3926144,23977216,16252864,16240576
2026-05-13T16:27:32+01:00,server,1310839284,111388,2934564,332170815,150328,0,139170,0,32911424,28990912,3920512,23982848,16252864,16240576
2026-05-13T16:27:33+01:00,server,1310841677,111388,2934579,332173341,150328,0,139170,0,32911424,28989824,3921600,23981632,16252864,16240576
2026-05-13T16:27:34+01:00,server,1310844110,111388,2934592,332175869,150328,0,139171,0,32911424,28991232,3920192,23982976,16252864,16240576
2026-05-13T16:27:35+01:00,server,1310846448,111388,2934603,332178403,150328,0,139172,0,32911424,28989696,3921728,23981440,16252864,16240576
2026-05-13T16:27:36+01:00,server,1310848849,111388,2934616,332180940,150328,0,139172,0,32911424,28991616,3919808,23983360,16252864,16240576
2026-05-13T16:27:37+01:00,server,1310851264,111388,2934633,332183481,150328,0,139172,0,32911424,28990848,3920576,23982592,16252864,16240576
2026-05-13T16:27:38+01:00,server,1310853699,111388,2934644,332186020,150328,0,139172,0,32911424,28993728,3917696,23985472,16252864,16240576
2026-05-13T16:27:39+01:00,server,1310856152,111388,2934656,332188563,150328,0,139172,0,32911424,28992832,3918592,23984576,16252864,16240576
2026-05-13T16:27:40+01:00,server,1310858431,111388,2934671,332191111,150328,0,139172,0,32911424,28991936,3919488,23983680,16252864,16240576
2026-05-13T16:27:41+01:00,server,1310860673,111388,2934701,332193638,150328,0,139172,0,32911424,28995776,3915648,23987520,16252864,16240576
2026-05-13T16:27:42+01:00,server,1310863019,111388,2934711,332196197,150328,0,139172,0,32911424,28993472,3917952,23985216,16252864,16240576
2026-05-13T16:27:43+01:00,server,1310865347,111388,2934734,332198763,150328,0,139172,0,32911424,28993088,3918336,23984832,16252864,16240576
2026-05-13T16:27:44+01:00,server,1310867632,111388,2934760,332201323,150328,0,139173,0,32911424,28992512,3918912,23984256,16252864,16240576
2026-05-13T16:27:45+01:00,server,1310869960,111388,2934778,332203887,150328,0,139174,0,32911424,28993728,3917696,23985472,16252864,16240576
2026-05-13T16:27:46+01:00,server,1310872298,111388,2934788,332206453,150328,0,139175,0,32911424,28992384,3919040,23984128,16252864,16240576
2026-05-13T16:27:47+01:00,server,1310874659,111388,2934799,332209021,150328,0,139175,0,32911424,28994688,3916736,23986432,16252864,16240576
2026-05-13T16:27:48+01:00,server,1310877023,111388,2934825,332211591,150328,0,139175,0,32911424,28994880,3916544,23986624,16252864,16240576
2026-05-13T16:27:49+01:00,server,1310879347,111388,2934851,332214163,150328,0,139176,0,32911424,28994880,3916544,23986624,16252864,16240576
2026-05-13T16:27:50+01:00,server,1310881654,111388,2934862,332216741,150328,0,139176,0,32911424,28997376,3914048,23989120,16252864,16240576
2026-05-13T16:27:51+01:00,server,1310884006,111388,2934884,332219320,150328,0,139176,0,32911424,28992512,3918912,23984256,16252864,16240576
2026-05-13T16:27:52+01:00,server,1310886287,111388,2934913,332221898,150328,0,139176,0,32911424,28988416,3923008,23980160,16252864,16240576
2026-05-13T16:27:53+01:00,server,1310888576,111388,2934930,332224478,150328,0,139176,0,32911424,28988608,3922816,23980352,16252864,16240576
2026-05-13T16:27:54+01:00,server,1310890853,111388,2934942,332227060,150328,0,139176,0,32911424,28993216,3918208,23984960,16252864,16240576
2026-05-13T16:27:55+01:00,server,1310893184,111388,2934954,332229654,150328,0,139176,0,32911424,28994240,3917184,23985984,16252864,16240576
2026-05-13T16:27:56+01:00,server,1310895525,111388,2934986,332232220,150328,0,139176,0,32911424,28993472,3917952,23985216,16252864,16240576
2026-05-13T16:27:57+01:00,server,1310897834,111388,2935005,332234811,150328,0,139176,0,32911424,28996352,3915072,23988096,16252864,16240576
2026-05-13T16:27:58+01:00,server,1310900123,111388,2935025,332237402,150328,0,139177,0,32911424,28993216,3918208,23984320,16252864,16240576
2026-05-13T16:27:59+01:00,server,1310902447,111388,2935047,332239997,150328,0,139177,0,32911424,28994176,3917248,23985280,16252864,16240576
2026-05-13T16:28:00+01:00,server,1310904760,111388,2935066,332242592,150328,0,139177,0,32911424,28996416,3915008,23987520,16252864,16240576
2026-05-13T16:28:01+01:00,server,1310907036,111388,2935086,332245189,150328,0,139177,0,32911424,28993344,3918080,23984448,16252864,16240576
2026-05-13T16:28:02+01:00,server,1310909329,111388,2935098,332247790,150328,0,139178,0,32911424,28993600,3917824,23984640,16252864,16240576
2026-05-13T16:28:03+01:00,server,1310911666,111388,2935128,332250393,150328,0,139178,0,32911424,28994944,3916480,23985984,16252864,16240576
2026-05-13T16:28:04+01:00,server,1310913981,111388,2935160,332253001,150328,0,139179,0,32911424,28993216,3918208,23984256,16252864,16240576
2026-05-13T16:28:05+01:00,server,1310916282,111388,2935171,332255608,150328,0,139179,0,32911424,28993984,3917440,23984960,16252864,16240576
2026-05-13T16:28:06+01:00,server,1310918523,111388,2935185,332258216,150328,0,139179,0,32911424,28997248,3914176,23988224,16252864,16240576
2026-05-13T16:28:07+01:00,server,1310920806,111388,2935206,332260836,150328,0,139181,0,32911424,28997312,3914112,23988288,16252864,16240576
2026-05-13T16:28:09+01:00,server,1310923071,111388,2935223,332263468,150328,0,139181,0,32911424,28998848,3912576,23989824,16252864,16240576
2026-05-13T16:28:10+01:00,server,1310925366,111388,2935240,332266089,150328,0,139181,0,32911424,28992576,3918848,23983552,16252864,16240576
2026-05-13T16:28:11+01:00,server,1310927714,111388,2935270,332268687,150328,0,139182,0,32911424,28992768,3918656,23983744,16252864,16240576
2026-05-13T16:28:12+01:00,server,1310929941,111388,2935288,332271306,150328,0,139183,0,32911424,28990528,3920896,23981504,16252864,16240576
2026-05-13T16:28:13+01:00,server,1310932199,111388,2935312,332273929,150328,0,139183,0,32911424,28991616,3919808,23982592,16252864,16240576
2026-05-13T16:28:14+01:00,server,1310934488,111388,2935329,332276556,150328,0,139184,0,32911424,28990912,3920512,23981888,16252864,16240576
2026-05-13T16:28:15+01:00,server,1310936755,111388,2935342,332279183,150328,0,139184,0,32911424,28991168,3920256,23982144,16252864,16240576
2026-05-13T16:28:16+01:00,server,1310939044,111388,2935355,332281811,150328,0,139184,0,32911424,28991744,3919680,23982720,16252864,16240576
2026-05-13T16:28:17+01:00,server,1310941325,111388,2935372,332284440,150328,0,139184,0,32911424,28994624,3916800,23985600,16252864,16240576
2026-05-13T16:28:18+01:00,server,1310943567,111388,2935381,332287075,150328,0,139185,0,32911424,28995264,3916160,23986112,16252864,16240576
2026-05-13T16:28:19+01:00,server,1310945846,111388,2935405,332289721,150328,0,139185,0,32911424,28995136,3916288,23985984,16252864,16240576
2026-05-13T16:28:20+01:00,server,1310948042,111388,2935413,332292370,150328,0,139186,0,32911424,28995648,3915776,23986496,16252864,16240576
2026-05-13T16:28:21+01:00,server,1310950297,111388,2935425,332295022,150328,0,139186,0,32911424,28998336,3913088,23989184,16252864,16240576
2026-05-13T16:28:22+01:00,server,1310952521,111388,2935438,332297683,150329,0,139186,0,32911424,28999872,3911552,23990720,16252864,16240576
2026-05-13T16:28:23+01:00,server,1310954821,111388,2935455,332300340,150329,0,139187,0,32911424,28994944,3916480,23985728,16252864,16240576
2026-05-13T16:28:24+01:00,server,1310957114,111388,2935464,332302936,150329,0,139188,0,32911424,28997440,3913984,23988224,16252864,16240576
2026-05-13T16:28:25+01:00,server,1310959582,111388,2935476,332305395,150329,0,139188,0,32911424,28995712,3915712,23986496,16252864,16240576
2026-05-13T16:28:26+01:00,server,1310962011,111388,2935499,332307836,150329,0,139188,0,32911424,28998784,3912640,23989568,16252864,16240576
2026-05-13T16:28:27+01:00,server,1310964427,111388,2935511,332310295,150329,0,139189,0,32911424,28997440,3913984,23988224,16252864,16240576
2026-05-13T16:28:28+01:00,server,1310966874,111388,2935523,332312753,150329,0,139190,0,32911424,28998976,3912448,23989760,16252864,16240576
2026-05-13T16:28:29+01:00,server,1310969342,111388,2935534,332315216,150329,0,139190,0,32911424,28996864,3914560,23987648,16252864,16240576
2026-05-13T16:28:30+01:00,server,1310971772,111388,2935546,332317675,150329,0,139190,0,32911424,28999168,3912256,23989952,16252864,16240576
2026-05-13T16:28:31+01:00,server,1310974222,111388,2935556,332320140,150329,0,139190,0,32911424,29001664,3909760,23992448,16252864,16240576
2026-05-13T16:28:32+01:00,server,1310976672,111388,2935570,332322595,150329,0,139190,0,32911424,29001472,3909952,23992256,16252864,16240576
2026-05-13T16:28:33+01:00,server,1310979147,111388,2935582,332325050,150329,0,139190,0,32911424,29001088,3910336,23991872,16252864,16240576
2026-05-13T16:28:34+01:00,server,1310981596,111388,2935588,332327514,150329,0,139190,0,32911424,29002816,3908608,23993600,16252864,16240576
2026-05-13T16:28:35+01:00,server,1310984067,111388,2935600,332329974,150329,0,139190,0,32911424,29001152,3910272,23991936,16252864,16240576
2026-05-13T16:28:36+01:00,server,1310986516,111388,2935610,332332427,150329,0,139191,0,32911424,28998016,3913408,23988800,16252864,16240576
2026-05-13T16:28:37+01:00,server,1310988970,111388,2935620,332334881,150329,0,139192,0,32911424,28997056,3914368,23987840,16252864,16240576
2026-05-13T16:28:38+01:00,server,1310991406,111388,2935633,332337336,150329,0,139194,0,32911424,28999936,3911488,23990720,16252864,16240576
2026-05-13T16:28:39+01:00,server,1310993858,111388,2935643,332339790,150329,0,139196,0,32911424,29001280,3910144,23992064,16252864,16240576
2026-05-13T16:28:40+01:00,server,1310996284,111388,2935658,332342244,150329,0,139196,0,32911424,29002432,3908992,23993216,16252864,16240576
2026-05-13T16:28:41+01:00,server,1310998790,111388,2935674,332344671,150329,0,139196,0,32911424,28998592,3912832,23989376,16252864,16240576
2026-05-13T16:28:42+01:00,server,1311001240,111388,2935685,332347126,150329,0,139197,0,32911424,29001216,3910208,23992000,16252864,16240576
2026-05-13T16:28:43+01:00,server,1311003690,111388,2935701,332349580,150329,0,139197,0,32911424,29004672,3906752,23995456,16252864,16240576
2026-05-13T16:28:44+01:00,server,1311006141,111388,2935713,332352034,150329,0,139197,0,32911424,28998720,3912704,23989504,16252864,16240576
2026-05-13T16:28:45+01:00,server,1311008594,111388,2935724,332354493,150329,0,139198,0,32911424,29002176,3909248,23992960,16252864,16240576
2026-05-13T16:28:46+01:00,server,1311011045,111388,2935733,332356963,150329,0,139198,0,32911424,29001600,3909824,23992384,16252864,16240576
2026-05-13T16:28:47+01:00,server,1311013452,111388,2935741,332359452,150329,0,139199,0,32911424,28999040,3912384,23989824,16252864,16240576
2026-05-13T16:28:48+01:00,server,1311015869,111388,2935756,332361933,150329,0,139200,0,32911424,28998080,3913344,23988864,16252864,16240576
2026-05-13T16:28:50+01:00,server,1311018276,111388,2935771,332364417,150329,0,139200,0,32911424,28997376,3914048,23988096,16252864,16240576
2026-05-13T16:28:51+01:00,server,1311020700,111388,2935787,332366903,150329,0,139200,0,32911424,28996416,3915008,23987136,16252864,16240576
2026-05-13T16:28:52+01:00,server,1311023100,111388,2935799,332369391,150329,0,139200,0,32911424,28992320,3919104,23983040,16252864,16240576
2026-05-13T16:28:53+01:00,server,1311025480,111388,2935824,332371885,150329,0,139200,0,32911424,28992320,3919104,23983040,16252864,16240576
2026-05-13T16:28:54+01:00,server,1311027884,111388,2935839,332374385,150329,0,139200,0,32911424,28992512,3918912,23983232,16252864,16240576
2026-05-13T16:28:55+01:00,server,1311030296,111388,2935870,332376885,150329,0,139201,0,32911424,28989824,3921600,23980544,16252864,16240576
2026-05-13T16:28:56+01:00,server,1311032688,111388,2935896,332379364,150329,0,139202,0,32911424,28994176,3917248,23984832,16252864,16240576
2026-05-13T16:28:57+01:00,server,1311035115,111388,2935909,332381869,150329,0,139202,0,32911424,28990144,3921280,23980800,16252864,16240576
2026-05-13T16:28:58+01:00,server,1311037505,111388,2935917,332384374,150329,0,139203,0,32911424,28989568,3921856,23980224,16252864,16240576
2026-05-13T16:28:59+01:00,server,1311039889,111388,2935941,332386887,150329,0,139204,0,32911424,28990912,3920512,23981568,16252864,16240576
2026-05-13T16:29:00+01:00,server,1311042250,111388,2935952,332389407,150329,0,139204,0,32911424,28989952,3921472,23980608,16252864,16240576
2026-05-13T16:29:01+01:00,server,1311044641,111388,2935968,332391928,150329,0,139205,0,32911424,28990912,3920512,23981568,16252864,16240576
2026-05-13T16:29:02+01:00,server,1311047053,111388,2935982,332394445,150329,0,139206,0,32911424,28991744,3919680,23982400,16252864,16240576
2026-05-13T16:29:03+01:00,server,1311049387,111388,2936001,332396966,150329,0,139208,0,32911424,28992576,3918848,23983168,16252864,16240576
2026-05-13T16:29:04+01:00,server,1311051773,111388,2936024,332399489,150329,0,139208,0,32911424,28992192,3919232,23982784,16252864,16240576
2026-05-13T16:29:05+01:00,server,1311054142,111388,2936039,332402014,150329,0,139208,0,32911424,28993088,3918336,23983680,16252864,16240576
2026-05-13T16:29:06+01:00,server,1311056533,111388,2936056,332404546,150329,0,139208,0,32911424,28990464,3920960,23981056,16252864,16240576
2026-05-13T16:29:07+01:00,server,1311058932,111388,2936070,332407077,150329,0,139208,0,32911424,28988224,3923200,23978816,16252864,16240576
2026-05-13T16:29:08+01:00,server,1311061308,111388,2936106,332409609,150329,0,139209,0,32911424,28987456,3923968,23978048,16252864,16240576
2026-05-13T16:29:09+01:00,server,1311063701,111388,2936121,332412144,150329,0,139209,0,32911424,28989632,3921792,23980224,16252864,16240576
2026-05-13T16:29:10+01:00,server,1311065682,111388,2936206,332414683,150329,0,139209,0,32911424,28985984,3925440,23976576,16252864,16240576
2026-05-13T16:29:11+01:00,server,1311068138,111388,2936236,332417202,150329,0,139209,0,32911424,28989696,3921728,23980288,16252864,16240576
2026-05-13T16:29:12+01:00,server,1311070480,111388,2936250,332419751,150329,0,139209,0,32911424,28988160,3923264,23978752,16252864,16240576
2026-05-13T16:29:13+01:00,server,1311072733,111388,2936267,332422316,150329,0,139209,0,32911424,28990464,3920960,23981056,16252864,16240576
2026-05-13T16:29:14+01:00,server,1311075089,111388,2936314,332424873,150329,0,139210,0,32911424,28987584,3923840,23978176,16252864,16240576
2026-05-13T16:29:15+01:00,server,1311077424,111388,2936338,332427431,150329,0,139212,0,32911424,28987200,3924224,23977792,16252864,16240576
2026-05-13T16:29:16+01:00,server,1311079785,111388,2936362,332429993,150329,0,139212,0,32911424,28986432,3924992,23977024,16252864,16240576
2026-05-13T16:29:17+01:00,server,1311082113,111388,2936388,332432559,150329,0,139212,0,32911424,28985280,3926144,23975872,16252864,16240576
2026-05-13T16:29:18+01:00,server,1311084452,111388,2936404,332435129,150329,0,139214,0,32911424,28985856,3925568,23976448,16252864,16240576
2026-05-13T16:29:19+01:00,server,1311086717,111388,2936420,332437701,150329,0,139214,0,32911424,28987008,3924416,23977600,16252864,16240576
2026-05-13T16:29:20+01:00,server,1311089059,111388,2936437,332440274,150329,0,139214,0,32911424,28990656,3920768,23981248,16252864,16240576
2026-05-13T16:29:21+01:00,server,1311091387,111388,2936471,332442852,150329,0,139215,0,32911424,28986240,3925184,23976832,16252864,16240576
2026-05-13T16:29:22+01:00,server,1311093691,111388,2936483,332445430,150329,0,139216,0,32911424,28989376,3922048,23979968,16252864,16240576
2026-05-13T16:29:23+01:00,server,1311096052,111388,2936511,332448006,150329,0,139216,0,32911424,28990912,3920512,23981504,16252864,16240576
2026-05-13T16:29:24+01:00,server,1311098350,111388,2936529,332450595,150329,0,139217,0,32911424,28986176,3925248,23976768,16252864,16240576
2026-05-13T16:29:25+01:00,server,1311100616,111388,2936545,332453183,150329,0,139217,0,32911424,28990976,3920448,23981568,16252864,16240576
2026-05-13T16:29:26+01:00,server,1311102962,111388,2936568,332455754,150329,0,139218,0,32911424,28988288,3923136,23978880,16252864,16240576
2026-05-13T16:29:27+01:00,server,1311105231,111388,2936586,332458336,150329,0,139218,0,32911424,28991488,3919936,23982080,16252864,16240576
2026-05-13T16:29:28+01:00,server,1311107598,111388,2936599,332460925,150329,0,139218,0,32911424,28990144,3921280,23980736,16252864,16240576
2026-05-13T16:29:30+01:00,server,1311109945,111388,2936611,332463517,150329,0,139218,0,32911424,28989568,3921856,23980160,16252864,16240576
2026-05-13T16:29:31+01:00,server,1311112274,111388,2936628,332466111,150329,0,139219,0,32911424,28988800,3922624,23979392,16252864,16240576
2026-05-13T16:29:32+01:00,server,1311114581,111388,2936640,332468708,150329,0,139219,0,32911424,28992768,3918656,23983360,16252864,16240576
2026-05-13T16:29:33+01:00,server,1311116843,111388,2936651,332471308,150329,0,139219,0,32911424,28992512,3918912,23983104,16252864,16240576
2026-05-13T16:29:34+01:00,server,1311119155,111388,2936675,332473910,150329,0,139219,0,32911424,28990848,3920576,23981440,16252864,16240576
2026-05-13T16:29:35+01:00,server,1311121455,111388,2936689,332476517,150329,0,139220,0,32911424,28988352,3923072,23978816,16252864,16240576
2026-05-13T16:29:36+01:00,server,1311123746,111388,2936701,332479125,150329,0,139220,0,32911424,28991296,3920128,23981696,16252864,16240576
2026-05-13T16:29:37+01:00,server,1311126107,111388,2936733,332481734,150329,0,139220,0,32911424,28992064,3919360,23982464,16252864,16240576
2026-05-13T16:29:38+01:00,server,1311128377,111388,2936749,332484347,150329,0,139220,0,32911424,28992064,3919360,23982464,16252864,16240576
2026-05-13T16:29:39+01:00,server,1311130653,111388,2936766,332486963,150329,0,139221,0,32911424,28992448,3918976,23982848,16252864,16240576
2026-05-13T16:29:40+01:00,server,1311132887,111388,2936783,332489583,150329,0,139221,0,32911424,28991936,3919488,23982336,16252864,16240576
2026-05-13T16:29:41+01:00,server,1311135184,111388,2936806,332492172,150329,0,139221,0,32911424,28993344,3918080,23983744,16252864,16240576
2026-05-13T16:29:42+01:00,server,1311137476,111388,2936828,332494790,150329,0,139221,0,32911424,28994368,3917056,23984768,16252864,16240576
2026-05-13T16:29:43+01:00,server,1311139746,111388,2936853,332497407,150329,0,139222,0,32911424,28994624,3916800,23985024,16252864,16240576
2026-05-13T16:29:44+01:00,server,1311142053,111388,2936867,332500026,150329,0,139222,0,32911424,28993344,3918080,23983744,16252864,16240576
2026-05-13T16:29:45+01:00,server,1311144354,111388,2936879,332502650,150329,0,139222,0,32911424,28994816,3916608,23985216,16252864,16240576
2026-05-13T16:29:46+01:00,server,1311146610,111388,2936892,332505273,150329,0,139224,0,32911424,28992896,3918528,23983296,16252864,16240576
2026-05-13T16:29:47+01:00,server,1311148741,111388,2936908,332507902,150329,0,139224,0,32911424,28995392,3916032,23985792,16252864,16240576
2026-05-13T16:29:48+01:00,server,1311151034,111388,2936944,332510530,150329,0,139225,0,32911424,28995008,3916416,23985408,16252864,16240576
2026-05-13T16:29:49+01:00,server,1311153318,111388,2936963,332513157,150329,0,139226,0,32911424,28992640,3918784,23983040,16252864,16240576
2026-05-13T16:29:50+01:00,server,1311155615,111388,2936977,332515790,150329,0,139226,0,32911424,28991872,3919552,23982272,16252864,16240576
2026-05-13T16:29:51+01:00,server,1311157890,111388,2936993,332518426,150329,0,139226,0,32911424,28992832,3918592,23983232,16252864,16240576
2026-05-13T16:29:52+01:00,server,1311160155,111388,2936999,332521074,150329,0,139227,0,32911424,28992832,3918592,23983232,16252864,16240576
2026-05-13T16:29:53+01:00,server,1311162415,111388,2937015,332523716,150329,0,139227,0,32911424,28993408,3918016,23983808,16252864,16240576
2026-05-13T16:29:54+01:00,server,1311164682,111388,2937029,332526359,150329,0,139227,0,32911424,28992256,3919168,23982656,16252864,16240576
2026-05-13T16:29:55+01:00,server,1311166925,111388,2937051,332529001,150329,0,139227,0,32911424,28990336,3921088,23980736,16252864,16240576
2026-05-13T16:29:56+01:00,server,1311169220,111388,2937079,332531620,150329,0,139227,0,32911424,28993536,3917888,23983936,16252864,16240576
2026-05-13T16:29:57+01:00,server,1311171434,111388,2937097,332534189,150329,0,139228,0,32911424,28995648,3915776,23986048,16252864,16240576
2026-05-13T16:29:58+01:00,server,1311173841,111388,2937111,332536651,150329,0,139229,0,32911424,28991040,3920384,23981440,16252864,16240576
2026-05-13T16:29:59+01:00,server,1311176290,111388,2937123,332539120,150329,0,139230,0,32911424,28996288,3915136,23986688,16252864,16240576
2026-05-13T16:30:00+01:00,server,1311178726,111388,2937135,332541583,150329,0,139230,0,32911424,28993984,3917440,23984384,16252864,16240576
2026-05-13T16:30:01+01:00,server,1311181189,111388,2937147,332544050,150329,0,139230,0,32911424,28996480,3914944,23986880,16252864,16240576
2026-05-13T16:30:02+01:00,server,1311183620,111388,2937162,332546513,150329,0,139231,0,32911424,28980992,3930432,23971328,16252864,16240576
2026-05-13T16:30:03+01:00,server,1311186096,111388,2937175,332548975,150329,0,139231,0,32911424,28982080,3929344,23972416,16252864,16240576
2026-05-13T16:30:04+01:00,server,1311188523,111388,2937180,332551443,150329,0,139232,0,32911424,28984000,3927424,23974336,16252864,16240576
2026-05-13T16:30:05+01:00,server,1311190971,111388,2937188,332553908,150329,0,139232,0,32911424,28983424,3928000,23973760,16252864,16240576
2026-05-13T16:30:06+01:00,server,1311193420,111388,2937202,332556365,150329,0,139233,0,32911424,28984384,3927040,23974720,16252864,16240576
2026-05-13T16:30:07+01:00,server,1311195891,111389,2937220,332558823,150329,0,139233,0,32911424,28984192,3927232,23974528,16252864,16240576
2026-05-13T16:30:08+01:00,server,1311198271,111389,2937235,332561278,150329,0,139233,0,32911424,28983872,3927552,23974144,16252864,16240576
2026-05-13T16:30:09+01:00,server,1311200715,111389,2937243,332563736,150329,0,139233,0,32911424,28988096,3923328,23978368,16252864,16240576
2026-05-13T16:30:11+01:00,server,1311203213,111389,2937261,332566175,150329,0,139234,0,32911424,28986240,3925184,23976512,16252864,16240576
2026-05-13T16:30:12+01:00,server,1311205660,111389,2937276,332568631,150329,0,139234,0,32911424,28984768,3926656,23975040,16252864,16240576
2026-05-13T16:30:13+01:00,server,1311208134,111389,2937287,332571086,150329,0,139234,0,32911424,28987712,3923712,23977984,16252864,16240576
2026-05-13T16:30:14+01:00,server,1311210565,111389,2937297,332573542,150329,0,139234,0,32911424,28989120,3922304,23979392,16252864,16240576
2026-05-13T16:30:15+01:00,server,1311213036,111389,2937313,332575997,150329,0,139235,0,32911424,28983296,3928128,23973568,16252864,16240576
2026-05-13T16:30:16+01:00,server,1311215484,111389,2937324,332578453,150329,0,139236,0,32911424,28989440,3921984,23979712,16252864,16240576
2026-05-13T16:30:17+01:00,server,1311217956,111389,2937339,332580907,150329,0,139236,0,32911424,28985408,3926016,23975680,16252864,16240576
2026-05-13T16:30:18+01:00,server,1311220400,111389,2937347,332583370,150329,0,139236,0,32911424,28990784,3920640,23981056,16252864,16240576
2026-05-13T16:30:19+01:00,server,1311222842,111389,2937360,332585837,150329,0,139236,0,32911424,28988672,3922752,23978944,16252864,16240576
2026-05-13T16:30:20+01:00,server,1311225240,111389,2937373,332588306,150329,0,139236,0,32911424,28987328,3924096,23977600,16252864,16240576
2026-05-13T16:30:21+01:00,server,1311227697,111389,2937385,332590781,150329,0,139236,0,32911424,28988288,3923136,23978560,16252864,16240576
2026-05-13T16:30:22+01:00,server,1311230137,111389,2937412,332593260,150329,0,139236,0,32911424,28990592,3920832,23980864,16252864,16240576
2026-05-13T16:30:23+01:00,server,1311232550,111389,2937429,332595743,150329,0,139236,0,32911424,28991168,3920256,23981440,16252864,16240576
2026-05-13T16:30:24+01:00,server,1311234974,111389,2937451,332598228,150329,0,139236,0,32911424,28991744,3919680,23982016,16252864,16240576
2026-05-13T16:30:25+01:00,server,1311237474,111389,2937469,332600802,150329,0,139236,0,32911424,28992128,3919296,23982400,16252864,16240576
2026-05-13T16:30:26+01:00,server,1311239986,111389,2937483,332603363,150329,0,139236,0,32911424,28994688,3916736,23984960,16252864,16240576
2026-05-13T16:30:27+01:00,server,1311242430,111389,2937505,332605861,150329,0,139237,0,32911424,28993152,3918272,23983424,16252864,16240576
2026-05-13T16:30:28+01:00,server,1311244816,111389,2937516,332608359,150329,0,139237,0,32911424,28992768,3918656,23983040,16252864,16240576
2026-05-13T16:30:29+01:00,server,1311247172,111389,2937540,332610861,150329,0,139237,0,32911424,28993536,3917888,23983808,16252864,16240576
2026-05-13T16:30:30+01:00,server,1311249602,111389,2937553,332613369,150329,0,139237,0,32911424,28995648,3915776,23985920,16252864,16240576
2026-05-13T16:30:31+01:00,server,1311251994,111389,2937567,332615885,150329,0,139238,0,32911424,28994432,3916992,23984704,16252864,16240576
2026-05-13T16:30:32+01:00,server,1311254363,111389,2937580,332618395,150329,0,139240,0,32911424,28991360,3920064,23981632,16252864,16240576
2026-05-13T16:30:33+01:00,server,1311256783,111389,2937595,332620910,150329,0,139241,0,32911424,28989696,3921728,23979904,16252864,16240576
2026-05-13T16:30:34+01:00,server,1311259163,111389,2937611,332623427,150329,0,139242,0,32911424,28989696,3921728,23979904,16252864,16240576
2026-05-13T16:30:35+01:00,server,1311261569,111389,2937635,332625947,150329,0,139243,0,32911424,28988672,3922752,23978880,16252864,16240576
2026-05-13T16:30:36+01:00,server,1311263888,111389,2937661,332628473,150329,0,139244,0,32911424,28993472,3917952,23983680,16252864,16240576
2026-05-13T16:30:37+01:00,server,1311266242,111389,2937677,332631002,150329,0,139244,0,32911424,28987584,3923840,23977792,16252864,16240576
2026-05-13T16:30:38+01:00,server,1311268536,111389,2937700,332633533,150329,0,139244,0,32911424,28991872,3919552,23982080,16252864,16240576
2026-05-13T16:30:39+01:00,server,1311270869,111389,2937724,332636070,150329,0,139244,0,32911424,28988800,3922624,23979008,16252864,16240576
2026-05-13T16:30:40+01:00,server,1311273251,111389,2937744,332638611,150329,0,139244,0,32911424,28988608,3922816,23978816,16252864,16240576
2026-05-13T16:30:41+01:00,server,1311275457,111389,2937763,332641131,150329,0,139244,0,32911424,28988608,3922816,23978816,16252864,16240576
2026-05-13T16:30:42+01:00,server,1311277916,111389,2937775,332643679,150329,0,139244,0,32911424,28987584,3923840,23977792,16252864,16240576
2026-05-13T16:30:43+01:00,server,1311280361,111389,2937781,332646235,150329,0,139245,0,32911424,28989568,3921856,23979776,16252864,16240576
2026-05-13T16:30:44+01:00,server,1311282776,111389,2937794,332648789,150329,0,139245,0,32911424,28989376,3922048,23979584,16252864,16240576
2026-05-13T16:30:45+01:00,server,1311285224,111389,2937809,332651340,150329,0,139245,0,32911424,28988608,3922816,23978816,16252864,16240576
2026-05-13T16:30:46+01:00,server,1311287696,111389,2937823,332653894,150330,0,139247,0,32911424,28988544,3922880,23978752,16252864,16240576
2026-05-13T16:30:48+01:00,server,1311289982,111389,2937843,332656449,150330,0,139248,0,32911424,28986880,3924544,23977088,16252864,16240576
2026-05-13T16:30:49+01:00,server,1311292286,111389,2937860,332659009,150330,0,139248,0,32911424,28988352,3923072,23978560,16252864,16240576
2026-05-13T16:30:50+01:00,server,1311294591,111389,2937875,332661570,150330,0,139249,0,32911424,28990080,3921344,23980288,16252864,16240576
2026-05-13T16:30:51+01:00,server,1311296909,111389,2937891,332664134,150330,0,139249,0,32911424,28989696,3921728,23979904,16252864,16240576
2026-05-13T16:30:52+01:00,server,1311299232,111389,2937902,332666702,150330,0,139249,0,32911424,28987712,3923712,23977920,16252864,16240576
2026-05-13T16:30:53+01:00,server,1311301595,111394,2937918,332669266,150330,0,139249,0,32911424,28986752,3924672,23976832,16252864,16240576
2026-05-13T16:30:54+01:00,server,1311303946,111394,2937934,332671838,150330,0,139249,0,32911424,28985088,3926336,23975168,16252864,16240576
2026-05-13T16:30:55+01:00,server,1311306319,111394,2937951,332674413,150330,0,139250,0,32911424,28985792,3925632,23975872,16252864,16240576
2026-05-13T16:30:56+01:00,server,1311308682,111394,2937980,332676971,150330,0,139250,0,32911424,28985600,3925824,23975680,16252864,16240576
2026-05-13T16:30:57+01:00,server,1311311016,111394,2937991,332679557,150330,0,139251,0,32911424,28982528,3928896,23972608,16252864,16240576
2026-05-13T16:30:58+01:00,server,1311313342,111394,2938007,332682137,150330,0,139251,0,32911424,28984640,3926784,23974720,16252864,16240576
2026-05-13T16:30:59+01:00,server,1311315710,111394,2938035,332684721,150330,0,139252,0,32911424,28986816,3924608,23976832,16252864,16240576
2026-05-13T16:31:00+01:00,server,1311318041,111394,2938052,332687306,150330,0,139252,0,32911424,28988352,3923072,23978368,16252864,16240576
2026-05-13T16:31:01+01:00,server,1311320300,111394,2938091,332689896,150330,0,139253,0,32911424,28989184,3922240,23979200,16252864,16240576
2026-05-13T16:31:02+01:00,server,1311322651,111394,2938112,332692485,150330,0,139253,0,32911424,28987776,3923648,23977792,16252864,16240576
2026-05-13T16:31:03+01:00,server,1311324929,111394,2938129,332695077,150330,0,139253,0,32911424,28984640,3926784,23974656,16252864,16240576
2026-05-13T16:31:04+01:00,server,1311327289,111394,2938146,332697671,150330,0,139253,0,32911424,28989376,3922048,23979392,16252864,16240576
2026-05-13T16:31:05+01:00,server,1311329549,111394,2938171,332700267,150330,0,139255,0,32911424,28988800,3922624,23978816,16252864,16240576
2026-05-13T16:31:06+01:00,server,1311331840,111394,2938186,332702864,150330,0,139255,0,32911424,28989056,3922368,23979008,16252864,16240576
2026-05-13T16:31:07+01:00,server,1311334181,111394,2938201,332705465,150330,0,139257,0,32911424,28988096,3923328,23978048,16252864,16240576
2026-05-13T16:31:08+01:00,server,1311336481,111394,2938219,332708067,150330,0,139257,0,32911424,28987648,3923776,23977600,16252864,16240576
2026-05-13T16:31:09+01:00,server,1311338736,111394,2938228,332710678,150330,0,139257,0,32911424,28988032,3923392,23977984,16252864,16240576
2026-05-13T16:31:10+01:00,server,1311340988,111394,2938245,332713296,150330,0,139257,0,32911424,28987456,3923968,23977408,16252864,16240576
2026-05-13T16:31:11+01:00,server,1311343271,111394,2938261,332715878,150330,0,139257,0,32911424,28989888,3921536,23979840,16252864,16240576
2026-05-13T16:31:12+01:00,server,1311345579,111394,2938291,332718495,150330,0,139257,0,32911424,28991616,3919808,23981568,16252864,16240576
2026-05-13T16:31:13+01:00,server,1311347835,111394,2938308,332721115,150330,0,139257,0,32911424,28992256,3919168,23982208,16252864,16240576
2026-05-13T16:31:14+01:00,server,1311350140,111394,2938328,332723735,150330,0,139258,0,32911424,28990336,3921088,23980288,16252864,16240576
2026-05-13T16:31:15+01:00,server,1311352397,111394,2938346,332726358,150330,0,139259,0,32911424,28990720,3920704,23980672,16252864,16240576
2026-05-13T16:31:16+01:00,server,1311354642,111394,2938361,332728978,150330,0,139259,0,32911424,28989312,3922112,23979264,16252864,16240576
2026-05-13T16:31:17+01:00,server,1311356894,111394,2938379,332731602,150330,0,139259,0,32911424,28986240,3925184,23976192,16252864,16240576
2026-05-13T16:31:18+01:00,server,1311359153,111394,2938398,332734233,150330,0,139259,0,32911424,28988544,3922880,23978496,16252864,16240576
2026-05-13T16:31:19+01:00,server,1311361364,111394,2938426,332736874,150330,0,139259,0,32911424,28988928,3922496,23978880,16252864,16240576
2026-05-13T16:31:20+01:00,server,1311363596,111394,2938441,332739509,150330,0,139259,0,32911424,28981248,3930176,23971200,16252864,16240576
2026-05-13T16:31:21+01:00,server,1311365844,111394,2938454,332742155,150330,0,139259,0,32911424,28986048,3925376,23976000,16252864,16240576
2026-05-13T16:31:22+01:00,server,1311368113,111394,2938478,332744813,150330,0,139259,0,32911424,28981056,3930368,23971008,16252864,16240576
2026-05-13T16:31:23+01:00,server,1311370387,111394,2938487,332747461,150330,0,139259,0,32911424,28981248,3930176,23971200,16252864,16240576
2026-05-13T16:31:24+01:00,server,1311372641,111394,2938502,332750113,150330,0,139259,0,32911424,28982016,3929408,23971968,16252864,16240576
2026-05-13T16:31:25+01:00,server,1311374861,111394,2938546,332752763,150330,0,139259,0,32911424,28983360,3928064,23973312,16252864,16240576
2026-05-13T16:31:26+01:00,server,1311377128,111394,2938568,332755376,150330,0,139260,0,32911424,28984704,3926720,23974656,16252864,16240576
2026-05-13T16:31:27+01:00,server,1311379342,111394,2938582,332758000,150330,0,139260,0,32911424,28986432,3924992,23976384,16252864,16240576
2026-05-13T16:31:29+01:00,server,1311381571,111394,2938600,332760669,150330,0,139260,0,32911424,29004992,3906432,23994944,16252864,16240576
2026-05-13T16:31:30+01:00,server,1311384011,111394,2938619,332763126,150330,0,139260,0,32911424,29005440,3905984,23995392,16252864,16240576
2026-05-13T16:31:31+01:00,server,1311386464,111394,2938630,332765580,150330,0,139260,0,32911424,29005376,3906048,23995328,16252864,16240576
2026-05-13T16:31:32+01:00,server,1311388914,111394,2938643,332768033,150330,0,139261,0,32911424,29001536,3909888,23991488,16252864,16240576
2026-05-13T16:31:33+01:00,server,1311391339,111394,2938658,332770488,150330,0,139261,0,32911424,29000448,3910976,23990336,16252864,16240576
2026-05-13T16:31:34+01:00,server,1311393804,111394,2938677,332772943,150330,0,139261,0,32911424,29003712,3907712,23993600,16252864,16240576
2026-05-13T16:31:35+01:00,server,1311396263,111394,2938691,332775410,150330,0,139261,0,32911424,29004480,3906944,23994368,16252864,16240576
2026-05-13T16:31:36+01:00,server,1311398670,111394,2938711,332777885,150330,0,139261,0,32911424,29003776,3907648,23993664,16252864,16240576
2026-05-13T16:31:37+01:00,server,1311401111,111394,2938730,332780357,150330,0,139262,0,32911424,29003200,3908224,23993088,16252864,16240576
2026-05-13T16:31:38+01:00,server,1311403539,111394,2938738,332782832,150330,0,139263,0,32911424,29003968,3907456,23993856,16252864,16240576
2026-05-13T16:31:39+01:00,server,1311406006,111394,2938757,332785309,150330,0,139263,0,32911424,29004544,3906880,23994432,16252864,16240576
2026-05-13T16:31:40+01:00,server,1311408418,111394,2938772,332787791,150330,0,139265,0,32911424,29004544,3906880,23994432,16252864,16240576
2026-05-13T16:31:41+01:00,server,1311410839,111394,2938794,332790255,150330,0,139265,0,32911424,29007552,3903872,23997440,16252864,16240576
2026-05-13T16:31:42+01:00,server,1311413282,111394,2938810,332792747,150330,0,139265,0,32911424,29008128,3903296,23998016,16252864,16240576
2026-05-13T16:31:43+01:00,server,1311415689,111394,2938826,332795240,150330,0,139265,0,32911424,29007424,3904000,23997312,16252864,16240576
2026-05-13T16:31:44+01:00,server,1311418079,111394,2938845,332797738,150330,0,139265,0,32911424,29004928,3906496,23994816,16252864,16240576
2026-05-13T16:31:45+01:00,server,1311420509,111394,2938859,332800241,150330,0,139266,0,32911424,29003776,3907648,23993664,16252864,16240576
2026-05-13T16:31:46+01:00,server,1311422902,111394,2938899,332802745,150330,0,139267,0,32911424,28999552,3911872,23989440,16252864,16240576
2026-05-13T16:31:47+01:00,server,1311425257,111394,2938916,332805254,150330,0,139267,0,32911424,29002048,3909376,23991936,16252864,16240576
2026-05-13T16:31:48+01:00,server,1311427658,111394,2938923,332807774,150330,0,139267,0,32911424,29002048,3909376,23991936,16252864,16240576
2026-05-13T16:31:49+01:00,server,1311430025,111394,2938938,332810291,150330,0,139267,0,32911424,29002240,3909184,23992128,16252864,16240576
2026-05-13T16:31:50+01:00,server,1311432392,111394,2938954,332812807,150330,0,139268,0,32911424,28999744,3911680,23989632,16252864,16240576
2026-05-13T16:31:51+01:00,server,1311434776,111394,2938974,332815329,150330,0,139268,0,32911424,29001472,3909952,23991360,16252864,16240576
2026-05-13T16:31:52+01:00,server,1311437156,111394,2939001,332817854,150330,0,139268,0,32911424,29001856,3909568,23991744,16252864,16240576
2026-05-13T16:31:53+01:00,server,1311439538,111394,2939015,332820382,150330,0,139268,0,32911424,29000512,3910912,23990400,16252864,16240576
2026-05-13T16:31:54+01:00,server,1311441968,111394,2939031,332822909,150330,0,139269,0,32911424,29004800,3906624,23994688,16252864,16240576
2026-05-13T16:31:55+01:00,server,1311444395,111394,2939046,332825438,150330,0,139270,0,32911424,29001536,3909888,23991424,16252864,16240576
2026-05-13T16:31:56+01:00,server,1311446780,111394,2939074,332827942,150330,0,139271,0,32911424,29004032,3907392,23993920,16252864,16240576
2026-05-13T16:31:57+01:00,server,1311449172,111394,2939086,332830474,150330,0,139273,0,32911424,29004224,3907200,23994112,16252864,16240576
2026-05-13T16:31:58+01:00,server,1311451538,111394,2939112,332833009,150330,0,139273,0,32911424,29001920,3909504,23991808,16252864,16240576
2026-05-13T16:31:59+01:00,server,1311453899,111394,2939135,332835551,150330,0,139274,0,32911424,28999808,3911616,23989696,16252864,16240576
2026-05-13T16:32:00+01:00,server,1311456339,111394,2939145,332838103,150330,0,139274,0,32911424,29002304,3909120,23992192,16252864,16240576
2026-05-13T16:32:01+01:00,server,1311458787,111394,2939153,332840661,150330,0,139274,0,32911424,29004864,3906560,23994752,16252864,16240576
2026-05-13T16:32:02+01:00,server,1311461103,111394,2939170,332843213,150330,0,139274,0,32911424,29003008,3908416,23992896,16252864,16240576
2026-05-13T16:32:03+01:00,server,1311463477,111394,2939191,332845769,150330,0,139274,0,32911424,29000896,3910528,23990784,16252864,16240576
2026-05-13T16:32:04+01:00,server,1311465827,111394,2939203,332848330,150330,0,139274,0,32911424,29003008,3908416,23992896,16252864,16240576
2026-05-13T16:32:05+01:00,server,1311468156,111394,2939226,332850891,150330,0,139274,0,32911424,28999424,3912000,23989248,16252864,16240576
2026-05-13T16:32:06+01:00,server,1311470451,111394,2939243,332853455,150330,0,139274,0,32911424,29004160,3907264,23993984,16252864,16240576
2026-05-13T16:32:07+01:00,server,1311472804,111394,2939258,332856021,150330,0,139275,0,32911424,29004032,3907392,23993856,16252864,16240576
2026-05-13T16:32:09+01:00,server,1311475089,111394,2939276,332858587,150330,0,139275,0,32911424,29005376,3906048,23995200,16252864,16240576
2026-05-13T16:32:10+01:00,server,1311477424,111394,2939291,332861155,150330,0,139276,0,32911424,29000896,3910528,23990720,16252864,16240576
2026-05-13T16:32:11+01:00,server,1311479750,111394,2939316,332863701,150330,0,139276,0,32911424,29001088,3910336,23990912,16252864,16240576
2026-05-13T16:32:12+01:00,server,1311482095,111394,2939328,332866272,150330,0,139277,0,32911424,28997632,3913792,23987456,16252864,16240576
2026-05-13T16:32:13+01:00,server,1311484415,111394,2939342,332868846,150330,0,139277,0,32911424,29000320,3911104,23990144,16252864,16240576
2026-05-13T16:32:14+01:00,server,1311486732,111394,2939348,332871431,150330,0,139277,0,32911424,28998592,3912832,23988416,16252864,16240576
2026-05-13T16:32:15+01:00,server,1311489014,111394,2939358,332874017,150330,0,139277,0,32911424,28999040,3912384,23988864,16252864,16240576
2026-05-13T16:32:16+01:00,server,1311491368,111394,2939380,332876598,150330,0,139277,0,32911424,28997504,3913920,23987328,16252864,16240576
2026-05-13T16:32:17+01:00,server,1311493703,111394,2939396,332879180,150330,0,139277,0,32911424,29000064,3911360,23989888,16252864,16240576
2026-05-13T16:32:18+01:00,server,1311495956,111394,2939437,332881767,150330,0,139277,0,32911424,29000832,3910592,23990656,16252864,16240576
2026-05-13T16:32:19+01:00,server,1311498230,111394,2939451,332884353,150330,0,139277,0,32911424,29000640,3910784,23990464,16252864,16240576
2026-05-13T16:32:20+01:00,server,1311500585,111394,2939469,332886946,150330,0,139278,0,32911424,28999680,3911744,23989504,16252864,16240576
2026-05-13T16:32:21+01:00,server,1311502844,111394,2939496,332889539,150330,0,139278,0,32911424,28998528,3912896,23988352,16252864,16240576
2026-05-13T16:32:22+01:00,server,1311505189,111394,2939510,332892135,150330,0,139278,0,32911424,28999744,3911680,23989568,16252864,16240576
2026-05-13T16:32:23+01:00,server,1311507450,111394,2939528,332894733,150330,0,139279,0,32911424,29002432,3908992,23992256,16252864,16240576
2026-05-13T16:32:24+01:00,server,1311509718,111394,2939539,332897333,150330,0,139279,0,32911424,29003328,3908096,23993152,16252864,16240576
2026-05-13T16:32:25+01:00,server,1311511956,111394,2939555,332899942,150330,0,139279,0,32911424,28999488,3911936,23989312,16252864,16240576
2026-05-13T16:32:26+01:00,server,1311514270,111394,2939582,332902531,150330,0,139279,0,32911424,29005248,3906176,23995072,16252864,16240576
2026-05-13T16:32:27+01:00,server,1311516541,111394,2939599,332905151,150330,0,139279,0,32911424,29002816,3908608,23992640,16252864,16240576
2026-05-13T16:32:28+01:00,server,1311518809,111394,2939611,332907761,150330,0,139279,0,32911424,29003200,3908224,23993024,16252864,16240576
2026-05-13T16:32:29+01:00,server,1311521099,111394,2939641,332910373,150330,0,139279,0,32911424,29002944,3908480,23992768,16252864,16240576
2026-05-13T16:32:30+01:00,server,1311523326,111394,2939678,332912949,150330,0,139279,0,32911424,29009728,3901696,23999552,16252864,16240576
2026-05-13T16:32:31+01:00,server,1311525823,111394,2939716,332915370,150330,0,139280,0,32911424,29005504,3905920,23995328,16252864,16240576
2026-05-13T16:32:32+01:00,server,1311528191,111394,2939738,332917851,150330,0,139284,0,32911424,29009536,3901888,23999360,16252864,16240576
2026-05-13T16:32:33+01:00,server,1311530567,111394,2939750,332920381,150330,0,139286,0,32911424,29011072,3900352,24000896,16252864,16240576
2026-05-13T16:32:34+01:00,server,1311532870,111394,2939773,332922914,150330,0,139287,0,32911424,29012800,3898624,24002624,16252864,16240576
2026-05-13T16:32:35+01:00,server,1311535345,111394,2939784,332925453,150330,0,139288,0,32911424,29013440,3897984,24003264,16252864,16240576
2026-05-13T16:32:36+01:00,server,1311537597,111394,2939806,332927995,150330,0,139288,0,32911424,29010048,3901376,23999808,16252864,16240576
2026-05-13T16:32:37+01:00,server,1311539901,111394,2939828,332930540,150330,0,139289,0,32911424,29010240,3901184,24000000,16252864,16240576
2026-05-13T16:32:38+01:00,server,1311542287,111394,2939838,332933086,150330,0,139290,0,32911424,29008704,3902720,23998464,16252864,16240576
2026-05-13T16:32:39+01:00,server,1311544760,111394,2939849,332935642,150330,0,139290,0,32911424,29008512,3902912,23998272,16252864,16240576
2026-05-13T16:32:40+01:00,server,1311547021,111394,2939879,332938199,150330,0,139290,0,32911424,29010624,3900800,24000384,16252864,16240576
2026-05-13T16:32:41+01:00,server,1311549398,111394,2939904,332940724,150330,0,139292,0,32911424,29012032,3899392,24001792,16252864,16240576
2026-05-13T16:32:42+01:00,server,1311551689,111394,2939923,332943284,150330,0,139292,0,32911424,29011072,3900352,24000832,16252864,16240576
2026-05-13T16:32:43+01:00,server,1311554058,111394,2939942,332945844,150330,0,139292,0,32911424,29009216,3902208,23998976,16252864,16240576
2026-05-13T16:32:44+01:00,server,1311556374,111394,2939966,332948400,150330,0,139293,0,32911424,29009216,3902208,23998848,16252864,16240576
2026-05-13T16:32:45+01:00,server,1311558648,111394,2940000,332950966,150330,0,139293,0,32911424,29009216,3902208,23998848,16252864,16240576
2026-05-13T16:32:46+01:00,server,1311561037,111394,2940020,332953532,150330,0,139293,0,32911424,29011904,3899520,24001536,16252864,16240576
2026-05-13T16:32:47+01:00,server,1311563392,111394,2940035,332956103,150330,0,139294,0,32911424,29012736,3898688,24002368,16252864,16240576
2026-05-13T16:32:48+01:00,server,1311565769,111394,2940051,332958675,150330,0,139297,0,32911424,29010048,3901376,23999616,16252864,16240576
2026-05-13T16:32:50+01:00,server,1311568054,111394,2940068,332961249,150330,0,139297,0,32911424,29007744,3903680,23997312,16252864,16240576
2026-05-13T16:32:51+01:00,server,1311570368,111394,2940091,332963826,150330,0,139299,0,32911424,29005632,3905792,23995200,16252864,16240576
2026-05-13T16:32:52+01:00,server,1311572685,111394,2940102,332966407,150330,0,139299,0,32911424,29008896,3902528,23998464,16252864,16240576
2026-05-13T16:32:53+01:00,server,1311575000,111394,2940108,332969000,150330,0,139299,0,32911424,29010624,3900800,24000192,16252864,16240576
2026-05-13T16:32:54+01:00,server,1311577362,111394,2940125,332971588,150330,0,139299,0,32911424,29009792,3901632,23999360,16252864,16240576
2026-05-13T16:32:55+01:00,server,1311579645,111394,2940140,332974181,150330,0,139299,0,32911424,29009024,3902400,23998592,16252864,16240576
2026-05-13T16:32:56+01:00,server,1311582020,111394,2940167,332976751,150330,0,139299,0,32911424,29009216,3902208,23998784,16252864,16240576
2026-05-13T16:32:57+01:00,server,1311584298,111394,2940191,332979350,150330,0,139299,0,32911424,29009216,3902208,23998784,16252864,16240576
2026-05-13T16:32:58+01:00,server,1311586548,111394,2940221,332981955,150330,0,139299,0,32911424,29011520,3899904,24001088,16252864,16240576
2026-05-13T16:32:59+01:00,server,1311588796,111394,2940247,332984562,150330,0,139299,0,32911424,29008640,3902784,23998208,16252864,16240576
2026-05-13T16:33:00+01:00,server,1311591095,111394,2940258,332987171,150330,0,139299,0,32911424,29009792,3901632,23999360,16252864,16240576
2026-05-13T16:33:01+01:00,server,1311593431,111394,2940282,332989784,150330,0,139299,0,32911424,29009920,3901504,23999488,16252864,16240576
2026-05-13T16:33:02+01:00,server,1311595628,111394,2940294,332992400,150331,0,139300,0,32911424,29010560,3900864,24000128,16252864,16240576
2026-05-13T16:33:03+01:00,server,1311597920,111394,2940310,332995021,150331,0,139301,0,32911424,29008640,3902784,23998208,16252864,16240576
2026-05-13T16:33:04+01:00,server,1311600224,111394,2940319,332997643,150331,0,139302,0,32911424,29007680,3903744,23997248,16252864,16240576
2026-05-13T16:33:05+01:00,server,1311602509,111394,2940336,333000266,150331,0,139303,0,32911424,29010752,3900672,24000320,16252864,16240576
2026-05-13T16:33:06+01:00,server,1311604778,111394,2940340,333002891,150331,0,139303,0,32911424,29010304,3901120,23999808,16252864,16240576
2026-05-13T16:33:07+01:00,server,1311607065,111394,2940357,333005510,150331,0,139303,0,32911424,29010112,3901312,23999616,16252864,16240576
2026-05-13T16:33:08+01:00,server,1311609291,111394,2940380,333008130,150331,0,139303,0,32911424,29010112,3901312,23999616,16252864,16240576
2026-05-13T16:33:09+01:00,server,1311611511,111394,2940394,333010750,150331,0,139304,0,32911424,29011264,3900160,24000768,16252864,16240576
2026-05-13T16:33:10+01:00,server,1311613788,111395,2940405,333013370,150331,0,139304,0,32911424,29011712,3899712,24001216,16252864,16240576
2026-05-13T16:33:11+01:00,server,1311616026,111395,2940435,333015973,150331,0,139304,0,32911424,29009984,3901440,23999488,16252864,16240576
2026-05-13T16:33:12+01:00,server,1311618215,111395,2940452,333018604,150331,0,139304,0,32911424,29014528,3896896,24004032,16252864,16240576
2026-05-13T16:33:13+01:00,server,1311620524,111395,2940470,333021236,150331,0,139304,0,32911424,29013184,3898240,24002688,16252864,16240576
2026-05-13T16:33:14+01:00,server,1311622800,111395,2940493,333023868,150331,0,139304,0,32911424,29008576,3902848,23998080,16252864,16240576
2026-05-13T16:33:15+01:00,server,1311625063,111395,2940504,333026503,150331,0,139304,0,32911424,29010560,3900864,24000064,16252864,16240576
2026-05-13T16:33:16+01:00,server,1311627333,111395,2940522,333029140,150331,0,139304,0,32911424,29010816,3900608,24000320,16252864,16240576
2026-05-13T16:33:17+01:00,server,1311629582,111395,2940538,333031775,150331,0,139304,0,32911424,29006848,3904576,23996288,16252864,16240576
2026-05-13T16:33:18+01:00,server,1311631804,111395,2940558,333034423,150331,0,139304,0,32911424,29007552,3903872,23996864,16252864,16240576
2026-05-13T16:33:19+01:00,server,1311634069,111395,2940573,333037073,150331,0,139304,0,32911424,29008320,3903104,23997632,16252864,16240576
2026-05-13T16:33:20+01:00,server,1311636327,111395,2940592,333039717,150331,0,139304,0,32911424,29009408,3902016,23998720,16252864,16240576
2026-05-13T16:33:21+01:00,server,1311638570,111395,2940603,333042362,150331,0,139305,0,32911424,29007680,3903744,23996992,16252864,16240576
2026-05-13T16:33:22+01:00,server,1311640745,111395,2940630,333045011,150331,0,139305,0,32911424,29007936,3903488,23997248,16252864,16240576
2026-05-13T16:33:23+01:00,server,1311643031,111395,2940647,333047661,150331,0,139306,0,32911424,29009280,3902144,23998592,16252864,16240576
2026-05-13T16:33:24+01:00,server,1311645406,111395,2940663,333050313,150331,0,139307,0,32911424,29009472,3901952,23998784,16252864,16240576
2026-05-13T16:33:25+01:00,server,1311647745,111395,2940670,333052971,150331,0,139308,0,32911424,29015040,3896384,24004352,16252864,16240576
2026-05-13T16:33:26+01:00,server,1311650063,111395,2940691,333055593,150331,0,139308,0,32911424,29013440,3897984,24002752,16252864,16240576
2026-05-13T16:33:27+01:00,server,1311652296,111395,2940705,333058243,150331,0,139308,0,32911424,29012288,3899136,24001600,16252864,16240576
2026-05-13T16:33:28+01:00,server,1311654559,111395,2940719,333060903,150331,0,139308,0,32911424,29010240,3901184,23999552,16252864,16240576
2026-05-13T16:33:30+01:00,server,1311656761,111395,2940741,333063562,150331,0,139308,0,32911424,29012032,3899392,24001216,16252864,16240576
2026-05-13T16:33:31+01:00,server,1311658983,111395,2940760,333066225,150331,0,139308,0,32911424,29011712,3899712,24000832,16252864,16240576
2026-05-13T16:33:32+01:00,server,1311661234,111395,2940771,333068896,150331,0,139308,0,32911424,29009600,3901824,23998720,16252864,16240576
2026-05-13T16:33:33+01:00,server,1311663523,111395,2940795,333071555,150331,0,139308,0,32911424,29008832,3902592,23997952,16252864,16240576
2026-05-13T16:33:34+01:00,server,1311665763,111395,2940809,333074216,150331,0,139308,0,32911424,29006144,3905280,23995264,16252864,16240576
2026-05-13T16:33:35+01:00,server,1311667959,111395,2940826,333076875,150331,0,139308,0,32911424,29007680,3903744,23996800,16252864,16240576
2026-05-13T16:33:36+01:00,server,1311670229,111395,2940844,333079537,150331,0,139308,0,32911424,29008384,3903040,23997504,16252864,16240576
2026-05-13T16:33:37+01:00,server,1311672443,111395,2940855,333082200,150331,0,139309,0,32911424,29009536,3901888,23998656,16252864,16240576
2026-05-13T16:33:38+01:00,server,1311674664,111395,2940873,333084866,150331,0,139310,0,32911424,29009536,3901888,23998592,16252864,16240576
2026-05-13T16:33:39+01:00,server,1311676880,111395,2940891,333087530,150331,0,139310,0,32911424,29011328,3900096,24000384,16252864,16240576
2026-05-13T16:33:40+01:00,server,1311679099,111395,2940901,333090200,150331,0,139310,0,32911424,29007488,3903936,23996544,16252864,16240576
2026-05-13T16:33:41+01:00,server,1311681279,111395,2940923,333092844,150331,0,139310,0,32911424,29010048,3901376,23999104,16252864,16240576
2026-05-13T16:33:42+01:00,server,1311683505,111395,2940944,333095517,150331,0,139310,0,32911424,29007744,3903680,23996800,16252864,16240576
2026-05-13T16:33:43+01:00,server,1311685734,111395,2940956,333098194,150331,0,139312,0,32911424,29008576,3902848,23997632,16252864,16240576
2026-05-13T16:33:44+01:00,server,1311687980,111395,2940966,333100885,150331,0,139312,0,32911424,29008640,3902784,23997696,16252864,16240576
2026-05-13T16:33:45+01:00,server,1311690208,111395,2940980,333103575,150331,0,139312,0,32911424,29009408,3902016,23998464,16252864,16240576
2026-05-13T16:33:46+01:00,server,1311692431,111395,2940998,333106256,150331,0,139312,0,32911424,29009152,3902272,23998208,16252864,16240576
2026-05-13T16:33:47+01:00,server,1311694664,111395,2941011,333108939,150331,0,139312,0,32911424,29008960,3902464,23998016,16252864,16240576
2026-05-13T16:33:48+01:00,server,1311696911,111395,2941029,333111624,150331,0,139313,0,32911424,29011648,3899776,24000704,16252864,16240576
2026-05-13T16:33:49+01:00,server,1311699116,111395,2941043,333114308,150331,0,139313,0,32911424,29009536,3901888,23998592,16252864,16240576
2026-05-13T16:33:50+01:00,server,1311701349,111395,2941064,333116993,150331,0,139314,0,32911424,29008960,3902464,23998016,16252864,16240576
2026-05-13T16:33:51+01:00,server,1311703561,111395,2941073,333119678,150331,0,139314,0,32911424,29008960,3902464,23998016,16252864,16240576
2026-05-13T16:33:52+01:00,server,1311705821,111395,2941090,333122365,150331,0,139315,0,32911424,29009664,3901760,23998720,16252864,16240576
2026-05-13T16:33:53+01:00,server,1311708011,111395,2941104,333125055,150331,0,139316,0,32911424,29010112,3901312,23999168,16252864,16240576
2026-05-13T16:33:54+01:00,server,1311710182,111395,2941124,333127751,150331,0,139316,0,32911424,29008384,3903040,23997440,16252864,16240576
2026-05-13T16:33:55+01:00,server,1311712367,111395,2941136,333130443,150331,0,139316,0,32911424,29009152,3902272,23998208,16252864,16240576
2026-05-13T16:33:56+01:00,server,1311714528,111395,2941168,333133112,150331,0,139317,0,32911424,29011072,3900352,24000128,16252864,16240576
2026-05-13T16:33:57+01:00,server,1311716697,111395,2941173,333135816,150331,0,139317,0,32911424,29010688,3900736,23999744,16252864,16240576
2026-05-13T16:33:58+01:00,server,1311718899,111395,2941185,333138514,150331,0,139317,0,32911424,29011072,3900352,24000128,16252864,16240576
2026-05-13T16:33:59+01:00,server,1311721073,111395,2941207,333141211,150331,0,139317,0,32911424,29009536,3901888,23998592,16252864,16240576
2026-05-13T16:34:00+01:00,server,1311723270,111395,2941219,333143907,150331,0,139318,0,32911424,29009088,3902336,23998080,16252864,16240576
2026-05-13T16:34:01+01:00,server,1311725484,111395,2941229,333146607,150331,0,139318,0,32911424,29007936,3903488,23996928,16252864,16240576
2026-05-13T16:34:02+01:00,server,1311727730,111395,2941241,333149305,150331,0,139318,0,32911424,29008512,3902912,23997504,16252864,16240576
2026-05-13T16:34:03+01:00,server,1311729897,111395,2941259,333152005,150331,0,139319,0,32911424,29006784,3904640,23995776,16252864,16240576
2026-05-13T16:34:04+01:00,server,1311732238,111395,2941268,333154704,150331,0,139319,0,32911424,29009088,3902336,23998080,16252864,16240576
2026-05-13T16:34:05+01:00,server,1311734586,111395,2941281,333157409,150331,0,139319,0,32911424,29008320,3903104,23997312,16252864,16240576
2026-05-13T16:34:06+01:00,server,1311736670,111395,2941304,333160115,150331,0,139320,0,32911424,29013888,3897536,24002880,16252864,16240576
2026-05-13T16:34:07+01:00,server,1311738972,111395,2941320,333162826,150331,0,139320,0,32911424,29011392,3900032,24000384,16252864,16240576
2026-05-13T16:34:08+01:00,server,1311741160,111395,2941337,333165534,150331,0,139320,0,32911424,29009472,3901952,23998464,16252864,16240576
2026-05-13T16:34:09+01:00,server,1311743437,111395,2941355,333168136,150331,0,139321,0,32911424,29007360,3904064,23996352,16252864,16240576
2026-05-13T16:34:11+01:00,server,1311745852,111395,2941377,333170617,150331,0,139322,0,32911424,29009664,3901760,23998656,16252864,16240576
2026-05-13T16:34:12+01:00,server,1311748263,111395,2941398,333173125,150331,0,139322,0,32911424,29009856,3901568,23998848,16252864,16240576
2026-05-13T16:34:13+01:00,server,1311750651,111395,2941412,333175647,150331,0,139322,0,32911424,29009280,3902144,23998272,16252864,16240576
2026-05-13T16:34:14+01:00,server,1311753022,111395,2941422,333178161,150331,0,139323,0,32911424,29007488,3903936,23996480,16252864,16240576
2026-05-13T16:34:15+01:00,server,1311755444,111395,2941438,333180678,150331,0,139324,0,32911424,29009984,3901440,23998976,16252864,16240576
2026-05-13T16:34:16+01:00,server,1311757810,111395,2941451,333183198,150331,0,139326,0,32911424,29011904,3899520,24000896,16252864,16240576
2026-05-13T16:34:17+01:00,server,1311760210,111395,2941465,333185718,150331,0,139326,0,32911424,29009024,3902400,23998016,16252864,16240576
2026-05-13T16:34:18+01:00,server,1311762514,111395,2941484,333188246,150331,0,139327,0,32911424,29010944,3900480,23999936,16252864,16240576
2026-05-13T16:34:19+01:00,server,1311764958,111395,2941494,333190774,150331,0,139327,0,32911424,29010752,3900672,23999744,16252864,16240576
2026-05-13T16:34:20+01:00,server,1311767360,111395,2941507,333193304,150331,0,139327,0,32911424,29008512,3902912,23997504,16252864,16240576
2026-05-13T16:34:21+01:00,server,1311769709,111395,2941522,333195839,150331,0,139327,0,32911424,29009152,3902272,23998144,16252864,16240576
2026-05-13T16:34:22+01:00,server,1311772072,111395,2941541,333198380,150331,0,139327,0,32911424,29010112,3901312,23999104,16252864,16240576
2026-05-13T16:34:23+01:00,server,1311774522,111395,2941549,333200933,150331,0,139327,0,32911424,29009856,3901568,23998848,16252864,16240576
2026-05-13T16:34:24+01:00,server,1311777002,111395,2941559,333203486,150331,0,139327,0,32911424,29008320,3903104,23997312,16252864,16240576
2026-05-13T16:34:25+01:00,server,1311779396,111395,2941582,333206036,150331,0,139327,0,32911424,29009344,3902080,23998336,16252864,16240576
2026-05-13T16:34:26+01:00,server,1311781899,111395,2941598,333208564,150331,0,139327,0,32911424,29012224,3899200,24001216,16252864,16240576
2026-05-13T16:34:27+01:00,server,1311784347,111395,2941611,333211115,150331,0,139327,0,32911424,29011456,3899968,24000448,16252864,16240576
2026-05-13T16:34:28+01:00,server,1311786717,111395,2941627,333213670,150331,0,139327,0,32911424,29010240,3901184,23999232,16252864,16240576
2026-05-13T16:34:29+01:00,server,1311789053,111395,2941643,333216228,150331,0,139327,0,32911424,29009280,3902144,23998208,16252864,16240576
2026-05-13T16:34:30+01:00,server,1311791394,111395,2941654,333218787,150331,0,139327,0,32911424,29011520,3899904,24000448,16252864,16240576
2026-05-13T16:34:31+01:00,server,1311793680,111395,2941665,333221352,150331,0,139328,0,32911424,29011712,3899712,24000640,16252864,16240576
2026-05-13T16:34:32+01:00,server,1311796013,111395,2941682,333223919,150331,0,139329,0,32911424,29010560,3900864,23999488,16252864,16240576
2026-05-13T16:34:33+01:00,server,1311798367,111395,2941694,333226489,150331,0,139329,0,32911424,29009024,3902400,23997952,16252864,16240576
2026-05-13T16:34:34+01:00,server,1311800713,111395,2941704,333229061,150331,0,139330,0,32911424,29008064,3903360,23996992,16252864,16240576
2026-05-13T16:34:35+01:00,server,1311803054,111395,2941738,333231638,150331,0,139330,0,32911424,29012288,3899136,24001216,16252864,16240576
2026-05-13T16:34:36+01:00,server,1311805405,111395,2941742,333234222,150331,0,139330,0,32911424,29011712,3899712,24000640,16252864,16240576
2026-05-13T16:34:37+01:00,server,1311807736,111395,2941763,333236800,150331,0,139330,0,32911424,29012096,3899328,24001024,16252864,16240576
2026-05-13T16:34:38+01:00,server,1311810077,111395,2941790,333239381,150331,0,139331,0,32911424,29010048,3901376,23998976,16252864,16240576
2026-05-13T16:34:39+01:00,server,1311812440,111395,2941801,333241961,150331,0,139332,0,32911424,29008320,3903104,23997248,16252864,16240576
2026-05-13T16:34:40+01:00,server,1311814719,111395,2941816,333244542,150331,0,139332,0,32911424,29007360,3904064,23996288,16252864,16240576
2026-05-13T16:34:41+01:00,server,1311817096,111395,2941838,333247105,150331,0,139332,0,32911424,29012352,3899072,24001280,16252864,16240576
2026-05-13T16:34:42+01:00,server,1311819355,111395,2941859,333249696,150331,0,139332,0,32911424,29011648,3899776,24000576,16252864,16240576
2026-05-13T16:34:43+01:00,server,1311821662,111395,2941883,333252290,150331,0,139334,0,32911424,29009280,3902144,23998208,16252864,16240576
2026-05-13T16:34:44+01:00,server,1311824018,111395,2941895,333254885,150331,0,139334,0,32911424,29008704,3902720,23997632,16252864,16240576
2026-05-13T16:34:45+01:00,server,1311826307,111395,2941908,333257482,150331,0,139334,0,32911424,29012672,3898752,24001600,16252864,16240576
2026-05-13T16:34:46+01:00,server,1311828597,111395,2941920,333260083,150331,0,139334,0,32911424,29006144,3905280,23995072,16252864,16240576
2026-05-13T16:34:47+01:00,server,1311830895,111395,2941935,333262685,150331,0,139334,0,32911424,29010368,3901056,23999296,16252864,16240576
2026-05-13T16:34:48+01:00,server,1311833172,111395,2941945,333265298,150331,0,139334,0,32911424,29009984,3901440,23999104,16252864,16240576
2026-05-13T16:34:49+01:00,server,1311835496,111395,2941957,333267938,150331,0,139335,0,32911424,29013824,3897600,24002752,16252864,16240576
2026-05-13T16:34:51+01:00,server,1311837753,111395,2941978,333270551,150331,0,139336,0,32911424,29013632,3897792,24002496,16252864,16240576
2026-05-13T16:34:52+01:00,server,1311840025,111395,2941992,333273162,150331,0,139337,0,32911424,29015744,3895680,24004608,16252864,16240576
2026-05-13T16:34:53+01:00,server,1311842337,111395,2942006,333275773,150331,0,139337,0,32911424,29016128,3895296,24004992,16252864,16240576
2026-05-13T16:34:54+01:00,server,1311844582,111395,2942025,333278389,150331,0,139337,0,32911424,29018816,3892608,24007680,16252864,16240576
2026-05-13T16:34:55+01:00,server,1311846845,111395,2942038,333281005,150331,0,139338,0,32911424,29017856,3893568,24006720,16252864,16240576
2026-05-13T16:34:56+01:00,server,1311849141,111395,2942063,333283593,150331,0,139338,0,32911424,29021568,3889856,24010432,16252864,16240576
2026-05-13T16:34:57+01:00,server,1311851465,111395,2942079,333286209,150331,0,139338,0,32911424,29020672,3890752,24009536,16252864,16240576
2026-05-13T16:34:58+01:00,server,1311853637,111395,2942123,333288832,150331,0,139338,0,32911424,29020864,3890560,24009920,16252864,16240576
2026-05-13T16:34:59+01:00,server,1311855863,111395,2942134,333291470,150331,0,139339,0,32911424,29022208,3889216,24011264,16252864,16240576
2026-05-13T16:35:00+01:00,server,1311858111,111395,2942155,333294101,150331,0,139339,0,32911424,29020416,3891008,24009344,16252864,16240576
2026-05-13T16:35:01+01:00,server,1311860380,111395,2942167,333296727,150331,0,139341,0,32911424,29018816,3892608,24007616,16252864,16240576
2026-05-13T16:35:02+01:00,server,1311862686,111395,2942183,333299356,150331,0,139341,0,32911424,29005504,3905920,23994304,16252864,16240576
2026-05-13T16:35:03+01:00,server,1311864924,111395,2942204,333301984,150331,0,139341,0,32911424,29009216,3902208,23998016,16252864,16240576
2026-05-13T16:35:04+01:00,server,1311867253,111395,2942219,333304612,150331,0,139342,0,32911424,29003776,3907648,23992576,16252864,16240576
2026-05-13T16:35:05+01:00,server,1311869536,111395,2942245,333307242,150331,0,139342,0,32911424,29005504,3905920,23994304,16252864,16240576
2026-05-13T16:35:06+01:00,server,1311871788,111395,2942260,333309879,150331,0,139342,0,32911424,29003968,3907456,23992768,16252864,16240576
2026-05-13T16:35:07+01:00,server,1311874026,111395,2942275,333312518,150331,0,139342,0,32911424,29006208,3905216,23995136,16252864,16240576
2026-05-13T16:35:08+01:00,server,1311876283,111395,2942289,333315157,150331,0,139342,0,32911424,29005696,3905728,23994560,16252864,16240576
2026-05-13T16:35:09+01:00,server,1311878521,111395,2942307,333317801,150331,0,139342,0,32911424,29006080,3905344,23994944,16252864,16240576
2026-05-13T16:35:10+01:00,server,1311880845,111395,2942323,333320449,150331,0,139342,0,32911424,29010880,3900544,23999744,16252864,16240576
2026-05-13T16:35:11+01:00,server,1311883138,111395,2942351,333323063,150331,0,139343,0,32911424,29010944,3900480,23999808,16252864,16240576
2026-05-13T16:35:12+01:00,server,1311885385,111395,2942368,333325710,150331,0,139345,0,32911424,29012160,3899264,24001024,16252864,16240576
2026-05-13T16:35:13+01:00,server,1311887608,111395,2942384,333328358,150331,0,139346,0,32911424,29010816,3900608,23999680,16252864,16240576
2026-05-13T16:35:14+01:00,server,1311889957,111395,2942402,333331011,150331,0,139347,0,32911424,29009856,3901568,23998720,16252864,16240576
2026-05-13T16:35:15+01:00,server,1311892184,111395,2942407,333333672,150331,0,139347,0,32911424,29012096,3899328,24000960,16252864,16240576
2026-05-13T16:35:16+01:00,server,1311894467,111395,2942420,333336324,150331,0,139347,0,32911424,29010816,3900608,23999680,16252864,16240576
2026-05-13T16:35:17+01:00,server,1311896680,111395,2942439,333338977,150331,0,139347,0,32911424,29013120,3898304,24001984,16252864,16240576
2026-05-13T16:35:18+01:00,server,1311898861,111395,2942454,333341636,150331,0,139347,0,32911424,29012800,3898624,24001600,16252864,16240576
2026-05-13T16:35:19+01:00,server,1311901158,111395,2942470,333344326,150331,0,139348,0,32911424,29014720,3896704,24003520,16252864,16240576
2026-05-13T16:35:20+01:00,server,1311903434,111395,2942480,333347042,150331,0,139348,0,32911424,29012032,3899392,24000832,16252864,16240576
2026-05-13T16:35:21+01:00,server,1311905633,111395,2942510,333349699,150331,0,139348,0,32911424,29014528,3896896,24003328,16252864,16240576
2026-05-13T16:35:22+01:00,server,1311907896,111395,2942532,333352363,150331,0,139348,0,32911424,29016512,3894912,24005440,16252864,16240576
2026-05-13T16:35:23+01:00,server,1311910106,111395,2942547,333355028,150331,0,139348,0,32911424,29011136,3900288,24000064,16252864,16240576
2026-05-13T16:35:24+01:00,server,1311912356,111395,2942562,333357691,150331,0,139348,0,32911424,29013056,3898368,24001984,16252864,16240576
2026-05-13T16:35:25+01:00,server,1311914573,111395,2942580,333360357,150331,0,139349,0,32911424,29009536,3901888,23998464,16252864,16240576
2026-05-13T16:35:26+01:00,server,1311916884,111395,2942604,333363004,150331,0,139350,0,32911424,29005888,3905536,23994816,16252864,16240576
2026-05-13T16:35:27+01:00,server,1311919096,111395,2942621,333365682,150331,0,139351,0,32911424,29012608,3898816,24001536,16252864,16240576
2026-05-13T16:35:28+01:00,server,1311921356,111395,2942637,333368365,150331,0,139353,0,32911424,29010368,3901056,23999296,16252864,16240576
2026-05-13T16:35:30+01:00,server,1311923528,111395,2942645,333371058,150331,0,139353,0,32911424,29012224,3899200,24001152,16252864,16240576
2026-05-13T16:35:31+01:00,server,1311925724,111395,2942660,333373755,150331,0,139354,0,32911424,29011328,3900096,24000256,16252864,16240576
2026-05-13T16:35:32+01:00,server,1311927886,111395,2942673,333376450,150332,0,139356,0,32911424,29010176,3901248,23999104,16252864,16240576
2026-05-13T16:35:33+01:00,server,1311930061,111395,2942686,333379150,150332,0,139356,0,32911424,29013504,3897920,24002432,16252864,16240576
2026-05-13T16:35:34+01:00,server,1311932251,111395,2942696,333381840,150332,0,139356,0,32911424,29014656,3896768,24003584,16252864,16240576
2026-05-13T16:35:35+01:00,server,1311934469,111395,2942710,333384537,150332,0,139356,0,32911424,29014656,3896768,24003584,16252864,16240576
2026-05-13T16:35:36+01:00,server,1311936662,111395,2942725,333387237,150332,0,139356,0,32911424,29011392,3900032,24000320,16252864,16240576
2026-05-13T16:35:37+01:00,server,1311938885,111395,2942739,333389940,150332,0,139356,0,32911424,29014336,3897088,24003264,16252864,16240576
2026-05-13T16:35:38+01:00,server,1311941059,111395,2942748,333392639,150332,0,139357,0,32911424,29009536,3901888,23998464,16252864,16240576
2026-05-13T16:35:39+01:00,server,1311943298,111395,2942770,333395338,150332,0,139357,0,32911424,29006080,3905344,23995008,16252864,16240576
2026-05-13T16:35:40+01:00,server,1311945507,111395,2942778,333398044,150332,0,139357,0,32911424,29012224,3899200,24001152,16252864,16240576
2026-05-13T16:35:41+01:00,server,1311947751,111395,2942817,333400721,150332,0,139357,0,32911424,29015616,3895808,24004544,16252864,16240576
2026-05-13T16:35:42+01:00,server,1311950021,111395,2942830,333403423,150332,0,139357,0,32911424,29012544,3898880,24001472,16252864,16240576
2026-05-13T16:35:43+01:00,server,1311952243,111395,2942847,333406122,150332,0,139357,0,32911424,29011776,3899648,24000704,16252864,16240576
2026-05-13T16:35:44+01:00,server,1311954507,111395,2942863,333408828,150332,0,139357,0,32911424,29012608,3898816,24001536,16252864,16240576
2026-05-13T16:35:45+01:00,server,1311956723,111395,2942880,333411552,150332,0,139357,0,32911424,29009344,3902080,23998272,16252864,16240576
2026-05-13T16:35:46+01:00,server,1311959120,111395,2942897,333414050,150332,0,139357,0,32911424,29008576,3902848,23997504,16252864,16240576
2026-05-13T16:35:47+01:00,server,1311961537,111395,2942912,333416546,150332,0,139358,0,32911424,29008000,3903424,23996928,16252864,16240576
2026-05-13T16:35:48+01:00,server,1311963899,111395,2942936,333419049,150332,0,139358,0,32911424,29009024,3902400,23997952,16252864,16240576
2026-05-13T16:35:49+01:00,server,1311966253,111395,2942949,333421550,150332,0,139359,0,32911424,29009664,3901760,23998592,16252864,16240576
2026-05-13T16:35:50+01:00,server,1311968711,111395,2942961,333424058,150332,0,139359,0,32911424,29009856,3901568,23998784,16252864,16240576
2026-05-13T16:35:51+01:00,server,1311971092,111395,2942974,333426567,150332,0,139359,0,32911424,29011712,3899712,24000640,16252864,16240576
2026-05-13T16:35:52+01:00,server,1311973399,111400,2942999,333429076,150332,0,139359,0,32911424,29009664,3901760,23998400,16252864,16240576
2026-05-13T16:35:53+01:00,server,1311975805,111400,2943022,333431606,150332,0,139359,0,32911424,29008320,3903104,23997056,16252864,16240576
2026-05-13T16:35:54+01:00,server,1311978175,111400,2943053,333434126,150332,0,139360,0,32911424,29008000,3903424,23996736,16252864,16240576
2026-05-13T16:35:55+01:00,server,1311980560,111400,2943085,333436650,150332,0,139360,0,32911424,29007040,3904384,23995776,16252864,16240576
2026-05-13T16:35:56+01:00,server,1311982962,111400,2943111,333439150,150332,0,139360,0,32911424,29008064,3903360,23996736,16252864,16240576
2026-05-13T16:35:57+01:00,server,1311985343,111400,2943125,333441678,150332,0,139360,0,32911424,29008064,3903360,23996736,16252864,16240576
2026-05-13T16:35:58+01:00,server,1311987783,111400,2943141,333444209,150332,0,139360,0,32911424,29008000,3903424,23996672,16252864,16240576
2026-05-13T16:35:59+01:00,server,1311990115,111400,2943166,333446770,150332,0,139360,0,32911424,29008576,3902848,23997248,16252864,16240576
2026-05-13T16:36:00+01:00,server,1311992452,111400,2943198,333449310,150332,0,139361,0,32911424,29007936,3903488,23996544,16252864,16240576
2026-05-13T16:36:01+01:00,server,1311994596,111400,2943211,333451852,150332,0,139362,0,32911424,29007808,3903616,23996416,16252864,16240576
2026-05-13T16:36:02+01:00,server,1311996774,111400,2943243,333454402,150332,0,139362,0,32911424,29006272,3905152,23994880,16252864,16240576
2026-05-13T16:36:03+01:00,server,1311999102,111400,2943259,333456959,150332,0,139362,0,32911424,29004736,3906688,23993344,16252864,16240576
2026-05-13T16:36:04+01:00,server,1312001391,111400,2943272,333459515,150332,0,139363,0,32911424,29007424,3904000,23996032,16252864,16240576
2026-05-13T16:36:05+01:00,server,1312003759,111400,2943278,333462077,150332,0,139363,0,32911424,29006144,3905280,23994752,16252864,16240576
2026-05-13T16:36:06+01:00,server,1312006139,111400,2943295,333464650,150332,0,139364,0,32911424,29004928,3906496,23993536,16252864,16240576
2026-05-13T16:36:07+01:00,server,1312008445,111400,2943317,333467215,150332,0,139365,0,32911424,29006848,3904576,23995456,16252864,16240576
2026-05-13T16:36:09+01:00,server,1312010805,111400,2943332,333469778,150332,0,139365,0,32911424,29006016,3905408,23994624,16252864,16240576
2026-05-13T16:36:10+01:00,server,1312013173,111400,2943364,333472346,150332,0,139365,0,32911424,29005504,3905920,23994112,16252864,16240576
2026-05-13T16:36:11+01:00,server,1312015528,111400,2943395,333474910,150332,0,139365,0,32911424,29004352,3907072,23992960,16252864,16240576
2026-05-13T16:36:12+01:00,server,1312017844,111400,2943426,333477476,150332,0,139365,0,32911424,29003008,3908416,23991616,16252864,16240576
2026-05-13T16:36:13+01:00,server,1312020137,111400,2943440,333480044,150332,0,139365,0,32911424,29002816,3908608,23991424,16252864,16240576
2026-05-13T16:36:14+01:00,server,1312022484,111400,2943453,333482615,150332,0,139365,0,32911424,29004800,3906624,23993408,16252864,16240576
2026-05-13T16:36:15+01:00,server,1312024812,111400,2943491,333485189,150332,0,139365,0,32911424,29005248,3906176,23993856,16252864,16240576
2026-05-13T16:36:16+01:00,server,1312027095,111400,2943506,333487765,150332,0,139365,0,32911424,29004416,3907008,23993024,16252864,16240576
2026-05-13T16:36:17+01:00,server,1312029440,111400,2943520,333490343,150332,0,139365,0,32911424,29006528,3904896,23995136,16252864,16240576
2026-05-13T16:36:18+01:00,server,1312031728,111400,2943532,333492925,150332,0,139367,0,32911424,29006912,3904512,23995520,16252864,16240576
2026-05-13T16:36:19+01:00,server,1312034015,111400,2943543,333495515,150332,0,139367,0,32911424,29006976,3904448,23995584,16252864,16240576
2026-05-13T16:36:20+01:00,server,1312036318,111400,2943552,333498105,150332,0,139367,0,32911424,29006400,3905024,23995008,16252864,16240576
2026-05-13T16:36:21+01:00,server,1312038665,111400,2943564,333500692,150332,0,139367,0,32911424,29004800,3906624,23993408,16252864,16240576
2026-05-13T16:36:22+01:00,server,1312040925,111400,2943580,333503280,150332,0,139367,0,32911424,29005120,3906304,23993728,16252864,16240576
2026-05-13T16:36:23+01:00,server,1312043266,111400,2943592,333505871,150332,0,139367,0,32911424,29003392,3908032,23992000,16252864,16240576
2026-05-13T16:36:24+01:00,server,1312045464,111400,2943612,333508467,150332,0,139367,0,32911424,29004288,3907136,23992896,16252864,16240576
2026-05-13T16:36:25+01:00,server,1312047743,111400,2943633,333511063,150332,0,139367,0,32911424,29006336,3905088,23994944,16252864,16240576
2026-05-13T16:36:26+01:00,server,1312050059,111400,2943652,333513636,150332,0,139367,0,32911424,29009600,3901824,23998208,16252864,16240576
2026-05-13T16:36:27+01:00,server,1312052336,111400,2943666,333516236,150332,0,139367,0,32911424,29009408,3902016,23998016,16252864,16240576
2026-05-13T16:36:28+01:00,server,1312054592,111400,2943679,333518837,150332,0,139367,0,32911424,29008128,3903296,23996736,16252864,16240576
2026-05-13T16:36:29+01:00,server,1312056918,111400,2943692,333521440,150332,0,139367,0,32911424,29010944,3900480,23999552,16252864,16240576
2026-05-13T16:36:30+01:00,server,1312059167,111400,2943716,333524063,150332,0,139367,0,32911424,29008576,3902848,23997184,16252864,16240576
2026-05-13T16:36:31+01:00,server,1312061403,111400,2943730,333526676,150332,0,139367,0,32911424,29004096,3907328,23992704,16252864,16240576
2026-05-13T16:36:32+01:00,server,1312063660,111400,2943748,333529299,150332,0,139368,0,32911424,29002944,3908480,23991552,16252864,16240576
2026-05-13T16:36:33+01:00,server,1312065918,111400,2943758,333531915,150332,0,139368,0,32911424,29004416,3907008,23993024,16252864,16240576
2026-05-13T16:36:34+01:00,server,1312068180,111400,2943771,333534530,150332,0,139368,0,32911424,29005056,3906368,23993600,16252864,16240576
2026-05-13T16:36:35+01:00,server,1312070491,111400,2943782,333537145,150332,0,139368,0,32911424,29003776,3907648,23992320,16252864,16240576
2026-05-13T16:36:36+01:00,server,1312072693,111400,2943796,333539768,150332,0,139368,0,32911424,29002624,3908800,23991168,16252864,16240576
2026-05-13T16:36:37+01:00,server,1312074959,111400,2943816,333542389,150332,0,139368,0,32911424,29003008,3908416,23991616,16252864,16240576
2026-05-13T16:36:38+01:00,server,1312077208,111400,2943828,333545011,150332,0,139368,0,32911424,29000960,3910464,23989632,16252864,16240576
2026-05-13T16:36:39+01:00,server,1312079538,111400,2943856,333547636,150332,0,139368,0,32911424,29003456,3907968,23992128,16252864,16240576
2026-05-13T16:36:40+01:00,server,1312081815,111400,2943865,333550262,150332,0,139368,0,32911424,29003712,3907712,23992384,16252864,16240576
2026-05-13T16:36:41+01:00,server,1312083976,111400,2943886,333552863,150332,0,139369,0,32911424,29001664,3909760,23990336,16252864,16240576
2026-05-13T16:36:42+01:00,server,1312086239,111400,2943904,333555493,150332,0,139369,0,32911424,29001920,3909504,23990592,16252864,16240576
2026-05-13T16:36:43+01:00,server,1312088527,111400,2943925,333558125,150332,0,139369,0,32911424,29000704,3910720,23989376,16252864,16240576
2026-05-13T16:36:44+01:00,server,1312090775,111400,2943939,333560763,150332,0,139369,0,32911424,28998144,3913280,23986816,16252864,16240576
2026-05-13T16:36:45+01:00,server,1312093033,111400,2943946,333563408,150332,0,139370,0,32911424,29000320,3911104,23988992,16252864,16240576
2026-05-13T16:36:46+01:00,server,1312095243,111400,2943977,333566046,150332,0,139371,0,32911424,29000896,3910528,23989568,16252864,16240576
2026-05-13T16:36:47+01:00,server,1312097487,111400,2943999,333568688,150332,0,139371,0,32911424,29002624,3908800,23991296,16252864,16240576
2026-05-13T16:36:49+01:00,server,1312099749,111400,2944017,333571329,150332,0,139371,0,32911424,28998208,3913216,23986880,16252864,16240576
2026-05-13T16:36:50+01:00,server,1312102057,111400,2944037,333573972,150332,0,139371,0,32911424,29000128,3911296,23988800,16252864,16240576
2026-05-13T16:36:51+01:00,server,1312104301,111400,2944052,333576617,150332,0,139371,0,32911424,28999744,3911680,23988416,16252864,16240576
2026-05-13T16:36:52+01:00,server,1312106532,111400,2944062,333579262,150332,0,139372,0,32911424,29000320,3911104,23988992,16252864,16240576
2026-05-13T16:36:53+01:00,server,1312108805,111400,2944076,333581912,150332,0,139372,0,32911424,28997184,3914240,23985856,16252864,16240576
2026-05-13T16:36:54+01:00,server,1312111000,111400,2944092,333584559,150332,0,139373,0,32911424,29000256,3911168,23988928,16252864,16240576
2026-05-13T16:36:55+01:00,server,1312113210,111400,2944111,333587212,150332,0,139373,0,32911424,29001408,3910016,23990080,16252864,16240576
2026-05-13T16:36:56+01:00,server,1312115471,111400,2944154,333589837,150332,0,139373,0,32911424,29000640,3910784,23989312,16252864,16240576
2026-05-13T16:36:57+01:00,server,1312117856,111400,2944185,333592484,150332,0,139373,0,32911424,29000064,3911360,23988736,16252864,16240576
2026-05-13T16:36:58+01:00,server,1312119999,111400,2944207,333595146,150332,0,139373,0,32911424,29000832,3910592,23989504,16252864,16240576
2026-05-13T16:36:59+01:00,server,1312122215,111400,2944221,333597804,150332,0,139373,0,32911424,29001856,3909568,23990528,16252864,16240576
2026-05-13T16:37:00+01:00,server,1312124450,111400,2944235,333600459,150332,0,139373,0,32911424,29001280,3910144,23989952,16252864,16240576
2026-05-13T16:37:01+01:00,server,1312126692,111400,2944252,333603115,150332,0,139374,0,32911424,29002816,3908608,23991424,16252864,16240576
2026-05-13T16:37:02+01:00,server,1312128938,111400,2944261,333605775,150332,0,139374,0,32911424,29002176,3909248,23990784,16252864,16240576
2026-05-13T16:37:03+01:00,server,1312131269,111400,2944281,333608433,150332,0,139374,0,32911424,29003968,3907456,23992576,16252864,16240576
2026-05-13T16:37:04+01:00,server,1312133523,111400,2944290,333611093,150332,0,139375,0,32911424,29002496,3908928,23991104,16252864,16240576
2026-05-13T16:37:05+01:00,server,1312135728,111400,2944311,333613757,150332,0,139376,0,32911424,29004032,3907392,23992640,16252864,16240576
2026-05-13T16:37:06+01:00,server,1312137974,111400,2944321,333616425,150332,0,139376,0,32911424,29007872,3903552,23996480,16252864,16240576
2026-05-13T16:37:07+01:00,server,1312140225,111400,2944335,333619094,150332,0,139376,0,32911424,29010176,3901248,23998784,16252864,16240576
2026-05-13T16:37:08+01:00,server,1312142430,111400,2944350,333621763,150332,0,139377,0,32911424,29009216,3902208,23997824,16252864,16240576
2026-05-13T16:37:09+01:00,server,1312144627,111400,2944367,333624433,150332,0,139377,0,32911424,29010048,3901376,23998656,16252864,16240576
2026-05-13T16:37:10+01:00,server,1312146837,111400,2944378,333627108,150332,0,139377,0,32911424,29009280,3902144,23997888,16252864,16240576
2026-05-13T16:37:11+01:00,server,1312149071,111400,2944393,333629766,150332,0,139377,0,32911424,29009856,3901568,23998400,16252864,16240576
2026-05-13T16:37:12+01:00,server,1312151302,111400,2944405,333632440,150332,0,139377,0,32911424,29009536,3901888,23998144,16252864,16240576
2026-05-13T16:37:13+01:00,server,1312153518,111400,2944418,333635110,150332,0,139377,0,32911424,29012032,3899392,24000576,16252864,16240576
2026-05-13T16:37:14+01:00,server,1312155730,111400,2944438,333637784,150332,0,139377,0,32911424,29012800,3898624,24001344,16252864,16240576
2026-05-13T16:37:15+01:00,server,1312157938,111400,2944459,333640457,150332,0,139377,0,32911424,29012800,3898624,24001344,16252864,16240576
2026-05-13T16:37:16+01:00,server,1312160144,111400,2944471,333643137,150332,0,139378,0,32911424,29016320,3895104,24004800,16252864,16240576
2026-05-13T16:37:17+01:00,server,1312162375,111400,2944487,333645817,150332,0,139378,0,32911424,29016256,3895168,24004736,16252864,16240576
2026-05-13T16:37:18+01:00,server,1312164583,111400,2944504,333648498,150332,0,139378,0,32911424,29017856,3893568,24006336,16252864,16240576
2026-05-13T16:37:19+01:00,server,1312166760,111400,2944519,333651186,150332,0,139379,0,32911424,29017984,3893440,24006464,16252864,16240576
2026-05-13T16:37:20+01:00,server,1312169213,111400,2944537,333653668,150332,0,139379,0,32911424,29019904,3891520,24008320,16252864,16240576
2026-05-13T16:37:21+01:00,server,1312171613,111400,2944550,333656157,150332,0,139379,0,32911424,29021824,3889600,24010240,16252864,16240576
2026-05-13T16:37:22+01:00,server,1312174056,111400,2944568,333658646,150332,0,139379,0,32911424,29019072,3892352,24007488,16252864,16240576
2026-05-13T16:37:23+01:00,server,1312176437,111400,2944582,333661144,150332,0,139379,0,32911424,29019904,3891520,24008320,16252864,16240576
2026-05-13T16:37:24+01:00,server,1312178809,111400,2944590,333663650,150332,0,139379,0,32911424,29016128,3895296,24004544,16252864,16240576
2026-05-13T16:37:25+01:00,server,1312181203,111400,2944617,333666153,150332,0,139379,0,32911424,29014848,3896576,24003264,16252864,16240576
2026-05-13T16:37:26+01:00,server,1312183660,111400,2944641,333668629,150332,0,139379,0,32911424,29014272,3897152,24002688,16252864,16240576
2026-05-13T16:37:27+01:00,server,1312186039,111400,2944654,333671129,150332,0,139379,0,32911424,29016128,3895296,24004544,16252864,16240576
2026-05-13T16:37:28+01:00,server,1312188493,111400,2944669,333673638,150332,0,139379,0,32911424,29014208,3897216,24002624,16252864,16240576
2026-05-13T16:37:30+01:00,server,1312190892,111400,2944679,333676149,150332,0,139379,0,32911424,29014208,3897216,24002624,16252864,16240576
2026-05-13T16:37:31+01:00,server,1312193349,111400,2944726,333678564,150332,0,139380,0,32911424,29010880,3900544,23999296,16252864,16240576
2026-05-13T16:37:32+01:00,server,1312195793,111400,2944745,333680989,150332,0,139381,0,32911424,29013120,3898304,24001472,16252864,16240576
2026-05-13T16:37:33+01:00,server,1312198191,111400,2944762,333683508,150332,0,139382,0,32911424,29016704,3894720,24005056,16252864,16240576
2026-05-13T16:37:34+01:00,server,1312200570,111400,2944779,333686029,150332,0,139382,0,32911424,29018240,3893184,24006592,16252864,16240576
2026-05-13T16:37:35+01:00,server,1312202962,111400,2944798,333688553,150332,0,139382,0,32911424,29014336,3897088,24002688,16252864,16240576
2026-05-13T16:37:36+01:00,server,1312205280,111400,2944813,333691083,150332,0,139383,0,32911424,29014976,3896448,24003264,16252864,16240576
2026-05-13T16:37:37+01:00,server,1312207571,111400,2944823,333693623,150332,0,139383,0,32911424,29017216,3894208,24005504,16252864,16240576
2026-05-13T16:37:38+01:00,server,1312209967,111400,2944832,333696158,150332,0,139383,0,32911424,29015168,3896256,24003456,16252864,16240576
2026-05-13T16:37:39+01:00,server,1312212376,111400,2944845,333698691,150332,0,139383,0,32911424,29015360,3896064,24003648,16252864,16240576
2026-05-13T16:37:40+01:00,server,1312214826,111400,2944858,333701228,150332,0,139383,0,32911424,29013248,3898176,24001536,16252864,16240576
2026-05-13T16:37:41+01:00,server,1312217186,111400,2944902,333703741,150332,0,139384,0,32911424,29013824,3897600,24002112,16252864,16240576
2026-05-13T16:37:42+01:00,server,1312219576,111400,2944916,333706284,150332,0,139386,0,32911424,29013952,3897472,24002240,16252864,16240576
2026-05-13T16:37:43+01:00,server,1312221915,111400,2944937,333708831,150332,0,139387,0,32911424,29014144,3897280,24002432,16252864,16240576
2026-05-13T16:37:44+01:00,server,1312224251,111400,2944951,333711380,150332,0,139388,0,32911424,29015488,3895936,24003776,16252864,16240576
2026-05-13T16:37:45+01:00,server,1312226504,111400,2944970,333713931,150332,0,139388,0,32911424,29016704,3894720,24004928,16252864,16240576
2026-05-13T16:37:46+01:00,server,1312228849,111400,2944992,333716485,150332,0,139388,0,32911424,29014784,3896640,24003008,16252864,16240576
2026-05-13T16:37:47+01:00,server,1312231189,111400,2945010,333719042,150332,0,139388,0,32911424,29014400,3897024,24002624,16252864,16240576
2026-05-13T16:37:48+01:00,server,1312233551,111400,2945031,333721605,150332,0,139388,0,32911424,29013696,3897728,24001920,16252864,16240576
2026-05-13T16:37:49+01:00,server,1312235920,111400,2945038,333724172,150332,0,139388,0,32911424,29013696,3897728,24001920,16252864,16240576
2026-05-13T16:37:50+01:00,server,1312238277,111400,2945041,333726747,150332,0,139388,0,32911424,29016192,3895232,24004416,16252864,16240576
2026-05-13T16:37:51+01:00,server,1312240646,111400,2945059,333729314,150332,0,139388,0,32911424,29013504,3897920,24001728,16252864,16240576
2026-05-13T16:37:52+01:00,server,1312242996,111400,2945103,333731883,150332,0,139388,0,32911424,29014656,3896768,24002880,16252864,16240576
2026-05-13T16:37:53+01:00,server,1312245328,111400,2945113,333734456,150332,0,139390,0,32911424,29014208,3897216,24002432,16252864,16240576
2026-05-13T16:37:54+01:00,server,1312247684,111400,2945122,333737029,150332,0,139392,0,32911424,29015616,3895808,24003840,16252864,16240576
2026-05-13T16:37:55+01:00,server,1312250031,111400,2945139,333739609,150332,0,139394,0,32911424,29013312,3898112,24001536,16252864,16240576
2026-05-13T16:37:56+01:00,server,1312252367,111400,2945176,333742171,150332,0,139396,0,32911424,29015232,3896192,24003456,16252864,16240576
2026-05-13T16:37:57+01:00,server,1312254666,111400,2945191,333744762,150332,0,139396,0,32911424,29011776,3899648,24000000,16252864,16240576
2026-05-13T16:37:58+01:00,server,1312256950,111400,2945203,333747354,150332,0,139396,0,32911424,29016704,3894720,24004928,16252864,16240576
2026-05-13T16:37:59+01:00,server,1312259247,111400,2945223,333749949,150332,0,139396,0,32911424,29015168,3896256,24003392,16252864,16240576
2026-05-13T16:38:00+01:00,server,1312261592,111400,2945239,333752544,150332,0,139397,0,32911424,29016512,3894912,24004736,16252864,16240576
2026-05-13T16:38:01+01:00,server,1312263873,111400,2945254,333755141,150332,0,139397,0,32911424,29012672,3898752,24000896,16252864,16240576
2026-05-13T16:38:02+01:00,server,1312266193,111400,2945262,333757748,150332,0,139397,0,32911424,29015104,3896320,24003328,16252864,16240576
2026-05-13T16:38:03+01:00,server,1312268491,111400,2945275,333760356,150332,0,139397,0,32911424,29014144,3897280,24002368,16252864,16240576
2026-05-13T16:38:04+01:00,server,1312270778,111400,2945293,333762961,150332,0,139397,0,32911424,29013824,3897600,24002048,16252864,16240576
2026-05-13T16:38:05+01:00,server,1312273033,111400,2945323,333765573,150332,0,139397,0,32911424,29014464,3896960,24002688,16252864,16240576
2026-05-13T16:38:06+01:00,server,1312275302,111400,2945349,333768182,150332,0,139398,0,32911424,29014272,3897152,24002496,16252864,16240576
2026-05-13T16:38:07+01:00,server,1312277596,111400,2945360,333770794,150332,0,139398,0,32911424,29013504,3897920,24001728,16252864,16240576
2026-05-13T16:38:08+01:00,server,1312279854,111400,2945373,333773408,150332,0,139398,0,32911424,29009728,3901696,23997952,16252864,16240576
2026-05-13T16:38:09+01:00,server,1312282126,111401,2945401,333776026,150332,0,139398,0,32911424,29010240,3901184,23998464,16252864,16240576
2026-05-13T16:38:11+01:00,server,1312284445,111401,2945425,333778618,150332,0,139398,0,32911424,29008704,3902720,23996928,16252864,16240576
2026-05-13T16:38:12+01:00,server,1312286680,111401,2945451,333781238,150332,0,139398,0,32911424,29009664,3901760,23997888,16252864,16240576
2026-05-13T16:38:13+01:00,server,1312288910,111401,2945476,333783863,150332,0,139398,0,32911424,29006912,3904512,23995136,16252864,16240576
2026-05-13T16:38:14+01:00,server,1312291167,111401,2945497,333786489,150332,0,139399,0,32911424,29006144,3905280,23994368,16252864,16240576
2026-05-13T16:38:15+01:00,server,1312293377,111401,2945512,333789122,150332,0,139400,0,32911424,29006080,3905344,23994304,16252864,16240576
2026-05-13T16:38:16+01:00,server,1312295670,111401,2945533,333791763,150332,0,139400,0,32911424,29007232,3904192,23995456,16252864,16240576
2026-05-13T16:38:17+01:00,server,1312297926,111401,2945549,333794407,150333,0,139400,0,32911424,29007616,3903808,23995840,16252864,16240576
2026-05-13T16:38:18+01:00,server,1312300201,111401,2945565,333797051,150333,0,139400,0,32911424,29007168,3904256,23995264,16252864,16240576
2026-05-13T16:38:19+01:00,server,1312302478,111401,2945573,333799681,150333,0,139401,0,32911424,29006912,3904512,23995008,16252864,16240576
2026-05-13T16:38:20+01:00,server,1312304807,111401,2945587,333802314,150333,0,139401,0,32911424,29006144,3905280,23994240,16252864,16240576
2026-05-13T16:38:21+01:00,server,1312307081,111401,2945596,333804948,150333,0,139402,0,32911424,29008640,3902784,23996736,16252864,16240576
2026-05-13T16:38:22+01:00,server,1312309295,111401,2945611,333807584,150333,0,139402,0,32911424,29007296,3904128,23995392,16252864,16240576
2026-05-13T16:38:23+01:00,server,1312311587,111401,2945626,333810227,150333,0,139403,0,32911424,29007488,3903936,23995456,16252864,16240576
2026-05-13T16:38:24+01:00,server,1312313912,111401,2945644,333812867,150333,0,139403,0,32911424,29005312,3906112,23993280,16252864,16240576
2026-05-13T16:38:25+01:00,server,1312316161,111401,2945672,333815514,150333,0,139403,0,32911424,29006656,3904768,23994624,16252864,16240576
2026-05-13T16:38:26+01:00,server,1312318510,111401,2945693,333818131,150333,0,139404,0,32911424,29010688,3900736,23998656,16252864,16240576
2026-05-13T16:38:27+01:00,server,1312320773,111401,2945710,333820785,150333,0,139404,0,32911424,29008192,3903232,23996160,16252864,16240576
2026-05-13T16:38:28+01:00,server,1312322896,111401,2945721,333823440,150333,0,139404,0,32911424,29006080,3905344,23994048,16252864,16240576
2026-05-13T16:38:29+01:00,server,1312325214,111401,2945729,333826105,150333,0,139404,0,32911424,29008704,3902720,23996672,16252864,16240576
2026-05-13T16:38:30+01:00,server,1312327450,111401,2945739,333828763,150333,0,139405,0,32911424,29006592,3904832,23994560,16252864,16240576
2026-05-13T16:38:31+01:00,server,1312329661,111401,2945751,333831415,150333,0,139405,0,32911424,29007552,3903872,23995520,16252864,16240576
2026-05-13T16:38:32+01:00,server,1312331932,111401,2945769,333834069,150333,0,139406,0,32911424,29006592,3904832,23994560,16252864,16240576
2026-05-13T16:38:33+01:00,server,1312334203,111401,2945798,333836730,150333,0,139406,0,32911424,29009472,3901952,23997440,16252864,16240576
2026-05-13T16:38:34+01:00,server,1312336450,111401,2945814,333839389,150333,0,139406,0,32911424,29012416,3899008,24000384,16252864,16240576
2026-05-13T16:38:35+01:00,server,1312338663,111401,2945840,333842050,150333,0,139406,0,32911424,29011648,3899776,23999616,16252864,16240576
2026-05-13T16:38:36+01:00,server,1312340868,111401,2945860,333844717,150333,0,139407,0,32911424,29009792,3901632,23997760,16252864,16240576
2026-05-13T16:38:37+01:00,server,1312343097,111401,2945872,333847382,150333,0,139407,0,32911424,29014208,3897216,24002176,16252864,16240576
2026-05-13T16:38:38+01:00,server,1312345317,111401,2945901,333850053,150333,0,139407,0,32911424,29011200,3900224,23999168,16252864,16240576
2026-05-13T16:38:39+01:00,server,1312347528,111401,2945912,333852721,150333,0,139407,0,32911424,29014080,3897344,24002048,16252864,16240576
2026-05-13T16:38:40+01:00,server,1312349784,111401,2945929,333855387,150333,0,139407,0,32911424,29012160,3899264,24000128,16252864,16240576
2026-05-13T16:38:41+01:00,server,1312352049,111401,2945952,333858043,150333,0,139408,0,32911424,29017664,3893760,24005632,16252864,16240576
2026-05-13T16:38:42+01:00,server,1312354265,111401,2945961,333860739,150333,0,139408,0,32911424,29017472,3893952,24005440,16252864,16240576
2026-05-13T16:38:43+01:00,server,1312356474,111401,2945974,333863423,150333,0,139408,0,32911424,29015552,3895872,24003520,16252864,16240576
2026-05-13T16:38:44+01:00,server,1312358753,111401,2946003,333866099,150333,0,139408,0,32911424,29017088,3894336,24005056,16252864,16240576
2026-05-13T16:38:45+01:00,server,1312360945,111401,2946015,333868771,150333,0,139408,0,32911424,29016576,3894848,24004544,16252864,16240576
2026-05-13T16:38:46+01:00,server,1312363197,111401,2946025,333871443,150333,0,139408,0,32911424,29018112,3893312,24006080,16252864,16240576
2026-05-13T16:38:47+01:00,server,1312365378,111401,2946035,333874116,150333,0,139409,0,32911424,29020032,3891392,24008000,16252864,16240576
2026-05-13T16:38:48+01:00,server,1312367617,111401,2946048,333876800,150333,0,139409,0,32911424,29019904,3891520,24007872,16252864,16240576
2026-05-13T16:38:49+01:00,server,1312369809,111401,2946077,333879484,150333,0,139409,0,32911424,29022976,3888448,24010944,16252864,16240576
2026-05-13T16:38:50+01:00,server,1312371981,111401,2946092,333882175,150333,0,139411,0,32911424,29019968,3891456,24007936,16252864,16240576
2026-05-13T16:38:52+01:00,server,1312374151,111401,2946112,333884868,150333,0,139412,0,32911424,29014400,3897024,24002368,16252864,16240576
2026-05-13T16:38:53+01:00,server,1312376356,111401,2946140,333887559,150333,0,139412,0,32911424,29018176,3893248,24006144,16252864,16240576
