timestamp,cpu_percent,rss_kb,vmhwm_kb
2026-05-13T15:57:29+01:00,421,4941760,4941760
2026-05-13T15:57:30+01:00,792,4956288,4956288
2026-05-13T15:57:31+01:00,1165,4956288,4956288
2026-05-13T15:57:32+01:00,1414,4956288,4956288
2026-05-13T15:57:33+01:00,1392,4956288,4956288
2026-05-13T15:57:35+01:00,1526,4956288,4956288
2026-05-13T15:57:36+01:00,1639,4956288,4956288
2026-05-13T15:57:37+01:00,1731,4956288,4956288
2026-05-13T15:57:38+01:00,1808,4956288,4956288
2026-05-13T15:57:39+01:00,1875,4956288,4956288
2026-05-13T15:57:40+01:00,1930,4956288,4956288
2026-05-13T15:57:41+01:00,1980,4956288,4956288
2026-05-13T15:57:42+01:00,2022,4956288,4956288
2026-05-13T15:57:43+01:00,1944,4956288,4956288
2026-05-13T15:57:45+01:00,1983,4956288,4956288
2026-05-13T15:57:46+01:00,2016,4956288,4956288
2026-05-13T15:57:47+01:00,2048,4956288,4956288
2026-05-13T15:57:48+01:00,2075,4956288,4956288
2026-05-13T15:57:49+01:00,2100,4956288,4956288
2026-05-13T15:57:50+01:00,2124,4956288,4956288
2026-05-13T15:57:51+01:00,2145,4956288,4956288
2026-05-13T15:57:52+01:00,2165,4956288,4956288
2026-05-13T15:57:53+01:00,2105,4956288,4956288
2026-05-13T15:57:55+01:00,2125,4956288,4956288
2026-05-13T15:57:56+01:00,2143,4956288,4956288
2026-05-13T15:57:57+01:00,2159,4956288,4956288
2026-05-13T15:57:58+01:00,2175,4956288,4956288
2026-05-13T15:57:59+01:00,2189,4956288,4956288
2026-05-13T15:58:00+01:00,2203,4956288,4956288
2026-05-13T15:58:01+01:00,2215,4956288,4956288
2026-05-13T15:58:02+01:00,2226,4956288,4956288
2026-05-13T15:58:03+01:00,2177,4964608,4964608
2026-05-13T15:58:05+01:00,2189,4964608,4964608
2026-05-13T15:58:06+01:00,2201,4964608,4964608
2026-05-13T15:58:07+01:00,2212,4964608,4964608
2026-05-13T15:58:08+01:00,2223,4964608,4964608
2026-05-13T15:58:09+01:00,2233,4964608,4964608
2026-05-13T15:58:10+01:00,2243,4964608,4964608
2026-05-13T15:58:11+01:00,2252,4964608,4964608
2026-05-13T15:58:12+01:00,2213,4964608,4964608
2026-05-13T15:58:14+01:00,2223,4964608,4964608
2026-05-13T15:58:15+01:00,2231,4964608,4964608
2026-05-13T15:58:16+01:00,2240,4964608,4964608
2026-05-13T15:58:17+01:00,2248,4964608,4964608
2026-05-13T15:58:18+01:00,2256,4964608,4964608
2026-05-13T15:58:19+01:00,2264,4964608,4964608
2026-05-13T15:58:20+01:00,2272,4964608,4964608
2026-05-13T15:58:21+01:00,2278,4964608,4964608
2026-05-13T15:58:22+01:00,2245,4964608,4964608
2026-05-13T15:58:24+01:00,2252,4964608,4964608
2026-05-13T15:58:25+01:00,2260,4964608,4964608
2026-05-13T15:58:26+01:00,2266,4964608,4964608
2026-05-13T15:58:27+01:00,2273,4964608,4964608
2026-05-13T15:58:28+01:00,2279,4964608,4964608
2026-05-13T15:58:29+01:00,2285,4964608,4964608
2026-05-13T15:58:30+01:00,2290,4964608,4964608
2026-05-13T15:58:31+01:00,2295,4964608,4964608
2026-05-13T15:58:32+01:00,2266,4964608,4964608
2026-05-13T15:58:34+01:00,2271,4964608,4964608
2026-05-13T15:58:35+01:00,2276,4964608,4964608
2026-05-13T15:58:36+01:00,2281,4964608,4964608
2026-05-13T15:58:37+01:00,2285,4964608,4964608
2026-05-13T15:58:38+01:00,2290,4964608,4964608
2026-05-13T15:58:39+01:00,2294,4964608,4964608
2026-05-13T15:58:40+01:00,2298,4964608,4964608
2026-05-13T15:58:41+01:00,2302,4964608,4964608
2026-05-13T15:58:42+01:00,2276,4964608,4964608
2026-05-13T15:58:44+01:00,2280,4964608,4964608
2026-05-13T15:58:45+01:00,2284,4964608,4964608
2026-05-13T15:58:46+01:00,2287,4964608,4964608
2026-05-13T15:58:47+01:00,2291,4964608,4964608
2026-05-13T15:58:48+01:00,2294,4964608,4964608
2026-05-13T15:58:49+01:00,2297,4964608,4964608
2026-05-13T15:58:50+01:00,2301,4964608,4964608
2026-05-13T15:58:51+01:00,2277,4964608,4964608
2026-05-13T15:58:53+01:00,2280,4964608,4964608
2026-05-13T15:58:54+01:00,2283,4964608,4964608
2026-05-13T15:58:55+01:00,2286,4964608,4964608
2026-05-13T15:58:56+01:00,2289,4964608,4964608
2026-05-13T15:58:57+01:00,2292,4964608,4964608
2026-05-13T15:58:58+01:00,2294,4964608,4964608
2026-05-13T15:58:59+01:00,2297,4964608,4964608
2026-05-13T15:59:00+01:00,2299,4964608,4964608
2026-05-13T15:59:01+01:00,2278,4964608,4964608
2026-05-13T15:59:03+01:00,2280,4964608,4964608
2026-05-13T15:59:04+01:00,2283,4964608,4964608
2026-05-13T15:59:05+01:00,2285,4964608,4964608
2026-05-13T15:59:06+01:00,2287,4964608,4964608
2026-05-13T15:59:07+01:00,2290,4964608,4964608
2026-05-13T15:59:08+01:00,2292,4964608,4964608
2026-05-13T15:59:09+01:00,2294,4964608,4964608
2026-05-13T15:59:10+01:00,2296,4964608,4964608
2026-05-13T15:59:11+01:00,2276,4964608,4964608
2026-05-13T15:59:13+01:00,2278,4964608,4964608
2026-05-13T15:59:14+01:00,2280,4964608,4964608
2026-05-13T15:59:15+01:00,2282,4964608,4964608
2026-05-13T15:59:16+01:00,2284,4964608,4964608
2026-05-13T15:59:17+01:00,2286,4964608,4964608
2026-05-13T15:59:18+01:00,2288,4964608,4964608
2026-05-13T15:59:19+01:00,2289,4964608,4964608
2026-05-13T15:59:20+01:00,2291,4964608,4964608
2026-05-13T15:59:21+01:00,2273,4964608,4964608
2026-05-13T15:59:23+01:00,2275,4964608,4964608
2026-05-13T15:59:24+01:00,2276,4964608,4964608
2026-05-13T15:59:25+01:00,2278,4964608,4964608
2026-05-13T15:59:26+01:00,2279,4964608,4964608
2026-05-13T15:59:27+01:00,2281,4964608,4964608
2026-05-13T15:59:28+01:00,2282,4964608,4964608
2026-05-13T15:59:29+01:00,2285,4981504,4981504
2026-05-13T15:59:30+01:00,2287,4981504,4981504
2026-05-13T15:59:31+01:00,2272,4981504,4981504
2026-05-13T15:59:33+01:00,2275,4981504,4981504
2026-05-13T15:59:34+01:00,2278,4981504,4981504
2026-05-13T15:59:35+01:00,2281,4981504,4981504
2026-05-13T15:59:36+01:00,2284,4981504,4981504
2026-05-13T15:59:37+01:00,2287,4981504,4981504
2026-05-13T15:59:38+01:00,2290,4981504,4981504
2026-05-13T15:59:39+01:00,2293,4981504,4981504
2026-05-13T15:59:40+01:00,2278,4981504,4981504
2026-05-13T15:59:42+01:00,2281,4981504,4981504
2026-05-13T15:59:43+01:00,2284,4981504,4981504
2026-05-13T15:59:44+01:00,2287,4981504,4981504
2026-05-13T15:59:45+01:00,2289,4981504,4981504
2026-05-13T15:59:46+01:00,2292,4981504,4981504
2026-05-13T15:59:47+01:00,2295,4981504,4981504
2026-05-13T15:59:48+01:00,2297,4981504,4981504
2026-05-13T15:59:49+01:00,2300,4981504,4981504
2026-05-13T15:59:50+01:00,2286,4981504,4981504
2026-05-13T15:59:52+01:00,2289,4981504,4981504
2026-05-13T15:59:53+01:00,2291,4981504,4981504
2026-05-13T15:59:54+01:00,2294,4981504,4981504
2026-05-13T15:59:55+01:00,2296,4981504,4981504
2026-05-13T15:59:56+01:00,2298,4981504,4981504
2026-05-13T15:59:57+01:00,2301,4981504,4981504
2026-05-13T15:59:58+01:00,2303,4981504,4981504
2026-05-13T15:59:59+01:00,2305,4981504,4981504
2026-05-13T16:00:00+01:00,2292,4981504,4981504
2026-05-13T16:00:02+01:00,2294,4981504,4981504
2026-05-13T16:00:03+01:00,2296,4981504,4981504
2026-05-13T16:00:04+01:00,2298,4981504,4981504
2026-05-13T16:00:05+01:00,2300,4981504,4981504
2026-05-13T16:00:06+01:00,2301,4981504,4981504
2026-05-13T16:00:07+01:00,2303,4981504,4981504
2026-05-13T16:00:08+01:00,2305,4981504,4981504
2026-05-13T16:00:09+01:00,2307,4981504,4981504
2026-05-13T16:00:10+01:00,2294,4981504,4981504
2026-05-13T16:00:12+01:00,2296,4981504,4981504
2026-05-13T16:00:13+01:00,2298,4981504,4981504
2026-05-13T16:00:14+01:00,2300,4981504,4981504
2026-05-13T16:00:15+01:00,2301,4981504,4981504
2026-05-13T16:00:16+01:00,2303,4981504,4981504
2026-05-13T16:00:17+01:00,2304,4981504,4981504
2026-05-13T16:00:18+01:00,2306,4981504,4981504
2026-05-13T16:00:19+01:00,2307,4981504,4981504
2026-05-13T16:00:20+01:00,2295,4981504,4981504
2026-05-13T16:00:22+01:00,2297,4981504,4981504
2026-05-13T16:00:23+01:00,2298,4981504,4981504
2026-05-13T16:00:24+01:00,2300,4981504,4981504
2026-05-13T16:00:25+01:00,2301,4981504,4981504
2026-05-13T16:00:26+01:00,2302,4981504,4981504
2026-05-13T16:00:27+01:00,2304,4981504,4981504
2026-05-13T16:00:28+01:00,2305,4981504,4981504
2026-05-13T16:00:29+01:00,2293,4981504,4981504
2026-05-13T16:00:31+01:00,2295,4981504,4981504
2026-05-13T16:00:32+01:00,2296,4981504,4981504
2026-05-13T16:00:33+01:00,2297,4981504,4981504
2026-05-13T16:00:34+01:00,2298,4981504,4981504
2026-05-13T16:00:35+01:00,2299,4981504,4981504
2026-05-13T16:00:36+01:00,2300,4981504,4981504
2026-05-13T16:00:37+01:00,2302,4981504,4981504
2026-05-13T16:00:38+01:00,2303,4981504,4981504
2026-05-13T16:00:39+01:00,2292,4981504,4981504
2026-05-13T16:00:41+01:00,2293,4981504,4981504
2026-05-13T16:00:42+01:00,2294,4981504,4981504
2026-05-13T16:00:43+01:00,2295,4981504,4981504
2026-05-13T16:00:44+01:00,2296,4981504,4981504
2026-05-13T16:00:45+01:00,2297,4981504,4981504
2026-05-13T16:00:46+01:00,2298,4981504,4981504
2026-05-13T16:00:47+01:00,2299,4981504,4981504
2026-05-13T16:00:48+01:00,2300,4981504,4981504
2026-05-13T16:00:49+01:00,2289,4981504,4981504
2026-05-13T16:00:51+01:00,2290,4981504,4981504
2026-05-13T16:00:52+01:00,2291,4981504,4981504
2026-05-13T16:00:53+01:00,2292,4981504,4981504
2026-05-13T16:00:54+01:00,2293,5002624,5002624
2026-05-13T16:00:55+01:00,2295,5002624,5002624
2026-05-13T16:00:56+01:00,2296,5002624,5002624
2026-05-13T16:00:57+01:00,2298,5002624,5002624
2026-05-13T16:00:58+01:00,2300,5002624,5002624
2026-05-13T16:00:59+01:00,2291,5002624,5002624
2026-05-13T16:01:01+01:00,2292,5002624,5002624
2026-05-13T16:01:02+01:00,2294,5002624,5002624
2026-05-13T16:01:03+01:00,2296,5002624,5002624
2026-05-13T16:01:04+01:00,2297,5002624,5002624
2026-05-13T16:01:05+01:00,2299,5002624,5002624
2026-05-13T16:01:06+01:00,2301,5002624,5002624
2026-05-13T16:01:07+01:00,2302,5002624,5002624
2026-05-13T16:01:08+01:00,2304,5002624,5002624
2026-05-13T16:01:09+01:00,2295,5002624,5002624
2026-05-13T16:01:11+01:00,2297,5002624,5002624
2026-05-13T16:01:12+01:00,2299,5002624,5002624
2026-05-13T16:01:13+01:00,2300,5002624,5002624
2026-05-13T16:01:14+01:00,2302,5002624,5002624
2026-05-13T16:01:15+01:00,2303,5002624,5002624
2026-05-13T16:01:16+01:00,2305,5002624,5002624
2026-05-13T16:01:17+01:00,2307,5002624,5002624
2026-05-13T16:01:18+01:00,2298,5002624,5002624
2026-05-13T16:01:20+01:00,2300,5002624,5002624
2026-05-13T16:01:21+01:00,2301,5002624,5002624
2026-05-13T16:01:22+01:00,2303,5002624,5002624
2026-05-13T16:01:23+01:00,2304,5002624,5002624
2026-05-13T16:01:24+01:00,2305,5002624,5002624
2026-05-13T16:01:25+01:00,2306,5002624,5002624
2026-05-13T16:01:26+01:00,2308,5002624,5002624
2026-05-13T16:01:27+01:00,2309,5002624,5002624
2026-05-13T16:01:28+01:00,2301,5002624,5002624
2026-05-13T16:01:30+01:00,2302,5002624,5002624
2026-05-13T16:01:31+01:00,2303,5002624,5002624
2026-05-13T16:01:32+01:00,2304,5002624,5002624
2026-05-13T16:01:33+01:00,2306,5002624,5002624
2026-05-13T16:01:34+01:00,2307,5002624,5002624
2026-05-13T16:01:35+01:00,2308,5002624,5002624
2026-05-13T16:01:36+01:00,2309,5002624,5002624
2026-05-13T16:01:37+01:00,2310,5002624,5002624
2026-05-13T16:01:38+01:00,2302,5002624,5002624
2026-05-13T16:01:40+01:00,2303,5002624,5002624
2026-05-13T16:01:41+01:00,2304,5002624,5002624
2026-05-13T16:01:42+01:00,2305,5002624,5002624
2026-05-13T16:01:43+01:00,2306,5002624,5002624
2026-05-13T16:01:44+01:00,2307,5002624,5002624
2026-05-13T16:01:45+01:00,2308,5002624,5002624
2026-05-13T16:01:46+01:00,2309,5002624,5002624
2026-05-13T16:01:47+01:00,2310,5002624,5002624
2026-05-13T16:01:48+01:00,2302,5002624,5002624
2026-05-13T16:01:50+01:00,2303,5002624,5002624
2026-05-13T16:01:51+01:00,2304,5002624,5002624
2026-05-13T16:01:52+01:00,2305,5002624,5002624
2026-05-13T16:01:53+01:00,2306,5002624,5002624
2026-05-13T16:01:54+01:00,2307,5002624,5002624
2026-05-13T16:01:55+01:00,2308,5002624,5002624
2026-05-13T16:01:56+01:00,2309,5002624,5002624
2026-05-13T16:01:57+01:00,2301,5002624,5002624
2026-05-13T16:01:59+01:00,2302,5002624,5002624
2026-05-13T16:02:00+01:00,2303,5002624,5002624
2026-05-13T16:02:01+01:00,2303,5002624,5002624
2026-05-13T16:02:02+01:00,2304,5002624,5002624
2026-05-13T16:02:03+01:00,2305,5002624,5002624
2026-05-13T16:02:04+01:00,2306,5002624,5002624
2026-05-13T16:02:05+01:00,2306,5002624,5002624
2026-05-13T16:02:06+01:00,2307,5002624,5002624
2026-05-13T16:02:07+01:00,2300,5002624,5002624
2026-05-13T16:02:09+01:00,2300,5002624,5002624
2026-05-13T16:02:10+01:00,2301,5002624,5002624
2026-05-13T16:02:11+01:00,2302,5002624,5002624
2026-05-13T16:02:12+01:00,2303,5002624,5002624
2026-05-13T16:02:13+01:00,2303,5002624,5002624
2026-05-13T16:02:14+01:00,2304,5002624,5002624
2026-05-13T16:02:15+01:00,2304,5002624,5002624
2026-05-13T16:02:16+01:00,2305,5002624,5002624
2026-05-13T16:02:17+01:00,2298,5002624,5002624
2026-05-13T16:02:19+01:00,2298,5023744,5023744
2026-05-13T16:02:20+01:00,2299,5023744,5023744
2026-05-13T16:02:21+01:00,2301,5023744,5023744
2026-05-13T16:02:22+01:00,2302,5023744,5023744
2026-05-13T16:02:23+01:00,2303,5023744,5023744
2026-05-13T16:02:24+01:00,2304,5023744,5023744
2026-05-13T16:02:25+01:00,2306,5023744,5023744
2026-05-13T16:02:26+01:00,2307,5023744,5023744
2026-05-13T16:02:27+01:00,2300,5023744,5023744
2026-05-13T16:02:29+01:00,2301,5023744,5023744
2026-05-13T16:02:30+01:00,2303,5023744,5023744
2026-05-13T16:02:31+01:00,2304,5023744,5023744
2026-05-13T16:02:32+01:00,2305,5023744,5023744
2026-05-13T16:02:33+01:00,2306,5023744,5023744
2026-05-13T16:02:34+01:00,2307,5023744,5023744
2026-05-13T16:02:35+01:00,2308,5023744,5023744
2026-05-13T16:02:36+01:00,2302,5023744,5023744
2026-05-13T16:02:37+01:00,2303,5023744,5023744
2026-05-13T16:02:39+01:00,2304,5023744,5023744
2026-05-13T16:02:40+01:00,2306,5023744,5023744
2026-05-13T16:02:41+01:00,2307,5023744,5023744
2026-05-13T16:02:42+01:00,2308,5023744,5023744
2026-05-13T16:02:43+01:00,2309,5023744,5023744
2026-05-13T16:02:44+01:00,2310,5023744,5023744
2026-05-13T16:02:45+01:00,2311,5023744,5023744
2026-05-13T16:02:46+01:00,2305,5023744,5023744
2026-05-13T16:02:48+01:00,2306,5023744,5023744
2026-05-13T16:02:49+01:00,2307,5023744,5023744
2026-05-13T16:02:50+01:00,2308,5023744,5023744
2026-05-13T16:02:51+01:00,2309,5023744,5023744
2026-05-13T16:02:52+01:00,2310,5023744,5023744
2026-05-13T16:02:53+01:00,2311,5023744,5023744
2026-05-13T16:02:54+01:00,2312,5023744,5023744
2026-05-13T16:02:55+01:00,2313,5023744,5023744
2026-05-13T16:02:56+01:00,2307,5023744,5023744
2026-05-13T16:02:58+01:00,2307,5023744,5023744
2026-05-13T16:02:59+01:00,2308,5023744,5023744
2026-05-13T16:03:00+01:00,2309,5023744,5023744
2026-05-13T16:03:01+01:00,2310,5023744,5023744
2026-05-13T16:03:02+01:00,2311,5023744,5023744
2026-05-13T16:03:03+01:00,2312,5023744,5023744
2026-05-13T16:03:04+01:00,2312,5023744,5023744
2026-05-13T16:03:05+01:00,2313,5023744,5023744
2026-05-13T16:03:06+01:00,2307,5023744,5023744
2026-05-13T16:03:08+01:00,2308,5023744,5023744
2026-05-13T16:03:09+01:00,2309,5023744,5023744
2026-05-13T16:03:10+01:00,2309,5023744,5023744
2026-05-13T16:03:11+01:00,2310,5023744,5023744
2026-05-13T16:03:12+01:00,2311,5023744,5023744
2026-05-13T16:03:13+01:00,2311,5023744,5023744
2026-05-13T16:03:14+01:00,2312,5023744,5023744
2026-05-13T16:03:15+01:00,2313,5023744,5023744
2026-05-13T16:03:16+01:00,2307,5023744,5023744
2026-05-13T16:03:18+01:00,2307,5023744,5023744
2026-05-13T16:03:19+01:00,2308,5023744,5023744
2026-05-13T16:03:20+01:00,2309,5023744,5023744
2026-05-13T16:03:21+01:00,2309,5023744,5023744
2026-05-13T16:03:22+01:00,2310,5023744,5023744
2026-05-13T16:03:23+01:00,2310,5023744,5023744
2026-05-13T16:03:24+01:00,2311,5023744,5023744
2026-05-13T16:03:25+01:00,2312,5023744,5023744
2026-05-13T16:03:26+01:00,2306,5023744,5023744
2026-05-13T16:03:28+01:00,2306,5023744,5023744
2026-05-13T16:03:29+01:00,2307,5023744,5023744
2026-05-13T16:03:30+01:00,2307,5023744,5023744
2026-05-13T16:03:31+01:00,2308,5023744,5023744
2026-05-13T16:03:32+01:00,2308,5023744,5023744
2026-05-13T16:03:33+01:00,2309,5023744,5023744
2026-05-13T16:03:34+01:00,2309,5023744,5023744
2026-05-13T16:03:35+01:00,2304,5023744,5023744
2026-05-13T16:03:37+01:00,2304,5023744,5023744
2026-05-13T16:03:38+01:00,2304,5023744,5023744
2026-05-13T16:03:39+01:00,2305,5023744,5023744
2026-05-13T16:03:40+01:00,2305,5023744,5023744
2026-05-13T16:03:41+01:00,2306,5023744,5023744
2026-05-13T16:03:42+01:00,2306,5023744,5023744
2026-05-13T16:03:43+01:00,2307,5056192,5056192
2026-05-13T16:03:44+01:00,2308,5056192,5056192
2026-05-13T16:03:45+01:00,2302,5056192,5056192
2026-05-13T16:03:47+01:00,2303,5056192,5056192
2026-05-13T16:03:48+01:00,2304,5056192,5056192
2026-05-13T16:03:49+01:00,2305,5056192,5056192
2026-05-13T16:03:50+01:00,2306,5056192,5056192
2026-05-13T16:03:51+01:00,2307,5056192,5056192
2026-05-13T16:03:52+01:00,2308,5056192,5056192
2026-05-13T16:03:53+01:00,2309,5056192,5056192
2026-05-13T16:03:54+01:00,2310,5056192,5056192
2026-05-13T16:03:55+01:00,2305,5056192,5056192
2026-05-13T16:03:57+01:00,2306,5056192,5056192
2026-05-13T16:03:58+01:00,2307,5056192,5056192
2026-05-13T16:03:59+01:00,2308,5056192,5056192
2026-05-13T16:04:00+01:00,2309,5056192,5056192
2026-05-13T16:04:01+01:00,2309,5056192,5056192
2026-05-13T16:04:02+01:00,2310,5056192,5056192
2026-05-13T16:04:03+01:00,2311,5056192,5056192
2026-05-13T16:04:04+01:00,2306,5056192,5056192
2026-05-13T16:04:05+01:00,2307,5056192,5056192
2026-05-13T16:04:07+01:00,2308,5056192,5056192
2026-05-13T16:04:08+01:00,2309,5056192,5056192
2026-05-13T16:04:09+01:00,2310,5056192,5056192
2026-05-13T16:04:10+01:00,2310,5056192,5056192
2026-05-13T16:04:11+01:00,2311,5056192,5056192
2026-05-13T16:04:12+01:00,2312,5056192,5056192
2026-05-13T16:04:13+01:00,2313,5056192,5056192
2026-05-13T16:04:14+01:00,2308,5056192,5056192
2026-05-13T16:04:16+01:00,2309,5056192,5056192
2026-05-13T16:04:17+01:00,2309,5056192,5056192
2026-05-13T16:04:18+01:00,2310,5056192,5056192
2026-05-13T16:04:19+01:00,2311,5056192,5056192
2026-05-13T16:04:20+01:00,2311,5056192,5056192
2026-05-13T16:04:21+01:00,2312,5056192,5056192
2026-05-13T16:04:22+01:00,2313,5056192,5056192
2026-05-13T16:04:23+01:00,2313,5056192,5056192
2026-05-13T16:04:24+01:00,2308,5056192,5056192
2026-05-13T16:04:26+01:00,2309,5056192,5056192
2026-05-13T16:04:27+01:00,2310,5056192,5056192
2026-05-13T16:04:28+01:00,2310,5056192,5056192
2026-05-13T16:04:29+01:00,2311,5056192,5056192
2026-05-13T16:04:30+01:00,2312,5056192,5056192
2026-05-13T16:04:31+01:00,2312,5056192,5056192
2026-05-13T16:04:32+01:00,2313,5056192,5056192
2026-05-13T16:04:33+01:00,2313,5056192,5056192
2026-05-13T16:04:34+01:00,2308,5056192,5056192
2026-05-13T16:04:36+01:00,2309,5056192,5056192
2026-05-13T16:04:37+01:00,2310,5056192,5056192
2026-05-13T16:04:38+01:00,2310,5056192,5056192
2026-05-13T16:04:39+01:00,2311,5056192,5056192
2026-05-13T16:04:40+01:00,2311,5056192,5056192
2026-05-13T16:04:41+01:00,2312,5056192,5056192
2026-05-13T16:04:42+01:00,2312,5056192,5056192
2026-05-13T16:04:43+01:00,2307,5056192,5056192
2026-05-13T16:04:45+01:00,2308,5056192,5056192
2026-05-13T16:04:46+01:00,2308,5056192,5056192
2026-05-13T16:04:47+01:00,2309,5056192,5056192
2026-05-13T16:04:48+01:00,2309,5056192,5056192
2026-05-13T16:04:49+01:00,2310,5056192,5056192
2026-05-13T16:04:50+01:00,2310,5056192,5056192
2026-05-13T16:04:51+01:00,2311,5056192,5056192
2026-05-13T16:04:52+01:00,2311,5056192,5056192
2026-05-13T16:04:53+01:00,2306,5056192,5056192
2026-05-13T16:04:55+01:00,2307,5056192,5056192
2026-05-13T16:04:56+01:00,2307,5056192,5056192
2026-05-13T16:04:57+01:00,2308,5056192,5056192
2026-05-13T16:04:58+01:00,2308,5056192,5056192
2026-05-13T16:04:59+01:00,2309,5056192,5056192
2026-05-13T16:05:00+01:00,2309,5056192,5056192
2026-05-13T16:05:01+01:00,2309,5056192,5056192
2026-05-13T16:05:02+01:00,2310,5056192,5056192
2026-05-13T16:05:03+01:00,2305,5056192,5056192
2026-05-13T16:05:05+01:00,2305,5056192,5056192
2026-05-13T16:05:06+01:00,2306,5056192,5056192
2026-05-13T16:05:07+01:00,2306,5056192,5056192
2026-05-13T16:05:08+01:00,2307,5056192,5056192
2026-05-13T16:05:09+01:00,2307,5056192,5056192
2026-05-13T16:05:10+01:00,2307,5056192,5056192
2026-05-13T16:05:11+01:00,2308,5056192,5056192
2026-05-13T16:05:12+01:00,2308,5075392,5075392
2026-05-13T16:05:13+01:00,2304,5075392,5075392
2026-05-13T16:05:15+01:00,2305,5075392,5075392
2026-05-13T16:05:16+01:00,2305,5075392,5075392
2026-05-13T16:05:17+01:00,2306,5075392,5075392
2026-05-13T16:05:18+01:00,2307,5075392,5075392
2026-05-13T16:05:19+01:00,2308,5075392,5075392
2026-05-13T16:05:20+01:00,2309,5075392,5075392
2026-05-13T16:05:21+01:00,2310,5075392,5075392
2026-05-13T16:05:22+01:00,2305,5075392,5075392
2026-05-13T16:05:24+01:00,2306,5075392,5075392
2026-05-13T16:05:25+01:00,2307,5075392,5075392
2026-05-13T16:05:26+01:00,2308,5075392,5075392
2026-05-13T16:05:27+01:00,2308,5075392,5075392
2026-05-13T16:05:28+01:00,2309,5075392,5075392
2026-05-13T16:05:29+01:00,2310,5075392,5075392
2026-05-13T16:05:30+01:00,2311,5075392,5075392
2026-05-13T16:05:31+01:00,2307,5075392,5075392
2026-05-13T16:05:33+01:00,2307,5075392,5075392
2026-05-13T16:05:34+01:00,2308,5075392,5075392
2026-05-13T16:05:35+01:00,2309,5075392,5075392
2026-05-13T16:05:36+01:00,2309,5075392,5075392
2026-05-13T16:05:37+01:00,2310,5075392,5075392
2026-05-13T16:05:38+01:00,2311,5075392,5075392
2026-05-13T16:05:39+01:00,2311,5075392,5075392
2026-05-13T16:05:40+01:00,2312,5075392,5075392
2026-05-13T16:05:41+01:00,2308,5075392,5075392
2026-05-13T16:05:43+01:00,2309,5075392,5075392
2026-05-13T16:05:44+01:00,2309,5075392,5075392
2026-05-13T16:05:45+01:00,2310,5075392,5075392
2026-05-13T16:05:46+01:00,2311,5075392,5075392
2026-05-13T16:05:47+01:00,2311,5075392,5075392
2026-05-13T16:05:48+01:00,2312,5075392,5075392
2026-05-13T16:05:49+01:00,2313,5075392,5075392
2026-05-13T16:05:50+01:00,2309,5075392,5075392
2026-05-13T16:05:52+01:00,2309,5075392,5075392
2026-05-13T16:05:53+01:00,2310,5075392,5075392
2026-05-13T16:05:54+01:00,2311,5075392,5075392
2026-05-13T16:05:55+01:00,2311,5075392,5075392
2026-05-13T16:05:56+01:00,2312,5075392,5075392
2026-05-13T16:05:57+01:00,2312,5075392,5075392
2026-05-13T16:05:58+01:00,2313,5075392,5075392
2026-05-13T16:05:59+01:00,2309,5075392,5075392
2026-05-13T16:06:01+01:00,2309,5075392,5075392
2026-05-13T16:06:02+01:00,2310,5075392,5075392
2026-05-13T16:06:03+01:00,2310,5075392,5075392
2026-05-13T16:06:04+01:00,2311,5075392,5075392
2026-05-13T16:06:05+01:00,2311,5075392,5075392
2026-05-13T16:06:06+01:00,2312,5075392,5075392
2026-05-13T16:06:07+01:00,2312,5075392,5075392
2026-05-13T16:06:08+01:00,2308,5075392,5075392
2026-05-13T16:06:10+01:00,2309,5075392,5075392
2026-05-13T16:06:11+01:00,2309,5075392,5075392
2026-05-13T16:06:12+01:00,2309,5075392,5075392
2026-05-13T16:06:13+01:00,2310,5075392,5075392
2026-05-13T16:06:14+01:00,2310,5075392,5075392
2026-05-13T16:06:15+01:00,2311,5075392,5075392
2026-05-13T16:06:16+01:00,2311,5075392,5075392
2026-05-13T16:06:17+01:00,2311,5075392,5075392
2026-05-13T16:06:18+01:00,2307,5075392,5075392
2026-05-13T16:06:20+01:00,2308,5075392,5075392
2026-05-13T16:06:21+01:00,2308,5075392,5075392
2026-05-13T16:06:22+01:00,2309,5075392,5075392
2026-05-13T16:06:23+01:00,2309,5075392,5075392
2026-05-13T16:06:24+01:00,2309,5075392,5075392
2026-05-13T16:06:25+01:00,2309,5075392,5075392
2026-05-13T16:06:26+01:00,2310,5075392,5075392
2026-05-13T16:06:27+01:00,2310,5075392,5075392
2026-05-13T16:06:28+01:00,2306,5075392,5075392
2026-05-13T16:06:30+01:00,2306,5075392,5075392
2026-05-13T16:06:31+01:00,2307,5075392,5075392
2026-05-13T16:06:32+01:00,2307,5075392,5075392
2026-05-13T16:06:33+01:00,2307,5075392,5075392
2026-05-13T16:06:34+01:00,2308,5075392,5075392
2026-05-13T16:06:35+01:00,2308,5075392,5075392
2026-05-13T16:06:36+01:00,2308,5075392,5075392
2026-05-13T16:06:37+01:00,2309,5075392,5075392
2026-05-13T16:06:38+01:00,2305,5075392,5075392
2026-05-13T16:06:40+01:00,2305,5075392,5075392
2026-05-13T16:06:41+01:00,2305,5075392,5075392
2026-05-13T16:06:42+01:00,2305,5075392,5075392
2026-05-13T16:06:43+01:00,2306,5075392,5075392
2026-05-13T16:06:44+01:00,2306,5096512,5096512
2026-05-13T16:06:45+01:00,2307,5096512,5096512
2026-05-13T16:06:46+01:00,2307,5096512,5096512
2026-05-13T16:06:47+01:00,2304,5096512,5096512
2026-05-13T16:06:49+01:00,2304,5096512,5096512
2026-05-13T16:06:50+01:00,2305,5096512,5096512
2026-05-13T16:06:51+01:00,2305,5096512,5096512
2026-05-13T16:06:52+01:00,2306,5096512,5096512
2026-05-13T16:06:53+01:00,2307,5096512,5096512
2026-05-13T16:06:54+01:00,2307,5096512,5096512
2026-05-13T16:06:55+01:00,2308,5096512,5096512
2026-05-13T16:06:56+01:00,2309,5096512,5096512
2026-05-13T16:06:57+01:00,2305,5096512,5096512
2026-05-13T16:06:59+01:00,2306,5096512,5096512
2026-05-13T16:07:00+01:00,2306,5096512,5096512
2026-05-13T16:07:01+01:00,2307,5096512,5096512
2026-05-13T16:07:02+01:00,2308,5096512,5096512
2026-05-13T16:07:03+01:00,2308,5096512,5096512
2026-05-13T16:07:04+01:00,2309,5096512,5096512
2026-05-13T16:07:05+01:00,2309,5096512,5096512
2026-05-13T16:07:06+01:00,2310,5096512,5096512
2026-05-13T16:07:07+01:00,2307,5096512,5096512
2026-05-13T16:07:09+01:00,2307,5096512,5096512
2026-05-13T16:07:10+01:00,2308,5096512,5096512
2026-05-13T16:07:11+01:00,2308,5096512,5096512
2026-05-13T16:07:12+01:00,2309,5096512,5096512
2026-05-13T16:07:13+01:00,2309,5096512,5096512
2026-05-13T16:07:14+01:00,2310,5096512,5096512
2026-05-13T16:07:15+01:00,2310,5096512,5096512
2026-05-13T16:07:16+01:00,2311,5096512,5096512
2026-05-13T16:07:17+01:00,2307,5096512,5096512
2026-05-13T16:07:19+01:00,2308,5096512,5096512
2026-05-13T16:07:20+01:00,2308,5096512,5096512
2026-05-13T16:07:21+01:00,2309,5096512,5096512
2026-05-13T16:07:22+01:00,2309,5096512,5096512
2026-05-13T16:07:23+01:00,2310,5096512,5096512
2026-05-13T16:07:24+01:00,2311,5096512,5096512
2026-05-13T16:07:26+01:00,2309,5096512,5096512
2026-05-13T16:07:27+01:00,2310,5096512,5096512
2026-05-13T16:07:28+01:00,2311,5096512,5096512
2026-05-13T16:07:29+01:00,2308,5096512,5096512
2026-05-13T16:07:31+01:00,2308,5096512,5096512
2026-05-13T16:07:32+01:00,2309,5096512,5096512
2026-05-13T16:07:33+01:00,2309,5096512,5096512
2026-05-13T16:07:34+01:00,2310,5096512,5096512
2026-05-13T16:07:35+01:00,2310,5096512,5096512
2026-05-13T16:07:36+01:00,2310,5096512,5096512
2026-05-13T16:07:37+01:00,2311,5096512,5096512
2026-05-13T16:07:38+01:00,2308,5096512,5096512
2026-05-13T16:07:40+01:00,2308,5096512,5096512
2026-05-13T16:07:41+01:00,2308,5096512,5096512
2026-05-13T16:07:42+01:00,2309,5096512,5096512
2026-05-13T16:07:43+01:00,2309,5096512,5096512
2026-05-13T16:07:44+01:00,2310,5096512,5096512
2026-05-13T16:07:45+01:00,2310,5096512,5096512
2026-05-13T16:07:46+01:00,2307,5096512,5096512
2026-05-13T16:07:48+01:00,2307,5096512,5096512
2026-05-13T16:07:49+01:00,2308,5096512,5096512
2026-05-13T16:07:50+01:00,2308,5096512,5096512
2026-05-13T16:07:51+01:00,2309,5096512,5096512
2026-05-13T16:07:52+01:00,2309,5096512,5096512
2026-05-13T16:07:53+01:00,2310,5096512,5096512
2026-05-13T16:07:54+01:00,2306,5096512,5096512
2026-05-13T16:07:56+01:00,2307,5096512,5096512
2026-05-13T16:07:57+01:00,2307,5096512,5096512
2026-05-13T16:07:58+01:00,2308,5096512,5096512
2026-05-13T16:07:59+01:00,2308,5096512,5096512
2026-05-13T16:08:00+01:00,2308,5096512,5096512
2026-05-13T16:08:01+01:00,2309,5096512,5096512
2026-05-13T16:08:02+01:00,2309,5096512,5096512
2026-05-13T16:08:03+01:00,2306,5096512,5096512
2026-05-13T16:08:05+01:00,2306,5096512,5096512
2026-05-13T16:08:06+01:00,2306,5096512,5096512
2026-05-13T16:08:07+01:00,2307,5096512,5096512
2026-05-13T16:08:08+01:00,2307,5096512,5096512
2026-05-13T16:08:09+01:00,2307,5096512,5096512
2026-05-13T16:08:10+01:00,2307,5096512,5096512
2026-05-13T16:08:11+01:00,2308,5096512,5096512
2026-05-13T16:08:12+01:00,2305,5096512,5096512
2026-05-13T16:08:14+01:00,2305,5096512,5096512
2026-05-13T16:08:15+01:00,2305,5096512,5096512
2026-05-13T16:08:16+01:00,2305,5096512,5096512
2026-05-13T16:08:17+01:00,2306,5117632,5117632
2026-05-13T16:08:18+01:00,2306,5117632,5117632
2026-05-13T16:08:19+01:00,2307,5117632,5117632
2026-05-13T16:08:20+01:00,2304,5117632,5117632
2026-05-13T16:08:22+01:00,2304,5117632,5117632
2026-05-13T16:08:23+01:00,2305,5117632,5117632
2026-05-13T16:08:24+01:00,2306,5117632,5117632
2026-05-13T16:08:25+01:00,2306,5117632,5117632
2026-05-13T16:08:26+01:00,2307,5117632,5117632
2026-05-13T16:08:27+01:00,2308,5117632,5117632
2026-05-13T16:08:28+01:00,2308,5117632,5117632
2026-05-13T16:08:30+01:00,2305,5117632,5117632
2026-05-13T16:08:31+01:00,2306,5117632,5117632
2026-05-13T16:08:32+01:00,2307,5117632,5117632
2026-05-13T16:08:33+01:00,2307,5117632,5117632
2026-05-13T16:08:34+01:00,2308,5117632,5117632
2026-05-13T16:08:35+01:00,2309,5117632,5117632
2026-05-13T16:08:36+01:00,2309,5117632,5117632
2026-05-13T16:08:37+01:00,2306,5117632,5117632
2026-05-13T16:08:39+01:00,2307,5117632,5117632
2026-05-13T16:08:40+01:00,2308,5117632,5117632
2026-05-13T16:08:41+01:00,2308,5117632,5117632
2026-05-13T16:08:42+01:00,2309,5117632,5117632
2026-05-13T16:08:43+01:00,2309,5117632,5117632
2026-05-13T16:08:44+01:00,2310,5117632,5117632
2026-05-13T16:08:45+01:00,2307,5117632,5117632
2026-05-13T16:08:47+01:00,2308,5117632,5117632
2026-05-13T16:08:48+01:00,2308,5117632,5117632
2026-05-13T16:08:49+01:00,2309,5117632,5117632
2026-05-13T16:08:50+01:00,2309,5117632,5117632
2026-05-13T16:08:51+01:00,2310,5117632,5117632
2026-05-13T16:08:52+01:00,2310,5117632,5117632
2026-05-13T16:08:53+01:00,2310,5117632,5117632
2026-05-13T16:08:54+01:00,2308,5117632,5117632
2026-05-13T16:08:56+01:00,2308,5117632,5117632
2026-05-13T16:08:57+01:00,2309,5117632,5117632
2026-05-13T16:08:58+01:00,2309,5117632,5117632
2026-05-13T16:08:59+01:00,2310,5117632,5117632
2026-05-13T16:09:00+01:00,2310,5117632,5117632
2026-05-13T16:09:01+01:00,2311,5117632,5117632
2026-05-13T16:09:03+01:00,2308,5117632,5117632
2026-05-13T16:09:04+01:00,2308,5117632,5117632
2026-05-13T16:09:05+01:00,2309,5117632,5117632
2026-05-13T16:09:06+01:00,2309,5117632,5117632
2026-05-13T16:09:07+01:00,2310,5117632,5117632
2026-05-13T16:09:08+01:00,2310,5117632,5117632
2026-05-13T16:09:09+01:00,2307,5117632,5117632
2026-05-13T16:09:11+01:00,2308,5117632,5117632
2026-05-13T16:09:12+01:00,2308,5117632,5117632
2026-05-13T16:09:13+01:00,2308,5117632,5117632
2026-05-13T16:09:14+01:00,2309,5117632,5117632
2026-05-13T16:09:15+01:00,2309,5117632,5117632
2026-05-13T16:09:16+01:00,2309,5117632,5117632
2026-05-13T16:09:17+01:00,2310,5117632,5117632
2026-05-13T16:09:18+01:00,2307,5117632,5117632
2026-05-13T16:09:20+01:00,2307,5117632,5117632
2026-05-13T16:09:21+01:00,2308,5117632,5117632
2026-05-13T16:09:22+01:00,2308,5117632,5117632
2026-05-13T16:09:23+01:00,2308,5117632,5117632
2026-05-13T16:09:24+01:00,2309,5117632,5117632
2026-05-13T16:09:25+01:00,2309,5117632,5117632
2026-05-13T16:09:26+01:00,2306,5117632,5117632
2026-05-13T16:09:28+01:00,2307,5117632,5117632
2026-05-13T16:09:29+01:00,2307,5117632,5117632
2026-05-13T16:09:30+01:00,2307,5117632,5117632
2026-05-13T16:09:31+01:00,2307,5117632,5117632
2026-05-13T16:09:32+01:00,2308,5117632,5117632
2026-05-13T16:09:33+01:00,2308,5117632,5117632
2026-05-13T16:09:34+01:00,2309,5117632,5117632
2026-05-13T16:09:35+01:00,2306,5117632,5117632
2026-05-13T16:09:37+01:00,2306,5117632,5117632
2026-05-13T16:09:38+01:00,2306,5117632,5117632
2026-05-13T16:09:39+01:00,2307,5117632,5117632
2026-05-13T16:09:40+01:00,2307,5117632,5117632
2026-05-13T16:09:41+01:00,2307,5117632,5117632
2026-05-13T16:09:42+01:00,2307,5117632,5117632
2026-05-13T16:09:43+01:00,2305,5117632,5117632
2026-05-13T16:09:45+01:00,2305,5117632,5117632
2026-05-13T16:09:46+01:00,2305,5117632,5117632
2026-05-13T16:09:47+01:00,2305,5117632,5117632
2026-05-13T16:09:48+01:00,2306,5144832,5144832
2026-05-13T16:09:49+01:00,2306,5159360,5159360
2026-05-13T16:09:50+01:00,2307,5159360,5159360
2026-05-13T16:09:51+01:00,2307,5159360,5159360
2026-05-13T16:09:52+01:00,2305,5159360,5159360
2026-05-13T16:09:54+01:00,2305,5159360,5159360
2026-05-13T16:09:55+01:00,2306,5159360,5159360
2026-05-13T16:09:56+01:00,2306,5159360,5159360
2026-05-13T16:09:57+01:00,2307,5159360,5159360
2026-05-13T16:09:58+01:00,2307,5159360,5159360
2026-05-13T16:09:59+01:00,2308,5159360,5159360
2026-05-13T16:10:00+01:00,2305,5159360,5159360
2026-05-13T16:10:02+01:00,2306,5159360,5159360
2026-05-13T16:10:03+01:00,2306,5159360,5159360
2026-05-13T16:10:04+01:00,2307,5159360,5159360
2026-05-13T16:10:05+01:00,2307,5159360,5159360
2026-05-13T16:10:06+01:00,2308,5159360,5159360
2026-05-13T16:10:07+01:00,2308,5159360,5159360
2026-05-13T16:10:08+01:00,2309,5159360,5159360
2026-05-13T16:10:09+01:00,2306,5159360,5159360
2026-05-13T16:10:11+01:00,2307,5159360,5159360
2026-05-13T16:10:12+01:00,2307,5159360,5159360
2026-05-13T16:10:13+01:00,2308,5159360,5159360
2026-05-13T16:10:14+01:00,2308,5159360,5159360
2026-05-13T16:10:15+01:00,2309,5159360,5159360
2026-05-13T16:10:16+01:00,2309,5159360,5159360
2026-05-13T16:10:17+01:00,2307,5159360,5159360
2026-05-13T16:10:19+01:00,2307,5159360,5159360
2026-05-13T16:10:20+01:00,2308,5159360,5159360
2026-05-13T16:10:21+01:00,2308,5159360,5159360
2026-05-13T16:10:22+01:00,2309,5159360,5159360
2026-05-13T16:10:23+01:00,2309,5159360,5159360
2026-05-13T16:10:24+01:00,2309,5159360,5159360
2026-05-13T16:10:25+01:00,2307,5159360,5159360
2026-05-13T16:10:27+01:00,2307,5159360,5159360
2026-05-13T16:10:28+01:00,2308,5159360,5159360
2026-05-13T16:10:29+01:00,2308,5159360,5159360
2026-05-13T16:10:30+01:00,2309,5159360,5159360
2026-05-13T16:10:31+01:00,2309,5159360,5159360
2026-05-13T16:10:32+01:00,2309,5159360,5159360
2026-05-13T16:10:33+01:00,2310,5159360,5159360
2026-05-13T16:10:34+01:00,2307,5159360,5159360
2026-05-13T16:10:36+01:00,2307,5159360,5159360
2026-05-13T16:10:37+01:00,2308,5159360,5159360
2026-05-13T16:10:38+01:00,2308,5159360,5159360
2026-05-13T16:10:39+01:00,2308,5159360,5159360
2026-05-13T16:10:40+01:00,2309,5159360,5159360
2026-05-13T16:10:41+01:00,2309,5159360,5159360
2026-05-13T16:10:42+01:00,2310,5159360,5159360
2026-05-13T16:10:43+01:00,2307,5159360,5159360
2026-05-13T16:10:45+01:00,2307,5159360,5159360
2026-05-13T16:10:46+01:00,2308,5159360,5159360
2026-05-13T16:10:47+01:00,2308,5159360,5159360
2026-05-13T16:10:48+01:00,2308,5159360,5159360
2026-05-13T16:10:49+01:00,2309,5159360,5159360
2026-05-13T16:10:50+01:00,2309,5159360,5159360
2026-05-13T16:10:51+01:00,2306,5159360,5159360
2026-05-13T16:10:53+01:00,2307,5159360,5159360
2026-05-13T16:10:54+01:00,2307,5159360,5159360
2026-05-13T16:10:55+01:00,2307,5159360,5159360
2026-05-13T16:10:56+01:00,2308,5159360,5159360
2026-05-13T16:10:57+01:00,2308,5159360,5159360
2026-05-13T16:10:58+01:00,2308,5159360,5159360
2026-05-13T16:10:59+01:00,2306,5159360,5159360
2026-05-13T16:11:01+01:00,2306,5159360,5159360
2026-05-13T16:11:02+01:00,2306,5159360,5159360
2026-05-13T16:11:03+01:00,2307,5159360,5159360
2026-05-13T16:11:04+01:00,2307,5187200,5189056
2026-05-13T16:11:05+01:00,2307,5211136,5211136
2026-05-13T16:11:06+01:00,2308,5211136,5211136
2026-05-13T16:11:07+01:00,2308,5211136,5211136
2026-05-13T16:11:08+01:00,2306,5211136,5211136
2026-05-13T16:11:10+01:00,2306,5211136,5211136
2026-05-13T16:11:11+01:00,2307,5211136,5211136
2026-05-13T16:11:12+01:00,2307,5211136,5211136
2026-05-13T16:11:13+01:00,2308,5211136,5211136
2026-05-13T16:11:14+01:00,2308,5211136,5211136
2026-05-13T16:11:15+01:00,2309,5211136,5211136
2026-05-13T16:11:16+01:00,2306,5211136,5211136
2026-05-13T16:11:18+01:00,2307,5211136,5211136
2026-05-13T16:11:19+01:00,2307,5211136,5211136
2026-05-13T16:11:20+01:00,2308,5211136,5211136
2026-05-13T16:11:21+01:00,2308,5211136,5211136
2026-05-13T16:11:22+01:00,2309,5211136,5211136
2026-05-13T16:11:23+01:00,2309,5211136,5211136
2026-05-13T16:11:24+01:00,2307,5211136,5211136
2026-05-13T16:11:26+01:00,2307,5211136,5211136
2026-05-13T16:11:27+01:00,2308,5211136,5211136
2026-05-13T16:11:28+01:00,2308,5211136,5211136
2026-05-13T16:11:29+01:00,2309,5211136,5211136
2026-05-13T16:11:30+01:00,2309,5211136,5211136
2026-05-13T16:11:31+01:00,2310,5211136,5211136
2026-05-13T16:11:32+01:00,2307,5211136,5211136
2026-05-13T16:11:34+01:00,2308,5211136,5211136
2026-05-13T16:11:35+01:00,2308,5211136,5211136
2026-05-13T16:11:36+01:00,2308,5211136,5211136
2026-05-13T16:11:37+01:00,2309,5211136,5211136
2026-05-13T16:11:38+01:00,2309,5211136,5211136
2026-05-13T16:11:39+01:00,2309,5211136,5211136
2026-05-13T16:11:40+01:00,2310,5211136,5211136
2026-05-13T16:11:41+01:00,2307,5211136,5211136
2026-05-13T16:11:43+01:00,2308,5211136,5211136
2026-05-13T16:11:44+01:00,2308,5211136,5211136
2026-05-13T16:11:45+01:00,2309,5211136,5211136
2026-05-13T16:11:46+01:00,2307,5211136,5211136
2026-05-13T16:11:48+01:00,2308,5211136,5211136
2026-05-13T16:11:49+01:00,2309,5211136,5211136
2026-05-13T16:11:50+01:00,2310,5211136,5211136
2026-05-13T16:11:51+01:00,2307,5211136,5211136
2026-05-13T16:11:53+01:00,2307,5211136,5211136
2026-05-13T16:11:54+01:00,2308,5211136,5211136
2026-05-13T16:11:55+01:00,2308,5211136,5211136
2026-05-13T16:11:56+01:00,2308,5211136,5211136
2026-05-13T16:11:57+01:00,2308,5211136,5211136
2026-05-13T16:11:58+01:00,2309,5211136,5211136
2026-05-13T16:11:59+01:00,2309,5211136,5211136
2026-05-13T16:12:00+01:00,2307,5211136,5211136
2026-05-13T16:12:01+01:00,2307,5211136,5211136
2026-05-13T16:12:03+01:00,2307,5211136,5211136
2026-05-13T16:12:04+01:00,2307,5211136,5211136
2026-05-13T16:12:05+01:00,2308,5211136,5211136
2026-05-13T16:12:06+01:00,2308,5211136,5211136
2026-05-13T16:12:07+01:00,2308,5211136,5211136
2026-05-13T16:12:08+01:00,2309,5211136,5211136
2026-05-13T16:12:09+01:00,2306,5211136,5211136
2026-05-13T16:12:11+01:00,2307,5211136,5211136
2026-05-13T16:12:12+01:00,2307,5211136,5211136
2026-05-13T16:12:13+01:00,2307,5211136,5211136
2026-05-13T16:12:14+01:00,2307,5211136,5211136
2026-05-13T16:12:15+01:00,2308,5211136,5211136
2026-05-13T16:12:16+01:00,2308,5211136,5211136
2026-05-13T16:12:17+01:00,2306,5211136,5211136
2026-05-13T16:12:19+01:00,2306,5211136,5211136
2026-05-13T16:12:20+01:00,2306,5211136,5211136
2026-05-13T16:12:21+01:00,2306,5211136,5211136
2026-05-13T16:12:22+01:00,2306,5211136,5211136
2026-05-13T16:12:23+01:00,2307,5211136,5211136
2026-05-13T16:12:24+01:00,2307,5211136,5211136
2026-05-13T16:12:25+01:00,2305,5211136,5211136
2026-05-13T16:12:27+01:00,2305,5211136,5211136
2026-05-13T16:12:28+01:00,2305,5211136,5211136
2026-05-13T16:12:29+01:00,2305,5211136,5211136
2026-05-13T16:12:30+01:00,2305,5211136,5211136
2026-05-13T16:12:31+01:00,2306,5211136,5211136
2026-05-13T16:12:32+01:00,2306,5211136,5211136
2026-05-13T16:12:33+01:00,2304,5211136,5211136
2026-05-13T16:12:35+01:00,2304,5211136,5211136
2026-05-13T16:12:36+01:00,2304,5211136,5211136
2026-05-13T16:12:37+01:00,2304,5211136,5211136
2026-05-13T16:12:38+01:00,2304,5211136,5211136
2026-05-13T16:12:39+01:00,2305,5211136,5211136
2026-05-13T16:12:40+01:00,2305,5211136,5211136
2026-05-13T16:12:41+01:00,2305,5211136,5211136
2026-05-13T16:12:42+01:00,2303,5211136,5211136
2026-05-13T16:12:44+01:00,2303,5211136,5211136
2026-05-13T16:12:45+01:00,2303,5211136,5211136
2026-05-13T16:12:46+01:00,2303,5211136,5211136
2026-05-13T16:12:47+01:00,2303,5211136,5211136
2026-05-13T16:12:48+01:00,2303,5211136,5211136
2026-05-13T16:12:49+01:00,2304,5211136,5211136
2026-05-13T16:12:50+01:00,2301,5211136,5211136
2026-05-13T16:12:52+01:00,2301,5211136,5211136
2026-05-13T16:12:53+01:00,2302,5211136,5211136
2026-05-13T16:12:54+01:00,2302,5211136,5211136
2026-05-13T16:12:55+01:00,2302,5211136,5211136
2026-05-13T16:12:56+01:00,2302,5211136,5211136
2026-05-13T16:12:57+01:00,2302,5211136,5211136
2026-05-13T16:12:58+01:00,2300,5211136,5211136
2026-05-13T16:13:00+01:00,2300,5211136,5211136
2026-05-13T16:13:01+01:00,2300,5211136,5211136
2026-05-13T16:13:02+01:00,2301,5211136,5211136
2026-05-13T16:13:03+01:00,2301,5211136,5211136
2026-05-13T16:13:04+01:00,2301,5211136,5211136
2026-05-13T16:13:05+01:00,2301,5211136,5211136
2026-05-13T16:13:06+01:00,2301,5211136,5211136
2026-05-13T16:13:07+01:00,2299,5211136,5211136
2026-05-13T16:13:09+01:00,2299,5211136,5211136
2026-05-13T16:13:10+01:00,2299,5211136,5211136
2026-05-13T16:13:11+01:00,2299,5211136,5211136
2026-05-13T16:13:12+01:00,2300,5211136,5211136
2026-05-13T16:13:13+01:00,2300,5211136,5211136
2026-05-13T16:13:14+01:00,2300,5239104,5239104
2026-05-13T16:13:16+01:00,2298,5239104,5239104
2026-05-13T16:13:17+01:00,2298,5239104,5239104
2026-05-13T16:13:18+01:00,2299,5239104,5239104
2026-05-13T16:13:19+01:00,2299,5239104,5239104
2026-05-13T16:13:20+01:00,2299,5239104,5239104
2026-05-13T16:13:21+01:00,2300,5239104,5239104
2026-05-13T16:13:22+01:00,2300,5239104,5239104
2026-05-13T16:13:23+01:00,2298,5239104,5239104
2026-05-13T16:13:25+01:00,2299,5239104,5239104
2026-05-13T16:13:26+01:00,2299,5239104,5239104
2026-05-13T16:13:27+01:00,2299,5239104,5239104
2026-05-13T16:13:28+01:00,2300,5239104,5239104
2026-05-13T16:13:29+01:00,2300,5239104,5239104
2026-05-13T16:13:30+01:00,2300,5239104,5239104
2026-05-13T16:13:31+01:00,2301,5239104,5239104
2026-05-13T16:13:32+01:00,2299,5239104,5239104
2026-05-13T16:13:34+01:00,2299,5239104,5239104
2026-05-13T16:13:35+01:00,2300,5239104,5239104
2026-05-13T16:13:36+01:00,2300,5239104,5239104
2026-05-13T16:13:37+01:00,2300,5239104,5239104
2026-05-13T16:13:38+01:00,2301,5239104,5239104
2026-05-13T16:13:39+01:00,2301,5239104,5239104
2026-05-13T16:13:40+01:00,2299,5239104,5239104
2026-05-13T16:13:42+01:00,2300,5239104,5239104
2026-05-13T16:13:43+01:00,2300,5239104,5239104
2026-05-13T16:13:44+01:00,2300,5239104,5239104
2026-05-13T16:13:45+01:00,2301,5239104,5239104
2026-05-13T16:13:46+01:00,2301,5239104,5239104
2026-05-13T16:13:47+01:00,2301,5239104,5239104
2026-05-13T16:13:48+01:00,2299,5239104,5239104
2026-05-13T16:13:50+01:00,2300,5239104,5239104
2026-05-13T16:13:51+01:00,2300,5239104,5239104
2026-05-13T16:13:52+01:00,2300,5239104,5239104
2026-05-13T16:13:53+01:00,2301,5239104,5239104
2026-05-13T16:13:54+01:00,2301,5239104,5239104
2026-05-13T16:13:55+01:00,2301,5239104,5239104
2026-05-13T16:13:56+01:00,2299,5239104,5239104
2026-05-13T16:13:58+01:00,2300,5239104,5239104
2026-05-13T16:13:59+01:00,2300,5239104,5239104
2026-05-13T16:14:00+01:00,2300,5239104,5239104
2026-05-13T16:14:01+01:00,2301,5239104,5239104
2026-05-13T16:14:02+01:00,2301,5239104,5239104
2026-05-13T16:14:03+01:00,2301,5239104,5239104
2026-05-13T16:14:04+01:00,2301,5239104,5239104
2026-05-13T16:14:06+01:00,2299,5239104,5239104
2026-05-13T16:14:07+01:00,2300,5239104,5239104
2026-05-13T16:14:08+01:00,2300,5239104,5239104
2026-05-13T16:14:09+01:00,2300,5239104,5239104
2026-05-13T16:14:10+01:00,2300,5239104,5239104
2026-05-13T16:14:11+01:00,2301,5239104,5239104
2026-05-13T16:14:12+01:00,2301,5239104,5239104
2026-05-13T16:14:13+01:00,2299,5239104,5239104
2026-05-13T16:14:15+01:00,2299,5239104,5239104
2026-05-13T16:14:16+01:00,2299,5239104,5239104
2026-05-13T16:14:17+01:00,2300,5239104,5239104
2026-05-13T16:14:18+01:00,2300,5239104,5239104
2026-05-13T16:14:19+01:00,2300,5239104,5239104
2026-05-13T16:14:20+01:00,2300,5239104,5239104
2026-05-13T16:14:21+01:00,2298,5239104,5239104
2026-05-13T16:14:23+01:00,2299,5239104,5239104
2026-05-13T16:14:24+01:00,2299,5239104,5239104
2026-05-13T16:14:25+01:00,2299,5239104,5239104
2026-05-13T16:14:26+01:00,2299,5239104,5239104
2026-05-13T16:14:27+01:00,2300,5239104,5239104
2026-05-13T16:14:28+01:00,2300,5239104,5239104
2026-05-13T16:14:29+01:00,2298,5239104,5239104
2026-05-13T16:14:31+01:00,2298,5239104,5239104
2026-05-13T16:14:32+01:00,2298,5239104,5239104
2026-05-13T16:14:33+01:00,2299,5239104,5239104
2026-05-13T16:14:34+01:00,2299,5239104,5239104
2026-05-13T16:14:35+01:00,2299,5239104,5239104
2026-05-13T16:14:36+01:00,2299,5239104,5239104
2026-05-13T16:14:37+01:00,2297,5239104,5239104
2026-05-13T16:14:39+01:00,2298,5239104,5239104
2026-05-13T16:14:40+01:00,2298,5239104,5239104
2026-05-13T16:14:41+01:00,2298,5239104,5239104
2026-05-13T16:14:42+01:00,2298,5239104,5239104
2026-05-13T16:14:43+01:00,2298,5239104,5239104
2026-05-13T16:14:44+01:00,2298,5239104,5239104
2026-05-13T16:14:45+01:00,2296,5239104,5239104
2026-05-13T16:14:47+01:00,2297,5239104,5239104
2026-05-13T16:14:48+01:00,2297,5239104,5239104
2026-05-13T16:14:49+01:00,2297,5239104,5239104
2026-05-13T16:14:50+01:00,2297,5239104,5239104
2026-05-13T16:14:51+01:00,2297,5239104,5239104
2026-05-13T16:14:52+01:00,2298,5239104,5239104
2026-05-13T16:14:53+01:00,2298,5239104,5239104
2026-05-13T16:14:54+01:00,2296,5239104,5239104
2026-05-13T16:14:56+01:00,2296,5239104,5239104
2026-05-13T16:14:57+01:00,2296,5239104,5239104
2026-05-13T16:14:58+01:00,2296,5239104,5239104
2026-05-13T16:14:59+01:00,2296,5239104,5239104
2026-05-13T16:15:00+01:00,2297,5239104,5239104
2026-05-13T16:15:01+01:00,2297,5239104,5239104
2026-05-13T16:15:02+01:00,2295,5239104,5239104
2026-05-13T16:15:04+01:00,2295,5239104,5239104
2026-05-13T16:15:05+01:00,2295,5239104,5239104
2026-05-13T16:15:06+01:00,2295,5239104,5239104
2026-05-13T16:15:07+01:00,2295,5239104,5239104
2026-05-13T16:15:08+01:00,2296,5239104,5239104
2026-05-13T16:15:09+01:00,2296,5239104,5239104
2026-05-13T16:15:10+01:00,2294,5239104,5239104
2026-05-13T16:15:12+01:00,2294,5239104,5239104
2026-05-13T16:15:13+01:00,2294,5239104,5239104
2026-05-13T16:15:14+01:00,2294,5239104,5239104
2026-05-13T16:15:15+01:00,2294,5239104,5239104
2026-05-13T16:15:16+01:00,2294,5264448,5264448
2026-05-13T16:15:17+01:00,2295,5264448,5264448
2026-05-13T16:15:18+01:00,2295,5264448,5264448
2026-05-13T16:15:19+01:00,2293,5264448,5264448
2026-05-13T16:15:21+01:00,2294,5264448,5264448
2026-05-13T16:15:22+01:00,2294,5264448,5264448
2026-05-13T16:15:23+01:00,2294,5264448,5264448
2026-05-13T16:15:24+01:00,2295,5264448,5264448
2026-05-13T16:15:25+01:00,2295,5264448,5264448
2026-05-13T16:15:26+01:00,2295,5264448,5264448
2026-05-13T16:15:27+01:00,2294,5264448,5264448
2026-05-13T16:15:29+01:00,2294,5264448,5264448
2026-05-13T16:15:30+01:00,2294,5264448,5264448
2026-05-13T16:15:31+01:00,2295,5264448,5264448
2026-05-13T16:15:32+01:00,2295,5264448,5264448
2026-05-13T16:15:33+01:00,2295,5264448,5264448
2026-05-13T16:15:34+01:00,2296,5264448,5264448
2026-05-13T16:15:35+01:00,2296,5264448,5264448
2026-05-13T16:15:36+01:00,2294,5264448,5264448
2026-05-13T16:15:38+01:00,2295,5264448,5264448
2026-05-13T16:15:39+01:00,2295,5264448,5264448
2026-05-13T16:15:40+01:00,2295,5264448,5264448
2026-05-13T16:15:41+01:00,2296,5264448,5264448
2026-05-13T16:15:42+01:00,2296,5264448,5264448
2026-05-13T16:15:43+01:00,2296,5264448,5264448
2026-05-13T16:15:44+01:00,2294,5264448,5264448
2026-05-13T16:15:46+01:00,2295,5264448,5264448
2026-05-13T16:15:47+01:00,2295,5264448,5264448
2026-05-13T16:15:48+01:00,2295,5264448,5264448
2026-05-13T16:15:49+01:00,2296,5264448,5264448
2026-05-13T16:15:50+01:00,2296,5264448,5264448
2026-05-13T16:15:51+01:00,2296,5264448,5264448
2026-05-13T16:15:52+01:00,2297,5264448,5264448
2026-05-13T16:15:53+01:00,2295,5264448,5264448
2026-05-13T16:15:55+01:00,2295,5264448,5264448
2026-05-13T16:15:56+01:00,2295,5264448,5264448
2026-05-13T16:15:57+01:00,2296,5264448,5264448
2026-05-13T16:15:58+01:00,2296,5264448,5264448
2026-05-13T16:15:59+01:00,2296,5264448,5264448
2026-05-13T16:16:00+01:00,2297,5264448,5264448
2026-05-13T16:16:01+01:00,2295,5264448,5264448
2026-05-13T16:16:03+01:00,2295,5264448,5264448
2026-05-13T16:16:04+01:00,2295,5264448,5264448
2026-05-13T16:16:05+01:00,2295,5264448,5264448
2026-05-13T16:16:06+01:00,2296,5264448,5264448
2026-05-13T16:16:07+01:00,2296,5264448,5264448
2026-05-13T16:16:08+01:00,2296,5264448,5264448
2026-05-13T16:16:09+01:00,2296,5264448,5264448
2026-05-13T16:16:11+01:00,2295,5264448,5264448
2026-05-13T16:16:12+01:00,2295,5264448,5264448
2026-05-13T16:16:13+01:00,2295,5264448,5264448
2026-05-13T16:16:14+01:00,2295,5264448,5264448
2026-05-13T16:16:15+01:00,2296,5264448,5264448
2026-05-13T16:16:16+01:00,2296,5264448,5264448
2026-05-13T16:16:17+01:00,2296,5264448,5264448
2026-05-13T16:16:18+01:00,2294,5264448,5264448
2026-05-13T16:16:20+01:00,2294,5264448,5264448
2026-05-13T16:16:21+01:00,2295,5264448,5264448
2026-05-13T16:16:22+01:00,2295,5264448,5264448
2026-05-13T16:16:23+01:00,2295,5264448,5264448
2026-05-13T16:16:24+01:00,2295,5264448,5264448
2026-05-13T16:16:25+01:00,2295,5264448,5264448
2026-05-13T16:16:26+01:00,2295,5264448,5264448
2026-05-13T16:16:27+01:00,2296,5264448,5264448
2026-05-13T16:16:28+01:00,2294,5264448,5264448
2026-05-13T16:16:30+01:00,2294,5264448,5264448
2026-05-13T16:16:31+01:00,2294,5264448,5264448
2026-05-13T16:16:32+01:00,2294,5264448,5264448
2026-05-13T16:16:33+01:00,2294,5264448,5264448
2026-05-13T16:16:34+01:00,2295,5264448,5264448
2026-05-13T16:16:35+01:00,2295,5264448,5264448
2026-05-13T16:16:36+01:00,2295,5264448,5264448
2026-05-13T16:16:37+01:00,2295,5264448,5264448
2026-05-13T16:16:38+01:00,2293,5264448,5264448
2026-05-13T16:16:40+01:00,2293,5264448,5264448
2026-05-13T16:16:41+01:00,2293,5264448,5264448
2026-05-13T16:16:42+01:00,2294,5264448,5264448
2026-05-13T16:16:43+01:00,2294,5264448,5264448
2026-05-13T16:16:44+01:00,2294,5264448,5264448
2026-05-13T16:16:45+01:00,2294,5264448,5264448
2026-05-13T16:16:46+01:00,2294,5264448,5264448
2026-05-13T16:16:47+01:00,2292,5264448,5264448
2026-05-13T16:16:48+01:00,2292,5264448,5264448
2026-05-13T16:16:50+01:00,2293,5264448,5264448
2026-05-13T16:16:51+01:00,2293,5264448,5264448
2026-05-13T16:16:52+01:00,2293,5264448,5264448
2026-05-13T16:16:53+01:00,2293,5264448,5264448
2026-05-13T16:16:54+01:00,2293,5264448,5264448
2026-05-13T16:16:55+01:00,2293,5264448,5264448
2026-05-13T16:16:56+01:00,2293,5264448,5264448
2026-05-13T16:16:57+01:00,2291,5264448,5264448
2026-05-13T16:16:59+01:00,2292,5264448,5264448
2026-05-13T16:17:00+01:00,2292,5264448,5264448
2026-05-13T16:17:01+01:00,2292,5264448,5264448
2026-05-13T16:17:02+01:00,2292,5264448,5264448
2026-05-13T16:17:03+01:00,2292,5264448,5264448
2026-05-13T16:17:04+01:00,2292,5264448,5264448
2026-05-13T16:17:05+01:00,2292,5264448,5264448
2026-05-13T16:17:06+01:00,2292,5264448,5264448
2026-05-13T16:17:07+01:00,2290,5264448,5264448
2026-05-13T16:17:09+01:00,2291,5264448,5264448
2026-05-13T16:17:10+01:00,2291,5264448,5264448
2026-05-13T16:17:11+01:00,2291,5264448,5264448
2026-05-13T16:17:12+01:00,2291,5264448,5264448
2026-05-13T16:17:13+01:00,2291,5264448,5264448
2026-05-13T16:17:14+01:00,2291,5289792,5289792
2026-05-13T16:17:15+01:00,2291,5289792,5289792
2026-05-13T16:17:16+01:00,2292,5289792,5289792
2026-05-13T16:17:17+01:00,2290,5289792,5289792
2026-05-13T16:17:19+01:00,2290,5289792,5289792
2026-05-13T16:17:20+01:00,2291,5289792,5289792
2026-05-13T16:17:21+01:00,2291,5289792,5289792
2026-05-13T16:17:22+01:00,2291,5289792,5289792
2026-05-13T16:17:23+01:00,2291,5289792,5289792
2026-05-13T16:17:24+01:00,2292,5289792,5289792
2026-05-13T16:17:25+01:00,2292,5289792,5289792
2026-05-13T16:17:26+01:00,2292,5289792,5289792
2026-05-13T16:17:27+01:00,2291,5289792,5289792
2026-05-13T16:17:29+01:00,2291,5289792,5289792
2026-05-13T16:17:30+01:00,2291,5289792,5289792
2026-05-13T16:17:31+01:00,2292,5289792,5289792
2026-05-13T16:17:32+01:00,2292,5289792,5289792
2026-05-13T16:17:33+01:00,2292,5289792,5289792
2026-05-13T16:17:34+01:00,2292,5289792,5289792
2026-05-13T16:17:35+01:00,2293,5289792,5289792
2026-05-13T16:17:36+01:00,2293,5289792,5289792
2026-05-13T16:17:37+01:00,2291,5289792,5289792
2026-05-13T16:17:39+01:00,2292,5289792,5289792
2026-05-13T16:17:40+01:00,2292,5289792,5289792
2026-05-13T16:17:41+01:00,2292,5289792,5289792
2026-05-13T16:17:42+01:00,2292,5289792,5289792
2026-05-13T16:17:43+01:00,2293,5289792,5289792
2026-05-13T16:17:44+01:00,2293,5289792,5289792
2026-05-13T16:17:45+01:00,2293,5289792,5289792
2026-05-13T16:17:46+01:00,2292,5289792,5289792
2026-05-13T16:17:48+01:00,2292,5289792,5289792
2026-05-13T16:17:49+01:00,2292,5289792,5289792
2026-05-13T16:17:50+01:00,2292,5289792,5289792
2026-05-13T16:17:51+01:00,2292,5289792,5289792
2026-05-13T16:17:52+01:00,2293,5289792,5289792
2026-05-13T16:17:53+01:00,2293,5289792,5289792
2026-05-13T16:17:54+01:00,2293,5289792,5289792
2026-05-13T16:17:55+01:00,2293,5289792,5289792
2026-05-13T16:17:56+01:00,2292,5289792,5289792
2026-05-13T16:17:58+01:00,2292,5289792,5289792
2026-05-13T16:17:59+01:00,2293,5289792,5289792
2026-05-13T16:18:00+01:00,2292,5289792,5289792
2026-05-13T16:18:02+01:00,2293,5289792,5289792
2026-05-13T16:18:03+01:00,2293,5289792,5289792
2026-05-13T16:18:05+01:00,2292,5289792,5289792
2026-05-13T16:18:06+01:00,2292,5289792,5289792
2026-05-13T16:18:07+01:00,2293,5289792,5289792
2026-05-13T16:18:08+01:00,2293,5289792,5289792
2026-05-13T16:18:09+01:00,2293,5289792,5289792
2026-05-13T16:18:10+01:00,2293,5289792,5289792
2026-05-13T16:18:11+01:00,2292,5289792,5289792
2026-05-13T16:18:13+01:00,2292,5289792,5289792
2026-05-13T16:18:14+01:00,2292,5289792,5289792
2026-05-13T16:18:15+01:00,2292,5289792,5289792
2026-05-13T16:18:16+01:00,2293,5289792,5289792
2026-05-13T16:18:17+01:00,2293,5289792,5289792
2026-05-13T16:18:18+01:00,2293,5289792,5289792
2026-05-13T16:18:19+01:00,2291,5289792,5289792
2026-05-13T16:18:21+01:00,2292,5289792,5289792
2026-05-13T16:18:22+01:00,2292,5289792,5289792
2026-05-13T16:18:23+01:00,2292,5289792,5289792
2026-05-13T16:18:24+01:00,2292,5289792,5289792
2026-05-13T16:18:25+01:00,2292,5289792,5289792
2026-05-13T16:18:26+01:00,2292,5289792,5289792
2026-05-13T16:18:27+01:00,2293,5289792,5289792
2026-05-13T16:18:28+01:00,2291,5289792,5289792
2026-05-13T16:18:30+01:00,2291,5289792,5289792
2026-05-13T16:18:31+01:00,2291,5289792,5289792
2026-05-13T16:18:32+01:00,2291,5289792,5289792
2026-05-13T16:18:33+01:00,2292,5289792,5289792
2026-05-13T16:18:34+01:00,2292,5289792,5289792
2026-05-13T16:18:35+01:00,2292,5289792,5289792
2026-05-13T16:18:36+01:00,2292,5289792,5289792
2026-05-13T16:18:37+01:00,2290,5289792,5289792
2026-05-13T16:18:39+01:00,2291,5289792,5289792
2026-05-13T16:18:40+01:00,2291,5289792,5289792
2026-05-13T16:18:41+01:00,2291,5289792,5289792
2026-05-13T16:18:42+01:00,2291,5289792,5289792
2026-05-13T16:18:43+01:00,2291,5289792,5289792
2026-05-13T16:18:44+01:00,2291,5289792,5289792
2026-05-13T16:18:45+01:00,2291,5289792,5289792
2026-05-13T16:18:47+01:00,2290,5289792,5289792
2026-05-13T16:18:48+01:00,2290,5289792,5289792
2026-05-13T16:18:49+01:00,2290,5289792,5289792
2026-05-13T16:18:50+01:00,2290,5289792,5289792
2026-05-13T16:18:51+01:00,2290,5289792,5289792
2026-05-13T16:18:52+01:00,2291,5289792,5289792
2026-05-13T16:18:53+01:00,2291,5289792,5289792
2026-05-13T16:18:54+01:00,2291,5289792,5289792
2026-05-13T16:18:55+01:00,2289,5289792,5289792
2026-05-13T16:18:57+01:00,2289,5289792,5289792
2026-05-13T16:18:58+01:00,2289,5289792,5289792
2026-05-13T16:18:59+01:00,2289,5289792,5289792
2026-05-13T16:19:00+01:00,2289,5289792,5289792
2026-05-13T16:19:01+01:00,2290,5289792,5289792
2026-05-13T16:19:02+01:00,2290,5289792,5289792
2026-05-13T16:19:03+01:00,2290,5289792,5289792
2026-05-13T16:19:04+01:00,2288,5289792,5289792
2026-05-13T16:19:06+01:00,2288,5289792,5289792
2026-05-13T16:19:07+01:00,2288,5289792,5289792
2026-05-13T16:19:08+01:00,2288,5289792,5289792
2026-05-13T16:19:09+01:00,2288,5289792,5289792
2026-05-13T16:19:10+01:00,2289,5319360,5319360
2026-05-13T16:19:11+01:00,2289,5319360,5319360
2026-05-13T16:19:12+01:00,2289,5319360,5319360
2026-05-13T16:19:13+01:00,2289,5319360,5319360
2026-05-13T16:19:14+01:00,2288,5319360,5319360
2026-05-13T16:19:16+01:00,2288,5319360,5319360
2026-05-13T16:19:17+01:00,2289,5319360,5319360
2026-05-13T16:19:18+01:00,2289,5319360,5319360
2026-05-13T16:19:19+01:00,2289,5319360,5319360
2026-05-13T16:19:20+01:00,2289,5319360,5319360
2026-05-13T16:19:21+01:00,2290,5319360,5319360
2026-05-13T16:19:22+01:00,2290,5319360,5319360
2026-05-13T16:19:23+01:00,2290,5319360,5319360
2026-05-13T16:19:24+01:00,2289,5319360,5319360
2026-05-13T16:19:26+01:00,2289,5319360,5319360
2026-05-13T16:19:27+01:00,2289,5319360,5319360
2026-05-13T16:19:28+01:00,2290,5319360,5319360
2026-05-13T16:19:29+01:00,2290,5319360,5319360
2026-05-13T16:19:30+01:00,2290,5319360,5319360
2026-05-13T16:19:31+01:00,2290,5319360,5319360
2026-05-13T16:19:32+01:00,2291,5319360,5319360
2026-05-13T16:19:33+01:00,2291,5319360,5319360
2026-05-13T16:19:34+01:00,2290,5319360,5319360
2026-05-13T16:19:36+01:00,2290,5319360,5319360
2026-05-13T16:19:37+01:00,2290,5319360,5319360
2026-05-13T16:19:38+01:00,2290,5319360,5319360
2026-05-13T16:19:39+01:00,2291,5319360,5319360
2026-05-13T16:19:40+01:00,2291,5319360,5319360
2026-05-13T16:19:41+01:00,2291,5319360,5319360
2026-05-13T16:19:42+01:00,2291,5319360,5319360
2026-05-13T16:19:43+01:00,2290,5319360,5319360
2026-05-13T16:19:45+01:00,2290,5319360,5319360
2026-05-13T16:19:46+01:00,2290,5319360,5319360
2026-05-13T16:19:47+01:00,2291,5319360,5319360
2026-05-13T16:19:48+01:00,2291,5319360,5319360
2026-05-13T16:19:49+01:00,2291,5319360,5319360
2026-05-13T16:19:50+01:00,2292,5319360,5319360
2026-05-13T16:19:51+01:00,2292,5319360,5319360
2026-05-13T16:19:52+01:00,2292,5319360,5319360
2026-05-13T16:19:53+01:00,2291,5319360,5319360
2026-05-13T16:19:55+01:00,2291,5319360,5319360
2026-05-13T16:19:56+01:00,2291,5319360,5319360
2026-05-13T16:19:57+01:00,2292,5319360,5319360
2026-05-13T16:19:58+01:00,2292,5319360,5319360
2026-05-13T16:19:59+01:00,2292,5319360,5319360
2026-05-13T16:20:00+01:00,2292,5319360,5319360
2026-05-13T16:20:01+01:00,2293,5319360,5319360
2026-05-13T16:20:02+01:00,2293,5319360,5319360
2026-05-13T16:20:03+01:00,2292,5319360,5319360
2026-05-13T16:20:05+01:00,2292,5319360,5319360
2026-05-13T16:20:06+01:00,2292,5319360,5319360
2026-05-13T16:20:07+01:00,2292,5319360,5319360
2026-05-13T16:20:08+01:00,2293,5319360,5319360
2026-05-13T16:20:09+01:00,2293,5319360,5319360
2026-05-13T16:20:10+01:00,2293,5319360,5319360
2026-05-13T16:20:11+01:00,2293,5319360,5319360
2026-05-13T16:20:12+01:00,2292,5319360,5319360
2026-05-13T16:20:14+01:00,2292,5319360,5319360
2026-05-13T16:20:15+01:00,2292,5319360,5319360
2026-05-13T16:20:16+01:00,2293,5319360,5319360
2026-05-13T16:20:17+01:00,2293,5319360,5319360
2026-05-13T16:20:18+01:00,2293,5319360,5319360
2026-05-13T16:20:19+01:00,2293,5319360,5319360
2026-05-13T16:20:20+01:00,2293,5319360,5319360
2026-05-13T16:20:21+01:00,2294,5319360,5319360
2026-05-13T16:20:22+01:00,2292,5319360,5319360
2026-05-13T16:20:24+01:00,2292,5319360,5319360
2026-05-13T16:20:25+01:00,2293,5319360,5319360
2026-05-13T16:20:26+01:00,2293,5319360,5319360
2026-05-13T16:20:27+01:00,2293,5319360,5319360
2026-05-13T16:20:28+01:00,2293,5319360,5319360
2026-05-13T16:20:29+01:00,2293,5319360,5319360
2026-05-13T16:20:30+01:00,2294,5319360,5319360
2026-05-13T16:20:31+01:00,2294,5319360,5319360
2026-05-13T16:20:32+01:00,2292,5319360,5319360
2026-05-13T16:20:34+01:00,2292,5319360,5319360
2026-05-13T16:20:35+01:00,2293,5319360,5319360
2026-05-13T16:20:36+01:00,2293,5319360,5319360
2026-05-13T16:20:37+01:00,2293,5319360,5319360
2026-05-13T16:20:38+01:00,2293,5319360,5319360
2026-05-13T16:20:39+01:00,2293,5319360,5319360
2026-05-13T16:20:40+01:00,2294,5319360,5319360
2026-05-13T16:20:41+01:00,2294,5319360,5319360
2026-05-13T16:20:43+01:00,2292,5319360,5319360
2026-05-13T16:20:44+01:00,2292,5319360,5319360
2026-05-13T16:20:45+01:00,2293,5319360,5319360
2026-05-13T16:20:46+01:00,2293,5319360,5319360
2026-05-13T16:20:47+01:00,2293,5319360,5319360
2026-05-13T16:20:48+01:00,2293,5319360,5319360
2026-05-13T16:20:49+01:00,2293,5319360,5319360
2026-05-13T16:20:50+01:00,2293,5319360,5319360
2026-05-13T16:20:51+01:00,2292,5319360,5319360
2026-05-13T16:20:53+01:00,2292,5319360,5319360
2026-05-13T16:20:54+01:00,2292,5319360,5319360
2026-05-13T16:20:55+01:00,2292,5319360,5319360
2026-05-13T16:20:56+01:00,2292,5319360,5319360
2026-05-13T16:20:57+01:00,2293,5319360,5319360
2026-05-13T16:20:58+01:00,2293,5319360,5319360
2026-05-13T16:20:59+01:00,2293,5319360,5319360
2026-05-13T16:21:00+01:00,2293,5319360,5319360
2026-05-13T16:21:01+01:00,2291,5319360,5319360
2026-05-13T16:21:03+01:00,2292,5319360,5319360
2026-05-13T16:21:04+01:00,2292,5319360,5319360
2026-05-13T16:21:05+01:00,2292,5319360,5319360
2026-05-13T16:21:06+01:00,2292,5319360,5319360
2026-05-13T16:21:07+01:00,2292,5319360,5319360
2026-05-13T16:21:08+01:00,2292,5319360,5319360
2026-05-13T16:21:09+01:00,2293,5319360,5319360
2026-05-13T16:21:10+01:00,2293,5319360,5319360
2026-05-13T16:21:11+01:00,2292,5319360,5319360
2026-05-13T16:21:13+01:00,2292,5319360,5319360
2026-05-13T16:21:14+01:00,2292,5319360,5319360
2026-05-13T16:21:15+01:00,2292,5319360,5319360
2026-05-13T16:21:16+01:00,2293,5319360,5319360
2026-05-13T16:21:17+01:00,2293,5319360,5319360
2026-05-13T16:21:18+01:00,2293,5319360,5319360
2026-05-13T16:21:19+01:00,2293,5319360,5319360
2026-05-13T16:21:20+01:00,2292,5319360,5319360
2026-05-13T16:21:22+01:00,2292,5319360,5319360
2026-05-13T16:21:23+01:00,2293,5319360,5319360
2026-05-13T16:21:24+01:00,2293,5319360,5319360
2026-05-13T16:21:25+01:00,2293,5319360,5319360
2026-05-13T16:21:26+01:00,2293,5319360,5319360
2026-05-13T16:21:27+01:00,2294,5319360,5319360
2026-05-13T16:21:28+01:00,2294,5319360,5319360
2026-05-13T16:21:29+01:00,2294,5319360,5319360
2026-05-13T16:21:30+01:00,2293,5319360,5319360
2026-05-13T16:21:32+01:00,2293,5319360,5319360
2026-05-13T16:21:33+01:00,2293,5319360,5319360
2026-05-13T16:21:34+01:00,2293,5319360,5319360
2026-05-13T16:21:35+01:00,2294,5319360,5319360
2026-05-13T16:21:36+01:00,2294,5319360,5319360
2026-05-13T16:21:37+01:00,2294,5319360,5319360
2026-05-13T16:21:38+01:00,2294,5319360,5319360
2026-05-13T16:21:39+01:00,2293,5319360,5319360
2026-05-13T16:21:41+01:00,2294,5319360,5319360
2026-05-13T16:21:42+01:00,2294,5319360,5319360
2026-05-13T16:21:43+01:00,2294,5319360,5319360
2026-05-13T16:21:44+01:00,2294,5319360,5319360
2026-05-13T16:21:45+01:00,2294,5319360,5319360
2026-05-13T16:21:46+01:00,2295,5319360,5319360
2026-05-13T16:21:47+01:00,2295,5319360,5319360
2026-05-13T16:21:48+01:00,2293,5319360,5319360
2026-05-13T16:21:50+01:00,2294,5319360,5319360
2026-05-13T16:21:51+01:00,2294,5319360,5319360
2026-05-13T16:21:52+01:00,2294,5319360,5319360
2026-05-13T16:21:53+01:00,2294,5319360,5319360
2026-05-13T16:21:54+01:00,2295,5319360,5319360
2026-05-13T16:21:55+01:00,2295,5319360,5319360
2026-05-13T16:21:56+01:00,2293,5319360,5319360
2026-05-13T16:21:58+01:00,2294,5319360,5319360
2026-05-13T16:21:59+01:00,2294,5319360,5319360
2026-05-13T16:22:00+01:00,2294,5319360,5319360
2026-05-13T16:22:01+01:00,2294,5319360,5319360
2026-05-13T16:22:02+01:00,2294,5319360,5319360
2026-05-13T16:22:03+01:00,2294,5319360,5319360
2026-05-13T16:22:04+01:00,2295,5319360,5319360
2026-05-13T16:22:05+01:00,2295,5319360,5319360
2026-05-13T16:22:06+01:00,2293,5319360,5319360
2026-05-13T16:22:08+01:00,2293,5319360,5319360
2026-05-13T16:22:09+01:00,2294,5319360,5319360
2026-05-13T16:22:10+01:00,2294,5319360,5319360
2026-05-13T16:22:11+01:00,2294,5319360,5319360
2026-05-13T16:22:12+01:00,2294,5319360,5319360
2026-05-13T16:22:13+01:00,2294,5319360,5319360
2026-05-13T16:22:14+01:00,2294,5319360,5319360
2026-05-13T16:22:15+01:00,2294,5319360,5319360
2026-05-13T16:22:16+01:00,2293,5319360,5319360
2026-05-13T16:22:18+01:00,2293,5319360,5319360
2026-05-13T16:22:19+01:00,2293,5319360,5319360
2026-05-13T16:22:20+01:00,2293,5319360,5319360
2026-05-13T16:22:21+01:00,2294,5319360,5319360
2026-05-13T16:22:22+01:00,2294,5319360,5319360
2026-05-13T16:22:23+01:00,2294,5319360,5319360
2026-05-13T16:22:24+01:00,2294,5319360,5319360
2026-05-13T16:22:25+01:00,2294,5319360,5319360
2026-05-13T16:22:26+01:00,2293,5319360,5319360
2026-05-13T16:22:28+01:00,2293,5319360,5319360
2026-05-13T16:22:29+01:00,2293,5319360,5319360
2026-05-13T16:22:30+01:00,2293,5319360,5319360
2026-05-13T16:22:31+01:00,2293,5319360,5319360
2026-05-13T16:22:32+01:00,2293,5319360,5319360
2026-05-13T16:22:33+01:00,2294,5319360,5319360
2026-05-13T16:22:34+01:00,2294,5319360,5319360
2026-05-13T16:22:35+01:00,2294,5319360,5319360
2026-05-13T16:22:36+01:00,2293,5319360,5319360
2026-05-13T16:22:38+01:00,2293,5319360,5319360
2026-05-13T16:22:39+01:00,2293,5319360,5319360
2026-05-13T16:22:40+01:00,2294,5319360,5319360
2026-05-13T16:22:41+01:00,2294,5319360,5319360
2026-05-13T16:22:42+01:00,2294,5319360,5319360
2026-05-13T16:22:43+01:00,2294,5319360,5319360
2026-05-13T16:22:44+01:00,2295,5319360,5319360
2026-05-13T16:22:45+01:00,2293,5319360,5319360
2026-05-13T16:22:47+01:00,2294,5319360,5319360
2026-05-13T16:22:48+01:00,2294,5319360,5319360
2026-05-13T16:22:49+01:00,2294,5319360,5319360
2026-05-13T16:22:50+01:00,2294,5319360,5319360
2026-05-13T16:22:51+01:00,2295,5319360,5319360
2026-05-13T16:22:52+01:00,2295,5319360,5319360
2026-05-13T16:22:53+01:00,2295,5319360,5319360
2026-05-13T16:22:54+01:00,2295,5319360,5319360
2026-05-13T16:22:55+01:00,2294,5319360,5319360
2026-05-13T16:22:57+01:00,2294,5319360,5319360
2026-05-13T16:22:58+01:00,2294,5319360,5319360
2026-05-13T16:22:59+01:00,2295,5319360,5319360
2026-05-13T16:23:00+01:00,2295,5319360,5319360
2026-05-13T16:23:01+01:00,2295,5319360,5319360
2026-05-13T16:23:02+01:00,2295,5319360,5319360
2026-05-13T16:23:03+01:00,2296,5319360,5319360
2026-05-13T16:23:04+01:00,2296,5319360,5319360
2026-05-13T16:23:05+01:00,2294,5319360,5319360
2026-05-13T16:23:07+01:00,2295,5319360,5319360
2026-05-13T16:23:08+01:00,2295,5319360,5319360
2026-05-13T16:23:09+01:00,2295,5319360,5319360
2026-05-13T16:23:10+01:00,2295,5319360,5319360
2026-05-13T16:23:11+01:00,2295,5319360,5319360
2026-05-13T16:23:12+01:00,2296,5319360,5319360
2026-05-13T16:23:13+01:00,2296,5319360,5319360
2026-05-13T16:23:14+01:00,2294,5319360,5319360
2026-05-13T16:23:16+01:00,2295,5319360,5319360
2026-05-13T16:23:17+01:00,2295,5319360,5319360
2026-05-13T16:23:18+01:00,2295,5319360,5319360
2026-05-13T16:23:19+01:00,2295,5319360,5319360
2026-05-13T16:23:20+01:00,2295,5319360,5319360
2026-05-13T16:23:21+01:00,2295,5319360,5319360
2026-05-13T16:23:22+01:00,2296,5319360,5319360
2026-05-13T16:23:23+01:00,2296,5319360,5319360
2026-05-13T16:23:24+01:00,2295,5319360,5319360
2026-05-13T16:23:26+01:00,2295,5319360,5319360
2026-05-13T16:23:27+01:00,2295,5319360,5319360
2026-05-13T16:23:28+01:00,2295,5319360,5319360
2026-05-13T16:23:29+01:00,2295,5319360,5319360
2026-05-13T16:23:30+01:00,2295,5319360,5319360
2026-05-13T16:23:31+01:00,2295,5319360,5319360
2026-05-13T16:23:32+01:00,2296,5319360,5319360
2026-05-13T16:23:33+01:00,2296,5319360,5319360
2026-05-13T16:23:34+01:00,2294,5319360,5319360
2026-05-13T16:23:36+01:00,2295,5319360,5319360
2026-05-13T16:23:37+01:00,2295,5319360,5319360
2026-05-13T16:23:38+01:00,2295,5319360,5319360
2026-05-13T16:23:39+01:00,2295,5319360,5319360
2026-05-13T16:23:40+01:00,2295,5319360,5319360
2026-05-13T16:23:41+01:00,2295,5319360,5319360
2026-05-13T16:23:42+01:00,2295,5319360,5319360
2026-05-13T16:23:43+01:00,2295,5319360,5319360
2026-05-13T16:23:44+01:00,2294,5319360,5319360
2026-05-13T16:23:46+01:00,2294,5319360,5319360
2026-05-13T16:23:47+01:00,2294,5319360,5319360
2026-05-13T16:23:48+01:00,2294,5319360,5319360
2026-05-13T16:23:49+01:00,2295,5319360,5319360
2026-05-13T16:23:50+01:00,2295,5319360,5319360
2026-05-13T16:23:51+01:00,2295,5319360,5319360
2026-05-13T16:23:52+01:00,2295,5319360,5319360
2026-05-13T16:23:53+01:00,2295,5319360,5319360
2026-05-13T16:23:54+01:00,2294,5319360,5319360
2026-05-13T16:23:56+01:00,2294,5319360,5319360
2026-05-13T16:23:57+01:00,2294,5319360,5319360
2026-05-13T16:23:58+01:00,2294,5319360,5319360
2026-05-13T16:23:59+01:00,2294,5319360,5319360
2026-05-13T16:24:00+01:00,2295,5319360,5319360
2026-05-13T16:24:01+01:00,2295,5319360,5319360
2026-05-13T16:24:02+01:00,2295,5319360,5319360
2026-05-13T16:24:03+01:00,2294,5319360,5319360
2026-05-13T16:24:04+01:00,2294,5319360,5319360
2026-05-13T16:24:06+01:00,2294,5319360,5319360
2026-05-13T16:24:07+01:00,2294,5319360,5319360
2026-05-13T16:24:08+01:00,2295,5319360,5319360
2026-05-13T16:24:09+01:00,2295,5319360,5319360
2026-05-13T16:24:10+01:00,2295,5319360,5319360
2026-05-13T16:24:11+01:00,2295,5319360,5319360
2026-05-13T16:24:12+01:00,2296,5319360,5319360
2026-05-13T16:24:13+01:00,2294,5319360,5319360
2026-05-13T16:24:15+01:00,2295,5319360,5319360
2026-05-13T16:24:16+01:00,2295,5319360,5319360
2026-05-13T16:24:17+01:00,2295,5319360,5319360
2026-05-13T16:24:18+01:00,2295,5319360,5319360
2026-05-13T16:24:19+01:00,2296,5319360,5319360
2026-05-13T16:24:20+01:00,2296,5319360,5319360
2026-05-13T16:24:21+01:00,2296,5319360,5319360
2026-05-13T16:24:22+01:00,2296,5319360,5319360
2026-05-13T16:24:23+01:00,2295,5319360,5319360
2026-05-13T16:24:25+01:00,2295,5319360,5319360
2026-05-13T16:24:26+01:00,2295,5319360,5319360
2026-05-13T16:24:27+01:00,2296,5319360,5319360
2026-05-13T16:24:28+01:00,2296,5319360,5319360
2026-05-13T16:24:29+01:00,2296,5319360,5319360
2026-05-13T16:24:30+01:00,2296,5319360,5319360
2026-05-13T16:24:31+01:00,2296,5319360,5319360
2026-05-13T16:24:32+01:00,2297,5319360,5319360
2026-05-13T16:24:33+01:00,2295,5319360,5319360
2026-05-13T16:24:35+01:00,2296,5319360,5319360
2026-05-13T16:24:36+01:00,2296,5319360,5319360
2026-05-13T16:24:37+01:00,2296,5319360,5319360
2026-05-13T16:24:38+01:00,2296,5319360,5319360
2026-05-13T16:24:39+01:00,2296,5319360,5319360
2026-05-13T16:24:40+01:00,2296,5319360,5319360
2026-05-13T16:24:41+01:00,2297,5319360,5319360
2026-05-13T16:24:42+01:00,2295,5319360,5319360
2026-05-13T16:24:43+01:00,2295,5319360,5319360
2026-05-13T16:24:45+01:00,2296,5319360,5319360
2026-05-13T16:24:46+01:00,2296,5319360,5319360
2026-05-13T16:24:47+01:00,2296,5319360,5319360
2026-05-13T16:24:48+01:00,2296,5319360,5319360
2026-05-13T16:24:49+01:00,2296,5319360,5319360
2026-05-13T16:24:50+01:00,2296,5319360,5319360
2026-05-13T16:24:51+01:00,2297,5319360,5319360
2026-05-13T16:24:52+01:00,2295,5319360,5319360
2026-05-13T16:24:54+01:00,2295,5319360,5319360
2026-05-13T16:24:55+01:00,2296,5319360,5319360
2026-05-13T16:24:56+01:00,2296,5319360,5319360
2026-05-13T16:24:57+01:00,2296,5319360,5319360
2026-05-13T16:24:58+01:00,2296,5319360,5319360
2026-05-13T16:24:59+01:00,2296,5319360,5319360
2026-05-13T16:25:00+01:00,2296,5319360,5319360
2026-05-13T16:25:01+01:00,2296,5319360,5319360
2026-05-13T16:25:02+01:00,2295,5319360,5319360
2026-05-13T16:25:04+01:00,2295,5319360,5319360
2026-05-13T16:25:05+01:00,2295,5319360,5319360
2026-05-13T16:25:06+01:00,2296,5319360,5319360
2026-05-13T16:25:07+01:00,2296,5319360,5319360
2026-05-13T16:25:08+01:00,2296,5319360,5319360
2026-05-13T16:25:09+01:00,2296,5319360,5319360
2026-05-13T16:25:10+01:00,2296,5319360,5319360
2026-05-13T16:25:11+01:00,2296,5319360,5319360
2026-05-13T16:25:12+01:00,2295,5319360,5319360
2026-05-13T16:25:14+01:00,2295,5319360,5319360
2026-05-13T16:25:15+01:00,2295,5319360,5319360
2026-05-13T16:25:16+01:00,2295,5319360,5319360
2026-05-13T16:25:17+01:00,2295,5319360,5319360
2026-05-13T16:25:18+01:00,2295,5319360,5319360
2026-05-13T16:25:19+01:00,2296,5319360,5319360
2026-05-13T16:25:20+01:00,2296,5319360,5319360
2026-05-13T16:25:21+01:00,2296,5319360,5319360
2026-05-13T16:25:22+01:00,2295,5319360,5319360
2026-05-13T16:25:24+01:00,2295,5319360,5319360
2026-05-13T16:25:25+01:00,2295,5319360,5319360
2026-05-13T16:25:26+01:00,2295,5319360,5319360
2026-05-13T16:25:27+01:00,2295,5319360,5319360
2026-05-13T16:25:28+01:00,2296,5319360,5319360
2026-05-13T16:25:29+01:00,2296,5319360,5319360
2026-05-13T16:25:30+01:00,2296,5319360,5319360
2026-05-13T16:25:31+01:00,2295,5319360,5319360
2026-05-13T16:25:33+01:00,2295,5319360,5319360
2026-05-13T16:25:34+01:00,2295,5319360,5319360
2026-05-13T16:25:35+01:00,2296,5319360,5319360
2026-05-13T16:25:36+01:00,2296,5319360,5319360
2026-05-13T16:25:37+01:00,2296,5319360,5319360
2026-05-13T16:25:38+01:00,2296,5319360,5319360
2026-05-13T16:25:39+01:00,2296,5319360,5319360
2026-05-13T16:25:40+01:00,2297,5319360,5319360
2026-05-13T16:25:41+01:00,2295,5319360,5319360
2026-05-13T16:25:43+01:00,2296,5319360,5319360
2026-05-13T16:25:44+01:00,2296,5319360,5319360
2026-05-13T16:25:45+01:00,2296,5319360,5319360
2026-05-13T16:25:46+01:00,2296,5319360,5319360
2026-05-13T16:25:47+01:00,2296,5319360,5319360
2026-05-13T16:25:48+01:00,2297,5319360,5319360
2026-05-13T16:25:49+01:00,2297,5319360,5319360
2026-05-13T16:25:50+01:00,2297,5319360,5319360
2026-05-13T16:25:51+01:00,2296,5319360,5319360
2026-05-13T16:25:53+01:00,2296,5319360,5319360
2026-05-13T16:25:54+01:00,2296,5319360,5319360
2026-05-13T16:25:55+01:00,2296,5319360,5319360
2026-05-13T16:25:56+01:00,2297,5319360,5319360
2026-05-13T16:25:57+01:00,2297,5319360,5319360
2026-05-13T16:25:58+01:00,2297,5319360,5319360
2026-05-13T16:25:59+01:00,2297,5319360,5319360
2026-05-13T16:26:00+01:00,2297,5319360,5319360
2026-05-13T16:26:01+01:00,2296,5319360,5319360
2026-05-13T16:26:03+01:00,2296,5319360,5319360
2026-05-13T16:26:04+01:00,2296,5319360,5319360
2026-05-13T16:26:05+01:00,2297,5319360,5319360
2026-05-13T16:26:06+01:00,2297,5319360,5319360
2026-05-13T16:26:07+01:00,2297,5319360,5319360
2026-05-13T16:26:08+01:00,2297,5319360,5319360
2026-05-13T16:26:09+01:00,2297,5319360,5319360
2026-05-13T16:26:10+01:00,2296,5319360,5319360
2026-05-13T16:26:12+01:00,2296,5319360,5319360
2026-05-13T16:26:13+01:00,2296,5319360,5319360
2026-05-13T16:26:14+01:00,2296,5319360,5319360
2026-05-13T16:26:15+01:00,2297,5319360,5319360
2026-05-13T16:26:16+01:00,2297,5319360,5319360
2026-05-13T16:26:17+01:00,2297,5319360,5319360
2026-05-13T16:26:18+01:00,2297,5319360,5319360
2026-05-13T16:26:19+01:00,2297,5319360,5319360
2026-05-13T16:26:20+01:00,2296,5319360,5319360
2026-05-13T16:26:22+01:00,2296,5319360,5319360
2026-05-13T16:26:23+01:00,2296,5319360,5319360
2026-05-13T16:26:24+01:00,2296,5319360,5319360
2026-05-13T16:26:25+01:00,2297,5319360,5319360
2026-05-13T16:26:26+01:00,2297,5319360,5319360
2026-05-13T16:26:27+01:00,2297,5319360,5319360
2026-05-13T16:26:28+01:00,2297,5319360,5319360
2026-05-13T16:26:29+01:00,2296,5319360,5319360
2026-05-13T16:26:31+01:00,2296,5319360,5319360
2026-05-13T16:26:32+01:00,2296,5319360,5319360
2026-05-13T16:26:33+01:00,2296,5319360,5319360
2026-05-13T16:26:34+01:00,2296,5319360,5319360
2026-05-13T16:26:35+01:00,2296,5319360,5319360
2026-05-13T16:26:36+01:00,2296,5319360,5319360
2026-05-13T16:26:37+01:00,2297,5319360,5319360
2026-05-13T16:26:38+01:00,2297,5319360,5319360
2026-05-13T16:26:39+01:00,2295,5319360,5319360
2026-05-13T16:26:41+01:00,2296,5319360,5319360
2026-05-13T16:26:42+01:00,2296,5319360,5319360
2026-05-13T16:26:43+01:00,2296,5319360,5319360
2026-05-13T16:26:44+01:00,2296,5319360,5319360
2026-05-13T16:26:45+01:00,2296,5319360,5319360
2026-05-13T16:26:46+01:00,2296,5319360,5319360
2026-05-13T16:26:47+01:00,2296,5319360,5319360
2026-05-13T16:26:48+01:00,2296,5319360,5319360
2026-05-13T16:26:49+01:00,2295,5319360,5319360
2026-05-13T16:26:51+01:00,2295,5319360,5319360
2026-05-13T16:26:52+01:00,2295,5319360,5319360
2026-05-13T16:26:53+01:00,2295,5319360,5319360
2026-05-13T16:26:54+01:00,2296,5319360,5319360
2026-05-13T16:26:55+01:00,2296,5319360,5319360
2026-05-13T16:26:56+01:00,2296,5319360,5319360
2026-05-13T16:26:57+01:00,2296,5319360,5319360
2026-05-13T16:26:58+01:00,2296,5319360,5319360
2026-05-13T16:26:59+01:00,2295,5319360,5319360
2026-05-13T16:27:01+01:00,2296,5319360,5319360
2026-05-13T16:27:02+01:00,2296,5319360,5319360
2026-05-13T16:27:03+01:00,2296,5319360,5319360
2026-05-13T16:27:04+01:00,2296,5319360,5319360
2026-05-13T16:27:05+01:00,2296,5319360,5319360
2026-05-13T16:27:06+01:00,2297,5319360,5319360
2026-05-13T16:27:07+01:00,2297,5319360,5319360
2026-05-13T16:27:08+01:00,2297,5319360,5319360
2026-05-13T16:27:09+01:00,2296,5319360,5319360
2026-05-13T16:27:11+01:00,2296,5319360,5319360
2026-05-13T16:27:12+01:00,2296,5319360,5319360
2026-05-13T16:27:13+01:00,2297,5319360,5319360
2026-05-13T16:27:14+01:00,2297,5319360,5319360
2026-05-13T16:27:15+01:00,2297,5319360,5319360
2026-05-13T16:27:16+01:00,2297,5319360,5319360
2026-05-13T16:27:17+01:00,2297,5319360,5319360
2026-05-13T16:27:18+01:00,2296,5319360,5319360
2026-05-13T16:27:20+01:00,2296,5319360,5319360
2026-05-13T16:27:21+01:00,2297,5319360,5319360
2026-05-13T16:27:22+01:00,2297,5319360,5319360
2026-05-13T16:27:23+01:00,2297,5319360,5319360
2026-05-13T16:27:24+01:00,2297,5319360,5319360
2026-05-13T16:27:25+01:00,2297,5319360,5319360
2026-05-13T16:27:26+01:00,2297,5319360,5319360
2026-05-13T16:27:27+01:00,2298,5319360,5319360
2026-05-13T16:27:28+01:00,2296,5319360,5319360
2026-05-13T16:27:30+01:00,2297,5319360,5319360
2026-05-13T16:27:31+01:00,2297,5319360,5319360
2026-05-13T16:27:32+01:00,2297,5319360,5319360
2026-05-13T16:27:33+01:00,2297,5319360,5319360
2026-05-13T16:27:34+01:00,2297,5319360,5319360
2026-05-13T16:27:35+01:00,2297,5319360,5319360
2026-05-13T16:27:36+01:00,2298,5319360,5319360
2026-05-13T16:27:37+01:00,2298,5319360,5319360
2026-05-13T16:27:38+01:00,2297,5319360,5319360
2026-05-13T16:27:40+01:00,2297,5319360,5319360
2026-05-13T16:27:41+01:00,2297,5319360,5319360
2026-05-13T16:27:42+01:00,2297,5319360,5319360
2026-05-13T16:27:43+01:00,2297,5319360,5319360
2026-05-13T16:27:44+01:00,2297,5319360,5319360
2026-05-13T16:27:45+01:00,2297,5319360,5319360
2026-05-13T16:27:46+01:00,2298,5319360,5319360
2026-05-13T16:27:47+01:00,2298,5319360,5319360
2026-05-13T16:27:48+01:00,2297,5319360,5319360
2026-05-13T16:27:50+01:00,2297,5319360,5319360
2026-05-13T16:27:51+01:00,2297,5319360,5319360
2026-05-13T16:27:52+01:00,2297,5319360,5319360
2026-05-13T16:27:53+01:00,2297,5319360,5319360
2026-05-13T16:27:54+01:00,2297,5319360,5319360
2026-05-13T16:27:55+01:00,2297,5319360,5319360
2026-05-13T16:27:56+01:00,2297,5319360,5319360
2026-05-13T16:27:57+01:00,2298,5319360,5319360
2026-05-13T16:27:58+01:00,2296,5319360,5319360
2026-05-13T16:28:00+01:00,2296,5319360,5319360
2026-05-13T16:28:01+01:00,2297,5319360,5319360
2026-05-13T16:28:02+01:00,2297,5319360,5319360
2026-05-13T16:28:03+01:00,2297,5319360,5319360
2026-05-13T16:28:04+01:00,2297,5319360,5319360
2026-05-13T16:28:05+01:00,2297,5319360,5319360
2026-05-13T16:28:06+01:00,2297,5319360,5319360
2026-05-13T16:28:07+01:00,2296,5319360,5319360
2026-05-13T16:28:09+01:00,2296,5319360,5319360
2026-05-13T16:28:10+01:00,2296,5319360,5319360
2026-05-13T16:28:11+01:00,2296,5319360,5319360
2026-05-13T16:28:12+01:00,2296,5319360,5319360
2026-05-13T16:28:13+01:00,2296,5319360,5319360
2026-05-13T16:28:14+01:00,2297,5319360,5319360
2026-05-13T16:28:15+01:00,2297,5319360,5319360
2026-05-13T16:28:16+01:00,2297,5319360,5319360
2026-05-13T16:28:17+01:00,2296,5319360,5319360
2026-05-13T16:28:19+01:00,2296,5319360,5319360
2026-05-13T16:28:20+01:00,2296,5319360,5319360
2026-05-13T16:28:21+01:00,2296,5319360,5319360
2026-05-13T16:28:22+01:00,2296,5319360,5319360
2026-05-13T16:28:23+01:00,2296,5319360,5319360
2026-05-13T16:28:24+01:00,2296,5319360,5319360
2026-05-13T16:28:25+01:00,2296,5319360,5319360
2026-05-13T16:28:26+01:00,2296,5319360,5319360
2026-05-13T16:28:27+01:00,2295,5319360,5319360
2026-05-13T16:28:29+01:00,2296,5319360,5319360
2026-05-13T16:28:30+01:00,2296,5319360,5319360
2026-05-13T16:28:31+01:00,2296,5319360,5319360
2026-05-13T16:28:32+01:00,2296,5319360,5319360
2026-05-13T16:28:33+01:00,2296,5319360,5319360
2026-05-13T16:28:34+01:00,2297,5319360,5319360
2026-05-13T16:28:35+01:00,2297,5319360,5319360
2026-05-13T16:28:36+01:00,2297,5319360,5319360
2026-05-13T16:28:37+01:00,2296,5319360,5319360
2026-05-13T16:28:39+01:00,2296,5319360,5319360
2026-05-13T16:28:40+01:00,2296,5319360,5319360
2026-05-13T16:28:41+01:00,2297,5319360,5319360
2026-05-13T16:28:42+01:00,2297,5319360,5319360
2026-05-13T16:28:43+01:00,2297,5319360,5319360
2026-05-13T16:28:44+01:00,2297,5319360,5319360
2026-05-13T16:28:45+01:00,2297,5319360,5319360
2026-05-13T16:28:46+01:00,2297,5319360,5319360
2026-05-13T16:28:47+01:00,2296,5319360,5319360
2026-05-13T16:28:49+01:00,2297,5319360,5319360
2026-05-13T16:28:50+01:00,2297,5319360,5319360
2026-05-13T16:28:51+01:00,2297,5319360,5319360
2026-05-13T16:28:52+01:00,2297,5319360,5319360
2026-05-13T16:28:53+01:00,2297,5319360,5319360
2026-05-13T16:28:54+01:00,2297,5319360,5319360
2026-05-13T16:28:55+01:00,2298,5319360,5319360
2026-05-13T16:28:56+01:00,2297,5319360,5319360
2026-05-13T16:28:58+01:00,2297,5319360,5319360
2026-05-13T16:28:59+01:00,2297,5319360,5319360
2026-05-13T16:29:00+01:00,2297,5319360,5319360
2026-05-13T16:29:01+01:00,2297,5319360,5319360
2026-05-13T16:29:02+01:00,2297,5319360,5319360
2026-05-13T16:29:03+01:00,2298,5319360,5319360
2026-05-13T16:29:04+01:00,2298,5319360,5319360
2026-05-13T16:29:05+01:00,2298,5319360,5319360
2026-05-13T16:29:06+01:00,2297,5319360,5319360
2026-05-13T16:29:08+01:00,2297,5319360,5319360
2026-05-13T16:29:09+01:00,2297,5319360,5319360
2026-05-13T16:29:10+01:00,2297,5319360,5319360
2026-05-13T16:29:11+01:00,2297,5319360,5319360
2026-05-13T16:29:12+01:00,2297,5319360,5319360
2026-05-13T16:29:13+01:00,2298,5319360,5319360
2026-05-13T16:29:14+01:00,2298,5319360,5319360
2026-05-13T16:29:15+01:00,2298,5319360,5319360
2026-05-13T16:29:16+01:00,2297,5319360,5319360
2026-05-13T16:29:18+01:00,2297,5319360,5319360
2026-05-13T16:29:19+01:00,2297,5319360,5319360
2026-05-13T16:29:20+01:00,2297,5319360,5319360
2026-05-13T16:29:21+01:00,2297,5319360,5319360
2026-05-13T16:29:22+01:00,2297,5319360,5319360
2026-05-13T16:29:23+01:00,2298,5319360,5319360
2026-05-13T16:29:24+01:00,2298,5319360,5319360
2026-05-13T16:29:25+01:00,2298,5319360,5319360
2026-05-13T16:29:26+01:00,2297,5319360,5319360
2026-05-13T16:29:28+01:00,2297,5319360,5319360
2026-05-13T16:29:29+01:00,2297,5319360,5319360
2026-05-13T16:29:30+01:00,2297,5319360,5319360
2026-05-13T16:29:31+01:00,2297,5319360,5319360
2026-05-13T16:29:32+01:00,2297,5319360,5319360
2026-05-13T16:29:33+01:00,2297,5319360,5319360
2026-05-13T16:29:34+01:00,2297,5319360,5319360
2026-05-13T16:29:35+01:00,2298,5319360,5319360
2026-05-13T16:29:36+01:00,2296,5319360,5319360
2026-05-13T16:29:38+01:00,2297,5319360,5319360
2026-05-13T16:29:39+01:00,2297,5319360,5319360
2026-05-13T16:29:40+01:00,2297,5319360,5319360
2026-05-13T16:29:41+01:00,2297,5319360,5319360
2026-05-13T16:29:42+01:00,2297,5319360,5319360
2026-05-13T16:29:43+01:00,2297,5319360,5319360
2026-05-13T16:29:44+01:00,2297,5319360,5319360
2026-05-13T16:29:45+01:00,2296,5319360,5319360
2026-05-13T16:29:46+01:00,2296,5319360,5319360
2026-05-13T16:29:48+01:00,2296,5319360,5319360
2026-05-13T16:29:49+01:00,2296,5319360,5319360
2026-05-13T16:29:50+01:00,2296,5319360,5319360
2026-05-13T16:29:51+01:00,2296,5319360,5319360
2026-05-13T16:29:52+01:00,2296,5319360,5319360
2026-05-13T16:29:53+01:00,2297,5319360,5319360
2026-05-13T16:29:54+01:00,2297,5319360,5319360
2026-05-13T16:29:55+01:00,2296,5319360,5319360
2026-05-13T16:29:57+01:00,2296,5319360,5319360
2026-05-13T16:29:58+01:00,2296,5319360,5319360
2026-05-13T16:29:59+01:00,2296,5319360,5319360
2026-05-13T16:30:00+01:00,2296,5319360,5319360
2026-05-13T16:30:01+01:00,2296,5319360,5319360
2026-05-13T16:30:02+01:00,2296,5319360,5319360
2026-05-13T16:30:03+01:00,2297,5319360,5319360
2026-05-13T16:30:04+01:00,2297,5319360,5319360
2026-05-13T16:30:05+01:00,2296,5319360,5319360
2026-05-13T16:30:07+01:00,2296,5319360,5319360
2026-05-13T16:30:08+01:00,2296,5319360,5319360
2026-05-13T16:30:09+01:00,2296,5319360,5319360
2026-05-13T16:30:10+01:00,2297,5319360,5319360
2026-05-13T16:30:11+01:00,2297,5319360,5319360
2026-05-13T16:30:12+01:00,2297,5319360,5319360
2026-05-13T16:30:13+01:00,2297,5319360,5319360
2026-05-13T16:30:14+01:00,2297,5319360,5319360
2026-05-13T16:30:15+01:00,2296,5319360,5319360
2026-05-13T16:30:17+01:00,2297,5319360,5319360
2026-05-13T16:30:18+01:00,2297,5319360,5319360
2026-05-13T16:30:19+01:00,2297,5319360,5319360
2026-05-13T16:30:20+01:00,2297,5319360,5319360
2026-05-13T16:30:21+01:00,2297,5319360,5319360
2026-05-13T16:30:22+01:00,2297,5319360,5319360
2026-05-13T16:30:23+01:00,2298,5319360,5319360
2026-05-13T16:30:24+01:00,2298,5319360,5319360
2026-05-13T16:30:26+01:00,2297,5319360,5319360
2026-05-13T16:30:27+01:00,2297,5319360,5319360
2026-05-13T16:30:28+01:00,2297,5319360,5319360
2026-05-13T16:30:29+01:00,2297,5319360,5319360
2026-05-13T16:30:30+01:00,2297,5319360,5319360
2026-05-13T16:30:31+01:00,2298,5319360,5319360
2026-05-13T16:30:32+01:00,2298,5319360,5319360
2026-05-13T16:30:33+01:00,2298,5319360,5319360
2026-05-13T16:30:34+01:00,2297,5319360,5319360
2026-05-13T16:30:36+01:00,2297,5319360,5319360
2026-05-13T16:30:37+01:00,2297,5319360,5319360
2026-05-13T16:30:38+01:00,2297,5319360,5319360
2026-05-13T16:30:39+01:00,2297,5319360,5319360
2026-05-13T16:30:40+01:00,2298,5319360,5319360
2026-05-13T16:30:41+01:00,2298,5319360,5319360
2026-05-13T16:30:42+01:00,2298,5319360,5319360
2026-05-13T16:30:43+01:00,2297,5319360,5319360
2026-05-13T16:30:44+01:00,2297,5319360,5319360
2026-05-13T16:30:46+01:00,2297,5319360,5319360
2026-05-13T16:30:47+01:00,2297,5319360,5319360
2026-05-13T16:30:48+01:00,2297,5319360,5319360
2026-05-13T16:30:49+01:00,2297,5319360,5319360
2026-05-13T16:30:50+01:00,2298,5319360,5319360
2026-05-13T16:30:51+01:00,2298,5319360,5319360
2026-05-13T16:30:52+01:00,2298,5319360,5319360
2026-05-13T16:30:53+01:00,2297,5319360,5319360
2026-05-13T16:30:55+01:00,2297,5319360,5319360
2026-05-13T16:30:56+01:00,2297,5319360,5319360
2026-05-13T16:30:57+01:00,2297,5319360,5319360
2026-05-13T16:30:58+01:00,2297,5319360,5319360
2026-05-13T16:30:59+01:00,2297,5319360,5319360
2026-05-13T16:31:00+01:00,2297,5319360,5319360
2026-05-13T16:31:01+01:00,2298,5319360,5319360
2026-05-13T16:31:02+01:00,2298,5319360,5319360
2026-05-13T16:31:03+01:00,2297,5319360,5319360
2026-05-13T16:31:05+01:00,2297,5319360,5319360
2026-05-13T16:31:06+01:00,2297,5319360,5319360
2026-05-13T16:31:07+01:00,2297,5319360,5319360
2026-05-13T16:31:08+01:00,2297,5319360,5319360
2026-05-13T16:31:09+01:00,2297,5319360,5319360
2026-05-13T16:31:10+01:00,2297,5319360,5319360
2026-05-13T16:31:11+01:00,2297,5319360,5319360
2026-05-13T16:31:12+01:00,2297,5319360,5319360
2026-05-13T16:31:13+01:00,2296,5319360,5319360
2026-05-13T16:31:15+01:00,2296,5319360,5319360
2026-05-13T16:31:16+01:00,2297,5319360,5319360
2026-05-13T16:31:17+01:00,2297,5319360,5319360
2026-05-13T16:31:18+01:00,2297,5319360,5319360
2026-05-13T16:31:19+01:00,2297,5319360,5319360
2026-05-13T16:31:20+01:00,2297,5319360,5319360
2026-05-13T16:31:21+01:00,2297,5319360,5319360
2026-05-13T16:31:22+01:00,2297,5319360,5319360
2026-05-13T16:31:23+01:00,2296,5319360,5319360
2026-05-13T16:31:25+01:00,2296,5319360,5319360
2026-05-13T16:31:26+01:00,2296,5319360,5319360
2026-05-13T16:31:27+01:00,2296,5319360,5319360
2026-05-13T16:31:28+01:00,2296,5319360,5319360
2026-05-13T16:31:29+01:00,2296,5301312,5319360
2026-05-13T16:31:30+01:00,2297,5301312,5319360
2026-05-13T16:31:31+01:00,2297,5301312,5319360
2026-05-13T16:31:32+01:00,2297,5301312,5319360
2026-05-13T16:31:33+01:00,2296,5301312,5319360
2026-05-13T16:31:35+01:00,2296,5301312,5319360
2026-05-13T16:31:36+01:00,2296,5301312,5319360
2026-05-13T16:31:37+01:00,2297,5301312,5319360
2026-05-13T16:31:38+01:00,2297,5301312,5319360
2026-05-13T16:31:39+01:00,2297,5301312,5319360
2026-05-13T16:31:40+01:00,2297,5301312,5319360
2026-05-13T16:31:41+01:00,2297,5301312,5319360
2026-05-13T16:31:42+01:00,2296,5301312,5319360
2026-05-13T16:31:44+01:00,2296,5301312,5319360
2026-05-13T16:31:45+01:00,2297,5301312,5319360
2026-05-13T16:31:46+01:00,2297,5301312,5319360
2026-05-13T16:31:47+01:00,2297,5301312,5319360
2026-05-13T16:31:48+01:00,2297,5301312,5319360
2026-05-13T16:31:49+01:00,2297,5301312,5319360
2026-05-13T16:31:50+01:00,2297,5301312,5319360
2026-05-13T16:31:51+01:00,2297,5301312,5319360
2026-05-13T16:31:52+01:00,2296,5301312,5319360
2026-05-13T16:31:54+01:00,2297,5301312,5319360
2026-05-13T16:31:55+01:00,2297,5301312,5319360
2026-05-13T16:31:56+01:00,2297,5301312,5319360
2026-05-13T16:31:57+01:00,2297,5301312,5319360
2026-05-13T16:31:58+01:00,2297,5301312,5319360
2026-05-13T16:31:59+01:00,2297,5301312,5319360
2026-05-13T16:32:00+01:00,2297,5301312,5319360
2026-05-13T16:32:01+01:00,2297,5301312,5319360
2026-05-13T16:32:02+01:00,2296,5301312,5319360
2026-05-13T16:32:04+01:00,2297,5301312,5319360
2026-05-13T16:32:05+01:00,2297,5301312,5319360
2026-05-13T16:32:06+01:00,2297,5301312,5319360
2026-05-13T16:32:07+01:00,2297,5301312,5319360
2026-05-13T16:32:08+01:00,2297,5301312,5319360
2026-05-13T16:32:09+01:00,2297,5301312,5319360
2026-05-13T16:32:10+01:00,2297,5301312,5319360
2026-05-13T16:32:11+01:00,2297,5301312,5319360
2026-05-13T16:32:12+01:00,2296,5301312,5319360
2026-05-13T16:32:14+01:00,2297,5301312,5319360
2026-05-13T16:32:15+01:00,2297,5301312,5319360
2026-05-13T16:32:16+01:00,2297,5301312,5319360
2026-05-13T16:32:17+01:00,2297,5301312,5319360
2026-05-13T16:32:18+01:00,2297,5301312,5319360
2026-05-13T16:32:19+01:00,2297,5301312,5319360
2026-05-13T16:32:20+01:00,2297,5301312,5319360
2026-05-13T16:32:21+01:00,2296,5301312,5319360
2026-05-13T16:32:23+01:00,2296,5301312,5319360
2026-05-13T16:32:24+01:00,2296,5301312,5319360
2026-05-13T16:32:25+01:00,2296,5301312,5319360
2026-05-13T16:32:26+01:00,2297,5301312,5319360
2026-05-13T16:32:27+01:00,2297,5301312,5319360
2026-05-13T16:32:28+01:00,2297,5301312,5319360
2026-05-13T16:32:29+01:00,2297,5301312,5319360
2026-05-13T16:32:30+01:00,2297,5291200,5319360
2026-05-13T16:32:31+01:00,2296,5291200,5319360
2026-05-13T16:32:33+01:00,2296,5291200,5319360
2026-05-13T16:32:34+01:00,2296,5291200,5319360
2026-05-13T16:32:35+01:00,2296,5291200,5319360
2026-05-13T16:32:36+01:00,2296,5291200,5319360
2026-05-13T16:32:37+01:00,2297,5291200,5319360
2026-05-13T16:32:38+01:00,2297,5291200,5319360
2026-05-13T16:32:39+01:00,2297,5291200,5319360
2026-05-13T16:32:40+01:00,2297,5291200,5319360
2026-05-13T16:32:41+01:00,2296,5291200,5319360
2026-05-13T16:32:43+01:00,2296,5291200,5319360
2026-05-13T16:32:44+01:00,2296,5291200,5319360
2026-05-13T16:32:45+01:00,2296,5291200,5319360
2026-05-13T16:32:46+01:00,2296,5291200,5319360
2026-05-13T16:32:47+01:00,2297,5291200,5319360
2026-05-13T16:32:48+01:00,2297,5291200,5319360
2026-05-13T16:32:49+01:00,2297,5291200,5319360
2026-05-13T16:32:50+01:00,2297,5291200,5319360
2026-05-13T16:32:51+01:00,2296,5291200,5319360
2026-05-13T16:32:53+01:00,2296,5291200,5319360
2026-05-13T16:32:54+01:00,2296,5291200,5319360
2026-05-13T16:32:55+01:00,2296,5291200,5319360
2026-05-13T16:32:56+01:00,2296,5291200,5319360
2026-05-13T16:32:57+01:00,2296,5291200,5319360
2026-05-13T16:32:58+01:00,2297,5291200,5319360
2026-05-13T16:32:59+01:00,2297,5291200,5319360
2026-05-13T16:33:00+01:00,2297,5291200,5319360
2026-05-13T16:33:01+01:00,2296,5291200,5319360
2026-05-13T16:33:03+01:00,2296,5291200,5319360
2026-05-13T16:33:04+01:00,2296,5291200,5319360
2026-05-13T16:33:05+01:00,2296,5291200,5319360
2026-05-13T16:33:06+01:00,2296,5291200,5319360
2026-05-13T16:33:07+01:00,2296,5291200,5319360
2026-05-13T16:33:08+01:00,2296,5291200,5319360
2026-05-13T16:33:09+01:00,2296,5291200,5319360
2026-05-13T16:33:10+01:00,2295,5291200,5319360
2026-05-13T16:33:12+01:00,2295,5291200,5319360
2026-05-13T16:33:13+01:00,2295,5291200,5319360
2026-05-13T16:33:14+01:00,2296,5291200,5319360
2026-05-13T16:33:15+01:00,2296,5291200,5319360
2026-05-13T16:33:16+01:00,2296,5291200,5319360
2026-05-13T16:33:17+01:00,2296,5291200,5319360
2026-05-13T16:33:18+01:00,2296,5291200,5319360
2026-05-13T16:33:19+01:00,2296,5291200,5319360
2026-05-13T16:33:20+01:00,2295,5291200,5319360
2026-05-13T16:33:22+01:00,2295,5291200,5319360
2026-05-13T16:33:23+01:00,2295,5291200,5319360
2026-05-13T16:33:24+01:00,2295,5291200,5319360
2026-05-13T16:33:25+01:00,2295,5291200,5319360
2026-05-13T16:33:26+01:00,2295,5291200,5319360
2026-05-13T16:33:27+01:00,2295,5291200,5319360
2026-05-13T16:33:28+01:00,2295,5291200,5319360
2026-05-13T16:33:29+01:00,2295,5291200,5319360
2026-05-13T16:33:30+01:00,2294,5291200,5319360
2026-05-13T16:33:32+01:00,2295,5291200,5319360
2026-05-13T16:33:33+01:00,2295,5291200,5319360
2026-05-13T16:33:34+01:00,2295,5291200,5319360
2026-05-13T16:33:35+01:00,2295,5291200,5319360
2026-05-13T16:33:36+01:00,2295,5291200,5319360
2026-05-13T16:33:37+01:00,2295,5291200,5319360
2026-05-13T16:33:38+01:00,2295,5291200,5319360
2026-05-13T16:33:39+01:00,2295,5291200,5319360
2026-05-13T16:33:40+01:00,2294,5291200,5319360
2026-05-13T16:33:42+01:00,2294,5291200,5319360
2026-05-13T16:33:43+01:00,2294,5291200,5319360
2026-05-13T16:33:44+01:00,2294,5291200,5319360
2026-05-13T16:33:45+01:00,2294,5291200,5319360
2026-05-13T16:33:46+01:00,2294,5291200,5319360
2026-05-13T16:33:47+01:00,2294,5291200,5319360
2026-05-13T16:33:48+01:00,2294,5291200,5319360
2026-05-13T16:33:49+01:00,2294,5291200,5319360
2026-05-13T16:33:50+01:00,2293,5291200,5319360
2026-05-13T16:33:52+01:00,2293,5291200,5319360
2026-05-13T16:33:53+01:00,2294,5291200,5319360
2026-05-13T16:33:54+01:00,2294,5291200,5319360
2026-05-13T16:33:55+01:00,2294,5291200,5319360
2026-05-13T16:33:56+01:00,2294,5291200,5319360
2026-05-13T16:33:57+01:00,2294,5291200,5319360
2026-05-13T16:33:58+01:00,2294,5291200,5319360
2026-05-13T16:33:59+01:00,2293,5291200,5319360
2026-05-13T16:34:01+01:00,2293,5291200,5319360
2026-05-13T16:34:02+01:00,2293,5291200,5319360
2026-05-13T16:34:03+01:00,2293,5291200,5319360
2026-05-13T16:34:04+01:00,2293,5291200,5319360
2026-05-13T16:34:05+01:00,2293,5291200,5319360
2026-05-13T16:34:06+01:00,2293,5291200,5319360
2026-05-13T16:34:07+01:00,2293,5291200,5319360
2026-05-13T16:34:08+01:00,2293,5291200,5319360
2026-05-13T16:34:09+01:00,2292,5293056,5319360
2026-05-13T16:34:11+01:00,2292,5293056,5319360
2026-05-13T16:34:12+01:00,2292,5293056,5319360
2026-05-13T16:34:13+01:00,2293,5293056,5319360
2026-05-13T16:34:14+01:00,2293,5293056,5319360
2026-05-13T16:34:15+01:00,2293,5293056,5319360
2026-05-13T16:34:16+01:00,2293,5293056,5319360
2026-05-13T16:34:17+01:00,2293,5293056,5319360
2026-05-13T16:34:18+01:00,2293,5293056,5319360
2026-05-13T16:34:19+01:00,2292,5293056,5319360
2026-05-13T16:34:21+01:00,2292,5293056,5319360
2026-05-13T16:34:22+01:00,2293,5293056,5319360
2026-05-13T16:34:23+01:00,2293,5293056,5319360
2026-05-13T16:34:24+01:00,2293,5293056,5319360
2026-05-13T16:34:25+01:00,2293,5293056,5319360
2026-05-13T16:34:26+01:00,2293,5293056,5319360
2026-05-13T16:34:27+01:00,2293,5293056,5319360
2026-05-13T16:34:28+01:00,2292,5293056,5319360
2026-05-13T16:34:29+01:00,2292,5293056,5319360
2026-05-13T16:34:31+01:00,2292,5293056,5319360
2026-05-13T16:34:32+01:00,2293,5293056,5319360
2026-05-13T16:34:33+01:00,2293,5293056,5319360
2026-05-13T16:34:34+01:00,2293,5293056,5319360
2026-05-13T16:34:35+01:00,2293,5293056,5319360
2026-05-13T16:34:36+01:00,2293,5293056,5319360
2026-05-13T16:34:37+01:00,2293,5293056,5319360
2026-05-13T16:34:38+01:00,2292,5293056,5319360
2026-05-13T16:34:40+01:00,2292,5293056,5319360
2026-05-13T16:34:41+01:00,2292,5293056,5319360
2026-05-13T16:34:42+01:00,2292,5293056,5319360
2026-05-13T16:34:43+01:00,2293,5293056,5319360
2026-05-13T16:34:44+01:00,2293,5293056,5319360
2026-05-13T16:34:45+01:00,2293,5293056,5319360
2026-05-13T16:34:46+01:00,2293,5293056,5319360
2026-05-13T16:34:47+01:00,2293,5293056,5319360
2026-05-13T16:34:48+01:00,2292,5293056,5319360
2026-05-13T16:34:50+01:00,2292,5293056,5319360
2026-05-13T16:34:51+01:00,2292,5293056,5319360
2026-05-13T16:34:52+01:00,2292,5293056,5319360
2026-05-13T16:34:53+01:00,2292,5293056,5319360
2026-05-13T16:34:54+01:00,2292,5293056,5319360
2026-05-13T16:34:55+01:00,2293,5293056,5319360
2026-05-13T16:34:56+01:00,2293,5293056,5319360
2026-05-13T16:34:57+01:00,2293,5293056,5319360
2026-05-13T16:34:58+01:00,2292,5293056,5319360
2026-05-13T16:35:00+01:00,2292,5293056,5319360
2026-05-13T16:35:01+01:00,2292,5293056,5319360
2026-05-13T16:35:02+01:00,2292,5293056,5319360
2026-05-13T16:35:03+01:00,2292,5293056,5319360
2026-05-13T16:35:04+01:00,2292,5293056,5319360
2026-05-13T16:35:05+01:00,2292,5293056,5319360
2026-05-13T16:35:06+01:00,2292,5293056,5319360
2026-05-13T16:35:07+01:00,2292,5293056,5319360
2026-05-13T16:35:08+01:00,2291,5293056,5319360
2026-05-13T16:35:10+01:00,2292,5293056,5319360
2026-05-13T16:35:11+01:00,2292,5293056,5319360
2026-05-13T16:35:12+01:00,2292,5293056,5319360
2026-05-13T16:35:13+01:00,2292,5293056,5319360
2026-05-13T16:35:14+01:00,2292,5293056,5319360
2026-05-13T16:35:15+01:00,2292,5293056,5319360
2026-05-13T16:35:16+01:00,2292,5293056,5319360
2026-05-13T16:35:17+01:00,2291,5293056,5319360
2026-05-13T16:35:19+01:00,2291,5293056,5319360
2026-05-13T16:35:20+01:00,2291,5293056,5319360
2026-05-13T16:35:21+01:00,2291,5293056,5319360
2026-05-13T16:35:22+01:00,2291,5293056,5319360
2026-05-13T16:35:23+01:00,2291,5293056,5319360
2026-05-13T16:35:24+01:00,2291,5293056,5319360
2026-05-13T16:35:25+01:00,2291,5293056,5319360
2026-05-13T16:35:26+01:00,2292,5293056,5319360
2026-05-13T16:35:27+01:00,2291,5293056,5319360
2026-05-13T16:35:29+01:00,2291,5293056,5319360
2026-05-13T16:35:30+01:00,2291,5293056,5319360
2026-05-13T16:35:31+01:00,2291,5293056,5319360
2026-05-13T16:35:32+01:00,2291,5293056,5319360
2026-05-13T16:35:33+01:00,2291,5293056,5319360
2026-05-13T16:35:34+01:00,2291,5293056,5319360
2026-05-13T16:35:35+01:00,2291,5293056,5319360
2026-05-13T16:35:36+01:00,2291,5293056,5319360
2026-05-13T16:35:37+01:00,2290,5293056,5319360
2026-05-13T16:35:39+01:00,2290,5293056,5319360
2026-05-13T16:35:40+01:00,2290,5293056,5319360
2026-05-13T16:35:41+01:00,2290,5293056,5319360
2026-05-13T16:35:42+01:00,2290,5293056,5319360
2026-05-13T16:35:43+01:00,2290,5293056,5319360
2026-05-13T16:35:44+01:00,2290,5293056,5319360
2026-05-13T16:35:45+01:00,2290,5293696,5319360
2026-05-13T16:35:46+01:00,2289,5293696,5319360
2026-05-13T16:35:48+01:00,2290,5293696,5319360
2026-05-13T16:35:49+01:00,2290,5293696,5319360
2026-05-13T16:35:50+01:00,2290,5293696,5319360
2026-05-13T16:35:51+01:00,2290,5293696,5319360
2026-05-13T16:35:52+01:00,2290,5293696,5319360
2026-05-13T16:35:53+01:00,2290,5293696,5319360
2026-05-13T16:35:54+01:00,2290,5293696,5319360
2026-05-13T16:35:55+01:00,2291,5293696,5319360
2026-05-13T16:35:56+01:00,2290,5293696,5319360
2026-05-13T16:35:58+01:00,2290,5293696,5319360
2026-05-13T16:35:59+01:00,2290,5293696,5319360
2026-05-13T16:36:00+01:00,2290,5293696,5319360
2026-05-13T16:36:01+01:00,2290,5293696,5319360
2026-05-13T16:36:02+01:00,2290,5293696,5319360
2026-05-13T16:36:03+01:00,2290,5293696,5319360
2026-05-13T16:36:04+01:00,2291,5293696,5319360
2026-05-13T16:36:05+01:00,2291,5293696,5319360
2026-05-13T16:36:06+01:00,2290,5293696,5319360
2026-05-13T16:36:08+01:00,2290,5293696,5319360
2026-05-13T16:36:09+01:00,2290,5293696,5319360
2026-05-13T16:36:10+01:00,2290,5293696,5319360
2026-05-13T16:36:11+01:00,2290,5293696,5319360
2026-05-13T16:36:12+01:00,2290,5293696,5319360
2026-05-13T16:36:13+01:00,2290,5293696,5319360
2026-05-13T16:36:14+01:00,2291,5293696,5319360
2026-05-13T16:36:15+01:00,2290,5293696,5319360
2026-05-13T16:36:16+01:00,2290,5293696,5319360
2026-05-13T16:36:18+01:00,2290,5293696,5319360
2026-05-13T16:36:19+01:00,2290,5293696,5319360
2026-05-13T16:36:20+01:00,2290,5293696,5319360
2026-05-13T16:36:21+01:00,2290,5293696,5319360
2026-05-13T16:36:22+01:00,2290,5293696,5319360
2026-05-13T16:36:23+01:00,2290,5293696,5319360
2026-05-13T16:36:24+01:00,2290,5293696,5319360
2026-05-13T16:36:25+01:00,2290,5293696,5319360
2026-05-13T16:36:27+01:00,2290,5293696,5319360
2026-05-13T16:36:28+01:00,2290,5293696,5319360
2026-05-13T16:36:29+01:00,2290,5293696,5319360
2026-05-13T16:36:30+01:00,2290,5293696,5319360
2026-05-13T16:36:31+01:00,2290,5293696,5319360
2026-05-13T16:36:32+01:00,2290,5293696,5319360
2026-05-13T16:36:33+01:00,2290,5293696,5319360
2026-05-13T16:36:34+01:00,2290,5293696,5319360
2026-05-13T16:36:35+01:00,2289,5293696,5319360
2026-05-13T16:36:37+01:00,2289,5293696,5319360
2026-05-13T16:36:38+01:00,2289,5293696,5319360
2026-05-13T16:36:39+01:00,2290,5293696,5319360
2026-05-13T16:36:40+01:00,2290,5293696,5319360
2026-05-13T16:36:41+01:00,2290,5293696,5319360
2026-05-13T16:36:42+01:00,2290,5293696,5319360
2026-05-13T16:36:43+01:00,2290,5293696,5319360
2026-05-13T16:36:44+01:00,2290,5293696,5319360
2026-05-13T16:36:45+01:00,2289,5293696,5319360
2026-05-13T16:36:47+01:00,2289,5293696,5319360
2026-05-13T16:36:48+01:00,2289,5293696,5319360
2026-05-13T16:36:49+01:00,2289,5293696,5319360
2026-05-13T16:36:50+01:00,2289,5293696,5319360
2026-05-13T16:36:51+01:00,2289,5293696,5319360
2026-05-13T16:36:52+01:00,2289,5293696,5319360
2026-05-13T16:36:53+01:00,2290,5293696,5319360
2026-05-13T16:36:54+01:00,2290,5293696,5319360
2026-05-13T16:36:55+01:00,2289,5293696,5319360
2026-05-13T16:36:57+01:00,2289,5293696,5319360
2026-05-13T16:36:58+01:00,2289,5293696,5319360
2026-05-13T16:36:59+01:00,2289,5293696,5319360
2026-05-13T16:37:00+01:00,2289,5293696,5319360
2026-05-13T16:37:01+01:00,2289,5293696,5319360
2026-05-13T16:37:02+01:00,2289,5293696,5319360
2026-05-13T16:37:03+01:00,2289,5293696,5319360
2026-05-13T16:37:04+01:00,2288,5293696,5319360
2026-05-13T16:37:06+01:00,2288,5293696,5319360
2026-05-13T16:37:07+01:00,2288,5293696,5319360
2026-05-13T16:37:08+01:00,2288,5293696,5319360
2026-05-13T16:37:09+01:00,2288,5293696,5319360
2026-05-13T16:37:10+01:00,2288,5293696,5319360
2026-05-13T16:37:11+01:00,2289,5293696,5319360
2026-05-13T16:37:12+01:00,2289,5293696,5319360
2026-05-13T16:37:13+01:00,2289,5293696,5319360
2026-05-13T16:37:14+01:00,2288,5293696,5319360
2026-05-13T16:37:16+01:00,2288,5293696,5319360
2026-05-13T16:37:17+01:00,2288,5293696,5319360
2026-05-13T16:37:18+01:00,2288,5293696,5319360
2026-05-13T16:37:19+01:00,2288,5293952,5319360
2026-05-13T16:37:20+01:00,2288,5293952,5319360
2026-05-13T16:37:21+01:00,2288,5293952,5319360
2026-05-13T16:37:22+01:00,2288,5293952,5319360
2026-05-13T16:37:23+01:00,2288,5293952,5319360
2026-05-13T16:37:24+01:00,2288,5293952,5319360
2026-05-13T16:37:26+01:00,2288,5293952,5319360
2026-05-13T16:37:27+01:00,2288,5293952,5319360
2026-05-13T16:37:28+01:00,2288,5293952,5319360
2026-05-13T16:37:29+01:00,2288,5293952,5319360
2026-05-13T16:37:30+01:00,2288,5293952,5319360
2026-05-13T16:37:31+01:00,2288,5293952,5319360
2026-05-13T16:37:32+01:00,2289,5293952,5319360
2026-05-13T16:37:33+01:00,2289,5293952,5319360
2026-05-13T16:37:34+01:00,2288,5293952,5319360
2026-05-13T16:37:36+01:00,2288,5293952,5319360
2026-05-13T16:37:37+01:00,2288,5293952,5319360
2026-05-13T16:37:38+01:00,2288,5293952,5319360
2026-05-13T16:37:39+01:00,2288,5293952,5319360
2026-05-13T16:37:40+01:00,2288,5293952,5319360
2026-05-13T16:37:41+01:00,2289,5293952,5319360
2026-05-13T16:37:42+01:00,2289,5293952,5319360
2026-05-13T16:37:43+01:00,2289,5293952,5319360
2026-05-13T16:37:44+01:00,2288,5293952,5319360
2026-05-13T16:37:46+01:00,2288,5293952,5319360
2026-05-13T16:37:47+01:00,2288,5293952,5319360
2026-05-13T16:37:48+01:00,2288,5293952,5319360
2026-05-13T16:37:49+01:00,2288,5293952,5319360
2026-05-13T16:37:50+01:00,2288,5293952,5319360
2026-05-13T16:37:51+01:00,2289,5293952,5319360
2026-05-13T16:37:52+01:00,2289,5293952,5319360
2026-05-13T16:37:53+01:00,2289,5293952,5319360
2026-05-13T16:37:54+01:00,2288,5293952,5319360
2026-05-13T16:37:56+01:00,2288,5293952,5319360
2026-05-13T16:37:57+01:00,2288,5293952,5319360
2026-05-13T16:37:58+01:00,2288,5293952,5319360
2026-05-13T16:37:59+01:00,2288,5293952,5319360
2026-05-13T16:38:00+01:00,2288,5293952,5319360
2026-05-13T16:38:01+01:00,2288,5293952,5319360
2026-05-13T16:38:02+01:00,2289,5293952,5319360
2026-05-13T16:38:03+01:00,2288,5293952,5319360
2026-05-13T16:38:05+01:00,2288,5293952,5319360
2026-05-13T16:38:06+01:00,2288,5293952,5319360
2026-05-13T16:38:07+01:00,2288,5293952,5319360
2026-05-13T16:38:08+01:00,2288,5293952,5319360
2026-05-13T16:38:09+01:00,2288,5293952,5319360
2026-05-13T16:38:10+01:00,2288,5293952,5319360
2026-05-13T16:38:11+01:00,2288,5293952,5319360
2026-05-13T16:38:12+01:00,2288,5293952,5319360
2026-05-13T16:38:13+01:00,2287,5293952,5319360
2026-05-13T16:38:15+01:00,2288,5293952,5319360
2026-05-13T16:38:16+01:00,2288,5293952,5319360
2026-05-13T16:38:17+01:00,2288,5293952,5319360
2026-05-13T16:38:18+01:00,2288,5293952,5319360
2026-05-13T16:38:19+01:00,2288,5293952,5319360
2026-05-13T16:38:20+01:00,2288,5293952,5319360
2026-05-13T16:38:21+01:00,2288,5293952,5319360
2026-05-13T16:38:22+01:00,2288,5293952,5319360
2026-05-13T16:38:23+01:00,2287,5293952,5319360
2026-05-13T16:38:25+01:00,2287,5293952,5319360
2026-05-13T16:38:26+01:00,2287,5293952,5319360
2026-05-13T16:38:27+01:00,2287,5293952,5319360
2026-05-13T16:38:28+01:00,2287,5293952,5319360
2026-05-13T16:38:29+01:00,2287,5293952,5319360
2026-05-13T16:38:30+01:00,2288,5293952,5319360
2026-05-13T16:38:31+01:00,2288,5293952,5319360
2026-05-13T16:38:32+01:00,2288,5293952,5319360
2026-05-13T16:38:33+01:00,2287,5293952,5319360
2026-05-13T16:38:35+01:00,2287,5293952,5319360
2026-05-13T16:38:36+01:00,2287,5293952,5319360
2026-05-13T16:38:37+01:00,2287,5293952,5319360
2026-05-13T16:38:38+01:00,2287,5293952,5319360
2026-05-13T16:38:39+01:00,2287,5293952,5319360
2026-05-13T16:38:40+01:00,2287,5293952,5319360
2026-05-13T16:38:41+01:00,2287,5293952,5319360
2026-05-13T16:38:42+01:00,2287,5293952,5319360
2026-05-13T16:38:43+01:00,2286,5293952,5319360
2026-05-13T16:38:45+01:00,2286,5293952,5319360
2026-05-13T16:38:46+01:00,2286,5293952,5319360
2026-05-13T16:38:47+01:00,2286,5293952,5319360
2026-05-13T16:38:48+01:00,2287,5293952,5319360
2026-05-13T16:38:49+01:00,2287,5293952,5319360
2026-05-13T16:38:50+01:00,2287,5293952,5319360
2026-05-13T16:38:51+01:00,2287,5293952,5319360
2026-05-13T16:38:52+01:00,2287,5293952,5319360
