arch,cache_type_k,cache_type_v,category,ctx_size,engine,experiment_dir,goodput_sla_fraction_mean,max_tokens,max_vmhwm_kb,model,model_label,parallel_requests,prompt_id,replica_count,source,successful_runs,suite,threads,threads_batch,total_throughput_output_tok_s_mean,tpot_s_mean_across_replicas,ttft_s_mean_across_replicas
unknown,turbo3,turbo3,long,2048,tq,measurements/1254633-track-a1-server-sweep-x86,1.0,128,8375168.0,/projects/F202500010HPCVLABUMINHO/uminhocp006/aded-project-llamacpp/llamacpp-tq/models/Meta-Llama-3.1-8B-Instruct-Q4_K_M.gguf,model-1-mandatory,1,long_hpc_case_study,1,measurements/organized_a1_results/x86_server/a1_server_scaling_summary.csv,3,concurrency,32,32,9.277966752586883,0.10772665924409419,0.11641864500006704
unknown,turbo3,turbo3,long,2048,tq,measurements/1254633-track-a1-server-sweep-x86,1.0,128,8375168.0,/projects/F202500010HPCVLABUMINHO/uminhocp006/aded-project-llamacpp/llamacpp-tq/models/Meta-Llama-3.1-8B-Instruct-Q4_K_M.gguf,model-1-mandatory,1,long_memory_bound_reasoning,1,measurements/organized_a1_results/x86_server/a1_server_scaling_summary.csv,3,concurrency,32,32,9.421894854998788,0.10607188090813567,0.11583908533346705
unknown,turbo3,turbo3,long,2048,tq,measurements/1254633-track-a1-server-sweep-x86,1.0,128,8375168.0,/projects/F202500010HPCVLABUMINHO/uminhocp006/aded-project-llamacpp/llamacpp-tq/models/Meta-Llama-3.1-8B-Instruct-Q4_K_M.gguf,model-1-mandatory,1,mandatory_long_transformer_cpu,1,measurements/organized_a1_results/x86_server/a1_server_scaling_summary.csv,3,concurrency,32,32,9.593713847887193,0.10420388221259803,0.11071104633325983
unknown,turbo3,turbo3,medium,2048,tq,measurements/1254633-track-a1-server-sweep-x86,1.0,128,8375168.0,/projects/F202500010HPCVLABUMINHO/uminhocp006/aded-project-llamacpp/llamacpp-tq/models/Meta-Llama-3.1-8B-Instruct-Q4_K_M.gguf,model-1-mandatory,1,mandatory_medium_ml_vs_dl,1,measurements/organized_a1_results/x86_server/a1_server_scaling_summary.csv,3,concurrency,32,32,9.860243713199957,0.10139672520209946,0.10774182133339612
unknown,turbo3,turbo3,medium,2048,tq,measurements/1254633-track-a1-server-sweep-x86,1.0,128,8375168.0,/projects/F202500010HPCVLABUMINHO/uminhocp006/aded-project-llamacpp/llamacpp-tq/models/Meta-Llama-3.1-8B-Instruct-Q4_K_M.gguf,model-1-mandatory,1,medium_cpu_inference_pipeline,1,measurements/organized_a1_results/x86_server/a1_server_scaling_summary.csv,3,concurrency,32,32,9.716984113314348,0.1028870473910764,0.10918192633334911
unknown,turbo3,turbo3,medium,2048,tq,measurements/1254633-track-a1-server-sweep-x86,1.0,128,8375168.0,/projects/F202500010HPCVLABUMINHO/uminhocp006/aded-project-llamacpp/llamacpp-tq/models/Meta-Llama-3.1-8B-Instruct-Q4_K_M.gguf,model-1-mandatory,1,medium_quant_tradeoff,1,measurements/organized_a1_results/x86_server/a1_server_scaling_summary.csv,3,concurrency,32,32,9.778727691331985,0.1022439068582675,0.10786806900000556
unknown,turbo3,turbo3,short,2048,tq,measurements/1254633-track-a1-server-sweep-x86,1.0,128,8375168.0,/projects/F202500010HPCVLABUMINHO/uminhocp006/aded-project-llamacpp/llamacpp-tq/models/Meta-Llama-3.1-8B-Instruct-Q4_K_M.gguf,model-1-mandatory,1,mandatory_short_capital_france,1,measurements/organized_a1_results/x86_server/a1_server_scaling_summary.csv,3,concurrency,32,32,7.852244727802514,0.10169539255556022,0.18043190266666898
unknown,turbo3,turbo3,short,2048,tq,measurements/1254633-track-a1-server-sweep-x86,1.0,128,8375168.0,/projects/F202500010HPCVLABUMINHO/uminhocp006/aded-project-llamacpp/llamacpp-tq/models/Meta-Llama-3.1-8B-Instruct-Q4_K_M.gguf,model-1-mandatory,1,short_cpu_quantisation,1,measurements/organized_a1_results/x86_server/a1_server_scaling_summary.csv,3,concurrency,32,32,9.517033210958612,0.10262329745931757,0.423498850333317
unknown,turbo3,turbo3,short,2048,tq,measurements/1254633-track-a1-server-sweep-x86,1.0,128,8375168.0,/projects/F202500010HPCVLABUMINHO/uminhocp006/aded-project-llamacpp/llamacpp-tq/models/Meta-Llama-3.1-8B-Instruct-Q4_K_M.gguf,model-1-mandatory,1,short_threading_definition,1,measurements/organized_a1_results/x86_server/a1_server_scaling_summary.csv,3,concurrency,32,32,9.799961034081138,0.10203806788713886,0.10703901100002138
unknown,turbo4,turbo4,long,2048,tq,measurements/1254633-track-a1-server-sweep-x86,1.0,128,8426408.0,/projects/F202500010HPCVLABUMINHO/uminhocp006/aded-project-llamacpp/llamacpp-tq/models/Meta-Llama-3.1-8B-Instruct-Q4_K_M.gguf,model-1-mandatory,1,long_hpc_case_study,1,measurements/organized_a1_results/x86_server/a1_server_scaling_summary.csv,3,concurrency,32,32,9.097807349998405,0.10990359029397148,0.12098337333494176
unknown,turbo4,turbo4,long,2048,tq,measurements/1254633-track-a1-server-sweep-x86,1.0,128,8426408.0,/projects/F202500010HPCVLABUMINHO/uminhocp006/aded-project-llamacpp/llamacpp-tq/models/Meta-Llama-3.1-8B-Instruct-Q4_K_M.gguf,model-1-mandatory,1,long_memory_bound_reasoning,1,measurements/organized_a1_results/x86_server/a1_server_scaling_summary.csv,3,concurrency,32,32,9.187602407685679,0.10883317762460887,0.11930794767492141
unknown,turbo4,turbo4,long,2048,tq,measurements/1254633-track-a1-server-sweep-x86,1.0,128,8426408.0,/projects/F202500010HPCVLABUMINHO/uminhocp006/aded-project-llamacpp/llamacpp-tq/models/Meta-Llama-3.1-8B-Instruct-Q4_K_M.gguf,model-1-mandatory,1,mandatory_long_transformer_cpu,1,measurements/organized_a1_results/x86_server/a1_server_scaling_summary.csv,3,concurrency,32,32,9.38373939184096,0.106629361881825,0.11371296733462562
unknown,turbo4,turbo4,medium,2048,tq,measurements/1254633-track-a1-server-sweep-x86,1.0,128,8426408.0,/projects/F202500010HPCVLABUMINHO/uminhocp006/aded-project-llamacpp/llamacpp-tq/models/Meta-Llama-3.1-8B-Instruct-Q4_K_M.gguf,model-1-mandatory,1,mandatory_medium_ml_vs_dl,1,measurements/organized_a1_results/x86_server/a1_server_scaling_summary.csv,3,concurrency,32,32,9.551919436471143,0.10477968940691317,0.11058117466745898
unknown,turbo4,turbo4,medium,2048,tq,measurements/1254633-track-a1-server-sweep-x86,1.0,128,8426408.0,/projects/F202500010HPCVLABUMINHO/uminhocp006/aded-project-llamacpp/llamacpp-tq/models/Meta-Llama-3.1-8B-Instruct-Q4_K_M.gguf,model-1-mandatory,1,medium_cpu_inference_pipeline,1,measurements/organized_a1_results/x86_server/a1_server_scaling_summary.csv,3,concurrency,32,32,9.445896878769892,0.10597198970074731,0.11268082699583222
unknown,turbo4,turbo4,medium,2048,tq,measurements/1254633-track-a1-server-sweep-x86,1.0,128,8426408.0,/projects/F202500010HPCVLABUMINHO/uminhocp006/aded-project-llamacpp/llamacpp-tq/models/Meta-Llama-3.1-8B-Instruct-Q4_K_M.gguf,model-1-mandatory,1,medium_quant_tradeoff,1,measurements/organized_a1_results/x86_server/a1_server_scaling_summary.csv,3,concurrency,32,32,9.55421843306368,0.10474846634636156,0.11099936999380589
unknown,turbo4,turbo4,short,2048,tq,measurements/1254633-track-a1-server-sweep-x86,1.0,128,8426408.0,/projects/F202500010HPCVLABUMINHO/uminhocp006/aded-project-llamacpp/llamacpp-tq/models/Meta-Llama-3.1-8B-Instruct-Q4_K_M.gguf,model-1-mandatory,1,mandatory_short_capital_france,1,measurements/organized_a1_results/x86_server/a1_server_scaling_summary.csv,3,concurrency,32,32,7.732536286085147,0.10473837266585583,0.17419034866422103
unknown,turbo4,turbo4,short,2048,tq,measurements/1254633-track-a1-server-sweep-x86,1.0,128,8426408.0,/projects/F202500010HPCVLABUMINHO/uminhocp006/aded-project-llamacpp/llamacpp-tq/models/Meta-Llama-3.1-8B-Instruct-Q4_K_M.gguf,model-1-mandatory,1,short_cpu_quantisation,1,measurements/organized_a1_results/x86_server/a1_server_scaling_summary.csv,3,concurrency,32,32,9.141472250681083,0.10731609853802204,0.4059938639984466
unknown,turbo4,turbo4,short,2048,tq,measurements/1254633-track-a1-server-sweep-x86,1.0,128,8426408.0,/projects/F202500010HPCVLABUMINHO/uminhocp006/aded-project-llamacpp/llamacpp-tq/models/Meta-Llama-3.1-8B-Instruct-Q4_K_M.gguf,model-1-mandatory,1,short_threading_definition,1,measurements/organized_a1_results/x86_server/a1_server_scaling_summary.csv,3,concurrency,32,32,9.446907795290725,0.10599740195276613,0.11358937199111097
unknown,turbo3,turbo3,long,2048,tq,measurements/1254633-track-a1-server-sweep-x86,0.0,128,8399920.0,/projects/F202500010HPCVLABUMINHO/uminhocp006/aded-project-llamacpp/llamacpp-tq/models/Meta-Llama-3.1-8B-Instruct-Q4_K_M.gguf,model-1-mandatory,16,long_hpc_case_study,1,measurements/organized_a1_results/x86_server/a1_server_scaling_summary.csv,0,concurrency,32,32,,,
unknown,turbo3,turbo3,long,2048,tq,measurements/1254633-track-a1-server-sweep-x86,0.0,128,8399920.0,/projects/F202500010HPCVLABUMINHO/uminhocp006/aded-project-llamacpp/llamacpp-tq/models/Meta-Llama-3.1-8B-Instruct-Q4_K_M.gguf,model-1-mandatory,16,long_memory_bound_reasoning,1,measurements/organized_a1_results/x86_server/a1_server_scaling_summary.csv,0,concurrency,32,32,,,
unknown,turbo3,turbo3,long,2048,tq,measurements/1254633-track-a1-server-sweep-x86,0.0,128,8399920.0,/projects/F202500010HPCVLABUMINHO/uminhocp006/aded-project-llamacpp/llamacpp-tq/models/Meta-Llama-3.1-8B-Instruct-Q4_K_M.gguf,model-1-mandatory,16,mandatory_long_transformer_cpu,1,measurements/organized_a1_results/x86_server/a1_server_scaling_summary.csv,3,concurrency,32,32,3.261574781037806,0.280106200472494,2.4273594570016335
unknown,turbo3,turbo3,medium,2048,tq,measurements/1254633-track-a1-server-sweep-x86,0.0,128,8399920.0,/projects/F202500010HPCVLABUMINHO/uminhocp006/aded-project-llamacpp/llamacpp-tq/models/Meta-Llama-3.1-8B-Instruct-Q4_K_M.gguf,model-1-mandatory,16,mandatory_medium_ml_vs_dl,1,measurements/organized_a1_results/x86_server/a1_server_scaling_summary.csv,3,concurrency,32,32,3.398209555638782,0.27844597606559457,2.3224820173345506
unknown,turbo3,turbo3,medium,2048,tq,measurements/1254633-track-a1-server-sweep-x86,0.0,128,8399920.0,/projects/F202500010HPCVLABUMINHO/uminhocp006/aded-project-llamacpp/llamacpp-tq/models/Meta-Llama-3.1-8B-Instruct-Q4_K_M.gguf,model-1-mandatory,16,medium_cpu_inference_pipeline,1,measurements/organized_a1_results/x86_server/a1_server_scaling_summary.csv,3,concurrency,32,32,3.421745292665958,0.27534228778478453,2.475864766999924
unknown,turbo3,turbo3,medium,2048,tq,measurements/1254633-track-a1-server-sweep-x86,0.0,128,8399920.0,/projects/F202500010HPCVLABUMINHO/uminhocp006/aded-project-llamacpp/llamacpp-tq/models/Meta-Llama-3.1-8B-Instruct-Q4_K_M.gguf,model-1-mandatory,16,medium_quant_tradeoff,1,measurements/organized_a1_results/x86_server/a1_server_scaling_summary.csv,3,concurrency,32,32,3.693874883438234,0.25825720124149554,2.428162901002603
unknown,turbo3,turbo3,short,2048,tq,measurements/1254633-track-a1-server-sweep-x86,0.0,128,8399920.0,/projects/F202500010HPCVLABUMINHO/uminhocp006/aded-project-llamacpp/llamacpp-tq/models/Meta-Llama-3.1-8B-Instruct-Q4_K_M.gguf,model-1-mandatory,16,mandatory_short_capital_france,1,measurements/organized_a1_results/x86_server/a1_server_scaling_summary.csv,3,concurrency,32,32,1.2824020831348237,0.5840680878884288,1.7202532303344924
unknown,turbo3,turbo3,short,2048,tq,measurements/1254633-track-a1-server-sweep-x86,0.0,128,8399920.0,/projects/F202500010HPCVLABUMINHO/uminhocp006/aded-project-llamacpp/llamacpp-tq/models/Meta-Llama-3.1-8B-Instruct-Q4_K_M.gguf,model-1-mandatory,16,short_cpu_quantisation,1,measurements/organized_a1_results/x86_server/a1_server_scaling_summary.csv,3,concurrency,32,32,3.400260650597215,0.2758068022912636,2.635890818676368
unknown,turbo3,turbo3,short,2048,tq,measurements/1254633-track-a1-server-sweep-x86,0.0,128,8399920.0,/projects/F202500010HPCVLABUMINHO/uminhocp006/aded-project-llamacpp/llamacpp-tq/models/Meta-Llama-3.1-8B-Instruct-Q4_K_M.gguf,model-1-mandatory,16,short_threading_definition,1,measurements/organized_a1_results/x86_server/a1_server_scaling_summary.csv,3,concurrency,32,32,3.4024044181505997,0.2788329613097122,2.2288786100010234
unknown,turbo4,turbo4,long,2048,tq,measurements/1254633-track-a1-server-sweep-x86,0.0,128,8461572.0,/projects/F202500010HPCVLABUMINHO/uminhocp006/aded-project-llamacpp/llamacpp-tq/models/Meta-Llama-3.1-8B-Instruct-Q4_K_M.gguf,model-1-mandatory,16,long_hpc_case_study,1,measurements/organized_a1_results/x86_server/a1_server_scaling_summary.csv,0,concurrency,32,32,,,
unknown,turbo4,turbo4,long,2048,tq,measurements/1254633-track-a1-server-sweep-x86,0.0,128,8461572.0,/projects/F202500010HPCVLABUMINHO/uminhocp006/aded-project-llamacpp/llamacpp-tq/models/Meta-Llama-3.1-8B-Instruct-Q4_K_M.gguf,model-1-mandatory,16,long_memory_bound_reasoning,1,measurements/organized_a1_results/x86_server/a1_server_scaling_summary.csv,0,concurrency,32,32,,,
unknown,turbo4,turbo4,long,2048,tq,measurements/1254633-track-a1-server-sweep-x86,0.0,128,8461572.0,/projects/F202500010HPCVLABUMINHO/uminhocp006/aded-project-llamacpp/llamacpp-tq/models/Meta-Llama-3.1-8B-Instruct-Q4_K_M.gguf,model-1-mandatory,16,mandatory_long_transformer_cpu,1,measurements/organized_a1_results/x86_server/a1_server_scaling_summary.csv,3,concurrency,32,32,3.356225337876888,0.27027153250204305,2.601073939993512
unknown,turbo4,turbo4,medium,2048,tq,measurements/1254633-track-a1-server-sweep-x86,0.0,128,8461572.0,/projects/F202500010HPCVLABUMINHO/uminhocp006/aded-project-llamacpp/llamacpp-tq/models/Meta-Llama-3.1-8B-Instruct-Q4_K_M.gguf,model-1-mandatory,16,mandatory_medium_ml_vs_dl,1,measurements/organized_a1_results/x86_server/a1_server_scaling_summary.csv,3,concurrency,32,32,3.4066959288391705,0.27646375002108486,2.470720932993572
unknown,turbo4,turbo4,medium,2048,tq,measurements/1254633-track-a1-server-sweep-x86,0.0,128,8461572.0,/projects/F202500010HPCVLABUMINHO/uminhocp006/aded-project-llamacpp/llamacpp-tq/models/Meta-Llama-3.1-8B-Instruct-Q4_K_M.gguf,model-1-mandatory,16,medium_cpu_inference_pipeline,1,measurements/organized_a1_results/x86_server/a1_server_scaling_summary.csv,3,concurrency,32,32,3.425813892528359,0.27349251301051974,2.649780445334424
unknown,turbo4,turbo4,medium,2048,tq,measurements/1254633-track-a1-server-sweep-x86,0.0,128,8461572.0,/projects/F202500010HPCVLABUMINHO/uminhocp006/aded-project-llamacpp/llamacpp-tq/models/Meta-Llama-3.1-8B-Instruct-Q4_K_M.gguf,model-1-mandatory,16,medium_quant_tradeoff,1,measurements/organized_a1_results/x86_server/a1_server_scaling_summary.csv,3,concurrency,32,32,3.7750433195201034,0.25218114930440627,2.605488326672154
unknown,turbo4,turbo4,short,2048,tq,measurements/1254633-track-a1-server-sweep-x86,0.0,128,8461572.0,/projects/F202500010HPCVLABUMINHO/uminhocp006/aded-project-llamacpp/llamacpp-tq/models/Meta-Llama-3.1-8B-Instruct-Q4_K_M.gguf,model-1-mandatory,16,mandatory_short_capital_france,1,measurements/organized_a1_results/x86_server/a1_server_scaling_summary.csv,3,concurrency,32,32,1.307240134991319,0.5720593863871828,1.7395971660055995
unknown,turbo4,turbo4,short,2048,tq,measurements/1254633-track-a1-server-sweep-x86,0.0,128,8461572.0,/projects/F202500010HPCVLABUMINHO/uminhocp006/aded-project-llamacpp/llamacpp-tq/models/Meta-Llama-3.1-8B-Instruct-Q4_K_M.gguf,model-1-mandatory,16,short_cpu_quantisation,1,measurements/organized_a1_results/x86_server/a1_server_scaling_summary.csv,3,concurrency,32,32,3.4235114622112697,0.2729597251969689,2.7413211839836245
unknown,turbo4,turbo4,short,2048,tq,measurements/1254633-track-a1-server-sweep-x86,0.0,128,8461572.0,/projects/F202500010HPCVLABUMINHO/uminhocp006/aded-project-llamacpp/llamacpp-tq/models/Meta-Llama-3.1-8B-Instruct-Q4_K_M.gguf,model-1-mandatory,16,short_threading_definition,1,measurements/organized_a1_results/x86_server/a1_server_scaling_summary.csv,3,concurrency,32,32,3.4117968048422838,0.2767840222861334,2.375624181673629
unknown,turbo4,turbo4,long,2048,tq,measurements/1254633-track-a1-server-sweep-x86,1.0,128,8418880.0,/projects/F202500010HPCVLABUMINHO/uminhocp006/aded-project-llamacpp/llamacpp-tq/models/Meta-Llama-3.1-8B-Instruct-Q4_K_M.gguf,model-1-mandatory,2,long_hpc_case_study,1,measurements/organized_a1_results/x86_server/a1_server_scaling_summary.csv,3,concurrency,32,32,8.318598986885418,0.1190723725722912,0.2650155013737579
unknown,turbo4,turbo4,long,2048,tq,measurements/1254633-track-a1-server-sweep-x86,1.0,128,8418880.0,/projects/F202500010HPCVLABUMINHO/uminhocp006/aded-project-llamacpp/llamacpp-tq/models/Meta-Llama-3.1-8B-Instruct-Q4_K_M.gguf,model-1-mandatory,2,long_memory_bound_reasoning,1,measurements/organized_a1_results/x86_server/a1_server_scaling_summary.csv,3,concurrency,32,32,8.30547273777463,0.11889182542526502,0.31240135330396396
unknown,turbo4,turbo4,long,2048,tq,measurements/1254633-track-a1-server-sweep-x86,1.0,128,8418880.0,/projects/F202500010HPCVLABUMINHO/uminhocp006/aded-project-llamacpp/llamacpp-tq/models/Meta-Llama-3.1-8B-Instruct-Q4_K_M.gguf,model-1-mandatory,2,mandatory_long_transformer_cpu,1,measurements/organized_a1_results/x86_server/a1_server_scaling_summary.csv,3,concurrency,32,32,8.889002345185133,0.11106291130671567,0.29498806172826636
unknown,turbo4,turbo4,medium,2048,tq,measurements/1254633-track-a1-server-sweep-x86,1.0,128,8418880.0,/projects/F202500010HPCVLABUMINHO/uminhocp006/aded-project-llamacpp/llamacpp-tq/models/Meta-Llama-3.1-8B-Instruct-Q4_K_M.gguf,model-1-mandatory,2,mandatory_medium_ml_vs_dl,1,measurements/organized_a1_results/x86_server/a1_server_scaling_summary.csv,3,concurrency,32,32,9.142644044078775,0.10814637526762219,0.26554939899748814
unknown,turbo4,turbo4,medium,2048,tq,measurements/1254633-track-a1-server-sweep-x86,1.0,128,8418880.0,/projects/F202500010HPCVLABUMINHO/uminhocp006/aded-project-llamacpp/llamacpp-tq/models/Meta-Llama-3.1-8B-Instruct-Q4_K_M.gguf,model-1-mandatory,2,medium_cpu_inference_pipeline,1,measurements/organized_a1_results/x86_server/a1_server_scaling_summary.csv,3,concurrency,32,32,9.138728304866081,0.10822197021225961,0.26200644369237125
unknown,turbo4,turbo4,medium,2048,tq,measurements/1254633-track-a1-server-sweep-x86,1.0,128,8418880.0,/projects/F202500010HPCVLABUMINHO/uminhocp006/aded-project-llamacpp/llamacpp-tq/models/Meta-Llama-3.1-8B-Instruct-Q4_K_M.gguf,model-1-mandatory,2,medium_quant_tradeoff,1,measurements/organized_a1_results/x86_server/a1_server_scaling_summary.csv,3,concurrency,32,32,8.910155050169722,0.11107465177450544,0.25919932732358575
unknown,turbo4,turbo4,short,2048,tq,measurements/1254633-track-a1-server-sweep-x86,1.0,128,8418880.0,/projects/F202500010HPCVLABUMINHO/uminhocp006/aded-project-llamacpp/llamacpp-tq/models/Meta-Llama-3.1-8B-Instruct-Q4_K_M.gguf,model-1-mandatory,2,mandatory_short_capital_france,1,measurements/organized_a1_results/x86_server/a1_server_scaling_summary.csv,3,concurrency,32,32,6.622247685559345,0.10624791827932414,0.31820359628181905
unknown,turbo4,turbo4,short,2048,tq,measurements/1254633-track-a1-server-sweep-x86,1.0,128,8418880.0,/projects/F202500010HPCVLABUMINHO/uminhocp006/aded-project-llamacpp/llamacpp-tq/models/Meta-Llama-3.1-8B-Instruct-Q4_K_M.gguf,model-1-mandatory,2,short_cpu_quantisation,1,measurements/organized_a1_results/x86_server/a1_server_scaling_summary.csv,3,concurrency,32,32,9.104261296093927,0.10814668026262664,0.32508977797503275
unknown,turbo4,turbo4,short,2048,tq,measurements/1254633-track-a1-server-sweep-x86,1.0,128,8418880.0,/projects/F202500010HPCVLABUMINHO/uminhocp006/aded-project-llamacpp/llamacpp-tq/models/Meta-Llama-3.1-8B-Instruct-Q4_K_M.gguf,model-1-mandatory,2,short_threading_definition,1,measurements/organized_a1_results/x86_server/a1_server_scaling_summary.csv,3,concurrency,32,32,9.070799501376044,0.10698554267754821,0.5244462966220453
unknown,turbo3,turbo3,long,2048,tq,measurements/1254633-track-a1-server-sweep-x86,1.0,128,8387296.0,/projects/F202500010HPCVLABUMINHO/uminhocp006/aded-project-llamacpp/llamacpp-tq/models/Meta-Llama-3.1-8B-Instruct-Q4_K_M.gguf,model-1-mandatory,4,long_hpc_case_study,1,measurements/organized_a1_results/x86_server/a1_server_scaling_summary.csv,3,concurrency,32,32,5.113436647746101,0.19343353957478618,0.46558473266971606
unknown,turbo3,turbo3,long,2048,tq,measurements/1254633-track-a1-server-sweep-x86,1.0,128,8387296.0,/projects/F202500010HPCVLABUMINHO/uminhocp006/aded-project-llamacpp/llamacpp-tq/models/Meta-Llama-3.1-8B-Instruct-Q4_K_M.gguf,model-1-mandatory,4,long_memory_bound_reasoning,1,measurements/organized_a1_results/x86_server/a1_server_scaling_summary.csv,3,concurrency,32,32,5.10218473289092,0.19341404438587126,0.5238849813370811
unknown,turbo3,turbo3,long,2048,tq,measurements/1254633-track-a1-server-sweep-x86,1.0,128,8387296.0,/projects/F202500010HPCVLABUMINHO/uminhocp006/aded-project-llamacpp/llamacpp-tq/models/Meta-Llama-3.1-8B-Instruct-Q4_K_M.gguf,model-1-mandatory,4,mandatory_long_transformer_cpu,1,measurements/organized_a1_results/x86_server/a1_server_scaling_summary.csv,3,concurrency,32,32,5.132633381299222,0.1931329128818875,0.410212818669
unknown,turbo3,turbo3,medium,2048,tq,measurements/1254633-track-a1-server-sweep-x86,1.0,128,8387296.0,/projects/F202500010HPCVLABUMINHO/uminhocp006/aded-project-llamacpp/llamacpp-tq/models/Meta-Llama-3.1-8B-Instruct-Q4_K_M.gguf,model-1-mandatory,4,mandatory_medium_ml_vs_dl,1,measurements/organized_a1_results/x86_server/a1_server_scaling_summary.csv,3,concurrency,32,32,5.3318545537612785,0.1797653728241426,1.1765902643286001
unknown,turbo3,turbo3,medium,2048,tq,measurements/1254633-track-a1-server-sweep-x86,1.0,128,8387296.0,/projects/F202500010HPCVLABUMINHO/uminhocp006/aded-project-llamacpp/llamacpp-tq/models/Meta-Llama-3.1-8B-Instruct-Q4_K_M.gguf,model-1-mandatory,4,medium_cpu_inference_pipeline,1,measurements/organized_a1_results/x86_server/a1_server_scaling_summary.csv,3,concurrency,32,32,5.327116894265451,0.17738120275324398,1.500837130016104
unknown,turbo3,turbo3,medium,2048,tq,measurements/1254633-track-a1-server-sweep-x86,1.0,128,8387296.0,/projects/F202500010HPCVLABUMINHO/uminhocp006/aded-project-llamacpp/llamacpp-tq/models/Meta-Llama-3.1-8B-Instruct-Q4_K_M.gguf,model-1-mandatory,4,medium_quant_tradeoff,1,measurements/organized_a1_results/x86_server/a1_server_scaling_summary.csv,3,concurrency,32,32,5.145379693716023,0.1930528924514917,0.3592485539944998
unknown,turbo3,turbo3,short,2048,tq,measurements/1254633-track-a1-server-sweep-x86,1.0,128,8387296.0,/projects/F202500010HPCVLABUMINHO/uminhocp006/aded-project-llamacpp/llamacpp-tq/models/Meta-Llama-3.1-8B-Instruct-Q4_K_M.gguf,model-1-mandatory,4,mandatory_short_capital_france,1,measurements/organized_a1_results/x86_server/a1_server_scaling_summary.csv,3,concurrency,32,32,3.9666072444261404,0.1777945906117869,0.5314378040008402
unknown,turbo3,turbo3,short,2048,tq,measurements/1254633-track-a1-server-sweep-x86,1.0,128,8387296.0,/projects/F202500010HPCVLABUMINHO/uminhocp006/aded-project-llamacpp/llamacpp-tq/models/Meta-Llama-3.1-8B-Instruct-Q4_K_M.gguf,model-1-mandatory,4,short_cpu_quantisation,1,measurements/organized_a1_results/x86_server/a1_server_scaling_summary.csv,3,concurrency,32,32,5.296248906927303,0.18613614067974565,0.5315051299985498
unknown,turbo3,turbo3,short,2048,tq,measurements/1254633-track-a1-server-sweep-x86,1.0,128,8387296.0,/projects/F202500010HPCVLABUMINHO/uminhocp006/aded-project-llamacpp/llamacpp-tq/models/Meta-Llama-3.1-8B-Instruct-Q4_K_M.gguf,model-1-mandatory,4,short_threading_definition,1,measurements/organized_a1_results/x86_server/a1_server_scaling_summary.csv,3,concurrency,32,32,5.318042230289958,0.18282867546191467,0.8515632440006206
unknown,turbo4,turbo4,long,2048,tq,measurements/1254633-track-a1-server-sweep-x86,1.0,128,8417588.0,/projects/F202500010HPCVLABUMINHO/uminhocp006/aded-project-llamacpp/llamacpp-tq/models/Meta-Llama-3.1-8B-Instruct-Q4_K_M.gguf,model-1-mandatory,4,long_hpc_case_study,1,measurements/organized_a1_results/x86_server/a1_server_scaling_summary.csv,3,concurrency,32,32,5.8915645713334435,0.1683189911313179,0.35024692198688473
unknown,turbo4,turbo4,long,2048,tq,measurements/1254633-track-a1-server-sweep-x86,1.0,128,8417588.0,/projects/F202500010HPCVLABUMINHO/uminhocp006/aded-project-llamacpp/llamacpp-tq/models/Meta-Llama-3.1-8B-Instruct-Q4_K_M.gguf,model-1-mandatory,4,long_memory_bound_reasoning,1,measurements/organized_a1_results/x86_server/a1_server_scaling_summary.csv,3,concurrency,32,32,5.877803843568575,0.16899580868494848,0.31458683033512597
unknown,turbo4,turbo4,long,2048,tq,measurements/1254633-track-a1-server-sweep-x86,1.0,128,8417588.0,/projects/F202500010HPCVLABUMINHO/uminhocp006/aded-project-llamacpp/llamacpp-tq/models/Meta-Llama-3.1-8B-Instruct-Q4_K_M.gguf,model-1-mandatory,4,mandatory_long_transformer_cpu,1,measurements/organized_a1_results/x86_server/a1_server_scaling_summary.csv,3,concurrency,32,32,5.917131247912937,0.16723178933864077,0.39248924599572393
unknown,turbo4,turbo4,medium,2048,tq,measurements/1254633-track-a1-server-sweep-x86,1.0,128,8417588.0,/projects/F202500010HPCVLABUMINHO/uminhocp006/aded-project-llamacpp/llamacpp-tq/models/Meta-Llama-3.1-8B-Instruct-Q4_K_M.gguf,model-1-mandatory,4,mandatory_medium_ml_vs_dl,1,measurements/organized_a1_results/x86_server/a1_server_scaling_summary.csv,3,concurrency,32,32,6.2663928017684265,0.15504864767981202,0.7394656543328892
unknown,turbo4,turbo4,medium,2048,tq,measurements/1254633-track-a1-server-sweep-x86,1.0,128,8417588.0,/projects/F202500010HPCVLABUMINHO/uminhocp006/aded-project-llamacpp/llamacpp-tq/models/Meta-Llama-3.1-8B-Instruct-Q4_K_M.gguf,model-1-mandatory,4,medium_cpu_inference_pipeline,1,measurements/organized_a1_results/x86_server/a1_server_scaling_summary.csv,3,concurrency,32,32,6.248720268401402,0.15323335595283502,1.0286906196755201
unknown,turbo4,turbo4,medium,2048,tq,measurements/1254633-track-a1-server-sweep-x86,1.0,128,8417588.0,/projects/F202500010HPCVLABUMINHO/uminhocp006/aded-project-llamacpp/llamacpp-tq/models/Meta-Llama-3.1-8B-Instruct-Q4_K_M.gguf,model-1-mandatory,4,medium_quant_tradeoff,1,measurements/organized_a1_results/x86_server/a1_server_scaling_summary.csv,3,concurrency,32,32,5.91894741383035,0.1668231107217866,0.43859853800192167
unknown,turbo4,turbo4,short,2048,tq,measurements/1254633-track-a1-server-sweep-x86,1.0,128,8417588.0,/projects/F202500010HPCVLABUMINHO/uminhocp006/aded-project-llamacpp/llamacpp-tq/models/Meta-Llama-3.1-8B-Instruct-Q4_K_M.gguf,model-1-mandatory,4,mandatory_short_capital_france,1,measurements/organized_a1_results/x86_server/a1_server_scaling_summary.csv,3,concurrency,32,32,4.3401948455927934,0.15514376033388544,0.5501921836694237
unknown,turbo4,turbo4,short,2048,tq,measurements/1254633-track-a1-server-sweep-x86,1.0,128,8417588.0,/projects/F202500010HPCVLABUMINHO/uminhocp006/aded-project-llamacpp/llamacpp-tq/models/Meta-Llama-3.1-8B-Instruct-Q4_K_M.gguf,model-1-mandatory,4,short_cpu_quantisation,1,measurements/organized_a1_results/x86_server/a1_server_scaling_summary.csv,3,concurrency,32,32,6.218948471168425,0.15775676235702352,0.5490700666656873
unknown,turbo4,turbo4,short,2048,tq,measurements/1254633-track-a1-server-sweep-x86,1.0,128,8417588.0,/projects/F202500010HPCVLABUMINHO/uminhocp006/aded-project-llamacpp/llamacpp-tq/models/Meta-Llama-3.1-8B-Instruct-Q4_K_M.gguf,model-1-mandatory,4,short_threading_definition,1,measurements/organized_a1_results/x86_server/a1_server_scaling_summary.csv,3,concurrency,32,32,6.249632853012618,0.15705036099210595,0.5414475653281746
unknown,turbo3,turbo3,long,2048,tq,measurements/1254633-track-a1-server-sweep-x86,0.0,128,8388684.0,/projects/F202500010HPCVLABUMINHO/uminhocp006/aded-project-llamacpp/llamacpp-tq/models/Meta-Llama-3.1-8B-Instruct-Q4_K_M.gguf,model-1-mandatory,8,long_hpc_case_study,1,measurements/organized_a1_results/x86_server/a1_server_scaling_summary.csv,0,concurrency,32,32,,,
unknown,turbo3,turbo3,long,2048,tq,measurements/1254633-track-a1-server-sweep-x86,0.0,128,8388684.0,/projects/F202500010HPCVLABUMINHO/uminhocp006/aded-project-llamacpp/llamacpp-tq/models/Meta-Llama-3.1-8B-Instruct-Q4_K_M.gguf,model-1-mandatory,8,long_memory_bound_reasoning,1,measurements/organized_a1_results/x86_server/a1_server_scaling_summary.csv,0,concurrency,32,32,,,
unknown,turbo3,turbo3,long,2048,tq,measurements/1254633-track-a1-server-sweep-x86,1.0,128,8388684.0,/projects/F202500010HPCVLABUMINHO/uminhocp006/aded-project-llamacpp/llamacpp-tq/models/Meta-Llama-3.1-8B-Instruct-Q4_K_M.gguf,model-1-mandatory,8,mandatory_long_transformer_cpu,1,measurements/organized_a1_results/x86_server/a1_server_scaling_summary.csv,3,concurrency,32,32,5.781437954016583,0.16906947096198688,0.4809575426722101
unknown,turbo3,turbo3,medium,2048,tq,measurements/1254633-track-a1-server-sweep-x86,1.0,128,8388684.0,/projects/F202500010HPCVLABUMINHO/uminhocp006/aded-project-llamacpp/llamacpp-tq/models/Meta-Llama-3.1-8B-Instruct-Q4_K_M.gguf,model-1-mandatory,8,mandatory_medium_ml_vs_dl,1,measurements/organized_a1_results/x86_server/a1_server_scaling_summary.csv,3,concurrency,32,32,5.810584474695279,0.1696147787821399,0.49834384066828835
unknown,turbo3,turbo3,medium,2048,tq,measurements/1254633-track-a1-server-sweep-x86,1.0,128,8388684.0,/projects/F202500010HPCVLABUMINHO/uminhocp006/aded-project-llamacpp/llamacpp-tq/models/Meta-Llama-3.1-8B-Instruct-Q4_K_M.gguf,model-1-mandatory,8,medium_cpu_inference_pipeline,1,measurements/organized_a1_results/x86_server/a1_server_scaling_summary.csv,3,concurrency,32,32,5.815452710488377,0.16978527413650749,0.450901237995519
unknown,turbo3,turbo3,medium,2048,tq,measurements/1254633-track-a1-server-sweep-x86,1.0,128,8388684.0,/projects/F202500010HPCVLABUMINHO/uminhocp006/aded-project-llamacpp/llamacpp-tq/models/Meta-Llama-3.1-8B-Instruct-Q4_K_M.gguf,model-1-mandatory,8,medium_quant_tradeoff,1,measurements/organized_a1_results/x86_server/a1_server_scaling_summary.csv,3,concurrency,32,32,6.197508169442984,0.15971136841207395,0.48165743467203964
unknown,turbo3,turbo3,short,2048,tq,measurements/1254633-track-a1-server-sweep-x86,0.6666666666666666,128,8388684.0,/projects/F202500010HPCVLABUMINHO/uminhocp006/aded-project-llamacpp/llamacpp-tq/models/Meta-Llama-3.1-8B-Instruct-Q4_K_M.gguf,model-1-mandatory,8,mandatory_short_capital_france,1,measurements/organized_a1_results/x86_server/a1_server_scaling_summary.csv,3,concurrency,32,32,3.467710065126393,0.18333930377816107,0.6568023313302547
unknown,turbo3,turbo3,short,2048,tq,measurements/1254633-track-a1-server-sweep-x86,1.0,128,8388684.0,/projects/F202500010HPCVLABUMINHO/uminhocp006/aded-project-llamacpp/llamacpp-tq/models/Meta-Llama-3.1-8B-Instruct-Q4_K_M.gguf,model-1-mandatory,8,short_cpu_quantisation,1,measurements/organized_a1_results/x86_server/a1_server_scaling_summary.csv,3,concurrency,32,32,5.862197340272485,0.16730173283731417,0.5873755803283226
unknown,turbo3,turbo3,short,2048,tq,measurements/1254633-track-a1-server-sweep-x86,1.0,128,8388684.0,/projects/F202500010HPCVLABUMINHO/uminhocp006/aded-project-llamacpp/llamacpp-tq/models/Meta-Llama-3.1-8B-Instruct-Q4_K_M.gguf,model-1-mandatory,8,short_threading_definition,1,measurements/organized_a1_results/x86_server/a1_server_scaling_summary.csv,3,concurrency,32,32,5.788488730457939,0.16964763192127041,0.573804717666159
unknown,turbo4,turbo4,long,2048,tq,measurements/1254633-track-a1-server-sweep-x86,0.0,128,8401664.0,/projects/F202500010HPCVLABUMINHO/uminhocp006/aded-project-llamacpp/llamacpp-tq/models/Meta-Llama-3.1-8B-Instruct-Q4_K_M.gguf,model-1-mandatory,8,long_hpc_case_study,1,measurements/organized_a1_results/x86_server/a1_server_scaling_summary.csv,0,concurrency,32,32,,,
unknown,turbo4,turbo4,long,2048,tq,measurements/1254633-track-a1-server-sweep-x86,0.0,128,8401664.0,/projects/F202500010HPCVLABUMINHO/uminhocp006/aded-project-llamacpp/llamacpp-tq/models/Meta-Llama-3.1-8B-Instruct-Q4_K_M.gguf,model-1-mandatory,8,long_memory_bound_reasoning,1,measurements/organized_a1_results/x86_server/a1_server_scaling_summary.csv,0,concurrency,32,32,,,
unknown,turbo4,turbo4,long,2048,tq,measurements/1254633-track-a1-server-sweep-x86,0.6666666666666666,128,8401664.0,/projects/F202500010HPCVLABUMINHO/uminhocp006/aded-project-llamacpp/llamacpp-tq/models/Meta-Llama-3.1-8B-Instruct-Q4_K_M.gguf,model-1-mandatory,8,mandatory_long_transformer_cpu,1,measurements/organized_a1_results/x86_server/a1_server_scaling_summary.csv,3,concurrency,32,32,5.378941153803013,0.18370314222784914,0.4845512143333508
unknown,turbo4,turbo4,medium,2048,tq,measurements/1254633-track-a1-server-sweep-x86,1.0,128,8401664.0,/projects/F202500010HPCVLABUMINHO/uminhocp006/aded-project-llamacpp/llamacpp-tq/models/Meta-Llama-3.1-8B-Instruct-Q4_K_M.gguf,model-1-mandatory,8,mandatory_medium_ml_vs_dl,1,measurements/organized_a1_results/x86_server/a1_server_scaling_summary.csv,3,concurrency,32,32,5.654442774807831,0.17512283604986892,0.4628739100000227
unknown,turbo4,turbo4,medium,2048,tq,measurements/1254633-track-a1-server-sweep-x86,1.0,128,8401664.0,/projects/F202500010HPCVLABUMINHO/uminhocp006/aded-project-llamacpp/llamacpp-tq/models/Meta-Llama-3.1-8B-Instruct-Q4_K_M.gguf,model-1-mandatory,8,medium_cpu_inference_pipeline,1,measurements/organized_a1_results/x86_server/a1_server_scaling_summary.csv,3,concurrency,32,32,5.637959399180289,0.17293963386089367,0.8090781193332077
unknown,turbo4,turbo4,medium,2048,tq,measurements/1254633-track-a1-server-sweep-x86,1.0,128,8401664.0,/projects/F202500010HPCVLABUMINHO/uminhocp006/aded-project-llamacpp/llamacpp-tq/models/Meta-Llama-3.1-8B-Instruct-Q4_K_M.gguf,model-1-mandatory,8,medium_quant_tradeoff,1,measurements/organized_a1_results/x86_server/a1_server_scaling_summary.csv,3,concurrency,32,32,5.853454374483913,0.1684539900892395,0.48465613633334215
unknown,turbo4,turbo4,short,2048,tq,measurements/1254633-track-a1-server-sweep-x86,0.3333333333333333,128,8401664.0,/projects/F202500010HPCVLABUMINHO/uminhocp006/aded-project-llamacpp/llamacpp-tq/models/Meta-Llama-3.1-8B-Instruct-Q4_K_M.gguf,model-1-mandatory,8,mandatory_short_capital_france,1,measurements/organized_a1_results/x86_server/a1_server_scaling_summary.csv,3,concurrency,32,32,3.6040876833206394,0.21374226161111032,0.5195839256663627
unknown,turbo4,turbo4,short,2048,tq,measurements/1254633-track-a1-server-sweep-x86,1.0,128,8401664.0,/projects/F202500010HPCVLABUMINHO/uminhocp006/aded-project-llamacpp/llamacpp-tq/models/Meta-Llama-3.1-8B-Instruct-Q4_K_M.gguf,model-1-mandatory,8,short_cpu_quantisation,1,measurements/organized_a1_results/x86_server/a1_server_scaling_summary.csv,3,concurrency,32,32,5.873933939471004,0.16659117877165514,0.647077674999764
unknown,turbo4,turbo4,short,2048,tq,measurements/1254633-track-a1-server-sweep-x86,1.0,128,8401664.0,/projects/F202500010HPCVLABUMINHO/uminhocp006/aded-project-llamacpp/llamacpp-tq/models/Meta-Llama-3.1-8B-Instruct-Q4_K_M.gguf,model-1-mandatory,8,short_threading_definition,1,measurements/organized_a1_results/x86_server/a1_server_scaling_summary.csv,3,concurrency,32,32,5.7886915861080235,0.1709498710419942,0.4737801976668076
unknown,f16,f16,long,2048,vanilla,measurements/1254633-track-a1-server-sweep-x86,1.0,128,8823524.0,/projects/F202500010HPCVLABUMINHO/uminhocp006/aded-project-llamacpp/llamacpp-tq/models/Meta-Llama-3.1-8B-Instruct-Q4_K_M.gguf,model-1-mandatory,1,long_hpc_case_study,1,measurements/organized_a1_results/x86_server/a1_server_scaling_summary.csv,3,concurrency,32,32,5.983645787030023,0.1668768292493089,0.19805587600179328
unknown,f16,f16,long,2048,vanilla,measurements/1254633-track-a1-server-sweep-x86,1.0,128,8823524.0,/projects/F202500010HPCVLABUMINHO/uminhocp006/aded-project-llamacpp/llamacpp-tq/models/Meta-Llama-3.1-8B-Instruct-Q4_K_M.gguf,model-1-mandatory,1,long_memory_bound_reasoning,1,measurements/organized_a1_results/x86_server/a1_server_scaling_summary.csv,3,concurrency,32,32,5.975663332419757,0.1670725298215106,0.20193479866914762
unknown,f16,f16,long,2048,vanilla,measurements/1254633-track-a1-server-sweep-x86,1.0,128,8823524.0,/projects/F202500010HPCVLABUMINHO/uminhocp006/aded-project-llamacpp/llamacpp-tq/models/Meta-Llama-3.1-8B-Instruct-Q4_K_M.gguf,model-1-mandatory,1,mandatory_long_transformer_cpu,1,measurements/organized_a1_results/x86_server/a1_server_scaling_summary.csv,3,concurrency,32,32,6.084526710462293,0.1641813902387712,0.18578182201599702
unknown,f16,f16,medium,2048,vanilla,measurements/1254633-track-a1-server-sweep-x86,1.0,128,8823524.0,/projects/F202500010HPCVLABUMINHO/uminhocp006/aded-project-llamacpp/llamacpp-tq/models/Meta-Llama-3.1-8B-Instruct-Q4_K_M.gguf,model-1-mandatory,1,mandatory_medium_ml_vs_dl,1,measurements/organized_a1_results/x86_server/a1_server_scaling_summary.csv,3,concurrency,32,32,6.142001762577476,0.16267386264044895,0.1805911563181629
unknown,f16,f16,medium,2048,vanilla,measurements/1254633-track-a1-server-sweep-x86,1.0,128,8823524.0,/projects/F202500010HPCVLABUMINHO/uminhocp006/aded-project-llamacpp/llamacpp-tq/models/Meta-Llama-3.1-8B-Instruct-Q4_K_M.gguf,model-1-mandatory,1,medium_cpu_inference_pipeline,1,measurements/organized_a1_results/x86_server/a1_server_scaling_summary.csv,3,concurrency,32,32,6.159041438316572,0.16220408645139217,0.18266226600583954
unknown,f16,f16,medium,2048,vanilla,measurements/1254633-track-a1-server-sweep-x86,1.0,128,8823524.0,/projects/F202500010HPCVLABUMINHO/uminhocp006/aded-project-llamacpp/llamacpp-tq/models/Meta-Llama-3.1-8B-Instruct-Q4_K_M.gguf,model-1-mandatory,1,medium_quant_tradeoff,1,measurements/organized_a1_results/x86_server/a1_server_scaling_summary.csv,3,concurrency,32,32,6.154965506251464,0.1622852162125562,0.18602601133170538
unknown,f16,f16,short,2048,vanilla,measurements/1254633-track-a1-server-sweep-x86,1.0,128,8823524.0,/projects/F202500010HPCVLABUMINHO/uminhocp006/aded-project-llamacpp/llamacpp-tq/models/Meta-Llama-3.1-8B-Instruct-Q4_K_M.gguf,model-1-mandatory,1,mandatory_short_capital_france,1,measurements/organized_a1_results/x86_server/a1_server_scaling_summary.csv,3,concurrency,32,32,4.828841124546644,0.16299703249953584,0.3081067580108841
unknown,f16,f16,short,2048,vanilla,measurements/1254633-track-a1-server-sweep-x86,1.0,128,8823524.0,/projects/F202500010HPCVLABUMINHO/uminhocp006/aded-project-llamacpp/llamacpp-tq/models/Meta-Llama-3.1-8B-Instruct-Q4_K_M.gguf,model-1-mandatory,1,short_cpu_quantisation,1,measurements/organized_a1_results/x86_server/a1_server_scaling_summary.csv,3,concurrency,32,32,6.01870538044505,0.16252884228343786,0.6260672866677245
unknown,f16,f16,short,2048,vanilla,measurements/1254633-track-a1-server-sweep-x86,1.0,128,8823524.0,/projects/F202500010HPCVLABUMINHO/uminhocp006/aded-project-llamacpp/llamacpp-tq/models/Meta-Llama-3.1-8B-Instruct-Q4_K_M.gguf,model-1-mandatory,1,short_threading_definition,1,measurements/organized_a1_results/x86_server/a1_server_scaling_summary.csv,3,concurrency,32,32,6.149273966190521,0.16252590724142707,0.17515222566241087
unknown,f16,f16,long,2048,vanilla,measurements/1254633-track-a1-server-sweep-x86,0.0,128,8911032.0,/projects/F202500010HPCVLABUMINHO/uminhocp006/aded-project-llamacpp/llamacpp-tq/models/Meta-Llama-3.1-8B-Instruct-Q4_K_M.gguf,model-1-mandatory,16,long_hpc_case_study,1,measurements/organized_a1_results/x86_server/a1_server_scaling_summary.csv,0,concurrency,32,32,,,
unknown,f16,f16,long,2048,vanilla,measurements/1254633-track-a1-server-sweep-x86,0.0,128,8911032.0,/projects/F202500010HPCVLABUMINHO/uminhocp006/aded-project-llamacpp/llamacpp-tq/models/Meta-Llama-3.1-8B-Instruct-Q4_K_M.gguf,model-1-mandatory,16,long_memory_bound_reasoning,1,measurements/organized_a1_results/x86_server/a1_server_scaling_summary.csv,0,concurrency,32,32,,,
unknown,f16,f16,long,2048,vanilla,measurements/1254633-track-a1-server-sweep-x86,0.0,128,8911032.0,/projects/F202500010HPCVLABUMINHO/uminhocp006/aded-project-llamacpp/llamacpp-tq/models/Meta-Llama-3.1-8B-Instruct-Q4_K_M.gguf,model-1-mandatory,16,mandatory_long_transformer_cpu,1,measurements/organized_a1_results/x86_server/a1_server_scaling_summary.csv,3,concurrency,32,32,3.4703866225007562,0.2565536134219817,2.8821194723326093
unknown,f16,f16,medium,2048,vanilla,measurements/1254633-track-a1-server-sweep-x86,0.0,128,8911032.0,/projects/F202500010HPCVLABUMINHO/uminhocp006/aded-project-llamacpp/llamacpp-tq/models/Meta-Llama-3.1-8B-Instruct-Q4_K_M.gguf,model-1-mandatory,16,mandatory_medium_ml_vs_dl,1,measurements/organized_a1_results/x86_server/a1_server_scaling_summary.csv,3,concurrency,32,32,3.7028271080105677,0.24887391964824299,2.982280545673954
unknown,f16,f16,medium,2048,vanilla,measurements/1254633-track-a1-server-sweep-x86,0.0,128,8911032.0,/projects/F202500010HPCVLABUMINHO/uminhocp006/aded-project-llamacpp/llamacpp-tq/models/Meta-Llama-3.1-8B-Instruct-Q4_K_M.gguf,model-1-mandatory,16,medium_cpu_inference_pipeline,1,measurements/organized_a1_results/x86_server/a1_server_scaling_summary.csv,3,concurrency,32,32,3.7337030393580277,0.24637484344625674,3.0368438206690676
unknown,f16,f16,medium,2048,vanilla,measurements/1254633-track-a1-server-sweep-x86,0.3333333333333333,128,8911032.0,/projects/F202500010HPCVLABUMINHO/uminhocp006/aded-project-llamacpp/llamacpp-tq/models/Meta-Llama-3.1-8B-Instruct-Q4_K_M.gguf,model-1-mandatory,16,medium_quant_tradeoff,1,measurements/organized_a1_results/x86_server/a1_server_scaling_summary.csv,3,concurrency,32,32,4.055631888354343,0.23069483589763226,2.883718589990167
unknown,f16,f16,short,2048,vanilla,measurements/1254633-track-a1-server-sweep-x86,0.0,128,8911032.0,/projects/F202500010HPCVLABUMINHO/uminhocp006/aded-project-llamacpp/llamacpp-tq/models/Meta-Llama-3.1-8B-Instruct-Q4_K_M.gguf,model-1-mandatory,16,mandatory_short_capital_france,1,measurements/organized_a1_results/x86_server/a1_server_scaling_summary.csv,3,concurrency,32,32,1.236296641771879,0.5961346828343166,1.8870796273307253
unknown,f16,f16,short,2048,vanilla,measurements/1254633-track-a1-server-sweep-x86,0.0,128,8911032.0,/projects/F202500010HPCVLABUMINHO/uminhocp006/aded-project-llamacpp/llamacpp-tq/models/Meta-Llama-3.1-8B-Instruct-Q4_K_M.gguf,model-1-mandatory,16,short_cpu_quantisation,1,measurements/organized_a1_results/x86_server/a1_server_scaling_summary.csv,3,concurrency,32,32,3.728484176103299,0.24619719529924108,3.1035276716478015
unknown,f16,f16,short,2048,vanilla,measurements/1254633-track-a1-server-sweep-x86,0.0,128,8911032.0,/projects/F202500010HPCVLABUMINHO/uminhocp006/aded-project-llamacpp/llamacpp-tq/models/Meta-Llama-3.1-8B-Instruct-Q4_K_M.gguf,model-1-mandatory,16,short_threading_definition,1,measurements/organized_a1_results/x86_server/a1_server_scaling_summary.csv,3,concurrency,32,32,3.7061428649449324,0.2494921493043804,2.8751261770084966
unknown,f16,f16,long,2048,vanilla,measurements/1254633-track-a1-server-sweep-x86,1.0,128,8823632.0,/projects/F202500010HPCVLABUMINHO/uminhocp006/aded-project-llamacpp/llamacpp-tq/models/Meta-Llama-3.1-8B-Instruct-Q4_K_M.gguf,model-1-mandatory,2,long_hpc_case_study,1,measurements/organized_a1_results/x86_server/a1_server_scaling_summary.csv,3,concurrency,32,32,5.433444392807357,0.18257916708920807,0.37058122333837673
unknown,f16,f16,long,2048,vanilla,measurements/1254633-track-a1-server-sweep-x86,1.0,128,8823632.0,/projects/F202500010HPCVLABUMINHO/uminhocp006/aded-project-llamacpp/llamacpp-tq/models/Meta-Llama-3.1-8B-Instruct-Q4_K_M.gguf,model-1-mandatory,2,long_memory_bound_reasoning,1,measurements/organized_a1_results/x86_server/a1_server_scaling_summary.csv,3,concurrency,32,32,5.4347112344080974,0.18252763291606997,0.3730512400021932
unknown,f16,f16,long,2048,vanilla,measurements/1254633-track-a1-server-sweep-x86,1.0,128,8823632.0,/projects/F202500010HPCVLABUMINHO/uminhocp006/aded-project-llamacpp/llamacpp-tq/models/Meta-Llama-3.1-8B-Instruct-Q4_K_M.gguf,model-1-mandatory,2,mandatory_long_transformer_cpu,1,measurements/organized_a1_results/x86_server/a1_server_scaling_summary.csv,3,concurrency,32,32,5.6394545319124605,0.17594182804974562,0.3545841396747467
unknown,f16,f16,medium,2048,vanilla,measurements/1254633-track-a1-server-sweep-x86,1.0,128,8823632.0,/projects/F202500010HPCVLABUMINHO/uminhocp006/aded-project-llamacpp/llamacpp-tq/models/Meta-Llama-3.1-8B-Instruct-Q4_K_M.gguf,model-1-mandatory,2,mandatory_medium_ml_vs_dl,1,measurements/organized_a1_results/x86_server/a1_server_scaling_summary.csv,3,concurrency,32,32,5.710340909956103,0.17378280695275405,0.3460265306639485
unknown,f16,f16,medium,2048,vanilla,measurements/1254633-track-a1-server-sweep-x86,1.0,128,8823632.0,/projects/F202500010HPCVLABUMINHO/uminhocp006/aded-project-llamacpp/llamacpp-tq/models/Meta-Llama-3.1-8B-Instruct-Q4_K_M.gguf,model-1-mandatory,2,medium_cpu_inference_pipeline,1,measurements/organized_a1_results/x86_server/a1_server_scaling_summary.csv,3,concurrency,32,32,5.711185635853156,0.1737683632834558,0.34444360733808327
unknown,f16,f16,medium,2048,vanilla,measurements/1254633-track-a1-server-sweep-x86,1.0,128,8823632.0,/projects/F202500010HPCVLABUMINHO/uminhocp006/aded-project-llamacpp/llamacpp-tq/models/Meta-Llama-3.1-8B-Instruct-Q4_K_M.gguf,model-1-mandatory,2,medium_quant_tradeoff,1,measurements/organized_a1_results/x86_server/a1_server_scaling_summary.csv,3,concurrency,32,32,5.648606079491895,0.17568496324404895,0.34992442568182014
unknown,f16,f16,short,2048,vanilla,measurements/1254633-track-a1-server-sweep-x86,1.0,128,8823632.0,/projects/F202500010HPCVLABUMINHO/uminhocp006/aded-project-llamacpp/llamacpp-tq/models/Meta-Llama-3.1-8B-Instruct-Q4_K_M.gguf,model-1-mandatory,2,mandatory_short_capital_france,1,measurements/organized_a1_results/x86_server/a1_server_scaling_summary.csv,3,concurrency,32,32,3.937100435995337,0.17670348599818278,0.5452986086699335
unknown,f16,f16,short,2048,vanilla,measurements/1254633-track-a1-server-sweep-x86,1.0,128,8823632.0,/projects/F202500010HPCVLABUMINHO/uminhocp006/aded-project-llamacpp/llamacpp-tq/models/Meta-Llama-3.1-8B-Instruct-Q4_K_M.gguf,model-1-mandatory,2,short_cpu_quantisation,1,measurements/organized_a1_results/x86_server/a1_server_scaling_summary.csv,3,concurrency,32,32,5.593367127444684,0.17581309378223514,0.5571438973226274
unknown,f16,f16,short,2048,vanilla,measurements/1254633-track-a1-server-sweep-x86,1.0,128,8823632.0,/projects/F202500010HPCVLABUMINHO/uminhocp006/aded-project-llamacpp/llamacpp-tq/models/Meta-Llama-3.1-8B-Instruct-Q4_K_M.gguf,model-1-mandatory,2,short_threading_definition,1,measurements/organized_a1_results/x86_server/a1_server_scaling_summary.csv,3,concurrency,32,32,5.606237848533519,0.17385923823094535,0.7523327943345066
unknown,f16,f16,long,2048,vanilla,measurements/1254633-track-a1-server-sweep-x86,1.0,128,8793672.0,/projects/F202500010HPCVLABUMINHO/uminhocp006/aded-project-llamacpp/llamacpp-tq/models/Meta-Llama-3.1-8B-Instruct-Q4_K_M.gguf,model-1-mandatory,4,long_hpc_case_study,1,measurements/organized_a1_results/x86_server/a1_server_scaling_summary.csv,3,concurrency,32,32,5.732154482041595,0.1718236137769097,0.5182475573286259
unknown,f16,f16,long,2048,vanilla,measurements/1254633-track-a1-server-sweep-x86,1.0,128,8793672.0,/projects/F202500010HPCVLABUMINHO/uminhocp006/aded-project-llamacpp/llamacpp-tq/models/Meta-Llama-3.1-8B-Instruct-Q4_K_M.gguf,model-1-mandatory,4,long_memory_bound_reasoning,1,measurements/organized_a1_results/x86_server/a1_server_scaling_summary.csv,3,concurrency,32,32,5.7125592673353225,0.17285571192125998,0.4607501340021069
unknown,f16,f16,long,2048,vanilla,measurements/1254633-track-a1-server-sweep-x86,1.0,128,8793672.0,/projects/F202500010HPCVLABUMINHO/uminhocp006/aded-project-llamacpp/llamacpp-tq/models/Meta-Llama-3.1-8B-Instruct-Q4_K_M.gguf,model-1-mandatory,4,mandatory_long_transformer_cpu,1,measurements/organized_a1_results/x86_server/a1_server_scaling_summary.csv,3,concurrency,32,32,5.762124065830187,0.17065773934909337,0.5514657236635685
unknown,f16,f16,medium,2048,vanilla,measurements/1254633-track-a1-server-sweep-x86,1.0,128,8793672.0,/projects/F202500010HPCVLABUMINHO/uminhocp006/aded-project-llamacpp/llamacpp-tq/models/Meta-Llama-3.1-8B-Instruct-Q4_K_M.gguf,model-1-mandatory,4,mandatory_medium_ml_vs_dl,1,measurements/organized_a1_results/x86_server/a1_server_scaling_summary.csv,3,concurrency,32,32,5.965496987519721,0.1634873847269821,0.6971244913293049
unknown,f16,f16,medium,2048,vanilla,measurements/1254633-track-a1-server-sweep-x86,1.0,128,8793672.0,/projects/F202500010HPCVLABUMINHO/uminhocp006/aded-project-llamacpp/llamacpp-tq/models/Meta-Llama-3.1-8B-Instruct-Q4_K_M.gguf,model-1-mandatory,4,medium_cpu_inference_pipeline,1,measurements/organized_a1_results/x86_server/a1_server_scaling_summary.csv,3,concurrency,32,32,5.958777160509058,0.16145677930703559,0.981532977001431
unknown,f16,f16,medium,2048,vanilla,measurements/1254633-track-a1-server-sweep-x86,1.0,128,8793672.0,/projects/F202500010HPCVLABUMINHO/uminhocp006/aded-project-llamacpp/llamacpp-tq/models/Meta-Llama-3.1-8B-Instruct-Q4_K_M.gguf,model-1-mandatory,4,medium_quant_tradeoff,1,measurements/organized_a1_results/x86_server/a1_server_scaling_summary.csv,3,concurrency,32,32,5.852641200271153,0.16763749241997278,0.5802489889902063
unknown,f16,f16,short,2048,vanilla,measurements/1254633-track-a1-server-sweep-x86,1.0,128,8793672.0,/projects/F202500010HPCVLABUMINHO/uminhocp006/aded-project-llamacpp/llamacpp-tq/models/Meta-Llama-3.1-8B-Instruct-Q4_K_M.gguf,model-1-mandatory,4,mandatory_short_capital_france,1,measurements/organized_a1_results/x86_server/a1_server_scaling_summary.csv,3,concurrency,32,32,3.7702134667214864,0.16549409733367307,0.7142905953417843
unknown,f16,f16,short,2048,vanilla,measurements/1254633-track-a1-server-sweep-x86,1.0,128,8793672.0,/projects/F202500010HPCVLABUMINHO/uminhocp006/aded-project-llamacpp/llamacpp-tq/models/Meta-Llama-3.1-8B-Instruct-Q4_K_M.gguf,model-1-mandatory,4,short_cpu_quantisation,1,measurements/organized_a1_results/x86_server/a1_server_scaling_summary.csv,3,concurrency,32,32,5.911856014422179,0.16487570650132466,0.7131063136718391
unknown,f16,f16,short,2048,vanilla,measurements/1254633-track-a1-server-sweep-x86,1.0,128,8793672.0,/projects/F202500010HPCVLABUMINHO/uminhocp006/aded-project-llamacpp/llamacpp-tq/models/Meta-Llama-3.1-8B-Instruct-Q4_K_M.gguf,model-1-mandatory,4,short_threading_definition,1,measurements/organized_a1_results/x86_server/a1_server_scaling_summary.csv,3,concurrency,32,32,5.945405740190069,0.16398419138571807,0.7063295183470473
unknown,f16,f16,long,2048,vanilla,measurements/1254633-track-a1-server-sweep-x86,0.0,128,8738320.0,/projects/F202500010HPCVLABUMINHO/uminhocp006/aded-project-llamacpp/llamacpp-tq/models/Meta-Llama-3.1-8B-Instruct-Q4_K_M.gguf,model-1-mandatory,8,long_hpc_case_study,1,measurements/organized_a1_results/x86_server/a1_server_scaling_summary.csv,0,concurrency,32,32,,,
unknown,f16,f16,long,2048,vanilla,measurements/1254633-track-a1-server-sweep-x86,0.0,128,8738320.0,/projects/F202500010HPCVLABUMINHO/uminhocp006/aded-project-llamacpp/llamacpp-tq/models/Meta-Llama-3.1-8B-Instruct-Q4_K_M.gguf,model-1-mandatory,8,long_memory_bound_reasoning,1,measurements/organized_a1_results/x86_server/a1_server_scaling_summary.csv,0,concurrency,32,32,,,
unknown,f16,f16,long,2048,vanilla,measurements/1254633-track-a1-server-sweep-x86,1.0,128,8738320.0,/projects/F202500010HPCVLABUMINHO/uminhocp006/aded-project-llamacpp/llamacpp-tq/models/Meta-Llama-3.1-8B-Instruct-Q4_K_M.gguf,model-1-mandatory,8,mandatory_long_transformer_cpu,1,measurements/organized_a1_results/x86_server/a1_server_scaling_summary.csv,3,concurrency,32,32,5.675232991096147,0.17339359258226894,0.4030668860068545
unknown,f16,f16,medium,2048,vanilla,measurements/1254633-track-a1-server-sweep-x86,1.0,128,8738320.0,/projects/F202500010HPCVLABUMINHO/uminhocp006/aded-project-llamacpp/llamacpp-tq/models/Meta-Llama-3.1-8B-Instruct-Q4_K_M.gguf,model-1-mandatory,8,mandatory_medium_ml_vs_dl,1,measurements/organized_a1_results/x86_server/a1_server_scaling_summary.csv,3,concurrency,32,32,5.704985798101593,0.17198328252506243,0.6043231313330276
unknown,f16,f16,medium,2048,vanilla,measurements/1254633-track-a1-server-sweep-x86,1.0,128,8738320.0,/projects/F202500010HPCVLABUMINHO/uminhocp006/aded-project-llamacpp/llamacpp-tq/models/Meta-Llama-3.1-8B-Instruct-Q4_K_M.gguf,model-1-mandatory,8,medium_cpu_inference_pipeline,1,measurements/organized_a1_results/x86_server/a1_server_scaling_summary.csv,3,concurrency,32,32,5.764976814026854,0.1719970394777173,0.3599224786545771
unknown,f16,f16,medium,2048,vanilla,measurements/1254633-track-a1-server-sweep-x86,1.0,128,8738320.0,/projects/F202500010HPCVLABUMINHO/uminhocp006/aded-project-llamacpp/llamacpp-tq/models/Meta-Llama-3.1-8B-Instruct-Q4_K_M.gguf,model-1-mandatory,8,medium_quant_tradeoff,1,measurements/organized_a1_results/x86_server/a1_server_scaling_summary.csv,3,concurrency,32,32,6.1006555159769995,0.16282614230974565,0.4044933260011021
unknown,f16,f16,short,2048,vanilla,measurements/1254633-track-a1-server-sweep-x86,0.6666666666666666,128,8738320.0,/projects/F202500010HPCVLABUMINHO/uminhocp006/aded-project-llamacpp/llamacpp-tq/models/Meta-Llama-3.1-8B-Instruct-Q4_K_M.gguf,model-1-mandatory,8,mandatory_short_capital_france,1,measurements/organized_a1_results/x86_server/a1_server_scaling_summary.csv,3,concurrency,32,32,3.38194316967151,0.19402995594363245,0.5752656366676092
unknown,f16,f16,short,2048,vanilla,measurements/1254633-track-a1-server-sweep-x86,1.0,128,8738320.0,/projects/F202500010HPCVLABUMINHO/uminhocp006/aded-project-llamacpp/llamacpp-tq/models/Meta-Llama-3.1-8B-Instruct-Q4_K_M.gguf,model-1-mandatory,8,short_cpu_quantisation,1,measurements/organized_a1_results/x86_server/a1_server_scaling_summary.csv,3,concurrency,32,32,5.781119276609324,0.1693832956719227,0.6292443339965151
unknown,f16,f16,short,2048,vanilla,measurements/1254633-track-a1-server-sweep-x86,1.0,128,8738320.0,/projects/F202500010HPCVLABUMINHO/uminhocp006/aded-project-llamacpp/llamacpp-tq/models/Meta-Llama-3.1-8B-Instruct-Q4_K_M.gguf,model-1-mandatory,8,short_threading_definition,1,measurements/organized_a1_results/x86_server/a1_server_scaling_summary.csv,3,concurrency,32,32,5.688877391308331,0.1724164358240441,0.611988021012318
unknown,turbo3,turbo3,long,1024,tq,measurements/1254633-track-a1-server-sweep-x86,1.0,128,8341284.0,/projects/F202500010HPCVLABUMINHO/uminhocp006/aded-project-llamacpp/llamacpp-tq/models/Meta-Llama-3.1-8B-Instruct-Q4_K_M.gguf,model-1-mandatory,1,long_hpc_case_study,1,measurements/organized_a1_results/x86_server/a1_server_scaling_summary.csv,3,context-length,32,32,9.081944674407502,0.11003018430184532,0.12013705933350138
unknown,turbo3,turbo3,long,1024,tq,measurements/1254633-track-a1-server-sweep-x86,1.0,128,8341284.0,/projects/F202500010HPCVLABUMINHO/uminhocp006/aded-project-llamacpp/llamacpp-tq/models/Meta-Llama-3.1-8B-Instruct-Q4_K_M.gguf,model-1-mandatory,1,long_memory_bound_reasoning,1,measurements/organized_a1_results/x86_server/a1_server_scaling_summary.csv,3,context-length,32,32,9.234560338766292,0.10821482918107285,0.11759706233472873
unknown,turbo3,turbo3,long,1024,tq,measurements/1254633-track-a1-server-sweep-x86,1.0,128,8341284.0,/projects/F202500010HPCVLABUMINHO/uminhocp006/aded-project-llamacpp/llamacpp-tq/models/Meta-Llama-3.1-8B-Instruct-Q4_K_M.gguf,model-1-mandatory,1,mandatory_long_transformer_cpu,1,measurements/organized_a1_results/x86_server/a1_server_scaling_summary.csv,3,context-length,32,32,9.322189873200076,0.10722826065361472,0.11399929832744722
unknown,turbo3,turbo3,medium,1024,tq,measurements/1254633-track-a1-server-sweep-x86,1.0,128,8341284.0,/projects/F202500010HPCVLABUMINHO/uminhocp006/aded-project-llamacpp/llamacpp-tq/models/Meta-Llama-3.1-8B-Instruct-Q4_K_M.gguf,model-1-mandatory,1,mandatory_medium_ml_vs_dl,1,measurements/organized_a1_results/x86_server/a1_server_scaling_summary.csv,3,context-length,32,32,9.329021355788688,0.10724748381108884,0.11362874965804319
unknown,turbo3,turbo3,medium,1024,tq,measurements/1254633-track-a1-server-sweep-x86,1.0,128,8341284.0,/projects/F202500010HPCVLABUMINHO/uminhocp006/aded-project-llamacpp/llamacpp-tq/models/Meta-Llama-3.1-8B-Instruct-Q4_K_M.gguf,model-1-mandatory,1,medium_cpu_inference_pipeline,1,measurements/organized_a1_results/x86_server/a1_server_scaling_summary.csv,3,context-length,32,32,9.27483464387546,0.10783346263515174,0.1114578123379033
unknown,turbo3,turbo3,medium,1024,tq,measurements/1254633-track-a1-server-sweep-x86,1.0,128,8341284.0,/projects/F202500010HPCVLABUMINHO/uminhocp006/aded-project-llamacpp/llamacpp-tq/models/Meta-Llama-3.1-8B-Instruct-Q4_K_M.gguf,model-1-mandatory,1,medium_quant_tradeoff,1,measurements/organized_a1_results/x86_server/a1_server_scaling_summary.csv,3,context-length,32,32,9.232315749582664,0.1083864044121392,0.11126766031763206
unknown,turbo3,turbo3,short,1024,tq,measurements/1254633-track-a1-server-sweep-x86,1.0,128,8341284.0,/projects/F202500010HPCVLABUMINHO/uminhocp006/aded-project-llamacpp/llamacpp-tq/models/Meta-Llama-3.1-8B-Instruct-Q4_K_M.gguf,model-1-mandatory,1,mandatory_short_capital_france,1,measurements/organized_a1_results/x86_server/a1_server_scaling_summary.csv,3,context-length,32,32,7.417431308853089,0.1092245780002688,0.18606157032384849
unknown,turbo3,turbo3,short,1024,tq,measurements/1254633-track-a1-server-sweep-x86,1.0,128,8341284.0,/projects/F202500010HPCVLABUMINHO/uminhocp006/aded-project-llamacpp/llamacpp-tq/models/Meta-Llama-3.1-8B-Instruct-Q4_K_M.gguf,model-1-mandatory,1,short_cpu_quantisation,1,measurements/organized_a1_results/x86_server/a1_server_scaling_summary.csv,3,context-length,32,32,8.849924201307026,0.11089444836739724,0.4321303163402869
unknown,turbo3,turbo3,short,1024,tq,measurements/1254633-track-a1-server-sweep-x86,1.0,128,8341284.0,/projects/F202500010HPCVLABUMINHO/uminhocp006/aded-project-llamacpp/llamacpp-tq/models/Meta-Llama-3.1-8B-Instruct-Q4_K_M.gguf,model-1-mandatory,1,short_threading_definition,1,measurements/organized_a1_results/x86_server/a1_server_scaling_summary.csv,3,context-length,32,32,9.346781131754009,0.10705215507607083,0.11485596766578965
unknown,turbo4,turbo4,long,1024,tq,measurements/1254633-track-a1-server-sweep-x86,1.0,128,8375068.0,/projects/F202500010HPCVLABUMINHO/uminhocp006/aded-project-llamacpp/llamacpp-tq/models/Meta-Llama-3.1-8B-Instruct-Q4_K_M.gguf,model-1-mandatory,1,long_hpc_case_study,1,measurements/organized_a1_results/x86_server/a1_server_scaling_summary.csv,3,context-length,32,32,6.7149162973776,0.14886896588448179,0.16203655700276917
unknown,turbo4,turbo4,long,1024,tq,measurements/1254633-track-a1-server-sweep-x86,1.0,128,8375068.0,/projects/F202500010HPCVLABUMINHO/uminhocp006/aded-project-llamacpp/llamacpp-tq/models/Meta-Llama-3.1-8B-Instruct-Q4_K_M.gguf,model-1-mandatory,1,long_memory_bound_reasoning,1,measurements/organized_a1_results/x86_server/a1_server_scaling_summary.csv,3,context-length,32,32,6.743787039027557,0.14820956883457334,0.163268557342235
unknown,turbo4,turbo4,long,1024,tq,measurements/1254633-track-a1-server-sweep-x86,1.0,128,8375068.0,/projects/F202500010HPCVLABUMINHO/uminhocp006/aded-project-llamacpp/llamacpp-tq/models/Meta-Llama-3.1-8B-Instruct-Q4_K_M.gguf,model-1-mandatory,1,mandatory_long_transformer_cpu,1,measurements/organized_a1_results/x86_server/a1_server_scaling_summary.csv,3,context-length,32,32,6.789033432665607,0.14731152454593396,0.1576132306654472
unknown,turbo4,turbo4,medium,1024,tq,measurements/1254633-track-a1-server-sweep-x86,1.0,128,8375068.0,/projects/F202500010HPCVLABUMINHO/uminhocp006/aded-project-llamacpp/llamacpp-tq/models/Meta-Llama-3.1-8B-Instruct-Q4_K_M.gguf,model-1-mandatory,1,mandatory_medium_ml_vs_dl,1,measurements/organized_a1_results/x86_server/a1_server_scaling_summary.csv,3,context-length,32,32,6.94979154272288,0.14383855641471513,0.152835798333399
unknown,turbo4,turbo4,medium,1024,tq,measurements/1254633-track-a1-server-sweep-x86,1.0,128,8375068.0,/projects/F202500010HPCVLABUMINHO/uminhocp006/aded-project-llamacpp/llamacpp-tq/models/Meta-Llama-3.1-8B-Instruct-Q4_K_M.gguf,model-1-mandatory,1,medium_cpu_inference_pipeline,1,measurements/organized_a1_results/x86_server/a1_server_scaling_summary.csv,3,context-length,32,32,6.9539518795161905,0.1437462350498583,0.15205398400818618
unknown,turbo4,turbo4,medium,1024,tq,measurements/1254633-track-a1-server-sweep-x86,1.0,128,8375068.0,/projects/F202500010HPCVLABUMINHO/uminhocp006/aded-project-llamacpp/llamacpp-tq/models/Meta-Llama-3.1-8B-Instruct-Q4_K_M.gguf,model-1-mandatory,1,medium_quant_tradeoff,1,measurements/organized_a1_results/x86_server/a1_server_scaling_summary.csv,3,context-length,32,32,6.939843582962476,0.14403785829932803,0.15122620232674913
unknown,turbo4,turbo4,short,1024,tq,measurements/1254633-track-a1-server-sweep-x86,1.0,128,8375068.0,/projects/F202500010HPCVLABUMINHO/uminhocp006/aded-project-llamacpp/llamacpp-tq/models/Meta-Llama-3.1-8B-Instruct-Q4_K_M.gguf,model-1-mandatory,1,mandatory_short_capital_france,1,measurements/organized_a1_results/x86_server/a1_server_scaling_summary.csv,3,context-length,32,32,5.50569088107024,0.14940173099845802,0.22810108967435858
unknown,turbo4,turbo4,short,1024,tq,measurements/1254633-track-a1-server-sweep-x86,1.0,128,8375068.0,/projects/F202500010HPCVLABUMINHO/uminhocp006/aded-project-llamacpp/llamacpp-tq/models/Meta-Llama-3.1-8B-Instruct-Q4_K_M.gguf,model-1-mandatory,1,short_cpu_quantisation,1,measurements/organized_a1_results/x86_server/a1_server_scaling_summary.csv,3,context-length,32,32,6.685155013522946,0.14687332171136136,0.4995124196575489
unknown,turbo4,turbo4,short,1024,tq,measurements/1254633-track-a1-server-sweep-x86,1.0,128,8375068.0,/projects/F202500010HPCVLABUMINHO/uminhocp006/aded-project-llamacpp/llamacpp-tq/models/Meta-Llama-3.1-8B-Instruct-Q4_K_M.gguf,model-1-mandatory,1,short_threading_definition,1,measurements/organized_a1_results/x86_server/a1_server_scaling_summary.csv,3,context-length,32,32,6.870957579561203,0.14552645990296556,0.1499336696579121
unknown,turbo3,turbo3,long,2048,tq,measurements/1254633-track-a1-server-sweep-x86,1.0,128,8381844.0,/projects/F202500010HPCVLABUMINHO/uminhocp006/aded-project-llamacpp/llamacpp-tq/models/Meta-Llama-3.1-8B-Instruct-Q4_K_M.gguf,model-1-mandatory,1,long_hpc_case_study,1,measurements/organized_a1_results/x86_server/a1_server_scaling_summary.csv,3,context-length,32,32,6.951437934458927,0.14380283180840883,0.1506332239951007
unknown,turbo3,turbo3,long,2048,tq,measurements/1254633-track-a1-server-sweep-x86,1.0,128,8381844.0,/projects/F202500010HPCVLABUMINHO/uminhocp006/aded-project-llamacpp/llamacpp-tq/models/Meta-Llama-3.1-8B-Instruct-Q4_K_M.gguf,model-1-mandatory,1,long_memory_bound_reasoning,1,measurements/organized_a1_results/x86_server/a1_server_scaling_summary.csv,3,context-length,32,32,7.057274088815845,0.1416144887979382,0.15277171833440661
unknown,turbo3,turbo3,long,2048,tq,measurements/1254633-track-a1-server-sweep-x86,1.0,128,8381844.0,/projects/F202500010HPCVLABUMINHO/uminhocp006/aded-project-llamacpp/llamacpp-tq/models/Meta-Llama-3.1-8B-Instruct-Q4_K_M.gguf,model-1-mandatory,1,mandatory_long_transformer_cpu,1,measurements/organized_a1_results/x86_server/a1_server_scaling_summary.csv,3,context-length,32,32,7.131160996664104,0.14017538217050965,0.1473167353445509
unknown,turbo3,turbo3,medium,2048,tq,measurements/1254633-track-a1-server-sweep-x86,1.0,128,8381844.0,/projects/F202500010HPCVLABUMINHO/uminhocp006/aded-project-llamacpp/llamacpp-tq/models/Meta-Llama-3.1-8B-Instruct-Q4_K_M.gguf,model-1-mandatory,1,mandatory_medium_ml_vs_dl,1,measurements/organized_a1_results/x86_server/a1_server_scaling_summary.csv,3,context-length,32,32,7.240664151509961,0.1380592741941779,0.14434657401094833
unknown,turbo3,turbo3,medium,2048,tq,measurements/1254633-track-a1-server-sweep-x86,1.0,128,8381844.0,/projects/F202500010HPCVLABUMINHO/uminhocp006/aded-project-llamacpp/llamacpp-tq/models/Meta-Llama-3.1-8B-Instruct-Q4_K_M.gguf,model-1-mandatory,1,medium_cpu_inference_pipeline,1,measurements/organized_a1_results/x86_server/a1_server_scaling_summary.csv,3,context-length,32,32,7.16527753182094,0.1395120388977022,0.1463951623397103
unknown,turbo3,turbo3,medium,2048,tq,measurements/1254633-track-a1-server-sweep-x86,1.0,128,8381844.0,/projects/F202500010HPCVLABUMINHO/uminhocp006/aded-project-llamacpp/llamacpp-tq/models/Meta-Llama-3.1-8B-Instruct-Q4_K_M.gguf,model-1-mandatory,1,medium_quant_tradeoff,1,measurements/organized_a1_results/x86_server/a1_server_scaling_summary.csv,3,context-length,32,32,7.17766307254799,0.13926286716800942,0.14765164133859798
unknown,turbo3,turbo3,short,2048,tq,measurements/1254633-track-a1-server-sweep-x86,1.0,128,8381844.0,/projects/F202500010HPCVLABUMINHO/uminhocp006/aded-project-llamacpp/llamacpp-tq/models/Meta-Llama-3.1-8B-Instruct-Q4_K_M.gguf,model-1-mandatory,1,mandatory_short_capital_france,1,measurements/organized_a1_results/x86_server/a1_server_scaling_summary.csv,3,context-length,32,32,5.970196442108709,0.13617078894458245,0.21922464367041053
unknown,turbo3,turbo3,short,2048,tq,measurements/1254633-track-a1-server-sweep-x86,1.0,128,8381844.0,/projects/F202500010HPCVLABUMINHO/uminhocp006/aded-project-llamacpp/llamacpp-tq/models/Meta-Llama-3.1-8B-Instruct-Q4_K_M.gguf,model-1-mandatory,1,short_cpu_quantisation,1,measurements/organized_a1_results/x86_server/a1_server_scaling_summary.csv,3,context-length,32,32,7.082550726481143,0.13837083192914051,0.5002520859998185
unknown,turbo3,turbo3,short,2048,tq,measurements/1254633-track-a1-server-sweep-x86,1.0,128,8381844.0,/projects/F202500010HPCVLABUMINHO/uminhocp006/aded-project-llamacpp/llamacpp-tq/models/Meta-Llama-3.1-8B-Instruct-Q4_K_M.gguf,model-1-mandatory,1,short_threading_definition,1,measurements/organized_a1_results/x86_server/a1_server_scaling_summary.csv,3,context-length,32,32,7.261074826549814,0.1376796546640404,0.1429316120047588
unknown,turbo4,turbo4,long,2048,tq,measurements/1254633-track-a1-server-sweep-x86,1.0,128,8425620.0,/projects/F202500010HPCVLABUMINHO/uminhocp006/aded-project-llamacpp/llamacpp-tq/models/Meta-Llama-3.1-8B-Instruct-Q4_K_M.gguf,model-1-mandatory,1,long_hpc_case_study,1,measurements/organized_a1_results/x86_server/a1_server_scaling_summary.csv,3,context-length,32,32,6.599726811308541,0.1514567830629636,0.16112392267677933
unknown,turbo4,turbo4,long,2048,tq,measurements/1254633-track-a1-server-sweep-x86,1.0,128,8425620.0,/projects/F202500010HPCVLABUMINHO/uminhocp006/aded-project-llamacpp/llamacpp-tq/models/Meta-Llama-3.1-8B-Instruct-Q4_K_M.gguf,model-1-mandatory,1,long_memory_bound_reasoning,1,measurements/organized_a1_results/x86_server/a1_server_scaling_summary.csv,3,context-length,32,32,6.683161480616397,0.14958515236747885,0.15920531933079474
unknown,turbo4,turbo4,long,2048,tq,measurements/1254633-track-a1-server-sweep-x86,1.0,128,8425620.0,/projects/F202500010HPCVLABUMINHO/uminhocp006/aded-project-llamacpp/llamacpp-tq/models/Meta-Llama-3.1-8B-Instruct-Q4_K_M.gguf,model-1-mandatory,1,mandatory_long_transformer_cpu,1,measurements/organized_a1_results/x86_server/a1_server_scaling_summary.csv,3,context-length,32,32,6.790876598054827,0.1472185821811121,0.15528264333261177
unknown,turbo4,turbo4,medium,2048,tq,measurements/1254633-track-a1-server-sweep-x86,1.0,128,8425620.0,/projects/F202500010HPCVLABUMINHO/uminhocp006/aded-project-llamacpp/llamacpp-tq/models/Meta-Llama-3.1-8B-Instruct-Q4_K_M.gguf,model-1-mandatory,1,mandatory_medium_ml_vs_dl,1,measurements/organized_a1_results/x86_server/a1_server_scaling_summary.csv,3,context-length,32,32,6.926767170545387,0.14434865872703218,0.14965093099939017
unknown,turbo4,turbo4,medium,2048,tq,measurements/1254633-track-a1-server-sweep-x86,1.0,128,8425620.0,/projects/F202500010HPCVLABUMINHO/uminhocp006/aded-project-llamacpp/llamacpp-tq/models/Meta-Llama-3.1-8B-Instruct-Q4_K_M.gguf,model-1-mandatory,1,medium_cpu_inference_pipeline,1,measurements/organized_a1_results/x86_server/a1_server_scaling_summary.csv,3,context-length,32,32,6.831934478078959,0.14633379435961763,0.1537348086712882
unknown,turbo4,turbo4,medium,2048,tq,measurements/1254633-track-a1-server-sweep-x86,1.0,128,8425620.0,/projects/F202500010HPCVLABUMINHO/uminhocp006/aded-project-llamacpp/llamacpp-tq/models/Meta-Llama-3.1-8B-Instruct-Q4_K_M.gguf,model-1-mandatory,1,medium_quant_tradeoff,1,measurements/organized_a1_results/x86_server/a1_server_scaling_summary.csv,3,context-length,32,32,6.876707819192546,0.14537901260633096,0.1538098970001253
unknown,turbo4,turbo4,short,2048,tq,measurements/1254633-track-a1-server-sweep-x86,1.0,128,8425620.0,/projects/F202500010HPCVLABUMINHO/uminhocp006/aded-project-llamacpp/llamacpp-tq/models/Meta-Llama-3.1-8B-Instruct-Q4_K_M.gguf,model-1-mandatory,1,mandatory_short_capital_france,1,measurements/organized_a1_results/x86_server/a1_server_scaling_summary.csv,3,context-length,32,32,5.663804141809673,0.14256657838996034,0.23686366333276965
unknown,turbo4,turbo4,short,2048,tq,measurements/1254633-track-a1-server-sweep-x86,1.0,128,8425620.0,/projects/F202500010HPCVLABUMINHO/uminhocp006/aded-project-llamacpp/llamacpp-tq/models/Meta-Llama-3.1-8B-Instruct-Q4_K_M.gguf,model-1-mandatory,1,short_cpu_quantisation,1,measurements/organized_a1_results/x86_server/a1_server_scaling_summary.csv,3,context-length,32,32,6.7478158976313,0.145252072472407,0.5240737226752875
unknown,turbo4,turbo4,short,2048,tq,measurements/1254633-track-a1-server-sweep-x86,1.0,128,8425620.0,/projects/F202500010HPCVLABUMINHO/uminhocp006/aded-project-llamacpp/llamacpp-tq/models/Meta-Llama-3.1-8B-Instruct-Q4_K_M.gguf,model-1-mandatory,1,short_threading_definition,1,measurements/organized_a1_results/x86_server/a1_server_scaling_summary.csv,3,context-length,32,32,6.922449240040932,0.1444430066745611,0.14957899099681526
unknown,turbo3,turbo3,long,4096,tq,measurements/1254633-track-a1-server-sweep-x86,1.0,128,8417916.0,/projects/F202500010HPCVLABUMINHO/uminhocp006/aded-project-llamacpp/llamacpp-tq/models/Meta-Llama-3.1-8B-Instruct-Q4_K_M.gguf,model-1-mandatory,1,long_hpc_case_study,1,measurements/organized_a1_results/x86_server/a1_server_scaling_summary.csv,3,context-length,32,32,9.132630483381185,0.10942208021000734,0.11921756333322264
unknown,turbo3,turbo3,long,4096,tq,measurements/1254633-track-a1-server-sweep-x86,1.0,128,8417916.0,/projects/F202500010HPCVLABUMINHO/uminhocp006/aded-project-llamacpp/llamacpp-tq/models/Meta-Llama-3.1-8B-Instruct-Q4_K_M.gguf,model-1-mandatory,1,long_memory_bound_reasoning,1,measurements/organized_a1_results/x86_server/a1_server_scaling_summary.csv,3,context-length,32,32,9.26042836484196,0.10790137813904438,0.11876645133209725
unknown,turbo3,turbo3,long,4096,tq,measurements/1254633-track-a1-server-sweep-x86,1.0,128,8417916.0,/projects/F202500010HPCVLABUMINHO/uminhocp006/aded-project-llamacpp/llamacpp-tq/models/Meta-Llama-3.1-8B-Instruct-Q4_K_M.gguf,model-1-mandatory,1,mandatory_long_transformer_cpu,1,measurements/organized_a1_results/x86_server/a1_server_scaling_summary.csv,3,context-length,32,32,9.395830979768245,0.10636501983206859,0.11477862366397555
unknown,turbo3,turbo3,medium,4096,tq,measurements/1254633-track-a1-server-sweep-x86,1.0,128,8417916.0,/projects/F202500010HPCVLABUMINHO/uminhocp006/aded-project-llamacpp/llamacpp-tq/models/Meta-Llama-3.1-8B-Instruct-Q4_K_M.gguf,model-1-mandatory,1,mandatory_medium_ml_vs_dl,1,measurements/organized_a1_results/x86_server/a1_server_scaling_summary.csv,3,context-length,32,32,9.627809912082766,0.1038418513044545,0.10975807266853128
unknown,turbo3,turbo3,medium,4096,tq,measurements/1254633-track-a1-server-sweep-x86,1.0,128,8417916.0,/projects/F202500010HPCVLABUMINHO/uminhocp006/aded-project-llamacpp/llamacpp-tq/models/Meta-Llama-3.1-8B-Instruct-Q4_K_M.gguf,model-1-mandatory,1,medium_cpu_inference_pipeline,1,measurements/organized_a1_results/x86_server/a1_server_scaling_summary.csv,3,context-length,32,32,9.541107387302477,0.10476643229138688,0.11086120233327772
unknown,turbo3,turbo3,medium,4096,tq,measurements/1254633-track-a1-server-sweep-x86,1.0,128,8417916.0,/projects/F202500010HPCVLABUMINHO/uminhocp006/aded-project-llamacpp/llamacpp-tq/models/Meta-Llama-3.1-8B-Instruct-Q4_K_M.gguf,model-1-mandatory,1,medium_quant_tradeoff,1,measurements/organized_a1_results/x86_server/a1_server_scaling_summary.csv,3,context-length,32,32,9.573775604127688,0.10440579925454771,0.11078462434428123
unknown,turbo3,turbo3,short,4096,tq,measurements/1254633-track-a1-server-sweep-x86,1.0,128,8417916.0,/projects/F202500010HPCVLABUMINHO/uminhocp006/aded-project-llamacpp/llamacpp-tq/models/Meta-Llama-3.1-8B-Instruct-Q4_K_M.gguf,model-1-mandatory,1,mandatory_short_capital_france,1,measurements/organized_a1_results/x86_server/a1_server_scaling_summary.csv,3,context-length,32,32,7.433987431461415,0.1082949570021204,0.19006440665301247
unknown,turbo3,turbo3,short,4096,tq,measurements/1254633-track-a1-server-sweep-x86,1.0,128,8417916.0,/projects/F202500010HPCVLABUMINHO/uminhocp006/aded-project-llamacpp/llamacpp-tq/models/Meta-Llama-3.1-8B-Instruct-Q4_K_M.gguf,model-1-mandatory,1,short_cpu_quantisation,1,measurements/organized_a1_results/x86_server/a1_server_scaling_summary.csv,3,context-length,32,32,9.093260210504964,0.10774992312601978,0.438204315326099
unknown,turbo3,turbo3,short,4096,tq,measurements/1254633-track-a1-server-sweep-x86,1.0,128,8417916.0,/projects/F202500010HPCVLABUMINHO/uminhocp006/aded-project-llamacpp/llamacpp-tq/models/Meta-Llama-3.1-8B-Instruct-Q4_K_M.gguf,model-1-mandatory,1,short_threading_definition,1,measurements/organized_a1_results/x86_server/a1_server_scaling_summary.csv,3,context-length,32,32,9.52782939738282,0.10499207631755422,0.11038603200965251
unknown,turbo4,turbo4,long,4096,tq,measurements/1254633-track-a1-server-sweep-x86,1.0,128,8480572.0,/projects/F202500010HPCVLABUMINHO/uminhocp006/aded-project-llamacpp/llamacpp-tq/models/Meta-Llama-3.1-8B-Instruct-Q4_K_M.gguf,model-1-mandatory,1,long_hpc_case_study,1,measurements/organized_a1_results/x86_server/a1_server_scaling_summary.csv,3,context-length,32,32,6.962281654425349,0.14356985979526654,0.15381737099960446
unknown,turbo4,turbo4,long,4096,tq,measurements/1254633-track-a1-server-sweep-x86,1.0,128,8480572.0,/projects/F202500010HPCVLABUMINHO/uminhocp006/aded-project-llamacpp/llamacpp-tq/models/Meta-Llama-3.1-8B-Instruct-Q4_K_M.gguf,model-1-mandatory,1,long_memory_bound_reasoning,1,measurements/organized_a1_results/x86_server/a1_server_scaling_summary.csv,3,context-length,32,32,7.032938472798285,0.14210727093438802,0.15422057966255429
unknown,turbo4,turbo4,long,4096,tq,measurements/1254633-track-a1-server-sweep-x86,1.0,128,8480572.0,/projects/F202500010HPCVLABUMINHO/uminhocp006/aded-project-llamacpp/llamacpp-tq/models/Meta-Llama-3.1-8B-Instruct-Q4_K_M.gguf,model-1-mandatory,1,mandatory_long_transformer_cpu,1,measurements/organized_a1_results/x86_server/a1_server_scaling_summary.csv,3,context-length,32,32,7.1610178927961785,0.1395771406614466,0.14902497533572992
unknown,turbo4,turbo4,medium,4096,tq,measurements/1254633-track-a1-server-sweep-x86,1.0,128,8480572.0,/projects/F202500010HPCVLABUMINHO/uminhocp006/aded-project-llamacpp/llamacpp-tq/models/Meta-Llama-3.1-8B-Instruct-Q4_K_M.gguf,model-1-mandatory,1,mandatory_medium_ml_vs_dl,1,measurements/organized_a1_results/x86_server/a1_server_scaling_summary.csv,3,context-length,32,32,7.33152786989587,0.13633015356431447,0.1457132616681823
unknown,turbo4,turbo4,medium,4096,tq,measurements/1254633-track-a1-server-sweep-x86,1.0,128,8480572.0,/projects/F202500010HPCVLABUMINHO/uminhocp006/aded-project-llamacpp/llamacpp-tq/models/Meta-Llama-3.1-8B-Instruct-Q4_K_M.gguf,model-1-mandatory,1,medium_cpu_inference_pipeline,1,measurements/organized_a1_results/x86_server/a1_server_scaling_summary.csv,3,context-length,32,32,7.273710829592632,0.1374449192519496,0.14321516133592618
unknown,turbo4,turbo4,medium,4096,tq,measurements/1254633-track-a1-server-sweep-x86,1.0,128,8480572.0,/projects/F202500010HPCVLABUMINHO/uminhocp006/aded-project-llamacpp/llamacpp-tq/models/Meta-Llama-3.1-8B-Instruct-Q4_K_M.gguf,model-1-mandatory,1,medium_quant_tradeoff,1,measurements/organized_a1_results/x86_server/a1_server_scaling_summary.csv,3,context-length,32,32,7.264977889755856,0.13760959526772668,0.14261885233281646
unknown,turbo4,turbo4,short,4096,tq,measurements/1254633-track-a1-server-sweep-x86,1.0,128,8480572.0,/projects/F202500010HPCVLABUMINHO/uminhocp006/aded-project-llamacpp/llamacpp-tq/models/Meta-Llama-3.1-8B-Instruct-Q4_K_M.gguf,model-1-mandatory,1,mandatory_short_capital_france,1,measurements/organized_a1_results/x86_server/a1_server_scaling_summary.csv,3,context-length,32,32,5.989931633946685,0.13541721866689235,0.22077263066603336
unknown,turbo4,turbo4,short,4096,tq,measurements/1254633-track-a1-server-sweep-x86,1.0,128,8480572.0,/projects/F202500010HPCVLABUMINHO/uminhocp006/aded-project-llamacpp/llamacpp-tq/models/Meta-Llama-3.1-8B-Instruct-Q4_K_M.gguf,model-1-mandatory,1,short_cpu_quantisation,1,measurements/organized_a1_results/x86_server/a1_server_scaling_summary.csv,3,context-length,32,32,7.142063531919358,0.13715830838584722,0.5045370040024864
unknown,turbo4,turbo4,short,4096,tq,measurements/1254633-track-a1-server-sweep-x86,1.0,128,8480572.0,/projects/F202500010HPCVLABUMINHO/uminhocp006/aded-project-llamacpp/llamacpp-tq/models/Meta-Llama-3.1-8B-Instruct-Q4_K_M.gguf,model-1-mandatory,1,short_threading_definition,1,measurements/organized_a1_results/x86_server/a1_server_scaling_summary.csv,3,context-length,32,32,7.290613986972129,0.13712671985306618,0.14319963733335803
unknown,turbo3,turbo3,long,512,tq,measurements/1254633-track-a1-server-sweep-x86,1.0,128,8327436.0,/projects/F202500010HPCVLABUMINHO/uminhocp006/aded-project-llamacpp/llamacpp-tq/models/Meta-Llama-3.1-8B-Instruct-Q4_K_M.gguf,model-1-mandatory,1,long_hpc_case_study,1,measurements/organized_a1_results/x86_server/a1_server_scaling_summary.csv,3,context-length,32,32,7.929445826339676,0.12605095028077018,0.13567909334475795
unknown,turbo3,turbo3,long,512,tq,measurements/1254633-track-a1-server-sweep-x86,1.0,128,8327436.0,/projects/F202500010HPCVLABUMINHO/uminhocp006/aded-project-llamacpp/llamacpp-tq/models/Meta-Llama-3.1-8B-Instruct-Q4_K_M.gguf,model-1-mandatory,1,long_memory_bound_reasoning,1,measurements/organized_a1_results/x86_server/a1_server_scaling_summary.csv,3,context-length,32,32,8.02552233698294,0.12453639364302992,0.13416128766645366
unknown,turbo3,turbo3,long,512,tq,measurements/1254633-track-a1-server-sweep-x86,1.0,128,8327436.0,/projects/F202500010HPCVLABUMINHO/uminhocp006/aded-project-llamacpp/llamacpp-tq/models/Meta-Llama-3.1-8B-Instruct-Q4_K_M.gguf,model-1-mandatory,1,mandatory_long_transformer_cpu,1,measurements/organized_a1_results/x86_server/a1_server_scaling_summary.csv,3,context-length,32,32,8.095531157659307,0.12346637205772586,0.13344498199876398
unknown,turbo3,turbo3,medium,512,tq,measurements/1254633-track-a1-server-sweep-x86,1.0,128,8327436.0,/projects/F202500010HPCVLABUMINHO/uminhocp006/aded-project-llamacpp/llamacpp-tq/models/Meta-Llama-3.1-8B-Instruct-Q4_K_M.gguf,model-1-mandatory,1,mandatory_medium_ml_vs_dl,1,measurements/organized_a1_results/x86_server/a1_server_scaling_summary.csv,3,context-length,32,32,8.259179877601406,0.12105283213911024,0.12795395467158718
unknown,turbo3,turbo3,medium,512,tq,measurements/1254633-track-a1-server-sweep-x86,1.0,128,8327436.0,/projects/F202500010HPCVLABUMINHO/uminhocp006/aded-project-llamacpp/llamacpp-tq/models/Meta-Llama-3.1-8B-Instruct-Q4_K_M.gguf,model-1-mandatory,1,medium_cpu_inference_pipeline,1,measurements/organized_a1_results/x86_server/a1_server_scaling_summary.csv,3,context-length,32,32,8.191496469482267,0.12206527585045464,0.12697443833652264
unknown,turbo3,turbo3,medium,512,tq,measurements/1254633-track-a1-server-sweep-x86,1.0,128,8327436.0,/projects/F202500010HPCVLABUMINHO/uminhocp006/aded-project-llamacpp/llamacpp-tq/models/Meta-Llama-3.1-8B-Instruct-Q4_K_M.gguf,model-1-mandatory,1,medium_quant_tradeoff,1,measurements/organized_a1_results/x86_server/a1_server_scaling_summary.csv,3,context-length,32,32,8.190630644072723,0.12207584851176974,0.12729217533099776
unknown,turbo3,turbo3,short,512,tq,measurements/1254633-track-a1-server-sweep-x86,1.0,128,8327436.0,/projects/F202500010HPCVLABUMINHO/uminhocp006/aded-project-llamacpp/llamacpp-tq/models/Meta-Llama-3.1-8B-Instruct-Q4_K_M.gguf,model-1-mandatory,1,mandatory_short_capital_france,1,measurements/organized_a1_results/x86_server/a1_server_scaling_summary.csv,3,context-length,32,32,6.76975524999459,0.12006895255439708,0.19368693266490786
unknown,turbo3,turbo3,short,512,tq,measurements/1254633-track-a1-server-sweep-x86,1.0,128,8327436.0,/projects/F202500010HPCVLABUMINHO/uminhocp006/aded-project-llamacpp/llamacpp-tq/models/Meta-Llama-3.1-8B-Instruct-Q4_K_M.gguf,model-1-mandatory,1,short_cpu_quantisation,1,measurements/organized_a1_results/x86_server/a1_server_scaling_summary.csv,3,context-length,32,32,8.02397899676261,0.12219140016803215,0.44162486465453793
unknown,turbo3,turbo3,short,512,tq,measurements/1254633-track-a1-server-sweep-x86,1.0,128,8327436.0,/projects/F202500010HPCVLABUMINHO/uminhocp006/aded-project-llamacpp/llamacpp-tq/models/Meta-Llama-3.1-8B-Instruct-Q4_K_M.gguf,model-1-mandatory,1,short_threading_definition,1,measurements/organized_a1_results/x86_server/a1_server_scaling_summary.csv,3,context-length,32,32,8.25521847559286,0.12112496389231028,0.1252768313376388
unknown,turbo4,turbo4,long,512,tq,measurements/1254633-track-a1-server-sweep-x86,1.0,128,8352080.0,/projects/F202500010HPCVLABUMINHO/uminhocp006/aded-project-llamacpp/llamacpp-tq/models/Meta-Llama-3.1-8B-Instruct-Q4_K_M.gguf,model-1-mandatory,1,long_hpc_case_study,1,measurements/organized_a1_results/x86_server/a1_server_scaling_summary.csv,3,context-length,32,32,7.11633865912415,0.14045926254846736,0.1541703186715798
unknown,turbo4,turbo4,long,512,tq,measurements/1254633-track-a1-server-sweep-x86,1.0,128,8352080.0,/projects/F202500010HPCVLABUMINHO/uminhocp006/aded-project-llamacpp/llamacpp-tq/models/Meta-Llama-3.1-8B-Instruct-Q4_K_M.gguf,model-1-mandatory,1,long_memory_bound_reasoning,1,measurements/organized_a1_results/x86_server/a1_server_scaling_summary.csv,3,context-length,32,32,7.190271537486017,0.13903625575060774,0.15014827566725822
unknown,turbo4,turbo4,long,512,tq,measurements/1254633-track-a1-server-sweep-x86,1.0,128,8352080.0,/projects/F202500010HPCVLABUMINHO/uminhocp006/aded-project-llamacpp/llamacpp-tq/models/Meta-Llama-3.1-8B-Instruct-Q4_K_M.gguf,model-1-mandatory,1,mandatory_long_transformer_cpu,1,measurements/organized_a1_results/x86_server/a1_server_scaling_summary.csv,3,context-length,32,32,7.339203109327568,0.13622363218635852,0.14489825165946968
unknown,turbo4,turbo4,medium,512,tq,measurements/1254633-track-a1-server-sweep-x86,1.0,128,8352080.0,/projects/F202500010HPCVLABUMINHO/uminhocp006/aded-project-llamacpp/llamacpp-tq/models/Meta-Llama-3.1-8B-Instruct-Q4_K_M.gguf,model-1-mandatory,1,mandatory_medium_ml_vs_dl,1,measurements/organized_a1_results/x86_server/a1_server_scaling_summary.csv,3,context-length,32,32,7.603516486691086,0.13150729330981045,0.13557299032496908
unknown,turbo4,turbo4,medium,512,tq,measurements/1254633-track-a1-server-sweep-x86,1.0,128,8352080.0,/projects/F202500010HPCVLABUMINHO/uminhocp006/aded-project-llamacpp/llamacpp-tq/models/Meta-Llama-3.1-8B-Instruct-Q4_K_M.gguf,model-1-mandatory,1,medium_cpu_inference_pipeline,1,measurements/organized_a1_results/x86_server/a1_server_scaling_summary.csv,3,context-length,32,32,7.4849129945964235,0.1335772523674668,0.13985906066955067
unknown,turbo4,turbo4,medium,512,tq,measurements/1254633-track-a1-server-sweep-x86,1.0,128,8352080.0,/projects/F202500010HPCVLABUMINHO/uminhocp006/aded-project-llamacpp/llamacpp-tq/models/Meta-Llama-3.1-8B-Instruct-Q4_K_M.gguf,model-1-mandatory,1,medium_quant_tradeoff,1,measurements/organized_a1_results/x86_server/a1_server_scaling_summary.csv,3,context-length,32,32,7.491818625554245,0.13345700429399251,0.14088876067156283
unknown,turbo4,turbo4,short,512,tq,measurements/1254633-track-a1-server-sweep-x86,1.0,128,8352080.0,/projects/F202500010HPCVLABUMINHO/uminhocp006/aded-project-llamacpp/llamacpp-tq/models/Meta-Llama-3.1-8B-Instruct-Q4_K_M.gguf,model-1-mandatory,1,mandatory_short_capital_france,1,measurements/organized_a1_results/x86_server/a1_server_scaling_summary.csv,3,context-length,32,32,6.265051312511644,0.12993730572149312,0.2081217193432773
unknown,turbo4,turbo4,short,512,tq,measurements/1254633-track-a1-server-sweep-x86,1.0,128,8352080.0,/projects/F202500010HPCVLABUMINHO/uminhocp006/aded-project-llamacpp/llamacpp-tq/models/Meta-Llama-3.1-8B-Instruct-Q4_K_M.gguf,model-1-mandatory,1,short_cpu_quantisation,1,measurements/organized_a1_results/x86_server/a1_server_scaling_summary.csv,3,context-length,32,32,7.431375989154769,0.13202481340423528,0.4606766366632655
unknown,turbo4,turbo4,short,512,tq,measurements/1254633-track-a1-server-sweep-x86,1.0,128,8352080.0,/projects/F202500010HPCVLABUMINHO/uminhocp006/aded-project-llamacpp/llamacpp-tq/models/Meta-Llama-3.1-8B-Instruct-Q4_K_M.gguf,model-1-mandatory,1,short_threading_definition,1,measurements/organized_a1_results/x86_server/a1_server_scaling_summary.csv,3,context-length,32,32,7.586450202280658,0.1317972023333539,0.13768595532746986
unknown,f16,f16,long,1024,vanilla,measurements/1254633-track-a1-server-sweep-x86,1.0,128,8666104.0,/projects/F202500010HPCVLABUMINHO/uminhocp006/aded-project-llamacpp/llamacpp-tq/models/Meta-Llama-3.1-8B-Instruct-Q4_K_M.gguf,model-1-mandatory,1,long_hpc_case_study,1,measurements/organized_a1_results/x86_server/a1_server_scaling_summary.csv,3,context-length,32,32,6.095742071144096,0.16379786164574986,0.19895246699646427
unknown,f16,f16,long,1024,vanilla,measurements/1254633-track-a1-server-sweep-x86,1.0,128,8666104.0,/projects/F202500010HPCVLABUMINHO/uminhocp006/aded-project-llamacpp/llamacpp-tq/models/Meta-Llama-3.1-8B-Instruct-Q4_K_M.gguf,model-1-mandatory,1,long_memory_bound_reasoning,1,measurements/organized_a1_results/x86_server/a1_server_scaling_summary.csv,3,context-length,32,32,6.08839123151976,0.16396620232812642,0.20122145233714642
unknown,f16,f16,long,1024,vanilla,measurements/1254633-track-a1-server-sweep-x86,1.0,128,8666104.0,/projects/F202500010HPCVLABUMINHO/uminhocp006/aded-project-llamacpp/llamacpp-tq/models/Meta-Llama-3.1-8B-Instruct-Q4_K_M.gguf,model-1-mandatory,1,mandatory_long_transformer_cpu,1,measurements/organized_a1_results/x86_server/a1_server_scaling_summary.csv,3,context-length,32,32,6.168841574328578,0.16195626698947374,0.1822240869999708
unknown,f16,f16,medium,1024,vanilla,measurements/1254633-track-a1-server-sweep-x86,1.0,128,8666104.0,/projects/F202500010HPCVLABUMINHO/uminhocp006/aded-project-llamacpp/llamacpp-tq/models/Meta-Llama-3.1-8B-Instruct-Q4_K_M.gguf,model-1-mandatory,1,mandatory_medium_ml_vs_dl,1,measurements/organized_a1_results/x86_server/a1_server_scaling_summary.csv,3,context-length,32,32,6.220681830409516,0.16063758105774756,0.17799466799867028
unknown,f16,f16,medium,1024,vanilla,measurements/1254633-track-a1-server-sweep-x86,1.0,128,8666104.0,/projects/F202500010HPCVLABUMINHO/uminhocp006/aded-project-llamacpp/llamacpp-tq/models/Meta-Llama-3.1-8B-Instruct-Q4_K_M.gguf,model-1-mandatory,1,medium_cpu_inference_pipeline,1,measurements/organized_a1_results/x86_server/a1_server_scaling_summary.csv,3,context-length,32,32,6.220902499035926,0.1606072941128888,0.18175636433685818
unknown,f16,f16,medium,1024,vanilla,measurements/1254633-track-a1-server-sweep-x86,1.0,128,8666104.0,/projects/F202500010HPCVLABUMINHO/uminhocp006/aded-project-llamacpp/llamacpp-tq/models/Meta-Llama-3.1-8B-Instruct-Q4_K_M.gguf,model-1-mandatory,1,medium_quant_tradeoff,1,measurements/organized_a1_results/x86_server/a1_server_scaling_summary.csv,3,context-length,32,32,6.245566559288797,0.15989983977696168,0.18869688033980006
unknown,f16,f16,short,1024,vanilla,measurements/1254633-track-a1-server-sweep-x86,1.0,128,8666104.0,/projects/F202500010HPCVLABUMINHO/uminhocp006/aded-project-llamacpp/llamacpp-tq/models/Meta-Llama-3.1-8B-Instruct-Q4_K_M.gguf,model-1-mandatory,1,mandatory_short_capital_france,1,measurements/organized_a1_results/x86_server/a1_server_scaling_summary.csv,3,context-length,32,32,4.917292730257006,0.15916827999818553,0.30594095300572616
unknown,f16,f16,short,1024,vanilla,measurements/1254633-track-a1-server-sweep-x86,1.0,128,8666104.0,/projects/F202500010HPCVLABUMINHO/uminhocp006/aded-project-llamacpp/llamacpp-tq/models/Meta-Llama-3.1-8B-Instruct-Q4_K_M.gguf,model-1-mandatory,1,short_cpu_quantisation,1,measurements/organized_a1_results/x86_server/a1_server_scaling_summary.csv,3,context-length,32,32,6.054402468538728,0.16166126295273972,0.6126922153343912
unknown,f16,f16,short,1024,vanilla,measurements/1254633-track-a1-server-sweep-x86,1.0,128,8666104.0,/projects/F202500010HPCVLABUMINHO/uminhocp006/aded-project-llamacpp/llamacpp-tq/models/Meta-Llama-3.1-8B-Instruct-Q4_K_M.gguf,model-1-mandatory,1,short_threading_definition,1,measurements/organized_a1_results/x86_server/a1_server_scaling_summary.csv,3,context-length,32,32,6.224869503297418,0.160550282167954,0.17659088099996248
unknown,f16,f16,long,2048,vanilla,measurements/1254633-track-a1-server-sweep-x86,1.0,128,8825412.0,/projects/F202500010HPCVLABUMINHO/uminhocp006/aded-project-llamacpp/llamacpp-tq/models/Meta-Llama-3.1-8B-Instruct-Q4_K_M.gguf,model-1-mandatory,1,long_hpc_case_study,1,measurements/organized_a1_results/x86_server/a1_server_scaling_summary.csv,3,context-length,32,32,6.495407798460794,0.15370732489203315,0.1852612626971677
unknown,f16,f16,long,2048,vanilla,measurements/1254633-track-a1-server-sweep-x86,1.0,128,8825412.0,/projects/F202500010HPCVLABUMINHO/uminhocp006/aded-project-llamacpp/llamacpp-tq/models/Meta-Llama-3.1-8B-Instruct-Q4_K_M.gguf,model-1-mandatory,1,long_memory_bound_reasoning,1,measurements/organized_a1_results/x86_server/a1_server_scaling_summary.csv,3,context-length,32,32,6.4845485395853055,0.1539536139342978,0.18740669967761883
unknown,f16,f16,long,2048,vanilla,measurements/1254633-track-a1-server-sweep-x86,1.0,128,8825412.0,/projects/F202500010HPCVLABUMINHO/uminhocp006/aded-project-llamacpp/llamacpp-tq/models/Meta-Llama-3.1-8B-Instruct-Q4_K_M.gguf,model-1-mandatory,1,mandatory_long_transformer_cpu,1,measurements/organized_a1_results/x86_server/a1_server_scaling_summary.csv,3,context-length,32,32,6.567549404480613,0.1521130837768981,0.17129269735111544
unknown,f16,f16,medium,2048,vanilla,measurements/1254633-track-a1-server-sweep-x86,1.0,128,8825412.0,/projects/F202500010HPCVLABUMINHO/uminhocp006/aded-project-llamacpp/llamacpp-tq/models/Meta-Llama-3.1-8B-Instruct-Q4_K_M.gguf,model-1-mandatory,1,mandatory_medium_ml_vs_dl,1,measurements/organized_a1_results/x86_server/a1_server_scaling_summary.csv,3,context-length,32,32,6.599832294532531,0.1513701345746496,0.1704132273249949
unknown,f16,f16,medium,2048,vanilla,measurements/1254633-track-a1-server-sweep-x86,1.0,128,8825412.0,/projects/F202500010HPCVLABUMINHO/uminhocp006/aded-project-llamacpp/llamacpp-tq/models/Meta-Llama-3.1-8B-Instruct-Q4_K_M.gguf,model-1-mandatory,1,medium_cpu_inference_pipeline,1,measurements/organized_a1_results/x86_server/a1_server_scaling_summary.csv,3,context-length,32,32,6.6347685615570535,0.15056664302329145,0.17018368669475117
unknown,f16,f16,medium,2048,vanilla,measurements/1254633-track-a1-server-sweep-x86,1.0,128,8825412.0,/projects/F202500010HPCVLABUMINHO/uminhocp006/aded-project-llamacpp/llamacpp-tq/models/Meta-Llama-3.1-8B-Instruct-Q4_K_M.gguf,model-1-mandatory,1,medium_quant_tradeoff,1,measurements/organized_a1_results/x86_server/a1_server_scaling_summary.csv,3,context-length,32,32,6.6228930660863465,0.15081452395799974,0.17337872895101705
unknown,f16,f16,short,2048,vanilla,measurements/1254633-track-a1-server-sweep-x86,1.0,128,8825412.0,/projects/F202500010HPCVLABUMINHO/uminhocp006/aded-project-llamacpp/llamacpp-tq/models/Meta-Llama-3.1-8B-Instruct-Q4_K_M.gguf,model-1-mandatory,1,mandatory_short_capital_france,1,measurements/organized_a1_results/x86_server/a1_server_scaling_summary.csv,3,context-length,32,32,5.104056920102063,0.15422219839335108,0.29341146159761894
unknown,f16,f16,short,2048,vanilla,measurements/1254633-track-a1-server-sweep-x86,1.0,128,8825412.0,/projects/F202500010HPCVLABUMINHO/uminhocp006/aded-project-llamacpp/llamacpp-tq/models/Meta-Llama-3.1-8B-Instruct-Q4_K_M.gguf,model-1-mandatory,1,short_cpu_quantisation,1,measurements/organized_a1_results/x86_server/a1_server_scaling_summary.csv,3,context-length,32,32,6.439233668600444,0.15188948748287381,0.5923650383483618
unknown,f16,f16,short,2048,vanilla,measurements/1254633-track-a1-server-sweep-x86,1.0,128,8825412.0,/projects/F202500010HPCVLABUMINHO/uminhocp006/aded-project-llamacpp/llamacpp-tq/models/Meta-Llama-3.1-8B-Instruct-Q4_K_M.gguf,model-1-mandatory,1,short_threading_definition,1,measurements/organized_a1_results/x86_server/a1_server_scaling_summary.csv,3,context-length,32,32,6.600985508400222,0.15143260338833786,0.16141960901829103
unknown,f16,f16,long,4096,vanilla,measurements/1254633-track-a1-server-sweep-x86,1.0,128,9079652.0,/projects/F202500010HPCVLABUMINHO/uminhocp006/aded-project-llamacpp/llamacpp-tq/models/Meta-Llama-3.1-8B-Instruct-Q4_K_M.gguf,model-1-mandatory,1,long_hpc_case_study,1,measurements/organized_a1_results/x86_server/a1_server_scaling_summary.csv,3,context-length,32,32,6.9720825466151695,0.14324524958790316,0.16865365499203713
unknown,f16,f16,long,4096,vanilla,measurements/1254633-track-a1-server-sweep-x86,1.0,128,9079652.0,/projects/F202500010HPCVLABUMINHO/uminhocp006/aded-project-llamacpp/llamacpp-tq/models/Meta-Llama-3.1-8B-Instruct-Q4_K_M.gguf,model-1-mandatory,1,long_memory_bound_reasoning,1,measurements/organized_a1_results/x86_server/a1_server_scaling_summary.csv,3,context-length,32,32,7.015106635820857,0.14231020055646798,0.1740147199986192
unknown,f16,f16,long,4096,vanilla,measurements/1254633-track-a1-server-sweep-x86,1.0,128,9079652.0,/projects/F202500010HPCVLABUMINHO/uminhocp006/aded-project-llamacpp/llamacpp-tq/models/Meta-Llama-3.1-8B-Instruct-Q4_K_M.gguf,model-1-mandatory,1,mandatory_long_transformer_cpu,1,measurements/organized_a1_results/x86_server/a1_server_scaling_summary.csv,3,context-length,32,32,7.061450116024904,0.14147426412328393,0.16055422067681016
unknown,f16,f16,medium,4096,vanilla,measurements/1254633-track-a1-server-sweep-x86,1.0,128,9079652.0,/projects/F202500010HPCVLABUMINHO/uminhocp006/aded-project-llamacpp/llamacpp-tq/models/Meta-Llama-3.1-8B-Instruct-Q4_K_M.gguf,model-1-mandatory,1,mandatory_medium_ml_vs_dl,1,measurements/organized_a1_results/x86_server/a1_server_scaling_summary.csv,3,context-length,32,32,7.116144307080133,0.14039160518905788,0.1586591613207323
unknown,f16,f16,medium,4096,vanilla,measurements/1254633-track-a1-server-sweep-x86,1.0,128,9079652.0,/projects/F202500010HPCVLABUMINHO/uminhocp006/aded-project-llamacpp/llamacpp-tq/models/Meta-Llama-3.1-8B-Instruct-Q4_K_M.gguf,model-1-mandatory,1,medium_cpu_inference_pipeline,1,measurements/organized_a1_results/x86_server/a1_server_scaling_summary.csv,3,context-length,32,32,7.135593784801962,0.1399943672493803,0.16001918600522913
unknown,f16,f16,medium,4096,vanilla,measurements/1254633-track-a1-server-sweep-x86,1.0,128,9079652.0,/projects/F202500010HPCVLABUMINHO/uminhocp006/aded-project-llamacpp/llamacpp-tq/models/Meta-Llama-3.1-8B-Instruct-Q4_K_M.gguf,model-1-mandatory,1,medium_quant_tradeoff,1,measurements/organized_a1_results/x86_server/a1_server_scaling_summary.csv,3,context-length,32,32,7.097017784562933,0.14075684251443707,0.1599883846550559
unknown,f16,f16,short,4096,vanilla,measurements/1254633-track-a1-server-sweep-x86,1.0,128,9079652.0,/projects/F202500010HPCVLABUMINHO/uminhocp006/aded-project-llamacpp/llamacpp-tq/models/Meta-Llama-3.1-8B-Instruct-Q4_K_M.gguf,model-1-mandatory,1,mandatory_short_capital_france,1,measurements/organized_a1_results/x86_server/a1_server_scaling_summary.csv,3,context-length,32,32,5.612839438503482,0.13973781233330052,0.2686640630126931
unknown,f16,f16,short,4096,vanilla,measurements/1254633-track-a1-server-sweep-x86,1.0,128,9079652.0,/projects/F202500010HPCVLABUMINHO/uminhocp006/aded-project-llamacpp/llamacpp-tq/models/Meta-Llama-3.1-8B-Instruct-Q4_K_M.gguf,model-1-mandatory,1,short_cpu_quantisation,1,measurements/organized_a1_results/x86_server/a1_server_scaling_summary.csv,3,context-length,32,32,7.02839023106489,0.13905139724145585,0.5543995813350193
unknown,f16,f16,short,4096,vanilla,measurements/1254633-track-a1-server-sweep-x86,1.0,128,9079652.0,/projects/F202500010HPCVLABUMINHO/uminhocp006/aded-project-llamacpp/llamacpp-tq/models/Meta-Llama-3.1-8B-Instruct-Q4_K_M.gguf,model-1-mandatory,1,short_threading_definition,1,measurements/organized_a1_results/x86_server/a1_server_scaling_summary.csv,3,context-length,32,32,7.163514076672456,0.13952880719420865,0.14993524433036023
unknown,f16,f16,long,512,vanilla,measurements/1254633-track-a1-server-sweep-x86,1.0,128,8595424.0,/projects/F202500010HPCVLABUMINHO/uminhocp006/aded-project-llamacpp/llamacpp-tq/models/Meta-Llama-3.1-8B-Instruct-Q4_K_M.gguf,model-1-mandatory,1,long_hpc_case_study,1,measurements/organized_a1_results/x86_server/a1_server_scaling_summary.csv,3,context-length,32,32,9.794282754534455,0.1018887416509172,0.12950406366674846
unknown,f16,f16,long,512,vanilla,measurements/1254633-track-a1-server-sweep-x86,1.0,128,8595424.0,/projects/F202500010HPCVLABUMINHO/uminhocp006/aded-project-llamacpp/llamacpp-tq/models/Meta-Llama-3.1-8B-Instruct-Q4_K_M.gguf,model-1-mandatory,1,long_memory_bound_reasoning,1,measurements/organized_a1_results/x86_server/a1_server_scaling_summary.csv,3,context-length,32,32,9.800473022720878,0.10180569965091893,0.13161584199997378
unknown,f16,f16,long,512,vanilla,measurements/1254633-track-a1-server-sweep-x86,1.0,128,8595424.0,/projects/F202500010HPCVLABUMINHO/uminhocp006/aded-project-llamacpp/llamacpp-tq/models/Meta-Llama-3.1-8B-Instruct-Q4_K_M.gguf,model-1-mandatory,1,mandatory_long_transformer_cpu,1,measurements/organized_a1_results/x86_server/a1_server_scaling_summary.csv,3,context-length,32,32,9.934601252775558,0.1004934164803156,0.12245816399990872
unknown,f16,f16,medium,512,vanilla,measurements/1254633-track-a1-server-sweep-x86,1.0,128,8595424.0,/projects/F202500010HPCVLABUMINHO/uminhocp006/aded-project-llamacpp/llamacpp-tq/models/Meta-Llama-3.1-8B-Instruct-Q4_K_M.gguf,model-1-mandatory,1,mandatory_medium_ml_vs_dl,1,measurements/organized_a1_results/x86_server/a1_server_scaling_summary.csv,3,context-length,32,32,9.963223997956096,0.1002465887191609,0.1176937759998206
unknown,f16,f16,medium,512,vanilla,measurements/1254633-track-a1-server-sweep-x86,1.0,128,8595424.0,/projects/F202500010HPCVLABUMINHO/uminhocp006/aded-project-llamacpp/llamacpp-tq/models/Meta-Llama-3.1-8B-Instruct-Q4_K_M.gguf,model-1-mandatory,1,medium_cpu_inference_pipeline,1,measurements/organized_a1_results/x86_server/a1_server_scaling_summary.csv,3,context-length,32,32,9.98727700636453,0.10000221743044686,0.11743478000001535
unknown,f16,f16,medium,512,vanilla,measurements/1254633-track-a1-server-sweep-x86,1.0,128,8595424.0,/projects/F202500010HPCVLABUMINHO/uminhocp006/aded-project-llamacpp/llamacpp-tq/models/Meta-Llama-3.1-8B-Instruct-Q4_K_M.gguf,model-1-mandatory,1,medium_quant_tradeoff,1,measurements/organized_a1_results/x86_server/a1_server_scaling_summary.csv,3,context-length,32,32,9.998061264952627,0.09986250421259807,0.12130937966670292
unknown,f16,f16,short,512,vanilla,measurements/1254633-track-a1-server-sweep-x86,1.0,128,8595424.0,/projects/F202500010HPCVLABUMINHO/uminhocp006/aded-project-llamacpp/llamacpp-tq/models/Meta-Llama-3.1-8B-Instruct-Q4_K_M.gguf,model-1-mandatory,1,mandatory_short_capital_france,1,measurements/organized_a1_results/x86_server/a1_server_scaling_summary.csv,3,context-length,32,32,7.345233228520474,0.10549316805557081,0.2192519849998765
unknown,f16,f16,short,512,vanilla,measurements/1254633-track-a1-server-sweep-x86,1.0,128,8595424.0,/projects/F202500010HPCVLABUMINHO/uminhocp006/aded-project-llamacpp/llamacpp-tq/models/Meta-Llama-3.1-8B-Instruct-Q4_K_M.gguf,model-1-mandatory,1,short_cpu_quantisation,1,measurements/organized_a1_results/x86_server/a1_server_scaling_summary.csv,3,context-length,32,32,9.480884787113693,0.10292696672703454,0.4519137359999756
unknown,f16,f16,short,512,vanilla,measurements/1254633-track-a1-server-sweep-x86,1.0,128,8595424.0,/projects/F202500010HPCVLABUMINHO/uminhocp006/aded-project-llamacpp/llamacpp-tq/models/Meta-Llama-3.1-8B-Instruct-Q4_K_M.gguf,model-1-mandatory,1,short_threading_definition,1,measurements/organized_a1_results/x86_server/a1_server_scaling_summary.csv,3,context-length,32,32,9.89138960628915,0.1010455420131241,0.11263996699987426
unknown,turbo3,turbo3,long,2048,tq,measurements/1254633-track-a1-server-sweep-x86,1.0,128,8376236.0,/projects/F202500010HPCVLABUMINHO/uminhocp006/aded-project-llamacpp/llamacpp-tq/models/Meta-Llama-3.1-8B-Instruct-Q4_K_M.gguf,model-1-mandatory,1,long_hpc_case_study,1,measurements/organized_a1_results/x86_server/a1_server_scaling_summary.csv,3,decode-length,32,32,8.423714748649898,0.11863130158540033,0.1287965589920835
unknown,turbo3,turbo3,long,2048,tq,measurements/1254633-track-a1-server-sweep-x86,1.0,128,8376236.0,/projects/F202500010HPCVLABUMINHO/uminhocp006/aded-project-llamacpp/llamacpp-tq/models/Meta-Llama-3.1-8B-Instruct-Q4_K_M.gguf,model-1-mandatory,1,long_memory_bound_reasoning,1,measurements/organized_a1_results/x86_server/a1_server_scaling_summary.csv,3,decode-length,32,32,8.521359652156567,0.1172675453333442,0.12788539599083984
unknown,turbo3,turbo3,long,2048,tq,measurements/1254633-track-a1-server-sweep-x86,1.0,128,8376236.0,/projects/F202500010HPCVLABUMINHO/uminhocp006/aded-project-llamacpp/llamacpp-tq/models/Meta-Llama-3.1-8B-Instruct-Q4_K_M.gguf,model-1-mandatory,1,mandatory_long_transformer_cpu,1,measurements/organized_a1_results/x86_server/a1_server_scaling_summary.csv,3,decode-length,32,32,8.673492639581918,0.11522606696853759,0.12427962398699795
unknown,turbo3,turbo3,medium,2048,tq,measurements/1254633-track-a1-server-sweep-x86,1.0,128,8376236.0,/projects/F202500010HPCVLABUMINHO/uminhocp006/aded-project-llamacpp/llamacpp-tq/models/Meta-Llama-3.1-8B-Instruct-Q4_K_M.gguf,model-1-mandatory,1,mandatory_medium_ml_vs_dl,1,measurements/organized_a1_results/x86_server/a1_server_scaling_summary.csv,3,decode-length,32,32,8.870553375931154,0.11270222555371759,0.1187607693427708
unknown,turbo3,turbo3,medium,2048,tq,measurements/1254633-track-a1-server-sweep-x86,1.0,128,8376236.0,/projects/F202500010HPCVLABUMINHO/uminhocp006/aded-project-llamacpp/llamacpp-tq/models/Meta-Llama-3.1-8B-Instruct-Q4_K_M.gguf,model-1-mandatory,1,medium_cpu_inference_pipeline,1,measurements/organized_a1_results/x86_server/a1_server_scaling_summary.csv,3,decode-length,32,32,8.781768849171877,0.11383362630445736,0.1202432770029797
unknown,turbo3,turbo3,medium,2048,tq,measurements/1254633-track-a1-server-sweep-x86,1.0,128,8376236.0,/projects/F202500010HPCVLABUMINHO/uminhocp006/aded-project-llamacpp/llamacpp-tq/models/Meta-Llama-3.1-8B-Instruct-Q4_K_M.gguf,model-1-mandatory,1,medium_quant_tradeoff,1,measurements/organized_a1_results/x86_server/a1_server_scaling_summary.csv,3,decode-length,32,32,8.823190666855059,0.11328748669542539,0.12001948866721553
unknown,turbo3,turbo3,short,2048,tq,measurements/1254633-track-a1-server-sweep-x86,1.0,128,8376236.0,/projects/F202500010HPCVLABUMINHO/uminhocp006/aded-project-llamacpp/llamacpp-tq/models/Meta-Llama-3.1-8B-Instruct-Q4_K_M.gguf,model-1-mandatory,1,mandatory_short_capital_france,1,measurements/organized_a1_results/x86_server/a1_server_scaling_summary.csv,3,decode-length,32,32,7.093092858913932,0.11348066872192754,0.19365657233477881
unknown,turbo3,turbo3,short,2048,tq,measurements/1254633-track-a1-server-sweep-x86,1.0,128,8376236.0,/projects/F202500010HPCVLABUMINHO/uminhocp006/aded-project-llamacpp/llamacpp-tq/models/Meta-Llama-3.1-8B-Instruct-Q4_K_M.gguf,model-1-mandatory,1,short_cpu_quantisation,1,measurements/organized_a1_results/x86_server/a1_server_scaling_summary.csv,3,decode-length,32,32,8.511462271859493,0.11510346486870862,0.4411108853431263
unknown,turbo3,turbo3,short,2048,tq,measurements/1254633-track-a1-server-sweep-x86,1.0,128,8376236.0,/projects/F202500010HPCVLABUMINHO/uminhocp006/aded-project-llamacpp/llamacpp-tq/models/Meta-Llama-3.1-8B-Instruct-Q4_K_M.gguf,model-1-mandatory,1,short_threading_definition,1,measurements/organized_a1_results/x86_server/a1_server_scaling_summary.csv,3,decode-length,32,32,8.81756271167504,0.11341096319172964,0.11910565465223044
unknown,turbo3,turbo3,long,2048,tq,measurements/1254633-track-a1-server-sweep-x86,1.0,256,8410284.0,/projects/F202500010HPCVLABUMINHO/uminhocp006/aded-project-llamacpp/llamacpp-tq/models/Meta-Llama-3.1-8B-Instruct-Q4_K_M.gguf,model-1-mandatory,1,long_hpc_case_study,1,measurements/organized_a1_results/x86_server/a1_server_scaling_summary.csv,3,decode-length,32,32,8.052381296658911,0.12470030188103956,0.13335139399472004
unknown,turbo3,turbo3,long,2048,tq,measurements/1254633-track-a1-server-sweep-x86,1.0,256,8410284.0,/projects/F202500010HPCVLABUMINHO/uminhocp006/aded-project-llamacpp/llamacpp-tq/models/Meta-Llama-3.1-8B-Instruct-Q4_K_M.gguf,model-1-mandatory,1,long_memory_bound_reasoning,1,measurements/organized_a1_results/x86_server/a1_server_scaling_summary.csv,3,decode-length,32,32,8.149331776316892,0.12322601268754274,0.13342309467649707
unknown,turbo3,turbo3,long,2048,tq,measurements/1254633-track-a1-server-sweep-x86,1.0,256,8410284.0,/projects/F202500010HPCVLABUMINHO/uminhocp006/aded-project-llamacpp/llamacpp-tq/models/Meta-Llama-3.1-8B-Instruct-Q4_K_M.gguf,model-1-mandatory,1,mandatory_long_transformer_cpu,1,measurements/organized_a1_results/x86_server/a1_server_scaling_summary.csv,3,decode-length,32,32,8.264982092057561,0.12153635249542395,0.12942809400071079
unknown,turbo3,turbo3,medium,2048,tq,measurements/1254633-track-a1-server-sweep-x86,1.0,256,8410284.0,/projects/F202500010HPCVLABUMINHO/uminhocp006/aded-project-llamacpp/llamacpp-tq/models/Meta-Llama-3.1-8B-Instruct-Q4_K_M.gguf,model-1-mandatory,1,mandatory_medium_ml_vs_dl,1,measurements/organized_a1_results/x86_server/a1_server_scaling_summary.csv,3,decode-length,32,32,7.990326434167209,0.12440739722094603,0.3240164766611997
unknown,turbo3,turbo3,medium,2048,tq,measurements/1254633-track-a1-server-sweep-x86,1.0,256,8410284.0,/projects/F202500010HPCVLABUMINHO/uminhocp006/aded-project-llamacpp/llamacpp-tq/models/Meta-Llama-3.1-8B-Instruct-Q4_K_M.gguf,model-1-mandatory,1,medium_cpu_inference_pipeline,1,measurements/organized_a1_results/x86_server/a1_server_scaling_summary.csv,3,decode-length,32,32,8.012245915288432,0.12484254456601514,0.13019749732726874
unknown,turbo3,turbo3,medium,2048,tq,measurements/1254633-track-a1-server-sweep-x86,1.0,256,8410284.0,/projects/F202500010HPCVLABUMINHO/uminhocp006/aded-project-llamacpp/llamacpp-tq/models/Meta-Llama-3.1-8B-Instruct-Q4_K_M.gguf,model-1-mandatory,1,medium_quant_tradeoff,1,measurements/organized_a1_results/x86_server/a1_server_scaling_summary.csv,3,decode-length,32,32,8.282593774963964,0.12111845692681313,0.1287770026732081
unknown,turbo3,turbo3,short,2048,tq,measurements/1254633-track-a1-server-sweep-x86,1.0,256,8410284.0,/projects/F202500010HPCVLABUMINHO/uminhocp006/aded-project-llamacpp/llamacpp-tq/models/Meta-Llama-3.1-8B-Instruct-Q4_K_M.gguf,model-1-mandatory,1,mandatory_short_capital_france,1,measurements/organized_a1_results/x86_server/a1_server_scaling_summary.csv,3,decode-length,32,32,6.595531084052822,0.12253388872098488,0.2035967603442259
unknown,turbo3,turbo3,short,2048,tq,measurements/1254633-track-a1-server-sweep-x86,1.0,256,8410284.0,/projects/F202500010HPCVLABUMINHO/uminhocp006/aded-project-llamacpp/llamacpp-tq/models/Meta-Llama-3.1-8B-Instruct-Q4_K_M.gguf,model-1-mandatory,1,short_cpu_quantisation,1,measurements/organized_a1_results/x86_server/a1_server_scaling_summary.csv,3,decode-length,32,32,7.769853580327282,0.1263919820255508,0.472893739992287
unknown,turbo3,turbo3,short,2048,tq,measurements/1254633-track-a1-server-sweep-x86,1.0,256,8410284.0,/projects/F202500010HPCVLABUMINHO/uminhocp006/aded-project-llamacpp/llamacpp-tq/models/Meta-Llama-3.1-8B-Instruct-Q4_K_M.gguf,model-1-mandatory,1,short_threading_definition,1,measurements/organized_a1_results/x86_server/a1_server_scaling_summary.csv,3,decode-length,32,32,7.875471773933458,0.12611452799607709,0.3600968709991624
unknown,turbo3,turbo3,long,2048,tq,measurements/1254633-track-a1-server-sweep-x86,1.0,512,8463584.0,/projects/F202500010HPCVLABUMINHO/uminhocp006/aded-project-llamacpp/llamacpp-tq/models/Meta-Llama-3.1-8B-Instruct-Q4_K_M.gguf,model-1-mandatory,1,long_hpc_case_study,1,measurements/organized_a1_results/x86_server/a1_server_scaling_summary.csv,3,decode-length,32,32,8.497373822218973,0.11768334491257143,0.1256532026648832
unknown,turbo3,turbo3,long,2048,tq,measurements/1254633-track-a1-server-sweep-x86,1.0,512,8463584.0,/projects/F202500010HPCVLABUMINHO/uminhocp006/aded-project-llamacpp/llamacpp-tq/models/Meta-Llama-3.1-8B-Instruct-Q4_K_M.gguf,model-1-mandatory,1,long_memory_bound_reasoning,1,measurements/organized_a1_results/x86_server/a1_server_scaling_summary.csv,3,decode-length,32,32,8.663335372615576,0.11541108899281345,0.12512537400471047
unknown,turbo3,turbo3,long,2048,tq,measurements/1254633-track-a1-server-sweep-x86,1.0,512,8463584.0,/projects/F202500010HPCVLABUMINHO/uminhocp006/aded-project-llamacpp/llamacpp-tq/models/Meta-Llama-3.1-8B-Instruct-Q4_K_M.gguf,model-1-mandatory,1,mandatory_long_transformer_cpu,1,measurements/organized_a1_results/x86_server/a1_server_scaling_summary.csv,3,decode-length,32,32,8.780207766045127,0.1136297990449475,0.1200495443190448
unknown,turbo3,turbo3,medium,2048,tq,measurements/1254633-track-a1-server-sweep-x86,1.0,512,8463584.0,/projects/F202500010HPCVLABUMINHO/uminhocp006/aded-project-llamacpp/llamacpp-tq/models/Meta-Llama-3.1-8B-Instruct-Q4_K_M.gguf,model-1-mandatory,1,mandatory_medium_ml_vs_dl,1,measurements/organized_a1_results/x86_server/a1_server_scaling_summary.csv,3,decode-length,32,32,8.857352185832037,0.11257108046574289,0.28960594566888176
unknown,turbo3,turbo3,medium,2048,tq,measurements/1254633-track-a1-server-sweep-x86,1.0,512,8463584.0,/projects/F202500010HPCVLABUMINHO/uminhocp006/aded-project-llamacpp/llamacpp-tq/models/Meta-Llama-3.1-8B-Instruct-Q4_K_M.gguf,model-1-mandatory,1,medium_cpu_inference_pipeline,1,measurements/organized_a1_results/x86_server/a1_server_scaling_summary.csv,3,decode-length,32,32,8.6321895095379,0.11425928730983971,0.9412212460107791
unknown,turbo3,turbo3,medium,2048,tq,measurements/1254633-track-a1-server-sweep-x86,1.0,512,8463584.0,/projects/F202500010HPCVLABUMINHO/uminhocp006/aded-project-llamacpp/llamacpp-tq/models/Meta-Llama-3.1-8B-Instruct-Q4_K_M.gguf,model-1-mandatory,1,medium_quant_tradeoff,1,measurements/organized_a1_results/x86_server/a1_server_scaling_summary.csv,3,decode-length,32,32,8.529748707106286,0.11559684270917538,0.7900435840128921
unknown,turbo3,turbo3,short,2048,tq,measurements/1254633-track-a1-server-sweep-x86,1.0,512,8463584.0,/projects/F202500010HPCVLABUMINHO/uminhocp006/aded-project-llamacpp/llamacpp-tq/models/Meta-Llama-3.1-8B-Instruct-Q4_K_M.gguf,model-1-mandatory,1,mandatory_short_capital_france,1,measurements/organized_a1_results/x86_server/a1_server_scaling_summary.csv,3,decode-length,32,32,7.472063887865099,0.10849890422185934,0.17811249333317392
unknown,turbo3,turbo3,short,2048,tq,measurements/1254633-track-a1-server-sweep-x86,1.0,512,8463584.0,/projects/F202500010HPCVLABUMINHO/uminhocp006/aded-project-llamacpp/llamacpp-tq/models/Meta-Llama-3.1-8B-Instruct-Q4_K_M.gguf,model-1-mandatory,1,short_cpu_quantisation,1,measurements/organized_a1_results/x86_server/a1_server_scaling_summary.csv,3,decode-length,32,32,8.753782901072793,0.11217845866842105,0.42215991599368863
unknown,turbo3,turbo3,short,2048,tq,measurements/1254633-track-a1-server-sweep-x86,1.0,512,8463584.0,/projects/F202500010HPCVLABUMINHO/uminhocp006/aded-project-llamacpp/llamacpp-tq/models/Meta-Llama-3.1-8B-Instruct-Q4_K_M.gguf,model-1-mandatory,1,short_threading_definition,1,measurements/organized_a1_results/x86_server/a1_server_scaling_summary.csv,3,decode-length,32,32,8.902047455039934,0.11193952203132285,0.3210186986640717
unknown,turbo3,turbo3,long,2048,tq,measurements/1254633-track-a1-server-sweep-x86,1.0,64,8359172.0,/projects/F202500010HPCVLABUMINHO/uminhocp006/aded-project-llamacpp/llamacpp-tq/models/Meta-Llama-3.1-8B-Instruct-Q4_K_M.gguf,model-1-mandatory,1,long_hpc_case_study,1,measurements/organized_a1_results/x86_server/a1_server_scaling_summary.csv,3,decode-length,32,32,9.538476885068793,0.1046943225343182,0.11481705133337528
unknown,turbo3,turbo3,long,2048,tq,measurements/1254633-track-a1-server-sweep-x86,1.0,64,8359172.0,/projects/F202500010HPCVLABUMINHO/uminhocp006/aded-project-llamacpp/llamacpp-tq/models/Meta-Llama-3.1-8B-Instruct-Q4_K_M.gguf,model-1-mandatory,1,long_memory_bound_reasoning,1,measurements/organized_a1_results/x86_server/a1_server_scaling_summary.csv,3,decode-length,32,32,9.652215526488206,0.10344522344977126,0.11371967866822767
unknown,turbo3,turbo3,long,2048,tq,measurements/1254633-track-a1-server-sweep-x86,1.0,64,8359172.0,/projects/F202500010HPCVLABUMINHO/uminhocp006/aded-project-llamacpp/llamacpp-tq/models/Meta-Llama-3.1-8B-Instruct-Q4_K_M.gguf,model-1-mandatory,1,mandatory_long_transformer_cpu,1,measurements/organized_a1_results/x86_server/a1_server_scaling_summary.csv,3,decode-length,32,32,9.83862090889425,0.10154896973023714,0.1093641336580428
unknown,turbo3,turbo3,medium,2048,tq,measurements/1254633-track-a1-server-sweep-x86,1.0,64,8359172.0,/projects/F202500010HPCVLABUMINHO/uminhocp006/aded-project-llamacpp/llamacpp-tq/models/Meta-Llama-3.1-8B-Instruct-Q4_K_M.gguf,model-1-mandatory,1,mandatory_medium_ml_vs_dl,1,measurements/organized_a1_results/x86_server/a1_server_scaling_summary.csv,3,decode-length,32,32,10.007631529540662,0.09995610152371844,0.10614801866662067
unknown,turbo3,turbo3,medium,2048,tq,measurements/1254633-track-a1-server-sweep-x86,1.0,64,8359172.0,/projects/F202500010HPCVLABUMINHO/uminhocp006/aded-project-llamacpp/llamacpp-tq/models/Meta-Llama-3.1-8B-Instruct-Q4_K_M.gguf,model-1-mandatory,1,medium_cpu_inference_pipeline,1,measurements/organized_a1_results/x86_server/a1_server_scaling_summary.csv,3,decode-length,32,32,9.881060766090425,0.10114736042294045,0.10847147001186386
unknown,turbo3,turbo3,medium,2048,tq,measurements/1254633-track-a1-server-sweep-x86,1.0,64,8359172.0,/projects/F202500010HPCVLABUMINHO/uminhocp006/aded-project-llamacpp/llamacpp-tq/models/Meta-Llama-3.1-8B-Instruct-Q4_K_M.gguf,model-1-mandatory,1,medium_quant_tradeoff,1,measurements/organized_a1_results/x86_server/a1_server_scaling_summary.csv,3,decode-length,32,32,10.000407137262746,0.09991088386769185,0.10740818766256173
unknown,turbo3,turbo3,short,2048,tq,measurements/1254633-track-a1-server-sweep-x86,1.0,64,8359172.0,/projects/F202500010HPCVLABUMINHO/uminhocp006/aded-project-llamacpp/llamacpp-tq/models/Meta-Llama-3.1-8B-Instruct-Q4_K_M.gguf,model-1-mandatory,1,mandatory_short_capital_france,1,measurements/organized_a1_results/x86_server/a1_server_scaling_summary.csv,3,decode-length,32,32,7.879702836038004,0.10210088805373137,0.17792578366546272
unknown,turbo3,turbo3,short,2048,tq,measurements/1254633-track-a1-server-sweep-x86,1.0,64,8359172.0,/projects/F202500010HPCVLABUMINHO/uminhocp006/aded-project-llamacpp/llamacpp-tq/models/Meta-Llama-3.1-8B-Instruct-Q4_K_M.gguf,model-1-mandatory,1,short_cpu_quantisation,1,measurements/organized_a1_results/x86_server/a1_server_scaling_summary.csv,3,decode-length,32,32,9.351677677343059,0.10246998947079874,0.41123056433085975
unknown,turbo3,turbo3,short,2048,tq,measurements/1254633-track-a1-server-sweep-x86,1.0,64,8359172.0,/projects/F202500010HPCVLABUMINHO/uminhocp006/aded-project-llamacpp/llamacpp-tq/models/Meta-Llama-3.1-8B-Instruct-Q4_K_M.gguf,model-1-mandatory,1,short_threading_definition,1,measurements/organized_a1_results/x86_server/a1_server_scaling_summary.csv,3,decode-length,32,32,9.913251887879655,0.1009701440212743,0.10849859131849371
unknown,turbo4,turbo4,long,2048,tq,measurements/1254633-track-a1-server-sweep-x86,1.0,128,8422656.0,/projects/F202500010HPCVLABUMINHO/uminhocp006/aded-project-llamacpp/llamacpp-tq/models/Meta-Llama-3.1-8B-Instruct-Q4_K_M.gguf,model-1-mandatory,1,long_hpc_case_study,1,measurements/organized_a1_results/x86_server/a1_server_scaling_summary.csv,3,decode-length,32,32,6.410893957338807,0.15593431577423472,0.1692209243386363
unknown,turbo4,turbo4,long,2048,tq,measurements/1254633-track-a1-server-sweep-x86,1.0,128,8422656.0,/projects/F202500010HPCVLABUMINHO/uminhocp006/aded-project-llamacpp/llamacpp-tq/models/Meta-Llama-3.1-8B-Instruct-Q4_K_M.gguf,model-1-mandatory,1,long_memory_bound_reasoning,1,measurements/organized_a1_results/x86_server/a1_server_scaling_summary.csv,3,decode-length,32,32,6.457624691520652,0.1547986426692593,0.16856311766120294
unknown,turbo4,turbo4,long,2048,tq,measurements/1254633-track-a1-server-sweep-x86,1.0,128,8422656.0,/projects/F202500010HPCVLABUMINHO/uminhocp006/aded-project-llamacpp/llamacpp-tq/models/Meta-Llama-3.1-8B-Instruct-Q4_K_M.gguf,model-1-mandatory,1,mandatory_long_transformer_cpu,1,measurements/organized_a1_results/x86_server/a1_server_scaling_summary.csv,3,decode-length,32,32,6.55499490909994,0.15247093213387836,0.16512608933650577
unknown,turbo4,turbo4,medium,2048,tq,measurements/1254633-track-a1-server-sweep-x86,1.0,128,8422656.0,/projects/F202500010HPCVLABUMINHO/uminhocp006/aded-project-llamacpp/llamacpp-tq/models/Meta-Llama-3.1-8B-Instruct-Q4_K_M.gguf,model-1-mandatory,1,mandatory_medium_ml_vs_dl,1,measurements/organized_a1_results/x86_server/a1_server_scaling_summary.csv,3,decode-length,32,32,6.75453221368816,0.14798408104983718,0.157909835659666
unknown,turbo4,turbo4,medium,2048,tq,measurements/1254633-track-a1-server-sweep-x86,1.0,128,8422656.0,/projects/F202500010HPCVLABUMINHO/uminhocp006/aded-project-llamacpp/llamacpp-tq/models/Meta-Llama-3.1-8B-Instruct-Q4_K_M.gguf,model-1-mandatory,1,medium_cpu_inference_pipeline,1,measurements/organized_a1_results/x86_server/a1_server_scaling_summary.csv,3,decode-length,32,32,6.647243128028749,0.1504146583832671,0.15629071166040376
unknown,turbo4,turbo4,medium,2048,tq,measurements/1254633-track-a1-server-sweep-x86,1.0,128,8422656.0,/projects/F202500010HPCVLABUMINHO/uminhocp006/aded-project-llamacpp/llamacpp-tq/models/Meta-Llama-3.1-8B-Instruct-Q4_K_M.gguf,model-1-mandatory,1,medium_quant_tradeoff,1,measurements/organized_a1_results/x86_server/a1_server_scaling_summary.csv,3,decode-length,32,32,6.636678779905779,0.15065039156171006,0.15568109333980829
unknown,turbo4,turbo4,short,2048,tq,measurements/1254633-track-a1-server-sweep-x86,1.0,128,8422656.0,/projects/F202500010HPCVLABUMINHO/uminhocp006/aded-project-llamacpp/llamacpp-tq/models/Meta-Llama-3.1-8B-Instruct-Q4_K_M.gguf,model-1-mandatory,1,mandatory_short_capital_france,1,measurements/organized_a1_results/x86_server/a1_server_scaling_summary.csv,3,decode-length,32,32,5.578209692846166,0.14699103427766305,0.22609659832475396
unknown,turbo4,turbo4,short,2048,tq,measurements/1254633-track-a1-server-sweep-x86,1.0,128,8422656.0,/projects/F202500010HPCVLABUMINHO/uminhocp006/aded-project-llamacpp/llamacpp-tq/models/Meta-Llama-3.1-8B-Instruct-Q4_K_M.gguf,model-1-mandatory,1,short_cpu_quantisation,1,measurements/organized_a1_results/x86_server/a1_server_scaling_summary.csv,3,decode-length,32,32,6.5881788624964335,0.14919255510224042,0.4861956379997234
unknown,turbo4,turbo4,short,2048,tq,measurements/1254633-track-a1-server-sweep-x86,1.0,128,8422656.0,/projects/F202500010HPCVLABUMINHO/uminhocp006/aded-project-llamacpp/llamacpp-tq/models/Meta-Llama-3.1-8B-Instruct-Q4_K_M.gguf,model-1-mandatory,1,short_threading_definition,1,measurements/organized_a1_results/x86_server/a1_server_scaling_summary.csv,3,decode-length,32,32,6.730932395187957,0.14851885298425893,0.15691659600512745
unknown,turbo4,turbo4,long,2048,tq,measurements/1254633-track-a1-server-sweep-x86,1.0,256,8466064.0,/projects/F202500010HPCVLABUMINHO/uminhocp006/aded-project-llamacpp/llamacpp-tq/models/Meta-Llama-3.1-8B-Instruct-Q4_K_M.gguf,model-1-mandatory,1,long_hpc_case_study,1,measurements/organized_a1_results/x86_server/a1_server_scaling_summary.csv,3,decode-length,32,32,7.59275422353164,0.13166730984447378,0.14319894399765568
unknown,turbo4,turbo4,long,2048,tq,measurements/1254633-track-a1-server-sweep-x86,1.0,256,8466064.0,/projects/F202500010HPCVLABUMINHO/uminhocp006/aded-project-llamacpp/llamacpp-tq/models/Meta-Llama-3.1-8B-Instruct-Q4_K_M.gguf,model-1-mandatory,1,long_memory_bound_reasoning,1,measurements/organized_a1_results/x86_server/a1_server_scaling_summary.csv,3,decode-length,32,32,7.587039024454905,0.13177342787190963,0.14036237300024368
unknown,turbo4,turbo4,long,2048,tq,measurements/1254633-track-a1-server-sweep-x86,1.0,256,8466064.0,/projects/F202500010HPCVLABUMINHO/uminhocp006/aded-project-llamacpp/llamacpp-tq/models/Meta-Llama-3.1-8B-Instruct-Q4_K_M.gguf,model-1-mandatory,1,mandatory_long_transformer_cpu,1,measurements/organized_a1_results/x86_server/a1_server_scaling_summary.csv,3,decode-length,32,32,7.878772424957266,0.1269003005111301,0.13634174066828564
unknown,turbo4,turbo4,medium,2048,tq,measurements/1254633-track-a1-server-sweep-x86,1.0,256,8466064.0,/projects/F202500010HPCVLABUMINHO/uminhocp006/aded-project-llamacpp/llamacpp-tq/models/Meta-Llama-3.1-8B-Instruct-Q4_K_M.gguf,model-1-mandatory,1,mandatory_medium_ml_vs_dl,1,measurements/organized_a1_results/x86_server/a1_server_scaling_summary.csv,3,decode-length,32,32,7.958858767748219,0.12493680421045367,0.3091269736663283
unknown,turbo4,turbo4,medium,2048,tq,measurements/1254633-track-a1-server-sweep-x86,1.0,256,8466064.0,/projects/F202500010HPCVLABUMINHO/uminhocp006/aded-project-llamacpp/llamacpp-tq/models/Meta-Llama-3.1-8B-Instruct-Q4_K_M.gguf,model-1-mandatory,1,medium_cpu_inference_pipeline,1,measurements/organized_a1_results/x86_server/a1_server_scaling_summary.csv,3,decode-length,32,32,7.918665399400955,0.1262628966078445,0.13557409066318846
unknown,turbo4,turbo4,medium,2048,tq,measurements/1254633-track-a1-server-sweep-x86,1.0,256,8466064.0,/projects/F202500010HPCVLABUMINHO/uminhocp006/aded-project-llamacpp/llamacpp-tq/models/Meta-Llama-3.1-8B-Instruct-Q4_K_M.gguf,model-1-mandatory,1,medium_quant_tradeoff,1,measurements/organized_a1_results/x86_server/a1_server_scaling_summary.csv,3,decode-length,32,32,7.957244617653278,0.12563776907585622,0.13553077066899277
unknown,turbo4,turbo4,short,2048,tq,measurements/1254633-track-a1-server-sweep-x86,1.0,256,8466064.0,/projects/F202500010HPCVLABUMINHO/uminhocp006/aded-project-llamacpp/llamacpp-tq/models/Meta-Llama-3.1-8B-Instruct-Q4_K_M.gguf,model-1-mandatory,1,mandatory_short_capital_france,1,measurements/organized_a1_results/x86_server/a1_server_scaling_summary.csv,3,decode-length,32,32,6.52355028554859,0.12351981844565468,0.2068570589957138
unknown,turbo4,turbo4,short,2048,tq,measurements/1254633-track-a1-server-sweep-x86,1.0,256,8466064.0,/projects/F202500010HPCVLABUMINHO/uminhocp006/aded-project-llamacpp/llamacpp-tq/models/Meta-Llama-3.1-8B-Instruct-Q4_K_M.gguf,model-1-mandatory,1,short_cpu_quantisation,1,measurements/organized_a1_results/x86_server/a1_server_scaling_summary.csv,3,decode-length,32,32,7.749680853833743,0.12694598687142836,0.45719906500501867
unknown,turbo4,turbo4,short,2048,tq,measurements/1254633-track-a1-server-sweep-x86,1.0,256,8466064.0,/projects/F202500010HPCVLABUMINHO/uminhocp006/aded-project-llamacpp/llamacpp-tq/models/Meta-Llama-3.1-8B-Instruct-Q4_K_M.gguf,model-1-mandatory,1,short_threading_definition,1,measurements/organized_a1_results/x86_server/a1_server_scaling_summary.csv,3,decode-length,32,32,7.900780139342016,0.12571842084312354,0.34615684434538707
unknown,turbo4,turbo4,long,2048,tq,measurements/1254633-track-a1-server-sweep-x86,1.0,512,8533020.0,/projects/F202500010HPCVLABUMINHO/uminhocp006/aded-project-llamacpp/llamacpp-tq/models/Meta-Llama-3.1-8B-Instruct-Q4_K_M.gguf,model-1-mandatory,1,long_hpc_case_study,1,measurements/organized_a1_results/x86_server/a1_server_scaling_summary.csv,3,decode-length,32,32,8.494087437381634,0.11776248926351658,0.12681507266825065
unknown,turbo4,turbo4,long,2048,tq,measurements/1254633-track-a1-server-sweep-x86,1.0,512,8533020.0,/projects/F202500010HPCVLABUMINHO/uminhocp006/aded-project-llamacpp/llamacpp-tq/models/Meta-Llama-3.1-8B-Instruct-Q4_K_M.gguf,model-1-mandatory,1,long_memory_bound_reasoning,1,measurements/organized_a1_results/x86_server/a1_server_scaling_summary.csv,3,decode-length,32,32,8.591852806974785,0.11640656286890744,0.12931212299736217
unknown,turbo4,turbo4,long,2048,tq,measurements/1254633-track-a1-server-sweep-x86,1.0,512,8533020.0,/projects/F202500010HPCVLABUMINHO/uminhocp006/aded-project-llamacpp/llamacpp-tq/models/Meta-Llama-3.1-8B-Instruct-Q4_K_M.gguf,model-1-mandatory,1,mandatory_long_transformer_cpu,1,measurements/organized_a1_results/x86_server/a1_server_scaling_summary.csv,3,decode-length,32,32,8.877939670892903,0.11240675820124288,0.11696529066345344
unknown,turbo4,turbo4,medium,2048,tq,measurements/1254633-track-a1-server-sweep-x86,1.0,512,8533020.0,/projects/F202500010HPCVLABUMINHO/uminhocp006/aded-project-llamacpp/llamacpp-tq/models/Meta-Llama-3.1-8B-Instruct-Q4_K_M.gguf,model-1-mandatory,1,mandatory_medium_ml_vs_dl,1,measurements/organized_a1_results/x86_server/a1_server_scaling_summary.csv,3,decode-length,32,32,9.043954015723251,0.10992448183711861,0.2924453593344272
unknown,turbo4,turbo4,medium,2048,tq,measurements/1254633-track-a1-server-sweep-x86,1.0,512,8533020.0,/projects/F202500010HPCVLABUMINHO/uminhocp006/aded-project-llamacpp/llamacpp-tq/models/Meta-Llama-3.1-8B-Instruct-Q4_K_M.gguf,model-1-mandatory,1,medium_cpu_inference_pipeline,1,measurements/organized_a1_results/x86_server/a1_server_scaling_summary.csv,3,decode-length,32,32,8.794728228908793,0.11161200274735023,0.9362509780039545
unknown,turbo4,turbo4,medium,2048,tq,measurements/1254633-track-a1-server-sweep-x86,1.0,512,8533020.0,/projects/F202500010HPCVLABUMINHO/uminhocp006/aded-project-llamacpp/llamacpp-tq/models/Meta-Llama-3.1-8B-Instruct-Q4_K_M.gguf,model-1-mandatory,1,medium_quant_tradeoff,1,measurements/organized_a1_results/x86_server/a1_server_scaling_summary.csv,3,decode-length,32,32,8.86050598607968,0.11159102125896021,0.784614206670085
unknown,turbo4,turbo4,short,2048,tq,measurements/1254633-track-a1-server-sweep-x86,1.0,512,8533020.0,/projects/F202500010HPCVLABUMINHO/uminhocp006/aded-project-llamacpp/llamacpp-tq/models/Meta-Llama-3.1-8B-Instruct-Q4_K_M.gguf,model-1-mandatory,1,mandatory_short_capital_france,1,measurements/organized_a1_results/x86_server/a1_server_scaling_summary.csv,3,decode-length,32,32,7.806398149722196,0.10191208322228501,0.1831749846751336
unknown,turbo4,turbo4,short,2048,tq,measurements/1254633-track-a1-server-sweep-x86,1.0,512,8533020.0,/projects/F202500010HPCVLABUMINHO/uminhocp006/aded-project-llamacpp/llamacpp-tq/models/Meta-Llama-3.1-8B-Instruct-Q4_K_M.gguf,model-1-mandatory,1,short_cpu_quantisation,1,measurements/organized_a1_results/x86_server/a1_server_scaling_summary.csv,3,decode-length,32,32,9.21940868393682,0.10655069017620196,0.4225706919969525
unknown,turbo4,turbo4,short,2048,tq,measurements/1254633-track-a1-server-sweep-x86,1.0,512,8533020.0,/projects/F202500010HPCVLABUMINHO/uminhocp006/aded-project-llamacpp/llamacpp-tq/models/Meta-Llama-3.1-8B-Instruct-Q4_K_M.gguf,model-1-mandatory,1,short_threading_definition,1,measurements/organized_a1_results/x86_server/a1_server_scaling_summary.csv,3,decode-length,32,32,9.012012089900315,0.11059861156946098,0.32430880701091763
unknown,turbo4,turbo4,long,2048,tq,measurements/1254633-track-a1-server-sweep-x86,1.0,64,8404500.0,/projects/F202500010HPCVLABUMINHO/uminhocp006/aded-project-llamacpp/llamacpp-tq/models/Meta-Llama-3.1-8B-Instruct-Q4_K_M.gguf,model-1-mandatory,1,long_hpc_case_study,1,measurements/organized_a1_results/x86_server/a1_server_scaling_summary.csv,3,decode-length,32,32,7.457854370644108,0.1339458439524702,0.14309603398821005
unknown,turbo4,turbo4,long,2048,tq,measurements/1254633-track-a1-server-sweep-x86,1.0,64,8404500.0,/projects/F202500010HPCVLABUMINHO/uminhocp006/aded-project-llamacpp/llamacpp-tq/models/Meta-Llama-3.1-8B-Instruct-Q4_K_M.gguf,model-1-mandatory,1,long_memory_bound_reasoning,1,measurements/organized_a1_results/x86_server/a1_server_scaling_summary.csv,3,decode-length,32,32,7.469407991808681,0.13373825759793234,0.14329563833113448
unknown,turbo4,turbo4,long,2048,tq,measurements/1254633-track-a1-server-sweep-x86,1.0,64,8404500.0,/projects/F202500010HPCVLABUMINHO/uminhocp006/aded-project-llamacpp/llamacpp-tq/models/Meta-Llama-3.1-8B-Instruct-Q4_K_M.gguf,model-1-mandatory,1,mandatory_long_transformer_cpu,1,measurements/organized_a1_results/x86_server/a1_server_scaling_summary.csv,3,decode-length,32,32,7.70830283659977,0.12963514442330168,0.13584429598995484
unknown,turbo4,turbo4,medium,2048,tq,measurements/1254633-track-a1-server-sweep-x86,1.0,64,8404500.0,/projects/F202500010HPCVLABUMINHO/uminhocp006/aded-project-llamacpp/llamacpp-tq/models/Meta-Llama-3.1-8B-Instruct-Q4_K_M.gguf,model-1-mandatory,1,mandatory_medium_ml_vs_dl,1,measurements/organized_a1_results/x86_server/a1_server_scaling_summary.csv,3,decode-length,32,32,7.832142092884083,0.12767133458730612,0.13151559233665466
unknown,turbo4,turbo4,medium,2048,tq,measurements/1254633-track-a1-server-sweep-x86,1.0,64,8404500.0,/projects/F202500010HPCVLABUMINHO/uminhocp006/aded-project-llamacpp/llamacpp-tq/models/Meta-Llama-3.1-8B-Instruct-Q4_K_M.gguf,model-1-mandatory,1,medium_cpu_inference_pipeline,1,measurements/organized_a1_results/x86_server/a1_server_scaling_summary.csv,3,decode-length,32,32,7.710376016944248,0.12958611934396522,0.13853002934289785
unknown,turbo4,turbo4,medium,2048,tq,measurements/1254633-track-a1-server-sweep-x86,1.0,64,8404500.0,/projects/F202500010HPCVLABUMINHO/uminhocp006/aded-project-llamacpp/llamacpp-tq/models/Meta-Llama-3.1-8B-Instruct-Q4_K_M.gguf,model-1-mandatory,1,medium_quant_tradeoff,1,measurements/organized_a1_results/x86_server/a1_server_scaling_summary.csv,3,decode-length,32,32,7.7767332665272155,0.12851215444447314,0.1343167960003484
unknown,turbo4,turbo4,short,2048,tq,measurements/1254633-track-a1-server-sweep-x86,1.0,64,8404500.0,/projects/F202500010HPCVLABUMINHO/uminhocp006/aded-project-llamacpp/llamacpp-tq/models/Meta-Llama-3.1-8B-Instruct-Q4_K_M.gguf,model-1-mandatory,1,mandatory_short_capital_france,1,measurements/organized_a1_results/x86_server/a1_server_scaling_summary.csv,3,decode-length,32,32,6.348440227421478,0.1283308865563918,0.20393745500283936
unknown,turbo4,turbo4,short,2048,tq,measurements/1254633-track-a1-server-sweep-x86,1.0,64,8404500.0,/projects/F202500010HPCVLABUMINHO/uminhocp006/aded-project-llamacpp/llamacpp-tq/models/Meta-Llama-3.1-8B-Instruct-Q4_K_M.gguf,model-1-mandatory,1,short_cpu_quantisation,1,measurements/organized_a1_results/x86_server/a1_server_scaling_summary.csv,3,decode-length,32,32,7.449676981047222,0.12916331725914484,0.45933865900345455
unknown,turbo4,turbo4,short,2048,tq,measurements/1254633-track-a1-server-sweep-x86,1.0,64,8404500.0,/projects/F202500010HPCVLABUMINHO/uminhocp006/aded-project-llamacpp/llamacpp-tq/models/Meta-Llama-3.1-8B-Instruct-Q4_K_M.gguf,model-1-mandatory,1,short_threading_definition,1,measurements/organized_a1_results/x86_server/a1_server_scaling_summary.csv,3,decode-length,32,32,7.848982246394521,0.12730679253427923,0.13575384000432678
unknown,f16,f16,long,2048,vanilla,measurements/1254633-track-a1-server-sweep-x86,1.0,128,8823884.0,/projects/F202500010HPCVLABUMINHO/uminhocp006/aded-project-llamacpp/llamacpp-tq/models/Meta-Llama-3.1-8B-Instruct-Q4_K_M.gguf,model-1-mandatory,1,long_hpc_case_study,1,measurements/organized_a1_results/x86_server/a1_server_scaling_summary.csv,3,decode-length,32,32,9.769242022187827,0.10214154797112913,0.13291242166648468
unknown,f16,f16,long,2048,vanilla,measurements/1254633-track-a1-server-sweep-x86,1.0,128,8823884.0,/projects/F202500010HPCVLABUMINHO/uminhocp006/aded-project-llamacpp/llamacpp-tq/models/Meta-Llama-3.1-8B-Instruct-Q4_K_M.gguf,model-1-mandatory,1,long_memory_bound_reasoning,1,measurements/organized_a1_results/x86_server/a1_server_scaling_summary.csv,3,decode-length,32,32,9.80956262742632,0.10170592253543301,0.1343602296666783
unknown,f16,f16,long,2048,vanilla,measurements/1254633-track-a1-server-sweep-x86,1.0,128,8823884.0,/projects/F202500010HPCVLABUMINHO/uminhocp006/aded-project-llamacpp/llamacpp-tq/models/Meta-Llama-3.1-8B-Instruct-Q4_K_M.gguf,model-1-mandatory,1,mandatory_long_transformer_cpu,1,measurements/organized_a1_results/x86_server/a1_server_scaling_summary.csv,3,decode-length,32,32,9.86337186656866,0.10124434373753366,0.12283386133321983
unknown,f16,f16,medium,2048,vanilla,measurements/1254633-track-a1-server-sweep-x86,1.0,128,8823884.0,/projects/F202500010HPCVLABUMINHO/uminhocp006/aded-project-llamacpp/llamacpp-tq/models/Meta-Llama-3.1-8B-Instruct-Q4_K_M.gguf,model-1-mandatory,1,mandatory_medium_ml_vs_dl,1,measurements/organized_a1_results/x86_server/a1_server_scaling_summary.csv,3,decode-length,32,32,9.871353959864642,0.10117445500787449,0.1190170700000029
unknown,f16,f16,medium,2048,vanilla,measurements/1254633-track-a1-server-sweep-x86,1.0,128,8823884.0,/projects/F202500010HPCVLABUMINHO/uminhocp006/aded-project-llamacpp/llamacpp-tq/models/Meta-Llama-3.1-8B-Instruct-Q4_K_M.gguf,model-1-mandatory,1,medium_cpu_inference_pipeline,1,measurements/organized_a1_results/x86_server/a1_server_scaling_summary.csv,3,decode-length,32,32,9.89427048731661,0.10091610050393543,0.12235869966677153
unknown,f16,f16,medium,2048,vanilla,measurements/1254633-track-a1-server-sweep-x86,1.0,128,8823884.0,/projects/F202500010HPCVLABUMINHO/uminhocp006/aded-project-llamacpp/llamacpp-tq/models/Meta-Llama-3.1-8B-Instruct-Q4_K_M.gguf,model-1-mandatory,1,medium_quant_tradeoff,1,measurements/organized_a1_results/x86_server/a1_server_scaling_summary.csv,3,decode-length,32,32,9.9631332218019,0.10020952840157554,0.12432818366657254
unknown,f16,f16,short,2048,vanilla,measurements/1254633-track-a1-server-sweep-x86,1.0,128,8823884.0,/projects/F202500010HPCVLABUMINHO/uminhocp006/aded-project-llamacpp/llamacpp-tq/models/Meta-Llama-3.1-8B-Instruct-Q4_K_M.gguf,model-1-mandatory,1,mandatory_short_capital_france,1,measurements/organized_a1_results/x86_server/a1_server_scaling_summary.csv,3,decode-length,32,32,7.478439502249233,0.10225880283335047,0.21770318600010796
unknown,f16,f16,short,2048,vanilla,measurements/1254633-track-a1-server-sweep-x86,1.0,128,8823884.0,/projects/F202500010HPCVLABUMINHO/uminhocp006/aded-project-llamacpp/llamacpp-tq/models/Meta-Llama-3.1-8B-Instruct-Q4_K_M.gguf,model-1-mandatory,1,short_cpu_quantisation,1,measurements/organized_a1_results/x86_server/a1_server_scaling_summary.csv,3,decode-length,32,32,9.5448921818282,0.10209911249868674,0.44943411099999747
unknown,f16,f16,short,2048,vanilla,measurements/1254633-track-a1-server-sweep-x86,1.0,128,8823884.0,/projects/F202500010HPCVLABUMINHO/uminhocp006/aded-project-llamacpp/llamacpp-tq/models/Meta-Llama-3.1-8B-Instruct-Q4_K_M.gguf,model-1-mandatory,1,short_threading_definition,1,measurements/organized_a1_results/x86_server/a1_server_scaling_summary.csv,3,decode-length,32,32,9.78920235056439,0.1020744058923882,0.11485715533323552
unknown,f16,f16,long,2048,vanilla,measurements/1254633-track-a1-server-sweep-x86,1.0,256,8932332.0,/projects/F202500010HPCVLABUMINHO/uminhocp006/aded-project-llamacpp/llamacpp-tq/models/Meta-Llama-3.1-8B-Instruct-Q4_K_M.gguf,model-1-mandatory,1,long_hpc_case_study,1,measurements/organized_a1_results/x86_server/a1_server_scaling_summary.csv,3,decode-length,32,32,9.126169991236186,0.10948766619214344,0.14323489633776867
unknown,f16,f16,long,2048,vanilla,measurements/1254633-track-a1-server-sweep-x86,1.0,256,8932332.0,/projects/F202500010HPCVLABUMINHO/uminhocp006/aded-project-llamacpp/llamacpp-tq/models/Meta-Llama-3.1-8B-Instruct-Q4_K_M.gguf,model-1-mandatory,1,long_memory_bound_reasoning,1,measurements/organized_a1_results/x86_server/a1_server_scaling_summary.csv,3,decode-length,32,32,9.153553194333027,0.10913599116603685,0.14517133699458404
unknown,f16,f16,long,2048,vanilla,measurements/1254633-track-a1-server-sweep-x86,1.0,256,8932332.0,/projects/F202500010HPCVLABUMINHO/uminhocp006/aded-project-llamacpp/llamacpp-tq/models/Meta-Llama-3.1-8B-Instruct-Q4_K_M.gguf,model-1-mandatory,1,mandatory_long_transformer_cpu,1,measurements/organized_a1_results/x86_server/a1_server_scaling_summary.csv,3,decode-length,32,32,9.131570367279881,0.10943843949022337,0.13624141999753192
unknown,f16,f16,medium,2048,vanilla,measurements/1254633-track-a1-server-sweep-x86,1.0,256,8932332.0,/projects/F202500010HPCVLABUMINHO/uminhocp006/aded-project-llamacpp/llamacpp-tq/models/Meta-Llama-3.1-8B-Instruct-Q4_K_M.gguf,model-1-mandatory,1,mandatory_medium_ml_vs_dl,1,measurements/organized_a1_results/x86_server/a1_server_scaling_summary.csv,3,decode-length,32,32,9.023021359152523,0.11010496763138138,0.3128114099963568
unknown,f16,f16,medium,2048,vanilla,measurements/1254633-track-a1-server-sweep-x86,1.0,256,8932332.0,/projects/F202500010HPCVLABUMINHO/uminhocp006/aded-project-llamacpp/llamacpp-tq/models/Meta-Llama-3.1-8B-Instruct-Q4_K_M.gguf,model-1-mandatory,1,medium_cpu_inference_pipeline,1,measurements/organized_a1_results/x86_server/a1_server_scaling_summary.csv,3,decode-length,32,32,9.115472581199565,0.10971731807061873,0.1250825163248616
unknown,f16,f16,medium,2048,vanilla,measurements/1254633-track-a1-server-sweep-x86,1.0,256,8932332.0,/projects/F202500010HPCVLABUMINHO/uminhocp006/aded-project-llamacpp/llamacpp-tq/models/Meta-Llama-3.1-8B-Instruct-Q4_K_M.gguf,model-1-mandatory,1,medium_quant_tradeoff,1,measurements/organized_a1_results/x86_server/a1_server_scaling_summary.csv,3,decode-length,32,32,9.170540053808987,0.10897659870458834,0.13577259533728162
unknown,f16,f16,short,2048,vanilla,measurements/1254633-track-a1-server-sweep-x86,1.0,256,8932332.0,/projects/F202500010HPCVLABUMINHO/uminhocp006/aded-project-llamacpp/llamacpp-tq/models/Meta-Llama-3.1-8B-Instruct-Q4_K_M.gguf,model-1-mandatory,1,mandatory_short_capital_france,1,measurements/organized_a1_results/x86_server/a1_server_scaling_summary.csv,3,decode-length,32,32,7.233426584464287,0.10718913566638043,0.21853401601159325
unknown,f16,f16,short,2048,vanilla,measurements/1254633-track-a1-server-sweep-x86,1.0,256,8932332.0,/projects/F202500010HPCVLABUMINHO/uminhocp006/aded-project-llamacpp/llamacpp-tq/models/Meta-Llama-3.1-8B-Instruct-Q4_K_M.gguf,model-1-mandatory,1,short_cpu_quantisation,1,measurements/organized_a1_results/x86_server/a1_server_scaling_summary.csv,3,decode-length,32,32,9.048260961045948,0.10874506419497179,0.4475231503311079
unknown,f16,f16,short,2048,vanilla,measurements/1254633-track-a1-server-sweep-x86,1.0,256,8932332.0,/projects/F202500010HPCVLABUMINHO/uminhocp006/aded-project-llamacpp/llamacpp-tq/models/Meta-Llama-3.1-8B-Instruct-Q4_K_M.gguf,model-1-mandatory,1,short_threading_definition,1,measurements/organized_a1_results/x86_server/a1_server_scaling_summary.csv,3,decode-length,32,32,9.129058260125781,0.10861668087841846,0.3518551186619637
unknown,f16,f16,long,2048,vanilla,measurements/1254633-track-a1-server-sweep-x86,1.0,512,9144436.0,/projects/F202500010HPCVLABUMINHO/uminhocp006/aded-project-llamacpp/llamacpp-tq/models/Meta-Llama-3.1-8B-Instruct-Q4_K_M.gguf,model-1-mandatory,1,long_hpc_case_study,1,measurements/organized_a1_results/x86_server/a1_server_scaling_summary.csv,3,decode-length,32,32,7.700135115579403,0.12979509221916036,0.17485086233743155
unknown,f16,f16,long,2048,vanilla,measurements/1254633-track-a1-server-sweep-x86,1.0,512,9144436.0,/projects/F202500010HPCVLABUMINHO/uminhocp006/aded-project-llamacpp/llamacpp-tq/models/Meta-Llama-3.1-8B-Instruct-Q4_K_M.gguf,model-1-mandatory,1,long_memory_bound_reasoning,1,measurements/organized_a1_results/x86_server/a1_server_scaling_summary.csv,3,decode-length,32,32,7.750379801419074,0.12894485550944737,0.18217976334077926
unknown,f16,f16,long,2048,vanilla,measurements/1254633-track-a1-server-sweep-x86,1.0,512,9144436.0,/projects/F202500010HPCVLABUMINHO/uminhocp006/aded-project-llamacpp/llamacpp-tq/models/Meta-Llama-3.1-8B-Instruct-Q4_K_M.gguf,model-1-mandatory,1,mandatory_long_transformer_cpu,1,measurements/organized_a1_results/x86_server/a1_server_scaling_summary.csv,3,decode-length,32,32,7.844374622550896,0.1271567255094256,0.14519742000265978
unknown,f16,f16,medium,2048,vanilla,measurements/1254633-track-a1-server-sweep-x86,1.0,512,9144436.0,/projects/F202500010HPCVLABUMINHO/uminhocp006/aded-project-llamacpp/llamacpp-tq/models/Meta-Llama-3.1-8B-Instruct-Q4_K_M.gguf,model-1-mandatory,1,mandatory_medium_ml_vs_dl,1,measurements/organized_a1_results/x86_server/a1_server_scaling_summary.csv,3,decode-length,32,32,7.817487659455219,0.1274506813705167,0.3756437780005702
unknown,f16,f16,medium,2048,vanilla,measurements/1254633-track-a1-server-sweep-x86,1.0,512,9144436.0,/projects/F202500010HPCVLABUMINHO/uminhocp006/aded-project-llamacpp/llamacpp-tq/models/Meta-Llama-3.1-8B-Instruct-Q4_K_M.gguf,model-1-mandatory,1,medium_cpu_inference_pipeline,1,measurements/organized_a1_results/x86_server/a1_server_scaling_summary.csv,3,decode-length,32,32,7.716948181055289,0.12721040747044488,1.0084988336699705
unknown,f16,f16,medium,2048,vanilla,measurements/1254633-track-a1-server-sweep-x86,1.0,512,9144436.0,/projects/F202500010HPCVLABUMINHO/uminhocp006/aded-project-llamacpp/llamacpp-tq/models/Meta-Llama-3.1-8B-Instruct-Q4_K_M.gguf,model-1-mandatory,1,medium_quant_tradeoff,1,measurements/organized_a1_results/x86_server/a1_server_scaling_summary.csv,3,decode-length,32,32,7.762035260830509,0.12740029025439878,0.866559917999742
unknown,f16,f16,short,2048,vanilla,measurements/1254633-track-a1-server-sweep-x86,1.0,512,9144436.0,/projects/F202500010HPCVLABUMINHO/uminhocp006/aded-project-llamacpp/llamacpp-tq/models/Meta-Llama-3.1-8B-Instruct-Q4_K_M.gguf,model-1-mandatory,1,mandatory_short_capital_france,1,measurements/organized_a1_results/x86_server/a1_server_scaling_summary.csv,3,decode-length,32,32,6.06470840785079,0.12616837205455844,0.2667108250025194
unknown,f16,f16,short,2048,vanilla,measurements/1254633-track-a1-server-sweep-x86,1.0,512,9144436.0,/projects/F202500010HPCVLABUMINHO/uminhocp006/aded-project-llamacpp/llamacpp-tq/models/Meta-Llama-3.1-8B-Instruct-Q4_K_M.gguf,model-1-mandatory,1,short_cpu_quantisation,1,measurements/organized_a1_results/x86_server/a1_server_scaling_summary.csv,3,decode-length,32,32,7.855916225642758,0.12497776392410742,0.5212696146675929
unknown,f16,f16,short,2048,vanilla,measurements/1254633-track-a1-server-sweep-x86,1.0,512,9144436.0,/projects/F202500010HPCVLABUMINHO/uminhocp006/aded-project-llamacpp/llamacpp-tq/models/Meta-Llama-3.1-8B-Instruct-Q4_K_M.gguf,model-1-mandatory,1,short_threading_definition,1,measurements/organized_a1_results/x86_server/a1_server_scaling_summary.csv,3,decode-length,32,32,7.8659336339535155,0.12659977265295977,0.40701613266719505
unknown,f16,f16,long,2048,vanilla,measurements/1254633-track-a1-server-sweep-x86,1.0,64,8746204.0,/projects/F202500010HPCVLABUMINHO/uminhocp006/aded-project-llamacpp/llamacpp-tq/models/Meta-Llama-3.1-8B-Instruct-Q4_K_M.gguf,model-1-mandatory,1,long_hpc_case_study,1,measurements/organized_a1_results/x86_server/a1_server_scaling_summary.csv,3,decode-length,32,32,8.291454903426548,0.120340222386408,0.1393440829900404
unknown,f16,f16,long,2048,vanilla,measurements/1254633-track-a1-server-sweep-x86,1.0,64,8746204.0,/projects/F202500010HPCVLABUMINHO/uminhocp006/aded-project-llamacpp/llamacpp-tq/models/Meta-Llama-3.1-8B-Instruct-Q4_K_M.gguf,model-1-mandatory,1,long_memory_bound_reasoning,1,measurements/organized_a1_results/x86_server/a1_server_scaling_summary.csv,3,decode-length,32,32,8.228125081667631,0.12102759595240944,0.154348784989755
unknown,f16,f16,long,2048,vanilla,measurements/1254633-track-a1-server-sweep-x86,1.0,64,8746204.0,/projects/F202500010HPCVLABUMINHO/uminhocp006/aded-project-llamacpp/llamacpp-tq/models/Meta-Llama-3.1-8B-Instruct-Q4_K_M.gguf,model-1-mandatory,1,mandatory_long_transformer_cpu,1,measurements/organized_a1_results/x86_server/a1_server_scaling_summary.csv,3,decode-length,32,32,8.628346691242799,0.11558512876194621,0.13533725733092675
unknown,f16,f16,medium,2048,vanilla,measurements/1254633-track-a1-server-sweep-x86,1.0,64,8746204.0,/projects/F202500010HPCVLABUMINHO/uminhocp006/aded-project-llamacpp/llamacpp-tq/models/Meta-Llama-3.1-8B-Instruct-Q4_K_M.gguf,model-1-mandatory,1,mandatory_medium_ml_vs_dl,1,measurements/organized_a1_results/x86_server/a1_server_scaling_summary.csv,3,decode-length,32,32,8.609458834192646,0.11598792951862037,0.128499375336105
unknown,f16,f16,medium,2048,vanilla,measurements/1254633-track-a1-server-sweep-x86,1.0,64,8746204.0,/projects/F202500010HPCVLABUMINHO/uminhocp006/aded-project-llamacpp/llamacpp-tq/models/Meta-Llama-3.1-8B-Instruct-Q4_K_M.gguf,model-1-mandatory,1,medium_cpu_inference_pipeline,1,measurements/organized_a1_results/x86_server/a1_server_scaling_summary.csv,3,decode-length,32,32,8.67218139005789,0.11501770893114288,0.1346831160093037
unknown,f16,f16,medium,2048,vanilla,measurements/1254633-track-a1-server-sweep-x86,1.0,64,8746204.0,/projects/F202500010HPCVLABUMINHO/uminhocp006/aded-project-llamacpp/llamacpp-tq/models/Meta-Llama-3.1-8B-Instruct-Q4_K_M.gguf,model-1-mandatory,1,medium_quant_tradeoff,1,measurements/organized_a1_results/x86_server/a1_server_scaling_summary.csv,3,decode-length,32,32,8.47866582350585,0.11762113496815176,0.13974998399498872
unknown,f16,f16,short,2048,vanilla,measurements/1254633-track-a1-server-sweep-x86,1.0,64,8746204.0,/projects/F202500010HPCVLABUMINHO/uminhocp006/aded-project-llamacpp/llamacpp-tq/models/Meta-Llama-3.1-8B-Instruct-Q4_K_M.gguf,model-1-mandatory,1,mandatory_short_capital_france,1,measurements/organized_a1_results/x86_server/a1_server_scaling_summary.csv,3,decode-length,32,32,6.531293596975122,0.12084266794328061,0.22303084132727236
unknown,f16,f16,short,2048,vanilla,measurements/1254633-track-a1-server-sweep-x86,1.0,64,8746204.0,/projects/F202500010HPCVLABUMINHO/uminhocp006/aded-project-llamacpp/llamacpp-tq/models/Meta-Llama-3.1-8B-Instruct-Q4_K_M.gguf,model-1-mandatory,1,short_cpu_quantisation,1,measurements/organized_a1_results/x86_server/a1_server_scaling_summary.csv,3,decode-length,32,32,7.970818606440163,0.12022020144445979,0.4608785876674422
unknown,f16,f16,short,2048,vanilla,measurements/1254633-track-a1-server-sweep-x86,1.0,64,8746204.0,/projects/F202500010HPCVLABUMINHO/uminhocp006/aded-project-llamacpp/llamacpp-tq/models/Meta-Llama-3.1-8B-Instruct-Q4_K_M.gguf,model-1-mandatory,1,short_threading_definition,1,measurements/organized_a1_results/x86_server/a1_server_scaling_summary.csv,3,decode-length,32,32,8.490748413166173,0.11767381266121033,0.12866868033112647
unknown,turbo3,turbo3,long,2048,tq,measurements/1254633-track-a1-server-sweep-x86,1.0,128,8381232.0,/projects/F202500010HPCVLABUMINHO/uminhocp006/aded-project-llamacpp/llamacpp-tq/models/Meta-Llama-3.1-8B-Instruct-Q4_K_M.gguf,model-1-mandatory,1,long_hpc_case_study,1,measurements/organized_a1_results/x86_server/a1_server_scaling_summary.csv,3,model-set,32,32,5.982525766124487,0.16708150579000694,0.17692245466362996
unknown,turbo3,turbo3,long,2048,tq,measurements/1254633-track-a1-server-sweep-x86,1.0,128,8381232.0,/projects/F202500010HPCVLABUMINHO/uminhocp006/aded-project-llamacpp/llamacpp-tq/models/Meta-Llama-3.1-8B-Instruct-Q4_K_M.gguf,model-1-mandatory,1,long_memory_bound_reasoning,1,measurements/organized_a1_results/x86_server/a1_server_scaling_summary.csv,3,model-set,32,32,6.1267091989945595,0.16313538145673587,0.1741125383414328
unknown,turbo3,turbo3,long,2048,tq,measurements/1254633-track-a1-server-sweep-x86,1.0,128,8381232.0,/projects/F202500010HPCVLABUMINHO/uminhocp006/aded-project-llamacpp/llamacpp-tq/models/Meta-Llama-3.1-8B-Instruct-Q4_K_M.gguf,model-1-mandatory,1,mandatory_long_transformer_cpu,1,measurements/organized_a1_results/x86_server/a1_server_scaling_summary.csv,3,model-set,32,32,6.158193557471665,0.16232427521255857,0.17071023999596946
unknown,turbo3,turbo3,medium,2048,tq,measurements/1254633-track-a1-server-sweep-x86,1.0,128,8381232.0,/projects/F202500010HPCVLABUMINHO/uminhocp006/aded-project-llamacpp/llamacpp-tq/models/Meta-Llama-3.1-8B-Instruct-Q4_K_M.gguf,model-1-mandatory,1,mandatory_medium_ml_vs_dl,1,measurements/organized_a1_results/x86_server/a1_server_scaling_summary.csv,3,model-set,32,32,6.33644556064409,0.15778627819681096,0.1640837700009191
unknown,turbo3,turbo3,medium,2048,tq,measurements/1254633-track-a1-server-sweep-x86,1.0,128,8381232.0,/projects/F202500010HPCVLABUMINHO/uminhocp006/aded-project-llamacpp/llamacpp-tq/models/Meta-Llama-3.1-8B-Instruct-Q4_K_M.gguf,model-1-mandatory,1,medium_cpu_inference_pipeline,1,measurements/organized_a1_results/x86_server/a1_server_scaling_summary.csv,3,model-set,32,32,6.292228528714909,0.1588541138373325,0.16921600799347894
unknown,turbo3,turbo3,medium,2048,tq,measurements/1254633-track-a1-server-sweep-x86,1.0,128,8381232.0,/projects/F202500010HPCVLABUMINHO/uminhocp006/aded-project-llamacpp/llamacpp-tq/models/Meta-Llama-3.1-8B-Instruct-Q4_K_M.gguf,model-1-mandatory,1,medium_quant_tradeoff,1,measurements/organized_a1_results/x86_server/a1_server_scaling_summary.csv,3,model-set,32,32,6.265054397113479,0.15955544306566324,0.16709105966341062
unknown,turbo3,turbo3,short,2048,tq,measurements/1254633-track-a1-server-sweep-x86,1.0,128,8381232.0,/projects/F202500010HPCVLABUMINHO/uminhocp006/aded-project-llamacpp/llamacpp-tq/models/Meta-Llama-3.1-8B-Instruct-Q4_K_M.gguf,model-1-mandatory,1,mandatory_short_capital_france,1,measurements/organized_a1_results/x86_server/a1_server_scaling_summary.csv,3,model-set,32,32,5.277077065798302,0.1565266658338563,0.237690536994099
unknown,turbo3,turbo3,short,2048,tq,measurements/1254633-track-a1-server-sweep-x86,1.0,128,8381232.0,/projects/F202500010HPCVLABUMINHO/uminhocp006/aded-project-llamacpp/llamacpp-tq/models/Meta-Llama-3.1-8B-Instruct-Q4_K_M.gguf,model-1-mandatory,1,short_cpu_quantisation,1,measurements/organized_a1_results/x86_server/a1_server_scaling_summary.csv,3,model-set,32,32,6.2136039049369005,0.1580255622938862,0.532154880008117
unknown,turbo3,turbo3,short,2048,tq,measurements/1254633-track-a1-server-sweep-x86,1.0,128,8381232.0,/projects/F202500010HPCVLABUMINHO/uminhocp006/aded-project-llamacpp/llamacpp-tq/models/Meta-Llama-3.1-8B-Instruct-Q4_K_M.gguf,model-1-mandatory,1,short_threading_definition,1,measurements/organized_a1_results/x86_server/a1_server_scaling_summary.csv,3,model-set,32,32,6.35875465129133,0.15727095335955413,0.15748424366271743
unknown,turbo4,turbo4,long,2048,tq,measurements/1254633-track-a1-server-sweep-x86,1.0,128,8423696.0,/projects/F202500010HPCVLABUMINHO/uminhocp006/aded-project-llamacpp/llamacpp-tq/models/Meta-Llama-3.1-8B-Instruct-Q4_K_M.gguf,model-1-mandatory,1,long_hpc_case_study,1,measurements/organized_a1_results/x86_server/a1_server_scaling_summary.csv,3,model-set,32,32,7.192375307486161,0.13896173620210017,0.14831271599996398
unknown,turbo4,turbo4,long,2048,tq,measurements/1254633-track-a1-server-sweep-x86,1.0,128,8423696.0,/projects/F202500010HPCVLABUMINHO/uminhocp006/aded-project-llamacpp/llamacpp-tq/models/Meta-Llama-3.1-8B-Instruct-Q4_K_M.gguf,model-1-mandatory,1,long_memory_bound_reasoning,1,measurements/organized_a1_results/x86_server/a1_server_scaling_summary.csv,3,model-set,32,32,7.297182248077851,0.1369683205879264,0.1462702313334224
unknown,turbo4,turbo4,long,2048,tq,measurements/1254633-track-a1-server-sweep-x86,1.0,128,8423696.0,/projects/F202500010HPCVLABUMINHO/uminhocp006/aded-project-llamacpp/llamacpp-tq/models/Meta-Llama-3.1-8B-Instruct-Q4_K_M.gguf,model-1-mandatory,1,mandatory_long_transformer_cpu,1,measurements/organized_a1_results/x86_server/a1_server_scaling_summary.csv,3,model-set,32,32,7.4568591142496095,0.1340536888241471,0.14040820533333923
unknown,turbo4,turbo4,medium,2048,tq,measurements/1254633-track-a1-server-sweep-x86,1.0,128,8423696.0,/projects/F202500010HPCVLABUMINHO/uminhocp006/aded-project-llamacpp/llamacpp-tq/models/Meta-Llama-3.1-8B-Instruct-Q4_K_M.gguf,model-1-mandatory,1,mandatory_medium_ml_vs_dl,1,measurements/organized_a1_results/x86_server/a1_server_scaling_summary.csv,3,model-set,32,32,7.749285485718879,0.12898411287139108,0.13689080066668188
unknown,turbo4,turbo4,medium,2048,tq,measurements/1254633-track-a1-server-sweep-x86,1.0,128,8423696.0,/projects/F202500010HPCVLABUMINHO/uminhocp006/aded-project-llamacpp/llamacpp-tq/models/Meta-Llama-3.1-8B-Instruct-Q4_K_M.gguf,model-1-mandatory,1,medium_cpu_inference_pipeline,1,measurements/organized_a1_results/x86_server/a1_server_scaling_summary.csv,3,model-set,32,32,7.57305698851479,0.13202194277165336,0.13604525799996736
unknown,turbo4,turbo4,medium,2048,tq,measurements/1254633-track-a1-server-sweep-x86,1.0,128,8423696.0,/projects/F202500010HPCVLABUMINHO/uminhocp006/aded-project-llamacpp/llamacpp-tq/models/Meta-Llama-3.1-8B-Instruct-Q4_K_M.gguf,model-1-mandatory,1,medium_quant_tradeoff,1,measurements/organized_a1_results/x86_server/a1_server_scaling_summary.csv,3,model-set,32,32,7.59240938379097,0.1316564768451437,0.1398438180000691
unknown,turbo4,turbo4,short,2048,tq,measurements/1254633-track-a1-server-sweep-x86,1.0,128,8423696.0,/projects/F202500010HPCVLABUMINHO/uminhocp006/aded-project-llamacpp/llamacpp-tq/models/Meta-Llama-3.1-8B-Instruct-Q4_K_M.gguf,model-1-mandatory,1,mandatory_short_capital_france,1,measurements/organized_a1_results/x86_server/a1_server_scaling_summary.csv,3,model-set,32,32,6.352507987657483,0.12889761116668474,0.20131644133334703
unknown,turbo4,turbo4,short,2048,tq,measurements/1254633-track-a1-server-sweep-x86,1.0,128,8423696.0,/projects/F202500010HPCVLABUMINHO/uminhocp006/aded-project-llamacpp/llamacpp-tq/models/Meta-Llama-3.1-8B-Instruct-Q4_K_M.gguf,model-1-mandatory,1,short_cpu_quantisation,1,measurements/organized_a1_results/x86_server/a1_server_scaling_summary.csv,3,model-set,32,32,7.486027975249777,0.13100121674278256,0.4629020989999996
unknown,turbo4,turbo4,short,2048,tq,measurements/1254633-track-a1-server-sweep-x86,1.0,128,8423696.0,/projects/F202500010HPCVLABUMINHO/uminhocp006/aded-project-llamacpp/llamacpp-tq/models/Meta-Llama-3.1-8B-Instruct-Q4_K_M.gguf,model-1-mandatory,1,short_threading_definition,1,measurements/organized_a1_results/x86_server/a1_server_scaling_summary.csv,3,model-set,32,32,7.655181122132095,0.13059212975328147,0.13690515033325332
unknown,turbo3,turbo3,long,2048,tq,measurements/1254633-track-a1-server-sweep-x86,0.0,128,7365920.0,/projects/F202500010HPCVLABUMINHO/uminhocp006/aded-project-llamacpp/llamacpp-tq/models/gemma-4-E4B-it-OBLITERATED-Q4_K_M.gguf,model-3,1,long_hpc_case_study,1,measurements/organized_a1_results/x86_server/a1_server_scaling_summary.csv,3,model-set,32,32,0.0,,
unknown,turbo3,turbo3,long,2048,tq,measurements/1254633-track-a1-server-sweep-x86,0.0,128,7365920.0,/projects/F202500010HPCVLABUMINHO/uminhocp006/aded-project-llamacpp/llamacpp-tq/models/gemma-4-E4B-it-OBLITERATED-Q4_K_M.gguf,model-3,1,long_memory_bound_reasoning,1,measurements/organized_a1_results/x86_server/a1_server_scaling_summary.csv,3,model-set,32,32,0.0,,
unknown,turbo3,turbo3,long,2048,tq,measurements/1254633-track-a1-server-sweep-x86,0.0,128,7365920.0,/projects/F202500010HPCVLABUMINHO/uminhocp006/aded-project-llamacpp/llamacpp-tq/models/gemma-4-E4B-it-OBLITERATED-Q4_K_M.gguf,model-3,1,mandatory_long_transformer_cpu,1,measurements/organized_a1_results/x86_server/a1_server_scaling_summary.csv,3,model-set,32,32,0.0,,
unknown,turbo3,turbo3,medium,2048,tq,measurements/1254633-track-a1-server-sweep-x86,0.0,128,7365920.0,/projects/F202500010HPCVLABUMINHO/uminhocp006/aded-project-llamacpp/llamacpp-tq/models/gemma-4-E4B-it-OBLITERATED-Q4_K_M.gguf,model-3,1,mandatory_medium_ml_vs_dl,1,measurements/organized_a1_results/x86_server/a1_server_scaling_summary.csv,3,model-set,32,32,0.0,,
unknown,turbo3,turbo3,medium,2048,tq,measurements/1254633-track-a1-server-sweep-x86,0.0,128,7365920.0,/projects/F202500010HPCVLABUMINHO/uminhocp006/aded-project-llamacpp/llamacpp-tq/models/gemma-4-E4B-it-OBLITERATED-Q4_K_M.gguf,model-3,1,medium_cpu_inference_pipeline,1,measurements/organized_a1_results/x86_server/a1_server_scaling_summary.csv,3,model-set,32,32,0.0,,
unknown,turbo3,turbo3,medium,2048,tq,measurements/1254633-track-a1-server-sweep-x86,0.0,128,7365920.0,/projects/F202500010HPCVLABUMINHO/uminhocp006/aded-project-llamacpp/llamacpp-tq/models/gemma-4-E4B-it-OBLITERATED-Q4_K_M.gguf,model-3,1,medium_quant_tradeoff,1,measurements/organized_a1_results/x86_server/a1_server_scaling_summary.csv,3,model-set,32,32,0.0,,
unknown,turbo3,turbo3,short,2048,tq,measurements/1254633-track-a1-server-sweep-x86,1.0,128,7365920.0,/projects/F202500010HPCVLABUMINHO/uminhocp006/aded-project-llamacpp/llamacpp-tq/models/gemma-4-E4B-it-OBLITERATED-Q4_K_M.gguf,model-3,1,mandatory_short_capital_france,1,measurements/organized_a1_results/x86_server/a1_server_scaling_summary.csv,3,model-set,32,32,8.821254539844297,0.09387647590483539,0.2929898079989168
unknown,turbo3,turbo3,short,2048,tq,measurements/1254633-track-a1-server-sweep-x86,0.0,128,7365920.0,/projects/F202500010HPCVLABUMINHO/uminhocp006/aded-project-llamacpp/llamacpp-tq/models/gemma-4-E4B-it-OBLITERATED-Q4_K_M.gguf,model-3,1,short_cpu_quantisation,1,measurements/organized_a1_results/x86_server/a1_server_scaling_summary.csv,3,model-set,32,32,0.0,,
unknown,turbo3,turbo3,short,2048,tq,measurements/1254633-track-a1-server-sweep-x86,0.0,128,7365920.0,/projects/F202500010HPCVLABUMINHO/uminhocp006/aded-project-llamacpp/llamacpp-tq/models/gemma-4-E4B-it-OBLITERATED-Q4_K_M.gguf,model-3,1,short_threading_definition,1,measurements/organized_a1_results/x86_server/a1_server_scaling_summary.csv,3,model-set,32,32,0.0,,
unknown,turbo4,turbo4,long,2048,tq,measurements/1254633-track-a1-server-sweep-x86,0.0,128,7383464.0,/projects/F202500010HPCVLABUMINHO/uminhocp006/aded-project-llamacpp/llamacpp-tq/models/gemma-4-E4B-it-OBLITERATED-Q4_K_M.gguf,model-3,1,long_hpc_case_study,1,measurements/organized_a1_results/x86_server/a1_server_scaling_summary.csv,3,model-set,32,32,0.0,,
unknown,turbo4,turbo4,long,2048,tq,measurements/1254633-track-a1-server-sweep-x86,0.0,128,7383464.0,/projects/F202500010HPCVLABUMINHO/uminhocp006/aded-project-llamacpp/llamacpp-tq/models/gemma-4-E4B-it-OBLITERATED-Q4_K_M.gguf,model-3,1,long_memory_bound_reasoning,1,measurements/organized_a1_results/x86_server/a1_server_scaling_summary.csv,3,model-set,32,32,0.0,,
unknown,turbo4,turbo4,long,2048,tq,measurements/1254633-track-a1-server-sweep-x86,0.0,128,7383464.0,/projects/F202500010HPCVLABUMINHO/uminhocp006/aded-project-llamacpp/llamacpp-tq/models/gemma-4-E4B-it-OBLITERATED-Q4_K_M.gguf,model-3,1,mandatory_long_transformer_cpu,1,measurements/organized_a1_results/x86_server/a1_server_scaling_summary.csv,3,model-set,32,32,0.0,,
unknown,turbo4,turbo4,medium,2048,tq,measurements/1254633-track-a1-server-sweep-x86,0.0,128,7383464.0,/projects/F202500010HPCVLABUMINHO/uminhocp006/aded-project-llamacpp/llamacpp-tq/models/gemma-4-E4B-it-OBLITERATED-Q4_K_M.gguf,model-3,1,mandatory_medium_ml_vs_dl,1,measurements/organized_a1_results/x86_server/a1_server_scaling_summary.csv,3,model-set,32,32,0.0,,
unknown,turbo4,turbo4,medium,2048,tq,measurements/1254633-track-a1-server-sweep-x86,0.0,128,7383464.0,/projects/F202500010HPCVLABUMINHO/uminhocp006/aded-project-llamacpp/llamacpp-tq/models/gemma-4-E4B-it-OBLITERATED-Q4_K_M.gguf,model-3,1,medium_cpu_inference_pipeline,1,measurements/organized_a1_results/x86_server/a1_server_scaling_summary.csv,3,model-set,32,32,0.6105655807308114,0.12505254507414065,15.252634692325955
unknown,turbo4,turbo4,medium,2048,tq,measurements/1254633-track-a1-server-sweep-x86,0.0,128,7383464.0,/projects/F202500010HPCVLABUMINHO/uminhocp006/aded-project-llamacpp/llamacpp-tq/models/gemma-4-E4B-it-OBLITERATED-Q4_K_M.gguf,model-3,1,medium_quant_tradeoff,1,measurements/organized_a1_results/x86_server/a1_server_scaling_summary.csv,3,model-set,32,32,0.0,,
unknown,turbo4,turbo4,short,2048,tq,measurements/1254633-track-a1-server-sweep-x86,1.0,128,7383464.0,/projects/F202500010HPCVLABUMINHO/uminhocp006/aded-project-llamacpp/llamacpp-tq/models/gemma-4-E4B-it-OBLITERATED-Q4_K_M.gguf,model-3,1,mandatory_short_capital_france,1,measurements/organized_a1_results/x86_server/a1_server_scaling_summary.csv,3,model-set,32,32,6.177269423139997,0.12055190704025638,0.3744629906723276
unknown,turbo4,turbo4,short,2048,tq,measurements/1254633-track-a1-server-sweep-x86,0.0,128,7383464.0,/projects/F202500010HPCVLABUMINHO/uminhocp006/aded-project-llamacpp/llamacpp-tq/models/gemma-4-E4B-it-OBLITERATED-Q4_K_M.gguf,model-3,1,short_cpu_quantisation,1,measurements/organized_a1_results/x86_server/a1_server_scaling_summary.csv,3,model-set,32,32,0.0,,
unknown,turbo4,turbo4,short,2048,tq,measurements/1254633-track-a1-server-sweep-x86,1.0,128,7383464.0,/projects/F202500010HPCVLABUMINHO/uminhocp006/aded-project-llamacpp/llamacpp-tq/models/gemma-4-E4B-it-OBLITERATED-Q4_K_M.gguf,model-3,1,short_threading_definition,1,measurements/organized_a1_results/x86_server/a1_server_scaling_summary.csv,3,model-set,32,32,7.988990853092661,0.12246206758532849,0.47065242667061585
unknown,f16,f16,long,2048,vanilla,measurements/1254633-track-a1-server-sweep-x86,1.0,128,8824832.0,/projects/F202500010HPCVLABUMINHO/uminhocp006/aded-project-llamacpp/llamacpp-tq/models/Meta-Llama-3.1-8B-Instruct-Q4_K_M.gguf,model-1-mandatory,1,long_hpc_case_study,1,measurements/organized_a1_results/x86_server/a1_server_scaling_summary.csv,3,model-set,32,32,7.592660693664072,0.13142991681108704,0.16805977532446073
unknown,f16,f16,long,2048,vanilla,measurements/1254633-track-a1-server-sweep-x86,1.0,128,8824832.0,/projects/F202500010HPCVLABUMINHO/uminhocp006/aded-project-llamacpp/llamacpp-tq/models/Meta-Llama-3.1-8B-Instruct-Q4_K_M.gguf,model-1-mandatory,1,long_memory_bound_reasoning,1,measurements/organized_a1_results/x86_server/a1_server_scaling_summary.csv,3,model-set,32,32,7.603483115377212,0.1312087332756348,0.1708507559960708
unknown,f16,f16,long,2048,vanilla,measurements/1254633-track-a1-server-sweep-x86,1.0,128,8824832.0,/projects/F202500010HPCVLABUMINHO/uminhocp006/aded-project-llamacpp/llamacpp-tq/models/Meta-Llama-3.1-8B-Instruct-Q4_K_M.gguf,model-1-mandatory,1,mandatory_long_transformer_cpu,1,measurements/organized_a1_results/x86_server/a1_server_scaling_summary.csv,3,model-set,32,32,7.734953036804732,0.12919918572696065,0.14034566768289855
unknown,f16,f16,medium,2048,vanilla,measurements/1254633-track-a1-server-sweep-x86,1.0,128,8824832.0,/projects/F202500010HPCVLABUMINHO/uminhocp006/aded-project-llamacpp/llamacpp-tq/models/Meta-Llama-3.1-8B-Instruct-Q4_K_M.gguf,model-1-mandatory,1,mandatory_medium_ml_vs_dl,1,measurements/organized_a1_results/x86_server/a1_server_scaling_summary.csv,3,model-set,32,32,7.895090129630624,0.1266967421758882,0.13798317900121523
unknown,f16,f16,medium,2048,vanilla,measurements/1254633-track-a1-server-sweep-x86,1.0,128,8824832.0,/projects/F202500010HPCVLABUMINHO/uminhocp006/aded-project-llamacpp/llamacpp-tq/models/Meta-Llama-3.1-8B-Instruct-Q4_K_M.gguf,model-1-mandatory,1,medium_cpu_inference_pipeline,1,measurements/organized_a1_results/x86_server/a1_server_scaling_summary.csv,3,model-set,32,32,7.756219878199322,0.12879362574786443,0.14675048001420996
unknown,f16,f16,medium,2048,vanilla,measurements/1254633-track-a1-server-sweep-x86,1.0,128,8824832.0,/projects/F202500010HPCVLABUMINHO/uminhocp006/aded-project-llamacpp/llamacpp-tq/models/Meta-Llama-3.1-8B-Instruct-Q4_K_M.gguf,model-1-mandatory,1,medium_quant_tradeoff,1,measurements/organized_a1_results/x86_server/a1_server_scaling_summary.csv,3,model-set,32,32,7.909677268408416,0.12629570702889573,0.1510480219925133
unknown,f16,f16,short,2048,vanilla,measurements/1254633-track-a1-server-sweep-x86,1.0,128,8824832.0,/projects/F202500010HPCVLABUMINHO/uminhocp006/aded-project-llamacpp/llamacpp-tq/models/Meta-Llama-3.1-8B-Instruct-Q4_K_M.gguf,model-1-mandatory,1,mandatory_short_capital_france,1,measurements/organized_a1_results/x86_server/a1_server_scaling_summary.csv,3,model-set,32,32,6.929196006008408,0.11220919249818609,0.2173332069942262
unknown,f16,f16,short,2048,vanilla,measurements/1254633-track-a1-server-sweep-x86,1.0,128,8824832.0,/projects/F202500010HPCVLABUMINHO/uminhocp006/aded-project-llamacpp/llamacpp-tq/models/Meta-Llama-3.1-8B-Instruct-Q4_K_M.gguf,model-1-mandatory,1,short_cpu_quantisation,1,measurements/organized_a1_results/x86_server/a1_server_scaling_summary.csv,3,model-set,32,32,7.867560449753396,0.12471370435435339,0.4531270149940004
unknown,f16,f16,short,2048,vanilla,measurements/1254633-track-a1-server-sweep-x86,1.0,128,8824832.0,/projects/F202500010HPCVLABUMINHO/uminhocp006/aded-project-llamacpp/llamacpp-tq/models/Meta-Llama-3.1-8B-Instruct-Q4_K_M.gguf,model-1-mandatory,1,short_threading_definition,1,measurements/organized_a1_results/x86_server/a1_server_scaling_summary.csv,3,model-set,32,32,7.93764938198426,0.1259135402336636,0.13921023698640056
unknown,f16,f16,long,2048,vanilla,measurements/1254633-track-a1-server-sweep-x86,1.0,128,520716.0,/projects/F202500010HPCVLABUMINHO/uminhocp006/aded-project-llamacpp/llamacpp-tq/models/SmolLM2-360M-Instruct.Q4_K_M.gguf,model-2,1,long_hpc_case_study,1,measurements/organized_a1_results/x86_server/a1_server_scaling_summary.csv,3,model-set,32,32,59.72692590895096,0.016668814105034273,0.032868666671371706
unknown,f16,f16,long,2048,vanilla,measurements/1254633-track-a1-server-sweep-x86,1.0,128,520716.0,/projects/F202500010HPCVLABUMINHO/uminhocp006/aded-project-llamacpp/llamacpp-tq/models/SmolLM2-360M-Instruct.Q4_K_M.gguf,model-2,1,long_memory_bound_reasoning,1,measurements/organized_a1_results/x86_server/a1_server_scaling_summary.csv,3,model-set,32,32,58.985909965320204,0.016897738036721593,0.031251336011337116
unknown,f16,f16,long,2048,vanilla,measurements/1254633-track-a1-server-sweep-x86,1.0,128,520716.0,/projects/F202500010HPCVLABUMINHO/uminhocp006/aded-project-llamacpp/llamacpp-tq/models/SmolLM2-360M-Instruct.Q4_K_M.gguf,model-2,1,mandatory_long_transformer_cpu,1,measurements/organized_a1_results/x86_server/a1_server_scaling_summary.csv,3,model-set,32,32,63.91695573618525,0.015587402325477378,0.0259958630000862
unknown,f16,f16,medium,2048,vanilla,measurements/1254633-track-a1-server-sweep-x86,1.0,128,520716.0,/projects/F202500010HPCVLABUMINHO/uminhocp006/aded-project-llamacpp/llamacpp-tq/models/SmolLM2-360M-Instruct.Q4_K_M.gguf,model-2,1,mandatory_medium_ml_vs_dl,1,measurements/organized_a1_results/x86_server/a1_server_scaling_summary.csv,3,model-set,32,32,66.35727177447598,0.015015871818922949,0.02385672865784727
unknown,f16,f16,medium,2048,vanilla,measurements/1254633-track-a1-server-sweep-x86,1.0,128,520716.0,/projects/F202500010HPCVLABUMINHO/uminhocp006/aded-project-llamacpp/llamacpp-tq/models/SmolLM2-360M-Instruct.Q4_K_M.gguf,model-2,1,medium_cpu_inference_pipeline,1,measurements/organized_a1_results/x86_server/a1_server_scaling_summary.csv,3,model-set,32,32,66.71221305355351,0.014933282238879825,0.02386296233938386
unknown,f16,f16,medium,2048,vanilla,measurements/1254633-track-a1-server-sweep-x86,1.0,128,520716.0,/projects/F202500010HPCVLABUMINHO/uminhocp006/aded-project-llamacpp/llamacpp-tq/models/SmolLM2-360M-Instruct.Q4_K_M.gguf,model-2,1,medium_quant_tradeoff,1,measurements/organized_a1_results/x86_server/a1_server_scaling_summary.csv,3,model-set,32,32,66.33959259708968,0.015009751868739192,0.025243189001533512
unknown,f16,f16,short,2048,vanilla,measurements/1254633-track-a1-server-sweep-x86,1.0,128,520716.0,/projects/F202500010HPCVLABUMINHO/uminhocp006/aded-project-llamacpp/llamacpp-tq/models/SmolLM2-360M-Instruct.Q4_K_M.gguf,model-2,1,mandatory_short_capital_france,1,measurements/organized_a1_results/x86_server/a1_server_scaling_summary.csv,3,model-set,32,32,38.470573962144194,0.015889891555869125,0.07077451266619998
unknown,f16,f16,short,2048,vanilla,measurements/1254633-track-a1-server-sweep-x86,1.0,128,520716.0,/projects/F202500010HPCVLABUMINHO/uminhocp006/aded-project-llamacpp/llamacpp-tq/models/SmolLM2-360M-Instruct.Q4_K_M.gguf,model-2,1,short_cpu_quantisation,1,measurements/organized_a1_results/x86_server/a1_server_scaling_summary.csv,3,model-set,32,32,62.604390225694516,0.01512259244888268,0.12547800598743683
unknown,f16,f16,short,2048,vanilla,measurements/1254633-track-a1-server-sweep-x86,1.0,128,520716.0,/projects/F202500010HPCVLABUMINHO/uminhocp006/aded-project-llamacpp/llamacpp-tq/models/SmolLM2-360M-Instruct.Q4_K_M.gguf,model-2,1,short_threading_definition,1,measurements/organized_a1_results/x86_server/a1_server_scaling_summary.csv,3,model-set,32,32,66.47514592547309,0.015002628748019145,0.021827446665459622
unknown,f16,f16,long,2048,vanilla,measurements/1254633-track-a1-server-sweep-x86,0.0,128,7593700.0,/projects/F202500010HPCVLABUMINHO/uminhocp006/aded-project-llamacpp/llamacpp-tq/models/gemma-4-E4B-it-OBLITERATED-Q4_K_M.gguf,model-3,1,long_hpc_case_study,1,measurements/organized_a1_results/x86_server/a1_server_scaling_summary.csv,3,model-set,32,32,0.0,,
unknown,f16,f16,long,2048,vanilla,measurements/1254633-track-a1-server-sweep-x86,0.0,128,7593700.0,/projects/F202500010HPCVLABUMINHO/uminhocp006/aded-project-llamacpp/llamacpp-tq/models/gemma-4-E4B-it-OBLITERATED-Q4_K_M.gguf,model-3,1,long_memory_bound_reasoning,1,measurements/organized_a1_results/x86_server/a1_server_scaling_summary.csv,3,model-set,32,32,0.0,,
unknown,f16,f16,long,2048,vanilla,measurements/1254633-track-a1-server-sweep-x86,0.0,128,7593700.0,/projects/F202500010HPCVLABUMINHO/uminhocp006/aded-project-llamacpp/llamacpp-tq/models/gemma-4-E4B-it-OBLITERATED-Q4_K_M.gguf,model-3,1,mandatory_long_transformer_cpu,1,measurements/organized_a1_results/x86_server/a1_server_scaling_summary.csv,3,model-set,32,32,0.0,,
unknown,f16,f16,medium,2048,vanilla,measurements/1254633-track-a1-server-sweep-x86,1.0,128,7593700.0,/projects/F202500010HPCVLABUMINHO/uminhocp006/aded-project-llamacpp/llamacpp-tq/models/gemma-4-E4B-it-OBLITERATED-Q4_K_M.gguf,model-3,1,mandatory_medium_ml_vs_dl,1,measurements/organized_a1_results/x86_server/a1_server_scaling_summary.csv,3,model-set,32,32,7.58729665190635,0.12886796519679708,0.5040475066828852
unknown,f16,f16,medium,2048,vanilla,measurements/1254633-track-a1-server-sweep-x86,0.0,128,7593700.0,/projects/F202500010HPCVLABUMINHO/uminhocp006/aded-project-llamacpp/llamacpp-tq/models/gemma-4-E4B-it-OBLITERATED-Q4_K_M.gguf,model-3,1,medium_cpu_inference_pipeline,1,measurements/organized_a1_results/x86_server/a1_server_scaling_summary.csv,3,model-set,32,32,0.3011365073714458,0.12886601925371602,16.088095366654063
unknown,f16,f16,medium,2048,vanilla,measurements/1254633-track-a1-server-sweep-x86,0.0,128,7593700.0,/projects/F202500010HPCVLABUMINHO/uminhocp006/aded-project-llamacpp/llamacpp-tq/models/gemma-4-E4B-it-OBLITERATED-Q4_K_M.gguf,model-3,1,medium_quant_tradeoff,1,measurements/organized_a1_results/x86_server/a1_server_scaling_summary.csv,3,model-set,32,32,0.0,,
unknown,f16,f16,short,2048,vanilla,measurements/1254633-track-a1-server-sweep-x86,1.0,128,7593700.0,/projects/F202500010HPCVLABUMINHO/uminhocp006/aded-project-llamacpp/llamacpp-tq/models/gemma-4-E4B-it-OBLITERATED-Q4_K_M.gguf,model-3,1,mandatory_short_capital_france,1,measurements/organized_a1_results/x86_server/a1_server_scaling_summary.csv,3,model-set,32,32,6.481801150062492,0.12904380741626179,0.4317872103323073
unknown,f16,f16,short,2048,vanilla,measurements/1254633-track-a1-server-sweep-x86,0.0,128,7593700.0,/projects/F202500010HPCVLABUMINHO/uminhocp006/aded-project-llamacpp/llamacpp-tq/models/gemma-4-E4B-it-OBLITERATED-Q4_K_M.gguf,model-3,1,short_cpu_quantisation,1,measurements/organized_a1_results/x86_server/a1_server_scaling_summary.csv,3,model-set,32,32,0.0,,
unknown,f16,f16,short,2048,vanilla,measurements/1254633-track-a1-server-sweep-x86,1.0,128,7593700.0,/projects/F202500010HPCVLABUMINHO/uminhocp006/aded-project-llamacpp/llamacpp-tq/models/gemma-4-E4B-it-OBLITERATED-Q4_K_M.gguf,model-3,1,short_threading_definition,1,measurements/organized_a1_results/x86_server/a1_server_scaling_summary.csv,3,model-set,32,32,7.610666159845234,0.12815848647511693,0.5424220993299969
unknown,turbo3,turbo3,long,2048,tq,measurements/1254633-track-a1-server-sweep-x86,0.0,128,8401204.0,/projects/F202500010HPCVLABUMINHO/uminhocp006/aded-project-llamacpp/llamacpp-tq/models/Meta-Llama-3.1-8B-Instruct-Q4_K_M.gguf,model-1-mandatory,1,long_hpc_case_study,1,measurements/organized_a1_results/x86_server/a1_server_scaling_summary.csv,3,thread-scaling,128,128,3.0179632601593727,0.33912968545673317,0.14884650366730057
unknown,turbo3,turbo3,long,2048,tq,measurements/1254633-track-a1-server-sweep-x86,0.0,128,8401204.0,/projects/F202500010HPCVLABUMINHO/uminhocp006/aded-project-llamacpp/llamacpp-tq/models/Meta-Llama-3.1-8B-Instruct-Q4_K_M.gguf,model-1-mandatory,1,long_memory_bound_reasoning,1,measurements/organized_a1_results/x86_server/a1_server_scaling_summary.csv,3,thread-scaling,128,128,3.757077028318165,0.3063399443622731,2.714484709324703
unknown,turbo3,turbo3,long,2048,tq,measurements/1254633-track-a1-server-sweep-x86,0.0,128,8401204.0,/projects/F202500010HPCVLABUMINHO/uminhocp006/aded-project-llamacpp/llamacpp-tq/models/Meta-Llama-3.1-8B-Instruct-Q4_K_M.gguf,model-1-mandatory,1,mandatory_long_transformer_cpu,1,measurements/organized_a1_results/x86_server/a1_server_scaling_summary.csv,3,thread-scaling,128,128,3.4069032422374232,0.3062775559501699,0.2241772869892884
unknown,turbo3,turbo3,medium,2048,tq,measurements/1254633-track-a1-server-sweep-x86,0.0,128,8401204.0,/projects/F202500010HPCVLABUMINHO/uminhocp006/aded-project-llamacpp/llamacpp-tq/models/Meta-Llama-3.1-8B-Instruct-Q4_K_M.gguf,model-1-mandatory,1,mandatory_medium_ml_vs_dl,1,measurements/organized_a1_results/x86_server/a1_server_scaling_summary.csv,3,thread-scaling,128,128,3.7747539696297636,0.2771387403437335,0.6419585286736643
unknown,turbo3,turbo3,medium,2048,tq,measurements/1254633-track-a1-server-sweep-x86,0.3333333333333333,128,8401204.0,/projects/F202500010HPCVLABUMINHO/uminhocp006/aded-project-llamacpp/llamacpp-tq/models/Meta-Llama-3.1-8B-Instruct-Q4_K_M.gguf,model-1-mandatory,1,medium_cpu_inference_pipeline,1,measurements/organized_a1_results/x86_server/a1_server_scaling_summary.csv,3,thread-scaling,128,128,3.535649910315437,0.3211826820367565,0.1343929676610666
unknown,turbo3,turbo3,medium,2048,tq,measurements/1254633-track-a1-server-sweep-x86,0.0,128,8401204.0,/projects/F202500010HPCVLABUMINHO/uminhocp006/aded-project-llamacpp/llamacpp-tq/models/Meta-Llama-3.1-8B-Instruct-Q4_K_M.gguf,model-1-mandatory,1,medium_quant_tradeoff,1,measurements/organized_a1_results/x86_server/a1_server_scaling_summary.csv,3,thread-scaling,128,128,2.575925234870573,0.37588852871656403,1.9919145863386802
unknown,turbo3,turbo3,short,2048,tq,measurements/1254633-track-a1-server-sweep-x86,0.0,128,8401204.0,/projects/F202500010HPCVLABUMINHO/uminhocp006/aded-project-llamacpp/llamacpp-tq/models/Meta-Llama-3.1-8B-Instruct-Q4_K_M.gguf,model-1-mandatory,1,mandatory_short_capital_france,1,measurements/organized_a1_results/x86_server/a1_server_scaling_summary.csv,3,thread-scaling,128,128,1.0005227189049535,0.457595278887311,4.283252809002685
unknown,turbo3,turbo3,short,2048,tq,measurements/1254633-track-a1-server-sweep-x86,0.0,128,8401204.0,/projects/F202500010HPCVLABUMINHO/uminhocp006/aded-project-llamacpp/llamacpp-tq/models/Meta-Llama-3.1-8B-Instruct-Q4_K_M.gguf,model-1-mandatory,1,short_cpu_quantisation,1,measurements/organized_a1_results/x86_server/a1_server_scaling_summary.csv,3,thread-scaling,128,128,2.703805711858386,0.3396422071837676,5.86857484166588
unknown,turbo3,turbo3,short,2048,tq,measurements/1254633-track-a1-server-sweep-x86,0.0,128,8401204.0,/projects/F202500010HPCVLABUMINHO/uminhocp006/aded-project-llamacpp/llamacpp-tq/models/Meta-Llama-3.1-8B-Instruct-Q4_K_M.gguf,model-1-mandatory,1,short_threading_definition,1,measurements/organized_a1_results/x86_server/a1_server_scaling_summary.csv,3,thread-scaling,128,128,2.403436908246932,0.40649537095261357,1.9904875700109794
unknown,turbo4,turbo4,long,2048,tq,measurements/1254633-track-a1-server-sweep-x86,0.0,128,8430908.0,/projects/F202500010HPCVLABUMINHO/uminhocp006/aded-project-llamacpp/llamacpp-tq/models/Meta-Llama-3.1-8B-Instruct-Q4_K_M.gguf,model-1-mandatory,1,long_hpc_case_study,1,measurements/organized_a1_results/x86_server/a1_server_scaling_summary.csv,3,thread-scaling,128,128,3.0859866486320633,0.35028853599211107,0.3092839070013724
unknown,turbo4,turbo4,long,2048,tq,measurements/1254633-track-a1-server-sweep-x86,0.0,128,8430908.0,/projects/F202500010HPCVLABUMINHO/uminhocp006/aded-project-llamacpp/llamacpp-tq/models/Meta-Llama-3.1-8B-Instruct-Q4_K_M.gguf,model-1-mandatory,1,long_memory_bound_reasoning,1,measurements/organized_a1_results/x86_server/a1_server_scaling_summary.csv,3,thread-scaling,128,128,2.6512755242207,0.36984438166669154,1.4661856673337752
unknown,turbo4,turbo4,long,2048,tq,measurements/1254633-track-a1-server-sweep-x86,0.0,128,8430908.0,/projects/F202500010HPCVLABUMINHO/uminhocp006/aded-project-llamacpp/llamacpp-tq/models/Meta-Llama-3.1-8B-Instruct-Q4_K_M.gguf,model-1-mandatory,1,mandatory_long_transformer_cpu,1,measurements/organized_a1_results/x86_server/a1_server_scaling_summary.csv,3,thread-scaling,128,128,3.300515174200557,0.29223670118374245,1.7539772959959616
unknown,turbo4,turbo4,medium,2048,tq,measurements/1254633-track-a1-server-sweep-x86,0.0,128,8430908.0,/projects/F202500010HPCVLABUMINHO/uminhocp006/aded-project-llamacpp/llamacpp-tq/models/Meta-Llama-3.1-8B-Instruct-Q4_K_M.gguf,model-1-mandatory,1,mandatory_medium_ml_vs_dl,1,measurements/organized_a1_results/x86_server/a1_server_scaling_summary.csv,3,thread-scaling,128,128,4.150324236018918,0.24211237798168403,0.1340393956634216
unknown,turbo4,turbo4,medium,2048,tq,measurements/1254633-track-a1-server-sweep-x86,0.0,128,8430908.0,/projects/F202500010HPCVLABUMINHO/uminhocp006/aded-project-llamacpp/llamacpp-tq/models/Meta-Llama-3.1-8B-Instruct-Q4_K_M.gguf,model-1-mandatory,1,medium_cpu_inference_pipeline,1,measurements/organized_a1_results/x86_server/a1_server_scaling_summary.csv,3,thread-scaling,128,128,2.612083262490422,0.42328212175326085,0.1380431259991989
unknown,turbo4,turbo4,medium,2048,tq,measurements/1254633-track-a1-server-sweep-x86,0.0,128,8430908.0,/projects/F202500010HPCVLABUMINHO/uminhocp006/aded-project-llamacpp/llamacpp-tq/models/Meta-Llama-3.1-8B-Instruct-Q4_K_M.gguf,model-1-mandatory,1,medium_quant_tradeoff,1,measurements/organized_a1_results/x86_server/a1_server_scaling_summary.csv,3,thread-scaling,128,128,3.4318404691019064,0.29864532979790537,0.1451281203335384
unknown,turbo4,turbo4,short,2048,tq,measurements/1254633-track-a1-server-sweep-x86,0.0,128,8430908.0,/projects/F202500010HPCVLABUMINHO/uminhocp006/aded-project-llamacpp/llamacpp-tq/models/Meta-Llama-3.1-8B-Instruct-Q4_K_M.gguf,model-1-mandatory,1,mandatory_short_capital_france,1,measurements/organized_a1_results/x86_server/a1_server_scaling_summary.csv,3,thread-scaling,128,128,0.761420553658915,0.6284629381665986,4.501918876999601
unknown,turbo4,turbo4,short,2048,tq,measurements/1254633-track-a1-server-sweep-x86,0.0,128,8430908.0,/projects/F202500010HPCVLABUMINHO/uminhocp006/aded-project-llamacpp/llamacpp-tq/models/Meta-Llama-3.1-8B-Instruct-Q4_K_M.gguf,model-1-mandatory,1,short_cpu_quantisation,1,measurements/organized_a1_results/x86_server/a1_server_scaling_summary.csv,3,thread-scaling,128,128,2.4298007859438897,0.38743588081101177,3.738279360002101
unknown,turbo4,turbo4,short,2048,tq,measurements/1254633-track-a1-server-sweep-x86,0.0,128,8430908.0,/projects/F202500010HPCVLABUMINHO/uminhocp006/aded-project-llamacpp/llamacpp-tq/models/Meta-Llama-3.1-8B-Instruct-Q4_K_M.gguf,model-1-mandatory,1,short_threading_definition,1,measurements/organized_a1_results/x86_server/a1_server_scaling_summary.csv,3,thread-scaling,128,128,3.3337470918156797,0.31734485796061035,0.1480988149996847
unknown,turbo3,turbo3,long,2048,tq,measurements/1254633-track-a1-server-sweep-x86,1.0,128,8369300.0,/projects/F202500010HPCVLABUMINHO/uminhocp006/aded-project-llamacpp/llamacpp-tq/models/Meta-Llama-3.1-8B-Instruct-Q4_K_M.gguf,model-1-mandatory,1,long_hpc_case_study,1,measurements/organized_a1_results/x86_server/a1_server_scaling_summary.csv,3,thread-scaling,16,16,9.391215363211593,0.10642570687679138,0.11357146866309147
unknown,turbo3,turbo3,long,2048,tq,measurements/1254633-track-a1-server-sweep-x86,1.0,128,8369300.0,/projects/F202500010HPCVLABUMINHO/uminhocp006/aded-project-llamacpp/llamacpp-tq/models/Meta-Llama-3.1-8B-Instruct-Q4_K_M.gguf,model-1-mandatory,1,long_memory_bound_reasoning,1,measurements/organized_a1_results/x86_server/a1_server_scaling_summary.csv,3,thread-scaling,16,16,9.666878958034703,0.10338436791323752,0.1111194253123055
unknown,turbo3,turbo3,long,2048,tq,measurements/1254633-track-a1-server-sweep-x86,1.0,128,8369300.0,/projects/F202500010HPCVLABUMINHO/uminhocp006/aded-project-llamacpp/llamacpp-tq/models/Meta-Llama-3.1-8B-Instruct-Q4_K_M.gguf,model-1-mandatory,1,mandatory_long_transformer_cpu,1,measurements/organized_a1_results/x86_server/a1_server_scaling_summary.csv,3,thread-scaling,16,16,10.202710505462171,0.09796849934364672,0.10353649104945362
unknown,turbo3,turbo3,medium,2048,tq,measurements/1254633-track-a1-server-sweep-x86,1.0,128,8369300.0,/projects/F202500010HPCVLABUMINHO/uminhocp006/aded-project-llamacpp/llamacpp-tq/models/Meta-Llama-3.1-8B-Instruct-Q4_K_M.gguf,model-1-mandatory,1,mandatory_medium_ml_vs_dl,1,measurements/organized_a1_results/x86_server/a1_server_scaling_summary.csv,3,thread-scaling,16,16,10.897860635584237,0.09172822156703477,0.09563662363992383
unknown,turbo3,turbo3,medium,2048,tq,measurements/1254633-track-a1-server-sweep-x86,1.0,128,8369300.0,/projects/F202500010HPCVLABUMINHO/uminhocp006/aded-project-llamacpp/llamacpp-tq/models/Meta-Llama-3.1-8B-Instruct-Q4_K_M.gguf,model-1-mandatory,1,medium_cpu_inference_pipeline,1,measurements/organized_a1_results/x86_server/a1_server_scaling_summary.csv,3,thread-scaling,16,16,10.531523357576043,0.09491337468545748,0.09974981266229103
unknown,turbo3,turbo3,medium,2048,tq,measurements/1254633-track-a1-server-sweep-x86,1.0,128,8369300.0,/projects/F202500010HPCVLABUMINHO/uminhocp006/aded-project-llamacpp/llamacpp-tq/models/Meta-Llama-3.1-8B-Instruct-Q4_K_M.gguf,model-1-mandatory,1,medium_quant_tradeoff,1,measurements/organized_a1_results/x86_server/a1_server_scaling_summary.csv,3,thread-scaling,16,16,10.61147856794551,0.09419915213932838,0.09891715335349242
unknown,turbo3,turbo3,short,2048,tq,measurements/1254633-track-a1-server-sweep-x86,1.0,128,8369300.0,/projects/F202500010HPCVLABUMINHO/uminhocp006/aded-project-llamacpp/llamacpp-tq/models/Meta-Llama-3.1-8B-Instruct-Q4_K_M.gguf,model-1-mandatory,1,mandatory_short_capital_france,1,measurements/organized_a1_results/x86_server/a1_server_scaling_summary.csv,3,thread-scaling,16,16,8.027070686421222,0.0877329853311595,0.2577394172937299
unknown,turbo3,turbo3,short,2048,tq,measurements/1254633-track-a1-server-sweep-x86,1.0,128,8369300.0,/projects/F202500010HPCVLABUMINHO/uminhocp006/aded-project-llamacpp/llamacpp-tq/models/Meta-Llama-3.1-8B-Instruct-Q4_K_M.gguf,model-1-mandatory,1,short_cpu_quantisation,1,measurements/organized_a1_results/x86_server/a1_server_scaling_summary.csv,3,thread-scaling,16,16,10.33787865246384,0.09252456390284236,0.6310149273679903
unknown,turbo3,turbo3,short,2048,tq,measurements/1254633-track-a1-server-sweep-x86,1.0,128,8369300.0,/projects/F202500010HPCVLABUMINHO/uminhocp006/aded-project-llamacpp/llamacpp-tq/models/Meta-Llama-3.1-8B-Instruct-Q4_K_M.gguf,model-1-mandatory,1,short_threading_definition,1,measurements/organized_a1_results/x86_server/a1_server_scaling_summary.csv,3,thread-scaling,16,16,10.865616292141674,0.09200327179004779,0.0957471519941464
unknown,turbo4,turbo4,long,2048,tq,measurements/1254633-track-a1-server-sweep-x86,1.0,128,8417956.0,/projects/F202500010HPCVLABUMINHO/uminhocp006/aded-project-llamacpp/llamacpp-tq/models/Meta-Llama-3.1-8B-Instruct-Q4_K_M.gguf,model-1-mandatory,1,long_hpc_case_study,1,measurements/organized_a1_results/x86_server/a1_server_scaling_summary.csv,3,thread-scaling,16,16,9.399583721538031,0.10631764001577232,0.11557271266550136
unknown,turbo4,turbo4,long,2048,tq,measurements/1254633-track-a1-server-sweep-x86,1.0,128,8417956.0,/projects/F202500010HPCVLABUMINHO/uminhocp006/aded-project-llamacpp/llamacpp-tq/models/Meta-Llama-3.1-8B-Instruct-Q4_K_M.gguf,model-1-mandatory,1,long_memory_bound_reasoning,1,measurements/organized_a1_results/x86_server/a1_server_scaling_summary.csv,3,thread-scaling,16,16,9.579296857127485,0.10433826924143103,0.11321030333056115
unknown,turbo4,turbo4,long,2048,tq,measurements/1254633-track-a1-server-sweep-x86,1.0,128,8417956.0,/projects/F202500010HPCVLABUMINHO/uminhocp006/aded-project-llamacpp/llamacpp-tq/models/Meta-Llama-3.1-8B-Instruct-Q4_K_M.gguf,model-1-mandatory,1,mandatory_long_transformer_cpu,1,measurements/organized_a1_results/x86_server/a1_server_scaling_summary.csv,3,thread-scaling,16,16,10.152309044602944,0.09844922971918756,0.10509536866447888
unknown,turbo4,turbo4,medium,2048,tq,measurements/1254633-track-a1-server-sweep-x86,1.0,128,8417956.0,/projects/F202500010HPCVLABUMINHO/uminhocp006/aded-project-llamacpp/llamacpp-tq/models/Meta-Llama-3.1-8B-Instruct-Q4_K_M.gguf,model-1-mandatory,1,mandatory_medium_ml_vs_dl,1,measurements/organized_a1_results/x86_server/a1_server_scaling_summary.csv,3,thread-scaling,16,16,10.928908657052016,0.09147023582677333,0.09550090933529039
unknown,turbo4,turbo4,medium,2048,tq,measurements/1254633-track-a1-server-sweep-x86,1.0,128,8417956.0,/projects/F202500010HPCVLABUMINHO/uminhocp006/aded-project-llamacpp/llamacpp-tq/models/Meta-Llama-3.1-8B-Instruct-Q4_K_M.gguf,model-1-mandatory,1,medium_cpu_inference_pipeline,1,measurements/organized_a1_results/x86_server/a1_server_scaling_summary.csv,3,thread-scaling,16,16,10.559347189643498,0.09466843456173502,0.09904866867388289
unknown,turbo4,turbo4,medium,2048,tq,measurements/1254633-track-a1-server-sweep-x86,1.0,128,8417956.0,/projects/F202500010HPCVLABUMINHO/uminhocp006/aded-project-llamacpp/llamacpp-tq/models/Meta-Llama-3.1-8B-Instruct-Q4_K_M.gguf,model-1-mandatory,1,medium_quant_tradeoff,1,measurements/organized_a1_results/x86_server/a1_server_scaling_summary.csv,3,thread-scaling,16,16,10.61065763026006,0.09421306015216878,0.09854760000598617
unknown,turbo4,turbo4,short,2048,tq,measurements/1254633-track-a1-server-sweep-x86,1.0,128,8417956.0,/projects/F202500010HPCVLABUMINHO/uminhocp006/aded-project-llamacpp/llamacpp-tq/models/Meta-Llama-3.1-8B-Instruct-Q4_K_M.gguf,model-1-mandatory,1,mandatory_short_capital_france,1,measurements/organized_a1_results/x86_server/a1_server_scaling_summary.csv,3,thread-scaling,16,16,8.057776284662129,0.087717449501118,0.2545906793384347
unknown,turbo4,turbo4,short,2048,tq,measurements/1254633-track-a1-server-sweep-x86,1.0,128,8417956.0,/projects/F202500010HPCVLABUMINHO/uminhocp006/aded-project-llamacpp/llamacpp-tq/models/Meta-Llama-3.1-8B-Instruct-Q4_K_M.gguf,model-1-mandatory,1,short_cpu_quantisation,1,measurements/organized_a1_results/x86_server/a1_server_scaling_summary.csv,3,thread-scaling,16,16,10.33335937960806,0.09268844591864944,0.6157696673374934
unknown,turbo4,turbo4,short,2048,tq,measurements/1254633-track-a1-server-sweep-x86,1.0,128,8417956.0,/projects/F202500010HPCVLABUMINHO/uminhocp006/aded-project-llamacpp/llamacpp-tq/models/Meta-Llama-3.1-8B-Instruct-Q4_K_M.gguf,model-1-mandatory,1,short_threading_definition,1,measurements/organized_a1_results/x86_server/a1_server_scaling_summary.csv,3,thread-scaling,16,16,10.883708308422014,0.09185017597120013,0.09575105233428378
unknown,turbo3,turbo3,long,2048,tq,measurements/1254633-track-a1-server-sweep-x86,1.0,128,8376764.0,/projects/F202500010HPCVLABUMINHO/uminhocp006/aded-project-llamacpp/llamacpp-tq/models/Meta-Llama-3.1-8B-Instruct-Q4_K_M.gguf,model-1-mandatory,1,long_hpc_case_study,1,measurements/organized_a1_results/x86_server/a1_server_scaling_summary.csv,3,thread-scaling,24,24,7.1203739106404,0.14049240947778036,0.1490551903261803
unknown,turbo3,turbo3,long,2048,tq,measurements/1254633-track-a1-server-sweep-x86,1.0,128,8376764.0,/projects/F202500010HPCVLABUMINHO/uminhocp006/aded-project-llamacpp/llamacpp-tq/models/Meta-Llama-3.1-8B-Instruct-Q4_K_M.gguf,model-1-mandatory,1,long_memory_bound_reasoning,1,measurements/organized_a1_results/x86_server/a1_server_scaling_summary.csv,3,thread-scaling,24,24,7.276904253343991,0.13740555821793285,0.14988143766337694
unknown,turbo3,turbo3,long,2048,tq,measurements/1254633-track-a1-server-sweep-x86,1.0,128,8376764.0,/projects/F202500010HPCVLABUMINHO/uminhocp006/aded-project-llamacpp/llamacpp-tq/models/Meta-Llama-3.1-8B-Instruct-Q4_K_M.gguf,model-1-mandatory,1,mandatory_long_transformer_cpu,1,measurements/organized_a1_results/x86_server/a1_server_scaling_summary.csv,3,thread-scaling,24,24,7.563633362751643,0.13229415830703858,0.137765368000449
unknown,turbo3,turbo3,medium,2048,tq,measurements/1254633-track-a1-server-sweep-x86,1.0,128,8376764.0,/projects/F202500010HPCVLABUMINHO/uminhocp006/aded-project-llamacpp/llamacpp-tq/models/Meta-Llama-3.1-8B-Instruct-Q4_K_M.gguf,model-1-mandatory,1,mandatory_medium_ml_vs_dl,1,measurements/organized_a1_results/x86_server/a1_server_scaling_summary.csv,3,thread-scaling,24,24,7.891981149951502,0.12677239776381813,0.12863900831628902
unknown,turbo3,turbo3,medium,2048,tq,measurements/1254633-track-a1-server-sweep-x86,1.0,128,8376764.0,/projects/F202500010HPCVLABUMINHO/uminhocp006/aded-project-llamacpp/llamacpp-tq/models/Meta-Llama-3.1-8B-Instruct-Q4_K_M.gguf,model-1-mandatory,1,medium_cpu_inference_pipeline,1,measurements/organized_a1_results/x86_server/a1_server_scaling_summary.csv,3,thread-scaling,24,24,7.724865968447517,0.12949091256169903,0.1340924903342966
unknown,turbo3,turbo3,medium,2048,tq,measurements/1254633-track-a1-server-sweep-x86,1.0,128,8376764.0,/projects/F202500010HPCVLABUMINHO/uminhocp006/aded-project-llamacpp/llamacpp-tq/models/Meta-Llama-3.1-8B-Instruct-Q4_K_M.gguf,model-1-mandatory,1,medium_quant_tradeoff,1,measurements/organized_a1_results/x86_server/a1_server_scaling_summary.csv,3,thread-scaling,24,24,7.742507045878256,0.12916498113397004,0.13489683265409744
unknown,turbo3,turbo3,short,2048,tq,measurements/1254633-track-a1-server-sweep-x86,1.0,128,8376764.0,/projects/F202500010HPCVLABUMINHO/uminhocp006/aded-project-llamacpp/llamacpp-tq/models/Meta-Llama-3.1-8B-Instruct-Q4_K_M.gguf,model-1-mandatory,1,mandatory_short_capital_france,1,measurements/organized_a1_results/x86_server/a1_server_scaling_summary.csv,3,thread-scaling,24,24,6.395084401810624,0.12329538205489775,0.23070229267856726
unknown,turbo3,turbo3,short,2048,tq,measurements/1254633-track-a1-server-sweep-x86,1.0,128,8376764.0,/projects/F202500010HPCVLABUMINHO/uminhocp006/aded-project-llamacpp/llamacpp-tq/models/Meta-Llama-3.1-8B-Instruct-Q4_K_M.gguf,model-1-mandatory,1,short_cpu_quantisation,1,measurements/organized_a1_results/x86_server/a1_server_scaling_summary.csv,3,thread-scaling,24,24,7.660437719240257,0.12736337341994886,0.5422111123334616
unknown,turbo3,turbo3,short,2048,tq,measurements/1254633-track-a1-server-sweep-x86,1.0,128,8376764.0,/projects/F202500010HPCVLABUMINHO/uminhocp006/aded-project-llamacpp/llamacpp-tq/models/Meta-Llama-3.1-8B-Instruct-Q4_K_M.gguf,model-1-mandatory,1,short_threading_definition,1,measurements/organized_a1_results/x86_server/a1_server_scaling_summary.csv,3,thread-scaling,24,24,7.901721551114045,0.12654823534391707,0.1341007093239265
unknown,turbo4,turbo4,long,2048,tq,measurements/1254633-track-a1-server-sweep-x86,1.0,128,8419460.0,/projects/F202500010HPCVLABUMINHO/uminhocp006/aded-project-llamacpp/llamacpp-tq/models/Meta-Llama-3.1-8B-Instruct-Q4_K_M.gguf,model-1-mandatory,1,long_hpc_case_study,1,measurements/organized_a1_results/x86_server/a1_server_scaling_summary.csv,3,thread-scaling,24,24,6.676119932222827,0.14979835920727302,0.15949848867603578
unknown,turbo4,turbo4,long,2048,tq,measurements/1254633-track-a1-server-sweep-x86,1.0,128,8419460.0,/projects/F202500010HPCVLABUMINHO/uminhocp006/aded-project-llamacpp/llamacpp-tq/models/Meta-Llama-3.1-8B-Instruct-Q4_K_M.gguf,model-1-mandatory,1,long_memory_bound_reasoning,1,measurements/organized_a1_results/x86_server/a1_server_scaling_summary.csv,3,thread-scaling,24,24,6.830382937808561,0.1463695743675478,0.1561459513322916
unknown,turbo4,turbo4,long,2048,tq,measurements/1254633-track-a1-server-sweep-x86,1.0,128,8419460.0,/projects/F202500010HPCVLABUMINHO/uminhocp006/aded-project-llamacpp/llamacpp-tq/models/Meta-Llama-3.1-8B-Instruct-Q4_K_M.gguf,model-1-mandatory,1,mandatory_long_transformer_cpu,1,measurements/organized_a1_results/x86_server/a1_server_scaling_summary.csv,3,thread-scaling,24,24,6.984846832656056,0.14322894281627344,0.1500229630037211
unknown,turbo4,turbo4,medium,2048,tq,measurements/1254633-track-a1-server-sweep-x86,1.0,128,8419460.0,/projects/F202500010HPCVLABUMINHO/uminhocp006/aded-project-llamacpp/llamacpp-tq/models/Meta-Llama-3.1-8B-Instruct-Q4_K_M.gguf,model-1-mandatory,1,mandatory_medium_ml_vs_dl,1,measurements/organized_a1_results/x86_server/a1_server_scaling_summary.csv,3,thread-scaling,24,24,7.2577018234796205,0.1378134047375592,0.14325994832324795
unknown,turbo4,turbo4,medium,2048,tq,measurements/1254633-track-a1-server-sweep-x86,1.0,128,8419460.0,/projects/F202500010HPCVLABUMINHO/uminhocp006/aded-project-llamacpp/llamacpp-tq/models/Meta-Llama-3.1-8B-Instruct-Q4_K_M.gguf,model-1-mandatory,1,medium_cpu_inference_pipeline,1,measurements/organized_a1_results/x86_server/a1_server_scaling_summary.csv,3,thread-scaling,24,24,7.133580959173813,0.1402028557558616,0.14580693867173977
unknown,turbo4,turbo4,medium,2048,tq,measurements/1254633-track-a1-server-sweep-x86,1.0,128,8419460.0,/projects/F202500010HPCVLABUMINHO/uminhocp006/aded-project-llamacpp/llamacpp-tq/models/Meta-Llama-3.1-8B-Instruct-Q4_K_M.gguf,model-1-mandatory,1,medium_quant_tradeoff,1,measurements/organized_a1_results/x86_server/a1_server_scaling_summary.csv,3,thread-scaling,24,24,7.1862250198308315,0.13918704150386368,0.14529760434137037
unknown,turbo4,turbo4,short,2048,tq,measurements/1254633-track-a1-server-sweep-x86,1.0,128,8419460.0,/projects/F202500010HPCVLABUMINHO/uminhocp006/aded-project-llamacpp/llamacpp-tq/models/Meta-Llama-3.1-8B-Instruct-Q4_K_M.gguf,model-1-mandatory,1,mandatory_short_capital_france,1,measurements/organized_a1_results/x86_server/a1_server_scaling_summary.csv,3,thread-scaling,24,24,5.912111283127787,0.1353288387763314,0.23774765600683168
unknown,turbo4,turbo4,short,2048,tq,measurements/1254633-track-a1-server-sweep-x86,1.0,128,8419460.0,/projects/F202500010HPCVLABUMINHO/uminhocp006/aded-project-llamacpp/llamacpp-tq/models/Meta-Llama-3.1-8B-Instruct-Q4_K_M.gguf,model-1-mandatory,1,short_cpu_quantisation,1,measurements/organized_a1_results/x86_server/a1_server_scaling_summary.csv,3,thread-scaling,24,24,7.019553806619239,0.13938605428607329,0.5424037393337736
unknown,turbo4,turbo4,short,2048,tq,measurements/1254633-track-a1-server-sweep-x86,1.0,128,8419460.0,/projects/F202500010HPCVLABUMINHO/uminhocp006/aded-project-llamacpp/llamacpp-tq/models/Meta-Llama-3.1-8B-Instruct-Q4_K_M.gguf,model-1-mandatory,1,short_threading_definition,1,measurements/organized_a1_results/x86_server/a1_server_scaling_summary.csv,3,thread-scaling,24,24,7.220536180380583,0.1385349499816723,0.1424863796661763
unknown,turbo3,turbo3,long,2048,tq,measurements/1254633-track-a1-server-sweep-x86,1.0,128,8372380.0,/projects/F202500010HPCVLABUMINHO/uminhocp006/aded-project-llamacpp/llamacpp-tq/models/Meta-Llama-3.1-8B-Instruct-Q4_K_M.gguf,model-1-mandatory,1,long_hpc_case_study,1,measurements/organized_a1_results/x86_server/a1_server_scaling_summary.csv,3,thread-scaling,32,32,6.263515127070717,0.1596225899291436,0.1687825196616662
unknown,turbo3,turbo3,long,2048,tq,measurements/1254633-track-a1-server-sweep-x86,1.0,128,8372380.0,/projects/F202500010HPCVLABUMINHO/uminhocp006/aded-project-llamacpp/llamacpp-tq/models/Meta-Llama-3.1-8B-Instruct-Q4_K_M.gguf,model-1-mandatory,1,long_memory_bound_reasoning,1,measurements/organized_a1_results/x86_server/a1_server_scaling_summary.csv,3,thread-scaling,32,32,6.413198413836814,0.1559137635145659,0.16582608265647045
unknown,turbo3,turbo3,long,2048,tq,measurements/1254633-track-a1-server-sweep-x86,1.0,128,8372380.0,/projects/F202500010HPCVLABUMINHO/uminhocp006/aded-project-llamacpp/llamacpp-tq/models/Meta-Llama-3.1-8B-Instruct-Q4_K_M.gguf,model-1-mandatory,1,mandatory_long_transformer_cpu,1,measurements/organized_a1_results/x86_server/a1_server_scaling_summary.csv,3,thread-scaling,32,32,6.464806079169173,0.15461611550653004,0.16307209134295894
unknown,turbo3,turbo3,medium,2048,tq,measurements/1254633-track-a1-server-sweep-x86,1.0,128,8372380.0,/projects/F202500010HPCVLABUMINHO/uminhocp006/aded-project-llamacpp/llamacpp-tq/models/Meta-Llama-3.1-8B-Instruct-Q4_K_M.gguf,model-1-mandatory,1,mandatory_medium_ml_vs_dl,1,measurements/organized_a1_results/x86_server/a1_server_scaling_summary.csv,3,thread-scaling,32,32,6.591991581666852,0.15169570772712157,0.15470139465954466
unknown,turbo3,turbo3,medium,2048,tq,measurements/1254633-track-a1-server-sweep-x86,1.0,128,8372380.0,/projects/F202500010HPCVLABUMINHO/uminhocp006/aded-project-llamacpp/llamacpp-tq/models/Meta-Llama-3.1-8B-Instruct-Q4_K_M.gguf,model-1-mandatory,1,medium_cpu_inference_pipeline,1,measurements/organized_a1_results/x86_server/a1_server_scaling_summary.csv,3,thread-scaling,32,32,6.420298531940806,0.15576414902365443,0.15872596566138478
unknown,turbo3,turbo3,medium,2048,tq,measurements/1254633-track-a1-server-sweep-x86,1.0,128,8372380.0,/projects/F202500010HPCVLABUMINHO/uminhocp006/aded-project-llamacpp/llamacpp-tq/models/Meta-Llama-3.1-8B-Instruct-Q4_K_M.gguf,model-1-mandatory,1,medium_quant_tradeoff,1,measurements/organized_a1_results/x86_server/a1_server_scaling_summary.csv,3,thread-scaling,32,32,6.518041187376001,0.15334523918898227,0.166724236002968
unknown,turbo3,turbo3,short,2048,tq,measurements/1254633-track-a1-server-sweep-x86,1.0,128,8372380.0,/projects/F202500010HPCVLABUMINHO/uminhocp006/aded-project-llamacpp/llamacpp-tq/models/Meta-Llama-3.1-8B-Instruct-Q4_K_M.gguf,model-1-mandatory,1,mandatory_short_capital_france,1,measurements/organized_a1_results/x86_server/a1_server_scaling_summary.csv,3,thread-scaling,32,32,5.5838361835456825,0.144930653666961,0.23901204300151827
unknown,turbo3,turbo3,short,2048,tq,measurements/1254633-track-a1-server-sweep-x86,1.0,128,8372380.0,/projects/F202500010HPCVLABUMINHO/uminhocp006/aded-project-llamacpp/llamacpp-tq/models/Meta-Llama-3.1-8B-Instruct-Q4_K_M.gguf,model-1-mandatory,1,short_cpu_quantisation,1,measurements/organized_a1_results/x86_server/a1_server_scaling_summary.csv,3,thread-scaling,32,32,6.490716129763028,0.15118624144617232,0.5261358743494687
unknown,turbo3,turbo3,short,2048,tq,measurements/1254633-track-a1-server-sweep-x86,1.0,128,8372380.0,/projects/F202500010HPCVLABUMINHO/uminhocp006/aded-project-llamacpp/llamacpp-tq/models/Meta-Llama-3.1-8B-Instruct-Q4_K_M.gguf,model-1-mandatory,1,short_threading_definition,1,measurements/organized_a1_results/x86_server/a1_server_scaling_summary.csv,3,thread-scaling,32,32,6.593386905373252,0.15161256227293052,0.1601816283267302
unknown,turbo4,turbo4,long,2048,tq,measurements/1254633-track-a1-server-sweep-x86,1.0,128,8429388.0,/projects/F202500010HPCVLABUMINHO/uminhocp006/aded-project-llamacpp/llamacpp-tq/models/Meta-Llama-3.1-8B-Instruct-Q4_K_M.gguf,model-1-mandatory,1,long_hpc_case_study,1,measurements/organized_a1_results/x86_server/a1_server_scaling_summary.csv,3,thread-scaling,32,32,7.0074553648880995,0.14273251892649416,0.15335962766160569
unknown,turbo4,turbo4,long,2048,tq,measurements/1254633-track-a1-server-sweep-x86,1.0,128,8429388.0,/projects/F202500010HPCVLABUMINHO/uminhocp006/aded-project-llamacpp/llamacpp-tq/models/Meta-Llama-3.1-8B-Instruct-Q4_K_M.gguf,model-1-mandatory,1,long_memory_bound_reasoning,1,measurements/organized_a1_results/x86_server/a1_server_scaling_summary.csv,3,thread-scaling,32,32,7.089206445928155,0.14114414714700743,0.14717912699658578
unknown,turbo4,turbo4,long,2048,tq,measurements/1254633-track-a1-server-sweep-x86,1.0,128,8429388.0,/projects/F202500010HPCVLABUMINHO/uminhocp006/aded-project-llamacpp/llamacpp-tq/models/Meta-Llama-3.1-8B-Instruct-Q4_K_M.gguf,model-1-mandatory,1,mandatory_long_transformer_cpu,1,measurements/organized_a1_results/x86_server/a1_server_scaling_summary.csv,3,thread-scaling,32,32,7.283782088770197,0.137384629170641,0.14375586299865972
unknown,turbo4,turbo4,medium,2048,tq,measurements/1254633-track-a1-server-sweep-x86,1.0,128,8429388.0,/projects/F202500010HPCVLABUMINHO/uminhocp006/aded-project-llamacpp/llamacpp-tq/models/Meta-Llama-3.1-8B-Instruct-Q4_K_M.gguf,model-1-mandatory,1,mandatory_medium_ml_vs_dl,1,measurements/organized_a1_results/x86_server/a1_server_scaling_summary.csv,3,thread-scaling,32,32,7.5068625344194295,0.13323619385035873,0.13321081566876578
unknown,turbo4,turbo4,medium,2048,tq,measurements/1254633-track-a1-server-sweep-x86,1.0,128,8429388.0,/projects/F202500010HPCVLABUMINHO/uminhocp006/aded-project-llamacpp/llamacpp-tq/models/Meta-Llama-3.1-8B-Instruct-Q4_K_M.gguf,model-1-mandatory,1,medium_cpu_inference_pipeline,1,measurements/organized_a1_results/x86_server/a1_server_scaling_summary.csv,3,thread-scaling,32,32,7.401938051083146,0.13505803909450048,0.1478785043291282
unknown,turbo4,turbo4,medium,2048,tq,measurements/1254633-track-a1-server-sweep-x86,1.0,128,8429388.0,/projects/F202500010HPCVLABUMINHO/uminhocp006/aded-project-llamacpp/llamacpp-tq/models/Meta-Llama-3.1-8B-Instruct-Q4_K_M.gguf,model-1-mandatory,1,medium_quant_tradeoff,1,measurements/organized_a1_results/x86_server/a1_server_scaling_summary.csv,3,thread-scaling,32,32,7.45023923051776,0.13420722820212316,0.14073777800270668
unknown,turbo4,turbo4,short,2048,tq,measurements/1254633-track-a1-server-sweep-x86,1.0,128,8429388.0,/projects/F202500010HPCVLABUMINHO/uminhocp006/aded-project-llamacpp/llamacpp-tq/models/Meta-Llama-3.1-8B-Instruct-Q4_K_M.gguf,model-1-mandatory,1,mandatory_short_capital_france,1,measurements/organized_a1_results/x86_server/a1_server_scaling_summary.csv,3,thread-scaling,32,32,6.7147105358871535,0.12220014488896898,0.1826102296715059
unknown,turbo4,turbo4,short,2048,tq,measurements/1254633-track-a1-server-sweep-x86,1.0,128,8429388.0,/projects/F202500010HPCVLABUMINHO/uminhocp006/aded-project-llamacpp/llamacpp-tq/models/Meta-Llama-3.1-8B-Instruct-Q4_K_M.gguf,model-1-mandatory,1,short_cpu_quantisation,1,measurements/organized_a1_results/x86_server/a1_server_scaling_summary.csv,3,thread-scaling,32,32,7.448678279206835,0.1319697948425609,0.4255612853303319
unknown,turbo4,turbo4,short,2048,tq,measurements/1254633-track-a1-server-sweep-x86,1.0,128,8429388.0,/projects/F202500010HPCVLABUMINHO/uminhocp006/aded-project-llamacpp/llamacpp-tq/models/Meta-Llama-3.1-8B-Instruct-Q4_K_M.gguf,model-1-mandatory,1,short_threading_definition,1,measurements/organized_a1_results/x86_server/a1_server_scaling_summary.csv,3,thread-scaling,32,32,7.716222992424575,0.12953788598425248,0.13754976167304753
unknown,turbo3,turbo3,long,2048,tq,measurements/1254633-track-a1-server-sweep-x86,1.0,128,8379604.0,/projects/F202500010HPCVLABUMINHO/uminhocp006/aded-project-llamacpp/llamacpp-tq/models/Meta-Llama-3.1-8B-Instruct-Q4_K_M.gguf,model-1-mandatory,1,long_hpc_case_study,1,measurements/organized_a1_results/x86_server/a1_server_scaling_summary.csv,3,thread-scaling,48,48,8.348993312382937,0.11975086965595721,0.1317078270173321
unknown,turbo3,turbo3,long,2048,tq,measurements/1254633-track-a1-server-sweep-x86,1.0,128,8379604.0,/projects/F202500010HPCVLABUMINHO/uminhocp006/aded-project-llamacpp/llamacpp-tq/models/Meta-Llama-3.1-8B-Instruct-Q4_K_M.gguf,model-1-mandatory,1,long_memory_bound_reasoning,1,measurements/organized_a1_results/x86_server/a1_server_scaling_summary.csv,3,thread-scaling,48,48,8.450853302755151,0.11834308198681273,0.12979098533590636
unknown,turbo3,turbo3,long,2048,tq,measurements/1254633-track-a1-server-sweep-x86,1.0,128,8379604.0,/projects/F202500010HPCVLABUMINHO/uminhocp006/aded-project-llamacpp/llamacpp-tq/models/Meta-Llama-3.1-8B-Instruct-Q4_K_M.gguf,model-1-mandatory,1,mandatory_long_transformer_cpu,1,measurements/organized_a1_results/x86_server/a1_server_scaling_summary.csv,3,thread-scaling,48,48,8.065078926217378,0.1244559607348158,0.1360733509839823
unknown,turbo3,turbo3,medium,2048,tq,measurements/1254633-track-a1-server-sweep-x86,1.0,128,8379604.0,/projects/F202500010HPCVLABUMINHO/uminhocp006/aded-project-llamacpp/llamacpp-tq/models/Meta-Llama-3.1-8B-Instruct-Q4_K_M.gguf,model-1-mandatory,1,mandatory_medium_ml_vs_dl,1,measurements/organized_a1_results/x86_server/a1_server_scaling_summary.csv,3,thread-scaling,48,48,8.50744872430585,0.117505646186387,0.1245112830074504
unknown,turbo3,turbo3,medium,2048,tq,measurements/1254633-track-a1-server-sweep-x86,1.0,128,8379604.0,/projects/F202500010HPCVLABUMINHO/uminhocp006/aded-project-llamacpp/llamacpp-tq/models/Meta-Llama-3.1-8B-Instruct-Q4_K_M.gguf,model-1-mandatory,1,medium_cpu_inference_pipeline,1,measurements/organized_a1_results/x86_server/a1_server_scaling_summary.csv,3,thread-scaling,48,48,8.519912340143543,0.11736756670588183,0.12394279268725465
unknown,turbo3,turbo3,medium,2048,tq,measurements/1254633-track-a1-server-sweep-x86,1.0,128,8379604.0,/projects/F202500010HPCVLABUMINHO/uminhocp006/aded-project-llamacpp/llamacpp-tq/models/Meta-Llama-3.1-8B-Instruct-Q4_K_M.gguf,model-1-mandatory,1,medium_quant_tradeoff,1,measurements/organized_a1_results/x86_server/a1_server_scaling_summary.csv,3,thread-scaling,48,48,8.440920530513624,0.11852576621267896,0.12030577830349405
unknown,turbo3,turbo3,short,2048,tq,measurements/1254633-track-a1-server-sweep-x86,1.0,128,8379604.0,/projects/F202500010HPCVLABUMINHO/uminhocp006/aded-project-llamacpp/llamacpp-tq/models/Meta-Llama-3.1-8B-Instruct-Q4_K_M.gguf,model-1-mandatory,1,mandatory_short_capital_france,1,measurements/organized_a1_results/x86_server/a1_server_scaling_summary.csv,3,thread-scaling,48,48,7.434146399013492,0.1110061685515878,0.16234661964699626
unknown,turbo3,turbo3,short,2048,tq,measurements/1254633-track-a1-server-sweep-x86,1.0,128,8379604.0,/projects/F202500010HPCVLABUMINHO/uminhocp006/aded-project-llamacpp/llamacpp-tq/models/Meta-Llama-3.1-8B-Instruct-Q4_K_M.gguf,model-1-mandatory,1,short_cpu_quantisation,1,measurements/organized_a1_results/x86_server/a1_server_scaling_summary.csv,3,thread-scaling,48,48,8.460798038310294,0.11639992662447596,0.3497002323468526
unknown,turbo3,turbo3,short,2048,tq,measurements/1254633-track-a1-server-sweep-x86,1.0,128,8379604.0,/projects/F202500010HPCVLABUMINHO/uminhocp006/aded-project-llamacpp/llamacpp-tq/models/Meta-Llama-3.1-8B-Instruct-Q4_K_M.gguf,model-1-mandatory,1,short_threading_definition,1,measurements/organized_a1_results/x86_server/a1_server_scaling_summary.csv,3,thread-scaling,48,48,8.541018922851327,0.11705754150659715,0.1223140883569916
unknown,turbo4,turbo4,long,2048,tq,measurements/1254633-track-a1-server-sweep-x86,1.0,128,8421324.0,/projects/F202500010HPCVLABUMINHO/uminhocp006/aded-project-llamacpp/llamacpp-tq/models/Meta-Llama-3.1-8B-Instruct-Q4_K_M.gguf,model-1-mandatory,1,long_hpc_case_study,1,measurements/organized_a1_results/x86_server/a1_server_scaling_summary.csv,3,thread-scaling,48,48,6.992523713410403,0.14296378796848988,0.15029702533502132
unknown,turbo4,turbo4,long,2048,tq,measurements/1254633-track-a1-server-sweep-x86,1.0,128,8421324.0,/projects/F202500010HPCVLABUMINHO/uminhocp006/aded-project-llamacpp/llamacpp-tq/models/Meta-Llama-3.1-8B-Instruct-Q4_K_M.gguf,model-1-mandatory,1,long_memory_bound_reasoning,1,measurements/organized_a1_results/x86_server/a1_server_scaling_summary.csv,3,thread-scaling,48,48,7.098247186516101,0.14079934023093038,0.15591242300191274
unknown,turbo4,turbo4,long,2048,tq,measurements/1254633-track-a1-server-sweep-x86,1.0,128,8421324.0,/projects/F202500010HPCVLABUMINHO/uminhocp006/aded-project-llamacpp/llamacpp-tq/models/Meta-Llama-3.1-8B-Instruct-Q4_K_M.gguf,model-1-mandatory,1,mandatory_long_transformer_cpu,1,measurements/organized_a1_results/x86_server/a1_server_scaling_summary.csv,3,thread-scaling,48,48,7.180867903332675,0.13922106959319885,0.14555760732037015
unknown,turbo4,turbo4,medium,2048,tq,measurements/1254633-track-a1-server-sweep-x86,1.0,128,8421324.0,/projects/F202500010HPCVLABUMINHO/uminhocp006/aded-project-llamacpp/llamacpp-tq/models/Meta-Llama-3.1-8B-Instruct-Q4_K_M.gguf,model-1-mandatory,1,mandatory_medium_ml_vs_dl,1,measurements/organized_a1_results/x86_server/a1_server_scaling_summary.csv,3,thread-scaling,48,48,7.42416666821825,0.13463229368507418,0.14392899299855344
unknown,turbo4,turbo4,medium,2048,tq,measurements/1254633-track-a1-server-sweep-x86,1.0,128,8421324.0,/projects/F202500010HPCVLABUMINHO/uminhocp006/aded-project-llamacpp/llamacpp-tq/models/Meta-Llama-3.1-8B-Instruct-Q4_K_M.gguf,model-1-mandatory,1,medium_cpu_inference_pipeline,1,measurements/organized_a1_results/x86_server/a1_server_scaling_summary.csv,3,thread-scaling,48,48,7.2977384096932205,0.13698198583989657,0.14304625400109217
unknown,turbo4,turbo4,medium,2048,tq,measurements/1254633-track-a1-server-sweep-x86,1.0,128,8421324.0,/projects/F202500010HPCVLABUMINHO/uminhocp006/aded-project-llamacpp/llamacpp-tq/models/Meta-Llama-3.1-8B-Instruct-Q4_K_M.gguf,model-1-mandatory,1,medium_quant_tradeoff,1,measurements/organized_a1_results/x86_server/a1_server_scaling_summary.csv,3,thread-scaling,48,48,7.231442170598656,0.13825070612330242,0.14268070534065677
unknown,turbo4,turbo4,short,2048,tq,measurements/1254633-track-a1-server-sweep-x86,1.0,128,8421324.0,/projects/F202500010HPCVLABUMINHO/uminhocp006/aded-project-llamacpp/llamacpp-tq/models/Meta-Llama-3.1-8B-Instruct-Q4_K_M.gguf,model-1-mandatory,1,mandatory_short_capital_france,1,measurements/organized_a1_results/x86_server/a1_server_scaling_summary.csv,3,thread-scaling,48,48,6.318934404190912,0.13065022761131534,0.193128752328145
unknown,turbo4,turbo4,short,2048,tq,measurements/1254633-track-a1-server-sweep-x86,1.0,128,8421324.0,/projects/F202500010HPCVLABUMINHO/uminhocp006/aded-project-llamacpp/llamacpp-tq/models/Meta-Llama-3.1-8B-Instruct-Q4_K_M.gguf,model-1-mandatory,1,short_cpu_quantisation,1,measurements/organized_a1_results/x86_server/a1_server_scaling_summary.csv,3,thread-scaling,48,48,7.308859169801857,0.13485303354584624,0.39148743301241967
unknown,turbo4,turbo4,short,2048,tq,measurements/1254633-track-a1-server-sweep-x86,1.0,128,8421324.0,/projects/F202500010HPCVLABUMINHO/uminhocp006/aded-project-llamacpp/llamacpp-tq/models/Meta-Llama-3.1-8B-Instruct-Q4_K_M.gguf,model-1-mandatory,1,short_threading_definition,1,measurements/organized_a1_results/x86_server/a1_server_scaling_summary.csv,3,thread-scaling,48,48,7.396632176865751,0.1351694812021326,0.14270188332496522
unknown,turbo3,turbo3,long,2048,tq,measurements/1254633-track-a1-server-sweep-x86,1.0,128,8378832.0,/projects/F202500010HPCVLABUMINHO/uminhocp006/aded-project-llamacpp/llamacpp-tq/models/Meta-Llama-3.1-8B-Instruct-Q4_K_M.gguf,model-1-mandatory,1,long_hpc_case_study,1,measurements/organized_a1_results/x86_server/a1_server_scaling_summary.csv,3,thread-scaling,64,64,8.108592146847528,0.12325812855912946,0.13476341200293973
unknown,turbo3,turbo3,long,2048,tq,measurements/1254633-track-a1-server-sweep-x86,1.0,128,8378832.0,/projects/F202500010HPCVLABUMINHO/uminhocp006/aded-project-llamacpp/llamacpp-tq/models/Meta-Llama-3.1-8B-Instruct-Q4_K_M.gguf,model-1-mandatory,1,long_memory_bound_reasoning,1,measurements/organized_a1_results/x86_server/a1_server_scaling_summary.csv,3,thread-scaling,64,64,8.215490857714672,0.12167357156421986,0.13136699534758614
unknown,turbo3,turbo3,long,2048,tq,measurements/1254633-track-a1-server-sweep-x86,1.0,128,8378832.0,/projects/F202500010HPCVLABUMINHO/uminhocp006/aded-project-llamacpp/llamacpp-tq/models/Meta-Llama-3.1-8B-Instruct-Q4_K_M.gguf,model-1-mandatory,1,mandatory_long_transformer_cpu,1,measurements/organized_a1_results/x86_server/a1_server_scaling_summary.csv,3,thread-scaling,64,64,8.357734876090227,0.11960322783459064,0.1280145856726449
unknown,turbo3,turbo3,medium,2048,tq,measurements/1254633-track-a1-server-sweep-x86,1.0,128,8378832.0,/projects/F202500010HPCVLABUMINHO/uminhocp006/aded-project-llamacpp/llamacpp-tq/models/Meta-Llama-3.1-8B-Instruct-Q4_K_M.gguf,model-1-mandatory,1,mandatory_medium_ml_vs_dl,1,measurements/organized_a1_results/x86_server/a1_server_scaling_summary.csv,3,thread-scaling,64,64,8.500223408984821,0.11762556488455513,0.12367423266793291
unknown,turbo3,turbo3,medium,2048,tq,measurements/1254633-track-a1-server-sweep-x86,1.0,128,8378832.0,/projects/F202500010HPCVLABUMINHO/uminhocp006/aded-project-llamacpp/llamacpp-tq/models/Meta-Llama-3.1-8B-Instruct-Q4_K_M.gguf,model-1-mandatory,1,medium_cpu_inference_pipeline,1,measurements/organized_a1_results/x86_server/a1_server_scaling_summary.csv,3,thread-scaling,64,64,8.450791651811825,0.11829230134652528,0.12749757766141556
unknown,turbo3,turbo3,medium,2048,tq,measurements/1254633-track-a1-server-sweep-x86,1.0,128,8378832.0,/projects/F202500010HPCVLABUMINHO/uminhocp006/aded-project-llamacpp/llamacpp-tq/models/Meta-Llama-3.1-8B-Instruct-Q4_K_M.gguf,model-1-mandatory,1,medium_quant_tradeoff,1,measurements/organized_a1_results/x86_server/a1_server_scaling_summary.csv,3,thread-scaling,64,64,8.489242453842538,0.11776250039897689,0.12468355600140058
unknown,turbo3,turbo3,short,2048,tq,measurements/1254633-track-a1-server-sweep-x86,1.0,128,8378832.0,/projects/F202500010HPCVLABUMINHO/uminhocp006/aded-project-llamacpp/llamacpp-tq/models/Meta-Llama-3.1-8B-Instruct-Q4_K_M.gguf,model-1-mandatory,1,mandatory_short_capital_france,1,measurements/organized_a1_results/x86_server/a1_server_scaling_summary.csv,3,thread-scaling,64,64,7.028292730436211,0.11893049216531734,0.1624245336764337
unknown,turbo3,turbo3,short,2048,tq,measurements/1254633-track-a1-server-sweep-x86,1.0,128,8378832.0,/projects/F202500010HPCVLABUMINHO/uminhocp006/aded-project-llamacpp/llamacpp-tq/models/Meta-Llama-3.1-8B-Instruct-Q4_K_M.gguf,model-1-mandatory,1,short_cpu_quantisation,1,measurements/organized_a1_results/x86_server/a1_server_scaling_summary.csv,3,thread-scaling,64,64,8.29529185528794,0.11901985236214109,0.32203434999488917
unknown,turbo3,turbo3,short,2048,tq,measurements/1254633-track-a1-server-sweep-x86,1.0,128,8378832.0,/projects/F202500010HPCVLABUMINHO/uminhocp006/aded-project-llamacpp/llamacpp-tq/models/Meta-Llama-3.1-8B-Instruct-Q4_K_M.gguf,model-1-mandatory,1,short_threading_definition,1,measurements/organized_a1_results/x86_server/a1_server_scaling_summary.csv,3,thread-scaling,64,64,8.463821261720007,0.11812369748042514,0.12576248732511885
unknown,turbo4,turbo4,long,2048,tq,measurements/1254633-track-a1-server-sweep-x86,1.0,128,8421164.0,/projects/F202500010HPCVLABUMINHO/uminhocp006/aded-project-llamacpp/llamacpp-tq/models/Meta-Llama-3.1-8B-Instruct-Q4_K_M.gguf,model-1-mandatory,1,long_hpc_case_study,1,measurements/organized_a1_results/x86_server/a1_server_scaling_summary.csv,3,thread-scaling,64,64,8.451993500461287,0.11824489491871006,0.12855612198472954
unknown,turbo4,turbo4,long,2048,tq,measurements/1254633-track-a1-server-sweep-x86,1.0,128,8421164.0,/projects/F202500010HPCVLABUMINHO/uminhocp006/aded-project-llamacpp/llamacpp-tq/models/Meta-Llama-3.1-8B-Instruct-Q4_K_M.gguf,model-1-mandatory,1,long_memory_bound_reasoning,1,measurements/organized_a1_results/x86_server/a1_server_scaling_summary.csv,3,thread-scaling,64,64,8.534625878266757,0.11710063427832745,0.12664639066012265
unknown,turbo4,turbo4,long,2048,tq,measurements/1254633-track-a1-server-sweep-x86,1.0,128,8421164.0,/projects/F202500010HPCVLABUMINHO/uminhocp006/aded-project-llamacpp/llamacpp-tq/models/Meta-Llama-3.1-8B-Instruct-Q4_K_M.gguf,model-1-mandatory,1,mandatory_long_transformer_cpu,1,measurements/organized_a1_results/x86_server/a1_server_scaling_summary.csv,3,thread-scaling,64,64,8.722712396477748,0.11458193504201429,0.12256177832993369
unknown,turbo4,turbo4,medium,2048,tq,measurements/1254633-track-a1-server-sweep-x86,1.0,128,8421164.0,/projects/F202500010HPCVLABUMINHO/uminhocp006/aded-project-llamacpp/llamacpp-tq/models/Meta-Llama-3.1-8B-Instruct-Q4_K_M.gguf,model-1-mandatory,1,mandatory_medium_ml_vs_dl,1,measurements/organized_a1_results/x86_server/a1_server_scaling_summary.csv,3,thread-scaling,64,64,8.933852637950835,0.11186910238325672,0.12041428100201301
unknown,turbo4,turbo4,medium,2048,tq,measurements/1254633-track-a1-server-sweep-x86,1.0,128,8421164.0,/projects/F202500010HPCVLABUMINHO/uminhocp006/aded-project-llamacpp/llamacpp-tq/models/Meta-Llama-3.1-8B-Instruct-Q4_K_M.gguf,model-1-mandatory,1,medium_cpu_inference_pipeline,1,measurements/organized_a1_results/x86_server/a1_server_scaling_summary.csv,3,thread-scaling,64,64,8.838958912813432,0.1130809178660664,0.12205990434934695
unknown,turbo4,turbo4,medium,2048,tq,measurements/1254633-track-a1-server-sweep-x86,1.0,128,8421164.0,/projects/F202500010HPCVLABUMINHO/uminhocp006/aded-project-llamacpp/llamacpp-tq/models/Meta-Llama-3.1-8B-Instruct-Q4_K_M.gguf,model-1-mandatory,1,medium_quant_tradeoff,1,measurements/organized_a1_results/x86_server/a1_server_scaling_summary.csv,3,thread-scaling,64,64,8.864998866932703,0.11276083501577414,0.11950287833072555
unknown,turbo4,turbo4,short,2048,tq,measurements/1254633-track-a1-server-sweep-x86,1.0,128,8421164.0,/projects/F202500010HPCVLABUMINHO/uminhocp006/aded-project-llamacpp/llamacpp-tq/models/Meta-Llama-3.1-8B-Instruct-Q4_K_M.gguf,model-1-mandatory,1,mandatory_short_capital_france,1,measurements/organized_a1_results/x86_server/a1_server_scaling_summary.csv,3,thread-scaling,64,64,7.5151031875391965,0.11156123111140914,0.14937550100148655
unknown,turbo4,turbo4,short,2048,tq,measurements/1254633-track-a1-server-sweep-x86,1.0,128,8421164.0,/projects/F202500010HPCVLABUMINHO/uminhocp006/aded-project-llamacpp/llamacpp-tq/models/Meta-Llama-3.1-8B-Instruct-Q4_K_M.gguf,model-1-mandatory,1,short_cpu_quantisation,1,measurements/organized_a1_results/x86_server/a1_server_scaling_summary.csv,3,thread-scaling,64,64,8.48096669224757,0.11657028595281073,0.29081103298813105
unknown,turbo4,turbo4,short,2048,tq,measurements/1254633-track-a1-server-sweep-x86,1.0,128,8421164.0,/projects/F202500010HPCVLABUMINHO/uminhocp006/aded-project-llamacpp/llamacpp-tq/models/Meta-Llama-3.1-8B-Instruct-Q4_K_M.gguf,model-1-mandatory,1,short_threading_definition,1,measurements/organized_a1_results/x86_server/a1_server_scaling_summary.csv,3,thread-scaling,64,64,8.840659685291756,0.11304352578214795,0.12197681334024917
unknown,turbo3,turbo3,long,2048,tq,measurements/1254633-track-a1-server-sweep-x86,1.0,128,8371260.0,/projects/F202500010HPCVLABUMINHO/uminhocp006/aded-project-llamacpp/llamacpp-tq/models/Meta-Llama-3.1-8B-Instruct-Q4_K_M.gguf,model-1-mandatory,1,long_hpc_case_study,1,measurements/organized_a1_results/x86_server/a1_server_scaling_summary.csv,3,thread-scaling,8,8,7.686381921498279,0.13006982576909287,0.13417839032869475
unknown,turbo3,turbo3,long,2048,tq,measurements/1254633-track-a1-server-sweep-x86,1.0,128,8371260.0,/projects/F202500010HPCVLABUMINHO/uminhocp006/aded-project-llamacpp/llamacpp-tq/models/Meta-Llama-3.1-8B-Instruct-Q4_K_M.gguf,model-1-mandatory,1,long_memory_bound_reasoning,1,measurements/organized_a1_results/x86_server/a1_server_scaling_summary.csv,3,thread-scaling,8,8,7.984038984995335,0.12521326637263422,0.12989092433902746
unknown,turbo3,turbo3,long,2048,tq,measurements/1254633-track-a1-server-sweep-x86,1.0,128,8371260.0,/projects/F202500010HPCVLABUMINHO/uminhocp006/aded-project-llamacpp/llamacpp-tq/models/Meta-Llama-3.1-8B-Instruct-Q4_K_M.gguf,model-1-mandatory,1,mandatory_long_transformer_cpu,1,measurements/organized_a1_results/x86_server/a1_server_scaling_summary.csv,3,thread-scaling,8,8,8.53769489472436,0.11710535529392876,0.11992381833260879
unknown,turbo3,turbo3,medium,2048,tq,measurements/1254633-track-a1-server-sweep-x86,1.0,128,8371260.0,/projects/F202500010HPCVLABUMINHO/uminhocp006/aded-project-llamacpp/llamacpp-tq/models/Meta-Llama-3.1-8B-Instruct-Q4_K_M.gguf,model-1-mandatory,1,mandatory_medium_ml_vs_dl,1,measurements/organized_a1_results/x86_server/a1_server_scaling_summary.csv,3,thread-scaling,8,8,9.37821271405371,0.10661461199730027,0.10851331800222397
unknown,turbo3,turbo3,medium,2048,tq,measurements/1254633-track-a1-server-sweep-x86,1.0,128,8371260.0,/projects/F202500010HPCVLABUMINHO/uminhocp006/aded-project-llamacpp/llamacpp-tq/models/Meta-Llama-3.1-8B-Instruct-Q4_K_M.gguf,model-1-mandatory,1,medium_cpu_inference_pipeline,1,measurements/organized_a1_results/x86_server/a1_server_scaling_summary.csv,3,thread-scaling,8,8,8.97060590165359,0.11144689717583646,0.11496504267173198
unknown,turbo3,turbo3,medium,2048,tq,measurements/1254633-track-a1-server-sweep-x86,1.0,128,8371260.0,/projects/F202500010HPCVLABUMINHO/uminhocp006/aded-project-llamacpp/llamacpp-tq/models/Meta-Llama-3.1-8B-Instruct-Q4_K_M.gguf,model-1-mandatory,1,medium_quant_tradeoff,1,measurements/organized_a1_results/x86_server/a1_server_scaling_summary.csv,3,thread-scaling,8,8,9.050596325314102,0.11047403869818617,0.11244604366947897
unknown,turbo3,turbo3,short,2048,tq,measurements/1254633-track-a1-server-sweep-x86,1.0,128,8371260.0,/projects/F202500010HPCVLABUMINHO/uminhocp006/aded-project-llamacpp/llamacpp-tq/models/Meta-Llama-3.1-8B-Instruct-Q4_K_M.gguf,model-1-mandatory,1,mandatory_short_capital_france,1,measurements/organized_a1_results/x86_server/a1_server_scaling_summary.csv,3,thread-scaling,8,8,6.084834737545544,0.1007127058886302,0.4448244473411857
unknown,turbo3,turbo3,short,2048,tq,measurements/1254633-track-a1-server-sweep-x86,1.0,128,8371260.0,/projects/F202500010HPCVLABUMINHO/uminhocp006/aded-project-llamacpp/llamacpp-tq/models/Meta-Llama-3.1-8B-Instruct-Q4_K_M.gguf,model-1-mandatory,1,short_cpu_quantisation,1,measurements/organized_a1_results/x86_server/a1_server_scaling_summary.csv,3,thread-scaling,8,8,8.655173495217626,0.10778172469028428,1.1004628943337593
unknown,turbo3,turbo3,short,2048,tq,measurements/1254633-track-a1-server-sweep-x86,1.0,128,8371260.0,/projects/F202500010HPCVLABUMINHO/uminhocp006/aded-project-llamacpp/llamacpp-tq/models/Meta-Llama-3.1-8B-Instruct-Q4_K_M.gguf,model-1-mandatory,1,short_threading_definition,1,measurements/organized_a1_results/x86_server/a1_server_scaling_summary.csv,3,thread-scaling,8,8,9.337593562401263,0.10708912937274616,0.10763606333057396
unknown,turbo4,turbo4,long,2048,tq,measurements/1254633-track-a1-server-sweep-x86,1.0,128,8412372.0,/projects/F202500010HPCVLABUMINHO/uminhocp006/aded-project-llamacpp/llamacpp-tq/models/Meta-Llama-3.1-8B-Instruct-Q4_K_M.gguf,model-1-mandatory,1,long_hpc_case_study,1,measurements/organized_a1_results/x86_server/a1_server_scaling_summary.csv,3,thread-scaling,8,8,7.87461745709397,0.12693520600258512,0.13378563267178833
unknown,turbo4,turbo4,long,2048,tq,measurements/1254633-track-a1-server-sweep-x86,1.0,128,8412372.0,/projects/F202500010HPCVLABUMINHO/uminhocp006/aded-project-llamacpp/llamacpp-tq/models/Meta-Llama-3.1-8B-Instruct-Q4_K_M.gguf,model-1-mandatory,1,long_memory_bound_reasoning,1,measurements/organized_a1_results/x86_server/a1_server_scaling_summary.csv,3,thread-scaling,8,8,8.133284474725585,0.12289193256434573,0.13035909298923798
unknown,turbo4,turbo4,long,2048,tq,measurements/1254633-track-a1-server-sweep-x86,1.0,128,8412372.0,/projects/F202500010HPCVLABUMINHO/uminhocp006/aded-project-llamacpp/llamacpp-tq/models/Meta-Llama-3.1-8B-Instruct-Q4_K_M.gguf,model-1-mandatory,1,mandatory_long_transformer_cpu,1,measurements/organized_a1_results/x86_server/a1_server_scaling_summary.csv,3,thread-scaling,8,8,8.615245518671538,0.11603183687392322,0.12124196500129376
unknown,turbo4,turbo4,medium,2048,tq,measurements/1254633-track-a1-server-sweep-x86,1.0,128,8412372.0,/projects/F202500010HPCVLABUMINHO/uminhocp006/aded-project-llamacpp/llamacpp-tq/models/Meta-Llama-3.1-8B-Instruct-Q4_K_M.gguf,model-1-mandatory,1,mandatory_medium_ml_vs_dl,1,measurements/organized_a1_results/x86_server/a1_server_scaling_summary.csv,3,thread-scaling,8,8,9.314328886337558,0.10733924983727765,0.11025400499541622
unknown,turbo4,turbo4,medium,2048,tq,measurements/1254633-track-a1-server-sweep-x86,1.0,128,8412372.0,/projects/F202500010HPCVLABUMINHO/uminhocp006/aded-project-llamacpp/llamacpp-tq/models/Meta-Llama-3.1-8B-Instruct-Q4_K_M.gguf,model-1-mandatory,1,medium_cpu_inference_pipeline,1,measurements/organized_a1_results/x86_server/a1_server_scaling_summary.csv,3,thread-scaling,8,8,8.972960126830241,0.11140745701045263,0.11632542901012737
unknown,turbo4,turbo4,medium,2048,tq,measurements/1254633-track-a1-server-sweep-x86,1.0,128,8412372.0,/projects/F202500010HPCVLABUMINHO/uminhocp006/aded-project-llamacpp/llamacpp-tq/models/Meta-Llama-3.1-8B-Instruct-Q4_K_M.gguf,model-1-mandatory,1,medium_quant_tradeoff,1,measurements/organized_a1_results/x86_server/a1_server_scaling_summary.csv,3,thread-scaling,8,8,9.041930017801914,0.1105618574829183,0.11490936466725543
unknown,turbo4,turbo4,short,2048,tq,measurements/1254633-track-a1-server-sweep-x86,1.0,128,8412372.0,/projects/F202500010HPCVLABUMINHO/uminhocp006/aded-project-llamacpp/llamacpp-tq/models/Meta-Llama-3.1-8B-Instruct-Q4_K_M.gguf,model-1-mandatory,1,mandatory_short_capital_france,1,measurements/organized_a1_results/x86_server/a1_server_scaling_summary.csv,3,thread-scaling,8,8,6.061340935686207,0.10205050533275223,0.44016221033719677
unknown,turbo4,turbo4,short,2048,tq,measurements/1254633-track-a1-server-sweep-x86,1.0,128,8412372.0,/projects/F202500010HPCVLABUMINHO/uminhocp006/aded-project-llamacpp/llamacpp-tq/models/Meta-Llama-3.1-8B-Instruct-Q4_K_M.gguf,model-1-mandatory,1,short_cpu_quantisation,1,measurements/organized_a1_results/x86_server/a1_server_scaling_summary.csv,3,thread-scaling,8,8,8.645154081125835,0.1081875468084981,1.0660919303190894
unknown,turbo4,turbo4,short,2048,tq,measurements/1254633-track-a1-server-sweep-x86,1.0,128,8412372.0,/projects/F202500010HPCVLABUMINHO/uminhocp006/aded-project-llamacpp/llamacpp-tq/models/Meta-Llama-3.1-8B-Instruct-Q4_K_M.gguf,model-1-mandatory,1,short_threading_definition,1,measurements/organized_a1_results/x86_server/a1_server_scaling_summary.csv,3,thread-scaling,8,8,9.287915838971175,0.10765046382147521,0.10980245900767234
unknown,turbo3,turbo3,long,2048,tq,measurements/1254633-track-a1-server-sweep-x86,1.0,128,8389892.0,/projects/F202500010HPCVLABUMINHO/uminhocp006/aded-project-llamacpp/llamacpp-tq/models/Meta-Llama-3.1-8B-Instruct-Q4_K_M.gguf,model-1-mandatory,1,long_hpc_case_study,1,measurements/organized_a1_results/x86_server/a1_server_scaling_summary.csv,3,thread-scaling,96,96,6.995931371887593,0.14286839070076335,0.1529256336701413
unknown,turbo3,turbo3,long,2048,tq,measurements/1254633-track-a1-server-sweep-x86,1.0,128,8389892.0,/projects/F202500010HPCVLABUMINHO/uminhocp006/aded-project-llamacpp/llamacpp-tq/models/Meta-Llama-3.1-8B-Instruct-Q4_K_M.gguf,model-1-mandatory,1,long_memory_bound_reasoning,1,measurements/organized_a1_results/x86_server/a1_server_scaling_summary.csv,3,thread-scaling,96,96,7.06725947335043,0.14142481316008734,0.15178170366561972
unknown,turbo3,turbo3,long,2048,tq,measurements/1254633-track-a1-server-sweep-x86,1.0,128,8389892.0,/projects/F202500010HPCVLABUMINHO/uminhocp006/aded-project-llamacpp/llamacpp-tq/models/Meta-Llama-3.1-8B-Instruct-Q4_K_M.gguf,model-1-mandatory,1,mandatory_long_transformer_cpu,1,measurements/organized_a1_results/x86_server/a1_server_scaling_summary.csv,3,thread-scaling,96,96,7.203053629829119,0.13877491419416854,0.147052132000681
unknown,turbo3,turbo3,medium,2048,tq,measurements/1254633-track-a1-server-sweep-x86,1.0,128,8389892.0,/projects/F202500010HPCVLABUMINHO/uminhocp006/aded-project-llamacpp/llamacpp-tq/models/Meta-Llama-3.1-8B-Instruct-Q4_K_M.gguf,model-1-mandatory,1,mandatory_medium_ml_vs_dl,1,measurements/organized_a1_results/x86_server/a1_server_scaling_summary.csv,3,thread-scaling,96,96,7.340091819492522,0.1361889650419891,0.14325785133405589
unknown,turbo3,turbo3,medium,2048,tq,measurements/1254633-track-a1-server-sweep-x86,1.0,128,8389892.0,/projects/F202500010HPCVLABUMINHO/uminhocp006/aded-project-llamacpp/llamacpp-tq/models/Meta-Llama-3.1-8B-Instruct-Q4_K_M.gguf,model-1-mandatory,1,medium_cpu_inference_pipeline,1,measurements/organized_a1_results/x86_server/a1_server_scaling_summary.csv,3,thread-scaling,96,96,7.286009059754656,0.1371868910498488,0.14510155099560507
unknown,turbo3,turbo3,medium,2048,tq,measurements/1254633-track-a1-server-sweep-x86,1.0,128,8389892.0,/projects/F202500010HPCVLABUMINHO/uminhocp006/aded-project-llamacpp/llamacpp-tq/models/Meta-Llama-3.1-8B-Instruct-Q4_K_M.gguf,model-1-mandatory,1,medium_quant_tradeoff,1,measurements/organized_a1_results/x86_server/a1_server_scaling_summary.csv,3,thread-scaling,96,96,7.313603599318525,0.13667403071922596,0.14417196598757678
unknown,turbo3,turbo3,short,2048,tq,measurements/1254633-track-a1-server-sweep-x86,1.0,128,8389892.0,/projects/F202500010HPCVLABUMINHO/uminhocp006/aded-project-llamacpp/llamacpp-tq/models/Meta-Llama-3.1-8B-Instruct-Q4_K_M.gguf,model-1-mandatory,1,mandatory_short_capital_france,1,measurements/organized_a1_results/x86_server/a1_server_scaling_summary.csv,3,thread-scaling,96,96,6.205343531333105,0.13451656783258337,0.18557845567314266
unknown,turbo3,turbo3,short,2048,tq,measurements/1254633-track-a1-server-sweep-x86,1.0,128,8389892.0,/projects/F202500010HPCVLABUMINHO/uminhocp006/aded-project-llamacpp/llamacpp-tq/models/Meta-Llama-3.1-8B-Instruct-Q4_K_M.gguf,model-1-mandatory,1,short_cpu_quantisation,1,measurements/organized_a1_results/x86_server/a1_server_scaling_summary.csv,3,thread-scaling,96,96,7.215891011927009,0.13704245408141089,0.3365010846561442
unknown,turbo3,turbo3,short,2048,tq,measurements/1254633-track-a1-server-sweep-x86,1.0,128,8389892.0,/projects/F202500010HPCVLABUMINHO/uminhocp006/aded-project-llamacpp/llamacpp-tq/models/Meta-Llama-3.1-8B-Instruct-Q4_K_M.gguf,model-1-mandatory,1,short_threading_definition,1,measurements/organized_a1_results/x86_server/a1_server_scaling_summary.csv,3,thread-scaling,96,96,7.325169204063523,0.1364665198714437,0.14363882532537295
unknown,turbo4,turbo4,long,2048,tq,measurements/1254633-track-a1-server-sweep-x86,1.0,128,8421804.0,/projects/F202500010HPCVLABUMINHO/uminhocp006/aded-project-llamacpp/llamacpp-tq/models/Meta-Llama-3.1-8B-Instruct-Q4_K_M.gguf,model-1-mandatory,1,long_hpc_case_study,1,measurements/organized_a1_results/x86_server/a1_server_scaling_summary.csv,3,thread-scaling,96,96,6.858246175128325,0.1457374895301958,0.15603261266369373
unknown,turbo4,turbo4,long,2048,tq,measurements/1254633-track-a1-server-sweep-x86,1.0,128,8421804.0,/projects/F202500010HPCVLABUMINHO/uminhocp006/aded-project-llamacpp/llamacpp-tq/models/Meta-Llama-3.1-8B-Instruct-Q4_K_M.gguf,model-1-mandatory,1,long_memory_bound_reasoning,1,measurements/organized_a1_results/x86_server/a1_server_scaling_summary.csv,3,thread-scaling,96,96,6.935728912453867,0.14409560061947826,0.15544303599745035
unknown,turbo4,turbo4,long,2048,tq,measurements/1254633-track-a1-server-sweep-x86,1.0,128,8421804.0,/projects/F202500010HPCVLABUMINHO/uminhocp006/aded-project-llamacpp/llamacpp-tq/models/Meta-Llama-3.1-8B-Instruct-Q4_K_M.gguf,model-1-mandatory,1,mandatory_long_transformer_cpu,1,measurements/organized_a1_results/x86_server/a1_server_scaling_summary.csv,3,thread-scaling,96,96,7.057052850417945,0.14163641100530902,0.15072430199749456
unknown,turbo4,turbo4,medium,2048,tq,measurements/1254633-track-a1-server-sweep-x86,1.0,128,8421804.0,/projects/F202500010HPCVLABUMINHO/uminhocp006/aded-project-llamacpp/llamacpp-tq/models/Meta-Llama-3.1-8B-Instruct-Q4_K_M.gguf,model-1-mandatory,1,mandatory_medium_ml_vs_dl,1,measurements/organized_a1_results/x86_server/a1_server_scaling_summary.csv,3,thread-scaling,96,96,7.2181101887759525,0.13849613917333053,0.14539125365748382
unknown,turbo4,turbo4,medium,2048,tq,measurements/1254633-track-a1-server-sweep-x86,1.0,128,8421804.0,/projects/F202500010HPCVLABUMINHO/uminhocp006/aded-project-llamacpp/llamacpp-tq/models/Meta-Llama-3.1-8B-Instruct-Q4_K_M.gguf,model-1-mandatory,1,medium_cpu_inference_pipeline,1,measurements/organized_a1_results/x86_server/a1_server_scaling_summary.csv,3,thread-scaling,96,96,7.141509163812733,0.13997662085570758,0.14791772499059638
unknown,turbo4,turbo4,medium,2048,tq,measurements/1254633-track-a1-server-sweep-x86,1.0,128,8421804.0,/projects/F202500010HPCVLABUMINHO/uminhocp006/aded-project-llamacpp/llamacpp-tq/models/Meta-Llama-3.1-8B-Instruct-Q4_K_M.gguf,model-1-mandatory,1,medium_quant_tradeoff,1,measurements/organized_a1_results/x86_server/a1_server_scaling_summary.csv,3,thread-scaling,96,96,7.163029491559503,0.13955782335965033,0.14671438633619496
unknown,turbo4,turbo4,short,2048,tq,measurements/1254633-track-a1-server-sweep-x86,1.0,128,8421804.0,/projects/F202500010HPCVLABUMINHO/uminhocp006/aded-project-llamacpp/llamacpp-tq/models/Meta-Llama-3.1-8B-Instruct-Q4_K_M.gguf,model-1-mandatory,1,mandatory_short_capital_france,1,measurements/organized_a1_results/x86_server/a1_server_scaling_summary.csv,3,thread-scaling,96,96,6.09025056556532,0.13791632838870604,0.1849976333323866
unknown,turbo4,turbo4,short,2048,tq,measurements/1254633-track-a1-server-sweep-x86,1.0,128,8421804.0,/projects/F202500010HPCVLABUMINHO/uminhocp006/aded-project-llamacpp/llamacpp-tq/models/Meta-Llama-3.1-8B-Instruct-Q4_K_M.gguf,model-1-mandatory,1,short_cpu_quantisation,1,measurements/organized_a1_results/x86_server/a1_server_scaling_summary.csv,3,thread-scaling,96,96,7.098139328104849,0.1394868986850685,0.31901680933272775
unknown,turbo4,turbo4,short,2048,tq,measurements/1254633-track-a1-server-sweep-x86,1.0,128,8421804.0,/projects/F202500010HPCVLABUMINHO/uminhocp006/aded-project-llamacpp/llamacpp-tq/models/Meta-Llama-3.1-8B-Instruct-Q4_K_M.gguf,model-1-mandatory,1,short_threading_definition,1,measurements/organized_a1_results/x86_server/a1_server_scaling_summary.csv,3,thread-scaling,96,96,7.196569412550047,0.13891426141995916,0.1450781723445592
unknown,f16,f16,long,2048,vanilla,measurements/1254633-track-a1-server-sweep-x86,0.0,128,8812440.0,/projects/F202500010HPCVLABUMINHO/uminhocp006/aded-project-llamacpp/llamacpp-tq/models/Meta-Llama-3.1-8B-Instruct-Q4_K_M.gguf,model-1-mandatory,1,long_hpc_case_study,1,measurements/organized_a1_results/x86_server/a1_server_scaling_summary.csv,3,thread-scaling,128,128,2.373140413984435,0.43196872848028306,0.289756671001669
unknown,f16,f16,long,2048,vanilla,measurements/1254633-track-a1-server-sweep-x86,0.0,128,8812440.0,/projects/F202500010HPCVLABUMINHO/uminhocp006/aded-project-llamacpp/llamacpp-tq/models/Meta-Llama-3.1-8B-Instruct-Q4_K_M.gguf,model-1-mandatory,1,long_memory_bound_reasoning,1,measurements/organized_a1_results/x86_server/a1_server_scaling_summary.csv,3,thread-scaling,128,128,1.8300045930521056,0.5247010112493519,4.149177740328014
unknown,f16,f16,long,2048,vanilla,measurements/1254633-track-a1-server-sweep-x86,0.0,128,8812440.0,/projects/F202500010HPCVLABUMINHO/uminhocp006/aded-project-llamacpp/llamacpp-tq/models/Meta-Llama-3.1-8B-Instruct-Q4_K_M.gguf,model-1-mandatory,1,mandatory_long_transformer_cpu,1,measurements/organized_a1_results/x86_server/a1_server_scaling_summary.csv,3,thread-scaling,128,128,1.2750893505089167,0.8165383971941118,0.18400513335169913
unknown,f16,f16,medium,2048,vanilla,measurements/1254633-track-a1-server-sweep-x86,0.0,128,8812440.0,/projects/F202500010HPCVLABUMINHO/uminhocp006/aded-project-llamacpp/llamacpp-tq/models/Meta-Llama-3.1-8B-Instruct-Q4_K_M.gguf,model-1-mandatory,1,mandatory_medium_ml_vs_dl,1,measurements/organized_a1_results/x86_server/a1_server_scaling_summary.csv,3,thread-scaling,128,128,2.1307822150852567,0.6270144310156696,0.2757772566692438
unknown,f16,f16,medium,2048,vanilla,measurements/1254633-track-a1-server-sweep-x86,0.0,128,8812440.0,/projects/F202500010HPCVLABUMINHO/uminhocp006/aded-project-llamacpp/llamacpp-tq/models/Meta-Llama-3.1-8B-Instruct-Q4_K_M.gguf,model-1-mandatory,1,medium_cpu_inference_pipeline,1,measurements/organized_a1_results/x86_server/a1_server_scaling_summary.csv,3,thread-scaling,128,128,1.7575094610417312,0.6174167056325511,0.6077914960042108
unknown,f16,f16,medium,2048,vanilla,measurements/1254633-track-a1-server-sweep-x86,0.0,128,8812440.0,/projects/F202500010HPCVLABUMINHO/uminhocp006/aded-project-llamacpp/llamacpp-tq/models/Meta-Llama-3.1-8B-Instruct-Q4_K_M.gguf,model-1-mandatory,1,medium_quant_tradeoff,1,measurements/organized_a1_results/x86_server/a1_server_scaling_summary.csv,3,thread-scaling,128,128,1.7545885700709918,0.5941578547375245,0.15999985733651556
unknown,f16,f16,short,2048,vanilla,measurements/1254633-track-a1-server-sweep-x86,0.0,128,8812440.0,/projects/F202500010HPCVLABUMINHO/uminhocp006/aded-project-llamacpp/llamacpp-tq/models/Meta-Llama-3.1-8B-Instruct-Q4_K_M.gguf,model-1-mandatory,1,mandatory_short_capital_france,1,measurements/organized_a1_results/x86_server/a1_server_scaling_summary.csv,3,thread-scaling,128,128,0.5308813773463431,0.3955422218342493,9.118769508330539
unknown,f16,f16,short,2048,vanilla,measurements/1254633-track-a1-server-sweep-x86,0.0,128,8812440.0,/projects/F202500010HPCVLABUMINHO/uminhocp006/aded-project-llamacpp/llamacpp-tq/models/Meta-Llama-3.1-8B-Instruct-Q4_K_M.gguf,model-1-mandatory,1,short_cpu_quantisation,1,measurements/organized_a1_results/x86_server/a1_server_scaling_summary.csv,3,thread-scaling,128,128,1.3682166953960562,0.691472863635168,17.56410834599713
unknown,f16,f16,short,2048,vanilla,measurements/1254633-track-a1-server-sweep-x86,0.0,128,8812440.0,/projects/F202500010HPCVLABUMINHO/uminhocp006/aded-project-llamacpp/llamacpp-tq/models/Meta-Llama-3.1-8B-Instruct-Q4_K_M.gguf,model-1-mandatory,1,short_threading_definition,1,measurements/organized_a1_results/x86_server/a1_server_scaling_summary.csv,3,thread-scaling,128,128,1.7944712844549184,0.6205342498583031,0.2180911926746679
unknown,f16,f16,long,2048,vanilla,measurements/1254633-track-a1-server-sweep-x86,1.0,128,8831580.0,/projects/F202500010HPCVLABUMINHO/uminhocp006/aded-project-llamacpp/llamacpp-tq/models/Meta-Llama-3.1-8B-Instruct-Q4_K_M.gguf,model-1-mandatory,1,long_hpc_case_study,1,measurements/organized_a1_results/x86_server/a1_server_scaling_summary.csv,3,thread-scaling,16,16,10.3467676418464,0.09640427749085159,0.12757893533368284
unknown,f16,f16,long,2048,vanilla,measurements/1254633-track-a1-server-sweep-x86,1.0,128,8831580.0,/projects/F202500010HPCVLABUMINHO/uminhocp006/aded-project-llamacpp/llamacpp-tq/models/Meta-Llama-3.1-8B-Instruct-Q4_K_M.gguf,model-1-mandatory,1,long_memory_bound_reasoning,1,measurements/organized_a1_results/x86_server/a1_server_scaling_summary.csv,3,thread-scaling,16,16,10.305891254547287,0.09677175898945174,0.13045320566743612
unknown,f16,f16,long,2048,vanilla,measurements/1254633-track-a1-server-sweep-x86,1.0,128,8831580.0,/projects/F202500010HPCVLABUMINHO/uminhocp006/aded-project-llamacpp/llamacpp-tq/models/Meta-Llama-3.1-8B-Instruct-Q4_K_M.gguf,model-1-mandatory,1,mandatory_long_transformer_cpu,1,measurements/organized_a1_results/x86_server/a1_server_scaling_summary.csv,3,thread-scaling,16,16,10.643503816023797,0.0937701628689032,0.1172064949835961
unknown,f16,f16,medium,2048,vanilla,measurements/1254633-track-a1-server-sweep-x86,1.0,128,8831580.0,/projects/F202500010HPCVLABUMINHO/uminhocp006/aded-project-llamacpp/llamacpp-tq/models/Meta-Llama-3.1-8B-Instruct-Q4_K_M.gguf,model-1-mandatory,1,mandatory_medium_ml_vs_dl,1,measurements/organized_a1_results/x86_server/a1_server_scaling_summary.csv,3,thread-scaling,16,16,10.786303729632955,0.09256239165085993,0.11141536467281792
unknown,f16,f16,medium,2048,vanilla,measurements/1254633-track-a1-server-sweep-x86,1.0,128,8831580.0,/projects/F202500010HPCVLABUMINHO/uminhocp006/aded-project-llamacpp/llamacpp-tq/models/Meta-Llama-3.1-8B-Instruct-Q4_K_M.gguf,model-1-mandatory,1,medium_cpu_inference_pipeline,1,measurements/organized_a1_results/x86_server/a1_server_scaling_summary.csv,3,thread-scaling,16,16,10.811474285803337,0.09232967812338785,0.11323327933981393
unknown,f16,f16,medium,2048,vanilla,measurements/1254633-track-a1-server-sweep-x86,1.0,128,8831580.0,/projects/F202500010HPCVLABUMINHO/uminhocp006/aded-project-llamacpp/llamacpp-tq/models/Meta-Llama-3.1-8B-Instruct-Q4_K_M.gguf,model-1-mandatory,1,medium_quant_tradeoff,1,measurements/organized_a1_results/x86_server/a1_server_scaling_summary.csv,3,thread-scaling,16,16,10.82296336169848,0.09220682527030283,0.11616660766109514
unknown,f16,f16,short,2048,vanilla,measurements/1254633-track-a1-server-sweep-x86,1.0,128,8831580.0,/projects/F202500010HPCVLABUMINHO/uminhocp006/aded-project-llamacpp/llamacpp-tq/models/Meta-Llama-3.1-8B-Instruct-Q4_K_M.gguf,model-1-mandatory,1,mandatory_short_capital_france,1,measurements/organized_a1_results/x86_server/a1_server_scaling_summary.csv,3,thread-scaling,16,16,7.495297957586261,0.09300894361028138,0.28327902633463964
unknown,f16,f16,short,2048,vanilla,measurements/1254633-track-a1-server-sweep-x86,1.0,128,8831580.0,/projects/F202500010HPCVLABUMINHO/uminhocp006/aded-project-llamacpp/llamacpp-tq/models/Meta-Llama-3.1-8B-Instruct-Q4_K_M.gguf,model-1-mandatory,1,short_cpu_quantisation,1,measurements/organized_a1_results/x86_server/a1_server_scaling_summary.csv,3,thread-scaling,16,16,10.312563805184949,0.09274247450654131,0.6339054890073991
unknown,f16,f16,short,2048,vanilla,measurements/1254633-track-a1-server-sweep-x86,1.0,128,8831580.0,/projects/F202500010HPCVLABUMINHO/uminhocp006/aded-project-llamacpp/llamacpp-tq/models/Meta-Llama-3.1-8B-Instruct-Q4_K_M.gguf,model-1-mandatory,1,short_threading_definition,1,measurements/organized_a1_results/x86_server/a1_server_scaling_summary.csv,3,thread-scaling,16,16,10.775454045311848,0.09271498828340478,0.10420566934044473
unknown,f16,f16,long,2048,vanilla,measurements/1254633-track-a1-server-sweep-x86,1.0,128,8821708.0,/projects/F202500010HPCVLABUMINHO/uminhocp006/aded-project-llamacpp/llamacpp-tq/models/Meta-Llama-3.1-8B-Instruct-Q4_K_M.gguf,model-1-mandatory,1,long_hpc_case_study,1,measurements/organized_a1_results/x86_server/a1_server_scaling_summary.csv,3,thread-scaling,24,24,9.697706453663816,0.10291169212073543,0.13142231866663678
unknown,f16,f16,long,2048,vanilla,measurements/1254633-track-a1-server-sweep-x86,1.0,128,8821708.0,/projects/F202500010HPCVLABUMINHO/uminhocp006/aded-project-llamacpp/llamacpp-tq/models/Meta-Llama-3.1-8B-Instruct-Q4_K_M.gguf,model-1-mandatory,1,long_memory_bound_reasoning,1,measurements/organized_a1_results/x86_server/a1_server_scaling_summary.csv,3,thread-scaling,24,24,9.714751128355347,0.10269837455642983,0.13549611500009937
unknown,f16,f16,long,2048,vanilla,measurements/1254633-track-a1-server-sweep-x86,1.0,128,8821708.0,/projects/F202500010HPCVLABUMINHO/uminhocp006/aded-project-llamacpp/llamacpp-tq/models/Meta-Llama-3.1-8B-Instruct-Q4_K_M.gguf,model-1-mandatory,1,mandatory_long_transformer_cpu,1,measurements/organized_a1_results/x86_server/a1_server_scaling_summary.csv,3,thread-scaling,24,24,9.837148431800419,0.10150212909186328,0.12370192833327565
unknown,f16,f16,medium,2048,vanilla,measurements/1254633-track-a1-server-sweep-x86,1.0,128,8821708.0,/projects/F202500010HPCVLABUMINHO/uminhocp006/aded-project-llamacpp/llamacpp-tq/models/Meta-Llama-3.1-8B-Instruct-Q4_K_M.gguf,model-1-mandatory,1,mandatory_medium_ml_vs_dl,1,measurements/organized_a1_results/x86_server/a1_server_scaling_summary.csv,3,thread-scaling,24,24,9.846634883267402,0.10149951040682481,0.1195588416666548
unknown,f16,f16,medium,2048,vanilla,measurements/1254633-track-a1-server-sweep-x86,1.0,128,8821708.0,/projects/F202500010HPCVLABUMINHO/uminhocp006/aded-project-llamacpp/llamacpp-tq/models/Meta-Llama-3.1-8B-Instruct-Q4_K_M.gguf,model-1-mandatory,1,medium_cpu_inference_pipeline,1,measurements/organized_a1_results/x86_server/a1_server_scaling_summary.csv,3,thread-scaling,24,24,9.912863419706513,0.1007862948320211,0.11986007433335999
unknown,f16,f16,medium,2048,vanilla,measurements/1254633-track-a1-server-sweep-x86,1.0,128,8821708.0,/projects/F202500010HPCVLABUMINHO/uminhocp006/aded-project-llamacpp/llamacpp-tq/models/Meta-Llama-3.1-8B-Instruct-Q4_K_M.gguf,model-1-mandatory,1,medium_quant_tradeoff,1,measurements/organized_a1_results/x86_server/a1_server_scaling_summary.csv,3,thread-scaling,24,24,9.942636865274471,0.10044011757742756,0.12234642833334419
unknown,f16,f16,short,2048,vanilla,measurements/1254633-track-a1-server-sweep-x86,1.0,128,8821708.0,/projects/F202500010HPCVLABUMINHO/uminhocp006/aded-project-llamacpp/llamacpp-tq/models/Meta-Llama-3.1-8B-Instruct-Q4_K_M.gguf,model-1-mandatory,1,mandatory_short_capital_france,1,measurements/organized_a1_results/x86_server/a1_server_scaling_summary.csv,3,thread-scaling,24,24,7.198517962023847,0.10376419205555168,0.24798957200005134
unknown,f16,f16,short,2048,vanilla,measurements/1254633-track-a1-server-sweep-x86,1.0,128,8821708.0,/projects/F202500010HPCVLABUMINHO/uminhocp006/aded-project-llamacpp/llamacpp-tq/models/Meta-Llama-3.1-8B-Instruct-Q4_K_M.gguf,model-1-mandatory,1,short_cpu_quantisation,1,measurements/organized_a1_results/x86_server/a1_server_scaling_summary.csv,3,thread-scaling,24,24,9.401538858430026,0.10325216525721823,0.528248976333316
unknown,f16,f16,short,2048,vanilla,measurements/1254633-track-a1-server-sweep-x86,1.0,128,8821708.0,/projects/F202500010HPCVLABUMINHO/uminhocp006/aded-project-llamacpp/llamacpp-tq/models/Meta-Llama-3.1-8B-Instruct-Q4_K_M.gguf,model-1-mandatory,1,short_threading_definition,1,measurements/organized_a1_results/x86_server/a1_server_scaling_summary.csv,3,thread-scaling,24,24,9.779798266262338,0.10229059700524941,0.11387924700003775
unknown,f16,f16,long,2048,vanilla,measurements/1254633-track-a1-server-sweep-x86,1.0,128,8824748.0,/projects/F202500010HPCVLABUMINHO/uminhocp006/aded-project-llamacpp/llamacpp-tq/models/Meta-Llama-3.1-8B-Instruct-Q4_K_M.gguf,model-1-mandatory,1,long_hpc_case_study,1,measurements/organized_a1_results/x86_server/a1_server_scaling_summary.csv,3,thread-scaling,32,32,8.880187175941376,0.1124113385590553,0.14295576666669754
unknown,f16,f16,long,2048,vanilla,measurements/1254633-track-a1-server-sweep-x86,1.0,128,8824748.0,/projects/F202500010HPCVLABUMINHO/uminhocp006/aded-project-llamacpp/llamacpp-tq/models/Meta-Llama-3.1-8B-Instruct-Q4_K_M.gguf,model-1-mandatory,1,long_memory_bound_reasoning,1,measurements/organized_a1_results/x86_server/a1_server_scaling_summary.csv,3,thread-scaling,32,32,8.873102426179917,0.11247561608923855,0.14768266833334565
unknown,f16,f16,long,2048,vanilla,measurements/1254633-track-a1-server-sweep-x86,1.0,128,8824748.0,/projects/F202500010HPCVLABUMINHO/uminhocp006/aded-project-llamacpp/llamacpp-tq/models/Meta-Llama-3.1-8B-Instruct-Q4_K_M.gguf,model-1-mandatory,1,mandatory_long_transformer_cpu,1,measurements/organized_a1_results/x86_server/a1_server_scaling_summary.csv,3,thread-scaling,32,32,9.038146496251475,0.11053084946981621,0.1321543339999304
unknown,f16,f16,medium,2048,vanilla,measurements/1254633-track-a1-server-sweep-x86,1.0,128,8824748.0,/projects/F202500010HPCVLABUMINHO/uminhocp006/aded-project-llamacpp/llamacpp-tq/models/Meta-Llama-3.1-8B-Instruct-Q4_K_M.gguf,model-1-mandatory,1,mandatory_medium_ml_vs_dl,1,measurements/organized_a1_results/x86_server/a1_server_scaling_summary.csv,3,thread-scaling,32,32,8.984149575069061,0.11120118494750685,0.1318275133332918
unknown,f16,f16,medium,2048,vanilla,measurements/1254633-track-a1-server-sweep-x86,1.0,128,8824748.0,/projects/F202500010HPCVLABUMINHO/uminhocp006/aded-project-llamacpp/llamacpp-tq/models/Meta-Llama-3.1-8B-Instruct-Q4_K_M.gguf,model-1-mandatory,1,medium_cpu_inference_pipeline,1,measurements/organized_a1_results/x86_server/a1_server_scaling_summary.csv,3,thread-scaling,32,32,9.091124831985379,0.10989075711286157,0.13081107266665035
unknown,f16,f16,medium,2048,vanilla,measurements/1254633-track-a1-server-sweep-x86,1.0,128,8824748.0,/projects/F202500010HPCVLABUMINHO/uminhocp006/aded-project-llamacpp/llamacpp-tq/models/Meta-Llama-3.1-8B-Instruct-Q4_K_M.gguf,model-1-mandatory,1,medium_quant_tradeoff,1,measurements/organized_a1_results/x86_server/a1_server_scaling_summary.csv,3,thread-scaling,32,32,9.126135572947359,0.1094483810866133,0.13230317600012617
unknown,f16,f16,short,2048,vanilla,measurements/1254633-track-a1-server-sweep-x86,1.0,128,8824748.0,/projects/F202500010HPCVLABUMINHO/uminhocp006/aded-project-llamacpp/llamacpp-tq/models/Meta-Llama-3.1-8B-Instruct-Q4_K_M.gguf,model-1-mandatory,1,mandatory_short_capital_france,1,measurements/organized_a1_results/x86_server/a1_server_scaling_summary.csv,3,thread-scaling,32,32,6.758120371030239,0.11373783088889569,0.2395764399999886
unknown,f16,f16,short,2048,vanilla,measurements/1254633-track-a1-server-sweep-x86,1.0,128,8824748.0,/projects/F202500010HPCVLABUMINHO/uminhocp006/aded-project-llamacpp/llamacpp-tq/models/Meta-Llama-3.1-8B-Instruct-Q4_K_M.gguf,model-1-mandatory,1,short_cpu_quantisation,1,measurements/organized_a1_results/x86_server/a1_server_scaling_summary.csv,3,thread-scaling,32,32,8.60492930302102,0.11342290409973685,0.4917627753333515
unknown,f16,f16,short,2048,vanilla,measurements/1254633-track-a1-server-sweep-x86,1.0,128,8824748.0,/projects/F202500010HPCVLABUMINHO/uminhocp006/aded-project-llamacpp/llamacpp-tq/models/Meta-Llama-3.1-8B-Instruct-Q4_K_M.gguf,model-1-mandatory,1,short_threading_definition,1,measurements/organized_a1_results/x86_server/a1_server_scaling_summary.csv,3,thread-scaling,32,32,8.869259012878329,0.11276415725721738,0.12671807266663868
unknown,f16,f16,long,2048,vanilla,measurements/1254633-track-a1-server-sweep-x86,1.0,128,8835060.0,/projects/F202500010HPCVLABUMINHO/uminhocp006/aded-project-llamacpp/llamacpp-tq/models/Meta-Llama-3.1-8B-Instruct-Q4_K_M.gguf,model-1-mandatory,1,long_hpc_case_study,1,measurements/organized_a1_results/x86_server/a1_server_scaling_summary.csv,3,thread-scaling,48,48,6.306609619959209,0.15835840852223482,0.19311012567292588
unknown,f16,f16,long,2048,vanilla,measurements/1254633-track-a1-server-sweep-x86,1.0,128,8835060.0,/projects/F202500010HPCVLABUMINHO/uminhocp006/aded-project-llamacpp/llamacpp-tq/models/Meta-Llama-3.1-8B-Instruct-Q4_K_M.gguf,model-1-mandatory,1,long_memory_bound_reasoning,1,measurements/organized_a1_results/x86_server/a1_server_scaling_summary.csv,3,thread-scaling,48,48,6.347996143178506,0.15730439651437567,0.1894032933341805
unknown,f16,f16,long,2048,vanilla,measurements/1254633-track-a1-server-sweep-x86,1.0,128,8835060.0,/projects/F202500010HPCVLABUMINHO/uminhocp006/aded-project-llamacpp/llamacpp-tq/models/Meta-Llama-3.1-8B-Instruct-Q4_K_M.gguf,model-1-mandatory,1,mandatory_long_transformer_cpu,1,measurements/organized_a1_results/x86_server/a1_server_scaling_summary.csv,3,thread-scaling,48,48,6.408887468452971,0.15598027238052758,0.1803239699996387
unknown,f16,f16,medium,2048,vanilla,measurements/1254633-track-a1-server-sweep-x86,1.0,128,8835060.0,/projects/F202500010HPCVLABUMINHO/uminhocp006/aded-project-llamacpp/llamacpp-tq/models/Meta-Llama-3.1-8B-Instruct-Q4_K_M.gguf,model-1-mandatory,1,mandatory_medium_ml_vs_dl,1,measurements/organized_a1_results/x86_server/a1_server_scaling_summary.csv,3,thread-scaling,48,48,6.46570246705251,0.15460242094484883,0.1701933190051932
unknown,f16,f16,medium,2048,vanilla,measurements/1254633-track-a1-server-sweep-x86,1.0,128,8835060.0,/projects/F202500010HPCVLABUMINHO/uminhocp006/aded-project-llamacpp/llamacpp-tq/models/Meta-Llama-3.1-8B-Instruct-Q4_K_M.gguf,model-1-mandatory,1,medium_cpu_inference_pipeline,1,measurements/organized_a1_results/x86_server/a1_server_scaling_summary.csv,3,thread-scaling,48,48,6.451587545057559,0.154886714863564,0.17901840166693242
unknown,f16,f16,medium,2048,vanilla,measurements/1254633-track-a1-server-sweep-x86,1.0,128,8835060.0,/projects/F202500010HPCVLABUMINHO/uminhocp006/aded-project-llamacpp/llamacpp-tq/models/Meta-Llama-3.1-8B-Instruct-Q4_K_M.gguf,model-1-mandatory,1,medium_quant_tradeoff,1,measurements/organized_a1_results/x86_server/a1_server_scaling_summary.csv,3,thread-scaling,48,48,6.4796185093186836,0.15422505596845124,0.17811905166793926
unknown,f16,f16,short,2048,vanilla,measurements/1254633-track-a1-server-sweep-x86,1.0,128,8835060.0,/projects/F202500010HPCVLABUMINHO/uminhocp006/aded-project-llamacpp/llamacpp-tq/models/Meta-Llama-3.1-8B-Instruct-Q4_K_M.gguf,model-1-mandatory,1,mandatory_short_capital_france,1,measurements/organized_a1_results/x86_server/a1_server_scaling_summary.csv,3,thread-scaling,48,48,5.162841384047381,0.15604972816395782,0.2654087130019131
unknown,f16,f16,short,2048,vanilla,measurements/1254633-track-a1-server-sweep-x86,1.0,128,8835060.0,/projects/F202500010HPCVLABUMINHO/uminhocp006/aded-project-llamacpp/llamacpp-tq/models/Meta-Llama-3.1-8B-Instruct-Q4_K_M.gguf,model-1-mandatory,1,short_cpu_quantisation,1,measurements/organized_a1_results/x86_server/a1_server_scaling_summary.csv,3,thread-scaling,48,48,6.331346630050339,0.15542449007877773,0.48560280532304506
unknown,f16,f16,short,2048,vanilla,measurements/1254633-track-a1-server-sweep-x86,1.0,128,8835060.0,/projects/F202500010HPCVLABUMINHO/uminhocp006/aded-project-llamacpp/llamacpp-tq/models/Meta-Llama-3.1-8B-Instruct-Q4_K_M.gguf,model-1-mandatory,1,short_threading_definition,1,measurements/organized_a1_results/x86_server/a1_server_scaling_summary.csv,3,thread-scaling,48,48,6.469402772020685,0.1545315253465214,0.16777163665392436
unknown,f16,f16,long,2048,vanilla,measurements/1254633-track-a1-server-sweep-x86,1.0,128,8823636.0,/projects/F202500010HPCVLABUMINHO/uminhocp006/aded-project-llamacpp/llamacpp-tq/models/Meta-Llama-3.1-8B-Instruct-Q4_K_M.gguf,model-1-mandatory,1,long_hpc_case_study,1,measurements/organized_a1_results/x86_server/a1_server_scaling_summary.csv,3,thread-scaling,64,64,7.470910566704305,0.13363170393438903,0.1617575346705659
unknown,f16,f16,long,2048,vanilla,measurements/1254633-track-a1-server-sweep-x86,1.0,128,8823636.0,/projects/F202500010HPCVLABUMINHO/uminhocp006/aded-project-llamacpp/llamacpp-tq/models/Meta-Llama-3.1-8B-Instruct-Q4_K_M.gguf,model-1-mandatory,1,long_memory_bound_reasoning,1,measurements/organized_a1_results/x86_server/a1_server_scaling_summary.csv,3,thread-scaling,64,64,7.460441972221183,0.1338042174881505,0.16421838300690675
unknown,f16,f16,long,2048,vanilla,measurements/1254633-track-a1-server-sweep-x86,1.0,128,8823636.0,/projects/F202500010HPCVLABUMINHO/uminhocp006/aded-project-llamacpp/llamacpp-tq/models/Meta-Llama-3.1-8B-Instruct-Q4_K_M.gguf,model-1-mandatory,1,mandatory_long_transformer_cpu,1,measurements/organized_a1_results/x86_server/a1_server_scaling_summary.csv,3,thread-scaling,64,64,7.541992570977471,0.13241250967983342,0.15560458199858354
unknown,f16,f16,medium,2048,vanilla,measurements/1254633-track-a1-server-sweep-x86,1.0,128,8823636.0,/projects/F202500010HPCVLABUMINHO/uminhocp006/aded-project-llamacpp/llamacpp-tq/models/Meta-Llama-3.1-8B-Instruct-Q4_K_M.gguf,model-1-mandatory,1,mandatory_medium_ml_vs_dl,1,measurements/organized_a1_results/x86_server/a1_server_scaling_summary.csv,3,thread-scaling,64,64,7.611519825144694,0.1312586816378076,0.14683581666516451
unknown,f16,f16,medium,2048,vanilla,measurements/1254633-track-a1-server-sweep-x86,1.0,128,8823636.0,/projects/F202500010HPCVLABUMINHO/uminhocp006/aded-project-llamacpp/llamacpp-tq/models/Meta-Llama-3.1-8B-Instruct-Q4_K_M.gguf,model-1-mandatory,1,medium_cpu_inference_pipeline,1,measurements/organized_a1_results/x86_server/a1_server_scaling_summary.csv,3,thread-scaling,64,64,7.614865715942297,0.13118859321000287,0.1485924126560955
unknown,f16,f16,medium,2048,vanilla,measurements/1254633-track-a1-server-sweep-x86,1.0,128,8823636.0,/projects/F202500010HPCVLABUMINHO/uminhocp006/aded-project-llamacpp/llamacpp-tq/models/Meta-Llama-3.1-8B-Instruct-Q4_K_M.gguf,model-1-mandatory,1,medium_quant_tradeoff,1,measurements/organized_a1_results/x86_server/a1_server_scaling_summary.csv,3,thread-scaling,64,64,7.615531094780286,0.13114550756168333,0.15229999734826075
unknown,f16,f16,short,2048,vanilla,measurements/1254633-track-a1-server-sweep-x86,1.0,128,8823636.0,/projects/F202500010HPCVLABUMINHO/uminhocp006/aded-project-llamacpp/llamacpp-tq/models/Meta-Llama-3.1-8B-Instruct-Q4_K_M.gguf,model-1-mandatory,1,mandatory_short_capital_france,1,measurements/organized_a1_results/x86_server/a1_server_scaling_summary.csv,3,thread-scaling,64,64,6.104474078773013,0.13133328033210193,0.22763919567417665
unknown,f16,f16,short,2048,vanilla,measurements/1254633-track-a1-server-sweep-x86,1.0,128,8823636.0,/projects/F202500010HPCVLABUMINHO/uminhocp006/aded-project-llamacpp/llamacpp-tq/models/Meta-Llama-3.1-8B-Instruct-Q4_K_M.gguf,model-1-mandatory,1,short_cpu_quantisation,1,measurements/organized_a1_results/x86_server/a1_server_scaling_summary.csv,3,thread-scaling,64,64,7.486350979587469,0.1313904149132705,0.41106424933726277
unknown,f16,f16,short,2048,vanilla,measurements/1254633-track-a1-server-sweep-x86,1.0,128,8823636.0,/projects/F202500010HPCVLABUMINHO/uminhocp006/aded-project-llamacpp/llamacpp-tq/models/Meta-Llama-3.1-8B-Instruct-Q4_K_M.gguf,model-1-mandatory,1,short_threading_definition,1,measurements/organized_a1_results/x86_server/a1_server_scaling_summary.csv,3,thread-scaling,64,64,7.605400427617868,0.13139283585032446,0.14326642633144124
unknown,f16,f16,long,2048,vanilla,measurements/1254633-track-a1-server-sweep-x86,1.0,128,8822152.0,/projects/F202500010HPCVLABUMINHO/uminhocp006/aded-project-llamacpp/llamacpp-tq/models/Meta-Llama-3.1-8B-Instruct-Q4_K_M.gguf,model-1-mandatory,1,long_hpc_case_study,1,measurements/organized_a1_results/x86_server/a1_server_scaling_summary.csv,3,thread-scaling,8,8,9.54328355301331,0.10457003692389903,0.13234132532670628
unknown,f16,f16,long,2048,vanilla,measurements/1254633-track-a1-server-sweep-x86,1.0,128,8822152.0,/projects/F202500010HPCVLABUMINHO/uminhocp006/aded-project-llamacpp/llamacpp-tq/models/Meta-Llama-3.1-8B-Instruct-Q4_K_M.gguf,model-1-mandatory,1,long_memory_bound_reasoning,1,measurements/organized_a1_results/x86_server/a1_server_scaling_summary.csv,3,thread-scaling,8,8,9.51723527842032,0.10484045328085954,0.1348599029976564
unknown,f16,f16,long,2048,vanilla,measurements/1254633-track-a1-server-sweep-x86,1.0,128,8822152.0,/projects/F202500010HPCVLABUMINHO/uminhocp006/aded-project-llamacpp/llamacpp-tq/models/Meta-Llama-3.1-8B-Instruct-Q4_K_M.gguf,model-1-mandatory,1,mandatory_long_transformer_cpu,1,measurements/organized_a1_results/x86_server/a1_server_scaling_summary.csv,3,thread-scaling,8,8,9.709043409609759,0.102828540742815,0.12454089699895121
unknown,f16,f16,medium,2048,vanilla,measurements/1254633-track-a1-server-sweep-x86,1.0,128,8822152.0,/projects/F202500010HPCVLABUMINHO/uminhocp006/aded-project-llamacpp/llamacpp-tq/models/Meta-Llama-3.1-8B-Instruct-Q4_K_M.gguf,model-1-mandatory,1,mandatory_medium_ml_vs_dl,1,measurements/organized_a1_results/x86_server/a1_server_scaling_summary.csv,3,thread-scaling,8,8,9.798840471777405,0.10192158107347592,0.11880520733150964
unknown,f16,f16,medium,2048,vanilla,measurements/1254633-track-a1-server-sweep-x86,1.0,128,8822152.0,/projects/F202500010HPCVLABUMINHO/uminhocp006/aded-project-llamacpp/llamacpp-tq/models/Meta-Llama-3.1-8B-Instruct-Q4_K_M.gguf,model-1-mandatory,1,medium_cpu_inference_pipeline,1,measurements/organized_a1_results/x86_server/a1_server_scaling_summary.csv,3,thread-scaling,8,8,9.806015011397628,0.10183608346455089,0.12022339299922653
unknown,f16,f16,medium,2048,vanilla,measurements/1254633-track-a1-server-sweep-x86,1.0,128,8822152.0,/projects/F202500010HPCVLABUMINHO/uminhocp006/aded-project-llamacpp/llamacpp-tq/models/Meta-Llama-3.1-8B-Instruct-Q4_K_M.gguf,model-1-mandatory,1,medium_quant_tradeoff,1,measurements/organized_a1_results/x86_server/a1_server_scaling_summary.csv,3,thread-scaling,8,8,9.783086871481991,0.10205684926772118,0.12279581832990516
unknown,f16,f16,short,2048,vanilla,measurements/1254633-track-a1-server-sweep-x86,1.0,128,8822152.0,/projects/F202500010HPCVLABUMINHO/uminhocp006/aded-project-llamacpp/llamacpp-tq/models/Meta-Llama-3.1-8B-Instruct-Q4_K_M.gguf,model-1-mandatory,1,mandatory_short_capital_france,1,measurements/organized_a1_results/x86_server/a1_server_scaling_summary.csv,3,thread-scaling,8,8,5.954006756360045,0.103192811723501,0.4533076603305138
unknown,f16,f16,short,2048,vanilla,measurements/1254633-track-a1-server-sweep-x86,1.0,128,8822152.0,/projects/F202500010HPCVLABUMINHO/uminhocp006/aded-project-llamacpp/llamacpp-tq/models/Meta-Llama-3.1-8B-Instruct-Q4_K_M.gguf,model-1-mandatory,1,short_cpu_quantisation,1,measurements/organized_a1_results/x86_server/a1_server_scaling_summary.csv,3,thread-scaling,8,8,9.090320340585391,0.102649372545932,1.0452895446651382
unknown,f16,f16,short,2048,vanilla,measurements/1254633-track-a1-server-sweep-x86,1.0,128,8822152.0,/projects/F202500010HPCVLABUMINHO/uminhocp006/aded-project-llamacpp/llamacpp-tq/models/Meta-Llama-3.1-8B-Instruct-Q4_K_M.gguf,model-1-mandatory,1,short_threading_definition,1,measurements/organized_a1_results/x86_server/a1_server_scaling_summary.csv,3,thread-scaling,8,8,9.784132833910249,0.10212754120733535,0.11264435233412466
unknown,f16,f16,long,2048,vanilla,measurements/1254633-track-a1-server-sweep-x86,1.0,128,8817736.0,/projects/F202500010HPCVLABUMINHO/uminhocp006/aded-project-llamacpp/llamacpp-tq/models/Meta-Llama-3.1-8B-Instruct-Q4_K_M.gguf,model-1-mandatory,1,long_hpc_case_study,1,measurements/organized_a1_results/x86_server/a1_server_scaling_summary.csv,3,thread-scaling,96,96,8.424251316741785,0.1184971933306581,0.14729239534547864
unknown,f16,f16,long,2048,vanilla,measurements/1254633-track-a1-server-sweep-x86,1.0,128,8817736.0,/projects/F202500010HPCVLABUMINHO/uminhocp006/aded-project-llamacpp/llamacpp-tq/models/Meta-Llama-3.1-8B-Instruct-Q4_K_M.gguf,model-1-mandatory,1,long_memory_bound_reasoning,1,measurements/organized_a1_results/x86_server/a1_server_scaling_summary.csv,3,thread-scaling,96,96,8.463440863676137,0.11793376457219909,0.1480872726533562
unknown,f16,f16,long,2048,vanilla,measurements/1254633-track-a1-server-sweep-x86,1.0,128,8817736.0,/projects/F202500010HPCVLABUMINHO/uminhocp006/aded-project-llamacpp/llamacpp-tq/models/Meta-Llama-3.1-8B-Instruct-Q4_K_M.gguf,model-1-mandatory,1,mandatory_long_transformer_cpu,1,measurements/organized_a1_results/x86_server/a1_server_scaling_summary.csv,3,thread-scaling,96,96,8.51780703563635,0.11723263512073412,0.13911455466101566
unknown,f16,f16,medium,2048,vanilla,measurements/1254633-track-a1-server-sweep-x86,1.0,128,8817736.0,/projects/F202500010HPCVLABUMINHO/uminhocp006/aded-project-llamacpp/llamacpp-tq/models/Meta-Llama-3.1-8B-Instruct-Q4_K_M.gguf,model-1-mandatory,1,mandatory_medium_ml_vs_dl,1,measurements/organized_a1_results/x86_server/a1_server_scaling_summary.csv,3,thread-scaling,96,96,8.621512674272374,0.1158664697375432,0.13219048900646158
unknown,f16,f16,medium,2048,vanilla,measurements/1254633-track-a1-server-sweep-x86,1.0,128,8817736.0,/projects/F202500010HPCVLABUMINHO/uminhocp006/aded-project-llamacpp/llamacpp-tq/models/Meta-Llama-3.1-8B-Instruct-Q4_K_M.gguf,model-1-mandatory,1,medium_cpu_inference_pipeline,1,measurements/organized_a1_results/x86_server/a1_server_scaling_summary.csv,3,thread-scaling,96,96,8.567465556491985,0.11658309230966227,0.13445124367717654
unknown,f16,f16,medium,2048,vanilla,measurements/1254633-track-a1-server-sweep-x86,1.0,128,8817736.0,/projects/F202500010HPCVLABUMINHO/uminhocp006/aded-project-llamacpp/llamacpp-tq/models/Meta-Llama-3.1-8B-Instruct-Q4_K_M.gguf,model-1-mandatory,1,medium_quant_tradeoff,1,measurements/organized_a1_results/x86_server/a1_server_scaling_summary.csv,3,thread-scaling,96,96,8.529931769630032,0.11706834696853544,0.13950372532902597
unknown,f16,f16,short,2048,vanilla,measurements/1254633-track-a1-server-sweep-x86,1.0,128,8817736.0,/projects/F202500010HPCVLABUMINHO/uminhocp006/aded-project-llamacpp/llamacpp-tq/models/Meta-Llama-3.1-8B-Instruct-Q4_K_M.gguf,model-1-mandatory,1,mandatory_short_capital_france,1,measurements/organized_a1_results/x86_server/a1_server_scaling_summary.csv,3,thread-scaling,96,96,6.9501855742412975,0.11445265844425496,0.20574076567815305
unknown,f16,f16,short,2048,vanilla,measurements/1254633-track-a1-server-sweep-x86,1.0,128,8817736.0,/projects/F202500010HPCVLABUMINHO/uminhocp006/aded-project-llamacpp/llamacpp-tq/models/Meta-Llama-3.1-8B-Instruct-Q4_K_M.gguf,model-1-mandatory,1,short_cpu_quantisation,1,measurements/organized_a1_results/x86_server/a1_server_scaling_summary.csv,3,thread-scaling,96,96,8.506479654082709,0.1157163829343171,0.35167453200362314
unknown,f16,f16,short,2048,vanilla,measurements/1254633-track-a1-server-sweep-x86,1.0,128,8817736.0,/projects/F202500010HPCVLABUMINHO/uminhocp006/aded-project-llamacpp/llamacpp-tq/models/Meta-Llama-3.1-8B-Instruct-Q4_K_M.gguf,model-1-mandatory,1,short_threading_definition,1,measurements/organized_a1_results/x86_server/a1_server_scaling_summary.csv,3,thread-scaling,96,96,8.640989800661291,0.11563944028876233,0.12744958300027065
