warning: no usable GPU found, --gpu-layers option will be ignored
warning: one possible reason is that llama.cpp was compiled without GPU support
warning: consult docs/build.md for compilation instructions
build_info: b0-unknown
system_info: n_threads = 24 (n_threads_batch = 24) / 48 | CPU : NEON = 1 | ARM_FMA = 1 | FP16_VA = 1 | SVE = 1 | SVE_CNT = 64 | OPENMP = 1 | REPACK = 1 | 
init: using 47 threads for HTTP server
start: binding port with default address family
main: loading model
srv    load_model: loading model '/projects/F202500010HPCVLABUMINHO/uminhocp006/aded-project-llamacpp/llamacpp-tq/models/gemma-4-E4B-it-OBLITERATED-Q4_K_M.gguf'
llama_model_loader: loaded meta data with 44 key-value pairs and 720 tensors from /projects/F202500010HPCVLABUMINHO/uminhocp006/aded-project-llamacpp/llamacpp-tq/models/gemma-4-E4B-it-OBLITERATED-Q4_K_M.gguf (version GGUF V3 (latest))
llama_model_loader: Dumping metadata keys/values. Note: KV overrides do not apply in this output.
llama_model_loader: - kv   0:                       general.architecture str              = gemma4
llama_model_loader: - kv   1:                               general.type str              = model
llama_model_loader: - kv   2:                     general.sampling.top_k i32              = 64
llama_model_loader: - kv   3:                     general.sampling.top_p f32              = 0.950000
llama_model_loader: - kv   4:                      general.sampling.temp f32              = 1.000000
llama_model_loader: - kv   5:                               general.name str              = Gemma 4 E4B It OBLITERATED v3.1
llama_model_loader: - kv   6:                            general.version str              = v3.1
llama_model_loader: - kv   7:                           general.basename str              = gemma-4-E4B-it-OBLITERATED
llama_model_loader: - kv   8:                         general.size_label str              = 7.5B
llama_model_loader: - kv   9:                         gemma4.block_count u32              = 42
llama_model_loader: - kv  10:                      gemma4.context_length u32              = 131072
llama_model_loader: - kv  11:                    gemma4.embedding_length u32              = 2560
llama_model_loader: - kv  12:                 gemma4.feed_forward_length u32              = 10240
llama_model_loader: - kv  13:                gemma4.attention.head_count u32              = 8
llama_model_loader: - kv  14:             gemma4.attention.head_count_kv u32              = 2
llama_model_loader: - kv  15:                      gemma4.rope.freq_base f32              = 1000000.000000
llama_model_loader: - kv  16:                  gemma4.rope.freq_base_swa f32              = 10000.000000
llama_model_loader: - kv  17:    gemma4.attention.layer_norm_rms_epsilon f32              = 0.000001
llama_model_loader: - kv  18:                gemma4.attention.key_length u32              = 512
llama_model_loader: - kv  19:              gemma4.attention.value_length u32              = 512
llama_model_loader: - kv  20:             gemma4.final_logit_softcapping f32              = 30.000000
llama_model_loader: - kv  21:            gemma4.attention.sliding_window u32              = 512
llama_model_loader: - kv  22:          gemma4.attention.shared_kv_layers u32              = 18
llama_model_loader: - kv  23:    gemma4.embedding_length_per_layer_input u32              = 256
llama_model_loader: - kv  24:    gemma4.attention.sliding_window_pattern arr[bool,42]     = [true, true, true, true, true, false,...
llama_model_loader: - kv  25:            gemma4.attention.key_length_swa u32              = 256
llama_model_loader: - kv  26:          gemma4.attention.value_length_swa u32              = 256
llama_model_loader: - kv  27:                gemma4.rope.dimension_count u32              = 512
llama_model_loader: - kv  28:            gemma4.rope.dimension_count_swa u32              = 256
llama_model_loader: - kv  29:                       tokenizer.ggml.model str              = gemma4
llama_model_loader: - kv  30:                      tokenizer.ggml.tokens arr[str,262144]  = ["<pad>", "<eos>", "<bos>", "<unk>", ...
llama_model_loader: - kv  31:                      tokenizer.ggml.scores arr[f32,262144]  = [-1000.000000, -1000.000000, -1000.00...
llama_model_loader: - kv  32:                  tokenizer.ggml.token_type arr[i32,262144]  = [3, 3, 3, 3, 3, 1, 1, 1, 1, 1, 1, 1, ...
llama_model_loader: - kv  33:                      tokenizer.ggml.merges arr[str,514906]  = ["\n\n\n\n\n\n\n\n\n\n\n\n\n\n\n\n\n\n\n\n\n\n\n\n\n\n\n\n\n\n \n", ...
llama_model_loader: - kv  34:                tokenizer.ggml.bos_token_id u32              = 2
llama_model_loader: - kv  35:                tokenizer.ggml.eos_token_id u32              = 1
llama_model_loader: - kv  36:            tokenizer.ggml.unknown_token_id u32              = 3
llama_model_loader: - kv  37:            tokenizer.ggml.padding_token_id u32              = 0
llama_model_loader: - kv  38:               tokenizer.ggml.mask_token_id u32              = 4
llama_model_loader: - kv  39:                    tokenizer.chat_template str              = {%- macro format_parameters(propertie...
llama_model_loader: - kv  40:            tokenizer.ggml.add_space_prefix bool             = false
llama_model_loader: - kv  41:               tokenizer.ggml.add_bos_token bool             = true
llama_model_loader: - kv  42:               general.quantization_version u32              = 2
llama_model_loader: - kv  43:                          general.file_type u32              = 15
llama_model_loader: - type  f32:  339 tensors
llama_model_loader: - type  f16:    1 tensors
llama_model_loader: - type q4_K:  336 tensors
llama_model_loader: - type q6_K:   44 tensors
print_info: file format = GGUF V3 (latest)
print_info: file type   = Q4_K - Medium
print_info: file size   = 4.95 GiB (5.66 BPW) 
load: 0 unused tokens
load: control-looking token:    212 '</s>' was not control-type; this is probably a bug in the model. its type will be overridden
load: control-looking token:     50 '<|tool_response>' was not control-type; this is probably a bug in the model. its type will be overridden
load: printing all EOG tokens:
load:   - 1 ('<eos>')
load:   - 50 ('<|tool_response>')
load:   - 106 ('<turn|>')
load:   - 212 ('</s>')
load: special_eog_ids contains '<|tool_response>', removing '</s>' token from EOG list
load: special tokens cache size = 24
load: token to piece cache size = 1.9445 MB
print_info: arch                  = gemma4
print_info: vocab_only            = 0
print_info: no_alloc              = 0
print_info: n_ctx_train           = 131072
print_info: n_embd                = 2560
print_info: n_embd_inp            = 2560
print_info: n_layer               = 42
print_info: n_head                = 8
print_info: n_head_kv             = 2
print_info: n_rot                 = 512
print_info: n_swa                 = 512
print_info: is_swa_any            = 1
print_info: n_embd_head_k         = 512
print_info: n_embd_head_v         = 512
print_info: n_gqa                 = 4
print_info: n_embd_k_gqa          = [512, 512, 512, 512, 512, 1024, 512, 512, 512, 512, 512, 1024, 512, 512, 512, 512, 512, 1024, 512, 512, 512, 512, 512, 1024, 512, 512, 512, 512, 512, 1024, 512, 512, 512, 512, 512, 1024, 512, 512, 512, 512, 512, 1024]
print_info: n_embd_v_gqa          = [512, 512, 512, 512, 512, 1024, 512, 512, 512, 512, 512, 1024, 512, 512, 512, 512, 512, 1024, 512, 512, 512, 512, 512, 1024, 512, 512, 512, 512, 512, 1024, 512, 512, 512, 512, 512, 1024, 512, 512, 512, 512, 512, 1024]
print_info: f_norm_eps            = 0.0e+00
print_info: f_norm_rms_eps        = 1.0e-06
print_info: f_clamp_kqv           = 0.0e+00
print_info: f_max_alibi_bias      = 0.0e+00
print_info: f_logit_scale         = 0.0e+00
print_info: f_attn_scale          = 1.0e+00
print_info: n_ff                  = 10240
print_info: n_expert              = 0
print_info: n_expert_used         = 0
print_info: n_expert_groups       = 0
print_info: n_group_used          = 0
print_info: causal attn           = 1
print_info: pooling type          = -1
print_info: rope type             = 2
print_info: rope scaling          = linear
print_info: freq_base_train       = 1000000.0
print_info: freq_scale_train      = 1
print_info: freq_base_swa         = 10000.0
print_info: freq_scale_swa        = 1
print_info: n_embd_head_k_swa     = 256
print_info: n_embd_head_v_swa     = 256
print_info: n_rot_swa             = 256
print_info: n_ctx_orig_yarn       = 131072
print_info: rope_yarn_log_mul     = 0.0000
print_info: rope_finetuned        = unknown
print_info: model type            = E4B
print_info: model params          = 7.52 B
print_info: general.name          = Gemma 4 E4B It OBLITERATED v3.1
print_info: vocab type            = BPE
print_info: n_vocab               = 262144
print_info: n_merges              = 514906
print_info: BOS token             = 2 '<bos>'
print_info: EOS token             = 1 '<eos>'
print_info: UNK token             = 3 '<unk>'
print_info: PAD token             = 0 '<pad>'
print_info: MASK token            = 4 '<mask>'
print_info: LF token              = 107 '
'
print_info: EOG token             = 1 '<eos>'
print_info: EOG token             = 50 '<|tool_response>'
print_info: EOG token             = 106 '<turn|>'
print_info: max token length      = 93
load_tensors: loading model tensors, this can take a while... (mmap = true, direct_io = false)
load_tensors:   CPU_Mapped model buffer size =  5073.04 MiB
.............................................
common_init_result: added <eos> logit bias = -inf
common_init_result: added <|tool_response> logit bias = -inf
common_init_result: added <turn|> logit bias = -inf
llama_init_from_model: turbo cache types require flash_attn — enabling automatically
llama_context: constructing llama_context
llama_context: n_seq_max     = 1
llama_context: n_ctx         = 2048
llama_context: n_ctx_seq     = 2048
llama_context: n_batch       = 2048
llama_context: n_ubatch      = 512
llama_context: causal_attn   = 1
llama_context: flash_attn    = enabled
llama_context: kv_unified    = false
llama_context: freq_base     = 1000000.0
llama_context: freq_scale    = 1
llama_context: n_ctx_seq (2048) < n_ctx_train (131072) -- the full capacity of the model will not be utilized
llama_context:        CPU  output buffer size =     1.00 MiB
llama_kv_cache_iswa: creating non-SWA KV cache, size = 2048 cells
llama_kv_cache:        CPU KV buffer size =     8.63 MiB
llama_kv_cache: TurboQuant rotation matrices initialized (128x128)
llama_kv_cache: size =    8.50 MiB (  2048 cells,   4 layers,  1/1 seqs), K (turbo4):    4.25 MiB, V (turbo4):    4.25 MiB
llama_kv_cache: attn_rot_k = 0, n_embd_head_k_all = 512
llama_kv_cache: attn_rot_v = 0, n_embd_head_k_all = 512
llama_kv_cache_iswa: creating     SWA KV cache, size = 1024 cells
llama_kv_cache:        CPU KV buffer size =    10.75 MiB
llama_kv_cache: TurboQuant rotation matrices initialized (128x128)
llama_kv_cache: size =   10.62 MiB (  1024 cells,  20 layers,  1/1 seqs), K (turbo4):    5.31 MiB, V (turbo4):    5.31 MiB
llama_kv_cache: attn_rot_k = 0, n_embd_head_k_all = 256
llama_kv_cache: attn_rot_v = 0, n_embd_head_k_all = 256
sched_reserve: reserving ...
sched_reserve: resolving fused Gated Delta Net support:
sched_reserve: fused Gated Delta Net (autoregressive) enabled
sched_reserve: fused Gated Delta Net (chunked) enabled
sched_reserve:        CPU compute buffer size =   522.00 MiB
sched_reserve: graph nodes  = 1951
sched_reserve: graph splits = 1
sched_reserve: reserve took 18.83 ms, sched copies = 1
common_init_from_params: warming up the model with an empty run - please wait ... (--no-warmup to disable)
srv    load_model: initializing slots, n_slots = 1
no implementations specified for speculative decoding
slot   load_model: id  0 | task -1 | new slot, n_ctx = 2048
srv    load_model: prompt cache is enabled, size limit: 8192 MiB
srv    load_model: use `--cache-ram 0` to disable the prompt cache
srv    load_model: for more info see https://github.com/ggml-org/llama.cpp/pull/16391
srv          init: init: --cache-idle-slots requires --kv-unified, disabling
init: chat template, example_format: '<|turn>system
<|think|>
You are a helpful assistant<turn|>
<|turn>user
Hello<turn|>
<|turn>model
Hi there<turn|>
<|turn>user
How are you?<turn|>
<|turn>model
'
srv          init: init: chat template, thinking = 1
main: model loaded
main: server is listening on http://127.0.0.1:18080
main: starting the main loop...
srv  update_slots: all slots are idle
srv  params_from_: Chat format: peg-gemma4
slot get_availabl: id  0 | task -1 | selected slot by LRU, t_last = -1
srv  get_availabl: updating prompt cache
srv          load:  - looking for better prompt, base f_keep = -1.000, sim = 0.000
srv        update:  - cache state: 0 prompts, 0.000 MiB (limits: 8192.000 MiB, 2048 tokens, 8589934592 est)
srv  get_availabl: prompt cache update took 0.02 ms
slot launch_slot_: id  0 | task -1 | sampler chain: logits -> ?penalties -> ?dry -> ?top-n-sigma -> top-k -> ?typical -> ?top-p -> min-p -> ?xtc -> temp-ext -> dist 
slot launch_slot_: id  0 | task 0 | processing task, is_child = 0
slot update_slots: id  0 | task 0 | new prompt, n_ctx_slot = 2048, n_keep = 0, task.n_tokens = 23
slot update_slots: id  0 | task 0 | n_tokens = 0, memory_seq_rm [0, end)
slot update_slots: id  0 | task 0 | prompt processing progress, n_tokens = 19, batch.n_tokens = 19, progress = 0.826087
slot update_slots: id  0 | task 0 | n_tokens = 19, memory_seq_rm [19, end)
slot init_sampler: id  0 | task 0 | init sampler, took 0.04 ms, tokens: text = 23, total = 23
slot update_slots: id  0 | task 0 | prompt processing done, n_tokens = 23, batch.n_tokens = 4
srv  log_server_r: done request: POST /v1/chat/completions 127.0.0.1 200
slot print_timing: id  0 | task 0 | 
prompt eval time =    1423.70 ms /    23 tokens (   61.90 ms per token,    16.16 tokens per second)
       eval time =    1295.17 ms /    11 tokens (  117.74 ms per token,     8.49 tokens per second)
      total time =    2718.87 ms /    34 tokens
slot      release: id  0 | task 0 | stop processing: n_tokens = 33, truncated = 0
srv  update_slots: all slots are idle
srv  params_from_: Chat format: peg-gemma4
slot get_availabl: id  0 | task -1 | selected slot by LCP similarity, sim_best = 0.234 (> 0.100 thold), f_keep = 0.333
srv  get_availabl: updating prompt cache
srv   prompt_save:  - saving prompt with length 33, total state size = 0.481 MiB
srv          load:  - looking for better prompt, base f_keep = 0.333, sim = 0.234
srv        update:  - cache state: 1 prompts, 0.481 MiB (limits: 8192.000 MiB, 2048 tokens, 562373 est)
srv        update:    - prompt 0xc76370:      33 tokens, checkpoints:  0,     0.481 MiB
srv  get_availabl: prompt cache update took 0.30 ms
slot launch_slot_: id  0 | task -1 | sampler chain: logits -> ?penalties -> ?dry -> ?top-n-sigma -> top-k -> ?typical -> ?top-p -> min-p -> ?xtc -> temp-ext -> dist 
slot launch_slot_: id  0 | task 13 | processing task, is_child = 0
slot update_slots: id  0 | task 13 | new prompt, n_ctx_slot = 2048, n_keep = 0, task.n_tokens = 47
slot update_slots: id  0 | task 13 | n_past = 11, slot.prompt.tokens.size() = 33, seq_id = 0, pos_min = 0, n_swa = 512
slot update_slots: id  0 | task 13 | forcing full prompt re-processing due to lack of cache data (likely due to SWA or hybrid/recurrent memory, see https://github.com/ggml-org/llama.cpp/pull/13194#issuecomment-2868343055)
slot update_slots: id  0 | task 13 | n_tokens = 0, memory_seq_rm [0, end)
slot update_slots: id  0 | task 13 | prompt processing progress, n_tokens = 43, batch.n_tokens = 43, progress = 0.914894
slot update_slots: id  0 | task 13 | n_tokens = 43, memory_seq_rm [43, end)
slot init_sampler: id  0 | task 13 | init sampler, took 0.03 ms, tokens: text = 47, total = 47
slot update_slots: id  0 | task 13 | prompt processing done, n_tokens = 47, batch.n_tokens = 4
srv  log_server_r: done request: POST /v1/chat/completions 127.0.0.1 200
slot print_timing: id  0 | task 13 | 
prompt eval time =    2777.43 ms /    47 tokens (   59.09 ms per token,    16.92 tokens per second)
       eval time =   18668.97 ms /   128 tokens (  145.85 ms per token,     6.86 tokens per second)
      total time =   21446.39 ms /   175 tokens
slot      release: id  0 | task 13 | stop processing: n_tokens = 174, truncated = 0
srv  update_slots: all slots are idle
srv  params_from_: Chat format: peg-gemma4
slot get_availabl: id  0 | task -1 | selected slot by LCP similarity, sim_best = 0.289 (> 0.100 thold), f_keep = 0.063
srv  get_availabl: updating prompt cache
srv   prompt_save:  - saving prompt with length 174, total state size = 2.532 MiB
srv          load:  - looking for better prompt, base f_keep = 0.063, sim = 0.289
srv        update:  - cache state: 2 prompts, 3.013 MiB (limits: 8192.000 MiB, 2048 tokens, 562836 est)
srv        update:    - prompt 0xc76370:      33 tokens, checkpoints:  0,     0.481 MiB
srv        update:    - prompt 0xc7c180:     174 tokens, checkpoints:  0,     2.532 MiB
srv  get_availabl: prompt cache update took 0.92 ms
slot launch_slot_: id  0 | task -1 | sampler chain: logits -> ?penalties -> ?dry -> ?top-n-sigma -> top-k -> ?typical -> ?top-p -> min-p -> ?xtc -> temp-ext -> dist 
slot launch_slot_: id  0 | task 143 | processing task, is_child = 0
slot update_slots: id  0 | task 143 | new prompt, n_ctx_slot = 2048, n_keep = 0, task.n_tokens = 38
slot update_slots: id  0 | task 143 | n_past = 11, slot.prompt.tokens.size() = 174, seq_id = 0, pos_min = 0, n_swa = 512
slot update_slots: id  0 | task 143 | forcing full prompt re-processing due to lack of cache data (likely due to SWA or hybrid/recurrent memory, see https://github.com/ggml-org/llama.cpp/pull/13194#issuecomment-2868343055)
slot update_slots: id  0 | task 143 | n_tokens = 0, memory_seq_rm [0, end)
slot update_slots: id  0 | task 143 | prompt processing progress, n_tokens = 34, batch.n_tokens = 34, progress = 0.894737
slot update_slots: id  0 | task 143 | n_tokens = 34, memory_seq_rm [34, end)
slot init_sampler: id  0 | task 143 | init sampler, took 0.03 ms, tokens: text = 38, total = 38
slot update_slots: id  0 | task 143 | prompt processing done, n_tokens = 38, batch.n_tokens = 4
srv  log_server_r: done request: POST /v1/chat/completions 127.0.0.1 200
slot print_timing: id  0 | task 143 | 
prompt eval time =    2261.17 ms /    38 tokens (   59.50 ms per token,    16.81 tokens per second)
       eval time =   18385.12 ms /   128 tokens (  143.63 ms per token,     6.96 tokens per second)
      total time =   20646.29 ms /   166 tokens
slot      release: id  0 | task 143 | stop processing: n_tokens = 165, truncated = 0
srv  update_slots: all slots are idle
srv  params_from_: Chat format: peg-gemma4
slot get_availabl: id  0 | task -1 | selected slot by LCP similarity, sim_best = 0.324 (> 0.100 thold), f_keep = 0.067
srv  get_availabl: updating prompt cache
srv   prompt_save:  - saving prompt with length 165, total state size = 2.401 MiB
srv          load:  - looking for better prompt, base f_keep = 0.067, sim = 0.324
srv        update:  - cache state: 3 prompts, 5.414 MiB (limits: 8192.000 MiB, 2048 tokens, 562871 est)
srv        update:    - prompt 0xc76370:      33 tokens, checkpoints:  0,     0.481 MiB
srv        update:    - prompt 0xc7c180:     174 tokens, checkpoints:  0,     2.532 MiB
srv        update:    - prompt 0xdf2470:     165 tokens, checkpoints:  0,     2.401 MiB
srv  get_availabl: prompt cache update took 0.88 ms
slot launch_slot_: id  0 | task -1 | sampler chain: logits -> ?penalties -> ?dry -> ?top-n-sigma -> top-k -> ?typical -> ?top-p -> min-p -> ?xtc -> temp-ext -> dist 
slot launch_slot_: id  0 | task 273 | processing task, is_child = 0
slot update_slots: id  0 | task 273 | new prompt, n_ctx_slot = 2048, n_keep = 0, task.n_tokens = 34
slot update_slots: id  0 | task 273 | n_past = 11, slot.prompt.tokens.size() = 165, seq_id = 0, pos_min = 0, n_swa = 512
slot update_slots: id  0 | task 273 | forcing full prompt re-processing due to lack of cache data (likely due to SWA or hybrid/recurrent memory, see https://github.com/ggml-org/llama.cpp/pull/13194#issuecomment-2868343055)
slot update_slots: id  0 | task 273 | n_tokens = 0, memory_seq_rm [0, end)
slot update_slots: id  0 | task 273 | prompt processing progress, n_tokens = 30, batch.n_tokens = 30, progress = 0.882353
slot update_slots: id  0 | task 273 | n_tokens = 30, memory_seq_rm [30, end)
slot init_sampler: id  0 | task 273 | init sampler, took 0.05 ms, tokens: text = 34, total = 34
slot update_slots: id  0 | task 273 | prompt processing done, n_tokens = 34, batch.n_tokens = 4
srv  log_server_r: done request: POST /v1/chat/completions 127.0.0.1 200
slot print_timing: id  0 | task 273 | 
prompt eval time =    2069.43 ms /    34 tokens (   60.87 ms per token,    16.43 tokens per second)
       eval time =   18341.88 ms /   128 tokens (  143.30 ms per token,     6.98 tokens per second)
      total time =   20411.31 ms /   162 tokens
slot      release: id  0 | task 273 | stop processing: n_tokens = 161, truncated = 0
srv  update_slots: all slots are idle
srv  params_from_: Chat format: peg-gemma4
slot get_availabl: id  0 | task -1 | selected slot by LCP similarity, sim_best = 0.117 (> 0.100 thold), f_keep = 0.068
srv  get_availabl: updating prompt cache
srv   prompt_save:  - saving prompt with length 161, total state size = 2.343 MiB
srv          load:  - looking for better prompt, base f_keep = 0.068, sim = 0.117
srv        update:  - cache state: 4 prompts, 7.757 MiB (limits: 8192.000 MiB, 2048 tokens, 562884 est)
srv        update:    - prompt 0xc76370:      33 tokens, checkpoints:  0,     0.481 MiB
srv        update:    - prompt 0xc7c180:     174 tokens, checkpoints:  0,     2.532 MiB
srv        update:    - prompt 0xdf2470:     165 tokens, checkpoints:  0,     2.401 MiB
srv        update:    - prompt 0xfffd98003c20:     161 tokens, checkpoints:  0,     2.343 MiB
srv  get_availabl: prompt cache update took 0.87 ms
slot launch_slot_: id  0 | task -1 | sampler chain: logits -> ?penalties -> ?dry -> ?top-n-sigma -> top-k -> ?typical -> ?top-p -> min-p -> ?xtc -> temp-ext -> dist 
slot launch_slot_: id  0 | task 403 | processing task, is_child = 0
slot update_slots: id  0 | task 403 | new prompt, n_ctx_slot = 2048, n_keep = 0, task.n_tokens = 94
slot update_slots: id  0 | task 403 | n_past = 11, slot.prompt.tokens.size() = 161, seq_id = 0, pos_min = 0, n_swa = 512
slot update_slots: id  0 | task 403 | forcing full prompt re-processing due to lack of cache data (likely due to SWA or hybrid/recurrent memory, see https://github.com/ggml-org/llama.cpp/pull/13194#issuecomment-2868343055)
slot update_slots: id  0 | task 403 | n_tokens = 0, memory_seq_rm [0, end)
slot update_slots: id  0 | task 403 | prompt processing progress, n_tokens = 90, batch.n_tokens = 90, progress = 0.957447
slot update_slots: id  0 | task 403 | n_tokens = 90, memory_seq_rm [90, end)
slot init_sampler: id  0 | task 403 | init sampler, took 0.05 ms, tokens: text = 94, total = 94
slot update_slots: id  0 | task 403 | prompt processing done, n_tokens = 94, batch.n_tokens = 4
slot create_check: id  0 | task 403 | created context checkpoint 1 of 32 (pos_min = 0, pos_max = 89, n_tokens = 90, size = 0.935 MiB)
srv  log_server_r: done request: POST /v1/chat/completions 127.0.0.1 200
slot print_timing: id  0 | task 403 | 
prompt eval time =    5598.97 ms /    94 tokens (   59.56 ms per token,    16.79 tokens per second)
       eval time =   19620.77 ms /   128 tokens (  153.29 ms per token,     6.52 tokens per second)
      total time =   25219.74 ms /   222 tokens
slot      release: id  0 | task 403 | stop processing: n_tokens = 221, truncated = 0
srv  update_slots: all slots are idle
srv  params_from_: Chat format: peg-gemma4
slot get_availabl: id  0 | task -1 | selected slot by LCP similarity, sim_best = 0.138 (> 0.100 thold), f_keep = 0.054
srv  get_availabl: updating prompt cache
srv   prompt_save:  - saving prompt with length 221, total state size = 3.216 MiB
srv          load:  - looking for better prompt, base f_keep = 0.054, sim = 0.138
srv        update:  - cache state: 5 prompts, 11.908 MiB (limits: 8192.000 MiB, 2048 tokens, 518690 est)
srv        update:    - prompt 0xc76370:      33 tokens, checkpoints:  0,     0.481 MiB
srv        update:    - prompt 0xc7c180:     174 tokens, checkpoints:  0,     2.532 MiB
srv        update:    - prompt 0xdf2470:     165 tokens, checkpoints:  0,     2.401 MiB
srv        update:    - prompt 0xfffd98003c20:     161 tokens, checkpoints:  0,     2.343 MiB
srv        update:    - prompt 0xded520:     221 tokens, checkpoints:  1,     4.151 MiB
srv  get_availabl: prompt cache update took 1.27 ms
slot launch_slot_: id  0 | task -1 | sampler chain: logits -> ?penalties -> ?dry -> ?top-n-sigma -> top-k -> ?typical -> ?top-p -> min-p -> ?xtc -> temp-ext -> dist 
slot launch_slot_: id  0 | task 533 | processing task, is_child = 0
slot update_slots: id  0 | task 533 | new prompt, n_ctx_slot = 2048, n_keep = 0, task.n_tokens = 87
slot update_slots: id  0 | task 533 | n_past = 12, slot.prompt.tokens.size() = 221, seq_id = 0, pos_min = 0, n_swa = 512
slot update_slots: id  0 | task 533 | Checking checkpoint with [0, 89] against 0...
slot update_slots: id  0 | task 533 | restored context checkpoint (pos_min = 0, pos_max = 89, n_tokens = 90, n_past = 12, size = 0.935 MiB)
slot update_slots: id  0 | task 533 | erased invalidated context checkpoint (pos_min = 0, pos_max = 89, n_tokens = 90, n_swa = 512, pos_next = 12, size = 0.935 MiB)
slot update_slots: id  0 | task 533 | n_tokens = 12, memory_seq_rm [12, end)
slot update_slots: id  0 | task 533 | prompt processing progress, n_tokens = 83, batch.n_tokens = 71, progress = 0.954023
slot create_check: id  0 | task 533 | created context checkpoint 1 of 32 (pos_min = 0, pos_max = 11, n_tokens = 12, size = 0.125 MiB)
slot update_slots: id  0 | task 533 | n_tokens = 83, memory_seq_rm [83, end)
slot init_sampler: id  0 | task 533 | init sampler, took 0.05 ms, tokens: text = 87, total = 87
slot update_slots: id  0 | task 533 | prompt processing done, n_tokens = 87, batch.n_tokens = 4
slot create_check: id  0 | task 533 | created context checkpoint 2 of 32 (pos_min = 0, pos_max = 82, n_tokens = 83, size = 0.863 MiB)
srv  log_server_r: done request: POST /v1/chat/completions 127.0.0.1 200
slot print_timing: id  0 | task 533 | 
prompt eval time =    4500.11 ms /    75 tokens (   60.00 ms per token,    16.67 tokens per second)
       eval time =   19658.26 ms /   128 tokens (  153.58 ms per token,     6.51 tokens per second)
      total time =   24158.37 ms /   203 tokens
slot      release: id  0 | task 533 | stop processing: n_tokens = 214, truncated = 0
srv  update_slots: all slots are idle
srv  params_from_: Chat format: peg-gemma4
slot get_availabl: id  0 | task -1 | selected slot by LRU, t_last = 124307972609
srv  get_availabl: updating prompt cache
srv   prompt_save:  - saving prompt with length 214, total state size = 3.114 MiB
srv          load:  - looking for better prompt, base f_keep = 0.051, sim = 0.069
srv        update:  - cache state: 6 prompts, 16.010 MiB (limits: 8192.000 MiB, 2048 tokens, 495298 est)
srv        update:    - prompt 0xc76370:      33 tokens, checkpoints:  0,     0.481 MiB
srv        update:    - prompt 0xc7c180:     174 tokens, checkpoints:  0,     2.532 MiB
srv        update:    - prompt 0xdf2470:     165 tokens, checkpoints:  0,     2.401 MiB
srv        update:    - prompt 0xfffd98003c20:     161 tokens, checkpoints:  0,     2.343 MiB
srv        update:    - prompt 0xded520:     221 tokens, checkpoints:  1,     4.151 MiB
srv        update:    - prompt 0xdef390:     214 tokens, checkpoints:  2,     4.102 MiB
srv  get_availabl: prompt cache update took 1.23 ms
slot launch_slot_: id  0 | task -1 | sampler chain: logits -> ?penalties -> ?dry -> ?top-n-sigma -> top-k -> ?typical -> ?top-p -> min-p -> ?xtc -> temp-ext -> dist 
slot launch_slot_: id  0 | task 663 | processing task, is_child = 0
slot update_slots: id  0 | task 663 | new prompt, n_ctx_slot = 2048, n_keep = 0, task.n_tokens = 159
slot update_slots: id  0 | task 663 | n_past = 11, slot.prompt.tokens.size() = 214, seq_id = 0, pos_min = 0, n_swa = 512
slot update_slots: id  0 | task 663 | Checking checkpoint with [0, 82] against 0...
slot update_slots: id  0 | task 663 | restored context checkpoint (pos_min = 0, pos_max = 82, n_tokens = 83, n_past = 11, size = 0.863 MiB)
slot update_slots: id  0 | task 663 | erased invalidated context checkpoint (pos_min = 0, pos_max = 82, n_tokens = 83, n_swa = 512, pos_next = 11, size = 0.863 MiB)
slot update_slots: id  0 | task 663 | n_tokens = 11, memory_seq_rm [11, end)
slot update_slots: id  0 | task 663 | prompt processing progress, n_tokens = 155, batch.n_tokens = 144, progress = 0.974843
slot update_slots: id  0 | task 663 | n_tokens = 155, memory_seq_rm [155, end)
slot init_sampler: id  0 | task 663 | init sampler, took 0.09 ms, tokens: text = 159, total = 159
slot update_slots: id  0 | task 663 | prompt processing done, n_tokens = 159, batch.n_tokens = 4
slot create_check: id  0 | task 663 | created context checkpoint 2 of 32 (pos_min = 0, pos_max = 154, n_tokens = 155, size = 1.611 MiB)
srv  log_server_r: done request: POST /v1/chat/completions 127.0.0.1 200
slot print_timing: id  0 | task 663 | 
prompt eval time =    9083.61 ms /   148 tokens (   61.38 ms per token,    16.29 tokens per second)
       eval time =   21187.65 ms /   128 tokens (  165.53 ms per token,     6.04 tokens per second)
      total time =   30271.26 ms /   276 tokens
slot      release: id  0 | task 663 | stop processing: n_tokens = 286, truncated = 0
srv  update_slots: all slots are idle
srv  params_from_: Chat format: peg-gemma4
slot get_availabl: id  0 | task -1 | selected slot by LRU, t_last = 124338254284
srv  get_availabl: updating prompt cache
srv   prompt_save:  - saving prompt with length 286, total state size = 4.162 MiB
srv          load:  - looking for better prompt, base f_keep = 0.038, sim = 0.035
srv        update:  - cache state: 7 prompts, 21.908 MiB (limits: 8192.000 MiB, 2048 tokens, 468914 est)
srv        update:    - prompt 0xc76370:      33 tokens, checkpoints:  0,     0.481 MiB
srv        update:    - prompt 0xc7c180:     174 tokens, checkpoints:  0,     2.532 MiB
srv        update:    - prompt 0xdf2470:     165 tokens, checkpoints:  0,     2.401 MiB
srv        update:    - prompt 0xfffd98003c20:     161 tokens, checkpoints:  0,     2.343 MiB
srv        update:    - prompt 0xded520:     221 tokens, checkpoints:  1,     4.151 MiB
srv        update:    - prompt 0xdef390:     214 tokens, checkpoints:  2,     4.102 MiB
srv        update:    - prompt 0xc6e500:     286 tokens, checkpoints:  2,     5.897 MiB
srv  get_availabl: prompt cache update took 1.78 ms
slot launch_slot_: id  0 | task -1 | sampler chain: logits -> ?penalties -> ?dry -> ?top-n-sigma -> top-k -> ?typical -> ?top-p -> min-p -> ?xtc -> temp-ext -> dist 
slot launch_slot_: id  0 | task 793 | processing task, is_child = 0
slot update_slots: id  0 | task 793 | new prompt, n_ctx_slot = 2048, n_keep = 0, task.n_tokens = 312
slot update_slots: id  0 | task 793 | n_past = 11, slot.prompt.tokens.size() = 286, seq_id = 0, pos_min = 0, n_swa = 512
slot update_slots: id  0 | task 793 | Checking checkpoint with [0, 154] against 0...
slot update_slots: id  0 | task 793 | restored context checkpoint (pos_min = 0, pos_max = 154, n_tokens = 155, n_past = 11, size = 1.611 MiB)
slot update_slots: id  0 | task 793 | erased invalidated context checkpoint (pos_min = 0, pos_max = 154, n_tokens = 155, n_swa = 512, pos_next = 11, size = 1.611 MiB)
slot update_slots: id  0 | task 793 | n_tokens = 11, memory_seq_rm [11, end)
slot update_slots: id  0 | task 793 | prompt processing progress, n_tokens = 308, batch.n_tokens = 297, progress = 0.987179
slot update_slots: id  0 | task 793 | n_tokens = 308, memory_seq_rm [308, end)
slot init_sampler: id  0 | task 793 | init sampler, took 0.15 ms, tokens: text = 312, total = 312
slot update_slots: id  0 | task 793 | prompt processing done, n_tokens = 312, batch.n_tokens = 4
slot create_check: id  0 | task 793 | created context checkpoint 2 of 32 (pos_min = 0, pos_max = 307, n_tokens = 308, size = 3.200 MiB)
srv  log_server_r: done request: POST /v1/chat/completions 127.0.0.1 200
slot print_timing: id  0 | task 793 | 
prompt eval time =   19903.54 ms /   301 tokens (   66.12 ms per token,    15.12 tokens per second)
       eval time =   23769.23 ms /   128 tokens (  185.70 ms per token,     5.39 tokens per second)
      total time =   43672.78 ms /   429 tokens
slot      release: id  0 | task 793 | stop processing: n_tokens = 439, truncated = 0
srv  update_slots: all slots are idle
srv  params_from_: Chat format: peg-gemma4
slot get_availabl: id  0 | task -1 | selected slot by LRU, t_last = 124381939531
srv  get_availabl: updating prompt cache
srv   prompt_save:  - saving prompt with length 439, total state size = 6.388 MiB
srv          load:  - looking for better prompt, base f_keep = 0.025, sim = 0.043
srv        update:  - cache state: 8 prompts, 31.620 MiB (limits: 8192.000 MiB, 2048 tokens, 438614 est)
srv        update:    - prompt 0xc76370:      33 tokens, checkpoints:  0,     0.481 MiB
srv        update:    - prompt 0xc7c180:     174 tokens, checkpoints:  0,     2.532 MiB
srv        update:    - prompt 0xdf2470:     165 tokens, checkpoints:  0,     2.401 MiB
srv        update:    - prompt 0xfffd98003c20:     161 tokens, checkpoints:  0,     2.343 MiB
srv        update:    - prompt 0xded520:     221 tokens, checkpoints:  1,     4.151 MiB
srv        update:    - prompt 0xdef390:     214 tokens, checkpoints:  2,     4.102 MiB
srv        update:    - prompt 0xc6e500:     286 tokens, checkpoints:  2,     5.897 MiB
srv        update:    - prompt 0xdf9830:     439 tokens, checkpoints:  2,     9.713 MiB
srv  get_availabl: prompt cache update took 2.75 ms
slot launch_slot_: id  0 | task -1 | sampler chain: logits -> ?penalties -> ?dry -> ?top-n-sigma -> top-k -> ?typical -> ?top-p -> min-p -> ?xtc -> temp-ext -> dist 
slot launch_slot_: id  0 | task 923 | processing task, is_child = 0
slot update_slots: id  0 | task 923 | new prompt, n_ctx_slot = 2048, n_keep = 0, task.n_tokens = 254
slot update_slots: id  0 | task 923 | n_past = 11, slot.prompt.tokens.size() = 439, seq_id = 0, pos_min = 0, n_swa = 512
slot update_slots: id  0 | task 923 | Checking checkpoint with [0, 307] against 0...
slot update_slots: id  0 | task 923 | restored context checkpoint (pos_min = 0, pos_max = 307, n_tokens = 308, n_past = 11, size = 3.200 MiB)
slot update_slots: id  0 | task 923 | erased invalidated context checkpoint (pos_min = 0, pos_max = 307, n_tokens = 308, n_swa = 512, pos_next = 11, size = 3.200 MiB)
slot update_slots: id  0 | task 923 | n_tokens = 11, memory_seq_rm [11, end)
slot update_slots: id  0 | task 923 | prompt processing progress, n_tokens = 250, batch.n_tokens = 239, progress = 0.984252
slot update_slots: id  0 | task 923 | n_tokens = 250, memory_seq_rm [250, end)
slot init_sampler: id  0 | task 923 | init sampler, took 0.14 ms, tokens: text = 254, total = 254
slot update_slots: id  0 | task 923 | prompt processing done, n_tokens = 254, batch.n_tokens = 4
slot create_check: id  0 | task 923 | created context checkpoint 2 of 32 (pos_min = 0, pos_max = 249, n_tokens = 250, size = 2.597 MiB)
srv  log_server_r: done request: POST /v1/chat/completions 127.0.0.1 200
slot print_timing: id  0 | task 923 | 
prompt eval time =   15560.61 ms /   243 tokens (   64.04 ms per token,    15.62 tokens per second)
       eval time =   22772.38 ms /   128 tokens (  177.91 ms per token,     5.62 tokens per second)
      total time =   38332.99 ms /   371 tokens
slot      release: id  0 | task 923 | stop processing: n_tokens = 381, truncated = 0
srv  update_slots: all slots are idle
srv  params_from_: Chat format: peg-gemma4
slot get_availabl: id  0 | task -1 | selected slot by LCP similarity, sim_best = 0.478 (> 0.100 thold), f_keep = 0.029
srv  get_availabl: updating prompt cache
srv   prompt_save:  - saving prompt with length 381, total state size = 5.544 MiB
srv          load:  - looking for better prompt, base f_keep = 0.029, sim = 0.478
srv          load:  - found better prompt with f_keep = 0.697, sim = 1.000
srv        update:  - cache state: 8 prompts, 39.406 MiB (limits: 8192.000 MiB, 2048 tokens, 424300 est)
srv        update:    - prompt 0xc7c180:     174 tokens, checkpoints:  0,     2.532 MiB
srv        update:    - prompt 0xdf2470:     165 tokens, checkpoints:  0,     2.401 MiB
srv        update:    - prompt 0xfffd98003c20:     161 tokens, checkpoints:  0,     2.343 MiB
srv        update:    - prompt 0xded520:     221 tokens, checkpoints:  1,     4.151 MiB
srv        update:    - prompt 0xdef390:     214 tokens, checkpoints:  2,     4.102 MiB
srv        update:    - prompt 0xc6e500:     286 tokens, checkpoints:  2,     5.897 MiB
srv        update:    - prompt 0xdf9830:     439 tokens, checkpoints:  2,     9.713 MiB
srv        update:    - prompt 0xdef0c0:     381 tokens, checkpoints:  2,     8.266 MiB
srv  get_availabl: prompt cache update took 2.99 ms
slot launch_slot_: id  0 | task -1 | sampler chain: logits -> ?penalties -> ?dry -> ?top-n-sigma -> top-k -> ?typical -> ?top-p -> min-p -> ?xtc -> temp-ext -> dist 
slot launch_slot_: id  0 | task 1053 | processing task, is_child = 0
slot update_slots: id  0 | task 1053 | new prompt, n_ctx_slot = 2048, n_keep = 0, task.n_tokens = 23
slot update_slots: id  0 | task 1053 | n_past = 23, slot.prompt.tokens.size() = 33, seq_id = 0, pos_min = 0, n_swa = 512
slot update_slots: id  0 | task 1053 | forcing full prompt re-processing due to lack of cache data (likely due to SWA or hybrid/recurrent memory, see https://github.com/ggml-org/llama.cpp/pull/13194#issuecomment-2868343055)
slot update_slots: id  0 | task 1053 | n_tokens = 0, memory_seq_rm [0, end)
slot update_slots: id  0 | task 1053 | prompt processing progress, n_tokens = 19, batch.n_tokens = 19, progress = 0.826087
slot update_slots: id  0 | task 1053 | n_tokens = 19, memory_seq_rm [19, end)
slot init_sampler: id  0 | task 1053 | init sampler, took 0.02 ms, tokens: text = 23, total = 23
slot update_slots: id  0 | task 1053 | prompt processing done, n_tokens = 23, batch.n_tokens = 4
srv  log_server_r: done request: POST /v1/chat/completions 127.0.0.1 200
slot print_timing: id  0 | task 1053 | 
prompt eval time =    1421.58 ms /    23 tokens (   61.81 ms per token,    16.18 tokens per second)
       eval time =    1296.81 ms /    11 tokens (  117.89 ms per token,     8.48 tokens per second)
      total time =    2718.40 ms /    34 tokens
slot      release: id  0 | task 1053 | stop processing: n_tokens = 33, truncated = 0
srv  update_slots: all slots are idle
srv  params_from_: Chat format: peg-gemma4
slot get_availabl: id  0 | task -1 | selected slot by LCP similarity, sim_best = 0.234 (> 0.100 thold), f_keep = 0.333
srv  get_availabl: updating prompt cache
srv   prompt_save:  - saving prompt with length 33, total state size = 0.481 MiB
srv          load:  - looking for better prompt, base f_keep = 0.333, sim = 0.234
srv        update:  - cache state: 9 prompts, 39.886 MiB (limits: 8192.000 MiB, 2048 tokens, 425964 est)
srv        update:    - prompt 0xc7c180:     174 tokens, checkpoints:  0,     2.532 MiB
srv        update:    - prompt 0xdf2470:     165 tokens, checkpoints:  0,     2.401 MiB
srv        update:    - prompt 0xfffd98003c20:     161 tokens, checkpoints:  0,     2.343 MiB
srv        update:    - prompt 0xded520:     221 tokens, checkpoints:  1,     4.151 MiB
srv        update:    - prompt 0xdef390:     214 tokens, checkpoints:  2,     4.102 MiB
srv        update:    - prompt 0xc6e500:     286 tokens, checkpoints:  2,     5.897 MiB
srv        update:    - prompt 0xdf9830:     439 tokens, checkpoints:  2,     9.713 MiB
srv        update:    - prompt 0xdef0c0:     381 tokens, checkpoints:  2,     8.266 MiB
srv        update:    - prompt 0xdf49b0:      33 tokens, checkpoints:  0,     0.481 MiB
srv  get_availabl: prompt cache update took 0.32 ms
slot launch_slot_: id  0 | task -1 | sampler chain: logits -> ?penalties -> ?dry -> ?top-n-sigma -> top-k -> ?typical -> ?top-p -> min-p -> ?xtc -> temp-ext -> dist 
slot launch_slot_: id  0 | task 1066 | processing task, is_child = 0
slot update_slots: id  0 | task 1066 | new prompt, n_ctx_slot = 2048, n_keep = 0, task.n_tokens = 47
slot update_slots: id  0 | task 1066 | n_past = 11, slot.prompt.tokens.size() = 33, seq_id = 0, pos_min = 0, n_swa = 512
slot update_slots: id  0 | task 1066 | forcing full prompt re-processing due to lack of cache data (likely due to SWA or hybrid/recurrent memory, see https://github.com/ggml-org/llama.cpp/pull/13194#issuecomment-2868343055)
slot update_slots: id  0 | task 1066 | n_tokens = 0, memory_seq_rm [0, end)
slot update_slots: id  0 | task 1066 | prompt processing progress, n_tokens = 43, batch.n_tokens = 43, progress = 0.914894
slot update_slots: id  0 | task 1066 | n_tokens = 43, memory_seq_rm [43, end)
slot init_sampler: id  0 | task 1066 | init sampler, took 0.03 ms, tokens: text = 47, total = 47
slot update_slots: id  0 | task 1066 | prompt processing done, n_tokens = 47, batch.n_tokens = 4
srv  log_server_r: done request: POST /v1/chat/completions 127.0.0.1 200
slot print_timing: id  0 | task 1066 | 
prompt eval time =    2770.61 ms /    47 tokens (   58.95 ms per token,    16.96 tokens per second)
       eval time =   18627.47 ms /   128 tokens (  145.53 ms per token,     6.87 tokens per second)
      total time =   21398.08 ms /   175 tokens
slot      release: id  0 | task 1066 | stop processing: n_tokens = 174, truncated = 0
srv  update_slots: all slots are idle
srv  params_from_: Chat format: peg-gemma4
slot get_availabl: id  0 | task -1 | selected slot by LCP similarity, sim_best = 0.289 (> 0.100 thold), f_keep = 0.063
srv  get_availabl: updating prompt cache
srv   prompt_save:  - saving prompt with length 174, total state size = 2.532 MiB
srv         alloc:  - prompt is already in the cache, skipping
srv          load:  - looking for better prompt, base f_keep = 0.063, sim = 0.289
srv        update:  - cache state: 9 prompts, 39.886 MiB (limits: 8192.000 MiB, 2048 tokens, 425964 est)
srv        update:    - prompt 0xc7c180:     174 tokens, checkpoints:  0,     2.532 MiB
srv        update:    - prompt 0xdf2470:     165 tokens, checkpoints:  0,     2.401 MiB
srv        update:    - prompt 0xfffd98003c20:     161 tokens, checkpoints:  0,     2.343 MiB
srv        update:    - prompt 0xded520:     221 tokens, checkpoints:  1,     4.151 MiB
srv        update:    - prompt 0xdef390:     214 tokens, checkpoints:  2,     4.102 MiB
srv        update:    - prompt 0xc6e500:     286 tokens, checkpoints:  2,     5.897 MiB
srv        update:    - prompt 0xdf9830:     439 tokens, checkpoints:  2,     9.713 MiB
srv        update:    - prompt 0xdef0c0:     381 tokens, checkpoints:  2,     8.266 MiB
srv        update:    - prompt 0xdf49b0:      33 tokens, checkpoints:  0,     0.481 MiB
srv  get_availabl: prompt cache update took 0.16 ms
slot launch_slot_: id  0 | task -1 | sampler chain: logits -> ?penalties -> ?dry -> ?top-n-sigma -> top-k -> ?typical -> ?top-p -> min-p -> ?xtc -> temp-ext -> dist 
slot launch_slot_: id  0 | task 1196 | processing task, is_child = 0
slot update_slots: id  0 | task 1196 | new prompt, n_ctx_slot = 2048, n_keep = 0, task.n_tokens = 38
slot update_slots: id  0 | task 1196 | n_past = 11, slot.prompt.tokens.size() = 174, seq_id = 0, pos_min = 0, n_swa = 512
slot update_slots: id  0 | task 1196 | forcing full prompt re-processing due to lack of cache data (likely due to SWA or hybrid/recurrent memory, see https://github.com/ggml-org/llama.cpp/pull/13194#issuecomment-2868343055)
slot update_slots: id  0 | task 1196 | n_tokens = 0, memory_seq_rm [0, end)
slot update_slots: id  0 | task 1196 | prompt processing progress, n_tokens = 34, batch.n_tokens = 34, progress = 0.894737
slot update_slots: id  0 | task 1196 | n_tokens = 34, memory_seq_rm [34, end)
slot init_sampler: id  0 | task 1196 | init sampler, took 0.03 ms, tokens: text = 38, total = 38
slot update_slots: id  0 | task 1196 | prompt processing done, n_tokens = 38, batch.n_tokens = 4
srv  log_server_r: done request: POST /v1/chat/completions 127.0.0.1 200
slot print_timing: id  0 | task 1196 | 
prompt eval time =    2260.41 ms /    38 tokens (   59.48 ms per token,    16.81 tokens per second)
       eval time =   18348.87 ms /   128 tokens (  143.35 ms per token,     6.98 tokens per second)
      total time =   20609.28 ms /   166 tokens
slot      release: id  0 | task 1196 | stop processing: n_tokens = 165, truncated = 0
srv  update_slots: all slots are idle
srv  params_from_: Chat format: peg-gemma4
slot get_availabl: id  0 | task -1 | selected slot by LCP similarity, sim_best = 0.324 (> 0.100 thold), f_keep = 0.067
srv  get_availabl: updating prompt cache
srv   prompt_save:  - saving prompt with length 165, total state size = 2.401 MiB
srv         alloc:  - prompt is already in the cache, skipping
srv          load:  - looking for better prompt, base f_keep = 0.067, sim = 0.324
srv        update:  - cache state: 9 prompts, 39.886 MiB (limits: 8192.000 MiB, 2048 tokens, 425964 est)
srv        update:    - prompt 0xc7c180:     174 tokens, checkpoints:  0,     2.532 MiB
srv        update:    - prompt 0xdf2470:     165 tokens, checkpoints:  0,     2.401 MiB
srv        update:    - prompt 0xfffd98003c20:     161 tokens, checkpoints:  0,     2.343 MiB
srv        update:    - prompt 0xded520:     221 tokens, checkpoints:  1,     4.151 MiB
srv        update:    - prompt 0xdef390:     214 tokens, checkpoints:  2,     4.102 MiB
srv        update:    - prompt 0xc6e500:     286 tokens, checkpoints:  2,     5.897 MiB
srv        update:    - prompt 0xdf9830:     439 tokens, checkpoints:  2,     9.713 MiB
srv        update:    - prompt 0xdef0c0:     381 tokens, checkpoints:  2,     8.266 MiB
srv        update:    - prompt 0xdf49b0:      33 tokens, checkpoints:  0,     0.481 MiB
srv  get_availabl: prompt cache update took 0.16 ms
slot launch_slot_: id  0 | task -1 | sampler chain: logits -> ?penalties -> ?dry -> ?top-n-sigma -> top-k -> ?typical -> ?top-p -> min-p -> ?xtc -> temp-ext -> dist 
slot launch_slot_: id  0 | task 1326 | processing task, is_child = 0
slot update_slots: id  0 | task 1326 | new prompt, n_ctx_slot = 2048, n_keep = 0, task.n_tokens = 34
slot update_slots: id  0 | task 1326 | n_past = 11, slot.prompt.tokens.size() = 165, seq_id = 0, pos_min = 0, n_swa = 512
slot update_slots: id  0 | task 1326 | forcing full prompt re-processing due to lack of cache data (likely due to SWA or hybrid/recurrent memory, see https://github.com/ggml-org/llama.cpp/pull/13194#issuecomment-2868343055)
slot update_slots: id  0 | task 1326 | n_tokens = 0, memory_seq_rm [0, end)
slot update_slots: id  0 | task 1326 | prompt processing progress, n_tokens = 30, batch.n_tokens = 30, progress = 0.882353
slot update_slots: id  0 | task 1326 | n_tokens = 30, memory_seq_rm [30, end)
slot init_sampler: id  0 | task 1326 | init sampler, took 0.05 ms, tokens: text = 34, total = 34
slot update_slots: id  0 | task 1326 | prompt processing done, n_tokens = 34, batch.n_tokens = 4
srv  log_server_r: done request: POST /v1/chat/completions 127.0.0.1 200
slot print_timing: id  0 | task 1326 | 
prompt eval time =    2068.66 ms /    34 tokens (   60.84 ms per token,    16.44 tokens per second)
       eval time =   18312.05 ms /   128 tokens (  143.06 ms per token,     6.99 tokens per second)
      total time =   20380.71 ms /   162 tokens
slot      release: id  0 | task 1326 | stop processing: n_tokens = 161, truncated = 0
srv  update_slots: all slots are idle
srv  params_from_: Chat format: peg-gemma4
slot get_availabl: id  0 | task -1 | selected slot by LCP similarity, sim_best = 0.117 (> 0.100 thold), f_keep = 0.068
srv  get_availabl: updating prompt cache
srv   prompt_save:  - saving prompt with length 161, total state size = 2.343 MiB
srv         alloc:  - prompt is already in the cache, skipping
srv          load:  - looking for better prompt, base f_keep = 0.068, sim = 0.117
srv          load:  - found better prompt with f_keep = 0.425, sim = 1.000
srv        update:  - cache state: 8 prompts, 35.735 MiB (limits: 8192.000 MiB, 2048 tokens, 424785 est)
srv        update:    - prompt 0xc7c180:     174 tokens, checkpoints:  0,     2.532 MiB
srv        update:    - prompt 0xdf2470:     165 tokens, checkpoints:  0,     2.401 MiB
srv        update:    - prompt 0xfffd98003c20:     161 tokens, checkpoints:  0,     2.343 MiB
srv        update:    - prompt 0xdef390:     214 tokens, checkpoints:  2,     4.102 MiB
srv        update:    - prompt 0xc6e500:     286 tokens, checkpoints:  2,     5.897 MiB
srv        update:    - prompt 0xdf9830:     439 tokens, checkpoints:  2,     9.713 MiB
srv        update:    - prompt 0xdef0c0:     381 tokens, checkpoints:  2,     8.266 MiB
srv        update:    - prompt 0xdf49b0:      33 tokens, checkpoints:  0,     0.481 MiB
srv  get_availabl: prompt cache update took 1.38 ms
slot launch_slot_: id  0 | task -1 | sampler chain: logits -> ?penalties -> ?dry -> ?top-n-sigma -> top-k -> ?typical -> ?top-p -> min-p -> ?xtc -> temp-ext -> dist 
slot launch_slot_: id  0 | task 1456 | processing task, is_child = 0
slot update_slots: id  0 | task 1456 | new prompt, n_ctx_slot = 2048, n_keep = 0, task.n_tokens = 94
slot update_slots: id  0 | task 1456 | n_past = 94, slot.prompt.tokens.size() = 221, seq_id = 0, pos_min = 0, n_swa = 512
slot update_slots: id  0 | task 1456 | Checking checkpoint with [0, 89] against 0...
slot update_slots: id  0 | task 1456 | restored context checkpoint (pos_min = 0, pos_max = 89, n_tokens = 90, n_past = 89, size = 0.935 MiB)
slot update_slots: id  0 | task 1456 | n_tokens = 89, memory_seq_rm [89, end)
slot update_slots: id  0 | task 1456 | prompt processing progress, n_tokens = 90, batch.n_tokens = 1, progress = 0.957447
slot update_slots: id  0 | task 1456 | n_tokens = 90, memory_seq_rm [90, end)
slot init_sampler: id  0 | task 1456 | init sampler, took 0.06 ms, tokens: text = 94, total = 94
slot update_slots: id  0 | task 1456 | prompt processing done, n_tokens = 94, batch.n_tokens = 4
srv  log_server_r: done request: POST /v1/chat/completions 127.0.0.1 200
slot print_timing: id  0 | task 1456 | 
prompt eval time =     436.31 ms /     5 tokens (   87.26 ms per token,    11.46 tokens per second)
       eval time =   19633.41 ms /   128 tokens (  153.39 ms per token,     6.52 tokens per second)
      total time =   20069.71 ms /   133 tokens
slot      release: id  0 | task 1456 | stop processing: n_tokens = 221, truncated = 0
srv  update_slots: all slots are idle
srv  params_from_: Chat format: peg-gemma4
slot get_availabl: id  0 | task -1 | selected slot by LCP similarity, sim_best = 0.138 (> 0.100 thold), f_keep = 0.054
srv  get_availabl: updating prompt cache
srv   prompt_save:  - saving prompt with length 221, total state size = 3.216 MiB
srv          load:  - looking for better prompt, base f_keep = 0.054, sim = 0.138
srv          load:  - found better prompt with f_keep = 0.407, sim = 1.000
srv        update:  - cache state: 8 prompts, 35.785 MiB (limits: 8192.000 MiB, 2048 tokens, 425800 est)
srv        update:    - prompt 0xc7c180:     174 tokens, checkpoints:  0,     2.532 MiB
srv        update:    - prompt 0xdf2470:     165 tokens, checkpoints:  0,     2.401 MiB
srv        update:    - prompt 0xfffd98003c20:     161 tokens, checkpoints:  0,     2.343 MiB
srv        update:    - prompt 0xc6e500:     286 tokens, checkpoints:  2,     5.897 MiB
srv        update:    - prompt 0xdf9830:     439 tokens, checkpoints:  2,     9.713 MiB
srv        update:    - prompt 0xdef0c0:     381 tokens, checkpoints:  2,     8.266 MiB
srv        update:    - prompt 0xdf49b0:      33 tokens, checkpoints:  0,     0.481 MiB
srv        update:    - prompt 0xded520:     221 tokens, checkpoints:  1,     4.151 MiB
srv  get_availabl: prompt cache update took 2.23 ms
slot launch_slot_: id  0 | task -1 | sampler chain: logits -> ?penalties -> ?dry -> ?top-n-sigma -> top-k -> ?typical -> ?top-p -> min-p -> ?xtc -> temp-ext -> dist 
slot launch_slot_: id  0 | task 1586 | processing task, is_child = 0
slot update_slots: id  0 | task 1586 | new prompt, n_ctx_slot = 2048, n_keep = 0, task.n_tokens = 87
slot update_slots: id  0 | task 1586 | n_past = 87, slot.prompt.tokens.size() = 214, seq_id = 0, pos_min = 0, n_swa = 512
slot update_slots: id  0 | task 1586 | Checking checkpoint with [0, 82] against 0...
slot update_slots: id  0 | task 1586 | restored context checkpoint (pos_min = 0, pos_max = 82, n_tokens = 83, n_past = 82, size = 0.863 MiB)
slot update_slots: id  0 | task 1586 | n_tokens = 82, memory_seq_rm [82, end)
slot update_slots: id  0 | task 1586 | prompt processing progress, n_tokens = 83, batch.n_tokens = 1, progress = 0.954023
slot update_slots: id  0 | task 1586 | n_tokens = 83, memory_seq_rm [83, end)
slot init_sampler: id  0 | task 1586 | init sampler, took 0.05 ms, tokens: text = 87, total = 87
slot update_slots: id  0 | task 1586 | prompt processing done, n_tokens = 87, batch.n_tokens = 4
srv  log_server_r: done request: POST /v1/chat/completions 127.0.0.1 200
slot print_timing: id  0 | task 1586 | 
prompt eval time =     434.42 ms /     5 tokens (   86.88 ms per token,    11.51 tokens per second)
       eval time =   19659.95 ms /   128 tokens (  153.59 ms per token,     6.51 tokens per second)
      total time =   20094.37 ms /   133 tokens
slot      release: id  0 | task 1586 | stop processing: n_tokens = 214, truncated = 0
srv  update_slots: all slots are idle
srv  params_from_: Chat format: peg-gemma4
slot get_availabl: id  0 | task -1 | selected slot by LRU, t_last = 124525610262
srv  get_availabl: updating prompt cache
srv   prompt_save:  - saving prompt with length 214, total state size = 3.114 MiB
srv          load:  - looking for better prompt, base f_keep = 0.051, sim = 0.069
srv          load:  - found better prompt with f_keep = 0.556, sim = 1.000
srv        update:  - cache state: 8 prompts, 33.989 MiB (limits: 8192.000 MiB, 2048 tokens, 430940 est)
srv        update:    - prompt 0xc7c180:     174 tokens, checkpoints:  0,     2.532 MiB
srv        update:    - prompt 0xdf2470:     165 tokens, checkpoints:  0,     2.401 MiB
srv        update:    - prompt 0xfffd98003c20:     161 tokens, checkpoints:  0,     2.343 MiB
srv        update:    - prompt 0xdf9830:     439 tokens, checkpoints:  2,     9.713 MiB
srv        update:    - prompt 0xdef0c0:     381 tokens, checkpoints:  2,     8.266 MiB
srv        update:    - prompt 0xdf49b0:      33 tokens, checkpoints:  0,     0.481 MiB
srv        update:    - prompt 0xded520:     221 tokens, checkpoints:  1,     4.151 MiB
srv        update:    - prompt 0xdef390:     214 tokens, checkpoints:  2,     4.102 MiB
srv  get_availabl: prompt cache update took 2.57 ms
slot launch_slot_: id  0 | task -1 | sampler chain: logits -> ?penalties -> ?dry -> ?top-n-sigma -> top-k -> ?typical -> ?top-p -> min-p -> ?xtc -> temp-ext -> dist 
slot launch_slot_: id  0 | task 1716 | processing task, is_child = 0
slot update_slots: id  0 | task 1716 | new prompt, n_ctx_slot = 2048, n_keep = 0, task.n_tokens = 159
slot update_slots: id  0 | task 1716 | n_past = 159, slot.prompt.tokens.size() = 286, seq_id = 0, pos_min = 0, n_swa = 512
slot update_slots: id  0 | task 1716 | Checking checkpoint with [0, 154] against 0...
slot update_slots: id  0 | task 1716 | restored context checkpoint (pos_min = 0, pos_max = 154, n_tokens = 155, n_past = 154, size = 1.611 MiB)
slot update_slots: id  0 | task 1716 | n_tokens = 154, memory_seq_rm [154, end)
slot update_slots: id  0 | task 1716 | prompt processing progress, n_tokens = 155, batch.n_tokens = 1, progress = 0.974843
slot update_slots: id  0 | task 1716 | n_tokens = 155, memory_seq_rm [155, end)
slot init_sampler: id  0 | task 1716 | init sampler, took 0.09 ms, tokens: text = 159, total = 159
slot update_slots: id  0 | task 1716 | prompt processing done, n_tokens = 159, batch.n_tokens = 4
srv  log_server_r: done request: POST /v1/chat/completions 127.0.0.1 200
slot print_timing: id  0 | task 1716 | 
prompt eval time =     471.60 ms /     5 tokens (   94.32 ms per token,    10.60 tokens per second)
       eval time =   21192.76 ms /   128 tokens (  165.57 ms per token,     6.04 tokens per second)
      total time =   21664.36 ms /   133 tokens
slot      release: id  0 | task 1716 | stop processing: n_tokens = 286, truncated = 0
srv  update_slots: all slots are idle
srv  params_from_: Chat format: peg-gemma4
slot get_availabl: id  0 | task -1 | selected slot by LRU, t_last = 124547286428
srv  get_availabl: updating prompt cache
srv   prompt_save:  - saving prompt with length 286, total state size = 4.162 MiB
srv          load:  - looking for better prompt, base f_keep = 0.038, sim = 0.035
srv          load:  - found better prompt with f_keep = 0.711, sim = 1.000
srv        update:  - cache state: 8 prompts, 30.174 MiB (limits: 8192.000 MiB, 2048 tokens, 443891 est)
srv        update:    - prompt 0xc7c180:     174 tokens, checkpoints:  0,     2.532 MiB
srv        update:    - prompt 0xdf2470:     165 tokens, checkpoints:  0,     2.401 MiB
srv        update:    - prompt 0xfffd98003c20:     161 tokens, checkpoints:  0,     2.343 MiB
srv        update:    - prompt 0xdef0c0:     381 tokens, checkpoints:  2,     8.266 MiB
srv        update:    - prompt 0xdf49b0:      33 tokens, checkpoints:  0,     0.481 MiB
srv        update:    - prompt 0xded520:     221 tokens, checkpoints:  1,     4.151 MiB
srv        update:    - prompt 0xdef390:     214 tokens, checkpoints:  2,     4.102 MiB
srv        update:    - prompt 0xc6e500:     286 tokens, checkpoints:  2,     5.897 MiB
srv  get_availabl: prompt cache update took 3.44 ms
slot launch_slot_: id  0 | task -1 | sampler chain: logits -> ?penalties -> ?dry -> ?top-n-sigma -> top-k -> ?typical -> ?top-p -> min-p -> ?xtc -> temp-ext -> dist 
slot launch_slot_: id  0 | task 1846 | processing task, is_child = 0
slot update_slots: id  0 | task 1846 | new prompt, n_ctx_slot = 2048, n_keep = 0, task.n_tokens = 312
slot update_slots: id  0 | task 1846 | n_past = 312, slot.prompt.tokens.size() = 439, seq_id = 0, pos_min = 0, n_swa = 512
slot update_slots: id  0 | task 1846 | Checking checkpoint with [0, 307] against 0...
slot update_slots: id  0 | task 1846 | restored context checkpoint (pos_min = 0, pos_max = 307, n_tokens = 308, n_past = 307, size = 3.200 MiB)
slot update_slots: id  0 | task 1846 | n_tokens = 307, memory_seq_rm [307, end)
slot update_slots: id  0 | task 1846 | prompt processing progress, n_tokens = 308, batch.n_tokens = 1, progress = 0.987179
slot update_slots: id  0 | task 1846 | n_tokens = 308, memory_seq_rm [308, end)
slot init_sampler: id  0 | task 1846 | init sampler, took 0.18 ms, tokens: text = 312, total = 312
slot update_slots: id  0 | task 1846 | prompt processing done, n_tokens = 312, batch.n_tokens = 4
srv  log_server_r: done request: POST /v1/chat/completions 127.0.0.1 200
slot print_timing: id  0 | task 1846 | 
prompt eval time =     543.44 ms /     5 tokens (  108.69 ms per token,     9.20 tokens per second)
       eval time =   23969.60 ms /   128 tokens (  187.26 ms per token,     5.34 tokens per second)
      total time =   24513.03 ms /   133 tokens
slot      release: id  0 | task 1846 | stop processing: n_tokens = 439, truncated = 0
srv  update_slots: all slots are idle
srv  params_from_: Chat format: peg-gemma4
slot get_availabl: id  0 | task -1 | selected slot by LRU, t_last = 124571813724
srv  get_availabl: updating prompt cache
srv   prompt_save:  - saving prompt with length 439, total state size = 6.388 MiB
srv          load:  - looking for better prompt, base f_keep = 0.025, sim = 0.043
srv          load:  - found better prompt with f_keep = 0.667, sim = 1.000
srv        update:  - cache state: 8 prompts, 31.620 MiB (limits: 8192.000 MiB, 2048 tokens, 438614 est)
srv        update:    - prompt 0xc7c180:     174 tokens, checkpoints:  0,     2.532 MiB
srv        update:    - prompt 0xdf2470:     165 tokens, checkpoints:  0,     2.401 MiB
srv        update:    - prompt 0xfffd98003c20:     161 tokens, checkpoints:  0,     2.343 MiB
srv        update:    - prompt 0xdf49b0:      33 tokens, checkpoints:  0,     0.481 MiB
srv        update:    - prompt 0xded520:     221 tokens, checkpoints:  1,     4.151 MiB
srv        update:    - prompt 0xdef390:     214 tokens, checkpoints:  2,     4.102 MiB
srv        update:    - prompt 0xc6e500:     286 tokens, checkpoints:  2,     5.897 MiB
srv        update:    - prompt 0xdf9830:     439 tokens, checkpoints:  2,     9.713 MiB
srv  get_availabl: prompt cache update took 4.36 ms
slot launch_slot_: id  0 | task -1 | sampler chain: logits -> ?penalties -> ?dry -> ?top-n-sigma -> top-k -> ?typical -> ?top-p -> min-p -> ?xtc -> temp-ext -> dist 
slot launch_slot_: id  0 | task 1976 | processing task, is_child = 0
slot update_slots: id  0 | task 1976 | new prompt, n_ctx_slot = 2048, n_keep = 0, task.n_tokens = 254
slot update_slots: id  0 | task 1976 | n_past = 254, slot.prompt.tokens.size() = 381, seq_id = 0, pos_min = 0, n_swa = 512
slot update_slots: id  0 | task 1976 | Checking checkpoint with [0, 249] against 0...
slot update_slots: id  0 | task 1976 | restored context checkpoint (pos_min = 0, pos_max = 249, n_tokens = 250, n_past = 249, size = 2.597 MiB)
slot update_slots: id  0 | task 1976 | n_tokens = 249, memory_seq_rm [249, end)
slot update_slots: id  0 | task 1976 | prompt processing progress, n_tokens = 250, batch.n_tokens = 1, progress = 0.984252
slot update_slots: id  0 | task 1976 | n_tokens = 250, memory_seq_rm [250, end)
slot init_sampler: id  0 | task 1976 | init sampler, took 0.14 ms, tokens: text = 254, total = 254
slot update_slots: id  0 | task 1976 | prompt processing done, n_tokens = 254, batch.n_tokens = 4
srv  log_server_r: done request: POST /v1/chat/completions 127.0.0.1 200
slot print_timing: id  0 | task 1976 | 
prompt eval time =     515.82 ms /     5 tokens (  103.16 ms per token,     9.69 tokens per second)
       eval time =   22899.50 ms /   128 tokens (  178.90 ms per token,     5.59 tokens per second)
      total time =   23415.32 ms /   133 tokens
slot      release: id  0 | task 1976 | stop processing: n_tokens = 381, truncated = 0
srv  update_slots: all slots are idle
srv  params_from_: Chat format: peg-gemma4
slot get_availabl: id  0 | task -1 | selected slot by LCP similarity, sim_best = 0.478 (> 0.100 thold), f_keep = 0.029
srv  get_availabl: updating prompt cache
srv   prompt_save:  - saving prompt with length 381, total state size = 5.544 MiB
srv          load:  - looking for better prompt, base f_keep = 0.029, sim = 0.478
srv          load:  - found better prompt with f_keep = 0.697, sim = 1.000
srv        update:  - cache state: 8 prompts, 39.406 MiB (limits: 8192.000 MiB, 2048 tokens, 424300 est)
srv        update:    - prompt 0xc7c180:     174 tokens, checkpoints:  0,     2.532 MiB
srv        update:    - prompt 0xdf2470:     165 tokens, checkpoints:  0,     2.401 MiB
srv        update:    - prompt 0xfffd98003c20:     161 tokens, checkpoints:  0,     2.343 MiB
srv        update:    - prompt 0xded520:     221 tokens, checkpoints:  1,     4.151 MiB
srv        update:    - prompt 0xdef390:     214 tokens, checkpoints:  2,     4.102 MiB
srv        update:    - prompt 0xc6e500:     286 tokens, checkpoints:  2,     5.897 MiB
srv        update:    - prompt 0xdf9830:     439 tokens, checkpoints:  2,     9.713 MiB
srv        update:    - prompt 0xdef0c0:     381 tokens, checkpoints:  2,     8.266 MiB
srv  get_availabl: prompt cache update took 2.61 ms
slot launch_slot_: id  0 | task -1 | sampler chain: logits -> ?penalties -> ?dry -> ?top-n-sigma -> top-k -> ?typical -> ?top-p -> min-p -> ?xtc -> temp-ext -> dist 
slot launch_slot_: id  0 | task 2106 | processing task, is_child = 0
slot update_slots: id  0 | task 2106 | new prompt, n_ctx_slot = 2048, n_keep = 0, task.n_tokens = 23
slot update_slots: id  0 | task 2106 | n_past = 23, slot.prompt.tokens.size() = 33, seq_id = 0, pos_min = 0, n_swa = 512
slot update_slots: id  0 | task 2106 | forcing full prompt re-processing due to lack of cache data (likely due to SWA or hybrid/recurrent memory, see https://github.com/ggml-org/llama.cpp/pull/13194#issuecomment-2868343055)
slot update_slots: id  0 | task 2106 | n_tokens = 0, memory_seq_rm [0, end)
slot update_slots: id  0 | task 2106 | prompt processing progress, n_tokens = 19, batch.n_tokens = 19, progress = 0.826087
slot update_slots: id  0 | task 2106 | n_tokens = 19, memory_seq_rm [19, end)
slot init_sampler: id  0 | task 2106 | init sampler, took 0.02 ms, tokens: text = 23, total = 23
slot update_slots: id  0 | task 2106 | prompt processing done, n_tokens = 23, batch.n_tokens = 4
srv  log_server_r: done request: POST /v1/chat/completions 127.0.0.1 200
slot print_timing: id  0 | task 2106 | 
prompt eval time =    1421.59 ms /    23 tokens (   61.81 ms per token,    16.18 tokens per second)
       eval time =    1297.62 ms /    11 tokens (  117.97 ms per token,     8.48 tokens per second)
      total time =    2719.21 ms /    34 tokens
slot      release: id  0 | task 2106 | stop processing: n_tokens = 33, truncated = 0
srv  update_slots: all slots are idle
srv  params_from_: Chat format: peg-gemma4
slot get_availabl: id  0 | task -1 | selected slot by LCP similarity, sim_best = 0.234 (> 0.100 thold), f_keep = 0.333
srv  get_availabl: updating prompt cache
srv   prompt_save:  - saving prompt with length 33, total state size = 0.481 MiB
srv          load:  - looking for better prompt, base f_keep = 0.333, sim = 0.234
srv        update:  - cache state: 9 prompts, 39.886 MiB (limits: 8192.000 MiB, 2048 tokens, 425964 est)
srv        update:    - prompt 0xc7c180:     174 tokens, checkpoints:  0,     2.532 MiB
srv        update:    - prompt 0xdf2470:     165 tokens, checkpoints:  0,     2.401 MiB
srv        update:    - prompt 0xfffd98003c20:     161 tokens, checkpoints:  0,     2.343 MiB
srv        update:    - prompt 0xded520:     221 tokens, checkpoints:  1,     4.151 MiB
srv        update:    - prompt 0xdef390:     214 tokens, checkpoints:  2,     4.102 MiB
srv        update:    - prompt 0xc6e500:     286 tokens, checkpoints:  2,     5.897 MiB
srv        update:    - prompt 0xdf9830:     439 tokens, checkpoints:  2,     9.713 MiB
srv        update:    - prompt 0xdef0c0:     381 tokens, checkpoints:  2,     8.266 MiB
srv        update:    - prompt 0xfffd7c003c20:      33 tokens, checkpoints:  0,     0.481 MiB
srv  get_availabl: prompt cache update took 0.33 ms
slot launch_slot_: id  0 | task -1 | sampler chain: logits -> ?penalties -> ?dry -> ?top-n-sigma -> top-k -> ?typical -> ?top-p -> min-p -> ?xtc -> temp-ext -> dist 
slot launch_slot_: id  0 | task 2119 | processing task, is_child = 0
slot update_slots: id  0 | task 2119 | new prompt, n_ctx_slot = 2048, n_keep = 0, task.n_tokens = 47
slot update_slots: id  0 | task 2119 | n_past = 11, slot.prompt.tokens.size() = 33, seq_id = 0, pos_min = 0, n_swa = 512
slot update_slots: id  0 | task 2119 | forcing full prompt re-processing due to lack of cache data (likely due to SWA or hybrid/recurrent memory, see https://github.com/ggml-org/llama.cpp/pull/13194#issuecomment-2868343055)
slot update_slots: id  0 | task 2119 | n_tokens = 0, memory_seq_rm [0, end)
slot update_slots: id  0 | task 2119 | prompt processing progress, n_tokens = 43, batch.n_tokens = 43, progress = 0.914894
slot update_slots: id  0 | task 2119 | n_tokens = 43, memory_seq_rm [43, end)
slot init_sampler: id  0 | task 2119 | init sampler, took 0.03 ms, tokens: text = 47, total = 47
slot update_slots: id  0 | task 2119 | prompt processing done, n_tokens = 47, batch.n_tokens = 4
srv  log_server_r: done request: POST /v1/chat/completions 127.0.0.1 200
slot print_timing: id  0 | task 2119 | 
prompt eval time =    2773.78 ms /    47 tokens (   59.02 ms per token,    16.94 tokens per second)
       eval time =   18704.26 ms /   128 tokens (  146.13 ms per token,     6.84 tokens per second)
      total time =   21478.04 ms /   175 tokens
slot      release: id  0 | task 2119 | stop processing: n_tokens = 174, truncated = 0
srv  update_slots: all slots are idle
srv  params_from_: Chat format: peg-gemma4
slot get_availabl: id  0 | task -1 | selected slot by LCP similarity, sim_best = 0.289 (> 0.100 thold), f_keep = 0.063
srv  get_availabl: updating prompt cache
srv   prompt_save:  - saving prompt with length 174, total state size = 2.532 MiB
srv         alloc:  - prompt is already in the cache, skipping
srv          load:  - looking for better prompt, base f_keep = 0.063, sim = 0.289
srv        update:  - cache state: 9 prompts, 39.886 MiB (limits: 8192.000 MiB, 2048 tokens, 425964 est)
srv        update:    - prompt 0xc7c180:     174 tokens, checkpoints:  0,     2.532 MiB
srv        update:    - prompt 0xdf2470:     165 tokens, checkpoints:  0,     2.401 MiB
srv        update:    - prompt 0xfffd98003c20:     161 tokens, checkpoints:  0,     2.343 MiB
srv        update:    - prompt 0xded520:     221 tokens, checkpoints:  1,     4.151 MiB
srv        update:    - prompt 0xdef390:     214 tokens, checkpoints:  2,     4.102 MiB
srv        update:    - prompt 0xc6e500:     286 tokens, checkpoints:  2,     5.897 MiB
srv        update:    - prompt 0xdf9830:     439 tokens, checkpoints:  2,     9.713 MiB
srv        update:    - prompt 0xdef0c0:     381 tokens, checkpoints:  2,     8.266 MiB
srv        update:    - prompt 0xfffd7c003c20:      33 tokens, checkpoints:  0,     0.481 MiB
srv  get_availabl: prompt cache update took 0.16 ms
slot launch_slot_: id  0 | task -1 | sampler chain: logits -> ?penalties -> ?dry -> ?top-n-sigma -> top-k -> ?typical -> ?top-p -> min-p -> ?xtc -> temp-ext -> dist 
slot launch_slot_: id  0 | task 2249 | processing task, is_child = 0
slot update_slots: id  0 | task 2249 | new prompt, n_ctx_slot = 2048, n_keep = 0, task.n_tokens = 38
slot update_slots: id  0 | task 2249 | n_past = 11, slot.prompt.tokens.size() = 174, seq_id = 0, pos_min = 0, n_swa = 512
slot update_slots: id  0 | task 2249 | forcing full prompt re-processing due to lack of cache data (likely due to SWA or hybrid/recurrent memory, see https://github.com/ggml-org/llama.cpp/pull/13194#issuecomment-2868343055)
slot update_slots: id  0 | task 2249 | n_tokens = 0, memory_seq_rm [0, end)
slot update_slots: id  0 | task 2249 | prompt processing progress, n_tokens = 34, batch.n_tokens = 34, progress = 0.894737
slot update_slots: id  0 | task 2249 | n_tokens = 34, memory_seq_rm [34, end)
slot init_sampler: id  0 | task 2249 | init sampler, took 0.03 ms, tokens: text = 38, total = 38
slot update_slots: id  0 | task 2249 | prompt processing done, n_tokens = 38, batch.n_tokens = 4
srv  log_server_r: done request: POST /v1/chat/completions 127.0.0.1 200
slot print_timing: id  0 | task 2249 | 
prompt eval time =    2262.09 ms /    38 tokens (   59.53 ms per token,    16.80 tokens per second)
       eval time =   18417.10 ms /   128 tokens (  143.88 ms per token,     6.95 tokens per second)
      total time =   20679.20 ms /   166 tokens
slot      release: id  0 | task 2249 | stop processing: n_tokens = 165, truncated = 0
srv  update_slots: all slots are idle
srv  params_from_: Chat format: peg-gemma4
slot get_availabl: id  0 | task -1 | selected slot by LCP similarity, sim_best = 0.324 (> 0.100 thold), f_keep = 0.067
srv  get_availabl: updating prompt cache
srv   prompt_save:  - saving prompt with length 165, total state size = 2.401 MiB
srv         alloc:  - prompt is already in the cache, skipping
srv          load:  - looking for better prompt, base f_keep = 0.067, sim = 0.324
srv        update:  - cache state: 9 prompts, 39.886 MiB (limits: 8192.000 MiB, 2048 tokens, 425964 est)
srv        update:    - prompt 0xc7c180:     174 tokens, checkpoints:  0,     2.532 MiB
srv        update:    - prompt 0xdf2470:     165 tokens, checkpoints:  0,     2.401 MiB
srv        update:    - prompt 0xfffd98003c20:     161 tokens, checkpoints:  0,     2.343 MiB
srv        update:    - prompt 0xded520:     221 tokens, checkpoints:  1,     4.151 MiB
srv        update:    - prompt 0xdef390:     214 tokens, checkpoints:  2,     4.102 MiB
srv        update:    - prompt 0xc6e500:     286 tokens, checkpoints:  2,     5.897 MiB
srv        update:    - prompt 0xdf9830:     439 tokens, checkpoints:  2,     9.713 MiB
srv        update:    - prompt 0xdef0c0:     381 tokens, checkpoints:  2,     8.266 MiB
srv        update:    - prompt 0xfffd7c003c20:      33 tokens, checkpoints:  0,     0.481 MiB
srv  get_availabl: prompt cache update took 0.16 ms
slot launch_slot_: id  0 | task -1 | sampler chain: logits -> ?penalties -> ?dry -> ?top-n-sigma -> top-k -> ?typical -> ?top-p -> min-p -> ?xtc -> temp-ext -> dist 
slot launch_slot_: id  0 | task 2379 | processing task, is_child = 0
slot update_slots: id  0 | task 2379 | new prompt, n_ctx_slot = 2048, n_keep = 0, task.n_tokens = 34
slot update_slots: id  0 | task 2379 | n_past = 11, slot.prompt.tokens.size() = 165, seq_id = 0, pos_min = 0, n_swa = 512
slot update_slots: id  0 | task 2379 | forcing full prompt re-processing due to lack of cache data (likely due to SWA or hybrid/recurrent memory, see https://github.com/ggml-org/llama.cpp/pull/13194#issuecomment-2868343055)
slot update_slots: id  0 | task 2379 | n_tokens = 0, memory_seq_rm [0, end)
slot update_slots: id  0 | task 2379 | prompt processing progress, n_tokens = 30, batch.n_tokens = 30, progress = 0.882353
slot update_slots: id  0 | task 2379 | n_tokens = 30, memory_seq_rm [30, end)
slot init_sampler: id  0 | task 2379 | init sampler, took 0.03 ms, tokens: text = 34, total = 34
slot update_slots: id  0 | task 2379 | prompt processing done, n_tokens = 34, batch.n_tokens = 4
srv  log_server_r: done request: POST /v1/chat/completions 127.0.0.1 200
slot print_timing: id  0 | task 2379 | 
prompt eval time =    2069.81 ms /    34 tokens (   60.88 ms per token,    16.43 tokens per second)
       eval time =   18377.32 ms /   128 tokens (  143.57 ms per token,     6.97 tokens per second)
      total time =   20447.13 ms /   162 tokens
slot      release: id  0 | task 2379 | stop processing: n_tokens = 161, truncated = 0
srv  update_slots: all slots are idle
srv  params_from_: Chat format: peg-gemma4
slot get_availabl: id  0 | task -1 | selected slot by LCP similarity, sim_best = 0.117 (> 0.100 thold), f_keep = 0.068
srv  get_availabl: updating prompt cache
srv   prompt_save:  - saving prompt with length 161, total state size = 2.343 MiB
srv         alloc:  - prompt is already in the cache, skipping
srv          load:  - looking for better prompt, base f_keep = 0.068, sim = 0.117
srv          load:  - found better prompt with f_keep = 0.425, sim = 1.000
srv        update:  - cache state: 8 prompts, 35.735 MiB (limits: 8192.000 MiB, 2048 tokens, 424785 est)
srv        update:    - prompt 0xc7c180:     174 tokens, checkpoints:  0,     2.532 MiB
srv        update:    - prompt 0xdf2470:     165 tokens, checkpoints:  0,     2.401 MiB
srv        update:    - prompt 0xfffd98003c20:     161 tokens, checkpoints:  0,     2.343 MiB
srv        update:    - prompt 0xdef390:     214 tokens, checkpoints:  2,     4.102 MiB
srv        update:    - prompt 0xc6e500:     286 tokens, checkpoints:  2,     5.897 MiB
srv        update:    - prompt 0xdf9830:     439 tokens, checkpoints:  2,     9.713 MiB
srv        update:    - prompt 0xdef0c0:     381 tokens, checkpoints:  2,     8.266 MiB
srv        update:    - prompt 0xfffd7c003c20:      33 tokens, checkpoints:  0,     0.481 MiB
srv  get_availabl: prompt cache update took 1.47 ms
slot launch_slot_: id  0 | task -1 | sampler chain: logits -> ?penalties -> ?dry -> ?top-n-sigma -> top-k -> ?typical -> ?top-p -> min-p -> ?xtc -> temp-ext -> dist 
slot launch_slot_: id  0 | task 2509 | processing task, is_child = 0
slot update_slots: id  0 | task 2509 | new prompt, n_ctx_slot = 2048, n_keep = 0, task.n_tokens = 94
slot update_slots: id  0 | task 2509 | n_past = 94, slot.prompt.tokens.size() = 221, seq_id = 0, pos_min = 0, n_swa = 512
slot update_slots: id  0 | task 2509 | Checking checkpoint with [0, 89] against 0...
slot update_slots: id  0 | task 2509 | restored context checkpoint (pos_min = 0, pos_max = 89, n_tokens = 90, n_past = 89, size = 0.935 MiB)
slot update_slots: id  0 | task 2509 | n_tokens = 89, memory_seq_rm [89, end)
slot update_slots: id  0 | task 2509 | prompt processing progress, n_tokens = 90, batch.n_tokens = 1, progress = 0.957447
slot update_slots: id  0 | task 2509 | n_tokens = 90, memory_seq_rm [90, end)
slot init_sampler: id  0 | task 2509 | init sampler, took 0.06 ms, tokens: text = 94, total = 94
slot update_slots: id  0 | task 2509 | prompt processing done, n_tokens = 94, batch.n_tokens = 4
srv  log_server_r: done request: POST /v1/chat/completions 127.0.0.1 200
slot print_timing: id  0 | task 2509 | 
prompt eval time =     436.45 ms /     5 tokens (   87.29 ms per token,    11.46 tokens per second)
       eval time =   19652.34 ms /   128 tokens (  153.53 ms per token,     6.51 tokens per second)
      total time =   20088.79 ms /   133 tokens
slot      release: id  0 | task 2509 | stop processing: n_tokens = 221, truncated = 0
srv  update_slots: all slots are idle
srv  params_from_: Chat format: peg-gemma4
slot get_availabl: id  0 | task -1 | selected slot by LCP similarity, sim_best = 0.138 (> 0.100 thold), f_keep = 0.054
srv  get_availabl: updating prompt cache
srv   prompt_save:  - saving prompt with length 221, total state size = 3.216 MiB
srv          load:  - looking for better prompt, base f_keep = 0.054, sim = 0.138
srv          load:  - found better prompt with f_keep = 0.407, sim = 1.000
srv        update:  - cache state: 8 prompts, 35.785 MiB (limits: 8192.000 MiB, 2048 tokens, 425800 est)
srv        update:    - prompt 0xc7c180:     174 tokens, checkpoints:  0,     2.532 MiB
srv        update:    - prompt 0xdf2470:     165 tokens, checkpoints:  0,     2.401 MiB
srv        update:    - prompt 0xfffd98003c20:     161 tokens, checkpoints:  0,     2.343 MiB
srv        update:    - prompt 0xc6e500:     286 tokens, checkpoints:  2,     5.897 MiB
srv        update:    - prompt 0xdf9830:     439 tokens, checkpoints:  2,     9.713 MiB
srv        update:    - prompt 0xdef0c0:     381 tokens, checkpoints:  2,     8.266 MiB
srv        update:    - prompt 0xfffd7c003c20:      33 tokens, checkpoints:  0,     0.481 MiB
srv        update:    - prompt 0xdfe190:     221 tokens, checkpoints:  1,     4.151 MiB
srv  get_availabl: prompt cache update took 2.28 ms
slot launch_slot_: id  0 | task -1 | sampler chain: logits -> ?penalties -> ?dry -> ?top-n-sigma -> top-k -> ?typical -> ?top-p -> min-p -> ?xtc -> temp-ext -> dist 
slot launch_slot_: id  0 | task 2639 | processing task, is_child = 0
slot update_slots: id  0 | task 2639 | new prompt, n_ctx_slot = 2048, n_keep = 0, task.n_tokens = 87
slot update_slots: id  0 | task 2639 | n_past = 87, slot.prompt.tokens.size() = 214, seq_id = 0, pos_min = 0, n_swa = 512
slot update_slots: id  0 | task 2639 | Checking checkpoint with [0, 82] against 0...
slot update_slots: id  0 | task 2639 | restored context checkpoint (pos_min = 0, pos_max = 82, n_tokens = 83, n_past = 82, size = 0.863 MiB)
slot update_slots: id  0 | task 2639 | n_tokens = 82, memory_seq_rm [82, end)
slot update_slots: id  0 | task 2639 | prompt processing progress, n_tokens = 83, batch.n_tokens = 1, progress = 0.954023
slot update_slots: id  0 | task 2639 | n_tokens = 83, memory_seq_rm [83, end)
slot init_sampler: id  0 | task 2639 | init sampler, took 0.05 ms, tokens: text = 87, total = 87
slot update_slots: id  0 | task 2639 | prompt processing done, n_tokens = 87, batch.n_tokens = 4
srv  log_server_r: done request: POST /v1/chat/completions 127.0.0.1 200
slot print_timing: id  0 | task 2639 | 
prompt eval time =     434.35 ms /     5 tokens (   86.87 ms per token,    11.51 tokens per second)
       eval time =   19704.96 ms /   128 tokens (  153.94 ms per token,     6.50 tokens per second)
      total time =   20139.31 ms /   133 tokens
slot      release: id  0 | task 2639 | stop processing: n_tokens = 214, truncated = 0
srv  update_slots: all slots are idle
srv  params_from_: Chat format: peg-gemma4
slot get_availabl: id  0 | task -1 | selected slot by LRU, t_last = 124700849003
srv  get_availabl: updating prompt cache
srv   prompt_save:  - saving prompt with length 214, total state size = 3.114 MiB
srv          load:  - looking for better prompt, base f_keep = 0.051, sim = 0.069
srv          load:  - found better prompt with f_keep = 0.556, sim = 1.000
srv        update:  - cache state: 8 prompts, 33.989 MiB (limits: 8192.000 MiB, 2048 tokens, 430940 est)
srv        update:    - prompt 0xc7c180:     174 tokens, checkpoints:  0,     2.532 MiB
srv        update:    - prompt 0xdf2470:     165 tokens, checkpoints:  0,     2.401 MiB
srv        update:    - prompt 0xfffd98003c20:     161 tokens, checkpoints:  0,     2.343 MiB
srv        update:    - prompt 0xdf9830:     439 tokens, checkpoints:  2,     9.713 MiB
srv        update:    - prompt 0xdef0c0:     381 tokens, checkpoints:  2,     8.266 MiB
srv        update:    - prompt 0xfffd7c003c20:      33 tokens, checkpoints:  0,     0.481 MiB
srv        update:    - prompt 0xdfe190:     221 tokens, checkpoints:  1,     4.151 MiB
srv        update:    - prompt 0xdef390:     214 tokens, checkpoints:  2,     4.102 MiB
srv  get_availabl: prompt cache update took 2.55 ms
slot launch_slot_: id  0 | task -1 | sampler chain: logits -> ?penalties -> ?dry -> ?top-n-sigma -> top-k -> ?typical -> ?top-p -> min-p -> ?xtc -> temp-ext -> dist 
slot launch_slot_: id  0 | task 2769 | processing task, is_child = 0
slot update_slots: id  0 | task 2769 | new prompt, n_ctx_slot = 2048, n_keep = 0, task.n_tokens = 159
slot update_slots: id  0 | task 2769 | n_past = 159, slot.prompt.tokens.size() = 286, seq_id = 0, pos_min = 0, n_swa = 512
slot update_slots: id  0 | task 2769 | Checking checkpoint with [0, 154] against 0...
slot update_slots: id  0 | task 2769 | restored context checkpoint (pos_min = 0, pos_max = 154, n_tokens = 155, n_past = 154, size = 1.611 MiB)
slot update_slots: id  0 | task 2769 | n_tokens = 154, memory_seq_rm [154, end)
slot update_slots: id  0 | task 2769 | prompt processing progress, n_tokens = 155, batch.n_tokens = 1, progress = 0.974843
slot update_slots: id  0 | task 2769 | n_tokens = 155, memory_seq_rm [155, end)
slot init_sampler: id  0 | task 2769 | init sampler, took 0.09 ms, tokens: text = 159, total = 159
slot update_slots: id  0 | task 2769 | prompt processing done, n_tokens = 159, batch.n_tokens = 4
srv  log_server_r: done request: POST /v1/chat/completions 127.0.0.1 200
slot print_timing: id  0 | task 2769 | 
prompt eval time =     471.69 ms /     5 tokens (   94.34 ms per token,    10.60 tokens per second)
       eval time =   21249.42 ms /   128 tokens (  166.01 ms per token,     6.02 tokens per second)
      total time =   21721.11 ms /   133 tokens
slot      release: id  0 | task 2769 | stop processing: n_tokens = 286, truncated = 0
srv  update_slots: all slots are idle
srv  params_from_: Chat format: peg-gemma4
slot get_availabl: id  0 | task -1 | selected slot by LRU, t_last = 124722581975
srv  get_availabl: updating prompt cache
srv   prompt_save:  - saving prompt with length 286, total state size = 4.162 MiB
srv          load:  - looking for better prompt, base f_keep = 0.038, sim = 0.035
srv          load:  - found better prompt with f_keep = 0.711, sim = 1.000
srv        update:  - cache state: 8 prompts, 30.174 MiB (limits: 8192.000 MiB, 2048 tokens, 443891 est)
srv        update:    - prompt 0xc7c180:     174 tokens, checkpoints:  0,     2.532 MiB
srv        update:    - prompt 0xdf2470:     165 tokens, checkpoints:  0,     2.401 MiB
srv        update:    - prompt 0xfffd98003c20:     161 tokens, checkpoints:  0,     2.343 MiB
srv        update:    - prompt 0xdef0c0:     381 tokens, checkpoints:  2,     8.266 MiB
srv        update:    - prompt 0xfffd7c003c20:      33 tokens, checkpoints:  0,     0.481 MiB
srv        update:    - prompt 0xdfe190:     221 tokens, checkpoints:  1,     4.151 MiB
srv        update:    - prompt 0xdef390:     214 tokens, checkpoints:  2,     4.102 MiB
srv        update:    - prompt 0xc6e500:     286 tokens, checkpoints:  2,     5.897 MiB
srv  get_availabl: prompt cache update took 3.49 ms
slot launch_slot_: id  0 | task -1 | sampler chain: logits -> ?penalties -> ?dry -> ?top-n-sigma -> top-k -> ?typical -> ?top-p -> min-p -> ?xtc -> temp-ext -> dist 
slot launch_slot_: id  0 | task 2899 | processing task, is_child = 0
slot update_slots: id  0 | task 2899 | new prompt, n_ctx_slot = 2048, n_keep = 0, task.n_tokens = 312
slot update_slots: id  0 | task 2899 | n_past = 312, slot.prompt.tokens.size() = 439, seq_id = 0, pos_min = 0, n_swa = 512
slot update_slots: id  0 | task 2899 | Checking checkpoint with [0, 307] against 0...
slot update_slots: id  0 | task 2899 | restored context checkpoint (pos_min = 0, pos_max = 307, n_tokens = 308, n_past = 307, size = 3.200 MiB)
slot update_slots: id  0 | task 2899 | n_tokens = 307, memory_seq_rm [307, end)
slot update_slots: id  0 | task 2899 | prompt processing progress, n_tokens = 308, batch.n_tokens = 1, progress = 0.987179
slot update_slots: id  0 | task 2899 | n_tokens = 308, memory_seq_rm [308, end)
slot init_sampler: id  0 | task 2899 | init sampler, took 0.17 ms, tokens: text = 312, total = 312
slot update_slots: id  0 | task 2899 | prompt processing done, n_tokens = 312, batch.n_tokens = 4
srv  log_server_r: done request: POST /v1/chat/completions 127.0.0.1 200
slot print_timing: id  0 | task 2899 | 
prompt eval time =     543.69 ms /     5 tokens (  108.74 ms per token,     9.20 tokens per second)
       eval time =   24049.08 ms /   128 tokens (  187.88 ms per token,     5.32 tokens per second)
      total time =   24592.77 ms /   133 tokens
slot      release: id  0 | task 2899 | stop processing: n_tokens = 439, truncated = 0
srv  update_slots: all slots are idle
srv  params_from_: Chat format: peg-gemma4
slot get_availabl: id  0 | task -1 | selected slot by LRU, t_last = 124747188976
srv  get_availabl: updating prompt cache
srv   prompt_save:  - saving prompt with length 439, total state size = 6.388 MiB
srv          load:  - looking for better prompt, base f_keep = 0.025, sim = 0.043
srv          load:  - found better prompt with f_keep = 0.667, sim = 1.000
srv        update:  - cache state: 8 prompts, 31.620 MiB (limits: 8192.000 MiB, 2048 tokens, 438614 est)
srv        update:    - prompt 0xc7c180:     174 tokens, checkpoints:  0,     2.532 MiB
srv        update:    - prompt 0xdf2470:     165 tokens, checkpoints:  0,     2.401 MiB
srv        update:    - prompt 0xfffd98003c20:     161 tokens, checkpoints:  0,     2.343 MiB
srv        update:    - prompt 0xfffd7c003c20:      33 tokens, checkpoints:  0,     0.481 MiB
srv        update:    - prompt 0xdfe190:     221 tokens, checkpoints:  1,     4.151 MiB
srv        update:    - prompt 0xdef390:     214 tokens, checkpoints:  2,     4.102 MiB
srv        update:    - prompt 0xc6e500:     286 tokens, checkpoints:  2,     5.897 MiB
srv        update:    - prompt 0xdf9830:     439 tokens, checkpoints:  2,     9.713 MiB
srv  get_availabl: prompt cache update took 4.10 ms
slot launch_slot_: id  0 | task -1 | sampler chain: logits -> ?penalties -> ?dry -> ?top-n-sigma -> top-k -> ?typical -> ?top-p -> min-p -> ?xtc -> temp-ext -> dist 
slot launch_slot_: id  0 | task 3029 | processing task, is_child = 0
slot update_slots: id  0 | task 3029 | new prompt, n_ctx_slot = 2048, n_keep = 0, task.n_tokens = 254
slot update_slots: id  0 | task 3029 | n_past = 254, slot.prompt.tokens.size() = 381, seq_id = 0, pos_min = 0, n_swa = 512
slot update_slots: id  0 | task 3029 | Checking checkpoint with [0, 249] against 0...
slot update_slots: id  0 | task 3029 | restored context checkpoint (pos_min = 0, pos_max = 249, n_tokens = 250, n_past = 249, size = 2.597 MiB)
slot update_slots: id  0 | task 3029 | n_tokens = 249, memory_seq_rm [249, end)
slot update_slots: id  0 | task 3029 | prompt processing progress, n_tokens = 250, batch.n_tokens = 1, progress = 0.984252
slot update_slots: id  0 | task 3029 | n_tokens = 250, memory_seq_rm [250, end)
slot init_sampler: id  0 | task 3029 | init sampler, took 0.14 ms, tokens: text = 254, total = 254
slot update_slots: id  0 | task 3029 | prompt processing done, n_tokens = 254, batch.n_tokens = 4
srv  log_server_r: done request: POST /v1/chat/completions 127.0.0.1 200
slot print_timing: id  0 | task 3029 | 
prompt eval time =     516.77 ms /     5 tokens (  103.35 ms per token,     9.68 tokens per second)
       eval time =   22887.78 ms /   128 tokens (  178.81 ms per token,     5.59 tokens per second)
      total time =   23404.55 ms /   133 tokens
slot      release: id  0 | task 3029 | stop processing: n_tokens = 381, truncated = 0
srv  update_slots: all slots are idle
srv  params_from_: Chat format: peg-gemma4
slot get_availabl: id  0 | task -1 | selected slot by LCP similarity, sim_best = 0.478 (> 0.100 thold), f_keep = 0.029
srv  get_availabl: updating prompt cache
srv   prompt_save:  - saving prompt with length 381, total state size = 5.544 MiB
srv          load:  - looking for better prompt, base f_keep = 0.029, sim = 0.478
srv          load:  - found better prompt with f_keep = 0.697, sim = 1.000
srv        update:  - cache state: 8 prompts, 39.406 MiB (limits: 8192.000 MiB, 2048 tokens, 424300 est)
srv        update:    - prompt 0xc7c180:     174 tokens, checkpoints:  0,     2.532 MiB
srv        update:    - prompt 0xdf2470:     165 tokens, checkpoints:  0,     2.401 MiB
srv        update:    - prompt 0xfffd98003c20:     161 tokens, checkpoints:  0,     2.343 MiB
srv        update:    - prompt 0xdfe190:     221 tokens, checkpoints:  1,     4.151 MiB
srv        update:    - prompt 0xdef390:     214 tokens, checkpoints:  2,     4.102 MiB
srv        update:    - prompt 0xc6e500:     286 tokens, checkpoints:  2,     5.897 MiB
srv        update:    - prompt 0xdf9830:     439 tokens, checkpoints:  2,     9.713 MiB
srv        update:    - prompt 0xdef0c0:     381 tokens, checkpoints:  2,     8.266 MiB
srv  get_availabl: prompt cache update took 2.60 ms
slot launch_slot_: id  0 | task -1 | sampler chain: logits -> ?penalties -> ?dry -> ?top-n-sigma -> top-k -> ?typical -> ?top-p -> min-p -> ?xtc -> temp-ext -> dist 
slot launch_slot_: id  0 | task 3159 | processing task, is_child = 0
slot update_slots: id  0 | task 3159 | new prompt, n_ctx_slot = 2048, n_keep = 0, task.n_tokens = 23
slot update_slots: id  0 | task 3159 | n_past = 23, slot.prompt.tokens.size() = 33, seq_id = 0, pos_min = 0, n_swa = 512
slot update_slots: id  0 | task 3159 | forcing full prompt re-processing due to lack of cache data (likely due to SWA or hybrid/recurrent memory, see https://github.com/ggml-org/llama.cpp/pull/13194#issuecomment-2868343055)
slot update_slots: id  0 | task 3159 | n_tokens = 0, memory_seq_rm [0, end)
slot update_slots: id  0 | task 3159 | prompt processing progress, n_tokens = 19, batch.n_tokens = 19, progress = 0.826087
slot update_slots: id  0 | task 3159 | n_tokens = 19, memory_seq_rm [19, end)
slot init_sampler: id  0 | task 3159 | init sampler, took 0.02 ms, tokens: text = 23, total = 23
slot update_slots: id  0 | task 3159 | prompt processing done, n_tokens = 23, batch.n_tokens = 4
srv  log_server_r: done request: POST /v1/chat/completions 127.0.0.1 200
slot print_timing: id  0 | task 3159 | 
prompt eval time =    1422.74 ms /    23 tokens (   61.86 ms per token,    16.17 tokens per second)
       eval time =    1299.37 ms /    11 tokens (  118.12 ms per token,     8.47 tokens per second)
      total time =    2722.11 ms /    34 tokens
slot      release: id  0 | task 3159 | stop processing: n_tokens = 33, truncated = 0
srv  update_slots: all slots are idle
srv  params_from_: Chat format: peg-gemma4
slot get_availabl: id  0 | task -1 | selected slot by LCP similarity, sim_best = 0.234 (> 0.100 thold), f_keep = 0.333
srv  get_availabl: updating prompt cache
srv   prompt_save:  - saving prompt with length 33, total state size = 0.481 MiB
srv          load:  - looking for better prompt, base f_keep = 0.333, sim = 0.234
srv        update:  - cache state: 9 prompts, 39.886 MiB (limits: 8192.000 MiB, 2048 tokens, 425964 est)
srv        update:    - prompt 0xc7c180:     174 tokens, checkpoints:  0,     2.532 MiB
srv        update:    - prompt 0xdf2470:     165 tokens, checkpoints:  0,     2.401 MiB
srv        update:    - prompt 0xfffd98003c20:     161 tokens, checkpoints:  0,     2.343 MiB
srv        update:    - prompt 0xdfe190:     221 tokens, checkpoints:  1,     4.151 MiB
srv        update:    - prompt 0xdef390:     214 tokens, checkpoints:  2,     4.102 MiB
srv        update:    - prompt 0xc6e500:     286 tokens, checkpoints:  2,     5.897 MiB
srv        update:    - prompt 0xdf9830:     439 tokens, checkpoints:  2,     9.713 MiB
srv        update:    - prompt 0xdef0c0:     381 tokens, checkpoints:  2,     8.266 MiB
srv        update:    - prompt 0xdc97d0:      33 tokens, checkpoints:  0,     0.481 MiB
srv  get_availabl: prompt cache update took 0.33 ms
slot launch_slot_: id  0 | task -1 | sampler chain: logits -> ?penalties -> ?dry -> ?top-n-sigma -> top-k -> ?typical -> ?top-p -> min-p -> ?xtc -> temp-ext -> dist 
slot launch_slot_: id  0 | task 3172 | processing task, is_child = 0
slot update_slots: id  0 | task 3172 | new prompt, n_ctx_slot = 2048, n_keep = 0, task.n_tokens = 47
slot update_slots: id  0 | task 3172 | n_past = 11, slot.prompt.tokens.size() = 33, seq_id = 0, pos_min = 0, n_swa = 512
slot update_slots: id  0 | task 3172 | forcing full prompt re-processing due to lack of cache data (likely due to SWA or hybrid/recurrent memory, see https://github.com/ggml-org/llama.cpp/pull/13194#issuecomment-2868343055)
slot update_slots: id  0 | task 3172 | n_tokens = 0, memory_seq_rm [0, end)
slot update_slots: id  0 | task 3172 | prompt processing progress, n_tokens = 43, batch.n_tokens = 43, progress = 0.914894
slot update_slots: id  0 | task 3172 | n_tokens = 43, memory_seq_rm [43, end)
slot init_sampler: id  0 | task 3172 | init sampler, took 0.03 ms, tokens: text = 47, total = 47
slot update_slots: id  0 | task 3172 | prompt processing done, n_tokens = 47, batch.n_tokens = 4
srv  log_server_r: done request: POST /v1/chat/completions 127.0.0.1 200
slot print_timing: id  0 | task 3172 | 
prompt eval time =    2773.31 ms /    47 tokens (   59.01 ms per token,    16.95 tokens per second)
       eval time =   18652.83 ms /   128 tokens (  145.73 ms per token,     6.86 tokens per second)
      total time =   21426.14 ms /   175 tokens
slot      release: id  0 | task 3172 | stop processing: n_tokens = 174, truncated = 0
srv  update_slots: all slots are idle
srv  params_from_: Chat format: peg-gemma4
slot get_availabl: id  0 | task -1 | selected slot by LCP similarity, sim_best = 0.289 (> 0.100 thold), f_keep = 0.063
srv  get_availabl: updating prompt cache
srv   prompt_save:  - saving prompt with length 174, total state size = 2.532 MiB
srv         alloc:  - prompt is already in the cache, skipping
srv          load:  - looking for better prompt, base f_keep = 0.063, sim = 0.289
srv        update:  - cache state: 9 prompts, 39.886 MiB (limits: 8192.000 MiB, 2048 tokens, 425964 est)
srv        update:    - prompt 0xc7c180:     174 tokens, checkpoints:  0,     2.532 MiB
srv        update:    - prompt 0xdf2470:     165 tokens, checkpoints:  0,     2.401 MiB
srv        update:    - prompt 0xfffd98003c20:     161 tokens, checkpoints:  0,     2.343 MiB
srv        update:    - prompt 0xdfe190:     221 tokens, checkpoints:  1,     4.151 MiB
srv        update:    - prompt 0xdef390:     214 tokens, checkpoints:  2,     4.102 MiB
srv        update:    - prompt 0xc6e500:     286 tokens, checkpoints:  2,     5.897 MiB
srv        update:    - prompt 0xdf9830:     439 tokens, checkpoints:  2,     9.713 MiB
srv        update:    - prompt 0xdef0c0:     381 tokens, checkpoints:  2,     8.266 MiB
srv        update:    - prompt 0xdc97d0:      33 tokens, checkpoints:  0,     0.481 MiB
srv  get_availabl: prompt cache update took 0.16 ms
slot launch_slot_: id  0 | task -1 | sampler chain: logits -> ?penalties -> ?dry -> ?top-n-sigma -> top-k -> ?typical -> ?top-p -> min-p -> ?xtc -> temp-ext -> dist 
slot launch_slot_: id  0 | task 3302 | processing task, is_child = 0
slot update_slots: id  0 | task 3302 | new prompt, n_ctx_slot = 2048, n_keep = 0, task.n_tokens = 38
slot update_slots: id  0 | task 3302 | n_past = 11, slot.prompt.tokens.size() = 174, seq_id = 0, pos_min = 0, n_swa = 512
slot update_slots: id  0 | task 3302 | forcing full prompt re-processing due to lack of cache data (likely due to SWA or hybrid/recurrent memory, see https://github.com/ggml-org/llama.cpp/pull/13194#issuecomment-2868343055)
slot update_slots: id  0 | task 3302 | n_tokens = 0, memory_seq_rm [0, end)
slot update_slots: id  0 | task 3302 | prompt processing progress, n_tokens = 34, batch.n_tokens = 34, progress = 0.894737
slot update_slots: id  0 | task 3302 | n_tokens = 34, memory_seq_rm [34, end)
slot init_sampler: id  0 | task 3302 | init sampler, took 0.03 ms, tokens: text = 38, total = 38
slot update_slots: id  0 | task 3302 | prompt processing done, n_tokens = 38, batch.n_tokens = 4
srv  log_server_r: done request: POST /v1/chat/completions 127.0.0.1 200
slot print_timing: id  0 | task 3302 | 
prompt eval time =    2260.41 ms /    38 tokens (   59.48 ms per token,    16.81 tokens per second)
       eval time =   18374.32 ms /   128 tokens (  143.55 ms per token,     6.97 tokens per second)
      total time =   20634.73 ms /   166 tokens
slot      release: id  0 | task 3302 | stop processing: n_tokens = 165, truncated = 0
srv  update_slots: all slots are idle
srv  params_from_: Chat format: peg-gemma4
slot get_availabl: id  0 | task -1 | selected slot by LCP similarity, sim_best = 0.324 (> 0.100 thold), f_keep = 0.067
srv  get_availabl: updating prompt cache
srv   prompt_save:  - saving prompt with length 165, total state size = 2.401 MiB
srv         alloc:  - prompt is already in the cache, skipping
srv          load:  - looking for better prompt, base f_keep = 0.067, sim = 0.324
srv        update:  - cache state: 9 prompts, 39.886 MiB (limits: 8192.000 MiB, 2048 tokens, 425964 est)
srv        update:    - prompt 0xc7c180:     174 tokens, checkpoints:  0,     2.532 MiB
srv        update:    - prompt 0xdf2470:     165 tokens, checkpoints:  0,     2.401 MiB
srv        update:    - prompt 0xfffd98003c20:     161 tokens, checkpoints:  0,     2.343 MiB
srv        update:    - prompt 0xdfe190:     221 tokens, checkpoints:  1,     4.151 MiB
srv        update:    - prompt 0xdef390:     214 tokens, checkpoints:  2,     4.102 MiB
srv        update:    - prompt 0xc6e500:     286 tokens, checkpoints:  2,     5.897 MiB
srv        update:    - prompt 0xdf9830:     439 tokens, checkpoints:  2,     9.713 MiB
srv        update:    - prompt 0xdef0c0:     381 tokens, checkpoints:  2,     8.266 MiB
srv        update:    - prompt 0xdc97d0:      33 tokens, checkpoints:  0,     0.481 MiB
srv  get_availabl: prompt cache update took 0.15 ms
slot launch_slot_: id  0 | task -1 | sampler chain: logits -> ?penalties -> ?dry -> ?top-n-sigma -> top-k -> ?typical -> ?top-p -> min-p -> ?xtc -> temp-ext -> dist 
slot launch_slot_: id  0 | task 3432 | processing task, is_child = 0
slot update_slots: id  0 | task 3432 | new prompt, n_ctx_slot = 2048, n_keep = 0, task.n_tokens = 34
slot update_slots: id  0 | task 3432 | n_past = 11, slot.prompt.tokens.size() = 165, seq_id = 0, pos_min = 0, n_swa = 512
slot update_slots: id  0 | task 3432 | forcing full prompt re-processing due to lack of cache data (likely due to SWA or hybrid/recurrent memory, see https://github.com/ggml-org/llama.cpp/pull/13194#issuecomment-2868343055)
slot update_slots: id  0 | task 3432 | n_tokens = 0, memory_seq_rm [0, end)
slot update_slots: id  0 | task 3432 | prompt processing progress, n_tokens = 30, batch.n_tokens = 30, progress = 0.882353
slot update_slots: id  0 | task 3432 | n_tokens = 30, memory_seq_rm [30, end)
slot init_sampler: id  0 | task 3432 | init sampler, took 0.02 ms, tokens: text = 34, total = 34
slot update_slots: id  0 | task 3432 | prompt processing done, n_tokens = 34, batch.n_tokens = 4
srv  log_server_r: done request: POST /v1/chat/completions 127.0.0.1 200
slot print_timing: id  0 | task 3432 | 
prompt eval time =    2069.59 ms /    34 tokens (   60.87 ms per token,    16.43 tokens per second)
       eval time =   18334.95 ms /   128 tokens (  143.24 ms per token,     6.98 tokens per second)
      total time =   20404.53 ms /   162 tokens
slot      release: id  0 | task 3432 | stop processing: n_tokens = 161, truncated = 0
srv  update_slots: all slots are idle
srv  params_from_: Chat format: peg-gemma4
slot get_availabl: id  0 | task -1 | selected slot by LCP similarity, sim_best = 0.117 (> 0.100 thold), f_keep = 0.068
srv  get_availabl: updating prompt cache
srv   prompt_save:  - saving prompt with length 161, total state size = 2.343 MiB
srv         alloc:  - prompt is already in the cache, skipping
srv          load:  - looking for better prompt, base f_keep = 0.068, sim = 0.117
srv          load:  - found better prompt with f_keep = 0.425, sim = 1.000
srv        update:  - cache state: 8 prompts, 35.735 MiB (limits: 8192.000 MiB, 2048 tokens, 424785 est)
srv        update:    - prompt 0xc7c180:     174 tokens, checkpoints:  0,     2.532 MiB
srv        update:    - prompt 0xdf2470:     165 tokens, checkpoints:  0,     2.401 MiB
srv        update:    - prompt 0xfffd98003c20:     161 tokens, checkpoints:  0,     2.343 MiB
srv        update:    - prompt 0xdef390:     214 tokens, checkpoints:  2,     4.102 MiB
srv        update:    - prompt 0xc6e500:     286 tokens, checkpoints:  2,     5.897 MiB
srv        update:    - prompt 0xdf9830:     439 tokens, checkpoints:  2,     9.713 MiB
srv        update:    - prompt 0xdef0c0:     381 tokens, checkpoints:  2,     8.266 MiB
srv        update:    - prompt 0xdc97d0:      33 tokens, checkpoints:  0,     0.481 MiB
srv  get_availabl: prompt cache update took 1.45 ms
slot launch_slot_: id  0 | task -1 | sampler chain: logits -> ?penalties -> ?dry -> ?top-n-sigma -> top-k -> ?typical -> ?top-p -> min-p -> ?xtc -> temp-ext -> dist 
slot launch_slot_: id  0 | task 3562 | processing task, is_child = 0
slot update_slots: id  0 | task 3562 | new prompt, n_ctx_slot = 2048, n_keep = 0, task.n_tokens = 94
slot update_slots: id  0 | task 3562 | n_past = 94, slot.prompt.tokens.size() = 221, seq_id = 0, pos_min = 0, n_swa = 512
slot update_slots: id  0 | task 3562 | Checking checkpoint with [0, 89] against 0...
slot update_slots: id  0 | task 3562 | restored context checkpoint (pos_min = 0, pos_max = 89, n_tokens = 90, n_past = 89, size = 0.935 MiB)
slot update_slots: id  0 | task 3562 | n_tokens = 89, memory_seq_rm [89, end)
slot update_slots: id  0 | task 3562 | prompt processing progress, n_tokens = 90, batch.n_tokens = 1, progress = 0.957447
slot update_slots: id  0 | task 3562 | n_tokens = 90, memory_seq_rm [90, end)
slot init_sampler: id  0 | task 3562 | init sampler, took 0.06 ms, tokens: text = 94, total = 94
slot update_slots: id  0 | task 3562 | prompt processing done, n_tokens = 94, batch.n_tokens = 4
srv  log_server_r: done request: POST /v1/chat/completions 127.0.0.1 200
slot print_timing: id  0 | task 3562 | 
prompt eval time =     436.50 ms /     5 tokens (   87.30 ms per token,    11.45 tokens per second)
       eval time =   19584.82 ms /   128 tokens (  153.01 ms per token,     6.54 tokens per second)
      total time =   20021.32 ms /   133 tokens
slot      release: id  0 | task 3562 | stop processing: n_tokens = 221, truncated = 0
srv  update_slots: all slots are idle
srv  params_from_: Chat format: peg-gemma4
slot get_availabl: id  0 | task -1 | selected slot by LCP similarity, sim_best = 0.138 (> 0.100 thold), f_keep = 0.054
srv  get_availabl: updating prompt cache
srv   prompt_save:  - saving prompt with length 221, total state size = 3.216 MiB
srv          load:  - looking for better prompt, base f_keep = 0.054, sim = 0.138
srv          load:  - found better prompt with f_keep = 0.407, sim = 1.000
srv        update:  - cache state: 8 prompts, 35.785 MiB (limits: 8192.000 MiB, 2048 tokens, 425800 est)
srv        update:    - prompt 0xc7c180:     174 tokens, checkpoints:  0,     2.532 MiB
srv        update:    - prompt 0xdf2470:     165 tokens, checkpoints:  0,     2.401 MiB
srv        update:    - prompt 0xfffd98003c20:     161 tokens, checkpoints:  0,     2.343 MiB
srv        update:    - prompt 0xc6e500:     286 tokens, checkpoints:  2,     5.897 MiB
srv        update:    - prompt 0xdf9830:     439 tokens, checkpoints:  2,     9.713 MiB
srv        update:    - prompt 0xdef0c0:     381 tokens, checkpoints:  2,     8.266 MiB
srv        update:    - prompt 0xdc97d0:      33 tokens, checkpoints:  0,     0.481 MiB
srv        update:    - prompt 0xfffd34003c20:     221 tokens, checkpoints:  1,     4.151 MiB
srv  get_availabl: prompt cache update took 2.36 ms
slot launch_slot_: id  0 | task -1 | sampler chain: logits -> ?penalties -> ?dry -> ?top-n-sigma -> top-k -> ?typical -> ?top-p -> min-p -> ?xtc -> temp-ext -> dist 
slot launch_slot_: id  0 | task 3692 | processing task, is_child = 0
slot update_slots: id  0 | task 3692 | new prompt, n_ctx_slot = 2048, n_keep = 0, task.n_tokens = 87
slot update_slots: id  0 | task 3692 | n_past = 87, slot.prompt.tokens.size() = 214, seq_id = 0, pos_min = 0, n_swa = 512
slot update_slots: id  0 | task 3692 | Checking checkpoint with [0, 82] against 0...
slot update_slots: id  0 | task 3692 | restored context checkpoint (pos_min = 0, pos_max = 82, n_tokens = 83, n_past = 82, size = 0.863 MiB)
slot update_slots: id  0 | task 3692 | n_tokens = 82, memory_seq_rm [82, end)
slot update_slots: id  0 | task 3692 | prompt processing progress, n_tokens = 83, batch.n_tokens = 1, progress = 0.954023
slot update_slots: id  0 | task 3692 | n_tokens = 83, memory_seq_rm [83, end)
slot init_sampler: id  0 | task 3692 | init sampler, took 0.05 ms, tokens: text = 87, total = 87
slot update_slots: id  0 | task 3692 | prompt processing done, n_tokens = 87, batch.n_tokens = 4
srv  log_server_r: done request: POST /v1/chat/completions 127.0.0.1 200
slot print_timing: id  0 | task 3692 | 
prompt eval time =     434.63 ms /     5 tokens (   86.93 ms per token,    11.50 tokens per second)
       eval time =   19656.95 ms /   128 tokens (  153.57 ms per token,     6.51 tokens per second)
      total time =   20091.58 ms /   133 tokens
slot      release: id  0 | task 3692 | stop processing: n_tokens = 214, truncated = 0
srv  update_slots: all slots are idle
srv  params_from_: Chat format: peg-gemma4
slot get_availabl: id  0 | task -1 | selected slot by LRU, t_last = 124875962234
srv  get_availabl: updating prompt cache
srv   prompt_save:  - saving prompt with length 214, total state size = 3.114 MiB
srv          load:  - looking for better prompt, base f_keep = 0.051, sim = 0.069
srv          load:  - found better prompt with f_keep = 0.556, sim = 1.000
srv        update:  - cache state: 8 prompts, 33.989 MiB (limits: 8192.000 MiB, 2048 tokens, 430940 est)
srv        update:    - prompt 0xc7c180:     174 tokens, checkpoints:  0,     2.532 MiB
srv        update:    - prompt 0xdf2470:     165 tokens, checkpoints:  0,     2.401 MiB
srv        update:    - prompt 0xfffd98003c20:     161 tokens, checkpoints:  0,     2.343 MiB
srv        update:    - prompt 0xdf9830:     439 tokens, checkpoints:  2,     9.713 MiB
srv        update:    - prompt 0xdef0c0:     381 tokens, checkpoints:  2,     8.266 MiB
srv        update:    - prompt 0xdc97d0:      33 tokens, checkpoints:  0,     0.481 MiB
srv        update:    - prompt 0xfffd34003c20:     221 tokens, checkpoints:  1,     4.151 MiB
srv        update:    - prompt 0xdef390:     214 tokens, checkpoints:  2,     4.102 MiB
srv  get_availabl: prompt cache update took 2.64 ms
slot launch_slot_: id  0 | task -1 | sampler chain: logits -> ?penalties -> ?dry -> ?top-n-sigma -> top-k -> ?typical -> ?top-p -> min-p -> ?xtc -> temp-ext -> dist 
slot launch_slot_: id  0 | task 3822 | processing task, is_child = 0
slot update_slots: id  0 | task 3822 | new prompt, n_ctx_slot = 2048, n_keep = 0, task.n_tokens = 159
slot update_slots: id  0 | task 3822 | n_past = 159, slot.prompt.tokens.size() = 286, seq_id = 0, pos_min = 0, n_swa = 512
slot update_slots: id  0 | task 3822 | Checking checkpoint with [0, 154] against 0...
slot update_slots: id  0 | task 3822 | restored context checkpoint (pos_min = 0, pos_max = 154, n_tokens = 155, n_past = 154, size = 1.611 MiB)
slot update_slots: id  0 | task 3822 | n_tokens = 154, memory_seq_rm [154, end)
slot update_slots: id  0 | task 3822 | prompt processing progress, n_tokens = 155, batch.n_tokens = 1, progress = 0.974843
slot update_slots: id  0 | task 3822 | n_tokens = 155, memory_seq_rm [155, end)
slot init_sampler: id  0 | task 3822 | init sampler, took 0.09 ms, tokens: text = 159, total = 159
slot update_slots: id  0 | task 3822 | prompt processing done, n_tokens = 159, batch.n_tokens = 4
srv  log_server_r: done request: POST /v1/chat/completions 127.0.0.1 200
slot print_timing: id  0 | task 3822 | 
prompt eval time =     473.30 ms /     5 tokens (   94.66 ms per token,    10.56 tokens per second)
       eval time =   21193.47 ms /   128 tokens (  165.57 ms per token,     6.04 tokens per second)
      total time =   21666.77 ms /   133 tokens
slot      release: id  0 | task 3822 | stop processing: n_tokens = 286, truncated = 0
srv  update_slots: all slots are idle
srv  params_from_: Chat format: peg-gemma4
slot get_availabl: id  0 | task -1 | selected slot by LRU, t_last = 124897640966
srv  get_availabl: updating prompt cache
srv   prompt_save:  - saving prompt with length 286, total state size = 4.162 MiB
srv          load:  - looking for better prompt, base f_keep = 0.038, sim = 0.035
srv          load:  - found better prompt with f_keep = 0.711, sim = 1.000
srv        update:  - cache state: 8 prompts, 30.174 MiB (limits: 8192.000 MiB, 2048 tokens, 443891 est)
srv        update:    - prompt 0xc7c180:     174 tokens, checkpoints:  0,     2.532 MiB
srv        update:    - prompt 0xdf2470:     165 tokens, checkpoints:  0,     2.401 MiB
srv        update:    - prompt 0xfffd98003c20:     161 tokens, checkpoints:  0,     2.343 MiB
srv        update:    - prompt 0xdef0c0:     381 tokens, checkpoints:  2,     8.266 MiB
srv        update:    - prompt 0xdc97d0:      33 tokens, checkpoints:  0,     0.481 MiB
srv        update:    - prompt 0xfffd34003c20:     221 tokens, checkpoints:  1,     4.151 MiB
srv        update:    - prompt 0xdef390:     214 tokens, checkpoints:  2,     4.102 MiB
srv        update:    - prompt 0xc6e500:     286 tokens, checkpoints:  2,     5.897 MiB
srv  get_availabl: prompt cache update took 3.47 ms
slot launch_slot_: id  0 | task -1 | sampler chain: logits -> ?penalties -> ?dry -> ?top-n-sigma -> top-k -> ?typical -> ?top-p -> min-p -> ?xtc -> temp-ext -> dist 
slot launch_slot_: id  0 | task 3952 | processing task, is_child = 0
slot update_slots: id  0 | task 3952 | new prompt, n_ctx_slot = 2048, n_keep = 0, task.n_tokens = 312
slot update_slots: id  0 | task 3952 | n_past = 312, slot.prompt.tokens.size() = 439, seq_id = 0, pos_min = 0, n_swa = 512
slot update_slots: id  0 | task 3952 | Checking checkpoint with [0, 307] against 0...
slot update_slots: id  0 | task 3952 | restored context checkpoint (pos_min = 0, pos_max = 307, n_tokens = 308, n_past = 307, size = 3.200 MiB)
slot update_slots: id  0 | task 3952 | n_tokens = 307, memory_seq_rm [307, end)
slot update_slots: id  0 | task 3952 | prompt processing progress, n_tokens = 308, batch.n_tokens = 1, progress = 0.987179
slot update_slots: id  0 | task 3952 | n_tokens = 308, memory_seq_rm [308, end)
slot init_sampler: id  0 | task 3952 | init sampler, took 0.16 ms, tokens: text = 312, total = 312
slot update_slots: id  0 | task 3952 | prompt processing done, n_tokens = 312, batch.n_tokens = 4
srv  log_server_r: done request: POST /v1/chat/completions 127.0.0.1 200
slot print_timing: id  0 | task 3952 | 
prompt eval time =     543.62 ms /     5 tokens (  108.72 ms per token,     9.20 tokens per second)
       eval time =   24022.33 ms /   128 tokens (  187.67 ms per token,     5.33 tokens per second)
      total time =   24565.96 ms /   133 tokens
slot      release: id  0 | task 3952 | stop processing: n_tokens = 439, truncated = 0
srv  update_slots: all slots are idle
srv  params_from_: Chat format: peg-gemma4
slot get_availabl: id  0 | task -1 | selected slot by LRU, t_last = 124922221184
srv  get_availabl: updating prompt cache
srv   prompt_save:  - saving prompt with length 439, total state size = 6.388 MiB
srv          load:  - looking for better prompt, base f_keep = 0.025, sim = 0.043
srv          load:  - found better prompt with f_keep = 0.667, sim = 1.000
srv        update:  - cache state: 8 prompts, 31.620 MiB (limits: 8192.000 MiB, 2048 tokens, 438614 est)
srv        update:    - prompt 0xc7c180:     174 tokens, checkpoints:  0,     2.532 MiB
srv        update:    - prompt 0xdf2470:     165 tokens, checkpoints:  0,     2.401 MiB
srv        update:    - prompt 0xfffd98003c20:     161 tokens, checkpoints:  0,     2.343 MiB
srv        update:    - prompt 0xdc97d0:      33 tokens, checkpoints:  0,     0.481 MiB
srv        update:    - prompt 0xfffd34003c20:     221 tokens, checkpoints:  1,     4.151 MiB
srv        update:    - prompt 0xdef390:     214 tokens, checkpoints:  2,     4.102 MiB
srv        update:    - prompt 0xc6e500:     286 tokens, checkpoints:  2,     5.897 MiB
srv        update:    - prompt 0xdf9830:     439 tokens, checkpoints:  2,     9.713 MiB
srv  get_availabl: prompt cache update took 4.08 ms
slot launch_slot_: id  0 | task -1 | sampler chain: logits -> ?penalties -> ?dry -> ?top-n-sigma -> top-k -> ?typical -> ?top-p -> min-p -> ?xtc -> temp-ext -> dist 
slot launch_slot_: id  0 | task 4082 | processing task, is_child = 0
slot update_slots: id  0 | task 4082 | new prompt, n_ctx_slot = 2048, n_keep = 0, task.n_tokens = 254
slot update_slots: id  0 | task 4082 | n_past = 254, slot.prompt.tokens.size() = 381, seq_id = 0, pos_min = 0, n_swa = 512
slot update_slots: id  0 | task 4082 | Checking checkpoint with [0, 249] against 0...
slot update_slots: id  0 | task 4082 | restored context checkpoint (pos_min = 0, pos_max = 249, n_tokens = 250, n_past = 249, size = 2.597 MiB)
slot update_slots: id  0 | task 4082 | n_tokens = 249, memory_seq_rm [249, end)
slot update_slots: id  0 | task 4082 | prompt processing progress, n_tokens = 250, batch.n_tokens = 1, progress = 0.984252
slot update_slots: id  0 | task 4082 | n_tokens = 250, memory_seq_rm [250, end)
slot init_sampler: id  0 | task 4082 | init sampler, took 0.14 ms, tokens: text = 254, total = 254
slot update_slots: id  0 | task 4082 | prompt processing done, n_tokens = 254, batch.n_tokens = 4
srv  log_server_r: done request: POST /v1/chat/completions 127.0.0.1 200
slot print_timing: id  0 | task 4082 | 
prompt eval time =     516.07 ms /     5 tokens (  103.21 ms per token,     9.69 tokens per second)
       eval time =   22843.44 ms /   128 tokens (  178.46 ms per token,     5.60 tokens per second)
      total time =   23359.51 ms /   133 tokens
slot      release: id  0 | task 4082 | stop processing: n_tokens = 381, truncated = 0
srv  update_slots: all slots are idle
srv    operator(): operator(): cleaning up before exit...
common_memory_breakdown_print: | memory breakdown [MiB] | total   free    self   model   context   compute    unaccounted |
common_memory_breakdown_print: |   - Host               |                 5614 =  5073 +      19 +     522                |
