timestamp,role,cpu_user_jiffies,cpu_nice_jiffies,cpu_system_jiffies,cpu_idle_jiffies,cpu_iowait_jiffies,cpu_irq_jiffies,cpu_softirq_jiffies,cpu_steal_jiffies,mem_total_kb,mem_available_kb,mem_used_kb,mem_free_kb,swap_total_kb,swap_free_kb
2026-05-13T15:25:03+01:00,server,597893584,109229,2405894,1029341916,33419,0,152381,0,32911424,29147072,3764352,24268480,16252864,16220096
2026-05-13T15:25:04+01:00,server,597896822,109229,2405969,1029343764,33421,0,152381,0,32911424,29131904,3779520,24241856,16252864,16220096
2026-05-13T15:25:05+01:00,server,597901805,109229,2405985,1029343865,33421,0,152381,0,32911424,29129152,3782272,24238848,16252864,16220096
2026-05-13T15:25:06+01:00,server,597906660,109229,2406050,1029344102,33421,0,152381,0,32911424,29122624,3788800,24232128,16252864,16220096
2026-05-13T15:25:07+01:00,server,597911493,109229,2406064,1029344409,33421,0,152381,0,32911424,29120384,3791040,24229824,16252864,16220096
2026-05-13T15:25:08+01:00,server,597916194,109229,2406080,1029344561,33421,0,152382,0,32911424,29116416,3795008,24225792,16252864,16220096
2026-05-13T15:25:09+01:00,server,597919791,109229,2406146,1029345721,33421,0,152382,0,32911424,29115520,3795904,24224896,16252864,16220096
2026-05-13T15:25:10+01:00,server,597922792,109229,2406248,1029347129,33421,0,152383,0,32911424,29114880,3796544,24224192,16252864,16220096
2026-05-13T15:25:11+01:00,server,597926341,109229,2406322,1029348494,33421,0,152383,0,32911424,29102720,3808704,24211840,16252864,16220096
2026-05-13T15:25:12+01:00,server,597929647,109229,2406411,1029349889,33421,0,152383,0,32911424,29100736,3810688,24209792,16252864,16220096
2026-05-13T15:25:13+01:00,server,597934392,109229,2406434,1029350145,33421,0,152383,0,32911424,29101696,3809728,24210752,16252864,16220096
2026-05-13T15:25:14+01:00,server,597937689,109229,2406514,1029351520,33421,0,152383,0,32911424,29098752,3812672,24207808,16252864,16220096
2026-05-13T15:25:15+01:00,server,597940825,109229,2406588,1029352879,33421,0,152383,0,32911424,29089344,3822080,24198400,16252864,16220096
2026-05-13T15:25:16+01:00,server,597943976,109229,2406659,1029354414,33421,0,152383,0,32911424,29088576,3822848,24197568,16252864,16220096
2026-05-13T15:25:17+01:00,server,597947166,109229,2406732,1029355858,33421,0,152383,0,32911424,29087296,3824128,24196288,16252864,16220096
2026-05-13T15:25:18+01:00,server,597950692,109229,2406815,1029357035,33421,0,152384,0,32911424,29085888,3825536,24194880,16252864,16220096
2026-05-13T15:25:19+01:00,server,597954223,109229,2406877,1029358334,33421,0,152384,0,32911424,29083008,3828416,24192000,16252864,16220096
2026-05-13T15:25:20+01:00,server,597958367,109229,2406926,1029359179,33421,0,152386,0,32911424,29080448,3830976,24189440,16252864,16220096
2026-05-13T15:25:21+01:00,server,597961626,109229,2407025,1029360601,33421,0,152386,0,32911424,29076096,3835328,24185088,16252864,16220096
2026-05-13T15:25:22+01:00,server,597966016,109229,2407062,1029361068,33421,0,152386,0,32911424,29073088,3838336,24181952,16252864,16220096
2026-05-13T15:25:23+01:00,server,597969728,109229,2407139,1029362366,33421,0,152386,0,32911424,29073344,3838080,24182208,16252864,16220096
2026-05-13T15:25:24+01:00,server,597974150,109229,2407173,1029362891,33421,0,152386,0,32911424,29073920,3837504,24182784,16252864,16220096
2026-05-13T15:25:25+01:00,server,597977873,109229,2407233,1029364050,33421,0,152387,0,32911424,29075328,3836096,24184192,16252864,16220096
2026-05-13T15:25:26+01:00,server,597982082,109229,2407279,1029364681,33421,0,152387,0,32911424,29070848,3840576,24179520,16252864,16220096
2026-05-13T15:25:27+01:00,server,597986901,109229,2407312,1029365017,33421,0,152387,0,32911424,29068480,3842944,24177152,16252864,16220096
2026-05-13T15:25:29+01:00,server,597991146,109229,2407367,1029365670,33421,0,152387,0,32911424,29066048,3845376,24174656,16252864,16220096
2026-05-13T15:25:30+01:00,server,597995406,109229,2407411,1029366382,33421,0,152387,0,32911424,29065472,3845952,24174016,16252864,16220096
2026-05-13T15:25:31+01:00,server,597999462,109229,2407465,1029367171,33421,0,152387,0,32911424,29064576,3846848,24173120,16252864,16220096
2026-05-13T15:25:32+01:00,server,598002928,109229,2407544,1029368672,33421,0,152388,0,32911424,29065600,3845824,24174016,16252864,16220096
2026-05-13T15:25:33+01:00,server,598006659,109229,2407595,1029370173,33421,0,152388,0,32911424,29067584,3843840,24175616,16252864,16220096
2026-05-13T15:25:34+01:00,server,598010082,109229,2407668,1029371632,33421,0,152388,0,32911424,29065984,3845440,24173952,16252864,16220096
2026-05-13T15:25:35+01:00,server,598013468,109229,2407752,1029372881,33421,0,152388,0,32911424,29040640,3870784,24148544,16252864,16220096
2026-05-13T15:25:36+01:00,server,598018653,109229,2407764,1029373015,33421,0,152388,0,32911424,29041216,3870208,24149120,16252864,16220096
2026-05-13T15:25:37+01:00,server,598023304,109229,2407789,1029373437,33421,0,152389,0,32911424,29034944,3876480,24142784,16252864,16220096
2026-05-13T15:25:38+01:00,server,598027904,109229,2407816,1029373877,33421,0,152389,0,32911424,29033792,3877632,24141632,16252864,16220096
2026-05-13T15:25:39+01:00,server,598032044,109229,2407879,1029374620,33421,0,152389,0,32911424,29037056,3874368,24144896,16252864,16220096
2026-05-13T15:25:40+01:00,server,598036398,109229,2407920,1029375086,33421,0,152389,0,32911424,29035712,3875712,24143488,16252864,16220096
2026-05-13T15:25:41+01:00,server,598039649,109229,2408013,1029376418,33421,0,152391,0,32911424,29038656,3872768,24146368,16252864,16220096
2026-05-13T15:25:42+01:00,server,598043634,109229,2408084,1029377430,33421,0,152391,0,32911424,29042048,3869376,24149760,16252864,16220096
2026-05-13T15:25:43+01:00,server,598047511,109229,2408151,1029378619,33421,0,152391,0,32911424,29041536,3869888,24149248,16252864,16220096
2026-05-13T15:25:44+01:00,server,598050631,109229,2408238,1029379971,33421,0,152391,0,32911424,29038144,3873280,24145856,16252864,16220096
2026-05-13T15:25:45+01:00,server,598054687,109229,2408298,1029380820,33421,0,152391,0,32911424,29034816,3876608,24142528,16252864,16220096
2026-05-13T15:25:46+01:00,server,598059110,109229,2408345,1029381577,33421,0,152391,0,32911424,29036864,3874560,24144576,16252864,16220096
2026-05-13T15:25:47+01:00,server,598062092,109229,2408406,1029383301,33421,0,152391,0,32911424,29037632,3873792,24145344,16252864,16220096
2026-05-13T15:25:48+01:00,server,598065703,109229,2408493,1029384238,33421,0,152392,0,32911424,29036160,3875264,24143808,16252864,16220096
2026-05-13T15:25:49+01:00,server,598069664,109229,2408553,1029385121,33421,0,152393,0,32911424,29037760,3873664,24145408,16252864,16220096
2026-05-13T15:25:50+01:00,server,598072914,109229,2408643,1029386528,33421,0,152393,0,32911424,29033280,3878144,24140928,16252864,16220096
2026-05-13T15:25:52+01:00,server,598076751,109229,2408698,1029387477,33421,0,152393,0,32911424,29037440,3873984,24145088,16252864,16220096
2026-05-13T15:25:53+01:00,server,598081274,109229,2408744,1029387854,33421,0,152393,0,32911424,29035200,3876224,24142848,16252864,16220096
2026-05-13T15:25:54+01:00,server,598085572,109229,2408770,1029388311,33421,0,152393,0,32911424,29040384,3871040,24148032,16252864,16220096
2026-05-13T15:25:55+01:00,server,598088919,109229,2408859,1029389539,33421,0,152394,0,32911424,29035072,3876352,24142656,16252864,16220096
2026-05-13T15:25:56+01:00,server,598092204,109229,2408981,1029390914,33421,0,152395,0,32911424,29035456,3875968,24142976,16252864,16220096
2026-05-13T15:25:57+01:00,server,598096167,109229,2409046,1029391923,33421,0,152395,0,32911424,29035584,3875840,24143104,16252864,16220096
2026-05-13T15:25:58+01:00,server,598099906,109229,2409107,1029392912,33421,0,152395,0,32911424,29037568,3873856,24145088,16252864,16220096
2026-05-13T15:25:59+01:00,server,598103134,109229,2409230,1029394157,33421,0,152395,0,32911424,29013568,3897856,24121088,16252864,16220096
2026-05-13T15:26:00+01:00,server,598107739,109229,2409251,1029394608,33421,0,152395,0,32911424,29008000,3903424,24115456,16252864,16220096
2026-05-13T15:26:01+01:00,server,598112242,109229,2409291,1029395094,33421,0,152395,0,32911424,29011840,3899584,24119296,16252864,16220096
2026-05-13T15:26:02+01:00,server,598115728,109229,2409390,1029396463,33421,0,152396,0,32911424,29011456,3899968,24118912,16252864,16220096
2026-05-13T15:26:03+01:00,server,598119166,109229,2409472,1029397878,33421,0,152397,0,32911424,29007488,3903936,24114944,16252864,16220096
2026-05-13T15:26:04+01:00,server,598122511,109229,2409544,1029398983,33421,0,152398,0,32911424,29012672,3898752,24120128,16252864,16220096
2026-05-13T15:26:05+01:00,server,598126991,109229,2409602,1029399707,33421,0,152399,0,32911424,29011264,3900160,24118720,16252864,16220096
2026-05-13T15:26:06+01:00,server,598130676,109229,2409683,1029401060,33421,0,152401,0,32911424,29012992,3898432,24120448,16252864,16220096
2026-05-13T15:26:07+01:00,server,598133983,109229,2409757,1029402712,33421,0,152401,0,32911424,29013184,3898240,24120640,16252864,16220096
2026-05-13T15:26:08+01:00,server,598137145,109230,2409847,1029404175,33421,0,152401,0,32911424,29013056,3898368,24120512,16252864,16220096
2026-05-13T15:26:09+01:00,server,598140457,109230,2409934,1029405545,33421,0,152402,0,32911424,29013376,3898048,24120704,16252864,16220096
2026-05-13T15:26:10+01:00,server,598144659,109230,2409990,1029406124,33421,0,152402,0,32911424,29012352,3899072,24119616,16252864,16220096
2026-05-13T15:26:11+01:00,server,598147635,109230,2410072,1029407564,33421,0,152402,0,32911424,29011392,3900032,24118656,16252864,16220096
2026-05-13T15:26:12+01:00,server,598151246,109230,2410126,1029408762,33421,0,152404,0,32911424,29014400,3897024,24121664,16252864,16220096
2026-05-13T15:26:13+01:00,server,598155129,109230,2410163,1029409767,33421,0,152405,0,32911424,29012416,3899008,24119680,16252864,16220096
2026-05-13T15:26:14+01:00,server,598158687,109230,2410263,1029411126,33421,0,152406,0,32911424,29014464,3896960,24121728,16252864,16220096
2026-05-13T15:26:15+01:00,server,598162445,109230,2410338,1029412489,33421,0,152406,0,32911424,29012672,3898752,24119872,16252864,16220096
2026-05-13T15:26:16+01:00,server,598166466,109230,2410412,1029413564,33421,0,152406,0,32911424,29011200,3900224,24118400,16252864,16220096
2026-05-13T15:26:17+01:00,server,598169618,109230,2410516,1029414962,33421,0,152406,0,32911424,29011264,3900160,24118464,16252864,16220096
2026-05-13T15:26:18+01:00,server,598173025,109230,2410595,1029416472,33421,0,152408,0,32911424,29013760,3897664,24120960,16252864,16220096
2026-05-13T15:26:20+01:00,server,598176314,109230,2410668,1029417985,33421,0,152410,0,32911424,29012032,3899392,24119232,16252864,16220096
2026-05-13T15:26:21+01:00,server,598180337,109230,2410709,1029418981,33421,0,152412,0,32911424,29010496,3900928,24117632,16252864,16220096
2026-05-13T15:26:22+01:00,server,598184333,109230,2410765,1029420029,33421,0,152413,0,32911424,29007104,3904320,24114240,16252864,16220096
2026-05-13T15:26:23+01:00,server,598188834,109230,2410800,1029420727,33421,0,152413,0,32911424,29007168,3904256,24114304,16252864,16220096
2026-05-13T15:26:24+01:00,server,598192708,109230,2410847,1029421965,33421,0,152413,0,32911424,29008320,3903104,24115456,16252864,16220096
2026-05-13T15:26:25+01:00,server,598197068,109230,2410882,1029422465,33421,0,152414,0,32911424,29005056,3906368,24112192,16252864,16220096
2026-05-13T15:26:26+01:00,server,598200626,109230,2410963,1029423884,33421,0,152414,0,32911424,29010432,3900992,24117504,16252864,16220096
2026-05-13T15:26:27+01:00,server,598205492,109230,2410975,1029424161,33421,0,152415,0,32911424,29012224,3899200,24119296,16252864,16220096
2026-05-13T15:26:28+01:00,server,598210184,109230,2410979,1029424453,33421,0,152416,0,32911424,28988160,3923264,24095232,16252864,16220096
2026-05-13T15:26:29+01:00,server,598214831,109230,2410995,1029424660,33421,0,152416,0,32911424,28986816,3924608,24093888,16252864,16220096
2026-05-13T15:26:30+01:00,server,598218198,109230,2411061,1029425843,33421,0,152416,0,32911424,28985472,3925952,24092480,16252864,16220096
2026-05-13T15:26:31+01:00,server,598222019,109230,2411145,1029426814,33421,0,152416,0,32911424,28985408,3926016,24092416,16252864,16220096
2026-05-13T15:26:32+01:00,server,598225161,109230,2411259,1029428233,33421,0,152416,0,32911424,28984256,3927168,24091264,16252864,16220096
2026-05-13T15:26:33+01:00,server,598228532,109230,2411342,1029429861,33421,0,152416,0,32911424,28982208,3929216,24089152,16252864,16220096
2026-05-13T15:26:34+01:00,server,598231807,109230,2411432,1029431341,33421,0,152416,0,32911424,28979840,3931584,24086784,16252864,16220096
2026-05-13T15:26:35+01:00,server,598235999,109230,2411490,1029432027,33421,0,152417,0,32911424,28982720,3928704,24089664,16252864,16220096
2026-05-13T15:26:36+01:00,server,598239305,109230,2411556,1029433479,33421,0,152419,0,32911424,28979264,3932160,24086208,16252864,16220096
2026-05-13T15:26:37+01:00,server,598243436,109230,2411588,1029434068,33421,0,152420,0,32911424,28976640,3934784,24083584,16252864,16220096
2026-05-13T15:26:38+01:00,server,598247837,109230,2411617,1029434630,33421,0,152421,0,32911424,28974336,3937088,24081280,16252864,16220096
2026-05-13T15:26:39+01:00,server,598251348,109230,2411686,1029436141,33421,0,152421,0,32911424,28978304,3933120,24085248,16252864,16220096
2026-05-13T15:26:40+01:00,server,598255406,109230,2411744,1029436888,33421,0,152421,0,32911424,28980288,3931136,24087232,16252864,16220096
2026-05-13T15:26:41+01:00,server,598258726,109230,2411819,1029438240,33421,0,152421,0,32911424,28982464,3928960,24089408,16252864,16220096
2026-05-13T15:26:42+01:00,server,598262212,109230,2411948,1029439644,33421,0,152421,0,32911424,28982720,3928704,24089664,16252864,16220096
2026-05-13T15:26:43+01:00,server,598265314,109230,2412044,1029441124,33421,0,152422,0,32911424,28979520,3931904,24086464,16252864,16220096
2026-05-13T15:26:44+01:00,server,598268494,109230,2412132,1029442689,33421,0,152422,0,32911424,28981632,3929792,24088576,16252864,16220096
2026-05-13T15:26:45+01:00,server,598271667,109230,2412241,1029444053,33421,0,152422,0,32911424,28982976,3928448,24089920,16252864,16220096
2026-05-13T15:26:46+01:00,server,598275504,109230,2412311,1029445161,33421,0,152422,0,32911424,28981568,3929856,24088512,16252864,16220096
2026-05-13T15:26:47+01:00,server,598278931,109230,2412394,1029446464,33421,0,152422,0,32911424,28976704,3934720,24083584,16252864,16220096
2026-05-13T15:26:49+01:00,server,598281953,109230,2412471,1029447946,33421,0,152422,0,32911424,28978688,3932736,24085568,16252864,16220096
2026-05-13T15:26:50+01:00,server,598286351,109231,2412514,1029448417,33421,0,152422,0,32911424,28975168,3936256,24081856,16252864,16220096
2026-05-13T15:26:51+01:00,server,598289282,109231,2412641,1029449982,33421,0,152422,0,32911424,28973504,3937920,24080192,16252864,16220096
2026-05-13T15:26:52+01:00,server,598292588,109231,2412742,1029451399,33421,0,152422,0,32911424,28976448,3934976,24083136,16252864,16220096
2026-05-13T15:26:53+01:00,server,598296376,109231,2412813,1029452370,33421,0,152422,0,32911424,28977728,3933696,24084416,16252864,16220096
2026-05-13T15:26:54+01:00,server,598300619,109231,2412848,1029453115,33421,0,152423,0,32911424,28978624,3932800,24085312,16252864,16220096
2026-05-13T15:26:55+01:00,server,598303884,109231,2412925,1029454738,33421,0,152423,0,32911424,28977280,3934144,24083904,16252864,16220096
2026-05-13T15:26:56+01:00,server,598308094,109231,2413042,1029455606,33421,0,152423,0,32911424,28979840,3931584,24086400,16252864,16220096
2026-05-13T15:26:57+01:00,server,598312121,109231,2413087,1029456581,33421,0,152423,0,32911424,28981056,3930368,24087616,16252864,16220096
2026-05-13T15:26:58+01:00,server,598315310,109231,2413190,1029457997,33421,0,152423,0,32911424,28979840,3931584,24086400,16252864,16220096
2026-05-13T15:26:59+01:00,server,598318685,109231,2413264,1029459105,33421,0,152424,0,32911424,28980736,3930688,24087296,16252864,16220096
2026-05-13T15:27:00+01:00,server,598321876,109231,2413347,1029460604,33421,0,152425,0,32911424,28982016,3929408,24088576,16252864,16220096
2026-05-13T15:27:01+01:00,server,598326068,109231,2413423,1029461405,33421,0,152425,0,32911424,28960064,3951360,24066624,16252864,16220096
2026-05-13T15:27:02+01:00,server,598330892,109231,2413444,1029461941,33421,0,152426,0,32911424,28959040,3952384,24065536,16252864,16220096
2026-05-13T15:27:03+01:00,server,598335341,109231,2413526,1029462476,33421,0,152426,0,32911424,28956032,3955392,24062528,16252864,16220096
2026-05-13T15:27:04+01:00,server,598339351,109231,2413603,1029463408,33421,0,152427,0,32911424,28955712,3955712,24062208,16252864,16220096
2026-05-13T15:27:05+01:00,server,598343701,109231,2413658,1029464517,33421,0,152427,0,32911424,28956416,3955008,24062912,16252864,16220096
2026-05-13T15:27:06+01:00,server,598346646,109231,2413734,1029466048,33421,0,152427,0,32911424,28955264,3956160,24061760,16252864,16220096
2026-05-13T15:27:07+01:00,server,598349975,109231,2413800,1029467464,33421,0,152427,0,32911424,28957248,3954176,24063744,16252864,16220096
2026-05-13T15:27:08+01:00,server,598353814,109231,2413907,1029468451,33421,0,152428,0,32911424,28960576,3950848,24067072,16252864,16220096
2026-05-13T15:27:09+01:00,server,598357301,109231,2413978,1029469800,33421,0,152428,0,32911424,28958912,3952512,24065408,16252864,16220096
2026-05-13T15:27:10+01:00,server,598360920,109231,2414068,1029470947,33421,0,152428,0,32911424,28960704,3950720,24067200,16252864,16220096
2026-05-13T15:27:11+01:00,server,598364720,109231,2414140,1029472297,33421,0,152428,0,32911424,28962432,3948992,24068864,16252864,16220096
2026-05-13T15:27:12+01:00,server,598368547,109231,2414206,1029473354,33421,0,152428,0,32911424,28957248,3954176,24063680,16252864,16220096
2026-05-13T15:27:14+01:00,server,598372830,109231,2414264,1029474111,33421,0,152428,0,32911424,28954176,3957248,24060608,16252864,16220096
2026-05-13T15:27:15+01:00,server,598376250,109231,2414359,1029475580,33421,0,152428,0,32911424,28956608,3954816,24063040,16252864,16220096
2026-05-13T15:27:16+01:00,server,598379985,109231,2414412,1029476592,33421,0,152428,0,32911424,28956672,3954752,24063040,16252864,16220096
2026-05-13T15:27:17+01:00,server,598384235,109231,2414460,1029477169,33421,0,152429,0,32911424,28960320,3951104,24066688,16252864,16220096
2026-05-13T15:27:18+01:00,server,598387518,109231,2414542,1029478572,33421,0,152430,0,32911424,28956416,3955008,24062784,16252864,16220096
2026-05-13T15:27:19+01:00,server,598391830,109231,2414596,1029479150,33421,0,152430,0,32911424,28958464,3952960,24064832,16252864,16220096
2026-05-13T15:27:20+01:00,server,598396091,109231,2414633,1029479909,33421,0,152432,0,32911424,28959040,3952384,24065408,16252864,16220096
2026-05-13T15:27:21+01:00,server,598399801,109231,2414701,1029480914,33421,0,152432,0,32911424,28956480,3954944,24062848,16252864,16220096
2026-05-13T15:27:22+01:00,server,598404236,109231,2414730,1029481348,33421,0,152432,0,32911424,28956928,3954496,24063296,16252864,16220096
2026-05-13T15:27:23+01:00,server,598407708,109231,2414811,1029482768,33421,0,152433,0,32911424,28955392,3956032,24061760,16252864,16220096
2026-05-13T15:27:24+01:00,server,598411234,109231,2414903,1029483943,33421,0,152433,0,32911424,28958464,3952960,24064832,16252864,16220096
2026-05-13T15:27:25+01:00,server,598414845,109231,2414990,1029485328,33421,0,152434,0,32911424,28959936,3951488,24066304,16252864,16220096
2026-05-13T15:27:26+01:00,server,598417956,109231,2415086,1029486782,33421,0,152434,0,32911424,28961920,3949504,24068288,16252864,16220096
2026-05-13T15:27:27+01:00,server,598421143,109231,2415174,1029488203,33421,0,152435,0,32911424,28960128,3951296,24066496,16252864,16220096
2026-05-13T15:27:28+01:00,server,598424780,109231,2415230,1029489343,33421,0,152435,0,32911424,28960896,3950528,24067200,16252864,16220096
2026-05-13T15:27:29+01:00,server,598429369,109231,2415261,1029489800,33421,0,152435,0,32911424,28938304,3973120,24044608,16252864,16220096
2026-05-13T15:27:30+01:00,server,598434706,109231,2415295,1029489983,33421,0,152435,0,32911424,28922752,3988672,24029056,16252864,16220096
2026-05-13T15:27:31+01:00,server,598439653,109231,2415322,1029490206,33421,0,152435,0,32911424,28922944,3988480,24028096,16252864,16220096
2026-05-13T15:27:32+01:00,server,598444689,109231,2415338,1029490300,33421,0,152436,0,32911424,28926144,3985280,24029440,16252864,16220096
2026-05-13T15:27:33+01:00,server,598449773,109231,2415344,1029490369,33421,0,152437,0,32911424,28926400,3985024,24029696,16252864,16220096
2026-05-13T15:27:35+01:00,server,598452944,109231,2415416,1029491931,33421,0,152437,0,32911424,28930368,3981056,24033664,16252864,16220096
2026-05-13T15:27:36+01:00,server,598456108,109231,2415489,1029493414,33421,0,152437,0,32911424,28929344,3982080,24032640,16252864,16220096
2026-05-13T15:27:37+01:00,server,598459746,109231,2415565,1029494417,33421,0,152437,0,32911424,28924608,3986816,24027840,16252864,16220096
2026-05-13T15:27:38+01:00,server,598464219,109231,2415597,1029494900,33421,0,152440,0,32911424,28925120,3986304,24028352,16252864,16220096
2026-05-13T15:27:39+01:00,server,598467592,109231,2415644,1029496164,33421,0,152441,0,32911424,28924800,3986624,24027968,16252864,16220096
2026-05-13T15:27:40+01:00,server,598470693,109231,2415764,1029497544,33421,0,152442,0,32911424,28921728,3989696,24024896,16252864,16220096
2026-05-13T15:27:41+01:00,server,598474228,109231,2415857,1029498921,33421,0,152444,0,32911424,28920896,3990528,24023552,16252864,16220096
2026-05-13T15:27:42+01:00,server,598478486,109231,2415900,1029499673,33421,0,152444,0,32911424,28925760,3985664,24028416,16252864,16220096
2026-05-13T15:27:43+01:00,server,598481617,109231,2415970,1029501060,33421,0,152445,0,32911424,28925568,3985856,24028224,16252864,16220096
2026-05-13T15:27:44+01:00,server,598485729,109231,2416018,1029501760,33421,0,152445,0,32911424,28924032,3987392,24026688,16252864,16220096
2026-05-13T15:27:45+01:00,server,598489189,109231,2416099,1029503126,33421,0,152445,0,32911424,28921984,3989440,24024640,16252864,16220096
2026-05-13T15:27:46+01:00,server,598492824,109231,2416194,1029504423,33421,0,152445,0,32911424,28924160,3987264,24026816,16252864,16220096
2026-05-13T15:27:47+01:00,server,598496314,109231,2416265,1029505713,33421,0,152445,0,32911424,28922176,3989248,24024832,16252864,16220096
2026-05-13T15:27:48+01:00,server,598499802,109231,2416322,1029507103,33421,0,152446,0,32911424,28923776,3987648,24026368,16252864,16220096
2026-05-13T15:27:49+01:00,server,598503531,109231,2416396,1029508450,33421,0,152446,0,32911424,28925696,3985728,24028288,16252864,16220096
2026-05-13T15:27:50+01:00,server,598507823,109231,2416436,1029508990,33421,0,152446,0,32911424,28924864,3986560,24027456,16252864,16220096
2026-05-13T15:27:51+01:00,server,598512197,109231,2416506,1029509642,33421,0,152446,0,32911424,28927232,3984192,24029824,16252864,16220096
2026-05-13T15:27:52+01:00,server,598516329,109231,2416551,1029510432,33421,0,152446,0,32911424,28929728,3981696,24032320,16252864,16220096
2026-05-13T15:27:53+01:00,server,598520583,109231,2416587,1029510919,33421,0,152447,0,32911424,28928896,3982528,24031488,16252864,16220096
2026-05-13T15:27:54+01:00,server,598525003,109231,2416618,1029511430,33421,0,152447,0,32911424,28929664,3981760,24032256,16252864,16220096
2026-05-13T15:27:55+01:00,server,598529022,109231,2416660,1029512074,33421,0,152448,0,32911424,28929536,3981888,24032128,16252864,16220096
2026-05-13T15:27:56+01:00,server,598532885,109231,2416733,1029513161,33421,0,152448,0,32911424,28928832,3982592,24031360,16252864,16220096
2026-05-13T15:27:57+01:00,server,598536892,109231,2416796,1029513925,33421,0,152448,0,32911424,28930496,3980928,24033024,16252864,16220096
2026-05-13T15:27:58+01:00,server,598540919,109231,2416861,1029514964,33421,0,152449,0,32911424,28901760,4009664,24004288,16252864,16220096
2026-05-13T15:27:59+01:00,server,598546114,109231,2416872,1029515027,33421,0,152449,0,32911424,28899200,4012224,24001728,16252864,16220096
2026-05-13T15:28:01+01:00,server,598551168,109231,2416885,1029515085,33421,0,152449,0,32911424,28898688,4012736,24001216,16252864,16220096
2026-05-13T15:28:02+01:00,server,598556279,109231,2416898,1029515198,33421,0,152450,0,32911424,28896064,4015360,23998528,16252864,16220096
2026-05-13T15:28:03+01:00,server,598559355,109231,2416986,1029516612,33421,0,152450,0,32911424,28893056,4018368,23995520,16252864,16220096
2026-05-13T15:28:04+01:00,server,598563075,109231,2417069,1029517657,33421,0,152450,0,32911424,28894016,4017408,23996480,16252864,16220096
2026-05-13T15:28:05+01:00,server,598566918,109231,2417148,1029518374,33421,0,152451,0,32911424,28890752,4020672,23993216,16252864,16220096
2026-05-13T15:28:06+01:00,server,598570758,109231,2417211,1029519193,33421,0,152451,0,32911424,28889728,4021696,23992192,16252864,16220096
2026-05-13T15:28:07+01:00,server,598573593,109231,2417288,1029520848,33421,0,152452,0,32911424,28889472,4021952,23991936,16252864,16220096
2026-05-13T15:28:08+01:00,server,598577800,109231,2417350,1029521507,33421,0,152452,0,32911424,28890688,4020736,23993152,16252864,16220096
2026-05-13T15:28:09+01:00,server,598581120,109231,2417430,1029523077,33421,0,152453,0,32911424,28889920,4021504,23992384,16252864,16220096
2026-05-13T15:28:10+01:00,server,598585191,109231,2417462,1029523722,33421,0,152453,0,32911424,28889664,4021760,23992128,16252864,16220096
2026-05-13T15:28:11+01:00,server,598589219,109231,2417527,1029524597,33421,0,152455,0,32911424,28890048,4021376,23992512,16252864,16220096
2026-05-13T15:28:12+01:00,server,598593759,109231,2417539,1029525069,33421,0,152456,0,32911424,28890496,4020928,23992960,16252864,16220096
2026-05-13T15:28:13+01:00,server,598597315,109231,2417612,1029526239,33421,0,152456,0,32911424,28891392,4020032,23993856,16252864,16220096
2026-05-13T15:28:14+01:00,server,598601656,109231,2417657,1029526967,33421,0,152456,0,32911424,28890432,4020992,23992896,16252864,16220096
2026-05-13T15:28:15+01:00,server,598605299,109231,2417718,1029528157,33422,0,152458,0,32911424,28889856,4021568,23991936,16252864,16220096
2026-05-13T15:28:16+01:00,server,598608717,109231,2417777,1029529455,33422,0,152458,0,32911424,28890624,4020800,23992704,16252864,16220096
2026-05-13T15:28:17+01:00,server,598612656,109231,2417840,1029530510,33422,0,152458,0,32911424,28888640,4022784,23990656,16252864,16220096
2026-05-13T15:28:18+01:00,server,598616376,109231,2417902,1029531657,33422,0,152458,0,32911424,28886208,4025216,23988224,16252864,16220096
2026-05-13T15:28:19+01:00,server,598620194,109231,2417974,1029532657,33422,0,152458,0,32911424,28886720,4024704,23988736,16252864,16220096
2026-05-13T15:28:20+01:00,server,598624232,109231,2418026,1029533641,33422,0,152458,0,32911424,28884800,4026624,23986816,16252864,16220096
2026-05-13T15:28:21+01:00,server,598627968,109231,2418112,1029534570,33422,0,152458,0,32911424,28885568,4025856,23987520,16252864,16220096
2026-05-13T15:28:22+01:00,server,598631521,109231,2418201,1029536058,33422,0,152458,0,32911424,28884352,4027072,23986304,16252864,16220096
2026-05-13T15:28:23+01:00,server,598635915,109231,2418236,1029536816,33422,0,152458,0,32911424,28889728,4021696,23991680,16252864,16220096
2026-05-13T15:28:24+01:00,server,598640143,109231,2418290,1029537599,33422,0,152458,0,32911424,28891456,4019968,23993408,16252864,16220096
2026-05-13T15:28:25+01:00,server,598643875,109231,2418374,1029539102,33422,0,152458,0,32911424,28889792,4021632,23991680,16252864,16220096
2026-05-13T15:28:27+01:00,server,598648192,109231,2418411,1029540194,33422,0,152458,0,32911424,28867904,4043520,23969792,16252864,16220096
2026-05-13T15:28:28+01:00,server,598653653,109231,2418417,1029540232,33422,0,152458,0,32911424,28864896,4046528,23966784,16252864,16220096
2026-05-13T15:28:29+01:00,server,598658895,109231,2418419,1029540311,33422,0,152458,0,32911424,28863616,4047808,23965504,16252864,16220096
2026-05-13T15:28:30+01:00,server,598664021,109231,2418427,1029540388,33422,0,152458,0,32911424,28860096,4051328,23961984,16252864,16220096
2026-05-13T15:28:31+01:00,server,598668607,109231,2418467,1029540897,33422,0,152458,0,32911424,28861184,4050240,23963072,16252864,16220096
2026-05-13T15:28:32+01:00,server,598671963,109231,2418537,1029542338,33422,0,152458,0,32911424,28857280,4054144,23959168,16252864,16220096
2026-05-13T15:28:33+01:00,server,598675762,109231,2418580,1029543524,33422,0,152458,0,32911424,28852480,4058944,23954368,16252864,16220096
2026-05-13T15:28:34+01:00,server,598679999,109231,2418622,1029544334,33422,0,152458,0,32911424,28855360,4056064,23957248,16252864,16220096
2026-05-13T15:28:35+01:00,server,598683280,109231,2418708,1029545837,33422,0,152458,0,32911424,28855808,4055616,23957696,16252864,16220096
2026-05-13T15:28:36+01:00,server,598686744,109231,2418801,1029547029,33422,0,152458,0,32911424,28852160,4059264,23954048,16252864,16220096
2026-05-13T15:28:37+01:00,server,598689909,109231,2418880,1029548450,33422,0,152459,0,32911424,28853120,4058304,23955008,16252864,16220096
2026-05-13T15:28:38+01:00,server,598693560,109231,2418969,1029549568,33422,0,152459,0,32911424,28854080,4057344,23955968,16252864,16220096
2026-05-13T15:28:39+01:00,server,598697408,109231,2419029,1029550469,33422,0,152459,0,32911424,28855488,4055936,23957376,16252864,16220096
2026-05-13T15:28:40+01:00,server,598701720,109231,2419074,1029551069,33422,0,152459,0,32911424,28856320,4055104,23958208,16252864,16220096
2026-05-13T15:28:41+01:00,server,598705505,109231,2419138,1029552080,33422,0,152459,0,32911424,28856896,4054528,23958784,16252864,16220096
2026-05-13T15:28:42+01:00,server,598708631,109231,2419223,1029553567,33422,0,152459,0,32911424,28854592,4056832,23956480,16252864,16220096
2026-05-13T15:28:43+01:00,server,598712939,109231,2419275,1029554085,33422,0,152459,0,32911424,28856768,4054656,23958656,16252864,16220096
2026-05-13T15:28:44+01:00,server,598717695,109231,2419296,1029554433,33422,0,152459,0,32911424,28857664,4053760,23959552,16252864,16220096
2026-05-13T15:28:45+01:00,server,598721925,109231,2419328,1029555210,33422,0,152459,0,32911424,28855680,4055744,23957568,16252864,16220096
2026-05-13T15:28:46+01:00,server,598726443,109231,2419374,1029555552,33422,0,152459,0,32911424,28857536,4053888,23959424,16252864,16220096
2026-05-13T15:28:47+01:00,server,598730211,109231,2419452,1029556863,33422,0,152460,0,32911424,28859392,4052032,23961280,16252864,16220096
2026-05-13T15:28:48+01:00,server,598734079,109231,2419531,1029557994,33422,0,152461,0,32911424,28860288,4051136,23962048,16252864,16220096
2026-05-13T15:28:49+01:00,server,598737537,109231,2419590,1029559226,33422,0,152461,0,32911424,28858688,4052736,23960448,16252864,16220096
2026-05-13T15:28:50+01:00,server,598741548,109231,2419645,1029560288,33422,0,152461,0,32911424,28860224,4051200,23961984,16252864,16220096
2026-05-13T15:28:52+01:00,server,598744123,109231,2419769,1029561852,33422,0,152461,0,32911424,28857536,4053888,23959296,16252864,16220096
2026-05-13T15:28:53+01:00,server,598748038,109231,2419839,1029562656,33422,0,152462,0,32911424,28859264,4052160,23961024,16252864,16220096
2026-05-13T15:28:54+01:00,server,598752462,109231,2419867,1029563222,33422,0,152463,0,32911424,28828288,4083136,23930048,16252864,16220096
2026-05-13T15:28:55+01:00,server,598757593,109231,2419868,1029563238,33422,0,152463,0,32911424,28827840,4083584,23929600,16252864,16220096
2026-05-13T15:28:56+01:00,server,598762609,109231,2419878,1029563321,33422,0,152463,0,32911424,28826624,4084800,23928320,16252864,16220096
2026-05-13T15:28:57+01:00,server,598767791,109231,2419896,1029563404,33422,0,152463,0,32911424,28828096,4083328,23929856,16252864,16220096
2026-05-13T15:28:58+01:00,server,598770956,109231,2419980,1029564764,33422,0,152464,0,32911424,28826176,4085248,23927936,16252864,16220096
2026-05-13T15:28:59+01:00,server,598775016,109231,2420021,1029565673,33422,0,152465,0,32911424,28828032,4083392,23929728,16252864,16220096
2026-05-13T15:29:00+01:00,server,598777583,109231,2420108,1029567553,33422,0,152466,0,32911424,28823936,4087488,23925632,16252864,16220096
2026-05-13T15:29:01+01:00,server,598781498,109231,2420153,1029568361,33422,0,152466,0,32911424,28827200,4084224,23928896,16252864,16220096
2026-05-13T15:29:02+01:00,server,598785678,109231,2420196,1029568923,33422,0,152466,0,32911424,28824000,4087424,23925632,16252864,16220096
2026-05-13T15:29:03+01:00,server,598789612,109231,2420278,1029569820,33422,0,152466,0,32911424,28826944,4084480,23928576,16252864,16220096
2026-05-13T15:29:04+01:00,server,598793868,109231,2420357,1029570583,33422,0,152466,0,32911424,28827200,4084224,23928832,16252864,16220096
2026-05-13T15:29:05+01:00,server,598798554,109231,2420381,1029570900,33422,0,152466,0,32911424,28823360,4088064,23924992,16252864,16220096
2026-05-13T15:29:06+01:00,server,598801326,109231,2420467,1029572388,33422,0,152467,0,32911424,28822528,4088896,23924160,16252864,16220096
2026-05-13T15:29:07+01:00,server,598804946,109231,2420516,1029573463,33422,0,152468,0,32911424,28820416,4091008,23922048,16252864,16220096
2026-05-13T15:29:08+01:00,server,598809276,109231,2420558,1029574066,33422,0,152469,0,32911424,28823040,4088384,23924672,16252864,16220096
2026-05-13T15:29:09+01:00,server,598812456,109231,2420635,1029575603,33422,0,152469,0,32911424,28822848,4088576,23924480,16252864,16220096
2026-05-13T15:29:10+01:00,server,598816575,109231,2420726,1029576224,33422,0,152470,0,32911424,28822464,4088960,23924096,16252864,16220096
2026-05-13T15:29:11+01:00,server,598819763,109231,2420863,1029577719,33422,0,152471,0,32911424,28823680,4087744,23925312,16252864,16220096
2026-05-13T15:29:12+01:00,server,598824352,109231,2420906,1029578288,33422,0,152471,0,32911424,28822656,4088768,23924288,16252864,16220096
2026-05-13T15:29:13+01:00,server,598827556,109231,2421014,1029579827,33422,0,152472,0,32911424,28822336,4089088,23923968,16252864,16220096
2026-05-13T15:29:14+01:00,server,598831424,109231,2421063,1029580791,33422,0,152473,0,32911424,28820672,4090752,23922304,16252864,16220096
2026-05-13T15:29:15+01:00,server,598835210,109231,2421117,1029581816,33422,0,152473,0,32911424,28821312,4090112,23922944,16252864,16220096
2026-05-13T15:29:17+01:00,server,598838716,109231,2421217,1029583112,33422,0,152473,0,32911424,28822016,4089408,23923648,16252864,16220096
2026-05-13T15:29:18+01:00,server,598841655,109231,2421326,1029584576,33422,0,152474,0,32911424,28820608,4090816,23922240,16252864,16220096
2026-05-13T15:29:19+01:00,server,598846378,109231,2421340,1029584805,33422,0,152475,0,32911424,28819904,4091520,23921536,16252864,16220096
2026-05-13T15:29:20+01:00,server,598850244,109231,2421481,1029586028,33422,0,152475,0,32911424,28795392,4116032,23897088,16252864,16220096
2026-05-13T15:29:21+01:00,server,598855440,109231,2421498,1029586068,33422,0,152475,0,32911424,28789632,4121792,23891328,16252864,16220096
2026-05-13T15:29:22+01:00,server,598860608,109231,2421508,1029586089,33422,0,152477,0,32911424,28786176,4125248,23887872,16252864,16220096
2026-05-13T15:29:23+01:00,server,598865734,109231,2421516,1029586139,33422,0,152477,0,32911424,28785728,4125696,23887424,16252864,16220096
2026-05-13T15:29:24+01:00,server,598871079,109231,2421528,1029586174,33422,0,152477,0,32911424,28782400,4129024,23884096,16252864,16220096
2026-05-13T15:29:25+01:00,server,598876435,109231,2421535,1029586187,33422,0,152478,0,32911424,28781632,4129792,23883328,16252864,16220096
2026-05-13T15:29:26+01:00,server,598881724,109231,2421546,1029586241,33422,0,152479,0,32911424,28775232,4136192,23876928,16252864,16220096
2026-05-13T15:29:27+01:00,server,598886740,109231,2421559,1029586435,33422,0,152479,0,32911424,28775936,4135488,23877632,16252864,16220096
2026-05-13T15:29:28+01:00,server,598890897,109231,2421624,1029587249,33422,0,152480,0,32911424,28775616,4135808,23877312,16252864,16220096
2026-05-13T15:29:29+01:00,server,598894215,109231,2421703,1029588696,33422,0,152480,0,32911424,28776768,4134656,23878464,16252864,16220096
2026-05-13T15:29:31+01:00,server,598898627,109231,2421745,1029589240,33422,0,152480,0,32911424,28771648,4139776,23873344,16252864,16220096
2026-05-13T15:29:32+01:00,server,598902869,109231,2421803,1029589937,33422,0,152480,0,32911424,28770112,4141312,23871808,16252864,16220096
2026-05-13T15:29:33+01:00,server,598907393,109231,2421841,1029590576,33422,0,152480,0,32911424,28772160,4139264,23873792,16252864,16220096
2026-05-13T15:29:34+01:00,server,598911875,109231,2421882,1029591016,33422,0,152481,0,32911424,28772352,4139072,23873984,16252864,16220096
2026-05-13T15:29:35+01:00,server,598915037,109231,2421984,1029592498,33422,0,152481,0,32911424,28770880,4140544,23872512,16252864,16220096
2026-05-13T15:29:36+01:00,server,598918417,109231,2422083,1029593874,33422,0,152482,0,32911424,28770176,4141248,23871808,16252864,16220096
2026-05-13T15:29:37+01:00,server,598922495,109231,2422129,1029594611,33422,0,152483,0,32911424,28766656,4144768,23868096,16252864,16220096
2026-05-13T15:29:38+01:00,server,598926176,109231,2422186,1029595487,33422,0,152484,0,32911424,28768128,4143296,23869568,16252864,16220096
2026-05-13T15:29:39+01:00,server,598929393,109231,2422277,1029596872,33422,0,152485,0,32911424,28772416,4139008,23873856,16252864,16220096
2026-05-13T15:29:40+01:00,server,598932778,109231,2422376,1029598191,33422,0,152485,0,32911424,28772864,4138560,23874304,16252864,16220096
2026-05-13T15:29:41+01:00,server,598936394,109234,2422460,1029599589,33422,0,152486,0,32911424,28771776,4139648,23872960,16252864,16220096
2026-05-13T15:29:42+01:00,server,598939679,109234,2422534,1029600901,33422,0,152486,0,32911424,28774208,4137216,23875392,16252864,16220096
2026-05-13T15:29:43+01:00,server,598943125,109234,2422609,1029602341,33422,0,152486,0,32911424,28774400,4137024,23875584,16252864,16220096
2026-05-13T15:29:44+01:00,server,598947803,109234,2422635,1029602775,33422,0,152487,0,32911424,28772992,4138432,23874176,16252864,16220096
2026-05-13T15:29:45+01:00,server,598951647,109234,2422716,1029604073,33422,0,152487,0,32911424,28774336,4137088,23875520,16252864,16220096
2026-05-13T15:29:46+01:00,server,598955984,109234,2422764,1029604842,33422,0,152487,0,32911424,28774592,4136832,23875776,16252864,16220096
2026-05-13T15:29:47+01:00,server,598959971,109234,2422813,1029605637,33422,0,152489,0,32911424,28773376,4138048,23874560,16252864,16220096
2026-05-13T15:29:48+01:00,server,598964053,109234,2422880,1029606430,33422,0,152491,0,32911424,28776320,4135104,23877504,16252864,16220096
2026-05-13T15:29:49+01:00,server,598968572,109234,2422933,1029607280,33422,0,152491,0,32911424,28780160,4131264,23881344,16252864,16220096
2026-05-13T15:29:50+01:00,server,598972025,109234,2423236,1029608568,33422,0,152491,0,32911424,28737920,4173504,23839104,16252864,16220096
2026-05-13T15:29:52+01:00,server,598977404,109234,2423246,1029608618,33422,0,152491,0,32911424,28714112,4197312,23815168,16252864,16220096
2026-05-13T15:29:53+01:00,server,598982560,109234,2423279,1029608668,33422,0,152491,0,32911424,28712000,4199424,23813056,16252864,16220096
2026-05-13T15:29:54+01:00,server,598987736,109234,2423283,1029608684,33422,0,152491,0,32911424,28708416,4203008,23809472,16252864,16220096
2026-05-13T15:29:55+01:00,server,598992962,109234,2423289,1029608726,33422,0,152491,0,32911424,28703872,4207552,23804928,16252864,16220096
2026-05-13T15:29:56+01:00,server,598998178,109234,2423300,1029608800,33422,0,152491,0,32911424,28700288,4211136,23801344,16252864,16220096
2026-05-13T15:29:57+01:00,server,599003198,109234,2423310,1029608851,33422,0,152491,0,32911424,28701888,4209536,23802944,16252864,16220096
2026-05-13T15:29:58+01:00,server,599008137,109234,2423318,1029608896,33422,0,152491,0,32911424,28699584,4211840,23800640,16252864,16220096
2026-05-13T15:29:59+01:00,server,599013601,109234,2423325,1029608926,33422,0,152491,0,32911424,28699328,4212096,23800384,16252864,16220096
2026-05-13T15:30:00+01:00,server,599018922,109234,2423331,1029608971,33422,0,152491,0,32911424,28696704,4214720,23797760,16252864,16220096
2026-05-13T15:30:01+01:00,server,599024261,109234,2423341,1029609050,33422,0,152491,0,32911424,28685248,4226176,23786304,16252864,16220096
2026-05-13T15:30:02+01:00,server,599029577,109234,2423350,1029609082,33422,0,152491,0,32911424,28679040,4232384,23780032,16252864,16220096
2026-05-13T15:30:04+01:00,server,599035028,109234,2423355,1029609105,33422,0,152491,0,32911424,28682176,4229248,23783168,16252864,16220096
2026-05-13T15:30:05+01:00,server,599040214,109234,2423378,1029609173,33422,0,152491,0,32911424,28680448,4230976,23781440,16252864,16220096
2026-05-13T15:30:06+01:00,server,599045279,109234,2423389,1029609245,33422,0,152491,0,32911424,28678592,4232832,23779520,16252864,16220096
2026-05-13T15:30:07+01:00,server,599048803,109234,2423454,1029610490,33422,0,152491,0,32911424,28682304,4229120,23783232,16252864,16220096
2026-05-13T15:30:08+01:00,server,599052151,109234,2423548,1029612009,33422,0,152491,0,32911424,28684608,4226816,23785536,16252864,16220096
2026-05-13T15:30:09+01:00,server,599056036,109234,2423601,1029612821,33422,0,152491,0,32911424,28683968,4227456,23784896,16252864,16220096
2026-05-13T15:30:10+01:00,server,599059792,109234,2423673,1029613862,33422,0,152491,0,32911424,28685952,4225472,23786880,16252864,16220096
2026-05-13T15:30:11+01:00,server,599063875,109234,2423750,1029614805,33422,0,152492,0,32911424,28686912,4224512,23787648,16252864,16220096
2026-05-13T15:30:12+01:00,server,599068089,109234,2423807,1029615937,33422,0,152493,0,32911424,28689536,4221888,23790272,16252864,16220096
2026-05-13T15:30:13+01:00,server,599072771,109234,2423859,1029616590,33422,0,152493,0,32911424,28688896,4222528,23789632,16252864,16220096
2026-05-13T15:30:14+01:00,server,599076867,109234,2423918,1029617364,33422,0,152493,0,32911424,28689728,4221696,23790464,16252864,16220096
2026-05-13T15:30:15+01:00,server,599079982,109234,2424034,1029618746,33422,0,152493,0,32911424,28689472,4221952,23790208,16252864,16220096
2026-05-13T15:30:16+01:00,server,599084616,109234,2424052,1029619061,33422,0,152493,0,32911424,28686592,4224832,23787328,16252864,16220096
2026-05-13T15:30:17+01:00,server,599089253,109234,2424076,1029619309,33422,0,152493,0,32911424,28685696,4225728,23786432,16252864,16220096
2026-05-13T15:30:18+01:00,server,599093639,109234,2424108,1029619750,33422,0,152493,0,32911424,28686656,4224768,23787392,16252864,16220096
2026-05-13T15:30:19+01:00,server,599097928,109234,2424145,1029620253,33422,0,152494,0,32911424,28687104,4224320,23787776,16252864,16220096
2026-05-13T15:30:20+01:00,server,599100991,109234,2424230,1029621706,33422,0,152494,0,32911424,28683584,4227840,23784256,16252864,16220096
2026-05-13T15:30:21+01:00,server,599105173,109234,2424272,1029622359,33422,0,152494,0,32911424,28684800,4226624,23785472,16252864,16220096
2026-05-13T15:30:23+01:00,server,599108640,109234,2424344,1029623737,33422,0,152494,0,32911424,28684928,4226496,23785600,16252864,16220096
2026-05-13T15:30:24+01:00,server,599111630,109234,2424446,1029625182,33422,0,152495,0,32911424,28687040,4224384,23787712,16252864,16220096
2026-05-13T15:30:25+01:00,server,599114667,109234,2424540,1029626619,33422,0,152495,0,32911424,28690624,4220800,23791296,16252864,16220096
2026-05-13T15:30:26+01:00,server,599118365,109234,2424578,1029627463,33422,0,152496,0,32911424,28689728,4221696,23790400,16252864,16220096
2026-05-13T15:30:27+01:00,server,599122241,109234,2424647,1029628468,33422,0,152497,0,32911424,28688640,4222784,23789312,16252864,16220096
2026-05-13T15:30:28+01:00,server,599126743,109234,2424674,1029628957,33422,0,152497,0,32911424,28619456,4291968,23720128,16252864,16220096
2026-05-13T15:30:29+01:00,server,599131866,109234,2424680,1029628975,33422,0,152497,0,32911424,28629888,4281536,23730560,16252864,16220096
2026-05-13T15:30:30+01:00,server,599137002,109234,2424685,1029629015,33422,0,152497,0,32911424,28627072,4284352,23727744,16252864,16220096
2026-05-13T15:30:31+01:00,server,599142355,109234,2424694,1029629054,33422,0,152498,0,32911424,28625856,4285568,23726528,16252864,16220096
2026-05-13T15:30:32+01:00,server,599147708,109234,2424704,1029629086,33422,0,152498,0,32911424,28628032,4283392,23728704,16252864,16220096
2026-05-13T15:30:33+01:00,server,599152972,109234,2424713,1029629135,33422,0,152498,0,32911424,28626432,4284992,23727104,16252864,16220096
2026-05-13T15:30:34+01:00,server,599158381,109234,2424718,1029629177,33422,0,152499,0,32911424,28624448,4286976,23725120,16252864,16220096
2026-05-13T15:30:35+01:00,server,599163634,109234,2424729,1029629198,33422,0,152500,0,32911424,28617920,4293504,23718592,16252864,16220096
2026-05-13T15:30:36+01:00,server,599168667,109234,2424743,1029629266,33422,0,152500,0,32911424,28622016,4289408,23722112,16252864,16220096
2026-05-13T15:30:38+01:00,server,599174078,109234,2424750,1029629295,33422,0,152500,0,32911424,28621440,4289984,23721536,16252864,16220096
2026-05-13T15:30:39+01:00,server,599179385,109234,2424757,1029629330,33422,0,152500,0,32911424,28616640,4294784,23716736,16252864,16220096
2026-05-13T15:30:40+01:00,server,599184332,109234,2424828,1029629620,33422,0,152501,0,32911424,28621376,4290048,23721472,16252864,16220096
2026-05-13T15:30:41+01:00,server,599188555,109234,2424868,1029630296,33422,0,152501,0,32911424,28621312,4290112,23721280,16252864,16220096
2026-05-13T15:30:42+01:00,server,599192888,109234,2424908,1029631219,33422,0,152501,0,32911424,28622464,4288960,23722432,16252864,16220096
2026-05-13T15:30:43+01:00,server,599196470,109234,2424970,1029632354,33422,0,152501,0,32911424,28619456,4291968,23719360,16252864,16220096
2026-05-13T15:30:44+01:00,server,599199567,109234,2425044,1029633990,33422,0,152501,0,32911424,28619456,4291968,23719360,16252864,16220096
2026-05-13T15:30:45+01:00,server,599202916,109234,2425140,1029635501,33422,0,152501,0,32911424,28621248,4290176,23721152,16252864,16220096
2026-05-13T15:30:46+01:00,server,599206969,109234,2425194,1029636347,33422,0,152502,0,32911424,28621568,4289856,23721472,16252864,16220096
2026-05-13T15:30:47+01:00,server,599210098,109234,2425286,1029637736,33422,0,152502,0,32911424,28623104,4288320,23723008,16252864,16220096
2026-05-13T15:30:48+01:00,server,599213376,109234,2425357,1029639277,33422,0,152502,0,32911424,28623744,4287680,23723648,16252864,16220096
2026-05-13T15:30:49+01:00,server,599216547,109234,2425431,1029640674,33422,0,152502,0,32911424,28619200,4292224,23719104,16252864,16220096
2026-05-13T15:30:50+01:00,server,599221532,109234,2425460,1029641015,33422,0,152502,0,32911424,28624448,4286976,23724352,16252864,16220096
2026-05-13T15:30:51+01:00,server,599224933,109234,2425510,1029642490,33422,0,152502,0,32911424,28625280,4286144,23725184,16252864,16220096
2026-05-13T15:30:52+01:00,server,599228169,109234,2425576,1029644024,33422,0,152503,0,32911424,28619648,4291776,23719552,16252864,16220096
2026-05-13T15:30:53+01:00,server,599231590,109234,2425638,1029645295,33422,0,152503,0,32911424,28614144,4297280,23714048,16252864,16220096
2026-05-13T15:30:54+01:00,server,599235405,109234,2425689,1029646502,33422,0,152503,0,32911424,28618176,4293248,23718080,16252864,16220096
2026-05-13T15:30:55+01:00,server,599239661,109234,2425722,1029647017,33422,0,152503,0,32911424,28619008,4292416,23718912,16252864,16220096
2026-05-13T15:30:56+01:00,server,599244207,109234,2425755,1029647417,33422,0,152504,0,32911424,28618176,4293248,23718080,16252864,16220096
2026-05-13T15:30:57+01:00,server,599247487,109234,2425831,1029648739,33422,0,152504,0,32911424,28614976,4296448,23714880,16252864,16220096
2026-05-13T15:30:59+01:00,server,599251449,109234,2425904,1029649993,33422,0,152505,0,32911424,28617088,4294336,23716992,16252864,16220096
2026-05-13T15:31:00+01:00,server,599254605,109234,2425986,1029651671,33422,0,152505,0,32911424,28616000,4295424,23715904,16252864,16220096
2026-05-13T15:31:01+01:00,server,599258994,109234,2426019,1029652186,33422,0,152506,0,32911424,28617856,4293568,23717760,16252864,16220096
2026-05-13T15:31:02+01:00,server,599263894,109234,2426040,1029652460,33422,0,152506,0,32911424,28620544,4290880,23720448,16252864,16220096
2026-05-13T15:31:03+01:00,server,599266874,109234,2426112,1029654003,33422,0,152506,0,32911424,28617280,4294144,23717184,16252864,16220096
2026-05-13T15:31:04+01:00,server,599270928,109234,2426173,1029654965,33422,0,152506,0,32911424,28615680,4295744,23715584,16252864,16220096
2026-05-13T15:31:05+01:00,server,599275733,109234,2426201,1029655475,33422,0,152506,0,32911424,28618048,4293376,23717952,16252864,16220096
2026-05-13T15:31:06+01:00,server,599280673,109234,2426209,1029655703,33422,0,152507,0,32911424,28567872,4343552,23667776,16252864,16220096
2026-05-13T15:31:07+01:00,server,599285897,109234,2426212,1029655729,33422,0,152507,0,32911424,28568000,4343424,23667840,16252864,16220096
2026-05-13T15:31:08+01:00,server,599290913,109234,2426222,1029655823,33422,0,152508,0,32911424,28568064,4343360,23667904,16252864,16220096
2026-05-13T15:31:09+01:00,server,599296130,109234,2426231,1029655868,33422,0,152508,0,32911424,28563264,4348160,23663104,16252864,16220096
2026-05-13T15:31:10+01:00,server,599301132,109234,2426239,1029655939,33422,0,152508,0,32911424,28560192,4351232,23660032,16252864,16220096
2026-05-13T15:31:11+01:00,server,599306227,109234,2426262,1029656010,33422,0,152508,0,32911424,28560768,4350656,23659840,16252864,16220096
2026-05-13T15:31:12+01:00,server,599311418,109234,2426292,1029656060,33422,0,152508,0,32911424,28558336,4353088,23657408,16252864,16220096
2026-05-13T15:31:14+01:00,server,599316794,109234,2426305,1029656096,33422,0,152508,0,32911424,28560192,4351232,23659264,16252864,16220096
2026-05-13T15:31:15+01:00,server,599322161,109234,2426313,1029656135,33422,0,152508,0,32911424,28554816,4356608,23653888,16252864,16220096
2026-05-13T15:31:16+01:00,server,599327583,109234,2426322,1029656157,33422,0,152509,0,32911424,28556160,4355264,23655232,16252864,16220096
2026-05-13T15:31:17+01:00,server,599332151,109234,2426357,1029656807,33422,0,152509,0,32911424,28559104,4352320,23658176,16252864,16220096
2026-05-13T15:31:18+01:00,server,599335636,109234,2426436,1029658288,33422,0,152510,0,32911424,28558272,4353152,23657344,16252864,16220096
2026-05-13T15:31:19+01:00,server,599339068,109234,2426506,1029659633,33422,0,152510,0,32911424,28558336,4353088,23657408,16252864,16220096
2026-05-13T15:31:20+01:00,server,599343310,109234,2426555,1029660689,33422,0,152510,0,32911424,28560768,4350656,23659840,16252864,16220096
2026-05-13T15:31:21+01:00,server,599347312,109234,2426616,1029661389,33422,0,152510,0,32911424,28561216,4350208,23660288,16252864,16220096
2026-05-13T15:31:22+01:00,server,599350725,109234,2426679,1029662728,33422,0,152511,0,32911424,28561920,4349504,23660992,16252864,16220096
2026-05-13T15:31:23+01:00,server,599354665,109234,2426754,1029663453,33422,0,152511,0,32911424,28557632,4353792,23656704,16252864,16220096
2026-05-13T15:31:24+01:00,server,599358489,109234,2426817,1029664509,33422,0,152511,0,32911424,28566272,4345152,23665344,16252864,16220096
2026-05-13T15:31:25+01:00,server,599362861,109234,2426897,1029665160,33422,0,152512,0,32911424,28564288,4347136,23663296,16252864,16220096
2026-05-13T15:31:26+01:00,server,599366425,109234,2426947,1029666358,33422,0,152512,0,32911424,28568128,4343296,23667136,16252864,16220096
2026-05-13T15:31:27+01:00,server,599370869,109234,2426984,1029666814,33422,0,152512,0,32911424,28566656,4344768,23665664,16252864,16220096
2026-05-13T15:31:28+01:00,server,599375022,109234,2427029,1029667332,33422,0,152512,0,32911424,28569280,4342144,23668288,16252864,16220096
2026-05-13T15:31:29+01:00,server,599378541,109234,2427117,1029668544,33422,0,152512,0,32911424,28569152,4342272,23668160,16252864,16220096
2026-05-13T15:31:30+01:00,server,599383302,109234,2427133,1029668727,33422,0,152513,0,32911424,28568768,4342656,23667776,16252864,16220096
2026-05-13T15:31:31+01:00,server,599386267,109234,2427226,1029670331,33422,0,152514,0,32911424,28571264,4340160,23670208,16252864,16220096
2026-05-13T15:31:33+01:00,server,599389490,109234,2427319,1029671776,33422,0,152514,0,32911424,28571840,4339584,23670784,16252864,16220096
2026-05-13T15:31:34+01:00,server,599392787,109234,2427396,1029672977,33422,0,152514,0,32911424,28570496,4340928,23669440,16252864,16220096
2026-05-13T15:31:35+01:00,server,599395866,109234,2427525,1029674358,33422,0,152514,0,32911424,28571584,4339840,23670528,16252864,16220096
2026-05-13T15:31:36+01:00,server,599399582,109234,2427612,1029675421,33422,0,152514,0,32911424,28572224,4339200,23671168,16252864,16220096
2026-05-13T15:31:37+01:00,server,599403617,109234,2427665,1029676301,33422,0,152514,0,32911424,28570880,4340544,23669824,16252864,16220096
2026-05-13T15:31:38+01:00,server,599407114,109234,2427737,1029677693,33422,0,152514,0,32911424,28572224,4339200,23671168,16252864,16220096
2026-05-13T15:31:39+01:00,server,599410828,109234,2427800,1029678740,33422,0,152515,0,32911424,28572864,4338560,23671808,16252864,16220096
2026-05-13T15:31:40+01:00,server,599414737,109234,2427850,1029679850,33422,0,152515,0,32911424,28574144,4337280,23673088,16252864,16220096
2026-05-13T15:31:41+01:00,server,599418142,109234,2427910,1029681424,33422,0,152516,0,32911424,28573504,4337920,23672448,16252864,16220096
2026-05-13T15:31:42+01:00,server,599421375,109234,2427989,1029682925,33422,0,152516,0,32911424,28569408,4342016,23668352,16252864,16220096
2026-05-13T15:31:43+01:00,server,599424754,109234,2428070,1029684159,33422,0,152517,0,32911424,28569152,4342272,23668096,16252864,16220096
2026-05-13T15:31:44+01:00,server,599428197,109234,2428155,1029685553,33422,0,152517,0,32911424,28569280,4342144,23668224,16252864,16220096
2026-05-13T15:31:45+01:00,server,599433094,109234,2428176,1029685845,33422,0,152517,0,32911424,28520768,4390656,23619712,16252864,16220096
2026-05-13T15:31:46+01:00,server,599438406,109234,2428192,1029685864,33422,0,152517,0,32911424,28522496,4388928,23621376,16252864,16220096
2026-05-13T15:31:47+01:00,server,599443820,109234,2428199,1029685909,33422,0,152517,0,32911424,28520960,4390464,23619840,16252864,16220096
2026-05-13T15:31:48+01:00,server,599449191,109234,2428206,1029685920,33422,0,152517,0,32911424,28521536,4389888,23620416,16252864,16220096
2026-05-13T15:31:49+01:00,server,599454069,109234,2428217,1029685993,33422,0,152517,0,32911424,28516352,4395072,23615104,16252864,16220096
2026-05-13T15:31:50+01:00,server,599459520,109234,2428225,1029686029,33422,0,152517,0,32911424,28516544,4394880,23615296,16252864,16220096
2026-05-13T15:31:52+01:00,server,599464711,109234,2428234,1029686103,33422,0,152517,0,32911424,28514816,4396608,23613568,16252864,16220096
2026-05-13T15:31:53+01:00,server,599470063,109234,2428246,1029686153,33422,0,152517,0,32911424,28516864,4394560,23615616,16252864,16220096
2026-05-13T15:31:54+01:00,server,599475424,109234,2428251,1029686169,33422,0,152517,0,32911424,28513664,4397760,23612416,16252864,16220096
2026-05-13T15:31:55+01:00,server,599480647,109234,2428264,1029686244,33422,0,152517,0,32911424,28509952,4401472,23607552,16252864,16220096
2026-05-13T15:31:56+01:00,server,599484669,109234,2428351,1029687449,33422,0,152517,0,32911424,28515520,4395904,23613056,16252864,16220096
2026-05-13T15:31:57+01:00,server,599488085,109234,2428451,1029688861,33422,0,152517,0,32911424,28516864,4394560,23614336,16252864,16220096
2026-05-13T15:31:58+01:00,server,599491970,109234,2428496,1029689484,33422,0,152518,0,32911424,28519552,4391872,23617024,16252864,16220096
2026-05-13T15:31:59+01:00,server,599494967,109234,2428589,1029690934,33422,0,152518,0,32911424,28522496,4388928,23619968,16252864,16220096
2026-05-13T15:32:00+01:00,server,599498920,109234,2428639,1029691613,33422,0,152519,0,32911424,28521344,4390080,23618816,16252864,16220096
2026-05-13T15:32:01+01:00,server,599503273,109234,2428692,1029692184,33422,0,152519,0,32911424,28521600,4389824,23619072,16252864,16220096
2026-05-13T15:32:02+01:00,server,599508000,109234,2428721,1029692489,33422,0,152520,0,32911424,28523648,4387776,23621120,16252864,16220096
2026-05-13T15:32:03+01:00,server,599511511,109234,2428797,1029693788,33422,0,152521,0,32911424,28525568,4385856,23623040,16252864,16220096
2026-05-13T15:32:04+01:00,server,599515943,109234,2428832,1029694280,33422,0,152522,0,32911424,28525696,4385728,23623104,16252864,16220096
2026-05-13T15:32:05+01:00,server,599520168,109234,2428883,1029695116,33422,0,152522,0,32911424,28524352,4387072,23621760,16252864,16220096
2026-05-13T15:32:06+01:00,server,599523696,109234,2428951,1029696492,33422,0,152522,0,32911424,28523904,4387520,23621312,16252864,16220096
2026-05-13T15:32:07+01:00,server,599528202,109234,2429004,1029697078,33422,0,152522,0,32911424,28524864,4386560,23622272,16252864,16220096
2026-05-13T15:32:08+01:00,server,599532733,109234,2429047,1029697494,33422,0,152524,0,32911424,28525312,4386112,23622720,16252864,16220096
2026-05-13T15:32:10+01:00,server,599536272,109234,2429119,1029698895,33422,0,152524,0,32911424,28526272,4385152,23623680,16252864,16220096
2026-05-13T15:32:11+01:00,server,599540018,109234,2429193,1029700245,33422,0,152524,0,32911424,28524288,4387136,23621696,16252864,16220096
2026-05-13T15:32:12+01:00,server,599542964,109234,2429270,1029701953,33422,0,152524,0,32911424,28522752,4388672,23620160,16252864,16220096
2026-05-13T15:32:13+01:00,server,599547209,109234,2429313,1029702694,33422,0,152524,0,32911424,28528512,4382912,23625920,16252864,16220096
2026-05-13T15:32:14+01:00,server,599550404,109234,2429374,1029704051,33422,0,152524,0,32911424,28527424,4384000,23624832,16252864,16220096
2026-05-13T15:32:15+01:00,server,599554028,109234,2429425,1029705126,33422,0,152525,0,32911424,28525824,4385600,23623232,16252864,16220096
2026-05-13T15:32:16+01:00,server,599558057,109234,2429475,1029705775,33422,0,152526,0,32911424,28527104,4384320,23624512,16252864,16220096
2026-05-13T15:32:17+01:00,server,599561457,109234,2429542,1029707251,33422,0,152526,0,32911424,28527232,4384192,23624640,16252864,16220096
2026-05-13T15:32:18+01:00,server,599565742,109234,2429588,1029707784,33422,0,152526,0,32911424,28480000,4431424,23577344,16252864,16220096
2026-05-13T15:32:19+01:00,server,599570553,109234,2429611,1029708145,33422,0,152528,0,32911424,28477504,4433920,23574848,16252864,16220096
2026-05-13T15:32:20+01:00,server,599575682,109234,2429645,1029708211,33422,0,152529,0,32911424,28477760,4433664,23575104,16252864,16220096
2026-05-13T15:32:21+01:00,server,599580323,109234,2429686,1029708885,33422,0,152529,0,32911424,28475264,4436160,23572544,16252864,16220096
2026-05-13T15:32:22+01:00,server,599584668,109234,2429720,1029709650,33422,0,152529,0,32911424,28477696,4433728,23574976,16252864,16220096
2026-05-13T15:32:23+01:00,server,599587933,109234,2429782,1029711327,33422,0,152529,0,32911424,28477888,4433536,23575168,16252864,16220096
2026-05-13T15:32:24+01:00,server,599591560,109234,2429871,1029712746,33422,0,152530,0,32911424,28477056,4434368,23574336,16252864,16220096
2026-05-13T15:32:25+01:00,server,599595016,109234,2429945,1029714073,33422,0,152530,0,32911424,28479808,4431616,23577088,16252864,16220096
2026-05-13T15:32:26+01:00,server,599598707,109234,2430006,1029715088,33422,0,152530,0,32911424,28480640,4430784,23577920,16252864,16220096
2026-05-13T15:32:27+01:00,server,599602145,109234,2430094,1029716428,33422,0,152530,0,32911424,28481152,4430272,23578432,16252864,16220096
2026-05-13T15:32:28+01:00,server,599605288,109234,2430174,1029717911,33422,0,152530,0,32911424,28478720,4432704,23576000,16252864,16220096
2026-05-13T15:32:29+01:00,server,599609225,109234,2430247,1029718923,33422,0,152530,0,32911424,28479488,4431936,23576768,16252864,16220096
2026-05-13T15:32:30+01:00,server,599612014,109234,2430388,1029720684,33422,0,152530,0,32911424,28467776,4443648,23565056,16252864,16220096
2026-05-13T15:32:31+01:00,server,599615009,109234,2430455,1029722471,33422,0,152530,0,32911424,28468928,4442496,23566208,16252864,16220096
2026-05-13T15:32:32+01:00,server,599619526,109234,2430482,1029722799,33422,0,152531,0,32911424,28473472,4437952,23570752,16252864,16220096
2026-05-13T15:32:33+01:00,server,599622729,109234,2430570,1029724171,33422,0,152531,0,32911424,28475648,4435776,23572928,16252864,16220096
2026-05-13T15:32:35+01:00,server,599625876,109234,2430653,1029725603,33422,0,152531,0,32911424,28476736,4434688,23574016,16252864,16220096
2026-05-13T15:32:36+01:00,server,599629161,109234,2430751,1029727104,33422,0,152532,0,32911424,28476160,4435264,23573440,16252864,16220096
2026-05-13T15:32:37+01:00,server,599631777,109234,2430838,1029728892,33422,0,152532,0,32911424,28476992,4434432,23574208,16252864,16220096
2026-05-13T15:32:38+01:00,server,599635806,109234,2430887,1029729770,33422,0,152533,0,32911424,28478784,4432640,23576000,16252864,16220096
2026-05-13T15:32:39+01:00,server,599639832,109234,2430931,1029730890,33422,0,152536,0,32911424,28479104,4432320,23576320,16252864,16220096
2026-05-13T15:32:40+01:00,server,599644447,109234,2430956,1029731170,33422,0,152537,0,32911424,28475008,4436416,23572224,16252864,16220096
2026-05-13T15:32:41+01:00,server,599648447,109234,2431017,1029732281,33422,0,152539,0,32911424,28481408,4430016,23578560,16252864,16220096
2026-05-13T15:32:42+01:00,server,599651886,109234,2431114,1029733707,33422,0,152539,0,32911424,28474304,4437120,23571456,16252864,16220096
2026-05-13T15:32:43+01:00,server,599655601,109234,2431186,1029734985,33422,0,152539,0,32911424,28479424,4432000,23576576,16252864,16220096
2026-05-13T15:32:44+01:00,server,599660018,109234,2431226,1029735497,33422,0,152540,0,32911424,28477888,4433536,23575040,16252864,16220096
2026-05-13T15:32:45+01:00,server,599664090,109234,2431271,1029736088,33422,0,152540,0,32911424,28479360,4432064,23576512,16252864,16220096
2026-05-13T15:32:46+01:00,server,599667337,109234,2431384,1029737467,33422,0,152540,0,32911424,28480896,4430528,23578048,16252864,16220096
2026-05-13T15:32:47+01:00,server,599670840,109234,2431454,1029738659,33422,0,152541,0,32911424,28482112,4429312,23579264,16252864,16220096
2026-05-13T15:32:48+01:00,server,599674913,109234,2431494,1029739525,33422,0,152541,0,32911424,28482752,4428672,23579904,16252864,16220096
2026-05-13T15:32:49+01:00,server,599678330,109234,2431579,1029740868,33422,0,152541,0,32911424,28482624,4428800,23579776,16252864,16220096
2026-05-13T15:32:50+01:00,server,599682120,109234,2431640,1029741815,33422,0,152541,0,32911424,28484160,4427264,23581248,16252864,16220096
2026-05-13T15:32:51+01:00,server,599685583,109234,2431717,1029742979,33422,0,152542,0,32911424,28510016,4401408,23607232,16252864,16220096
2026-05-13T15:32:52+01:00,server,599689009,109234,2431771,1029744448,33422,0,152543,0,32911424,28507840,4403584,23605056,16252864,16220096
2026-05-13T15:32:53+01:00,server,599692297,109234,2431846,1029746240,33422,0,152543,0,32911424,28506176,4405248,23603392,16252864,16220096
2026-05-13T15:32:54+01:00,server,599697031,109234,2431871,1029746516,33422,0,152543,0,32911424,28508672,4402752,23605952,16252864,16220096
2026-05-13T15:32:55+01:00,server,599701671,109234,2431903,1029746874,33422,0,152543,0,32911424,28509632,4401792,23606848,16252864,16220096
2026-05-13T15:32:56+01:00,server,599705838,109234,2431938,1029747527,33422,0,152544,0,32911424,28508352,4403072,23605568,16252864,16220096
2026-05-13T15:32:57+01:00,server,599709845,109234,2431988,1029748421,33422,0,152544,0,32911424,28506240,4405184,23603456,16252864,16220096
2026-05-13T15:32:58+01:00,server,599713726,109234,2432061,1029749492,33422,0,152544,0,32911424,28506560,4404864,23603776,16252864,16220096
2026-05-13T15:32:59+01:00,server,599717213,109234,2432144,1029750717,33422,0,152544,0,32911424,28503040,4408384,23600256,16252864,16220096
2026-05-13T15:33:00+01:00,server,599720404,109234,2432253,1029752094,33422,0,152545,0,32911424,28500544,4410880,23597696,16252864,16220096
2026-05-13T15:33:01+01:00,server,599723528,109234,2432372,1029753576,33422,0,152545,0,32911424,28498496,4412928,23595648,16252864,16220096
2026-05-13T15:33:02+01:00,server,599727088,109234,2432440,1029754921,33422,0,152546,0,32911424,28492864,4418560,23589952,16252864,16220096
2026-05-13T15:33:03+01:00,server,599730414,109234,2432525,1029756356,33422,0,152546,0,32911424,28499520,4411904,23596608,16252864,16220096
2026-05-13T15:33:04+01:00,server,599734240,109234,2432584,1029757292,33422,0,152546,0,32911424,28497792,4413632,23594880,16252864,16220096
2026-05-13T15:33:06+01:00,server,599738360,109234,2432620,1029757884,33422,0,152546,0,32911424,28492352,4419072,23589440,16252864,16220096
2026-05-13T15:33:07+01:00,server,599742926,109234,2432638,1029758164,33422,0,152546,0,32911424,28496192,4415232,23593216,16252864,16220096
2026-05-13T15:33:08+01:00,server,599747539,109234,2432666,1029758669,33422,0,152546,0,32911424,28498496,4412928,23595520,16252864,16220096
2026-05-13T15:33:09+01:00,server,599750969,109234,2432727,1029760148,33422,0,152550,0,32911424,28496192,4415232,23593216,16252864,16220096
2026-05-13T15:33:10+01:00,server,599755291,109234,2432762,1029760921,33422,0,152550,0,32911424,28492416,4419008,23589440,16252864,16220096
2026-05-13T15:33:11+01:00,server,599759433,109234,2432821,1029761721,33422,0,152550,0,32911424,28497600,4413824,23594624,16252864,16220096
2026-05-13T15:33:12+01:00,server,599763149,109234,2432898,1029763052,33422,0,152551,0,32911424,28498176,4413248,23595200,16252864,16220096
2026-05-13T15:33:13+01:00,server,599766491,109234,2432992,1029764431,33422,0,152551,0,32911424,28497152,4414272,23594176,16252864,16220096
2026-05-13T15:33:14+01:00,server,599769439,109234,2433065,1029766033,33422,0,152552,0,32911424,28499328,4412096,23596352,16252864,16220096
2026-05-13T15:33:15+01:00,server,599772725,109234,2433149,1029767466,33422,0,152554,0,32911424,28498880,4412544,23595712,16252864,16220096
2026-05-13T15:33:16+01:00,server,599776367,109234,2433232,1029768683,33422,0,152554,0,32911424,28500736,4410688,23597504,16252864,16220096
2026-05-13T15:33:17+01:00,server,599780701,109234,2433270,1029769073,33422,0,152554,0,32911424,28499712,4411712,23596480,16252864,16220096
2026-05-13T15:33:18+01:00,server,599784003,109234,2433353,1029770509,33422,0,152555,0,32911424,28499136,4412288,23595904,16252864,16220096
2026-05-13T15:33:19+01:00,server,599788888,109234,2433410,1029770756,33422,0,152555,0,32911424,28498560,4412864,23595328,16252864,16220096
2026-05-13T15:33:20+01:00,server,599791709,109234,2433473,1029772440,33422,0,152555,0,32911424,28496896,4414528,23593664,16252864,16220096
2026-05-13T15:33:21+01:00,server,599795199,109234,2433550,1029773883,33422,0,152556,0,32911424,28500416,4411008,23597184,16252864,16220096
2026-05-13T15:33:22+01:00,server,599799492,109234,2433584,1029774441,33422,0,152556,0,32911424,28500224,4411200,23596992,16252864,16220096
2026-05-13T15:33:23+01:00,server,599802757,109234,2433696,1029776011,33422,0,152557,0,32911424,28503040,4408384,23599808,16252864,16220096
2026-05-13T15:33:24+01:00,server,599806450,109234,2433765,1029776919,33422,0,152558,0,32911424,28503104,4408320,23599872,16252864,16220096
2026-05-13T15:33:25+01:00,server,599810530,109234,2433812,1029777758,33422,0,152558,0,32911424,28501056,4410368,23597824,16252864,16220096
2026-05-13T15:33:26+01:00,server,599814129,109234,2433881,1029779021,33422,0,152559,0,32911424,28501952,4409472,23598656,16252864,16220096
2026-05-13T15:33:27+01:00,server,599817883,109234,2433967,1029779889,33422,0,152559,0,32911424,28501440,4409984,23598144,16252864,16220096
2026-05-13T15:33:28+01:00,server,599821102,109234,2434055,1029781427,33422,0,152560,0,32911424,28498944,4412480,23595648,16252864,16220096
2026-05-13T15:33:29+01:00,server,599824478,109234,2434128,1029782878,33422,0,152561,0,32911424,28500224,4411200,23596928,16252864,16220096
2026-05-13T15:33:30+01:00,server,599829229,109234,2434157,1029783160,33422,0,152561,0,32911424,28499712,4411712,23596416,16252864,16220096
2026-05-13T15:33:31+01:00,server,599832482,109234,2434253,1029784515,33422,0,152561,0,32911424,28504384,4407040,23601088,16252864,16220096
2026-05-13T15:33:32+01:00,server,599836701,109234,2434343,1029785316,33423,0,152561,0,32911424,28504320,4407104,23601024,16252864,16220096
2026-05-13T15:33:33+01:00,server,599839858,109234,2434441,1029786771,33423,0,152561,0,32911424,28508160,4403264,23604864,16252864,16220096
2026-05-13T15:33:34+01:00,server,599843820,109234,2434515,1029787772,33423,0,152562,0,32911424,28504064,4407360,23600768,16252864,16220096
2026-05-13T15:33:36+01:00,server,599846835,109234,2434598,1029789352,33423,0,152564,0,32911424,28503552,4407872,23600256,16252864,16220096
2026-05-13T15:33:37+01:00,server,599851152,109234,2434632,1029790022,33423,0,152564,0,32911424,28504704,4406720,23601408,16252864,16220096
2026-05-13T15:33:38+01:00,server,599855322,109234,2434689,1029791280,33423,0,152564,0,32911424,28506432,4404992,23603136,16252864,16220096
2026-05-13T15:33:39+01:00,server,599858960,109234,2434745,1029792441,33423,0,152565,0,32911424,28505472,4405952,23601472,16252864,16220096
2026-05-13T15:33:40+01:00,server,599862435,109234,2434834,1029793824,33423,0,152566,0,32911424,28505728,4405696,23601728,16252864,16220096
2026-05-13T15:33:41+01:00,server,599866068,109234,2434885,1029794982,33423,0,152567,0,32911424,28503360,4408064,23599296,16252864,16220096
2026-05-13T15:33:42+01:00,server,599869304,109234,2434950,1029796537,33423,0,152567,0,32911424,28507072,4404352,23603008,16252864,16220096
2026-05-13T15:33:43+01:00,server,599873676,109234,2434992,1029796995,33423,0,152569,0,32911424,28502400,4409024,23598336,16252864,16220096
2026-05-13T15:33:44+01:00,server,599877019,109234,2435073,1029798353,33423,0,152569,0,32911424,28504576,4406848,23600512,16252864,16220096
2026-05-13T15:33:45+01:00,server,599880422,109234,2435163,1029799701,33423,0,152569,0,32911424,28504384,4407040,23600320,16252864,16220096
2026-05-13T15:33:46+01:00,server,599884828,109234,2435253,1029800438,33423,0,152569,0,32911424,28505472,4405952,23601408,16252864,16220096
2026-05-13T15:33:47+01:00,server,599888408,109234,2435344,1029801816,33423,0,152570,0,32911424,28503104,4408320,23598976,16252864,16220096
2026-05-13T15:33:48+01:00,server,599891547,109234,2435430,1029803142,33423,0,152570,0,32911424,28500672,4410752,23596544,16252864,16220096
2026-05-13T15:33:49+01:00,server,599896282,109234,2435452,1029803588,33423,0,152571,0,32911424,28500800,4410624,23596608,16252864,16220096
2026-05-13T15:33:50+01:00,server,599900302,109234,2435538,1029804513,33423,0,152571,0,32911424,28502784,4408640,23598592,16252864,16220096
2026-05-13T15:33:51+01:00,server,599903866,109234,2435652,1029805887,33423,0,152571,0,32911424,28501056,4410368,23596864,16252864,16220096
2026-05-13T15:33:52+01:00,server,599907682,109234,2435721,1029806861,33423,0,152571,0,32911424,28505280,4406144,23601088,16252864,16220096
2026-05-13T15:33:53+01:00,server,599911683,109234,2435763,1029807673,33423,0,152572,0,32911424,28503168,4408256,23598976,16252864,16220096
2026-05-13T15:33:54+01:00,server,599916004,109234,2435809,1029808420,33423,0,152572,0,32911424,28502976,4408448,23598784,16252864,16220096
2026-05-13T15:33:55+01:00,server,599920019,109234,2435884,1029809212,33423,0,152572,0,32911424,28501696,4409728,23597504,16252864,16220096
2026-05-13T15:33:56+01:00,server,599924412,109234,2435921,1029809628,33423,0,152573,0,32911424,28501952,4409472,23597696,16252864,16220096
2026-05-13T15:33:57+01:00,server,599928759,109234,2435949,1029810051,33423,0,152574,0,32911424,28503296,4408128,23599040,16252864,16220096
2026-05-13T15:33:58+01:00,server,599932353,109234,2436043,1029811485,33423,0,152574,0,32911424,28504576,4406848,23600320,16252864,16220096
2026-05-13T15:33:59+01:00,server,599935746,109234,2436118,1029812938,33423,0,152575,0,32911424,28502912,4408512,23598656,16252864,16220096
2026-05-13T15:34:01+01:00,server,599939103,109234,2436189,1029814310,33423,0,152575,0,32911424,28502528,4408896,23598272,16252864,16220096
2026-05-13T15:34:02+01:00,server,599942410,109234,2436295,1029815810,33423,0,152576,0,32911424,28504064,4407360,23599808,16252864,16220096
2026-05-13T15:34:03+01:00,server,599947291,109234,2436313,1029816074,33423,0,152577,0,32911424,28501056,4410368,23596800,16252864,16220096
2026-05-13T15:34:04+01:00,server,599951445,109234,2436389,1029816936,33423,0,152577,0,32911424,28501184,4410240,23596928,16252864,16220096
2026-05-13T15:34:05+01:00,server,599954484,109234,2436470,1029818471,33423,0,152577,0,32911424,28499648,4411776,23595328,16252864,16220096
2026-05-13T15:34:06+01:00,server,599957802,109234,2436571,1029819831,33423,0,152577,0,32911424,28499264,4412160,23594944,16252864,16220096
2026-05-13T15:34:07+01:00,server,599962340,109234,2436603,1029820267,33423,0,152578,0,32911424,28500352,4411072,23596032,16252864,16220096
2026-05-13T15:34:08+01:00,server,599965889,109234,2436696,1029821645,33423,0,152579,0,32911424,28499328,4412096,23595008,16252864,16220096
2026-05-13T15:34:09+01:00,server,599969487,109234,2436769,1029823004,33423,0,152579,0,32911424,28500736,4410688,23596416,16252864,16220096
2026-05-13T15:34:10+01:00,server,599973292,109234,2436846,1029824382,33423,0,152579,0,32911424,28502528,4408896,23598208,16252864,16220096
2026-05-13T15:34:11+01:00,server,599976754,109234,2436908,1029825843,33423,0,152580,0,32911424,28502592,4408832,23598208,16252864,16220096
2026-05-13T15:34:12+01:00,server,599980515,109234,2436983,1029827194,33423,0,152581,0,32911424,28501952,4409472,23597568,16252864,16220096
2026-05-13T15:34:13+01:00,server,599985145,109234,2437007,1029827490,33423,0,152581,0,32911424,28505600,4405824,23601216,16252864,16220096
2026-05-13T15:34:14+01:00,server,599988850,109234,2437074,1029828542,33423,0,152581,0,32911424,28503104,4408320,23598720,16252864,16220096
2026-05-13T15:34:15+01:00,server,599992601,109234,2437128,1029829329,33423,0,152583,0,32911424,28503680,4407744,23599296,16252864,16220096
2026-05-13T15:34:16+01:00,server,599995996,109234,2437216,1029830549,33423,0,152583,0,32911424,28504192,4407232,23599808,16252864,16220096
2026-05-13T15:34:17+01:00,server,599998936,109234,2437320,1029831958,33423,0,152584,0,32911424,28498496,4412928,23594112,16252864,16220096
2026-05-13T15:34:18+01:00,server,600003048,109234,2437376,1029832787,33423,0,152584,0,32911424,28498752,4412672,23594240,16252864,16220096
2026-05-13T15:34:19+01:00,server,600007186,109234,2437428,1029833682,33423,0,152585,0,32911424,28500160,4411264,23595648,16252864,16220096
2026-05-13T15:34:20+01:00,server,600011452,109234,2437478,1029834395,33423,0,152585,0,32911424,28498688,4412736,23594176,16252864,16220096
2026-05-13T15:34:21+01:00,server,600014532,109234,2437576,1029835911,33423,0,152586,0,32911424,28498432,4412992,23593920,16252864,16220096
2026-05-13T15:34:22+01:00,server,600017691,109234,2437666,1029837339,33423,0,152588,0,32911424,28496896,4414528,23592384,16252864,16220096
2026-05-13T15:34:23+01:00,server,600021213,109234,2437751,1029838771,33423,0,152589,0,32911424,28500800,4410624,23596288,16252864,16220096
2026-05-13T15:34:24+01:00,server,600024611,109234,2437834,1029840275,33423,0,152589,0,32911424,28499072,4412352,23594560,16252864,16220096
2026-05-13T15:34:25+01:00,server,600028348,109234,2437894,1029841407,33423,0,152590,0,32911424,28504000,4407424,23599488,16252864,16220096
2026-05-13T15:34:26+01:00,server,600032038,109234,2437943,1029842512,33423,0,152590,0,32911424,28497408,4414016,23592896,16252864,16220096
2026-05-13T15:34:28+01:00,server,600036417,109234,2437983,1029843086,33423,0,152590,0,32911424,28497856,4413568,23593344,16252864,16220096
2026-05-13T15:34:29+01:00,server,600040430,109234,2438038,1029844104,33423,0,152590,0,32911424,28498048,4413376,23593536,16252864,16220096
2026-05-13T15:34:30+01:00,server,600044181,109234,2438098,1029845414,33423,0,152590,0,32911424,28497344,4414080,23592832,16252864,16220096
2026-05-13T15:34:31+01:00,server,600046894,109234,2438191,1029846962,33423,0,152590,0,32911424,28496384,4415040,23591872,16252864,16220096
2026-05-13T15:34:32+01:00,server,600050398,109234,2438277,1029848252,33423,0,152590,0,32911424,28495808,4415616,23591296,16252864,16220096
2026-05-13T15:34:33+01:00,server,600053829,109234,2438361,1029849720,33423,0,152591,0,32911424,28498560,4412864,23594048,16252864,16220096
2026-05-13T15:34:34+01:00,server,600057924,109234,2438387,1029850515,33423,0,152591,0,32911424,28503296,4408128,23598784,16252864,16220096
2026-05-13T15:34:35+01:00,server,600061459,109234,2438481,1029851897,33423,0,152591,0,32911424,28505344,4406080,23600832,16252864,16220096
2026-05-13T15:34:36+01:00,server,600065256,109234,2438543,1029853309,33423,0,152591,0,32911424,28507648,4403776,23603136,16252864,16220096
2026-05-13T15:34:37+01:00,server,600068760,109234,2438602,1029854402,33423,0,152591,0,32911424,28504768,4406656,23600256,16252864,16220096
2026-05-13T15:34:38+01:00,server,600073461,109234,2438620,1029854974,33423,0,152591,0,32911424,28503872,4407552,23599232,16252864,16220096
2026-05-13T15:34:39+01:00,server,600076868,109234,2438694,1029856151,33423,0,152593,0,32911424,28502336,4409088,23597696,16252864,16220096
2026-05-13T15:34:40+01:00,server,600080859,109237,2438756,1029857115,33423,0,152595,0,32911424,28501184,4410240,23596544,16252864,16220096
2026-05-13T15:34:41+01:00,server,600083987,109237,2438837,1029858598,33423,0,152596,0,32911424,28504768,4406656,23600064,16252864,16220096
2026-05-13T15:34:42+01:00,server,600087969,109237,2438898,1029859733,33423,0,152597,0,32911424,28509440,4401984,23604736,16252864,16220096
2026-05-13T15:34:43+01:00,server,600091565,109237,2438979,1029861004,33423,0,152597,0,32911424,28506176,4405248,23601408,16252864,16220096
2026-05-13T15:34:44+01:00,server,600095237,109237,2439087,1029862286,33423,0,152597,0,32911424,28507136,4404288,23602368,16252864,16220096
2026-05-13T15:34:45+01:00,server,600098461,109237,2439181,1029863686,33423,0,152597,0,32911424,28508736,4402688,23603968,16252864,16220096
2026-05-13T15:34:46+01:00,server,600101530,109237,2439265,1029865337,33423,0,152597,0,32911424,28510400,4401024,23605632,16252864,16220096
2026-05-13T15:34:47+01:00,server,600105986,109237,2439304,1029865887,33423,0,152598,0,32911424,28508352,4403072,23603584,16252864,16220096
2026-05-13T15:34:48+01:00,server,600109308,109237,2439406,1029867258,33423,0,152598,0,32911424,28508928,4402496,23604160,16252864,16220096
2026-05-13T15:34:49+01:00,server,600113194,109237,2439451,1029868385,33423,0,152599,0,32911424,28507328,4404096,23602560,16252864,16220096
2026-05-13T15:34:50+01:00,server,600117208,109237,2439488,1029869096,33423,0,152601,0,32911424,28510336,4401088,23605440,16252864,16220096
2026-05-13T15:34:51+01:00,server,600121428,109237,2439540,1029869760,33423,0,152601,0,32911424,28512320,4399104,23607424,16252864,16220096
2026-05-13T15:34:52+01:00,server,600124881,109237,2439613,1029870967,33423,0,152602,0,32911424,28510784,4400640,23605888,16252864,16220096
2026-05-13T15:34:53+01:00,server,600128945,109237,2439666,1029871929,33423,0,152602,0,32911424,28505280,4406144,23600384,16252864,16220096
2026-05-13T15:34:55+01:00,server,600132997,109237,2439711,1029872802,33423,0,152603,0,32911424,28506816,4404608,23601920,16252864,16220096
2026-05-13T15:34:56+01:00,server,600136907,109237,2439772,1029873603,33423,0,152603,0,32911424,28507072,4404352,23602176,16252864,16220096
2026-05-13T15:34:57+01:00,server,600141051,109237,2439834,1029874412,33423,0,152603,0,32911424,28505280,4406144,23600384,16252864,16220096
2026-05-13T15:34:58+01:00,server,600145015,109237,2439919,1029875685,33423,0,152603,0,32911424,28503616,4407808,23598720,16252864,16220096
2026-05-13T15:34:59+01:00,server,600148359,109237,2440007,1029876998,33423,0,152603,0,32911424,28500800,4410624,23595904,16252864,16220096
2026-05-13T15:35:00+01:00,server,600152289,109237,2440070,1029878040,33423,0,152604,0,32911424,28506496,4404928,23601600,16252864,16220096
2026-05-13T15:35:01+01:00,server,600155455,109237,2440169,1029879426,33423,0,152604,0,32911424,28504256,4407168,23599360,16252864,16220096
2026-05-13T15:35:02+01:00,server,600158560,109237,2440243,1029880934,33423,0,152605,0,32911424,28496832,4414592,23591872,16252864,16220096
2026-05-13T15:35:03+01:00,server,600162708,109237,2440270,1029881615,33423,0,152605,0,32911424,28492288,4419136,23587328,16252864,16220096
2026-05-13T15:35:04+01:00,server,600166272,109237,2440347,1029882788,33423,0,152605,0,32911424,28493248,4418176,23588224,16252864,16220096
2026-05-13T15:35:05+01:00,server,600170329,109237,2440408,1029883621,33423,0,152605,0,32911424,28493248,4418176,23588160,16252864,16220096
2026-05-13T15:35:06+01:00,server,600174553,109237,2440467,1029884243,33423,0,152605,0,32911424,28494144,4417280,23589056,16252864,16220096
2026-05-13T15:35:07+01:00,server,600178669,109237,2440535,1029884987,33423,0,152605,0,32911424,28496960,4414464,23591872,16252864,16220096
2026-05-13T15:35:08+01:00,server,600181176,109237,2440596,1029886771,33423,0,152605,0,32911424,28496576,4414848,23591424,16252864,16220096
2026-05-13T15:35:09+01:00,server,600184447,109237,2440692,1029888281,33423,0,152605,0,32911424,28491136,4420288,23585984,16252864,16220096
2026-05-13T15:35:10+01:00,server,600187811,109237,2440761,1029889735,33423,0,152606,0,32911424,28493504,4417920,23588352,16252864,16220096
2026-05-13T15:35:11+01:00,server,600190796,109237,2440855,1029891215,33423,0,152606,0,32911424,28494528,4416896,23589312,16252864,16220096
2026-05-13T15:35:12+01:00,server,600194003,109237,2440923,1029892497,33423,0,152606,0,32911424,28495424,4416000,23590208,16252864,16220096
2026-05-13T15:35:13+01:00,server,600198629,109237,2440949,1029892863,33423,0,152606,0,32911424,28494784,4416640,23589568,16252864,16220096
2026-05-13T15:35:14+01:00,server,600202349,109237,2441033,1029894101,33423,0,152608,0,32911424,28497024,4414400,23591680,16252864,16220096
2026-05-13T15:35:15+01:00,server,600206672,109237,2441064,1029894547,33423,0,152608,0,32911424,28497664,4413760,23592320,16252864,16220096
2026-05-13T15:35:16+01:00,server,600210257,109237,2441145,1029895906,33423,0,152608,0,32911424,28496704,4414720,23591296,16252864,16220096
2026-05-13T15:35:17+01:00,server,600214267,109237,2441196,1029897040,33423,0,152608,0,32911424,28497536,4413888,23592128,16252864,16220096
2026-05-13T15:35:18+01:00,server,600217845,109237,2441300,1029898420,33423,0,152608,0,32911424,28493696,4417728,23588288,16252864,16220096
2026-05-13T15:35:19+01:00,server,600221168,109237,2441377,1029899716,33423,0,152609,0,32911424,28494464,4416960,23589056,16252864,16220096
2026-05-13T15:35:20+01:00,server,600224776,109237,2441464,1029900849,33423,0,152609,0,32911424,28495552,4415872,23590144,16252864,16220096
2026-05-13T15:35:21+01:00,server,600229202,109237,2441494,1029901244,33423,0,152609,0,32911424,28496576,4414848,23591104,16252864,16220096
2026-05-13T15:35:22+01:00,server,600233687,109237,2441530,1029901877,33423,0,152609,0,32911424,28494656,4416768,23589184,16252864,16220096
2026-05-13T15:35:24+01:00,server,600237440,109237,2441590,1029902852,33423,0,152610,0,32911424,28494720,4416704,23589248,16252864,16220096
2026-05-13T15:35:25+01:00,server,600240832,109237,2441659,1029904293,33423,0,152611,0,32911424,28497664,4413760,23592192,16252864,16220096
2026-05-13T15:35:26+01:00,server,600244808,109237,2441713,1029905142,33423,0,152611,0,32911424,28504000,4407424,23598528,16252864,16220096
2026-05-13T15:35:27+01:00,server,600248203,109237,2441784,1029906632,33423,0,152611,0,32911424,28499712,4411712,23594240,16252864,16220096
2026-05-13T15:35:28+01:00,server,600251339,109237,2441865,1029908156,33423,0,152612,0,32911424,28500224,4411200,23594752,16252864,16220096
2026-05-13T15:35:29+01:00,server,600256082,109237,2441908,1029908518,33423,0,152612,0,32911424,28499136,4412288,23593664,16252864,16220096
2026-05-13T15:35:30+01:00,server,600260119,109237,2441963,1029909497,33423,0,152613,0,32911424,28496512,4414912,23591040,16252864,16220096
2026-05-13T15:35:31+01:00,server,600263409,109237,2442050,1029910905,33423,0,152614,0,32911424,28500416,4411008,23594880,16252864,16220096
2026-05-13T15:35:32+01:00,server,600266753,109237,2442113,1029912136,33423,0,152615,0,32911424,28498944,4412480,23593408,16252864,16220096
2026-05-13T15:35:33+01:00,server,600270124,109237,2442194,1029913514,33423,0,152616,0,32911424,28496448,4414976,23590912,16252864,16220096
2026-05-13T15:35:34+01:00,server,600272998,109237,2442291,1029915147,33423,0,152616,0,32911424,28499904,4411520,23594368,16252864,16220096
2026-05-13T15:35:35+01:00,server,600276147,109237,2442365,1029916588,33423,0,152616,0,32911424,28494080,4417344,23588544,16252864,16220096
2026-05-13T15:35:36+01:00,server,600279618,109237,2442443,1029917870,33423,0,152618,0,32911424,28500160,4411264,23594624,16252864,16220096
2026-05-13T15:35:37+01:00,server,600283768,109237,2442463,1029918607,33423,0,152618,0,32911424,28499776,4411648,23594240,16252864,16220096
2026-05-13T15:35:38+01:00,server,600287925,109237,2442506,1029919354,33423,0,152618,0,32911424,28502144,4409280,23596608,16252864,16220096
2026-05-13T15:35:39+01:00,server,600292253,109237,2442553,1029920090,33423,0,152618,0,32911424,28501248,4410176,23595712,16252864,16220096
2026-05-13T15:35:40+01:00,server,600296067,109237,2442611,1029921275,33423,0,152618,0,32911424,28499776,4411648,23594176,16252864,16220096
2026-05-13T15:35:41+01:00,server,600300455,109237,2442652,1029921873,33423,0,152620,0,32911424,28503808,4407616,23598144,16252864,16220096
2026-05-13T15:35:42+01:00,server,600304400,109237,2442705,1029923016,33423,0,152620,0,32911424,28502784,4408640,23597120,16252864,16220096
2026-05-13T15:35:43+01:00,server,600308390,109237,2442766,1029924057,33423,0,152621,0,32911424,28500672,4410752,23595008,16252864,16220096
2026-05-13T15:35:44+01:00,server,600312184,109237,2442824,1029925287,33423,0,152621,0,32911424,28500672,4410752,23595008,16252864,16220096
2026-05-13T15:35:45+01:00,server,600315478,109237,2442907,1029926653,33423,0,152621,0,32911424,28499712,4411712,23594048,16252864,16220096
2026-05-13T15:35:46+01:00,server,600319848,109237,2442941,1029927233,33423,0,152621,0,32911424,28499392,4412032,23593728,16252864,16220096
2026-05-13T15:35:47+01:00,server,600324297,109237,2442994,1029927807,33423,0,152621,0,32911424,28502016,4409408,23596352,16252864,16220096
2026-05-13T15:35:48+01:00,server,600328519,109237,2443034,1029928414,33423,0,152621,0,32911424,28503808,4407616,23598144,16252864,16220096
2026-05-13T15:35:49+01:00,server,600331755,109237,2443126,1029929764,33423,0,152622,0,32911424,28502528,4408896,23596864,16252864,16220096
2026-05-13T15:35:50+01:00,server,600334909,109237,2443242,1029931213,33423,0,152623,0,32911424,28501376,4410048,23595712,16252864,16220096
2026-05-13T15:35:51+01:00,server,600338525,109237,2443316,1029932572,33423,0,152625,0,32911424,28501056,4410368,23595392,16252864,16220096
2026-05-13T15:35:53+01:00,server,600342743,109237,2443344,1029933295,33423,0,152626,0,32911424,28498752,4412672,23593088,16252864,16220096
2026-05-13T15:35:54+01:00,server,600346404,109237,2443412,1029934397,33423,0,152626,0,32911424,28499520,4411904,23593856,16252864,16220096
2026-05-13T15:35:55+01:00,server,600350060,109237,2443474,1029935325,33423,0,152626,0,32911424,28497856,4413568,23592192,16252864,16220096
2026-05-13T15:35:56+01:00,server,600353017,109237,2443570,1029936870,33423,0,152626,0,32911424,28500160,4411264,23594496,16252864,16220096
2026-05-13T15:35:57+01:00,server,600357592,109237,2443611,1029937455,33423,0,152626,0,32911424,28497280,4414144,23591616,16252864,16220096
2026-05-13T15:35:58+01:00,server,600361373,109237,2443695,1029938761,33423,0,152626,0,32911424,28496896,4414528,23591168,16252864,16220096
2026-05-13T15:35:59+01:00,server,600365382,109237,2443764,1029939720,33423,0,152626,0,32911424,28495488,4415936,23589760,16252864,16220096
2026-05-13T15:36:00+01:00,server,600368759,109237,2443843,1029941119,33423,0,152626,0,32911424,28496896,4414528,23591168,16252864,16220096
2026-05-13T15:36:01+01:00,server,600372707,109237,2443920,1029942233,33423,0,152626,0,32911424,28499584,4411840,23593856,16252864,16220096
2026-05-13T15:36:02+01:00,server,600376767,109237,2443957,1029943197,33423,0,152626,0,32911424,28498240,4413184,23592512,16252864,16220096
2026-05-13T15:36:03+01:00,server,600379671,109237,2444042,1029944914,33423,0,152627,0,32911424,28498368,4413056,23592640,16252864,16220096
2026-05-13T15:36:04+01:00,server,600383594,109237,2444091,1029945774,33423,0,152627,0,32911424,28496192,4415232,23590464,16252864,16220096
2026-05-13T15:36:05+01:00,server,600387377,109237,2444151,1029946772,33423,0,152628,0,32911424,28498880,4412544,23593152,16252864,16220096
2026-05-13T15:36:06+01:00,server,600390915,109237,2444215,1029948178,33423,0,152629,0,32911424,28496896,4414528,23591168,16252864,16220096
2026-05-13T15:36:07+01:00,server,600394144,109237,2444286,1029949689,33423,0,152630,0,32911424,28495168,4416256,23589440,16252864,16220096
2026-05-13T15:36:08+01:00,server,600398008,109238,2444328,1029950624,33423,0,152631,0,32911424,28495552,4415872,23589824,16252864,16220096
2026-05-13T15:36:09+01:00,server,600401581,109238,2444395,1029951853,33423,0,152631,0,32911424,28497792,4413632,23592000,16252864,16220096
2026-05-13T15:36:10+01:00,server,600405593,109238,2444431,1029952638,33423,0,152631,0,32911424,28494080,4417344,23588288,16252864,16220096
2026-05-13T15:36:11+01:00,server,600409574,109238,2444508,1029953438,33423,0,152631,0,32911424,28497216,4414208,23591424,16252864,16220096
2026-05-13T15:36:12+01:00,server,600412872,109238,2444611,1029954539,33423,0,152631,0,32911424,28499264,4412160,23593472,16252864,16220096
2026-05-13T15:36:13+01:00,server,600416063,109238,2444688,1029956144,33423,0,152632,0,32911424,28500416,4411008,23594624,16252864,16220096
2026-05-13T15:36:14+01:00,server,600420342,109238,2444724,1029956625,33423,0,152632,0,32911424,28503040,4408384,23597248,16252864,16220096
2026-05-13T15:36:15+01:00,server,600423771,109238,2444821,1029958025,33423,0,152632,0,32911424,28500224,4411200,23594432,16252864,16220096
2026-05-13T15:36:16+01:00,server,600427400,109238,2444867,1029959245,33423,0,152632,0,32911424,28498304,4413120,23592512,16252864,16220096
2026-05-13T15:36:17+01:00,server,600431500,109238,2444929,1029960061,33423,0,152632,0,32911424,28500928,4410496,23595136,16252864,16220096
2026-05-13T15:36:18+01:00,server,600436196,109238,2444975,1029960601,33423,0,152632,0,32911424,28502144,4409280,23596352,16252864,16220096
2026-05-13T15:36:19+01:00,server,600439585,109238,2445058,1029961982,33423,0,152632,0,32911424,28508480,4402944,23602688,16252864,16220096
2026-05-13T15:36:21+01:00,server,600442780,109238,2445120,1029963552,33423,0,152632,0,32911424,28507520,4403904,23601728,16252864,16220096
2026-05-13T15:36:22+01:00,server,600446854,109238,2445166,1029964441,33423,0,152632,0,32911424,28506368,4405056,23600576,16252864,16220096
2026-05-13T15:36:23+01:00,server,600450048,109238,2445240,1029966008,33423,0,152632,0,32911424,28506624,4404800,23600832,16252864,16220096
2026-05-13T15:36:24+01:00,server,600454272,109238,2445285,1029966873,33423,0,152632,0,32911424,28504704,4406720,23598912,16252864,16220096
2026-05-13T15:36:25+01:00,server,600457478,109238,2445376,1029968281,33423,0,152632,0,32911424,28502912,4408512,23597120,16252864,16220096
2026-05-13T15:36:26+01:00,server,600460228,109238,2445464,1029969970,33423,0,152632,0,32911424,28503488,4407936,23597696,16252864,16220096
2026-05-13T15:36:27+01:00,server,600463947,109238,2445544,1029971155,33423,0,152634,0,32911424,28503360,4408064,23597568,16252864,16220096
2026-05-13T15:36:28+01:00,server,600467409,109238,2445641,1029972379,33423,0,152634,0,32911424,28506048,4405376,23600256,16252864,16220096
2026-05-13T15:36:29+01:00,server,600471287,109238,2445704,1029973414,33423,0,152634,0,32911424,28504640,4406784,23598848,16252864,16220096
2026-05-13T15:36:30+01:00,server,600475057,109238,2445832,1029974865,33423,0,152635,0,32911424,28504128,4407296,23598336,16252864,16220096
2026-05-13T15:36:31+01:00,server,600479025,109238,2445887,1029975652,33423,0,152636,0,32911424,28502272,4409152,23596480,16252864,16220096
2026-05-13T15:36:32+01:00,server,600482366,109238,2445993,1029977104,33423,0,152636,0,32911424,28506176,4405248,23600384,16252864,16220096
2026-05-13T15:36:33+01:00,server,600485742,109238,2446061,1029978639,33423,0,152636,0,32911424,28507776,4403648,23601984,16252864,16220096
2026-05-13T15:36:34+01:00,server,600488989,109238,2446159,1029980187,33423,0,152636,0,32911424,28506176,4405248,23600384,16252864,16220096
2026-05-13T15:36:35+01:00,server,600492405,109238,2446228,1029981598,33423,0,152636,0,32911424,28506432,4404992,23600640,16252864,16220096
2026-05-13T15:36:36+01:00,server,600495281,109238,2446347,1029983057,33423,0,152636,0,32911424,28498432,4412992,23592576,16252864,16220096
2026-05-13T15:36:37+01:00,server,600499046,109238,2446406,1029984517,33423,0,152636,0,32911424,28499328,4412096,23593472,16252864,16220096
2026-05-13T15:36:38+01:00,server,600502249,109238,2446490,1029985895,33423,0,152637,0,32911424,28500928,4410496,23595072,16252864,16220096
2026-05-13T15:36:39+01:00,server,600505376,109238,2446570,1029987427,33423,0,152638,0,32911424,28494976,4416448,23589120,16252864,16220096
2026-05-13T15:36:40+01:00,server,600508533,109238,2446668,1029988784,33423,0,152639,0,32911424,28498624,4412800,23592960,16252864,16220096
2026-05-13T15:36:41+01:00,server,600512352,109238,2446720,1029989700,33423,0,152639,0,32911424,28500608,4410816,23594944,16252864,16220096
2026-05-13T15:36:42+01:00,server,600516801,109238,2446753,1029990218,33423,0,152640,0,32911424,28504384,4407040,23598720,16252864,16220096
2026-05-13T15:36:43+01:00,server,600520580,109238,2446831,1029991450,33423,0,152641,0,32911424,28506176,4405248,23600512,16252864,16220096
2026-05-13T15:36:44+01:00,server,600524475,109238,2446917,1029992419,33423,0,152641,0,32911424,28505984,4405440,23600320,16252864,16220096
2026-05-13T15:36:45+01:00,server,600527923,109238,2446987,1029993835,33423,0,152641,0,32911424,28505152,4406272,23599488,16252864,16220096
2026-05-13T15:36:46+01:00,server,600531416,109238,2447058,1029995263,33423,0,152642,0,32911424,28500992,4410432,23595328,16252864,16220096
2026-05-13T15:36:47+01:00,server,600534971,109238,2447134,1029996624,33423,0,152642,0,32911424,28500928,4410496,23595264,16252864,16220096
2026-05-13T15:36:48+01:00,server,600539090,109238,2447187,1029997207,33423,0,152642,0,32911424,28496448,4414976,23590784,16252864,16220096
2026-05-13T15:36:49+01:00,server,600542167,109238,2447279,1029998678,33423,0,152643,0,32911424,28500160,4411264,23594496,16252864,16220096
2026-05-13T15:36:51+01:00,server,600546424,109238,2447319,1029999491,33423,0,152643,0,32911424,28496576,4414848,23590912,16252864,16220096
2026-05-13T15:36:52+01:00,server,600551031,109238,2447347,1029999796,33423,0,152644,0,32911424,28494272,4417152,23588608,16252864,16220096
2026-05-13T15:36:53+01:00,server,600554689,109238,2447436,1030000967,33423,0,152644,0,32911424,28499712,4411712,23594048,16252864,16220096
2026-05-13T15:36:54+01:00,server,600559118,109238,2447451,1030001668,33423,0,152644,0,32911424,28517248,4394176,23611584,16252864,16220096
2026-05-13T15:36:55+01:00,server,600563265,109238,2447511,1030002480,33423,0,152644,0,32911424,28518528,4392896,23612864,16252864,16220096
2026-05-13T15:36:56+01:00,server,600567392,109238,2447568,1030003284,33423,0,152646,0,32911424,28523200,4388224,23617408,16252864,16220096
2026-05-13T15:36:57+01:00,server,600571322,109238,2447615,1030004287,33423,0,152646,0,32911424,28523968,4387456,23618176,16252864,16220096
2026-05-13T15:36:58+01:00,server,600575116,109238,2447667,1030005373,33423,0,152646,0,32911424,28524672,4386752,23618880,16252864,16220096
2026-05-13T15:36:59+01:00,server,600578504,109238,2447739,1030006800,33423,0,152646,0,32911424,28526016,4385408,23620160,16252864,16220096
2026-05-13T15:37:00+01:00,server,600582167,109238,2447833,1030008127,33423,0,152646,0,32911424,28524352,4387072,23618496,16252864,16220096
2026-05-13T15:37:01+01:00,server,600585304,109238,2447902,1030009585,33423,0,152646,0,32911424,28524928,4386496,23619136,16252864,16220096
2026-05-13T15:37:02+01:00,server,600589357,109238,2447964,1030010767,33423,0,152646,0,32911424,28524672,4386752,23618880,16252864,16220096
2026-05-13T15:37:03+01:00,server,600593008,109238,2448030,1030012170,33423,0,152646,0,32911424,28522624,4388800,23616832,16252864,16220096
2026-05-13T15:37:04+01:00,server,600596940,109238,2448092,1030013228,33423,0,152646,0,32911424,28524288,4387136,23618496,16252864,16220096
2026-05-13T15:37:05+01:00,server,600600482,109238,2448163,1030014317,33423,0,152647,0,32911424,28523968,4387456,23618112,16252864,16220096
2026-05-13T15:37:06+01:00,server,600603989,109238,2448237,1030015702,33423,0,152648,0,32911424,28521600,4389824,23615744,16252864,16220096
2026-05-13T15:37:07+01:00,server,600608176,109238,2448279,1030016419,33423,0,152648,0,32911424,28522240,4389184,23616384,16252864,16220096
2026-05-13T15:37:08+01:00,server,600612953,109238,2448310,1030016719,33423,0,152649,0,32911424,28524608,4386816,23618752,16252864,16220096
2026-05-13T15:37:09+01:00,server,600616049,109238,2448389,1030018240,33423,0,152650,0,32911424,28525632,4385792,23619776,16252864,16220096
2026-05-13T15:37:10+01:00,server,600619405,109238,2448466,1030019416,33423,0,152652,0,32911424,28523008,4388416,23617152,16252864,16220096
2026-05-13T15:37:11+01:00,server,600622999,109238,2448531,1030020736,33423,0,152652,0,32911424,28524672,4386752,23618816,16252864,16220096
2026-05-13T15:37:12+01:00,server,600627113,109238,2448581,1030021584,33423,0,152653,0,32911424,28523392,4388032,23617536,16252864,16220096
2026-05-13T15:37:13+01:00,server,600630989,109238,2448630,1030022483,33423,0,152654,0,32911424,28522304,4389120,23616448,16252864,16220096
2026-05-13T15:37:14+01:00,server,600633901,109238,2448728,1030023850,33423,0,152654,0,32911424,28524672,4386752,23618816,16252864,16220096
2026-05-13T15:37:15+01:00,server,600637454,109238,2448829,1030025094,33423,0,152655,0,32911424,28526208,4385216,23620352,16252864,16220096
2026-05-13T15:37:16+01:00,server,600642129,109238,2448857,1030025394,33423,0,152655,0,32911424,28528960,4382464,23623104,16252864,16220096
2026-05-13T15:37:18+01:00,server,600645874,109238,2448924,1030026179,33423,0,152655,0,32911424,28526976,4384448,23621120,16252864,16220096
2026-05-13T15:37:19+01:00,server,600649150,109238,2449013,1030027813,33423,0,152656,0,32911424,28526464,4384960,23620608,16252864,16220096
2026-05-13T15:37:20+01:00,server,600652790,109238,2449118,1030029000,33423,0,152656,0,32911424,28526336,4385088,23620480,16252864,16220096
2026-05-13T15:37:21+01:00,server,600656319,109238,2449192,1030030471,33423,0,152656,0,32911424,28526848,4384576,23620992,16252864,16220096
2026-05-13T15:37:22+01:00,server,600659723,109238,2449263,1030031943,33423,0,152656,0,32911424,28520064,4391360,23614144,16252864,16220096
2026-05-13T15:37:23+01:00,server,600663572,109238,2449288,1030032981,33423,0,152657,0,32911424,28514304,4397120,23608384,16252864,16220096
2026-05-13T15:37:24+01:00,server,600667021,109238,2449355,1030034561,33423,0,152658,0,32911424,28516544,4394880,23610624,16252864,16220096
2026-05-13T15:37:25+01:00,server,600670887,109238,2449431,1030035478,33423,0,152660,0,32911424,28519360,4392064,23613440,16252864,16220096
2026-05-13T15:37:26+01:00,server,600673893,109238,2449518,1030036942,33423,0,152660,0,32911424,28518208,4393216,23612224,16252864,16220096
2026-05-13T15:37:27+01:00,server,600677540,109238,2449571,1030038024,33423,0,152661,0,32911424,28518912,4392512,23612928,16252864,16220096
2026-05-13T15:37:28+01:00,server,600681572,109238,2449610,1030038823,33423,0,152661,0,32911424,28515456,4395968,23609472,16252864,16220096
2026-05-13T15:37:29+01:00,server,600684957,109238,2449692,1030039971,33423,0,152661,0,32911424,28514368,4397056,23608384,16252864,16220096
2026-05-13T15:37:30+01:00,server,600688242,109238,2449784,1030041597,33423,0,152661,0,32911424,28510272,4401152,23604288,16252864,16220096
2026-05-13T15:37:31+01:00,server,600691470,109238,2449902,1030042998,33423,0,152661,0,32911424,28507200,4404224,23601216,16252864,16220096
2026-05-13T15:37:32+01:00,server,600694907,109238,2449995,1030044420,33423,0,152663,0,32911424,28514624,4396800,23608640,16252864,16220096
2026-05-13T15:37:33+01:00,server,600698967,109238,2450030,1030045194,33423,0,152663,0,32911424,28511808,4399616,23605824,16252864,16220096
2026-05-13T15:37:34+01:00,server,600703232,109238,2450073,1030045718,33423,0,152663,0,32911424,28513024,4398400,23607040,16252864,16220096
2026-05-13T15:37:35+01:00,server,600707196,109238,2450140,1030046662,33423,0,152663,0,32911424,28515776,4395648,23609792,16252864,16220096
2026-05-13T15:37:36+01:00,server,600710876,109238,2450197,1030047884,33423,0,152663,0,32911424,28513856,4397568,23607872,16252864,16220096
2026-05-13T15:37:37+01:00,server,600714668,109238,2450258,1030048793,33423,0,152663,0,32911424,28517184,4394240,23611200,16252864,16220096
2026-05-13T15:37:38+01:00,server,600718051,109238,2450341,1030050171,33423,0,152663,0,32911424,28518400,4393024,23612416,16252864,16220096
2026-05-13T15:37:39+01:00,server,600721605,109238,2450405,1030051424,33423,0,152663,0,32911424,28518976,4392448,23612928,16252864,16220096
2026-05-13T15:37:40+01:00,server,600725285,109238,2450479,1030052535,33423,0,152665,0,32911424,28520384,4391040,23614336,16252864,16220096
2026-05-13T15:37:41+01:00,server,600729684,109238,2450534,1030053089,33423,0,152667,0,32911424,28518784,4392640,23612736,16252864,16220096
2026-05-13T15:37:42+01:00,server,600733271,109238,2450618,1030054296,33423,0,152668,0,32911424,28520064,4391360,23614016,16252864,16220096
2026-05-13T15:37:43+01:00,server,600736972,109238,2450683,1030055545,33423,0,152668,0,32911424,28521024,4390400,23614976,16252864,16220096
2026-05-13T15:37:44+01:00,server,600740147,109238,2450785,1030057247,33423,0,152668,0,32911424,28523456,4387968,23617408,16252864,16220096
2026-05-13T15:37:45+01:00,server,600743248,109238,2450873,1030058880,33423,0,152668,0,32911424,28522496,4388928,23616448,16252864,16220096
2026-05-13T15:37:46+01:00,server,600746755,109238,2450950,1030060155,33423,0,152668,0,32911424,28522368,4389056,23616320,16252864,16220096
2026-05-13T15:37:47+01:00,server,600750970,109238,2450985,1030060736,33423,0,152668,0,32911424,28528512,4382912,23622464,16252864,16220096
2026-05-13T15:37:48+01:00,server,600754340,109238,2451077,1030062105,33423,0,152668,0,32911424,28526528,4384896,23620480,16252864,16220096
2026-05-13T15:37:49+01:00,server,600757774,109238,2451166,1030063455,33423,0,152669,0,32911424,28522368,4389056,23616320,16252864,16220096
2026-05-13T15:37:50+01:00,server,600761116,109238,2451238,1030064950,33423,0,152669,0,32911424,28523840,4387584,23617792,16252864,16220096
2026-05-13T15:37:51+01:00,server,600764548,109238,2451325,1030065986,33423,0,152669,0,32911424,28524480,4386944,23618432,16252864,16220096
2026-05-13T15:37:53+01:00,server,600768549,109238,2451383,1030066902,33423,0,152669,0,32911424,28526016,4385408,23619968,16252864,16220096
2026-05-13T15:37:54+01:00,server,600771829,109238,2451439,1030068390,33423,0,152670,0,32911424,28522688,4388736,23616640,16252864,16220096
2026-05-13T15:37:55+01:00,server,600775081,109238,2451524,1030069769,33423,0,152671,0,32911424,28522880,4388544,23616832,16252864,16220096
2026-05-13T15:37:56+01:00,server,600779053,109238,2451567,1030070506,33423,0,152673,0,32911424,28520640,4390784,23614528,16252864,16220096
2026-05-13T15:37:57+01:00,server,600782339,109238,2451632,1030072032,33423,0,152673,0,32911424,28518592,4392832,23612480,16252864,16220096
2026-05-13T15:37:58+01:00,server,600785411,109238,2451712,1030073429,33423,0,152674,0,32911424,28518528,4392896,23612416,16252864,16220096
2026-05-13T15:37:59+01:00,server,600788839,109238,2451766,1030074701,33423,0,152674,0,32911424,28520448,4390976,23614336,16252864,16220096
2026-05-13T15:38:00+01:00,server,600791198,109238,2451856,1030076569,33423,0,152674,0,32911424,28518144,4393280,23612032,16252864,16220096
2026-05-13T15:38:01+01:00,server,600794820,109238,2451923,1030077643,33423,0,152675,0,32911424,28518656,4392768,23612544,16252864,16220096
2026-05-13T15:38:02+01:00,server,600797838,109238,2452006,1030079222,33423,0,152675,0,32911424,28520512,4390912,23614400,16252864,16220096
2026-05-13T15:38:03+01:00,server,600801031,109238,2452095,1030080647,33423,0,152676,0,32911424,28514688,4396736,23608512,16252864,16220096
2026-05-13T15:38:04+01:00,server,600804428,109238,2452165,1030081748,33423,0,152676,0,32911424,28517184,4394240,23611008,16252864,16220096
2026-05-13T15:38:05+01:00,server,600807944,109238,2452230,1030083084,33423,0,152677,0,32911424,28515840,4395584,23609664,16252864,16220096
2026-05-13T15:38:06+01:00,server,600811684,109238,2452290,1030084421,33423,0,152677,0,32911424,28515136,4396288,23608960,16252864,16220096
2026-05-13T15:38:07+01:00,server,600815299,109238,2452358,1030085596,33423,0,152677,0,32911424,28517440,4393984,23611264,16252864,16220096
2026-05-13T15:38:08+01:00,server,600819248,109238,2452449,1030086612,33423,0,152677,0,32911424,28517056,4394368,23610880,16252864,16220096
2026-05-13T15:38:09+01:00,server,600822350,109238,2452540,1030088037,33423,0,152677,0,32911424,28519168,4392256,23612992,16252864,16220096
2026-05-13T15:38:10+01:00,server,600826466,109238,2452589,1030088791,33423,0,152677,0,32911424,28520512,4390912,23614336,16252864,16220096
2026-05-13T15:38:11+01:00,server,600830364,109238,2452658,1030089779,33423,0,152677,0,32911424,28519744,4391680,23613568,16252864,16220096
2026-05-13T15:38:12+01:00,server,600833888,109238,2452693,1030091143,33423,0,152677,0,32911424,28523392,4388032,23617216,16252864,16220096
2026-05-13T15:38:13+01:00,server,600837225,109238,2452737,1030092637,33423,0,152677,0,32911424,28522624,4388800,23616448,16252864,16220096
2026-05-13T15:38:14+01:00,server,600840730,109238,2452818,1030093967,33423,0,152677,0,32911424,28523776,4387648,23617600,16252864,16220096
2026-05-13T15:38:15+01:00,server,600843979,109238,2452873,1030095504,33423,0,152677,0,32911424,28523072,4388352,23616896,16252864,16220096
2026-05-13T15:38:16+01:00,server,600848916,109238,2452900,1030095752,33423,0,152677,0,32911424,28524416,4387008,23618240,16252864,16220096
2026-05-13T15:38:17+01:00,server,600852277,109238,2452975,1030097251,33423,0,152677,0,32911424,28525504,4385920,23619328,16252864,16220096
2026-05-13T15:38:18+01:00,server,600856288,109238,2453075,1030098437,33423,0,152677,0,32911424,28526592,4384832,23620416,16252864,16220096
2026-05-13T15:38:19+01:00,server,600859487,109238,2453181,1030099949,33423,0,152677,0,32911424,28521920,4389504,23615744,16252864,16220096
2026-05-13T15:38:20+01:00,server,600864111,109238,2453201,1030100295,33423,0,152678,0,32911424,28521920,4389504,23615744,16252864,16220096
2026-05-13T15:38:22+01:00,server,600868231,109238,2453245,1030100920,33423,0,152679,0,32911424,28519872,4391552,23613696,16252864,16220096
2026-05-13T15:38:23+01:00,server,600871915,109238,2453332,1030102006,33423,0,152679,0,32911424,28518976,4392448,23612672,16252864,16220096
2026-05-13T15:38:24+01:00,server,600876211,109238,2453381,1030102660,33423,0,152679,0,32911424,28517376,4394048,23611072,16252864,16220096
2026-05-13T15:38:25+01:00,server,600880167,109238,2453414,1030103556,33423,0,152680,0,32911424,28517184,4394240,23610880,16252864,16220096
2026-05-13T15:38:26+01:00,server,600884926,109238,2453449,1030103804,33423,0,152681,0,32911424,28516800,4394624,23610496,16252864,16220096
2026-05-13T15:38:27+01:00,server,600888286,109238,2453547,1030105214,33423,0,152682,0,32911424,28518592,4392832,23612288,16252864,16220096
2026-05-13T15:38:28+01:00,server,600892030,109238,2453607,1030106120,33423,0,152683,0,32911424,28521216,4390208,23614912,16252864,16220096
2026-05-13T15:38:29+01:00,server,600895217,109238,2453679,1030107611,33423,0,152684,0,32911424,28522560,4388864,23616256,16252864,16220096
2026-05-13T15:38:30+01:00,server,600898638,109238,2453752,1030108612,33423,0,152684,0,32911424,28522368,4389056,23616064,16252864,16220096
2026-05-13T15:38:31+01:00,server,600902027,109238,2453851,1030109979,33423,0,152684,0,32911424,28522304,4389120,23616000,16252864,16220096
2026-05-13T15:38:32+01:00,server,600906005,109238,2453925,1030110803,33423,0,152684,0,32911424,28518784,4392640,23612480,16252864,16220096
2026-05-13T15:38:33+01:00,server,600910390,109238,2453968,1030111380,33423,0,152684,0,32911424,28519744,4391680,23613376,16252864,16220096
2026-05-13T15:38:34+01:00,server,600914427,109238,2454023,1030112471,33423,0,152686,0,32911424,28520576,4390848,23614208,16252864,16220096
2026-05-13T15:38:35+01:00,server,600918877,109238,2454056,1030112846,33423,0,152687,0,32911424,28517120,4394304,23610752,16252864,16220096
2026-05-13T15:38:36+01:00,server,600923294,109238,2454092,1030113254,33423,0,152688,0,32911424,28512384,4399040,23606016,16252864,16220096
2026-05-13T15:38:37+01:00,server,600928170,109238,2454102,1030113367,33423,0,152688,0,32911424,28515008,4396416,23608640,16252864,16220096
2026-05-13T15:38:38+01:00,server,600931934,109238,2454174,1030114661,33423,0,152688,0,32911424,28515584,4395840,23609216,16252864,16220096
2026-05-13T15:38:39+01:00,server,600935477,109238,2454267,1030116044,33423,0,152689,0,32911424,28514304,4397120,23607936,16252864,16220096
2026-05-13T15:38:40+01:00,server,600939705,109238,2454305,1030116701,33423,0,152689,0,32911424,28516544,4394880,23610176,16252864,16220096
2026-05-13T15:38:41+01:00,server,600943479,109238,2454370,1030117831,33423,0,152690,0,32911424,28516608,4394816,23610240,16252864,16220096
2026-05-13T15:38:42+01:00,server,600947676,109238,2454421,1030118562,33423,0,152690,0,32911424,28516352,4395072,23609984,16252864,16220096
2026-05-13T15:38:43+01:00,server,600950784,109238,2454524,1030120210,33423,0,152691,0,32911424,28517696,4393728,23611328,16252864,16220096
2026-05-13T15:38:44+01:00,server,600954429,109238,2454585,1030121408,33423,0,152691,0,32911424,28517824,4393600,23611456,16252864,16220096
2026-05-13T15:38:45+01:00,server,600958590,109238,2454634,1030122060,33423,0,152692,0,32911424,28520320,4391104,23613888,16252864,16220096
