timestamp,role,cpu_user_jiffies,cpu_nice_jiffies,cpu_system_jiffies,cpu_idle_jiffies,cpu_iowait_jiffies,cpu_irq_jiffies,cpu_softirq_jiffies,cpu_steal_jiffies,mem_total_kb,mem_available_kb,mem_used_kb,mem_free_kb,swap_total_kb,swap_free_kb
2026-05-13T15:03:27+01:00,server,8229167,2400,254778,929162224,1598,0,14135,0,32911424,29986688,2924736,18506240,16252864,16248768
2026-05-13T15:03:28+01:00,server,8230710,2400,254795,929165575,1600,0,14135,0,32911424,29962304,2949120,18469760,16252864,16248768
2026-05-13T15:03:29+01:00,server,8233185,2400,254803,929168027,1600,0,14136,0,32911424,29941184,2970240,18448448,16252864,16248768
2026-05-13T15:03:30+01:00,server,8235628,2400,254814,929170454,1600,0,14136,0,32911424,29935424,2976000,18442048,16252864,16248768
2026-05-13T15:03:31+01:00,server,8238101,2400,254826,929172904,1600,0,14137,0,32911424,29934272,2977152,18440896,16252864,16248768
2026-05-13T15:03:32+01:00,server,8240550,2400,254835,929175354,1600,0,14138,0,32911424,29935488,2975936,18442112,16252864,16248768
2026-05-13T15:03:33+01:00,server,8242994,2400,254843,929177807,1600,0,14140,0,32911424,29935936,2975488,18442560,16252864,16248768
2026-05-13T15:03:34+01:00,server,8245453,2400,254856,929180261,1600,0,14140,0,32911424,29931904,2979520,18438528,16252864,16248768
2026-05-13T15:03:35+01:00,server,8247902,2400,254866,929182715,1600,0,14140,0,32911424,29930752,2980672,18437376,16252864,16248768
2026-05-13T15:03:36+01:00,server,8250377,2400,254877,929185163,1600,0,14140,0,32911424,29926272,2985152,18432896,16252864,16248768
2026-05-13T15:03:37+01:00,server,8252830,2400,254887,929187630,1600,0,14140,0,32911424,29926400,2985024,18432960,16252864,16248768
2026-05-13T15:03:38+01:00,server,8255279,2400,254900,929190091,1600,0,14140,0,32911424,29924096,2987328,18430656,16252864,16248768
2026-05-13T15:03:39+01:00,server,8257730,2400,254908,929192560,1600,0,14142,0,32911424,29923392,2988032,18429888,16252864,16248768
2026-05-13T15:03:40+01:00,server,8260201,2400,254920,929195026,1600,0,14142,0,32911424,29921856,2989568,18428224,16252864,16248768
2026-05-13T15:03:41+01:00,server,8262680,2400,254929,929197491,1600,0,14142,0,32911424,29922816,2988608,18429184,16252864,16248768
2026-05-13T15:03:42+01:00,server,8265125,2400,254945,929199953,1600,0,14142,0,32911424,29921152,2990272,18427520,16252864,16248768
2026-05-13T15:03:43+01:00,server,8267596,2400,254965,929202412,1600,0,14142,0,32911424,29920768,2990656,18427136,16252864,16248768
2026-05-13T15:03:44+01:00,server,8270002,2400,254974,929204939,1600,0,14142,0,32911424,29921792,2989632,18428096,16252864,16248768
2026-05-13T15:03:45+01:00,server,8272472,2400,254987,929207369,1600,0,14143,0,32911424,29916672,2994752,18422912,16252864,16248768
2026-05-13T15:03:46+01:00,server,8274907,2400,254996,929209819,1600,0,14143,0,32911424,29915200,2996224,18421440,16252864,16248768
2026-05-13T15:03:47+01:00,server,8277377,2400,255007,929212277,1600,0,14144,0,32911424,29913088,2998336,18419328,16252864,16248768
2026-05-13T15:03:48+01:00,server,8279829,2400,255018,929214737,1600,0,14144,0,32911424,29913792,2997632,18420032,16252864,16248768
2026-05-13T15:03:49+01:00,server,8282302,2400,255031,929217207,1600,0,14145,0,32911424,29915648,2995776,18421888,16252864,16248768
2026-05-13T15:03:50+01:00,server,8284754,2400,255044,929219669,1600,0,14146,0,32911424,29910912,3000512,18417152,16252864,16248768
2026-05-13T15:03:51+01:00,server,8287228,2400,255055,929222131,1600,0,14147,0,32911424,29909440,3001984,18415680,16252864,16248768
2026-05-13T15:03:53+01:00,server,8289674,2400,255061,929224600,1600,0,14147,0,32911424,29909440,3001984,18415680,16252864,16248768
2026-05-13T15:03:54+01:00,server,8292148,2400,255071,929227068,1600,0,14147,0,32911424,29905152,3006272,18411392,16252864,16248768
2026-05-13T15:03:55+01:00,server,8294622,2400,255083,929229529,1600,0,14147,0,32911424,29904448,3006976,18410624,16252864,16248768
2026-05-13T15:03:56+01:00,server,8297098,2400,255095,929231989,1600,0,14147,0,32911424,29902720,3008704,18408896,16252864,16248768
2026-05-13T15:03:57+01:00,server,8299550,2400,255107,929234453,1600,0,14147,0,32911424,29901504,3009920,18407616,16252864,16248768
2026-05-13T15:03:58+01:00,server,8302022,2400,255123,929236913,1600,0,14149,0,32911424,29901056,3010368,18407168,16252864,16248768
2026-05-13T15:03:59+01:00,server,8304476,2400,255134,929239382,1600,0,14149,0,32911424,29900864,3010560,18406912,16252864,16248768
2026-05-13T15:04:00+01:00,server,8306980,2400,255156,929241816,1600,0,14149,0,32911424,29896576,3014848,18402624,16252864,16248768
2026-05-13T15:04:01+01:00,server,8309427,2400,255172,929244286,1600,0,14149,0,32911424,29895744,3015680,18401792,16252864,16248768
2026-05-13T15:04:02+01:00,server,8311877,2400,255184,929246763,1600,0,14149,0,32911424,29897280,3014144,18403328,16252864,16248768
2026-05-13T15:04:03+01:00,server,8314326,2400,255198,929249225,1600,0,14151,0,32911424,29897408,3014016,18403456,16252864,16248768
2026-05-13T15:04:04+01:00,server,8316775,2400,255212,929251690,1600,0,14152,0,32911424,29897024,3014400,18403072,16252864,16248768
2026-05-13T15:04:05+01:00,server,8319223,2400,255227,929254164,1600,0,14152,0,32911424,29894272,3017152,18400320,16252864,16248768
2026-05-13T15:04:06+01:00,server,8321669,2400,255234,929256636,1600,0,14153,0,32911424,29892928,3018496,18398976,16252864,16248768
2026-05-13T15:04:07+01:00,server,8324147,2400,255245,929259101,1600,0,14153,0,32911424,29891008,3020416,18397056,16252864,16248768
2026-05-13T15:04:08+01:00,server,8326599,2400,255255,929261571,1600,0,14153,0,32911424,29892096,3019328,18398144,16252864,16248768
2026-05-13T15:04:09+01:00,server,8328996,2400,255273,929264100,1600,0,14153,0,32911424,29888000,3023424,18394048,16252864,16248768
2026-05-13T15:04:10+01:00,server,8331449,2400,255281,929266553,1600,0,14153,0,32911424,29886464,3024960,18392512,16252864,16248768
2026-05-13T15:04:11+01:00,server,8333917,2400,255290,929269007,1600,0,14154,0,32911424,29886144,3025280,18392128,16252864,16248768
2026-05-13T15:04:12+01:00,server,8336390,2400,255301,929271465,1600,0,14155,0,32911424,29888896,3022528,18394880,16252864,16248768
2026-05-13T15:04:13+01:00,server,8338839,2400,255317,929273937,1600,0,14155,0,32911424,29889216,3022208,18395200,16252864,16248768
2026-05-13T15:04:14+01:00,server,8341292,2400,255326,929276399,1600,0,14156,0,32911424,29888064,3023360,18394048,16252864,16248768
2026-05-13T15:04:15+01:00,server,8343746,2400,255343,929278839,1600,0,14156,0,32911424,29890560,3020864,18396480,16252864,16248768
2026-05-13T15:04:16+01:00,server,8346206,2400,255370,929281303,1600,0,14156,0,32911424,29889024,3022400,18394944,16252864,16248768
2026-05-13T15:04:17+01:00,server,8348656,2400,255382,929283766,1600,0,14156,0,32911424,29889984,3021440,18395904,16252864,16248768
2026-05-13T15:04:18+01:00,server,8351128,2400,255385,929286243,1600,0,14157,0,32911424,29887680,3023744,18393600,16252864,16248768
2026-05-13T15:04:19+01:00,server,8353603,2400,255392,929288710,1600,0,14157,0,32911424,29887296,3024128,18393216,16252864,16248768
2026-05-13T15:04:20+01:00,server,8356074,2400,255407,929291174,1600,0,14157,0,32911424,29887872,3023552,18393792,16252864,16248768
2026-05-13T15:04:21+01:00,server,8358481,2400,255418,929293637,1600,0,14157,0,32911424,29886464,3024960,18392384,16252864,16248768
2026-05-13T15:04:22+01:00,server,8360957,2400,255427,929296101,1600,0,14157,0,32911424,29885312,3026112,18391232,16252864,16248768
2026-05-13T15:04:23+01:00,server,8363408,2400,255440,929298572,1600,0,14157,0,32911424,29884608,3026816,18390528,16252864,16248768
2026-05-13T15:04:24+01:00,server,8365872,2400,255459,929301038,1600,0,14157,0,32911424,29882880,3028544,18388800,16252864,16248768
2026-05-13T15:04:25+01:00,server,8368310,2400,255476,929303504,1600,0,14157,0,32911424,29884096,3027328,18390016,16252864,16248768
2026-05-13T15:04:26+01:00,server,8370784,2400,255489,929305967,1600,0,14158,0,32911424,29882176,3029248,18388032,16252864,16248768
2026-05-13T15:04:27+01:00,server,8373213,2400,255501,929308431,1600,0,14158,0,32911424,29881984,3029440,18387840,16252864,16248768
2026-05-13T15:04:28+01:00,server,8375686,2400,255512,929310900,1600,0,14158,0,32911424,29878144,3033280,18384000,16252864,16248768
2026-05-13T15:04:30+01:00,server,8378167,2400,255525,929313342,1600,0,14159,0,32911424,29876864,3034560,18382656,16252864,16248768
2026-05-13T15:04:31+01:00,server,8380616,2400,255539,929315809,1600,0,14160,0,32911424,29881856,3029568,18387648,16252864,16248768
2026-05-13T15:04:32+01:00,server,8383040,2400,255544,929318280,1600,0,14161,0,32911424,29880128,3031296,18385920,16252864,16248768
2026-05-13T15:04:33+01:00,server,8385422,2400,255555,929320816,1600,0,14161,0,32911424,29878464,3032960,18384192,16252864,16248768
2026-05-13T15:04:34+01:00,server,8387893,2400,255567,929323264,1600,0,14162,0,32911424,29874240,3037184,18379968,16252864,16248768
2026-05-13T15:04:35+01:00,server,8390343,2400,255578,929325713,1600,0,14162,0,32911424,29873280,3038144,18379008,16252864,16248768
2026-05-13T15:04:36+01:00,server,8392815,2400,255589,929328176,1600,0,14162,0,32911424,29875648,3035776,18381440,16252864,16248768
2026-05-13T15:04:37+01:00,server,8395269,2400,255598,929330637,1600,0,14162,0,32911424,29874048,3037376,18379840,16252864,16248768
2026-05-13T15:04:38+01:00,server,8397717,2400,255612,929333101,1600,0,14162,0,32911424,29875584,3035840,18381376,16252864,16248768
2026-05-13T15:04:39+01:00,server,8400192,2400,255625,929335563,1600,0,14162,0,32911424,29875840,3035584,18381568,16252864,16248768
2026-05-13T15:04:40+01:00,server,8402640,2400,255659,929338026,1600,0,14162,0,32911424,29873408,3038016,18379136,16252864,16248768
2026-05-13T15:04:41+01:00,server,8405090,2400,255671,929340487,1600,0,14162,0,32911424,29876352,3035072,18382080,16252864,16248768
2026-05-13T15:04:42+01:00,server,8407544,2400,255685,929342953,1600,0,14162,0,32911424,29875584,3035840,18381312,16252864,16248768
2026-05-13T15:04:43+01:00,server,8410018,2400,255702,929345408,1600,0,14162,0,32911424,29875776,3035648,18381504,16252864,16248768
2026-05-13T15:04:44+01:00,server,8412487,2400,255712,929347879,1600,0,14162,0,32911424,29873216,3038208,18378944,16252864,16248768
2026-05-13T15:04:45+01:00,server,8414961,2400,255729,929350324,1600,0,14162,0,32911424,29871616,3039808,18377344,16252864,16248768
2026-05-13T15:04:46+01:00,server,8417436,2400,255741,929352783,1600,0,14162,0,32911424,29871488,3039936,18377152,16252864,16248768
2026-05-13T15:04:47+01:00,server,8419908,2400,255752,929355246,1600,0,14162,0,32911424,29869312,3042112,18374976,16252864,16248768
2026-05-13T15:04:48+01:00,server,8422356,2400,255767,929357706,1600,0,14162,0,32911424,29871872,3039552,18377536,16252864,16248768
2026-05-13T15:04:49+01:00,server,8424829,2400,255778,929360174,1600,0,14164,0,32911424,29870912,3040512,18376576,16252864,16248768
2026-05-13T15:04:50+01:00,server,8427280,2400,255790,929362635,1600,0,14165,0,32911424,29869120,3042304,18374784,16252864,16248768
2026-05-13T15:04:51+01:00,server,8429707,2400,255804,929365097,1600,0,14165,0,32911424,29867712,3043712,18373376,16252864,16248768
2026-05-13T15:04:52+01:00,server,8432179,2400,255818,929367563,1600,0,14165,0,32911424,29871360,3040064,18377024,16252864,16248768
2026-05-13T15:04:53+01:00,server,8434654,2400,255829,929370027,1600,0,14165,0,32911424,29868864,3042560,18374528,16252864,16248768
2026-05-13T15:04:54+01:00,server,8437106,2400,255841,929372490,1600,0,14166,0,32911424,29869568,3041856,18375232,16252864,16248768
2026-05-13T15:04:55+01:00,server,8439583,2400,255854,929374959,1600,0,14166,0,32911424,29867648,3043776,18373312,16252864,16248768
2026-05-13T15:04:56+01:00,server,8441964,2400,255863,929377495,1600,0,14167,0,32911424,29870016,3041408,18375680,16252864,16248768
2026-05-13T15:04:57+01:00,server,8444417,2400,255870,929379953,1600,0,14167,0,32911424,29864832,3046592,18370496,16252864,16248768
2026-05-13T15:04:58+01:00,server,8446863,2400,255881,929382405,1600,0,14167,0,32911424,29866048,3045376,18371712,16252864,16248768
2026-05-13T15:04:59+01:00,server,8449313,2400,255891,929384862,1600,0,14169,0,32911424,29865856,3045568,18371520,16252864,16248768
2026-05-13T15:05:00+01:00,server,8451814,2400,255903,929387301,1600,0,14169,0,32911424,29865408,3046016,18371072,16252864,16248768
2026-05-13T15:05:01+01:00,server,8454265,2400,255917,929389757,1600,0,14170,0,32911424,29849920,3061504,18354944,16252864,16248768
2026-05-13T15:05:02+01:00,server,8456718,2400,255928,929392222,1600,0,14170,0,32911424,29855296,3056128,18357248,16252864,16248768
2026-05-13T15:05:03+01:00,server,8459194,2400,255936,929394685,1600,0,14172,0,32911424,29858944,3052480,18360896,16252864,16248768
2026-05-13T15:05:04+01:00,server,8461645,2400,255950,929397149,1600,0,14172,0,32911424,29859520,3051904,18361472,16252864,16248768
2026-05-13T15:05:05+01:00,server,8464094,2400,255962,929399616,1601,0,14172,0,32911424,29860096,3051328,18362048,16252864,16248768
2026-05-13T15:05:06+01:00,server,8466545,2400,255991,929402082,1601,0,14172,0,32911424,29854016,3057408,18355968,16252864,16248768
2026-05-13T15:05:08+01:00,server,8468971,2400,256007,929404547,1601,0,14172,0,32911424,29854976,3056448,18356928,16252864,16248768
2026-05-13T15:05:09+01:00,server,8471443,2400,256017,929407009,1601,0,14173,0,32911424,29854784,3056640,18356736,16252864,16248768
2026-05-13T15:05:10+01:00,server,8473891,2400,256022,929409482,1601,0,14173,0,32911424,29854912,3056512,18356864,16252864,16248768
2026-05-13T15:05:11+01:00,server,8476366,2400,256031,929411945,1601,0,14173,0,32911424,29855872,3055552,18357824,16252864,16248768
2026-05-13T15:05:12+01:00,server,8478760,2400,256044,929414410,1601,0,14175,0,32911424,29857216,3054208,18359104,16252864,16248768
2026-05-13T15:05:13+01:00,server,8481233,2400,256058,929416874,1601,0,14175,0,32911424,29856064,3055360,18357952,16252864,16248768
2026-05-13T15:05:14+01:00,server,8483682,2400,256069,929419338,1601,0,14175,0,32911424,29856064,3055360,18357952,16252864,16248768
2026-05-13T15:05:15+01:00,server,8486121,2400,256099,929421779,1601,0,14175,0,32911424,29857536,3053888,18359360,16252864,16248768
2026-05-13T15:05:16+01:00,server,8488586,2400,256119,929424238,1601,0,14176,0,32911424,29860608,3050816,18362432,16252864,16248768
2026-05-13T15:05:17+01:00,server,8491034,2400,256131,929426706,1601,0,14178,0,32911424,29860992,3050432,18362816,16252864,16248768
2026-05-13T15:05:18+01:00,server,8493558,2400,256143,929429261,1601,0,14178,0,32911424,29859648,3051776,18361472,16252864,16248768
2026-05-13T15:05:19+01:00,server,8496130,2400,256159,929431835,1601,0,14178,0,32911424,29861760,3049664,18363584,16252864,16248768
2026-05-13T15:05:20+01:00,server,8498556,2400,256173,929434296,1601,0,14178,0,32911424,29858880,3052544,18360704,16252864,16248768
2026-05-13T15:05:21+01:00,server,8500963,2400,256180,929436818,1601,0,14178,0,32911424,29854912,3056512,18356736,16252864,16248768
2026-05-13T15:05:22+01:00,server,8503424,2400,256199,929439269,1601,0,14178,0,32911424,29855552,3055872,18357376,16252864,16248768
2026-05-13T15:05:23+01:00,server,8505874,2400,256205,929441729,1601,0,14178,0,32911424,29856896,3054528,18358720,16252864,16248768
2026-05-13T15:05:24+01:00,server,8508345,2400,256213,929444212,1601,0,14178,0,32911424,29853440,3057984,18355264,16252864,16248768
2026-05-13T15:05:25+01:00,server,8510819,2400,256225,929446674,1601,0,14178,0,32911424,29855360,3056064,18357184,16252864,16248768
2026-05-13T15:05:26+01:00,server,8513275,2400,256236,929449141,1601,0,14178,0,32911424,29857664,3053760,18359488,16252864,16248768
2026-05-13T15:05:27+01:00,server,8515703,2400,256245,929451602,1601,0,14179,0,32911424,29856896,3054528,18358720,16252864,16248768
2026-05-13T15:05:28+01:00,server,8518156,2400,256256,929454070,1601,0,14179,0,32911424,29859648,3051776,18361472,16252864,16248768
2026-05-13T15:05:29+01:00,server,8520631,2400,256269,929456531,1601,0,14179,0,32911424,29860800,3050624,18362624,16252864,16248768
2026-05-13T15:05:30+01:00,server,8523060,2400,256285,929458968,1601,0,14179,0,32911424,29859648,3051776,18361472,16252864,16248768
2026-05-13T15:05:31+01:00,server,8525508,2400,256301,929461430,1601,0,14179,0,32911424,29858368,3053056,18360192,16252864,16248768
2026-05-13T15:05:32+01:00,server,8527982,2400,256314,929463894,1601,0,14179,0,32911424,29858368,3053056,18360192,16252864,16248768
2026-05-13T15:05:33+01:00,server,8530432,2400,256326,929466355,1601,0,14180,0,32911424,29859648,3051776,18361472,16252864,16248768
2026-05-13T15:05:34+01:00,server,8532899,2400,256345,929468816,1601,0,14180,0,32911424,29857344,3054080,18359168,16252864,16248768
2026-05-13T15:05:35+01:00,server,8535349,2400,256360,929471284,1601,0,14180,0,32911424,29859200,3052224,18361024,16252864,16248768
2026-05-13T15:05:36+01:00,server,8537773,2400,256369,929473754,1601,0,14180,0,32911424,29856960,3054464,18358784,16252864,16248768
2026-05-13T15:05:37+01:00,server,8540245,2400,256383,929476228,1601,0,14180,0,32911424,29850240,3061184,18352000,16252864,16248768
2026-05-13T15:05:38+01:00,server,8542672,2400,256393,929478689,1601,0,14182,0,32911424,29852352,3059072,18354112,16252864,16248768
2026-05-13T15:05:39+01:00,server,8545148,2400,256404,929481151,1601,0,14182,0,32911424,29850944,3060480,18352704,16252864,16248768
2026-05-13T15:05:40+01:00,server,8547598,2400,256420,929483617,1601,0,14183,0,32911424,29851008,3060416,18352768,16252864,16248768
2026-05-13T15:05:42+01:00,server,8550052,2400,256430,929486080,1601,0,14183,0,32911424,29851200,3060224,18352960,16252864,16248768
2026-05-13T15:05:43+01:00,server,8552479,2400,256442,929488548,1601,0,14184,0,32911424,29851584,3059840,18353344,16252864,16248768
2026-05-13T15:05:44+01:00,server,8554855,2400,256457,929491084,1601,0,14184,0,32911424,29847680,3063744,18349440,16252864,16248768
2026-05-13T15:05:45+01:00,server,8557344,2400,256469,929493509,1601,0,14184,0,32911424,29844992,3066432,18346752,16252864,16248768
2026-05-13T15:05:46+01:00,server,8559792,2400,256479,929495959,1601,0,14185,0,32911424,29846464,3064960,18348160,16252864,16248768
2026-05-13T15:05:47+01:00,server,8562266,2400,256488,929498410,1601,0,14186,0,32911424,29851264,3060160,18352960,16252864,16248768
2026-05-13T15:05:48+01:00,server,8564716,2400,256497,929500860,1601,0,14186,0,32911424,29850432,3060992,18352128,16252864,16248768
2026-05-13T15:05:49+01:00,server,8567189,2400,256503,929503314,1601,0,14186,0,32911424,29851392,3060032,18353088,16252864,16248768
2026-05-13T15:05:50+01:00,server,8569632,2400,256507,929505770,1601,0,14186,0,32911424,29848512,3062912,18350208,16252864,16248768
2026-05-13T15:05:51+01:00,server,8572111,2400,256514,929508220,1601,0,14186,0,32911424,29849984,3061440,18351744,16252864,16248768
2026-05-13T15:05:52+01:00,server,8574567,2400,256526,929510670,1601,0,14187,0,32911424,29851136,3060288,18352832,16252864,16248768
2026-05-13T15:05:53+01:00,server,8577016,2400,256538,929513119,1601,0,14187,0,32911424,29851328,3060096,18353024,16252864,16248768
2026-05-13T15:05:54+01:00,server,8579489,2400,256550,929515577,1601,0,14188,0,32911424,29851776,3059648,18353472,16252864,16248768
2026-05-13T15:05:55+01:00,server,8581942,2400,256559,929518040,1601,0,14188,0,32911424,29848832,3062592,18350528,16252864,16248768
2026-05-13T15:05:56+01:00,server,8584416,2400,256568,929520504,1601,0,14189,0,32911424,29849408,3062016,18351104,16252864,16248768
2026-05-13T15:05:57+01:00,server,8586889,2400,256581,929522967,1601,0,14189,0,32911424,29848512,3062912,18350208,16252864,16248768
2026-05-13T15:05:58+01:00,server,8589320,2400,256593,929525436,1601,0,14189,0,32911424,29850368,3061056,18352064,16252864,16248768
2026-05-13T15:05:59+01:00,server,8591770,2400,256603,929527897,1601,0,14190,0,32911424,29852096,3059328,18353792,16252864,16248768
2026-05-13T15:06:00+01:00,server,8594234,2400,256618,929530335,1601,0,14190,0,32911424,29849728,3061696,18351424,16252864,16248768
2026-05-13T15:06:01+01:00,server,8596685,2400,256626,929532800,1601,0,14192,0,32911424,29848768,3062656,18350464,16252864,16248768
2026-05-13T15:06:02+01:00,server,8599155,2400,256634,929535272,1601,0,14192,0,32911424,29845312,3066112,18347008,16252864,16248768
2026-05-13T15:06:03+01:00,server,8601630,2400,256642,929537744,1601,0,14192,0,32911424,29844544,3066880,18346240,16252864,16248768
2026-05-13T15:06:04+01:00,server,8604079,2400,256657,929540207,1601,0,14193,0,32911424,29846144,3065280,18347840,16252864,16248768
2026-05-13T15:06:05+01:00,server,8606503,2400,256672,929542676,1601,0,14193,0,32911424,29844800,3066624,18346496,16252864,16248768
2026-05-13T15:06:06+01:00,server,8608959,2400,256680,929545138,1601,0,14193,0,32911424,29841728,3069696,18343296,16252864,16248768
2026-05-13T15:06:07+01:00,server,8611407,2400,256692,929547600,1601,0,14194,0,32911424,29845248,3066176,18346816,16252864,16248768
2026-05-13T15:06:08+01:00,server,8613860,2400,256704,929550065,1601,0,14194,0,32911424,29842368,3069056,18343936,16252864,16248768
2026-05-13T15:06:09+01:00,server,8616289,2400,256718,929552526,1601,0,14194,0,32911424,29846400,3065024,18347968,16252864,16248768
2026-05-13T15:06:10+01:00,server,8618765,2400,256729,929554988,1601,0,14194,0,32911424,29844800,3066624,18346368,16252864,16248768
2026-05-13T15:06:11+01:00,server,8621192,2400,256743,929557452,1601,0,14194,0,32911424,29844608,3066816,18346176,16252864,16248768
2026-05-13T15:06:12+01:00,server,8623621,2400,256754,929559914,1601,0,14194,0,32911424,29844224,3067200,18345792,16252864,16248768
2026-05-13T15:06:13+01:00,server,8626074,2400,256765,929562383,1601,0,14194,0,32911424,29846016,3065408,18347584,16252864,16248768
2026-05-13T15:06:14+01:00,server,8628523,2400,256776,929564855,1601,0,14194,0,32911424,29844416,3067008,18345984,16252864,16248768
2026-05-13T15:06:15+01:00,server,8630913,2400,256786,929567375,1601,0,14195,0,32911424,29842176,3069248,18343680,16252864,16248768
2026-05-13T15:06:16+01:00,server,8633343,2400,256795,929569833,1601,0,14195,0,32911424,29835328,3076096,18336704,16252864,16248768
2026-05-13T15:06:17+01:00,server,8635795,2400,256806,929572287,1601,0,14195,0,32911424,29835904,3075520,18337280,16252864,16248768
2026-05-13T15:06:18+01:00,server,8638231,2400,256816,929574746,1601,0,14195,0,32911424,29834176,3077248,18335552,16252864,16248768
2026-05-13T15:06:20+01:00,server,8640705,2400,256828,929577204,1601,0,14195,0,32911424,29833408,3078016,18334784,16252864,16248768
2026-05-13T15:06:21+01:00,server,8643177,2400,256841,929579661,1601,0,14195,0,32911424,29831872,3079552,18333248,16252864,16248768
2026-05-13T15:06:22+01:00,server,8645629,2400,256848,929582114,1601,0,14195,0,32911424,29831680,3079744,18333056,16252864,16248768
2026-05-13T15:06:23+01:00,server,8648090,2400,256857,929584569,1601,0,14195,0,32911424,29831744,3079680,18333056,16252864,16248768
2026-05-13T15:06:24+01:00,server,8650529,2400,256868,929587028,1601,0,14195,0,32911424,29828096,3083328,18329408,16252864,16248768
2026-05-13T15:06:25+01:00,server,8652955,2400,256880,929589492,1601,0,14197,0,32911424,29828480,3082944,18329792,16252864,16248768
2026-05-13T15:06:26+01:00,server,8655364,2400,256891,929591960,1601,0,14197,0,32911424,29828288,3083136,18329600,16252864,16248768
2026-05-13T15:06:27+01:00,server,8657815,2400,256900,929594421,1601,0,14197,0,32911424,29829696,3081728,18331008,16252864,16248768
2026-05-13T15:06:28+01:00,server,8660244,2400,256908,929596892,1601,0,14197,0,32911424,29830464,3080960,18331776,16252864,16248768
2026-05-13T15:06:29+01:00,server,8662673,2400,256917,929599357,1601,0,14197,0,32911424,29829888,3081536,18331200,16252864,16248768
2026-05-13T15:06:30+01:00,server,8665163,2400,256934,929601797,1601,0,14197,0,32911424,29831168,3080256,18332480,16252864,16248768
2026-05-13T15:06:31+01:00,server,8667612,2400,256944,929604262,1601,0,14197,0,32911424,29832320,3079104,18333632,16252864,16248768
2026-05-13T15:06:32+01:00,server,8670064,2400,256957,929606724,1601,0,14197,0,32911424,29832960,3078464,18334272,16252864,16248768
2026-05-13T15:06:33+01:00,server,8672536,2400,256968,929609188,1601,0,14198,0,32911424,29830848,3080576,18332160,16252864,16248768
2026-05-13T15:06:34+01:00,server,8674966,2400,256980,929611648,1601,0,14198,0,32911424,29830464,3080960,18331776,16252864,16248768
2026-05-13T15:06:35+01:00,server,8677424,2400,256990,929614109,1601,0,14199,0,32911424,29827392,3084032,18328704,16252864,16248768
2026-05-13T15:06:36+01:00,server,8679875,2400,257001,929616577,1601,0,14199,0,32911424,29831488,3079936,18332800,16252864,16248768
2026-05-13T15:06:37+01:00,server,8682319,2400,257019,929619038,1601,0,14199,0,32911424,29831040,3080384,18332352,16252864,16248768
2026-05-13T15:06:38+01:00,server,8684770,2400,257031,929621511,1601,0,14200,0,32911424,29827392,3084032,18328704,16252864,16248768
2026-05-13T15:06:39+01:00,server,8687245,2400,257045,929623975,1601,0,14201,0,32911424,29827584,3083840,18328896,16252864,16248768
2026-05-13T15:06:40+01:00,server,8689695,2400,257053,929626439,1601,0,14201,0,32911424,29827776,3083648,18329088,16252864,16248768
2026-05-13T15:06:41+01:00,server,8692168,2400,257057,929628917,1601,0,14201,0,32911424,29827968,3083456,18329280,16252864,16248768
2026-05-13T15:06:42+01:00,server,8694641,2400,257068,929631381,1601,0,14201,0,32911424,29828736,3082688,18330048,16252864,16248768
2026-05-13T15:06:43+01:00,server,8697093,2400,257085,929633839,1601,0,14201,0,32911424,29827200,3084224,18328512,16252864,16248768
2026-05-13T15:06:44+01:00,server,8699521,2400,257099,929636314,1601,0,14202,0,32911424,29828160,3083264,18329472,16252864,16248768
2026-05-13T15:06:45+01:00,server,8701928,2400,257123,929638807,1601,0,14202,0,32911424,29832768,3078656,18334080,16252864,16248768
2026-05-13T15:06:46+01:00,server,8704401,2400,257131,929641260,1601,0,14202,0,32911424,29819968,3091456,18321216,16252864,16248768
2026-05-13T15:06:47+01:00,server,8706863,2400,257142,929643708,1601,0,14202,0,32911424,29821504,3089920,18322560,16252864,16248768
2026-05-13T15:06:48+01:00,server,8709313,2400,257149,929646159,1601,0,14204,0,32911424,29826048,3085376,18326976,16252864,16248768
2026-05-13T15:06:49+01:00,server,8711787,2400,257162,929648609,1601,0,14204,0,32911424,29826048,3085376,18326976,16252864,16248768
2026-05-13T15:06:50+01:00,server,8714243,2400,257169,929651062,1601,0,14205,0,32911424,29823808,3087616,18324736,16252864,16248768
2026-05-13T15:06:51+01:00,server,8716709,2400,257180,929653512,1601,0,14206,0,32911424,29825984,3085440,18326592,16252864,16248768
2026-05-13T15:06:52+01:00,server,8719178,2400,257190,929655965,1601,0,14207,0,32911424,29823616,3087808,18323392,16252864,16248768
2026-05-13T15:06:53+01:00,server,8721626,2400,257194,929658425,1601,0,14207,0,32911424,29825984,3085440,18325760,16252864,16248768
2026-05-13T15:06:54+01:00,server,8724075,2400,257208,929660893,1601,0,14207,0,32911424,29824064,3087360,18323840,16252864,16248768
2026-05-13T15:06:55+01:00,server,8726551,2400,257218,929663361,1601,0,14207,0,32911424,29821376,3090048,18321152,16252864,16248768
2026-05-13T15:06:56+01:00,server,8729000,2400,257230,929665822,1601,0,14207,0,32911424,29825984,3085440,18325760,16252864,16248768
2026-05-13T15:06:58+01:00,server,8731474,2400,257241,929668287,1601,0,14207,0,32911424,29825216,3086208,18324992,16252864,16248768
2026-05-13T15:06:59+01:00,server,8733950,2400,257253,929670747,1601,0,14207,0,32911424,29823872,3087552,18323648,16252864,16248768
2026-05-13T15:07:00+01:00,server,8736426,2400,257268,929673186,1601,0,14207,0,32911424,29825600,3085824,18325376,16252864,16248768
2026-05-13T15:07:01+01:00,server,8738831,2400,257284,929675653,1601,0,14207,0,32911424,29827264,3084160,18326976,16252864,16248768
2026-05-13T15:07:02+01:00,server,8741304,2400,257299,929678114,1601,0,14208,0,32911424,29824192,3087232,18323904,16252864,16248768
2026-05-13T15:07:03+01:00,server,8743758,2400,257309,929680579,1601,0,14208,0,32911424,29818688,3092736,18318400,16252864,16248768
2026-05-13T15:07:04+01:00,server,8746230,2400,257323,929683038,1601,0,14208,0,32911424,29819840,3091584,18319552,16252864,16248768
2026-05-13T15:07:05+01:00,server,8748682,2400,257332,929685497,1601,0,14208,0,32911424,29822528,3088896,18322240,16252864,16248768
2026-05-13T15:07:06+01:00,server,8751133,2400,257342,929687963,1601,0,14208,0,32911424,29822464,3088960,18322176,16252864,16248768
2026-05-13T15:07:07+01:00,server,8753582,2400,257350,929690434,1601,0,14208,0,32911424,29821120,3090304,18320832,16252864,16248768
2026-05-13T15:07:08+01:00,server,8756058,2400,257364,929692895,1601,0,14208,0,32911424,29824000,3087424,18323712,16252864,16248768
2026-05-13T15:07:09+01:00,server,8758501,2400,257380,929695361,1601,0,14208,0,32911424,29823040,3088384,18322752,16252864,16248768
2026-05-13T15:07:10+01:00,server,8760953,2400,257392,929697820,1601,0,14209,0,32911424,29824448,3086976,18324160,16252864,16248768
2026-05-13T15:07:11+01:00,server,8763384,2400,257401,929700286,1601,0,14210,0,32911424,29824448,3086976,18324160,16252864,16248768
2026-05-13T15:07:12+01:00,server,8765849,2400,257427,929702745,1601,0,14210,0,32911424,29824128,3087296,18323776,16252864,16248768
2026-05-13T15:07:13+01:00,server,8768275,2400,257441,929705205,1601,0,14211,0,32911424,29821632,3089792,18321280,16252864,16248768
2026-05-13T15:07:14+01:00,server,8770729,2400,257450,929707670,1601,0,14212,0,32911424,29823360,3088064,18323008,16252864,16248768
2026-05-13T15:07:15+01:00,server,8773161,2400,257468,929710180,1601,0,14212,0,32911424,29817408,3094016,18317056,16252864,16248768
2026-05-13T15:07:16+01:00,server,8775611,2403,257481,929712627,1601,0,14212,0,32911424,29817792,3093632,18317248,16252864,16248768
2026-05-13T15:07:17+01:00,server,8778069,2403,257510,929715079,1601,0,14212,0,32911424,29812032,3099392,18311488,16252864,16248768
2026-05-13T15:07:18+01:00,server,8780519,2403,257521,929717538,1601,0,14212,0,32911424,29812672,3098752,18312064,16252864,16248768
2026-05-13T15:07:19+01:00,server,8782983,2403,257528,929719999,1601,0,14212,0,32911424,29818432,3092992,18317824,16252864,16248768
2026-05-13T15:07:20+01:00,server,8785449,2403,257537,929722460,1601,0,14212,0,32911424,29812928,3098496,18312320,16252864,16248768
2026-05-13T15:07:21+01:00,server,8787875,2403,257550,929724915,1601,0,14212,0,32911424,29814272,3097152,18313664,16252864,16248768
2026-05-13T15:07:22+01:00,server,8790348,2403,257563,929727367,1601,0,14212,0,32911424,29812544,3098880,18311808,16252864,16248768
2026-05-13T15:07:23+01:00,server,8792791,2403,257570,929729820,1601,0,14212,0,32911424,29812928,3098496,18312192,16252864,16248768
2026-05-13T15:07:24+01:00,server,8795219,2403,257583,929732285,1601,0,14212,0,32911424,29811584,3099840,18310848,16252864,16248768
2026-05-13T15:07:25+01:00,server,8797692,2403,257595,929734749,1601,0,14213,0,32911424,29812608,3098816,18311872,16252864,16248768
2026-05-13T15:07:26+01:00,server,8800131,2403,257619,929737210,1601,0,14213,0,32911424,29811520,3099904,18310784,16252864,16248768
2026-05-13T15:07:27+01:00,server,8802611,2403,257628,929739674,1601,0,14213,0,32911424,29808832,3102592,18308096,16252864,16248768
2026-05-13T15:07:28+01:00,server,8805063,2403,257642,929742134,1601,0,14213,0,32911424,29809536,3101888,18308800,16252864,16248768
2026-05-13T15:07:29+01:00,server,8807515,2403,257655,929744594,1601,0,14213,0,32911424,29807872,3103552,18307136,16252864,16248768
2026-05-13T15:07:30+01:00,server,8809972,2403,257671,929747027,1601,0,14213,0,32911424,29808192,3103232,18307456,16252864,16248768
2026-05-13T15:07:31+01:00,server,8812481,2403,257717,929749399,1602,0,14213,0,32911424,29799488,3111936,18297856,16252864,16248768
2026-05-13T15:07:32+01:00,server,8815029,2403,257730,929751768,1602,0,14213,0,32911424,29798912,3112512,18297152,16252864,16248768
2026-05-13T15:07:33+01:00,server,8817506,2403,257753,929754223,1602,0,14213,0,32911424,29806336,3105088,18302848,16252864,16248768
2026-05-13T15:07:34+01:00,server,8819958,2403,257763,929756682,1602,0,14213,0,32911424,29807360,3104064,18303872,16252864,16248768
2026-05-13T15:07:36+01:00,server,8822434,2403,257780,929759142,1602,0,14213,0,32911424,29807488,3103936,18304000,16252864,16248768
2026-05-13T15:07:37+01:00,server,8824888,2403,257789,929761608,1602,0,14213,0,32911424,29809152,3102272,18305664,16252864,16248768
2026-05-13T15:07:38+01:00,server,8827321,2403,257806,929764069,1602,0,14214,0,32911424,29809920,3101504,18306432,16252864,16248768
2026-05-13T15:07:39+01:00,server,8829752,2403,257820,929766529,1602,0,14214,0,32911424,29810496,3100928,18307008,16252864,16248768
2026-05-13T15:07:40+01:00,server,8832223,2403,257836,929768996,1602,0,14214,0,32911424,29811200,3100224,18307712,16252864,16248768
2026-05-13T15:07:41+01:00,server,8834674,2403,257849,929771459,1602,0,14214,0,32911424,29808896,3102528,18305408,16252864,16248768
2026-05-13T15:07:42+01:00,server,8837125,2403,257861,929773921,1602,0,14214,0,32911424,29809472,3101952,18305984,16252864,16248768
2026-05-13T15:07:43+01:00,server,8839602,2403,257873,929776384,1602,0,14214,0,32911424,29809664,3101760,18306176,16252864,16248768
2026-05-13T15:07:44+01:00,server,8842075,2403,257885,929778845,1602,0,14215,0,32911424,29810240,3101184,18306752,16252864,16248768
2026-05-13T15:07:45+01:00,server,8844449,2403,257897,929781370,1602,0,14215,0,32911424,29811904,3099520,18308416,16252864,16248768
2026-05-13T15:07:46+01:00,server,8846922,2403,257903,929783824,1602,0,14215,0,32911424,29799424,3112000,18295808,16252864,16248768
2026-05-13T15:07:47+01:00,server,8849372,2403,257914,929786277,1602,0,14215,0,32911424,29797312,3114112,18293696,16252864,16248768
2026-05-13T15:07:48+01:00,server,8851843,2403,257926,929788735,1602,0,14215,0,32911424,29793408,3118016,18289792,16252864,16248768
2026-05-13T15:07:49+01:00,server,8854227,2403,257940,929791202,1602,0,14215,0,32911424,29791872,3119552,18288256,16252864,16248768
2026-05-13T15:07:50+01:00,server,8856694,2403,257951,929793657,1602,0,14216,0,32911424,29792768,3118656,18289152,16252864,16248768
2026-05-13T15:07:51+01:00,server,8859147,2403,257963,929796115,1602,0,14216,0,32911424,29791616,3119808,18288000,16252864,16248768
2026-05-13T15:07:52+01:00,server,8861601,2403,257970,929798569,1602,0,14216,0,32911424,29792832,3118592,18289152,16252864,16248768
2026-05-13T15:07:53+01:00,server,8864071,2403,257981,929801041,1602,0,14216,0,32911424,29796480,3114944,18292800,16252864,16248768
2026-05-13T15:07:54+01:00,server,8866545,2403,257996,929803500,1602,0,14216,0,32911424,29795008,3116416,18291328,16252864,16248768
2026-05-13T15:07:55+01:00,server,8868974,2403,258005,929805957,1602,0,14216,0,32911424,29793088,3118336,18289408,16252864,16248768
2026-05-13T15:07:56+01:00,server,8871449,2403,258013,929808414,1602,0,14217,0,32911424,29791488,3119936,18287808,16252864,16248768
2026-05-13T15:07:57+01:00,server,8873873,2403,258023,929810880,1602,0,14217,0,32911424,29794112,3117312,18290432,16252864,16248768
2026-05-13T15:07:58+01:00,server,8876328,2403,258030,929813343,1602,0,14217,0,32911424,29793152,3118272,18289472,16252864,16248768
2026-05-13T15:07:59+01:00,server,8878769,2403,258039,929815804,1602,0,14217,0,32911424,29795968,3115456,18292288,16252864,16248768
2026-05-13T15:08:00+01:00,server,8881248,2403,258051,929818231,1602,0,14218,0,32911424,29795136,3116288,18291392,16252864,16248768
2026-05-13T15:08:01+01:00,server,8883695,2403,258061,929820687,1602,0,14218,0,32911424,29795712,3115712,18291968,16252864,16248768
2026-05-13T15:08:02+01:00,server,8886120,2403,258073,929823156,1602,0,14218,0,32911424,29798208,3113216,18294464,16252864,16248768
2026-05-13T15:08:03+01:00,server,8888595,2403,258083,929825605,1602,0,14218,0,32911424,29797056,3114368,18293312,16252864,16248768
2026-05-13T15:08:04+01:00,server,8891025,2403,258090,929828067,1602,0,14218,0,32911424,29797632,3113792,18293888,16252864,16248768
2026-05-13T15:08:05+01:00,server,8893501,2403,258098,929830539,1602,0,14218,0,32911424,29795520,3115904,18291776,16252864,16248768
2026-05-13T15:08:06+01:00,server,8895978,2403,258108,929833001,1602,0,14218,0,32911424,29795136,3116288,18291328,16252864,16248768
2026-05-13T15:08:07+01:00,server,8898403,2403,258120,929835463,1602,0,14218,0,32911424,29795392,3116032,18291584,16252864,16248768
2026-05-13T15:08:08+01:00,server,8900833,2403,258130,929837927,1602,0,14218,0,32911424,29793472,3117952,18289664,16252864,16248768
2026-05-13T15:08:09+01:00,server,8903306,2403,258147,929840387,1602,0,14219,0,32911424,29789632,3121792,18285632,16252864,16248768
2026-05-13T15:08:10+01:00,server,8905736,2403,258154,929842850,1602,0,14219,0,32911424,29791232,3120192,18287232,16252864,16248768
2026-05-13T15:08:11+01:00,server,8908210,2403,258158,929845325,1602,0,14219,0,32911424,29789312,3122112,18285312,16252864,16248768
2026-05-13T15:08:12+01:00,server,8910663,2403,258170,929847795,1602,0,14220,0,32911424,29781056,3130368,18276928,16252864,16248768
2026-05-13T15:08:13+01:00,server,8913110,2403,258188,929850257,1602,0,14220,0,32911424,29780672,3130752,18276544,16252864,16248768
2026-05-13T15:08:15+01:00,server,8915565,2403,258202,929852709,1602,0,14220,0,32911424,29779648,3131776,18275520,16252864,16248768
2026-05-13T15:08:16+01:00,server,8918010,2403,258216,929855169,1602,0,14221,0,32911424,29776192,3135232,18272064,16252864,16248768
2026-05-13T15:08:17+01:00,server,8920484,2403,258229,929857631,1602,0,14221,0,32911424,29772480,3138944,18268224,16252864,16248768
2026-05-13T15:08:18+01:00,server,8922912,2403,258243,929860093,1602,0,14222,0,32911424,29768896,3142528,18264576,16252864,16248768
2026-05-13T15:08:19+01:00,server,8925364,2403,258259,929862557,1602,0,14222,0,32911424,29768576,3142848,18264192,16252864,16248768
2026-05-13T15:08:20+01:00,server,8927768,2403,258268,929865017,1602,0,14224,0,32911424,29767040,3144384,18262656,16252864,16248768
2026-05-13T15:08:21+01:00,server,8930241,2403,258282,929867478,1602,0,14225,0,32911424,29765504,3145920,18261120,16252864,16248768
2026-05-13T15:08:22+01:00,server,8932717,2403,258294,929869940,1602,0,14226,0,32911424,29760896,3150528,18256512,16252864,16248768
2026-05-13T15:08:23+01:00,server,8935169,2403,258309,929872409,1602,0,14226,0,32911424,29759936,3151488,18255552,16252864,16248768
2026-05-13T15:08:24+01:00,server,8937591,2403,258320,929874878,1602,0,14226,0,32911424,29764352,3147072,18259968,16252864,16248768
2026-05-13T15:08:25+01:00,server,8940064,2403,258331,929877345,1602,0,14226,0,32911424,29763968,3147456,18259584,16252864,16248768
2026-05-13T15:08:26+01:00,server,8942447,2403,258345,929879895,1602,0,14227,0,32911424,29752640,3158784,18248256,16252864,16248768
2026-05-13T15:08:27+01:00,server,8944899,2403,258355,929882342,1602,0,14228,0,32911424,29753024,3158400,18248640,16252864,16248768
2026-05-13T15:08:28+01:00,server,8947364,2403,258366,929884796,1603,0,14229,0,32911424,29753664,3157760,18249216,16252864,16248768
2026-05-13T15:08:29+01:00,server,8949814,2403,258376,929887247,1603,0,14229,0,32911424,29752704,3158720,18248256,16252864,16248768
2026-05-13T15:08:30+01:00,server,8952310,2403,258398,929889671,1603,0,14229,0,32911424,29750848,3160576,18246336,16252864,16248768
2026-05-13T15:08:31+01:00,server,8954750,2403,258411,929892141,1603,0,14229,0,32911424,29757632,3153792,18253120,16252864,16248768
2026-05-13T15:08:32+01:00,server,8957187,2403,258421,929894588,1603,0,14229,0,32911424,29757440,3153984,18252928,16252864,16248768
2026-05-13T15:08:33+01:00,server,8959648,2403,258432,929897041,1603,0,14229,0,32911424,29761472,3149952,18256960,16252864,16248768
2026-05-13T15:08:34+01:00,server,8962060,2403,258444,929899514,1603,0,14229,0,32911424,29762880,3148544,18258368,16252864,16248768
2026-05-13T15:08:35+01:00,server,8964534,2403,258455,929901961,1603,0,14230,0,32911424,29761216,3150208,18256704,16252864,16248768
2026-05-13T15:08:36+01:00,server,8966961,2403,258465,929904410,1603,0,14232,0,32911424,29758784,3152640,18254272,16252864,16248768
2026-05-13T15:08:37+01:00,server,8969435,2403,258470,929906864,1603,0,14232,0,32911424,29754752,3156672,18250176,16252864,16248768
2026-05-13T15:08:38+01:00,server,8971877,2403,258480,929909343,1603,0,14232,0,32911424,29753600,3157824,18249024,16252864,16248768
2026-05-13T15:08:39+01:00,server,8974324,2403,258487,929911795,1603,0,14232,0,32911424,29750400,3161024,18245824,16252864,16248768
2026-05-13T15:08:40+01:00,server,8976798,2403,258497,929914243,1603,0,14233,0,32911424,29751040,3160384,18246464,16252864,16248768
2026-05-13T15:08:41+01:00,server,8979237,2403,258510,929916716,1603,0,14233,0,32911424,29750528,3160896,18245952,16252864,16248768
2026-05-13T15:08:42+01:00,server,8981688,2403,258519,929919162,1603,0,14233,0,32911424,29754176,3157248,18249600,16252864,16248768
2026-05-13T15:08:43+01:00,server,8984154,2403,258532,929921606,1603,0,14233,0,32911424,29752704,3158720,18248128,16252864,16248768
2026-05-13T15:08:44+01:00,server,8986589,2403,258541,929924077,1603,0,14233,0,32911424,29753664,3157760,18249088,16252864,16248768
2026-05-13T15:08:45+01:00,server,8989094,2403,258562,929926495,1603,0,14233,0,32911424,29754368,3157056,18249728,16252864,16248768
2026-05-13T15:08:46+01:00,server,8991538,2403,258572,929928948,1603,0,14234,0,32911424,29757696,3153728,18252992,16252864,16248768
2026-05-13T15:08:47+01:00,server,8994013,2403,258580,929931395,1603,0,14234,0,32911424,29753728,3157696,18249024,16252864,16248768
2026-05-13T15:08:48+01:00,server,8996474,2403,258591,929933867,1603,0,14234,0,32911424,29750272,3161152,18245568,16252864,16248768
2026-05-13T15:08:49+01:00,server,8998925,2403,258600,929936322,1603,0,14234,0,32911424,29753344,3158080,18248640,16252864,16248768
2026-05-13T15:08:50+01:00,server,9001399,2403,258602,929938779,1603,0,14236,0,32911424,29755008,3156416,18250304,16252864,16248768
2026-05-13T15:08:51+01:00,server,9003832,2403,258612,929941252,1603,0,14237,0,32911424,29753984,3157440,18249280,16252864,16248768
2026-05-13T15:08:52+01:00,server,9006309,2403,258621,929943699,1603,0,14237,0,32911424,29753472,3157952,18248768,16252864,16248768
2026-05-13T15:08:54+01:00,server,9008783,2403,258633,929946152,1603,0,14237,0,32911424,29755392,3156032,18250688,16252864,16248768
2026-05-13T15:08:55+01:00,server,9011210,2403,258644,929948625,1603,0,14238,0,32911424,29754240,3157184,18249536,16252864,16248768
2026-05-13T15:08:56+01:00,server,9013683,2403,258655,929951075,1603,0,14238,0,32911424,29754240,3157184,18249536,16252864,16248768
2026-05-13T15:08:57+01:00,server,9016142,2403,258678,929953529,1603,0,14238,0,32911424,29753856,3157568,18249152,16252864,16248768
2026-05-13T15:08:58+01:00,server,9018592,2403,258688,929955975,1603,0,14238,0,32911424,29753856,3157568,18249152,16252864,16248768
2026-05-13T15:08:59+01:00,server,9021043,2403,258698,929958447,1603,0,14238,0,32911424,29754624,3156800,18249920,16252864,16248768
2026-05-13T15:09:00+01:00,server,9023502,2403,258715,929960876,1603,0,14238,0,32911424,29754240,3157184,18249536,16252864,16248768
2026-05-13T15:09:01+01:00,server,9025966,2403,258725,929963323,1603,0,14239,0,32911424,29750784,3160640,18246080,16252864,16248768
2026-05-13T15:09:02+01:00,server,9028409,2403,258736,929965793,1603,0,14240,0,32911424,29754432,3156992,18249728,16252864,16248768
2026-05-13T15:09:03+01:00,server,9030859,2403,258746,929968241,1603,0,14240,0,32911424,29748480,3162944,18243776,16252864,16248768
2026-05-13T15:09:04+01:00,server,9033332,2403,258753,929970700,1603,0,14240,0,32911424,29747840,3163584,18243072,16252864,16248768
2026-05-13T15:09:05+01:00,server,9035770,2403,258761,929973174,1603,0,14240,0,32911424,29742272,3169152,18237504,16252864,16248768
2026-05-13T15:09:06+01:00,server,9038271,2403,258773,929975649,1603,0,14240,0,32911424,29742080,3169344,18237312,16252864,16248768
2026-05-13T15:09:07+01:00,server,9040720,2403,258786,929978117,1603,0,14240,0,32911424,29743616,3167808,18238848,16252864,16248768
2026-05-13T15:09:08+01:00,server,9043197,2403,258793,929980578,1603,0,14241,0,32911424,29744384,3167040,18239616,16252864,16248768
2026-05-13T15:09:09+01:00,server,9045649,2403,258807,929983039,1603,0,14241,0,32911424,29743616,3167808,18238848,16252864,16248768
2026-05-13T15:09:10+01:00,server,9048128,2403,258817,929985501,1603,0,14241,0,32911424,29743296,3168128,18238464,16252864,16248768
2026-05-13T15:09:11+01:00,server,9050553,2403,258830,929987964,1603,0,14241,0,32911424,29744064,3167360,18239232,16252864,16248768
2026-05-13T15:09:12+01:00,server,9053001,2403,258846,929990425,1603,0,14241,0,32911424,29745792,3165632,18240960,16252864,16248768
2026-05-13T15:09:13+01:00,server,9055476,2403,258859,929992886,1603,0,14241,0,32911424,29747904,3163520,18243072,16252864,16248768
2026-05-13T15:09:14+01:00,server,9057926,2403,258871,929995347,1603,0,14241,0,32911424,29745152,3166272,18240320,16252864,16248768
2026-05-13T15:09:15+01:00,server,9060411,2403,258883,929997783,1603,0,14243,0,32911424,29745856,3165568,18241024,16252864,16248768
2026-05-13T15:09:16+01:00,server,9062861,2403,258894,930000253,1603,0,14243,0,32911424,29742976,3168448,18238144,16252864,16248768
2026-05-13T15:09:17+01:00,server,9065333,2403,258903,930002725,1603,0,14243,0,32911424,29743360,3168064,18238528,16252864,16248768
2026-05-13T15:09:18+01:00,server,9067783,2403,258914,930005187,1603,0,14243,0,32911424,29744000,3167424,18239168,16252864,16248768
2026-05-13T15:09:19+01:00,server,9070255,2403,258927,930007648,1603,0,14244,0,32911424,29744576,3166848,18239744,16252864,16248768
2026-05-13T15:09:20+01:00,server,9072709,2403,258940,930010109,1603,0,14244,0,32911424,29743232,3168192,18238400,16252864,16248768
2026-05-13T15:09:21+01:00,server,9075135,2403,258952,930012571,1603,0,14245,0,32911424,29747264,3164160,18242432,16252864,16248768
2026-05-13T15:09:22+01:00,server,9077608,2403,258965,930015033,1603,0,14245,0,32911424,29745216,3166208,18240384,16252864,16248768
2026-05-13T15:09:23+01:00,server,9080062,2403,258972,930017500,1603,0,14245,0,32911424,29745152,3166272,18240320,16252864,16248768
2026-05-13T15:09:24+01:00,server,9082488,2403,258987,930019961,1603,0,14245,0,32911424,29744576,3166848,18239744,16252864,16248768
2026-05-13T15:09:25+01:00,server,9084935,2403,259004,930022421,1603,0,14246,0,32911424,29742848,3168576,18238016,16252864,16248768
2026-05-13T15:09:26+01:00,server,9087297,2403,259013,930024977,1603,0,14246,0,32911424,29729792,3181632,18224960,16252864,16248768
2026-05-13T15:09:27+01:00,server,9089772,2403,259023,930027424,1603,0,14246,0,32911424,29727680,3183744,18222848,16252864,16248768
2026-05-13T15:09:28+01:00,server,9092224,2403,259032,930029876,1603,0,14246,0,32911424,29729408,3182016,18224576,16252864,16248768
2026-05-13T15:09:29+01:00,server,9094686,2403,259037,930032335,1603,0,14248,0,32911424,29727296,3184128,18222464,16252864,16248768
2026-05-13T15:09:30+01:00,server,9097135,2403,259044,930034778,1603,0,14248,0,32911424,29733312,3178112,18228480,16252864,16248768
2026-05-13T15:09:32+01:00,server,9099613,2403,259052,930037229,1603,0,14248,0,32911424,29733696,3177728,18228864,16252864,16248768
2026-05-13T15:09:33+01:00,server,9102074,2403,259065,930039680,1603,0,14250,0,32911424,29734400,3177024,18229568,16252864,16248768
2026-05-13T15:09:34+01:00,server,9104506,2403,259078,930042144,1603,0,14250,0,32911424,29737024,3174400,18232192,16252864,16248768
2026-05-13T15:09:35+01:00,server,9106979,2403,259092,930044594,1603,0,14250,0,32911424,29735296,3176128,18230464,16252864,16248768
2026-05-13T15:09:36+01:00,server,9109453,2403,259103,930047042,1603,0,14251,0,32911424,29737792,3173632,18232960,16252864,16248768
2026-05-13T15:09:37+01:00,server,9111894,2403,259114,930049505,1603,0,14251,0,32911424,29737088,3174336,18232192,16252864,16248768
2026-05-13T15:09:38+01:00,server,9114368,2403,259126,930051956,1603,0,14251,0,32911424,29735232,3176192,18230336,16252864,16248768
2026-05-13T15:09:39+01:00,server,9116818,2403,259141,930054402,1603,0,14251,0,32911424,29737344,3174080,18232448,16252864,16248768
2026-05-13T15:09:40+01:00,server,9119267,2403,259155,930056865,1603,0,14251,0,32911424,29734336,3177088,18229440,16252864,16248768
2026-05-13T15:09:41+01:00,server,9121719,2403,259162,930059317,1603,0,14251,0,32911424,29736832,3174592,18231936,16252864,16248768
2026-05-13T15:09:42+01:00,server,9124180,2403,259170,930061778,1603,0,14251,0,32911424,29732224,3179200,18227328,16252864,16248768
2026-05-13T15:09:43+01:00,server,9126646,2403,259178,930064232,1603,0,14251,0,32911424,29738368,3173056,18233472,16252864,16248768
2026-05-13T15:09:44+01:00,server,9129102,2403,259187,930066685,1603,0,14251,0,32911424,29732992,3178432,18228096,16252864,16248768
2026-05-13T15:09:45+01:00,server,9131574,2403,259199,930069125,1603,0,14251,0,32911424,29728896,3182528,18224000,16252864,16248768
2026-05-13T15:09:46+01:00,server,9134000,2403,259211,930071576,1603,0,14252,0,32911424,29728000,3183424,18223040,16252864,16248768
2026-05-13T15:09:47+01:00,server,9136476,2403,259222,930074022,1603,0,14252,0,32911424,29726336,3185088,18221376,16252864,16248768
2026-05-13T15:09:48+01:00,server,9138907,2403,259233,930076487,1603,0,14252,0,32911424,29726528,3184896,18221568,16252864,16248768
2026-05-13T15:09:49+01:00,server,9141383,2403,259242,930078939,1603,0,14254,0,32911424,29726912,3184512,18221952,16252864,16248768
2026-05-13T15:09:50+01:00,server,9143846,2403,259256,930081401,1603,0,14255,0,32911424,29724992,3186432,18220032,16252864,16248768
2026-05-13T15:09:51+01:00,server,9146298,2403,259268,930083848,1603,0,14255,0,32911424,29728640,3182784,18223680,16252864,16248768
2026-05-13T15:09:52+01:00,server,9148763,2403,259278,930086300,1603,0,14255,0,32911424,29725952,3185472,18220992,16252864,16248768
2026-05-13T15:09:53+01:00,server,9151192,2403,259289,930088761,1603,0,14255,0,32911424,29725952,3185472,18220992,16252864,16248768
2026-05-13T15:09:54+01:00,server,9153666,2403,259298,930091213,1603,0,14256,0,32911424,29724224,3187200,18219264,16252864,16248768
2026-05-13T15:09:55+01:00,server,9156116,2403,259309,930093658,1603,0,14256,0,32911424,29724672,3186752,18219712,16252864,16248768
2026-05-13T15:09:56+01:00,server,9158572,2403,259311,930096135,1603,0,14256,0,32911424,29715648,3195776,18210688,16252864,16248768
2026-05-13T15:09:57+01:00,server,9161044,2403,259322,930098587,1603,0,14256,0,32911424,29719488,3191936,18214528,16252864,16248768
2026-05-13T15:09:58+01:00,server,9163462,2403,259333,930101052,1603,0,14256,0,32911424,29718272,3193152,18213312,16252864,16248768
2026-05-13T15:09:59+01:00,server,9165916,2403,259342,930103518,1603,0,14256,0,32911424,29717696,3193728,18212736,16252864,16248768
2026-05-13T15:10:00+01:00,server,9168387,2403,259358,930105956,1603,0,14257,0,32911424,29720576,3190848,18215616,16252864,16248768
2026-05-13T15:10:01+01:00,server,9170828,2403,259388,930108416,1603,0,14257,0,32911424,29713792,3197632,18208704,16252864,16248768
2026-05-13T15:10:02+01:00,server,9173275,2403,259401,930110880,1603,0,14258,0,32911424,29714816,3196608,18209792,16252864,16248768
2026-05-13T15:10:03+01:00,server,9175728,2403,259413,930113344,1603,0,14258,0,32911424,29710016,3201408,18204992,16252864,16248768
2026-05-13T15:10:04+01:00,server,9178181,2403,259425,930115806,1603,0,14259,0,32911424,29712384,3199040,18207360,16252864,16248768
2026-05-13T15:10:05+01:00,server,9180632,2403,259436,930118275,1603,0,14260,0,32911424,29711040,3200384,18206016,16252864,16248768
2026-05-13T15:10:06+01:00,server,9183083,2403,259449,930120736,1603,0,14260,0,32911424,29712000,3199424,18206976,16252864,16248768
2026-05-13T15:10:07+01:00,server,9185535,2403,259457,930123197,1603,0,14260,0,32911424,29711360,3200064,18206272,16252864,16248768
2026-05-13T15:10:08+01:00,server,9188011,2403,259462,930125664,1603,0,14260,0,32911424,29709888,3201536,18204800,16252864,16248768
2026-05-13T15:10:09+01:00,server,9190483,2403,259469,930128135,1603,0,14261,0,32911424,29713344,3198080,18208256,16252864,16248768
2026-05-13T15:10:11+01:00,server,9192933,2403,259481,930130596,1603,0,14261,0,32911424,29713152,3198272,18208064,16252864,16248768
2026-05-13T15:10:12+01:00,server,9195371,2403,259505,930133058,1603,0,14261,0,32911424,29713152,3198272,18208064,16252864,16248768
2026-05-13T15:10:13+01:00,server,9197846,2403,259514,930135519,1603,0,14262,0,32911424,29715072,3196352,18209984,16252864,16248768
2026-05-13T15:10:14+01:00,server,9200298,2403,259528,930137982,1603,0,14262,0,32911424,29713920,3197504,18208832,16252864,16248768
2026-05-13T15:10:15+01:00,server,9202729,2403,259542,930140425,1603,0,14263,0,32911424,29714752,3196672,18209600,16252864,16248768
2026-05-13T15:10:16+01:00,server,9205199,2403,259559,930142886,1603,0,14263,0,32911424,29713984,3197440,18208832,16252864,16248768
2026-05-13T15:10:17+01:00,server,9207655,2403,259566,930145348,1603,0,14265,0,32911424,29714944,3196480,18209792,16252864,16248768
2026-05-13T15:10:18+01:00,server,9210127,2403,259587,930147808,1603,0,14265,0,32911424,29715648,3195776,18210432,16252864,16248768
2026-05-13T15:10:19+01:00,server,9212551,2403,259603,930150269,1603,0,14265,0,32911424,29717568,3193856,18212352,16252864,16248768
2026-05-13T15:10:20+01:00,server,9214930,2403,259620,930152824,1603,0,14265,0,32911424,29714048,3197376,18208832,16252864,16248768
2026-05-13T15:10:21+01:00,server,9217405,2403,259630,930155271,1603,0,14265,0,32911424,29707776,3203648,18202560,16252864,16248768
2026-05-13T15:10:22+01:00,server,9219854,2403,259633,930157732,1603,0,14265,0,32911424,29711808,3199616,18206592,16252864,16248768
2026-05-13T15:10:23+01:00,server,9222306,2403,259642,930160193,1603,0,14265,0,32911424,29711232,3200192,18206016,16252864,16248768
2026-05-13T15:10:24+01:00,server,9224735,2403,259650,930162662,1603,0,14265,0,32911424,29710528,3200896,18205248,16252864,16248768
2026-05-13T15:10:25+01:00,server,9227189,2403,259660,930165116,1603,0,14265,0,32911424,29709184,3202240,18203904,16252864,16248768
2026-05-13T15:10:26+01:00,server,9229640,2403,259669,930167562,1603,0,14265,0,32911424,29708992,3202432,18203712,16252864,16248768
2026-05-13T15:10:27+01:00,server,9232083,2403,259680,930170032,1603,0,14265,0,32911424,29709376,3202048,18204096,16252864,16248768
2026-05-13T15:10:28+01:00,server,9234558,2403,259691,930172487,1603,0,14265,0,32911424,29710336,3201088,18205056,16252864,16248768
2026-05-13T15:10:29+01:00,server,9236975,2403,259700,930174957,1603,0,14265,0,32911424,29712128,3199296,18206848,16252864,16248768
2026-05-13T15:10:30+01:00,server,9239474,2403,259714,930177388,1603,0,14268,0,32911424,29712896,3198528,18207616,16252864,16248768
2026-05-13T15:10:31+01:00,server,9241926,2403,259723,930179835,1603,0,14268,0,32911424,29712512,3198912,18207232,16252864,16248768
2026-05-13T15:10:32+01:00,server,9244386,2403,259733,930182304,1603,0,14268,0,32911424,29710784,3200640,18205504,16252864,16248768
2026-05-13T15:10:33+01:00,server,9246828,2403,259744,930184760,1603,0,14269,0,32911424,29713856,3197568,18208576,16252864,16248768
2026-05-13T15:10:34+01:00,server,9249284,2403,259753,930187232,1603,0,14270,0,32911424,29707520,3203904,18202240,16252864,16248768
2026-05-13T15:10:35+01:00,server,9251735,2403,259758,930189695,1603,0,14271,0,32911424,29710528,3200896,18205248,16252864,16248768
2026-05-13T15:10:36+01:00,server,9254161,2403,259763,930192167,1603,0,14272,0,32911424,29710144,3201280,18204864,16252864,16248768
2026-05-13T15:10:37+01:00,server,9256638,2403,259771,930194614,1603,0,14272,0,32911424,29710144,3201280,18204864,16252864,16248768
2026-05-13T15:10:38+01:00,server,9259065,2403,259783,930197066,1603,0,14272,0,32911424,29712704,3198720,18207360,16252864,16248768
2026-05-13T15:10:39+01:00,server,9261508,2403,259796,930199534,1603,0,14272,0,32911424,29713280,3198144,18207936,16252864,16248768
2026-05-13T15:10:40+01:00,server,9263959,2403,259807,930201988,1603,0,14272,0,32911424,29716480,3194944,18211136,16252864,16248768
2026-05-13T15:10:41+01:00,server,9266401,2403,259817,930204455,1603,0,14272,0,32911424,29715328,3196096,18209984,16252864,16248768
2026-05-13T15:10:42+01:00,server,9268849,2403,259831,930206900,1603,0,14272,0,32911424,29714176,3197248,18208832,16252864,16248768
2026-05-13T15:10:43+01:00,server,9271329,2403,259841,930209348,1603,0,14272,0,32911424,29717184,3194240,18211840,16252864,16248768
2026-05-13T15:10:44+01:00,server,9273766,2403,259852,930211814,1603,0,14272,0,32911424,29717760,3193664,18212416,16252864,16248768
2026-05-13T15:10:45+01:00,server,9276248,2403,259868,930214245,1603,0,14273,0,32911424,29715200,3196224,18209856,16252864,16248768
2026-05-13T15:10:46+01:00,server,9278706,2403,259879,930216713,1603,0,14273,0,32911424,29711424,3200000,18206080,16252864,16248768
2026-05-13T15:10:47+01:00,server,9281158,2403,259888,930219160,1603,0,14273,0,32911424,29712768,3198656,18207424,16252864,16248768
2026-05-13T15:10:48+01:00,server,9283610,2403,259892,930221619,1603,0,14273,0,32911424,29711808,3199616,18206464,16252864,16248768
2026-05-13T15:10:49+01:00,server,9286014,2403,259902,930224094,1603,0,14274,0,32911424,29712192,3199232,18206848,16252864,16248768
2026-05-13T15:10:51+01:00,server,9288463,2403,259919,930226559,1603,0,14274,0,32911424,29709888,3201536,18204544,16252864,16248768
2026-05-13T15:10:52+01:00,server,9290935,2403,259937,930229019,1603,0,14275,0,32911424,29711232,3200192,18205888,16252864,16248768
2026-05-13T15:10:53+01:00,server,9293387,2403,259951,930231482,1603,0,14276,0,32911424,29710656,3200768,18205312,16252864,16248768
2026-05-13T15:10:54+01:00,server,9295836,2403,259965,930233946,1603,0,14276,0,32911424,29710080,3201344,18204736,16252864,16248768
2026-05-13T15:10:55+01:00,server,9298266,2403,259976,930236404,1603,0,14276,0,32911424,29712576,3198848,18207232,16252864,16248768
2026-05-13T15:10:56+01:00,server,9300742,2403,259991,930238864,1603,0,14276,0,32911424,29712768,3198656,18207424,16252864,16248768
2026-05-13T15:10:57+01:00,server,9303190,2403,260012,930241322,1603,0,14276,0,32911424,29709888,3201536,18204544,16252864,16248768
2026-05-13T15:10:58+01:00,server,9305645,2403,260023,930243788,1603,0,14276,0,32911424,29710272,3201152,18204928,16252864,16248768
2026-05-13T15:10:59+01:00,server,9308095,2403,260036,930246246,1603,0,14276,0,32911424,29710208,3201216,18204928,16252864,16248768
2026-05-13T15:11:00+01:00,server,9310575,2403,260054,930248679,1603,0,14276,0,32911424,29709248,3202176,18203968,16252864,16248768
2026-05-13T15:11:01+01:00,server,9313047,2403,260065,930251145,1603,0,14276,0,32911424,29712128,3199296,18206848,16252864,16248768
2026-05-13T15:11:02+01:00,server,9315495,2403,260075,930253617,1603,0,14276,0,32911424,29712320,3199104,18207040,16252864,16248768
2026-05-13T15:11:03+01:00,server,9317877,2403,260085,930256076,1603,0,14279,0,32911424,29711360,3200064,18206080,16252864,16248768
2026-05-13T15:11:04+01:00,server,9320351,2403,260096,930258534,1603,0,14279,0,32911424,29712192,3199232,18206912,16252864,16248768
2026-05-13T15:11:05+01:00,server,9322822,2403,260113,930260993,1603,0,14279,0,32911424,29713344,3198080,18208064,16252864,16248768
2026-05-13T15:11:06+01:00,server,9325274,2403,260130,930263458,1603,0,14280,0,32911424,29713152,3198272,18207872,16252864,16248768
2026-05-13T15:11:07+01:00,server,9327724,2403,260141,930265918,1603,0,14282,0,32911424,29709952,3201472,18204672,16252864,16248768
2026-05-13T15:11:08+01:00,server,9330179,2403,260148,930268376,1603,0,14283,0,32911424,29712064,3199360,18206784,16252864,16248768
2026-05-13T15:11:09+01:00,server,9332625,2403,260167,930270833,1603,0,14283,0,32911424,29711680,3199744,18206400,16252864,16248768
2026-05-13T15:11:10+01:00,server,9335075,2403,260181,930273293,1603,0,14283,0,32911424,29707712,3203712,18202432,16252864,16248768
2026-05-13T15:11:11+01:00,server,9337456,2403,260198,930275842,1603,0,14283,0,32911424,29699264,3212160,18193984,16252864,16248768
2026-05-13T15:11:12+01:00,server,9339908,2403,260211,930278295,1603,0,14283,0,32911424,29698176,3213248,18192896,16252864,16248768
2026-05-13T15:11:13+01:00,server,9342355,2403,260223,930280747,1603,0,14283,0,32911424,29700096,3211328,18194816,16252864,16248768
2026-05-13T15:11:14+01:00,server,9344803,2403,260229,930283217,1603,0,14283,0,32911424,29700096,3211328,18194816,16252864,16248768
2026-05-13T15:11:15+01:00,server,9347304,2403,260249,930285638,1603,0,14283,0,32911424,29697088,3214336,18191744,16252864,16248768
2026-05-13T15:11:16+01:00,server,9349755,2403,260261,930288088,1603,0,14283,0,32911424,29695936,3215488,18190592,16252864,16248768
2026-05-13T15:11:17+01:00,server,9352205,2403,260274,930290550,1603,0,14283,0,32911424,29694656,3216768,18189312,16252864,16248768
2026-05-13T15:11:18+01:00,server,9354656,2403,260286,930293003,1603,0,14283,0,32911424,29695040,3216384,18189696,16252864,16248768
2026-05-13T15:11:19+01:00,server,9357104,2403,260300,930295464,1603,0,14284,0,32911424,29696128,3215296,18190656,16252864,16248768
2026-05-13T15:11:20+01:00,server,9359557,2403,260311,930297916,1603,0,14284,0,32911424,29697152,3214272,18191680,16252864,16248768
2026-05-13T15:11:21+01:00,server,9362035,2403,260321,930300363,1603,0,14284,0,32911424,29692928,3218496,18187456,16252864,16248768
2026-05-13T15:11:22+01:00,server,9364465,2403,260330,930302825,1603,0,14284,0,32911424,29694016,3217408,18188480,16252864,16248768
2026-05-13T15:11:23+01:00,server,9366924,2403,260340,930305277,1603,0,14284,0,32911424,29692672,3218752,18187136,16252864,16248768
2026-05-13T15:11:24+01:00,server,9369369,2403,260353,930307740,1603,0,14284,0,32911424,29689984,3221440,18184448,16252864,16248768
2026-05-13T15:11:25+01:00,server,9371819,2403,260364,930310194,1603,0,14284,0,32911424,29695360,3216064,18189824,16252864,16248768
2026-05-13T15:11:26+01:00,server,9374267,2403,260371,930312660,1603,0,14284,0,32911424,29694592,3216832,18189056,16252864,16248768
2026-05-13T15:11:27+01:00,server,9376716,2403,260376,930315121,1603,0,14284,0,32911424,29691712,3219712,18186176,16252864,16248768
2026-05-13T15:11:29+01:00,server,9379191,2403,260383,930317570,1603,0,14285,0,32911424,29691904,3219520,18186368,16252864,16248768
2026-05-13T15:11:30+01:00,server,9381648,2403,260403,930320011,1603,0,14285,0,32911424,29693056,3218368,18187520,16252864,16248768
2026-05-13T15:11:31+01:00,server,9384097,2403,260414,930322464,1603,0,14286,0,32911424,29690368,3221056,18184768,16252864,16248768
2026-05-13T15:11:32+01:00,server,9386557,2403,260424,930324926,1603,0,14287,0,32911424,29689984,3221440,18184384,16252864,16248768
2026-05-13T15:11:33+01:00,server,9389006,2403,260435,930327378,1603,0,14288,0,32911424,29689600,3221824,18184000,16252864,16248768
2026-05-13T15:11:34+01:00,server,9391466,2403,260445,930329842,1603,0,14289,0,32911424,29690752,3220672,18185152,16252864,16248768
2026-05-13T15:11:35+01:00,server,9393917,2403,260456,930332287,1603,0,14289,0,32911424,29689216,3222208,18183616,16252864,16248768
2026-05-13T15:11:36+01:00,server,9396368,2403,260467,930334739,1603,0,14289,0,32911424,29690944,3220480,18185344,16252864,16248768
2026-05-13T15:11:37+01:00,server,9398833,2403,260476,930337201,1603,0,14289,0,32911424,29686336,3225088,18180736,16252864,16248768
2026-05-13T15:11:38+01:00,server,9401262,2403,260485,930339652,1603,0,14289,0,32911424,29686912,3224512,18181312,16252864,16248768
2026-05-13T15:11:39+01:00,server,9403695,2403,260500,930342117,1603,0,14290,0,32911424,29687104,3224320,18181504,16252864,16248768
2026-05-13T15:11:40+01:00,server,9406121,2403,260505,930344590,1603,0,14291,0,32911424,29686144,3225280,18180544,16252864,16248768
2026-05-13T15:11:41+01:00,server,9408539,2403,260521,930347062,1603,0,14291,0,32911424,29689024,3222400,18183424,16252864,16248768
2026-05-13T15:11:42+01:00,server,9410964,2403,260532,930349523,1603,0,14292,0,32911424,29688384,3223040,18182784,16252864,16248768
2026-05-13T15:11:43+01:00,server,9413415,2403,260544,930351984,1603,0,14292,0,32911424,29687424,3224000,18181824,16252864,16248768
2026-05-13T15:11:44+01:00,server,9415870,2403,260552,930354447,1603,0,14292,0,32911424,29688960,3222464,18183360,16252864,16248768
2026-05-13T15:11:45+01:00,server,9418340,2403,260565,930356888,1603,0,14292,0,32911424,29692224,3219200,18186624,16252864,16248768
2026-05-13T15:11:46+01:00,server,9420812,2403,260577,930359348,1603,0,14292,0,32911424,29694720,3216704,18189120,16252864,16248768
2026-05-13T15:11:47+01:00,server,9423216,2403,260589,930361810,1603,0,14292,0,32911424,29693952,3217472,18188352,16252864,16248768
2026-05-13T15:11:48+01:00,server,9425688,2403,260599,930364273,1603,0,14293,0,32911424,29693568,3217856,18187968,16252864,16248768
2026-05-13T15:11:49+01:00,server,9428158,2403,260617,930366736,1603,0,14293,0,32911424,29691456,3219968,18185856,16252864,16248768
2026-05-13T15:11:50+01:00,server,9430605,2403,260630,930369196,1603,0,14293,0,32911424,29690880,3220544,18185280,16252864,16248768
2026-05-13T15:11:51+01:00,server,9433078,2403,260645,930371657,1603,0,14293,0,32911424,29689600,3221824,18183616,16252864,16248768
2026-05-13T15:11:52+01:00,server,9435551,2403,260661,930374119,1603,0,14294,0,32911424,29688832,3222592,18182848,16252864,16248768
2026-05-13T15:11:53+01:00,server,9437974,2403,260667,930376589,1603,0,14294,0,32911424,29690560,3220864,18184576,16252864,16248768
2026-05-13T15:11:54+01:00,server,9440403,2403,260695,930379059,1603,0,14294,0,32911424,29692864,3218560,18186880,16252864,16248768
2026-05-13T15:11:55+01:00,server,9442852,2403,260709,930381520,1603,0,14294,0,32911424,29689472,3221952,18183488,16252864,16248768
2026-05-13T15:11:56+01:00,server,9445255,2403,260724,930383980,1603,0,14294,0,32911424,29689472,3221952,18183488,16252864,16248768
2026-05-13T15:11:57+01:00,server,9447727,2403,260735,930386442,1603,0,14295,0,32911424,29688128,3223296,18182144,16252864,16248768
2026-05-13T15:11:58+01:00,server,9450200,2403,260747,930388904,1603,0,14295,0,32911424,29690432,3220992,18184448,16252864,16248768
2026-05-13T15:11:59+01:00,server,9452631,2403,260762,930391372,1603,0,14295,0,32911424,29689920,3221504,18183872,16252864,16248768
2026-05-13T15:12:00+01:00,server,9455000,2403,260781,930393881,1603,0,14295,0,32911424,29685504,3225920,18179456,16252864,16248768
2026-05-13T15:12:01+01:00,server,9457455,2403,260788,930396341,1603,0,14295,0,32911424,29682304,3229120,18176256,16252864,16248768
2026-05-13T15:12:02+01:00,server,9459898,2403,260803,930398819,1603,0,14295,0,32911424,29681536,3229888,18175488,16252864,16248768
2026-05-13T15:12:03+01:00,server,9462348,2403,260816,930401281,1603,0,14295,0,32911424,29682112,3229312,18176064,16252864,16248768
2026-05-13T15:12:04+01:00,server,9464772,2403,260830,930403748,1603,0,14298,0,32911424,29680384,3231040,18174336,16252864,16248768
2026-05-13T15:12:05+01:00,server,9467235,2403,260840,930406215,1604,0,14298,0,32911424,29680384,3231040,18174336,16252864,16248768
2026-05-13T15:12:07+01:00,server,9469662,2403,260845,930408690,1604,0,14298,0,32911424,29681728,3229696,18175680,16252864,16248768
2026-05-13T15:12:08+01:00,server,9472135,2403,260860,930411151,1604,0,14298,0,32911424,29681728,3229696,18175680,16252864,16248768
2026-05-13T15:12:09+01:00,server,9474542,2403,260870,930413681,1604,0,14298,0,32911424,29679232,3232192,18173184,16252864,16248768
2026-05-13T15:12:10+01:00,server,9477020,2403,260878,930416134,1604,0,14298,0,32911424,29679040,3232384,18172992,16252864,16248768
2026-05-13T15:12:11+01:00,server,9479453,2403,260886,930418587,1604,0,14299,0,32911424,29679488,3231936,18173376,16252864,16248768
2026-05-13T15:12:12+01:00,server,9481926,2403,260901,930421039,1604,0,14300,0,32911424,29680256,3231168,18174144,16252864,16248768
2026-05-13T15:12:13+01:00,server,9484351,2403,260915,930423506,1604,0,14300,0,32911424,29681600,3229824,18175488,16252864,16248768
2026-05-13T15:12:14+01:00,server,9486821,2403,260931,930425967,1604,0,14300,0,32911424,29681024,3230400,18174912,16252864,16248768
2026-05-13T15:12:15+01:00,server,9489289,2403,260947,930428406,1604,0,14301,0,32911424,29679744,3231680,18173568,16252864,16248768
2026-05-13T15:12:16+01:00,server,9491762,2406,260963,930430866,1604,0,14301,0,32911424,29678656,3232768,18172480,16252864,16248768
2026-05-13T15:12:17+01:00,server,9494189,2406,260976,930433328,1604,0,14301,0,32911424,29678912,3232512,18172672,16252864,16248768
2026-05-13T15:12:18+01:00,server,9496665,2406,260986,930435795,1604,0,14301,0,32911424,29679104,3232320,18172864,16252864,16248768
2026-05-13T15:12:19+01:00,server,9499136,2406,260991,930438264,1604,0,14302,0,32911424,29679872,3231552,18173632,16252864,16248768
2026-05-13T15:12:20+01:00,server,9501609,2406,261000,930440732,1604,0,14302,0,32911424,29679360,3232064,18173120,16252864,16248768
2026-05-13T15:12:21+01:00,server,9503970,2406,261026,930443192,1604,0,14302,0,32911424,29680192,3231232,18173952,16252864,16248768
2026-05-13T15:12:22+01:00,server,9506444,2406,261036,930445655,1604,0,14302,0,32911424,29680960,3230464,18174720,16252864,16248768
2026-05-13T15:12:23+01:00,server,9508918,2406,261048,930448124,1604,0,14302,0,32911424,29678848,3232576,18172608,16252864,16248768
2026-05-13T15:12:24+01:00,server,9511394,2406,261060,930450586,1604,0,14302,0,32911424,29681792,3229632,18175552,16252864,16248768
2026-05-13T15:12:25+01:00,server,9513842,2406,261074,930453051,1604,0,14302,0,32911424,29680192,3231232,18173952,16252864,16248768
2026-05-13T15:12:26+01:00,server,9516295,2406,261078,930455510,1604,0,14303,0,32911424,29680896,3230528,18174592,16252864,16248768
2026-05-13T15:12:27+01:00,server,9518745,2406,261093,930457972,1604,0,14303,0,32911424,29682624,3228800,18176320,16252864,16248768
2026-05-13T15:12:28+01:00,server,9521193,2406,261102,930460436,1604,0,14305,0,32911424,29684160,3227264,18177856,16252864,16248768
2026-05-13T15:12:29+01:00,server,9523646,2406,261113,930462898,1604,0,14306,0,32911424,29682240,3229184,18175936,16252864,16248768
2026-05-13T15:12:30+01:00,server,9526147,2406,261141,930465338,1604,0,14306,0,32911424,29679296,3232128,18172992,16252864,16248768
2026-05-13T15:12:31+01:00,server,9528639,2406,261177,930467744,1604,0,14306,0,32911424,29667968,3243456,18161664,16252864,16248768
2026-05-13T15:12:32+01:00,server,9531158,2406,261190,930470111,1604,0,14306,0,32911424,29668608,3242816,18162240,16252864,16248768
2026-05-13T15:12:33+01:00,server,9533573,2406,261213,930472603,1604,0,14307,0,32911424,29674304,3237120,18167872,16252864,16248768
2026-05-13T15:12:34+01:00,server,9536044,2406,261224,930475055,1604,0,14308,0,32911424,29675072,3236352,18168640,16252864,16248768
2026-05-13T15:12:35+01:00,server,9538493,2406,261234,930477509,1604,0,14308,0,32911424,29674880,3236544,18168448,16252864,16248768
2026-05-13T15:12:36+01:00,server,9540927,2406,261246,930479967,1604,0,14308,0,32911424,29677184,3234240,18170752,16252864,16248768
2026-05-13T15:12:37+01:00,server,9543331,2406,261255,930482433,1604,0,14309,0,32911424,29675264,3236160,18168832,16252864,16248768
2026-05-13T15:12:38+01:00,server,9545805,2406,261268,930484894,1604,0,14310,0,32911424,29679680,3231744,18173248,16252864,16248768
2026-05-13T15:12:39+01:00,server,9548278,2406,261282,930487358,1604,0,14312,0,32911424,29676096,3235328,18169664,16252864,16248768
2026-05-13T15:12:40+01:00,server,9550713,2406,261304,930489820,1604,0,14314,0,32911424,29672832,3238592,18166400,16252864,16248768
2026-05-13T15:12:41+01:00,server,9553163,2406,261315,930492285,1604,0,14314,0,32911424,29676096,3235328,18169664,16252864,16248768
2026-05-13T15:12:42+01:00,server,9555636,2406,261328,930494749,1604,0,14314,0,32911424,29676928,3234496,18170496,16252864,16248768
2026-05-13T15:12:43+01:00,server,9558127,2406,261340,930497209,1604,0,14314,0,32911424,29676608,3234816,18170176,16252864,16248768
2026-05-13T15:12:45+01:00,server,9560580,2406,261349,930499668,1604,0,14314,0,32911424,29679104,3232320,18172672,16252864,16248768
2026-05-13T15:12:46+01:00,server,9562926,2406,261366,930502125,1604,0,14314,0,32911424,29678336,3233088,18171904,16252864,16248768
2026-05-13T15:12:47+01:00,server,9565371,2406,261383,930504590,1604,0,14314,0,32911424,29678080,3233344,18171648,16252864,16248768
2026-05-13T15:12:48+01:00,server,9567843,2406,261395,930507052,1604,0,14314,0,32911424,29677568,3233856,18171136,16252864,16248768
2026-05-13T15:12:49+01:00,server,9570291,2406,261411,930509519,1604,0,14314,0,32911424,29677568,3233856,18171136,16252864,16248768
2026-05-13T15:12:50+01:00,server,9572739,2406,261424,930511982,1604,0,14315,0,32911424,29677952,3233472,18171520,16252864,16248768
2026-05-13T15:12:51+01:00,server,9575189,2406,261434,930514444,1604,0,14317,0,32911424,29678400,3233024,18171968,16252864,16248768
2026-05-13T15:12:52+01:00,server,9577620,2406,261459,930516907,1604,0,14317,0,32911424,29679744,3231680,18173312,16252864,16248768
2026-05-13T15:12:53+01:00,server,9580068,2406,261476,930519369,1604,0,14317,0,32911424,29677312,3234112,18170816,16252864,16248768
2026-05-13T15:12:54+01:00,server,9582494,2406,261489,930521830,1604,0,14317,0,32911424,29679872,3231552,18173376,16252864,16248768
2026-05-13T15:12:55+01:00,server,9584932,2406,261503,930524294,1604,0,14317,0,32911424,29674880,3236544,18168384,16252864,16248768
2026-05-13T15:12:56+01:00,server,9587384,2406,261524,930526756,1604,0,14317,0,32911424,29673728,3237696,18167232,16252864,16248768
2026-05-13T15:12:57+01:00,server,9589810,2406,261533,930529220,1604,0,14318,0,32911424,29674304,3237120,18167808,16252864,16248768
2026-05-13T15:12:58+01:00,server,9592212,2406,261536,930531755,1604,0,14319,0,32911424,29675264,3236160,18168768,16252864,16248768
2026-05-13T15:12:59+01:00,server,9594685,2406,261547,930534208,1604,0,14319,0,32911424,29672832,3238592,18166336,16252864,16248768
2026-05-13T15:13:00+01:00,server,9597161,2406,261568,930536643,1604,0,14319,0,32911424,29672256,3239168,18165760,16252864,16248768
2026-05-13T15:13:01+01:00,server,9599588,2406,261579,930539107,1604,0,14320,0,32911424,29672448,3238976,18165952,16252864,16248768
2026-05-13T15:13:02+01:00,server,9602054,2406,261598,930541571,1604,0,14321,0,32911424,29672512,3238912,18166016,16252864,16248768
2026-05-13T15:13:03+01:00,server,9604504,2406,261611,930544033,1604,0,14321,0,32911424,29674240,3237184,18167168,16252864,16248768
2026-05-13T15:13:04+01:00,server,9606928,2406,261626,930546498,1604,0,14321,0,32911424,29673472,3237952,18166400,16252864,16248768
2026-05-13T15:13:05+01:00,server,9609403,2406,261635,930548960,1604,0,14322,0,32911424,29673472,3237952,18166400,16252864,16248768
2026-05-13T15:13:06+01:00,server,9611854,2406,261647,930551429,1604,0,14323,0,32911424,29672640,3238784,18165504,16252864,16248768
2026-05-13T15:13:07+01:00,server,9614330,2406,261658,930553889,1604,0,14323,0,32911424,29673216,3238208,18166080,16252864,16248768
2026-05-13T15:13:08+01:00,server,9616780,2406,261666,930556352,1604,0,14323,0,32911424,29672256,3239168,18165120,16252864,16248768
2026-05-13T15:13:09+01:00,server,9619254,2406,261679,930558819,1604,0,14324,0,32911424,29672896,3238528,18165696,16252864,16248768
2026-05-13T15:13:10+01:00,server,9621636,2406,261704,930561288,1604,0,14324,0,32911424,29671552,3239872,18164352,16252864,16248768
2026-05-13T15:13:11+01:00,server,9623971,2406,261713,930563758,1604,0,14324,0,32911424,29671552,3239872,18164352,16252864,16248768
2026-05-13T15:13:12+01:00,server,9626423,2406,261723,930566218,1604,0,14324,0,32911424,29668992,3242432,18161600,16252864,16248768
2026-05-13T15:13:13+01:00,server,9628896,2406,261738,930568685,1604,0,14325,0,32911424,29672896,3238528,18165440,16252864,16248768
2026-05-13T15:13:14+01:00,server,9631370,2406,261750,930571147,1604,0,14325,0,32911424,29670784,3240640,18163328,16252864,16248768
2026-05-13T15:13:15+01:00,server,9633844,2406,261765,930573584,1604,0,14326,0,32911424,29672512,3238912,18165056,16252864,16248768
2026-05-13T15:13:16+01:00,server,9636276,2406,261782,930576048,1604,0,14326,0,32911424,29675456,3235968,18167936,16252864,16248768
2026-05-13T15:13:17+01:00,server,9638749,2406,261793,930578508,1604,0,14327,0,32911424,29674240,3237184,18166720,16252864,16248768
2026-05-13T15:13:18+01:00,server,9641204,2406,261801,930580971,1604,0,14328,0,32911424,29671360,3240064,18163840,16252864,16248768
2026-05-13T15:13:19+01:00,server,9643679,2406,261814,930583438,1604,0,14330,0,32911424,29672704,3238720,18165184,16252864,16248768
2026-05-13T15:13:20+01:00,server,9646124,2406,261829,930585901,1604,0,14332,0,32911424,29666304,3245120,18158784,16252864,16248768
2026-05-13T15:13:21+01:00,server,9648525,2406,261840,930588432,1604,0,14332,0,32911424,29668672,3242752,18161088,16252864,16248768
2026-05-13T15:13:23+01:00,server,9651000,2406,261846,930590890,1604,0,14333,0,32911424,29672512,3238912,18164928,16252864,16248768
2026-05-13T15:13:24+01:00,server,9653451,2406,261854,930593356,1604,0,14333,0,32911424,29673024,3238400,18165504,16252864,16248768
2026-05-13T15:13:25+01:00,server,9655926,2406,261867,930595831,1604,0,14333,0,32911424,29673664,3237760,18166080,16252864,16248768
2026-05-13T15:13:26+01:00,server,9658366,2406,261886,930598293,1604,0,14333,0,32911424,29671744,3239680,18164160,16252864,16248768
2026-05-13T15:13:27+01:00,server,9660817,2406,261895,930600759,1604,0,14334,0,32911424,29671552,3239872,18163968,16252864,16248768
2026-05-13T15:13:28+01:00,server,9663268,2406,261902,930603222,1604,0,14336,0,32911424,29672512,3238912,18164928,16252864,16248768
2026-05-13T15:13:29+01:00,server,9665739,2406,261916,930605688,1604,0,14336,0,32911424,29672128,3239296,18164544,16252864,16248768
2026-05-13T15:13:30+01:00,server,9668213,2406,261934,930608128,1604,0,14336,0,32911424,29673664,3237760,18166080,16252864,16248768
2026-05-13T15:13:31+01:00,server,9670687,2406,261945,930610593,1604,0,14336,0,32911424,29673536,3237888,18165888,16252864,16248768
2026-05-13T15:13:32+01:00,server,9673113,2406,261959,930613054,1604,0,14336,0,32911424,29670464,3240960,18162816,16252864,16248768
2026-05-13T15:13:33+01:00,server,9675494,2406,261976,930615517,1604,0,14337,0,32911424,29672384,3239040,18164736,16252864,16248768
2026-05-13T15:13:34+01:00,server,9677971,2406,261985,930617986,1604,0,14338,0,32911424,29669312,3242112,18161664,16252864,16248768
2026-05-13T15:13:35+01:00,server,9680433,2406,262000,930620450,1604,0,14339,0,32911424,29667584,3243840,18159936,16252864,16248768
2026-05-13T15:13:36+01:00,server,9682840,2406,262006,930622924,1604,0,14340,0,32911424,29668224,3243200,18160512,16252864,16248768
2026-05-13T15:13:37+01:00,server,9685292,2406,262011,930625394,1604,0,14340,0,32911424,29670912,3240512,18163200,16252864,16248768
2026-05-13T15:13:38+01:00,server,9687768,2406,262018,930627864,1604,0,14341,0,32911424,29670912,3240512,18163200,16252864,16248768
2026-05-13T15:13:39+01:00,server,9690221,2406,262025,930630332,1604,0,14341,0,32911424,29672960,3238464,18165248,16252864,16248768
2026-05-13T15:13:40+01:00,server,9692695,2406,262034,930632794,1604,0,14341,0,32911424,29673536,3237888,18165824,16252864,16248768
2026-05-13T15:13:41+01:00,server,9695146,2406,262044,930635257,1604,0,14341,0,32911424,29673728,3237696,18166016,16252864,16248768
2026-05-13T15:13:42+01:00,server,9697597,2406,262061,930637719,1604,0,14341,0,32911424,29671808,3239616,18164096,16252864,16248768
2026-05-13T15:13:43+01:00,server,9700048,2406,262078,930640188,1604,0,14341,0,32911424,29673344,3238080,18165632,16252864,16248768
2026-05-13T15:13:44+01:00,server,9702523,2406,262087,930642657,1604,0,14342,0,32911424,29674816,3236608,18167168,16252864,16248768
2026-05-13T15:13:45+01:00,server,9704913,2406,262099,930645159,1604,0,14343,0,32911424,29676736,3234688,18169088,16252864,16248768
2026-05-13T15:13:46+01:00,server,9707386,2406,262110,930647611,1604,0,14344,0,32911424,29677696,3233728,18170048,16252864,16248768
2026-05-13T15:13:47+01:00,server,9709840,2406,262125,930650070,1604,0,14345,0,32911424,29678656,3232768,18171008,16252864,16248768
2026-05-13T15:13:48+01:00,server,9712292,2406,262134,930652544,1604,0,14345,0,32911424,29675968,3235456,18168320,16252864,16248768
2026-05-13T15:13:49+01:00,server,9714765,2406,262139,930655017,1604,0,14345,0,32911424,29673920,3237504,18166208,16252864,16248768
2026-05-13T15:13:50+01:00,server,9717237,2406,262152,930657488,1604,0,14345,0,32911424,29672704,3238720,18164992,16252864,16248768
2026-05-13T15:13:51+01:00,server,9719667,2406,262159,930659951,1604,0,14345,0,32911424,29673088,3238336,18165376,16252864,16248768
2026-05-13T15:13:52+01:00,server,9722139,2406,262171,930662420,1604,0,14345,0,32911424,29674624,3236800,18166912,16252864,16248768
2026-05-13T15:13:53+01:00,server,9724588,2406,262184,930664882,1604,0,14346,0,32911424,29673344,3238080,18165568,16252864,16248768
2026-05-13T15:13:54+01:00,server,9727061,2406,262196,930667346,1604,0,14348,0,32911424,29675456,3235968,18167680,16252864,16248768
2026-05-13T15:13:55+01:00,server,9729510,2406,262209,930669816,1604,0,14348,0,32911424,29670016,3241408,18162240,16252864,16248768
2026-05-13T15:13:56+01:00,server,9731905,2406,262227,930672280,1604,0,14348,0,32911424,29673856,3237568,18166080,16252864,16248768
2026-05-13T15:13:57+01:00,server,9734354,2406,262242,930674745,1604,0,14348,0,32911424,29675968,3235456,18168192,16252864,16248768
2026-05-13T15:13:59+01:00,server,9736827,2406,262252,930677208,1604,0,14349,0,32911424,29672512,3238912,18164736,16252864,16248768
2026-05-13T15:14:00+01:00,server,9739260,2406,262270,930679651,1604,0,14350,0,32911424,29674432,3236992,18166656,16252864,16248768
2026-05-13T15:14:01+01:00,server,9741688,2406,262291,930682116,1604,0,14350,0,32911424,29671808,3239616,18163968,16252864,16248768
2026-05-13T15:14:02+01:00,server,9744161,2406,262299,930684595,1604,0,14351,0,32911424,29670464,3240960,18162624,16252864,16248768
2026-05-13T15:14:03+01:00,server,9746632,2406,262308,930687073,1604,0,14351,0,32911424,29672384,3239040,18164544,16252864,16248768
2026-05-13T15:14:04+01:00,server,9749085,2406,262317,930689538,1604,0,14351,0,32911424,29670656,3240768,18162816,16252864,16248768
2026-05-13T15:14:05+01:00,server,9751535,2406,262334,930692005,1604,0,14352,0,32911424,29668992,3242432,18161152,16252864,16248768
2026-05-13T15:14:06+01:00,server,9754009,2406,262345,930694468,1604,0,14352,0,32911424,29669568,3241856,18161728,16252864,16248768
2026-05-13T15:14:07+01:00,server,9756457,2406,262360,930696933,1604,0,14352,0,32911424,29668800,3242624,18160960,16252864,16248768
2026-05-13T15:14:08+01:00,server,9758909,2406,262374,930699412,1604,0,14352,0,32911424,29668608,3242816,18160768,16252864,16248768
2026-05-13T15:14:09+01:00,server,9761314,2406,262387,930701946,1604,0,14352,0,32911424,29669184,3242240,18161344,16252864,16248768
2026-05-13T15:14:10+01:00,server,9763791,2406,262394,930704410,1604,0,14352,0,32911424,29671296,3240128,18163456,16252864,16248768
2026-05-13T15:14:11+01:00,server,9766174,2406,262406,930706878,1604,0,14352,0,32911424,29668416,3243008,18160576,16252864,16248768
2026-05-13T15:14:12+01:00,server,9768647,2406,262418,930709342,1604,0,14353,0,32911424,29668032,3243392,18160192,16252864,16248768
2026-05-13T15:14:13+01:00,server,9771118,2406,262432,930711811,1604,0,14353,0,32911424,29674176,3237248,18166336,16252864,16248768
2026-05-13T15:14:14+01:00,server,9773568,2406,262440,930714277,1604,0,14354,0,32911424,29671680,3239744,18163840,16252864,16248768
2026-05-13T15:14:15+01:00,server,9776053,2406,262456,930716726,1604,0,14355,0,32911424,29669952,3241472,18162112,16252864,16248768
2026-05-13T15:14:16+01:00,server,9778500,2406,262470,930719195,1604,0,14355,0,32911424,29668992,3242432,18161152,16252864,16248768
2026-05-13T15:14:17+01:00,server,9780954,2406,262479,930721654,1604,0,14355,0,32911424,29667264,3244160,18159360,16252864,16248768
2026-05-13T15:14:18+01:00,server,9783382,2406,262491,930724117,1604,0,14356,0,32911424,29667648,3243776,18159744,16252864,16248768
2026-05-13T15:14:19+01:00,server,9785859,2406,262505,930726577,1604,0,14356,0,32911424,29668416,3243008,18160512,16252864,16248768
2026-05-13T15:14:20+01:00,server,9788308,2406,262520,930729037,1604,0,14356,0,32911424,29666880,3244544,18158976,16252864,16248768
2026-05-13T15:14:21+01:00,server,9790734,2406,262534,930731502,1604,0,14356,0,32911424,29669184,3242240,18161280,16252864,16248768
2026-05-13T15:14:22+01:00,server,9793185,2406,262550,930733967,1604,0,14358,0,32911424,29669440,3241984,18161472,16252864,16248768
2026-05-13T15:14:23+01:00,server,9795615,2406,262562,930736428,1604,0,14358,0,32911424,29665984,3245440,18158016,16252864,16248768
2026-05-13T15:14:24+01:00,server,9798057,2406,262585,930738896,1604,0,14358,0,32911424,29668224,3243200,18160256,16252864,16248768
2026-05-13T15:14:25+01:00,server,9800504,2406,262602,930741358,1604,0,14359,0,32911424,29665984,3245440,18158016,16252864,16248768
2026-05-13T15:14:26+01:00,server,9802929,2406,262618,930743828,1604,0,14360,0,32911424,29668096,3243328,18160128,16252864,16248768
2026-05-13T15:14:27+01:00,server,9805396,2406,262631,930746309,1604,0,14360,0,32911424,29665408,3246016,18157440,16252864,16248768
2026-05-13T15:14:28+01:00,server,9807868,2406,262643,930748774,1604,0,14360,0,32911424,29666368,3245056,18158400,16252864,16248768
2026-05-13T15:14:29+01:00,server,9810252,2406,262657,930751307,1604,0,14360,0,32911424,29665216,3246208,18157248,16252864,16248768
2026-05-13T15:14:30+01:00,server,9812720,2406,262681,930753737,1604,0,14360,0,32911424,29668480,3242944,18160512,16252864,16248768
2026-05-13T15:14:31+01:00,server,9815198,2406,262689,930756196,1604,0,14360,0,32911424,29668864,3242560,18160896,16252864,16248768
2026-05-13T15:14:32+01:00,server,9817672,2406,262701,930758655,1604,0,14361,0,32911424,29667520,3243904,18159552,16252864,16248768
2026-05-13T15:14:33+01:00,server,9820121,2406,262714,930761113,1604,0,14361,0,32911424,29667840,3243584,18159872,16252864,16248768
2026-05-13T15:14:35+01:00,server,9822585,2406,262730,930763564,1604,0,14361,0,32911424,29669568,3241856,18161600,16252864,16248768
2026-05-13T15:14:36+01:00,server,9825049,2406,262746,930766023,1604,0,14362,0,32911424,29668544,3242880,18160576,16252864,16248768
2026-05-13T15:14:37+01:00,server,9827523,2406,262758,930768482,1604,0,14363,0,32911424,29667200,3244224,18159232,16252864,16248768
2026-05-13T15:14:38+01:00,server,9829973,2406,262769,930770942,1604,0,14363,0,32911424,29664960,3246464,18156992,16252864,16248768
2026-05-13T15:14:39+01:00,server,9832437,2406,262793,930773413,1604,0,14363,0,32911424,29671104,3240320,18163136,16252864,16248768
2026-05-13T15:14:40+01:00,server,9834911,2406,262801,930775886,1604,0,14363,0,32911424,29669952,3241472,18161984,16252864,16248768
2026-05-13T15:14:41+01:00,server,9837385,2406,262806,930778358,1604,0,14363,0,32911424,29670528,3240896,18162560,16252864,16248768
2026-05-13T15:14:42+01:00,server,9839862,2406,262818,930780823,1604,0,14363,0,32911424,29669376,3242048,18161408,16252864,16248768
2026-05-13T15:14:43+01:00,server,9842338,2406,262831,930783293,1604,0,14363,0,32911424,29669632,3241792,18161664,16252864,16248768
2026-05-13T15:14:44+01:00,server,9844816,2406,262846,930785747,1604,0,14363,0,32911424,29668288,3243136,18160320,16252864,16248768
2026-05-13T15:14:45+01:00,server,9847263,2406,262864,930788184,1604,0,14363,0,32911424,29668416,3243008,18160384,16252864,16248768
2026-05-13T15:14:46+01:00,server,9849713,2406,262877,930790641,1604,0,14364,0,32911424,29669184,3242240,18161152,16252864,16248768
2026-05-13T15:14:47+01:00,server,9852165,2406,262892,930793101,1604,0,14364,0,32911424,29665920,3245504,18157888,16252864,16248768
2026-05-13T15:14:48+01:00,server,9854617,2406,262905,930795567,1604,0,14365,0,32911424,29668736,3242688,18160704,16252864,16248768
2026-05-13T15:14:49+01:00,server,9857090,2406,262923,930798024,1604,0,14365,0,32911424,29666688,3244736,18158656,16252864,16248768
2026-05-13T15:14:50+01:00,server,9859544,2406,262937,930800489,1604,0,14365,0,32911424,29666688,3244736,18158656,16252864,16248768
2026-05-13T15:14:51+01:00,server,9861975,2406,262947,930802951,1604,0,14366,0,32911424,29665344,3246080,18157312,16252864,16248768
2026-05-13T15:14:52+01:00,server,9864450,2406,262956,930805416,1604,0,14367,0,32911424,29665728,3245696,18157696,16252864,16248768
2026-05-13T15:14:53+01:00,server,9866922,2406,262960,930807891,1604,0,14367,0,32911424,29667264,3244160,18159232,16252864,16248768
2026-05-13T15:14:54+01:00,server,9869350,2406,262971,930810359,1604,0,14368,0,32911424,29668032,3243392,18160000,16252864,16248768
2026-05-13T15:14:55+01:00,server,9871800,2406,262984,930812821,1604,0,14368,0,32911424,29666560,3244864,18158528,16252864,16248768
2026-05-13T15:14:56+01:00,server,9874277,2406,262995,930815290,1604,0,14368,0,32911424,29665408,3246016,18157376,16252864,16248768
2026-05-13T15:14:57+01:00,server,9876679,2406,263010,930817755,1604,0,14368,0,32911424,29667712,3243712,18159680,16252864,16248768
2026-05-13T15:14:58+01:00,server,9879106,2406,263025,930820227,1605,0,14368,0,32911424,29665984,3245440,18157952,16252864,16248768
2026-05-13T15:14:59+01:00,server,9881511,2406,263040,930822777,1605,0,14369,0,32911424,29667712,3243712,18159680,16252864,16248768
2026-05-13T15:15:00+01:00,server,9883995,2406,263052,930825213,1605,0,14369,0,32911424,29666176,3245248,18158144,16252864,16248768
2026-05-13T15:15:01+01:00,server,9886471,2406,263068,930827672,1605,0,14369,0,32911424,29667392,3244032,18159296,16252864,16248768
2026-05-13T15:15:02+01:00,server,9888941,2406,263080,930830139,1605,0,14369,0,32911424,29657984,3253440,18149888,16252864,16248768
2026-05-13T15:15:03+01:00,server,9891414,2406,263094,930832601,1605,0,14369,0,32911424,29658176,3253248,18150080,16252864,16248768
2026-05-13T15:15:04+01:00,server,9893815,2406,263110,930835065,1605,0,14369,0,32911424,29653568,3257856,18145472,16252864,16248768
2026-05-13T15:15:05+01:00,server,9896288,2406,263117,930837535,1605,0,14369,0,32911424,29655680,3255744,18147584,16252864,16248768
2026-05-13T15:15:06+01:00,server,9898740,2406,263126,930840000,1605,0,14369,0,32911424,29660288,3251136,18152192,16252864,16248768
2026-05-13T15:15:07+01:00,server,9901215,2406,263140,930842469,1605,0,14369,0,32911424,29659904,3251520,18151808,16252864,16248768
2026-05-13T15:15:08+01:00,server,9903670,2406,263151,930844930,1605,0,14369,0,32911424,29660544,3250880,18152384,16252864,16248768
2026-05-13T15:15:09+01:00,server,9906122,2406,263160,930847397,1605,0,14370,0,32911424,29662656,3248768,18154496,16252864,16248768
2026-05-13T15:15:11+01:00,server,9908595,2406,263176,930849856,1605,0,14370,0,32911424,29666432,3244992,18158272,16252864,16248768
2026-05-13T15:15:12+01:00,server,9911047,2406,263189,930852318,1605,0,14370,0,32911424,29665216,3246208,18156992,16252864,16248768
2026-05-13T15:15:13+01:00,server,9913499,2406,263202,930854781,1605,0,14370,0,32911424,29665600,3245824,18157376,16252864,16248768
2026-05-13T15:15:14+01:00,server,9915951,2406,263214,930857242,1605,0,14370,0,32911424,29664640,3246784,18156416,16252864,16248768
2026-05-13T15:15:15+01:00,server,9918433,2406,263238,930859681,1605,0,14370,0,32911424,29668672,3242752,18160448,16252864,16248768
2026-05-13T15:15:16+01:00,server,9920888,2406,263249,930862144,1605,0,14370,0,32911424,29667328,3244096,18159104,16252864,16248768
2026-05-13T15:15:17+01:00,server,9923339,2406,263259,930864607,1605,0,14370,0,32911424,29668544,3242880,18160256,16252864,16248768
2026-05-13T15:15:18+01:00,server,9925764,2406,263270,930867073,1605,0,14370,0,32911424,29667840,3243584,18159552,16252864,16248768
2026-05-13T15:15:19+01:00,server,9928240,2406,263276,930869550,1605,0,14370,0,32911424,29668416,3243008,18160128,16252864,16248768
2026-05-13T15:15:20+01:00,server,9930625,2406,263284,930872082,1605,0,14371,0,32911424,29667840,3243584,18159552,16252864,16248768
2026-05-13T15:15:21+01:00,server,9933100,2406,263293,930874537,1605,0,14373,0,32911424,29665344,3246080,18157056,16252864,16248768
2026-05-13T15:15:22+01:00,server,9935553,2406,263302,930876996,1605,0,14374,0,32911424,29666496,3244928,18158208,16252864,16248768
2026-05-13T15:15:23+01:00,server,9938005,2406,263312,930879456,1605,0,14374,0,32911424,29667200,3244224,18158912,16252864,16248768
2026-05-13T15:15:24+01:00,server,9940460,2406,263320,930881915,1605,0,14374,0,32911424,29667584,3243840,18159296,16252864,16248768
2026-05-13T15:15:25+01:00,server,9942889,2406,263330,930884374,1605,0,14374,0,32911424,29669120,3242304,18160832,16252864,16248768
2026-05-13T15:15:26+01:00,server,9945336,2406,263341,930886826,1605,0,14375,0,32911424,29667392,3244032,18159104,16252864,16248768
2026-05-13T15:15:27+01:00,server,9947799,2406,263351,930889283,1605,0,14375,0,32911424,29669120,3242304,18160832,16252864,16248768
2026-05-13T15:15:28+01:00,server,9950224,2406,263361,930891739,1605,0,14375,0,32911424,29668928,3242496,18160640,16252864,16248768
2026-05-13T15:15:29+01:00,server,9952675,2406,263374,930894211,1605,0,14375,0,32911424,29670080,3241344,18161792,16252864,16248768
2026-05-13T15:15:30+01:00,server,9955167,2406,263393,930896644,1605,0,14375,0,32911424,29672384,3239040,18164096,16252864,16248768
2026-05-13T15:15:31+01:00,server,9957617,2406,263398,930899112,1605,0,14375,0,32911424,29671232,3240192,18162944,16252864,16248768
2026-05-13T15:15:32+01:00,server,9960089,2406,263408,930901586,1605,0,14376,0,32911424,29669696,3241728,18161408,16252864,16248768
2026-05-13T15:15:33+01:00,server,9962502,2406,263426,930904046,1605,0,14377,0,32911424,29671040,3240384,18162752,16252864,16248768
2026-05-13T15:15:34+01:00,server,9964972,2406,263443,930906509,1605,0,14377,0,32911424,29669952,3241472,18161664,16252864,16248768
2026-05-13T15:15:35+01:00,server,9967422,2406,263455,930908968,1605,0,14377,0,32911424,29670720,3240704,18162432,16252864,16248768
2026-05-13T15:15:36+01:00,server,9969870,2406,263473,930911428,1605,0,14378,0,32911424,29674176,3237248,18165888,16252864,16248768
2026-05-13T15:15:37+01:00,server,9972344,2406,263484,930913895,1605,0,14379,0,32911424,29673088,3238336,18164736,16252864,16248768
2026-05-13T15:15:38+01:00,server,9974772,2406,263498,930916356,1605,0,14379,0,32911424,29670976,3240448,18162624,16252864,16248768
2026-05-13T15:15:39+01:00,server,9977222,2406,263512,930918824,1605,0,14379,0,32911424,29672896,3238528,18164544,16252864,16248768
2026-05-13T15:15:40+01:00,server,9979673,2406,263525,930921285,1605,0,14379,0,32911424,29669632,3241792,18161280,16252864,16248768
2026-05-13T15:15:41+01:00,server,9982124,2406,263534,930923753,1605,0,14379,0,32911424,29666752,3244672,18158400,16252864,16248768
2026-05-13T15:15:42+01:00,server,9984576,2406,263545,930926217,1605,0,14379,0,32911424,29671424,3240000,18163072,16252864,16248768
2026-05-13T15:15:43+01:00,server,9987003,2406,263555,930928681,1605,0,14379,0,32911424,29668160,3243264,18159808,16252864,16248768
2026-05-13T15:15:44+01:00,server,9989476,2406,263559,930931154,1605,0,14380,0,32911424,29666432,3244992,18158080,16252864,16248768
2026-05-13T15:15:45+01:00,server,9991954,2406,263578,930933593,1605,0,14380,0,32911424,29668160,3243264,18159808,16252864,16248768
2026-05-13T15:15:46+01:00,server,9994428,2406,263591,930936054,1605,0,14381,0,32911424,29670656,3240768,18162304,16252864,16248768
2026-05-13T15:15:47+01:00,server,9996854,2406,263602,930938516,1605,0,14382,0,32911424,29671616,3239808,18163264,16252864,16248768
2026-05-13T15:15:49+01:00,server,9999237,2406,263618,930941022,1605,0,14382,0,32911424,29671232,3240192,18162880,16252864,16248768
2026-05-13T15:15:50+01:00,server,10001666,2406,263627,930943526,1605,0,14383,0,32911424,29665664,3245760,18157312,16252864,16248768
2026-05-13T15:15:51+01:00,server,10004113,2406,263641,930945986,1605,0,14383,0,32911424,29667968,3243456,18159616,16252864,16248768
2026-05-13T15:15:52+01:00,server,10006586,2406,263658,930948445,1605,0,14383,0,32911424,29666624,3244800,18158272,16252864,16248768
2026-05-13T15:15:53+01:00,server,10009037,2406,263669,930950912,1605,0,14383,0,32911424,29666048,3245376,18157696,16252864,16248768
2026-05-13T15:15:54+01:00,server,10011462,2406,263686,930953372,1605,0,14383,0,32911424,29666432,3244992,18158080,16252864,16248768
2026-05-13T15:15:55+01:00,server,10013915,2406,263697,930955834,1605,0,14383,0,32911424,29666432,3244992,18158080,16252864,16248768
2026-05-13T15:15:56+01:00,server,10016387,2406,263709,930958301,1605,0,14383,0,32911424,29666816,3244608,18158464,16252864,16248768
2026-05-13T15:15:57+01:00,server,10018859,2406,263718,930960775,1605,0,14383,0,32911424,29666432,3244992,18158080,16252864,16248768
2026-05-13T15:15:58+01:00,server,10021289,2406,263722,930963242,1605,0,14383,0,32911424,29665472,3245952,18157120,16252864,16248768
2026-05-13T15:15:59+01:00,server,10023737,2406,263739,930965712,1605,0,14385,0,32911424,29665664,3245760,18157312,16252864,16248768
2026-05-13T15:16:00+01:00,server,10026235,2406,263757,930968149,1605,0,14387,0,32911424,29667584,3243840,18159232,16252864,16248768
2026-05-13T15:16:01+01:00,server,10028666,2406,263784,930970617,1605,0,14387,0,32911424,29667904,3243520,18159552,16252864,16248768
2026-05-13T15:16:02+01:00,server,10031098,2406,263798,930973084,1605,0,14387,0,32911424,29668096,3243328,18159744,16252864,16248768
2026-05-13T15:16:03+01:00,server,10033550,2406,263812,930975548,1605,0,14387,0,32911424,29667712,3243712,18159360,16252864,16248768
2026-05-13T15:16:04+01:00,server,10035999,2406,263822,930978011,1605,0,14388,0,32911424,29665280,3246144,18156928,16252864,16248768
2026-05-13T15:16:05+01:00,server,10038450,2406,263835,930980474,1605,0,14388,0,32911424,29666624,3244800,18158272,16252864,16248768
2026-05-13T15:16:06+01:00,server,10040925,2406,263847,930982941,1605,0,14388,0,32911424,29664896,3246528,18156544,16252864,16248768
2026-05-13T15:16:07+01:00,server,10043375,2406,263881,930985402,1605,0,14388,0,32911424,29664192,3247232,18155776,16252864,16248768
2026-05-13T15:16:08+01:00,server,10045825,2406,263892,930987864,1605,0,14388,0,32911424,29662656,3248768,18154240,16252864,16248768
2026-05-13T15:16:09+01:00,server,10048278,2406,263901,930990333,1605,0,14388,0,32911424,29662464,3248960,18154048,16252864,16248768
2026-05-13T15:16:10+01:00,server,10050658,2406,263907,930992891,1605,0,14388,0,32911424,29659200,3252224,18150784,16252864,16248768
2026-05-13T15:16:11+01:00,server,10053130,2406,263921,930995353,1605,0,14389,0,32911424,29661504,3249920,18153088,16252864,16248768
2026-05-13T15:16:12+01:00,server,10055605,2406,263931,930997813,1605,0,14390,0,32911424,29660928,3250496,18152512,16252864,16248768
2026-05-13T15:16:13+01:00,server,10058032,2406,263946,931000277,1605,0,14390,0,32911424,29661888,3249536,18153472,16252864,16248768
2026-05-13T15:16:14+01:00,server,10060503,2406,263959,931002740,1605,0,14390,0,32911424,29658624,3252800,18150208,16252864,16248768
2026-05-13T15:16:15+01:00,server,10062957,2406,263980,931005179,1605,0,14390,0,32911424,29662848,3248576,18154432,16252864,16248768
2026-05-13T15:16:16+01:00,server,10065406,2406,263992,931007638,1605,0,14390,0,32911424,29659968,3251456,18151552,16252864,16248768
2026-05-13T15:16:17+01:00,server,10067810,2406,264006,931010099,1605,0,14390,0,32911424,29660736,3250688,18152320,16252864,16248768
2026-05-13T15:16:18+01:00,server,10070260,2406,264020,931012560,1605,0,14390,0,32911424,29661312,3250112,18152896,16252864,16248768
2026-05-13T15:16:19+01:00,server,10072733,2406,264033,931015021,1605,0,14391,0,32911424,29657472,3253952,18149056,16252864,16248768
2026-05-13T15:16:20+01:00,server,10075181,2406,264050,931017488,1605,0,14391,0,32911424,29660736,3250688,18152320,16252864,16248768
2026-05-13T15:16:21+01:00,server,10077632,2406,264063,931019947,1605,0,14391,0,32911424,29658048,3253376,18149632,16252864,16248768
2026-05-13T15:16:22+01:00,server,10080104,2406,264071,931022414,1605,0,14391,0,32911424,29655552,3255872,18147136,16252864,16248768
2026-05-13T15:16:23+01:00,server,10082578,2406,264078,931024882,1605,0,14392,0,32911424,29660736,3250688,18152320,16252864,16248768
2026-05-13T15:16:24+01:00,server,10085007,2406,264090,931027344,1605,0,14392,0,32911424,29661504,3249920,18153088,16252864,16248768
2026-05-13T15:16:25+01:00,server,10087455,2406,264106,931029807,1605,0,14392,0,32911424,29659968,3251456,18151552,16252864,16248768
2026-05-13T15:16:27+01:00,server,10089929,2406,264119,931032271,1605,0,14392,0,32911424,29659776,3251648,18151360,16252864,16248768
2026-05-13T15:16:28+01:00,server,10092357,2406,264132,931034740,1605,0,14392,0,32911424,29659968,3251456,18151552,16252864,16248768
2026-05-13T15:16:29+01:00,server,10094781,2406,264146,931037201,1605,0,14393,0,32911424,29659968,3251456,18151552,16252864,16248768
2026-05-13T15:16:30+01:00,server,10097283,2406,264163,931039635,1605,0,14393,0,32911424,29659200,3252224,18150784,16252864,16248768
2026-05-13T15:16:31+01:00,server,10099736,2406,264176,931042096,1605,0,14393,0,32911424,29660160,3251264,18151744,16252864,16248768
2026-05-13T15:16:32+01:00,server,10102080,2406,264187,931044641,1605,0,14393,0,32911424,29656128,3255296,18147712,16252864,16248768
2026-05-13T15:16:33+01:00,server,10104543,2406,264201,931047102,1605,0,14393,0,32911424,29656896,3254528,18148480,16252864,16248768
2026-05-13T15:16:34+01:00,server,10107016,2406,264213,931049569,1605,0,14393,0,32911424,29653632,3257792,18145216,16252864,16248768
2026-05-13T15:16:35+01:00,server,10109467,2406,264226,931052031,1605,0,14394,0,32911424,29650880,3260544,18142464,16252864,16248768
2026-05-13T15:16:36+01:00,server,10111892,2406,264230,931054501,1605,0,14394,0,32911424,29651264,3260160,18142848,16252864,16248768
2026-05-13T15:16:37+01:00,server,10114367,2406,264243,931056964,1605,0,14394,0,32911424,29652608,3258816,18144192,16252864,16248768
2026-05-13T15:16:38+01:00,server,10116798,2406,264255,931059432,1605,0,14394,0,32911424,29653120,3258304,18144640,16252864,16248768
2026-05-13T15:16:39+01:00,server,10119272,2406,264270,931061894,1605,0,14394,0,32911424,29654080,3257344,18145600,16252864,16248768
2026-05-13T15:16:40+01:00,server,10121722,2406,264282,931064354,1605,0,14394,0,32911424,29654848,3256576,18146368,16252864,16248768
2026-05-13T15:16:41+01:00,server,10124199,2406,264292,931066815,1605,0,14394,0,32911424,29653440,3257984,18144960,16252864,16248768
2026-05-13T15:16:42+01:00,server,10126675,2406,264305,931069274,1605,0,14395,0,32911424,29650752,3260672,18142272,16252864,16248768
2026-05-13T15:16:43+01:00,server,10129130,2406,264315,931071777,1605,0,14395,0,32911424,29653440,3257984,18144960,16252864,16248768
2026-05-13T15:16:44+01:00,server,10131726,2406,264326,931074362,1605,0,14395,0,32911424,29652288,3259136,18143808,16252864,16248768
2026-05-13T15:16:45+01:00,server,10134206,2406,264336,931076805,1605,0,14395,0,32911424,29654592,3256832,18146112,16252864,16248768
2026-05-13T15:16:46+01:00,server,10136660,2406,264346,931079271,1605,0,14396,0,32911424,29658112,3253312,18149440,16252864,16248768
2026-05-13T15:16:47+01:00,server,10139136,2406,264357,931081732,1605,0,14396,0,32911424,29651776,3259648,18143104,16252864,16248768
2026-05-13T15:16:48+01:00,server,10141542,2406,264367,931084192,1605,0,14397,0,32911424,29656192,3255232,18147520,16252864,16248768
2026-05-13T15:16:49+01:00,server,10144008,2406,264381,931086659,1605,0,14398,0,32911424,29653888,3257536,18145216,16252864,16248768
2026-05-13T15:16:50+01:00,server,10146458,2406,264389,931089125,1605,0,14400,0,32911424,29656768,3254656,18148096,16252864,16248768
2026-05-13T15:16:51+01:00,server,10148985,2406,264398,931091654,1605,0,14400,0,32911424,29656064,3255360,18147328,16252864,16248768
2026-05-13T15:16:52+01:00,server,10151344,2406,264413,931094198,1605,0,14400,0,32911424,29654656,3256768,18145856,16252864,16248768
2026-05-13T15:16:53+01:00,server,10153777,2406,264422,931096659,1605,0,14400,0,32911424,29657536,3253888,18148736,16252864,16248768
2026-05-13T15:16:54+01:00,server,10156225,2406,264436,931099122,1605,0,14400,0,32911424,29657920,3253504,18149120,16252864,16248768
2026-05-13T15:16:55+01:00,server,10158675,2406,264450,931101588,1605,0,14400,0,32911424,29656000,3255424,18147200,16252864,16248768
2026-05-13T15:16:56+01:00,server,10161128,2406,264460,931104048,1605,0,14401,0,32911424,29656448,3254976,18147648,16252864,16248768
2026-05-13T15:16:57+01:00,server,10163581,2406,264469,931106509,1605,0,14401,0,32911424,29650304,3261120,18141504,16252864,16248768
2026-05-13T15:16:58+01:00,server,10165996,2406,264495,931108971,1605,0,14401,0,32911424,29656896,3254528,18148032,16252864,16248768
2026-05-13T15:16:59+01:00,server,10168472,2406,264507,931111435,1605,0,14401,0,32911424,29654976,3256448,18146112,16252864,16248768
2026-05-13T15:17:01+01:00,server,10170962,2406,264531,931113872,1605,0,14401,0,32911424,29657280,3254144,18148416,16252864,16248768
2026-05-13T15:17:02+01:00,server,10173397,2406,264546,931116335,1605,0,14402,0,32911424,29655232,3256192,18146368,16252864,16248768
2026-05-13T15:17:03+01:00,server,10175843,2406,264553,931118806,1605,0,14402,0,32911424,29658752,3252672,18149888,16252864,16248768
2026-05-13T15:17:04+01:00,server,10178294,2406,264578,931121275,1605,0,14402,0,32911424,29657216,3254208,18148352,16252864,16248768
2026-05-13T15:17:05+01:00,server,10180700,2406,264592,931123736,1605,0,14402,0,32911424,29656640,3254784,18147776,16252864,16248768
2026-05-13T15:17:06+01:00,server,10183105,2406,264603,931126197,1605,0,14402,0,32911424,29655680,3255744,18146816,16252864,16248768
2026-05-13T15:17:07+01:00,server,10185535,2406,264609,931128658,1605,0,14402,0,32911424,29657088,3254336,18148160,16252864,16248768
2026-05-13T15:17:08+01:00,server,10188008,2406,264625,931131121,1605,0,14402,0,32911424,29657856,3253568,18148928,16252864,16248768
2026-05-13T15:17:09+01:00,server,10190462,2406,264637,931133587,1605,0,14402,0,32911424,29658688,3252736,18149760,16252864,16248768
2026-05-13T15:17:10+01:00,server,10192889,2406,264650,931136046,1605,0,14402,0,32911424,29658880,3252544,18149952,16252864,16248768
2026-05-13T15:17:11+01:00,server,10195366,2406,264660,931138507,1605,0,14402,0,32911424,29655616,3255808,18146688,16252864,16248768
2026-05-13T15:17:12+01:00,server,10197815,2406,264676,931140968,1605,0,14402,0,32911424,29656832,3254592,18147904,16252864,16248768
2026-05-13T15:17:13+01:00,server,10200267,2406,264686,931143444,1605,0,14403,0,32911424,29653952,3257472,18145024,16252864,16248768
2026-05-13T15:17:14+01:00,server,10202655,2406,264703,931145991,1605,0,14403,0,32911424,29653376,3258048,18144448,16252864,16248768
2026-05-13T15:17:15+01:00,server,10205138,2406,264724,931148429,1605,0,14403,0,32911424,29657984,3253440,18149056,16252864,16248768
2026-05-13T15:17:16+01:00,server,10207587,2409,264729,931150895,1605,0,14404,0,32911424,29654144,3257280,18145216,16252864,16248768
2026-05-13T15:17:17+01:00,server,10210060,2409,264743,931153358,1605,0,14404,0,32911424,29655296,3256128,18146368,16252864,16248768
2026-05-13T15:17:18+01:00,server,10212514,2409,264752,931155826,1605,0,14405,0,32911424,29656512,3254912,18147520,16252864,16248768
2026-05-13T15:17:19+01:00,server,10214964,2409,264766,931158288,1605,0,14405,0,32911424,29655360,3256064,18146368,16252864,16248768
2026-05-13T15:17:20+01:00,server,10217388,2409,264783,931160748,1605,0,14405,0,32911424,29655744,3255680,18146752,16252864,16248768
2026-05-13T15:17:21+01:00,server,10219837,2409,264797,931163216,1605,0,14405,0,32911424,29654976,3256448,18145984,16252864,16248768
2026-05-13T15:17:22+01:00,server,10222291,2409,264807,931165677,1605,0,14405,0,32911424,29659200,3252224,18150208,16252864,16248768
2026-05-13T15:17:23+01:00,server,10224742,2409,264821,931168139,1605,0,14405,0,32911424,29656704,3254720,18147712,16252864,16248768
2026-05-13T15:17:24+01:00,server,10227192,2409,264834,931170601,1605,0,14405,0,32911424,29658816,3252608,18149824,16252864,16248768
2026-05-13T15:17:25+01:00,server,10229624,2409,264842,931173067,1605,0,14406,0,32911424,29657088,3254336,18148096,16252864,16248768
2026-05-13T15:17:26+01:00,server,10232101,2409,264849,931175531,1605,0,14406,0,32911424,29655296,3256128,18146368,16252864,16248768
2026-05-13T15:17:27+01:00,server,10234575,2409,264861,931177991,1605,0,14406,0,32911424,29657600,3253824,18148672,16252864,16248768
2026-05-13T15:17:28+01:00,server,10237024,2409,264865,931180459,1605,0,14406,0,32911424,29659520,3251904,18150592,16252864,16248768
2026-05-13T15:17:29+01:00,server,10239473,2409,264877,931182926,1605,0,14406,0,32911424,29657984,3253440,18149056,16252864,16248768
2026-05-13T15:17:30+01:00,server,10242004,2409,264917,931185292,1605,0,14407,0,32911424,29650944,3260480,18142016,16252864,16248768
2026-05-13T15:17:31+01:00,server,10244550,2409,264940,931187651,1605,0,14407,0,32911424,29650240,3261184,18141312,16252864,16248768
2026-05-13T15:17:32+01:00,server,10247026,2409,264951,931190086,1605,0,14409,0,32911424,29652800,3258624,18143872,16252864,16248768
2026-05-13T15:17:33+01:00,server,10249475,2409,264961,931192545,1605,0,14409,0,32911424,29660416,3251008,18151552,16252864,16248768
