warning: no usable GPU found, --gpu-layers option will be ignored
warning: one possible reason is that llama.cpp was compiled without GPU support
warning: consult docs/build.md for compilation instructions
build_info: b0-unknown
system_info: n_threads = 24 (n_threads_batch = 24) / 48 | CPU : NEON = 1 | ARM_FMA = 1 | FP16_VA = 1 | SVE = 1 | SVE_CNT = 64 | OPENMP = 1 | REPACK = 1 | 
init: using 47 threads for HTTP server
start: binding port with default address family
main: loading model
srv    load_model: loading model '/projects/F202500010HPCVLABUMINHO/uminhocp006/aded-project-llamacpp/llamacpp-tq/models/gemma-4-E4B-it-OBLITERATED-Q4_K_M.gguf'
llama_model_loader: loaded meta data with 44 key-value pairs and 720 tensors from /projects/F202500010HPCVLABUMINHO/uminhocp006/aded-project-llamacpp/llamacpp-tq/models/gemma-4-E4B-it-OBLITERATED-Q4_K_M.gguf (version GGUF V3 (latest))
llama_model_loader: Dumping metadata keys/values. Note: KV overrides do not apply in this output.
llama_model_loader: - kv   0:                       general.architecture str              = gemma4
llama_model_loader: - kv   1:                               general.type str              = model
llama_model_loader: - kv   2:                     general.sampling.top_k i32              = 64
llama_model_loader: - kv   3:                     general.sampling.top_p f32              = 0.950000
llama_model_loader: - kv   4:                      general.sampling.temp f32              = 1.000000
llama_model_loader: - kv   5:                               general.name str              = Gemma 4 E4B It OBLITERATED v3.1
llama_model_loader: - kv   6:                            general.version str              = v3.1
llama_model_loader: - kv   7:                           general.basename str              = gemma-4-E4B-it-OBLITERATED
llama_model_loader: - kv   8:                         general.size_label str              = 7.5B
llama_model_loader: - kv   9:                         gemma4.block_count u32              = 42
llama_model_loader: - kv  10:                      gemma4.context_length u32              = 131072
llama_model_loader: - kv  11:                    gemma4.embedding_length u32              = 2560
llama_model_loader: - kv  12:                 gemma4.feed_forward_length u32              = 10240
llama_model_loader: - kv  13:                gemma4.attention.head_count u32              = 8
llama_model_loader: - kv  14:             gemma4.attention.head_count_kv u32              = 2
llama_model_loader: - kv  15:                      gemma4.rope.freq_base f32              = 1000000.000000
llama_model_loader: - kv  16:                  gemma4.rope.freq_base_swa f32              = 10000.000000
llama_model_loader: - kv  17:    gemma4.attention.layer_norm_rms_epsilon f32              = 0.000001
llama_model_loader: - kv  18:                gemma4.attention.key_length u32              = 512
llama_model_loader: - kv  19:              gemma4.attention.value_length u32              = 512
llama_model_loader: - kv  20:             gemma4.final_logit_softcapping f32              = 30.000000
llama_model_loader: - kv  21:            gemma4.attention.sliding_window u32              = 512
llama_model_loader: - kv  22:          gemma4.attention.shared_kv_layers u32              = 18
llama_model_loader: - kv  23:    gemma4.embedding_length_per_layer_input u32              = 256
llama_model_loader: - kv  24:    gemma4.attention.sliding_window_pattern arr[bool,42]     = [true, true, true, true, true, false,...
llama_model_loader: - kv  25:            gemma4.attention.key_length_swa u32              = 256
llama_model_loader: - kv  26:          gemma4.attention.value_length_swa u32              = 256
llama_model_loader: - kv  27:                gemma4.rope.dimension_count u32              = 512
llama_model_loader: - kv  28:            gemma4.rope.dimension_count_swa u32              = 256
llama_model_loader: - kv  29:                       tokenizer.ggml.model str              = gemma4
llama_model_loader: - kv  30:                      tokenizer.ggml.tokens arr[str,262144]  = ["<pad>", "<eos>", "<bos>", "<unk>", ...
llama_model_loader: - kv  31:                      tokenizer.ggml.scores arr[f32,262144]  = [-1000.000000, -1000.000000, -1000.00...
llama_model_loader: - kv  32:                  tokenizer.ggml.token_type arr[i32,262144]  = [3, 3, 3, 3, 3, 1, 1, 1, 1, 1, 1, 1, ...
llama_model_loader: - kv  33:                      tokenizer.ggml.merges arr[str,514906]  = ["\n\n\n\n\n\n\n\n\n\n\n\n\n\n\n\n\n\n\n\n\n\n\n\n\n\n\n\n\n\n \n", ...
llama_model_loader: - kv  34:                tokenizer.ggml.bos_token_id u32              = 2
llama_model_loader: - kv  35:                tokenizer.ggml.eos_token_id u32              = 1
llama_model_loader: - kv  36:            tokenizer.ggml.unknown_token_id u32              = 3
llama_model_loader: - kv  37:            tokenizer.ggml.padding_token_id u32              = 0
llama_model_loader: - kv  38:               tokenizer.ggml.mask_token_id u32              = 4
llama_model_loader: - kv  39:                    tokenizer.chat_template str              = {%- macro format_parameters(propertie...
llama_model_loader: - kv  40:            tokenizer.ggml.add_space_prefix bool             = false
llama_model_loader: - kv  41:               tokenizer.ggml.add_bos_token bool             = true
llama_model_loader: - kv  42:               general.quantization_version u32              = 2
llama_model_loader: - kv  43:                          general.file_type u32              = 15
llama_model_loader: - type  f32:  339 tensors
llama_model_loader: - type  f16:    1 tensors
llama_model_loader: - type q4_K:  336 tensors
llama_model_loader: - type q6_K:   44 tensors
print_info: file format = GGUF V3 (latest)
print_info: file type   = Q4_K - Medium
print_info: file size   = 4.95 GiB (5.66 BPW) 
load: 0 unused tokens
load: control-looking token:    212 '</s>' was not control-type; this is probably a bug in the model. its type will be overridden
load: control-looking token:     50 '<|tool_response>' was not control-type; this is probably a bug in the model. its type will be overridden
load: printing all EOG tokens:
load:   - 1 ('<eos>')
load:   - 50 ('<|tool_response>')
load:   - 106 ('<turn|>')
load:   - 212 ('</s>')
load: special_eog_ids contains '<|tool_response>', removing '</s>' token from EOG list
load: special tokens cache size = 24
load: token to piece cache size = 1.9445 MB
print_info: arch                  = gemma4
print_info: vocab_only            = 0
print_info: no_alloc              = 0
print_info: n_ctx_train           = 131072
print_info: n_embd                = 2560
print_info: n_embd_inp            = 2560
print_info: n_layer               = 42
print_info: n_head                = 8
print_info: n_head_kv             = 2
print_info: n_rot                 = 512
print_info: n_swa                 = 512
print_info: is_swa_any            = 1
print_info: n_embd_head_k         = 512
print_info: n_embd_head_v         = 512
print_info: n_gqa                 = 4
print_info: n_embd_k_gqa          = [512, 512, 512, 512, 512, 1024, 512, 512, 512, 512, 512, 1024, 512, 512, 512, 512, 512, 1024, 512, 512, 512, 512, 512, 1024, 512, 512, 512, 512, 512, 1024, 512, 512, 512, 512, 512, 1024, 512, 512, 512, 512, 512, 1024]
print_info: n_embd_v_gqa          = [512, 512, 512, 512, 512, 1024, 512, 512, 512, 512, 512, 1024, 512, 512, 512, 512, 512, 1024, 512, 512, 512, 512, 512, 1024, 512, 512, 512, 512, 512, 1024, 512, 512, 512, 512, 512, 1024, 512, 512, 512, 512, 512, 1024]
print_info: f_norm_eps            = 0.0e+00
print_info: f_norm_rms_eps        = 1.0e-06
print_info: f_clamp_kqv           = 0.0e+00
print_info: f_max_alibi_bias      = 0.0e+00
print_info: f_logit_scale         = 0.0e+00
print_info: f_attn_scale          = 1.0e+00
print_info: n_ff                  = 10240
print_info: n_expert              = 0
print_info: n_expert_used         = 0
print_info: n_expert_groups       = 0
print_info: n_group_used          = 0
print_info: causal attn           = 1
print_info: pooling type          = -1
print_info: rope type             = 2
print_info: rope scaling          = linear
print_info: freq_base_train       = 1000000.0
print_info: freq_scale_train      = 1
print_info: freq_base_swa         = 10000.0
print_info: freq_scale_swa        = 1
print_info: n_embd_head_k_swa     = 256
print_info: n_embd_head_v_swa     = 256
print_info: n_rot_swa             = 256
print_info: n_ctx_orig_yarn       = 131072
print_info: rope_yarn_log_mul     = 0.0000
print_info: rope_finetuned        = unknown
print_info: model type            = E4B
print_info: model params          = 7.52 B
print_info: general.name          = Gemma 4 E4B It OBLITERATED v3.1
print_info: vocab type            = BPE
print_info: n_vocab               = 262144
print_info: n_merges              = 514906
print_info: BOS token             = 2 '<bos>'
print_info: EOS token             = 1 '<eos>'
print_info: UNK token             = 3 '<unk>'
print_info: PAD token             = 0 '<pad>'
print_info: MASK token            = 4 '<mask>'
print_info: LF token              = 107 '
'
print_info: EOG token             = 1 '<eos>'
print_info: EOG token             = 50 '<|tool_response>'
print_info: EOG token             = 106 '<turn|>'
print_info: max token length      = 93
load_tensors: loading model tensors, this can take a while... (mmap = true, direct_io = false)
load_tensors:   CPU_Mapped model buffer size =  5073.04 MiB
.............................................
common_init_result: added <eos> logit bias = -inf
common_init_result: added <|tool_response> logit bias = -inf
common_init_result: added <turn|> logit bias = -inf
llama_init_from_model: turbo cache types require flash_attn — enabling automatically
llama_context: constructing llama_context
llama_context: n_seq_max     = 1
llama_context: n_ctx         = 2048
llama_context: n_ctx_seq     = 2048
llama_context: n_batch       = 2048
llama_context: n_ubatch      = 512
llama_context: causal_attn   = 1
llama_context: flash_attn    = enabled
llama_context: kv_unified    = false
llama_context: freq_base     = 1000000.0
llama_context: freq_scale    = 1
llama_context: n_ctx_seq (2048) < n_ctx_train (131072) -- the full capacity of the model will not be utilized
llama_context:        CPU  output buffer size =     1.00 MiB
llama_kv_cache_iswa: creating non-SWA KV cache, size = 2048 cells
llama_kv_cache: Boundary V auto-enabled for turbo2-V (opt-out: TURBO_LAYER_ADAPTIVE=0)
llama_kv_cache:        CPU KV buffer size =     4.38 MiB
llama_kv_cache: TurboQuant rotation matrices initialized (128x128)
llama_kv_cache: size =    4.25 MiB (  2048 cells,   4 layers,  1/1 seqs), K (turbo2):    2.12 MiB, V (turbo2):    2.12 MiB
llama_kv_cache: attn_rot_k = 0, n_embd_head_k_all = 512
llama_kv_cache: attn_rot_v = 0, n_embd_head_k_all = 512
llama_kv_cache_iswa: creating     SWA KV cache, size = 1024 cells
llama_kv_cache: Boundary V mode 7: first2+last2 V=q8_0, rest V=turbo2
llama_kv_cache:        CPU KV buffer size =     6.23 MiB
llama_kv_cache: TurboQuant rotation matrices initialized (128x128)
llama_kv_cache: size =    6.11 MiB (  1024 cells,  20 layers,  1/1 seqs), K (turbo2):    2.66 MiB, V (turbo2):    3.45 MiB
llama_kv_cache: attn_rot_k = 0, n_embd_head_k_all = 256
llama_kv_cache: attn_rot_v = 0, n_embd_head_k_all = 256
sched_reserve: reserving ...
sched_reserve: resolving fused Gated Delta Net support:
sched_reserve: fused Gated Delta Net (autoregressive) enabled
sched_reserve: fused Gated Delta Net (chunked) enabled
sched_reserve:        CPU compute buffer size =   528.02 MiB
sched_reserve: graph nodes  = 1949
sched_reserve: graph splits = 1
sched_reserve: reserve took 19.13 ms, sched copies = 1
common_init_from_params: warming up the model with an empty run - please wait ... (--no-warmup to disable)
srv    load_model: initializing slots, n_slots = 1
no implementations specified for speculative decoding
slot   load_model: id  0 | task -1 | new slot, n_ctx = 2048
srv    load_model: prompt cache is enabled, size limit: 8192 MiB
srv    load_model: use `--cache-ram 0` to disable the prompt cache
srv    load_model: for more info see https://github.com/ggml-org/llama.cpp/pull/16391
srv          init: init: --cache-idle-slots requires --kv-unified, disabling
init: chat template, example_format: '<|turn>system
<|think|>
You are a helpful assistant<turn|>
<|turn>user
Hello<turn|>
<|turn>model
Hi there<turn|>
<|turn>user
How are you?<turn|>
<|turn>model
'
srv          init: init: chat template, thinking = 1
main: model loaded
main: server is listening on http://127.0.0.1:18080
main: starting the main loop...
srv  update_slots: all slots are idle
srv  params_from_: Chat format: peg-gemma4
slot get_availabl: id  0 | task -1 | selected slot by LRU, t_last = -1
srv  get_availabl: updating prompt cache
srv          load:  - looking for better prompt, base f_keep = -1.000, sim = 0.000
srv        update:  - cache state: 0 prompts, 0.000 MiB (limits: 8192.000 MiB, 2048 tokens, 8589934592 est)
srv  get_availabl: prompt cache update took 0.02 ms
slot launch_slot_: id  0 | task -1 | sampler chain: logits -> ?penalties -> ?dry -> ?top-n-sigma -> top-k -> ?typical -> ?top-p -> min-p -> ?xtc -> temp-ext -> dist 
slot launch_slot_: id  0 | task 0 | processing task, is_child = 0
slot update_slots: id  0 | task 0 | new prompt, n_ctx_slot = 2048, n_keep = 0, task.n_tokens = 23
slot update_slots: id  0 | task 0 | n_tokens = 0, memory_seq_rm [0, end)
slot update_slots: id  0 | task 0 | prompt processing progress, n_tokens = 19, batch.n_tokens = 19, progress = 0.826087
slot update_slots: id  0 | task 0 | n_tokens = 19, memory_seq_rm [19, end)
slot init_sampler: id  0 | task 0 | init sampler, took 0.03 ms, tokens: text = 23, total = 23
slot update_slots: id  0 | task 0 | prompt processing done, n_tokens = 23, batch.n_tokens = 4
srv  log_server_r: done request: POST /v1/chat/completions 127.0.0.1 200
slot print_timing: id  0 | task 0 | 
prompt eval time =    1421.14 ms /    23 tokens (   61.79 ms per token,    16.18 tokens per second)
       eval time =    2514.56 ms /    20 tokens (  125.73 ms per token,     7.95 tokens per second)
      total time =    3935.70 ms /    43 tokens
slot      release: id  0 | task 0 | stop processing: n_tokens = 42, truncated = 0
srv  update_slots: all slots are idle
srv  params_from_: Chat format: peg-gemma4
slot get_availabl: id  0 | task -1 | selected slot by LCP similarity, sim_best = 0.234 (> 0.100 thold), f_keep = 0.262
srv  get_availabl: updating prompt cache
srv   prompt_save:  - saving prompt with length 42, total state size = 0.339 MiB
srv          load:  - looking for better prompt, base f_keep = 0.262, sim = 0.234
srv        update:  - cache state: 1 prompts, 0.339 MiB (limits: 8192.000 MiB, 2048 tokens, 1014102 est)
srv        update:    - prompt 0xc76370:      42 tokens, checkpoints:  0,     0.339 MiB
srv  get_availabl: prompt cache update took 0.23 ms
slot launch_slot_: id  0 | task -1 | sampler chain: logits -> ?penalties -> ?dry -> ?top-n-sigma -> top-k -> ?typical -> ?top-p -> min-p -> ?xtc -> temp-ext -> dist 
slot launch_slot_: id  0 | task 22 | processing task, is_child = 0
slot update_slots: id  0 | task 22 | new prompt, n_ctx_slot = 2048, n_keep = 0, task.n_tokens = 47
slot update_slots: id  0 | task 22 | n_past = 11, slot.prompt.tokens.size() = 42, seq_id = 0, pos_min = 0, n_swa = 512
slot update_slots: id  0 | task 22 | forcing full prompt re-processing due to lack of cache data (likely due to SWA or hybrid/recurrent memory, see https://github.com/ggml-org/llama.cpp/pull/13194#issuecomment-2868343055)
slot update_slots: id  0 | task 22 | n_tokens = 0, memory_seq_rm [0, end)
slot update_slots: id  0 | task 22 | prompt processing progress, n_tokens = 43, batch.n_tokens = 43, progress = 0.914894
slot update_slots: id  0 | task 22 | n_tokens = 43, memory_seq_rm [43, end)
slot init_sampler: id  0 | task 22 | init sampler, took 0.03 ms, tokens: text = 47, total = 47
slot update_slots: id  0 | task 22 | prompt processing done, n_tokens = 47, batch.n_tokens = 4
srv  log_server_r: done request: POST /v1/chat/completions 127.0.0.1 200
slot print_timing: id  0 | task 22 | 
prompt eval time =    2781.75 ms /    47 tokens (   59.19 ms per token,    16.90 tokens per second)
       eval time =   18447.44 ms /   128 tokens (  144.12 ms per token,     6.94 tokens per second)
      total time =   21229.18 ms /   175 tokens
slot      release: id  0 | task 22 | stop processing: n_tokens = 174, truncated = 0
srv  update_slots: all slots are idle
srv  params_from_: Chat format: peg-gemma4
slot get_availabl: id  0 | task -1 | selected slot by LCP similarity, sim_best = 0.289 (> 0.100 thold), f_keep = 0.063
srv  get_availabl: updating prompt cache
srv   prompt_save:  - saving prompt with length 174, total state size = 1.404 MiB
srv          load:  - looking for better prompt, base f_keep = 0.063, sim = 0.289
srv        update:  - cache state: 2 prompts, 1.743 MiB (limits: 8192.000 MiB, 2048 tokens, 1015163 est)
srv        update:    - prompt 0xc76370:      42 tokens, checkpoints:  0,     0.339 MiB
srv        update:    - prompt 0xc7c180:     174 tokens, checkpoints:  0,     1.404 MiB
srv  get_availabl: prompt cache update took 0.60 ms
slot launch_slot_: id  0 | task -1 | sampler chain: logits -> ?penalties -> ?dry -> ?top-n-sigma -> top-k -> ?typical -> ?top-p -> min-p -> ?xtc -> temp-ext -> dist 
slot launch_slot_: id  0 | task 152 | processing task, is_child = 0
slot update_slots: id  0 | task 152 | new prompt, n_ctx_slot = 2048, n_keep = 0, task.n_tokens = 38
slot update_slots: id  0 | task 152 | n_past = 11, slot.prompt.tokens.size() = 174, seq_id = 0, pos_min = 0, n_swa = 512
slot update_slots: id  0 | task 152 | forcing full prompt re-processing due to lack of cache data (likely due to SWA or hybrid/recurrent memory, see https://github.com/ggml-org/llama.cpp/pull/13194#issuecomment-2868343055)
slot update_slots: id  0 | task 152 | n_tokens = 0, memory_seq_rm [0, end)
slot update_slots: id  0 | task 152 | prompt processing progress, n_tokens = 34, batch.n_tokens = 34, progress = 0.894737
slot update_slots: id  0 | task 152 | n_tokens = 34, memory_seq_rm [34, end)
slot init_sampler: id  0 | task 152 | init sampler, took 0.02 ms, tokens: text = 38, total = 38
slot update_slots: id  0 | task 152 | prompt processing done, n_tokens = 38, batch.n_tokens = 4
srv  log_server_r: done request: POST /v1/chat/completions 127.0.0.1 200
slot print_timing: id  0 | task 152 | 
prompt eval time =    2265.31 ms /    38 tokens (   59.61 ms per token,    16.77 tokens per second)
       eval time =   18486.99 ms /   128 tokens (  144.43 ms per token,     6.92 tokens per second)
      total time =   20752.30 ms /   166 tokens
slot      release: id  0 | task 152 | stop processing: n_tokens = 165, truncated = 0
srv  update_slots: all slots are idle
srv  params_from_: Chat format: peg-gemma4
slot get_availabl: id  0 | task -1 | selected slot by LCP similarity, sim_best = 0.324 (> 0.100 thold), f_keep = 0.067
srv  get_availabl: updating prompt cache
srv   prompt_save:  - saving prompt with length 165, total state size = 1.331 MiB
srv          load:  - looking for better prompt, base f_keep = 0.067, sim = 0.324
srv        update:  - cache state: 3 prompts, 3.074 MiB (limits: 8192.000 MiB, 2048 tokens, 1015264 est)
srv        update:    - prompt 0xc76370:      42 tokens, checkpoints:  0,     0.339 MiB
srv        update:    - prompt 0xc7c180:     174 tokens, checkpoints:  0,     1.404 MiB
srv        update:    - prompt 0xdf2190:     165 tokens, checkpoints:  0,     1.331 MiB
srv  get_availabl: prompt cache update took 0.62 ms
slot launch_slot_: id  0 | task -1 | sampler chain: logits -> ?penalties -> ?dry -> ?top-n-sigma -> top-k -> ?typical -> ?top-p -> min-p -> ?xtc -> temp-ext -> dist 
slot launch_slot_: id  0 | task 282 | processing task, is_child = 0
slot update_slots: id  0 | task 282 | new prompt, n_ctx_slot = 2048, n_keep = 0, task.n_tokens = 34
slot update_slots: id  0 | task 282 | n_past = 11, slot.prompt.tokens.size() = 165, seq_id = 0, pos_min = 0, n_swa = 512
slot update_slots: id  0 | task 282 | forcing full prompt re-processing due to lack of cache data (likely due to SWA or hybrid/recurrent memory, see https://github.com/ggml-org/llama.cpp/pull/13194#issuecomment-2868343055)
slot update_slots: id  0 | task 282 | n_tokens = 0, memory_seq_rm [0, end)
slot update_slots: id  0 | task 282 | prompt processing progress, n_tokens = 30, batch.n_tokens = 30, progress = 0.882353
slot update_slots: id  0 | task 282 | n_tokens = 30, memory_seq_rm [30, end)
slot init_sampler: id  0 | task 282 | init sampler, took 0.03 ms, tokens: text = 34, total = 34
slot update_slots: id  0 | task 282 | prompt processing done, n_tokens = 34, batch.n_tokens = 4
srv  log_server_r: done request: POST /v1/chat/completions 127.0.0.1 200
slot print_timing: id  0 | task 282 | 
prompt eval time =    2076.86 ms /    34 tokens (   61.08 ms per token,    16.37 tokens per second)
       eval time =   18556.86 ms /   128 tokens (  144.98 ms per token,     6.90 tokens per second)
      total time =   20633.72 ms /   162 tokens
slot      release: id  0 | task 282 | stop processing: n_tokens = 161, truncated = 0
srv  update_slots: all slots are idle
srv  params_from_: Chat format: peg-gemma4
slot get_availabl: id  0 | task -1 | selected slot by LCP similarity, sim_best = 0.117 (> 0.100 thold), f_keep = 0.068
srv  get_availabl: updating prompt cache
srv   prompt_save:  - saving prompt with length 161, total state size = 1.299 MiB
srv          load:  - looking for better prompt, base f_keep = 0.068, sim = 0.117
srv        update:  - cache state: 4 prompts, 4.373 MiB (limits: 8192.000 MiB, 2048 tokens, 1015300 est)
srv        update:    - prompt 0xc76370:      42 tokens, checkpoints:  0,     0.339 MiB
srv        update:    - prompt 0xc7c180:     174 tokens, checkpoints:  0,     1.404 MiB
srv        update:    - prompt 0xdf2190:     165 tokens, checkpoints:  0,     1.331 MiB
srv        update:    - prompt 0xfffd88003c20:     161 tokens, checkpoints:  0,     1.299 MiB
srv  get_availabl: prompt cache update took 0.63 ms
slot launch_slot_: id  0 | task -1 | sampler chain: logits -> ?penalties -> ?dry -> ?top-n-sigma -> top-k -> ?typical -> ?top-p -> min-p -> ?xtc -> temp-ext -> dist 
slot launch_slot_: id  0 | task 412 | processing task, is_child = 0
slot update_slots: id  0 | task 412 | new prompt, n_ctx_slot = 2048, n_keep = 0, task.n_tokens = 94
slot update_slots: id  0 | task 412 | n_past = 11, slot.prompt.tokens.size() = 161, seq_id = 0, pos_min = 0, n_swa = 512
slot update_slots: id  0 | task 412 | forcing full prompt re-processing due to lack of cache data (likely due to SWA or hybrid/recurrent memory, see https://github.com/ggml-org/llama.cpp/pull/13194#issuecomment-2868343055)
slot update_slots: id  0 | task 412 | n_tokens = 0, memory_seq_rm [0, end)
slot update_slots: id  0 | task 412 | prompt processing progress, n_tokens = 90, batch.n_tokens = 90, progress = 0.957447
slot update_slots: id  0 | task 412 | n_tokens = 90, memory_seq_rm [90, end)
slot init_sampler: id  0 | task 412 | init sampler, took 0.05 ms, tokens: text = 94, total = 94
slot update_slots: id  0 | task 412 | prompt processing done, n_tokens = 94, batch.n_tokens = 4
slot create_check: id  0 | task 412 | created context checkpoint 1 of 32 (pos_min = 0, pos_max = 89, n_tokens = 90, size = 0.538 MiB)
srv  log_server_r: done request: POST /v1/chat/completions 127.0.0.1 200
slot print_timing: id  0 | task 412 | 
prompt eval time =    5623.81 ms /    94 tokens (   59.83 ms per token,    16.71 tokens per second)
       eval time =   19547.72 ms /   128 tokens (  152.72 ms per token,     6.55 tokens per second)
      total time =   25171.53 ms /   222 tokens
slot      release: id  0 | task 412 | stop processing: n_tokens = 221, truncated = 0
srv  update_slots: all slots are idle
srv  params_from_: Chat format: peg-gemma4
slot get_availabl: id  0 | task -1 | selected slot by LCP similarity, sim_best = 0.138 (> 0.100 thold), f_keep = 0.054
srv  get_availabl: updating prompt cache
srv   prompt_save:  - saving prompt with length 221, total state size = 1.783 MiB
srv          load:  - looking for better prompt, base f_keep = 0.054, sim = 0.138
srv        update:  - cache state: 5 prompts, 6.694 MiB (limits: 8192.000 MiB, 2048 tokens, 933690 est)
srv        update:    - prompt 0xc76370:      42 tokens, checkpoints:  0,     0.339 MiB
srv        update:    - prompt 0xc7c180:     174 tokens, checkpoints:  0,     1.404 MiB
srv        update:    - prompt 0xdf2190:     165 tokens, checkpoints:  0,     1.331 MiB
srv        update:    - prompt 0xfffd88003c20:     161 tokens, checkpoints:  0,     1.299 MiB
srv        update:    - prompt 0xded240:     221 tokens, checkpoints:  1,     2.321 MiB
srv  get_availabl: prompt cache update took 0.70 ms
slot launch_slot_: id  0 | task -1 | sampler chain: logits -> ?penalties -> ?dry -> ?top-n-sigma -> top-k -> ?typical -> ?top-p -> min-p -> ?xtc -> temp-ext -> dist 
slot launch_slot_: id  0 | task 542 | processing task, is_child = 0
slot update_slots: id  0 | task 542 | new prompt, n_ctx_slot = 2048, n_keep = 0, task.n_tokens = 87
slot update_slots: id  0 | task 542 | n_past = 12, slot.prompt.tokens.size() = 221, seq_id = 0, pos_min = 0, n_swa = 512
slot update_slots: id  0 | task 542 | Checking checkpoint with [0, 89] against 0...
slot update_slots: id  0 | task 542 | restored context checkpoint (pos_min = 0, pos_max = 89, n_tokens = 90, n_past = 12, size = 0.538 MiB)
slot update_slots: id  0 | task 542 | erased invalidated context checkpoint (pos_min = 0, pos_max = 89, n_tokens = 90, n_swa = 512, pos_next = 12, size = 0.538 MiB)
slot update_slots: id  0 | task 542 | n_tokens = 12, memory_seq_rm [12, end)
slot update_slots: id  0 | task 542 | prompt processing progress, n_tokens = 83, batch.n_tokens = 71, progress = 0.954023
slot create_check: id  0 | task 542 | created context checkpoint 1 of 32 (pos_min = 0, pos_max = 11, n_tokens = 12, size = 0.072 MiB)
slot update_slots: id  0 | task 542 | n_tokens = 83, memory_seq_rm [83, end)
slot init_sampler: id  0 | task 542 | init sampler, took 0.05 ms, tokens: text = 87, total = 87
slot update_slots: id  0 | task 542 | prompt processing done, n_tokens = 87, batch.n_tokens = 4
slot create_check: id  0 | task 542 | created context checkpoint 2 of 32 (pos_min = 0, pos_max = 82, n_tokens = 83, size = 0.497 MiB)
srv  log_server_r: done request: POST /v1/chat/completions 127.0.0.1 200
slot print_timing: id  0 | task 542 | 
prompt eval time =    4519.31 ms /    75 tokens (   60.26 ms per token,    16.60 tokens per second)
       eval time =   19421.44 ms /   128 tokens (  151.73 ms per token,     6.59 tokens per second)
      total time =   23940.74 ms /   203 tokens
slot      release: id  0 | task 542 | stop processing: n_tokens = 214, truncated = 0
srv  update_slots: all slots are idle
srv  params_from_: Chat format: peg-gemma4
slot get_availabl: id  0 | task -1 | selected slot by LRU, t_last = 124299979300
srv  get_availabl: updating prompt cache
srv   prompt_save:  - saving prompt with length 214, total state size = 1.726 MiB
srv          load:  - looking for better prompt, base f_keep = 0.051, sim = 0.069
srv        update:  - cache state: 6 prompts, 8.990 MiB (limits: 8192.000 MiB, 2048 tokens, 890320 est)
srv        update:    - prompt 0xc76370:      42 tokens, checkpoints:  0,     0.339 MiB
srv        update:    - prompt 0xc7c180:     174 tokens, checkpoints:  0,     1.404 MiB
srv        update:    - prompt 0xdf2190:     165 tokens, checkpoints:  0,     1.331 MiB
srv        update:    - prompt 0xfffd88003c20:     161 tokens, checkpoints:  0,     1.299 MiB
srv        update:    - prompt 0xded240:     221 tokens, checkpoints:  1,     2.321 MiB
srv        update:    - prompt 0xdeede0:     214 tokens, checkpoints:  2,     2.295 MiB
srv  get_availabl: prompt cache update took 0.89 ms
slot launch_slot_: id  0 | task -1 | sampler chain: logits -> ?penalties -> ?dry -> ?top-n-sigma -> top-k -> ?typical -> ?top-p -> min-p -> ?xtc -> temp-ext -> dist 
slot launch_slot_: id  0 | task 672 | processing task, is_child = 0
slot update_slots: id  0 | task 672 | new prompt, n_ctx_slot = 2048, n_keep = 0, task.n_tokens = 159
slot update_slots: id  0 | task 672 | n_past = 11, slot.prompt.tokens.size() = 214, seq_id = 0, pos_min = 0, n_swa = 512
slot update_slots: id  0 | task 672 | Checking checkpoint with [0, 82] against 0...
slot update_slots: id  0 | task 672 | restored context checkpoint (pos_min = 0, pos_max = 82, n_tokens = 83, n_past = 11, size = 0.497 MiB)
slot update_slots: id  0 | task 672 | erased invalidated context checkpoint (pos_min = 0, pos_max = 82, n_tokens = 83, n_swa = 512, pos_next = 11, size = 0.497 MiB)
slot update_slots: id  0 | task 672 | n_tokens = 11, memory_seq_rm [11, end)
slot update_slots: id  0 | task 672 | prompt processing progress, n_tokens = 155, batch.n_tokens = 144, progress = 0.974843
slot update_slots: id  0 | task 672 | n_tokens = 155, memory_seq_rm [155, end)
slot init_sampler: id  0 | task 672 | init sampler, took 0.08 ms, tokens: text = 159, total = 159
slot update_slots: id  0 | task 672 | prompt processing done, n_tokens = 159, batch.n_tokens = 4
slot create_check: id  0 | task 672 | created context checkpoint 2 of 32 (pos_min = 0, pos_max = 154, n_tokens = 155, size = 0.927 MiB)
srv  log_server_r: done request: POST /v1/chat/completions 127.0.0.1 200
slot print_timing: id  0 | task 672 | 
prompt eval time =    9163.81 ms /   148 tokens (   61.92 ms per token,    16.15 tokens per second)
       eval time =   20859.58 ms /   128 tokens (  162.97 ms per token,     6.14 tokens per second)
      total time =   30023.39 ms /   276 tokens
slot      release: id  0 | task 672 | stop processing: n_tokens = 286, truncated = 0
srv  update_slots: all slots are idle
srv  params_from_: Chat format: peg-gemma4
slot get_availabl: id  0 | task -1 | selected slot by LRU, t_last = 124330013188
srv  get_availabl: updating prompt cache
srv   prompt_save:  - saving prompt with length 286, total state size = 2.307 MiB
srv          load:  - looking for better prompt, base f_keep = 0.038, sim = 0.035
srv        update:  - cache state: 7 prompts, 12.296 MiB (limits: 8192.000 MiB, 2048 tokens, 841471 est)
srv        update:    - prompt 0xc76370:      42 tokens, checkpoints:  0,     0.339 MiB
srv        update:    - prompt 0xc7c180:     174 tokens, checkpoints:  0,     1.404 MiB
srv        update:    - prompt 0xdf2190:     165 tokens, checkpoints:  0,     1.331 MiB
srv        update:    - prompt 0xfffd88003c20:     161 tokens, checkpoints:  0,     1.299 MiB
srv        update:    - prompt 0xded240:     221 tokens, checkpoints:  1,     2.321 MiB
srv        update:    - prompt 0xdeede0:     214 tokens, checkpoints:  2,     2.295 MiB
srv        update:    - prompt 0xdf8fc0:     286 tokens, checkpoints:  2,     3.306 MiB
srv  get_availabl: prompt cache update took 1.12 ms
slot launch_slot_: id  0 | task -1 | sampler chain: logits -> ?penalties -> ?dry -> ?top-n-sigma -> top-k -> ?typical -> ?top-p -> min-p -> ?xtc -> temp-ext -> dist 
slot launch_slot_: id  0 | task 802 | processing task, is_child = 0
slot update_slots: id  0 | task 802 | new prompt, n_ctx_slot = 2048, n_keep = 0, task.n_tokens = 312
slot update_slots: id  0 | task 802 | n_past = 11, slot.prompt.tokens.size() = 286, seq_id = 0, pos_min = 0, n_swa = 512
slot update_slots: id  0 | task 802 | Checking checkpoint with [0, 154] against 0...
slot update_slots: id  0 | task 802 | restored context checkpoint (pos_min = 0, pos_max = 154, n_tokens = 155, n_past = 11, size = 0.927 MiB)
slot update_slots: id  0 | task 802 | erased invalidated context checkpoint (pos_min = 0, pos_max = 154, n_tokens = 155, n_swa = 512, pos_next = 11, size = 0.927 MiB)
slot update_slots: id  0 | task 802 | n_tokens = 11, memory_seq_rm [11, end)
slot update_slots: id  0 | task 802 | prompt processing progress, n_tokens = 308, batch.n_tokens = 297, progress = 0.987179
slot update_slots: id  0 | task 802 | n_tokens = 308, memory_seq_rm [308, end)
slot init_sampler: id  0 | task 802 | init sampler, took 0.16 ms, tokens: text = 312, total = 312
slot update_slots: id  0 | task 802 | prompt processing done, n_tokens = 312, batch.n_tokens = 4
slot create_check: id  0 | task 802 | created context checkpoint 2 of 32 (pos_min = 0, pos_max = 307, n_tokens = 308, size = 1.842 MiB)
srv  log_server_r: done request: POST /v1/chat/completions 127.0.0.1 200
slot print_timing: id  0 | task 802 | 
prompt eval time =   20191.41 ms /   301 tokens (   67.08 ms per token,    14.91 tokens per second)
       eval time =   23705.91 ms /   128 tokens (  185.20 ms per token,     5.40 tokens per second)
      total time =   43897.32 ms /   429 tokens
slot      release: id  0 | task 802 | stop processing: n_tokens = 439, truncated = 0
srv  update_slots: all slots are idle
srv  params_from_: Chat format: peg-gemma4
slot get_availabl: id  0 | task -1 | selected slot by LRU, t_last = 124373923313
srv  get_availabl: updating prompt cache
srv   prompt_save:  - saving prompt with length 439, total state size = 3.541 MiB
srv          load:  - looking for better prompt, base f_keep = 0.025, sim = 0.043
srv        update:  - cache state: 8 prompts, 17.750 MiB (limits: 8192.000 MiB, 2048 tokens, 785495 est)
srv        update:    - prompt 0xc76370:      42 tokens, checkpoints:  0,     0.339 MiB
srv        update:    - prompt 0xc7c180:     174 tokens, checkpoints:  0,     1.404 MiB
srv        update:    - prompt 0xdf2190:     165 tokens, checkpoints:  0,     1.331 MiB
srv        update:    - prompt 0xfffd88003c20:     161 tokens, checkpoints:  0,     1.299 MiB
srv        update:    - prompt 0xded240:     221 tokens, checkpoints:  1,     2.321 MiB
srv        update:    - prompt 0xdeede0:     214 tokens, checkpoints:  2,     2.295 MiB
srv        update:    - prompt 0xdf8fc0:     286 tokens, checkpoints:  2,     3.306 MiB
srv        update:    - prompt 0xe02bd0:     439 tokens, checkpoints:  2,     5.455 MiB
srv  get_availabl: prompt cache update took 1.89 ms
slot launch_slot_: id  0 | task -1 | sampler chain: logits -> ?penalties -> ?dry -> ?top-n-sigma -> top-k -> ?typical -> ?top-p -> min-p -> ?xtc -> temp-ext -> dist 
slot launch_slot_: id  0 | task 932 | processing task, is_child = 0
slot update_slots: id  0 | task 932 | new prompt, n_ctx_slot = 2048, n_keep = 0, task.n_tokens = 254
slot update_slots: id  0 | task 932 | n_past = 11, slot.prompt.tokens.size() = 439, seq_id = 0, pos_min = 0, n_swa = 512
slot update_slots: id  0 | task 932 | Checking checkpoint with [0, 307] against 0...
slot update_slots: id  0 | task 932 | restored context checkpoint (pos_min = 0, pos_max = 307, n_tokens = 308, n_past = 11, size = 1.842 MiB)
slot update_slots: id  0 | task 932 | erased invalidated context checkpoint (pos_min = 0, pos_max = 307, n_tokens = 308, n_swa = 512, pos_next = 11, size = 1.842 MiB)
slot update_slots: id  0 | task 932 | n_tokens = 11, memory_seq_rm [11, end)
slot update_slots: id  0 | task 932 | prompt processing progress, n_tokens = 250, batch.n_tokens = 239, progress = 0.984252
slot update_slots: id  0 | task 932 | n_tokens = 250, memory_seq_rm [250, end)
slot init_sampler: id  0 | task 932 | init sampler, took 0.13 ms, tokens: text = 254, total = 254
slot update_slots: id  0 | task 932 | prompt processing done, n_tokens = 254, batch.n_tokens = 4
slot create_check: id  0 | task 932 | created context checkpoint 2 of 32 (pos_min = 0, pos_max = 249, n_tokens = 250, size = 1.495 MiB)
srv  log_server_r: done request: POST /v1/chat/completions 127.0.0.1 200
slot print_timing: id  0 | task 932 | 
prompt eval time =   15715.42 ms /   243 tokens (   64.67 ms per token,    15.46 tokens per second)
       eval time =   22966.92 ms /   128 tokens (  179.43 ms per token,     5.57 tokens per second)
      total time =   38682.34 ms /   371 tokens
slot      release: id  0 | task 932 | stop processing: n_tokens = 381, truncated = 0
srv  update_slots: all slots are idle
srv  params_from_: Chat format: peg-gemma4
slot get_availabl: id  0 | task -1 | selected slot by LCP similarity, sim_best = 0.478 (> 0.100 thold), f_keep = 0.029
srv  get_availabl: updating prompt cache
srv   prompt_save:  - saving prompt with length 381, total state size = 3.073 MiB
srv          load:  - looking for better prompt, base f_keep = 0.029, sim = 0.478
srv          load:  - found better prompt with f_keep = 0.548, sim = 1.000
srv        update:  - cache state: 8 prompts, 22.051 MiB (limits: 8192.000 MiB, 2048 tokens, 758230 est)
srv        update:    - prompt 0xc7c180:     174 tokens, checkpoints:  0,     1.404 MiB
srv        update:    - prompt 0xdf2190:     165 tokens, checkpoints:  0,     1.331 MiB
srv        update:    - prompt 0xfffd88003c20:     161 tokens, checkpoints:  0,     1.299 MiB
srv        update:    - prompt 0xded240:     221 tokens, checkpoints:  1,     2.321 MiB
srv        update:    - prompt 0xdeede0:     214 tokens, checkpoints:  2,     2.295 MiB
srv        update:    - prompt 0xdf8fc0:     286 tokens, checkpoints:  2,     3.306 MiB
srv        update:    - prompt 0xe02bd0:     439 tokens, checkpoints:  2,     5.455 MiB
srv        update:    - prompt 0xc6e500:     381 tokens, checkpoints:  2,     4.640 MiB
srv  get_availabl: prompt cache update took 2.25 ms
slot launch_slot_: id  0 | task -1 | sampler chain: logits -> ?penalties -> ?dry -> ?top-n-sigma -> top-k -> ?typical -> ?top-p -> min-p -> ?xtc -> temp-ext -> dist 
slot launch_slot_: id  0 | task 1062 | processing task, is_child = 0
slot update_slots: id  0 | task 1062 | new prompt, n_ctx_slot = 2048, n_keep = 0, task.n_tokens = 23
slot update_slots: id  0 | task 1062 | n_past = 23, slot.prompt.tokens.size() = 42, seq_id = 0, pos_min = 0, n_swa = 512
slot update_slots: id  0 | task 1062 | forcing full prompt re-processing due to lack of cache data (likely due to SWA or hybrid/recurrent memory, see https://github.com/ggml-org/llama.cpp/pull/13194#issuecomment-2868343055)
slot update_slots: id  0 | task 1062 | n_tokens = 0, memory_seq_rm [0, end)
slot update_slots: id  0 | task 1062 | prompt processing progress, n_tokens = 19, batch.n_tokens = 19, progress = 0.826087
slot update_slots: id  0 | task 1062 | n_tokens = 19, memory_seq_rm [19, end)
slot init_sampler: id  0 | task 1062 | init sampler, took 0.02 ms, tokens: text = 23, total = 23
slot update_slots: id  0 | task 1062 | prompt processing done, n_tokens = 23, batch.n_tokens = 4
srv  log_server_r: done request: POST /v1/chat/completions 127.0.0.1 200
slot print_timing: id  0 | task 1062 | 
prompt eval time =    1424.96 ms /    23 tokens (   61.95 ms per token,    16.14 tokens per second)
       eval time =    2541.09 ms /    20 tokens (  127.05 ms per token,     7.87 tokens per second)
      total time =    3966.05 ms /    43 tokens
slot      release: id  0 | task 1062 | stop processing: n_tokens = 42, truncated = 0
srv  update_slots: all slots are idle
srv  params_from_: Chat format: peg-gemma4
slot get_availabl: id  0 | task -1 | selected slot by LCP similarity, sim_best = 0.234 (> 0.100 thold), f_keep = 0.262
srv  get_availabl: updating prompt cache
srv   prompt_save:  - saving prompt with length 42, total state size = 0.339 MiB
srv          load:  - looking for better prompt, base f_keep = 0.262, sim = 0.234
srv          load:  - found better prompt with f_keep = 0.270, sim = 1.000
srv        update:  - cache state: 8 prompts, 20.987 MiB (limits: 8192.000 MiB, 2048 tokens, 745163 est)
srv        update:    - prompt 0xdf2190:     165 tokens, checkpoints:  0,     1.331 MiB
srv        update:    - prompt 0xfffd88003c20:     161 tokens, checkpoints:  0,     1.299 MiB
srv        update:    - prompt 0xded240:     221 tokens, checkpoints:  1,     2.321 MiB
srv        update:    - prompt 0xdeede0:     214 tokens, checkpoints:  2,     2.295 MiB
srv        update:    - prompt 0xdf8fc0:     286 tokens, checkpoints:  2,     3.306 MiB
srv        update:    - prompt 0xe02bd0:     439 tokens, checkpoints:  2,     5.455 MiB
srv        update:    - prompt 0xc6e500:     381 tokens, checkpoints:  2,     4.640 MiB
srv        update:    - prompt 0xdfd9e0:      42 tokens, checkpoints:  0,     0.339 MiB
srv  get_availabl: prompt cache update took 1.08 ms
slot launch_slot_: id  0 | task -1 | sampler chain: logits -> ?penalties -> ?dry -> ?top-n-sigma -> top-k -> ?typical -> ?top-p -> min-p -> ?xtc -> temp-ext -> dist 
slot launch_slot_: id  0 | task 1084 | processing task, is_child = 0
slot update_slots: id  0 | task 1084 | new prompt, n_ctx_slot = 2048, n_keep = 0, task.n_tokens = 47
slot update_slots: id  0 | task 1084 | n_past = 47, slot.prompt.tokens.size() = 174, seq_id = 0, pos_min = 0, n_swa = 512
slot update_slots: id  0 | task 1084 | forcing full prompt re-processing due to lack of cache data (likely due to SWA or hybrid/recurrent memory, see https://github.com/ggml-org/llama.cpp/pull/13194#issuecomment-2868343055)
slot update_slots: id  0 | task 1084 | n_tokens = 0, memory_seq_rm [0, end)
slot update_slots: id  0 | task 1084 | prompt processing progress, n_tokens = 43, batch.n_tokens = 43, progress = 0.914894
slot update_slots: id  0 | task 1084 | n_tokens = 43, memory_seq_rm [43, end)
slot init_sampler: id  0 | task 1084 | init sampler, took 0.03 ms, tokens: text = 47, total = 47
slot update_slots: id  0 | task 1084 | prompt processing done, n_tokens = 47, batch.n_tokens = 4
srv  log_server_r: done request: POST /v1/chat/completions 127.0.0.1 200
slot print_timing: id  0 | task 1084 | 
prompt eval time =    2780.90 ms /    47 tokens (   59.17 ms per token,    16.90 tokens per second)
       eval time =   18499.51 ms /   128 tokens (  144.53 ms per token,     6.92 tokens per second)
      total time =   21280.40 ms /   175 tokens
slot      release: id  0 | task 1084 | stop processing: n_tokens = 174, truncated = 0
srv  update_slots: all slots are idle
srv  params_from_: Chat format: peg-gemma4
slot get_availabl: id  0 | task -1 | selected slot by LCP similarity, sim_best = 0.289 (> 0.100 thold), f_keep = 0.063
srv  get_availabl: updating prompt cache
srv   prompt_save:  - saving prompt with length 174, total state size = 1.404 MiB
srv          load:  - looking for better prompt, base f_keep = 0.063, sim = 0.289
srv        update:  - cache state: 9 prompts, 22.390 MiB (limits: 8192.000 MiB, 2048 tokens, 762107 est)
srv        update:    - prompt 0xdf2190:     165 tokens, checkpoints:  0,     1.331 MiB
srv        update:    - prompt 0xfffd88003c20:     161 tokens, checkpoints:  0,     1.299 MiB
srv        update:    - prompt 0xded240:     221 tokens, checkpoints:  1,     2.321 MiB
srv        update:    - prompt 0xdeede0:     214 tokens, checkpoints:  2,     2.295 MiB
srv        update:    - prompt 0xdf8fc0:     286 tokens, checkpoints:  2,     3.306 MiB
srv        update:    - prompt 0xe02bd0:     439 tokens, checkpoints:  2,     5.455 MiB
srv        update:    - prompt 0xc6e500:     381 tokens, checkpoints:  2,     4.640 MiB
srv        update:    - prompt 0xdfd9e0:      42 tokens, checkpoints:  0,     0.339 MiB
srv        update:    - prompt 0xc7c180:     174 tokens, checkpoints:  0,     1.404 MiB
srv  get_availabl: prompt cache update took 0.56 ms
slot launch_slot_: id  0 | task -1 | sampler chain: logits -> ?penalties -> ?dry -> ?top-n-sigma -> top-k -> ?typical -> ?top-p -> min-p -> ?xtc -> temp-ext -> dist 
slot launch_slot_: id  0 | task 1214 | processing task, is_child = 0
slot update_slots: id  0 | task 1214 | new prompt, n_ctx_slot = 2048, n_keep = 0, task.n_tokens = 38
slot update_slots: id  0 | task 1214 | n_past = 11, slot.prompt.tokens.size() = 174, seq_id = 0, pos_min = 0, n_swa = 512
slot update_slots: id  0 | task 1214 | forcing full prompt re-processing due to lack of cache data (likely due to SWA or hybrid/recurrent memory, see https://github.com/ggml-org/llama.cpp/pull/13194#issuecomment-2868343055)
slot update_slots: id  0 | task 1214 | n_tokens = 0, memory_seq_rm [0, end)
slot update_slots: id  0 | task 1214 | prompt processing progress, n_tokens = 34, batch.n_tokens = 34, progress = 0.894737
slot update_slots: id  0 | task 1214 | n_tokens = 34, memory_seq_rm [34, end)
slot init_sampler: id  0 | task 1214 | init sampler, took 0.03 ms, tokens: text = 38, total = 38
slot update_slots: id  0 | task 1214 | prompt processing done, n_tokens = 38, batch.n_tokens = 4
srv  log_server_r: done request: POST /v1/chat/completions 127.0.0.1 200
slot print_timing: id  0 | task 1214 | 
prompt eval time =    2263.28 ms /    38 tokens (   59.56 ms per token,    16.79 tokens per second)
       eval time =   18499.67 ms /   128 tokens (  144.53 ms per token,     6.92 tokens per second)
      total time =   20762.94 ms /   166 tokens
slot      release: id  0 | task 1214 | stop processing: n_tokens = 165, truncated = 0
srv  update_slots: all slots are idle
srv  params_from_: Chat format: peg-gemma4
slot get_availabl: id  0 | task -1 | selected slot by LCP similarity, sim_best = 0.324 (> 0.100 thold), f_keep = 0.067
srv  get_availabl: updating prompt cache
srv   prompt_save:  - saving prompt with length 165, total state size = 1.331 MiB
srv         alloc:  - prompt is already in the cache, skipping
srv          load:  - looking for better prompt, base f_keep = 0.067, sim = 0.324
srv        update:  - cache state: 9 prompts, 22.390 MiB (limits: 8192.000 MiB, 2048 tokens, 762107 est)
srv        update:    - prompt 0xdf2190:     165 tokens, checkpoints:  0,     1.331 MiB
srv        update:    - prompt 0xfffd88003c20:     161 tokens, checkpoints:  0,     1.299 MiB
srv        update:    - prompt 0xded240:     221 tokens, checkpoints:  1,     2.321 MiB
srv        update:    - prompt 0xdeede0:     214 tokens, checkpoints:  2,     2.295 MiB
srv        update:    - prompt 0xdf8fc0:     286 tokens, checkpoints:  2,     3.306 MiB
srv        update:    - prompt 0xe02bd0:     439 tokens, checkpoints:  2,     5.455 MiB
srv        update:    - prompt 0xc6e500:     381 tokens, checkpoints:  2,     4.640 MiB
srv        update:    - prompt 0xdfd9e0:      42 tokens, checkpoints:  0,     0.339 MiB
srv        update:    - prompt 0xc7c180:     174 tokens, checkpoints:  0,     1.404 MiB
srv  get_availabl: prompt cache update took 0.15 ms
slot launch_slot_: id  0 | task -1 | sampler chain: logits -> ?penalties -> ?dry -> ?top-n-sigma -> top-k -> ?typical -> ?top-p -> min-p -> ?xtc -> temp-ext -> dist 
slot launch_slot_: id  0 | task 1344 | processing task, is_child = 0
slot update_slots: id  0 | task 1344 | new prompt, n_ctx_slot = 2048, n_keep = 0, task.n_tokens = 34
slot update_slots: id  0 | task 1344 | n_past = 11, slot.prompt.tokens.size() = 165, seq_id = 0, pos_min = 0, n_swa = 512
slot update_slots: id  0 | task 1344 | forcing full prompt re-processing due to lack of cache data (likely due to SWA or hybrid/recurrent memory, see https://github.com/ggml-org/llama.cpp/pull/13194#issuecomment-2868343055)
slot update_slots: id  0 | task 1344 | n_tokens = 0, memory_seq_rm [0, end)
slot update_slots: id  0 | task 1344 | prompt processing progress, n_tokens = 30, batch.n_tokens = 30, progress = 0.882353
slot update_slots: id  0 | task 1344 | n_tokens = 30, memory_seq_rm [30, end)
slot init_sampler: id  0 | task 1344 | init sampler, took 0.03 ms, tokens: text = 34, total = 34
slot update_slots: id  0 | task 1344 | prompt processing done, n_tokens = 34, batch.n_tokens = 4
srv  log_server_r: done request: POST /v1/chat/completions 127.0.0.1 200
slot print_timing: id  0 | task 1344 | 
prompt eval time =    2073.86 ms /    34 tokens (   61.00 ms per token,    16.39 tokens per second)
       eval time =   18470.82 ms /   128 tokens (  144.30 ms per token,     6.93 tokens per second)
      total time =   20544.68 ms /   162 tokens
slot      release: id  0 | task 1344 | stop processing: n_tokens = 161, truncated = 0
srv  update_slots: all slots are idle
srv  params_from_: Chat format: peg-gemma4
slot get_availabl: id  0 | task -1 | selected slot by LCP similarity, sim_best = 0.117 (> 0.100 thold), f_keep = 0.068
srv  get_availabl: updating prompt cache
srv   prompt_save:  - saving prompt with length 161, total state size = 1.299 MiB
srv         alloc:  - prompt is already in the cache, skipping
srv          load:  - looking for better prompt, base f_keep = 0.068, sim = 0.117
srv          load:  - found better prompt with f_keep = 0.425, sim = 1.000
srv        update:  - cache state: 8 prompts, 20.069 MiB (limits: 8192.000 MiB, 2048 tokens, 760044 est)
srv        update:    - prompt 0xdf2190:     165 tokens, checkpoints:  0,     1.331 MiB
srv        update:    - prompt 0xfffd88003c20:     161 tokens, checkpoints:  0,     1.299 MiB
srv        update:    - prompt 0xdeede0:     214 tokens, checkpoints:  2,     2.295 MiB
srv        update:    - prompt 0xdf8fc0:     286 tokens, checkpoints:  2,     3.306 MiB
srv        update:    - prompt 0xe02bd0:     439 tokens, checkpoints:  2,     5.455 MiB
srv        update:    - prompt 0xc6e500:     381 tokens, checkpoints:  2,     4.640 MiB
srv        update:    - prompt 0xdfd9e0:      42 tokens, checkpoints:  0,     0.339 MiB
srv        update:    - prompt 0xc7c180:     174 tokens, checkpoints:  0,     1.404 MiB
srv  get_availabl: prompt cache update took 1.18 ms
slot launch_slot_: id  0 | task -1 | sampler chain: logits -> ?penalties -> ?dry -> ?top-n-sigma -> top-k -> ?typical -> ?top-p -> min-p -> ?xtc -> temp-ext -> dist 
slot launch_slot_: id  0 | task 1474 | processing task, is_child = 0
slot update_slots: id  0 | task 1474 | new prompt, n_ctx_slot = 2048, n_keep = 0, task.n_tokens = 94
slot update_slots: id  0 | task 1474 | n_past = 94, slot.prompt.tokens.size() = 221, seq_id = 0, pos_min = 0, n_swa = 512
slot update_slots: id  0 | task 1474 | Checking checkpoint with [0, 89] against 0...
slot update_slots: id  0 | task 1474 | restored context checkpoint (pos_min = 0, pos_max = 89, n_tokens = 90, n_past = 89, size = 0.538 MiB)
slot update_slots: id  0 | task 1474 | n_tokens = 89, memory_seq_rm [89, end)
slot update_slots: id  0 | task 1474 | prompt processing progress, n_tokens = 90, batch.n_tokens = 1, progress = 0.957447
slot update_slots: id  0 | task 1474 | n_tokens = 90, memory_seq_rm [90, end)
slot init_sampler: id  0 | task 1474 | init sampler, took 0.06 ms, tokens: text = 94, total = 94
slot update_slots: id  0 | task 1474 | prompt processing done, n_tokens = 94, batch.n_tokens = 4
srv  log_server_r: done request: POST /v1/chat/completions 127.0.0.1 200
slot print_timing: id  0 | task 1474 | 
prompt eval time =     438.40 ms /     5 tokens (   87.68 ms per token,    11.41 tokens per second)
       eval time =   19452.15 ms /   128 tokens (  151.97 ms per token,     6.58 tokens per second)
      total time =   19890.55 ms /   133 tokens
slot      release: id  0 | task 1474 | stop processing: n_tokens = 221, truncated = 0
srv  update_slots: all slots are idle
srv  params_from_: Chat format: peg-gemma4
slot get_availabl: id  0 | task -1 | selected slot by LCP similarity, sim_best = 0.138 (> 0.100 thold), f_keep = 0.054
srv  get_availabl: updating prompt cache
srv   prompt_save:  - saving prompt with length 221, total state size = 1.783 MiB
srv          load:  - looking for better prompt, base f_keep = 0.054, sim = 0.138
srv          load:  - found better prompt with f_keep = 0.407, sim = 1.000
srv        update:  - cache state: 8 prompts, 20.095 MiB (limits: 8192.000 MiB, 2048 tokens, 761911 est)
srv        update:    - prompt 0xdf2190:     165 tokens, checkpoints:  0,     1.331 MiB
srv        update:    - prompt 0xfffd88003c20:     161 tokens, checkpoints:  0,     1.299 MiB
srv        update:    - prompt 0xdf8fc0:     286 tokens, checkpoints:  2,     3.306 MiB
srv        update:    - prompt 0xe02bd0:     439 tokens, checkpoints:  2,     5.455 MiB
srv        update:    - prompt 0xc6e500:     381 tokens, checkpoints:  2,     4.640 MiB
srv        update:    - prompt 0xdfd9e0:      42 tokens, checkpoints:  0,     0.339 MiB
srv        update:    - prompt 0xc7c180:     174 tokens, checkpoints:  0,     1.404 MiB
srv        update:    - prompt 0xded240:     221 tokens, checkpoints:  1,     2.321 MiB
srv  get_availabl: prompt cache update took 1.75 ms
slot launch_slot_: id  0 | task -1 | sampler chain: logits -> ?penalties -> ?dry -> ?top-n-sigma -> top-k -> ?typical -> ?top-p -> min-p -> ?xtc -> temp-ext -> dist 
slot launch_slot_: id  0 | task 1604 | processing task, is_child = 0
slot update_slots: id  0 | task 1604 | new prompt, n_ctx_slot = 2048, n_keep = 0, task.n_tokens = 87
slot update_slots: id  0 | task 1604 | n_past = 87, slot.prompt.tokens.size() = 214, seq_id = 0, pos_min = 0, n_swa = 512
slot update_slots: id  0 | task 1604 | Checking checkpoint with [0, 82] against 0...
slot update_slots: id  0 | task 1604 | restored context checkpoint (pos_min = 0, pos_max = 82, n_tokens = 83, n_past = 82, size = 0.497 MiB)
slot update_slots: id  0 | task 1604 | n_tokens = 82, memory_seq_rm [82, end)
slot update_slots: id  0 | task 1604 | prompt processing progress, n_tokens = 83, batch.n_tokens = 1, progress = 0.954023
slot update_slots: id  0 | task 1604 | n_tokens = 83, memory_seq_rm [83, end)
slot init_sampler: id  0 | task 1604 | init sampler, took 0.05 ms, tokens: text = 87, total = 87
slot update_slots: id  0 | task 1604 | prompt processing done, n_tokens = 87, batch.n_tokens = 4
srv  log_server_r: done request: POST /v1/chat/completions 127.0.0.1 200
slot print_timing: id  0 | task 1604 | 
prompt eval time =     435.21 ms /     5 tokens (   87.04 ms per token,    11.49 tokens per second)
       eval time =   19356.75 ms /   128 tokens (  151.22 ms per token,     6.61 tokens per second)
      total time =   19791.97 ms /   133 tokens
slot      release: id  0 | task 1604 | stop processing: n_tokens = 214, truncated = 0
srv  update_slots: all slots are idle
srv  params_from_: Chat format: peg-gemma4
slot get_availabl: id  0 | task -1 | selected slot by LRU, t_last = 124518910601
srv  get_availabl: updating prompt cache
srv   prompt_save:  - saving prompt with length 214, total state size = 1.726 MiB
srv          load:  - looking for better prompt, base f_keep = 0.051, sim = 0.069
srv          load:  - found better prompt with f_keep = 0.556, sim = 1.000
srv        update:  - cache state: 8 prompts, 19.084 MiB (limits: 8192.000 MiB, 2048 tokens, 771368 est)
srv        update:    - prompt 0xdf2190:     165 tokens, checkpoints:  0,     1.331 MiB
srv        update:    - prompt 0xfffd88003c20:     161 tokens, checkpoints:  0,     1.299 MiB
srv        update:    - prompt 0xe02bd0:     439 tokens, checkpoints:  2,     5.455 MiB
srv        update:    - prompt 0xc6e500:     381 tokens, checkpoints:  2,     4.640 MiB
srv        update:    - prompt 0xdfd9e0:      42 tokens, checkpoints:  0,     0.339 MiB
srv        update:    - prompt 0xc7c180:     174 tokens, checkpoints:  0,     1.404 MiB
srv        update:    - prompt 0xded240:     221 tokens, checkpoints:  1,     2.321 MiB
srv        update:    - prompt 0xdeede0:     214 tokens, checkpoints:  2,     2.295 MiB
srv  get_availabl: prompt cache update took 1.91 ms
slot launch_slot_: id  0 | task -1 | sampler chain: logits -> ?penalties -> ?dry -> ?top-n-sigma -> top-k -> ?typical -> ?top-p -> min-p -> ?xtc -> temp-ext -> dist 
slot launch_slot_: id  0 | task 1734 | processing task, is_child = 0
slot update_slots: id  0 | task 1734 | new prompt, n_ctx_slot = 2048, n_keep = 0, task.n_tokens = 159
slot update_slots: id  0 | task 1734 | n_past = 159, slot.prompt.tokens.size() = 286, seq_id = 0, pos_min = 0, n_swa = 512
slot update_slots: id  0 | task 1734 | Checking checkpoint with [0, 154] against 0...
slot update_slots: id  0 | task 1734 | restored context checkpoint (pos_min = 0, pos_max = 154, n_tokens = 155, n_past = 154, size = 0.927 MiB)
slot update_slots: id  0 | task 1734 | n_tokens = 154, memory_seq_rm [154, end)
slot update_slots: id  0 | task 1734 | prompt processing progress, n_tokens = 155, batch.n_tokens = 1, progress = 0.974843
slot update_slots: id  0 | task 1734 | n_tokens = 155, memory_seq_rm [155, end)
slot init_sampler: id  0 | task 1734 | init sampler, took 0.08 ms, tokens: text = 159, total = 159
slot update_slots: id  0 | task 1734 | prompt processing done, n_tokens = 159, batch.n_tokens = 4
srv  log_server_r: done request: POST /v1/chat/completions 127.0.0.1 200
slot print_timing: id  0 | task 1734 | 
prompt eval time =     478.58 ms /     5 tokens (   95.72 ms per token,    10.45 tokens per second)
       eval time =   20885.48 ms /   128 tokens (  163.17 ms per token,     6.13 tokens per second)
      total time =   21364.06 ms /   133 tokens
slot      release: id  0 | task 1734 | stop processing: n_tokens = 286, truncated = 0
srv  update_slots: all slots are idle
srv  params_from_: Chat format: peg-gemma4
slot get_availabl: id  0 | task -1 | selected slot by LRU, t_last = 124540285997
srv  get_availabl: updating prompt cache
srv   prompt_save:  - saving prompt with length 286, total state size = 2.307 MiB
srv          load:  - looking for better prompt, base f_keep = 0.038, sim = 0.035
srv          load:  - found better prompt with f_keep = 0.711, sim = 1.000
srv        update:  - cache state: 8 prompts, 16.936 MiB (limits: 8192.000 MiB, 2048 tokens, 795214 est)
srv        update:    - prompt 0xdf2190:     165 tokens, checkpoints:  0,     1.331 MiB
srv        update:    - prompt 0xfffd88003c20:     161 tokens, checkpoints:  0,     1.299 MiB
srv        update:    - prompt 0xc6e500:     381 tokens, checkpoints:  2,     4.640 MiB
srv        update:    - prompt 0xdfd9e0:      42 tokens, checkpoints:  0,     0.339 MiB
srv        update:    - prompt 0xc7c180:     174 tokens, checkpoints:  0,     1.404 MiB
srv        update:    - prompt 0xded240:     221 tokens, checkpoints:  1,     2.321 MiB
srv        update:    - prompt 0xdeede0:     214 tokens, checkpoints:  2,     2.295 MiB
srv        update:    - prompt 0xdf8fc0:     286 tokens, checkpoints:  2,     3.306 MiB
srv  get_availabl: prompt cache update took 2.49 ms
slot launch_slot_: id  0 | task -1 | sampler chain: logits -> ?penalties -> ?dry -> ?top-n-sigma -> top-k -> ?typical -> ?top-p -> min-p -> ?xtc -> temp-ext -> dist 
slot launch_slot_: id  0 | task 1864 | processing task, is_child = 0
slot update_slots: id  0 | task 1864 | new prompt, n_ctx_slot = 2048, n_keep = 0, task.n_tokens = 312
slot update_slots: id  0 | task 1864 | n_past = 312, slot.prompt.tokens.size() = 439, seq_id = 0, pos_min = 0, n_swa = 512
slot update_slots: id  0 | task 1864 | Checking checkpoint with [0, 307] against 0...
slot update_slots: id  0 | task 1864 | restored context checkpoint (pos_min = 0, pos_max = 307, n_tokens = 308, n_past = 307, size = 1.842 MiB)
slot update_slots: id  0 | task 1864 | n_tokens = 307, memory_seq_rm [307, end)
slot update_slots: id  0 | task 1864 | prompt processing progress, n_tokens = 308, batch.n_tokens = 1, progress = 0.987179
slot update_slots: id  0 | task 1864 | n_tokens = 308, memory_seq_rm [308, end)
slot init_sampler: id  0 | task 1864 | init sampler, took 0.15 ms, tokens: text = 312, total = 312
slot update_slots: id  0 | task 1864 | prompt processing done, n_tokens = 312, batch.n_tokens = 4
srv  log_server_r: done request: POST /v1/chat/completions 127.0.0.1 200
slot print_timing: id  0 | task 1864 | 
prompt eval time =     553.31 ms /     5 tokens (  110.66 ms per token,     9.04 tokens per second)
       eval time =   23844.37 ms /   128 tokens (  186.28 ms per token,     5.37 tokens per second)
      total time =   24397.68 ms /   133 tokens
slot      release: id  0 | task 1864 | stop processing: n_tokens = 439, truncated = 0
srv  update_slots: all slots are idle
srv  params_from_: Chat format: peg-gemma4
slot get_availabl: id  0 | task -1 | selected slot by LRU, t_last = 124564697806
srv  get_availabl: updating prompt cache
srv   prompt_save:  - saving prompt with length 439, total state size = 3.541 MiB
srv          load:  - looking for better prompt, base f_keep = 0.025, sim = 0.043
srv          load:  - found better prompt with f_keep = 0.667, sim = 1.000
srv        update:  - cache state: 8 prompts, 17.750 MiB (limits: 8192.000 MiB, 2048 tokens, 785495 est)
srv        update:    - prompt 0xdf2190:     165 tokens, checkpoints:  0,     1.331 MiB
srv        update:    - prompt 0xfffd88003c20:     161 tokens, checkpoints:  0,     1.299 MiB
srv        update:    - prompt 0xdfd9e0:      42 tokens, checkpoints:  0,     0.339 MiB
srv        update:    - prompt 0xc7c180:     174 tokens, checkpoints:  0,     1.404 MiB
srv        update:    - prompt 0xded240:     221 tokens, checkpoints:  1,     2.321 MiB
srv        update:    - prompt 0xdeede0:     214 tokens, checkpoints:  2,     2.295 MiB
srv        update:    - prompt 0xdf8fc0:     286 tokens, checkpoints:  2,     3.306 MiB
srv        update:    - prompt 0xe02bd0:     439 tokens, checkpoints:  2,     5.455 MiB
srv  get_availabl: prompt cache update took 3.09 ms
slot launch_slot_: id  0 | task -1 | sampler chain: logits -> ?penalties -> ?dry -> ?top-n-sigma -> top-k -> ?typical -> ?top-p -> min-p -> ?xtc -> temp-ext -> dist 
slot launch_slot_: id  0 | task 1994 | processing task, is_child = 0
slot update_slots: id  0 | task 1994 | new prompt, n_ctx_slot = 2048, n_keep = 0, task.n_tokens = 254
slot update_slots: id  0 | task 1994 | n_past = 254, slot.prompt.tokens.size() = 381, seq_id = 0, pos_min = 0, n_swa = 512
slot update_slots: id  0 | task 1994 | Checking checkpoint with [0, 249] against 0...
slot update_slots: id  0 | task 1994 | restored context checkpoint (pos_min = 0, pos_max = 249, n_tokens = 250, n_past = 249, size = 1.495 MiB)
slot update_slots: id  0 | task 1994 | n_tokens = 249, memory_seq_rm [249, end)
slot update_slots: id  0 | task 1994 | prompt processing progress, n_tokens = 250, batch.n_tokens = 1, progress = 0.984252
slot update_slots: id  0 | task 1994 | n_tokens = 250, memory_seq_rm [250, end)
slot init_sampler: id  0 | task 1994 | init sampler, took 0.14 ms, tokens: text = 254, total = 254
slot update_slots: id  0 | task 1994 | prompt processing done, n_tokens = 254, batch.n_tokens = 4
srv  log_server_r: done request: POST /v1/chat/completions 127.0.0.1 200
slot print_timing: id  0 | task 1994 | 
prompt eval time =     525.33 ms /     5 tokens (  105.07 ms per token,     9.52 tokens per second)
       eval time =   23015.69 ms /   128 tokens (  179.81 ms per token,     5.56 tokens per second)
      total time =   23541.02 ms /   133 tokens
slot      release: id  0 | task 1994 | stop processing: n_tokens = 381, truncated = 0
srv  update_slots: all slots are idle
srv  params_from_: Chat format: peg-gemma4
slot get_availabl: id  0 | task -1 | selected slot by LCP similarity, sim_best = 0.478 (> 0.100 thold), f_keep = 0.029
srv  get_availabl: updating prompt cache
srv   prompt_save:  - saving prompt with length 381, total state size = 3.073 MiB
srv          load:  - looking for better prompt, base f_keep = 0.029, sim = 0.478
srv          load:  - found better prompt with f_keep = 0.548, sim = 1.000
srv        update:  - cache state: 8 prompts, 22.051 MiB (limits: 8192.000 MiB, 2048 tokens, 758230 est)
srv        update:    - prompt 0xdf2190:     165 tokens, checkpoints:  0,     1.331 MiB
srv        update:    - prompt 0xfffd88003c20:     161 tokens, checkpoints:  0,     1.299 MiB
srv        update:    - prompt 0xc7c180:     174 tokens, checkpoints:  0,     1.404 MiB
srv        update:    - prompt 0xded240:     221 tokens, checkpoints:  1,     2.321 MiB
srv        update:    - prompt 0xdeede0:     214 tokens, checkpoints:  2,     2.295 MiB
srv        update:    - prompt 0xdf8fc0:     286 tokens, checkpoints:  2,     3.306 MiB
srv        update:    - prompt 0xe02bd0:     439 tokens, checkpoints:  2,     5.455 MiB
srv        update:    - prompt 0xc6e500:     381 tokens, checkpoints:  2,     4.640 MiB
srv  get_availabl: prompt cache update took 1.97 ms
slot launch_slot_: id  0 | task -1 | sampler chain: logits -> ?penalties -> ?dry -> ?top-n-sigma -> top-k -> ?typical -> ?top-p -> min-p -> ?xtc -> temp-ext -> dist 
slot launch_slot_: id  0 | task 2124 | processing task, is_child = 0
slot update_slots: id  0 | task 2124 | new prompt, n_ctx_slot = 2048, n_keep = 0, task.n_tokens = 23
slot update_slots: id  0 | task 2124 | n_past = 23, slot.prompt.tokens.size() = 42, seq_id = 0, pos_min = 0, n_swa = 512
slot update_slots: id  0 | task 2124 | forcing full prompt re-processing due to lack of cache data (likely due to SWA or hybrid/recurrent memory, see https://github.com/ggml-org/llama.cpp/pull/13194#issuecomment-2868343055)
slot update_slots: id  0 | task 2124 | n_tokens = 0, memory_seq_rm [0, end)
slot update_slots: id  0 | task 2124 | prompt processing progress, n_tokens = 19, batch.n_tokens = 19, progress = 0.826087
slot update_slots: id  0 | task 2124 | n_tokens = 19, memory_seq_rm [19, end)
slot init_sampler: id  0 | task 2124 | init sampler, took 0.02 ms, tokens: text = 23, total = 23
slot update_slots: id  0 | task 2124 | prompt processing done, n_tokens = 23, batch.n_tokens = 4
srv  log_server_r: done request: POST /v1/chat/completions 127.0.0.1 200
slot print_timing: id  0 | task 2124 | 
prompt eval time =    1423.68 ms /    23 tokens (   61.90 ms per token,    16.16 tokens per second)
       eval time =    2520.41 ms /    20 tokens (  126.02 ms per token,     7.94 tokens per second)
      total time =    3944.09 ms /    43 tokens
slot      release: id  0 | task 2124 | stop processing: n_tokens = 42, truncated = 0
srv  update_slots: all slots are idle
srv  params_from_: Chat format: peg-gemma4
slot get_availabl: id  0 | task -1 | selected slot by LCP similarity, sim_best = 0.234 (> 0.100 thold), f_keep = 0.262
srv  get_availabl: updating prompt cache
srv   prompt_save:  - saving prompt with length 42, total state size = 0.339 MiB
srv          load:  - looking for better prompt, base f_keep = 0.262, sim = 0.234
srv          load:  - found better prompt with f_keep = 0.270, sim = 1.000
srv        update:  - cache state: 8 prompts, 20.987 MiB (limits: 8192.000 MiB, 2048 tokens, 745163 est)
srv        update:    - prompt 0xdf2190:     165 tokens, checkpoints:  0,     1.331 MiB
srv        update:    - prompt 0xfffd88003c20:     161 tokens, checkpoints:  0,     1.299 MiB
srv        update:    - prompt 0xded240:     221 tokens, checkpoints:  1,     2.321 MiB
srv        update:    - prompt 0xdeede0:     214 tokens, checkpoints:  2,     2.295 MiB
srv        update:    - prompt 0xdf8fc0:     286 tokens, checkpoints:  2,     3.306 MiB
srv        update:    - prompt 0xe02bd0:     439 tokens, checkpoints:  2,     5.455 MiB
srv        update:    - prompt 0xc6e500:     381 tokens, checkpoints:  2,     4.640 MiB
srv        update:    - prompt 0xfffd6c003c20:      42 tokens, checkpoints:  0,     0.339 MiB
srv  get_availabl: prompt cache update took 0.97 ms
slot launch_slot_: id  0 | task -1 | sampler chain: logits -> ?penalties -> ?dry -> ?top-n-sigma -> top-k -> ?typical -> ?top-p -> min-p -> ?xtc -> temp-ext -> dist 
slot launch_slot_: id  0 | task 2146 | processing task, is_child = 0
slot update_slots: id  0 | task 2146 | new prompt, n_ctx_slot = 2048, n_keep = 0, task.n_tokens = 47
slot update_slots: id  0 | task 2146 | n_past = 47, slot.prompt.tokens.size() = 174, seq_id = 0, pos_min = 0, n_swa = 512
slot update_slots: id  0 | task 2146 | forcing full prompt re-processing due to lack of cache data (likely due to SWA or hybrid/recurrent memory, see https://github.com/ggml-org/llama.cpp/pull/13194#issuecomment-2868343055)
slot update_slots: id  0 | task 2146 | n_tokens = 0, memory_seq_rm [0, end)
slot update_slots: id  0 | task 2146 | prompt processing progress, n_tokens = 43, batch.n_tokens = 43, progress = 0.914894
slot update_slots: id  0 | task 2146 | n_tokens = 43, memory_seq_rm [43, end)
slot init_sampler: id  0 | task 2146 | init sampler, took 0.03 ms, tokens: text = 47, total = 47
slot update_slots: id  0 | task 2146 | prompt processing done, n_tokens = 47, batch.n_tokens = 4
srv  log_server_r: done request: POST /v1/chat/completions 127.0.0.1 200
slot print_timing: id  0 | task 2146 | 
prompt eval time =    2781.64 ms /    47 tokens (   59.18 ms per token,    16.90 tokens per second)
       eval time =   18405.84 ms /   128 tokens (  143.80 ms per token,     6.95 tokens per second)
      total time =   21187.48 ms /   175 tokens
slot      release: id  0 | task 2146 | stop processing: n_tokens = 174, truncated = 0
srv  update_slots: all slots are idle
srv  params_from_: Chat format: peg-gemma4
slot get_availabl: id  0 | task -1 | selected slot by LCP similarity, sim_best = 0.289 (> 0.100 thold), f_keep = 0.063
srv  get_availabl: updating prompt cache
srv   prompt_save:  - saving prompt with length 174, total state size = 1.404 MiB
srv          load:  - looking for better prompt, base f_keep = 0.063, sim = 0.289
srv        update:  - cache state: 9 prompts, 22.390 MiB (limits: 8192.000 MiB, 2048 tokens, 762107 est)
srv        update:    - prompt 0xdf2190:     165 tokens, checkpoints:  0,     1.331 MiB
srv        update:    - prompt 0xfffd88003c20:     161 tokens, checkpoints:  0,     1.299 MiB
srv        update:    - prompt 0xded240:     221 tokens, checkpoints:  1,     2.321 MiB
srv        update:    - prompt 0xdeede0:     214 tokens, checkpoints:  2,     2.295 MiB
srv        update:    - prompt 0xdf8fc0:     286 tokens, checkpoints:  2,     3.306 MiB
srv        update:    - prompt 0xe02bd0:     439 tokens, checkpoints:  2,     5.455 MiB
srv        update:    - prompt 0xc6e500:     381 tokens, checkpoints:  2,     4.640 MiB
srv        update:    - prompt 0xfffd6c003c20:      42 tokens, checkpoints:  0,     0.339 MiB
srv        update:    - prompt 0xc7c180:     174 tokens, checkpoints:  0,     1.404 MiB
srv  get_availabl: prompt cache update took 0.50 ms
slot launch_slot_: id  0 | task -1 | sampler chain: logits -> ?penalties -> ?dry -> ?top-n-sigma -> top-k -> ?typical -> ?top-p -> min-p -> ?xtc -> temp-ext -> dist 
slot launch_slot_: id  0 | task 2276 | processing task, is_child = 0
slot update_slots: id  0 | task 2276 | new prompt, n_ctx_slot = 2048, n_keep = 0, task.n_tokens = 38
slot update_slots: id  0 | task 2276 | n_past = 11, slot.prompt.tokens.size() = 174, seq_id = 0, pos_min = 0, n_swa = 512
slot update_slots: id  0 | task 2276 | forcing full prompt re-processing due to lack of cache data (likely due to SWA or hybrid/recurrent memory, see https://github.com/ggml-org/llama.cpp/pull/13194#issuecomment-2868343055)
slot update_slots: id  0 | task 2276 | n_tokens = 0, memory_seq_rm [0, end)
slot update_slots: id  0 | task 2276 | prompt processing progress, n_tokens = 34, batch.n_tokens = 34, progress = 0.894737
slot update_slots: id  0 | task 2276 | n_tokens = 34, memory_seq_rm [34, end)
slot init_sampler: id  0 | task 2276 | init sampler, took 0.02 ms, tokens: text = 38, total = 38
slot update_slots: id  0 | task 2276 | prompt processing done, n_tokens = 38, batch.n_tokens = 4
srv  log_server_r: done request: POST /v1/chat/completions 127.0.0.1 200
slot print_timing: id  0 | task 2276 | 
prompt eval time =    2262.24 ms /    38 tokens (   59.53 ms per token,    16.80 tokens per second)
       eval time =   18395.58 ms /   128 tokens (  143.72 ms per token,     6.96 tokens per second)
      total time =   20657.82 ms /   166 tokens
slot      release: id  0 | task 2276 | stop processing: n_tokens = 165, truncated = 0
srv  update_slots: all slots are idle
srv  params_from_: Chat format: peg-gemma4
slot get_availabl: id  0 | task -1 | selected slot by LCP similarity, sim_best = 0.324 (> 0.100 thold), f_keep = 0.067
srv  get_availabl: updating prompt cache
srv   prompt_save:  - saving prompt with length 165, total state size = 1.331 MiB
srv         alloc:  - prompt is already in the cache, skipping
srv          load:  - looking for better prompt, base f_keep = 0.067, sim = 0.324
srv        update:  - cache state: 9 prompts, 22.390 MiB (limits: 8192.000 MiB, 2048 tokens, 762107 est)
srv        update:    - prompt 0xdf2190:     165 tokens, checkpoints:  0,     1.331 MiB
srv        update:    - prompt 0xfffd88003c20:     161 tokens, checkpoints:  0,     1.299 MiB
srv        update:    - prompt 0xded240:     221 tokens, checkpoints:  1,     2.321 MiB
srv        update:    - prompt 0xdeede0:     214 tokens, checkpoints:  2,     2.295 MiB
srv        update:    - prompt 0xdf8fc0:     286 tokens, checkpoints:  2,     3.306 MiB
srv        update:    - prompt 0xe02bd0:     439 tokens, checkpoints:  2,     5.455 MiB
srv        update:    - prompt 0xc6e500:     381 tokens, checkpoints:  2,     4.640 MiB
srv        update:    - prompt 0xfffd6c003c20:      42 tokens, checkpoints:  0,     0.339 MiB
srv        update:    - prompt 0xc7c180:     174 tokens, checkpoints:  0,     1.404 MiB
srv  get_availabl: prompt cache update took 0.14 ms
slot launch_slot_: id  0 | task -1 | sampler chain: logits -> ?penalties -> ?dry -> ?top-n-sigma -> top-k -> ?typical -> ?top-p -> min-p -> ?xtc -> temp-ext -> dist 
slot launch_slot_: id  0 | task 2406 | processing task, is_child = 0
slot update_slots: id  0 | task 2406 | new prompt, n_ctx_slot = 2048, n_keep = 0, task.n_tokens = 34
slot update_slots: id  0 | task 2406 | n_past = 11, slot.prompt.tokens.size() = 165, seq_id = 0, pos_min = 0, n_swa = 512
slot update_slots: id  0 | task 2406 | forcing full prompt re-processing due to lack of cache data (likely due to SWA or hybrid/recurrent memory, see https://github.com/ggml-org/llama.cpp/pull/13194#issuecomment-2868343055)
slot update_slots: id  0 | task 2406 | n_tokens = 0, memory_seq_rm [0, end)
slot update_slots: id  0 | task 2406 | prompt processing progress, n_tokens = 30, batch.n_tokens = 30, progress = 0.882353
slot update_slots: id  0 | task 2406 | n_tokens = 30, memory_seq_rm [30, end)
slot init_sampler: id  0 | task 2406 | init sampler, took 0.02 ms, tokens: text = 34, total = 34
slot update_slots: id  0 | task 2406 | prompt processing done, n_tokens = 34, batch.n_tokens = 4
srv  log_server_r: done request: POST /v1/chat/completions 127.0.0.1 200
slot print_timing: id  0 | task 2406 | 
prompt eval time =    2073.73 ms /    34 tokens (   60.99 ms per token,    16.40 tokens per second)
       eval time =   18535.63 ms /   128 tokens (  144.81 ms per token,     6.91 tokens per second)
      total time =   20609.36 ms /   162 tokens
slot      release: id  0 | task 2406 | stop processing: n_tokens = 161, truncated = 0
srv  update_slots: all slots are idle
srv  params_from_: Chat format: peg-gemma4
slot get_availabl: id  0 | task -1 | selected slot by LCP similarity, sim_best = 0.117 (> 0.100 thold), f_keep = 0.068
srv  get_availabl: updating prompt cache
srv   prompt_save:  - saving prompt with length 161, total state size = 1.299 MiB
srv         alloc:  - prompt is already in the cache, skipping
srv          load:  - looking for better prompt, base f_keep = 0.068, sim = 0.117
srv          load:  - found better prompt with f_keep = 0.425, sim = 1.000
srv        update:  - cache state: 8 prompts, 20.069 MiB (limits: 8192.000 MiB, 2048 tokens, 760044 est)
srv        update:    - prompt 0xdf2190:     165 tokens, checkpoints:  0,     1.331 MiB
srv        update:    - prompt 0xfffd88003c20:     161 tokens, checkpoints:  0,     1.299 MiB
srv        update:    - prompt 0xdeede0:     214 tokens, checkpoints:  2,     2.295 MiB
srv        update:    - prompt 0xdf8fc0:     286 tokens, checkpoints:  2,     3.306 MiB
srv        update:    - prompt 0xe02bd0:     439 tokens, checkpoints:  2,     5.455 MiB
srv        update:    - prompt 0xc6e500:     381 tokens, checkpoints:  2,     4.640 MiB
srv        update:    - prompt 0xfffd6c003c20:      42 tokens, checkpoints:  0,     0.339 MiB
srv        update:    - prompt 0xc7c180:     174 tokens, checkpoints:  0,     1.404 MiB
srv  get_availabl: prompt cache update took 1.23 ms
slot launch_slot_: id  0 | task -1 | sampler chain: logits -> ?penalties -> ?dry -> ?top-n-sigma -> top-k -> ?typical -> ?top-p -> min-p -> ?xtc -> temp-ext -> dist 
slot launch_slot_: id  0 | task 2536 | processing task, is_child = 0
slot update_slots: id  0 | task 2536 | new prompt, n_ctx_slot = 2048, n_keep = 0, task.n_tokens = 94
slot update_slots: id  0 | task 2536 | n_past = 94, slot.prompt.tokens.size() = 221, seq_id = 0, pos_min = 0, n_swa = 512
slot update_slots: id  0 | task 2536 | Checking checkpoint with [0, 89] against 0...
slot update_slots: id  0 | task 2536 | restored context checkpoint (pos_min = 0, pos_max = 89, n_tokens = 90, n_past = 89, size = 0.538 MiB)
slot update_slots: id  0 | task 2536 | n_tokens = 89, memory_seq_rm [89, end)
slot update_slots: id  0 | task 2536 | prompt processing progress, n_tokens = 90, batch.n_tokens = 1, progress = 0.957447
slot update_slots: id  0 | task 2536 | n_tokens = 90, memory_seq_rm [90, end)
slot init_sampler: id  0 | task 2536 | init sampler, took 0.05 ms, tokens: text = 94, total = 94
slot update_slots: id  0 | task 2536 | prompt processing done, n_tokens = 94, batch.n_tokens = 4
srv  log_server_r: done request: POST /v1/chat/completions 127.0.0.1 200
slot print_timing: id  0 | task 2536 | 
prompt eval time =     439.70 ms /     5 tokens (   87.94 ms per token,    11.37 tokens per second)
       eval time =   19571.40 ms /   128 tokens (  152.90 ms per token,     6.54 tokens per second)
      total time =   20011.10 ms /   133 tokens
slot      release: id  0 | task 2536 | stop processing: n_tokens = 221, truncated = 0
srv  update_slots: all slots are idle
srv  params_from_: Chat format: peg-gemma4
slot get_availabl: id  0 | task -1 | selected slot by LCP similarity, sim_best = 0.138 (> 0.100 thold), f_keep = 0.054
srv  get_availabl: updating prompt cache
srv   prompt_save:  - saving prompt with length 221, total state size = 1.783 MiB
srv          load:  - looking for better prompt, base f_keep = 0.054, sim = 0.138
srv          load:  - found better prompt with f_keep = 0.407, sim = 1.000
srv        update:  - cache state: 8 prompts, 20.095 MiB (limits: 8192.000 MiB, 2048 tokens, 761911 est)
srv        update:    - prompt 0xdf2190:     165 tokens, checkpoints:  0,     1.331 MiB
srv        update:    - prompt 0xfffd88003c20:     161 tokens, checkpoints:  0,     1.299 MiB
srv        update:    - prompt 0xdf8fc0:     286 tokens, checkpoints:  2,     3.306 MiB
srv        update:    - prompt 0xe02bd0:     439 tokens, checkpoints:  2,     5.455 MiB
srv        update:    - prompt 0xc6e500:     381 tokens, checkpoints:  2,     4.640 MiB
srv        update:    - prompt 0xfffd6c003c20:      42 tokens, checkpoints:  0,     0.339 MiB
srv        update:    - prompt 0xc7c180:     174 tokens, checkpoints:  0,     1.404 MiB
srv        update:    - prompt 0xded240:     221 tokens, checkpoints:  1,     2.321 MiB
srv  get_availabl: prompt cache update took 1.83 ms
slot launch_slot_: id  0 | task -1 | sampler chain: logits -> ?penalties -> ?dry -> ?top-n-sigma -> top-k -> ?typical -> ?top-p -> min-p -> ?xtc -> temp-ext -> dist 
slot launch_slot_: id  0 | task 2666 | processing task, is_child = 0
slot update_slots: id  0 | task 2666 | new prompt, n_ctx_slot = 2048, n_keep = 0, task.n_tokens = 87
slot update_slots: id  0 | task 2666 | n_past = 87, slot.prompt.tokens.size() = 214, seq_id = 0, pos_min = 0, n_swa = 512
slot update_slots: id  0 | task 2666 | Checking checkpoint with [0, 82] against 0...
slot update_slots: id  0 | task 2666 | restored context checkpoint (pos_min = 0, pos_max = 82, n_tokens = 83, n_past = 82, size = 0.497 MiB)
slot update_slots: id  0 | task 2666 | n_tokens = 82, memory_seq_rm [82, end)
slot update_slots: id  0 | task 2666 | prompt processing progress, n_tokens = 83, batch.n_tokens = 1, progress = 0.954023
slot update_slots: id  0 | task 2666 | n_tokens = 83, memory_seq_rm [83, end)
slot init_sampler: id  0 | task 2666 | init sampler, took 0.05 ms, tokens: text = 87, total = 87
slot update_slots: id  0 | task 2666 | prompt processing done, n_tokens = 87, batch.n_tokens = 4
srv  log_server_r: done request: POST /v1/chat/completions 127.0.0.1 200
slot print_timing: id  0 | task 2666 | 
prompt eval time =     435.98 ms /     5 tokens (   87.20 ms per token,    11.47 tokens per second)
       eval time =   19441.43 ms /   128 tokens (  151.89 ms per token,     6.58 tokens per second)
      total time =   19877.41 ms /   133 tokens
slot      release: id  0 | task 2666 | stop processing: n_tokens = 214, truncated = 0
srv  update_slots: all slots are idle
srv  params_from_: Chat format: peg-gemma4
slot get_availabl: id  0 | task -1 | selected slot by LRU, t_last = 124694594344
srv  get_availabl: updating prompt cache
srv   prompt_save:  - saving prompt with length 214, total state size = 1.726 MiB
srv          load:  - looking for better prompt, base f_keep = 0.051, sim = 0.069
srv          load:  - found better prompt with f_keep = 0.556, sim = 1.000
srv        update:  - cache state: 8 prompts, 19.084 MiB (limits: 8192.000 MiB, 2048 tokens, 771368 est)
srv        update:    - prompt 0xdf2190:     165 tokens, checkpoints:  0,     1.331 MiB
srv        update:    - prompt 0xfffd88003c20:     161 tokens, checkpoints:  0,     1.299 MiB
srv        update:    - prompt 0xe02bd0:     439 tokens, checkpoints:  2,     5.455 MiB
srv        update:    - prompt 0xc6e500:     381 tokens, checkpoints:  2,     4.640 MiB
srv        update:    - prompt 0xfffd6c003c20:      42 tokens, checkpoints:  0,     0.339 MiB
srv        update:    - prompt 0xc7c180:     174 tokens, checkpoints:  0,     1.404 MiB
srv        update:    - prompt 0xded240:     221 tokens, checkpoints:  1,     2.321 MiB
srv        update:    - prompt 0xdeede0:     214 tokens, checkpoints:  2,     2.295 MiB
srv  get_availabl: prompt cache update took 1.99 ms
slot launch_slot_: id  0 | task -1 | sampler chain: logits -> ?penalties -> ?dry -> ?top-n-sigma -> top-k -> ?typical -> ?top-p -> min-p -> ?xtc -> temp-ext -> dist 
slot launch_slot_: id  0 | task 2796 | processing task, is_child = 0
slot update_slots: id  0 | task 2796 | new prompt, n_ctx_slot = 2048, n_keep = 0, task.n_tokens = 159
slot update_slots: id  0 | task 2796 | n_past = 159, slot.prompt.tokens.size() = 286, seq_id = 0, pos_min = 0, n_swa = 512
slot update_slots: id  0 | task 2796 | Checking checkpoint with [0, 154] against 0...
slot update_slots: id  0 | task 2796 | restored context checkpoint (pos_min = 0, pos_max = 154, n_tokens = 155, n_past = 154, size = 0.927 MiB)
slot update_slots: id  0 | task 2796 | n_tokens = 154, memory_seq_rm [154, end)
slot update_slots: id  0 | task 2796 | prompt processing progress, n_tokens = 155, batch.n_tokens = 1, progress = 0.974843
slot update_slots: id  0 | task 2796 | n_tokens = 155, memory_seq_rm [155, end)
slot init_sampler: id  0 | task 2796 | init sampler, took 0.08 ms, tokens: text = 159, total = 159
slot update_slots: id  0 | task 2796 | prompt processing done, n_tokens = 159, batch.n_tokens = 4
srv  log_server_r: done request: POST /v1/chat/completions 127.0.0.1 200
slot print_timing: id  0 | task 2796 | 
prompt eval time =     479.17 ms /     5 tokens (   95.83 ms per token,    10.43 tokens per second)
       eval time =   20946.54 ms /   128 tokens (  163.64 ms per token,     6.11 tokens per second)
      total time =   21425.71 ms /   133 tokens
slot      release: id  0 | task 2796 | stop processing: n_tokens = 286, truncated = 0
srv  update_slots: all slots are idle
srv  params_from_: Chat format: peg-gemma4
slot get_availabl: id  0 | task -1 | selected slot by LRU, t_last = 124716031667
srv  get_availabl: updating prompt cache
srv   prompt_save:  - saving prompt with length 286, total state size = 2.307 MiB
srv          load:  - looking for better prompt, base f_keep = 0.038, sim = 0.035
srv          load:  - found better prompt with f_keep = 0.711, sim = 1.000
srv        update:  - cache state: 8 prompts, 16.936 MiB (limits: 8192.000 MiB, 2048 tokens, 795214 est)
srv        update:    - prompt 0xdf2190:     165 tokens, checkpoints:  0,     1.331 MiB
srv        update:    - prompt 0xfffd88003c20:     161 tokens, checkpoints:  0,     1.299 MiB
srv        update:    - prompt 0xc6e500:     381 tokens, checkpoints:  2,     4.640 MiB
srv        update:    - prompt 0xfffd6c003c20:      42 tokens, checkpoints:  0,     0.339 MiB
srv        update:    - prompt 0xc7c180:     174 tokens, checkpoints:  0,     1.404 MiB
srv        update:    - prompt 0xded240:     221 tokens, checkpoints:  1,     2.321 MiB
srv        update:    - prompt 0xdeede0:     214 tokens, checkpoints:  2,     2.295 MiB
srv        update:    - prompt 0xdf8fc0:     286 tokens, checkpoints:  2,     3.306 MiB
srv  get_availabl: prompt cache update took 2.66 ms
slot launch_slot_: id  0 | task -1 | sampler chain: logits -> ?penalties -> ?dry -> ?top-n-sigma -> top-k -> ?typical -> ?top-p -> min-p -> ?xtc -> temp-ext -> dist 
slot launch_slot_: id  0 | task 2926 | processing task, is_child = 0
slot update_slots: id  0 | task 2926 | new prompt, n_ctx_slot = 2048, n_keep = 0, task.n_tokens = 312
slot update_slots: id  0 | task 2926 | n_past = 312, slot.prompt.tokens.size() = 439, seq_id = 0, pos_min = 0, n_swa = 512
slot update_slots: id  0 | task 2926 | Checking checkpoint with [0, 307] against 0...
slot update_slots: id  0 | task 2926 | restored context checkpoint (pos_min = 0, pos_max = 307, n_tokens = 308, n_past = 307, size = 1.842 MiB)
slot update_slots: id  0 | task 2926 | n_tokens = 307, memory_seq_rm [307, end)
slot update_slots: id  0 | task 2926 | prompt processing progress, n_tokens = 308, batch.n_tokens = 1, progress = 0.987179
slot update_slots: id  0 | task 2926 | n_tokens = 308, memory_seq_rm [308, end)
slot init_sampler: id  0 | task 2926 | init sampler, took 0.17 ms, tokens: text = 312, total = 312
slot update_slots: id  0 | task 2926 | prompt processing done, n_tokens = 312, batch.n_tokens = 4
srv  log_server_r: done request: POST /v1/chat/completions 127.0.0.1 200
slot print_timing: id  0 | task 2926 | 
prompt eval time =     555.30 ms /     5 tokens (  111.06 ms per token,     9.00 tokens per second)
       eval time =   23888.18 ms /   128 tokens (  186.63 ms per token,     5.36 tokens per second)
      total time =   24443.48 ms /   133 tokens
slot      release: id  0 | task 2926 | stop processing: n_tokens = 439, truncated = 0
srv  update_slots: all slots are idle
srv  params_from_: Chat format: peg-gemma4
slot get_availabl: id  0 | task -1 | selected slot by LRU, t_last = 124740489452
srv  get_availabl: updating prompt cache
srv   prompt_save:  - saving prompt with length 439, total state size = 3.541 MiB
srv          load:  - looking for better prompt, base f_keep = 0.025, sim = 0.043
srv          load:  - found better prompt with f_keep = 0.667, sim = 1.000
srv        update:  - cache state: 8 prompts, 17.750 MiB (limits: 8192.000 MiB, 2048 tokens, 785495 est)
srv        update:    - prompt 0xdf2190:     165 tokens, checkpoints:  0,     1.331 MiB
srv        update:    - prompt 0xfffd88003c20:     161 tokens, checkpoints:  0,     1.299 MiB
srv        update:    - prompt 0xfffd6c003c20:      42 tokens, checkpoints:  0,     0.339 MiB
srv        update:    - prompt 0xc7c180:     174 tokens, checkpoints:  0,     1.404 MiB
srv        update:    - prompt 0xded240:     221 tokens, checkpoints:  1,     2.321 MiB
srv        update:    - prompt 0xdeede0:     214 tokens, checkpoints:  2,     2.295 MiB
srv        update:    - prompt 0xdf8fc0:     286 tokens, checkpoints:  2,     3.306 MiB
srv        update:    - prompt 0xe02bd0:     439 tokens, checkpoints:  2,     5.455 MiB
srv  get_availabl: prompt cache update took 3.20 ms
slot launch_slot_: id  0 | task -1 | sampler chain: logits -> ?penalties -> ?dry -> ?top-n-sigma -> top-k -> ?typical -> ?top-p -> min-p -> ?xtc -> temp-ext -> dist 
slot launch_slot_: id  0 | task 3056 | processing task, is_child = 0
slot update_slots: id  0 | task 3056 | new prompt, n_ctx_slot = 2048, n_keep = 0, task.n_tokens = 254
slot update_slots: id  0 | task 3056 | n_past = 254, slot.prompt.tokens.size() = 381, seq_id = 0, pos_min = 0, n_swa = 512
slot update_slots: id  0 | task 3056 | Checking checkpoint with [0, 249] against 0...
slot update_slots: id  0 | task 3056 | restored context checkpoint (pos_min = 0, pos_max = 249, n_tokens = 250, n_past = 249, size = 1.495 MiB)
slot update_slots: id  0 | task 3056 | n_tokens = 249, memory_seq_rm [249, end)
slot update_slots: id  0 | task 3056 | prompt processing progress, n_tokens = 250, batch.n_tokens = 1, progress = 0.984252
slot update_slots: id  0 | task 3056 | n_tokens = 250, memory_seq_rm [250, end)
slot init_sampler: id  0 | task 3056 | init sampler, took 0.14 ms, tokens: text = 254, total = 254
slot update_slots: id  0 | task 3056 | prompt processing done, n_tokens = 254, batch.n_tokens = 4
srv  log_server_r: done request: POST /v1/chat/completions 127.0.0.1 200
slot print_timing: id  0 | task 3056 | 
prompt eval time =     526.21 ms /     5 tokens (  105.24 ms per token,     9.50 tokens per second)
       eval time =   23037.31 ms /   128 tokens (  179.98 ms per token,     5.56 tokens per second)
      total time =   23563.53 ms /   133 tokens
slot      release: id  0 | task 3056 | stop processing: n_tokens = 381, truncated = 0
srv  update_slots: all slots are idle
srv  params_from_: Chat format: peg-gemma4
slot get_availabl: id  0 | task -1 | selected slot by LCP similarity, sim_best = 0.478 (> 0.100 thold), f_keep = 0.029
srv  get_availabl: updating prompt cache
srv   prompt_save:  - saving prompt with length 381, total state size = 3.073 MiB
srv          load:  - looking for better prompt, base f_keep = 0.029, sim = 0.478
srv          load:  - found better prompt with f_keep = 0.548, sim = 1.000
srv        update:  - cache state: 8 prompts, 22.051 MiB (limits: 8192.000 MiB, 2048 tokens, 758230 est)
srv        update:    - prompt 0xdf2190:     165 tokens, checkpoints:  0,     1.331 MiB
srv        update:    - prompt 0xfffd88003c20:     161 tokens, checkpoints:  0,     1.299 MiB
srv        update:    - prompt 0xc7c180:     174 tokens, checkpoints:  0,     1.404 MiB
srv        update:    - prompt 0xded240:     221 tokens, checkpoints:  1,     2.321 MiB
srv        update:    - prompt 0xdeede0:     214 tokens, checkpoints:  2,     2.295 MiB
srv        update:    - prompt 0xdf8fc0:     286 tokens, checkpoints:  2,     3.306 MiB
srv        update:    - prompt 0xe02bd0:     439 tokens, checkpoints:  2,     5.455 MiB
srv        update:    - prompt 0xc6e500:     381 tokens, checkpoints:  2,     4.640 MiB
srv  get_availabl: prompt cache update took 1.98 ms
slot launch_slot_: id  0 | task -1 | sampler chain: logits -> ?penalties -> ?dry -> ?top-n-sigma -> top-k -> ?typical -> ?top-p -> min-p -> ?xtc -> temp-ext -> dist 
slot launch_slot_: id  0 | task 3186 | processing task, is_child = 0
slot update_slots: id  0 | task 3186 | new prompt, n_ctx_slot = 2048, n_keep = 0, task.n_tokens = 23
slot update_slots: id  0 | task 3186 | n_past = 23, slot.prompt.tokens.size() = 42, seq_id = 0, pos_min = 0, n_swa = 512
slot update_slots: id  0 | task 3186 | forcing full prompt re-processing due to lack of cache data (likely due to SWA or hybrid/recurrent memory, see https://github.com/ggml-org/llama.cpp/pull/13194#issuecomment-2868343055)
slot update_slots: id  0 | task 3186 | n_tokens = 0, memory_seq_rm [0, end)
slot update_slots: id  0 | task 3186 | prompt processing progress, n_tokens = 19, batch.n_tokens = 19, progress = 0.826087
slot update_slots: id  0 | task 3186 | n_tokens = 19, memory_seq_rm [19, end)
slot init_sampler: id  0 | task 3186 | init sampler, took 0.02 ms, tokens: text = 23, total = 23
slot update_slots: id  0 | task 3186 | prompt processing done, n_tokens = 23, batch.n_tokens = 4
srv  log_server_r: done request: POST /v1/chat/completions 127.0.0.1 200
slot print_timing: id  0 | task 3186 | 
prompt eval time =    1425.40 ms /    23 tokens (   61.97 ms per token,    16.14 tokens per second)
       eval time =    2540.72 ms /    20 tokens (  127.04 ms per token,     7.87 tokens per second)
      total time =    3966.12 ms /    43 tokens
slot      release: id  0 | task 3186 | stop processing: n_tokens = 42, truncated = 0
srv  update_slots: all slots are idle
srv  params_from_: Chat format: peg-gemma4
slot get_availabl: id  0 | task -1 | selected slot by LCP similarity, sim_best = 0.234 (> 0.100 thold), f_keep = 0.262
srv  get_availabl: updating prompt cache
srv   prompt_save:  - saving prompt with length 42, total state size = 0.339 MiB
srv          load:  - looking for better prompt, base f_keep = 0.262, sim = 0.234
srv          load:  - found better prompt with f_keep = 0.270, sim = 1.000
srv        update:  - cache state: 8 prompts, 20.987 MiB (limits: 8192.000 MiB, 2048 tokens, 745163 est)
srv        update:    - prompt 0xdf2190:     165 tokens, checkpoints:  0,     1.331 MiB
srv        update:    - prompt 0xfffd88003c20:     161 tokens, checkpoints:  0,     1.299 MiB
srv        update:    - prompt 0xded240:     221 tokens, checkpoints:  1,     2.321 MiB
srv        update:    - prompt 0xdeede0:     214 tokens, checkpoints:  2,     2.295 MiB
srv        update:    - prompt 0xdf8fc0:     286 tokens, checkpoints:  2,     3.306 MiB
srv        update:    - prompt 0xe02bd0:     439 tokens, checkpoints:  2,     5.455 MiB
srv        update:    - prompt 0xc6e500:     381 tokens, checkpoints:  2,     4.640 MiB
srv        update:    - prompt 0xfffd40003c20:      42 tokens, checkpoints:  0,     0.339 MiB
srv  get_availabl: prompt cache update took 1.11 ms
slot launch_slot_: id  0 | task -1 | sampler chain: logits -> ?penalties -> ?dry -> ?top-n-sigma -> top-k -> ?typical -> ?top-p -> min-p -> ?xtc -> temp-ext -> dist 
slot launch_slot_: id  0 | task 3208 | processing task, is_child = 0
slot update_slots: id  0 | task 3208 | new prompt, n_ctx_slot = 2048, n_keep = 0, task.n_tokens = 47
slot update_slots: id  0 | task 3208 | n_past = 47, slot.prompt.tokens.size() = 174, seq_id = 0, pos_min = 0, n_swa = 512
slot update_slots: id  0 | task 3208 | forcing full prompt re-processing due to lack of cache data (likely due to SWA or hybrid/recurrent memory, see https://github.com/ggml-org/llama.cpp/pull/13194#issuecomment-2868343055)
slot update_slots: id  0 | task 3208 | n_tokens = 0, memory_seq_rm [0, end)
slot update_slots: id  0 | task 3208 | prompt processing progress, n_tokens = 43, batch.n_tokens = 43, progress = 0.914894
slot update_slots: id  0 | task 3208 | n_tokens = 43, memory_seq_rm [43, end)
slot init_sampler: id  0 | task 3208 | init sampler, took 0.03 ms, tokens: text = 47, total = 47
slot update_slots: id  0 | task 3208 | prompt processing done, n_tokens = 47, batch.n_tokens = 4
srv  log_server_r: done request: POST /v1/chat/completions 127.0.0.1 200
slot print_timing: id  0 | task 3208 | 
prompt eval time =    2779.10 ms /    47 tokens (   59.13 ms per token,    16.91 tokens per second)
       eval time =   18531.04 ms /   128 tokens (  144.77 ms per token,     6.91 tokens per second)
      total time =   21310.14 ms /   175 tokens
slot      release: id  0 | task 3208 | stop processing: n_tokens = 174, truncated = 0
srv  update_slots: all slots are idle
srv  params_from_: Chat format: peg-gemma4
slot get_availabl: id  0 | task -1 | selected slot by LCP similarity, sim_best = 0.289 (> 0.100 thold), f_keep = 0.063
srv  get_availabl: updating prompt cache
srv   prompt_save:  - saving prompt with length 174, total state size = 1.404 MiB
srv          load:  - looking for better prompt, base f_keep = 0.063, sim = 0.289
srv        update:  - cache state: 9 prompts, 22.390 MiB (limits: 8192.000 MiB, 2048 tokens, 762107 est)
srv        update:    - prompt 0xdf2190:     165 tokens, checkpoints:  0,     1.331 MiB
srv        update:    - prompt 0xfffd88003c20:     161 tokens, checkpoints:  0,     1.299 MiB
srv        update:    - prompt 0xded240:     221 tokens, checkpoints:  1,     2.321 MiB
srv        update:    - prompt 0xdeede0:     214 tokens, checkpoints:  2,     2.295 MiB
srv        update:    - prompt 0xdf8fc0:     286 tokens, checkpoints:  2,     3.306 MiB
srv        update:    - prompt 0xe02bd0:     439 tokens, checkpoints:  2,     5.455 MiB
srv        update:    - prompt 0xc6e500:     381 tokens, checkpoints:  2,     4.640 MiB
srv        update:    - prompt 0xfffd40003c20:      42 tokens, checkpoints:  0,     0.339 MiB
srv        update:    - prompt 0xc7c180:     174 tokens, checkpoints:  0,     1.404 MiB
srv  get_availabl: prompt cache update took 0.58 ms
slot launch_slot_: id  0 | task -1 | sampler chain: logits -> ?penalties -> ?dry -> ?top-n-sigma -> top-k -> ?typical -> ?top-p -> min-p -> ?xtc -> temp-ext -> dist 
slot launch_slot_: id  0 | task 3338 | processing task, is_child = 0
slot update_slots: id  0 | task 3338 | new prompt, n_ctx_slot = 2048, n_keep = 0, task.n_tokens = 38
slot update_slots: id  0 | task 3338 | n_past = 11, slot.prompt.tokens.size() = 174, seq_id = 0, pos_min = 0, n_swa = 512
slot update_slots: id  0 | task 3338 | forcing full prompt re-processing due to lack of cache data (likely due to SWA or hybrid/recurrent memory, see https://github.com/ggml-org/llama.cpp/pull/13194#issuecomment-2868343055)
slot update_slots: id  0 | task 3338 | n_tokens = 0, memory_seq_rm [0, end)
slot update_slots: id  0 | task 3338 | prompt processing progress, n_tokens = 34, batch.n_tokens = 34, progress = 0.894737
slot update_slots: id  0 | task 3338 | n_tokens = 34, memory_seq_rm [34, end)
slot init_sampler: id  0 | task 3338 | init sampler, took 0.03 ms, tokens: text = 38, total = 38
slot update_slots: id  0 | task 3338 | prompt processing done, n_tokens = 38, batch.n_tokens = 4
srv  log_server_r: done request: POST /v1/chat/completions 127.0.0.1 200
slot print_timing: id  0 | task 3338 | 
prompt eval time =    2262.32 ms /    38 tokens (   59.53 ms per token,    16.80 tokens per second)
       eval time =   18520.22 ms /   128 tokens (  144.69 ms per token,     6.91 tokens per second)
      total time =   20782.54 ms /   166 tokens
slot      release: id  0 | task 3338 | stop processing: n_tokens = 165, truncated = 0
srv  update_slots: all slots are idle
srv  params_from_: Chat format: peg-gemma4
slot get_availabl: id  0 | task -1 | selected slot by LCP similarity, sim_best = 0.324 (> 0.100 thold), f_keep = 0.067
srv  get_availabl: updating prompt cache
srv   prompt_save:  - saving prompt with length 165, total state size = 1.331 MiB
srv         alloc:  - prompt is already in the cache, skipping
srv          load:  - looking for better prompt, base f_keep = 0.067, sim = 0.324
srv        update:  - cache state: 9 prompts, 22.390 MiB (limits: 8192.000 MiB, 2048 tokens, 762107 est)
srv        update:    - prompt 0xdf2190:     165 tokens, checkpoints:  0,     1.331 MiB
srv        update:    - prompt 0xfffd88003c20:     161 tokens, checkpoints:  0,     1.299 MiB
srv        update:    - prompt 0xded240:     221 tokens, checkpoints:  1,     2.321 MiB
srv        update:    - prompt 0xdeede0:     214 tokens, checkpoints:  2,     2.295 MiB
srv        update:    - prompt 0xdf8fc0:     286 tokens, checkpoints:  2,     3.306 MiB
srv        update:    - prompt 0xe02bd0:     439 tokens, checkpoints:  2,     5.455 MiB
srv        update:    - prompt 0xc6e500:     381 tokens, checkpoints:  2,     4.640 MiB
srv        update:    - prompt 0xfffd40003c20:      42 tokens, checkpoints:  0,     0.339 MiB
srv        update:    - prompt 0xc7c180:     174 tokens, checkpoints:  0,     1.404 MiB
srv  get_availabl: prompt cache update took 0.15 ms
slot launch_slot_: id  0 | task -1 | sampler chain: logits -> ?penalties -> ?dry -> ?top-n-sigma -> top-k -> ?typical -> ?top-p -> min-p -> ?xtc -> temp-ext -> dist 
slot launch_slot_: id  0 | task 3468 | processing task, is_child = 0
slot update_slots: id  0 | task 3468 | new prompt, n_ctx_slot = 2048, n_keep = 0, task.n_tokens = 34
slot update_slots: id  0 | task 3468 | n_past = 11, slot.prompt.tokens.size() = 165, seq_id = 0, pos_min = 0, n_swa = 512
slot update_slots: id  0 | task 3468 | forcing full prompt re-processing due to lack of cache data (likely due to SWA or hybrid/recurrent memory, see https://github.com/ggml-org/llama.cpp/pull/13194#issuecomment-2868343055)
slot update_slots: id  0 | task 3468 | n_tokens = 0, memory_seq_rm [0, end)
slot update_slots: id  0 | task 3468 | prompt processing progress, n_tokens = 30, batch.n_tokens = 30, progress = 0.882353
slot update_slots: id  0 | task 3468 | n_tokens = 30, memory_seq_rm [30, end)
slot init_sampler: id  0 | task 3468 | init sampler, took 0.02 ms, tokens: text = 34, total = 34
slot update_slots: id  0 | task 3468 | prompt processing done, n_tokens = 34, batch.n_tokens = 4
srv  log_server_r: done request: POST /v1/chat/completions 127.0.0.1 200
slot print_timing: id  0 | task 3468 | 
prompt eval time =    2075.27 ms /    34 tokens (   61.04 ms per token,    16.38 tokens per second)
       eval time =   18540.52 ms /   128 tokens (  144.85 ms per token,     6.90 tokens per second)
      total time =   20615.79 ms /   162 tokens
slot      release: id  0 | task 3468 | stop processing: n_tokens = 161, truncated = 0
srv  update_slots: all slots are idle
srv  params_from_: Chat format: peg-gemma4
slot get_availabl: id  0 | task -1 | selected slot by LCP similarity, sim_best = 0.117 (> 0.100 thold), f_keep = 0.068
srv  get_availabl: updating prompt cache
srv   prompt_save:  - saving prompt with length 161, total state size = 1.299 MiB
srv         alloc:  - prompt is already in the cache, skipping
srv          load:  - looking for better prompt, base f_keep = 0.068, sim = 0.117
srv          load:  - found better prompt with f_keep = 0.425, sim = 1.000
srv        update:  - cache state: 8 prompts, 20.069 MiB (limits: 8192.000 MiB, 2048 tokens, 760044 est)
srv        update:    - prompt 0xdf2190:     165 tokens, checkpoints:  0,     1.331 MiB
srv        update:    - prompt 0xfffd88003c20:     161 tokens, checkpoints:  0,     1.299 MiB
srv        update:    - prompt 0xdeede0:     214 tokens, checkpoints:  2,     2.295 MiB
srv        update:    - prompt 0xdf8fc0:     286 tokens, checkpoints:  2,     3.306 MiB
srv        update:    - prompt 0xe02bd0:     439 tokens, checkpoints:  2,     5.455 MiB
srv        update:    - prompt 0xc6e500:     381 tokens, checkpoints:  2,     4.640 MiB
srv        update:    - prompt 0xfffd40003c20:      42 tokens, checkpoints:  0,     0.339 MiB
srv        update:    - prompt 0xc7c180:     174 tokens, checkpoints:  0,     1.404 MiB
srv  get_availabl: prompt cache update took 1.27 ms
slot launch_slot_: id  0 | task -1 | sampler chain: logits -> ?penalties -> ?dry -> ?top-n-sigma -> top-k -> ?typical -> ?top-p -> min-p -> ?xtc -> temp-ext -> dist 
slot launch_slot_: id  0 | task 3598 | processing task, is_child = 0
slot update_slots: id  0 | task 3598 | new prompt, n_ctx_slot = 2048, n_keep = 0, task.n_tokens = 94
slot update_slots: id  0 | task 3598 | n_past = 94, slot.prompt.tokens.size() = 221, seq_id = 0, pos_min = 0, n_swa = 512
slot update_slots: id  0 | task 3598 | Checking checkpoint with [0, 89] against 0...
slot update_slots: id  0 | task 3598 | restored context checkpoint (pos_min = 0, pos_max = 89, n_tokens = 90, n_past = 89, size = 0.538 MiB)
slot update_slots: id  0 | task 3598 | n_tokens = 89, memory_seq_rm [89, end)
slot update_slots: id  0 | task 3598 | prompt processing progress, n_tokens = 90, batch.n_tokens = 1, progress = 0.957447
slot update_slots: id  0 | task 3598 | n_tokens = 90, memory_seq_rm [90, end)
slot init_sampler: id  0 | task 3598 | init sampler, took 0.06 ms, tokens: text = 94, total = 94
slot update_slots: id  0 | task 3598 | prompt processing done, n_tokens = 94, batch.n_tokens = 4
srv  log_server_r: done request: POST /v1/chat/completions 127.0.0.1 200
slot print_timing: id  0 | task 3598 | 
prompt eval time =     439.25 ms /     5 tokens (   87.85 ms per token,    11.38 tokens per second)
       eval time =   19532.15 ms /   128 tokens (  152.59 ms per token,     6.55 tokens per second)
      total time =   19971.41 ms /   133 tokens
slot      release: id  0 | task 3598 | stop processing: n_tokens = 221, truncated = 0
srv  update_slots: all slots are idle
srv  params_from_: Chat format: peg-gemma4
slot get_availabl: id  0 | task -1 | selected slot by LCP similarity, sim_best = 0.138 (> 0.100 thold), f_keep = 0.054
srv  get_availabl: updating prompt cache
srv   prompt_save:  - saving prompt with length 221, total state size = 1.783 MiB
srv          load:  - looking for better prompt, base f_keep = 0.054, sim = 0.138
srv          load:  - found better prompt with f_keep = 0.407, sim = 1.000
srv        update:  - cache state: 8 prompts, 20.095 MiB (limits: 8192.000 MiB, 2048 tokens, 761911 est)
srv        update:    - prompt 0xdf2190:     165 tokens, checkpoints:  0,     1.331 MiB
srv        update:    - prompt 0xfffd88003c20:     161 tokens, checkpoints:  0,     1.299 MiB
srv        update:    - prompt 0xdf8fc0:     286 tokens, checkpoints:  2,     3.306 MiB
srv        update:    - prompt 0xe02bd0:     439 tokens, checkpoints:  2,     5.455 MiB
srv        update:    - prompt 0xc6e500:     381 tokens, checkpoints:  2,     4.640 MiB
srv        update:    - prompt 0xfffd40003c20:      42 tokens, checkpoints:  0,     0.339 MiB
srv        update:    - prompt 0xc7c180:     174 tokens, checkpoints:  0,     1.404 MiB
srv        update:    - prompt 0xded240:     221 tokens, checkpoints:  1,     2.321 MiB
srv  get_availabl: prompt cache update took 1.86 ms
slot launch_slot_: id  0 | task -1 | sampler chain: logits -> ?penalties -> ?dry -> ?top-n-sigma -> top-k -> ?typical -> ?top-p -> min-p -> ?xtc -> temp-ext -> dist 
slot launch_slot_: id  0 | task 3728 | processing task, is_child = 0
slot update_slots: id  0 | task 3728 | new prompt, n_ctx_slot = 2048, n_keep = 0, task.n_tokens = 87
slot update_slots: id  0 | task 3728 | n_past = 87, slot.prompt.tokens.size() = 214, seq_id = 0, pos_min = 0, n_swa = 512
slot update_slots: id  0 | task 3728 | Checking checkpoint with [0, 82] against 0...
slot update_slots: id  0 | task 3728 | restored context checkpoint (pos_min = 0, pos_max = 82, n_tokens = 83, n_past = 82, size = 0.497 MiB)
slot update_slots: id  0 | task 3728 | n_tokens = 82, memory_seq_rm [82, end)
slot update_slots: id  0 | task 3728 | prompt processing progress, n_tokens = 83, batch.n_tokens = 1, progress = 0.954023
slot update_slots: id  0 | task 3728 | n_tokens = 83, memory_seq_rm [83, end)
slot init_sampler: id  0 | task 3728 | init sampler, took 0.05 ms, tokens: text = 87, total = 87
slot update_slots: id  0 | task 3728 | prompt processing done, n_tokens = 87, batch.n_tokens = 4
srv  log_server_r: done request: POST /v1/chat/completions 127.0.0.1 200
slot print_timing: id  0 | task 3728 | 
prompt eval time =     436.12 ms /     5 tokens (   87.22 ms per token,    11.46 tokens per second)
       eval time =   19445.06 ms /   128 tokens (  151.91 ms per token,     6.58 tokens per second)
      total time =   19881.17 ms /   133 tokens
slot      release: id  0 | task 3728 | stop processing: n_tokens = 214, truncated = 0
srv  update_slots: all slots are idle
srv  params_from_: Chat format: peg-gemma4
slot get_availabl: id  0 | task -1 | selected slot by LRU, t_last = 124870649213
srv  get_availabl: updating prompt cache
srv   prompt_save:  - saving prompt with length 214, total state size = 1.726 MiB
srv          load:  - looking for better prompt, base f_keep = 0.051, sim = 0.069
srv          load:  - found better prompt with f_keep = 0.556, sim = 1.000
srv        update:  - cache state: 8 prompts, 19.084 MiB (limits: 8192.000 MiB, 2048 tokens, 771368 est)
srv        update:    - prompt 0xdf2190:     165 tokens, checkpoints:  0,     1.331 MiB
srv        update:    - prompt 0xfffd88003c20:     161 tokens, checkpoints:  0,     1.299 MiB
srv        update:    - prompt 0xe02bd0:     439 tokens, checkpoints:  2,     5.455 MiB
srv        update:    - prompt 0xc6e500:     381 tokens, checkpoints:  2,     4.640 MiB
srv        update:    - prompt 0xfffd40003c20:      42 tokens, checkpoints:  0,     0.339 MiB
srv        update:    - prompt 0xc7c180:     174 tokens, checkpoints:  0,     1.404 MiB
srv        update:    - prompt 0xded240:     221 tokens, checkpoints:  1,     2.321 MiB
srv        update:    - prompt 0xdeede0:     214 tokens, checkpoints:  2,     2.295 MiB
srv  get_availabl: prompt cache update took 2.00 ms
slot launch_slot_: id  0 | task -1 | sampler chain: logits -> ?penalties -> ?dry -> ?top-n-sigma -> top-k -> ?typical -> ?top-p -> min-p -> ?xtc -> temp-ext -> dist 
slot launch_slot_: id  0 | task 3858 | processing task, is_child = 0
slot update_slots: id  0 | task 3858 | new prompt, n_ctx_slot = 2048, n_keep = 0, task.n_tokens = 159
slot update_slots: id  0 | task 3858 | n_past = 159, slot.prompt.tokens.size() = 286, seq_id = 0, pos_min = 0, n_swa = 512
slot update_slots: id  0 | task 3858 | Checking checkpoint with [0, 154] against 0...
slot update_slots: id  0 | task 3858 | restored context checkpoint (pos_min = 0, pos_max = 154, n_tokens = 155, n_past = 154, size = 0.927 MiB)
slot update_slots: id  0 | task 3858 | n_tokens = 154, memory_seq_rm [154, end)
slot update_slots: id  0 | task 3858 | prompt processing progress, n_tokens = 155, batch.n_tokens = 1, progress = 0.974843
slot update_slots: id  0 | task 3858 | n_tokens = 155, memory_seq_rm [155, end)
slot init_sampler: id  0 | task 3858 | init sampler, took 0.09 ms, tokens: text = 159, total = 159
slot update_slots: id  0 | task 3858 | prompt processing done, n_tokens = 159, batch.n_tokens = 4
srv  log_server_r: done request: POST /v1/chat/completions 127.0.0.1 200
slot print_timing: id  0 | task 3858 | 
prompt eval time =     479.34 ms /     5 tokens (   95.87 ms per token,    10.43 tokens per second)
       eval time =   20905.90 ms /   128 tokens (  163.33 ms per token,     6.12 tokens per second)
      total time =   21385.25 ms /   133 tokens
slot      release: id  0 | task 3858 | stop processing: n_tokens = 286, truncated = 0
srv  update_slots: all slots are idle
srv  params_from_: Chat format: peg-gemma4
slot get_availabl: id  0 | task -1 | selected slot by LRU, t_last = 124892046056
srv  get_availabl: updating prompt cache
srv   prompt_save:  - saving prompt with length 286, total state size = 2.307 MiB
srv          load:  - looking for better prompt, base f_keep = 0.038, sim = 0.035
srv          load:  - found better prompt with f_keep = 0.711, sim = 1.000
srv        update:  - cache state: 8 prompts, 16.936 MiB (limits: 8192.000 MiB, 2048 tokens, 795214 est)
srv        update:    - prompt 0xdf2190:     165 tokens, checkpoints:  0,     1.331 MiB
srv        update:    - prompt 0xfffd88003c20:     161 tokens, checkpoints:  0,     1.299 MiB
srv        update:    - prompt 0xc6e500:     381 tokens, checkpoints:  2,     4.640 MiB
srv        update:    - prompt 0xfffd40003c20:      42 tokens, checkpoints:  0,     0.339 MiB
srv        update:    - prompt 0xc7c180:     174 tokens, checkpoints:  0,     1.404 MiB
srv        update:    - prompt 0xded240:     221 tokens, checkpoints:  1,     2.321 MiB
srv        update:    - prompt 0xdeede0:     214 tokens, checkpoints:  2,     2.295 MiB
srv        update:    - prompt 0xdf8fc0:     286 tokens, checkpoints:  2,     3.306 MiB
srv  get_availabl: prompt cache update took 2.77 ms
slot launch_slot_: id  0 | task -1 | sampler chain: logits -> ?penalties -> ?dry -> ?top-n-sigma -> top-k -> ?typical -> ?top-p -> min-p -> ?xtc -> temp-ext -> dist 
slot launch_slot_: id  0 | task 3988 | processing task, is_child = 0
slot update_slots: id  0 | task 3988 | new prompt, n_ctx_slot = 2048, n_keep = 0, task.n_tokens = 312
slot update_slots: id  0 | task 3988 | n_past = 312, slot.prompt.tokens.size() = 439, seq_id = 0, pos_min = 0, n_swa = 512
slot update_slots: id  0 | task 3988 | Checking checkpoint with [0, 307] against 0...
slot update_slots: id  0 | task 3988 | restored context checkpoint (pos_min = 0, pos_max = 307, n_tokens = 308, n_past = 307, size = 1.842 MiB)
slot update_slots: id  0 | task 3988 | n_tokens = 307, memory_seq_rm [307, end)
slot update_slots: id  0 | task 3988 | prompt processing progress, n_tokens = 308, batch.n_tokens = 1, progress = 0.987179
slot update_slots: id  0 | task 3988 | n_tokens = 308, memory_seq_rm [308, end)
slot init_sampler: id  0 | task 3988 | init sampler, took 0.15 ms, tokens: text = 312, total = 312
slot update_slots: id  0 | task 3988 | prompt processing done, n_tokens = 312, batch.n_tokens = 4
srv  log_server_r: done request: POST /v1/chat/completions 127.0.0.1 200
slot print_timing: id  0 | task 3988 | 
prompt eval time =     554.42 ms /     5 tokens (  110.88 ms per token,     9.02 tokens per second)
       eval time =   23914.05 ms /   128 tokens (  186.83 ms per token,     5.35 tokens per second)
      total time =   24468.47 ms /   133 tokens
slot      release: id  0 | task 3988 | stop processing: n_tokens = 439, truncated = 0
srv  update_slots: all slots are idle
srv  params_from_: Chat format: peg-gemma4
slot get_availabl: id  0 | task -1 | selected slot by LRU, t_last = 124916528990
srv  get_availabl: updating prompt cache
srv   prompt_save:  - saving prompt with length 439, total state size = 3.541 MiB
srv          load:  - looking for better prompt, base f_keep = 0.025, sim = 0.043
srv          load:  - found better prompt with f_keep = 0.667, sim = 1.000
srv        update:  - cache state: 8 prompts, 17.750 MiB (limits: 8192.000 MiB, 2048 tokens, 785495 est)
srv        update:    - prompt 0xdf2190:     165 tokens, checkpoints:  0,     1.331 MiB
srv        update:    - prompt 0xfffd88003c20:     161 tokens, checkpoints:  0,     1.299 MiB
srv        update:    - prompt 0xfffd40003c20:      42 tokens, checkpoints:  0,     0.339 MiB
srv        update:    - prompt 0xc7c180:     174 tokens, checkpoints:  0,     1.404 MiB
srv        update:    - prompt 0xded240:     221 tokens, checkpoints:  1,     2.321 MiB
srv        update:    - prompt 0xdeede0:     214 tokens, checkpoints:  2,     2.295 MiB
srv        update:    - prompt 0xdf8fc0:     286 tokens, checkpoints:  2,     3.306 MiB
srv        update:    - prompt 0xe02bd0:     439 tokens, checkpoints:  2,     5.455 MiB
srv  get_availabl: prompt cache update took 3.13 ms
slot launch_slot_: id  0 | task -1 | sampler chain: logits -> ?penalties -> ?dry -> ?top-n-sigma -> top-k -> ?typical -> ?top-p -> min-p -> ?xtc -> temp-ext -> dist 
slot launch_slot_: id  0 | task 4118 | processing task, is_child = 0
slot update_slots: id  0 | task 4118 | new prompt, n_ctx_slot = 2048, n_keep = 0, task.n_tokens = 254
slot update_slots: id  0 | task 4118 | n_past = 254, slot.prompt.tokens.size() = 381, seq_id = 0, pos_min = 0, n_swa = 512
slot update_slots: id  0 | task 4118 | Checking checkpoint with [0, 249] against 0...
slot update_slots: id  0 | task 4118 | restored context checkpoint (pos_min = 0, pos_max = 249, n_tokens = 250, n_past = 249, size = 1.495 MiB)
slot update_slots: id  0 | task 4118 | n_tokens = 249, memory_seq_rm [249, end)
slot update_slots: id  0 | task 4118 | prompt processing progress, n_tokens = 250, batch.n_tokens = 1, progress = 0.984252
slot update_slots: id  0 | task 4118 | n_tokens = 250, memory_seq_rm [250, end)
slot init_sampler: id  0 | task 4118 | init sampler, took 0.14 ms, tokens: text = 254, total = 254
slot update_slots: id  0 | task 4118 | prompt processing done, n_tokens = 254, batch.n_tokens = 4
srv  log_server_r: done request: POST /v1/chat/completions 127.0.0.1 200
slot print_timing: id  0 | task 4118 | 
prompt eval time =     526.16 ms /     5 tokens (  105.23 ms per token,     9.50 tokens per second)
       eval time =   23046.29 ms /   128 tokens (  180.05 ms per token,     5.55 tokens per second)
      total time =   23572.45 ms /   133 tokens
slot      release: id  0 | task 4118 | stop processing: n_tokens = 381, truncated = 0
srv  update_slots: all slots are idle
srv    operator(): operator(): cleaning up before exit...
common_memory_breakdown_print: | memory breakdown [MiB] | total   free    self   model   context   compute    unaccounted |
common_memory_breakdown_print: |   - Host               |                 5611 =  5073 +      10 +     528                |
