timestamp,cpu_percent,rss_kb,vmhwm_kb
2026-05-12T11:36:40+01:00,2942,8437328,8437328
2026-05-12T11:36:41+01:00,4484,8455468,8455468
2026-05-12T11:36:42+01:00,6152,8455760,8455760
2026-05-12T11:36:44+01:00,6332,8455912,8455912
2026-05-12T11:36:45+01:00,7427,8455912,8455912
2026-05-12T11:36:47+01:00,7725,8455912,8455912
2026-05-12T11:36:48+01:00,8055,8455912,8455912
2026-05-12T11:36:49+01:00,8339,8455912,8455912
2026-05-12T11:36:50+01:00,8590,8455912,8455912
2026-05-12T11:36:51+01:00,8810,8455912,8455912
2026-05-12T11:36:52+01:00,9008,8455912,8455912
2026-05-12T11:36:53+01:00,9178,8455912,8455912
2026-05-12T11:36:54+01:00,9323,8455912,8455912
2026-05-12T11:36:55+01:00,9444,8455912,8455912
2026-05-12T11:36:56+01:00,9578,8455912,8455912
2026-05-12T11:36:57+01:00,9675,8455912,8455912
2026-05-12T11:36:58+01:00,9737,8455912,8455912
2026-05-12T11:36:59+01:00,9798,8455912,8455912
2026-05-12T11:37:00+01:00,9874,8455912,8455912
2026-05-12T11:37:01+01:00,9968,8455912,8455912
2026-05-12T11:37:03+01:00,9670,8455912,8455912
2026-05-12T11:37:04+01:00,9688,8455912,8455912
2026-05-12T11:37:05+01:00,9694,8455912,8455912
2026-05-12T11:37:06+01:00,9698,8455912,8455912
2026-05-12T11:37:07+01:00,9706,8455912,8455912
2026-05-12T11:37:08+01:00,9705,8455912,8455912
2026-05-12T11:37:09+01:00,9683,8455912,8455912
2026-05-12T11:37:10+01:00,9662,8455912,8455912
2026-05-12T11:37:11+01:00,9642,8455912,8455912
2026-05-12T11:37:12+01:00,9630,8455912,8455912
2026-05-12T11:37:13+01:00,9635,8455912,8455912
2026-05-12T11:37:14+01:00,9631,8455912,8455912
2026-05-12T11:37:15+01:00,9638,8455912,8455912
2026-05-12T11:37:16+01:00,9633,8455912,8455912
2026-05-12T11:37:17+01:00,9603,8455912,8455912
2026-05-12T11:37:18+01:00,9598,8455912,8455912
2026-05-12T11:37:19+01:00,9620,8455912,8455912
2026-05-12T11:37:20+01:00,9656,8455912,8455912
2026-05-12T11:37:22+01:00,9697,8455912,8455912
2026-05-12T11:37:23+01:00,9531,8455912,8455912
2026-05-12T11:37:24+01:00,9547,8455912,8455912
2026-05-12T11:37:25+01:00,9546,8455912,8455912
2026-05-12T11:37:26+01:00,9538,8455912,8455912
2026-05-12T11:37:27+01:00,9509,8455912,8455912
2026-05-12T11:37:28+01:00,9490,8455912,8455912
2026-05-12T11:37:29+01:00,9484,8455912,8455912
2026-05-12T11:37:30+01:00,9472,8455912,8455912
2026-05-12T11:37:31+01:00,9461,8455912,8455912
2026-05-12T11:37:32+01:00,9460,8455912,8455912
2026-05-12T11:37:33+01:00,9453,8455912,8455912
2026-05-12T11:37:34+01:00,9437,8455912,8455912
2026-05-12T11:37:35+01:00,9416,8455912,8455912
2026-05-12T11:37:36+01:00,9412,8455912,8455912
2026-05-12T11:37:37+01:00,9395,8455912,8455912
2026-05-12T11:37:38+01:00,9382,8455912,8455912
2026-05-12T11:37:39+01:00,9367,8455912,8455912
2026-05-12T11:37:40+01:00,9380,8455912,8455912
2026-05-12T11:37:42+01:00,9404,8455912,8455912
2026-05-12T11:37:43+01:00,9268,8455912,8455912
2026-05-12T11:37:44+01:00,9267,8455912,8455912
2026-05-12T11:37:45+01:00,9258,8455912,8455912
2026-05-12T11:37:46+01:00,9257,8455912,8455912
2026-05-12T11:37:47+01:00,9244,8455912,8455912
2026-05-12T11:37:48+01:00,9236,8455912,8455912
2026-05-12T11:37:49+01:00,9228,8455912,8455912
2026-05-12T11:37:50+01:00,9217,8455912,8455912
2026-05-12T11:37:51+01:00,9203,8455912,8455912
2026-05-12T11:37:52+01:00,9192,8455912,8455912
2026-05-12T11:37:53+01:00,9170,8455912,8455912
2026-05-12T11:37:54+01:00,9149,8455912,8455912
2026-05-12T11:37:55+01:00,9134,8455912,8455912
2026-05-12T11:37:56+01:00,9117,8455912,8455912
2026-05-12T11:37:57+01:00,9107,8455912,8455912
2026-05-12T11:37:58+01:00,9102,8455912,8455912
2026-05-12T11:37:59+01:00,9090,8455912,8455912
2026-05-12T11:38:00+01:00,9069,8455912,8455912
2026-05-12T11:38:02+01:00,8956,8455912,8455912
2026-05-12T11:38:03+01:00,8954,8455912,8455912
2026-05-12T11:38:04+01:00,8962,8455912,8455912
2026-05-12T11:38:05+01:00,8976,8455912,8455912
2026-05-12T11:38:06+01:00,8990,8455912,8455912
2026-05-12T11:38:07+01:00,9007,8455912,8455912
2026-05-12T11:38:08+01:00,9010,8455912,8455912
2026-05-12T11:38:09+01:00,9011,8455912,8455912
2026-05-12T11:38:10+01:00,9017,8455912,8455912
2026-05-12T11:38:11+01:00,9017,8455912,8455912
2026-05-12T11:38:12+01:00,9017,8455912,8455912
2026-05-12T11:38:13+01:00,9022,8455912,8455912
2026-05-12T11:38:14+01:00,9014,8455912,8455912
2026-05-12T11:38:15+01:00,8994,8455912,8455912
2026-05-12T11:38:16+01:00,8973,8455912,8455912
2026-05-12T11:38:17+01:00,8958,8455912,8455912
2026-05-12T11:38:18+01:00,8943,8455912,8455912
2026-05-12T11:38:20+01:00,8936,8455912,8455912
2026-05-12T11:38:21+01:00,8848,8455912,8455912
2026-05-12T11:38:22+01:00,8841,8455912,8455912
2026-05-12T11:38:23+01:00,8840,8455912,8455912
2026-05-12T11:38:24+01:00,8838,8455912,8455912
2026-05-12T11:38:25+01:00,8836,8455912,8455912
2026-05-12T11:38:26+01:00,8839,8455912,8455912
2026-05-12T11:38:27+01:00,8838,8455912,8455912
2026-05-12T11:38:28+01:00,8839,8455912,8455912
2026-05-12T11:38:29+01:00,8835,8455912,8455912
2026-05-12T11:38:30+01:00,8824,8455912,8455912
2026-05-12T11:38:31+01:00,8811,8455912,8455912
2026-05-12T11:38:32+01:00,8806,8455912,8455912
2026-05-12T11:38:33+01:00,8806,8455912,8455912
2026-05-12T11:38:34+01:00,8806,8455912,8455912
2026-05-12T11:38:35+01:00,8804,8455912,8455912
2026-05-12T11:38:36+01:00,8800,8455912,8455912
2026-05-12T11:38:37+01:00,8795,8455912,8455912
2026-05-12T11:38:38+01:00,8786,8455912,8455912
2026-05-12T11:38:40+01:00,8702,8455912,8455912
2026-05-12T11:38:41+01:00,8693,8455912,8455912
2026-05-12T11:38:42+01:00,8692,8455912,8455912
2026-05-12T11:38:43+01:00,8696,8455912,8455912
2026-05-12T11:38:44+01:00,8702,8455912,8455912
2026-05-12T11:38:45+01:00,8711,8455912,8455912
2026-05-12T11:38:46+01:00,8712,8455912,8455912
2026-05-12T11:38:47+01:00,8706,8455912,8455912
2026-05-12T11:38:48+01:00,8702,8455912,8455912
2026-05-12T11:38:49+01:00,8695,8455912,8455912
2026-05-12T11:38:50+01:00,8691,8455912,8455912
2026-05-12T11:38:51+01:00,8687,8455912,8455912
2026-05-12T11:38:52+01:00,8689,8455912,8455912
2026-05-12T11:38:53+01:00,8692,8455912,8455912
2026-05-12T11:38:54+01:00,8691,8455912,8455912
2026-05-12T11:38:55+01:00,8687,8455912,8455912
2026-05-12T11:38:56+01:00,8683,8455912,8455912
2026-05-12T11:38:57+01:00,8682,8455912,8455912
2026-05-12T11:38:58+01:00,8677,8455912,8455912
2026-05-12T11:39:00+01:00,8672,8455912,8455912
2026-05-12T11:39:01+01:00,8615,8455912,8455912
2026-05-12T11:39:02+01:00,8615,8455912,8455912
2026-05-12T11:39:03+01:00,8612,8455912,8455912
2026-05-12T11:39:04+01:00,8603,8455912,8455912
2026-05-12T11:39:05+01:00,8594,8455912,8455912
2026-05-12T11:39:06+01:00,8589,8455912,8455912
2026-05-12T11:39:07+01:00,8590,8455912,8455912
2026-05-12T11:39:08+01:00,8592,8455912,8455912
2026-05-12T11:39:09+01:00,8600,8455912,8455912
2026-05-12T11:39:10+01:00,8608,8455912,8455912
2026-05-12T11:39:11+01:00,8618,8455912,8455912
2026-05-12T11:39:12+01:00,8628,8455912,8455912
2026-05-12T11:39:13+01:00,8629,8455912,8455912
2026-05-12T11:39:14+01:00,8628,8455912,8455912
2026-05-12T11:39:15+01:00,8622,8455912,8455912
2026-05-12T11:39:16+01:00,8614,8455912,8455912
2026-05-12T11:39:17+01:00,8607,8455912,8455912
2026-05-12T11:39:19+01:00,8604,8455912,8455912
2026-05-12T11:39:20+01:00,8554,8455912,8455912
2026-05-12T11:39:21+01:00,8560,8455912,8455912
2026-05-12T11:39:22+01:00,8565,8455912,8455912
2026-05-12T11:39:23+01:00,8571,8455912,8455912
2026-05-12T11:39:24+01:00,8573,8455912,8455912
2026-05-12T11:39:25+01:00,8568,8455912,8455912
2026-05-12T11:39:26+01:00,8560,8455912,8455912
2026-05-12T11:39:27+01:00,8556,8455912,8455912
2026-05-12T11:39:28+01:00,8555,8455912,8455912
2026-05-12T11:39:29+01:00,8551,8455912,8455912
2026-05-12T11:39:30+01:00,8544,8455912,8455912
2026-05-12T11:39:31+01:00,8541,8455912,8455912
2026-05-12T11:39:32+01:00,8538,8455912,8455912
2026-05-12T11:39:33+01:00,8537,8455912,8455912
2026-05-12T11:39:34+01:00,8533,8455912,8455912
2026-05-12T11:39:35+01:00,8530,8455912,8455912
2026-05-12T11:39:36+01:00,8530,8455912,8455912
2026-05-12T11:39:37+01:00,8534,8455912,8455912
2026-05-12T11:39:39+01:00,8488,8455912,8455912
2026-05-12T11:39:40+01:00,8486,8455912,8455912
2026-05-12T11:39:41+01:00,8483,8455912,8455912
2026-05-12T11:39:42+01:00,8477,8455912,8455912
2026-05-12T11:39:43+01:00,8472,8455912,8455912
2026-05-12T11:39:44+01:00,8468,8455912,8455912
2026-05-12T11:39:45+01:00,8468,8455912,8455912
2026-05-12T11:39:46+01:00,8472,8455912,8455912
2026-05-12T11:39:47+01:00,8475,8455912,8455912
2026-05-12T11:39:48+01:00,8477,8455912,8455912
2026-05-12T11:39:49+01:00,8479,8455912,8455912
2026-05-12T11:39:50+01:00,8478,8455912,8455912
2026-05-12T11:39:51+01:00,8472,8455912,8455912
2026-05-12T11:39:52+01:00,8466,8455912,8455912
2026-05-12T11:39:53+01:00,8458,8455912,8455912
2026-05-12T11:39:54+01:00,8456,8455912,8455912
2026-05-12T11:39:55+01:00,8453,8455912,8455912
2026-05-12T11:39:56+01:00,8449,8455912,8455912
2026-05-12T11:39:58+01:00,8446,8455912,8455912
2026-05-12T11:39:59+01:00,8405,8455912,8455912
2026-05-12T11:40:00+01:00,8406,8455912,8455912
2026-05-12T11:40:01+01:00,8407,8455912,8455912
2026-05-12T11:40:02+01:00,8410,8455912,8455912
2026-05-12T11:40:03+01:00,8415,8455912,8455912
2026-05-12T11:40:04+01:00,8421,8455912,8455912
2026-05-12T11:40:05+01:00,8430,8455912,8455912
2026-05-12T11:40:06+01:00,8441,8455912,8455912
2026-05-12T11:40:07+01:00,8447,8455912,8455912
2026-05-12T11:40:08+01:00,8449,8455912,8455912
2026-05-12T11:40:09+01:00,8446,8455912,8455912
2026-05-12T11:40:10+01:00,8445,8455912,8455912
2026-05-12T11:40:11+01:00,8443,8455912,8455912
2026-05-12T11:40:12+01:00,8441,8455912,8455912
2026-05-12T11:40:13+01:00,8441,8455912,8455912
2026-05-12T11:40:14+01:00,8441,8455912,8455912
2026-05-12T11:40:15+01:00,8448,8455912,8455912
2026-05-12T11:40:16+01:00,8456,8455912,8455912
2026-05-12T11:40:18+01:00,8466,8455912,8455912
2026-05-12T11:40:19+01:00,8436,8455912,8455912
2026-05-12T11:40:20+01:00,8441,8455912,8455912
2026-05-12T11:40:21+01:00,8446,8455912,8455912
2026-05-12T11:40:22+01:00,8450,8455912,8455912
2026-05-12T11:40:23+01:00,8448,8455912,8455912
2026-05-12T11:40:24+01:00,8445,8455912,8455912
2026-05-12T11:40:25+01:00,8448,8455912,8455912
2026-05-12T11:40:26+01:00,8451,8455912,8455912
2026-05-12T11:40:27+01:00,8450,8455912,8455912
2026-05-12T11:40:28+01:00,8448,8455912,8455912
2026-05-12T11:40:29+01:00,8445,8455912,8455912
2026-05-12T11:40:30+01:00,8440,8455912,8455912
2026-05-12T11:40:31+01:00,8436,8455912,8455912
2026-05-12T11:40:32+01:00,8431,8455912,8455912
2026-05-12T11:40:33+01:00,8428,8455912,8455912
2026-05-12T11:40:34+01:00,8426,8455912,8455912
2026-05-12T11:40:35+01:00,8423,8455912,8455912
2026-05-12T11:40:37+01:00,8420,8455912,8455912
2026-05-12T11:40:38+01:00,8380,8455912,8455912
2026-05-12T11:40:39+01:00,8376,8455912,8455912
2026-05-12T11:40:40+01:00,8375,8455912,8455912
2026-05-12T11:40:41+01:00,8376,8455912,8455912
2026-05-12T11:40:42+01:00,8381,8455912,8455912
2026-05-12T11:40:43+01:00,8389,8455912,8455912
2026-05-12T11:40:44+01:00,8399,8455912,8455912
2026-05-12T11:40:45+01:00,8411,8455912,8455912
2026-05-12T11:40:46+01:00,8424,8455912,8455912
2026-05-12T11:40:47+01:00,8434,8455912,8455912
2026-05-12T11:40:48+01:00,8442,8455912,8455912
2026-05-12T11:40:49+01:00,8448,8455912,8455912
2026-05-12T11:40:50+01:00,8453,8455912,8455912
2026-05-12T11:40:51+01:00,8453,8455912,8455912
2026-05-12T11:40:52+01:00,8453,8455912,8455912
2026-05-12T11:40:53+01:00,8453,8455912,8455912
2026-05-12T11:40:54+01:00,8454,8455912,8455912
2026-05-12T11:40:55+01:00,8453,8455912,8455912
2026-05-12T11:40:57+01:00,8453,8455912,8455912
2026-05-12T11:40:58+01:00,8426,8455912,8455912
2026-05-12T11:40:59+01:00,8433,8455912,8455912
2026-05-12T11:41:00+01:00,8441,8455912,8455912
2026-05-12T11:41:01+01:00,8451,8455912,8455912
2026-05-12T11:41:02+01:00,8461,8455912,8455912
2026-05-12T11:41:03+01:00,8472,8455912,8455912
2026-05-12T11:41:04+01:00,8478,8455912,8455912
2026-05-12T11:41:05+01:00,8484,8455912,8455912
2026-05-12T11:41:06+01:00,8487,8455912,8455912
2026-05-12T11:41:07+01:00,8493,8455912,8455912
2026-05-12T11:41:08+01:00,8502,8455912,8455912
2026-05-12T11:41:09+01:00,8511,8455912,8455912
2026-05-12T11:41:10+01:00,8520,8455912,8455912
2026-05-12T11:41:11+01:00,8530,8457800,8457800
2026-05-12T11:41:12+01:00,8540,8457800,8457800
2026-05-12T11:41:13+01:00,8545,8457800,8457800
2026-05-12T11:41:14+01:00,8549,8457800,8457800
2026-05-12T11:41:16+01:00,8548,8457800,8457800
2026-05-12T11:41:17+01:00,8514,8457800,8457800
2026-05-12T11:41:18+01:00,8512,8457800,8457800
2026-05-12T11:41:19+01:00,8511,8457800,8457800
2026-05-12T11:41:20+01:00,8513,8457800,8457800
2026-05-12T11:41:21+01:00,8516,8457800,8457800
2026-05-12T11:41:22+01:00,8520,8457800,8457800
2026-05-12T11:41:23+01:00,8526,8457800,8457800
2026-05-12T11:41:24+01:00,8529,8457800,8457800
2026-05-12T11:41:25+01:00,8536,8457800,8457800
2026-05-12T11:41:26+01:00,8539,8457800,8457800
2026-05-12T11:41:27+01:00,8541,8457800,8457800
2026-05-12T11:41:28+01:00,8541,8457800,8457800
2026-05-12T11:41:29+01:00,8542,8457800,8457800
2026-05-12T11:41:30+01:00,8544,8457800,8457800
2026-05-12T11:41:31+01:00,8547,8457800,8457800
2026-05-12T11:41:32+01:00,8550,8457800,8457800
2026-05-12T11:41:33+01:00,8553,8457800,8457800
2026-05-12T11:41:34+01:00,8560,8457800,8457800
2026-05-12T11:41:36+01:00,8540,8457800,8457800
2026-05-12T11:41:37+01:00,8551,8457800,8457800
2026-05-12T11:41:38+01:00,8562,8457800,8457800
2026-05-12T11:41:39+01:00,8572,8457800,8457800
2026-05-12T11:41:40+01:00,8577,8457800,8457800
2026-05-12T11:41:41+01:00,8584,8457800,8457800
2026-05-12T11:41:42+01:00,8593,8457800,8457800
2026-05-12T11:41:43+01:00,8600,8457800,8457800
2026-05-12T11:41:44+01:00,8605,8457800,8457800
2026-05-12T11:41:45+01:00,8607,8457800,8457800
2026-05-12T11:41:46+01:00,8606,8457800,8457800
2026-05-12T11:41:47+01:00,8605,8457800,8457800
2026-05-12T11:41:48+01:00,8600,8457800,8457800
2026-05-12T11:41:49+01:00,8597,8457800,8457800
2026-05-12T11:41:50+01:00,8597,8457800,8457800
2026-05-12T11:41:51+01:00,8596,8457800,8457800
2026-05-12T11:41:52+01:00,8599,8457800,8457800
2026-05-12T11:41:53+01:00,8601,8457800,8457800
2026-05-12T11:41:55+01:00,8600,8457800,8457800
2026-05-12T11:41:56+01:00,8577,8457800,8457800
2026-05-12T11:41:57+01:00,8578,8457800,8457800
2026-05-12T11:41:58+01:00,8582,8457800,8457800
2026-05-12T11:41:59+01:00,8587,8457800,8457800
2026-05-12T11:42:00+01:00,8593,8457800,8457800
2026-05-12T11:42:01+01:00,8598,8457800,8457800
2026-05-12T11:42:02+01:00,8604,8457800,8457800
2026-05-12T11:42:03+01:00,8612,8457800,8457800
2026-05-12T11:42:04+01:00,8620,8457800,8457800
2026-05-12T11:42:05+01:00,8627,8457800,8457800
2026-05-12T11:42:06+01:00,8633,8457800,8457800
2026-05-12T11:42:07+01:00,8638,8457800,8457800
2026-05-12T11:42:08+01:00,8645,8457800,8457800
2026-05-12T11:42:09+01:00,8652,8457800,8457800
2026-05-12T11:42:10+01:00,8661,8457800,8457800
2026-05-12T11:42:11+01:00,8670,8457800,8457800
2026-05-12T11:42:12+01:00,8679,8457800,8457800
2026-05-12T11:42:14+01:00,8690,8457800,8457800
2026-05-12T11:42:15+01:00,8676,8457800,8457800
2026-05-12T11:42:16+01:00,8689,8457800,8457800
2026-05-12T11:42:17+01:00,8700,8457800,8457800
2026-05-12T11:42:18+01:00,8709,8457800,8457800
2026-05-12T11:42:19+01:00,8717,8457800,8457800
2026-05-12T11:42:20+01:00,8724,8457800,8457800
2026-05-12T11:42:21+01:00,8726,8457800,8457800
2026-05-12T11:42:22+01:00,8730,8457800,8457800
2026-05-12T11:42:23+01:00,8738,8457800,8457800
2026-05-12T11:42:24+01:00,8746,8457800,8457800
2026-05-12T11:42:25+01:00,8756,8457800,8457800
2026-05-12T11:42:26+01:00,8767,8457800,8457800
2026-05-12T11:42:27+01:00,8778,8457800,8457800
2026-05-12T11:42:28+01:00,8788,8457800,8457800
2026-05-12T11:42:29+01:00,8797,8457800,8457800
2026-05-12T11:42:30+01:00,8798,8457800,8457800
2026-05-12T11:42:31+01:00,8800,8457800,8457800
2026-05-12T11:42:33+01:00,8805,8457800,8457800
2026-05-12T11:42:34+01:00,8786,8457800,8457800
2026-05-12T11:42:35+01:00,8794,8457800,8457800
2026-05-12T11:42:36+01:00,8801,8457800,8457800
2026-05-12T11:42:37+01:00,8809,8457800,8457800
2026-05-12T11:42:38+01:00,8818,8457800,8457800
2026-05-12T11:42:39+01:00,8827,8457800,8457800
2026-05-12T11:42:40+01:00,8839,8457800,8457800
2026-05-12T11:42:41+01:00,8850,8457800,8457800
2026-05-12T11:42:42+01:00,8858,8457800,8457800
2026-05-12T11:42:43+01:00,8865,8457800,8457800
2026-05-12T11:42:44+01:00,8867,8457800,8457800
2026-05-12T11:42:45+01:00,8872,8457800,8457800
2026-05-12T11:42:46+01:00,8876,8457800,8457800
2026-05-12T11:42:47+01:00,8883,8457800,8457800
2026-05-12T11:42:48+01:00,8891,8457800,8457800
2026-05-12T11:42:49+01:00,8901,8457800,8457800
2026-05-12T11:42:50+01:00,8912,8457800,8457800
2026-05-12T11:42:52+01:00,8923,8457800,8457800
2026-05-12T11:42:53+01:00,8910,8457800,8457800
2026-05-12T11:42:54+01:00,8929,8457800,8457800
2026-05-12T11:42:55+01:00,8953,8457800,8457800
2026-05-12T11:42:57+01:00,8959,8457800,8457800
2026-05-12T11:42:58+01:00,8970,8457800,8457800
2026-05-12T11:42:59+01:00,8979,8457800,8457800
2026-05-12T11:43:00+01:00,8987,8457800,8457800
2026-05-12T11:43:01+01:00,8989,8457800,8457800
2026-05-12T11:43:02+01:00,8993,8457800,8457800
2026-05-12T11:43:03+01:00,8995,8457800,8457800
2026-05-12T11:43:04+01:00,8995,8457800,8457800
2026-05-12T11:43:05+01:00,8992,8457800,8457800
2026-05-12T11:43:06+01:00,8990,8457800,8457800
2026-05-12T11:43:08+01:00,8986,8457800,8457800
2026-05-12T11:43:09+01:00,8962,8457800,8457800
2026-05-12T11:43:10+01:00,8964,8457800,8457800
2026-05-12T11:43:11+01:00,8965,8457800,8457800
2026-05-12T11:43:12+01:00,8969,8457800,8457800
2026-05-12T11:43:13+01:00,8970,8457800,8457800
2026-05-12T11:43:14+01:00,8973,8457800,8457800
2026-05-12T11:43:15+01:00,8978,8457800,8457800
2026-05-12T11:43:16+01:00,8984,8457800,8457800
2026-05-12T11:43:17+01:00,8988,8457800,8457800
2026-05-12T11:43:18+01:00,8990,8457800,8457800
2026-05-12T11:43:19+01:00,8991,8457800,8457800
2026-05-12T11:43:20+01:00,8993,8457800,8457800
2026-05-12T11:43:21+01:00,8996,8457800,8457800
2026-05-12T11:43:22+01:00,9001,8457800,8457800
2026-05-12T11:43:23+01:00,9004,8457800,8457800
2026-05-12T11:43:24+01:00,9007,8457800,8457800
2026-05-12T11:43:25+01:00,9012,8457800,8457800
2026-05-12T11:43:26+01:00,9019,8457800,8457800
2026-05-12T11:43:28+01:00,9026,8457800,8457800
2026-05-12T11:43:29+01:00,9012,8457800,8457800
2026-05-12T11:43:30+01:00,9019,8457800,8457800
2026-05-12T11:43:31+01:00,9028,8457800,8457800
2026-05-12T11:43:32+01:00,9039,8457800,8457800
2026-05-12T11:43:33+01:00,9048,8457800,8457800
2026-05-12T11:43:34+01:00,9058,8457800,8457800
2026-05-12T11:43:35+01:00,9067,8457800,8457800
2026-05-12T11:43:36+01:00,9076,8457800,8457800
2026-05-12T11:43:37+01:00,9084,8457800,8457800
2026-05-12T11:43:38+01:00,9091,8457800,8457800
2026-05-12T11:43:39+01:00,9094,8457800,8457800
2026-05-12T11:43:40+01:00,9100,8457800,8457800
2026-05-12T11:43:41+01:00,9105,8457800,8457800
2026-05-12T11:43:42+01:00,9107,8457800,8457800
2026-05-12T11:43:43+01:00,9109,8457800,8457800
2026-05-12T11:43:45+01:00,9114,8457800,8457800
2026-05-12T11:43:46+01:00,9097,8457800,8457800
2026-05-12T11:43:47+01:00,9102,8457800,8457800
2026-05-12T11:43:48+01:00,9109,8457800,8457800
2026-05-12T11:43:49+01:00,9113,8457800,8457800
2026-05-12T11:43:50+01:00,9118,8457800,8457800
2026-05-12T11:43:51+01:00,9124,8457800,8457800
2026-05-12T11:43:52+01:00,9130,8457800,8457800
2026-05-12T11:43:53+01:00,9137,8457800,8457800
2026-05-12T11:43:54+01:00,9145,8457800,8457800
2026-05-12T11:43:55+01:00,9157,8457800,8457800
2026-05-12T11:43:56+01:00,9167,8457800,8457800
2026-05-12T11:43:57+01:00,9177,8457800,8457800
2026-05-12T11:43:58+01:00,9186,8457800,8457800
2026-05-12T11:43:59+01:00,9194,8457800,8457800
2026-05-12T11:44:01+01:00,9200,8457800,8457800
2026-05-12T11:44:02+01:00,9182,8457800,8457800
2026-05-12T11:44:03+01:00,9186,8457800,8457800
2026-05-12T11:44:04+01:00,9190,8457800,8457800
2026-05-12T11:44:05+01:00,9196,8457800,8457800
2026-05-12T11:44:06+01:00,9202,8457800,8457800
2026-05-12T11:44:07+01:00,9209,8457800,8457800
2026-05-12T11:44:08+01:00,9215,8457800,8457800
2026-05-12T11:44:09+01:00,9222,8457800,8457800
2026-05-12T11:44:10+01:00,9230,8457800,8457800
2026-05-12T11:44:11+01:00,9237,8457800,8457800
2026-05-12T11:44:12+01:00,9245,8457800,8457800
2026-05-12T11:44:13+01:00,9254,8457800,8457800
2026-05-12T11:44:14+01:00,9258,8457800,8457800
2026-05-12T11:44:15+01:00,9261,8457800,8457800
2026-05-12T11:44:16+01:00,9262,8457800,8457800
2026-05-12T11:44:17+01:00,9265,8457800,8457800
2026-05-12T11:44:19+01:00,9267,8457800,8457800
2026-05-12T11:44:20+01:00,9250,8457800,8457800
2026-05-12T11:44:21+01:00,9254,8457800,8457800
2026-05-12T11:44:22+01:00,9259,8457800,8457800
2026-05-12T11:44:23+01:00,9264,8457800,8457800
2026-05-12T11:44:24+01:00,9269,8457800,8457800
2026-05-12T11:44:25+01:00,9276,8457800,8457800
2026-05-12T11:44:26+01:00,9284,8457800,8457800
2026-05-12T11:44:27+01:00,9288,8457800,8457800
2026-05-12T11:44:28+01:00,9294,8457800,8457800
2026-05-12T11:44:29+01:00,9301,8457800,8457800
2026-05-12T11:44:30+01:00,9308,8457800,8457800
2026-05-12T11:44:31+01:00,9316,8457800,8457800
2026-05-12T11:44:32+01:00,9323,8457800,8457800
2026-05-12T11:44:33+01:00,9331,8457800,8457800
2026-05-12T11:44:35+01:00,9338,8457800,8457800
2026-05-12T11:44:36+01:00,9325,8457800,8457800
2026-05-12T11:44:37+01:00,9332,8457800,8457800
2026-05-12T11:44:38+01:00,9338,8457800,8457800
2026-05-12T11:44:39+01:00,9345,8457800,8457800
2026-05-12T11:44:40+01:00,9350,8457800,8457800
2026-05-12T11:44:41+01:00,9353,8457800,8457800
2026-05-12T11:44:42+01:00,9355,8457800,8457800
2026-05-12T11:44:43+01:00,9357,8457800,8457800
2026-05-12T11:44:44+01:00,9358,8457800,8457800
2026-05-12T11:44:45+01:00,9360,8457800,8457800
2026-05-12T11:44:46+01:00,9363,8457800,8457800
2026-05-12T11:44:47+01:00,9366,8457800,8457800
2026-05-12T11:44:48+01:00,9370,8457800,8457800
2026-05-12T11:44:49+01:00,9374,8457800,8457800
2026-05-12T11:44:50+01:00,9380,8457800,8457800
2026-05-12T11:44:51+01:00,9386,8457800,8457800
2026-05-12T11:44:52+01:00,9392,8457800,8457800
2026-05-12T11:44:53+01:00,9384,8457800,8457800
2026-05-12T11:44:55+01:00,9394,8482676,8482676
2026-05-12T11:44:56+01:00,9399,8482676,8482676
2026-05-12T11:44:57+01:00,9405,8482676,8482676
2026-05-12T11:44:58+01:00,9412,8482676,8482676
2026-05-12T11:44:59+01:00,9423,8482676,8482676
2026-05-12T11:45:00+01:00,9434,8482676,8482676
2026-05-12T11:45:01+01:00,9439,8482676,8482676
2026-05-12T11:45:03+01:00,9443,8482676,8482676
2026-05-12T11:45:04+01:00,9431,8482676,8482676
2026-05-12T11:45:05+01:00,9433,8482676,8482676
2026-05-12T11:45:06+01:00,9436,8482676,8482676
2026-05-12T11:45:07+01:00,9438,8482676,8482676
2026-05-12T11:45:08+01:00,9439,8482676,8482676
2026-05-12T11:45:09+01:00,9440,8482676,8482676
2026-05-12T11:45:10+01:00,9442,8482676,8482676
2026-05-12T11:45:11+01:00,9447,8482676,8482676
2026-05-12T11:45:12+01:00,9454,8482676,8482676
2026-05-12T11:45:13+01:00,9460,8482676,8482676
2026-05-12T11:45:14+01:00,9472,8482676,8482676
2026-05-12T11:45:16+01:00,9474,8482676,8482676
2026-05-12T11:45:17+01:00,9480,8482676,8482676
2026-05-12T11:45:18+01:00,9486,8482676,8482676
2026-05-12T11:45:19+01:00,9493,8482676,8482676
2026-05-12T11:45:20+01:00,9501,8482676,8482676
2026-05-12T11:45:22+01:00,9497,8482676,8482676
2026-05-12T11:45:23+01:00,9511,8482676,8482676
2026-05-12T11:45:24+01:00,9516,8482676,8482676
2026-05-12T11:45:25+01:00,9521,8482676,8482676
2026-05-12T11:45:26+01:00,9526,8482676,8482676
2026-05-12T11:45:27+01:00,9533,8482676,8482676
2026-05-12T11:45:28+01:00,9540,8482676,8482676
2026-05-12T11:45:29+01:00,9545,8482676,8482676
2026-05-12T11:45:30+01:00,9549,8482676,8482676
2026-05-12T11:45:32+01:00,9536,8482676,8482676
2026-05-12T11:45:33+01:00,9541,8482676,8482676
2026-05-12T11:45:34+01:00,9546,8482676,8482676
2026-05-12T11:45:35+01:00,9552,8482676,8482676
2026-05-12T11:45:36+01:00,9557,8482676,8482676
2026-05-12T11:45:37+01:00,9561,8482676,8482676
2026-05-12T11:45:38+01:00,9565,8482676,8482676
2026-05-12T11:45:39+01:00,9568,8482676,8482676
2026-05-12T11:45:40+01:00,9570,8482676,8482676
2026-05-12T11:45:41+01:00,9572,8482676,8482676
2026-05-12T11:45:42+01:00,9573,8482676,8482676
2026-05-12T11:45:43+01:00,9576,8482676,8482676
2026-05-12T11:45:44+01:00,9580,8482676,8482676
2026-05-12T11:45:45+01:00,9584,8482676,8482676
2026-05-12T11:45:46+01:00,9588,8482676,8482676
2026-05-12T11:45:47+01:00,9593,8482676,8482676
2026-05-12T11:45:48+01:00,9599,8482676,8482676
2026-05-12T11:45:50+01:00,9604,8482676,8482676
2026-05-12T11:45:51+01:00,9593,8482676,8482676
2026-05-12T11:45:52+01:00,9607,8482676,8482676
2026-05-12T11:45:53+01:00,9616,8482676,8482676
2026-05-12T11:45:54+01:00,9621,8482676,8482676
2026-05-12T11:45:55+01:00,9626,8482676,8482676
2026-05-12T11:45:56+01:00,9631,8482676,8482676
2026-05-12T11:45:57+01:00,9634,8482676,8482676
2026-05-12T11:45:58+01:00,9638,8482676,8482676
2026-05-12T11:45:59+01:00,9643,8482676,8482676
2026-05-12T11:46:01+01:00,9649,8482676,8482676
2026-05-12T11:46:02+01:00,9638,8482676,8482676
2026-05-12T11:46:03+01:00,9643,8482676,8482676
2026-05-12T11:46:04+01:00,9651,8482676,8482676
2026-05-12T11:46:05+01:00,9661,8482676,8482676
2026-05-12T11:46:06+01:00,9663,8482676,8482676
2026-05-12T11:46:08+01:00,9679,8482676,8482676
2026-05-12T11:46:09+01:00,9684,8482676,8482676
2026-05-12T11:46:10+01:00,9687,8482676,8482676
2026-05-12T11:46:11+01:00,9691,8482676,8482676
2026-05-12T11:46:12+01:00,9695,8482676,8482676
2026-05-12T11:46:13+01:00,9700,8482676,8482676
2026-05-12T11:46:14+01:00,9705,8482676,8482676
2026-05-12T11:46:16+01:00,9694,8482676,8482676
2026-05-12T11:46:17+01:00,9699,8482676,8482676
2026-05-12T11:46:18+01:00,9705,8482676,8482676
2026-05-12T11:46:19+01:00,9711,8482676,8482676
2026-05-12T11:46:20+01:00,9717,8482676,8482676
2026-05-12T11:46:21+01:00,9721,8482676,8482676
2026-05-12T11:46:22+01:00,9726,8482676,8482676
2026-05-12T11:46:23+01:00,9731,8482676,8482676
2026-05-12T11:46:24+01:00,9735,8482676,8482676
2026-05-12T11:46:25+01:00,9736,8482676,8482676
2026-05-12T11:46:26+01:00,9738,8482676,8482676
2026-05-12T11:46:27+01:00,9738,8482676,8482676
2026-05-12T11:46:28+01:00,9740,8482676,8482676
2026-05-12T11:46:29+01:00,9743,8482676,8482676
2026-05-12T11:46:30+01:00,9746,8482676,8482676
2026-05-12T11:46:32+01:00,9749,8482676,8482676
2026-05-12T11:46:33+01:00,9738,8482676,8482676
2026-05-12T11:46:34+01:00,9740,8482676,8482676
2026-05-12T11:46:35+01:00,9743,8482676,8482676
2026-05-12T11:46:36+01:00,9746,8482676,8482676
2026-05-12T11:46:37+01:00,9751,8482676,8482676
2026-05-12T11:46:38+01:00,9755,8482676,8482676
2026-05-12T11:46:39+01:00,9760,8482676,8482676
2026-05-12T11:46:40+01:00,9765,8482676,8482676
2026-05-12T11:46:41+01:00,9769,8482676,8482676
2026-05-12T11:46:42+01:00,9773,8482676,8482676
2026-05-12T11:46:43+01:00,9777,8482676,8482676
2026-05-12T11:46:44+01:00,9784,8482676,8482676
2026-05-12T11:46:45+01:00,9791,8482676,8482676
2026-05-12T11:46:47+01:00,9782,8482676,8482676
2026-05-12T11:46:48+01:00,9787,8482676,8482676
2026-05-12T11:46:49+01:00,9795,8482676,8482676
2026-05-12T11:46:50+01:00,9802,8482676,8482676
2026-05-12T11:46:51+01:00,9806,8482676,8482676
2026-05-12T11:46:52+01:00,9810,8482676,8482676
2026-05-12T11:46:53+01:00,9813,8482676,8482676
2026-05-12T11:46:54+01:00,9814,8482676,8482676
2026-05-12T11:46:55+01:00,9814,8482676,8482676
2026-05-12T11:46:56+01:00,9814,8482676,8482676
2026-05-12T11:46:57+01:00,9815,8482676,8482676
2026-05-12T11:46:58+01:00,9817,8482676,8482676
2026-05-12T11:46:59+01:00,9820,8482676,8482676
2026-05-12T11:47:01+01:00,9823,8482676,8482676
2026-05-12T11:47:02+01:00,9811,8482676,8482676
2026-05-12T11:47:03+01:00,9813,8482676,8482676
2026-05-12T11:47:04+01:00,9817,8482676,8482676
2026-05-12T11:47:05+01:00,9821,8482676,8482676
2026-05-12T11:47:06+01:00,9826,8482676,8482676
2026-05-12T11:47:07+01:00,9831,8482676,8482676
2026-05-12T11:47:08+01:00,9835,8482676,8482676
2026-05-12T11:47:09+01:00,9838,8482676,8482676
2026-05-12T11:47:10+01:00,9842,8482676,8482676
2026-05-12T11:47:11+01:00,9846,8482676,8482676
2026-05-12T11:47:12+01:00,9851,8482676,8482676
2026-05-12T11:47:13+01:00,9856,8482676,8482676
2026-05-12T11:47:14+01:00,9864,8482676,8482676
2026-05-12T11:47:16+01:00,9854,8482676,8482676
2026-05-12T11:47:17+01:00,9862,8482676,8482676
2026-05-12T11:47:18+01:00,9868,8482676,8482676
2026-05-12T11:47:19+01:00,9872,8506740,8506740
2026-05-12T11:47:20+01:00,9874,8506740,8506740
2026-05-12T11:47:21+01:00,9876,8506740,8506740
2026-05-12T11:47:22+01:00,9880,8506740,8506740
2026-05-12T11:47:23+01:00,9884,8506740,8506740
2026-05-12T11:47:24+01:00,9888,8506740,8506740
2026-05-12T11:47:25+01:00,9893,8506740,8506740
2026-05-12T11:47:26+01:00,9897,8506740,8506740
2026-05-12T11:47:27+01:00,9902,8506740,8506740
2026-05-12T11:47:29+01:00,9906,8506740,8506740
2026-05-12T11:47:30+01:00,9895,8506740,8506740
2026-05-12T11:47:31+01:00,9898,8506740,8506740
2026-05-12T11:47:32+01:00,9902,8506740,8506740
2026-05-12T11:47:33+01:00,9905,8506740,8506740
2026-05-12T11:47:34+01:00,9909,8506740,8506740
2026-05-12T11:47:35+01:00,9911,8506740,8506740
2026-05-12T11:47:36+01:00,9911,8506740,8506740
2026-05-12T11:47:37+01:00,9909,8506740,8506740
2026-05-12T11:47:38+01:00,9906,8506740,8506740
2026-05-12T11:47:39+01:00,9905,8506740,8506740
2026-05-12T11:47:40+01:00,9904,8506740,8506740
2026-05-12T11:47:41+01:00,9905,8506740,8506740
2026-05-12T11:47:42+01:00,9907,8506740,8506740
2026-05-12T11:47:43+01:00,9908,8506740,8506740
2026-05-12T11:47:44+01:00,9910,8506740,8506740
2026-05-12T11:47:45+01:00,9912,8506740,8506740
2026-05-12T11:47:46+01:00,9913,8506740,8506740
2026-05-12T11:47:48+01:00,9913,8506740,8506740
2026-05-12T11:47:49+01:00,9898,8506740,8506740
2026-05-12T11:47:50+01:00,9899,8506740,8506740
2026-05-12T11:47:51+01:00,9899,8506740,8506740
2026-05-12T11:47:52+01:00,9899,8506740,8506740
2026-05-12T11:47:53+01:00,9898,8506740,8506740
2026-05-12T11:47:54+01:00,9897,8506740,8506740
2026-05-12T11:47:55+01:00,9894,8506740,8506740
2026-05-12T11:47:56+01:00,9892,8506740,8506740
2026-05-12T11:47:57+01:00,9891,8506740,8506740
2026-05-12T11:47:58+01:00,9890,8506740,8506740
2026-05-12T11:47:59+01:00,9890,8506740,8506740
2026-05-12T11:48:00+01:00,9891,8506740,8506740
2026-05-12T11:48:01+01:00,9893,8506740,8506740
2026-05-12T11:48:02+01:00,9894,8506740,8506740
2026-05-12T11:48:03+01:00,9894,8506740,8506740
2026-05-12T11:48:04+01:00,9894,8506740,8506740
2026-05-12T11:48:05+01:00,9895,8506740,8506740
2026-05-12T11:48:07+01:00,9896,8506740,8506740
2026-05-12T11:48:08+01:00,9882,8506740,8506740
2026-05-12T11:48:09+01:00,9883,8506740,8506740
2026-05-12T11:48:10+01:00,9884,8506740,8506740
2026-05-12T11:48:11+01:00,9884,8506740,8506740
2026-05-12T11:48:12+01:00,9885,8506740,8506740
2026-05-12T11:48:13+01:00,9886,8506740,8506740
2026-05-12T11:48:14+01:00,9887,8506740,8506740
2026-05-12T11:48:15+01:00,9888,8506740,8506740
2026-05-12T11:48:16+01:00,9891,8506740,8506740
2026-05-12T11:48:17+01:00,9895,8506740,8506740
2026-05-12T11:48:18+01:00,9899,8506740,8506740
2026-05-12T11:48:19+01:00,9903,8506740,8506740
2026-05-12T11:48:20+01:00,9904,8506740,8506740
2026-05-12T11:48:21+01:00,9907,8508756,8508756
2026-05-12T11:48:22+01:00,9910,8508756,8508756
2026-05-12T11:48:23+01:00,9914,8508756,8508756
2026-05-12T11:48:24+01:00,9907,8508756,8508756
2026-05-12T11:48:26+01:00,9920,8508756,8508756
2026-05-12T11:48:27+01:00,9924,8508756,8508756
2026-05-12T11:48:28+01:00,9928,8508756,8508756
2026-05-12T11:48:29+01:00,9931,8508756,8508756
2026-05-12T11:48:30+01:00,9935,8508756,8508756
2026-05-12T11:48:31+01:00,9939,8508756,8508756
2026-05-12T11:48:32+01:00,9943,8508756,8508756
2026-05-12T11:48:34+01:00,9934,8508756,8508756
2026-05-12T11:48:35+01:00,9939,8508756,8508756
2026-05-12T11:48:36+01:00,9942,8508756,8508756
2026-05-12T11:48:37+01:00,9947,8508756,8508756
2026-05-12T11:48:38+01:00,9951,8508756,8508756
2026-05-12T11:48:39+01:00,9955,8508756,8508756
2026-05-12T11:48:40+01:00,9959,8508756,8508756
2026-05-12T11:48:41+01:00,9962,8508756,8508756
2026-05-12T11:48:42+01:00,9966,8508756,8508756
2026-05-12T11:48:43+01:00,9966,8508756,8508756
2026-05-12T11:48:44+01:00,9967,8508756,8508756
2026-05-12T11:48:45+01:00,9968,8508756,8508756
2026-05-12T11:48:46+01:00,9969,8508756,8508756
2026-05-12T11:48:47+01:00,9971,8508756,8508756
2026-05-12T11:48:48+01:00,9974,8508756,8508756
2026-05-12T11:48:50+01:00,9977,8508756,8508756
2026-05-12T11:48:51+01:00,9967,8508756,8508756
2026-05-12T11:48:52+01:00,9974,8508756,8508756
2026-05-12T11:48:53+01:00,9977,8508756,8508756
2026-05-12T11:48:54+01:00,9981,8508756,8508756
2026-05-12T11:48:55+01:00,9985,8508756,8508756
2026-05-12T11:48:56+01:00,9992,8508756,8508756
2026-05-12T11:48:57+01:00,9997,8508756,8508756
2026-05-12T11:48:58+01:00,10001,8508756,8508756
2026-05-12T11:49:00+01:00,10007,8508756,8508756
2026-05-12T11:49:01+01:00,9996,8508756,8508756
2026-05-12T11:49:02+01:00,9999,8508756,8508756
2026-05-12T11:49:03+01:00,10002,8508756,8508756
2026-05-12T11:49:04+01:00,10005,8508756,8508756
2026-05-12T11:49:05+01:00,10009,8508756,8508756
2026-05-12T11:49:06+01:00,10013,8508756,8508756
2026-05-12T11:49:07+01:00,10019,8508756,8508756
2026-05-12T11:49:08+01:00,10025,8508756,8508756
2026-05-12T11:49:09+01:00,10029,8508756,8508756
2026-05-12T11:49:10+01:00,10032,8508756,8508756
2026-05-12T11:49:11+01:00,10036,8508756,8508756
2026-05-12T11:49:13+01:00,10040,8508756,8508756
2026-05-12T11:49:14+01:00,10032,8508756,8508756
2026-05-12T11:49:15+01:00,10036,8508756,8508756
2026-05-12T11:49:16+01:00,10039,8508756,8508756
2026-05-12T11:49:17+01:00,10042,8508756,8508756
2026-05-12T11:49:18+01:00,10044,8508756,8508756
2026-05-12T11:49:19+01:00,10047,8508756,8508756
2026-05-12T11:49:20+01:00,10050,8508756,8508756
2026-05-12T11:49:21+01:00,10053,8508756,8508756
2026-05-12T11:49:22+01:00,10054,8508756,8508756
2026-05-12T11:49:23+01:00,10055,8508756,8508756
2026-05-12T11:49:24+01:00,10055,8508756,8508756
2026-05-12T11:49:25+01:00,10056,8508756,8508756
2026-05-12T11:49:26+01:00,10058,8508756,8508756
2026-05-12T11:49:27+01:00,10060,8508756,8508756
2026-05-12T11:49:28+01:00,10062,8508756,8508756
2026-05-12T11:49:29+01:00,10065,8508756,8508756
2026-05-12T11:49:30+01:00,10068,8508756,8508756
2026-05-12T11:49:32+01:00,10071,8508756,8508756
2026-05-12T11:49:33+01:00,10061,8508756,8508756
2026-05-12T11:49:34+01:00,10070,8508756,8508756
2026-05-12T11:49:35+01:00,10072,8508756,8508756
2026-05-12T11:49:37+01:00,10076,8508756,8508756
2026-05-12T11:49:38+01:00,10078,8508756,8508756
2026-05-12T11:49:39+01:00,10080,8508756,8508756
2026-05-12T11:49:40+01:00,10083,8508756,8508756
2026-05-12T11:49:41+01:00,10086,8508756,8508756
2026-05-12T11:49:42+01:00,10090,8508756,8508756
2026-05-12T11:49:43+01:00,10096,8508756,8508756
2026-05-12T11:49:44+01:00,10099,8508756,8508756
2026-05-12T11:49:45+01:00,10107,8508756,8508756
2026-05-12T11:49:47+01:00,10103,8508756,8508756
2026-05-12T11:49:48+01:00,10110,8508756,8508756
2026-05-12T11:49:50+01:00,10109,8508756,8508756
2026-05-12T11:49:51+01:00,10116,8534136,8534136
2026-05-12T11:49:52+01:00,10117,8538232,8538232
2026-05-12T11:49:53+01:00,10118,8538232,8538232
2026-05-12T11:49:54+01:00,10119,8538232,8538232
2026-05-12T11:49:55+01:00,10121,8538232,8538232
2026-05-12T11:49:56+01:00,10122,8538232,8538232
2026-05-12T11:49:57+01:00,10125,8538232,8538232
2026-05-12T11:49:58+01:00,10127,8538232,8538232
2026-05-12T11:49:59+01:00,10129,8538232,8538232
2026-05-12T11:50:01+01:00,10118,8538232,8538232
2026-05-12T11:50:02+01:00,10119,8538232,8538232
2026-05-12T11:50:03+01:00,10120,8538232,8538232
2026-05-12T11:50:04+01:00,10120,8538232,8538232
2026-05-12T11:50:05+01:00,10118,8538232,8538232
2026-05-12T11:50:06+01:00,10116,8538232,8538232
2026-05-12T11:50:07+01:00,10114,8538232,8538232
2026-05-12T11:50:08+01:00,10112,8538232,8538232
2026-05-12T11:50:09+01:00,10111,8538232,8538232
2026-05-12T11:50:10+01:00,10109,8538232,8538232
2026-05-12T11:50:11+01:00,10107,8538232,8538232
2026-05-12T11:50:12+01:00,10105,8538232,8538232
2026-05-12T11:50:13+01:00,10103,8538232,8538232
2026-05-12T11:50:14+01:00,10102,8538232,8538232
2026-05-12T11:50:15+01:00,10101,8538232,8538232
2026-05-12T11:50:16+01:00,10100,8538232,8538232
2026-05-12T11:50:17+01:00,10099,8538232,8538232
2026-05-12T11:50:18+01:00,10098,8538232,8538232
2026-05-12T11:50:20+01:00,10098,8538232,8538232
2026-05-12T11:50:21+01:00,10084,8538232,8538232
2026-05-12T11:50:22+01:00,10083,8538232,8538232
2026-05-12T11:50:23+01:00,10081,8538232,8538232
2026-05-12T11:50:24+01:00,10080,8538232,8538232
2026-05-12T11:50:25+01:00,10080,8538232,8538232
2026-05-12T11:50:26+01:00,10079,8539556,8539556
2026-05-12T11:50:27+01:00,10078,8539556,8539556
2026-05-12T11:50:28+01:00,10078,8539556,8539556
2026-05-12T11:50:29+01:00,10079,8539556,8539556
2026-05-12T11:50:30+01:00,10079,8539556,8539556
2026-05-12T11:50:31+01:00,10080,8539556,8539556
2026-05-12T11:50:32+01:00,10082,8539556,8539556
2026-05-12T11:50:33+01:00,10084,8539556,8539556
2026-05-12T11:50:34+01:00,10085,8539556,8539556
2026-05-12T11:50:35+01:00,10087,8539556,8539556
2026-05-12T11:50:36+01:00,10088,8539556,8539556
2026-05-12T11:50:37+01:00,10089,8539556,8539556
2026-05-12T11:50:38+01:00,10089,8539556,8539556
2026-05-12T11:50:40+01:00,10090,8539556,8539556
2026-05-12T11:50:41+01:00,10080,8539556,8539556
2026-05-12T11:50:42+01:00,10081,8539556,8539556
2026-05-12T11:50:43+01:00,10082,8539556,8539556
2026-05-12T11:50:44+01:00,10081,8539556,8539556
2026-05-12T11:50:45+01:00,10081,8539556,8539556
2026-05-12T11:50:46+01:00,10082,8539556,8539556
2026-05-12T11:50:47+01:00,10082,8539556,8539556
2026-05-12T11:50:48+01:00,10082,8539556,8539556
2026-05-12T11:50:49+01:00,10083,8539556,8539556
2026-05-12T11:50:50+01:00,10084,8539556,8539556
2026-05-12T11:50:51+01:00,10086,8539556,8539556
2026-05-12T11:50:52+01:00,10088,8539556,8539556
2026-05-12T11:50:53+01:00,10091,8539556,8539556
2026-05-12T11:50:54+01:00,10094,8539556,8539556
2026-05-12T11:50:55+01:00,10096,8539556,8539556
2026-05-12T11:50:56+01:00,10099,8539556,8539556
2026-05-12T11:50:57+01:00,10101,8539556,8539556
2026-05-12T11:50:59+01:00,10103,8539556,8539556
2026-05-12T11:51:00+01:00,10094,8539556,8539556
2026-05-12T11:51:01+01:00,10096,8539556,8539556
2026-05-12T11:51:02+01:00,10099,8539556,8539556
2026-05-12T11:51:03+01:00,10102,8539556,8539556
2026-05-12T11:51:04+01:00,10105,8539556,8539556
2026-05-12T11:51:05+01:00,10110,8539556,8539556
2026-05-12T11:51:06+01:00,10113,8539556,8539556
2026-05-12T11:51:07+01:00,10116,8539556,8539556
2026-05-12T11:51:08+01:00,10117,8539556,8539556
2026-05-12T11:51:09+01:00,10119,8539556,8539556
2026-05-12T11:51:10+01:00,10121,8539556,8539556
2026-05-12T11:51:11+01:00,10122,8539556,8539556
2026-05-12T11:51:12+01:00,10123,8539556,8539556
2026-05-12T11:51:13+01:00,10124,8539556,8539556
2026-05-12T11:51:15+01:00,10115,8541600,8541600
2026-05-12T11:51:16+01:00,10117,8541600,8541600
2026-05-12T11:51:17+01:00,10119,8541600,8541600
2026-05-12T11:51:18+01:00,10122,8541600,8541600
2026-05-12T11:51:19+01:00,10125,8541600,8541600
2026-05-12T11:51:20+01:00,10128,8541600,8541600
2026-05-12T11:51:21+01:00,10131,8541600,8541600
2026-05-12T11:51:22+01:00,10133,8541600,8541600
2026-05-12T11:51:23+01:00,10136,8541600,8541600
2026-05-12T11:51:24+01:00,10140,8541600,8541600
2026-05-12T11:51:25+01:00,10143,8541600,8541600
2026-05-12T11:51:26+01:00,10147,8541600,8541600
2026-05-12T11:51:28+01:00,10144,8541600,8541600
2026-05-12T11:51:29+01:00,10152,8541600,8541600
2026-05-12T11:51:30+01:00,10157,8541600,8541600
2026-05-12T11:51:31+01:00,10158,8541600,8541600
2026-05-12T11:51:32+01:00,10160,8541600,8541600
2026-05-12T11:51:33+01:00,10163,8541600,8541600
2026-05-12T11:51:34+01:00,10165,8541600,8541600
2026-05-12T11:51:36+01:00,10158,8541600,8541600
2026-05-12T11:51:37+01:00,10161,8541600,8541600
2026-05-12T11:51:38+01:00,10164,8541600,8541600
2026-05-12T11:51:39+01:00,10167,8541600,8541600
2026-05-12T11:51:40+01:00,10174,8541600,8541600
2026-05-12T11:51:41+01:00,10175,8541600,8541600
2026-05-12T11:51:42+01:00,10177,8541600,8541600
2026-05-12T11:51:43+01:00,10180,8541600,8541600
2026-05-12T11:51:44+01:00,10182,8541600,8541600
2026-05-12T11:51:45+01:00,10185,8541600,8541600
2026-05-12T11:51:46+01:00,10188,8541600,8541600
2026-05-12T11:51:47+01:00,10191,8541600,8541600
2026-05-12T11:51:48+01:00,10195,8541600,8541600
2026-05-12T11:51:50+01:00,10187,8541600,8541600
2026-05-12T11:51:51+01:00,10190,8541600,8541600
2026-05-12T11:51:52+01:00,10193,8541600,8541600
2026-05-12T11:51:53+01:00,10196,8541600,8541600
2026-05-12T11:51:54+01:00,10199,8541600,8541600
2026-05-12T11:51:55+01:00,10203,8541600,8541600
2026-05-12T11:51:56+01:00,10207,8541600,8541600
2026-05-12T11:51:57+01:00,10210,8541600,8541600
2026-05-12T11:51:58+01:00,10212,8541600,8541600
2026-05-12T11:51:59+01:00,10214,8541600,8541600
2026-05-12T11:52:00+01:00,10216,8541600,8541600
2026-05-12T11:52:01+01:00,10218,8541600,8541600
2026-05-12T11:52:02+01:00,10219,8541600,8541600
2026-05-12T11:52:03+01:00,10221,8541600,8541600
2026-05-12T11:52:05+01:00,10213,8541600,8541600
2026-05-12T11:52:06+01:00,10215,8541600,8541600
2026-05-12T11:52:07+01:00,10218,8541600,8541600
2026-05-12T11:52:08+01:00,10221,8541600,8541600
2026-05-12T11:52:09+01:00,10223,8541600,8541600
2026-05-12T11:52:10+01:00,10225,8541600,8541600
2026-05-12T11:52:11+01:00,10227,8541600,8541600
2026-05-12T11:52:12+01:00,10229,8541600,8541600
2026-05-12T11:52:13+01:00,10232,8541600,8541600
2026-05-12T11:52:14+01:00,10234,8541600,8541600
2026-05-12T11:52:15+01:00,10237,8541600,8541600
2026-05-12T11:52:16+01:00,10242,8541600,8541600
2026-05-12T11:52:18+01:00,10241,8541600,8541600
2026-05-12T11:52:19+01:00,10243,8541600,8541600
2026-05-12T11:52:20+01:00,10245,8541600,8541600
2026-05-12T11:52:21+01:00,10248,8541600,8541600
2026-05-12T11:52:22+01:00,10250,8541600,8541600
2026-05-12T11:52:23+01:00,10254,8541600,8541600
2026-05-12T11:52:24+01:00,10258,8541600,8541600
2026-05-12T11:52:26+01:00,10251,8541600,8541600
2026-05-12T11:52:27+01:00,10255,8541600,8541600
2026-05-12T11:52:28+01:00,10258,8541600,8541600
2026-05-12T11:52:29+01:00,10260,8541600,8541600
2026-05-12T11:52:30+01:00,10262,8541600,8541600
2026-05-12T11:52:31+01:00,10264,8541600,8541600
2026-05-12T11:52:32+01:00,10270,8541600,8541600
2026-05-12T11:52:34+01:00,10268,8541600,8541600
2026-05-12T11:52:35+01:00,10278,8541600,8541600
2026-05-12T11:52:37+01:00,10278,8541600,8541600
2026-05-12T11:52:38+01:00,10279,8541600,8541600
2026-05-12T11:52:39+01:00,10282,8541600,8541600
2026-05-12T11:52:40+01:00,10284,8541600,8541600
2026-05-12T11:52:41+01:00,10286,8541600,8541600
2026-05-12T11:52:42+01:00,10289,8541600,8541600
2026-05-12T11:52:43+01:00,10291,8541600,8541600
2026-05-12T11:52:44+01:00,10294,8541600,8541600
2026-05-12T11:52:45+01:00,10296,8541600,8541600
2026-05-12T11:52:46+01:00,10300,8541600,8541600
2026-05-12T11:52:48+01:00,10304,8541600,8541600
2026-05-12T11:52:49+01:00,10296,8541600,8541600
2026-05-12T11:52:50+01:00,10299,8541600,8541600
2026-05-12T11:52:51+01:00,10303,8541600,8541600
2026-05-12T11:52:52+01:00,10305,8541600,8541600
2026-05-12T11:52:53+01:00,10309,8541600,8541600
2026-05-12T11:52:54+01:00,10312,8541600,8541600
2026-05-12T11:52:55+01:00,10314,8541600,8541600
2026-05-12T11:52:56+01:00,10317,8541600,8541600
2026-05-12T11:52:57+01:00,10321,8541600,8541600
2026-05-12T11:52:58+01:00,10324,8541600,8541600
2026-05-12T11:52:59+01:00,10327,8541600,8541600
2026-05-12T11:53:01+01:00,10320,8541600,8541600
2026-05-12T11:53:02+01:00,10324,8541600,8541600
2026-05-12T11:53:03+01:00,10326,8541600,8541600
2026-05-12T11:53:04+01:00,10329,8541600,8541600
2026-05-12T11:53:05+01:00,10332,8541600,8541600
2026-05-12T11:53:06+01:00,10334,8541600,8541600
2026-05-12T11:53:07+01:00,10338,8541600,8541600
2026-05-12T11:53:08+01:00,10341,8541600,8541600
2026-05-12T11:53:09+01:00,10345,8541600,8541600
2026-05-12T11:53:11+01:00,10350,8541600,8541600
2026-05-12T11:53:12+01:00,10345,8572348,8572348
2026-05-12T11:53:13+01:00,10346,8572348,8572348
2026-05-12T11:53:14+01:00,10347,8572348,8572348
2026-05-12T11:53:15+01:00,10348,8572348,8572348
2026-05-12T11:53:16+01:00,10350,8572348,8572348
2026-05-12T11:53:17+01:00,10351,8572348,8572348
2026-05-12T11:53:18+01:00,10353,8572348,8572348
2026-05-12T11:53:19+01:00,10355,8572348,8572348
2026-05-12T11:53:20+01:00,10356,8572348,8572348
2026-05-12T11:53:21+01:00,10357,8572360,8572360
2026-05-12T11:53:22+01:00,10357,8572360,8572360
2026-05-12T11:53:24+01:00,10356,8572360,8572360
2026-05-12T11:53:25+01:00,10343,8572360,8572360
2026-05-12T11:53:26+01:00,10341,8572360,8572360
2026-05-12T11:53:27+01:00,10340,8572360,8572360
2026-05-12T11:53:28+01:00,10339,8572360,8572360
2026-05-12T11:53:29+01:00,10339,8572360,8572360
2026-05-12T11:53:30+01:00,10338,8572360,8572360
2026-05-12T11:53:31+01:00,10337,8572360,8572360
2026-05-12T11:53:32+01:00,10337,8572360,8572360
2026-05-12T11:53:33+01:00,10337,8572360,8572360
2026-05-12T11:53:34+01:00,10337,8572360,8572360
2026-05-12T11:53:35+01:00,10338,8572360,8572360
2026-05-12T11:53:36+01:00,10338,8572360,8572360
2026-05-12T11:53:37+01:00,10338,8572360,8572360
2026-05-12T11:53:38+01:00,10338,8572360,8572360
2026-05-12T11:53:39+01:00,10338,8572360,8572360
2026-05-12T11:53:40+01:00,10338,8572360,8572360
2026-05-12T11:53:41+01:00,10339,8572360,8572360
2026-05-12T11:53:42+01:00,10340,8572360,8572360
2026-05-12T11:53:44+01:00,10340,8572360,8572360
2026-05-12T11:53:45+01:00,10331,8572360,8572360
2026-05-12T11:53:46+01:00,10331,8572360,8572360
2026-05-12T11:53:47+01:00,10331,8572360,8572360
2026-05-12T11:53:48+01:00,10332,8572360,8572360
2026-05-12T11:53:49+01:00,10334,8572360,8572360
2026-05-12T11:53:50+01:00,10335,8572360,8572360
2026-05-12T11:53:51+01:00,10338,8572360,8572360
2026-05-12T11:53:52+01:00,10338,8572360,8572360
2026-05-12T11:53:53+01:00,10339,8572360,8572360
2026-05-12T11:53:54+01:00,10340,8572360,8572360
2026-05-12T11:53:55+01:00,10340,8572360,8572360
2026-05-12T11:53:56+01:00,10341,8572360,8572360
2026-05-12T11:53:57+01:00,10342,8572360,8572360
2026-05-12T11:53:58+01:00,10344,8572360,8572360
2026-05-12T11:53:59+01:00,10346,8572360,8572360
2026-05-12T11:54:00+01:00,10348,8572360,8572360
2026-05-12T11:54:01+01:00,10350,8572360,8572360
2026-05-12T11:54:03+01:00,10352,8572360,8572360
2026-05-12T11:54:04+01:00,10344,8572360,8572360
2026-05-12T11:54:05+01:00,10347,8572360,8572360
2026-05-12T11:54:06+01:00,10349,8572360,8572360
2026-05-12T11:54:07+01:00,10353,8572360,8572360
2026-05-12T11:54:08+01:00,10356,8572360,8572360
2026-05-12T11:54:09+01:00,10359,8572360,8572360
2026-05-12T11:54:10+01:00,10359,8572360,8572360
2026-05-12T11:54:12+01:00,10364,8572360,8572360
2026-05-12T11:54:13+01:00,10369,8572360,8572360
2026-05-12T11:54:14+01:00,10367,8572360,8572360
2026-05-12T11:54:16+01:00,10373,8572360,8572360
2026-05-12T11:54:17+01:00,10375,8572360,8572360
2026-05-12T11:54:18+01:00,10377,8572360,8572360
2026-05-12T11:54:19+01:00,10380,8572360,8572360
2026-05-12T11:54:20+01:00,10382,8572360,8572360
2026-05-12T11:54:21+01:00,10384,8572360,8572360
2026-05-12T11:54:22+01:00,10387,8572360,8572360
2026-05-12T11:54:23+01:00,10389,8572360,8572360
2026-05-12T11:54:24+01:00,10392,8572360,8572360
2026-05-12T11:54:26+01:00,10384,8572360,8572360
2026-05-12T11:54:27+01:00,10389,8572360,8572360
2026-05-12T11:54:28+01:00,10393,8572360,8572360
2026-05-12T11:54:29+01:00,10398,8574376,8574376
2026-05-12T11:54:31+01:00,10398,8574376,8574376
2026-05-12T11:54:32+01:00,10400,8574376,8574376
2026-05-12T11:54:33+01:00,10401,8574376,8574376
2026-05-12T11:54:34+01:00,10402,8574376,8574376
2026-05-12T11:54:35+01:00,10404,8574376,8574376
2026-05-12T11:54:36+01:00,10406,8574376,8574376
2026-05-12T11:54:37+01:00,10408,8574376,8574376
2026-05-12T11:54:38+01:00,10411,8574376,8574376
2026-05-12T11:54:39+01:00,10413,8574376,8574376
2026-05-12T11:54:41+01:00,10415,8574376,8574376
2026-05-12T11:54:42+01:00,10408,8574376,8574376
2026-05-12T11:54:43+01:00,10410,8574376,8574376
2026-05-12T11:54:44+01:00,10412,8574376,8574376
2026-05-12T11:54:45+01:00,10414,8574376,8574376
2026-05-12T11:54:46+01:00,10415,8574376,8574376
2026-05-12T11:54:47+01:00,10417,8574376,8574376
2026-05-12T11:54:48+01:00,10419,8574376,8574376
2026-05-12T11:54:49+01:00,10421,8574376,8574376
2026-05-12T11:54:50+01:00,10423,8574376,8574376
2026-05-12T11:54:51+01:00,10424,8574376,8574376
2026-05-12T11:54:52+01:00,10426,8574376,8574376
2026-05-12T11:54:53+01:00,10426,8574376,8574376
2026-05-12T11:54:54+01:00,10426,8574376,8574376
2026-05-12T11:54:55+01:00,10427,8574376,8574376
2026-05-12T11:54:56+01:00,10428,8574376,8574376
2026-05-12T11:54:57+01:00,10430,8574376,8574376
2026-05-12T11:54:58+01:00,10432,8574376,8574376
2026-05-12T11:54:59+01:00,10434,8574376,8574376
2026-05-12T11:55:01+01:00,10437,8576420,8576420
2026-05-12T11:55:02+01:00,10431,8576420,8576420
2026-05-12T11:55:03+01:00,10433,8576420,8576420
2026-05-12T11:55:04+01:00,10435,8576420,8576420
2026-05-12T11:55:05+01:00,10437,8576420,8576420
2026-05-12T11:55:06+01:00,10439,8576420,8576420
2026-05-12T11:55:07+01:00,10444,8576420,8576420
2026-05-12T11:55:09+01:00,10444,8576420,8576420
2026-05-12T11:55:10+01:00,10449,8576420,8576420
2026-05-12T11:55:11+01:00,10451,8576420,8576420
2026-05-12T11:55:12+01:00,10453,8576420,8576420
2026-05-12T11:55:13+01:00,10455,8576420,8576420
2026-05-12T11:55:15+01:00,10458,8576420,8576420
2026-05-12T11:55:16+01:00,10451,8576420,8576420
2026-05-12T11:55:17+01:00,10454,8576420,8576420
2026-05-12T11:55:18+01:00,10456,8576420,8576420
2026-05-12T11:55:19+01:00,10459,8576420,8576420
2026-05-12T11:55:20+01:00,10461,8576420,8576420
2026-05-12T11:55:21+01:00,10463,8576420,8576420
2026-05-12T11:55:22+01:00,10465,8576420,8576420
2026-05-12T11:55:23+01:00,10467,8576420,8576420
2026-05-12T11:55:24+01:00,10468,8576420,8576420
2026-05-12T11:55:25+01:00,10470,8576420,8576420
2026-05-12T11:55:26+01:00,10471,8576420,8576420
2026-05-12T11:55:27+01:00,10473,8576420,8576420
2026-05-12T11:55:28+01:00,10475,8576420,8576420
2026-05-12T11:55:29+01:00,10470,8576420,8576420
2026-05-12T11:55:31+01:00,10475,8610488,8610488
2026-05-12T11:55:32+01:00,10477,8618680,8618680
2026-05-12T11:55:33+01:00,10478,8618680,8618680
2026-05-12T11:55:34+01:00,10480,8618680,8618680
2026-05-12T11:55:35+01:00,10486,8618680,8618680
2026-05-12T11:55:37+01:00,10485,8618680,8618680
2026-05-12T11:55:39+01:00,10485,8618680,8618680
2026-05-12T11:55:40+01:00,10490,8618680,8618680
2026-05-12T11:55:41+01:00,10496,8618680,8618680
2026-05-12T11:55:42+01:00,10498,8618680,8618680
2026-05-12T11:55:44+01:00,10494,8618744,8618744
2026-05-12T11:55:45+01:00,10501,8618764,8618764
2026-05-12T11:55:46+01:00,10503,8618772,8618772
2026-05-12T11:55:47+01:00,10504,8618776,8618776
2026-05-12T11:55:49+01:00,10506,8618776,8618776
2026-05-12T11:55:50+01:00,10498,8618776,8618776
2026-05-12T11:55:51+01:00,10500,8618776,8618776
2026-05-12T11:55:52+01:00,10502,8618776,8618776
2026-05-12T11:55:53+01:00,10504,8618776,8618776
2026-05-12T11:55:54+01:00,10506,8618776,8618776
2026-05-12T11:55:55+01:00,10509,8618776,8618776
2026-05-12T11:55:56+01:00,10511,8618776,8618776
2026-05-12T11:55:57+01:00,10514,8618776,8618776
2026-05-12T11:55:58+01:00,10516,8618776,8618776
2026-05-12T11:55:59+01:00,10518,8618776,8618776
2026-05-12T11:56:00+01:00,10520,8618776,8618776
2026-05-12T11:56:01+01:00,10521,8618776,8618776
2026-05-12T11:56:02+01:00,10523,8618776,8618776
2026-05-12T11:56:03+01:00,10525,8618776,8618776
2026-05-12T11:56:04+01:00,10528,8618776,8618776
2026-05-12T11:56:06+01:00,10530,8617524,8618776
2026-05-12T11:56:07+01:00,10523,8617524,8618776
2026-05-12T11:56:08+01:00,10525,8617524,8618776
2026-05-12T11:56:09+01:00,10527,8617524,8618776
2026-05-12T11:56:10+01:00,10528,8617752,8618776
2026-05-12T11:56:11+01:00,10530,8617752,8618776
2026-05-12T11:56:12+01:00,10532,8617752,8618776
2026-05-12T11:56:13+01:00,10534,8617752,8618776
2026-05-12T11:56:14+01:00,10537,8617752,8618776
2026-05-12T11:56:15+01:00,10539,8617752,8618776
2026-05-12T11:56:16+01:00,10541,8617752,8618776
2026-05-12T11:56:17+01:00,10544,8617752,8618776
2026-05-12T11:56:18+01:00,10546,8617752,8618776
2026-05-12T11:56:19+01:00,10548,8617752,8618776
2026-05-12T11:56:21+01:00,10549,8617752,8618776
2026-05-12T11:56:22+01:00,10542,8617816,8618776
2026-05-12T11:56:23+01:00,10544,8617816,8618776
2026-05-12T11:56:24+01:00,10546,8617816,8618776
2026-05-12T11:56:25+01:00,10548,8617816,8618776
2026-05-12T11:56:26+01:00,10551,8617816,8618776
2026-05-12T11:56:27+01:00,10556,8617816,8618776
2026-05-12T11:56:28+01:00,10561,8617816,8618776
2026-05-12T11:56:30+01:00,10557,8617816,8618776
2026-05-12T11:56:31+01:00,10558,8617816,8618776
2026-05-12T11:56:32+01:00,10560,8617816,8618776
2026-05-12T11:56:33+01:00,10561,8617816,8618776
2026-05-12T11:56:34+01:00,10562,8617816,8618776
2026-05-12T11:56:35+01:00,10564,8617816,8618776
2026-05-12T11:56:36+01:00,10566,8617816,8618776
2026-05-12T11:56:37+01:00,10570,8617820,8618776
2026-05-12T11:56:39+01:00,10569,8617820,8618776
2026-05-12T11:56:40+01:00,10572,8617820,8618776
2026-05-12T11:56:41+01:00,10572,8617820,8618776
2026-05-12T11:56:42+01:00,10573,8617820,8618776
2026-05-12T11:56:44+01:00,10575,8617820,8618776
2026-05-12T11:56:45+01:00,10567,8617820,8618776
2026-05-12T11:56:46+01:00,10569,8617820,8618776
2026-05-12T11:56:47+01:00,10571,8617820,8618776
2026-05-12T11:56:48+01:00,10576,8617820,8618776
2026-05-12T11:56:49+01:00,10582,8617820,8618776
2026-05-12T11:56:51+01:00,10583,8617820,8618776
2026-05-12T11:56:52+01:00,10576,8617820,8618776
2026-05-12T11:56:53+01:00,10577,8617820,8618776
2026-05-12T11:56:54+01:00,10579,8617820,8618776
2026-05-12T11:56:55+01:00,10582,8617820,8618776
2026-05-12T11:56:56+01:00,10584,8617888,8618776
2026-05-12T11:56:57+01:00,10586,8617888,8618776
2026-05-12T11:56:58+01:00,10588,8617888,8618776
2026-05-12T11:56:59+01:00,10590,8617888,8618776
2026-05-12T11:57:00+01:00,10592,8617888,8618776
2026-05-12T11:57:01+01:00,10594,8617888,8618776
2026-05-12T11:57:02+01:00,10595,8617888,8618776
2026-05-12T11:57:03+01:00,10597,8617888,8618776
2026-05-12T11:57:04+01:00,10597,8617888,8618776
2026-05-12T11:57:05+01:00,10598,8617888,8618776
2026-05-12T11:57:06+01:00,10600,8617888,8618776
2026-05-12T11:57:08+01:00,10601,8617888,8618776
2026-05-12T11:57:09+01:00,10594,8617888,8618776
2026-05-12T11:57:10+01:00,10596,8617888,8618776
2026-05-12T11:57:11+01:00,10598,8617888,8618776
2026-05-12T11:57:12+01:00,10600,8617888,8618776
2026-05-12T11:57:13+01:00,10602,8617888,8618776
2026-05-12T11:57:14+01:00,10604,8617888,8618776
2026-05-12T11:57:15+01:00,10605,8617888,8618776
2026-05-12T11:57:16+01:00,10607,8617888,8618776
2026-05-12T11:57:17+01:00,10610,8617888,8618776
2026-05-12T11:57:18+01:00,10612,8617888,8618776
2026-05-12T11:57:19+01:00,10613,8617888,8618776
2026-05-12T11:57:20+01:00,10614,8617888,8618776
2026-05-12T11:57:21+01:00,10615,8617888,8618776
2026-05-12T11:57:22+01:00,10617,8617888,8618776
2026-05-12T11:57:24+01:00,10619,8617888,8618776
2026-05-12T11:57:25+01:00,10612,8617888,8618776
2026-05-12T11:57:26+01:00,10614,8617888,8618776
2026-05-12T11:57:27+01:00,10616,8617888,8618776
2026-05-12T11:57:28+01:00,10617,8617888,8618776
2026-05-12T11:57:29+01:00,10619,8617888,8618776
2026-05-12T11:57:30+01:00,10621,8617888,8618776
2026-05-12T11:57:31+01:00,10626,8617888,8618776
2026-05-12T11:57:32+01:00,10627,8674604,8674604
2026-05-12T11:57:34+01:00,10625,8701024,8701024
2026-05-12T11:57:35+01:00,10616,8701024,8701024
2026-05-12T11:57:36+01:00,10616,8701024,8701024
2026-05-12T11:57:37+01:00,10615,8701024,8701024
2026-05-12T11:57:38+01:00,10615,8701120,8701120
2026-05-12T11:57:39+01:00,10614,8701148,8701148
2026-05-12T11:57:40+01:00,10614,8701148,8701148
2026-05-12T11:57:41+01:00,10614,8701148,8701148
2026-05-12T11:57:42+01:00,10615,8701148,8701148
2026-05-12T11:57:43+01:00,10615,8701148,8701148
2026-05-12T11:57:44+01:00,10616,8701148,8701148
2026-05-12T11:57:45+01:00,10618,8701148,8701148
2026-05-12T11:57:46+01:00,10619,8701248,8701248
2026-05-12T11:57:47+01:00,10621,8701248,8701248
2026-05-12T11:57:48+01:00,10622,8701248,8701248
2026-05-12T11:57:49+01:00,10624,8701248,8701248
2026-05-12T11:57:51+01:00,10619,8701248,8701248
2026-05-12T11:57:52+01:00,10620,8701248,8701248
2026-05-12T11:57:53+01:00,10622,8701248,8701248
2026-05-12T11:57:54+01:00,10624,8701248,8701248
2026-05-12T11:57:55+01:00,10625,8701248,8701248
2026-05-12T11:57:56+01:00,10626,8701248,8701248
2026-05-12T11:57:57+01:00,10626,8701248,8701248
2026-05-12T11:57:58+01:00,10625,8701248,8701248
2026-05-12T11:57:59+01:00,10624,8701248,8701248
2026-05-12T11:58:00+01:00,10624,8701248,8701248
2026-05-12T11:58:01+01:00,10623,8701248,8701248
2026-05-12T11:58:02+01:00,10623,8701248,8701248
2026-05-12T11:58:03+01:00,10622,8701248,8701248
2026-05-12T11:58:04+01:00,10622,8701248,8701248
2026-05-12T11:58:05+01:00,10622,8701252,8701252
2026-05-12T11:58:06+01:00,10622,8701284,8701284
2026-05-12T11:58:07+01:00,10622,8701284,8701284
2026-05-12T11:58:09+01:00,10622,8701284,8701284
2026-05-12T11:58:10+01:00,10614,8701284,8701284
2026-05-12T11:58:11+01:00,10615,8701284,8701284
2026-05-12T11:58:12+01:00,10616,8701284,8701284
2026-05-12T11:58:13+01:00,10617,8701284,8701284
2026-05-12T11:58:14+01:00,10618,8701284,8701284
2026-05-12T11:58:15+01:00,10620,8701284,8701284
2026-05-12T11:58:16+01:00,10621,8701284,8701284
2026-05-12T11:58:17+01:00,10622,8701284,8701284
2026-05-12T11:58:18+01:00,10624,8701284,8701284
2026-05-12T11:58:19+01:00,10625,8701284,8701284
2026-05-12T11:58:20+01:00,10626,8701284,8701284
2026-05-12T11:58:21+01:00,10627,8701284,8701284
2026-05-12T11:58:22+01:00,10629,8701284,8701284
2026-05-12T11:58:23+01:00,10630,8701284,8701284
2026-05-12T11:58:24+01:00,10633,8701284,8701284
2026-05-12T11:58:26+01:00,10627,8701284,8701284
2026-05-12T11:58:27+01:00,10629,8701284,8701284
2026-05-12T11:58:28+01:00,10631,8701284,8701284
2026-05-12T11:58:29+01:00,10633,8701284,8701284
2026-05-12T11:58:30+01:00,10635,8701284,8701284
2026-05-12T11:58:31+01:00,10639,8701284,8701284
2026-05-12T11:58:32+01:00,10641,8701284,8701284
2026-05-12T11:58:33+01:00,10643,8701284,8701284
2026-05-12T11:58:34+01:00,10638,8701284,8701284
2026-05-12T11:58:36+01:00,10639,8701284,8701284
2026-05-12T11:58:37+01:00,10641,8701284,8701284
2026-05-12T11:58:38+01:00,10642,8701284,8701284
2026-05-12T11:58:39+01:00,10643,8701284,8701284
2026-05-12T11:58:40+01:00,10645,8701284,8701284
2026-05-12T11:58:41+01:00,10646,8701284,8701284
2026-05-12T11:58:42+01:00,10647,8701284,8701284
2026-05-12T11:58:43+01:00,10648,8701284,8701284
2026-05-12T11:58:44+01:00,10650,8701284,8701284
2026-05-12T11:58:45+01:00,10651,8701284,8701284
2026-05-12T11:58:46+01:00,10653,8701284,8701284
2026-05-12T11:58:47+01:00,10655,8701284,8701284
2026-05-12T11:58:48+01:00,10657,8701284,8701284
2026-05-12T11:58:50+01:00,10656,8701284,8701284
2026-05-12T11:58:51+01:00,10660,8701284,8701284
2026-05-12T11:58:52+01:00,10661,8701284,8701284
2026-05-12T11:58:53+01:00,10662,8701284,8701284
2026-05-12T11:58:54+01:00,10663,8701284,8701284
2026-05-12T11:58:55+01:00,10664,8701284,8701284
2026-05-12T11:58:57+01:00,10665,8701284,8701284
2026-05-12T11:58:58+01:00,10659,8701284,8701284
2026-05-12T11:58:59+01:00,10661,8701284,8701284
2026-05-12T11:59:00+01:00,10663,8701284,8701284
2026-05-12T11:59:01+01:00,10665,8701284,8701284
2026-05-12T11:59:02+01:00,10666,8701284,8701284
2026-05-12T11:59:03+01:00,10666,8701284,8701284
2026-05-12T11:59:04+01:00,10667,8701284,8701284
2026-05-12T11:59:05+01:00,10668,8701284,8701284
2026-05-12T11:59:06+01:00,10670,8701284,8701284
2026-05-12T11:59:07+01:00,10672,8701284,8701284
2026-05-12T11:59:08+01:00,10674,8701284,8701284
2026-05-12T11:59:09+01:00,10671,8701284,8701284
2026-05-12T11:59:11+01:00,10677,8701284,8701284
2026-05-12T11:59:12+01:00,10682,8701284,8701284
2026-05-12T11:59:14+01:00,10681,8701284,8701284
2026-05-12T11:59:16+01:00,10680,8701284,8701284
2026-05-12T11:59:17+01:00,10683,8701284,8701284
2026-05-12T11:59:18+01:00,10685,8701284,8701284
2026-05-12T11:59:19+01:00,10687,8701284,8701284
2026-05-12T11:59:20+01:00,10688,8701284,8701284
2026-05-12T11:59:21+01:00,10690,8701284,8701284
2026-05-12T11:59:22+01:00,10691,8701284,8701284
2026-05-12T11:59:23+01:00,10693,8701284,8701284
2026-05-12T11:59:24+01:00,10694,8701284,8701284
2026-05-12T11:59:25+01:00,10696,8701284,8701284
2026-05-12T11:59:26+01:00,10697,8701284,8701284
2026-05-12T11:59:28+01:00,10692,8701284,8701284
2026-05-12T11:59:29+01:00,10693,8701284,8701284
2026-05-12T11:59:30+01:00,10695,8701284,8701284
2026-05-12T11:59:31+01:00,10697,8701284,8701284
2026-05-12T11:59:32+01:00,10698,8701284,8701284
2026-05-12T11:59:33+01:00,10700,8701284,8701284
2026-05-12T11:59:34+01:00,10702,8701284,8701284
2026-05-12T11:59:35+01:00,10704,8701284,8701284
2026-05-12T11:59:36+01:00,10706,8701284,8701284
2026-05-12T11:59:37+01:00,10708,8701284,8701284
2026-05-12T11:59:38+01:00,10710,8701284,8701284
2026-05-12T11:59:39+01:00,10712,8701284,8701284
2026-05-12T11:59:41+01:00,10714,8701284,8701284
2026-05-12T11:59:42+01:00,10708,8701284,8701284
2026-05-12T11:59:43+01:00,10710,8701284,8701284
2026-05-12T11:59:44+01:00,10711,8701284,8701284
2026-05-12T11:59:45+01:00,10713,8701284,8701284
2026-05-12T11:59:46+01:00,10715,8701284,8701284
2026-05-12T11:59:47+01:00,10716,8701284,8701284
2026-05-12T11:59:48+01:00,10716,8701284,8701284
2026-05-12T11:59:49+01:00,10716,8701284,8701284
2026-05-12T11:59:50+01:00,10717,8701284,8701284
2026-05-12T11:59:51+01:00,10718,8701284,8701284
2026-05-12T11:59:52+01:00,10719,8701284,8701284
2026-05-12T11:59:53+01:00,10720,8701284,8701284
2026-05-12T11:59:54+01:00,10722,8701284,8701284
2026-05-12T11:59:55+01:00,10723,8701284,8701284
2026-05-12T11:59:56+01:00,10723,8701284,8701284
2026-05-12T11:59:58+01:00,10723,8701284,8701284
2026-05-12T11:59:59+01:00,10716,8701284,8701284
2026-05-12T12:00:00+01:00,10717,8701284,8701284
2026-05-12T12:00:01+01:00,10718,8701284,8701284
2026-05-12T12:00:02+01:00,10720,8701284,8701284
2026-05-12T12:00:03+01:00,10722,8701284,8701284
2026-05-12T12:00:04+01:00,10723,8701284,8701284
2026-05-12T12:00:05+01:00,10725,8701284,8701284
2026-05-12T12:00:06+01:00,10727,8701284,8701284
2026-05-12T12:00:07+01:00,10729,8701284,8701284
2026-05-12T12:00:08+01:00,10730,8701284,8701284
2026-05-12T12:00:09+01:00,10732,8701284,8701284
2026-05-12T12:00:10+01:00,10734,8701284,8701284
2026-05-12T12:00:11+01:00,10735,8701284,8701284
2026-05-12T12:00:13+01:00,10731,8701284,8701284
2026-05-12T12:00:14+01:00,10732,8701284,8701284
2026-05-12T12:00:15+01:00,10734,8701284,8701284
2026-05-12T12:00:16+01:00,10735,8701284,8701284
2026-05-12T12:00:17+01:00,10736,8701284,8701284
2026-05-12T12:00:18+01:00,10738,8701284,8701284
2026-05-12T12:00:19+01:00,10741,8701284,8701284
2026-05-12T12:00:21+01:00,10740,8701284,8701284
2026-05-12T12:00:22+01:00,10745,8701284,8701284
2026-05-12T12:00:23+01:00,10746,8701284,8701284
2026-05-12T12:00:24+01:00,10748,8701284,8701284
2026-05-12T12:00:25+01:00,10750,8701284,8701284
2026-05-12T12:00:26+01:00,10751,8701284,8701284
2026-05-12T12:00:27+01:00,10753,8701284,8701284
2026-05-12T12:00:29+01:00,10748,8701284,8701284
2026-05-12T12:00:30+01:00,10750,8701284,8701284
2026-05-12T12:00:31+01:00,10752,8701284,8701284
2026-05-12T12:00:32+01:00,10754,8701284,8701284
2026-05-12T12:00:33+01:00,10755,8701284,8701284
2026-05-12T12:00:34+01:00,10757,8701284,8701284
2026-05-12T12:00:35+01:00,10758,8701284,8701284
2026-05-12T12:00:36+01:00,10761,8701284,8701284
2026-05-12T12:00:37+01:00,10763,8701284,8701284
2026-05-12T12:00:38+01:00,10764,8701284,8701284
2026-05-12T12:00:39+01:00,10765,8701284,8701284
2026-05-12T12:00:41+01:00,10760,8759460,8759460
2026-05-12T12:00:42+01:00,10761,8759460,8759460
2026-05-12T12:00:43+01:00,10762,8759460,8759460
2026-05-12T12:00:44+01:00,10763,8759460,8759460
2026-05-12T12:00:45+01:00,10764,8759460,8759460
2026-05-12T12:00:46+01:00,10768,8759460,8759460
2026-05-12T12:00:47+01:00,10771,8759460,8759460
2026-05-12T12:00:48+01:00,10772,8759460,8759460
2026-05-12T12:00:49+01:00,10774,8759460,8759460
2026-05-12T12:00:51+01:00,10775,8759460,8759460
2026-05-12T12:00:52+01:00,10770,8759460,8759460
2026-05-12T12:00:53+01:00,10772,8759460,8759460
2026-05-12T12:00:54+01:00,10774,8759460,8759460
2026-05-12T12:00:55+01:00,10776,8759460,8759460
2026-05-12T12:00:56+01:00,10777,8759460,8759460
2026-05-12T12:00:57+01:00,10779,8759460,8759460
2026-05-12T12:00:58+01:00,10780,8759460,8759460
2026-05-12T12:00:59+01:00,10781,8759460,8759460
2026-05-12T12:01:00+01:00,10783,8759460,8759460
2026-05-12T12:01:01+01:00,10784,8759460,8759460
2026-05-12T12:01:02+01:00,10786,8759460,8759460
2026-05-12T12:01:04+01:00,10781,8759460,8759460
2026-05-12T12:01:05+01:00,10782,8759460,8759460
2026-05-12T12:01:06+01:00,10783,8759460,8759460
2026-05-12T12:01:07+01:00,10784,8759460,8759460
2026-05-12T12:01:08+01:00,10786,8759460,8759460
2026-05-12T12:01:09+01:00,10788,8759460,8759460
2026-05-12T12:01:10+01:00,10789,8759460,8759460
2026-05-12T12:01:11+01:00,10790,8759460,8759460
2026-05-12T12:01:12+01:00,10791,8759460,8759460
2026-05-12T12:01:13+01:00,10793,8759460,8759460
2026-05-12T12:01:14+01:00,10795,8759460,8759460
2026-05-12T12:01:15+01:00,10796,8759460,8759460
2026-05-12T12:01:16+01:00,10796,8759460,8759460
2026-05-12T12:01:17+01:00,10797,8759460,8759460
2026-05-12T12:01:18+01:00,10797,8759460,8759460
2026-05-12T12:01:20+01:00,10798,8759460,8759460
2026-05-12T12:01:21+01:00,10793,8759460,8759460
2026-05-12T12:01:22+01:00,10794,8759460,8759460
2026-05-12T12:01:23+01:00,10795,8759460,8759460
2026-05-12T12:01:24+01:00,10797,8759460,8759460
2026-05-12T12:01:25+01:00,10802,8759460,8759460
2026-05-12T12:01:26+01:00,10803,8759460,8759460
2026-05-12T12:01:27+01:00,10805,8759460,8759460
2026-05-12T12:01:28+01:00,10808,8759460,8759460
2026-05-12T12:01:30+01:00,10802,8759460,8759460
2026-05-12T12:01:31+01:00,10804,8759460,8759460
2026-05-12T12:01:32+01:00,10806,8759460,8759460
2026-05-12T12:01:33+01:00,10807,8759460,8759460
2026-05-12T12:01:34+01:00,10808,8759460,8759460
2026-05-12T12:01:35+01:00,10809,8759460,8759460
2026-05-12T12:01:36+01:00,10811,8759460,8759460
2026-05-12T12:01:37+01:00,10814,8759460,8759460
2026-05-12T12:01:39+01:00,10813,8759460,8759460
2026-05-12T12:01:40+01:00,10814,8759460,8759460
2026-05-12T12:01:41+01:00,10818,8759460,8759460
2026-05-12T12:01:42+01:00,10819,8759460,8759460
2026-05-12T12:01:43+01:00,10820,8759460,8759460
2026-05-12T12:01:44+01:00,10820,8759460,8759460
2026-05-12T12:01:45+01:00,10821,8759460,8759460
2026-05-12T12:01:46+01:00,10822,8759460,8759460
2026-05-12T12:01:48+01:00,10823,8759460,8759460
2026-05-12T12:01:49+01:00,10817,8759460,8759460
2026-05-12T12:01:50+01:00,10819,8759460,8759460
2026-05-12T12:01:51+01:00,10822,8759460,8759460
2026-05-12T12:01:52+01:00,10828,8759460,8759460
2026-05-12T12:01:54+01:00,10823,8759460,8759460
2026-05-12T12:01:55+01:00,10824,8759460,8759460
2026-05-12T12:01:56+01:00,10825,8759460,8759460
2026-05-12T12:01:57+01:00,10827,8759460,8759460
2026-05-12T12:01:58+01:00,10829,8759460,8759460
2026-05-12T12:01:59+01:00,10831,8759460,8759460
2026-05-12T12:02:00+01:00,10834,8759460,8759460
2026-05-12T12:02:01+01:00,10830,8759460,8759460
2026-05-12T12:02:03+01:00,10833,8759460,8759460
2026-05-12T12:02:04+01:00,10839,8759460,8759460
2026-05-12T12:02:06+01:00,10838,8759460,8759460
2026-05-12T12:02:07+01:00,10842,8759460,8759460
2026-05-12T12:02:08+01:00,10844,8759460,8759460
2026-05-12T12:02:09+01:00,10845,8759460,8759460
2026-05-12T12:02:11+01:00,10840,8759460,8759460
2026-05-12T12:02:12+01:00,10843,8759460,8759460
2026-05-12T12:02:13+01:00,10846,8759460,8759460
2026-05-12T12:02:14+01:00,10848,8759460,8759460
2026-05-12T12:02:15+01:00,10849,8759460,8759460
2026-05-12T12:02:16+01:00,10850,8759460,8759460
2026-05-12T12:02:17+01:00,10851,8759460,8759460
2026-05-12T12:02:18+01:00,10852,8759460,8759460
2026-05-12T12:02:20+01:00,10852,8759460,8759460
2026-05-12T12:02:21+01:00,10847,8759460,8759460
2026-05-12T12:02:22+01:00,10848,8759460,8759460
2026-05-12T12:02:23+01:00,10849,8759460,8759460
2026-05-12T12:02:24+01:00,10850,8759460,8759460
2026-05-12T12:02:25+01:00,10853,8759460,8759460
2026-05-12T12:02:26+01:00,10855,8759460,8759460
2026-05-12T12:02:27+01:00,10857,8759460,8759460
2026-05-12T12:02:28+01:00,10859,8759460,8759460
2026-05-12T12:02:29+01:00,10860,8759460,8759460
2026-05-12T12:02:30+01:00,10861,8759460,8759460
2026-05-12T12:02:32+01:00,10861,8759460,8759460
2026-05-12T12:02:33+01:00,10855,8759460,8759460
2026-05-12T12:02:34+01:00,10855,8759460,8759460
2026-05-12T12:02:35+01:00,10856,8759460,8759460
2026-05-12T12:02:36+01:00,10857,8759460,8759460
2026-05-12T12:02:37+01:00,10859,8759460,8759460
2026-05-12T12:02:38+01:00,10861,8759460,8759460
2026-05-12T12:02:39+01:00,10862,8759460,8759460
2026-05-12T12:02:40+01:00,10863,8759460,8759460
2026-05-12T12:02:41+01:00,10864,8759460,8759460
2026-05-12T12:02:42+01:00,10866,8759460,8759460
2026-05-12T12:02:43+01:00,10869,8759460,8759460
2026-05-12T12:02:45+01:00,10863,8759460,8759460
2026-05-12T12:02:46+01:00,10865,8759460,8759460
2026-05-12T12:02:47+01:00,10866,8759460,8759460
2026-05-12T12:02:48+01:00,10867,8759460,8759460
2026-05-12T12:02:49+01:00,10871,8810576,8810576
2026-05-12T12:02:50+01:00,10872,8810576,8810576
2026-05-12T12:02:51+01:00,10873,8810576,8810576
2026-05-12T12:02:52+01:00,10874,8810576,8810576
2026-05-12T12:02:53+01:00,10876,8810576,8810576
2026-05-12T12:02:55+01:00,10873,8810576,8810576
2026-05-12T12:02:56+01:00,10874,8810576,8810576
2026-05-12T12:02:57+01:00,10875,8810576,8810576
2026-05-12T12:02:58+01:00,10876,8810576,8810576
2026-05-12T12:02:59+01:00,10877,8810576,8810576
2026-05-12T12:03:00+01:00,10878,8810576,8810576
2026-05-12T12:03:01+01:00,10879,8810576,8810576
2026-05-12T12:03:02+01:00,10878,8810576,8810576
2026-05-12T12:03:03+01:00,10879,8810576,8810576
2026-05-12T12:03:04+01:00,10879,8810576,8810576
2026-05-12T12:03:05+01:00,10880,8810576,8810576
2026-05-12T12:03:06+01:00,10880,8810740,8810740
2026-05-12T12:03:08+01:00,10880,8810740,8810740
2026-05-12T12:03:09+01:00,10874,8810740,8810740
2026-05-12T12:03:10+01:00,10874,8810740,8810740
2026-05-12T12:03:11+01:00,10875,8810740,8810740
2026-05-12T12:03:12+01:00,10876,8810740,8810740
2026-05-12T12:03:13+01:00,10877,8810740,8810740
2026-05-12T12:03:14+01:00,10878,8810740,8810740
2026-05-12T12:03:15+01:00,10879,8810740,8810740
2026-05-12T12:03:16+01:00,10881,8810740,8810740
2026-05-12T12:03:17+01:00,10882,8810740,8810740
2026-05-12T12:03:18+01:00,10884,8810740,8810740
2026-05-12T12:03:19+01:00,10886,8810740,8810740
2026-05-12T12:03:20+01:00,10887,8810740,8810740
2026-05-12T12:03:21+01:00,10888,8810740,8810740
2026-05-12T12:03:23+01:00,10883,8810740,8810740
2026-05-12T12:03:24+01:00,10885,8810740,8810740
2026-05-12T12:03:25+01:00,10887,8810740,8810740
2026-05-12T12:03:26+01:00,10888,8810740,8810740
2026-05-12T12:03:27+01:00,10889,8810740,8810740
2026-05-12T12:03:28+01:00,10891,8810740,8810740
2026-05-12T12:03:29+01:00,10892,8810740,8810740
2026-05-12T12:03:30+01:00,10894,8810740,8810740
2026-05-12T12:03:31+01:00,10895,8810740,8810740
2026-05-12T12:03:32+01:00,10896,8810740,8810740
2026-05-12T12:03:33+01:00,10898,8810740,8810740
2026-05-12T12:03:34+01:00,10899,8810740,8810740
2026-05-12T12:03:35+01:00,10900,8810740,8810740
2026-05-12T12:03:37+01:00,10901,8810740,8810740
2026-05-12T12:03:38+01:00,10895,8810740,8810740
2026-05-12T12:03:39+01:00,10896,8810740,8810740
2026-05-12T12:03:40+01:00,10896,8810740,8810740
2026-05-12T12:03:41+01:00,10897,8810740,8810740
2026-05-12T12:03:42+01:00,10898,8810740,8810740
2026-05-12T12:03:43+01:00,10899,8810740,8810740
2026-05-12T12:03:44+01:00,10902,8810740,8810740
2026-05-12T12:03:45+01:00,10905,8810740,8810740
2026-05-12T12:03:47+01:00,10906,8810740,8810740
2026-05-12T12:03:48+01:00,10902,8810740,8810740
2026-05-12T12:03:49+01:00,10906,8810740,8810740
2026-05-12T12:03:50+01:00,10907,8810740,8810740
2026-05-12T12:03:51+01:00,10908,8810740,8810740
2026-05-12T12:03:52+01:00,10910,8810740,8810740
2026-05-12T12:03:53+01:00,10912,8810740,8810740
2026-05-12T12:03:55+01:00,10907,8810740,8810740
2026-05-12T12:03:56+01:00,10910,8810740,8810740
2026-05-12T12:03:57+01:00,10913,8810740,8810740
2026-05-12T12:03:58+01:00,10916,8810740,8810740
2026-05-12T12:04:00+01:00,10914,8810740,8810740
2026-05-12T12:04:01+01:00,10913,8810740,8810740
2026-05-12T12:04:02+01:00,10914,8810740,8810740
2026-05-12T12:04:03+01:00,10914,8810740,8810740
2026-05-12T12:04:04+01:00,10915,8810740,8810740
2026-05-12T12:04:05+01:00,10916,8810740,8810740
2026-05-12T12:04:06+01:00,10917,8810740,8810740
2026-05-12T12:04:07+01:00,10918,8810740,8810740
2026-05-12T12:04:08+01:00,10919,8810740,8810740
2026-05-12T12:04:09+01:00,10921,8810740,8810740
2026-05-12T12:04:10+01:00,10922,8810740,8810740
2026-05-12T12:04:11+01:00,10923,8810740,8810740
2026-05-12T12:04:13+01:00,10918,8810740,8810740
2026-05-12T12:04:14+01:00,10919,8810740,8810740
2026-05-12T12:04:15+01:00,10921,8810740,8810740
2026-05-12T12:04:16+01:00,10921,8810740,8810740
2026-05-12T12:04:17+01:00,10921,8810740,8810740
2026-05-12T12:04:18+01:00,10921,8810740,8810740
2026-05-12T12:04:19+01:00,10922,8810740,8810740
2026-05-12T12:04:20+01:00,10923,8810740,8810740
2026-05-12T12:04:21+01:00,10924,8810740,8810740
2026-05-12T12:04:22+01:00,10925,8810740,8810740
2026-05-12T12:04:23+01:00,10926,8810740,8810740
2026-05-12T12:04:24+01:00,10929,8810740,8810740
2026-05-12T12:04:26+01:00,10928,8810740,8810740
2026-05-12T12:04:27+01:00,10929,8810740,8810740
2026-05-12T12:04:28+01:00,10930,8810740,8810740
2026-05-12T12:04:29+01:00,10933,8810740,8810740
2026-05-12T12:04:31+01:00,10929,8810740,8810740
2026-05-12T12:04:32+01:00,10933,8810740,8810740
2026-05-12T12:04:33+01:00,10934,8810740,8810740
2026-05-12T12:04:34+01:00,10935,8810740,8810740
2026-05-12T12:04:35+01:00,10936,8810740,8810740
2026-05-12T12:04:36+01:00,10937,8810740,8810740
2026-05-12T12:04:37+01:00,10938,8810740,8810740
2026-05-12T12:04:38+01:00,10940,8810740,8810740
2026-05-12T12:04:39+01:00,10941,8810740,8810740
2026-05-12T12:04:40+01:00,10942,8810740,8810740
2026-05-12T12:04:41+01:00,10943,8810740,8810740
2026-05-12T12:04:43+01:00,10944,8810740,8810740
2026-05-12T12:04:44+01:00,10938,8810740,8810740
2026-05-12T12:04:45+01:00,10940,8810740,8810740
2026-05-12T12:04:46+01:00,10941,8810740,8810740
2026-05-12T12:04:47+01:00,10942,8810740,8810740
2026-05-12T12:04:48+01:00,10943,8810740,8810740
2026-05-12T12:04:49+01:00,10944,8810740,8810740
2026-05-12T12:04:50+01:00,10946,8810740,8810740
2026-05-12T12:04:51+01:00,10947,8810740,8810740
2026-05-12T12:04:52+01:00,10949,8810740,8810740
2026-05-12T12:04:53+01:00,10951,8810740,8810740
2026-05-12T12:04:54+01:00,10951,8810740,8810740
2026-05-12T12:04:55+01:00,10952,8810740,8810740
2026-05-12T12:04:56+01:00,10953,8810740,8810740
2026-05-12T12:04:58+01:00,10947,8810740,8810740
2026-05-12T12:04:59+01:00,10948,8810740,8810740
2026-05-12T12:05:00+01:00,10949,8810740,8810740
2026-05-12T12:05:01+01:00,10951,8810740,8810740
2026-05-12T12:05:02+01:00,10951,8810740,8810740
2026-05-12T12:05:03+01:00,10951,8810740,8810740
2026-05-12T12:05:04+01:00,10951,8810740,8810740
2026-05-12T12:05:05+01:00,10952,8810740,8810740
2026-05-12T12:05:06+01:00,10953,8810740,8810740
2026-05-12T12:05:07+01:00,10954,8810740,8810740
2026-05-12T12:05:08+01:00,10955,8810740,8810740
2026-05-12T12:05:09+01:00,10956,8810740,8810740
2026-05-12T12:05:10+01:00,10957,8810740,8810740
2026-05-12T12:05:11+01:00,10958,8810740,8810740
2026-05-12T12:05:12+01:00,10959,8810740,8810740
2026-05-12T12:05:13+01:00,10960,8810740,8810740
2026-05-12T12:05:14+01:00,10961,8810740,8810740
2026-05-12T12:05:16+01:00,10962,8810740,8810740
2026-05-12T12:05:17+01:00,10957,8810740,8810740
2026-05-12T12:05:18+01:00,10959,8810740,8810740
2026-05-12T12:05:19+01:00,10961,8810740,8810740
2026-05-12T12:05:20+01:00,10964,8810740,8810740
2026-05-12T12:05:21+01:00,10965,8810740,8810740
2026-05-12T12:05:22+01:00,10965,8810740,8810740
2026-05-12T12:05:23+01:00,10966,8810740,8810740
2026-05-12T12:05:24+01:00,10968,8810740,8810740
2026-05-12T12:05:26+01:00,10969,8810740,8810740
2026-05-12T12:05:27+01:00,10965,8810740,8810740
2026-05-12T12:05:28+01:00,10970,8810740,8810740
2026-05-12T12:05:30+01:00,10967,8810740,8810740
2026-05-12T12:05:31+01:00,10969,8810740,8810740
2026-05-12T12:05:32+01:00,10970,8810740,8810740
2026-05-12T12:05:33+01:00,10970,8810740,8810740
2026-05-12T12:05:34+01:00,10971,8810740,8810740
2026-05-12T12:05:35+01:00,10972,8810740,8810740
2026-05-12T12:05:36+01:00,10973,8810740,8810740
2026-05-12T12:05:37+01:00,10974,8810740,8810740
2026-05-12T12:05:38+01:00,10975,8810740,8810740
2026-05-12T12:05:39+01:00,10976,8810740,8810740
2026-05-12T12:05:40+01:00,10977,8810740,8810740
2026-05-12T12:05:41+01:00,10978,8810740,8810740
2026-05-12T12:05:42+01:00,10979,8810740,8810740
2026-05-12T12:05:43+01:00,10980,8810740,8810740
2026-05-12T12:05:45+01:00,10981,8810740,8810740
2026-05-12T12:05:46+01:00,10979,8810740,8810740
2026-05-12T12:05:47+01:00,10982,8787320,8811004
2026-05-12T12:05:48+01:00,10985,8787320,8811004
2026-05-12T12:05:50+01:00,10979,8787320,8811004
2026-05-12T12:05:51+01:00,10981,8787320,8811004
2026-05-12T12:05:52+01:00,10982,8787320,8811004
2026-05-12T12:05:53+01:00,10983,8787320,8811004
2026-05-12T12:05:54+01:00,10984,8787320,8811004
2026-05-12T12:05:55+01:00,10985,8787320,8811004
2026-05-12T12:05:56+01:00,10986,8787320,8811004
2026-05-12T12:05:57+01:00,10987,8787320,8811004
2026-05-12T12:05:58+01:00,10988,8787320,8811004
2026-05-12T12:05:59+01:00,10990,8787320,8811004
2026-05-12T12:06:00+01:00,10987,8787320,8811004
2026-05-12T12:06:02+01:00,10991,8787320,8811004
2026-05-12T12:06:03+01:00,10993,8787320,8811004
2026-05-12T12:06:05+01:00,10992,8787320,8811004
2026-05-12T12:06:06+01:00,10994,8787320,8811004
2026-05-12T12:06:07+01:00,10995,8787320,8811004
2026-05-12T12:06:08+01:00,10996,8787320,8811004
2026-05-12T12:06:09+01:00,10997,8787320,8811004
2026-05-12T12:06:10+01:00,10998,8787320,8811004
2026-05-12T12:06:11+01:00,10999,8787320,8811004
2026-05-12T12:06:12+01:00,11000,8787320,8811004
2026-05-12T12:06:14+01:00,11002,8787320,8811004
2026-05-12T12:06:15+01:00,10997,8787320,8811004
2026-05-12T12:06:16+01:00,10998,8787320,8811004
2026-05-12T12:06:17+01:00,10998,8787320,8811004
2026-05-12T12:06:18+01:00,10999,8787320,8811004
2026-05-12T12:06:19+01:00,10999,8787320,8811004
2026-05-12T12:06:20+01:00,10998,8787320,8811004
2026-05-12T12:06:21+01:00,10998,8787320,8811004
2026-05-12T12:06:22+01:00,10998,8787320,8811004
2026-05-12T12:06:23+01:00,10999,8787320,8811004
2026-05-12T12:06:24+01:00,11000,8787320,8811004
2026-05-12T12:06:25+01:00,11001,8787320,8811004
2026-05-12T12:06:26+01:00,11003,8787320,8811004
2026-05-12T12:06:27+01:00,11000,8787320,8811004
2026-05-12T12:06:29+01:00,11003,8787320,8811004
2026-05-12T12:06:30+01:00,11002,8787320,8811004
2026-05-12T12:06:32+01:00,11007,8787320,8811004
2026-05-12T12:06:33+01:00,11005,8787320,8811004
2026-05-12T12:06:35+01:00,11010,8787320,8811004
2026-05-12T12:06:37+01:00,11008,8787320,8811004
2026-05-12T12:06:38+01:00,11011,8787320,8811004
2026-05-12T12:06:39+01:00,11014,8785488,8811004
2026-05-12T12:06:41+01:00,11012,8785488,8811004
2026-05-12T12:06:42+01:00,11015,8785648,8811004
2026-05-12T12:06:43+01:00,11015,8785648,8811004
2026-05-12T12:06:44+01:00,11016,8785648,8811004
2026-05-12T12:06:45+01:00,11017,8785648,8811004
2026-05-12T12:06:46+01:00,11020,8785648,8811004
2026-05-12T12:06:48+01:00,11017,8785648,8811004
2026-05-12T12:06:49+01:00,11022,8785648,8811004
2026-05-12T12:06:51+01:00,11019,8785648,8811004
2026-05-12T12:06:52+01:00,11022,8785648,8811004
2026-05-12T12:06:53+01:00,11026,8785648,8811004
2026-05-12T12:06:55+01:00,11026,8785648,8811004
2026-05-12T12:06:56+01:00,11020,8785648,8811004
2026-05-12T12:06:57+01:00,11021,8785648,8811004
2026-05-12T12:06:58+01:00,11021,8785648,8811004
2026-05-12T12:06:59+01:00,11022,8785648,8811004
2026-05-12T12:07:00+01:00,11023,8785648,8811004
2026-05-12T12:07:01+01:00,11024,8785648,8811004
2026-05-12T12:07:02+01:00,11026,8785648,8811004
2026-05-12T12:07:03+01:00,11027,8785648,8811004
2026-05-12T12:07:04+01:00,11030,8785648,8811004
2026-05-12T12:07:05+01:00,11031,8785648,8811004
2026-05-12T12:07:07+01:00,11027,8785648,8811004
2026-05-12T12:07:08+01:00,11030,8785648,8811004
2026-05-12T12:07:09+01:00,11034,8785648,8811004
2026-05-12T12:07:11+01:00,11031,8785648,8811004
2026-05-12T12:07:12+01:00,11035,8785648,8811004
2026-05-12T12:07:14+01:00,11038,8785648,8811004
2026-05-12T12:07:15+01:00,11035,8785648,8811004
2026-05-12T12:07:16+01:00,11038,8785648,8811004
2026-05-12T12:07:17+01:00,11041,8778392,8811004
2026-05-12T12:07:19+01:00,11039,8778392,8811004
2026-05-12T12:07:20+01:00,11040,8778392,8811004
2026-05-12T12:07:21+01:00,11041,8778392,8811004
2026-05-12T12:07:22+01:00,11042,8778392,8811004
2026-05-12T12:07:23+01:00,11043,8778392,8811004
2026-05-12T12:07:24+01:00,11044,8778392,8811004
2026-05-12T12:07:26+01:00,11041,8778392,8811004
2026-05-12T12:07:27+01:00,11043,8778392,8811004
2026-05-12T12:07:28+01:00,11045,8778392,8811004
2026-05-12T12:07:29+01:00,11047,8778392,8811004
2026-05-12T12:07:31+01:00,11045,8778392,8811004
2026-05-12T12:07:32+01:00,11047,8778392,8811004
2026-05-12T12:07:33+01:00,11048,8778392,8811004
2026-05-12T12:07:34+01:00,11049,8778392,8811004
2026-05-12T12:07:35+01:00,11050,8778392,8811004
2026-05-12T12:07:36+01:00,11051,8778392,8811004
2026-05-12T12:07:37+01:00,11048,8778392,8811004
2026-05-12T12:07:39+01:00,11050,8778392,8811004
2026-05-12T12:07:40+01:00,11055,8778392,8811004
2026-05-12T12:07:41+01:00,11051,8778392,8811004
2026-05-12T12:07:43+01:00,11053,8778392,8811004
2026-05-12T12:07:44+01:00,11054,8778392,8811004
2026-05-12T12:07:45+01:00,11055,8778392,8811004
2026-05-12T12:07:46+01:00,11055,8778392,8811004
2026-05-12T12:07:47+01:00,11056,8778392,8811004
2026-05-12T12:07:48+01:00,11057,8778392,8811004
2026-05-12T12:07:49+01:00,11058,8778392,8811004
2026-05-12T12:07:50+01:00,11059,8778392,8811004
2026-05-12T12:07:51+01:00,11060,8778392,8811004
2026-05-12T12:07:52+01:00,11062,8778392,8811004
2026-05-12T12:07:54+01:00,11061,8778392,8811004
2026-05-12T12:07:55+01:00,11063,8778392,8811004
2026-05-12T12:07:56+01:00,11064,8778392,8811004
2026-05-12T12:07:57+01:00,11065,8778392,8811004
2026-05-12T12:07:58+01:00,11066,8778392,8811004
2026-05-12T12:07:59+01:00,11067,8778392,8811004
2026-05-12T12:08:00+01:00,11068,8778392,8811004
2026-05-12T12:08:02+01:00,11069,8778392,8811004
2026-05-12T12:08:03+01:00,11063,8778392,8811004
2026-05-12T12:08:04+01:00,11063,8778392,8811004
2026-05-12T12:08:05+01:00,11064,8778392,8811004
2026-05-12T12:08:06+01:00,11064,8778392,8811004
2026-05-12T12:08:07+01:00,11065,8778392,8811004
2026-05-12T12:08:08+01:00,11066,8778392,8811004
2026-05-12T12:08:09+01:00,11067,8778392,8811004
2026-05-12T12:08:10+01:00,11068,8778392,8811004
2026-05-12T12:08:11+01:00,11068,8778392,8811004
2026-05-12T12:08:12+01:00,11069,8778392,8811004
2026-05-12T12:08:13+01:00,11069,8778392,8811004
2026-05-12T12:08:14+01:00,11070,8778392,8811004
2026-05-12T12:08:15+01:00,11071,8778392,8811004
2026-05-12T12:08:16+01:00,11071,8778392,8811004
2026-05-12T12:08:17+01:00,11072,8778392,8811004
2026-05-12T12:08:18+01:00,11072,8778392,8811004
2026-05-12T12:08:19+01:00,11072,8778392,8811004
2026-05-12T12:08:21+01:00,11066,8778392,8811004
2026-05-12T12:08:22+01:00,11067,8778392,8811004
2026-05-12T12:08:23+01:00,11068,8778392,8811004
2026-05-12T12:08:24+01:00,11070,8778392,8811004
2026-05-12T12:08:25+01:00,11071,8778392,8811004
2026-05-12T12:08:26+01:00,11073,8778392,8811004
2026-05-12T12:08:27+01:00,11077,8778392,8811004
2026-05-12T12:08:29+01:00,11075,8778392,8811004
2026-05-12T12:08:30+01:00,11077,8778392,8811004
2026-05-12T12:08:31+01:00,11077,8778392,8811004
2026-05-12T12:08:32+01:00,11078,8778392,8811004
2026-05-12T12:08:34+01:00,11078,8778392,8811004
2026-05-12T12:08:35+01:00,11074,8778392,8811004
2026-05-12T12:08:36+01:00,11075,8778392,8811004
2026-05-12T12:08:37+01:00,11075,8778392,8811004
2026-05-12T12:08:38+01:00,11076,8778392,8811004
2026-05-12T12:08:39+01:00,11077,8778392,8811004
2026-05-12T12:08:40+01:00,11078,8778392,8811004
2026-05-12T12:08:41+01:00,11079,8778392,8811004
2026-05-12T12:08:42+01:00,11080,8778392,8811004
2026-05-12T12:08:43+01:00,11081,8778392,8811004
2026-05-12T12:08:44+01:00,11081,8778392,8811004
2026-05-12T12:08:45+01:00,11082,8778392,8811004
2026-05-12T12:08:46+01:00,11083,8778392,8811004
2026-05-12T12:08:47+01:00,11084,8778392,8811004
2026-05-12T12:08:48+01:00,11085,8778392,8811004
2026-05-12T12:08:49+01:00,11086,8778392,8811004
2026-05-12T12:08:51+01:00,11081,8778392,8811004
2026-05-12T12:08:52+01:00,11083,8778392,8811004
2026-05-12T12:08:53+01:00,11086,8778392,8811004
2026-05-12T12:08:54+01:00,11088,8778392,8811004
2026-05-12T12:08:56+01:00,11082,8778392,8811004
2026-05-12T12:08:57+01:00,11082,8778392,8811004
2026-05-12T12:08:58+01:00,11083,8778392,8811004
2026-05-12T12:08:59+01:00,11084,8778392,8811004
2026-05-12T12:09:00+01:00,11084,8778392,8811004
2026-05-12T12:09:01+01:00,11085,8778392,8811004
2026-05-12T12:09:02+01:00,11086,8778392,8811004
2026-05-12T12:09:03+01:00,11087,8778392,8811004
2026-05-12T12:09:04+01:00,11088,8778392,8811004
2026-05-12T12:09:05+01:00,11089,8778392,8811004
2026-05-12T12:09:06+01:00,11090,8778392,8811004
2026-05-12T12:09:07+01:00,11091,8778392,8811004
2026-05-12T12:09:08+01:00,11092,8778392,8811004
2026-05-12T12:09:09+01:00,11094,8778392,8811004
2026-05-12T12:09:11+01:00,11090,8780092,8811004
2026-05-12T12:09:12+01:00,11093,8780092,8811004
2026-05-12T12:09:13+01:00,11095,8780092,8811004
2026-05-12T12:09:14+01:00,11096,8780092,8811004
2026-05-12T12:09:15+01:00,11097,8780092,8811004
2026-05-12T12:09:16+01:00,11098,8780092,8811004
2026-05-12T12:09:17+01:00,11099,8780092,8811004
2026-05-12T12:09:19+01:00,11100,8780092,8811004
2026-05-12T12:09:20+01:00,11095,8780092,8811004
2026-05-12T12:09:21+01:00,11096,8780092,8811004
2026-05-12T12:09:22+01:00,11099,8780092,8811004
2026-05-12T12:09:24+01:00,11098,8780092,8811004
2026-05-12T12:09:25+01:00,11099,8780092,8811004
2026-05-12T12:09:26+01:00,11102,8780092,8811004
2026-05-12T12:09:28+01:00,11101,8780092,8811004
2026-05-12T12:09:29+01:00,11105,8780092,8811004
2026-05-12T12:09:30+01:00,11103,8780092,8811004
2026-05-12T12:09:32+01:00,11107,8780092,8811004
2026-05-12T12:09:33+01:00,11105,8780092,8811004
2026-05-12T12:09:35+01:00,11107,8780092,8811004
2026-05-12T12:09:36+01:00,11108,8780092,8811004
2026-05-12T12:09:37+01:00,11109,8780092,8811004
2026-05-12T12:09:38+01:00,11109,8780092,8811004
2026-05-12T12:09:39+01:00,11110,8780092,8811004
2026-05-12T12:09:40+01:00,11111,8780092,8811004
2026-05-12T12:09:41+01:00,11111,8780092,8811004
2026-05-12T12:09:42+01:00,11111,8780092,8811004
2026-05-12T12:09:43+01:00,11111,8780092,8811004
2026-05-12T12:09:44+01:00,11112,8780092,8811004
2026-05-12T12:09:45+01:00,11112,8780092,8811004
2026-05-12T12:09:46+01:00,11113,8780092,8811004
2026-05-12T12:09:48+01:00,11114,8780092,8811004
2026-05-12T12:09:49+01:00,11110,8780092,8811004
2026-05-12T12:09:50+01:00,11111,8780092,8811004
2026-05-12T12:09:51+01:00,11113,8780092,8811004
2026-05-12T12:09:52+01:00,11115,8780092,8811004
2026-05-12T12:09:53+01:00,11116,8780092,8811004
2026-05-12T12:09:54+01:00,11119,8780092,8811004
2026-05-12T12:09:56+01:00,11116,8780092,8811004
2026-05-12T12:09:57+01:00,11117,8780092,8811004
2026-05-12T12:09:58+01:00,11120,8780092,8811004
2026-05-12T12:10:00+01:00,11118,8780092,8811004
2026-05-12T12:10:01+01:00,11121,8780092,8811004
2026-05-12T12:10:03+01:00,11124,8780092,8811004
2026-05-12T12:10:04+01:00,11120,8780092,8811004
2026-05-12T12:10:05+01:00,11121,8780092,8811004
2026-05-12T12:10:06+01:00,11122,8780092,8811004
2026-05-12T12:10:07+01:00,11122,8780092,8811004
2026-05-12T12:10:08+01:00,11124,8770360,8811004
2026-05-12T12:10:09+01:00,11125,8770360,8811004
2026-05-12T12:10:10+01:00,11127,8770360,8811004
2026-05-12T12:10:11+01:00,11127,8770360,8811004
2026-05-12T12:10:12+01:00,11128,8770360,8811004
2026-05-12T12:10:13+01:00,11129,8770360,8811004
2026-05-12T12:10:14+01:00,11130,8770360,8811004
2026-05-12T12:10:16+01:00,11131,8770360,8811004
2026-05-12T12:10:17+01:00,11127,8770360,8811004
2026-05-12T12:10:18+01:00,11128,8770360,8811004
2026-05-12T12:10:19+01:00,11128,8770360,8811004
2026-05-12T12:10:20+01:00,11128,8770360,8811004
2026-05-12T12:10:21+01:00,11129,8770360,8811004
2026-05-12T12:10:22+01:00,11129,8770360,8811004
2026-05-12T12:10:23+01:00,11130,8770360,8811004
2026-05-12T12:10:24+01:00,11130,8770360,8811004
2026-05-12T12:10:25+01:00,11131,8770360,8811004
2026-05-12T12:10:26+01:00,11132,8770360,8811004
2026-05-12T12:10:27+01:00,11133,8770360,8811004
2026-05-12T12:10:28+01:00,11134,8770360,8811004
2026-05-12T12:10:29+01:00,11135,8770544,8811004
2026-05-12T12:10:30+01:00,11135,8770544,8811004
2026-05-12T12:10:31+01:00,11137,8770544,8811004
2026-05-12T12:10:33+01:00,11137,8770544,8811004
2026-05-12T12:10:34+01:00,11132,8770544,8811004
2026-05-12T12:10:35+01:00,11133,8770544,8811004
2026-05-12T12:10:36+01:00,11133,8770544,8811004
2026-05-12T12:10:37+01:00,11133,8770544,8811004
2026-05-12T12:10:38+01:00,11134,8770544,8811004
2026-05-12T12:10:39+01:00,11134,8770544,8811004
2026-05-12T12:10:40+01:00,11135,8770544,8811004
2026-05-12T12:10:41+01:00,11135,8770544,8811004
2026-05-12T12:10:42+01:00,11137,8770544,8811004
2026-05-12T12:10:43+01:00,11137,8770544,8811004
2026-05-12T12:10:44+01:00,11138,8770544,8811004
2026-05-12T12:10:45+01:00,11138,8770544,8811004
2026-05-12T12:10:46+01:00,11139,8770544,8811004
2026-05-12T12:10:47+01:00,11140,8770544,8811004
2026-05-12T12:10:49+01:00,11137,8770544,8811004
2026-05-12T12:10:50+01:00,11140,8770544,8811004
2026-05-12T12:10:51+01:00,11143,8770544,8811004
2026-05-12T12:10:53+01:00,11142,8770544,8811004
2026-05-12T12:10:54+01:00,11144,8770544,8811004
2026-05-12T12:10:56+01:00,11145,8770544,8811004
2026-05-12T12:10:57+01:00,11139,8770544,8811004
2026-05-12T12:10:58+01:00,11140,8770544,8811004
2026-05-12T12:10:59+01:00,11140,8770544,8811004
2026-05-12T12:11:00+01:00,11141,8770544,8811004
2026-05-12T12:11:01+01:00,11144,8770544,8811004
2026-05-12T12:11:02+01:00,11145,8770544,8811004
2026-05-12T12:11:03+01:00,11147,8770544,8811004
2026-05-12T12:11:04+01:00,11148,8770544,8811004
2026-05-12T12:11:06+01:00,11144,8770544,8811004
2026-05-12T12:11:07+01:00,11145,8770544,8811004
2026-05-12T12:11:08+01:00,11146,8770544,8811004
2026-05-12T12:11:09+01:00,11146,8770544,8811004
2026-05-12T12:11:10+01:00,11148,8770544,8811004
2026-05-12T12:11:11+01:00,11148,8770544,8811004
2026-05-12T12:11:12+01:00,11149,8770544,8811004
2026-05-12T12:11:13+01:00,11150,8770544,8811004
2026-05-12T12:11:14+01:00,11151,8770544,8811004
2026-05-12T12:11:15+01:00,11152,8770544,8811004
2026-05-12T12:11:16+01:00,11153,8770544,8811004
2026-05-12T12:11:17+01:00,11154,8770544,8811004
2026-05-12T12:11:18+01:00,11155,8770544,8811004
2026-05-12T12:11:20+01:00,11156,8770544,8811004
2026-05-12T12:11:21+01:00,11152,8770544,8811004
2026-05-12T12:11:22+01:00,11153,8770544,8811004
2026-05-12T12:11:23+01:00,11154,8770544,8811004
2026-05-12T12:11:24+01:00,11155,8770544,8811004
2026-05-12T12:11:25+01:00,11156,8770544,8811004
2026-05-12T12:11:26+01:00,11159,8770544,8811004
2026-05-12T12:11:27+01:00,11160,8770544,8811004
2026-05-12T12:11:28+01:00,11161,8770544,8811004
2026-05-12T12:11:30+01:00,11162,8770544,8811004
2026-05-12T12:11:31+01:00,11159,8770544,8811004
2026-05-12T12:11:32+01:00,11160,8770544,8811004
2026-05-12T12:11:33+01:00,11161,8770544,8811004
2026-05-12T12:11:34+01:00,11163,8770544,8811004
2026-05-12T12:11:36+01:00,11161,8770544,8811004
2026-05-12T12:11:37+01:00,11162,8770544,8811004
2026-05-12T12:11:38+01:00,11163,8770544,8811004
2026-05-12T12:11:39+01:00,11164,8770544,8811004
2026-05-12T12:11:40+01:00,11164,8770544,8811004
2026-05-12T12:11:41+01:00,11165,8770544,8811004
2026-05-12T12:11:42+01:00,11166,8770544,8811004
2026-05-12T12:11:43+01:00,11167,8770544,8811004
2026-05-12T12:11:44+01:00,11168,8770544,8811004
2026-05-12T12:11:45+01:00,11168,8770544,8811004
2026-05-12T12:11:46+01:00,11169,8770544,8811004
2026-05-12T12:11:47+01:00,11170,8770544,8811004
2026-05-12T12:11:48+01:00,11171,8770544,8811004
2026-05-12T12:11:49+01:00,11171,8770544,8811004
2026-05-12T12:11:51+01:00,11172,8770544,8811004
2026-05-12T12:11:52+01:00,11167,8770544,8811004
2026-05-12T12:11:53+01:00,11168,8770544,8811004
2026-05-12T12:11:54+01:00,11169,8770544,8811004
2026-05-12T12:11:55+01:00,11170,8770544,8811004
2026-05-12T12:11:56+01:00,11170,8770544,8811004
2026-05-12T12:11:57+01:00,11172,8770544,8811004
2026-05-12T12:11:58+01:00,11174,8770544,8811004
2026-05-12T12:11:59+01:00,11176,8770544,8811004
2026-05-12T12:12:01+01:00,11172,8770544,8811004
2026-05-12T12:12:02+01:00,11173,8770544,8811004
2026-05-12T12:12:03+01:00,11174,8770544,8811004
2026-05-12T12:12:04+01:00,11174,8770544,8811004
2026-05-12T12:12:05+01:00,11176,8770544,8811004
2026-05-12T12:12:06+01:00,11175,8770544,8811004
2026-05-12T12:12:08+01:00,11176,8770544,8811004
2026-05-12T12:12:09+01:00,11177,8770544,8811004
2026-05-12T12:12:10+01:00,11178,8770544,8811004
2026-05-12T12:12:11+01:00,11178,8770544,8811004
2026-05-12T12:12:12+01:00,11179,8751540,8811004
2026-05-12T12:12:13+01:00,11181,8751540,8811004
2026-05-12T12:12:14+01:00,11182,8751540,8811004
2026-05-12T12:12:15+01:00,11183,8751540,8811004
2026-05-12T12:12:16+01:00,11183,8751540,8811004
2026-05-12T12:12:18+01:00,11184,8751540,8811004
2026-05-12T12:12:19+01:00,11179,8751540,8811004
2026-05-12T12:12:20+01:00,11180,8751540,8811004
2026-05-12T12:12:21+01:00,11182,8751540,8811004
2026-05-12T12:12:22+01:00,11185,8751540,8811004
2026-05-12T12:12:24+01:00,11183,8751540,8811004
2026-05-12T12:12:25+01:00,11186,8751540,8811004
2026-05-12T12:12:26+01:00,11187,8751540,8811004
2026-05-12T12:12:27+01:00,11189,8751540,8811004
2026-05-12T12:12:28+01:00,11190,8751540,8811004
2026-05-12T12:12:30+01:00,11190,8751540,8811004
2026-05-12T12:12:31+01:00,11186,8751540,8811004
2026-05-12T12:12:32+01:00,11188,8751540,8811004
2026-05-12T12:12:33+01:00,11189,8751540,8811004
2026-05-12T12:12:34+01:00,11190,8751540,8811004
2026-05-12T12:12:35+01:00,11191,8751540,8811004
2026-05-12T12:12:36+01:00,11192,8751540,8811004
2026-05-12T12:12:37+01:00,11193,8751540,8811004
2026-05-12T12:12:38+01:00,11194,8751540,8811004
2026-05-12T12:12:39+01:00,11195,8751540,8811004
2026-05-12T12:12:41+01:00,11195,8751540,8811004
2026-05-12T12:12:42+01:00,11190,8751540,8811004
2026-05-12T12:12:43+01:00,11191,8751540,8811004
2026-05-12T12:12:44+01:00,11192,8751540,8811004
2026-05-12T12:12:45+01:00,11193,8751540,8811004
2026-05-12T12:12:46+01:00,11195,8751540,8811004
2026-05-12T12:12:48+01:00,11194,8751540,8811004
2026-05-12T12:12:49+01:00,11197,8751540,8811004
2026-05-12T12:12:50+01:00,11198,8751540,8811004
2026-05-12T12:12:51+01:00,11200,8751540,8811004
2026-05-12T12:12:52+01:00,11200,8751540,8811004
2026-05-12T12:12:53+01:00,11201,8751540,8811004
2026-05-12T12:12:54+01:00,11201,8751540,8811004
2026-05-12T12:12:56+01:00,11202,8751540,8811004
2026-05-12T12:12:57+01:00,11198,8751540,8811004
2026-05-12T12:12:58+01:00,11198,8751540,8811004
2026-05-12T12:12:59+01:00,11199,8751540,8811004
2026-05-12T12:13:00+01:00,11200,8751540,8811004
2026-05-12T12:13:01+01:00,11202,8751540,8811004
2026-05-12T12:13:02+01:00,11205,8751540,8811004
2026-05-12T12:13:04+01:00,11206,8751540,8811004
2026-05-12T12:13:05+01:00,11201,8751540,8811004
2026-05-12T12:13:06+01:00,11202,8751540,8811004
2026-05-12T12:13:07+01:00,11202,8751540,8811004
2026-05-12T12:13:08+01:00,11203,8751540,8811004
2026-05-12T12:13:09+01:00,11204,8751540,8811004
2026-05-12T12:13:10+01:00,11205,8751540,8811004
2026-05-12T12:13:11+01:00,11206,8751540,8811004
2026-05-12T12:13:12+01:00,11208,8751540,8811004
2026-05-12T12:13:14+01:00,11208,8751540,8811004
2026-05-12T12:13:15+01:00,11211,8751540,8811004
2026-05-12T12:13:17+01:00,11207,8751540,8811004
2026-05-12T12:13:18+01:00,11208,8751540,8811004
2026-05-12T12:13:19+01:00,11208,8791196,8811004
2026-05-12T12:13:20+01:00,11209,8758760,8811004
2026-05-12T12:13:21+01:00,11210,8758760,8811004
2026-05-12T12:13:22+01:00,11210,8758760,8811004
2026-05-12T12:13:23+01:00,11211,8758760,8811004
2026-05-12T12:13:24+01:00,11212,8758760,8811004
2026-05-12T12:13:25+01:00,11212,8758760,8811004
2026-05-12T12:13:26+01:00,11213,8758760,8811004
2026-05-12T12:13:27+01:00,11214,8758760,8811004
2026-05-12T12:13:28+01:00,11215,8758760,8811004
2026-05-12T12:13:29+01:00,11212,8758760,8811004
2026-05-12T12:13:31+01:00,11215,8758760,8811004
2026-05-12T12:13:32+01:00,11218,8758760,8811004
2026-05-12T12:13:34+01:00,11216,8758760,8811004
2026-05-12T12:13:35+01:00,11218,8758760,8811004
2026-05-12T12:13:36+01:00,11220,8758760,8811004
2026-05-12T12:13:37+01:00,11220,8758760,8811004
2026-05-12T12:13:38+01:00,11221,8758760,8811004
2026-05-12T12:13:39+01:00,11222,8758760,8811004
2026-05-12T12:13:41+01:00,11221,8758760,8811004
2026-05-12T12:13:42+01:00,11216,8758760,8811004
2026-05-12T12:13:43+01:00,11216,8758760,8811004
2026-05-12T12:13:44+01:00,11216,8758760,8811004
2026-05-12T12:13:45+01:00,11217,8758760,8811004
2026-05-12T12:13:46+01:00,11217,8758760,8811004
2026-05-12T12:13:47+01:00,11217,8758760,8811004
2026-05-12T12:13:48+01:00,11218,8758760,8811004
2026-05-12T12:13:49+01:00,11218,8758760,8811004
2026-05-12T12:13:50+01:00,11219,8758760,8811004
2026-05-12T12:13:51+01:00,11219,8758760,8811004
2026-05-12T12:13:52+01:00,11220,8758760,8811004
2026-05-12T12:13:53+01:00,11222,8758760,8811004
2026-05-12T12:13:55+01:00,11221,8758760,8811004
2026-05-12T12:13:56+01:00,11223,8758760,8811004
2026-05-12T12:13:58+01:00,11222,8758760,8811004
2026-05-12T12:13:59+01:00,11223,8758760,8811004
2026-05-12T12:14:00+01:00,11224,8758760,8811004
2026-05-12T12:14:01+01:00,11225,8758760,8811004
2026-05-12T12:14:02+01:00,11226,8758760,8811004
2026-05-12T12:14:03+01:00,11227,8758760,8811004
2026-05-12T12:14:04+01:00,11228,8758760,8811004
2026-05-12T12:14:06+01:00,11226,8758760,8811004
2026-05-12T12:14:07+01:00,11229,8758760,8811004
2026-05-12T12:14:09+01:00,11228,8758760,8811004
2026-05-12T12:14:10+01:00,11230,8758760,8811004
2026-05-12T12:14:11+01:00,11231,8758760,8811004
2026-05-12T12:14:12+01:00,11232,8758760,8811004
2026-05-12T12:14:13+01:00,11232,8758760,8811004
2026-05-12T12:14:14+01:00,11233,8758760,8811004
2026-05-12T12:14:15+01:00,11234,8758760,8811004
2026-05-12T12:14:17+01:00,11235,8758760,8811004
2026-05-12T12:14:18+01:00,11230,8758760,8811004
2026-05-12T12:14:19+01:00,11231,8758760,8811004
2026-05-12T12:14:20+01:00,11231,8758760,8811004
2026-05-12T12:14:21+01:00,11232,8758760,8811004
2026-05-12T12:14:22+01:00,11232,8758760,8811004
2026-05-12T12:14:23+01:00,11234,8758760,8811004
2026-05-12T12:14:24+01:00,11236,8809712,8811004
2026-05-12T12:14:25+01:00,11236,8809712,8811004
2026-05-12T12:14:26+01:00,11237,8809712,8811004
2026-05-12T12:14:27+01:00,11237,8809712,8811004
2026-05-12T12:14:29+01:00,11238,8809712,8811004
2026-05-12T12:14:30+01:00,11234,8809712,8811004
2026-05-12T12:14:31+01:00,11234,8809712,8811004
2026-05-12T12:14:32+01:00,11235,8809712,8811004
2026-05-12T12:14:33+01:00,11237,8809712,8811004
2026-05-12T12:14:34+01:00,11237,8809712,8811004
2026-05-12T12:14:35+01:00,11239,8809712,8811004
2026-05-12T12:14:36+01:00,11241,8809712,8811004
2026-05-12T12:14:37+01:00,11241,8809712,8811004
2026-05-12T12:14:39+01:00,11241,8809712,8811004
2026-05-12T12:14:40+01:00,11237,8809712,8811004
2026-05-12T12:14:41+01:00,11237,8809712,8811004
2026-05-12T12:14:42+01:00,11238,8809876,8811004
2026-05-12T12:14:43+01:00,11239,8809876,8811004
2026-05-12T12:14:44+01:00,11239,8809876,8811004
2026-05-12T12:14:45+01:00,11240,8809876,8811004
2026-05-12T12:14:46+01:00,11240,8809876,8811004
2026-05-12T12:14:47+01:00,11241,8809876,8811004
2026-05-12T12:14:48+01:00,11242,8809876,8811004
2026-05-12T12:14:49+01:00,11243,8809876,8811004
2026-05-12T12:14:50+01:00,11244,8809876,8811004
2026-05-12T12:14:51+01:00,11245,8809876,8811004
2026-05-12T12:14:53+01:00,11244,8809876,8811004
2026-05-12T12:14:54+01:00,11248,8809876,8811004
2026-05-12T12:14:56+01:00,11245,8809876,8811004
2026-05-12T12:14:57+01:00,11244,8809876,8811004
2026-05-12T12:14:58+01:00,11244,8809876,8811004
2026-05-12T12:14:59+01:00,11244,8809876,8811004
2026-05-12T12:15:00+01:00,11244,8809876,8811004
2026-05-12T12:15:01+01:00,11244,8809876,8811004
2026-05-12T12:15:02+01:00,11244,8809876,8811004
2026-05-12T12:15:03+01:00,11244,8809876,8811004
2026-05-12T12:15:04+01:00,11245,8809876,8811004
2026-05-12T12:15:05+01:00,11245,8809876,8811004
2026-05-12T12:15:06+01:00,11245,8809876,8811004
2026-05-12T12:15:07+01:00,11246,8809876,8811004
2026-05-12T12:15:09+01:00,11241,8809876,8811004
2026-05-12T12:15:10+01:00,11241,8809876,8811004
2026-05-12T12:15:11+01:00,11241,8809876,8811004
2026-05-12T12:15:12+01:00,11242,8809876,8811004
2026-05-12T12:15:13+01:00,11243,8809876,8811004
2026-05-12T12:15:14+01:00,11244,8809876,8811004
2026-05-12T12:15:15+01:00,11244,8809876,8811004
2026-05-12T12:15:16+01:00,11245,8809876,8811004
2026-05-12T12:15:17+01:00,11246,8809876,8811004
2026-05-12T12:15:18+01:00,11246,8809876,8811004
2026-05-12T12:15:19+01:00,11247,8809876,8811004
2026-05-12T12:15:20+01:00,11248,8809876,8811004
2026-05-12T12:15:21+01:00,11248,8809876,8811004
2026-05-12T12:15:22+01:00,11249,8809876,8811004
2026-05-12T12:15:23+01:00,11250,8809876,8811004
2026-05-12T12:15:25+01:00,11250,8809876,8811004
2026-05-12T12:15:26+01:00,11247,8809876,8811004
2026-05-12T12:15:27+01:00,11248,8809876,8811004
2026-05-12T12:15:28+01:00,11252,8809876,8811004
2026-05-12T12:15:30+01:00,11250,8809876,8811004
2026-05-12T12:15:31+01:00,11254,8809876,8811004
2026-05-12T12:15:33+01:00,11251,8809876,8811004
2026-05-12T12:15:34+01:00,11250,8809876,8811004
2026-05-12T12:15:35+01:00,11249,8809876,8811004
2026-05-12T12:15:36+01:00,11249,8809876,8811004
2026-05-12T12:15:37+01:00,11249,8809876,8811004
2026-05-12T12:15:38+01:00,11249,8809876,8811004
2026-05-12T12:15:39+01:00,11249,8809876,8811004
2026-05-12T12:15:40+01:00,11250,8809876,8811004
2026-05-12T12:15:41+01:00,11251,8809876,8811004
2026-05-12T12:15:42+01:00,11253,8809876,8811004
2026-05-12T12:15:44+01:00,11251,8809876,8811004
2026-05-12T12:15:45+01:00,11252,8809876,8811004
2026-05-12T12:15:46+01:00,11252,8809876,8811004
2026-05-12T12:15:47+01:00,11253,8809876,8811004
2026-05-12T12:15:48+01:00,11255,8809876,8811004
2026-05-12T12:15:49+01:00,11252,8809876,8811004
2026-05-12T12:15:51+01:00,11253,8809876,8811004
2026-05-12T12:15:52+01:00,11253,8809876,8811004
2026-05-12T12:15:53+01:00,11254,8809876,8811004
2026-05-12T12:15:54+01:00,11255,8809876,8811004
2026-05-12T12:15:55+01:00,11257,8809876,8811004
2026-05-12T12:15:56+01:00,11255,8810040,8811004
2026-05-12T12:15:58+01:00,11258,8810040,8811004
2026-05-12T12:15:59+01:00,11258,8810040,8811004
2026-05-12T12:16:00+01:00,11259,8810040,8811004
2026-05-12T12:16:01+01:00,11260,8810040,8811004
2026-05-12T12:16:02+01:00,11261,8810040,8811004
2026-05-12T12:16:03+01:00,11261,8810040,8811004
2026-05-12T12:16:04+01:00,11262,8810040,8811004
2026-05-12T12:16:05+01:00,11262,8810040,8811004
2026-05-12T12:16:07+01:00,11263,8810040,8811004
2026-05-12T12:16:08+01:00,11259,8810040,8811004
2026-05-12T12:16:09+01:00,11260,8810040,8811004
2026-05-12T12:16:10+01:00,11262,8810040,8811004
2026-05-12T12:16:11+01:00,11266,8810040,8811004
2026-05-12T12:16:13+01:00,11262,8810040,8811004
2026-05-12T12:16:14+01:00,11262,8810040,8811004
2026-05-12T12:16:15+01:00,11264,8810040,8811004
2026-05-12T12:16:16+01:00,11266,8810040,8811004
2026-05-12T12:16:17+01:00,11267,8810040,8811004
2026-05-12T12:16:18+01:00,11268,8810040,8811004
2026-05-12T12:16:19+01:00,11269,8810040,8811004
2026-05-12T12:16:21+01:00,11269,8810040,8811004
2026-05-12T12:16:22+01:00,11266,8810040,8811004
2026-05-12T12:16:23+01:00,11266,8810040,8811004
2026-05-12T12:16:24+01:00,11266,8810040,8811004
2026-05-12T12:16:25+01:00,11267,8810040,8811004
2026-05-12T12:16:26+01:00,11267,8810040,8811004
2026-05-12T12:16:27+01:00,11268,8810040,8811004
2026-05-12T12:16:28+01:00,11269,8810040,8811004
2026-05-12T12:16:29+01:00,11270,8810040,8811004
2026-05-12T12:16:30+01:00,11270,8810040,8811004
2026-05-12T12:16:31+01:00,11270,8810040,8811004
2026-05-12T12:16:32+01:00,11269,8810040,8811004
2026-05-12T12:16:33+01:00,11269,8810040,8811004
2026-05-12T12:16:34+01:00,11269,8810040,8811004
2026-05-12T12:16:35+01:00,11269,8810040,8811004
2026-05-12T12:16:37+01:00,11270,8810040,8811004
2026-05-12T12:16:38+01:00,11266,8810040,8811004
2026-05-12T12:16:39+01:00,11268,8810040,8811004
2026-05-12T12:16:40+01:00,11270,8810040,8811004
2026-05-12T12:16:41+01:00,11271,8810040,8811004
2026-05-12T12:16:42+01:00,11272,8810040,8811004
2026-05-12T12:16:43+01:00,11273,8810040,8811004
2026-05-12T12:16:45+01:00,11270,8810040,8811004
2026-05-12T12:16:46+01:00,11270,8810040,8811004
2026-05-12T12:16:47+01:00,11271,8810040,8811004
2026-05-12T12:16:48+01:00,11271,8810040,8811004
2026-05-12T12:16:49+01:00,11272,8810040,8811004
2026-05-12T12:16:50+01:00,11273,8810040,8811004
2026-05-12T12:16:51+01:00,11274,8810040,8811004
2026-05-12T12:16:52+01:00,11275,8810040,8811004
2026-05-12T12:16:54+01:00,11274,8810040,8811004
2026-05-12T12:16:55+01:00,11277,8810040,8811004
2026-05-12T12:16:56+01:00,11275,8810040,8811004
2026-05-12T12:16:58+01:00,11277,8810040,8811004
2026-05-12T12:16:59+01:00,11277,8810040,8811004
2026-05-12T12:17:00+01:00,11277,8810040,8811004
2026-05-12T12:17:01+01:00,11278,8810040,8811004
2026-05-12T12:17:02+01:00,11278,8810040,8811004
2026-05-12T12:17:03+01:00,11279,8810040,8811004
2026-05-12T12:17:04+01:00,11280,8810040,8811004
2026-05-12T12:17:05+01:00,11280,8810040,8811004
2026-05-12T12:17:07+01:00,11281,8810200,8811004
2026-05-12T12:17:08+01:00,11278,8810200,8811004
2026-05-12T12:17:09+01:00,11280,8810200,8811004
2026-05-12T12:17:10+01:00,11280,8810200,8811004
2026-05-12T12:17:11+01:00,11280,8810200,8811004
2026-05-12T12:17:12+01:00,11281,8810200,8811004
2026-05-12T12:17:13+01:00,11281,8810200,8811004
2026-05-12T12:17:14+01:00,11282,8810200,8811004
2026-05-12T12:17:15+01:00,11282,8810200,8811004
2026-05-12T12:17:16+01:00,11283,8810200,8811004
2026-05-12T12:17:18+01:00,11280,8810200,8811004
2026-05-12T12:17:19+01:00,11281,8810200,8811004
2026-05-12T12:17:20+01:00,11282,8810200,8811004
2026-05-12T12:17:21+01:00,11283,8810200,8811004
2026-05-12T12:17:22+01:00,11283,8810200,8811004
2026-05-12T12:17:23+01:00,11284,8810200,8811004
2026-05-12T12:17:24+01:00,11285,8810200,8811004
2026-05-12T12:17:25+01:00,11286,8810200,8811004
2026-05-12T12:17:26+01:00,11286,8810200,8811004
2026-05-12T12:17:27+01:00,11287,8810200,8811004
2026-05-12T12:17:28+01:00,11288,8810200,8811004
2026-05-12T12:17:29+01:00,11288,8810200,8811004
2026-05-12T12:17:31+01:00,11285,8810200,8811004
2026-05-12T12:17:32+01:00,11285,8810200,8811004
2026-05-12T12:17:33+01:00,11286,8810200,8811004
2026-05-12T12:17:34+01:00,11286,8810200,8811004
2026-05-12T12:17:35+01:00,11287,8810200,8811004
2026-05-12T12:17:36+01:00,11288,8810200,8811004
2026-05-12T12:17:37+01:00,11289,8810200,8811004
2026-05-12T12:17:38+01:00,11290,8810200,8811004
2026-05-12T12:17:39+01:00,11291,8810200,8811004
2026-05-12T12:17:41+01:00,11289,8810200,8811004
2026-05-12T12:17:42+01:00,11293,8810200,8811004
2026-05-12T12:17:43+01:00,11294,8810200,8811004
2026-05-12T12:17:44+01:00,11294,8810200,8811004
2026-05-12T12:17:46+01:00,11295,8810200,8811004
2026-05-12T12:17:47+01:00,11291,8810200,8811004
2026-05-12T12:17:48+01:00,11291,8810200,8811004
2026-05-12T12:17:49+01:00,11292,8810200,8811004
2026-05-12T12:17:50+01:00,11293,8810200,8811004
2026-05-12T12:17:51+01:00,11294,8810200,8811004
2026-05-12T12:17:52+01:00,11294,8810200,8811004
2026-05-12T12:17:53+01:00,11295,8810200,8811004
2026-05-12T12:17:54+01:00,11295,8810200,8811004
2026-05-12T12:17:55+01:00,11296,8810200,8811004
2026-05-12T12:17:56+01:00,11297,8810200,8811004
2026-05-12T12:17:57+01:00,11297,8810200,8811004
2026-05-12T12:17:58+01:00,11298,8810200,8811004
2026-05-12T12:17:59+01:00,11298,8810200,8811004
2026-05-12T12:18:00+01:00,11298,8810200,8811004
2026-05-12T12:18:01+01:00,11299,8810200,8811004
2026-05-12T12:18:03+01:00,11295,8810200,8811004
2026-05-12T12:18:04+01:00,11295,8810200,8811004
2026-05-12T12:18:05+01:00,11296,8810200,8811004
2026-05-12T12:18:06+01:00,11296,8810200,8811004
2026-05-12T12:18:07+01:00,11297,8810200,8811004
2026-05-12T12:18:08+01:00,11297,8810200,8811004
2026-05-12T12:18:09+01:00,11298,8810200,8811004
2026-05-12T12:18:10+01:00,11298,8810200,8811004
2026-05-12T12:18:11+01:00,11299,8810200,8811004
2026-05-12T12:18:12+01:00,11300,8810200,8811004
2026-05-12T12:18:13+01:00,11300,8810200,8811004
2026-05-12T12:18:14+01:00,11300,8810200,8811004
2026-05-12T12:18:15+01:00,11301,8810200,8811004
2026-05-12T12:18:16+01:00,11301,8810200,8811004
2026-05-12T12:18:17+01:00,11302,8810200,8811004
2026-05-12T12:18:19+01:00,11300,8810200,8811004
2026-05-12T12:18:20+01:00,11301,8810200,8811004
2026-05-12T12:18:21+01:00,11302,8810200,8811004
2026-05-12T12:18:22+01:00,11303,8810200,8811004
2026-05-12T12:18:23+01:00,11305,8810200,8811004
2026-05-12T12:18:24+01:00,11305,8810200,8811004
2026-05-12T12:18:26+01:00,11306,8810200,8811004
2026-05-12T12:18:27+01:00,11302,8810200,8811004
2026-05-12T12:18:28+01:00,11302,8810200,8811004
2026-05-12T12:18:29+01:00,11303,8810200,8811004
2026-05-12T12:18:30+01:00,11304,8810200,8811004
2026-05-12T12:18:31+01:00,11305,8810200,8811004
2026-05-12T12:18:32+01:00,11305,8810200,8811004
2026-05-12T12:18:33+01:00,11306,8810200,8811004
2026-05-12T12:18:34+01:00,11306,8810200,8811004
2026-05-12T12:18:35+01:00,11307,8810200,8811004
2026-05-12T12:18:36+01:00,11308,8810200,8811004
2026-05-12T12:18:37+01:00,11309,8810200,8811004
2026-05-12T12:18:38+01:00,11310,8810200,8811004
2026-05-12T12:18:40+01:00,11310,8810200,8811004
2026-05-12T12:18:41+01:00,11307,8810200,8811004
2026-05-12T12:18:42+01:00,11308,8810200,8811004
2026-05-12T12:18:43+01:00,11308,8810200,8811004
2026-05-12T12:18:44+01:00,11309,8810200,8811004
2026-05-12T12:18:45+01:00,11310,8810200,8811004
2026-05-12T12:18:46+01:00,11310,8810200,8811004
2026-05-12T12:18:47+01:00,11311,8810200,8811004
2026-05-12T12:18:48+01:00,11312,8810200,8811004
2026-05-12T12:18:49+01:00,11312,8810200,8811004
2026-05-12T12:18:50+01:00,11314,8810200,8811004
2026-05-12T12:18:52+01:00,11312,8810200,8811004
2026-05-12T12:18:53+01:00,11315,8810200,8811004
2026-05-12T12:18:54+01:00,11316,8810200,8811004
2026-05-12T12:18:55+01:00,11317,8810200,8811004
2026-05-12T12:18:57+01:00,11317,8810200,8811004
2026-05-12T12:18:58+01:00,11313,8810200,8811004
2026-05-12T12:18:59+01:00,11314,8810200,8811004
2026-05-12T12:19:00+01:00,11315,8810200,8811004
2026-05-12T12:19:01+01:00,11315,8810200,8811004
2026-05-12T12:19:02+01:00,11316,8810200,8811004
2026-05-12T12:19:03+01:00,11316,8810200,8811004
2026-05-12T12:19:04+01:00,11317,8810200,8811004
2026-05-12T12:19:05+01:00,11318,8810200,8811004
2026-05-12T12:19:06+01:00,11319,8810200,8811004
2026-05-12T12:19:07+01:00,11319,8810200,8811004
2026-05-12T12:19:08+01:00,11320,8810200,8811004
2026-05-12T12:19:09+01:00,11320,8810200,8811004
2026-05-12T12:19:10+01:00,11321,8810200,8811004
2026-05-12T12:19:11+01:00,11321,8810200,8811004
2026-05-12T12:19:12+01:00,11322,8810200,8811004
2026-05-12T12:19:14+01:00,11319,8810200,8811004
2026-05-12T12:19:15+01:00,11319,8810200,8811004
2026-05-12T12:19:16+01:00,11320,8810200,8811004
2026-05-12T12:19:17+01:00,11320,8810200,8811004
2026-05-12T12:19:18+01:00,11321,8810200,8811004
2026-05-12T12:19:19+01:00,11321,8810200,8811004
2026-05-12T12:19:20+01:00,11321,8810200,8811004
2026-05-12T12:19:21+01:00,11322,8810200,8811004
2026-05-12T12:19:22+01:00,11322,8810200,8811004
2026-05-12T12:19:23+01:00,11323,8810200,8811004
2026-05-12T12:19:24+01:00,11323,8810200,8811004
2026-05-12T12:19:25+01:00,11324,8810200,8811004
2026-05-12T12:19:26+01:00,11324,8810200,8811004
2026-05-12T12:19:27+01:00,11325,8810200,8811004
2026-05-12T12:19:29+01:00,11322,8810368,8811004
2026-05-12T12:19:30+01:00,11323,8810368,8811004
2026-05-12T12:19:31+01:00,11323,8810368,8811004
2026-05-12T12:19:32+01:00,11324,8810368,8811004
2026-05-12T12:19:33+01:00,11324,8810368,8811004
2026-05-12T12:19:34+01:00,11325,8810368,8811004
2026-05-12T12:19:35+01:00,11325,8810368,8811004
2026-05-12T12:19:36+01:00,11326,8810368,8811004
2026-05-12T12:19:37+01:00,11326,8810368,8811004
2026-05-12T12:19:38+01:00,11328,8810368,8811004
2026-05-12T12:19:40+01:00,11327,8810368,8811004
2026-05-12T12:19:41+01:00,11326,8810368,8811004
2026-05-12T12:19:43+01:00,11328,8810368,8811004
2026-05-12T12:19:44+01:00,11328,8810368,8811004
2026-05-12T12:19:45+01:00,11329,8810368,8811004
2026-05-12T12:19:46+01:00,11329,8810368,8811004
2026-05-12T12:19:47+01:00,11330,8810368,8811004
2026-05-12T12:19:48+01:00,11330,8810368,8811004
2026-05-12T12:19:49+01:00,11331,8810368,8811004
2026-05-12T12:19:50+01:00,11332,8810368,8811004
2026-05-12T12:19:52+01:00,11329,8810368,8811004
2026-05-12T12:19:53+01:00,11332,8810368,8811004
2026-05-12T12:19:55+01:00,11331,8810368,8811004
2026-05-12T12:19:56+01:00,11332,8810368,8811004
2026-05-12T12:19:57+01:00,11332,8810368,8811004
2026-05-12T12:19:58+01:00,11332,8810368,8811004
2026-05-12T12:19:59+01:00,11332,8810368,8811004
2026-05-12T12:20:00+01:00,11333,8810368,8811004
2026-05-12T12:20:01+01:00,11333,8810368,8811004
2026-05-12T12:20:02+01:00,11334,8810368,8811004
2026-05-12T12:20:03+01:00,11334,8810368,8811004
2026-05-12T12:20:04+01:00,11335,8810368,8811004
2026-05-12T12:20:06+01:00,11332,8810368,8811004
2026-05-12T12:20:07+01:00,11333,8810368,8811004
2026-05-12T12:20:08+01:00,11336,8810368,8811004
2026-05-12T12:20:09+01:00,11337,8810368,8811004
2026-05-12T12:20:10+01:00,11337,8810368,8811004
2026-05-12T12:20:11+01:00,11338,8810368,8811004
2026-05-12T12:20:12+01:00,11339,8810368,8811004
2026-05-12T12:20:14+01:00,11335,8810368,8811004
2026-05-12T12:20:15+01:00,11335,8810368,8811004
2026-05-12T12:20:16+01:00,11336,8810368,8811004
2026-05-12T12:20:17+01:00,11337,8810368,8811004
2026-05-12T12:20:18+01:00,11338,8810368,8811004
2026-05-12T12:20:19+01:00,11338,8810368,8811004
2026-05-12T12:20:20+01:00,11339,8810368,8811004
2026-05-12T12:20:21+01:00,11340,8810368,8811004
2026-05-12T12:20:22+01:00,11341,8810368,8811004
2026-05-12T12:20:23+01:00,11341,8810368,8811004
2026-05-12T12:20:24+01:00,11342,8810368,8811004
2026-05-12T12:20:25+01:00,11342,8810368,8811004
2026-05-12T12:20:26+01:00,11343,8810368,8811004
2026-05-12T12:20:27+01:00,11344,8810368,8811004
2026-05-12T12:20:29+01:00,11341,8810368,8811004
2026-05-12T12:20:30+01:00,11343,8810368,8811004
2026-05-12T12:20:31+01:00,11344,8810368,8811004
2026-05-12T12:20:32+01:00,11345,8810368,8811004
2026-05-12T12:20:33+01:00,11346,8810368,8811004
2026-05-12T12:20:35+01:00,11345,8810532,8811004
2026-05-12T12:20:36+01:00,11347,8810532,8811004
2026-05-12T12:20:37+01:00,11347,8810532,8811004
2026-05-12T12:20:38+01:00,11347,8810532,8811004
2026-05-12T12:20:39+01:00,11348,8810532,8811004
2026-05-12T12:20:41+01:00,11348,8810532,8811004
2026-05-12T12:20:42+01:00,11344,8810532,8811004
2026-05-12T12:20:43+01:00,11345,8810532,8811004
2026-05-12T12:20:44+01:00,11346,8810532,8811004
2026-05-12T12:20:45+01:00,11346,8810532,8811004
2026-05-12T12:20:46+01:00,11347,8810532,8811004
2026-05-12T12:20:47+01:00,11347,8810532,8811004
2026-05-12T12:20:48+01:00,11348,8810532,8811004
2026-05-12T12:20:49+01:00,11348,8810532,8811004
2026-05-12T12:20:50+01:00,11349,8810532,8811004
2026-05-12T12:20:51+01:00,11350,8810532,8811004
2026-05-12T12:20:52+01:00,11350,8810532,8811004
2026-05-12T12:20:53+01:00,11350,8810532,8811004
2026-05-12T12:20:54+01:00,11350,8810532,8811004
2026-05-12T12:20:55+01:00,11350,8810532,8811004
2026-05-12T12:20:57+01:00,11350,8810532,8811004
2026-05-12T12:20:58+01:00,11347,8810532,8811004
2026-05-12T12:20:59+01:00,11347,8810532,8811004
2026-05-12T12:21:00+01:00,11349,8810532,8811004
2026-05-12T12:21:01+01:00,11352,8810532,8811004
2026-05-12T12:21:03+01:00,11349,8810532,8811004
2026-05-12T12:21:04+01:00,11350,8810532,8811004
2026-05-12T12:21:05+01:00,11353,8810532,8811004
2026-05-12T12:21:07+01:00,11351,8810532,8811004
2026-05-12T12:21:08+01:00,11351,8810532,8811004
2026-05-12T12:21:09+01:00,11352,8810532,8811004
2026-05-12T12:21:10+01:00,11352,8810532,8811004
2026-05-12T12:21:11+01:00,11353,8810532,8811004
2026-05-12T12:21:12+01:00,11353,8810532,8811004
2026-05-12T12:21:13+01:00,11354,8810532,8811004
2026-05-12T12:21:14+01:00,11355,8810532,8811004
2026-05-12T12:21:15+01:00,11353,8810532,8811004
2026-05-12T12:21:17+01:00,11355,8810532,8811004
2026-05-12T12:21:18+01:00,11355,8810532,8811004
2026-05-12T12:21:19+01:00,11356,8810532,8811004
2026-05-12T12:21:20+01:00,11356,8810532,8811004
2026-05-12T12:21:21+01:00,11357,8810532,8811004
2026-05-12T12:21:22+01:00,11357,8810532,8811004
2026-05-12T12:21:23+01:00,11358,8810532,8811004
2026-05-12T12:21:24+01:00,11359,8810532,8811004
2026-05-12T12:21:25+01:00,11360,8810532,8811004
2026-05-12T12:21:26+01:00,11360,8810532,8811004
2026-05-12T12:21:28+01:00,11361,8810532,8811004
2026-05-12T12:21:29+01:00,11357,8810532,8811004
2026-05-12T12:21:30+01:00,11358,8810532,8811004
2026-05-12T12:21:31+01:00,11361,8810532,8811004
2026-05-12T12:21:32+01:00,11362,8810532,8811004
2026-05-12T12:21:33+01:00,11363,8810532,8811004
2026-05-12T12:21:35+01:00,11363,8810532,8811004
2026-05-12T12:21:36+01:00,11360,8810532,8811004
2026-05-12T12:21:37+01:00,11360,8810532,8811004
2026-05-12T12:21:38+01:00,11361,8810532,8811004
2026-05-12T12:21:39+01:00,11362,8810532,8811004
2026-05-12T12:21:40+01:00,11362,8810532,8811004
2026-05-12T12:21:41+01:00,11363,8810532,8811004
2026-05-12T12:21:42+01:00,11364,8810532,8811004
2026-05-12T12:21:43+01:00,11365,8810532,8811004
2026-05-12T12:21:44+01:00,11366,8810532,8811004
2026-05-12T12:21:45+01:00,11366,8810532,8811004
2026-05-12T12:21:46+01:00,11367,8810532,8811004
2026-05-12T12:21:48+01:00,11367,8810532,8811004
2026-05-12T12:21:49+01:00,11364,8810532,8811004
2026-05-12T12:21:50+01:00,11365,8810532,8811004
2026-05-12T12:21:51+01:00,11367,8810532,8811004
2026-05-12T12:21:52+01:00,11368,8810532,8811004
2026-05-12T12:21:53+01:00,11369,8810532,8811004
2026-05-12T12:21:55+01:00,11368,8810532,8811004
2026-05-12T12:21:56+01:00,11370,8771916,8811004
2026-05-12T12:21:57+01:00,11371,8771916,8811004
2026-05-12T12:21:59+01:00,11367,8771916,8811004
2026-05-12T12:22:00+01:00,11368,8771916,8811004
2026-05-12T12:22:01+01:00,11368,8771916,8811004
2026-05-12T12:22:02+01:00,11369,8771916,8811004
2026-05-12T12:22:03+01:00,11371,8771916,8811004
2026-05-12T12:22:04+01:00,11373,8771916,8811004
2026-05-12T12:22:06+01:00,11372,8771916,8811004
2026-05-12T12:22:07+01:00,11374,8771916,8811004
2026-05-12T12:22:08+01:00,11375,8771916,8811004
2026-05-12T12:22:10+01:00,11373,8771916,8811004
2026-05-12T12:22:11+01:00,11374,8771916,8811004
2026-05-12T12:22:12+01:00,11375,8771916,8811004
2026-05-12T12:22:13+01:00,11376,8771916,8811004
2026-05-12T12:22:14+01:00,11376,8771916,8811004
2026-05-12T12:22:15+01:00,11377,8771916,8811004
2026-05-12T12:22:16+01:00,11378,8771916,8811004
2026-05-12T12:22:18+01:00,11378,8771916,8811004
2026-05-12T12:22:19+01:00,11375,8771916,8811004
2026-05-12T12:22:20+01:00,11375,8771916,8811004
2026-05-12T12:22:21+01:00,11376,8771916,8811004
2026-05-12T12:22:22+01:00,11376,8771916,8811004
2026-05-12T12:22:23+01:00,11376,8771916,8811004
2026-05-12T12:22:24+01:00,11377,8771916,8811004
2026-05-12T12:22:25+01:00,11378,8771916,8811004
2026-05-12T12:22:26+01:00,11378,8771916,8811004
2026-05-12T12:22:27+01:00,11379,8771916,8811004
2026-05-12T12:22:28+01:00,11379,8771916,8811004
2026-05-12T12:22:29+01:00,11379,8771916,8811004
2026-05-12T12:22:30+01:00,11380,8771916,8811004
2026-05-12T12:22:31+01:00,11380,8771916,8811004
2026-05-12T12:22:32+01:00,11381,8771916,8811004
2026-05-12T12:22:34+01:00,11378,8771916,8811004
2026-05-12T12:22:35+01:00,11379,8771916,8811004
2026-05-12T12:22:36+01:00,11379,8771916,8811004
2026-05-12T12:22:37+01:00,11379,8771916,8811004
2026-05-12T12:22:38+01:00,11379,8771916,8811004
2026-05-12T12:22:39+01:00,11380,8771916,8811004
2026-05-12T12:22:40+01:00,11380,8771916,8811004
2026-05-12T12:22:41+01:00,11381,8771916,8811004
2026-05-12T12:22:42+01:00,11381,8771916,8811004
2026-05-12T12:22:43+01:00,11382,8771916,8811004
2026-05-12T12:22:44+01:00,11383,8771916,8811004
2026-05-12T12:22:46+01:00,11381,8771916,8811004
2026-05-12T12:22:47+01:00,11381,8771916,8811004
2026-05-12T12:22:48+01:00,11382,8771916,8811004
2026-05-12T12:22:49+01:00,11383,8771916,8811004
2026-05-12T12:22:50+01:00,11383,8771916,8811004
2026-05-12T12:22:51+01:00,11384,8771916,8811004
2026-05-12T12:22:52+01:00,11384,8771916,8811004
2026-05-12T12:22:53+01:00,11384,8771916,8811004
2026-05-12T12:22:54+01:00,11385,8771916,8811004
2026-05-12T12:22:55+01:00,11383,8771916,8811004
2026-05-12T12:22:57+01:00,11386,8771916,8811004
2026-05-12T12:22:58+01:00,11384,8771916,8811004
2026-05-12T12:23:00+01:00,11385,8771916,8811004
2026-05-12T12:23:01+01:00,11386,8771916,8811004
2026-05-12T12:23:02+01:00,11387,8771916,8811004
2026-05-12T12:23:03+01:00,11387,8771916,8811004
2026-05-12T12:23:04+01:00,11388,8771916,8811004
2026-05-12T12:23:05+01:00,11388,8771916,8811004
2026-05-12T12:23:06+01:00,11388,8771916,8811004
2026-05-12T12:23:07+01:00,11389,8771916,8811004
2026-05-12T12:23:09+01:00,11386,8771916,8811004
2026-05-12T12:23:10+01:00,11386,8771916,8811004
2026-05-12T12:23:11+01:00,11387,8771916,8811004
2026-05-12T12:23:12+01:00,11388,8771916,8811004
2026-05-12T12:23:13+01:00,11389,8771916,8811004
2026-05-12T12:23:14+01:00,11391,8771916,8811004
2026-05-12T12:23:16+01:00,11389,8752912,8811004
2026-05-12T12:23:17+01:00,11391,8752912,8811004
2026-05-12T12:23:18+01:00,11391,8752912,8811004
2026-05-12T12:23:19+01:00,11391,8752912,8811004
2026-05-12T12:23:20+01:00,11392,8752912,8811004
2026-05-12T12:23:22+01:00,11390,8752912,8811004
2026-05-12T12:23:23+01:00,11392,8752912,8811004
2026-05-12T12:23:25+01:00,11391,8752912,8811004
2026-05-12T12:23:26+01:00,11394,8752912,8811004
2026-05-12T12:23:28+01:00,11393,8752912,8811004
2026-05-12T12:23:29+01:00,11396,8752912,8811004
2026-05-12T12:23:30+01:00,11395,8752912,8811004
2026-05-12T12:23:31+01:00,11395,8752912,8811004
2026-05-12T12:23:32+01:00,11395,8752912,8811004
2026-05-12T12:23:33+01:00,11395,8752912,8811004
2026-05-12T12:23:35+01:00,11395,8752912,8811004
2026-05-12T12:23:36+01:00,11391,8752912,8811004
2026-05-12T12:23:37+01:00,11391,8752912,8811004
2026-05-12T12:23:38+01:00,11392,8752912,8811004
2026-05-12T12:23:39+01:00,11392,8752912,8811004
2026-05-12T12:23:40+01:00,11394,8752912,8811004
2026-05-12T12:23:41+01:00,11396,8752912,8811004
2026-05-12T12:23:43+01:00,11395,8752912,8811004
2026-05-12T12:23:44+01:00,11397,8752912,8811004
2026-05-12T12:23:46+01:00,11395,8752912,8811004
2026-05-12T12:23:47+01:00,11395,8752912,8811004
2026-05-12T12:23:48+01:00,11396,8752912,8811004
2026-05-12T12:23:49+01:00,11396,8752912,8811004
2026-05-12T12:23:50+01:00,11397,8752912,8811004
2026-05-12T12:23:51+01:00,11397,8752912,8811004
2026-05-12T12:23:52+01:00,11398,8752912,8811004
2026-05-12T12:23:53+01:00,11398,8752912,8811004
2026-05-12T12:23:54+01:00,11399,8752912,8811004
2026-05-12T12:23:55+01:00,11399,8752912,8811004
2026-05-12T12:23:56+01:00,11401,8752912,8811004
2026-05-12T12:23:58+01:00,11397,8752912,8811004
2026-05-12T12:23:59+01:00,11398,8752912,8811004
2026-05-12T12:24:00+01:00,11399,8752912,8811004
2026-05-12T12:24:01+01:00,11400,8752912,8811004
2026-05-12T12:24:02+01:00,11400,8752912,8811004
2026-05-12T12:24:03+01:00,11401,8759952,8811004
2026-05-12T12:24:04+01:00,11402,8759952,8811004
2026-05-12T12:24:05+01:00,11402,8759952,8811004
2026-05-12T12:24:06+01:00,11403,8759952,8811004
2026-05-12T12:24:07+01:00,11403,8759952,8811004
2026-05-12T12:24:08+01:00,11404,8759952,8811004
2026-05-12T12:24:09+01:00,11404,8759952,8811004
2026-05-12T12:24:11+01:00,11401,8759952,8811004
2026-05-12T12:24:12+01:00,11401,8759952,8811004
2026-05-12T12:24:13+01:00,11401,8759952,8811004
2026-05-12T12:24:14+01:00,11401,8759952,8811004
2026-05-12T12:24:15+01:00,11401,8759952,8811004
2026-05-12T12:24:16+01:00,11402,8759952,8811004
2026-05-12T12:24:17+01:00,11402,8759952,8811004
2026-05-12T12:24:18+01:00,11402,8760132,8811004
2026-05-12T12:24:19+01:00,11401,8760132,8811004
2026-05-12T12:24:20+01:00,11401,8760132,8811004
2026-05-12T12:24:21+01:00,11400,8760132,8811004
2026-05-12T12:24:22+01:00,11400,8760132,8811004
2026-05-12T12:24:23+01:00,11400,8760132,8811004
2026-05-12T12:24:24+01:00,11400,8760132,8811004
2026-05-12T12:24:25+01:00,11401,8760132,8811004
2026-05-12T12:24:26+01:00,11401,8760132,8811004
2026-05-12T12:24:27+01:00,11402,8760132,8811004
2026-05-12T12:24:29+01:00,11399,8760132,8811004
2026-05-12T12:24:30+01:00,11400,8760132,8811004
2026-05-12T12:24:31+01:00,11400,8760132,8811004
2026-05-12T12:24:32+01:00,11401,8760132,8811004
2026-05-12T12:24:33+01:00,11403,8760132,8811004
2026-05-12T12:24:35+01:00,11405,8760132,8811004
2026-05-12T12:24:36+01:00,11401,8760132,8811004
2026-05-12T12:24:37+01:00,11402,8760132,8811004
2026-05-12T12:24:38+01:00,11403,8760132,8811004
2026-05-12T12:24:39+01:00,11405,8760132,8811004
2026-05-12T12:24:41+01:00,11404,8760132,8811004
2026-05-12T12:24:42+01:00,11405,8760132,8811004
2026-05-12T12:24:43+01:00,11405,8760132,8811004
2026-05-12T12:24:44+01:00,11406,8760132,8811004
2026-05-12T12:24:45+01:00,11407,8760132,8811004
2026-05-12T12:24:46+01:00,11408,8760132,8811004
2026-05-12T12:24:47+01:00,11408,8760132,8811004
2026-05-12T12:24:48+01:00,11408,8760132,8811004
2026-05-12T12:24:49+01:00,11408,8760132,8811004
2026-05-12T12:24:50+01:00,11408,8760132,8811004
2026-05-12T12:24:52+01:00,11409,8760132,8811004
2026-05-12T12:24:53+01:00,11405,8760132,8811004
2026-05-12T12:24:54+01:00,11406,8760132,8811004
2026-05-12T12:24:55+01:00,11406,8760132,8811004
2026-05-12T12:24:56+01:00,11407,8760132,8811004
2026-05-12T12:24:57+01:00,11408,8760132,8811004
2026-05-12T12:24:58+01:00,11408,8760132,8811004
2026-05-12T12:24:59+01:00,11409,8760132,8811004
2026-05-12T12:25:00+01:00,11409,8760132,8811004
2026-05-12T12:25:01+01:00,11410,8760132,8811004
2026-05-12T12:25:02+01:00,11410,8760132,8811004
2026-05-12T12:25:03+01:00,11410,8760132,8811004
2026-05-12T12:25:04+01:00,11410,8760132,8811004
2026-05-12T12:25:05+01:00,11410,8760132,8811004
2026-05-12T12:25:06+01:00,11411,8760132,8811004
2026-05-12T12:25:08+01:00,11408,8760132,8811004
2026-05-12T12:25:09+01:00,11410,8760132,8811004
2026-05-12T12:25:10+01:00,11411,8760132,8811004
2026-05-12T12:25:11+01:00,11412,8760132,8811004
2026-05-12T12:25:13+01:00,11410,8760132,8811004
2026-05-12T12:25:14+01:00,11413,8760132,8811004
2026-05-12T12:25:15+01:00,11414,8760132,8811004
2026-05-12T12:25:16+01:00,11414,8760132,8811004
2026-05-12T12:25:17+01:00,11415,8760132,8811004
2026-05-12T12:25:19+01:00,11415,8760132,8811004
2026-05-12T12:25:20+01:00,11413,8760132,8811004
2026-05-12T12:25:21+01:00,11414,8760132,8811004
2026-05-12T12:25:22+01:00,11417,8760132,8811004
2026-05-12T12:25:24+01:00,11416,8760132,8811004
2026-05-12T12:25:25+01:00,11416,8811248,8811248
2026-05-12T12:25:26+01:00,11416,8811248,8811248
2026-05-12T12:25:27+01:00,11415,8811248,8811248
2026-05-12T12:25:29+01:00,11411,8811248,8811248
2026-05-12T12:25:30+01:00,11411,8811248,8811248
2026-05-12T12:25:31+01:00,11412,8811248,8811248
2026-05-12T12:25:32+01:00,11412,8811248,8811248
2026-05-12T12:25:33+01:00,11412,8811248,8811248
2026-05-12T12:25:34+01:00,11413,8811248,8811248
2026-05-12T12:25:35+01:00,11413,8811248,8811248
2026-05-12T12:25:36+01:00,11414,8811248,8811248
2026-05-12T12:25:37+01:00,11416,8811248,8811248
2026-05-12T12:25:38+01:00,11416,8811248,8811248
2026-05-12T12:25:40+01:00,11413,8811248,8811248
2026-05-12T12:25:41+01:00,11413,8811248,8811248
2026-05-12T12:25:42+01:00,11414,8811248,8811248
2026-05-12T12:25:43+01:00,11415,8811248,8811248
2026-05-12T12:25:44+01:00,11416,8811248,8811248
2026-05-12T12:25:45+01:00,11416,8811248,8811248
2026-05-12T12:25:46+01:00,11417,8811248,8811248
2026-05-12T12:25:47+01:00,11418,8811248,8811248
2026-05-12T12:25:48+01:00,11418,8811248,8811248
2026-05-12T12:25:49+01:00,11419,8811248,8811248
2026-05-12T12:25:50+01:00,11419,8811248,8811248
2026-05-12T12:25:52+01:00,11420,8811248,8811248
2026-05-12T12:25:53+01:00,11417,8811248,8811248
2026-05-12T12:25:54+01:00,11418,8811248,8811248
2026-05-12T12:25:55+01:00,11419,8811248,8811248
2026-05-12T12:25:56+01:00,11419,8811248,8811248
2026-05-12T12:25:57+01:00,11419,8811248,8811248
2026-05-12T12:25:58+01:00,11420,8811248,8811248
2026-05-12T12:25:59+01:00,11420,8811248,8811248
2026-05-12T12:26:00+01:00,11420,8811248,8811248
2026-05-12T12:26:01+01:00,11421,8811248,8811248
2026-05-12T12:26:02+01:00,11422,8811248,8811248
2026-05-12T12:26:03+01:00,11422,8811248,8811248
2026-05-12T12:26:05+01:00,11423,8811248,8811248
2026-05-12T12:26:06+01:00,11419,8811248,8811248
2026-05-12T12:26:07+01:00,11421,8811248,8811248
2026-05-12T12:26:08+01:00,11421,8811248,8811248
2026-05-12T12:26:09+01:00,11421,8811248,8811248
2026-05-12T12:26:10+01:00,11422,8811248,8811248
2026-05-12T12:26:11+01:00,11422,8811248,8811248
2026-05-12T12:26:12+01:00,11422,8811248,8811248
2026-05-12T12:26:13+01:00,11423,8811248,8811248
2026-05-12T12:26:14+01:00,11423,8811248,8811248
2026-05-12T12:26:15+01:00,11424,8811248,8811248
2026-05-12T12:26:16+01:00,11424,8811248,8811248
2026-05-12T12:26:17+01:00,11425,8811248,8811248
2026-05-12T12:26:19+01:00,11426,8811248,8811248
2026-05-12T12:26:20+01:00,11422,8811248,8811248
2026-05-12T12:26:21+01:00,11423,8811248,8811248
2026-05-12T12:26:22+01:00,11423,8811248,8811248
2026-05-12T12:26:23+01:00,11423,8811248,8811248
2026-05-12T12:26:24+01:00,11425,8811248,8811248
2026-05-12T12:26:25+01:00,11427,8811248,8811248
2026-05-12T12:26:26+01:00,11427,8811412,8811412
2026-05-12T12:26:28+01:00,11424,8811412,8811412
2026-05-12T12:26:29+01:00,11425,8811412,8811412
2026-05-12T12:26:30+01:00,11427,8811412,8811412
2026-05-12T12:26:31+01:00,11428,8811412,8811412
2026-05-12T12:26:32+01:00,11429,8811412,8811412
2026-05-12T12:26:34+01:00,11426,8811412,8811412
2026-05-12T12:26:35+01:00,11427,8811412,8811412
2026-05-12T12:26:36+01:00,11429,8811412,8811412
2026-05-12T12:26:37+01:00,11431,8811412,8811412
2026-05-12T12:26:39+01:00,11430,8811412,8811412
2026-05-12T12:26:40+01:00,11431,8811412,8811412
2026-05-12T12:26:41+01:00,11432,8811412,8811412
2026-05-12T12:26:43+01:00,11432,8811412,8811412
2026-05-12T12:26:44+01:00,11428,8811412,8811412
2026-05-12T12:26:45+01:00,11429,8811412,8811412
2026-05-12T12:26:46+01:00,11430,8811412,8811412
2026-05-12T12:26:47+01:00,11433,8811412,8811412
2026-05-12T12:26:49+01:00,11432,8811412,8811412
2026-05-12T12:26:50+01:00,11431,8811412,8811412
2026-05-12T12:26:52+01:00,11433,8811576,8811576
2026-05-12T12:26:53+01:00,11435,8811576,8811576
2026-05-12T12:26:54+01:00,11435,8811576,8811576
2026-05-12T12:26:55+01:00,11436,8811576,8811576
2026-05-12T12:26:57+01:00,11436,8811576,8811576
2026-05-12T12:26:58+01:00,11433,8811576,8811576
2026-05-12T12:26:59+01:00,11435,8811576,8811576
2026-05-12T12:27:00+01:00,11435,8811576,8811576
2026-05-12T12:27:01+01:00,11436,8811576,8811576
2026-05-12T12:27:02+01:00,11436,8811576,8811576
2026-05-12T12:27:03+01:00,11437,8811576,8811576
2026-05-12T12:27:04+01:00,11437,8811576,8811576
2026-05-12T12:27:05+01:00,11438,8811576,8811576
2026-05-12T12:27:07+01:00,11439,8811576,8811576
2026-05-12T12:27:08+01:00,11436,8811576,8811576
2026-05-12T12:27:09+01:00,11436,8811576,8811576
2026-05-12T12:27:10+01:00,11437,8811576,8811576
2026-05-12T12:27:11+01:00,11437,8811576,8811576
2026-05-12T12:27:12+01:00,11437,8811576,8811576
2026-05-12T12:27:13+01:00,11438,8811576,8811576
2026-05-12T12:27:14+01:00,11438,8811576,8811576
2026-05-12T12:27:15+01:00,11439,8811576,8811576
2026-05-12T12:27:16+01:00,11439,8811576,8811576
2026-05-12T12:27:17+01:00,11440,8811576,8811576
2026-05-12T12:27:18+01:00,11440,8811576,8811576
2026-05-12T12:27:19+01:00,11441,8811576,8811576
2026-05-12T12:27:20+01:00,11441,8811576,8811576
2026-05-12T12:27:21+01:00,11442,8811576,8811576
2026-05-12T12:27:23+01:00,11442,8811576,8811576
2026-05-12T12:27:24+01:00,11438,8811576,8811576
2026-05-12T12:27:25+01:00,11439,8811576,8811576
2026-05-12T12:27:26+01:00,11439,8811576,8811576
2026-05-12T12:27:27+01:00,11439,8811576,8811576
2026-05-12T12:27:28+01:00,11440,8811576,8811576
2026-05-12T12:27:29+01:00,11440,8811576,8811576
2026-05-12T12:27:30+01:00,11440,8811576,8811576
2026-05-12T12:27:31+01:00,11441,8811576,8811576
2026-05-12T12:27:32+01:00,11441,8811576,8811576
2026-05-12T12:27:33+01:00,11441,8811576,8811576
2026-05-12T12:27:34+01:00,11442,8811576,8811576
2026-05-12T12:27:35+01:00,11442,8811576,8811576
2026-05-12T12:27:36+01:00,11443,8811576,8811576
2026-05-12T12:27:37+01:00,11443,8811576,8811576
2026-05-12T12:27:38+01:00,11444,8811576,8811576
2026-05-12T12:27:39+01:00,11444,8811576,8811576
2026-05-12T12:27:41+01:00,11441,8811576,8811576
2026-05-12T12:27:42+01:00,11441,8811576,8811576
2026-05-12T12:27:43+01:00,11442,8811576,8811576
2026-05-12T12:27:44+01:00,11443,8811576,8811576
2026-05-12T12:27:45+01:00,11444,8811576,8811576
2026-05-12T12:27:46+01:00,11444,8811576,8811576
2026-05-12T12:27:47+01:00,11445,8811576,8811576
2026-05-12T12:27:48+01:00,11445,8811576,8811576
2026-05-12T12:27:49+01:00,11446,8811576,8811576
2026-05-12T12:27:50+01:00,11446,8811576,8811576
2026-05-12T12:27:52+01:00,11447,8811576,8811576
2026-05-12T12:27:53+01:00,11444,8811576,8811576
2026-05-12T12:27:54+01:00,11444,8811576,8811576
2026-05-12T12:27:55+01:00,11445,8811576,8811576
2026-05-12T12:27:56+01:00,11445,8811576,8811576
2026-05-12T12:27:57+01:00,11447,8811576,8811576
2026-05-12T12:27:58+01:00,11446,8811576,8811576
2026-05-12T12:28:00+01:00,11449,8811576,8811576
2026-05-12T12:28:02+01:00,11448,8811576,8811576
2026-05-12T12:28:03+01:00,11449,8811576,8811576
2026-05-12T12:28:04+01:00,11450,8811576,8811576
2026-05-12T12:28:05+01:00,11451,8811576,8811576
2026-05-12T12:28:06+01:00,11452,8811576,8811576
2026-05-12T12:28:08+01:00,11448,8811576,8811576
2026-05-12T12:28:09+01:00,11448,8811576,8811576
2026-05-12T12:28:10+01:00,11449,8811576,8811576
2026-05-12T12:28:11+01:00,11449,8811576,8811576
2026-05-12T12:28:12+01:00,11449,8811576,8811576
2026-05-12T12:28:13+01:00,11450,8811576,8811576
2026-05-12T12:28:14+01:00,11450,8811576,8811576
2026-05-12T12:28:15+01:00,11450,8811576,8811576
2026-05-12T12:28:16+01:00,11451,8811576,8811576
2026-05-12T12:28:17+01:00,11452,8811576,8811576
2026-05-12T12:28:18+01:00,11452,8811576,8811576
2026-05-12T12:28:19+01:00,11453,8811576,8811576
2026-05-12T12:28:20+01:00,11454,8811576,8811576
2026-05-12T12:28:22+01:00,11451,8811576,8811576
2026-05-12T12:28:23+01:00,11451,8811576,8811576
2026-05-12T12:28:24+01:00,11453,8811576,8811576
2026-05-12T12:28:25+01:00,11455,8811576,8811576
2026-05-12T12:28:27+01:00,11453,8811576,8811576
2026-05-12T12:28:28+01:00,11455,8811576,8811576
2026-05-12T12:28:29+01:00,11455,8811576,8811576
2026-05-12T12:28:30+01:00,11456,8811576,8811576
2026-05-12T12:28:31+01:00,11457,8811576,8811576
2026-05-12T12:28:32+01:00,11457,8811576,8811576
2026-05-12T12:28:33+01:00,11458,8811576,8811576
2026-05-12T12:28:35+01:00,11455,8811576,8811576
2026-05-12T12:28:36+01:00,11455,8811576,8811576
2026-05-12T12:28:37+01:00,11455,8811576,8811576
2026-05-12T12:28:38+01:00,11456,8811576,8811576
2026-05-12T12:28:39+01:00,11457,8811576,8811576
2026-05-12T12:28:40+01:00,11458,8811576,8811576
2026-05-12T12:28:41+01:00,11459,8811576,8811576
2026-05-12T12:28:42+01:00,11457,8811576,8811576
2026-05-12T12:28:44+01:00,11459,8811576,8811576
2026-05-12T12:28:45+01:00,11460,8811576,8811736
2026-05-12T12:28:46+01:00,11458,8811736,8811736
2026-05-12T12:28:48+01:00,11460,8811736,8811736
2026-05-12T12:28:49+01:00,11460,8811736,8811736
2026-05-12T12:28:50+01:00,11460,8811736,8811736
2026-05-12T12:28:51+01:00,11460,8811736,8811736
2026-05-12T12:28:52+01:00,11461,8811736,8811736
2026-05-12T12:28:53+01:00,11461,8811736,8811736
2026-05-12T12:28:54+01:00,11462,8811736,8811736
2026-05-12T12:28:55+01:00,11463,8811736,8811736
2026-05-12T12:28:56+01:00,11463,8811736,8811736
2026-05-12T12:28:58+01:00,11463,8811736,8811736
2026-05-12T12:28:59+01:00,11460,8811736,8811736
2026-05-12T12:29:00+01:00,11461,8811736,8811736
2026-05-12T12:29:01+01:00,11461,8811736,8811736
2026-05-12T12:29:02+01:00,11461,8811736,8811736
2026-05-12T12:29:03+01:00,11462,8811736,8811736
2026-05-12T12:29:04+01:00,11463,8811736,8811736
2026-05-12T12:29:05+01:00,11463,8811736,8811736
2026-05-12T12:29:06+01:00,11464,8811736,8811736
2026-05-12T12:29:07+01:00,11464,8811736,8811736
2026-05-12T12:29:08+01:00,11465,8811736,8811736
2026-05-12T12:29:10+01:00,11463,8811736,8811736
2026-05-12T12:29:11+01:00,11465,8811736,8811736
2026-05-12T12:29:12+01:00,11465,8811736,8811736
2026-05-12T12:29:13+01:00,11466,8811736,8811736
2026-05-12T12:29:14+01:00,11466,8811736,8811736
2026-05-12T12:29:15+01:00,11467,8811736,8811736
2026-05-12T12:29:17+01:00,11464,8811736,8811736
2026-05-12T12:29:18+01:00,11465,8811736,8811736
2026-05-12T12:29:19+01:00,11465,8811736,8811736
2026-05-12T12:29:20+01:00,11466,8811736,8811736
2026-05-12T12:29:21+01:00,11466,8811736,8811736
2026-05-12T12:29:22+01:00,11467,8811736,8811736
2026-05-12T12:29:23+01:00,11467,8811736,8811736
2026-05-12T12:29:24+01:00,11468,8811736,8811736
2026-05-12T12:29:25+01:00,11468,8811736,8811736
2026-05-12T12:29:26+01:00,11468,8811736,8811736
2026-05-12T12:29:27+01:00,11470,8811736,8811736
2026-05-12T12:29:29+01:00,11469,8811736,8811736
2026-05-12T12:29:30+01:00,11470,8811736,8811736
2026-05-12T12:29:32+01:00,11468,8811736,8811736
2026-05-12T12:29:33+01:00,11471,8811736,8811736
2026-05-12T12:29:34+01:00,11469,8811736,8811736
2026-05-12T12:29:36+01:00,11472,8811736,8811736
2026-05-12T12:29:38+01:00,11473,8811736,8811736
2026-05-12T12:29:39+01:00,11470,8811736,8811736
2026-05-12T12:29:40+01:00,11471,8811736,8811736
2026-05-12T12:29:41+01:00,11472,8811736,8811736
2026-05-12T12:29:42+01:00,11472,8811736,8811736
2026-05-12T12:29:43+01:00,11474,8811736,8811736
2026-05-12T12:29:45+01:00,11472,8811736,8811736
2026-05-12T12:29:46+01:00,11475,8811904,8811904
2026-05-12T12:29:48+01:00,11473,8811904,8811904
2026-05-12T12:29:49+01:00,11473,8811904,8811904
2026-05-12T12:29:50+01:00,11474,8811904,8811904
2026-05-12T12:29:51+01:00,11475,8811904,8811904
2026-05-12T12:29:52+01:00,11476,8811904,8811904
2026-05-12T12:29:53+01:00,11476,8811904,8811904
2026-05-12T12:29:54+01:00,11478,8811904,8811904
2026-05-12T12:29:56+01:00,11477,8811904,8811904
2026-05-12T12:29:57+01:00,11478,8811904,8811904
2026-05-12T12:29:58+01:00,11479,8811904,8811904
2026-05-12T12:29:59+01:00,11479,8811904,8811904
2026-05-12T12:30:00+01:00,11480,8811904,8811904
2026-05-12T12:30:02+01:00,11476,8811904,8811904
2026-05-12T12:30:03+01:00,11477,8811904,8811904
2026-05-12T12:30:04+01:00,11477,8811904,8811904
2026-05-12T12:30:05+01:00,11477,8811904,8811904
2026-05-12T12:30:06+01:00,11478,8811904,8811904
2026-05-12T12:30:07+01:00,11478,8811904,8811904
2026-05-12T12:30:08+01:00,11479,8811904,8811904
2026-05-12T12:30:09+01:00,11480,8811904,8811904
2026-05-12T12:30:10+01:00,11481,8811904,8811904
2026-05-12T12:30:12+01:00,11479,8811904,8811904
2026-05-12T12:30:13+01:00,11479,8811904,8811904
2026-05-12T12:30:14+01:00,11480,8811904,8811904
2026-05-12T12:30:15+01:00,11480,8811904,8811904
2026-05-12T12:30:16+01:00,11480,8811904,8811904
2026-05-12T12:30:17+01:00,11480,8811904,8811904
2026-05-12T12:30:18+01:00,11480,8811904,8811904
2026-05-12T12:30:19+01:00,11481,8811904,8811904
2026-05-12T12:30:20+01:00,11481,8811904,8811904
2026-05-12T12:30:21+01:00,11481,8811904,8811904
2026-05-12T12:30:22+01:00,11483,8811904,8811904
2026-05-12T12:30:24+01:00,11482,8811904,8811904
2026-05-12T12:30:25+01:00,11482,8811904,8811904
2026-05-12T12:30:26+01:00,11483,8811904,8811904
2026-05-12T12:30:27+01:00,11485,8811904,8811904
2026-05-12T12:30:29+01:00,11481,8811904,8811904
2026-05-12T12:30:30+01:00,11482,8811904,8811904
2026-05-12T12:30:31+01:00,11483,8811904,8811904
2026-05-12T12:30:32+01:00,11483,8811904,8811904
2026-05-12T12:30:33+01:00,11484,8811904,8811904
2026-05-12T12:30:34+01:00,11484,8811904,8811904
2026-05-12T12:30:35+01:00,11484,8811904,8811904
2026-05-12T12:30:36+01:00,11485,8811904,8811904
2026-05-12T12:30:37+01:00,11485,8811904,8811904
2026-05-12T12:30:38+01:00,11486,8811904,8811904
2026-05-12T12:30:39+01:00,11488,8811904,8811904
2026-05-12T12:30:41+01:00,11486,8811904,8811904
2026-05-12T12:30:42+01:00,11489,8811904,8811904
2026-05-12T12:30:44+01:00,11487,8811904,8811904
2026-05-12T12:30:45+01:00,11489,8811904,8811904
2026-05-12T12:30:46+01:00,11489,8811904,8811904
2026-05-12T12:30:47+01:00,11489,8811904,8811904
2026-05-12T12:30:48+01:00,11490,8811904,8811904
2026-05-12T12:30:49+01:00,11490,8811904,8811904
2026-05-12T12:30:51+01:00,11491,8811904,8811904
2026-05-12T12:30:52+01:00,11488,8811904,8811904
2026-05-12T12:30:53+01:00,11488,8811904,8811904
2026-05-12T12:30:54+01:00,11489,8811904,8811904
2026-05-12T12:30:55+01:00,11489,8811904,8811904
2026-05-12T12:30:56+01:00,11490,8811904,8811904
2026-05-12T12:30:57+01:00,11491,8811904,8811904
2026-05-12T12:30:58+01:00,11491,8811904,8811904
2026-05-12T12:30:59+01:00,11490,8811904,8811904
2026-05-12T12:31:01+01:00,11491,8811904,8811904
2026-05-12T12:31:02+01:00,11491,8811904,8811904
2026-05-12T12:31:03+01:00,11492,8811904,8811904
2026-05-12T12:31:04+01:00,11492,8811904,8811904
2026-05-12T12:31:05+01:00,11493,8811904,8811904
2026-05-12T12:31:06+01:00,11493,8811904,8811904
2026-05-12T12:31:07+01:00,11494,8811904,8811904
2026-05-12T12:31:08+01:00,11494,8811904,8811904
2026-05-12T12:31:09+01:00,11494,8811904,8811904
2026-05-12T12:31:10+01:00,11495,8811904,8811904
2026-05-12T12:31:11+01:00,11495,8811904,8811904
2026-05-12T12:31:12+01:00,11496,8811904,8811904
2026-05-12T12:31:14+01:00,11493,8811904,8811904
2026-05-12T12:31:15+01:00,11493,8811904,8811904
2026-05-12T12:31:16+01:00,11494,8811904,8811904
2026-05-12T12:31:17+01:00,11494,8811904,8811904
2026-05-12T12:31:18+01:00,11494,8811904,8811904
2026-05-12T12:31:19+01:00,11495,8811904,8811904
2026-05-12T12:31:20+01:00,11495,8811904,8811904
2026-05-12T12:31:21+01:00,11495,8811904,8811904
2026-05-12T12:31:22+01:00,11496,8811904,8811904
2026-05-12T12:31:23+01:00,11496,8811904,8811904
2026-05-12T12:31:24+01:00,11497,8811904,8811904
2026-05-12T12:31:25+01:00,11497,8811904,8811904
2026-05-12T12:31:26+01:00,11497,8811904,8811904
2026-05-12T12:31:27+01:00,11497,8811904,8811904
2026-05-12T12:31:28+01:00,11498,8811904,8811904
2026-05-12T12:31:30+01:00,11498,8811904,8811904
2026-05-12T12:31:31+01:00,11496,8811904,8811904
2026-05-12T12:31:32+01:00,11496,8811904,8811904
2026-05-12T12:31:33+01:00,11496,8811904,8811904
2026-05-12T12:31:34+01:00,11497,8811904,8811904
2026-05-12T12:31:35+01:00,11497,8811904,8811904
2026-05-12T12:31:36+01:00,11497,8811904,8811904
2026-05-12T12:31:37+01:00,11497,8811904,8811904
2026-05-12T12:31:38+01:00,11499,8811904,8811904
2026-05-12T12:31:39+01:00,11496,8811904,8811904
2026-05-12T12:31:41+01:00,11499,8811904,8811904
2026-05-12T12:31:43+01:00,11498,8811904,8811904
2026-05-12T12:31:44+01:00,11500,8811904,8811904
2026-05-12T12:31:46+01:00,11499,8811904,8811904
2026-05-12T12:31:47+01:00,11501,8811904,8811904
2026-05-12T12:31:48+01:00,11502,8811904,8811904
2026-05-12T12:31:50+01:00,11500,8811904,8811904
2026-05-12T12:31:51+01:00,11500,8811904,8811904
2026-05-12T12:31:52+01:00,11501,8812068,8812068
2026-05-12T12:31:53+01:00,11501,8812068,8812068
2026-05-12T12:31:54+01:00,11501,8812068,8812068
2026-05-12T12:31:55+01:00,11503,8812068,8812068
2026-05-12T12:31:56+01:00,11503,8812068,8812068
2026-05-12T12:31:57+01:00,11504,8812068,8812068
2026-05-12T12:31:58+01:00,11504,8812068,8812068
2026-05-12T12:32:00+01:00,11502,8812068,8812068
2026-05-12T12:32:01+01:00,11502,8812068,8812068
2026-05-12T12:32:02+01:00,11503,8812068,8812068
2026-05-12T12:32:03+01:00,11504,8812068,8812068
2026-05-12T12:32:04+01:00,11504,8812068,8812068
2026-05-12T12:32:05+01:00,11505,8812068,8812068
2026-05-12T12:32:06+01:00,11505,8812068,8812068
2026-05-12T12:32:07+01:00,11505,8812068,8812068
2026-05-12T12:32:08+01:00,11506,8812068,8812068
2026-05-12T12:32:09+01:00,11506,8812068,8812068
2026-05-12T12:32:11+01:00,11504,8812068,8812068
2026-05-12T12:32:12+01:00,11506,8773440,8812232
2026-05-12T12:32:13+01:00,11507,8773440,8812232
2026-05-12T12:32:15+01:00,11505,8773440,8812232
2026-05-12T12:32:16+01:00,11504,8773440,8812232
2026-05-12T12:32:17+01:00,11504,8773440,8812232
2026-05-12T12:32:18+01:00,11505,8773440,8812232
2026-05-12T12:32:19+01:00,11505,8773440,8812232
2026-05-12T12:32:20+01:00,11505,8773440,8812232
2026-05-12T12:32:21+01:00,11505,8773440,8812232
2026-05-12T12:32:22+01:00,11507,8773440,8812232
2026-05-12T12:32:23+01:00,11505,8773440,8812232
2026-05-12T12:32:25+01:00,11505,8773440,8812232
2026-05-12T12:32:26+01:00,11506,8773440,8812232
2026-05-12T12:32:27+01:00,11507,8773440,8812232
2026-05-12T12:32:28+01:00,11507,8773440,8812232
2026-05-12T12:32:29+01:00,11508,8773440,8812232
2026-05-12T12:32:30+01:00,11508,8773440,8812232
2026-05-12T12:32:31+01:00,11508,8773440,8812232
2026-05-12T12:32:32+01:00,11509,8773440,8812232
2026-05-12T12:32:33+01:00,11509,8773440,8812232
2026-05-12T12:32:34+01:00,11510,8773440,8812232
2026-05-12T12:32:36+01:00,11509,8773440,8812232
2026-05-12T12:32:37+01:00,11510,8773440,8812232
2026-05-12T12:32:38+01:00,11511,8773440,8812232
2026-05-12T12:32:39+01:00,11511,8773440,8812232
2026-05-12T12:32:41+01:00,11509,8773440,8812232
2026-05-12T12:32:42+01:00,11509,8773440,8812232
2026-05-12T12:32:43+01:00,11509,8773440,8812232
2026-05-12T12:32:44+01:00,11510,8773440,8812232
2026-05-12T12:32:45+01:00,11510,8773440,8812232
2026-05-12T12:32:46+01:00,11511,8773440,8812232
2026-05-12T12:32:47+01:00,11511,8773440,8812232
2026-05-12T12:32:48+01:00,11512,8773440,8812232
2026-05-12T12:32:49+01:00,11513,8773440,8812232
2026-05-12T12:32:50+01:00,11514,8773440,8812232
2026-05-12T12:32:52+01:00,11511,8773440,8812232
2026-05-12T12:32:53+01:00,11511,8773440,8812232
2026-05-12T12:32:54+01:00,11512,8773440,8812232
2026-05-12T12:32:55+01:00,11513,8773440,8812232
2026-05-12T12:32:56+01:00,11514,8773440,8812232
2026-05-12T12:32:57+01:00,11515,8773440,8812232
2026-05-12T12:32:58+01:00,11515,8773440,8812232
2026-05-12T12:32:59+01:00,11516,8773440,8812232
2026-05-12T12:33:01+01:00,11517,8773440,8812232
2026-05-12T12:33:02+01:00,11514,8773440,8812232
2026-05-12T12:33:03+01:00,11514,8773440,8812232
2026-05-12T12:33:04+01:00,11514,8773440,8812232
2026-05-12T12:33:05+01:00,11515,8773440,8812232
2026-05-12T12:33:06+01:00,11515,8773440,8812232
2026-05-12T12:33:07+01:00,11516,8773440,8812232
2026-05-12T12:33:08+01:00,11516,8773440,8812232
2026-05-12T12:33:09+01:00,11517,8773440,8812232
2026-05-12T12:33:10+01:00,11517,8773440,8812232
2026-05-12T12:33:11+01:00,11517,8773440,8812232
2026-05-12T12:33:12+01:00,11517,8773440,8812232
2026-05-12T12:33:13+01:00,11517,8773440,8812232
2026-05-12T12:33:14+01:00,11518,8773440,8812232
2026-05-12T12:33:15+01:00,11518,8773440,8812232
2026-05-12T12:33:17+01:00,11518,8773440,8812232
2026-05-12T12:33:18+01:00,11515,8773440,8812232
2026-05-12T12:33:19+01:00,11515,8773440,8812232
2026-05-12T12:33:20+01:00,11515,8773440,8812232
2026-05-12T12:33:21+01:00,11516,8773440,8812232
2026-05-12T12:33:22+01:00,11516,8773440,8812232
2026-05-12T12:33:23+01:00,11516,8773440,8812232
2026-05-12T12:33:24+01:00,11517,8773440,8812232
2026-05-12T12:33:25+01:00,11517,8773440,8812232
2026-05-12T12:33:26+01:00,11517,8773440,8812232
2026-05-12T12:33:27+01:00,11517,8773440,8812232
2026-05-12T12:33:28+01:00,11518,8773440,8812232
2026-05-12T12:33:29+01:00,11518,8773440,8812232
2026-05-12T12:33:30+01:00,11518,8773440,8812232
2026-05-12T12:33:31+01:00,11520,8773440,8812232
2026-05-12T12:33:33+01:00,11517,8773440,8812232
2026-05-12T12:33:34+01:00,11517,8773440,8812232
2026-05-12T12:33:35+01:00,11518,8773440,8812232
2026-05-12T12:33:36+01:00,11518,8773440,8812232
2026-05-12T12:33:37+01:00,11519,8773440,8812232
2026-05-12T12:33:38+01:00,11521,8773440,8812232
2026-05-12T12:33:40+01:00,11521,8773440,8812232
2026-05-12T12:33:41+01:00,11518,8773440,8812232
2026-05-12T12:33:42+01:00,11519,8773440,8812232
2026-05-12T12:33:43+01:00,11519,8773440,8812232
2026-05-12T12:33:44+01:00,11520,8773440,8812232
2026-05-12T12:33:45+01:00,11521,8773440,8812232
2026-05-12T12:33:46+01:00,11522,8773440,8812232
2026-05-12T12:33:47+01:00,11522,8773440,8812232
2026-05-12T12:33:48+01:00,11523,8773440,8812232
2026-05-12T12:33:49+01:00,11523,8773440,8812232
2026-05-12T12:33:50+01:00,11524,8773440,8812232
2026-05-12T12:33:52+01:00,11521,8773440,8812232
2026-05-12T12:33:53+01:00,11522,8773452,8812232
2026-05-12T12:33:54+01:00,11522,8773452,8812232
2026-05-12T12:33:55+01:00,11523,8773452,8812232
2026-05-12T12:33:56+01:00,11524,8773452,8812232
2026-05-12T12:33:58+01:00,11523,8773452,8812232
2026-05-12T12:33:59+01:00,11525,8773616,8812440
2026-05-12T12:34:00+01:00,11523,8754448,8812440
2026-05-12T12:34:02+01:00,11524,8754448,8812440
2026-05-12T12:34:03+01:00,11524,8754448,8812440
2026-05-12T12:34:04+01:00,11524,8754448,8812440
2026-05-12T12:34:05+01:00,11525,8754448,8812440
2026-05-12T12:34:06+01:00,11525,8754448,8812440
2026-05-12T12:34:07+01:00,11526,8754448,8812440
2026-05-12T12:34:08+01:00,11526,8754448,8812440
2026-05-12T12:34:09+01:00,11527,8754448,8812440
2026-05-12T12:34:11+01:00,11525,8754448,8812440
2026-05-12T12:34:12+01:00,11528,8754448,8812440
2026-05-12T12:34:14+01:00,11526,8754448,8812440
2026-05-12T12:34:15+01:00,11528,8754448,8812440
2026-05-12T12:34:16+01:00,11528,8754448,8812440
2026-05-12T12:34:17+01:00,11528,8754448,8812440
2026-05-12T12:34:18+01:00,11528,8754448,8812440
2026-05-12T12:34:19+01:00,11528,8754448,8812440
2026-05-12T12:34:20+01:00,11529,8754448,8812440
2026-05-12T12:34:21+01:00,11529,8754448,8812440
2026-05-12T12:34:22+01:00,11530,8754448,8812440
2026-05-12T12:34:24+01:00,11527,8754448,8812440
2026-05-12T12:34:25+01:00,11528,8754448,8812440
2026-05-12T12:34:26+01:00,11530,8754448,8812440
2026-05-12T12:34:28+01:00,11529,8754448,8812440
2026-05-12T12:34:29+01:00,11530,8754448,8812440
2026-05-12T12:34:30+01:00,11529,8754448,8812440
2026-05-12T12:34:31+01:00,11529,8754448,8812440
2026-05-12T12:34:32+01:00,11529,8754448,8812440
2026-05-12T12:34:33+01:00,11529,8754448,8812440
2026-05-12T12:34:34+01:00,11529,8754448,8812440
2026-05-12T12:34:35+01:00,11529,8754448,8812440
2026-05-12T12:34:36+01:00,11530,8754448,8812440
2026-05-12T12:34:37+01:00,11530,8754448,8812440
2026-05-12T12:34:38+01:00,11531,8754448,8812440
2026-05-12T12:34:40+01:00,11531,8754448,8812440
2026-05-12T12:34:41+01:00,11529,8754448,8812440
2026-05-12T12:34:42+01:00,11531,8754448,8812440
2026-05-12T12:34:43+01:00,11531,8754448,8812440
2026-05-12T12:34:44+01:00,11532,8754448,8812440
2026-05-12T12:34:45+01:00,11532,8754448,8812440
2026-05-12T12:34:46+01:00,11530,8754448,8812440
2026-05-12T12:34:48+01:00,11530,8754448,8812440
2026-05-12T12:34:49+01:00,11531,8754448,8812440
2026-05-12T12:34:50+01:00,11532,8754448,8812440
2026-05-12T12:34:51+01:00,11534,8761488,8812440
2026-05-12T12:34:53+01:00,11532,8761488,8812440
2026-05-12T12:34:54+01:00,11533,8761488,8812440
2026-05-12T12:34:55+01:00,11534,8761488,8812440
2026-05-12T12:34:56+01:00,11534,8761488,8812440
2026-05-12T12:34:57+01:00,11535,8761488,8812440
2026-05-12T12:34:59+01:00,11534,8761488,8812440
2026-05-12T12:35:00+01:00,11533,8761488,8812440
2026-05-12T12:35:02+01:00,11534,8761488,8812440
2026-05-12T12:35:03+01:00,11537,8761488,8812440
2026-05-12T12:35:05+01:00,11536,8761488,8812440
2026-05-12T12:35:06+01:00,11538,8761488,8812440
2026-05-12T12:35:08+01:00,11537,8761488,8812440
2026-05-12T12:35:09+01:00,11538,8761488,8812440
2026-05-12T12:35:11+01:00,11536,8761488,8812440
2026-05-12T12:35:12+01:00,11537,8761488,8812440
2026-05-12T12:35:13+01:00,11537,8761488,8812440
2026-05-12T12:35:14+01:00,11538,8761488,8812440
2026-05-12T12:35:15+01:00,11538,8761488,8812440
2026-05-12T12:35:16+01:00,11538,8761488,8812440
2026-05-12T12:35:17+01:00,11539,8761488,8812440
2026-05-12T12:35:18+01:00,11539,8761488,8812440
2026-05-12T12:35:19+01:00,11540,8761488,8812440
2026-05-12T12:35:20+01:00,11541,8761488,8812440
2026-05-12T12:35:21+01:00,11541,8761488,8812440
2026-05-12T12:35:22+01:00,11541,8761488,8812440
2026-05-12T12:35:23+01:00,11541,8761488,8812440
2026-05-12T12:35:25+01:00,11538,8761488,8812440
2026-05-12T12:35:26+01:00,11538,8761488,8812440
2026-05-12T12:35:27+01:00,11539,8761488,8812440
2026-05-12T12:35:28+01:00,11539,8761488,8812440
2026-05-12T12:35:29+01:00,11540,8761488,8812440
2026-05-12T12:35:30+01:00,11540,8761488,8812440
2026-05-12T12:35:31+01:00,11541,8761488,8812440
2026-05-12T12:35:32+01:00,11541,8761488,8812440
2026-05-12T12:35:33+01:00,11542,8761488,8812440
2026-05-12T12:35:34+01:00,11543,8761488,8812440
2026-05-12T12:35:35+01:00,11543,8761488,8812440
2026-05-12T12:35:37+01:00,11541,8761488,8812440
2026-05-12T12:35:38+01:00,11541,8761488,8812440
2026-05-12T12:35:39+01:00,11541,8761488,8812440
2026-05-12T12:35:40+01:00,11542,8761488,8812440
2026-05-12T12:35:41+01:00,11542,8761488,8812440
2026-05-12T12:35:42+01:00,11542,8761488,8812440
2026-05-12T12:35:43+01:00,11543,8761488,8812440
2026-05-12T12:35:44+01:00,11543,8761488,8812440
2026-05-12T12:35:45+01:00,11543,8761488,8812440
2026-05-12T12:35:46+01:00,11544,8761488,8812440
2026-05-12T12:35:47+01:00,11544,8761668,8812440
2026-05-12T12:35:48+01:00,11544,8761668,8812440
2026-05-12T12:35:49+01:00,11544,8761668,8812440
2026-05-12T12:35:50+01:00,11545,8761668,8812440
2026-05-12T12:35:51+01:00,11545,8761668,8812440
2026-05-12T12:35:52+01:00,11545,8761668,8812440
2026-05-12T12:35:54+01:00,11545,8761668,8812440
2026-05-12T12:35:55+01:00,11543,8761668,8812440
