timestamp,role,cpu_user_jiffies,cpu_nice_jiffies,cpu_system_jiffies,cpu_idle_jiffies,cpu_iowait_jiffies,cpu_irq_jiffies,cpu_softirq_jiffies,cpu_steal_jiffies,mem_total_kb,mem_available_kb,mem_used_kb,mem_free_kb,swap_total_kb,swap_free_kb
2026-05-13T15:03:22+01:00,server,76392859,4064,2496645,1543894249,2544,0,70548,0,32911424,29990592,2920832,25023552,16252864,16252864
2026-05-13T15:03:23+01:00,server,76393647,4064,2496668,1543898347,2546,0,70548,0,32911424,29954816,2956608,24976640,16252864,16252864
2026-05-13T15:03:24+01:00,server,76394870,4064,2496681,1543902019,2546,0,70549,0,32911424,29951424,2960000,24973248,16252864,16252864
2026-05-13T15:03:25+01:00,server,76396096,4064,2496690,1543905689,2546,0,70550,0,32911424,29949504,2961920,24971264,16252864,16252864
2026-05-13T15:03:26+01:00,server,76397324,4064,2496701,1543909360,2546,0,70550,0,32911424,29949312,2962112,24971072,16252864,16252864
2026-05-13T15:03:27+01:00,server,76398550,4064,2496712,1543913031,2546,0,70550,0,32911424,29949440,2961984,24971200,16252864,16252864
2026-05-13T15:03:28+01:00,server,76399771,4064,2496725,1543916702,2546,0,70550,0,32911424,29949504,2961920,24971200,16252864,16252864
2026-05-13T15:03:29+01:00,server,76400999,4064,2496735,1543920372,2546,0,70550,0,32911424,29950464,2960960,24972160,16252864,16252864
2026-05-13T15:03:30+01:00,server,76402238,4064,2496746,1543924042,2546,0,70550,0,32911424,29950784,2960640,24972480,16252864,16252864
2026-05-13T15:03:31+01:00,server,76403455,4064,2496755,1543927715,2546,0,70551,0,32911424,29951552,2959872,24973248,16252864,16252864
2026-05-13T15:03:32+01:00,server,76404648,4064,2496767,1543931410,2546,0,70553,0,32911424,29949440,2961984,24971136,16252864,16252864
2026-05-13T15:03:33+01:00,server,76405902,4064,2496784,1543935049,2546,0,70553,0,32911424,29937408,2974016,24958848,16252864,16252864
2026-05-13T15:03:34+01:00,server,76407128,4064,2496788,1543938725,2546,0,70553,0,32911424,29934528,2976896,24955968,16252864,16252864
2026-05-13T15:03:35+01:00,server,76408345,4064,2496793,1543942401,2546,0,70553,0,32911424,29940480,2970944,24961856,16252864,16252864
2026-05-13T15:03:36+01:00,server,76409569,4064,2496804,1543946074,2546,0,70553,0,32911424,29938752,2972672,24960128,16252864,16252864
2026-05-13T15:03:37+01:00,server,76410789,4064,2496815,1543949744,2546,0,70553,0,32911424,29939968,2971456,24961344,16252864,16252864
2026-05-13T15:03:38+01:00,server,76412004,4064,2496827,1543953415,2546,0,70553,0,32911424,29940480,2970944,24961856,16252864,16252864
2026-05-13T15:03:39+01:00,server,76413241,4064,2496838,1543957089,2546,0,70554,0,32911424,29940992,2970432,24962368,16252864,16252864
2026-05-13T15:03:40+01:00,server,76414467,4064,2496851,1543960762,2546,0,70555,0,32911424,29938880,2972544,24960064,16252864,16252864
2026-05-13T15:03:41+01:00,server,76415692,4064,2496864,1543964435,2546,0,70555,0,32911424,29939520,2971904,24960704,16252864,16252864
2026-05-13T15:03:42+01:00,server,76416934,4064,2496873,1543968109,2546,0,70555,0,32911424,29942400,2969024,24963584,16252864,16252864
2026-05-13T15:03:43+01:00,server,76418160,4064,2496886,1543971782,2546,0,70555,0,32911424,29940672,2970752,24961856,16252864,16252864
2026-05-13T15:03:44+01:00,server,76419387,4064,2496898,1543975456,2546,0,70556,0,32911424,29939520,2971904,24960704,16252864,16252864
2026-05-13T15:03:45+01:00,server,76420614,4064,2496908,1543979129,2546,0,70556,0,32911424,29941056,2970368,24962240,16252864,16252864
2026-05-13T15:03:46+01:00,server,76421842,4064,2496919,1543982801,2546,0,70556,0,32911424,29939008,2972416,24960128,16252864,16252864
2026-05-13T15:03:47+01:00,server,76423073,4064,2496931,1543986482,2546,0,70556,0,32911424,29936832,2974592,24957952,16252864,16252864
2026-05-13T15:03:48+01:00,server,76424315,4064,2496949,1543990130,2546,0,70556,0,32911424,29934400,2977024,24955392,16252864,16252864
2026-05-13T15:03:49+01:00,server,76425540,4064,2496960,1543993804,2546,0,70556,0,32911424,29935040,2976384,24956032,16252864,16252864
2026-05-13T15:03:50+01:00,server,76426755,4064,2496970,1543997477,2546,0,70558,0,32911424,29935168,2976256,24956160,16252864,16252864
2026-05-13T15:03:51+01:00,server,76427982,4064,2496979,1544001151,2546,0,70559,0,32911424,29935040,2976384,24956032,16252864,16252864
2026-05-13T15:03:52+01:00,server,76429226,4064,2496986,1544004824,2546,0,70559,0,32911424,29935232,2976192,24956224,16252864,16252864
2026-05-13T15:03:53+01:00,server,76430441,4064,2497000,1544008496,2546,0,70560,0,32911424,29934464,2976960,24955456,16252864,16252864
2026-05-13T15:03:54+01:00,server,76431678,4064,2497013,1544012170,2546,0,70561,0,32911424,29933696,2977728,24954688,16252864,16252864
2026-05-13T15:03:55+01:00,server,76432885,4064,2497029,1544015842,2546,0,70562,0,32911424,29934656,2976768,24955648,16252864,16252864
2026-05-13T15:03:56+01:00,server,76434111,4064,2497040,1544019515,2546,0,70562,0,32911424,29935232,2976192,24956224,16252864,16252864
2026-05-13T15:03:58+01:00,server,76435349,4064,2497051,1544023189,2546,0,70562,0,32911424,29934464,2976960,24955456,16252864,16252864
2026-05-13T15:03:59+01:00,server,76436575,4064,2497064,1544026863,2546,0,70562,0,32911424,29933504,2977920,24954496,16252864,16252864
2026-05-13T15:04:00+01:00,server,76437801,4064,2497074,1544030538,2546,0,70562,0,32911424,29933312,2978112,24954304,16252864,16252864
2026-05-13T15:04:01+01:00,server,76439025,4064,2497079,1544034220,2546,0,70562,0,32911424,29932928,2978496,24953920,16252864,16252864
2026-05-13T15:04:02+01:00,server,76440260,4064,2497093,1544037895,2546,0,70562,0,32911424,29931200,2980224,24952192,16252864,16252864
2026-05-13T15:04:03+01:00,server,76441538,4064,2497112,1544041539,2546,0,70562,0,32911424,29931968,2979456,24952768,16252864,16252864
2026-05-13T15:04:04+01:00,server,76442777,4064,2497125,1544045219,2546,0,70562,0,32911424,29930624,2980800,24951424,16252864,16252864
2026-05-13T15:04:05+01:00,server,76443993,4064,2497137,1544048892,2546,0,70562,0,32911424,29932736,2978688,24953536,16252864,16252864
2026-05-13T15:04:06+01:00,server,76445229,4064,2497149,1544052569,2546,0,70563,0,32911424,29931712,2979712,24952512,16252864,16252864
2026-05-13T15:04:07+01:00,server,76446455,4064,2497158,1544056243,2546,0,70563,0,32911424,29932416,2979008,24953216,16252864,16252864
2026-05-13T15:04:08+01:00,server,76447686,4064,2497168,1544059918,2546,0,70563,0,32911424,29931456,2979968,24952256,16252864,16252864
2026-05-13T15:04:09+01:00,server,76448914,4064,2497179,1544063591,2546,0,70564,0,32911424,29933184,2978240,24953984,16252864,16252864
2026-05-13T15:04:10+01:00,server,76450125,4064,2497195,1544067264,2546,0,70565,0,32911424,29932608,2978816,24953408,16252864,16252864
2026-05-13T15:04:11+01:00,server,76451361,4064,2497208,1544070938,2546,0,70566,0,32911424,29930688,2980736,24951488,16252864,16252864
2026-05-13T15:04:12+01:00,server,76452589,4064,2497217,1544074612,2546,0,70567,0,32911424,29931136,2980288,24951936,16252864,16252864
2026-05-13T15:04:13+01:00,server,76453803,4064,2497223,1544078316,2546,0,70567,0,32911424,29921152,2990272,24941952,16252864,16252864
2026-05-13T15:04:14+01:00,server,76455023,4064,2497227,1544081995,2546,0,70568,0,32911424,29926336,2985088,24947136,16252864,16252864
2026-05-13T15:04:15+01:00,server,76456238,4064,2497236,1544085666,2546,0,70568,0,32911424,29925760,2985664,24946560,16252864,16252864
2026-05-13T15:04:16+01:00,server,76457475,4064,2497247,1544089338,2546,0,70569,0,32911424,29925120,2986304,24945920,16252864,16252864
2026-05-13T15:04:17+01:00,server,76458700,4064,2497257,1544093010,2546,0,70569,0,32911424,29925696,2985728,24946496,16252864,16252864
2026-05-13T15:04:18+01:00,server,76459949,4064,2497279,1544096659,2546,0,70570,0,32911424,29926080,2985344,24946816,16252864,16252864
2026-05-13T15:04:19+01:00,server,76461174,4064,2497290,1544100333,2546,0,70572,0,32911424,29923328,2988096,24943936,16252864,16252864
2026-05-13T15:04:20+01:00,server,76462402,4064,2497298,1544104010,2546,0,70573,0,32911424,29928640,2982784,24949248,16252864,16252864
2026-05-13T15:04:21+01:00,server,76463641,4064,2497309,1544107688,2546,0,70574,0,32911424,29923136,2988288,24943744,16252864,16252864
2026-05-13T15:04:22+01:00,server,76464866,4064,2497321,1544111366,2546,0,70574,0,32911424,29924416,2987008,24945024,16252864,16252864
2026-05-13T15:04:23+01:00,server,76466107,4064,2497332,1544115042,2546,0,70574,0,32911424,29924032,2987392,24944640,16252864,16252864
2026-05-13T15:04:24+01:00,server,76467330,4064,2497349,1544118718,2547,0,70575,0,32911424,29925440,2985984,24946048,16252864,16252864
2026-05-13T15:04:25+01:00,server,76468559,4064,2497361,1544122398,2547,0,70575,0,32911424,29924352,2987072,24944960,16252864,16252864
2026-05-13T15:04:26+01:00,server,76469774,4064,2497367,1544126084,2547,0,70575,0,32911424,29923008,2988416,24943616,16252864,16252864
2026-05-13T15:04:27+01:00,server,76471001,4064,2497374,1544129766,2547,0,70575,0,32911424,29924864,2986560,24945344,16252864,16252864
2026-05-13T15:04:28+01:00,server,76472207,4064,2497384,1544133443,2547,0,70576,0,32911424,29925440,2985984,24945920,16252864,16252864
2026-05-13T15:04:29+01:00,server,76473444,4064,2497397,1544137118,2547,0,70577,0,32911424,29923712,2987712,24944192,16252864,16252864
2026-05-13T15:04:30+01:00,server,76474670,4064,2497409,1544140789,2547,0,70577,0,32911424,29923328,2988096,24943808,16252864,16252864
2026-05-13T15:04:31+01:00,server,76475907,4064,2497423,1544144463,2547,0,70577,0,32911424,29923008,2988416,24943488,16252864,16252864
2026-05-13T15:04:32+01:00,server,76477134,4064,2497429,1544148136,2547,0,70579,0,32911424,29922624,2988800,24943040,16252864,16252864
2026-05-13T15:04:33+01:00,server,76478412,4064,2497456,1544151786,2547,0,70580,0,32911424,29920576,2990848,24940928,16252864,16252864
2026-05-13T15:04:34+01:00,server,76479641,4064,2497466,1544155461,2547,0,70580,0,32911424,29918400,2993024,24938752,16252864,16252864
2026-05-13T15:04:35+01:00,server,76480879,4064,2497479,1544159136,2547,0,70580,0,32911424,29915392,2996032,24935808,16252864,16252864
2026-05-13T15:04:36+01:00,server,76482094,4064,2497492,1544162811,2547,0,70582,0,32911424,29919040,2992384,24939008,16252864,16252864
2026-05-13T15:04:37+01:00,server,76483332,4064,2497502,1544166485,2547,0,70582,0,32911424,29916480,2994944,24936448,16252864,16252864
2026-05-13T15:04:38+01:00,server,76484546,4064,2497512,1544170159,2547,0,70582,0,32911424,29918528,2992896,24938496,16252864,16252864
2026-05-13T15:04:40+01:00,server,76485758,4064,2497523,1544173842,2547,0,70582,0,32911424,29917888,2993536,24937856,16252864,16252864
2026-05-13T15:04:41+01:00,server,76486985,4064,2497534,1544177521,2547,0,70582,0,32911424,29919616,2991808,24939584,16252864,16252864
2026-05-13T15:04:42+01:00,server,76488210,4064,2497547,1544181195,2547,0,70582,0,32911424,29920000,2991424,24939968,16252864,16252864
2026-05-13T15:04:43+01:00,server,76489447,4064,2497564,1544184870,2547,0,70582,0,32911424,29921408,2990016,24941376,16252864,16252864
2026-05-13T15:04:44+01:00,server,76490667,4064,2497574,1544188544,2547,0,70582,0,32911424,29921792,2989632,24941760,16252864,16252864
2026-05-13T15:04:45+01:00,server,76491910,4064,2497585,1544192218,2547,0,70583,0,32911424,29921216,2990208,24941184,16252864,16252864
2026-05-13T15:04:46+01:00,server,76493139,4064,2497593,1544195892,2547,0,70583,0,32911424,29921984,2989440,24941952,16252864,16252864
2026-05-13T15:04:47+01:00,server,76494377,4064,2497604,1544199567,2547,0,70583,0,32911424,29920704,2990720,24940544,16252864,16252864
2026-05-13T15:04:48+01:00,server,76495657,4064,2497619,1544203208,2547,0,70583,0,32911424,29918720,2992704,24938432,16252864,16252864
2026-05-13T15:04:49+01:00,server,76496896,4064,2497630,1544206883,2547,0,70583,0,32911424,29917312,2994112,24936960,16252864,16252864
2026-05-13T15:04:50+01:00,server,76498119,4064,2497644,1544210557,2547,0,70583,0,32911424,29915968,2995456,24935616,16252864,16252864
2026-05-13T15:04:51+01:00,server,76499309,4064,2497657,1544214256,2547,0,70583,0,32911424,29909440,3001984,24929088,16252864,16252864
2026-05-13T15:04:52+01:00,server,76500545,4064,2497666,1544217932,2547,0,70584,0,32911424,29910080,3001344,24929664,16252864,16252864
2026-05-13T15:04:53+01:00,server,76501766,4064,2497669,1544221614,2547,0,70584,0,32911424,29910656,3000768,24930240,16252864,16252864
2026-05-13T15:04:54+01:00,server,76502998,4064,2497680,1544225290,2547,0,70584,0,32911424,29910848,3000576,24930368,16252864,16252864
2026-05-13T15:04:55+01:00,server,76504219,4064,2497693,1544228962,2547,0,70584,0,32911424,29911232,3000192,24930752,16252864,16252864
2026-05-13T15:04:56+01:00,server,76505445,4064,2497707,1544232636,2547,0,70584,0,32911424,29910144,3001280,24929664,16252864,16252864
2026-05-13T15:04:57+01:00,server,76506674,4064,2497718,1544236312,2547,0,70584,0,32911424,29909568,3001856,24929024,16252864,16252864
2026-05-13T15:04:58+01:00,server,76507896,4064,2497734,1544239987,2547,0,70584,0,32911424,29910080,3001344,24929536,16252864,16252864
2026-05-13T15:04:59+01:00,server,76509136,4064,2497748,1544243662,2547,0,70585,0,32911424,29910336,3001088,24929792,16252864,16252864
2026-05-13T15:05:00+01:00,server,76510363,4064,2497760,1544247337,2547,0,70586,0,32911424,29909824,3001600,24929280,16252864,16252864
2026-05-13T15:05:01+01:00,server,76511600,4064,2497770,1544251011,2547,0,70587,0,32911424,29907008,3004416,24926464,16252864,16252864
2026-05-13T15:05:02+01:00,server,76512822,4064,2497781,1544254679,2547,0,70587,0,32911424,29897344,3014080,24913344,16252864,16252864
2026-05-13T15:05:03+01:00,server,76514105,4064,2497810,1544258324,2547,0,70587,0,32911424,29899392,3012032,24915328,16252864,16252864
2026-05-13T15:05:04+01:00,server,76515333,4064,2497819,1544262000,2547,0,70587,0,32911424,29895040,3016384,24910976,16252864,16252864
2026-05-13T15:05:05+01:00,server,76516561,4064,2497830,1544265679,2547,0,70588,0,32911424,29897664,3013760,24913600,16252864,16252864
2026-05-13T15:05:06+01:00,server,76517784,4064,2497835,1544269364,2547,0,70588,0,32911424,29897664,3013760,24913600,16252864,16252864
2026-05-13T15:05:07+01:00,server,76519023,4064,2497847,1544273041,2547,0,70588,0,32911424,29899264,3012160,24915200,16252864,16252864
2026-05-13T15:05:08+01:00,server,76520251,4064,2497856,1544276715,2547,0,70588,0,32911424,29899456,3011968,24915392,16252864,16252864
2026-05-13T15:05:09+01:00,server,76521478,4064,2497871,1544280390,2547,0,70588,0,32911424,29897920,3013504,24913856,16252864,16252864
2026-05-13T15:05:10+01:00,server,76522717,4064,2497883,1544284059,2547,0,70588,0,32911424,29898432,3012992,24914368,16252864,16252864
2026-05-13T15:05:11+01:00,server,76523944,4064,2497895,1544287734,2547,0,70589,0,32911424,29899584,3011840,24915520,16252864,16252864
2026-05-13T15:05:12+01:00,server,76525185,4064,2497904,1544291409,2547,0,70589,0,32911424,29898432,3012992,24914368,16252864,16252864
2026-05-13T15:05:13+01:00,server,76526391,4064,2497913,1544295084,2547,0,70589,0,32911424,29899200,3012224,24915136,16252864,16252864
2026-05-13T15:05:14+01:00,server,76527602,4064,2497927,1544298760,2547,0,70589,0,32911424,29900160,3011264,24916096,16252864,16252864
2026-05-13T15:05:15+01:00,server,76528828,4064,2497940,1544302435,2547,0,70589,0,32911424,29897472,3013952,24913408,16252864,16252864
2026-05-13T15:05:16+01:00,server,76530065,4064,2497954,1544306110,2547,0,70589,0,32911424,29894912,3016512,24910848,16252864,16252864
2026-05-13T15:05:17+01:00,server,76531322,4064,2497973,1544309751,2547,0,70589,0,32911424,29894912,3016512,24910784,16252864,16252864
2026-05-13T15:05:18+01:00,server,76532561,4064,2497981,1544313429,2547,0,70591,0,32911424,29896512,3014912,24912384,16252864,16252864
2026-05-13T15:05:19+01:00,server,76533786,4064,2497987,1544317111,2547,0,70591,0,32911424,29898304,3013120,24914176,16252864,16252864
2026-05-13T15:05:20+01:00,server,76535023,4064,2497999,1544320785,2547,0,70592,0,32911424,29898368,3013056,24914240,16252864,16252864
2026-05-13T15:05:22+01:00,server,76536252,4064,2498007,1544324459,2547,0,70592,0,32911424,29897024,3014400,24912896,16252864,16252864
2026-05-13T15:05:23+01:00,server,76537480,4064,2498021,1544328133,2547,0,70592,0,32911424,29897856,3013568,24913728,16252864,16252864
2026-05-13T15:05:24+01:00,server,76538716,4064,2498036,1544331806,2547,0,70592,0,32911424,29897216,3014208,24913088,16252864,16252864
2026-05-13T15:05:25+01:00,server,76539931,4064,2498049,1544335481,2547,0,70592,0,32911424,29897280,3014144,24913152,16252864,16252864
2026-05-13T15:05:26+01:00,server,76541158,4064,2498063,1544339155,2547,0,70592,0,32911424,29898048,3013376,24913920,16252864,16252864
2026-05-13T15:05:27+01:00,server,76542384,4064,2498075,1544342830,2547,0,70592,0,32911424,29897728,3013696,24913600,16252864,16252864
2026-05-13T15:05:28+01:00,server,76543610,4064,2498089,1544346504,2547,0,70593,0,32911424,29897792,3013632,24913664,16252864,16252864
2026-05-13T15:05:29+01:00,server,76544805,4064,2498101,1544350202,2547,0,70593,0,32911424,29890880,3020544,24906752,16252864,16252864
2026-05-13T15:05:30+01:00,server,76546023,4064,2498112,1544353875,2547,0,70593,0,32911424,29890240,3021184,24906112,16252864,16252864
2026-05-13T15:05:31+01:00,server,76547257,4064,2498124,1544357546,2547,0,70593,0,32911424,29891584,3019840,24907456,16252864,16252864
2026-05-13T15:05:32+01:00,server,76548473,4064,2498129,1544361224,2547,0,70593,0,32911424,29890112,3021312,24905984,16252864,16252864
2026-05-13T15:05:33+01:00,server,76549715,4064,2498139,1544364875,2547,0,70593,0,32911424,29889472,3021952,24905280,16252864,16252864
2026-05-13T15:05:34+01:00,server,76550956,4064,2498148,1544368546,2547,0,70594,0,32911424,29889856,3021568,24905664,16252864,16252864
2026-05-13T15:05:35+01:00,server,76552162,4064,2498158,1544372222,2547,0,70596,0,32911424,29891008,3020416,24906816,16252864,16252864
2026-05-13T15:05:36+01:00,server,76553401,4064,2498166,1544375897,2547,0,70597,0,32911424,29890624,3020800,24906432,16252864,16252864
2026-05-13T15:05:37+01:00,server,76554634,4064,2498174,1544379573,2547,0,70597,0,32911424,29891392,3020032,24907200,16252864,16252864
2026-05-13T15:05:38+01:00,server,76555872,4064,2498187,1544383248,2547,0,70597,0,32911424,29890048,3021376,24905856,16252864,16252864
2026-05-13T15:05:39+01:00,server,76557099,4064,2498197,1544386922,2547,0,70597,0,32911424,29891072,3020352,24906880,16252864,16252864
2026-05-13T15:05:40+01:00,server,76558326,4064,2498207,1544390596,2547,0,70598,0,32911424,29890496,3020928,24906304,16252864,16252864
2026-05-13T15:05:41+01:00,server,76559557,4064,2498218,1544394270,2547,0,70598,0,32911424,29891648,3019776,24907456,16252864,16252864
2026-05-13T15:05:42+01:00,server,76560785,4064,2498229,1544397945,2547,0,70598,0,32911424,29887424,3024000,24903232,16252864,16252864
2026-05-13T15:05:43+01:00,server,76562013,4064,2498242,1544401618,2547,0,70599,0,32911424,29886656,3024768,24902464,16252864,16252864
2026-05-13T15:05:44+01:00,server,76563243,4064,2498247,1544405291,2547,0,70601,0,32911424,29892352,3019072,24907712,16252864,16252864
2026-05-13T15:05:45+01:00,server,76564479,4064,2498255,1544408976,2547,0,70602,0,32911424,29893696,3017728,24909056,16252864,16252864
2026-05-13T15:05:46+01:00,server,76565696,4064,2498263,1544412652,2547,0,70602,0,32911424,29894656,3016768,24910016,16252864,16252864
2026-05-13T15:05:47+01:00,server,76566919,4064,2498279,1544416323,2547,0,70602,0,32911424,29893440,3017984,24908800,16252864,16252864
2026-05-13T15:05:48+01:00,server,76568155,4064,2498307,1544419963,2547,0,70603,0,32911424,29893376,3018048,24908544,16252864,16252864
2026-05-13T15:05:49+01:00,server,76569373,4064,2498318,1544423636,2548,0,70604,0,32911424,29893376,3018048,24908288,16252864,16252864
2026-05-13T15:05:50+01:00,server,76570610,4064,2498331,1544427310,2548,0,70604,0,32911424,29892864,3018560,24907776,16252864,16252864
2026-05-13T15:05:51+01:00,server,76571834,4064,2498343,1544430984,2548,0,70604,0,32911424,29893312,3018112,24908224,16252864,16252864
2026-05-13T15:05:52+01:00,server,76573073,4064,2498355,1544434661,2548,0,70604,0,32911424,29891456,3019968,24906432,16252864,16252864
2026-05-13T15:05:53+01:00,server,76574300,4064,2498366,1544438334,2548,0,70604,0,32911424,29892224,3019200,24907200,16252864,16252864
2026-05-13T15:05:54+01:00,server,76575535,4064,2498379,1544442007,2548,0,70605,0,32911424,29889984,3021440,24904896,16252864,16252864
2026-05-13T15:05:55+01:00,server,76576762,4064,2498391,1544445681,2548,0,70605,0,32911424,29891904,3019520,24906816,16252864,16252864
2026-05-13T15:05:56+01:00,server,76578001,4064,2498403,1544449354,2548,0,70605,0,32911424,29888512,3022912,24903424,16252864,16252864
2026-05-13T15:05:57+01:00,server,76579226,4064,2498412,1544453031,2548,0,70606,0,32911424,29891200,3020224,24906112,16252864,16252864
2026-05-13T15:05:58+01:00,server,76580427,4064,2498421,1544456712,2548,0,70606,0,32911424,29890304,3021120,24905216,16252864,16252864
2026-05-13T15:05:59+01:00,server,76581664,4064,2498436,1544460384,2548,0,70606,0,32911424,29891392,3020032,24906304,16252864,16252864
2026-05-13T15:06:00+01:00,server,76582889,4064,2498448,1544464057,2548,0,70607,0,32911424,29891840,3019584,24906752,16252864,16252864
2026-05-13T15:06:01+01:00,server,76584127,4064,2498461,1544467730,2548,0,70607,0,32911424,29891648,3019776,24906560,16252864,16252864
2026-05-13T15:06:02+01:00,server,76585396,4064,2498479,1544471373,2548,0,70607,0,32911424,29892608,3018816,24907328,16252864,16252864
2026-05-13T15:06:04+01:00,server,76586622,4064,2498489,1544475046,2548,0,70609,0,32911424,29890304,3021120,24905024,16252864,16252864
2026-05-13T15:06:05+01:00,server,76587867,4064,2498496,1544478719,2548,0,70609,0,32911424,29891840,3019584,24906560,16252864,16252864
2026-05-13T15:06:06+01:00,server,76589093,4064,2498509,1544482393,2548,0,70609,0,32911424,29892288,3019136,24907008,16252864,16252864
2026-05-13T15:06:07+01:00,server,76590333,4064,2498521,1544486066,2548,0,70609,0,32911424,29892096,3019328,24906816,16252864,16252864
2026-05-13T15:06:08+01:00,server,76591525,4064,2498532,1544489766,2548,0,70609,0,32911424,29885120,3026304,24899904,16252864,16252864
2026-05-13T15:06:09+01:00,server,76592748,4064,2498542,1544493437,2548,0,70609,0,32911424,29881664,3029760,24896448,16252864,16252864
2026-05-13T15:06:10+01:00,server,76593981,4064,2498553,1544497106,2548,0,70610,0,32911424,29881728,3029696,24896448,16252864,16252864
2026-05-13T15:06:11+01:00,server,76595200,4064,2498556,1544500784,2548,0,70611,0,32911424,29882816,3028608,24897536,16252864,16252864
2026-05-13T15:06:12+01:00,server,76596414,4064,2498565,1544504463,2548,0,70611,0,32911424,29880960,3030464,24895680,16252864,16252864
2026-05-13T15:06:13+01:00,server,76597650,4064,2498579,1544508134,2548,0,70612,0,32911424,29881728,3029696,24896448,16252864,16252864
2026-05-13T15:06:14+01:00,server,76598864,4064,2498592,1544511808,2548,0,70612,0,32911424,29881728,3029696,24896448,16252864,16252864
2026-05-13T15:06:15+01:00,server,76600104,4064,2498602,1544515482,2548,0,70612,0,32911424,29882048,3029376,24896768,16252864,16252864
2026-05-13T15:06:16+01:00,server,76601331,4064,2498612,1544519156,2548,0,70612,0,32911424,29881472,3029952,24896192,16252864,16252864
2026-05-13T15:06:17+01:00,server,76602555,4064,2498626,1544522829,2548,0,70613,0,32911424,29880960,3030464,24895680,16252864,16252864
2026-05-13T15:06:18+01:00,server,76603812,4064,2498657,1544526470,2548,0,70613,0,32911424,29881088,3030336,24895808,16252864,16252864
2026-05-13T15:06:19+01:00,server,76605035,4064,2498672,1544530143,2548,0,70613,0,32911424,29882048,3029376,24896768,16252864,16252864
2026-05-13T15:06:20+01:00,server,76606274,4064,2498684,1544533816,2548,0,70613,0,32911424,29875904,3035520,24890624,16252864,16252864
2026-05-13T15:06:21+01:00,server,76607500,4064,2498694,1544537489,2548,0,70613,0,32911424,29878016,3033408,24892736,16252864,16252864
2026-05-13T15:06:22+01:00,server,76608740,4064,2498706,1544541163,2548,0,70613,0,32911424,29873536,3037888,24888256,16252864,16252864
2026-05-13T15:06:23+01:00,server,76609955,4064,2498717,1544544838,2548,0,70613,0,32911424,29878336,3033088,24893056,16252864,16252864
2026-05-13T15:06:24+01:00,server,76611181,4064,2498720,1544548522,2548,0,70613,0,32911424,29877440,3033984,24892160,16252864,16252864
2026-05-13T15:06:25+01:00,server,76612420,4064,2498733,1544552198,2548,0,70614,0,32911424,29880960,3030464,24895680,16252864,16252864
2026-05-13T15:06:26+01:00,server,76613636,4064,2498745,1544555871,2548,0,70615,0,32911424,29881344,3030080,24896064,16252864,16252864
2026-05-13T15:06:27+01:00,server,76614873,4064,2498757,1544559545,2548,0,70617,0,32911424,29881152,3030272,24895872,16252864,16252864
2026-05-13T15:06:28+01:00,server,76616091,4064,2498768,1544563219,2548,0,70617,0,32911424,29880960,3030464,24895680,16252864,16252864
2026-05-13T15:06:29+01:00,server,76617332,4064,2498779,1544566894,2548,0,70617,0,32911424,29880576,3030848,24895296,16252864,16252864
2026-05-13T15:06:30+01:00,server,76618559,4064,2498790,1544570567,2548,0,70617,0,32911424,29881152,3030272,24895872,16252864,16252864
2026-05-13T15:06:31+01:00,server,76619774,4064,2498803,1544574240,2548,0,70617,0,32911424,29881536,3029888,24896256,16252864,16252864
2026-05-13T15:06:32+01:00,server,76621014,4064,2498811,1544577915,2548,0,70618,0,32911424,29880128,3031296,24894848,16252864,16252864
2026-05-13T15:06:33+01:00,server,76622277,4064,2498827,1544581553,2548,0,70619,0,32911424,29885312,3026112,24899840,16252864,16252864
2026-05-13T15:06:34+01:00,server,76623517,4064,2498837,1544585227,2548,0,70619,0,32911424,29879360,3032064,24893888,16252864,16252864
2026-05-13T15:06:35+01:00,server,76624742,4064,2498849,1544588900,2548,0,70619,0,32911424,29879872,3031552,24894400,16252864,16252864
2026-05-13T15:06:36+01:00,server,76625957,4064,2498855,1544592578,2548,0,70619,0,32911424,29880832,3030592,24895360,16252864,16252864
2026-05-13T15:06:37+01:00,server,76627196,4064,2498862,1544596258,2548,0,70619,0,32911424,29881216,3030208,24895744,16252864,16252864
2026-05-13T15:06:38+01:00,server,76628425,4064,2498871,1544599930,2548,0,70619,0,32911424,29882240,3029184,24896768,16252864,16252864
2026-05-13T15:06:39+01:00,server,76629668,4064,2498881,1544603603,2548,0,70619,0,32911424,29882368,3029056,24896896,16252864,16252864
2026-05-13T15:06:40+01:00,server,76630895,4064,2498891,1544607275,2548,0,70619,0,32911424,29882752,3028672,24897280,16252864,16252864
2026-05-13T15:06:41+01:00,server,76632134,4064,2498900,1544610950,2548,0,70619,0,32911424,29882880,3028544,24897408,16252864,16252864
2026-05-13T15:06:42+01:00,server,76633357,4064,2498913,1544614623,2548,0,70619,0,32911424,29883456,3027968,24897984,16252864,16252864
2026-05-13T15:06:43+01:00,server,76634584,4064,2498926,1544618297,2548,0,70619,0,32911424,29882880,3028544,24897408,16252864,16252864
2026-05-13T15:06:44+01:00,server,76635803,4064,2498935,1544621997,2548,0,70619,0,32911424,29869248,3042176,24883776,16252864,16252864
2026-05-13T15:06:46+01:00,server,76637023,4064,2498946,1544625669,2548,0,70619,0,32911424,29863616,3047808,24878144,16252864,16252864
2026-05-13T15:06:47+01:00,server,76638242,4064,2498955,1544629342,2548,0,70620,0,32911424,29863616,3047808,24878144,16252864,16252864
2026-05-13T15:06:48+01:00,server,76639491,4064,2498969,1544632983,2548,0,70621,0,32911424,29859776,3051648,24874304,16252864,16252864
2026-05-13T15:06:49+01:00,server,76640709,4064,2498978,1544636658,2548,0,70621,0,32911424,29860736,3050688,24875264,16252864,16252864
2026-05-13T15:06:50+01:00,server,76641924,4064,2498984,1544640338,2548,0,70621,0,32911424,29856128,3055296,24870656,16252864,16252864
2026-05-13T15:06:51+01:00,server,76643203,4064,2498991,1544644117,2548,0,70621,0,32911424,29855104,3056320,24869632,16252864,16252864
2026-05-13T15:06:52+01:00,server,76644422,4064,2499000,1544647791,2548,0,70621,0,32911424,29859136,3052288,24872384,16252864,16252864
2026-05-13T15:06:53+01:00,server,76645640,4064,2499013,1544651465,2548,0,70621,0,32911424,29861120,3050304,24874368,16252864,16252864
2026-05-13T15:06:54+01:00,server,76646879,4064,2499024,1544655139,2548,0,70621,0,32911424,29859712,3051712,24872960,16252864,16252864
2026-05-13T15:06:55+01:00,server,76648098,4064,2499036,1544658812,2548,0,70621,0,32911424,29860608,3050816,24873792,16252864,16252864
2026-05-13T15:06:56+01:00,server,76649325,4064,2499045,1544662486,2548,0,70621,0,32911424,29862016,3049408,24875200,16252864,16252864
2026-05-13T15:06:57+01:00,server,76650550,4064,2499053,1544666159,2548,0,70622,0,32911424,29861824,3049600,24875008,16252864,16252864
2026-05-13T15:06:58+01:00,server,76651774,4064,2499066,1544669832,2548,0,70622,0,32911424,29862400,3049024,24875584,16252864,16252864
2026-05-13T15:06:59+01:00,server,76653003,4064,2499075,1544673506,2548,0,70622,0,32911424,29861056,3050368,24874240,16252864,16252864
2026-05-13T15:07:00+01:00,server,76654224,4064,2499086,1544677179,2548,0,70622,0,32911424,29861248,3050176,24874432,16252864,16252864
2026-05-13T15:07:01+01:00,server,76655446,4064,2499096,1544680854,2548,0,70623,0,32911424,29861376,3050048,24874560,16252864,16252864
2026-05-13T15:07:02+01:00,server,76656671,4064,2499106,1544684530,2548,0,70624,0,32911424,29860608,3050816,24873792,16252864,16252864
2026-05-13T15:07:03+01:00,server,76657946,4064,2499120,1544688180,2548,0,70624,0,32911424,29859520,3051904,24872704,16252864,16252864
2026-05-13T15:07:04+01:00,server,76659170,4064,2499122,1544691860,2548,0,70625,0,32911424,29861312,3050112,24874496,16252864,16252864
2026-05-13T15:07:05+01:00,server,76660408,4064,2499134,1544695535,2548,0,70626,0,32911424,29860544,3050880,24873728,16252864,16252864
2026-05-13T15:07:06+01:00,server,76661634,4064,2499145,1544699209,2548,0,70626,0,32911424,29861312,3050112,24874496,16252864,16252864
2026-05-13T15:07:07+01:00,server,76662861,4064,2499154,1544702883,2548,0,70626,0,32911424,29861952,3049472,24875136,16252864,16252864
2026-05-13T15:07:08+01:00,server,76664100,4064,2499164,1544706557,2548,0,70627,0,32911424,29861056,3050368,24874240,16252864,16252864
2026-05-13T15:07:09+01:00,server,76665328,4064,2499173,1544710230,2548,0,70628,0,32911424,29861056,3050368,24874240,16252864,16252864
2026-05-13T15:07:10+01:00,server,76666566,4064,2499188,1544713904,2548,0,70628,0,32911424,29861312,3050112,24874432,16252864,16252864
2026-05-13T15:07:11+01:00,server,76667793,4064,2499201,1544717571,2548,0,70629,0,32911424,29862656,3048768,24875776,16252864,16252864
2026-05-13T15:07:12+01:00,server,76669021,4064,2499210,1544721248,2548,0,70630,0,32911424,29862080,3049344,24875200,16252864,16252864
2026-05-13T15:07:13+01:00,server,76670247,4064,2499220,1544724925,2548,0,70630,0,32911424,29863040,3048384,24876160,16252864,16252864
2026-05-13T15:07:14+01:00,server,76671485,4064,2499230,1544728600,2548,0,70631,0,32911424,29860736,3050688,24873856,16252864,16252864
2026-05-13T15:07:15+01:00,server,76672739,4064,2499241,1544732395,2548,0,70631,0,32911424,29857984,3053440,24870976,16252864,16252864
2026-05-13T15:07:16+01:00,server,76673981,4064,2499249,1544736071,2548,0,70631,0,32911424,29856448,3054976,24869440,16252864,16252864
2026-05-13T15:07:17+01:00,server,76675206,4064,2499253,1544739753,2548,0,70631,0,32911424,29858368,3053056,24871360,16252864,16252864
2026-05-13T15:07:18+01:00,server,76676496,4064,2499268,1544743398,2548,0,70632,0,32911424,29861248,3050176,24874176,16252864,16252864
2026-05-13T15:07:19+01:00,server,76677722,4064,2499280,1544747072,2548,0,70632,0,32911424,29859584,3051840,24872512,16252864,16252864
2026-05-13T15:07:20+01:00,server,76678963,4064,2499290,1544750745,2548,0,70632,0,32911424,29858368,3053056,24871296,16252864,16252864
2026-05-13T15:07:21+01:00,server,76680175,4064,2499304,1544754418,2548,0,70633,0,32911424,29860864,3050560,24873792,16252864,16252864
2026-05-13T15:07:22+01:00,server,76681389,4064,2499316,1544758093,2548,0,70633,0,32911424,29860864,3050560,24873792,16252864,16252864
2026-05-13T15:07:23+01:00,server,76682618,4064,2499328,1544761770,2548,0,70633,0,32911424,29861248,3050176,24874176,16252864,16252864
2026-05-13T15:07:24+01:00,server,76683841,4064,2499339,1544765444,2548,0,70633,0,32911424,29861696,3049728,24874624,16252864,16252864
2026-05-13T15:07:26+01:00,server,76685077,4064,2499351,1544769121,2548,0,70633,0,32911424,29861312,3050112,24874240,16252864,16252864
2026-05-13T15:07:27+01:00,server,76686297,4064,2499363,1544772796,2548,0,70633,0,32911424,29862272,3049152,24875200,16252864,16252864
2026-05-13T15:07:28+01:00,server,76687535,4064,2499375,1544776471,2548,0,70634,0,32911424,29859776,3051648,24872704,16252864,16252864
2026-05-13T15:07:29+01:00,server,76688755,4064,2499388,1544780146,2548,0,70635,0,32911424,29859776,3051648,24872704,16252864,16252864
2026-05-13T15:07:30+01:00,server,76689987,4064,2499400,1544783825,2548,0,70635,0,32911424,29859008,3052416,24871936,16252864,16252864
2026-05-13T15:07:31+01:00,server,76691203,4064,2499406,1544787500,2548,0,70635,0,32911424,29856320,3055104,24869248,16252864,16252864
2026-05-13T15:07:32+01:00,server,76692521,4064,2499440,1544791077,2548,0,70635,0,32911424,29850432,3060992,24863040,16252864,16252864
2026-05-13T15:07:33+01:00,server,76693855,4064,2499460,1544794640,2549,0,70638,0,32911424,29854336,3057088,24865408,16252864,16252864
2026-05-13T15:07:34+01:00,server,76695084,4064,2499469,1544798321,2549,0,70638,0,32911424,29856704,3054720,24866816,16252864,16252864
2026-05-13T15:07:35+01:00,server,76696283,4064,2499481,1544802025,2549,0,70638,0,32911424,29850432,3060992,24860544,16252864,16252864
2026-05-13T15:07:36+01:00,server,76697506,4064,2499491,1544805699,2549,0,70638,0,32911424,29847360,3064064,24857472,16252864,16252864
2026-05-13T15:07:37+01:00,server,76698745,4064,2499503,1544809373,2549,0,70638,0,32911424,29848512,3062912,24858624,16252864,16252864
2026-05-13T15:07:38+01:00,server,76699964,4064,2499513,1544813050,2549,0,70638,0,32911424,29847616,3063808,24857664,16252864,16252864
2026-05-13T15:07:39+01:00,server,76701187,4064,2499521,1544816725,2549,0,70638,0,32911424,29848000,3063424,24858048,16252864,16252864
2026-05-13T15:07:40+01:00,server,76702417,4064,2499533,1544820399,2549,0,70638,0,32911424,29846912,3064512,24856960,16252864,16252864
2026-05-13T15:07:41+01:00,server,76703619,4064,2499544,1544824074,2549,0,70639,0,32911424,29845440,3065984,24855488,16252864,16252864
2026-05-13T15:07:42+01:00,server,76704846,4064,2499552,1544827748,2549,0,70639,0,32911424,29846208,3065216,24856256,16252864,16252864
2026-05-13T15:07:43+01:00,server,76706084,4064,2499558,1544831424,2549,0,70640,0,32911424,29845632,3065792,24855680,16252864,16252864
2026-05-13T15:07:44+01:00,server,76707292,4064,2499560,1544835115,2549,0,70641,0,32911424,29846592,3064832,24856640,16252864,16252864
2026-05-13T15:07:45+01:00,server,76708516,4064,2499569,1544838791,2549,0,70641,0,32911424,29848512,3062912,24858560,16252864,16252864
2026-05-13T15:07:46+01:00,server,76709732,4064,2499582,1544842464,2549,0,70641,0,32911424,29849280,3062144,24859328,16252864,16252864
2026-05-13T15:07:47+01:00,server,76710950,4064,2499591,1544846140,2549,0,70642,0,32911424,29849088,3062336,24859136,16252864,16252864
2026-05-13T15:07:48+01:00,server,76712210,4064,2499602,1544849785,2549,0,70642,0,32911424,29848192,3063232,24858240,16252864,16252864
2026-05-13T15:07:49+01:00,server,76713438,4064,2499613,1544853463,2549,0,70642,0,32911424,29849216,3062208,24859264,16252864,16252864
2026-05-13T15:07:50+01:00,server,76714665,4067,2499624,1544857133,2549,0,70642,0,32911424,29847360,3064064,24857408,16252864,16252864
2026-05-13T15:07:51+01:00,server,76715904,4067,2499634,1544860807,2549,0,70642,0,32911424,29846400,3065024,24856320,16252864,16252864
2026-05-13T15:07:52+01:00,server,76717129,4067,2499644,1544864482,2549,0,70643,0,32911424,29847104,3064320,24857024,16252864,16252864
2026-05-13T15:07:53+01:00,server,76718367,4067,2499656,1544868157,2549,0,70643,0,32911424,29846720,3064704,24856640,16252864,16252864
2026-05-13T15:07:54+01:00,server,76719584,4067,2499669,1544871832,2549,0,70643,0,32911424,29843328,3068096,24853184,16252864,16252864
2026-05-13T15:07:55+01:00,server,76720825,4067,2499679,1544875503,2549,0,70644,0,32911424,29842368,3069056,24852224,16252864,16252864
2026-05-13T15:07:56+01:00,server,76722048,4067,2499691,1544879181,2549,0,70645,0,32911424,29845440,3065984,24855232,16252864,16252864
2026-05-13T15:07:57+01:00,server,76723264,4067,2499695,1544882863,2549,0,70647,0,32911424,29846400,3065024,24856192,16252864,16252864
2026-05-13T15:07:58+01:00,server,76724501,4067,2499709,1544886537,2549,0,70647,0,32911424,29847360,3064064,24857152,16252864,16252864
2026-05-13T15:07:59+01:00,server,76725729,4067,2499720,1544890212,2549,0,70648,0,32911424,29846400,3065024,24856192,16252864,16252864
2026-05-13T15:08:00+01:00,server,76726970,4067,2499731,1544893884,2549,0,70648,0,32911424,29846464,3064960,24856256,16252864,16252864
2026-05-13T15:08:01+01:00,server,76728197,4067,2499740,1544897557,2549,0,70648,0,32911424,29846272,3065152,24856064,16252864,16252864
2026-05-13T15:08:02+01:00,server,76729435,4067,2499755,1544901207,2549,0,70648,0,32911424,29845504,3065920,24855296,16252864,16252864
2026-05-13T15:08:03+01:00,server,76730675,4067,2499767,1544904878,2549,0,70649,0,32911424,29842304,3069120,24852096,16252864,16252864
2026-05-13T15:08:04+01:00,server,76731903,4067,2499777,1544908552,2549,0,70650,0,32911424,29845568,3065856,24855360,16252864,16252864
2026-05-13T15:08:05+01:00,server,76733138,4067,2499794,1544912225,2549,0,70650,0,32911424,29844864,3066560,24854656,16252864,16252864
2026-05-13T15:08:06+01:00,server,76734364,4067,2499806,1544915898,2549,0,70650,0,32911424,29844672,3066752,24854464,16252864,16252864
2026-05-13T15:08:07+01:00,server,76735603,4067,2499817,1544919571,2549,0,70650,0,32911424,29842368,3069056,24852160,16252864,16252864
2026-05-13T15:08:09+01:00,server,76736816,4067,2499832,1544923245,2549,0,70650,0,32911424,29843328,3068096,24853120,16252864,16252864
2026-05-13T15:08:10+01:00,server,76738042,4067,2499839,1544926922,2549,0,70650,0,32911424,29845504,3065920,24855232,16252864,16252864
2026-05-13T15:08:11+01:00,server,76739279,4067,2499847,1544930603,2549,0,70650,0,32911424,29844160,3067264,24853888,16252864,16252864
2026-05-13T15:08:12+01:00,server,76740495,4067,2499859,1544934277,2549,0,70650,0,32911424,29845120,3066304,24854848,16252864,16252864
2026-05-13T15:08:13+01:00,server,76741727,4067,2499866,1544937951,2549,0,70650,0,32911424,29843392,3068032,24853120,16252864,16252864
2026-05-13T15:08:14+01:00,server,76742947,4067,2499881,1544941624,2549,0,70650,0,32911424,29844736,3066688,24854464,16252864,16252864
2026-05-13T15:08:15+01:00,server,76744173,4067,2499892,1544945296,2549,0,70651,0,32911424,29843968,3067456,24853568,16252864,16252864
2026-05-13T15:08:16+01:00,server,76745394,4067,2499905,1544948969,2549,0,70651,0,32911424,29843904,3067520,24853376,16252864,16252864
2026-05-13T15:08:17+01:00,server,76746619,4067,2499916,1544952644,2549,0,70651,0,32911424,29842944,3068480,24852416,16252864,16252864
2026-05-13T15:08:18+01:00,server,76747894,4067,2499940,1544956283,2549,0,70651,0,32911424,29843136,3068288,24852608,16252864,16252864
2026-05-13T15:08:19+01:00,server,76749113,4067,2499951,1544959958,2549,0,70652,0,32911424,29842944,3068480,24852416,16252864,16252864
2026-05-13T15:08:20+01:00,server,76750345,4067,2499964,1544963633,2549,0,70653,0,32911424,29841984,3069440,24851456,16252864,16252864
2026-05-13T15:08:21+01:00,server,76751570,4067,2499977,1544967306,2549,0,70653,0,32911424,29843648,3067776,24853120,16252864,16252864
2026-05-13T15:08:22+01:00,server,76752785,4067,2499986,1544970982,2549,0,70654,0,32911424,29840960,3070464,24850432,16252864,16252864
2026-05-13T15:08:23+01:00,server,76753978,4067,2499999,1544974689,2549,0,70654,0,32911424,29833664,3077760,24843136,16252864,16252864
2026-05-13T15:08:24+01:00,server,76755202,4067,2500004,1544978368,2549,0,70654,0,32911424,29835072,3076352,24844544,16252864,16252864
2026-05-13T15:08:25+01:00,server,76756411,4067,2500014,1544982041,2549,0,70654,0,32911424,29837056,3074368,24846528,16252864,16252864
2026-05-13T15:08:26+01:00,server,76757643,4067,2500022,1544985714,2549,0,70654,0,32911424,29835712,3075712,24845184,16252864,16252864
2026-05-13T15:08:27+01:00,server,76758864,4067,2500035,1544989387,2549,0,70654,0,32911424,29837056,3074368,24846528,16252864,16252864
2026-05-13T15:08:28+01:00,server,76760091,4067,2500046,1544993061,2549,0,70655,0,32911424,29837376,3074048,24846848,16252864,16252864
2026-05-13T15:08:29+01:00,server,76761329,4067,2500056,1544996737,2549,0,70655,0,32911424,29836416,3075008,24845888,16252864,16252864
2026-05-13T15:08:30+01:00,server,76762548,4067,2500066,1545000410,2549,0,70655,0,32911424,29837568,3073856,24847040,16252864,16252864
2026-05-13T15:08:31+01:00,server,76763772,4067,2500075,1545004081,2549,0,70655,0,32911424,29837760,3073664,24847232,16252864,16252864
2026-05-13T15:08:32+01:00,server,76765006,4067,2500082,1545007755,2549,0,70655,0,32911424,29837376,3074048,24846848,16252864,16252864
2026-05-13T15:08:33+01:00,server,76766258,4067,2500095,1545011402,2549,0,70655,0,32911424,29839360,3072064,24848832,16252864,16252864
2026-05-13T15:08:34+01:00,server,76767481,4067,2500105,1545015076,2549,0,70655,0,32911424,29833600,3077824,24843072,16252864,16252864
2026-05-13T15:08:35+01:00,server,76768718,4067,2500117,1545018754,2549,0,70655,0,32911424,29835328,3076096,24844800,16252864,16252864
2026-05-13T15:08:36+01:00,server,76769944,4067,2500126,1545022432,2549,0,70655,0,32911424,29835392,3076032,24844864,16252864,16252864
2026-05-13T15:08:37+01:00,server,76771162,4067,2500129,1545026120,2549,0,70655,0,32911424,29837504,3073920,24846976,16252864,16252864
2026-05-13T15:08:38+01:00,server,76772401,4067,2500141,1545029794,2549,0,70655,0,32911424,29837184,3074240,24846656,16252864,16252864
2026-05-13T15:08:39+01:00,server,76773628,4067,2500153,1545033469,2549,0,70655,0,32911424,29836416,3075008,24845888,16252864,16252864
2026-05-13T15:08:40+01:00,server,76774851,4067,2500170,1545037146,2549,0,70656,0,32911424,29836608,3074816,24846080,16252864,16252864
2026-05-13T15:08:41+01:00,server,76776078,4067,2500182,1545040823,2549,0,70656,0,32911424,29835264,3076160,24844736,16252864,16252864
2026-05-13T15:08:42+01:00,server,76777315,4067,2500195,1545044498,2549,0,70656,0,32911424,29836864,3074560,24846272,16252864,16252864
2026-05-13T15:08:43+01:00,server,76778541,4067,2500205,1545048174,2549,0,70656,0,32911424,29837824,3073600,24847232,16252864,16252864
2026-05-13T15:08:44+01:00,server,76779780,4067,2500215,1545051848,2549,0,70656,0,32911424,29835776,3075648,24845184,16252864,16252864
2026-05-13T15:08:45+01:00,server,76781003,4067,2500228,1545055523,2549,0,70656,0,32911424,29835968,3075456,24845376,16252864,16252864
2026-05-13T15:08:46+01:00,server,76782241,4067,2500239,1545059195,2549,0,70656,0,32911424,29830976,3080448,24840384,16252864,16252864
2026-05-13T15:08:47+01:00,server,76783488,4067,2500279,1545062836,2549,0,70657,0,32911424,29832576,3078848,24841984,16252864,16252864
2026-05-13T15:08:48+01:00,server,76784716,4067,2500290,1545066511,2549,0,70657,0,32911424,29834688,3076736,24844096,16252864,16252864
2026-05-13T15:08:49+01:00,server,76785955,4067,2500297,1545070191,2549,0,70657,0,32911424,29833856,3077568,24843264,16252864,16252864
2026-05-13T15:08:50+01:00,server,76787180,4067,2500301,1545073873,2549,0,70657,0,32911424,29837696,3073728,24847104,16252864,16252864
2026-05-13T15:08:52+01:00,server,76788422,4067,2500310,1545077547,2549,0,70657,0,32911424,29836736,3074688,24846144,16252864,16252864
2026-05-13T15:08:53+01:00,server,76789639,4067,2500321,1545081223,2549,0,70657,0,32911424,29837888,3073536,24847296,16252864,16252864
2026-05-13T15:08:54+01:00,server,76790879,4067,2500333,1545084898,2549,0,70658,0,32911424,29837184,3074240,24846592,16252864,16252864
2026-05-13T15:08:55+01:00,server,76792104,4067,2500346,1545088572,2549,0,70658,0,32911424,29838016,3073408,24847360,16252864,16252864
2026-05-13T15:08:56+01:00,server,76793340,4067,2500361,1545092253,2549,0,70658,0,32911424,29837824,3073600,24847168,16252864,16252864
2026-05-13T15:08:57+01:00,server,76794568,4067,2500371,1545095932,2549,0,70658,0,32911424,29838400,3073024,24847744,16252864,16252864
2026-05-13T15:08:58+01:00,server,76795804,4067,2500386,1545099607,2549,0,70658,0,32911424,29838912,3072512,24848256,16252864,16252864
2026-05-13T15:08:59+01:00,server,76797033,4067,2500394,1545103282,2549,0,70658,0,32911424,29839104,3072320,24848448,16252864,16252864
2026-05-13T15:09:00+01:00,server,76798271,4067,2500405,1545106956,2549,0,70659,0,32911424,29835648,3075776,24844992,16252864,16252864
2026-05-13T15:09:01+01:00,server,76799498,4067,2500413,1545110631,2549,0,70659,0,32911424,29836416,3075008,24845760,16252864,16252864
2026-05-13T15:09:02+01:00,server,76800738,4067,2500422,1545114306,2549,0,70660,0,32911424,29834496,3076928,24843840,16252864,16252864
2026-05-13T15:09:03+01:00,server,76801974,4067,2500435,1545117955,2549,0,70661,0,32911424,29836544,3074880,24845824,16252864,16252864
2026-05-13T15:09:04+01:00,server,76803209,4067,2500442,1545121636,2549,0,70661,0,32911424,29838080,3073344,24847360,16252864,16252864
2026-05-13T15:09:05+01:00,server,76804436,4067,2500452,1545125312,2549,0,70661,0,32911424,29838976,3072448,24848256,16252864,16252864
2026-05-13T15:09:06+01:00,server,76805670,4067,2500466,1545128995,2549,0,70661,0,32911424,29838016,3073408,24847296,16252864,16252864
2026-05-13T15:09:07+01:00,server,76806897,4067,2500476,1545132678,2549,0,70661,0,32911424,29838656,3072768,24847936,16252864,16252864
2026-05-13T15:09:08+01:00,server,76808120,4067,2500490,1545136356,2549,0,70661,0,32911424,29838080,3073344,24847360,16252864,16252864
2026-05-13T15:09:09+01:00,server,76809325,4067,2500507,1545140035,2549,0,70661,0,32911424,29838656,3072768,24847936,16252864,16252864
2026-05-13T15:09:10+01:00,server,76810561,4067,2500519,1545143711,2549,0,70661,0,32911424,29838272,3073152,24847552,16252864,16252864
2026-05-13T15:09:11+01:00,server,76811746,4067,2500533,1545147408,2549,0,70662,0,32911424,29834688,3076736,24843968,16252864,16252864
2026-05-13T15:09:12+01:00,server,76812966,4067,2500545,1545151080,2549,0,70662,0,32911424,29828928,3082496,24838208,16252864,16252864
2026-05-13T15:09:13+01:00,server,76814201,4067,2500556,1545154755,2549,0,70662,0,32911424,29828736,3082688,24838016,16252864,16252864
2026-05-13T15:09:14+01:00,server,76815416,4067,2500567,1545158432,2549,0,70662,0,32911424,29830080,3081344,24839360,16252864,16252864
2026-05-13T15:09:15+01:00,server,76816636,4067,2500575,1545162106,2549,0,70663,0,32911424,29828544,3082880,24837824,16252864,16252864
2026-05-13T15:09:16+01:00,server,76817860,4067,2500583,1545165786,2549,0,70664,0,32911424,29828160,3083264,24837440,16252864,16252864
2026-05-13T15:09:17+01:00,server,76819078,4067,2500588,1545169470,2549,0,70664,0,32911424,29830464,3080960,24839744,16252864,16252864
2026-05-13T15:09:18+01:00,server,76820322,4067,2500601,1545173120,2549,0,70665,0,32911424,29830336,3081088,24839616,16252864,16252864
2026-05-13T15:09:19+01:00,server,76821559,4067,2500609,1545176795,2549,0,70665,0,32911424,29829760,3081664,24839040,16252864,16252864
2026-05-13T15:09:20+01:00,server,76822780,4067,2500620,1545180471,2549,0,70665,0,32911424,29829760,3081664,24839040,16252864,16252864
2026-05-13T15:09:21+01:00,server,76824001,4067,2500630,1545184146,2549,0,70666,0,32911424,29830912,3080512,24840192,16252864,16252864
2026-05-13T15:09:22+01:00,server,76825243,4067,2500638,1545187822,2549,0,70666,0,32911424,29831040,3080384,24840320,16252864,16252864
2026-05-13T15:09:23+01:00,server,76826463,4067,2500650,1545191499,2549,0,70666,0,32911424,29829504,3081920,24838784,16252864,16252864
2026-05-13T15:09:24+01:00,server,76827687,4067,2500661,1545195173,2549,0,70666,0,32911424,29830656,3080768,24839936,16252864,16252864
2026-05-13T15:09:25+01:00,server,76828919,4067,2500675,1545198851,2549,0,70668,0,32911424,29830080,3081344,24839360,16252864,16252864
2026-05-13T15:09:26+01:00,server,76830147,4067,2500686,1545202528,2549,0,70669,0,32911424,29828800,3082624,24838016,16252864,16252864
2026-05-13T15:09:27+01:00,server,76831384,4067,2500697,1545206203,2549,0,70670,0,32911424,29826176,3085248,24835392,16252864,16252864
2026-05-13T15:09:28+01:00,server,76832602,4067,2500706,1545209879,2549,0,70675,0,32911424,29827136,3084288,24836352,16252864,16252864
2026-05-13T15:09:29+01:00,server,76833837,4067,2500718,1545213564,2549,0,70675,0,32911424,29828480,3082944,24837696,16252864,16252864
2026-05-13T15:09:30+01:00,server,76835062,4067,2500723,1545217246,2549,0,70675,0,32911424,29831936,3079488,24841152,16252864,16252864
2026-05-13T15:09:31+01:00,server,76836301,4067,2500737,1545220922,2549,0,70675,0,32911424,29831808,3079616,24841024,16252864,16252864
2026-05-13T15:09:32+01:00,server,76837578,4067,2500768,1545224560,2549,0,70675,0,32911424,29833920,3077504,24843136,16252864,16252864
2026-05-13T15:09:34+01:00,server,76838815,4067,2500782,1545228235,2549,0,70677,0,32911424,29834496,3076928,24843712,16252864,16252864
2026-05-13T15:09:35+01:00,server,76840036,4067,2500800,1545231909,2549,0,70678,0,32911424,29834304,3077120,24843520,16252864,16252864
2026-05-13T15:09:36+01:00,server,76841275,4067,2500812,1545235587,2549,0,70678,0,32911424,29832768,3078656,24841984,16252864,16252864
2026-05-13T15:09:37+01:00,server,76842490,4067,2500824,1545239263,2549,0,70678,0,32911424,29834496,3076928,24843712,16252864,16252864
2026-05-13T15:09:38+01:00,server,76843729,4067,2500836,1545242935,2549,0,70678,0,32911424,29834240,3077184,24843520,16252864,16252864
2026-05-13T15:09:39+01:00,server,76844957,4067,2500848,1545246612,2549,0,70678,0,32911424,29833472,3077952,24842752,16252864,16252864
2026-05-13T15:09:40+01:00,server,76846195,4067,2500861,1545250286,2549,0,70678,0,32911424,29835072,3076352,24844288,16252864,16252864
2026-05-13T15:09:41+01:00,server,76847422,4067,2500871,1545253961,2549,0,70679,0,32911424,29833152,3078272,24842368,16252864,16252864
2026-05-13T15:09:42+01:00,server,76848661,4067,2500881,1545257636,2549,0,70680,0,32911424,29832000,3079424,24841216,16252864,16252864
2026-05-13T15:09:43+01:00,server,76849873,4067,2500890,1545261315,2549,0,70681,0,32911424,29833728,3077696,24842944,16252864,16252864
2026-05-13T15:09:44+01:00,server,76851098,4067,2500898,1545264994,2549,0,70682,0,32911424,29832768,3078656,24841984,16252864,16252864
2026-05-13T15:09:45+01:00,server,76852332,4067,2500913,1545268669,2549,0,70682,0,32911424,29832512,3078912,24841728,16252864,16252864
2026-05-13T15:09:46+01:00,server,76853555,4067,2500925,1545272343,2549,0,70683,0,32911424,29833472,3077952,24842688,16252864,16252864
2026-05-13T15:09:47+01:00,server,76854793,4067,2500936,1545276017,2549,0,70683,0,32911424,29832768,3078656,24841920,16252864,16252864
2026-05-13T15:09:48+01:00,server,76856058,4067,2500950,1545279660,2549,0,70683,0,32911424,29831552,3079872,24840640,16252864,16252864
2026-05-13T15:09:49+01:00,server,76857287,4067,2500961,1545283335,2549,0,70683,0,32911424,29830208,3081216,24839296,16252864,16252864
2026-05-13T15:09:50+01:00,server,76858516,4067,2500970,1545287009,2549,0,70684,0,32911424,29832000,3079424,24841088,16252864,16252864
2026-05-13T15:09:51+01:00,server,76859740,4067,2500984,1545290685,2549,0,70684,0,32911424,29829440,3081984,24838528,16252864,16252864
2026-05-13T15:09:52+01:00,server,76860968,4067,2500990,1545294360,2549,0,70685,0,32911424,29830976,3080448,24840128,16252864,16252864
2026-05-13T15:09:53+01:00,server,76862194,4067,2501001,1545298036,2549,0,70686,0,32911424,29827648,3083776,24836736,16252864,16252864
2026-05-13T15:09:54+01:00,server,76863427,4067,2501017,1545301712,2549,0,70686,0,32911424,29827456,3083968,24836544,16252864,16252864
2026-05-13T15:09:55+01:00,server,76864651,4067,2501026,1545305388,2549,0,70686,0,32911424,29828224,3083200,24837312,16252864,16252864
2026-05-13T15:09:56+01:00,server,76865885,4067,2501033,1545309071,2549,0,70686,0,32911424,29829952,3081472,24839040,16252864,16252864
2026-05-13T15:09:57+01:00,server,76867104,4067,2501042,1545312752,2549,0,70686,0,32911424,29831104,3080320,24840192,16252864,16252864
2026-05-13T15:09:58+01:00,server,76868326,4067,2501053,1545316431,2549,0,70686,0,32911424,29830336,3081088,24839424,16252864,16252864
2026-05-13T15:09:59+01:00,server,76869517,4067,2501064,1545320141,2549,0,70686,0,32911424,29825728,3085696,24834816,16252864,16252864
2026-05-13T15:10:00+01:00,server,76870729,4067,2501076,1545323818,2549,0,70687,0,32911424,29807104,3104320,24816128,16252864,16252864
2026-05-13T15:10:01+01:00,server,76871963,4067,2501085,1545327496,2549,0,70687,0,32911424,29798592,3112832,24807616,16252864,16252864
2026-05-13T15:10:02+01:00,server,76873180,4067,2501098,1545331169,2549,0,70687,0,32911424,29790400,3121024,24799424,16252864,16252864
2026-05-13T15:10:03+01:00,server,76874447,4067,2501113,1545334815,2549,0,70687,0,32911424,29794240,3117184,24803264,16252864,16252864
2026-05-13T15:10:04+01:00,server,76875674,4067,2501123,1545338494,2549,0,70687,0,32911424,29793344,3118080,24802368,16252864,16252864
2026-05-13T15:10:05+01:00,server,76876895,4067,2501135,1545342175,2549,0,70687,0,32911424,29794880,3116544,24803904,16252864,16252864
2026-05-13T15:10:06+01:00,server,76878128,4067,2501147,1545345853,2549,0,70688,0,32911424,29792128,3119296,24801152,16252864,16252864
2026-05-13T15:10:07+01:00,server,76879330,4067,2501157,1545349541,2549,0,70689,0,32911424,29789632,3121792,24798656,16252864,16252864
2026-05-13T15:10:08+01:00,server,76880551,4067,2501167,1545353220,2550,0,70689,0,32911424,29792512,3118912,24801536,16252864,16252864
2026-05-13T15:10:09+01:00,server,76881782,4067,2501176,1545356907,2550,0,70689,0,32911424,29795008,3116416,24804032,16252864,16252864
2026-05-13T15:10:10+01:00,server,76882997,4067,2501181,1545360591,2550,0,70689,0,32911424,29793664,3117760,24802624,16252864,16252864
2026-05-13T15:10:11+01:00,server,76884220,4067,2501192,1545364268,2550,0,70689,0,32911424,29796416,3115008,24805376,16252864,16252864
2026-05-13T15:10:12+01:00,server,76885451,4067,2501205,1545367947,2550,0,70689,0,32911424,29794560,3116864,24803520,16252864,16252864
2026-05-13T15:10:13+01:00,server,76886661,4067,2501216,1545371625,2550,0,70689,0,32911424,29795712,3115712,24804672,16252864,16252864
2026-05-13T15:10:14+01:00,server,76887872,4067,2501226,1545375303,2550,0,70691,0,32911424,29795328,3116096,24804288,16252864,16252864
2026-05-13T15:10:16+01:00,server,76889083,4067,2501237,1545378981,2550,0,70691,0,32911424,29796352,3115072,24805312,16252864,16252864
2026-05-13T15:10:17+01:00,server,76890319,4067,2501249,1545382660,2550,0,70691,0,32911424,29795392,3116032,24804352,16252864,16252864
2026-05-13T15:10:18+01:00,server,76891569,4067,2501265,1545386307,2550,0,70694,0,32911424,29795776,3115648,24804736,16252864,16252864
2026-05-13T15:10:19+01:00,server,76892797,4067,2501275,1545389987,2550,0,70694,0,32911424,29794432,3116992,24803392,16252864,16252864
2026-05-13T15:10:20+01:00,server,76894012,4067,2501283,1545393666,2550,0,70694,0,32911424,29793408,3118016,24802304,16252864,16252864
2026-05-13T15:10:21+01:00,server,76895222,4067,2501294,1545397345,2550,0,70695,0,32911424,29795520,3115904,24804416,16252864,16252864
2026-05-13T15:10:22+01:00,server,76896446,4067,2501305,1545401024,2550,0,70695,0,32911424,29793024,3118400,24801920,16252864,16252864
2026-05-13T15:10:23+01:00,server,76897659,4067,2501312,1545404716,2550,0,70695,0,32911424,29793792,3117632,24802688,16252864,16252864
2026-05-13T15:10:24+01:00,server,76898871,4067,2501319,1545408404,2550,0,70695,0,32911424,29795584,3115840,24804480,16252864,16252864
2026-05-13T15:10:25+01:00,server,76900105,4067,2501329,1545412083,2550,0,70695,0,32911424,29795968,3115456,24804864,16252864,16252864
2026-05-13T15:10:26+01:00,server,76901323,4067,2501339,1545415763,2550,0,70695,0,32911424,29795648,3115776,24804480,16252864,16252864
2026-05-13T15:10:27+01:00,server,76902533,4067,2501352,1545419442,2550,0,70695,0,32911424,29796416,3115008,24805248,16252864,16252864
2026-05-13T15:10:28+01:00,server,76903759,4067,2501361,1545423122,2550,0,70696,0,32911424,29796928,3114496,24805760,16252864,16252864
2026-05-13T15:10:29+01:00,server,76904972,4067,2501370,1545426805,2550,0,70696,0,32911424,29795584,3115840,24804416,16252864,16252864
2026-05-13T15:10:30+01:00,server,76906189,4067,2501381,1545430480,2550,0,70696,0,32911424,29795008,3116416,24803840,16252864,16252864
2026-05-13T15:10:31+01:00,server,76907408,4067,2501391,1545434154,2550,0,70696,0,32911424,29792704,3118720,24801536,16252864,16252864
2026-05-13T15:10:32+01:00,server,76908632,4067,2501402,1545437829,2550,0,70696,0,32911424,29794304,3117120,24803136,16252864,16252864
2026-05-13T15:10:33+01:00,server,76909870,4067,2501416,1545441472,2550,0,70697,0,32911424,29791552,3119872,24800384,16252864,16252864
2026-05-13T15:10:34+01:00,server,76911096,4067,2501428,1545445147,2550,0,70697,0,32911424,29791744,3119680,24800576,16252864,16252864
2026-05-13T15:10:35+01:00,server,76912334,4067,2501442,1545448821,2550,0,70697,0,32911424,29790528,3120896,24799296,16252864,16252864
2026-05-13T15:10:36+01:00,server,76913546,4067,2501451,1545452503,2550,0,70697,0,32911424,29792832,3118592,24801600,16252864,16252864
2026-05-13T15:10:37+01:00,server,76914782,4067,2501459,1545456184,2550,0,70697,0,32911424,29793024,3118400,24801792,16252864,16252864
2026-05-13T15:10:38+01:00,server,76916000,4067,2501470,1545459860,2550,0,70698,0,32911424,29793664,3117760,24802432,16252864,16252864
2026-05-13T15:10:39+01:00,server,76917231,4067,2501479,1545463536,2550,0,70698,0,32911424,29793536,3117888,24802304,16252864,16252864
2026-05-13T15:10:40+01:00,server,76918454,4067,2501489,1545467212,2550,0,70698,0,32911424,29793920,3117504,24802688,16252864,16252864
2026-05-13T15:10:41+01:00,server,76919667,4067,2501500,1545470889,2550,0,70698,0,32911424,29792064,3119360,24800832,16252864,16252864
2026-05-13T15:10:42+01:00,server,76920908,4067,2501510,1545474567,2550,0,70698,0,32911424,29793472,3117952,24802240,16252864,16252864
2026-05-13T15:10:43+01:00,server,76922125,4067,2501521,1545478245,2550,0,70698,0,32911424,29792896,3118528,24801664,16252864,16252864
2026-05-13T15:10:44+01:00,server,76923358,4067,2501535,1545481923,2550,0,70698,0,32911424,29793664,3117760,24802432,16252864,16252864
2026-05-13T15:10:45+01:00,server,76924565,4067,2501551,1545485600,2550,0,70698,0,32911424,29793088,3118336,24801856,16252864,16252864
2026-05-13T15:10:46+01:00,server,76925803,4067,2501561,1545489276,2550,0,70700,0,32911424,29796544,3114880,24805312,16252864,16252864
2026-05-13T15:10:47+01:00,server,76927024,4067,2501572,1545492954,2550,0,70701,0,32911424,29789440,3121984,24798208,16252864,16252864
2026-05-13T15:10:48+01:00,server,76928293,4067,2501597,1545496600,2550,0,70701,0,32911424,29790272,3121152,24799040,16252864,16252864
2026-05-13T15:10:49+01:00,server,76929510,4067,2501607,1545500286,2550,0,70701,0,32911424,29792832,3118592,24801536,16252864,16252864
2026-05-13T15:10:50+01:00,server,76930733,4067,2501614,1545503969,2550,0,70701,0,32911424,29793152,3118272,24801856,16252864,16252864
2026-05-13T15:10:51+01:00,server,76931953,4067,2501629,1545507651,2550,0,70701,0,32911424,29790784,3120640,24799488,16252864,16252864
2026-05-13T15:10:52+01:00,server,76933169,4067,2501641,1545511334,2550,0,70703,0,32911424,29794176,3117248,24802880,16252864,16252864
2026-05-13T15:10:53+01:00,server,76934401,4067,2501651,1545515016,2550,0,70703,0,32911424,29792448,3118976,24801152,16252864,16252864
2026-05-13T15:10:54+01:00,server,76935622,4067,2501665,1545518695,2550,0,70703,0,32911424,29794368,3117056,24803072,16252864,16252864
2026-05-13T15:10:55+01:00,server,76936863,4067,2501676,1545522375,2550,0,70703,0,32911424,29793984,3117440,24802688,16252864,16252864
2026-05-13T15:10:56+01:00,server,76938085,4067,2501685,1545526056,2550,0,70703,0,32911424,29794560,3116864,24803136,16252864,16252864
2026-05-13T15:10:58+01:00,server,76939320,4067,2501695,1545529740,2550,0,70704,0,32911424,29793600,3117824,24802176,16252864,16252864
2026-05-13T15:10:59+01:00,server,76940537,4067,2501702,1545533424,2550,0,70705,0,32911424,29795264,3116160,24803904,16252864,16252864
2026-05-13T15:11:00+01:00,server,76941774,4067,2501715,1545537107,2550,0,70705,0,32911424,29792000,3119424,24800640,16252864,16252864
2026-05-13T15:11:01+01:00,server,76942990,4067,2501731,1545540789,2550,0,70705,0,32911424,29793152,3118272,24801792,16252864,16252864
2026-05-13T15:11:02+01:00,server,76944209,4067,2501743,1545544472,2550,0,70705,0,32911424,29791616,3119808,24800256,16252864,16252864
2026-05-13T15:11:03+01:00,server,76945476,4067,2501759,1545548128,2550,0,70705,0,32911424,29793216,3118208,24801856,16252864,16252864
2026-05-13T15:11:04+01:00,server,76946700,4067,2501768,1545551815,2550,0,70706,0,32911424,29793024,3118400,24801664,16252864,16252864
2026-05-13T15:11:05+01:00,server,76947901,4067,2501777,1545555521,2550,0,70707,0,32911424,29779584,3131840,24788224,16252864,16252864
2026-05-13T15:11:06+01:00,server,76949091,4067,2501788,1545559222,2550,0,70708,0,32911424,29776704,3134720,24785344,16252864,16252864
2026-05-13T15:11:07+01:00,server,76950331,4067,2501796,1545562892,2550,0,70709,0,32911424,29750912,3160512,24759552,16252864,16252864
2026-05-13T15:11:08+01:00,server,76951529,4067,2501805,1545566591,2550,0,70710,0,32911424,29750336,3161088,24758976,16252864,16252864
2026-05-13T15:11:09+01:00,server,76952754,4067,2501816,1545570262,2550,0,70710,0,32911424,29750720,3160704,24759360,16252864,16252864
2026-05-13T15:11:10+01:00,server,76953966,4067,2501827,1545573958,2550,0,70710,0,32911424,29750464,3160960,24759104,16252864,16252864
2026-05-13T15:11:11+01:00,server,76955193,4067,2501837,1545577624,2550,0,70710,0,32911424,29750080,3161344,24758720,16252864,16252864
2026-05-13T15:11:12+01:00,server,76956388,4067,2501847,1545581318,2550,0,70710,0,32911424,29748352,3163072,24756992,16252864,16252864
2026-05-13T15:11:13+01:00,server,76957615,4067,2501857,1545584993,2550,0,70710,0,32911424,29746432,3164992,24755072,16252864,16252864
2026-05-13T15:11:14+01:00,server,76958826,4067,2501867,1545588685,2550,0,70710,0,32911424,29749504,3161920,24758144,16252864,16252864
2026-05-13T15:11:15+01:00,server,76960052,4067,2501880,1545592354,2550,0,70710,0,32911424,29749696,3161728,24758336,16252864,16252864
2026-05-13T15:11:16+01:00,server,76961249,4067,2501882,1545596060,2550,0,70710,0,32911424,29747200,3164224,24755840,16252864,16252864
2026-05-13T15:11:17+01:00,server,76962486,4067,2501893,1545599732,2550,0,70710,0,32911424,29748352,3163072,24756992,16252864,16252864
2026-05-13T15:11:18+01:00,server,76963745,4067,2501911,1545603399,2550,0,70712,0,32911424,29748928,3162496,24757568,16252864,16252864
2026-05-13T15:11:19+01:00,server,76964971,4067,2501921,1545607069,2550,0,70713,0,32911424,29749760,3161664,24758400,16252864,16252864
2026-05-13T15:11:20+01:00,server,76966185,4067,2501935,1545610766,2550,0,70713,0,32911424,29749952,3161472,24758592,16252864,16252864
2026-05-13T15:11:21+01:00,server,76967412,4067,2501945,1545614434,2550,0,70714,0,32911424,29749312,3162112,24757952,16252864,16252864
2026-05-13T15:11:22+01:00,server,76968599,4067,2501951,1545618137,2550,0,70715,0,32911424,29749888,3161536,24758528,16252864,16252864
2026-05-13T15:11:23+01:00,server,76969838,4067,2501960,1545621806,2550,0,70715,0,32911424,29748544,3162880,24757184,16252864,16252864
2026-05-13T15:11:24+01:00,server,76971037,4067,2501967,1545625505,2550,0,70715,0,32911424,29750656,3160768,24759296,16252864,16252864
2026-05-13T15:11:25+01:00,server,76972262,4067,2501980,1545629173,2550,0,70715,0,32911424,29748928,3162496,24757568,16252864,16252864
2026-05-13T15:11:26+01:00,server,76973470,4067,2501988,1545632872,2550,0,70715,0,32911424,29752448,3158976,24761024,16252864,16252864
2026-05-13T15:11:27+01:00,server,76974696,4067,2501999,1545636544,2550,0,70715,0,32911424,29748032,3163392,24756608,16252864,16252864
2026-05-13T15:11:28+01:00,server,76975888,4067,2502011,1545640243,2550,0,70716,0,32911424,29742848,3168576,24751424,16252864,16252864
2026-05-13T15:11:29+01:00,server,76977112,4067,2502014,1545643918,2550,0,70716,0,32911424,29746624,3164800,24755200,16252864,16252864
2026-05-13T15:11:30+01:00,server,76978323,4067,2502022,1545647621,2550,0,70716,0,32911424,29747584,3163840,24756160,16252864,16252864
2026-05-13T15:11:31+01:00,server,76979548,4067,2502033,1545651287,2550,0,70716,0,32911424,29748928,3162496,24757504,16252864,16252864
2026-05-13T15:11:32+01:00,server,76980742,4067,2502044,1545654988,2550,0,70716,0,32911424,29747136,3164288,24755712,16252864,16252864
2026-05-13T15:11:33+01:00,server,76982024,4067,2502061,1545658622,2550,0,70718,0,32911424,29743680,3167744,24752256,16252864,16252864
2026-05-13T15:11:34+01:00,server,76983221,4067,2502072,1545662320,2550,0,70718,0,32911424,29747328,3164096,24755904,16252864,16252864
2026-05-13T15:11:35+01:00,server,76984445,4067,2502084,1545665987,2550,0,70719,0,32911424,29746304,3165120,24754880,16252864,16252864
2026-05-13T15:11:36+01:00,server,76985642,4067,2502092,1545669685,2550,0,70719,0,32911424,29747648,3163776,24756224,16252864,16252864
2026-05-13T15:11:37+01:00,server,76986883,4067,2502101,1545673354,2550,0,70719,0,32911424,29746688,3164736,24755264,16252864,16252864
2026-05-13T15:11:38+01:00,server,76988081,4067,2502114,1545677053,2550,0,70719,0,32911424,29748992,3162432,24757568,16252864,16252864
2026-05-13T15:11:39+01:00,server,76989307,4067,2502126,1545680720,2550,0,70720,0,32911424,29744192,3167232,24752768,16252864,16252864
2026-05-13T15:11:40+01:00,server,76990519,4067,2502137,1545684419,2550,0,70720,0,32911424,29745536,3165888,24754112,16252864,16252864
2026-05-13T15:11:42+01:00,server,76991746,4067,2502147,1545688087,2550,0,70720,0,32911424,29743104,3168320,24751616,16252864,16252864
2026-05-13T15:11:43+01:00,server,76992939,4067,2502151,1545691793,2550,0,70720,0,32911424,29746624,3164800,24755136,16252864,16252864
2026-05-13T15:11:44+01:00,server,76994175,4067,2502160,1545695465,2550,0,70721,0,32911424,29748160,3163264,24756672,16252864,16252864
2026-05-13T15:11:45+01:00,server,76995365,4067,2502171,1545699165,2550,0,70721,0,32911424,29749184,3162240,24757696,16252864,16252864
2026-05-13T15:11:46+01:00,server,76996589,4067,2502183,1545702828,2550,0,70722,0,32911424,29749760,3161664,24758272,16252864,16252864
2026-05-13T15:11:47+01:00,server,76997778,4067,2502192,1545706529,2550,0,70722,0,32911424,29748608,3162816,24757120,16252864,16252864
2026-05-13T15:11:48+01:00,server,76999034,4067,2502209,1545710169,2550,0,70723,0,32911424,29748928,3162496,24757376,16252864,16252864
2026-05-13T15:11:49+01:00,server,77000230,4067,2502218,1545713869,2550,0,70725,0,32911424,29748544,3162880,24756992,16252864,16252864
2026-05-13T15:11:50+01:00,server,77001455,4067,2502230,1545717537,2550,0,70726,0,32911424,29748992,3162432,24757440,16252864,16252864
2026-05-13T15:11:51+01:00,server,77002663,4067,2502240,1545721236,2550,0,70726,0,32911424,29748608,3162816,24757056,16252864,16252864
2026-05-13T15:11:52+01:00,server,77003892,4067,2502253,1545724901,2550,0,70726,0,32911424,29752448,3158976,24760896,16252864,16252864
2026-05-13T15:11:53+01:00,server,77005084,4067,2502263,1545728600,2550,0,70726,0,32911424,29752256,3159168,24760704,16252864,16252864
2026-05-13T15:11:54+01:00,server,77006317,4067,2502271,1545732268,2550,0,70726,0,32911424,29752640,3158784,24761088,16252864,16252864
2026-05-13T15:11:55+01:00,server,77007521,4067,2502284,1545735965,2550,0,70728,0,32911424,29750784,3160640,24759168,16252864,16252864
2026-05-13T15:11:56+01:00,server,77008746,4067,2502289,1545739642,2550,0,70728,0,32911424,29751744,3159680,24760128,16252864,16252864
2026-05-13T15:11:57+01:00,server,77009941,4067,2502298,1545743345,2550,0,70729,0,32911424,29754048,3157376,24762432,16252864,16252864
2026-05-13T15:11:58+01:00,server,77011181,4067,2502308,1545747014,2550,0,70729,0,32911424,29754624,3156800,24763008,16252864,16252864
2026-05-13T15:11:59+01:00,server,77012378,4067,2502316,1545750713,2550,0,70730,0,32911424,29754048,3157376,24762432,16252864,16252864
2026-05-13T15:12:00+01:00,server,77013610,4067,2502322,1545754380,2550,0,70730,0,32911424,29755200,3156224,24763584,16252864,16252864
2026-05-13T15:12:01+01:00,server,77014822,4067,2502333,1545758078,2550,0,70731,0,32911424,29755328,3156096,24763712,16252864,16252864
2026-05-13T15:12:02+01:00,server,77016051,4067,2502340,1545761745,2550,0,70731,0,32911424,29755136,3156288,24763520,16252864,16252864
2026-05-13T15:12:03+01:00,server,77017276,4067,2502360,1545765415,2550,0,70732,0,32911424,29756992,3154432,24765312,16252864,16252864
2026-05-13T15:12:04+01:00,server,77018502,4067,2502368,1545769083,2550,0,70733,0,32911424,29755648,3155776,24763968,16252864,16252864
2026-05-13T15:12:05+01:00,server,77019714,4067,2502374,1545772781,2550,0,70734,0,32911424,29754688,3156736,24763008,16252864,16252864
2026-05-13T15:12:06+01:00,server,77020941,4067,2502385,1545776448,2550,0,70734,0,32911424,29752960,3158464,24761280,16252864,16252864
2026-05-13T15:12:07+01:00,server,77022134,4067,2502393,1545780147,2550,0,70734,0,32911424,29755072,3156352,24763392,16252864,16252864
2026-05-13T15:12:08+01:00,server,77023374,4067,2502404,1545783814,2550,0,70734,0,32911424,29753408,3158016,24761728,16252864,16252864
2026-05-13T15:12:09+01:00,server,77024557,4067,2502411,1545787531,2550,0,70734,0,32911424,29754816,3156608,24763072,16252864,16252864
2026-05-13T15:12:10+01:00,server,77025762,4067,2502423,1545791222,2550,0,70734,0,32911424,29756800,3154624,24765056,16252864,16252864
2026-05-13T15:12:11+01:00,server,77026992,4067,2502436,1545794905,2550,0,70734,0,32911424,29757184,3154240,24765440,16252864,16252864
2026-05-13T15:12:12+01:00,server,77028217,4067,2502449,1545798589,2550,0,70734,0,32911424,29757184,3154240,24765440,16252864,16252864
2026-05-13T15:12:13+01:00,server,77029416,4067,2502460,1545802276,2550,0,70734,0,32911424,29756416,3155008,24764672,16252864,16252864
2026-05-13T15:12:14+01:00,server,77030610,4067,2502471,1545805960,2550,0,70735,0,32911424,29755072,3156352,24763328,16252864,16252864
2026-05-13T15:12:15+01:00,server,77031825,4067,2502485,1545809646,2550,0,70735,0,32911424,29755264,3156160,24763520,16252864,16252864
2026-05-13T15:12:16+01:00,server,77033050,4067,2502495,1545813332,2550,0,70735,0,32911424,29753536,3157888,24761792,16252864,16252864
2026-05-13T15:12:17+01:00,server,77034251,4067,2502508,1545817017,2550,0,70735,0,32911424,29754688,3156736,24762944,16252864,16252864
2026-05-13T15:12:18+01:00,server,77035505,4067,2502525,1545820668,2550,0,70735,0,32911424,29752640,3158784,24760896,16252864,16252864
2026-05-13T15:12:19+01:00,server,77036726,4067,2502537,1545824354,2550,0,70735,0,32911424,29751808,3159616,24760064,16252864,16252864
2026-05-13T15:12:20+01:00,server,77037937,4067,2502548,1545828041,2550,0,70735,0,32911424,29751232,3160192,24759488,16252864,16252864
2026-05-13T15:12:21+01:00,server,77039173,4067,2502560,1545831729,2550,0,70735,0,32911424,29753600,3157824,24761856,16252864,16252864
2026-05-13T15:12:22+01:00,server,77040384,4067,2502565,1545835424,2550,0,70735,0,32911424,29755904,3155520,24764160,16252864,16252864
2026-05-13T15:12:23+01:00,server,77041603,4067,2502574,1545839117,2550,0,70736,0,32911424,29757824,3153600,24766080,16252864,16252864
2026-05-13T15:12:24+01:00,server,77042810,4067,2502585,1545842806,2550,0,70736,0,32911424,29758080,3153344,24766272,16252864,16252864
2026-05-13T15:12:26+01:00,server,77044025,4067,2502598,1545846495,2550,0,70736,0,32911424,29757376,3154048,24765568,16252864,16252864
2026-05-13T15:12:27+01:00,server,77045235,4067,2502608,1545850183,2550,0,70736,0,32911424,29757760,3153664,24765952,16252864,16252864
2026-05-13T15:12:28+01:00,server,77046443,4067,2502622,1545853873,2550,0,70736,0,32911424,29757696,3153728,24765888,16252864,16252864
2026-05-13T15:12:29+01:00,server,77047660,4067,2502636,1545857561,2550,0,70736,0,32911424,29759424,3152000,24767616,16252864,16252864
2026-05-13T15:12:30+01:00,server,77048856,4067,2502651,1545861249,2550,0,70736,0,32911424,29757504,3153920,24765696,16252864,16252864
2026-05-13T15:12:31+01:00,server,77050090,4067,2502661,1545864926,2550,0,70738,0,32911424,29754880,3156544,24763008,16252864,16252864
2026-05-13T15:12:32+01:00,server,77051376,4067,2502696,1545868513,2550,0,70739,0,32911424,29748736,3162688,24756864,16252864,16252864
2026-05-13T15:12:33+01:00,server,77052670,4067,2502723,1545872089,2550,0,70740,0,32911424,29753792,3157632,24761920,16252864,16252864
2026-05-13T15:12:34+01:00,server,77053883,4067,2502736,1545875779,2550,0,70740,0,32911424,29750976,3160448,24759104,16252864,16252864
2026-05-13T15:12:35+01:00,server,77055095,4067,2502748,1545879472,2550,0,70740,0,32911424,29749632,3161792,24757760,16252864,16252864
2026-05-13T15:12:36+01:00,server,77056322,4067,2502753,1545883171,2550,0,70740,0,32911424,29750848,3160576,24758976,16252864,16252864
2026-05-13T15:12:37+01:00,server,77057533,4067,2502762,1545886863,2550,0,70741,0,32911424,29751424,3160000,24759552,16252864,16252864
2026-05-13T15:12:38+01:00,server,77058754,4067,2502775,1545890553,2550,0,70741,0,32911424,29750144,3161280,24758272,16252864,16252864
2026-05-13T15:12:39+01:00,server,77059952,4067,2502788,1545894243,2550,0,70741,0,32911424,29751872,3159552,24760000,16252864,16252864
2026-05-13T15:12:40+01:00,server,77061155,4067,2502808,1545897932,2550,0,70742,0,32911424,29751168,3160256,24759296,16252864,16252864
2026-05-13T15:12:41+01:00,server,77062369,4067,2502820,1545901622,2550,0,70743,0,32911424,29751744,3159680,24759872,16252864,16252864
2026-05-13T15:12:42+01:00,server,77063560,4067,2502834,1545905314,2550,0,70744,0,32911424,29751936,3159488,24760064,16252864,16252864
2026-05-13T15:12:43+01:00,server,77064763,4067,2502848,1545909005,2550,0,70744,0,32911424,29754432,3156992,24762560,16252864,16252864
2026-05-13T15:12:44+01:00,server,77065969,4067,2502857,1545912696,2550,0,70745,0,32911424,29751936,3159488,24760064,16252864,16252864
2026-05-13T15:12:45+01:00,server,77067179,4067,2502871,1545916388,2550,0,70745,0,32911424,29749632,3161792,24757760,16252864,16252864
2026-05-13T15:12:46+01:00,server,77068385,4067,2502883,1545920079,2550,0,70745,0,32911424,29750400,3161024,24758528,16252864,16252864
2026-05-13T15:12:47+01:00,server,77069586,4067,2502897,1545923772,2550,0,70745,0,32911424,29750464,3160960,24758592,16252864,16252864
2026-05-13T15:12:48+01:00,server,77070813,4067,2502924,1545927459,2550,0,70745,0,32911424,29741568,3169856,24749696,16252864,16252864
2026-05-13T15:12:49+01:00,server,77072010,4067,2502925,1545931161,2550,0,70745,0,32911424,29737536,3173888,24745664,16252864,16252864
2026-05-13T15:12:50+01:00,server,77073214,4070,2502936,1545934851,2550,0,70745,0,32911424,29734400,3177024,24742528,16252864,16252864
2026-05-13T15:12:51+01:00,server,77074454,4070,2502947,1545938519,2550,0,70747,0,32911424,29739264,3172160,24747392,16252864,16252864
2026-05-13T15:12:52+01:00,server,77075650,4070,2502954,1545942212,2550,0,70749,0,32911424,29738112,3173312,24746240,16252864,16252864
2026-05-13T15:12:53+01:00,server,77076860,4070,2502965,1545945897,2550,0,70751,0,32911424,29739520,3171904,24747648,16252864,16252864
2026-05-13T15:12:54+01:00,server,77078090,4070,2502976,1545949573,2550,0,70751,0,32911424,29738688,3172736,24746816,16252864,16252864
2026-05-13T15:12:55+01:00,server,77079288,4070,2502987,1545953268,2550,0,70753,0,32911424,29738880,3172544,24747008,16252864,16252864
2026-05-13T15:12:56+01:00,server,77080512,4070,2502998,1545956936,2550,0,70753,0,32911424,29736128,3175296,24744192,16252864,16252864
2026-05-13T15:12:57+01:00,server,77081719,4070,2503009,1545960629,2550,0,70754,0,32911424,29736256,3175168,24744320,16252864,16252864
2026-05-13T15:12:58+01:00,server,77082920,4070,2503021,1545964322,2550,0,70754,0,32911424,29737408,3174016,24745472,16252864,16252864
2026-05-13T15:12:59+01:00,server,77084148,4070,2503028,1545967991,2550,0,70754,0,32911424,29737216,3174208,24745280,16252864,16252864
2026-05-13T15:13:00+01:00,server,77085348,4070,2503038,1545971683,2550,0,70755,0,32911424,29729152,3182272,24737216,16252864,16252864
2026-05-13T15:13:01+01:00,server,77086586,4070,2503047,1545975353,2550,0,70756,0,32911424,29733760,3177664,24741824,16252864,16252864
2026-05-13T15:13:02+01:00,server,77087802,4070,2503057,1545979040,2550,0,70757,0,32911424,29727808,3183616,24735872,16252864,16252864
2026-05-13T15:13:03+01:00,server,77089035,4070,2503083,1545982732,2550,0,70758,0,32911424,29730688,3180736,24738752,16252864,16252864
2026-05-13T15:13:04+01:00,server,77090262,4070,2503092,1545986401,2550,0,70759,0,32911424,29729152,3182272,24737216,16252864,16252864
2026-05-13T15:13:05+01:00,server,77091477,4070,2503101,1545990094,2550,0,70760,0,32911424,29729536,3181888,24737600,16252864,16252864
2026-05-13T15:13:06+01:00,server,77092676,4070,2503110,1545993787,2550,0,70761,0,32911424,29730944,3180480,24739008,16252864,16252864
2026-05-13T15:13:07+01:00,server,77093903,4070,2503122,1545997457,2550,0,70762,0,32911424,29731200,3180224,24739264,16252864,16252864
2026-05-13T15:13:09+01:00,server,77095121,4070,2503132,1546001153,2550,0,70763,0,32911424,29731392,3180032,24739456,16252864,16252864
2026-05-13T15:13:10+01:00,server,77096347,4070,2503144,1546004826,2550,0,70764,0,32911424,29731392,3180032,24739456,16252864,16252864
2026-05-13T15:13:11+01:00,server,77097554,4070,2503153,1546008512,2550,0,70765,0,32911424,29731392,3180032,24739456,16252864,16252864
2026-05-13T15:13:12+01:00,server,77098767,4070,2503166,1546012206,2550,0,70766,0,32911424,29732736,3178688,24740800,16252864,16252864
2026-05-13T15:13:13+01:00,server,77099995,4070,2503174,1546015874,2550,0,70766,0,32911424,29729664,3181760,24737728,16252864,16252864
2026-05-13T15:13:14+01:00,server,77101192,4070,2503186,1546019568,2550,0,70767,0,32911424,29731648,3179776,24739712,16252864,16252864
2026-05-13T15:13:15+01:00,server,77102409,4070,2503194,1546023265,2550,0,70769,0,32911424,29728320,3183104,24736320,16252864,16252864
2026-05-13T15:13:16+01:00,server,77103632,4070,2503198,1546026944,2550,0,70770,0,32911424,29731584,3179840,24739584,16252864,16252864
2026-05-13T15:13:17+01:00,server,77104847,4070,2503208,1546030642,2550,0,70770,0,32911424,29733824,3177600,24741824,16252864,16252864
2026-05-13T15:13:18+01:00,server,77106129,4070,2503224,1546034281,2550,0,70770,0,32911424,29734336,3177088,24742208,16252864,16252864
2026-05-13T15:13:19+01:00,server,77107324,4070,2503238,1546037975,2550,0,70770,0,32911424,29734272,3177152,24742144,16252864,16252864
2026-05-13T15:13:20+01:00,server,77108541,4070,2503249,1546041669,2550,0,70770,0,32911424,29734656,3176768,24742528,16252864,16252864
2026-05-13T15:13:21+01:00,server,77109765,4070,2503259,1546045340,2550,0,70771,0,32911424,29734656,3176768,24742528,16252864,16252864
2026-05-13T15:13:22+01:00,server,77110978,4070,2503270,1546049036,2550,0,70772,0,32911424,29735360,3176064,24743232,16252864,16252864
2026-05-13T15:13:23+01:00,server,77112177,4070,2503276,1546052731,2550,0,70773,0,32911424,29735232,3176192,24743104,16252864,16252864
2026-05-13T15:13:24+01:00,server,77113403,4070,2503287,1546056402,2550,0,70774,0,32911424,29739200,3172224,24747136,16252864,16252864
2026-05-13T15:13:25+01:00,server,77114621,4070,2503298,1546060101,2550,0,70774,0,32911424,29733248,3178176,24741184,16252864,16252864
2026-05-13T15:13:26+01:00,server,77115848,4070,2503310,1546063774,2550,0,70774,0,32911424,29733824,3177600,24741696,16252864,16252864
2026-05-13T15:13:27+01:00,server,77117064,4070,2503323,1546067467,2550,0,70774,0,32911424,29729984,3181440,24737856,16252864,16252864
2026-05-13T15:13:28+01:00,server,77118261,4070,2503330,1546071164,2550,0,70774,0,32911424,29734016,3177408,24741952,16252864,16252864
2026-05-13T15:13:29+01:00,server,77119486,4070,2503336,1546074846,2550,0,70774,0,32911424,29736320,3175104,24744256,16252864,16252864
2026-05-13T15:13:30+01:00,server,77120704,4070,2503348,1546078542,2551,0,70775,0,32911424,29735744,3175680,24743680,16252864,16252864
2026-05-13T15:13:31+01:00,server,77121907,4070,2503360,1546082236,2551,0,70775,0,32911424,29736320,3175104,24744256,16252864,16252864
2026-05-13T15:13:32+01:00,server,77123145,4070,2503372,1546085909,2551,0,70775,0,32911424,29735104,3176320,24743040,16252864,16252864
2026-05-13T15:13:33+01:00,server,77124363,4070,2503388,1546089580,2551,0,70776,0,32911424,29735168,3176256,24743040,16252864,16252864
2026-05-13T15:13:34+01:00,server,77125602,4070,2503399,1546093254,2551,0,70776,0,32911424,29736320,3175104,24744192,16252864,16252864
2026-05-13T15:13:35+01:00,server,77126809,4070,2503408,1546096948,2551,0,70776,0,32911424,29734976,3176448,24742848,16252864,16252864
2026-05-13T15:13:36+01:00,server,77128008,4070,2503418,1546100645,2551,0,70778,0,32911424,29735936,3175488,24743808,16252864,16252864
2026-05-13T15:13:37+01:00,server,77129245,4070,2503429,1546104317,2551,0,70778,0,32911424,29730752,3180672,24738624,16252864,16252864
2026-05-13T15:13:38+01:00,server,77130441,4070,2503443,1546108014,2551,0,70778,0,32911424,29735552,3175872,24743424,16252864,16252864
2026-05-13T15:13:39+01:00,server,77131657,4070,2503454,1546111708,2551,0,70778,0,32911424,29730944,3180480,24738816,16252864,16252864
2026-05-13T15:13:40+01:00,server,77132864,4070,2503464,1546115391,2551,0,70778,0,32911424,29733632,3177792,24741504,16252864,16252864
2026-05-13T15:13:41+01:00,server,77134089,4070,2503473,1546119081,2551,0,70778,0,32911424,29733696,3177728,24741568,16252864,16252864
2026-05-13T15:13:42+01:00,server,77135303,4070,2503479,1546122771,2551,0,70778,0,32911424,29736256,3175168,24744128,16252864,16252864
2026-05-13T15:13:43+01:00,server,77136526,4070,2503488,1546126453,2551,0,70779,0,32911424,29734336,3177088,24742208,16252864,16252864
2026-05-13T15:13:44+01:00,server,77137744,4070,2503501,1546130138,2551,0,70779,0,32911424,29736448,3174976,24744320,16252864,16252864
2026-05-13T15:13:45+01:00,server,77138972,4070,2503512,1546133820,2551,0,70779,0,32911424,29734720,3176704,24742592,16252864,16252864
2026-05-13T15:13:46+01:00,server,77140174,4070,2503523,1546137506,2551,0,70780,0,32911424,29735360,3176064,24743232,16252864,16252864
2026-05-13T15:13:47+01:00,server,77141441,4070,2503545,1546141158,2551,0,70780,0,32911424,29734784,3176640,24742656,16252864,16252864
2026-05-13T15:13:48+01:00,server,77142659,4070,2503559,1546144842,2551,0,70780,0,32911424,29735040,3176384,24742912,16252864,16252864
2026-05-13T15:13:49+01:00,server,77143882,4070,2503570,1546148529,2551,0,70780,0,32911424,29733888,3177536,24741760,16252864,16252864
2026-05-13T15:13:51+01:00,server,77145090,4070,2503583,1546152216,2551,0,70780,0,32911424,29735424,3176000,24743296,16252864,16252864
2026-05-13T15:13:52+01:00,server,77146301,4070,2503598,1546155903,2551,0,70781,0,32911424,29732736,3178688,24740608,16252864,16252864
2026-05-13T15:13:53+01:00,server,77147521,4070,2503609,1546159590,2551,0,70782,0,32911424,29732928,3178496,24740800,16252864,16252864
2026-05-13T15:13:54+01:00,server,77148752,4070,2503620,1546163276,2551,0,70783,0,32911424,29731776,3179648,24739648,16252864,16252864
2026-05-13T15:13:55+01:00,server,77149954,4070,2503626,1546166974,2551,0,70783,0,32911424,29735616,3175808,24743488,16252864,16252864
2026-05-13T15:13:56+01:00,server,77151176,4070,2503635,1546170665,2551,0,70783,0,32911424,29733312,3178112,24741184,16252864,16252864
2026-05-13T15:13:57+01:00,server,77152385,4070,2503642,1546174353,2551,0,70783,0,32911424,29734848,3176576,24742720,16252864,16252864
2026-05-13T15:13:58+01:00,server,77153602,4070,2503653,1546178043,2551,0,70783,0,32911424,29732736,3178688,24740608,16252864,16252864
2026-05-13T15:13:59+01:00,server,77154822,4070,2503666,1546181732,2551,0,70783,0,32911424,29734848,3176576,24742720,16252864,16252864
2026-05-13T15:14:00+01:00,server,77156037,4070,2503678,1546185419,2551,0,70784,0,32911424,29734336,3177088,24742208,16252864,16252864
2026-05-13T15:14:01+01:00,server,77157253,4070,2503692,1546189107,2551,0,70784,0,32911424,29735360,3176064,24743232,16252864,16252864
2026-05-13T15:14:02+01:00,server,77158463,4070,2503708,1546192799,2551,0,70784,0,32911424,29734784,3176640,24742656,16252864,16252864
2026-05-13T15:14:03+01:00,server,77159683,4070,2503729,1546196456,2551,0,70785,0,32911424,29733888,3177536,24741760,16252864,16252864
2026-05-13T15:14:04+01:00,server,77160908,4070,2503740,1546200146,2551,0,70786,0,32911424,29731008,3180416,24738880,16252864,16252864
2026-05-13T15:14:05+01:00,server,77162122,4070,2503749,1546203834,2551,0,70787,0,32911424,29731584,3179840,24739456,16252864,16252864
2026-05-13T15:14:06+01:00,server,77163343,4070,2503764,1546207524,2551,0,70788,0,32911424,29727680,3183744,24735552,16252864,16252864
2026-05-13T15:14:07+01:00,server,77164561,4070,2503772,1546211218,2551,0,70788,0,32911424,29729152,3182272,24737024,16252864,16252864
2026-05-13T15:14:08+01:00,server,77165783,4070,2503778,1546214916,2551,0,70788,0,32911424,29731136,3180288,24739008,16252864,16252864
2026-05-13T15:14:09+01:00,server,77166990,4070,2503789,1546218606,2551,0,70788,0,32911424,29730624,3180800,24738496,16252864,16252864
2026-05-13T15:14:10+01:00,server,77168189,4070,2503804,1546222297,2551,0,70788,0,32911424,29731328,3180096,24739200,16252864,16252864
2026-05-13T15:14:11+01:00,server,77169400,4070,2503815,1546225988,2551,0,70789,0,32911424,29729792,3181632,24737664,16252864,16252864
2026-05-13T15:14:12+01:00,server,77170612,4070,2503826,1546229676,2551,0,70789,0,32911424,29731136,3180288,24739008,16252864,16252864
2026-05-13T15:14:13+01:00,server,77171820,4070,2503839,1546233367,2551,0,70789,0,32911424,29730432,3180992,24738304,16252864,16252864
2026-05-13T15:14:14+01:00,server,77173035,4070,2503854,1546237060,2551,0,70789,0,32911424,29730048,3181376,24737920,16252864,16252864
2026-05-13T15:14:15+01:00,server,77174253,4070,2503865,1546240750,2551,0,70790,0,32911424,29731008,3180416,24738880,16252864,16252864
2026-05-13T15:14:16+01:00,server,77175448,4070,2503878,1546244440,2551,0,70790,0,32911424,29730304,3181120,24738176,16252864,16252864
2026-05-13T15:14:17+01:00,server,77176656,4070,2503888,1546248131,2551,0,70790,0,32911424,29734720,3176704,24742592,16252864,16252864
2026-05-13T15:14:18+01:00,server,77177873,4070,2503918,1546251824,2551,0,70790,0,32911424,29715712,3195712,24723520,16252864,16252864
2026-05-13T15:14:19+01:00,server,77179073,4070,2503925,1546255512,2551,0,70791,0,32911424,29714048,3197376,24721856,16252864,16252864
2026-05-13T15:14:20+01:00,server,77180297,4070,2503932,1546259186,2551,0,70792,0,32911424,29713856,3197568,24721664,16252864,16252864
2026-05-13T15:14:21+01:00,server,77181510,4070,2503938,1546262883,2551,0,70792,0,32911424,29716224,3195200,24724032,16252864,16252864
2026-05-13T15:14:22+01:00,server,77182712,4070,2503949,1546266572,2551,0,70792,0,32911424,29716864,3194560,24724672,16252864,16252864
2026-05-13T15:14:23+01:00,server,77183939,4070,2503959,1546270241,2551,0,70792,0,32911424,29717824,3193600,24725632,16252864,16252864
2026-05-13T15:14:24+01:00,server,77185158,4070,2503970,1546273931,2551,0,70792,0,32911424,29715520,3195904,24723328,16252864,16252864
2026-05-13T15:14:25+01:00,server,77186364,4070,2503979,1546277622,2551,0,70793,0,32911424,29720000,3191424,24727808,16252864,16252864
2026-05-13T15:14:26+01:00,server,77187592,4070,2503989,1546281292,2551,0,70793,0,32911424,29716928,3194496,24724736,16252864,16252864
2026-05-13T15:14:27+01:00,server,77188812,4070,2504000,1546284981,2551,0,70793,0,32911424,29715392,3196032,24723200,16252864,16252864
2026-05-13T15:14:28+01:00,server,77190023,4070,2504012,1546288673,2551,0,70793,0,32911424,29716736,3194688,24724544,16252864,16252864
2026-05-13T15:14:29+01:00,server,77191258,4070,2504021,1546292347,2551,0,70793,0,32911424,29717120,3194304,24724928,16252864,16252864
2026-05-13T15:14:30+01:00,server,77192464,4070,2504035,1546296031,2551,0,70793,0,32911424,29713472,3197952,24721280,16252864,16252864
2026-05-13T15:14:31+01:00,server,77193668,4070,2504046,1546299720,2551,0,70793,0,32911424,29716544,3194880,24724352,16252864,16252864
2026-05-13T15:14:33+01:00,server,77194922,4070,2504061,1546303377,2551,0,70793,0,32911424,29716864,3194560,24724672,16252864,16252864
2026-05-13T15:14:34+01:00,server,77196148,4070,2504067,1546307053,2551,0,70793,0,32911424,29713216,3198208,24721024,16252864,16252864
2026-05-13T15:14:35+01:00,server,77197353,4070,2504073,1546310754,2551,0,70793,0,32911424,29715200,3196224,24723008,16252864,16252864
2026-05-13T15:14:36+01:00,server,77198566,4070,2504083,1546314446,2551,0,70794,0,32911424,29715584,3195840,24723392,16252864,16252864
2026-05-13T15:14:37+01:00,server,77199795,4070,2504091,1546318118,2551,0,70794,0,32911424,29715456,3195968,24723264,16252864,16252864
2026-05-13T15:14:38+01:00,server,77201015,4070,2504102,1546321809,2551,0,70794,0,32911424,29716224,3195200,24724032,16252864,16252864
2026-05-13T15:14:39+01:00,server,77202225,4070,2504115,1546325501,2551,0,70794,0,32911424,29715456,3195968,24723264,16252864,16252864
2026-05-13T15:14:40+01:00,server,77203454,4070,2504124,1546329171,2551,0,70794,0,32911424,29715456,3195968,24723264,16252864,16252864
2026-05-13T15:14:41+01:00,server,77204677,4070,2504136,1546332862,2551,0,70794,0,32911424,29715456,3195968,24723264,16252864,16252864
2026-05-13T15:14:42+01:00,server,77205886,4070,2504148,1546336552,2551,0,70794,0,32911424,29715840,3195584,24723648,16252864,16252864
2026-05-13T15:14:43+01:00,server,77207113,4070,2504155,1546340222,2551,0,70794,0,32911424,29714688,3196736,24722496,16252864,16252864
2026-05-13T15:14:44+01:00,server,77208335,4070,2504161,1546343913,2551,0,70794,0,32911424,29712768,3198656,24720576,16252864,16252864
2026-05-13T15:14:45+01:00,server,77209538,4070,2504171,1546347601,2551,0,70794,0,32911424,29715648,3195776,24723456,16252864,16252864
2026-05-13T15:14:46+01:00,server,77210764,4070,2504180,1546351267,2551,0,70794,0,32911424,29716928,3194496,24724736,16252864,16252864
2026-05-13T15:14:47+01:00,server,77211980,4070,2504186,1546354962,2551,0,70795,0,32911424,29715008,3196416,24722816,16252864,16252864
2026-05-13T15:14:48+01:00,server,77213202,4070,2504206,1546358624,2551,0,70795,0,32911424,29718464,3192960,24726272,16252864,16252864
2026-05-13T15:14:49+01:00,server,77214408,4070,2504217,1546362313,2551,0,70795,0,32911424,29717504,3193920,24725312,16252864,16252864
2026-05-13T15:14:50+01:00,server,77215648,4070,2504225,1546365981,2551,0,70797,0,32911424,29716928,3194496,24724736,16252864,16252864
2026-05-13T15:14:51+01:00,server,77216861,4070,2504236,1546369670,2551,0,70797,0,32911424,29717952,3193472,24725760,16252864,16252864
2026-05-13T15:14:52+01:00,server,77218073,4070,2504244,1546373361,2551,0,70797,0,32911424,29717376,3194048,24725184,16252864,16252864
2026-05-13T15:14:53+01:00,server,77219311,4070,2504252,1546377029,2551,0,70798,0,32911424,29717696,3193728,24725504,16252864,16252864
2026-05-13T15:14:54+01:00,server,77220519,4070,2504264,1546380718,2551,0,70799,0,32911424,29716928,3194496,24724736,16252864,16252864
2026-05-13T15:14:55+01:00,server,77221722,4070,2504275,1546384409,2551,0,70799,0,32911424,29719040,3192384,24726848,16252864,16252864
2026-05-13T15:14:56+01:00,server,77222963,4070,2504284,1546388081,2551,0,70800,0,32911424,29716928,3194496,24724736,16252864,16252864
2026-05-13T15:14:57+01:00,server,77224167,4070,2504291,1546391772,2551,0,70802,0,32911424,29718272,3193152,24726080,16252864,16252864
2026-05-13T15:14:58+01:00,server,77225382,4070,2504301,1546395463,2551,0,70803,0,32911424,29716544,3194880,24724352,16252864,16252864
2026-05-13T15:14:59+01:00,server,77226611,4070,2504311,1546399130,2551,0,70803,0,32911424,29715392,3196032,24723200,16252864,16252864
2026-05-13T15:15:00+01:00,server,77227816,4070,2504315,1546402825,2551,0,70803,0,32911424,29713088,3198336,24720896,16252864,16252864
2026-05-13T15:15:01+01:00,server,77229024,4070,2504321,1546406518,2551,0,70803,0,32911424,29717056,3194368,24724864,16252864,16252864
2026-05-13T15:15:02+01:00,server,77230263,4070,2504336,1546410181,2551,0,70804,0,32911424,29710144,3201280,24717952,16252864,16252864
2026-05-13T15:15:03+01:00,server,77231526,4070,2504354,1546413835,2551,0,70804,0,32911424,29706816,3204608,24714560,16252864,16252864
2026-05-13T15:15:04+01:00,server,77232711,4070,2504366,1546417531,2551,0,70804,0,32911424,29705472,3205952,24713216,16252864,16252864
2026-05-13T15:15:05+01:00,server,77233948,4070,2504378,1546421210,2551,0,70804,0,32911424,29705728,3205696,24713472,16252864,16252864
2026-05-13T15:15:06+01:00,server,77235149,4070,2504388,1546424891,2551,0,70804,0,32911424,29705856,3205568,24713600,16252864,16252864
2026-05-13T15:15:07+01:00,server,77236372,4070,2504400,1546428573,2551,0,70804,0,32911424,29708160,3203264,24715904,16252864,16252864
2026-05-13T15:15:08+01:00,server,77237587,4070,2504410,1546432252,2551,0,70804,0,32911424,29709376,3202048,24717120,16252864,16252864
2026-05-13T15:15:09+01:00,server,77238801,4070,2504429,1546435933,2551,0,70804,0,32911424,29706880,3204544,24714624,16252864,16252864
2026-05-13T15:15:10+01:00,server,77240026,4070,2504445,1546439612,2551,0,70804,0,32911424,29706880,3204544,24714624,16252864,16252864
2026-05-13T15:15:11+01:00,server,77241238,4070,2504457,1546443286,2551,0,70804,0,32911424,29708224,3203200,24715968,16252864,16252864
2026-05-13T15:15:12+01:00,server,77242467,4070,2504467,1546446966,2551,0,70804,0,32911424,29705344,3206080,24713088,16252864,16252864
2026-05-13T15:15:13+01:00,server,77243684,4070,2504473,1546450652,2551,0,70804,0,32911424,29706880,3204544,24714624,16252864,16252864
2026-05-13T15:15:14+01:00,server,77244920,4070,2504483,1546454337,2551,0,70804,0,32911424,29711296,3200128,24718912,16252864,16252864
2026-05-13T15:15:16+01:00,server,77246146,4070,2504493,1546458019,2551,0,70805,0,32911424,29711744,3199680,24719360,16252864,16252864
2026-05-13T15:15:17+01:00,server,77247359,4070,2504512,1546461702,2551,0,70807,0,32911424,29712640,3198784,24720256,16252864,16252864
2026-05-13T15:15:18+01:00,server,77248601,4070,2504529,1546465353,2551,0,70808,0,32911424,29712640,3198784,24720256,16252864,16252864
2026-05-13T15:15:19+01:00,server,77249824,4070,2504540,1546469036,2551,0,70808,0,32911424,29713024,3198400,24720640,16252864,16252864
2026-05-13T15:15:20+01:00,server,77251050,4070,2504553,1546472718,2551,0,70808,0,32911424,29713024,3198400,24720640,16252864,16252864
2026-05-13T15:15:21+01:00,server,77252245,4070,2504565,1546476401,2551,0,70808,0,32911424,29713728,3197696,24721344,16252864,16252864
2026-05-13T15:15:22+01:00,server,77253461,4070,2504574,1546480082,2551,0,70809,0,32911424,29712704,3198720,24720320,16252864,16252864
2026-05-13T15:15:23+01:00,server,77254688,4070,2504589,1546483766,2551,0,70809,0,32911424,29716672,3194752,24724288,16252864,16252864
2026-05-13T15:15:24+01:00,server,77255913,4070,2504600,1546487449,2551,0,70809,0,32911424,29712320,3199104,24719936,16252864,16252864
2026-05-13T15:15:25+01:00,server,77257139,4070,2504608,1546491132,2551,0,70809,0,32911424,29712896,3198528,24720512,16252864,16252864
2026-05-13T15:15:26+01:00,server,77258335,4070,2504615,1546494820,2551,0,70809,0,32911424,29712896,3198528,24720512,16252864,16252864
2026-05-13T15:15:27+01:00,server,77259562,4070,2504618,1546498512,2551,0,70809,0,32911424,29714048,3197376,24721664,16252864,16252864
2026-05-13T15:15:28+01:00,server,77260772,4070,2504630,1546502197,2551,0,70809,0,32911424,29715392,3196032,24723008,16252864,16252864
2026-05-13T15:15:29+01:00,server,77261971,4070,2504644,1546505881,2551,0,70809,0,32911424,29715392,3196032,24723008,16252864,16252864
2026-05-13T15:15:30+01:00,server,77263193,4070,2504658,1546509566,2551,0,70809,0,32911424,29716032,3195392,24723648,16252864,16252864
2026-05-13T15:15:31+01:00,server,77264401,4070,2504673,1546513251,2551,0,70809,0,32911424,29715648,3195776,24723264,16252864,16252864
2026-05-13T15:15:32+01:00,server,77265629,4070,2504688,1546516936,2551,0,70809,0,32911424,29715072,3196352,24722688,16252864,16252864
2026-05-13T15:15:33+01:00,server,77266867,4070,2504703,1546520589,2551,0,70809,0,32911424,29715008,3196416,24722112,16252864,16252864
2026-05-13T15:15:34+01:00,server,77268076,4070,2504715,1546524274,2551,0,70809,0,32911424,29714624,3196800,24721728,16252864,16252864
2026-05-13T15:15:35+01:00,server,77269286,4070,2504730,1546527962,2551,0,70809,0,32911424,29714368,3197056,24721472,16252864,16252864
2026-05-13T15:15:36+01:00,server,77270500,4070,2504740,1546531646,2551,0,70810,0,32911424,29713088,3198336,24720192,16252864,16252864
2026-05-13T15:15:37+01:00,server,77271716,4070,2504755,1546535334,2551,0,70810,0,32911424,29714624,3196800,24721728,16252864,16252864
2026-05-13T15:15:38+01:00,server,77272938,4070,2504765,1546539020,2551,0,70810,0,32911424,29714112,3197312,24721216,16252864,16252864
2026-05-13T15:15:39+01:00,server,77274154,4070,2504768,1546542713,2551,0,70811,0,32911424,29716288,3195136,24723392,16252864,16252864
2026-05-13T15:15:40+01:00,server,77275374,4070,2504779,1546546408,2551,0,70811,0,32911424,29716736,3194688,24723840,16252864,16252864
2026-05-13T15:15:41+01:00,server,77276589,4070,2504790,1546550096,2551,0,70811,0,32911424,29716736,3194688,24723840,16252864,16252864
2026-05-13T15:15:42+01:00,server,77277768,4070,2504800,1546553817,2551,0,70812,0,32911424,29703104,3208320,24710208,16252864,16252864
2026-05-13T15:15:43+01:00,server,77278976,4070,2504812,1546557504,2551,0,70812,0,32911424,29703296,3208128,24710400,16252864,16252864
2026-05-13T15:15:44+01:00,server,77280204,4070,2504822,1546561172,2551,0,70812,0,32911424,29703040,3208384,24710144,16252864,16252864
2026-05-13T15:15:45+01:00,server,77281414,4070,2504835,1546564861,2551,0,70813,0,32911424,29703616,3207808,24710720,16252864,16252864
2026-05-13T15:15:46+01:00,server,77282619,4070,2504847,1546568551,2551,0,70813,0,32911424,29703808,3207616,24710912,16252864,16252864
2026-05-13T15:15:47+01:00,server,77283821,4070,2504858,1546572240,2551,0,70813,0,32911424,29703808,3207616,24710912,16252864,16252864
2026-05-13T15:15:48+01:00,server,77285109,4070,2504873,1546575874,2551,0,70813,0,32911424,29704256,3207168,24711360,16252864,16252864
2026-05-13T15:15:49+01:00,server,77286316,4070,2504881,1546579561,2551,0,70813,0,32911424,29703552,3207872,24710528,16252864,16252864
2026-05-13T15:15:50+01:00,server,77287523,4070,2504888,1546583251,2551,0,70814,0,32911424,29703104,3208320,24710080,16252864,16252864
2026-05-13T15:15:51+01:00,server,77288748,4070,2504899,1546586919,2551,0,70815,0,32911424,29702208,3209216,24709184,16252864,16252864
2026-05-13T15:15:52+01:00,server,77289962,4070,2504906,1546590613,2551,0,70815,0,32911424,29701248,3210176,24708224,16252864,16252864
2026-05-13T15:15:53+01:00,server,77291166,4070,2504913,1546594307,2551,0,70815,0,32911424,29705088,3206336,24712064,16252864,16252864
2026-05-13T15:15:54+01:00,server,77292390,4070,2504922,1546597981,2551,0,70815,0,32911424,29705472,3205952,24712448,16252864,16252864
2026-05-13T15:15:55+01:00,server,77293611,4070,2504935,1546601663,2551,0,70815,0,32911424,29702976,3208448,24709952,16252864,16252864
2026-05-13T15:15:56+01:00,server,77294809,4070,2504946,1546605354,2551,0,70815,0,32911424,29704896,3206528,24711872,16252864,16252864
2026-05-13T15:15:57+01:00,server,77296017,4070,2504958,1546609043,2551,0,70815,0,32911424,29705088,3206336,24712064,16252864,16252864
2026-05-13T15:15:59+01:00,server,77297257,4070,2504970,1546612717,2551,0,70815,0,32911424,29705472,3205952,24712448,16252864,16252864
2026-05-13T15:16:00+01:00,server,77298465,4070,2504982,1546616409,2551,0,70815,0,32911424,29705856,3205568,24712832,16252864,16252864
2026-05-13T15:16:01+01:00,server,77299675,4070,2504993,1546620102,2551,0,70815,0,32911424,29704896,3206528,24711872,16252864,16252864
2026-05-13T15:16:02+01:00,server,77300893,4070,2505003,1546623777,2551,0,70815,0,32911424,29705664,3205760,24712640,16252864,16252864
2026-05-13T15:16:03+01:00,server,77302134,4070,2505030,1546627426,2551,0,70815,0,32911424,29704832,3206592,24711808,16252864,16252864
2026-05-13T15:16:04+01:00,server,77303357,4070,2505040,1546631117,2551,0,70816,0,32911424,29700416,3211008,24707392,16252864,16252864
2026-05-13T15:16:05+01:00,server,77304570,4070,2505048,1546634805,2551,0,70816,0,32911424,29703872,3207552,24710848,16252864,16252864
2026-05-13T15:16:06+01:00,server,77305795,4070,2505053,1546638481,2551,0,70816,0,32911424,29703296,3208128,24710272,16252864,16252864
2026-05-13T15:16:07+01:00,server,77307015,4070,2505061,1546642174,2551,0,70816,0,32911424,29704832,3206592,24711808,16252864,16252864
2026-05-13T15:16:08+01:00,server,77308223,4070,2505069,1546645863,2551,0,70817,0,32911424,29704896,3206528,24711872,16252864,16252864
2026-05-13T15:16:09+01:00,server,77309448,4070,2505079,1546649533,2551,0,70818,0,32911424,29704704,3206720,24711680,16252864,16252864
2026-05-13T15:16:10+01:00,server,77310670,4070,2505092,1546653218,2551,0,70818,0,32911424,29705280,3206144,24712192,16252864,16252864
2026-05-13T15:16:11+01:00,server,77311879,4070,2505100,1546656909,2551,0,70818,0,32911424,29704768,3206656,24711680,16252864,16252864
2026-05-13T15:16:12+01:00,server,77313090,4070,2505109,1546660597,2551,0,70819,0,32911424,29704384,3207040,24711296,16252864,16252864
2026-05-13T15:16:13+01:00,server,77314318,4070,2505118,1546664265,2551,0,70819,0,32911424,29704384,3207040,24711296,16252864,16252864
2026-05-13T15:16:14+01:00,server,77315538,4070,2505129,1546667953,2551,0,70819,0,32911424,29704192,3207232,24711104,16252864,16252864
2026-05-13T15:16:15+01:00,server,77316748,4070,2505139,1546671641,2551,0,70819,0,32911424,29704640,3206784,24711552,16252864,16252864
2026-05-13T15:16:16+01:00,server,77317972,4070,2505152,1546675308,2551,0,70819,0,32911424,29700224,3211200,24707136,16252864,16252864
2026-05-13T15:16:17+01:00,server,77319194,4070,2505165,1546678995,2551,0,70819,0,32911424,29698880,3212544,24705792,16252864,16252864
2026-05-13T15:16:18+01:00,server,77320421,4070,2505189,1546682653,2551,0,70819,0,32911424,29704064,3207360,24710976,16252864,16252864
2026-05-13T15:16:19+01:00,server,77321626,4070,2505192,1546686349,2551,0,70819,0,32911424,29701760,3209664,24708672,16252864,16252864
2026-05-13T15:16:20+01:00,server,77322865,4070,2505200,1546690021,2551,0,70819,0,32911424,29702592,3208832,24709504,16252864,16252864
2026-05-13T15:16:21+01:00,server,77324077,4070,2505208,1546693711,2551,0,70819,0,32911424,29705920,3205504,24712832,16252864,16252864
2026-05-13T15:16:22+01:00,server,77325281,4070,2505216,1546697400,2551,0,70820,0,32911424,29704832,3206592,24711744,16252864,16252864
2026-05-13T15:16:23+01:00,server,77326501,4070,2505228,1546701093,2551,0,70820,0,32911424,29704448,3206976,24711360,16252864,16252864
2026-05-13T15:16:24+01:00,server,77327728,4070,2505240,1546704762,2551,0,70820,0,32911424,29704832,3206592,24711744,16252864,16252864
2026-05-13T15:16:25+01:00,server,77328928,4070,2505251,1546708451,2551,0,70820,0,32911424,29703808,3207616,24710720,16252864,16252864
2026-05-13T15:16:26+01:00,server,77330162,4070,2505258,1546712131,2551,0,70820,0,32911424,29703808,3207616,24710720,16252864,16252864
2026-05-13T15:16:27+01:00,server,77331387,4070,2505268,1546715807,2551,0,70820,0,32911424,29702400,3209024,24709312,16252864,16252864
2026-05-13T15:16:28+01:00,server,77332607,4070,2505277,1546719487,2551,0,70820,0,32911424,29703744,3207680,24710656,16252864,16252864
2026-05-13T15:16:29+01:00,server,77333835,4070,2505286,1546723168,2551,0,70820,0,32911424,29706048,3205376,24712960,16252864,16252864
2026-05-13T15:16:30+01:00,server,77335037,4070,2505298,1546726853,2551,0,70820,0,32911424,29701632,3209792,24708544,16252864,16252864
2026-05-13T15:16:31+01:00,server,77336253,4070,2505308,1546730535,2551,0,70820,0,32911424,29702784,3208640,24709696,16252864,16252864
2026-05-13T15:16:32+01:00,server,77337479,4070,2505313,1546734225,2551,0,70820,0,32911424,29702400,3209024,24709312,16252864,16252864
2026-05-13T15:16:33+01:00,server,77338704,4070,2505327,1546737873,2551,0,70820,0,32911424,29701440,3209984,24708288,16252864,16252864
2026-05-13T15:16:34+01:00,server,77339923,4070,2505338,1546741553,2551,0,70820,0,32911424,29697984,3213440,24704832,16252864,16252864
2026-05-13T15:16:35+01:00,server,77341144,4070,2505353,1546745234,2551,0,70820,0,32911424,29698560,3212864,24705408,16252864,16252864
2026-05-13T15:16:36+01:00,server,77342353,4070,2505362,1546748916,2551,0,70820,0,32911424,29700288,3211136,24707136,16252864,16252864
2026-05-13T15:16:37+01:00,server,77343591,4070,2505374,1546752596,2551,0,70820,0,32911424,29700096,3211328,24706944,16252864,16252864
2026-05-13T15:16:38+01:00,server,77344801,4070,2505390,1546756280,2551,0,70820,0,32911424,29700160,3211264,24707008,16252864,16252864
2026-05-13T15:16:39+01:00,server,77346033,4070,2505405,1546759961,2551,0,70823,0,32911424,29699776,3211648,24706624,16252864,16252864
2026-05-13T15:16:40+01:00,server,77347235,4070,2505419,1546763642,2551,0,70823,0,32911424,29700224,3211200,24707072,16252864,16252864
2026-05-13T15:16:41+01:00,server,77348475,4070,2505429,1546767323,2551,0,70823,0,32911424,29699264,3212160,24706112,16252864,16252864
2026-05-13T15:16:43+01:00,server,77349697,4070,2505441,1546771006,2551,0,70823,0,32911424,29700224,3211200,24707072,16252864,16252864
2026-05-13T15:16:44+01:00,server,77350914,4070,2505453,1546774689,2551,0,70823,0,32911424,29696192,3215232,24703040,16252864,16252864
2026-05-13T15:16:45+01:00,server,77352144,4070,2505463,1546778377,2551,0,70823,0,32911424,29697344,3214080,24704192,16252864,16252864
2026-05-13T15:16:46+01:00,server,77353362,4070,2505468,1546782069,2551,0,70823,0,32911424,29699264,3212160,24706112,16252864,16252864
2026-05-13T15:16:47+01:00,server,77354590,4070,2505479,1546785755,2551,0,70823,0,32911424,29700224,3211200,24707072,16252864,16252864
2026-05-13T15:16:48+01:00,server,77355862,4070,2505497,1546789409,2551,0,70823,0,32911424,29699968,3211456,24706560,16252864,16252864
2026-05-13T15:16:49+01:00,server,77357094,4070,2505508,1546793094,2551,0,70823,0,32911424,29697728,3213696,24704256,16252864,16252864
2026-05-13T15:16:50+01:00,server,77358314,4070,2505517,1546796779,2551,0,70823,0,32911424,29699648,3211776,24706176,16252864,16252864
2026-05-13T15:16:51+01:00,server,77359568,4070,2505527,1546800558,2551,0,70825,0,32911424,29699072,3212352,24705600,16252864,16252864
2026-05-13T15:16:52+01:00,server,77360809,4070,2505540,1546804228,2551,0,70825,0,32911424,29700032,3211392,24706560,16252864,16252864
2026-05-13T15:16:53+01:00,server,77362025,4070,2505551,1546807912,2551,0,70825,0,32911424,29700608,3210816,24707136,16252864,16252864
2026-05-13T15:16:54+01:00,server,77363255,4070,2505562,1546811597,2551,0,70825,0,32911424,29699200,3212224,24705728,16252864,16252864
2026-05-13T15:16:55+01:00,server,77364474,4070,2505570,1546815283,2551,0,70825,0,32911424,29697344,3214080,24703872,16252864,16252864
2026-05-13T15:16:56+01:00,server,77365700,4070,2505582,1546818968,2551,0,70825,0,32911424,29697728,3213696,24704256,16252864,16252864
2026-05-13T15:16:57+01:00,server,77366918,4070,2505591,1546822655,2551,0,70826,0,32911424,29695616,3215808,24702144,16252864,16252864
2026-05-13T15:16:58+01:00,server,77368141,4070,2505601,1546826346,2551,0,70826,0,32911424,29697152,3214272,24703680,16252864,16252864
2026-05-13T15:16:59+01:00,server,77369355,4070,2505606,1546830037,2551,0,70827,0,32911424,29697984,3213440,24704448,16252864,16252864
2026-05-13T15:17:00+01:00,server,77370568,4070,2505622,1546833724,2551,0,70827,0,32911424,29698816,3212608,24705280,16252864,16252864
2026-05-13T15:17:01+01:00,server,77371807,4070,2505636,1546837409,2551,0,70827,0,32911424,29697152,3214272,24703616,16252864,16252864
2026-05-13T15:17:02+01:00,server,77373011,4070,2505654,1546841095,2551,0,70827,0,32911424,29698176,3213248,24704640,16252864,16252864
2026-05-13T15:17:03+01:00,server,77374274,4070,2505672,1546844749,2551,0,70827,0,32911424,29697984,3213440,24704384,16252864,16252864
2026-05-13T15:17:04+01:00,server,77375480,4070,2505678,1546848455,2551,0,70827,0,32911424,29684096,3227328,24690496,16252864,16252864
2026-05-13T15:17:05+01:00,server,77376699,4070,2505688,1546852130,2551,0,70827,0,32911424,29685632,3225792,24692032,16252864,16252864
2026-05-13T15:17:06+01:00,server,77377936,4070,2505700,1546855806,2551,0,70828,0,32911424,29684800,3226624,24691200,16252864,16252864
2026-05-13T15:17:07+01:00,server,77379149,4070,2505713,1546859480,2551,0,70828,0,32911424,29685440,3225984,24691840,16252864,16252864
2026-05-13T15:17:08+01:00,server,77380362,4070,2505727,1546863176,2551,0,70828,0,32911424,29686592,3224832,24692992,16252864,16252864
2026-05-13T15:17:09+01:00,server,77381580,4070,2505738,1546866848,2551,0,70828,0,32911424,29682176,3229248,24688576,16252864,16252864
2026-05-13T15:17:10+01:00,server,77382793,4070,2505747,1546870523,2551,0,70828,0,32911424,29683968,3227456,24690368,16252864,16252864
2026-05-13T15:17:11+01:00,server,77384030,4070,2505758,1546874198,2551,0,70828,0,32911424,29682176,3229248,24688576,16252864,16252864
2026-05-13T15:17:12+01:00,server,77385238,4070,2505765,1546877875,2551,0,70828,0,32911424,29684864,3226560,24691264,16252864,16252864
2026-05-13T15:17:13+01:00,server,77386468,4070,2505777,1546881546,2551,0,70828,0,32911424,29683136,3228288,24689536,16252864,16252864
2026-05-13T15:17:14+01:00,server,77387689,4070,2505784,1546885219,2551,0,70828,0,32911424,29686144,3225280,24692544,16252864,16252864
2026-05-13T15:17:15+01:00,server,77388899,4070,2505792,1546888898,2551,0,70828,0,32911424,29683904,3227520,24690304,16252864,16252864
2026-05-13T15:17:16+01:00,server,77390139,4070,2505803,1546892577,2551,0,70828,0,32911424,29685632,3225792,24692032,16252864,16252864
2026-05-13T15:17:17+01:00,server,77391399,4070,2505825,1546896225,2551,0,70828,0,32911424,29682560,3228864,24688960,16252864,16252864
2026-05-13T15:17:18+01:00,server,77392626,4070,2505835,1546899899,2551,0,70828,0,32911424,29681536,3229888,24687936,16252864,16252864
2026-05-13T15:17:19+01:00,server,77393866,4070,2505846,1546903576,2551,0,70828,0,32911424,29680960,3230464,24687360,16252864,16252864
2026-05-13T15:17:20+01:00,server,77395079,4070,2505859,1546907254,2551,0,70829,0,32911424,29681024,3230400,24687424,16252864,16252864
2026-05-13T15:17:21+01:00,server,77396305,4070,2505872,1546910929,2551,0,70829,0,32911424,29682176,3229248,24688576,16252864,16252864
2026-05-13T15:17:23+01:00,server,77397531,4070,2505882,1546914604,2551,0,70829,0,32911424,29678144,3233280,24684544,16252864,16252864
2026-05-13T15:17:24+01:00,server,77398770,4070,2505896,1546918280,2551,0,70829,0,32911424,29682752,3228672,24689152,16252864,16252864
2026-05-13T15:17:25+01:00,server,77399994,4070,2505899,1546921966,2551,0,70831,0,32911424,29682624,3228800,24689024,16252864,16252864
2026-05-13T15:17:26+01:00,server,77401235,4070,2505908,1546925643,2551,0,70831,0,32911424,29683392,3228032,24689280,16252864,16252864
2026-05-13T15:17:27+01:00,server,77402460,4070,2505919,1546929317,2551,0,70831,0,32911424,29681536,3229888,24687360,16252864,16252864
2026-05-13T15:17:28+01:00,server,77403685,4070,2505933,1546932991,2551,0,70831,0,32911424,29681216,3230208,24686976,16252864,16252864
2026-05-13T15:17:29+01:00,server,77404927,4070,2505944,1546936665,2551,0,70831,0,32911424,29682048,3229376,24687808,16252864,16252864
2026-05-13T15:17:30+01:00,server,77406171,4070,2505955,1546940321,2551,0,70831,0,32911424,29680576,3230848,24686336,16252864,16252864
2026-05-13T15:17:31+01:00,server,77407486,4070,2505993,1546943892,2551,0,70831,0,32911424,29673728,3237696,24679488,16252864,16252864
2026-05-13T15:17:32+01:00,server,77408785,4070,2506011,1546947485,2552,0,70834,0,32911424,29679424,3232000,24685120,16252864,16252864
2026-05-13T15:17:33+01:00,server,77410063,4070,2506039,1546951128,2552,0,70834,0,32911424,29679680,3231744,24685376,16252864,16252864
2026-05-13T15:17:34+01:00,server,77411277,4070,2506050,1546954803,2552,0,70834,0,32911424,29680064,3231360,24685760,16252864,16252864
2026-05-13T15:17:35+01:00,server,77412516,4070,2506061,1546958478,2552,0,70835,0,32911424,29678912,3232512,24684608,16252864,16252864
2026-05-13T15:17:36+01:00,server,77413741,4070,2506072,1546962152,2552,0,70835,0,32911424,29679168,3232256,24684864,16252864,16252864
2026-05-13T15:17:37+01:00,server,77414980,4070,2506081,1546965830,2552,0,70835,0,32911424,29678144,3233280,24683840,16252864,16252864
2026-05-13T15:17:38+01:00,server,77416201,4070,2506088,1546969511,2552,0,70838,0,32911424,29678912,3232512,24684608,16252864,16252864
2026-05-13T15:17:39+01:00,server,77417430,4070,2506098,1546973185,2552,0,70838,0,32911424,29680384,3231040,24686016,16252864,16252864
2026-05-13T15:17:40+01:00,server,77418670,4070,2506109,1546976858,2552,0,70839,0,32911424,29679808,3231616,24685440,16252864,16252864
2026-05-13T15:17:41+01:00,server,77419896,4070,2506120,1546980531,2552,0,70839,0,32911424,29679808,3231616,24685440,16252864,16252864
2026-05-13T15:17:42+01:00,server,77421136,4070,2506132,1546984206,2552,0,70839,0,32911424,29680768,3230656,24686400,16252864,16252864
2026-05-13T15:17:43+01:00,server,77422350,4070,2506144,1546987880,2552,0,70839,0,32911424,29681152,3230272,24686784,16252864,16252864
2026-05-13T15:17:44+01:00,server,77423585,4070,2506159,1546991551,2552,0,70839,0,32911424,29681344,3230080,24686976,16252864,16252864
2026-05-13T15:17:45+01:00,server,77424814,4070,2506166,1546995225,2552,0,70839,0,32911424,29679040,3232384,24684672,16252864,16252864
2026-05-13T15:17:46+01:00,server,77426055,4070,2506177,1546998899,2552,0,70839,0,32911424,29679616,3231808,24685248,16252864,16252864
2026-05-13T15:17:47+01:00,server,77427283,4070,2506189,1547002574,2552,0,70839,0,32911424,29684224,3227200,24689856,16252864,16252864
2026-05-13T15:17:48+01:00,server,77428522,4070,2506219,1547006238,2552,0,70839,0,32911424,29680000,3231424,24685568,16252864,16252864
2026-05-13T15:17:49+01:00,server,77429748,4070,2506228,1547009912,2552,0,70840,0,32911424,29682112,3229312,24687680,16252864,16252864
2026-05-13T15:17:50+01:00,server,77430962,4074,2506234,1547013588,2552,0,70840,0,32911424,29677760,3233664,24683328,16252864,16252864
2026-05-13T15:17:51+01:00,server,77432200,4074,2506241,1547017269,2552,0,70841,0,32911424,29680320,3231104,24685824,16252864,16252864
2026-05-13T15:17:52+01:00,server,77433429,4074,2506251,1547020943,2552,0,70841,0,32911424,29680512,3230912,24686016,16252864,16252864
2026-05-13T15:17:53+01:00,server,77434663,4074,2506269,1547024619,2552,0,70841,0,32911424,29681536,3229888,24687040,16252864,16252864
2026-05-13T15:17:54+01:00,server,77435892,4074,2506278,1547028294,2552,0,70841,0,32911424,29681920,3229504,24687424,16252864,16252864
2026-05-13T15:17:55+01:00,server,77437125,4074,2506296,1547031968,2552,0,70841,0,32911424,29680192,3231232,24685696,16252864,16252864
2026-05-13T15:17:56+01:00,server,77438340,4074,2506318,1547035642,2552,0,70841,0,32911424,29680384,3231040,24685888,16252864,16252864
2026-05-13T15:17:57+01:00,server,77439570,4074,2506332,1547039317,2552,0,70841,0,32911424,29680192,3231232,24685696,16252864,16252864
2026-05-13T15:17:58+01:00,server,77440797,4074,2506344,1547042992,2552,0,70841,0,32911424,29680960,3230464,24686464,16252864,16252864
2026-05-13T15:17:59+01:00,server,77442032,4074,2506360,1547046666,2552,0,70841,0,32911424,29680192,3231232,24685696,16252864,16252864
2026-05-13T15:18:00+01:00,server,77443255,4074,2506372,1547050339,2552,0,70842,0,32911424,29678784,3232640,24684288,16252864,16252864
2026-05-13T15:18:01+01:00,server,77444481,4074,2506386,1547054013,2552,0,70842,0,32911424,29680896,3230528,24686400,16252864,16252864
2026-05-13T15:18:02+01:00,server,77445742,4074,2506405,1547057664,2552,0,70842,0,32911424,29676480,3234944,24681984,16252864,16252864
2026-05-13T15:18:03+01:00,server,77446964,4074,2506417,1547061350,2552,0,70843,0,32911424,29674560,3236864,24680000,16252864,16252864
2026-05-13T15:18:05+01:00,server,77448189,4074,2506425,1547065029,2552,0,70844,0,32911424,29677888,3233536,24683328,16252864,16252864
2026-05-13T15:18:06+01:00,server,77449427,4074,2506437,1547068705,2552,0,70844,0,32911424,29677120,3234304,24682560,16252864,16252864
2026-05-13T15:18:07+01:00,server,77450653,4074,2506449,1547072380,2552,0,70844,0,32911424,29678528,3232896,24683968,16252864,16252864
2026-05-13T15:18:08+01:00,server,77451894,4074,2506460,1547076055,2552,0,70844,0,32911424,29677504,3233920,24682944,16252864,16252864
2026-05-13T15:18:09+01:00,server,77453120,4074,2506471,1547079730,2552,0,70845,0,32911424,29679872,3231552,24685312,16252864,16252864
2026-05-13T15:18:10+01:00,server,77454343,4074,2506485,1547083402,2552,0,70845,0,32911424,29678400,3233024,24683840,16252864,16252864
2026-05-13T15:18:11+01:00,server,77455583,4074,2506495,1547087076,2552,0,70845,0,32911424,29679744,3231680,24685184,16252864,16252864
2026-05-13T15:18:12+01:00,server,77456811,4074,2506506,1547090751,2552,0,70845,0,32911424,29680320,3231104,24685760,16252864,16252864
2026-05-13T15:18:13+01:00,server,77458047,4074,2506520,1547094426,2552,0,70846,0,32911424,29677568,3233856,24683008,16252864,16252864
2026-05-13T15:18:14+01:00,server,77459274,4074,2506531,1547098101,2552,0,70846,0,32911424,29676992,3234432,24682432,16252864,16252864
2026-05-13T15:18:15+01:00,server,77460512,4074,2506546,1547101776,2552,0,70846,0,32911424,29678656,3232768,24684096,16252864,16252864
2026-05-13T15:18:16+01:00,server,77461737,4074,2506557,1547105454,2552,0,70846,0,32911424,29676992,3234432,24682304,16252864,16252864
2026-05-13T15:18:17+01:00,server,77462964,4074,2506562,1547109138,2552,0,70846,0,32911424,29679872,3231552,24685184,16252864,16252864
2026-05-13T15:18:18+01:00,server,77464229,4074,2506579,1547112779,2552,0,70846,0,32911424,29680640,3230784,24685952,16252864,16252864
2026-05-13T15:18:19+01:00,server,77465469,4074,2506589,1547116452,2552,0,70847,0,32911424,29680256,3231168,24685568,16252864,16252864
2026-05-13T15:18:20+01:00,server,77466694,4074,2506605,1547120128,2552,0,70847,0,32911424,29681216,3230208,24686528,16252864,16252864
2026-05-13T15:18:21+01:00,server,77467911,4074,2506614,1547123825,2552,0,70847,0,32911424,29680448,3230976,24685760,16252864,16252864
2026-05-13T15:18:22+01:00,server,77469130,4074,2506623,1547127500,2552,0,70847,0,32911424,29681792,3229632,24687104,16252864,16252864
2026-05-13T15:18:23+01:00,server,77470357,4074,2506636,1547131174,2552,0,70847,0,32911424,29680384,3231040,24685696,16252864,16252864
2026-05-13T15:18:24+01:00,server,77471583,4074,2506649,1547134849,2552,0,70847,0,32911424,29681600,3229824,24686912,16252864,16252864
2026-05-13T15:18:25+01:00,server,77472813,4074,2506665,1547138525,2552,0,70848,0,32911424,29680896,3230528,24686208,16252864,16252864
2026-05-13T15:18:26+01:00,server,77474046,4074,2506673,1547142201,2552,0,70848,0,32911424,29679552,3231872,24684864,16252864,16252864
2026-05-13T15:18:27+01:00,server,77475276,4074,2506680,1547145875,2552,0,70849,0,32911424,29678720,3232704,24684032,16252864,16252864
2026-05-13T15:18:28+01:00,server,77476518,4074,2506690,1547149549,2552,0,70849,0,32911424,29679104,3232320,24684416,16252864,16252864
2026-05-13T15:18:29+01:00,server,77477743,4074,2506694,1547153232,2552,0,70849,0,32911424,29678912,3232512,24684224,16252864,16252864
2026-05-13T15:18:30+01:00,server,77478972,4074,2506702,1547156911,2552,0,70849,0,32911424,29680832,3230592,24686144,16252864,16252864
2026-05-13T15:18:31+01:00,server,77480201,4074,2506712,1547160585,2552,0,70850,0,32911424,29682240,3229184,24687488,16252864,16252864
2026-05-13T15:18:32+01:00,server,77481426,4074,2506727,1547164259,2552,0,70850,0,32911424,29680704,3230720,24685952,16252864,16252864
2026-05-13T15:18:33+01:00,server,77482698,4074,2506745,1547167902,2552,0,70850,0,32911424,29682880,3228544,24688064,16252864,16252864
2026-05-13T15:18:34+01:00,server,77483934,4074,2506758,1547171576,2552,0,70850,0,32911424,29680128,3231296,24685312,16252864,16252864
2026-05-13T15:18:35+01:00,server,77485159,4074,2506770,1547175248,2552,0,70850,0,32911424,29681728,3229696,24686912,16252864,16252864
2026-05-13T15:18:36+01:00,server,77486387,4074,2506779,1547178924,2552,0,70852,0,32911424,29679680,3231744,24684864,16252864,16252864
2026-05-13T15:18:37+01:00,server,77487606,4074,2506790,1547182599,2552,0,70852,0,32911424,29682752,3228672,24687936,16252864,16252864
2026-05-13T15:18:38+01:00,server,77488843,4074,2506805,1547186274,2552,0,70852,0,32911424,29681408,3230016,24686592,16252864,16252864
2026-05-13T15:18:39+01:00,server,77490070,4074,2506814,1547189949,2552,0,70852,0,32911424,29681792,3229632,24686976,16252864,16252864
2026-05-13T15:18:40+01:00,server,77491298,4074,2506826,1547193624,2552,0,70852,0,32911424,29679680,3231744,24684864,16252864,16252864
2026-05-13T15:18:41+01:00,server,77492535,4074,2506836,1547197303,2552,0,70853,0,32911424,29681024,3230400,24686208,16252864,16252864
2026-05-13T15:18:42+01:00,server,77493747,4074,2506843,1547200988,2552,0,70853,0,32911424,29681600,3229824,24686784,16252864,16252864
2026-05-13T15:18:43+01:00,server,77494987,4074,2506854,1547204664,2552,0,70853,0,32911424,29683520,3227904,24688704,16252864,16252864
2026-05-13T15:18:44+01:00,server,77496201,4074,2506867,1547208340,2552,0,70854,0,32911424,29681600,3229824,24686784,16252864,16252864
2026-05-13T15:18:46+01:00,server,77497427,4074,2506879,1547212015,2552,0,70854,0,32911424,29683136,3228288,24688320,16252864,16252864
2026-05-13T15:18:47+01:00,server,77498656,4074,2506889,1547215690,2552,0,70854,0,32911424,29680448,3230976,24685632,16252864,16252864
2026-05-13T15:18:48+01:00,server,77499953,4074,2506910,1547219330,2552,0,70854,0,32911424,29683520,3227904,24688704,16252864,16252864
2026-05-13T15:18:49+01:00,server,77501180,4074,2506920,1547223006,2552,0,70854,0,32911424,29680704,3230720,24685888,16252864,16252864
2026-05-13T15:18:50+01:00,server,77502420,4074,2506933,1547226682,2552,0,70854,0,32911424,29683072,3228352,24688256,16252864,16252864
2026-05-13T15:18:51+01:00,server,77503648,4074,2506943,1547230356,2552,0,70854,0,32911424,29683648,3227776,24688832,16252864,16252864
2026-05-13T15:18:52+01:00,server,77504887,4074,2506950,1547234031,2552,0,70855,0,32911424,29682944,3228480,24688128,16252864,16252864
2026-05-13T15:18:53+01:00,server,77506115,4074,2506962,1547237706,2552,0,70855,0,32911424,29681984,3229440,24687168,16252864,16252864
2026-05-13T15:18:54+01:00,server,77507352,4074,2506974,1547241384,2552,0,70855,0,32911424,29681216,3230208,24686400,16252864,16252864
2026-05-13T15:18:55+01:00,server,77508553,4074,2506981,1547245090,2552,0,70856,0,32911424,29682432,3228992,24687552,16252864,16252864
2026-05-13T15:18:56+01:00,server,77509791,4074,2506988,1547248771,2552,0,70856,0,32911424,29683968,3227456,24689088,16252864,16252864
2026-05-13T15:18:57+01:00,server,77511008,4074,2506999,1547252448,2552,0,70856,0,32911424,29684352,3227072,24689472,16252864,16252864
2026-05-13T15:18:58+01:00,server,77512245,4074,2507011,1547256123,2552,0,70856,0,32911424,29682944,3228480,24688064,16252864,16252864
2026-05-13T15:18:59+01:00,server,77513459,4074,2507021,1547259799,2552,0,70857,0,32911424,29684672,3226752,24689792,16252864,16252864
2026-05-13T15:19:00+01:00,server,77514698,4074,2507033,1547263475,2552,0,70857,0,32911424,29684288,3227136,24689408,16252864,16252864
2026-05-13T15:19:01+01:00,server,77515924,4074,2507043,1547267149,2552,0,70857,0,32911424,29684864,3226560,24689984,16252864,16252864
2026-05-13T15:19:02+01:00,server,77517151,4074,2507057,1547270825,2552,0,70857,0,32911424,29683904,3227520,24689024,16252864,16252864
2026-05-13T15:19:03+01:00,server,77518420,4074,2507077,1547274469,2552,0,70857,0,32911424,29685888,3225536,24691008,16252864,16252864
2026-05-13T15:19:04+01:00,server,77519651,4074,2507096,1547278144,2552,0,70857,0,32911424,29682304,3229120,24687424,16252864,16252864
2026-05-13T15:19:05+01:00,server,77520875,4074,2507108,1547281817,2552,0,70857,0,32911424,29681536,3229888,24686656,16252864,16252864
2026-05-13T15:19:06+01:00,server,77522098,4074,2507123,1547285493,2552,0,70858,0,32911424,29678464,3232960,24683584,16252864,16252864
2026-05-13T15:19:07+01:00,server,77523324,4074,2507135,1547289170,2552,0,70858,0,32911424,29680384,3231040,24685504,16252864,16252864
2026-05-13T15:19:08+01:00,server,77524549,4074,2507138,1547292855,2552,0,70858,0,32911424,29681088,3230336,24686208,16252864,16252864
2026-05-13T15:19:09+01:00,server,77525785,4074,2507152,1547296534,2552,0,70858,0,32911424,29682880,3228544,24688000,16252864,16252864
2026-05-13T15:19:10+01:00,server,77527011,4074,2507165,1547300209,2552,0,70858,0,32911424,29681920,3229504,24687040,16252864,16252864
2026-05-13T15:19:11+01:00,server,77528240,4074,2507181,1547303876,2552,0,70858,0,32911424,29681920,3229504,24687040,16252864,16252864
2026-05-13T15:19:12+01:00,server,77529466,4074,2507193,1547307551,2552,0,70858,0,32911424,29683264,3228160,24688384,16252864,16252864
2026-05-13T15:19:13+01:00,server,77530682,4074,2507211,1547311227,2552,0,70858,0,32911424,29685056,3226368,24690176,16252864,16252864
2026-05-13T15:19:14+01:00,server,77531910,4074,2507221,1547314902,2552,0,70858,0,32911424,29682176,3229248,24687296,16252864,16252864
2026-05-13T15:19:15+01:00,server,77533135,4074,2507235,1547318578,2552,0,70859,0,32911424,29681408,3230016,24686528,16252864,16252864
2026-05-13T15:19:16+01:00,server,77534352,4074,2507244,1547322249,2552,0,70859,0,32911424,29683968,3227456,24689088,16252864,16252864
2026-05-13T15:19:17+01:00,server,77535592,4074,2507255,1547325924,2552,0,70860,0,32911424,29682496,3228928,24687616,16252864,16252864
2026-05-13T15:19:18+01:00,server,77536856,4074,2507282,1547329564,2552,0,70860,0,32911424,29682176,3229248,24687296,16252864,16252864
2026-05-13T15:19:19+01:00,server,77538083,4074,2507293,1547333238,2552,0,70863,0,32911424,29681408,3230016,24686528,16252864,16252864
2026-05-13T15:19:20+01:00,server,77539319,4074,2507304,1547336919,2552,0,70863,0,32911424,29682368,3229056,24687488,16252864,16252864
2026-05-13T15:19:21+01:00,server,77540546,4074,2507310,1547340598,2552,0,70863,0,32911424,29682560,3228864,24687680,16252864,16252864
2026-05-13T15:19:22+01:00,server,77541787,4074,2507320,1547344273,2552,0,70863,0,32911424,29683136,3228288,24688256,16252864,16252864
2026-05-13T15:19:23+01:00,server,77543011,4074,2507333,1547347947,2552,0,70864,0,32911424,29684288,3227136,24689408,16252864,16252864
2026-05-13T15:19:24+01:00,server,77544241,4074,2507344,1547351621,2552,0,70864,0,32911424,29683520,3227904,24688640,16252864,16252864
2026-05-13T15:19:25+01:00,server,77545465,4074,2507357,1547355297,2552,0,70864,0,32911424,29684544,3226880,24689600,16252864,16252864
2026-05-13T15:19:26+01:00,server,77546700,4074,2507372,1547358969,2552,0,70865,0,32911424,29684736,3226688,24689792,16252864,16252864
2026-05-13T15:19:28+01:00,server,77547904,4074,2507380,1547362670,2552,0,70865,0,32911424,29684736,3226688,24689792,16252864,16252864
2026-05-13T15:19:29+01:00,server,77549142,4074,2507393,1547366347,2552,0,70865,0,32911424,29684800,3226624,24689856,16252864,16252864
2026-05-13T15:19:30+01:00,server,77550369,4074,2507403,1547370021,2552,0,70866,0,32911424,29684032,3227392,24689088,16252864,16252864
2026-05-13T15:19:31+01:00,server,77551590,4074,2507424,1547373694,2552,0,70866,0,32911424,29678464,3232960,24683520,16252864,16252864
2026-05-13T15:19:32+01:00,server,77552828,4074,2507437,1547377368,2552,0,70866,0,32911424,29674816,3236608,24679872,16252864,16252864
2026-05-13T15:19:33+01:00,server,77554119,4074,2507455,1547381011,2552,0,70866,0,32911424,29677440,3233984,24682432,16252864,16252864
2026-05-13T15:19:34+01:00,server,77555345,4074,2507459,1547384698,2552,0,70868,0,32911424,29676480,3234944,24681472,16252864,16252864
2026-05-13T15:19:35+01:00,server,77556561,4074,2507468,1547388374,2552,0,70869,0,32911424,29679360,3232064,24684352,16252864,16252864
2026-05-13T15:19:36+01:00,server,77557790,4074,2507480,1547392048,2552,0,70869,0,32911424,29677504,3233920,24682496,16252864,16252864
2026-05-13T15:19:37+01:00,server,77559009,4074,2507490,1547395725,2552,0,70870,0,32911424,29679744,3231680,24684736,16252864,16252864
2026-05-13T15:19:38+01:00,server,77560244,4074,2507502,1547399401,2552,0,70871,0,32911424,29678208,3233216,24683200,16252864,16252864
2026-05-13T15:19:39+01:00,server,77561471,4074,2507513,1547403078,2552,0,70871,0,32911424,29680384,3231040,24685376,16252864,16252864
2026-05-13T15:19:40+01:00,server,77562705,4074,2507529,1547406752,2552,0,70872,0,32911424,29679232,3232192,24684224,16252864,16252864
2026-05-13T15:19:41+01:00,server,77563930,4074,2507540,1547410429,2552,0,70874,0,32911424,29681344,3230080,24686336,16252864,16252864
2026-05-13T15:19:42+01:00,server,77565168,4074,2507554,1547414106,2552,0,70874,0,32911424,29680192,3231232,24685184,16252864,16252864
2026-05-13T15:19:43+01:00,server,77566391,4074,2507569,1547417780,2552,0,70874,0,32911424,29685376,3226048,24690368,16252864,16252864
2026-05-13T15:19:44+01:00,server,77567619,4074,2507579,1547421457,2552,0,70875,0,32911424,29680640,3230784,24685632,16252864,16252864
2026-05-13T15:19:45+01:00,server,77568848,4074,2507589,1547425131,2552,0,70876,0,32911424,29681216,3230208,24686208,16252864,16252864
2026-05-13T15:19:46+01:00,server,77570087,4074,2507597,1547428809,2552,0,70876,0,32911424,29679296,3232128,24684288,16252864,16252864
2026-05-13T15:19:47+01:00,server,77571312,4074,2507602,1547432490,2552,0,70876,0,32911424,29682240,3229184,24687232,16252864,16252864
2026-05-13T15:19:48+01:00,server,77572586,4074,2507628,1547436128,2552,0,70877,0,32911424,29680128,3231296,24685120,16252864,16252864
2026-05-13T15:19:49+01:00,server,77573814,4074,2507641,1547439803,2552,0,70877,0,32911424,29679168,3232256,24684160,16252864,16252864
2026-05-13T15:19:50+01:00,server,77575040,4074,2507653,1547443478,2552,0,70877,0,32911424,29679744,3231680,24684736,16252864,16252864
2026-05-13T15:19:51+01:00,server,77576278,4074,2507667,1547447153,2552,0,70878,0,32911424,29680512,3230912,24685504,16252864,16252864
2026-05-13T15:19:52+01:00,server,77577496,4074,2507675,1547450825,2552,0,70879,0,32911424,29683392,3228032,24688384,16252864,16252864
2026-05-13T15:19:53+01:00,server,77578732,4074,2507691,1547454501,2552,0,70881,0,32911424,29681024,3230400,24686016,16252864,16252864
2026-05-13T15:19:54+01:00,server,77579947,4074,2507702,1547458177,2552,0,70881,0,32911424,29681408,3230016,24686400,16252864,16252864
2026-05-13T15:19:55+01:00,server,77581186,4074,2507714,1547461853,2552,0,70882,0,32911424,29679488,3231936,24684480,16252864,16252864
2026-05-13T15:19:56+01:00,server,77582413,4074,2507723,1547465527,2552,0,70883,0,32911424,29680064,3231360,24685056,16252864,16252864
2026-05-13T15:19:57+01:00,server,77583650,4074,2507737,1547469203,2552,0,70884,0,32911424,29677184,3234240,24682176,16252864,16252864
2026-05-13T15:19:58+01:00,server,77584877,4074,2507744,1547472879,2552,0,70884,0,32911424,29680448,3230976,24685440,16252864,16252864
2026-05-13T15:19:59+01:00,server,77586115,4074,2507749,1547476563,2552,0,70884,0,32911424,29676608,3234816,24681600,16252864,16252864
2026-05-13T15:20:00+01:00,server,77587299,4074,2507755,1547480265,2552,0,70885,0,32911424,29681600,3229824,24686592,16252864,16252864
2026-05-13T15:20:01+01:00,server,77588529,4074,2507765,1547483939,2552,0,70885,0,32911424,29679744,3231680,24684736,16252864,16252864
2026-05-13T15:20:02+01:00,server,77589782,4074,2507783,1547487598,2552,0,70885,0,32911424,29675648,3235776,24680576,16252864,16252864
2026-05-13T15:20:03+01:00,server,77591010,4074,2507798,1547491252,2552,0,70885,0,32911424,29669568,3241856,24674432,16252864,16252864
2026-05-13T15:20:04+01:00,server,77592248,4074,2507811,1547494926,2552,0,70885,0,32911424,29670144,3241280,24675008,16252864,16252864
2026-05-13T15:20:05+01:00,server,77593474,4074,2507825,1547498600,2552,0,70886,0,32911424,29670400,3241024,24675264,16252864,16252864
2026-05-13T15:20:06+01:00,server,77594711,4074,2507837,1547502275,2552,0,70886,0,32911424,29671232,3240192,24676096,16252864,16252864
2026-05-13T15:20:07+01:00,server,77595938,4074,2507847,1547505950,2552,0,70886,0,32911424,29671296,3240128,24676160,16252864,16252864
2026-05-13T15:20:09+01:00,server,77597175,4074,2507859,1547509625,2552,0,70887,0,32911424,29672064,3239360,24676928,16252864,16252864
2026-05-13T15:20:10+01:00,server,77598386,4074,2507875,1547513300,2552,0,70887,0,32911424,29669376,3242048,24674240,16252864,16252864
2026-05-13T15:20:11+01:00,server,77599622,4074,2507888,1547516975,2552,0,70887,0,32911424,29671488,3239936,24676352,16252864,16252864
2026-05-13T15:20:12+01:00,server,77600833,4074,2507902,1547520652,2552,0,70887,0,32911424,29669888,3241536,24674752,16252864,16252864
2026-05-13T15:20:13+01:00,server,77602060,4074,2507905,1547524335,2552,0,70887,0,32911424,29669120,3242304,24673984,16252864,16252864
2026-05-13T15:20:14+01:00,server,77603301,4074,2507915,1547528009,2552,0,70887,0,32911424,29669888,3241536,24674752,16252864,16252864
2026-05-13T15:20:15+01:00,server,77604528,4074,2507926,1547531684,2552,0,70888,0,32911424,29671232,3240192,24676096,16252864,16252864
2026-05-13T15:20:16+01:00,server,77605756,4074,2507937,1547535358,2552,0,70888,0,32911424,29670592,3240832,24675456,16252864,16252864
2026-05-13T15:20:17+01:00,server,77606982,4074,2507950,1547539033,2552,0,70888,0,32911424,29671488,3239936,24676352,16252864,16252864
2026-05-13T15:20:18+01:00,server,77608269,4074,2507967,1547542671,2552,0,70888,0,32911424,29671936,3239488,24676672,16252864,16252864
2026-05-13T15:20:19+01:00,server,77609493,4074,2507983,1547546347,2552,0,70888,0,32911424,29671744,3239680,24676480,16252864,16252864
2026-05-13T15:20:20+01:00,server,77610733,4074,2507994,1547550023,2552,0,70888,0,32911424,29672512,3238912,24677248,16252864,16252864
2026-05-13T15:20:21+01:00,server,77611957,4074,2508008,1547553699,2552,0,70890,0,32911424,29672704,3238720,24677440,16252864,16252864
2026-05-13T15:20:22+01:00,server,77613193,4074,2508020,1547557374,2552,0,70890,0,32911424,29671232,3240192,24675968,16252864,16252864
2026-05-13T15:20:23+01:00,server,77614418,4074,2508032,1547561053,2552,0,70891,0,32911424,29672384,3239040,24677120,16252864,16252864
2026-05-13T15:20:24+01:00,server,77615653,4074,2508046,1547564729,2552,0,70892,0,32911424,29672192,3239232,24676928,16252864,16252864
2026-05-13T15:20:25+01:00,server,77616879,4074,2508053,1547568410,2552,0,70893,0,32911424,29671424,3240000,24676160,16252864,16252864
2026-05-13T15:20:26+01:00,server,77618116,4074,2508060,1547572091,2552,0,70894,0,32911424,29672000,3239424,24676736,16252864,16252864
2026-05-13T15:20:27+01:00,server,77619346,4074,2508069,1547575767,2552,0,70896,0,32911424,29674560,3236864,24679296,16252864,16252864
2026-05-13T15:20:28+01:00,server,77620583,4074,2508082,1547579444,2552,0,70897,0,32911424,29673408,3238016,24678144,16252864,16252864
2026-05-13T15:20:29+01:00,server,77621799,4074,2508097,1547583120,2552,0,70897,0,32911424,29674176,3237248,24678912,16252864,16252864
2026-05-13T15:20:30+01:00,server,77623027,4074,2508106,1547586797,2552,0,70897,0,32911424,29672832,3238592,24677568,16252864,16252864
2026-05-13T15:20:31+01:00,server,77624266,4074,2508120,1547590472,2552,0,70898,0,32911424,29673024,3238400,24677760,16252864,16252864
2026-05-13T15:20:32+01:00,server,77625491,4074,2508133,1547594150,2552,0,70898,0,32911424,29675456,3235968,24680192,16252864,16252864
2026-05-13T15:20:33+01:00,server,77626758,4074,2508154,1547597795,2552,0,70898,0,32911424,29672832,3238592,24677568,16252864,16252864
2026-05-13T15:20:34+01:00,server,77627987,4074,2508163,1547601472,2552,0,70899,0,32911424,29675328,3236096,24680064,16252864,16252864
2026-05-13T15:20:35+01:00,server,77629175,4074,2508176,1547605172,2552,0,70900,0,32911424,29672448,3238976,24677184,16252864,16252864
2026-05-13T15:20:36+01:00,server,77630400,4074,2508188,1547608848,2552,0,70901,0,32911424,29673024,3238400,24677760,16252864,16252864
2026-05-13T15:20:37+01:00,server,77631617,4074,2508199,1547612522,2552,0,70902,0,32911424,29674880,3236544,24679616,16252864,16252864
2026-05-13T15:20:38+01:00,server,77632844,4074,2508204,1547616205,2552,0,70903,0,32911424,29673792,3237632,24678464,16252864,16252864
2026-05-13T15:20:39+01:00,server,77634068,4074,2508215,1547619882,2552,0,70903,0,32911424,29675968,3235456,24680640,16252864,16252864
2026-05-13T15:20:40+01:00,server,77635308,4074,2508227,1547623555,2552,0,70903,0,32911424,29673280,3238144,24677952,16252864,16252864
2026-05-13T15:20:41+01:00,server,77636534,4074,2508238,1547627229,2552,0,70903,0,32911424,29678208,3233216,24682880,16252864,16252864
2026-05-13T15:20:42+01:00,server,77637771,4074,2508249,1547630904,2552,0,70904,0,32911424,29670720,3240704,24675392,16252864,16252864
2026-05-13T15:20:43+01:00,server,77638999,4074,2508259,1547634575,2552,0,70904,0,32911424,29672832,3238592,24677504,16252864,16252864
2026-05-13T15:20:44+01:00,server,77640230,4074,2508269,1547638248,2552,0,70904,0,32911424,29676288,3235136,24680960,16252864,16252864
2026-05-13T15:20:45+01:00,server,77641446,4074,2508282,1547641921,2552,0,70904,0,32911424,29672640,3238784,24677312,16252864,16252864
2026-05-13T15:20:46+01:00,server,77642680,4074,2508288,1547645591,2552,0,70904,0,32911424,29678208,3233216,24682880,16252864,16252864
2026-05-13T15:20:47+01:00,server,77643945,4074,2508302,1547649236,2552,0,70904,0,32911424,29680384,3231040,24684992,16252864,16252864
2026-05-13T15:20:48+01:00,server,77645171,4074,2508315,1547652909,2552,0,70904,0,32911424,29677952,3233472,24682560,16252864,16252864
2026-05-13T15:20:49+01:00,server,77646407,4074,2508328,1547656583,2552,0,70905,0,32911424,29673536,3237888,24678144,16252864,16252864
2026-05-13T15:20:51+01:00,server,77647631,4074,2508337,1547660261,2552,0,70906,0,32911424,29678272,3233152,24682880,16252864,16252864
2026-05-13T15:20:52+01:00,server,77648870,4074,2508341,1547663942,2552,0,70906,0,32911424,29678592,3232832,24683200,16252864,16252864
2026-05-13T15:20:53+01:00,server,77650097,4074,2508350,1547667616,2552,0,70906,0,32911424,29679360,3232064,24683968,16252864,16252864
2026-05-13T15:20:54+01:00,server,77651329,4074,2508358,1547671290,2553,0,70906,0,32911424,29678784,3232640,24683392,16252864,16252864
2026-05-13T15:20:55+01:00,server,77652567,4074,2508372,1547674967,2553,0,70906,0,32911424,29678976,3232448,24683584,16252864,16252864
2026-05-13T15:20:56+01:00,server,77653791,4074,2508386,1547678641,2553,0,70906,0,32911424,29679616,3231808,24684224,16252864,16252864
2026-05-13T15:20:57+01:00,server,77655029,4074,2508396,1547682313,2553,0,70907,0,32911424,29679040,3232384,24683648,16252864,16252864
2026-05-13T15:20:58+01:00,server,77656255,4074,2508408,1547685988,2553,0,70907,0,32911424,29679424,3232000,24684032,16252864,16252864
2026-05-13T15:20:59+01:00,server,77657493,4074,2508420,1547689662,2553,0,70907,0,32911424,29679040,3232384,24683648,16252864,16252864
2026-05-13T15:21:00+01:00,server,77658720,4074,2508431,1547693335,2553,0,70907,0,32911424,29680576,3230848,24685184,16252864,16252864
2026-05-13T15:21:01+01:00,server,77659944,4074,2508445,1547697008,2553,0,70908,0,32911424,29679232,3232192,24683840,16252864,16252864
2026-05-13T15:21:02+01:00,server,77661183,4074,2508454,1547700682,2553,0,70908,0,32911424,29679616,3231808,24684224,16252864,16252864
2026-05-13T15:21:03+01:00,server,77662426,4074,2508476,1547704325,2553,0,70908,0,32911424,29674880,3236544,24679488,16252864,16252864
2026-05-13T15:21:04+01:00,server,77663649,4074,2508483,1547708007,2553,0,70909,0,32911424,29674688,3236736,24679296,16252864,16252864
2026-05-13T15:21:05+01:00,server,77664862,4074,2508491,1547711687,2553,0,70909,0,32911424,29680256,3231168,24684864,16252864,16252864
2026-05-13T15:21:06+01:00,server,77666103,4074,2508498,1547715363,2553,0,70911,0,32911424,29679488,3231936,24684096,16252864,16252864
2026-05-13T15:21:07+01:00,server,77667316,4074,2508510,1547719039,2553,0,70911,0,32911424,29679872,3231552,24684480,16252864,16252864
2026-05-13T15:21:08+01:00,server,77668539,4074,2508521,1547722716,2553,0,70911,0,32911424,29680512,3230912,24685120,16252864,16252864
2026-05-13T15:21:09+01:00,server,77669744,4074,2508529,1547726416,2553,0,70911,0,32911424,29680320,3231104,24684928,16252864,16252864
2026-05-13T15:21:10+01:00,server,77670972,4074,2508541,1547730090,2553,0,70911,0,32911424,29680384,3231040,24684992,16252864,16252864
2026-05-13T15:21:11+01:00,server,77672218,4074,2508559,1547733757,2553,0,70911,0,32911424,29679872,3231552,24684480,16252864,16252864
2026-05-13T15:21:12+01:00,server,77673459,4074,2508567,1547737455,2553,0,70911,0,32911424,29681600,3229824,24686208,16252864,16252864
2026-05-13T15:21:13+01:00,server,77674674,4074,2508580,1547741129,2553,0,70911,0,32911424,29681792,3229632,24686400,16252864,16252864
2026-05-13T15:21:14+01:00,server,77675899,4074,2508595,1547744804,2553,0,70911,0,32911424,29677760,3233664,24682368,16252864,16252864
2026-05-13T15:21:15+01:00,server,77677121,4074,2508608,1547748479,2553,0,70911,0,32911424,29680064,3231360,24684672,16252864,16252864
2026-05-13T15:21:16+01:00,server,77678349,4074,2508616,1547752154,2553,0,70912,0,32911424,29677952,3233472,24682560,16252864,16252864
2026-05-13T15:21:17+01:00,server,77679575,4074,2508617,1547755837,2553,0,70912,0,32911424,29678144,3233280,24682752,16252864,16252864
2026-05-13T15:21:18+01:00,server,77680848,4074,2508637,1547759480,2553,0,70912,0,32911424,29681024,3230400,24685440,16252864,16252864
2026-05-13T15:21:19+01:00,server,77682091,4074,2508646,1547763165,2553,0,70912,0,32911424,29681408,3230016,24685824,16252864,16252864
2026-05-13T15:21:20+01:00,server,77683316,4074,2508660,1547766839,2553,0,70912,0,32911424,29680320,3231104,24684736,16252864,16252864
2026-05-13T15:21:21+01:00,server,77684542,4074,2508667,1547770513,2553,0,70913,0,32911424,29679936,3231488,24684352,16252864,16252864
2026-05-13T15:21:22+01:00,server,77685779,4074,2508681,1547774190,2553,0,70913,0,32911424,29681152,3230272,24685568,16252864,16252864
2026-05-13T15:21:23+01:00,server,77687005,4074,2508693,1547777864,2553,0,70914,0,32911424,29682112,3229312,24686528,16252864,16252864
2026-05-13T15:21:24+01:00,server,77688240,4074,2508706,1547781544,2553,0,70916,0,32911424,29680576,3230848,24684992,16252864,16252864
2026-05-13T15:21:25+01:00,server,77689457,4074,2508720,1547785221,2553,0,70916,0,32911424,29681344,3230080,24685760,16252864,16252864
2026-05-13T15:21:26+01:00,server,77690693,4074,2508734,1547788901,2553,0,70916,0,32911424,29681920,3229504,24686336,16252864,16252864
2026-05-13T15:21:27+01:00,server,77691919,4074,2508743,1547792575,2553,0,70918,0,32911424,29680576,3230848,24684992,16252864,16252864
2026-05-13T15:21:28+01:00,server,77693156,4074,2508756,1547796249,2553,0,70919,0,32911424,29679808,3231616,24684224,16252864,16252864
2026-05-13T15:21:29+01:00,server,77694368,4074,2508768,1547799929,2553,0,70919,0,32911424,29679616,3231808,24684032,16252864,16252864
2026-05-13T15:21:30+01:00,server,77695594,4074,2508774,1547803613,2553,0,70919,0,32911424,29681536,3229888,24685952,16252864,16252864
2026-05-13T15:21:31+01:00,server,77696823,4074,2508783,1547807289,2553,0,70919,0,32911424,29682112,3229312,24686528,16252864,16252864
2026-05-13T15:21:33+01:00,server,77698084,4074,2508798,1547810930,2553,0,70919,0,32911424,29680960,3230464,24685312,16252864,16252864
2026-05-13T15:21:34+01:00,server,77699324,4074,2508808,1547814605,2553,0,70919,0,32911424,29680000,3231424,24684352,16252864,16252864
2026-05-13T15:21:35+01:00,server,77700548,4074,2508821,1547818279,2553,0,70920,0,32911424,29680384,3231040,24684736,16252864,16252864
2026-05-13T15:21:36+01:00,server,77701780,4074,2508832,1547821954,2553,0,70920,0,32911424,29680256,3231168,24684608,16252864,16252864
2026-05-13T15:21:37+01:00,server,77703005,4074,2508843,1547825628,2553,0,70920,0,32911424,29681408,3230016,24685760,16252864,16252864
2026-05-13T15:21:38+01:00,server,77704235,4074,2508854,1547829310,2553,0,70920,0,32911424,29682304,3229120,24686656,16252864,16252864
2026-05-13T15:21:39+01:00,server,77705463,4074,2508861,1547832986,2553,0,70920,0,32911424,29682304,3229120,24686656,16252864,16252864
2026-05-13T15:21:40+01:00,server,77706698,4074,2508873,1547836667,2553,0,70921,0,32911424,29680576,3230848,24684928,16252864,16252864
2026-05-13T15:21:41+01:00,server,77707932,4074,2508884,1547840361,2553,0,70921,0,32911424,29678848,3232576,24683200,16252864,16252864
2026-05-13T15:21:42+01:00,server,77709152,4074,2508899,1547844047,2553,0,70921,0,32911424,29679808,3231616,24684160,16252864,16252864
2026-05-13T15:21:43+01:00,server,77710379,4074,2508908,1547847735,2553,0,70923,0,32911424,29678336,3233088,24682688,16252864,16252864
2026-05-13T15:21:44+01:00,server,77711595,4074,2508919,1547851445,2553,0,70923,0,32911424,29680640,3230784,24684992,16252864,16252864
2026-05-13T15:21:45+01:00,server,77712811,4074,2508933,1547855128,2553,0,70923,0,32911424,29682560,3228864,24686912,16252864,16252864
2026-05-13T15:21:46+01:00,server,77714051,4074,2508943,1547858812,2553,0,70923,0,32911424,29681792,3229632,24686144,16252864,16252864
2026-05-13T15:21:47+01:00,server,77715290,4074,2508952,1547862498,2553,0,70925,0,32911424,29681600,3229824,24685952,16252864,16252864
2026-05-13T15:21:48+01:00,server,77716551,4074,2508984,1547866139,2553,0,70925,0,32911424,29680832,3230592,24685056,16252864,16252864
2026-05-13T15:21:49+01:00,server,77717788,4074,2508996,1547869815,2553,0,70925,0,32911424,29680832,3230592,24685056,16252864,16252864
2026-05-13T15:21:50+01:00,server,77719000,4074,2509009,1547873489,2553,0,70925,0,32911424,29680064,3231360,24684288,16252864,16252864
2026-05-13T15:21:51+01:00,server,77720216,4074,2509022,1547877164,2553,0,70925,0,32911424,29681664,3229760,24685888,16252864,16252864
2026-05-13T15:21:52+01:00,server,77721439,4074,2509035,1547880838,2553,0,70927,0,32911424,29681152,3230272,24685376,16252864,16252864
2026-05-13T15:21:53+01:00,server,77722679,4074,2509043,1547884517,2553,0,70928,0,32911424,29677248,3234176,24681472,16252864,16252864
2026-05-13T15:21:54+01:00,server,77723895,4074,2509054,1547888192,2553,0,70928,0,32911424,29679744,3231680,24683968,16252864,16252864
2026-05-13T15:21:55+01:00,server,77725134,4074,2509062,1547891872,2553,0,70929,0,32911424,29680448,3230976,24684672,16252864,16252864
2026-05-13T15:21:56+01:00,server,77726358,4074,2509066,1547895556,2553,0,70929,0,32911424,29681600,3229824,24685824,16252864,16252864
2026-05-13T15:21:57+01:00,server,77727596,4074,2509079,1547899233,2553,0,70929,0,32911424,29680640,3230784,24684864,16252864,16252864
2026-05-13T15:21:58+01:00,server,77728812,4074,2509087,1547902911,2553,0,70929,0,32911424,29683008,3228416,24687232,16252864,16252864
2026-05-13T15:21:59+01:00,server,77730052,4074,2509099,1547906587,2553,0,70929,0,32911424,29681792,3229632,24686016,16252864,16252864
2026-05-13T15:22:00+01:00,server,77731268,4074,2509110,1547910264,2553,0,70930,0,32911424,29681216,3230208,24685440,16252864,16252864
2026-05-13T15:22:01+01:00,server,77732503,4074,2509122,1547913940,2553,0,70930,0,32911424,29681472,3229952,24685696,16252864,16252864
2026-05-13T15:22:02+01:00,server,77733718,4074,2509132,1547917614,2553,0,70930,0,32911424,29681472,3229952,24685696,16252864,16252864
2026-05-13T15:22:03+01:00,server,77734977,4074,2509151,1547921263,2553,0,70930,0,32911424,29680384,3231040,24684608,16252864,16252864
2026-05-13T15:22:04+01:00,server,77736216,4074,2509160,1547924960,2553,0,70930,0,32911424,29678080,3233344,24682304,16252864,16252864
2026-05-13T15:22:05+01:00,server,77737439,4074,2509172,1547928635,2553,0,70930,0,32911424,29679040,3232384,24683264,16252864,16252864
2026-05-13T15:22:06+01:00,server,77738678,4074,2509184,1547932310,2553,0,70930,0,32911424,29677888,3233536,24682112,16252864,16252864
2026-05-13T15:22:07+01:00,server,77739908,4074,2509190,1547935991,2553,0,70931,0,32911424,29679872,3231552,24684096,16252864,16252864
2026-05-13T15:22:08+01:00,server,77741144,4074,2509198,1547939672,2553,0,70932,0,32911424,29677184,3234240,24681408,16252864,16252864
2026-05-13T15:22:09+01:00,server,77742368,4074,2509205,1547943351,2553,0,70932,0,32911424,29680832,3230592,24685056,16252864,16252864
2026-05-13T15:22:10+01:00,server,77743589,4074,2509218,1547947029,2553,0,70932,0,32911424,29679488,3231936,24683712,16252864,16252864
2026-05-13T15:22:11+01:00,server,77744803,4074,2509229,1547950705,2553,0,70934,0,32911424,29680640,3230784,24684864,16252864,16252864
2026-05-13T15:22:13+01:00,server,77746036,4074,2509244,1547954388,2553,0,70934,0,32911424,29680256,3231168,24684480,16252864,16252864
2026-05-13T15:22:14+01:00,server,77747259,4074,2509256,1547958064,2553,0,70934,0,32911424,29681024,3230400,24685248,16252864,16252864
2026-05-13T15:22:15+01:00,server,77748492,4074,2509269,1547961744,2553,0,70934,0,32911424,29679680,3231744,24683904,16252864,16252864
2026-05-13T15:22:16+01:00,server,77749709,4074,2509286,1547965420,2553,0,70934,0,32911424,29681216,3230208,24685440,16252864,16252864
2026-05-13T15:22:17+01:00,server,77750948,4074,2509295,1547969099,2553,0,70934,0,32911424,29680448,3230976,24684672,16252864,16252864
2026-05-13T15:22:18+01:00,server,77752186,4074,2509316,1547972778,2553,0,70934,0,32911424,29690368,3221056,24694528,16252864,16252864
2026-05-13T15:22:19+01:00,server,77753423,4074,2509329,1547976457,2553,0,70934,0,32911424,29688064,3223360,24692224,16252864,16252864
2026-05-13T15:22:20+01:00,server,77754647,4074,2509343,1547980136,2553,0,70934,0,32911424,29687104,3224320,24691264,16252864,16252864
2026-05-13T15:22:21+01:00,server,77755887,4074,2509352,1547983809,2553,0,70934,0,32911424,29685952,3225472,24690112,16252864,16252864
2026-05-13T15:22:22+01:00,server,77757102,4074,2509353,1547987495,2553,0,70935,0,32911424,29685760,3225664,24689920,16252864,16252864
2026-05-13T15:22:23+01:00,server,77758337,4074,2509364,1547991174,2553,0,70937,0,32911424,29686656,3224768,24690816,16252864,16252864
2026-05-13T15:22:24+01:00,server,77759552,4074,2509376,1547994856,2553,0,70937,0,32911424,29688384,3223040,24692544,16252864,16252864
2026-05-13T15:22:25+01:00,server,77760793,4074,2509387,1547998531,2553,0,70937,0,32911424,29688576,3222848,24692736,16252864,16252864
2026-05-13T15:22:26+01:00,server,77761996,4074,2509401,1548002207,2553,0,70937,0,32911424,29688576,3222848,24692736,16252864,16252864
2026-05-13T15:22:27+01:00,server,77763235,4074,2509412,1548005884,2553,0,70938,0,32911424,29688256,3223168,24692352,16252864,16252864
2026-05-13T15:22:28+01:00,server,77764455,4074,2509423,1548009562,2553,0,70938,0,32911424,29689024,3222400,24693120,16252864,16252864
2026-05-13T15:22:29+01:00,server,77765690,4074,2509433,1548013238,2553,0,70939,0,32911424,29690560,3220864,24694656,16252864,16252864
2026-05-13T15:22:30+01:00,server,77766931,4074,2509459,1548016881,2553,0,70939,0,32911424,29692864,3218560,24696960,16252864,16252864
2026-05-13T15:22:31+01:00,server,77768258,4074,2509486,1548020459,2553,0,70939,0,32911424,29687552,3223872,24691648,16252864,16252864
2026-05-13T15:22:32+01:00,server,77769531,4074,2509504,1548024073,2553,0,70940,0,32911424,29685504,3225920,24689600,16252864,16252864
2026-05-13T15:22:33+01:00,server,77770804,4074,2509519,1548027728,2553,0,70940,0,32911424,29683584,3227840,24687680,16252864,16252864
2026-05-13T15:22:34+01:00,server,77772023,4074,2509529,1548031412,2553,0,70940,0,32911424,29683200,3228224,24687296,16252864,16252864
2026-05-13T15:22:35+01:00,server,77773251,4074,2509541,1548035096,2553,0,70940,0,32911424,29685248,3226176,24689344,16252864,16252864
2026-05-13T15:22:36+01:00,server,77774478,4074,2509552,1548038776,2553,0,70940,0,32911424,29686720,3224704,24690816,16252864,16252864
2026-05-13T15:22:37+01:00,server,77775691,4074,2509567,1548042456,2553,0,70941,0,32911424,29686720,3224704,24690816,16252864,16252864
2026-05-13T15:22:38+01:00,server,77776919,4074,2509577,1548046133,2553,0,70942,0,32911424,29685184,3226240,24689280,16252864,16252864
2026-05-13T15:22:39+01:00,server,77778132,4074,2509589,1548049814,2553,0,70942,0,32911424,29689984,3221440,24694080,16252864,16252864
2026-05-13T15:22:40+01:00,server,77779370,4074,2509598,1548053496,2553,0,70942,0,32911424,29689216,3222208,24693312,16252864,16252864
2026-05-13T15:22:41+01:00,server,77780593,4074,2509615,1548057183,2553,0,70942,0,32911424,29688640,3222784,24692736,16252864,16252864
2026-05-13T15:22:42+01:00,server,77781812,4074,2509624,1548060864,2553,0,70942,0,32911424,29686528,3224896,24690624,16252864,16252864
2026-05-13T15:22:43+01:00,server,77783041,4074,2509638,1548064550,2553,0,70942,0,32911424,29689408,3222016,24693504,16252864,16252864
2026-05-13T15:22:44+01:00,server,77784238,4074,2509648,1548068237,2553,0,70942,0,32911424,29690752,3220672,24694848,16252864,16252864
2026-05-13T15:22:45+01:00,server,77785467,4074,2509662,1548071917,2553,0,70943,0,32911424,29688064,3223360,24692160,16252864,16252864
2026-05-13T15:22:46+01:00,server,77786671,4074,2509676,1548075597,2553,0,70943,0,32911424,29686336,3225088,24690432,16252864,16252864
2026-05-13T15:22:47+01:00,server,77787895,4074,2509693,1548079273,2553,0,70943,0,32911424,29686144,3225280,24690240,16252864,16252864
2026-05-13T15:22:48+01:00,server,77789102,4074,2509706,1548082965,2553,0,70943,0,32911424,29682048,3229376,24686080,16252864,16252864
2026-05-13T15:22:49+01:00,server,77790310,4074,2509718,1548086646,2553,0,70943,0,32911424,29682240,3229184,24686272,16252864,16252864
2026-05-13T15:22:50+01:00,server,77791518,4077,2509729,1548090326,2553,0,70943,0,32911424,29680704,3230720,24684736,16252864,16252864
2026-05-13T15:22:51+01:00,server,77792756,4077,2509744,1548094009,2553,0,70943,0,32911424,29682816,3228608,24686848,16252864,16252864
2026-05-13T15:22:52+01:00,server,77793972,4077,2509755,1548097697,2553,0,70943,0,32911424,29682752,3228672,24686784,16252864,16252864
2026-05-13T15:22:54+01:00,server,77795167,4077,2509765,1548101420,2553,0,70943,0,32911424,29689216,3222208,24693248,16252864,16252864
2026-05-13T15:22:55+01:00,server,77796389,4077,2509781,1548105107,2553,0,70944,0,32911424,29686656,3224768,24690688,16252864,16252864
2026-05-13T15:22:56+01:00,server,77797606,4077,2509790,1548108794,2553,0,70945,0,32911424,29688448,3222976,24692480,16252864,16252864
2026-05-13T15:22:57+01:00,server,77798827,4077,2509801,1548112486,2553,0,70946,0,32911424,29688704,3222720,24692736,16252864,16252864
2026-05-13T15:22:58+01:00,server,77800040,4077,2509813,1548116172,2553,0,70946,0,32911424,29690240,3221184,24694272,16252864,16252864
2026-05-13T15:22:59+01:00,server,77801266,4077,2509822,1548119860,2553,0,70947,0,32911424,29684800,3226624,24688832,16252864,16252864
2026-05-13T15:23:00+01:00,server,77802474,4077,2509833,1548123546,2553,0,70947,0,32911424,29688256,3223168,24692288,16252864,16252864
2026-05-13T15:23:01+01:00,server,77803699,4077,2509838,1548127242,2553,0,70947,0,32911424,29688640,3222784,24692672,16252864,16252864
2026-05-13T15:23:02+01:00,server,77804904,4077,2509847,1548130940,2553,0,70947,0,32911424,29689408,3222016,24693440,16252864,16252864
2026-05-13T15:23:03+01:00,server,77806167,4077,2509887,1548134595,2553,0,70948,0,32911424,29689408,3222016,24693376,16252864,16252864
2026-05-13T15:23:04+01:00,server,77807382,4077,2509898,1548138285,2553,0,70948,0,32911424,29690176,3221248,24694144,16252864,16252864
2026-05-13T15:23:05+01:00,server,77808607,4077,2509910,1548141973,2553,0,70948,0,32911424,29690112,3221312,24694080,16252864,16252864
2026-05-13T15:23:06+01:00,server,77809828,4077,2509922,1548145665,2553,0,70948,0,32911424,29689536,3221888,24693504,16252864,16252864
2026-05-13T15:23:07+01:00,server,77811033,4077,2509934,1548149362,2553,0,70948,0,32911424,29689536,3221888,24693504,16252864,16252864
2026-05-13T15:23:08+01:00,server,77812261,4077,2509948,1548153052,2553,0,70948,0,32911424,29688512,3222912,24692480,16252864,16252864
2026-05-13T15:23:09+01:00,server,77813461,4077,2509961,1548156741,2553,0,70948,0,32911424,29692416,3219008,24696384,16252864,16252864
2026-05-13T15:23:10+01:00,server,77814676,4077,2509975,1548160430,2553,0,70948,0,32911424,29688768,3222656,24692736,16252864,16252864
2026-05-13T15:23:11+01:00,server,77815899,4077,2509989,1548164113,2553,0,70949,0,32911424,29687808,3223616,24691776,16252864,16252864
2026-05-13T15:23:12+01:00,server,77817108,4077,2510001,1548167803,2553,0,70949,0,32911424,29686080,3225344,24690048,16252864,16252864
2026-05-13T15:23:13+01:00,server,77818332,4077,2510015,1548171497,2553,0,70949,0,32911424,29689216,3222208,24693184,16252864,16252864
2026-05-13T15:23:14+01:00,server,77819537,4077,2510015,1548175198,2553,0,70949,0,32911424,29687680,3223744,24691648,16252864,16252864
2026-05-13T15:23:15+01:00,server,77820755,4077,2510031,1548178890,2553,0,70950,0,32911424,29689600,3221824,24693568,16252864,16252864
2026-05-13T15:23:16+01:00,server,77821969,4077,2510040,1548182583,2553,0,70951,0,32911424,29688640,3222784,24692608,16252864,16252864
2026-05-13T15:23:17+01:00,server,77823187,4077,2510048,1548186270,2553,0,70952,0,32911424,29689024,3222400,24692992,16252864,16252864
2026-05-13T15:23:18+01:00,server,77824432,4077,2510072,1548189937,2553,0,70952,0,32911424,29684864,3226560,24688832,16252864,16252864
2026-05-13T15:23:19+01:00,server,77825637,4077,2510085,1548193627,2553,0,70952,0,32911424,29687360,3224064,24691328,16252864,16252864
2026-05-13T15:23:20+01:00,server,77826855,4077,2510097,1548197317,2553,0,70952,0,32911424,29688128,3223296,24692096,16252864,16252864
2026-05-13T15:23:21+01:00,server,77828062,4077,2510109,1548201007,2553,0,70953,0,32911424,29687424,3224000,24691392,16252864,16252864
2026-05-13T15:23:22+01:00,server,77829272,4077,2510120,1548204699,2553,0,70954,0,32911424,29688384,3223040,24692352,16252864,16252864
2026-05-13T15:23:23+01:00,server,77830495,4077,2510132,1548208391,2553,0,70955,0,32911424,29687616,3223808,24691584,16252864,16252864
2026-05-13T15:23:24+01:00,server,77831696,4077,2510142,1548212084,2553,0,70955,0,32911424,29685760,3225664,24689728,16252864,16252864
2026-05-13T15:23:25+01:00,server,77832913,4077,2510154,1548215777,2553,0,70955,0,32911424,29682176,3229248,24686144,16252864,16252864
2026-05-13T15:23:26+01:00,server,77834118,4077,2510161,1548219474,2553,0,70956,0,32911424,29683840,3227584,24687808,16252864,16252864
2026-05-13T15:23:27+01:00,server,77835341,4077,2510165,1548223175,2553,0,70956,0,32911424,29687104,3224320,24691072,16252864,16252864
2026-05-13T15:23:28+01:00,server,77836555,4077,2510177,1548226866,2553,0,70956,0,32911424,29686336,3225088,24690304,16252864,16252864
2026-05-13T15:23:29+01:00,server,77837767,4077,2510197,1548230557,2553,0,70956,0,32911424,29685056,3226368,24689024,16252864,16252864
2026-05-13T15:23:30+01:00,server,77838959,4077,2510208,1548234247,2553,0,70957,0,32911424,29686016,3225408,24689984,16252864,16252864
2026-05-13T15:23:31+01:00,server,77840187,4077,2510219,1548237947,2553,0,70957,0,32911424,29684096,3227328,24688064,16252864,16252864
2026-05-13T15:23:32+01:00,server,77841424,4077,2510239,1548241611,2553,0,70958,0,32911424,29684992,3226432,24688960,16252864,16252864
2026-05-13T15:23:33+01:00,server,77842621,4077,2510254,1548245330,2553,0,70959,0,32911424,29682624,3228800,24686592,16252864,16252864
2026-05-13T15:23:35+01:00,server,77843849,4077,2510259,1548249011,2553,0,70959,0,32911424,29682624,3228800,24686592,16252864,16252864
2026-05-13T15:23:36+01:00,server,77845065,4077,2510272,1548252692,2553,0,70959,0,32911424,29681472,3229952,24685440,16252864,16252864
2026-05-13T15:23:37+01:00,server,77846284,4077,2510282,1548256374,2553,0,70961,0,32911424,29681728,3229696,24685696,16252864,16252864
2026-05-13T15:23:38+01:00,server,77847504,4077,2510293,1548260055,2553,0,70961,0,32911424,29681152,3230272,24685120,16252864,16252864
2026-05-13T15:23:39+01:00,server,77848734,4077,2510306,1548263739,2553,0,70961,0,32911424,29680576,3230848,24684544,16252864,16252864
2026-05-13T15:23:40+01:00,server,77849949,4077,2510312,1548267429,2553,0,70962,0,32911424,29682944,3228480,24686912,16252864,16252864
2026-05-13T15:23:41+01:00,server,77851169,4077,2510326,1548271115,2553,0,70963,0,32911424,29682176,3229248,24686144,16252864,16252864
2026-05-13T15:23:42+01:00,server,77852373,4077,2510339,1548274797,2553,0,70963,0,32911424,29684288,3227136,24688256,16252864,16252864
2026-05-13T15:23:43+01:00,server,77853598,4077,2510353,1548278480,2553,0,70963,0,32911424,29683712,3227712,24687680,16252864,16252864
2026-05-13T15:23:44+01:00,server,77854805,4077,2510364,1548282163,2553,0,70964,0,32911424,29684672,3226752,24688640,16252864,16252864
2026-05-13T15:23:45+01:00,server,77856024,4077,2510374,1548285847,2553,0,70966,0,32911424,29682944,3228480,24686912,16252864,16252864
2026-05-13T15:23:46+01:00,server,77857240,4077,2510384,1548289530,2553,0,70966,0,32911424,29684224,3227200,24688192,16252864,16252864
2026-05-13T15:23:47+01:00,server,77858452,4077,2510394,1548293215,2553,0,70966,0,32911424,29682880,3228544,24686848,16252864,16252864
2026-05-13T15:23:48+01:00,server,77859731,4077,2510408,1548296866,2553,0,70966,0,32911424,29686336,3225088,24690304,16252864,16252864
2026-05-13T15:23:49+01:00,server,77860936,4077,2510422,1548300550,2553,0,70967,0,32911424,29686144,3225280,24690112,16252864,16252864
2026-05-13T15:23:50+01:00,server,77862154,4077,2510435,1548304234,2553,0,70968,0,32911424,29684800,3226624,24688768,16252864,16252864
2026-05-13T15:23:51+01:00,server,77863367,4077,2510448,1548307919,2553,0,70969,0,32911424,29686592,3224832,24690560,16252864,16252864
2026-05-13T15:23:52+01:00,server,77864583,4077,2510461,1548311606,2553,0,70969,0,32911424,29684288,3227136,24688256,16252864,16252864
2026-05-13T15:23:53+01:00,server,77865800,4077,2510467,1548315302,2553,0,70969,0,32911424,29689600,3221824,24693568,16252864,16252864
2026-05-13T15:23:54+01:00,server,77867028,4077,2510480,1548318990,2553,0,70970,0,32911424,29687168,3224256,24691136,16252864,16252864
2026-05-13T15:23:55+01:00,server,77868244,4077,2510491,1548322679,2553,0,70971,0,32911424,29687744,3223680,24691712,16252864,16252864
2026-05-13T15:23:56+01:00,server,77869460,4077,2510502,1548326364,2553,0,70971,0,32911424,29688512,3222912,24692480,16252864,16252864
2026-05-13T15:23:57+01:00,server,77870665,4077,2510515,1548330050,2553,0,70971,0,32911424,29687168,3224256,24691136,16252864,16252864
2026-05-13T15:23:58+01:00,server,77871897,4077,2510528,1548333747,2553,0,70971,0,32911424,29686784,3224640,24690752,16252864,16252864
2026-05-13T15:23:59+01:00,server,77873102,4077,2510542,1548337434,2553,0,70972,0,32911424,29688128,3223296,24692096,16252864,16252864
2026-05-13T15:24:00+01:00,server,77874314,4077,2510557,1548341125,2553,0,70974,0,32911424,29686976,3224448,24690944,16252864,16252864
2026-05-13T15:24:01+01:00,server,77875516,4077,2510571,1548344812,2553,0,70975,0,32911424,29686976,3224448,24690944,16252864,16252864
2026-05-13T15:24:02+01:00,server,77876740,4077,2510585,1548348503,2553,0,70975,0,32911424,29687936,3223488,24691904,16252864,16252864
2026-05-13T15:24:03+01:00,server,77877978,4077,2510604,1548352162,2553,0,70977,0,32911424,29687488,3223936,24691456,16252864,16252864
2026-05-13T15:24:04+01:00,server,77879202,4077,2510615,1548355849,2553,0,70977,0,32911424,29685952,3225472,24689920,16252864,16252864
2026-05-13T15:24:05+01:00,server,77880410,4077,2510624,1548359541,2553,0,70977,0,32911424,29686720,3224704,24690688,16252864,16252864
2026-05-13T15:24:06+01:00,server,77881621,4077,2510628,1548363235,2553,0,70977,0,32911424,29687936,3223488,24691904,16252864,16252864
2026-05-13T15:24:07+01:00,server,77882850,4077,2510640,1548366923,2553,0,70978,0,32911424,29688128,3223296,24692096,16252864,16252864
2026-05-13T15:24:08+01:00,server,77884050,4077,2510651,1548370609,2553,0,70978,0,32911424,29689216,3222208,24693184,16252864,16252864
2026-05-13T15:24:09+01:00,server,77885267,4077,2510663,1548374297,2553,0,70979,0,32911424,29687488,3223936,24691456,16252864,16252864
2026-05-13T15:24:10+01:00,server,77886465,4077,2510674,1548377985,2553,0,70980,0,32911424,29686336,3225088,24690304,16252864,16252864
2026-05-13T15:24:11+01:00,server,77887645,4077,2510684,1548381702,2553,0,70980,0,32911424,29682560,3228864,24686528,16252864,16252864
2026-05-13T15:24:12+01:00,server,77888875,4077,2510699,1548385383,2553,0,70980,0,32911424,29687040,3224384,24691008,16252864,16252864
2026-05-13T15:24:13+01:00,server,77890089,4077,2510714,1548389064,2553,0,70980,0,32911424,29686656,3224768,24690624,16252864,16252864
2026-05-13T15:24:14+01:00,server,77891322,4077,2510723,1548392745,2553,0,70980,0,32911424,29688000,3223424,24691968,16252864,16252864
2026-05-13T15:24:15+01:00,server,77892545,4077,2510734,1548396422,2553,0,70981,0,32911424,29688576,3222848,24692544,16252864,16252864
2026-05-13T15:24:17+01:00,server,77893777,4077,2510744,1548400102,2553,0,70981,0,32911424,29684736,3226688,24688704,16252864,16252864
2026-05-13T15:24:18+01:00,server,77895051,4077,2510763,1548403745,2553,0,70984,0,32911424,29689408,3222016,24693120,16252864,16252864
2026-05-13T15:24:19+01:00,server,77896279,4077,2510770,1548407431,2553,0,70984,0,32911424,29687936,3223488,24691648,16252864,16252864
2026-05-13T15:24:20+01:00,server,77897484,4077,2510778,1548411117,2553,0,70984,0,32911424,29688320,3223104,24692032,16252864,16252864
2026-05-13T15:24:21+01:00,server,77898696,4077,2510791,1548414797,2553,0,70984,0,32911424,29688128,3223296,24691840,16252864,16252864
2026-05-13T15:24:22+01:00,server,77899921,4077,2510797,1548418479,2553,0,70985,0,32911424,29688704,3222720,24692416,16252864,16252864
2026-05-13T15:24:23+01:00,server,77901139,4077,2510806,1548422159,2553,0,70986,0,32911424,29689472,3221952,24693184,16252864,16252864
2026-05-13T15:24:24+01:00,server,77902367,4077,2510826,1548425840,2553,0,70986,0,32911424,29689664,3221760,24693376,16252864,16252864
2026-05-13T15:24:25+01:00,server,77903581,4077,2510837,1548429522,2553,0,70987,0,32911424,29688896,3222528,24692608,16252864,16252864
2026-05-13T15:24:26+01:00,server,77904807,4077,2510851,1548433205,2553,0,70989,0,32911424,29688128,3223296,24691840,16252864,16252864
2026-05-13T15:24:27+01:00,server,77906016,4077,2510861,1548436886,2553,0,70990,0,32911424,29688896,3222528,24692608,16252864,16252864
2026-05-13T15:24:28+01:00,server,77907233,4077,2510873,1548440570,2553,0,70990,0,32911424,29688576,3222848,24692288,16252864,16252864
2026-05-13T15:24:29+01:00,server,77908462,4077,2510885,1548444253,2553,0,70990,0,32911424,29690496,3220928,24694208,16252864,16252864
2026-05-13T15:24:30+01:00,server,77909665,4077,2510898,1548447936,2553,0,70990,0,32911424,29690112,3221312,24693824,16252864,16252864
2026-05-13T15:24:31+01:00,server,77910876,4077,2510910,1548451619,2553,0,70991,0,32911424,29683584,3227840,24687296,16252864,16252864
2026-05-13T15:24:32+01:00,server,77912096,4077,2510914,1548455313,2553,0,70991,0,32911424,29688000,3223424,24691712,16252864,16252864
2026-05-13T15:24:33+01:00,server,77913357,4077,2510937,1548458969,2553,0,70991,0,32911424,29689984,3221440,24693696,16252864,16252864
2026-05-13T15:24:34+01:00,server,77914575,4077,2510949,1548462655,2553,0,70992,0,32911424,29690176,3221248,24693888,16252864,16252864
2026-05-13T15:24:35+01:00,server,77915783,4077,2510961,1548466341,2553,0,70992,0,32911424,29689792,3221632,24693504,16252864,16252864
2026-05-13T15:24:36+01:00,server,77917002,4077,2510971,1548470028,2553,0,70992,0,32911424,29689984,3221440,24693696,16252864,16252864
2026-05-13T15:24:37+01:00,server,77918207,4077,2510982,1548473716,2553,0,70993,0,32911424,29690816,3220608,24694528,16252864,16252864
2026-05-13T15:24:38+01:00,server,77919426,4077,2510991,1548477402,2553,0,70994,0,32911424,29687360,3224064,24691072,16252864,16252864
2026-05-13T15:24:39+01:00,server,77920650,4077,2511003,1548481089,2554,0,70995,0,32911424,29693312,3218112,24697024,16252864,16252864
2026-05-13T15:24:40+01:00,server,77921857,4077,2511022,1548484775,2554,0,70995,0,32911424,29690432,3220992,24694144,16252864,16252864
2026-05-13T15:24:41+01:00,server,77923080,4077,2511038,1548488465,2554,0,70995,0,32911424,29690624,3220800,24694336,16252864,16252864
2026-05-13T15:24:42+01:00,server,77924289,4077,2511048,1548492152,2554,0,70995,0,32911424,29688320,3223104,24692032,16252864,16252864
2026-05-13T15:24:43+01:00,server,77925504,4077,2511061,1548495839,2554,0,70995,0,32911424,29688704,3222720,24692416,16252864,16252864
2026-05-13T15:24:44+01:00,server,77926730,4077,2511078,1548499531,2554,0,70995,0,32911424,29686592,3224832,24690304,16252864,16252864
2026-05-13T15:24:45+01:00,server,77927937,4077,2511085,1548503226,2554,0,70995,0,32911424,29690432,3220992,24694144,16252864,16252864
2026-05-13T15:24:46+01:00,server,77929151,4077,2511098,1548506912,2554,0,70995,0,32911424,29689280,3222144,24692992,16252864,16252864
2026-05-13T15:24:47+01:00,server,77930368,4077,2511105,1548510601,2554,0,70995,0,32911424,29689856,3221568,24693568,16252864,16252864
2026-05-13T15:24:48+01:00,server,77931621,4077,2511134,1548514255,2554,0,70995,0,32911424,29690560,3220864,24694272,16252864,16252864
2026-05-13T15:24:49+01:00,server,77932802,4077,2511147,1548517969,2554,0,70996,0,32911424,29691648,3219776,24695360,16252864,16252864
2026-05-13T15:24:50+01:00,server,77934032,4077,2511159,1548521646,2554,0,70996,0,32911424,29690368,3221056,24694080,16252864,16252864
2026-05-13T15:24:51+01:00,server,77935251,4077,2511175,1548525325,2554,0,70996,0,32911424,29691136,3220288,24694848,16252864,16252864
2026-05-13T15:24:52+01:00,server,77936479,4077,2511184,1548529003,2554,0,70997,0,32911424,29689664,3221760,24696256,16252864,16252864
2026-05-13T15:24:53+01:00,server,77937690,4077,2511196,1548532685,2554,0,70997,0,32911424,29689280,3222144,24692992,16252864,16252864
2026-05-13T15:24:54+01:00,server,77938906,4077,2511209,1548536365,2554,0,70997,0,32911424,29690240,3221184,24693952,16252864,16252864
2026-05-13T15:24:55+01:00,server,77940145,4077,2511220,1548540044,2554,0,70997,0,32911424,29693888,3217536,24697600,16252864,16252864
2026-05-13T15:24:56+01:00,server,77941357,4077,2511234,1548543724,2554,0,70997,0,32911424,29690240,3221184,24693952,16252864,16252864
2026-05-13T15:24:57+01:00,server,77942582,4077,2511241,1548547411,2554,0,70997,0,32911424,29690048,3221376,24693760,16252864,16252864
2026-05-13T15:24:59+01:00,server,77943803,4077,2511248,1548551098,2554,0,70997,0,32911424,29691200,3220224,24694912,16252864,16252864
2026-05-13T15:25:00+01:00,server,77945023,4077,2511262,1548554778,2554,0,70997,0,32911424,29691584,3219840,24695296,16252864,16252864
2026-05-13T15:25:01+01:00,server,77946240,4077,2511276,1548558455,2554,0,70997,0,32911424,29690240,3221184,24693952,16252864,16252864
2026-05-13T15:25:02+01:00,server,77947427,4077,2511291,1548562136,2554,0,70997,0,32911424,29684544,3226880,24688256,16252864,16252864
2026-05-13T15:25:03+01:00,server,77948656,4077,2511314,1548565789,2554,0,70998,0,32911424,29684416,3227008,24688192,16252864,16252864
2026-05-13T15:25:04+01:00,server,77949862,4077,2511332,1548569471,2554,0,70998,0,32911424,29679424,3232000,24683008,16252864,16252864
2026-05-13T15:25:05+01:00,server,77951103,4077,2511343,1548573156,2554,0,70998,0,32911424,29685760,3225664,24689280,16252864,16252864
2026-05-13T15:25:06+01:00,server,77952316,4077,2511359,1548576840,2554,0,70998,0,32911424,29685056,3226368,24688576,16252864,16252864
2026-05-13T15:25:07+01:00,server,77953544,4077,2511372,1548580524,2554,0,70998,0,32911424,29686592,3224832,24690112,16252864,16252864
2026-05-13T15:25:08+01:00,server,77954751,4077,2511385,1548584210,2554,0,70998,0,32911424,29683776,3227648,24687296,16252864,16252864
2026-05-13T15:25:09+01:00,server,77955976,4077,2511397,1548587895,2554,0,71000,0,32911424,29684160,3227264,24687680,16252864,16252864
2026-05-13T15:25:10+01:00,server,77957195,4077,2511413,1548591582,2554,0,71000,0,32911424,29683776,3227648,24687296,16252864,16252864
2026-05-13T15:25:11+01:00,server,77958419,4077,2511420,1548595276,2554,0,71000,0,32911424,29685696,3225728,24689216,16252864,16252864
2026-05-13T15:25:12+01:00,server,77959635,4077,2511428,1548598956,2554,0,71000,0,32911424,29685504,3225920,24689024,16252864,16252864
2026-05-13T15:25:13+01:00,server,77960865,4077,2511440,1548602649,2554,0,71002,0,32911424,29686080,3225344,24689600,16252864,16252864
2026-05-13T15:25:14+01:00,server,77962087,4077,2511449,1548606334,2554,0,71003,0,32911424,29686272,3225152,24689792,16252864,16252864
2026-05-13T15:25:15+01:00,server,77963288,4077,2511458,1548610020,2554,0,71003,0,32911424,29686272,3225152,24689792,16252864,16252864
2026-05-13T15:25:16+01:00,server,77964515,4077,2511472,1548613705,2554,0,71003,0,32911424,29684928,3226496,24688448,16252864,16252864
2026-05-13T15:25:17+01:00,server,77965731,4077,2511486,1548617391,2554,0,71004,0,32911424,29686912,3224512,24690432,16252864,16252864
2026-05-13T15:25:18+01:00,server,77966979,4077,2511517,1548621043,2554,0,71004,0,32911424,29686784,3224640,24690240,16252864,16252864
2026-05-13T15:25:19+01:00,server,77968197,4077,2511531,1548624732,2554,0,71005,0,32911424,29684736,3226688,24688192,16252864,16252864
2026-05-13T15:25:20+01:00,server,77969405,4077,2511541,1548628419,2554,0,71006,0,32911424,29684736,3226688,24688192,16252864,16252864
2026-05-13T15:25:21+01:00,server,77970632,4077,2511550,1548632107,2554,0,71006,0,32911424,29683264,3228160,24686720,16252864,16252864
2026-05-13T15:25:22+01:00,server,77971849,4077,2511559,1548635793,2554,0,71006,0,32911424,29681152,3230272,24684608,16252864,16252864
2026-05-13T15:25:23+01:00,server,77973077,4077,2511573,1548639484,2554,0,71007,0,32911424,29682560,3228864,24686016,16252864,16252864
2026-05-13T15:25:24+01:00,server,77974294,4077,2511578,1548643176,2554,0,71007,0,32911424,29685632,3225792,24689088,16252864,16252864
2026-05-13T15:25:25+01:00,server,77975534,4077,2511587,1548646860,2554,0,71007,0,32911424,29685504,3225920,24689088,16252864,16252864
2026-05-13T15:25:26+01:00,server,77976746,4077,2511598,1548650546,2554,0,71007,0,32911424,29684672,3226752,24688256,16252864,16252864
