timestamp,role,cpu_user_jiffies,cpu_nice_jiffies,cpu_system_jiffies,cpu_idle_jiffies,cpu_iowait_jiffies,cpu_irq_jiffies,cpu_softirq_jiffies,cpu_steal_jiffies,mem_total_kb,mem_available_kb,mem_used_kb,mem_free_kb,swap_total_kb,swap_free_kb
2026-05-14T11:29:18+01:00,rpc-worker,67596780,366,527231,1130881451,2864,0,17483,0,32911424,30265152,2646272,30150592,16252864,16252864
2026-05-14T11:29:19+01:00,rpc-worker,67596785,366,527251,1130886339,2864,0,17483,0,32911424,30260096,2651328,30134208,16252864,16252864
2026-05-14T11:29:20+01:00,rpc-worker,67596787,366,527265,1130891229,2865,0,17483,0,32911424,30260864,2650560,30134912,16252864,16252864
2026-05-14T11:29:21+01:00,rpc-worker,67596823,366,527279,1130896087,2865,0,17483,0,32911424,30241216,2670208,30112192,16252864,16252864
2026-05-14T11:29:22+01:00,rpc-worker,67596825,366,527292,1130900979,2865,0,17483,0,32911424,30242304,2669120,30113280,16252864,16252864
2026-05-14T11:29:23+01:00,rpc-worker,67596827,366,527302,1130905870,2865,0,17483,0,32911424,30239616,2671808,30110592,16252864,16252864
2026-05-14T11:29:24+01:00,rpc-worker,67596827,366,527314,1130910760,2865,0,17483,0,32911424,30240640,2670784,30111616,16252864,16252864
2026-05-14T11:29:26+01:00,rpc-worker,67596830,366,527326,1130915653,2865,0,17483,0,32911424,30240896,2670528,30111872,16252864,16252864
2026-05-14T11:29:27+01:00,rpc-worker,67596834,366,527337,1130920544,2865,0,17483,0,32911424,30241280,2670144,30112256,16252864,16252864
2026-05-14T11:29:28+01:00,rpc-worker,67596837,366,527344,1130925433,2865,0,17483,0,32911424,30241600,2669824,30112576,16252864,16252864
2026-05-14T11:29:29+01:00,rpc-worker,67596839,366,527356,1130930324,2865,0,17483,0,32911424,30242432,2668992,30113408,16252864,16252864
2026-05-14T11:29:30+01:00,rpc-worker,67596843,366,527366,1130935216,2865,0,17483,0,32911424,30240256,2671168,30111232,16252864,16252864
2026-05-14T11:29:31+01:00,rpc-worker,67596846,366,527374,1130940107,2865,0,17484,0,32911424,30239680,2671744,30110656,16252864,16252864
2026-05-14T11:29:32+01:00,rpc-worker,67596847,366,527379,1130945006,2865,0,17484,0,32911424,30236992,2674432,30107968,16252864,16252864
2026-05-14T11:29:33+01:00,rpc-worker,67596851,366,527386,1130949902,2865,0,17484,0,32911424,30240256,2671168,30111232,16252864,16252864
2026-05-14T11:29:34+01:00,rpc-worker,67596854,366,527397,1130954793,2865,0,17485,0,32911424,30239872,2671552,30110848,16252864,16252864
2026-05-14T11:29:35+01:00,rpc-worker,67596854,366,527415,1130959674,2865,0,17486,0,32911424,30239872,2671552,30110848,16252864,16252864
2026-05-14T11:29:36+01:00,rpc-worker,67596887,366,527437,1130964531,2865,0,17488,0,32911424,30227264,2684160,30098112,16252864,16252864
2026-05-14T11:29:37+01:00,rpc-worker,67596890,366,527448,1130969422,2865,0,17488,0,32911424,30228800,2682624,30099648,16252864,16252864
2026-05-14T11:29:38+01:00,rpc-worker,67596892,366,527459,1130974315,2865,0,17488,0,32911424,30229440,2681984,30100096,16252864,16252864
2026-05-14T11:29:39+01:00,rpc-worker,67596896,366,527466,1130979208,2865,0,17488,0,32911424,30229504,2681920,30100160,16252864,16252864
2026-05-14T11:29:40+01:00,rpc-worker,67596899,366,527479,1130984100,2865,0,17488,0,32911424,30229120,2682304,30099776,16252864,16252864
2026-05-14T11:29:41+01:00,rpc-worker,67596901,366,527489,1130988992,2865,0,17490,0,32911424,30229312,2682112,30099968,16252864,16252864
2026-05-14T11:29:42+01:00,rpc-worker,67596905,366,527499,1130993884,2865,0,17490,0,32911424,30230400,2681024,30101056,16252864,16252864
2026-05-14T11:29:43+01:00,rpc-worker,67596907,366,527509,1130998775,2865,0,17491,0,32911424,30230720,2680704,30101248,16252864,16252864
2026-05-14T11:29:44+01:00,rpc-worker,67596909,366,527521,1131003666,2865,0,17491,0,32911424,30225856,2685568,30096384,16252864,16252864
2026-05-14T11:29:45+01:00,rpc-worker,67596912,366,527532,1131008562,2865,0,17491,0,32911424,30227776,2683648,30098368,16252864,16252864
2026-05-14T11:29:46+01:00,rpc-worker,67596913,366,527536,1131013480,2865,0,17491,0,32911424,30227776,2683648,30098368,16252864,16252864
2026-05-14T11:29:47+01:00,rpc-worker,67596917,366,527549,1131018378,2865,0,17491,0,32911424,30230848,2680576,30101440,16252864,16252864
2026-05-14T11:29:48+01:00,rpc-worker,67596919,366,527559,1131023270,2865,0,17492,0,32911424,30228096,2683328,30098624,16252864,16252864
2026-05-14T11:29:49+01:00,rpc-worker,67596925,366,527568,1131028163,2865,0,17493,0,32911424,30229056,2682368,30099584,16252864,16252864
2026-05-14T11:29:50+01:00,rpc-worker,67596929,366,527577,1131033055,2865,0,17493,0,32911424,30228544,2682880,30099072,16252864,16252864
2026-05-14T11:29:51+01:00,rpc-worker,67596962,366,527588,1131037916,2865,0,17494,0,32911424,30215680,2695744,30086080,16252864,16252864
2026-05-14T11:29:52+01:00,rpc-worker,67596967,366,527596,1131042808,2865,0,17494,0,32911424,30212288,2699136,30082688,16252864,16252864
2026-05-14T11:29:53+01:00,rpc-worker,67596971,366,527606,1131047698,2865,0,17494,0,32911424,30210240,2701184,30080576,16252864,16252864
2026-05-14T11:29:54+01:00,rpc-worker,67596975,366,527617,1131052589,2865,0,17495,0,32911424,30211072,2700352,30081408,16252864,16252864
2026-05-14T11:29:55+01:00,rpc-worker,67596977,366,527629,1131057481,2865,0,17495,0,32911424,30210368,2701056,30080704,16252864,16252864
2026-05-14T11:29:56+01:00,rpc-worker,67596982,366,527639,1131062375,2865,0,17495,0,32911424,30209216,2702208,30079552,16252864,16252864
2026-05-14T11:29:57+01:00,rpc-worker,67596983,366,527650,1131067267,2865,0,17495,0,32911424,30207296,2704128,30077632,16252864,16252864
2026-05-14T11:29:58+01:00,rpc-worker,67596985,366,527661,1131072158,2865,0,17495,0,32911424,30208256,2703168,30078592,16252864,16252864
2026-05-14T11:29:59+01:00,rpc-worker,67596986,366,527663,1131077056,2865,0,17495,0,32911424,30204224,2707200,30074560,16252864,16252864
2026-05-14T11:30:00+01:00,rpc-worker,67596989,366,527670,1131081953,2865,0,17495,0,32911424,30208640,2702784,30078912,16252864,16252864
2026-05-14T11:30:01+01:00,rpc-worker,67596994,366,527681,1131086871,2866,0,17495,0,32911424,30200384,2711040,30070400,16252864,16252864
2026-05-14T11:30:02+01:00,rpc-worker,67596997,366,527691,1131091764,2866,0,17495,0,32911424,30199296,2712128,30064512,16252864,16252864
2026-05-14T11:30:03+01:00,rpc-worker,67597001,366,527701,1131096656,2866,0,17495,0,32911424,30197376,2714048,30062592,16252864,16252864
2026-05-14T11:30:04+01:00,rpc-worker,67597004,366,527711,1131101552,2866,0,17495,0,32911424,30199360,2712064,30064576,16252864,16252864
2026-05-14T11:30:05+01:00,rpc-worker,67597008,366,527720,1131106447,2866,0,17495,0,32911424,30199168,2712256,30064384,16252864,16252864
2026-05-14T11:30:06+01:00,rpc-worker,67597053,366,527745,1131111304,2866,0,17495,0,32911424,30192896,2718528,30058048,16252864,16252864
2026-05-14T11:30:07+01:00,rpc-worker,67597057,366,527754,1131116197,2866,0,17496,0,32911424,30193088,2718336,30058240,16252864,16252864
2026-05-14T11:30:08+01:00,rpc-worker,67597059,366,527762,1131121092,2866,0,17497,0,32911424,30192704,2718720,30057856,16252864,16252864
2026-05-14T11:30:09+01:00,rpc-worker,67597062,366,527772,1131125985,2866,0,17497,0,32911424,30193984,2717440,30059072,16252864,16252864
2026-05-14T11:30:11+01:00,rpc-worker,67597066,366,527782,1131130879,2866,0,17497,0,32911424,30193664,2717760,30058688,16252864,16252864
2026-05-14T11:30:12+01:00,rpc-worker,67597069,366,527790,1131135773,2866,0,17497,0,32911424,30191168,2720256,30056192,16252864,16252864
2026-05-14T11:30:13+01:00,rpc-worker,67597072,366,527799,1131140671,2866,0,17497,0,32911424,30193280,2718144,30058304,16252864,16252864
2026-05-14T11:30:14+01:00,rpc-worker,67597073,366,527803,1131145573,2866,0,17497,0,32911424,30194624,2716800,30059648,16252864,16252864
2026-05-14T11:30:15+01:00,rpc-worker,67597075,366,527813,1131150466,2866,0,17497,0,32911424,30193024,2718400,30058048,16252864,16252864
2026-05-14T11:30:16+01:00,rpc-worker,67597080,366,527821,1131155358,2866,0,17497,0,32911424,30193344,2718080,30058368,16252864,16252864
2026-05-14T11:30:17+01:00,rpc-worker,67597083,366,527832,1131160251,2866,0,17499,0,32911424,30192192,2719232,30057216,16252864,16252864
2026-05-14T11:30:18+01:00,rpc-worker,67597087,366,527841,1131165144,2866,0,17499,0,32911424,30193600,2717824,30058624,16252864,16252864
2026-05-14T11:30:19+01:00,rpc-worker,67597090,366,527853,1131170037,2866,0,17499,0,32911424,30190592,2720832,30055616,16252864,16252864
2026-05-14T11:30:20+01:00,rpc-worker,67597090,366,527865,1131174935,2866,0,17499,0,32911424,30193472,2717952,30058496,16252864,16252864
2026-05-14T11:30:21+01:00,rpc-worker,67597123,366,527890,1131179802,2866,0,17499,0,32911424,30188480,2722944,30053504,16252864,16252864
2026-05-14T11:30:22+01:00,rpc-worker,67597127,366,527901,1131184701,2866,0,17499,0,32911424,30188288,2723136,30053312,16252864,16252864
2026-05-14T11:30:23+01:00,rpc-worker,67597132,366,527909,1131189601,2866,0,17499,0,32911424,30189504,2721920,30054528,16252864,16252864
2026-05-14T11:30:24+01:00,rpc-worker,67597134,366,527922,1131194499,2866,0,17499,0,32911424,30187968,2723456,30052992,16252864,16252864
2026-05-14T11:30:25+01:00,rpc-worker,67597139,366,527929,1131199395,2866,0,17499,0,32911424,30185664,2725760,30050688,16252864,16252864
2026-05-14T11:30:26+01:00,rpc-worker,67597141,366,527941,1131204289,2866,0,17500,0,32911424,30186496,2724928,30051520,16252864,16252864
2026-05-14T11:30:27+01:00,rpc-worker,67597142,366,527944,1131209192,2866,0,17500,0,32911424,30188096,2723328,30053120,16252864,16252864
2026-05-14T11:30:28+01:00,rpc-worker,67597148,366,527951,1131214093,2866,0,17500,0,32911424,30189248,2722176,30054272,16252864,16252864
2026-05-14T11:30:29+01:00,rpc-worker,67597150,366,527960,1131218992,2866,0,17500,0,32911424,30190464,2720960,30055488,16252864,16252864
2026-05-14T11:30:30+01:00,rpc-worker,67597151,366,527971,1131223893,2866,0,17500,0,32911424,30190784,2720640,30055808,16252864,16252864
2026-05-14T11:30:31+01:00,rpc-worker,67597155,366,527981,1131228794,2866,0,17500,0,32911424,30190400,2721024,30055424,16252864,16252864
2026-05-14T11:30:32+01:00,rpc-worker,67597158,366,527993,1131233691,2866,0,17500,0,32911424,30190784,2720640,30055808,16252864,16252864
2026-05-14T11:30:33+01:00,rpc-worker,67597162,366,528000,1131238587,2866,0,17500,0,32911424,30190592,2720832,30055616,16252864,16252864
2026-05-14T11:30:34+01:00,rpc-worker,67597169,366,528008,1131243483,2866,0,17500,0,32911424,30190016,2721408,30055040,16252864,16252864
2026-05-14T11:30:35+01:00,rpc-worker,67597171,366,528017,1131248380,2866,0,17500,0,32911424,30190784,2720640,30055808,16252864,16252864
2026-05-14T11:30:36+01:00,rpc-worker,67597220,366,528036,1131253243,2866,0,17500,0,32911424,30190016,2721408,30055040,16252864,16252864
2026-05-14T11:30:37+01:00,rpc-worker,67597225,366,528044,1131258142,2866,0,17502,0,32911424,30188480,2722944,30053504,16252864,16252864
2026-05-14T11:30:38+01:00,rpc-worker,67597226,366,528057,1131263042,2866,0,17502,0,32911424,30189312,2722112,30054336,16252864,16252864
2026-05-14T11:30:39+01:00,rpc-worker,67597231,366,528066,1131267938,2866,0,17502,0,32911424,30188928,2722496,30053952,16252864,16252864
2026-05-14T11:30:40+01:00,rpc-worker,67597235,366,528071,1131272839,2866,0,17502,0,32911424,30189120,2722304,30054144,16252864,16252864
2026-05-14T11:30:41+01:00,rpc-worker,67597237,366,528077,1131277739,2866,0,17502,0,32911424,30190848,2720576,30055872,16252864,16252864
2026-05-14T11:30:42+01:00,rpc-worker,67597240,366,528087,1131282635,2866,0,17502,0,32911424,30189696,2721728,30054720,16252864,16252864
2026-05-14T11:30:43+01:00,rpc-worker,67597242,366,528099,1131287534,2866,0,17502,0,32911424,30190656,2720768,30055680,16252864,16252864
2026-05-14T11:30:44+01:00,rpc-worker,67597247,366,528109,1131292432,2866,0,17502,0,32911424,30189824,2721600,30054848,16252864,16252864
2026-05-14T11:30:45+01:00,rpc-worker,67597249,366,528121,1131297331,2866,0,17504,0,32911424,30189056,2722368,30054080,16252864,16252864
2026-05-14T11:30:46+01:00,rpc-worker,67597253,366,528128,1131302231,2866,0,17504,0,32911424,30189440,2721984,30054464,16252864,16252864
2026-05-14T11:30:47+01:00,rpc-worker,67597256,366,528140,1131307130,2866,0,17504,0,32911424,30188864,2722560,30053888,16252864,16252864
2026-05-14T11:30:48+01:00,rpc-worker,67597259,366,528148,1131312024,2866,0,17504,0,32911424,30188672,2722752,30053696,16252864,16252864
2026-05-14T11:30:49+01:00,rpc-worker,67597261,366,528159,1131316916,2866,0,17504,0,32911424,30189632,2721792,30054656,16252864,16252864
2026-05-14T11:30:50+01:00,rpc-worker,67597266,366,528166,1131321813,2866,0,17504,0,32911424,30189248,2722176,30054272,16252864,16252864
2026-05-14T11:30:51+01:00,rpc-worker,67597316,366,528197,1131326679,2866,0,17504,0,32911424,30188416,2723008,30053440,16252864,16252864
2026-05-14T11:30:52+01:00,rpc-worker,67597319,366,528208,1131331578,2866,0,17504,0,32911424,30184576,2726848,30049600,16252864,16252864
2026-05-14T11:30:53+01:00,rpc-worker,67597322,366,528215,1131336484,2866,0,17504,0,32911424,30185536,2725888,30050560,16252864,16252864
2026-05-14T11:30:55+01:00,rpc-worker,67597323,366,528222,1131341391,2866,0,17504,0,32911424,30188992,2722432,30054016,16252864,16252864
2026-05-14T11:30:56+01:00,rpc-worker,67597327,366,528229,1131346284,2866,0,17505,0,32911424,30189056,2722368,30054080,16252864,16252864
2026-05-14T11:30:57+01:00,rpc-worker,67597331,366,528237,1131351177,2866,0,17505,0,32911424,30188864,2722560,30053888,16252864,16252864
2026-05-14T11:30:58+01:00,rpc-worker,67597333,366,528249,1131356075,2866,0,17505,0,32911424,30189248,2722176,30054272,16252864,16252864
2026-05-14T11:30:59+01:00,rpc-worker,67597335,366,528259,1131360974,2866,0,17505,0,32911424,30189440,2721984,30054464,16252864,16252864
2026-05-14T11:31:00+01:00,rpc-worker,67597341,366,528267,1131365872,2866,0,17506,0,32911424,30188608,2722816,30053632,16252864,16252864
2026-05-14T11:31:01+01:00,rpc-worker,67597341,366,528280,1131370775,2866,0,17506,0,32911424,30189376,2722048,30054400,16252864,16252864
2026-05-14T11:31:02+01:00,rpc-worker,67597344,366,528290,1131375673,2866,0,17506,0,32911424,30188992,2722432,30054016,16252864,16252864
2026-05-14T11:31:03+01:00,rpc-worker,67597349,366,528296,1131380566,2866,0,17507,0,32911424,30189184,2722240,30054208,16252864,16252864
2026-05-14T11:31:04+01:00,rpc-worker,67597351,366,528308,1131385462,2866,0,17507,0,32911424,30188608,2722816,30053632,16252864,16252864
2026-05-14T11:31:05+01:00,rpc-worker,67597353,366,528318,1131390355,2866,0,17507,0,32911424,30188864,2722560,30053888,16252864,16252864
2026-05-14T11:31:06+01:00,rpc-worker,67597405,366,528333,1131395216,2866,0,17508,0,32911424,30183936,2727488,30048960,16252864,16252864
2026-05-14T11:31:07+01:00,rpc-worker,67597420,366,528343,1131400109,2866,0,17508,0,32911424,30184704,2726720,30049728,16252864,16252864
2026-05-14T11:31:08+01:00,rpc-worker,67597423,366,528346,1131405020,2866,0,17508,0,32911424,30185856,2725568,30050880,16252864,16252864
2026-05-14T11:31:09+01:00,rpc-worker,67597427,366,528356,1131409924,2866,0,17508,0,32911424,30187264,2724160,30052288,16252864,16252864
2026-05-14T11:31:10+01:00,rpc-worker,67597434,366,528364,1131414819,2866,0,17508,0,32911424,30188480,2722944,30053504,16252864,16252864
2026-05-14T11:31:11+01:00,rpc-worker,67597436,366,528375,1131419712,2866,0,17510,0,32911424,30187328,2724096,30052352,16252864,16252864
2026-05-14T11:31:12+01:00,rpc-worker,67597439,366,528386,1131424606,2866,0,17510,0,32911424,30187328,2724096,30052352,16252864,16252864
2026-05-14T11:31:13+01:00,rpc-worker,67597441,366,528397,1131429502,2866,0,17511,0,32911424,30186752,2724672,30051776,16252864,16252864
2026-05-14T11:31:14+01:00,rpc-worker,67597448,366,528403,1131434401,2866,0,17511,0,32911424,30187520,2723904,30052544,16252864,16252864
2026-05-14T11:31:15+01:00,rpc-worker,67597450,366,528414,1131439299,2866,0,17511,0,32911424,30187456,2723968,30052480,16252864,16252864
2026-05-14T11:31:16+01:00,rpc-worker,67597456,366,528422,1131444197,2866,0,17511,0,32911424,30187648,2723776,30052672,16252864,16252864
2026-05-14T11:31:17+01:00,rpc-worker,67597461,366,528429,1131449092,2866,0,17511,0,32911424,30187264,2724160,30052288,16252864,16252864
2026-05-14T11:31:18+01:00,rpc-worker,67597462,366,528443,1131453988,2866,0,17511,0,32911424,30188416,2723008,30053440,16252864,16252864
2026-05-14T11:31:19+01:00,rpc-worker,67597468,366,528448,1131458881,2866,0,17511,0,32911424,30186496,2724928,30051520,16252864,16252864
2026-05-14T11:31:20+01:00,rpc-worker,67597470,366,528461,1131463778,2866,0,17511,0,32911424,30188032,2723392,30053056,16252864,16252864
2026-05-14T11:31:21+01:00,rpc-worker,67597517,366,528482,1131468652,2866,0,17511,0,32911424,30186432,2724992,30051456,16252864,16252864
2026-05-14T11:31:22+01:00,rpc-worker,67597520,366,528490,1131473555,2866,0,17511,0,32911424,30186048,2725376,30051072,16252864,16252864
2026-05-14T11:31:23+01:00,rpc-worker,67597521,366,528502,1131478453,2866,0,17511,0,32911424,30186432,2724992,30051456,16252864,16252864
2026-05-14T11:31:24+01:00,rpc-worker,67597522,366,528511,1131483358,2866,0,17511,0,32911424,30185856,2725568,30050880,16252864,16252864
2026-05-14T11:31:25+01:00,rpc-worker,67597523,366,528523,1131488255,2866,0,17512,0,32911424,30186432,2724992,30051456,16252864,16252864
2026-05-14T11:31:26+01:00,rpc-worker,67597528,366,528531,1131493148,2866,0,17512,0,32911424,30186240,2725184,30051264,16252864,16252864
2026-05-14T11:31:27+01:00,rpc-worker,67597529,366,528544,1131498041,2866,0,17512,0,32911424,30186048,2725376,30051072,16252864,16252864
2026-05-14T11:31:28+01:00,rpc-worker,67597532,366,528556,1131502940,2866,0,17512,0,32911424,30185088,2726336,30049920,16252864,16252864
2026-05-14T11:31:29+01:00,rpc-worker,67597539,366,528568,1131507832,2866,0,17512,0,32911424,30185088,2726336,30048320,16252864,16252864
2026-05-14T11:31:30+01:00,rpc-worker,67597541,366,528578,1131512732,2866,0,17512,0,32911424,30186240,2725184,30049472,16252864,16252864
2026-05-14T11:31:31+01:00,rpc-worker,67597542,366,528590,1131517632,2866,0,17512,0,32911424,30186624,2724800,30049856,16252864,16252864
2026-05-14T11:31:32+01:00,rpc-worker,67597548,366,528598,1131522533,2866,0,17512,0,32911424,30185856,2725568,30049088,16252864,16252864
2026-05-14T11:31:33+01:00,rpc-worker,67597551,366,528606,1131527427,2866,0,17513,0,32911424,30185472,2725952,30048704,16252864,16252864
2026-05-14T11:31:34+01:00,rpc-worker,67597553,366,528612,1131532327,2866,0,17513,0,32911424,30185088,2726336,30048320,16252864,16252864
2026-05-14T11:31:35+01:00,rpc-worker,67597557,366,528618,1131537229,2866,0,17513,0,32911424,30185792,2725632,30049024,16252864,16252864
2026-05-14T11:31:36+01:00,rpc-worker,67597604,366,528647,1131542095,2866,0,17513,0,32911424,30185344,2726080,30048512,16252864,16252864
2026-05-14T11:31:37+01:00,rpc-worker,67597611,366,528655,1131546995,2866,0,17513,0,32911424,30185920,2725504,30048960,16252864,16252864
2026-05-14T11:31:39+01:00,rpc-worker,67597613,366,528664,1131551894,2866,0,17513,0,32911424,30186112,2725312,30049152,16252864,16252864
2026-05-14T11:31:40+01:00,rpc-worker,67597618,366,528674,1131556795,2866,0,17513,0,32911424,30186368,2725056,30049408,16252864,16252864
2026-05-14T11:31:41+01:00,rpc-worker,67597620,366,528687,1131561693,2866,0,17514,0,32911424,30185600,2725824,30048640,16252864,16252864
2026-05-14T11:31:42+01:00,rpc-worker,67597623,366,528694,1131566589,2866,0,17515,0,32911424,30185856,2725568,30048896,16252864,16252864
2026-05-14T11:31:43+01:00,rpc-worker,67597627,366,528705,1131571487,2867,0,17515,0,32911424,30187584,2723840,30050624,16252864,16252864
2026-05-14T11:31:44+01:00,rpc-worker,67597631,366,528715,1131576386,2867,0,17515,0,32911424,30186048,2725376,30049088,16252864,16252864
2026-05-14T11:31:45+01:00,rpc-worker,67597632,366,528726,1131581284,2867,0,17515,0,32911424,30188800,2722624,30051776,16252864,16252864
2026-05-14T11:31:46+01:00,rpc-worker,67597635,366,528735,1131586182,2867,0,17516,0,32911424,30186112,2725312,30049088,16252864,16252864
2026-05-14T11:31:47+01:00,rpc-worker,67597639,366,528747,1131591082,2867,0,17516,0,32911424,30183488,2727936,30046464,16252864,16252864
2026-05-14T11:31:48+01:00,rpc-worker,67597640,366,528753,1131595988,2867,0,17516,0,32911424,30184640,2726784,30047616,16252864,16252864
2026-05-14T11:31:49+01:00,rpc-worker,67597643,366,528757,1131600891,2867,0,17516,0,32911424,30186304,2725120,30049280,16252864,16252864
2026-05-14T11:31:50+01:00,rpc-worker,67597645,366,528771,1131605785,2867,0,17516,0,32911424,30186688,2724736,30049664,16252864,16252864
2026-05-14T11:31:51+01:00,rpc-worker,67597707,366,528790,1131610648,2867,0,17516,0,32911424,30187200,2724224,30050176,16252864,16252864
2026-05-14T11:31:52+01:00,rpc-worker,67597713,366,528799,1131615546,2867,0,17516,0,32911424,30186432,2724992,30049408,16252864,16252864
2026-05-14T11:31:53+01:00,rpc-worker,67597720,366,528805,1131620444,2867,0,17516,0,32911424,30188160,2723264,30051136,16252864,16252864
2026-05-14T11:31:54+01:00,rpc-worker,67597723,366,528817,1131625342,2867,0,17516,0,32911424,30188352,2723072,30051328,16252864,16252864
2026-05-14T11:31:55+01:00,rpc-worker,67597728,366,528825,1131630246,2867,0,17516,0,32911424,30187392,2724032,30050304,16252864,16252864
2026-05-14T11:31:56+01:00,rpc-worker,67597731,366,528834,1131635148,2867,0,17516,0,32911424,30188160,2723264,30051072,16252864,16252864
2026-05-14T11:31:57+01:00,rpc-worker,67597733,366,528847,1131640050,2867,0,17518,0,32911424,30188160,2723264,30051072,16252864,16252864
2026-05-14T11:31:58+01:00,rpc-worker,67597736,366,528856,1131644951,2867,0,17519,0,32911424,30187200,2724224,30050112,16252864,16252864
2026-05-14T11:31:59+01:00,rpc-worker,67597740,366,528865,1131649854,2867,0,17519,0,32911424,30187968,2723456,30050880,16252864,16252864
2026-05-14T11:32:00+01:00,rpc-worker,67597747,366,528872,1131654755,2867,0,17519,0,32911424,30186688,2724736,30049600,16252864,16252864
2026-05-14T11:32:01+01:00,rpc-worker,67597750,366,528878,1131659655,2867,0,17522,0,32911424,30184896,2726528,30047808,16252864,16252864
2026-05-14T11:32:02+01:00,rpc-worker,67597753,366,528880,1131664564,2867,0,17522,0,32911424,30184896,2726528,30047808,16252864,16252864
2026-05-14T11:32:03+01:00,rpc-worker,67597757,366,528888,1131669462,2867,0,17522,0,32911424,30188544,2722880,30051456,16252864,16252864
2026-05-14T11:32:04+01:00,rpc-worker,67597760,366,528898,1131674355,2867,0,17522,0,32911424,30188736,2722688,30051648,16252864,16252864
2026-05-14T11:32:05+01:00,rpc-worker,67597766,366,528907,1131679251,2867,0,17522,0,32911424,30187968,2723456,30050880,16252864,16252864
2026-05-14T11:32:06+01:00,rpc-worker,67597815,366,528928,1131684119,2867,0,17522,0,32911424,30184704,2726720,30047232,16252864,16252864
2026-05-14T11:32:07+01:00,rpc-worker,67597817,366,528938,1131689018,2867,0,17522,0,32911424,30183360,2728064,30045824,16252864,16252864
2026-05-14T11:32:08+01:00,rpc-worker,67597820,366,528950,1131693916,2867,0,17522,0,32911424,30182400,2729024,30044864,16252864,16252864
2026-05-14T11:32:09+01:00,rpc-worker,67597823,366,528958,1131698814,2867,0,17522,0,32911424,30184320,2727104,30046784,16252864,16252864
2026-05-14T11:32:10+01:00,rpc-worker,67597825,366,528970,1131703714,2867,0,17522,0,32911424,30183552,2727872,30046016,16252864,16252864
2026-05-14T11:32:11+01:00,rpc-worker,67597828,366,528981,1131708612,2867,0,17522,0,32911424,30183040,2728384,30045504,16252864,16252864
2026-05-14T11:32:12+01:00,rpc-worker,67597831,366,528990,1131713506,2867,0,17522,0,32911424,30185280,2726144,30047744,16252864,16252864
2026-05-14T11:32:13+01:00,rpc-worker,67597833,366,529001,1131718403,2867,0,17522,0,32911424,30183168,2728256,30045632,16252864,16252864
2026-05-14T11:32:14+01:00,rpc-worker,67597838,366,529010,1131723303,2867,0,17522,0,32911424,30178112,2733312,30040576,16252864,16252864
2026-05-14T11:32:15+01:00,rpc-worker,67597838,366,529016,1131728209,2867,0,17522,0,32911424,30180992,2730432,30043456,16252864,16252864
2026-05-14T11:32:16+01:00,rpc-worker,67597840,366,529023,1131733111,2867,0,17522,0,32911424,30182592,2728832,30045056,16252864,16252864
2026-05-14T11:32:17+01:00,rpc-worker,67597843,366,529035,1131738009,2867,0,17522,0,32911424,30182592,2728832,30045056,16252864,16252864
2026-05-14T11:32:18+01:00,rpc-worker,67597845,366,529045,1131742906,2867,0,17522,0,32911424,30182208,2729216,30044672,16252864,16252864
2026-05-14T11:32:19+01:00,rpc-worker,67597849,366,529057,1131747826,2867,0,17522,0,32911424,30181504,2729920,30043904,16252864,16252864
2026-05-14T11:32:20+01:00,rpc-worker,67597887,366,529084,1131752696,2867,0,17523,0,32911424,30181824,2729600,30044224,16252864,16252864
2026-05-14T11:32:22+01:00,rpc-worker,67597891,366,529093,1131757596,2867,0,17523,0,32911424,30179072,2732352,30041472,16252864,16252864
2026-05-14T11:32:23+01:00,rpc-worker,67597894,366,529102,1131762493,2867,0,17523,0,32911424,30181184,2730240,30043584,16252864,16252864
2026-05-14T11:32:24+01:00,rpc-worker,67597898,366,529111,1131767393,2867,0,17523,0,32911424,30180544,2730880,30042944,16252864,16252864
2026-05-14T11:32:25+01:00,rpc-worker,67597905,366,529116,1131772292,2867,0,17523,0,32911424,30180736,2730688,30043136,16252864,16252864
2026-05-14T11:32:26+01:00,rpc-worker,67597908,366,529123,1131777191,2867,0,17523,0,32911424,30180288,2731136,30042624,16252864,16252864
2026-05-14T11:32:27+01:00,rpc-worker,67597914,366,529131,1131782084,2867,0,17523,0,32911424,30179712,2731712,30042048,16252864,16252864
2026-05-14T11:32:28+01:00,rpc-worker,67597917,366,529141,1131786980,2867,0,17523,0,32911424,30178304,2733120,30040640,16252864,16252864
2026-05-14T11:32:29+01:00,rpc-worker,67597918,366,529149,1131791887,2867,0,17523,0,32911424,30177536,2733888,30039872,16252864,16252864
2026-05-14T11:32:30+01:00,rpc-worker,67597918,366,529155,1131796796,2867,0,17523,0,32911424,30179840,2731584,30042176,16252864,16252864
2026-05-14T11:32:31+01:00,rpc-worker,67597924,366,529163,1131801697,2867,0,17523,0,32911424,30178880,2732544,30041216,16252864,16252864
2026-05-14T11:32:32+01:00,rpc-worker,67597944,366,529179,1131806572,2867,0,17525,0,32911424,30175424,2736000,30036992,16252864,16252864
2026-05-14T11:32:33+01:00,rpc-worker,67598030,366,529211,1131811366,2867,0,17525,0,32911424,30172224,2739200,30033536,16252864,16252864
2026-05-14T11:32:34+01:00,rpc-worker,67598094,366,529227,1131816192,2867,0,17526,0,32911424,30176640,2734784,30036160,16252864,16252864
2026-05-14T11:32:35+01:00,rpc-worker,67598098,366,529236,1131821088,2867,0,17526,0,32911424,30178176,2733248,30037696,16252864,16252864
2026-05-14T11:32:36+01:00,rpc-worker,67598144,366,529253,1131825951,2867,0,17526,0,32911424,30177536,2733888,30036800,16252864,16252864
2026-05-14T11:32:37+01:00,rpc-worker,67598150,366,529263,1131830853,2867,0,17526,0,32911424,30178496,2732928,30037760,16252864,16252864
2026-05-14T11:32:38+01:00,rpc-worker,67598152,366,529273,1131835754,2867,0,17526,0,32911424,30178880,2732544,30038144,16252864,16252864
2026-05-14T11:32:39+01:00,rpc-worker,67598155,366,529284,1131840655,2867,0,17526,0,32911424,30176000,2735424,30035264,16252864,16252864
2026-05-14T11:32:40+01:00,rpc-worker,67598155,366,529295,1131845558,2867,0,17527,0,32911424,30178112,2733312,30037376,16252864,16252864
2026-05-14T11:32:41+01:00,rpc-worker,67598158,366,529307,1131850456,2867,0,17527,0,32911424,30178304,2733120,30037568,16252864,16252864
2026-05-14T11:32:42+01:00,rpc-worker,67598160,366,529318,1131855352,2867,0,17527,0,32911424,30176000,2735424,30035264,16252864,16252864
2026-05-14T11:32:43+01:00,rpc-worker,67598161,366,529321,1131860254,2867,0,17527,0,32911424,30177728,2733696,30036992,16252864,16252864
2026-05-14T11:32:44+01:00,rpc-worker,67598162,366,529333,1131865154,2867,0,17528,0,32911424,30179072,2732352,30038336,16252864,16252864
2026-05-14T11:32:45+01:00,rpc-worker,67598167,366,529341,1131870052,2867,0,17528,0,32911424,30177728,2733696,30036992,16252864,16252864
2026-05-14T11:32:46+01:00,rpc-worker,67598171,366,529352,1131874956,2867,0,17528,0,32911424,30179264,2732160,30038528,16252864,16252864
2026-05-14T11:32:47+01:00,rpc-worker,67598175,366,529362,1131879855,2867,0,17528,0,32911424,30179264,2732160,30038528,16252864,16252864
2026-05-14T11:32:48+01:00,rpc-worker,67598176,366,529373,1131884752,2867,0,17529,0,32911424,30177536,2733888,30036800,16252864,16252864
2026-05-14T11:32:49+01:00,rpc-worker,67598180,366,529382,1131889650,2867,0,17529,0,32911424,30177920,2733504,30037184,16252864,16252864
2026-05-14T11:32:50+01:00,rpc-worker,67598181,366,529392,1131894545,2867,0,17529,0,32911424,30178496,2732928,30037760,16252864,16252864
2026-05-14T11:32:51+01:00,rpc-worker,67598227,366,529427,1131899408,2867,0,17530,0,32911424,30177728,2733696,30036992,16252864,16252864
2026-05-14T11:32:52+01:00,rpc-worker,67598231,366,529440,1131904311,2867,0,17530,0,32911424,30177536,2733888,30036800,16252864,16252864
2026-05-14T11:32:53+01:00,rpc-worker,67598236,366,529450,1131909213,2867,0,17530,0,32911424,30175936,2735488,30035200,16252864,16252864
2026-05-14T11:32:54+01:00,rpc-worker,67598241,366,529460,1131914113,2867,0,17530,0,32911424,30179584,2731840,30038848,16252864,16252864
2026-05-14T11:32:55+01:00,rpc-worker,67598242,366,529475,1131919012,2867,0,17530,0,32911424,30174848,2736576,30034112,16252864,16252864
2026-05-14T11:32:56+01:00,rpc-worker,67598243,366,529482,1131923913,2867,0,17531,0,32911424,30176128,2735296,30035392,16252864,16252864
2026-05-14T11:32:57+01:00,rpc-worker,67598243,366,529490,1131928815,2867,0,17531,0,32911424,30178048,2733376,30037312,16252864,16252864
2026-05-14T11:32:58+01:00,rpc-worker,67598247,366,529499,1131933717,2867,0,17533,0,32911424,30178240,2733184,30037504,16252864,16252864
2026-05-14T11:32:59+01:00,rpc-worker,67598249,366,529508,1131938621,2867,0,17533,0,32911424,30177856,2733568,30037120,16252864,16252864
2026-05-14T11:33:00+01:00,rpc-worker,67598252,366,529518,1131943521,2867,0,17533,0,32911424,30177984,2733440,30037248,16252864,16252864
2026-05-14T11:33:01+01:00,rpc-worker,67598254,366,529529,1131948423,2867,0,17533,0,32911424,30179136,2732288,30038400,16252864,16252864
2026-05-14T11:33:02+01:00,rpc-worker,67598256,366,529541,1131953324,2867,0,17533,0,32911424,30178560,2732864,30037824,16252864,16252864
2026-05-14T11:33:03+01:00,rpc-worker,67598262,366,529550,1131958225,2867,0,17533,0,32911424,30178368,2733056,30037632,16252864,16252864
2026-05-14T11:33:05+01:00,rpc-worker,67598262,366,529565,1131963121,2867,0,17533,0,32911424,30178176,2733248,30037440,16252864,16252864
2026-05-14T11:33:06+01:00,rpc-worker,67598288,366,529584,1131967979,2867,0,17533,0,32911424,30178240,2733184,30037376,16252864,16252864
2026-05-14T11:33:07+01:00,rpc-worker,67598291,366,529596,1131972874,2867,0,17533,0,32911424,30177664,2733760,30036800,16252864,16252864
2026-05-14T11:33:08+01:00,rpc-worker,67598304,366,529608,1131977765,2867,0,17533,0,32911424,30179008,2732416,30038144,16252864,16252864
2026-05-14T11:33:09+01:00,rpc-worker,67598305,366,529620,1131982662,2867,0,17534,0,32911424,30177664,2733760,30036800,16252864,16252864
2026-05-14T11:33:10+01:00,rpc-worker,67598307,366,529630,1131987565,2867,0,17534,0,32911424,30176576,2734848,30035712,16252864,16252864
2026-05-14T11:33:11+01:00,rpc-worker,67598307,366,529634,1131992474,2867,0,17534,0,32911424,30180608,2730816,30039744,16252864,16252864
2026-05-14T11:33:12+01:00,rpc-worker,67598308,366,529646,1131997377,2867,0,17534,0,32911424,30179648,2731776,30038784,16252864,16252864
2026-05-14T11:33:13+01:00,rpc-worker,67598310,366,529655,1132002275,2867,0,17534,0,32911424,30178816,2732608,30037952,16252864,16252864
2026-05-14T11:33:14+01:00,rpc-worker,67598313,366,529665,1132007174,2867,0,17534,0,32911424,30179968,2731456,30039104,16252864,16252864
2026-05-14T11:33:15+01:00,rpc-worker,67598315,366,529679,1132012075,2867,0,17534,0,32911424,30179968,2731456,30039104,16252864,16252864
2026-05-14T11:33:16+01:00,rpc-worker,67598317,366,529687,1132016974,2867,0,17534,0,32911424,30179584,2731840,30038720,16252864,16252864
2026-05-14T11:33:17+01:00,rpc-worker,67598322,366,529698,1132021870,2867,0,17534,0,32911424,30179776,2731648,30038912,16252864,16252864
2026-05-14T11:33:18+01:00,rpc-worker,67598323,366,529711,1132026768,2867,0,17534,0,32911424,30178624,2732800,30037760,16252864,16252864
2026-05-14T11:33:19+01:00,rpc-worker,67598325,366,529722,1132031663,2867,0,17534,0,32911424,30179776,2731648,30038912,16252864,16252864
2026-05-14T11:33:20+01:00,rpc-worker,67598329,366,529730,1132036556,2867,0,17534,0,32911424,30177664,2733760,30036800,16252864,16252864
2026-05-14T11:33:21+01:00,rpc-worker,67598357,366,529742,1132041423,2867,0,17534,0,32911424,30177024,2734400,30036160,16252864,16252864
2026-05-14T11:33:22+01:00,rpc-worker,67598359,366,529752,1132046320,2867,0,17534,0,32911424,30174912,2736512,30034048,16252864,16252864
2026-05-14T11:33:23+01:00,rpc-worker,67598363,366,529758,1132051224,2867,0,17537,0,32911424,30173952,2737472,30033088,16252864,16252864
2026-05-14T11:33:24+01:00,rpc-worker,67598363,366,529766,1132056131,2867,0,17537,0,32911424,30173568,2737856,30032704,16252864,16252864
2026-05-14T11:33:25+01:00,rpc-worker,67598365,366,529773,1132061034,2867,0,17537,0,32911424,30176640,2734784,30035776,16252864,16252864
2026-05-14T11:33:26+01:00,rpc-worker,67598368,366,529783,1132065934,2867,0,17537,0,32911424,30175552,2735872,30034688,16252864,16252864
2026-05-14T11:33:27+01:00,rpc-worker,67598370,366,529794,1132070833,2867,0,17537,0,32911424,30176448,2734976,30035584,16252864,16252864
2026-05-14T11:33:28+01:00,rpc-worker,67598372,366,529802,1132075726,2867,0,17537,0,32911424,30177024,2734400,30036160,16252864,16252864
2026-05-14T11:33:29+01:00,rpc-worker,67598374,366,529815,1132080617,2867,0,17537,0,32911424,30177984,2733440,30037120,16252864,16252864
2026-05-14T11:33:30+01:00,rpc-worker,67598376,366,529825,1132085509,2867,0,17538,0,32911424,30177024,2734400,30036160,16252864,16252864
2026-05-14T11:33:31+01:00,rpc-worker,67598382,366,529834,1132090402,2867,0,17538,0,32911424,30176640,2734784,30035776,16252864,16252864
2026-05-14T11:33:32+01:00,rpc-worker,67598383,366,529845,1132095294,2867,0,17538,0,32911424,30178688,2732736,30037824,16252864,16252864
2026-05-14T11:33:33+01:00,rpc-worker,67598384,366,529855,1132100187,2867,0,17538,0,32911424,30177152,2734272,30036288,16252864,16252864
2026-05-14T11:33:34+01:00,rpc-worker,67598386,366,529866,1132105078,2867,0,17538,0,32911424,30179264,2732160,30038400,16252864,16252864
2026-05-14T11:33:35+01:00,rpc-worker,67598389,366,529875,1132109974,2867,0,17538,0,32911424,30179840,2731584,30038976,16252864,16252864
2026-05-14T11:33:36+01:00,rpc-worker,67598431,366,529902,1132114833,2867,0,17539,0,32911424,30174720,2736704,30033856,16252864,16252864
2026-05-14T11:33:37+01:00,rpc-worker,67598432,366,529911,1132119734,2867,0,17539,0,32911424,30178496,2732928,30037632,16252864,16252864
2026-05-14T11:33:38+01:00,rpc-worker,67598432,366,529918,1132124643,2867,0,17540,0,32911424,30176192,2735232,30035328,16252864,16252864
2026-05-14T11:33:39+01:00,rpc-worker,67598435,366,529927,1132129544,2867,0,17540,0,32911424,30178496,2732928,30037632,16252864,16252864
2026-05-14T11:33:40+01:00,rpc-worker,67598438,366,529935,1132134444,2867,0,17540,0,32911424,30176768,2734656,30035904,16252864,16252864
2026-05-14T11:33:41+01:00,rpc-worker,67598442,366,529945,1132139341,2867,0,17540,0,32911424,30178752,2732672,30037888,16252864,16252864
2026-05-14T11:33:42+01:00,rpc-worker,67598448,366,529952,1132144234,2867,0,17540,0,32911424,30177792,2733632,30036928,16252864,16252864
2026-05-14T11:33:43+01:00,rpc-worker,67598450,366,529964,1132149125,2867,0,17540,0,32911424,30178368,2733056,30037504,16252864,16252864
2026-05-14T11:33:44+01:00,rpc-worker,67598454,366,529971,1132154018,2867,0,17542,0,32911424,30177024,2734400,30036160,16252864,16252864
2026-05-14T11:33:45+01:00,rpc-worker,67598460,366,529979,1132158911,2867,0,17542,0,32911424,30179136,2732288,30038272,16252864,16252864
2026-05-14T11:33:46+01:00,rpc-worker,67598460,366,529992,1132163806,2867,0,17543,0,32911424,30175872,2735552,30035008,16252864,16252864
2026-05-14T11:33:47+01:00,rpc-worker,67598462,366,530004,1132168699,2867,0,17543,0,32911424,30178368,2733056,30037504,16252864,16252864
2026-05-14T11:33:48+01:00,rpc-worker,67598463,366,530015,1132173591,2867,0,17543,0,32911424,30177408,2734016,30036544,16252864,16252864
2026-05-14T11:33:50+01:00,rpc-worker,67598464,366,530028,1132178488,2867,0,17543,0,32911424,30174528,2736896,30033664,16252864,16252864
2026-05-14T11:33:51+01:00,rpc-worker,67598495,366,530048,1132183354,2867,0,17543,0,32911424,30174976,2736448,30034112,16252864,16252864
2026-05-14T11:33:52+01:00,rpc-worker,67598496,366,530052,1132188261,2867,0,17543,0,32911424,30174080,2737344,30033216,16252864,16252864
2026-05-14T11:33:53+01:00,rpc-worker,67598499,366,530058,1132193163,2867,0,17543,0,32911424,30177152,2734272,30036288,16252864,16252864
2026-05-14T11:33:54+01:00,rpc-worker,67598501,366,530070,1132198058,2867,0,17543,0,32911424,30177536,2733888,30036672,16252864,16252864
2026-05-14T11:33:55+01:00,rpc-worker,67598505,366,530081,1132202950,2867,0,17544,0,32911424,30177536,2733888,30036672,16252864,16252864
2026-05-14T11:33:56+01:00,rpc-worker,67598509,366,530090,1132207846,2867,0,17544,0,32911424,30178112,2733312,30037248,16252864,16252864
2026-05-14T11:33:57+01:00,rpc-worker,67598513,366,530098,1132212740,2867,0,17544,0,32911424,30177536,2733888,30036672,16252864,16252864
2026-05-14T11:33:58+01:00,rpc-worker,67598515,366,530109,1132217634,2867,0,17544,0,32911424,30175616,2735808,30034752,16252864,16252864
2026-05-14T11:33:59+01:00,rpc-worker,67598515,366,530119,1132222527,2867,0,17545,0,32911424,30178304,2733120,30037440,16252864,16252864
2026-05-14T11:34:00+01:00,rpc-worker,67598519,366,530128,1132227418,2867,0,17545,0,32911424,30177152,2734272,30036288,16252864,16252864
2026-05-14T11:34:01+01:00,rpc-worker,67598522,366,530138,1132232311,2867,0,17545,0,32911424,30177728,2733696,30036864,16252864,16252864
2026-05-14T11:34:02+01:00,rpc-worker,67598526,366,530148,1132237212,2867,0,17545,0,32911424,30175424,2736000,30034560,16252864,16252864
2026-05-14T11:34:03+01:00,rpc-worker,67598530,366,530159,1132242113,2867,0,17545,0,32911424,30176384,2735040,30035520,16252864,16252864
2026-05-14T11:34:04+01:00,rpc-worker,67598533,366,530168,1132247015,2867,0,17545,0,32911424,30175232,2736192,30034368,16252864,16252864
2026-05-14T11:34:05+01:00,rpc-worker,67598536,366,530175,1132251921,2867,0,17545,0,32911424,30178816,2732608,30037952,16252864,16252864
2026-05-14T11:34:06+01:00,rpc-worker,67598565,366,530178,1132256797,2867,0,17545,0,32911424,30177088,2734336,30036224,16252864,16252864
2026-05-14T11:34:07+01:00,rpc-worker,67598567,366,530189,1132261699,2867,0,17545,0,32911424,30175552,2735872,30034688,16252864,16252864
2026-05-14T11:34:08+01:00,rpc-worker,67598571,366,530199,1132266599,2867,0,17545,0,32911424,30176192,2735232,30035328,16252864,16252864
2026-05-14T11:34:09+01:00,rpc-worker,67598575,366,530209,1132271499,2867,0,17545,0,32911424,30175808,2735616,30034944,16252864,16252864
2026-05-14T11:34:10+01:00,rpc-worker,67598576,366,530221,1132276394,2867,0,17545,0,32911424,30176704,2734720,30035840,16252864,16252864
2026-05-14T11:34:11+01:00,rpc-worker,67598583,366,530227,1132281289,2867,0,17545,0,32911424,30177472,2733952,30036608,16252864,16252864
2026-05-14T11:34:12+01:00,rpc-worker,67598585,366,530238,1132286184,2867,0,17545,0,32911424,30177216,2734208,30036352,16252864,16252864
2026-05-14T11:34:13+01:00,rpc-worker,67598588,366,530249,1132291076,2867,0,17545,0,32911424,30175104,2736320,30034240,16252864,16252864
2026-05-14T11:34:14+01:00,rpc-worker,67598592,366,530258,1132295968,2867,0,17545,0,32911424,30177408,2734016,30036544,16252864,16252864
2026-05-14T11:34:15+01:00,rpc-worker,67598594,366,530268,1132300860,2867,0,17548,0,32911424,30177216,2734208,30036352,16252864,16252864
2026-05-14T11:34:16+01:00,rpc-worker,67598599,366,530277,1132305751,2867,0,17548,0,32911424,30178368,2733056,30037504,16252864,16252864
2026-05-14T11:34:17+01:00,rpc-worker,67598602,366,530285,1132310646,2867,0,17549,0,32911424,30174336,2737088,30033472,16252864,16252864
2026-05-14T11:34:18+01:00,rpc-worker,67598606,366,530297,1132315545,2867,0,17549,0,32911424,30174528,2736896,30033664,16252864,16252864
2026-05-14T11:34:19+01:00,rpc-worker,67598607,366,530298,1132320456,2867,0,17549,0,32911424,30175872,2735552,30035008,16252864,16252864
2026-05-14T11:34:20+01:00,rpc-worker,67598609,366,530308,1132325356,2867,0,17549,0,32911424,30177216,2734208,30036352,16252864,16252864
2026-05-14T11:34:21+01:00,rpc-worker,67598620,366,530323,1132330218,2867,0,17549,0,32911424,30177408,2734016,30036544,16252864,16252864
2026-05-14T11:34:22+01:00,rpc-worker,67598625,366,530332,1132335111,2867,0,17549,0,32911424,30176384,2735040,30035520,16252864,16252864
2026-05-14T11:34:23+01:00,rpc-worker,67598628,366,530341,1132340006,2867,0,17551,0,32911424,30178496,2732928,30037632,16252864,16252864
2026-05-14T11:34:24+01:00,rpc-worker,67598629,366,530351,1132344902,2867,0,17551,0,32911424,30177344,2734080,30036480,16252864,16252864
2026-05-14T11:34:25+01:00,rpc-worker,67598633,366,530361,1132349795,2867,0,17551,0,32911424,30178688,2732736,30037824,16252864,16252864
2026-05-14T11:34:26+01:00,rpc-worker,67598637,366,530369,1132354688,2867,0,17551,0,32911424,30176384,2735040,30035520,16252864,16252864
2026-05-14T11:34:27+01:00,rpc-worker,67598639,366,530381,1132359581,2867,0,17551,0,32911424,30177344,2734080,30036480,16252864,16252864
2026-05-14T11:34:28+01:00,rpc-worker,67598639,366,530391,1132364474,2867,0,17552,0,32911424,30176960,2734464,30036096,16252864,16252864
2026-05-14T11:34:29+01:00,rpc-worker,67598641,366,530403,1132369369,2867,0,17552,0,32911424,30176960,2734464,30036096,16252864,16252864
2026-05-14T11:34:30+01:00,rpc-worker,67598644,366,530415,1132374269,2867,0,17552,0,32911424,30177536,2733888,30036672,16252864,16252864
2026-05-14T11:34:31+01:00,rpc-worker,67598648,366,530424,1132379168,2867,0,17552,0,32911424,30174080,2737344,30033216,16252864,16252864
2026-05-14T11:34:32+01:00,rpc-worker,67598650,366,530430,1132384073,2867,0,17552,0,32911424,30174656,2736768,30033792,16252864,16252864
2026-05-14T11:34:34+01:00,rpc-worker,67598650,366,530437,1132388975,2867,0,17552,0,32911424,30177152,2734272,30036288,16252864,16252864
2026-05-14T11:34:35+01:00,rpc-worker,67598652,366,530450,1132393867,2867,0,17552,0,32911424,30176768,2734656,30035904,16252864,16252864
2026-05-14T11:34:36+01:00,rpc-worker,67598672,366,530464,1132398738,2867,0,17552,0,32911424,30176256,2735168,30035392,16252864,16252864
2026-05-14T11:34:37+01:00,rpc-worker,67598677,366,530471,1132403632,2867,0,17552,0,32911424,30176064,2735360,30035200,16252864,16252864
2026-05-14T11:34:38+01:00,rpc-worker,67598679,366,530481,1132408526,2867,0,17552,0,32911424,30176832,2734592,30035968,16252864,16252864
2026-05-14T11:34:39+01:00,rpc-worker,67598683,366,530488,1132413418,2867,0,17552,0,32911424,30177024,2734400,30036160,16252864,16252864
2026-05-14T11:34:40+01:00,rpc-worker,67598684,366,530501,1132418310,2867,0,17554,0,32911424,30175296,2736128,30034432,16252864,16252864
2026-05-14T11:34:41+01:00,rpc-worker,67598689,366,530508,1132423202,2867,0,17555,0,32911424,30175296,2736128,30034432,16252864,16252864
2026-05-14T11:34:42+01:00,rpc-worker,67598691,366,530520,1132428097,2867,0,17555,0,32911424,30176640,2734784,30035776,16252864,16252864
2026-05-14T11:34:43+01:00,rpc-worker,67598694,366,530530,1132432996,2867,0,17555,0,32911424,30175296,2736128,30034432,16252864,16252864
2026-05-14T11:34:44+01:00,rpc-worker,67598695,366,530540,1132437896,2867,0,17555,0,32911424,30174528,2736896,30033664,16252864,16252864
2026-05-14T11:34:45+01:00,rpc-worker,67598698,366,530551,1132442794,2867,0,17555,0,32911424,30174080,2737344,30033280,16252864,16252864
2026-05-14T11:34:46+01:00,rpc-worker,67598702,366,530556,1132447693,2867,0,17556,0,32911424,30171904,2739520,30031168,16252864,16252864
2026-05-14T11:34:47+01:00,rpc-worker,67598704,366,530559,1132452594,2867,0,17556,0,32911424,30172096,2739328,30031360,16252864,16252864
2026-05-14T11:34:48+01:00,rpc-worker,67598709,366,530564,1132457489,2867,0,17556,0,32911424,30174784,2736640,30034048,16252864,16252864
2026-05-14T11:34:49+01:00,rpc-worker,67598712,366,530575,1132462382,2867,0,17556,0,32911424,30176512,2734912,30035776,16252864,16252864
2026-05-14T11:34:50+01:00,rpc-worker,67598715,366,530586,1132467275,2867,0,17556,0,32911424,30174784,2736640,30034048,16252864,16252864
2026-05-14T11:34:51+01:00,rpc-worker,67598773,366,530601,1132472136,2867,0,17556,0,32911424,30176064,2735360,30035328,16252864,16252864
2026-05-14T11:34:52+01:00,rpc-worker,67598776,366,530609,1132477028,2867,0,17557,0,32911424,30175296,2736128,30034560,16252864,16252864
2026-05-14T11:34:53+01:00,rpc-worker,67598782,366,530618,1132481920,2867,0,17557,0,32911424,30175296,2736128,30034560,16252864,16252864
2026-05-14T11:34:54+01:00,rpc-worker,67598784,366,530627,1132486812,2867,0,17557,0,32911424,30175872,2735552,30035136,16252864,16252864
2026-05-14T11:34:55+01:00,rpc-worker,67598785,366,530640,1132491703,2867,0,17557,0,32911424,30176064,2735360,30035328,16252864,16252864
2026-05-14T11:34:56+01:00,rpc-worker,67598792,366,530647,1132496599,2867,0,17557,0,32911424,30175296,2736128,30034560,16252864,16252864
2026-05-14T11:34:57+01:00,rpc-worker,67598795,366,530657,1132501499,2867,0,17557,0,32911424,30175104,2736320,30034368,16252864,16252864
2026-05-14T11:34:58+01:00,rpc-worker,67598799,366,530667,1132506399,2867,0,17557,0,32911424,30177984,2733440,30037248,16252864,16252864
2026-05-14T11:34:59+01:00,rpc-worker,67598804,366,530673,1132511297,2867,0,17557,0,32911424,30172224,2739200,30031488,16252864,16252864
2026-05-14T11:35:00+01:00,rpc-worker,67598805,366,530680,1132516199,2867,0,17557,0,32911424,30175296,2736128,30034560,16252864,16252864
2026-05-14T11:35:01+01:00,rpc-worker,67598808,366,530687,1132521103,2867,0,17557,0,32911424,30175872,2735552,30035136,16252864,16252864
2026-05-14T11:35:02+01:00,rpc-worker,67598812,366,530700,1132525991,2867,0,17557,0,32911424,30168896,2742528,30028160,16252864,16252864
2026-05-14T11:35:03+01:00,rpc-worker,67598817,366,530710,1132530887,2867,0,17557,0,32911424,30168832,2742592,30028032,16252864,16252864
2026-05-14T11:35:04+01:00,rpc-worker,67598818,366,530722,1132535779,2867,0,17558,0,32911424,30169024,2742400,30028224,16252864,16252864
2026-05-14T11:35:05+01:00,rpc-worker,67598822,366,530733,1132540671,2867,0,17558,0,32911424,30168640,2742784,30027840,16252864,16252864
2026-05-14T11:35:06+01:00,rpc-worker,67598873,366,530758,1132545533,2867,0,17558,0,32911424,30167104,2744320,30026304,16252864,16252864
2026-05-14T11:35:07+01:00,rpc-worker,67598879,366,530771,1132550418,2867,0,17558,0,32911424,30167488,2743936,30026688,16252864,16252864
2026-05-14T11:35:08+01:00,rpc-worker,67598883,366,530780,1132555313,2867,0,17558,0,32911424,30166400,2745024,30025600,16252864,16252864
2026-05-14T11:35:09+01:00,rpc-worker,67598887,366,530789,1132560212,2867,0,17558,0,32911424,30167936,2743488,30027136,16252864,16252864
2026-05-14T11:35:10+01:00,rpc-worker,67598889,366,530800,1132565112,2867,0,17558,0,32911424,30168128,2743296,30027328,16252864,16252864
2026-05-14T11:35:11+01:00,rpc-worker,67598891,366,530814,1132570012,2867,0,17558,0,32911424,30167360,2744064,30026560,16252864,16252864
2026-05-14T11:35:12+01:00,rpc-worker,67598893,366,530823,1132574917,2867,0,17558,0,32911424,30164352,2747072,30023552,16252864,16252864
2026-05-14T11:35:13+01:00,rpc-worker,67598898,366,530829,1132579815,2867,0,17558,0,32911424,30164160,2747264,30023360,16252864,16252864
2026-05-14T11:35:14+01:00,rpc-worker,67598900,366,530832,1132584728,2867,0,17559,0,32911424,30166080,2745344,30025280,16252864,16252864
2026-05-14T11:35:15+01:00,rpc-worker,67598904,366,530843,1132589624,2867,0,17559,0,32911424,30167808,2743616,30027008,16252864,16252864
2026-05-14T11:35:16+01:00,rpc-worker,67598908,366,530850,1132594517,2867,0,17560,0,32911424,30172032,2739392,30031168,16252864,16252864
2026-05-14T11:35:17+01:00,rpc-worker,67598913,366,530862,1132599410,2867,0,17560,0,32911424,30173184,2738240,30032320,16252864,16252864
2026-05-14T11:35:19+01:00,rpc-worker,67598914,366,530872,1132604304,2867,0,17560,0,32911424,30172288,2739136,30031424,16252864,16252864
2026-05-14T11:35:20+01:00,rpc-worker,67598918,366,530882,1132609197,2867,0,17560,0,32911424,30172864,2738560,30032000,16252864,16252864
2026-05-14T11:35:21+01:00,rpc-worker,67598979,366,530908,1132614056,2867,0,17560,0,32911424,30173376,2738048,30032512,16252864,16252864
2026-05-14T11:35:22+01:00,rpc-worker,67598985,366,530917,1132618952,2867,0,17560,0,32911424,30173504,2737920,30032640,16252864,16252864
2026-05-14T11:35:23+01:00,rpc-worker,67598986,366,530929,1132623850,2867,0,17560,0,32911424,30172800,2738624,30031936,16252864,16252864
2026-05-14T11:35:24+01:00,rpc-worker,67598990,366,530940,1132628748,2867,0,17560,0,32911424,30171392,2740032,30030528,16252864,16252864
2026-05-14T11:35:25+01:00,rpc-worker,67598996,366,530948,1132633648,2867,0,17560,0,32911424,30171200,2740224,30030336,16252864,16252864
2026-05-14T11:35:26+01:00,rpc-worker,67598997,366,530959,1132638542,2867,0,17560,0,32911424,30171776,2739648,30030912,16252864,16252864
2026-05-14T11:35:27+01:00,rpc-worker,67599001,366,530969,1132643435,2867,0,17560,0,32911424,30169856,2741568,30028992,16252864,16252864
2026-05-14T11:35:28+01:00,rpc-worker,67599002,366,530974,1132648333,2867,0,17560,0,32911424,30171712,2739712,30030848,16252864,16252864
2026-05-14T11:35:29+01:00,rpc-worker,67599003,366,530981,1132653231,2867,0,17560,0,32911424,30171136,2740288,30030272,16252864,16252864
2026-05-14T11:35:30+01:00,rpc-worker,67599009,366,530988,1132658123,2867,0,17561,0,32911424,30172288,2739136,30031424,16252864,16252864
2026-05-14T11:35:31+01:00,rpc-worker,67599012,366,530998,1132663015,2867,0,17561,0,32911424,30173248,2738176,30032384,16252864,16252864
2026-05-14T11:35:32+01:00,rpc-worker,67599013,366,531008,1132667907,2867,0,17561,0,32911424,30171712,2739712,30030848,16252864,16252864
2026-05-14T11:35:33+01:00,rpc-worker,67599018,366,531016,1132672799,2867,0,17562,0,32911424,30173056,2738368,30032192,16252864,16252864
2026-05-14T11:35:34+01:00,rpc-worker,67599022,366,531027,1132677691,2867,0,17562,0,32911424,30172096,2739328,30031232,16252864,16252864
2026-05-14T11:35:35+01:00,rpc-worker,67599024,366,531037,1132682582,2867,0,17562,0,32911424,30173632,2737792,30032768,16252864,16252864
2026-05-14T11:35:36+01:00,rpc-worker,67599073,366,531061,1132687444,2867,0,17562,0,32911424,30174400,2737024,30033536,16252864,16252864
2026-05-14T11:35:37+01:00,rpc-worker,67599075,366,531072,1132692343,2868,0,17562,0,32911424,30172288,2739136,30031424,16252864,16252864
2026-05-14T11:35:38+01:00,rpc-worker,67599080,366,531080,1132697241,2868,0,17562,0,32911424,30173632,2737792,30032768,16252864,16252864
2026-05-14T11:35:39+01:00,rpc-worker,67599084,366,531090,1132702139,2868,0,17562,0,32911424,30174400,2737024,30033536,16252864,16252864
2026-05-14T11:35:40+01:00,rpc-worker,67599084,366,531103,1132707037,2868,0,17563,0,32911424,30172672,2738752,30031808,16252864,16252864
2026-05-14T11:35:41+01:00,rpc-worker,67599088,366,531110,1132711938,2868,0,17563,0,32911424,30171840,2739584,30030976,16252864,16252864
2026-05-14T11:35:42+01:00,rpc-worker,67599090,366,531114,1132716841,2868,0,17563,0,32911424,30171904,2739520,30031040,16252864,16252864
2026-05-14T11:35:43+01:00,rpc-worker,67599092,366,531124,1132721738,2868,0,17564,0,32911424,30174208,2737216,30033408,16252864,16252864
2026-05-14T11:35:44+01:00,rpc-worker,67599096,366,531131,1132726631,2868,0,17564,0,32911424,30174592,2736832,30033792,16252864,16252864
2026-05-14T11:35:45+01:00,rpc-worker,67599097,366,531142,1132731523,2868,0,17565,0,32911424,30174784,2736640,30033984,16252864,16252864
2026-05-14T11:35:46+01:00,rpc-worker,67599102,366,531148,1132736415,2868,0,17566,0,32911424,30174208,2737216,30033408,16252864,16252864
2026-05-14T11:35:47+01:00,rpc-worker,67599109,366,531157,1132741307,2868,0,17566,0,32911424,30174592,2736832,30033792,16252864,16252864
2026-05-14T11:35:48+01:00,rpc-worker,67599112,366,531167,1132746203,2868,0,17566,0,32911424,30176896,2734528,30036096,16252864,16252864
2026-05-14T11:35:49+01:00,rpc-worker,67599114,366,531177,1132751103,2868,0,17566,0,32911424,30176128,2735296,30035328,16252864,16252864
2026-05-14T11:35:50+01:00,rpc-worker,67599118,366,531184,1132756002,2868,0,17568,0,32911424,30175936,2735488,30035136,16252864,16252864
2026-05-14T11:35:51+01:00,rpc-worker,67599143,366,531195,1132760866,2868,0,17568,0,32911424,30175296,2736128,30034496,16252864,16252864
2026-05-14T11:35:52+01:00,rpc-worker,67599147,366,531204,1132765765,2868,0,17568,0,32911424,30176320,2735104,30035520,16252864,16252864
2026-05-14T11:35:53+01:00,rpc-worker,67599150,366,531214,1132770661,2868,0,17569,0,32911424,30176384,2735040,30035584,16252864,16252864
2026-05-14T11:35:54+01:00,rpc-worker,67599155,366,531222,1132775553,2868,0,17570,0,32911424,30173120,2738304,30032320,16252864,16252864
2026-05-14T11:35:55+01:00,rpc-worker,67599157,366,531226,1132780452,2868,0,17571,0,32911424,30175808,2735616,30035008,16252864,16252864
2026-05-14T11:35:56+01:00,rpc-worker,67599159,366,531233,1132785350,2868,0,17571,0,32911424,30174464,2736960,30033664,16252864,16252864
2026-05-14T11:35:57+01:00,rpc-worker,67599162,366,531243,1132790245,2868,0,17571,0,32911424,30173504,2737920,30032704,16252864,16252864
2026-05-14T11:35:58+01:00,rpc-worker,67599163,366,531255,1132795136,2868,0,17571,0,32911424,30175232,2736192,30034432,16252864,16252864
2026-05-14T11:35:59+01:00,rpc-worker,67599166,366,531264,1132800027,2868,0,17573,0,32911424,30174272,2737152,30033472,16252864,16252864
2026-05-14T11:36:00+01:00,rpc-worker,67599168,366,531274,1132804922,2868,0,17573,0,32911424,30174848,2736576,30034048,16252864,16252864
2026-05-14T11:36:01+01:00,rpc-worker,67599170,366,531286,1132809819,2868,0,17573,0,32911424,30174912,2736512,30034112,16252864,16252864
2026-05-14T11:36:03+01:00,rpc-worker,67599174,366,531295,1132814718,2868,0,17573,0,32911424,30172672,2738752,30031872,16252864,16252864
2026-05-14T11:36:04+01:00,rpc-worker,67599177,366,531305,1132819616,2868,0,17574,0,32911424,30175168,2736256,30034368,16252864,16252864
2026-05-14T11:36:05+01:00,rpc-worker,67599180,366,531316,1132824515,2868,0,17574,0,32911424,30175168,2736256,30034368,16252864,16252864
2026-05-14T11:36:06+01:00,rpc-worker,67599202,366,531329,1132829390,2868,0,17574,0,32911424,30173312,2738112,30032512,16252864,16252864
2026-05-14T11:36:07+01:00,rpc-worker,67599204,366,531340,1132834289,2868,0,17575,0,32911424,30176576,2734848,30035776,16252864,16252864
2026-05-14T11:36:08+01:00,rpc-worker,67599207,366,531352,1132839180,2868,0,17575,0,32911424,30171200,2740224,30030400,16252864,16252864
2026-05-14T11:36:09+01:00,rpc-worker,67599210,366,531359,1132844076,2868,0,17575,0,32911424,30171584,2739840,30030784,16252864,16252864
2026-05-14T11:36:10+01:00,rpc-worker,67599212,366,531364,1132848978,2868,0,17575,0,32911424,30173696,2737728,30032896,16252864,16252864
2026-05-14T11:36:11+01:00,rpc-worker,67599213,366,531374,1132853872,2868,0,17575,0,32911424,30172928,2738496,30032128,16252864,16252864
2026-05-14T11:36:12+01:00,rpc-worker,67599220,366,531383,1132858766,2868,0,17575,0,32911424,30172928,2738496,30032128,16252864,16252864
2026-05-14T11:36:13+01:00,rpc-worker,67599222,366,531393,1132863657,2868,0,17576,0,32911424,30172352,2739072,30031552,16252864,16252864
2026-05-14T11:36:14+01:00,rpc-worker,67599225,366,531403,1132868549,2868,0,17576,0,32911424,30173888,2737536,30033088,16252864,16252864
2026-05-14T11:36:15+01:00,rpc-worker,67599231,366,531410,1132873439,2868,0,17576,0,32911424,30173248,2738176,30032448,16252864,16252864
2026-05-14T11:36:16+01:00,rpc-worker,67599237,366,531418,1132878335,2868,0,17576,0,32911424,30173824,2737600,30033024,16252864,16252864
2026-05-14T11:36:17+01:00,rpc-worker,67599242,366,531425,1132883232,2868,0,17577,0,32911424,30173056,2738368,30032256,16252864,16252864
2026-05-14T11:36:18+01:00,rpc-worker,67599246,366,531433,1132888131,2868,0,17577,0,32911424,30171712,2739712,30030912,16252864,16252864
2026-05-14T11:36:19+01:00,rpc-worker,67599249,366,531445,1132893030,2868,0,17577,0,32911424,30174784,2736640,30033984,16252864,16252864
2026-05-14T11:36:20+01:00,rpc-worker,67599251,366,531455,1132897932,2868,0,17577,0,32911424,30174784,2736640,30033984,16252864,16252864
2026-05-14T11:36:21+01:00,rpc-worker,67599259,366,531467,1132902798,2868,0,17578,0,32911424,30169920,2741504,30029056,16252864,16252864
2026-05-14T11:36:22+01:00,rpc-worker,67599262,366,531478,1132907692,2868,0,17579,0,32911424,30171264,2740160,30030400,16252864,16252864
2026-05-14T11:36:23+01:00,rpc-worker,67599263,366,531480,1132912595,2868,0,17579,0,32911424,30172224,2739200,30031360,16252864,16252864
2026-05-14T11:36:24+01:00,rpc-worker,67599267,366,531487,1132917492,2868,0,17579,0,32911424,30174144,2737280,30033280,16252864,16252864
2026-05-14T11:36:25+01:00,rpc-worker,67599268,366,531498,1132922384,2868,0,17579,0,32911424,30173568,2737856,30032704,16252864,16252864
2026-05-14T11:36:26+01:00,rpc-worker,67599271,366,531510,1132927276,2868,0,17579,0,32911424,30174336,2737088,30033472,16252864,16252864
2026-05-14T11:36:27+01:00,rpc-worker,67599273,366,531519,1132932168,2868,0,17580,0,32911424,30173184,2738240,30032320,16252864,16252864
2026-05-14T11:36:28+01:00,rpc-worker,67599276,366,531530,1132937065,2868,0,17580,0,32911424,30173376,2738048,30032512,16252864,16252864
2026-05-14T11:36:29+01:00,rpc-worker,67599278,366,531540,1132941964,2868,0,17580,0,32911424,30172992,2738432,30032128,16252864,16252864
2026-05-14T11:36:30+01:00,rpc-worker,67599282,366,531547,1132946862,2868,0,17580,0,32911424,30173632,2737792,30032768,16252864,16252864
2026-05-14T11:36:31+01:00,rpc-worker,67599286,366,531555,1132951761,2868,0,17580,0,32911424,30172096,2739328,30031232,16252864,16252864
2026-05-14T11:36:32+01:00,rpc-worker,67599287,366,531568,1132956660,2868,0,17580,0,32911424,30173248,2738176,30032384,16252864,16252864
2026-05-14T11:36:33+01:00,rpc-worker,67599289,366,531579,1132961557,2868,0,17580,0,32911424,30172864,2738560,30032000,16252864,16252864
2026-05-14T11:36:34+01:00,rpc-worker,67599292,366,531588,1132966452,2868,0,17580,0,32911424,30171712,2739712,30030848,16252864,16252864
2026-05-14T11:36:35+01:00,rpc-worker,67599294,366,531598,1132971345,2868,0,17580,0,32911424,30170944,2740480,30030080,16252864,16252864
2026-05-14T11:36:36+01:00,rpc-worker,67599326,366,531632,1132976212,2868,0,17580,0,32911424,30169088,2742336,30028224,16252864,16252864
2026-05-14T11:36:37+01:00,rpc-worker,67599327,366,531636,1132981113,2868,0,17580,0,32911424,30173184,2738240,30032256,16252864,16252864
2026-05-14T11:36:38+01:00,rpc-worker,67599330,366,531647,1132986006,2868,0,17580,0,32911424,30172288,2739136,30031360,16252864,16252864
2026-05-14T11:36:39+01:00,rpc-worker,67599335,366,531657,1132990902,2868,0,17580,0,32911424,30173056,2738368,30032128,16252864,16252864
2026-05-14T11:36:40+01:00,rpc-worker,67599336,366,531668,1132995800,2868,0,17580,0,32911424,30171136,2740288,30030208,16252864,16252864
2026-05-14T11:36:41+01:00,rpc-worker,67599341,366,531676,1133000701,2868,0,17581,0,32911424,30173312,2738112,30032384,16252864,16252864
2026-05-14T11:36:42+01:00,rpc-worker,67599343,366,531688,1133005598,2868,0,17582,0,32911424,30173120,2738304,30032192,16252864,16252864
2026-05-14T11:36:43+01:00,rpc-worker,67599343,366,531699,1133010497,2868,0,17582,0,32911424,30171456,2739968,30030528,16252864,16252864
2026-05-14T11:36:44+01:00,rpc-worker,67599348,366,531708,1133015395,2868,0,17582,0,32911424,30172032,2739392,30031104,16252864,16252864
2026-05-14T11:36:45+01:00,rpc-worker,67599356,366,531716,1133020294,2868,0,17582,0,32911424,30172608,2738816,30031488,16252864,16252864
2026-05-14T11:36:46+01:00,rpc-worker,67599357,366,531726,1133025191,2868,0,17582,0,32911424,30172800,2738624,30031680,16252864,16252864
2026-05-14T11:36:48+01:00,rpc-worker,67599362,366,531732,1133030084,2868,0,17583,0,32911424,30172608,2738816,30031488,16252864,16252864
2026-05-14T11:36:49+01:00,rpc-worker,67599364,366,531743,1133034977,2868,0,17583,0,32911424,30171072,2740352,30029952,16252864,16252864
2026-05-14T11:36:50+01:00,rpc-worker,67599369,366,531751,1133039872,2868,0,17583,0,32911424,30166272,2745152,30025152,16252864,16252864
2026-05-14T11:36:51+01:00,rpc-worker,67599414,366,531759,1133044739,2868,0,17583,0,32911424,30169792,2741632,30028480,16252864,16252864
2026-05-14T11:36:52+01:00,rpc-worker,67599418,366,531768,1133049632,2868,0,17583,0,32911424,30171712,2739712,30030400,16252864,16252864
2026-05-14T11:36:53+01:00,rpc-worker,67599421,366,531776,1133054523,2868,0,17583,0,32911424,30172864,2738560,30031552,16252864,16252864
2026-05-14T11:36:54+01:00,rpc-worker,67599428,366,531783,1133059416,2868,0,17583,0,32911424,30171520,2739904,30030208,16252864,16252864
2026-05-14T11:36:55+01:00,rpc-worker,67599430,366,531794,1133064308,2868,0,17583,0,32911424,30171200,2740224,30029824,16252864,16252864
2026-05-14T11:36:56+01:00,rpc-worker,67599434,366,531802,1133069204,2868,0,17583,0,32911424,30172544,2738880,30031168,16252864,16252864
2026-05-14T11:36:57+01:00,rpc-worker,67599437,366,531813,1133074102,2868,0,17583,0,32911424,30171200,2740224,30029824,16252864,16252864
2026-05-14T11:36:58+01:00,rpc-worker,67599442,366,531822,1133079002,2868,0,17583,0,32911424,30172352,2739072,30030976,16252864,16252864
2026-05-14T11:36:59+01:00,rpc-worker,67599446,366,531831,1133083901,2868,0,17583,0,32911424,30172160,2739264,30030784,16252864,16252864
2026-05-14T11:37:00+01:00,rpc-worker,67599450,366,531842,1133088801,2868,0,17584,0,32911424,30171008,2740416,30029632,16252864,16252864
2026-05-14T11:37:01+01:00,rpc-worker,67599452,366,531853,1133093697,2868,0,17584,0,32911424,30172544,2738880,30031168,16252864,16252864
2026-05-14T11:37:02+01:00,rpc-worker,67599455,366,531863,1133098591,2868,0,17585,0,32911424,30175232,2736192,30033856,16252864,16252864
2026-05-14T11:37:03+01:00,rpc-worker,67599458,366,531873,1133103484,2868,0,17585,0,32911424,30169088,2742336,30027712,16252864,16252864
2026-05-14T11:37:04+01:00,rpc-worker,67599459,366,531879,1133108384,2868,0,17585,0,32911424,30169088,2742336,30027712,16252864,16252864
2026-05-14T11:37:05+01:00,rpc-worker,67599461,366,531886,1133113281,2868,0,17585,0,32911424,30172736,2738688,30031360,16252864,16252864
2026-05-14T11:37:06+01:00,rpc-worker,67599506,366,531908,1133118142,2868,0,17585,0,32911424,30174144,2737280,30032768,16252864,16252864
2026-05-14T11:37:07+01:00,rpc-worker,67599510,366,531918,1133123031,2868,0,17586,0,32911424,30174144,2737280,30032768,16252864,16252864
2026-05-14T11:37:08+01:00,rpc-worker,67599515,366,531928,1133127926,2868,0,17586,0,32911424,30174784,2736640,30033408,16252864,16252864
2026-05-14T11:37:09+01:00,rpc-worker,67599519,366,531938,1133132826,2868,0,17586,0,32911424,30176512,2734912,30035200,16252864,16252864
2026-05-14T11:37:10+01:00,rpc-worker,67599522,366,531948,1133137726,2868,0,17586,0,32911424,30176128,2735296,30034816,16252864,16252864
2026-05-14T11:37:11+01:00,rpc-worker,67599524,366,531958,1133142627,2868,0,17586,0,32911424,30177088,2734336,30035776,16252864,16252864
2026-05-14T11:37:12+01:00,rpc-worker,67599528,366,531966,1133147527,2868,0,17586,0,32911424,30176640,2734784,30035328,16252864,16252864
2026-05-14T11:37:13+01:00,rpc-worker,67599534,366,531976,1133152423,2868,0,17586,0,32911424,30176064,2735360,30034752,16252864,16252864
2026-05-14T11:37:14+01:00,rpc-worker,67599537,366,531984,1133157315,2868,0,17586,0,32911424,30175680,2735744,30034368,16252864,16252864
2026-05-14T11:37:15+01:00,rpc-worker,67599540,366,531994,1133162207,2868,0,17586,0,32911424,30177088,2734336,30035776,16252864,16252864
2026-05-14T11:37:16+01:00,rpc-worker,67599540,366,532006,1133167100,2868,0,17586,0,32911424,30174464,2736960,30033152,16252864,16252864
2026-05-14T11:37:17+01:00,rpc-worker,67599541,366,532017,1133171995,2868,0,17586,0,32911424,30173888,2737536,30032576,16252864,16252864
2026-05-14T11:37:18+01:00,rpc-worker,67599543,366,532019,1133176898,2868,0,17586,0,32911424,30176192,2735232,30034880,16252864,16252864
2026-05-14T11:37:19+01:00,rpc-worker,67599546,366,532027,1133181790,2868,0,17586,0,32911424,30176768,2734656,30035456,16252864,16252864
2026-05-14T11:37:20+01:00,rpc-worker,67599549,366,532036,1133186684,2868,0,17586,0,32911424,30176192,2735232,30034880,16252864,16252864
2026-05-14T11:37:21+01:00,rpc-worker,67599609,366,532048,1133191549,2868,0,17586,0,32911424,30175360,2736064,30034048,16252864,16252864
2026-05-14T11:37:22+01:00,rpc-worker,67599612,366,532057,1133196448,2868,0,17587,0,32911424,30174784,2736640,30033472,16252864,16252864
2026-05-14T11:37:23+01:00,rpc-worker,67599615,366,532070,1133201348,2868,0,17588,0,32911424,30174400,2737024,30033088,16252864,16252864
2026-05-14T11:37:24+01:00,rpc-worker,67599620,366,532076,1133206250,2868,0,17588,0,32911424,30173632,2737792,30032320,16252864,16252864
2026-05-14T11:37:25+01:00,rpc-worker,67599624,366,532087,1133211148,2868,0,17588,0,32911424,30174848,2736576,30033536,16252864,16252864
2026-05-14T11:37:26+01:00,rpc-worker,67599627,366,532097,1133216044,2868,0,17588,0,32911424,30174080,2737344,30032768,16252864,16252864
2026-05-14T11:37:27+01:00,rpc-worker,67599633,366,532106,1133220941,2868,0,17588,0,32911424,30175040,2736384,30033728,16252864,16252864
2026-05-14T11:37:28+01:00,rpc-worker,67599633,366,532117,1133225837,2868,0,17588,0,32911424,30175424,2736000,30034112,16252864,16252864
2026-05-14T11:37:29+01:00,rpc-worker,67599637,366,532125,1133230734,2868,0,17589,0,32911424,30166656,2744768,30025344,16252864,16252864
2026-05-14T11:37:30+01:00,rpc-worker,67599640,366,532134,1133235632,2868,0,17590,0,32911424,30171520,2739904,30030144,16252864,16252864
2026-05-14T11:37:32+01:00,rpc-worker,67599641,366,532136,1133240542,2868,0,17590,0,32911424,30173248,2738176,30031872,16252864,16252864
2026-05-14T11:37:33+01:00,rpc-worker,67599726,366,532167,1133245341,2868,0,17591,0,32911424,30167168,2744256,30025728,16252864,16252864
2026-05-14T11:37:34+01:00,rpc-worker,67599810,366,532183,1133250146,2868,0,17592,0,32911424,30172224,2739200,30030784,16252864,16252864
2026-05-14T11:37:35+01:00,rpc-worker,67599813,366,532194,1133255041,2868,0,17593,0,32911424,30171840,2739584,30030400,16252864,16252864
2026-05-14T11:37:36+01:00,rpc-worker,67599868,366,532209,1133259903,2868,0,17593,0,32911424,30170432,2740992,30028992,16252864,16252864
2026-05-14T11:37:37+01:00,rpc-worker,67599870,366,532220,1133264798,2868,0,17593,0,32911424,30170112,2741312,30028672,16252864,16252864
2026-05-14T11:37:38+01:00,rpc-worker,67599872,366,532231,1133269691,2868,0,17593,0,32911424,30170688,2740736,30029248,16252864,16252864
2026-05-14T11:37:39+01:00,rpc-worker,67599875,366,532240,1133274583,2868,0,17593,0,32911424,30169664,2741760,30028224,16252864,16252864
2026-05-14T11:37:40+01:00,rpc-worker,67599878,366,532252,1133279477,2868,0,17593,0,32911424,30170240,2741184,30028800,16252864,16252864
2026-05-14T11:37:41+01:00,rpc-worker,67599882,366,532260,1133284370,2868,0,17594,0,32911424,30170496,2740928,30029056,16252864,16252864
2026-05-14T11:37:42+01:00,rpc-worker,67599884,366,532272,1133289266,2868,0,17594,0,32911424,30171072,2740352,30029632,16252864,16252864
2026-05-14T11:37:43+01:00,rpc-worker,67599887,366,532281,1133294161,2868,0,17595,0,32911424,30170560,2740864,30029120,16252864,16252864
2026-05-14T11:37:44+01:00,rpc-worker,67599889,366,532295,1133299057,2868,0,17595,0,32911424,30171136,2740288,30029696,16252864,16252864
2026-05-14T11:37:45+01:00,rpc-worker,67599893,366,532298,1133303961,2868,0,17595,0,32911424,30169024,2742400,30027584,16252864,16252864
2026-05-14T11:37:46+01:00,rpc-worker,67599894,366,532306,1133308863,2868,0,17595,0,32911424,30169792,2741632,30028352,16252864,16252864
2026-05-14T11:37:47+01:00,rpc-worker,67599898,366,532314,1133313759,2868,0,17595,0,32911424,30171136,2740288,30029696,16252864,16252864
2026-05-14T11:37:48+01:00,rpc-worker,67599901,366,532323,1133318653,2868,0,17596,0,32911424,30171072,2740352,30029632,16252864,16252864
2026-05-14T11:37:49+01:00,rpc-worker,67599905,366,532331,1133323547,2868,0,17596,0,32911424,30170112,2741312,30028672,16252864,16252864
2026-05-14T11:37:50+01:00,rpc-worker,67599908,366,532342,1133328438,2868,0,17596,0,32911424,30169152,2742272,30027712,16252864,16252864
2026-05-14T11:37:51+01:00,rpc-worker,67599967,366,532356,1133333295,2868,0,17596,0,32911424,30170112,2741312,30028672,16252864,16252864
2026-05-14T11:37:52+01:00,rpc-worker,67599972,366,532366,1133338186,2868,0,17596,0,32911424,30171648,2739776,30030208,16252864,16252864
2026-05-14T11:37:53+01:00,rpc-worker,67599975,366,532376,1133343084,2868,0,17597,0,32911424,30169728,2741696,30028288,16252864,16252864
2026-05-14T11:37:54+01:00,rpc-worker,67599975,366,532390,1133347979,2868,0,17597,0,32911424,30169664,2741760,30028224,16252864,16252864
2026-05-14T11:37:55+01:00,rpc-worker,67599980,366,532398,1133352874,2868,0,17597,0,32911424,30170240,2741184,30028800,16252864,16252864
2026-05-14T11:37:56+01:00,rpc-worker,67599984,366,532408,1133357768,2868,0,17597,0,32911424,30173888,2737536,30032448,16252864,16252864
2026-05-14T11:37:57+01:00,rpc-worker,67599984,366,532419,1133362664,2868,0,17597,0,32911424,30169856,2741568,30028416,16252864,16252864
2026-05-14T11:37:58+01:00,rpc-worker,67599986,366,532428,1133367564,2868,0,17597,0,32911424,30170048,2741376,30028608,16252864,16252864
2026-05-14T11:37:59+01:00,rpc-worker,67599987,366,532432,1133372468,2868,0,17597,0,32911424,30172160,2739264,30030720,16252864,16252864
2026-05-14T11:38:00+01:00,rpc-worker,67599989,366,532446,1133377365,2868,0,17598,0,32911424,30172160,2739264,30030720,16252864,16252864
2026-05-14T11:38:01+01:00,rpc-worker,67599993,366,532454,1133382258,2868,0,17598,0,32911424,30171968,2739456,30030528,16252864,16252864
2026-05-14T11:38:02+01:00,rpc-worker,67599996,366,532462,1133387149,2868,0,17598,0,32911424,30171200,2740224,30029760,16252864,16252864
2026-05-14T11:38:03+01:00,rpc-worker,67599997,366,532472,1133392040,2868,0,17599,0,32911424,30171328,2740096,30029824,16252864,16252864
2026-05-14T11:38:04+01:00,rpc-worker,67599998,366,532483,1133396931,2868,0,17599,0,32911424,30170624,2740800,30029120,16252864,16252864
2026-05-14T11:38:05+01:00,rpc-worker,67600004,366,532489,1133401822,2868,0,17599,0,32911424,30168512,2742912,30027008,16252864,16252864
2026-05-14T11:38:06+01:00,rpc-worker,67600032,366,532516,1133406678,2868,0,17599,0,32911424,30171008,2740416,30029504,16252864,16252864
2026-05-14T11:38:07+01:00,rpc-worker,67600036,366,532523,1133411569,2868,0,17600,0,32911424,30170496,2740928,30028992,16252864,16252864
2026-05-14T11:38:08+01:00,rpc-worker,67600040,366,532530,1133416463,2868,0,17600,0,32911424,30172032,2739392,30030528,16252864,16252864
2026-05-14T11:38:09+01:00,rpc-worker,67600043,366,532538,1133421358,2868,0,17600,0,32911424,30173184,2738240,30031680,16252864,16252864
2026-05-14T11:38:10+01:00,rpc-worker,67600047,366,532549,1133426253,2868,0,17600,0,32911424,30167296,2744128,30025792,16252864,16252864
2026-05-14T11:38:11+01:00,rpc-worker,67600048,366,532559,1133431152,2868,0,17600,0,32911424,30167680,2743744,30026176,16252864,16252864
2026-05-14T11:38:12+01:00,rpc-worker,67600050,366,532565,1133436069,2868,0,17600,0,32911424,30171200,2740224,30029696,16252864,16252864
2026-05-14T11:38:13+01:00,rpc-worker,67600053,366,532571,1133440969,2868,0,17601,0,32911424,30171584,2739840,30030080,16252864,16252864
2026-05-14T11:38:14+01:00,rpc-worker,67600055,366,532583,1133445863,2868,0,17601,0,32911424,30171584,2739840,30030080,16252864,16252864
2026-05-14T11:38:15+01:00,rpc-worker,67600056,366,532597,1133450758,2868,0,17601,0,32911424,30171200,2740224,30029696,16252864,16252864
2026-05-14T11:38:17+01:00,rpc-worker,67600060,366,532606,1133455652,2868,0,17601,0,32911424,30171008,2740416,30029504,16252864,16252864
2026-05-14T11:38:18+01:00,rpc-worker,67600066,366,532615,1133460544,2868,0,17601,0,32911424,30170624,2740800,30029120,16252864,16252864
2026-05-14T11:38:19+01:00,rpc-worker,67600069,366,532625,1133465436,2868,0,17601,0,32911424,30171392,2740032,30029888,16252864,16252864
2026-05-14T11:38:20+01:00,rpc-worker,67600071,366,532637,1133470328,2868,0,17601,0,32911424,30171968,2739456,30030464,16252864,16252864
2026-05-14T11:38:21+01:00,rpc-worker,67600115,366,532653,1133475188,2868,0,17601,0,32911424,30170816,2740608,30029312,16252864,16252864
2026-05-14T11:38:22+01:00,rpc-worker,67600117,366,532664,1133480084,2868,0,17601,0,32911424,30171776,2739648,30030272,16252864,16252864
2026-05-14T11:38:23+01:00,rpc-worker,67600118,366,532677,1133484980,2868,0,17601,0,32911424,30171328,2740096,30029824,16252864,16252864
2026-05-14T11:38:24+01:00,rpc-worker,67600122,366,532686,1133489878,2868,0,17602,0,32911424,30167168,2744256,30025664,16252864,16252864
2026-05-14T11:38:25+01:00,rpc-worker,67600127,366,532693,1133494776,2868,0,17603,0,32911424,30168960,2742464,30027456,16252864,16252864
2026-05-14T11:38:26+01:00,rpc-worker,67600128,366,532699,1133499679,2868,0,17603,0,32911424,30167424,2744000,30025920,16252864,16252864
2026-05-14T11:38:27+01:00,rpc-worker,67600130,366,532708,1133504582,2868,0,17603,0,32911424,30171072,2740352,30029568,16252864,16252864
2026-05-14T11:38:28+01:00,rpc-worker,67600133,366,532718,1133509478,2868,0,17603,0,32911424,30170496,2740928,30028992,16252864,16252864
2026-05-14T11:38:29+01:00,rpc-worker,67600138,366,532724,1133514372,2868,0,17604,0,32911424,30171072,2740352,30029568,16252864,16252864
2026-05-14T11:38:30+01:00,rpc-worker,67600141,366,532734,1133519264,2868,0,17604,0,32911424,30170176,2741248,30028672,16252864,16252864
2026-05-14T11:38:31+01:00,rpc-worker,67600145,366,532744,1133524157,2868,0,17604,0,32911424,30172288,2739136,30030784,16252864,16252864
2026-05-14T11:38:32+01:00,rpc-worker,67600147,366,532754,1133529049,2868,0,17604,0,32911424,30171712,2739712,30030208,16252864,16252864
2026-05-14T11:38:33+01:00,rpc-worker,67600149,366,532766,1133533943,2868,0,17604,0,32911424,30171904,2739520,30030400,16252864,16252864
2026-05-14T11:38:34+01:00,rpc-worker,67600151,366,532777,1133538839,2868,0,17604,0,32911424,30171712,2739712,30030208,16252864,16252864
2026-05-14T11:38:35+01:00,rpc-worker,67600153,366,532788,1133543735,2868,0,17604,0,32911424,30170176,2741248,30028672,16252864,16252864
2026-05-14T11:38:36+01:00,rpc-worker,67600198,366,532806,1133548600,2868,0,17604,0,32911424,30170112,2741312,30028608,16252864,16252864
2026-05-14T11:38:37+01:00,rpc-worker,67600201,366,532817,1133553501,2868,0,17604,0,32911424,30170880,2740544,30029376,16252864,16252864
2026-05-14T11:38:38+01:00,rpc-worker,67600205,366,532825,1133558399,2868,0,17604,0,32911424,30169344,2742080,30027840,16252864,16252864
2026-05-14T11:38:39+01:00,rpc-worker,67600206,366,532834,1133563300,2868,0,17604,0,32911424,30169920,2741504,30028416,16252864,16252864
2026-05-14T11:38:40+01:00,rpc-worker,67600208,366,532839,1133568206,2868,0,17604,0,32911424,30172032,2739392,30030528,16252864,16252864
2026-05-14T11:38:41+01:00,rpc-worker,67600211,366,532848,1133573101,2868,0,17604,0,32911424,30171904,2739520,30030400,16252864,16252864
2026-05-14T11:38:42+01:00,rpc-worker,67600215,366,532859,1133577993,2868,0,17604,0,32911424,30172480,2738944,30030976,16252864,16252864
2026-05-14T11:38:43+01:00,rpc-worker,67600217,366,532869,1133582885,2868,0,17604,0,32911424,30171520,2739904,30030016,16252864,16252864
2026-05-14T11:38:44+01:00,rpc-worker,67600220,366,532882,1133587776,2868,0,17605,0,32911424,30171904,2739520,30030400,16252864,16252864
2026-05-14T11:38:45+01:00,rpc-worker,67600227,366,532888,1133592667,2868,0,17605,0,32911424,30171904,2739520,30030400,16252864,16252864
2026-05-14T11:38:46+01:00,rpc-worker,67600229,366,532898,1133597560,2868,0,17606,0,32911424,30171328,2740096,30029824,16252864,16252864
2026-05-14T11:38:47+01:00,rpc-worker,67600233,366,532908,1133602452,2868,0,17606,0,32911424,30172288,2739136,30030784,16252864,16252864
2026-05-14T11:38:48+01:00,rpc-worker,67600235,366,532920,1133607348,2868,0,17606,0,32911424,30171328,2740096,30029824,16252864,16252864
2026-05-14T11:38:49+01:00,rpc-worker,67600237,366,532933,1133612243,2868,0,17606,0,32911424,30171328,2740096,30029824,16252864,16252864
2026-05-14T11:38:50+01:00,rpc-worker,67600238,366,532945,1133617138,2868,0,17607,0,32911424,30172096,2739328,30030592,16252864,16252864
2026-05-14T11:38:51+01:00,rpc-worker,67600313,366,532975,1133621995,2868,0,17607,0,32911424,30172416,2739008,30030912,16252864,16252864
2026-05-14T11:38:52+01:00,rpc-worker,67600316,366,532987,1133626898,2868,0,17607,0,32911424,30167232,2744192,30025728,16252864,16252864
2026-05-14T11:38:53+01:00,rpc-worker,67600318,366,532989,1133631808,2868,0,17607,0,32911424,30168768,2742656,30027264,16252864,16252864
2026-05-14T11:38:54+01:00,rpc-worker,67600320,366,532999,1133636707,2868,0,17608,0,32911424,30171136,2740288,30029632,16252864,16252864
2026-05-14T11:38:55+01:00,rpc-worker,67600325,366,533005,1133641600,2868,0,17608,0,32911424,30172544,2738880,30031040,16252864,16252864
2026-05-14T11:38:56+01:00,rpc-worker,67600331,366,533012,1133646491,2868,0,17608,0,32911424,30175808,2735616,30034304,16252864,16252864
2026-05-14T11:38:57+01:00,rpc-worker,67600331,366,533023,1133651383,2868,0,17608,0,32911424,30171456,2739968,30029952,16252864,16252864
2026-05-14T11:38:58+01:00,rpc-worker,67600332,366,533036,1133656275,2868,0,17608,0,32911424,30176256,2735168,30034752,16252864,16252864
2026-05-14T11:38:59+01:00,rpc-worker,67600333,366,533047,1133661166,2868,0,17609,0,32911424,30169920,2741504,30028416,16252864,16252864
2026-05-14T11:39:00+01:00,rpc-worker,67600335,366,533055,1133666060,2868,0,17610,0,32911424,30173760,2737664,30032256,16252864,16252864
2026-05-14T11:39:02+01:00,rpc-worker,67600339,366,533066,1133670957,2868,0,17610,0,32911424,30172416,2739008,30030912,16252864,16252864
2026-05-14T11:39:03+01:00,rpc-worker,67600341,366,533077,1133675854,2868,0,17610,0,32911424,30171264,2740160,30029760,16252864,16252864
2026-05-14T11:39:04+01:00,rpc-worker,67600346,366,533084,1133680751,2868,0,17610,0,32911424,30172224,2739200,30030720,16252864,16252864
2026-05-14T11:39:05+01:00,rpc-worker,67600347,366,533097,1133685650,2868,0,17611,0,32911424,30171648,2739776,30030144,16252864,16252864
2026-05-14T11:39:06+01:00,rpc-worker,67600378,366,533110,1133690521,2868,0,17611,0,32911424,30168064,2743360,30026560,16252864,16252864
2026-05-14T11:39:07+01:00,rpc-worker,67600379,366,533116,1133695423,2868,0,17611,0,32911424,30169408,2742016,30027904,16252864,16252864
2026-05-14T11:39:08+01:00,rpc-worker,67600385,366,533124,1133700316,2868,0,17611,0,32911424,30171328,2740096,30029824,16252864,16252864
2026-05-14T11:39:09+01:00,rpc-worker,67600387,366,533135,1133705208,2868,0,17611,0,32911424,30170240,2741184,30028736,16252864,16252864
2026-05-14T11:39:10+01:00,rpc-worker,67600389,366,533147,1133710101,2868,0,17611,0,32911424,30170048,2741376,30028544,16252864,16252864
2026-05-14T11:39:11+01:00,rpc-worker,67600391,366,533156,1133714993,2868,0,17611,0,32911424,30170496,2740928,30028992,16252864,16252864
2026-05-14T11:39:12+01:00,rpc-worker,67600395,366,533163,1133719885,2868,0,17612,0,32911424,30171072,2740352,30029568,16252864,16252864
2026-05-14T11:39:13+01:00,rpc-worker,67600398,366,533174,1133724778,2868,0,17612,0,32911424,30172224,2739200,30030720,16252864,16252864
2026-05-14T11:39:14+01:00,rpc-worker,67600403,366,533182,1133729674,2868,0,17612,0,32911424,30170880,2740544,30029376,16252864,16252864
2026-05-14T11:39:15+01:00,rpc-worker,67600404,366,533197,1133734873,2868,0,17612,0,32911424,30171264,2740160,30029760,16252864,16252864
2026-05-14T11:39:16+01:00,rpc-worker,67600407,366,533209,1133739780,2868,0,17613,0,32911424,30170496,2740928,30028864,16252864,16252864
2026-05-14T11:39:17+01:00,rpc-worker,67600409,366,533219,1133744679,2868,0,17613,0,32911424,30168192,2743232,30026560,16252864,16252864
2026-05-14T11:39:18+01:00,rpc-worker,67600414,366,533230,1133749576,2868,0,17613,0,32911424,30168576,2742848,30026944,16252864,16252864
2026-05-14T11:39:19+01:00,rpc-worker,67600416,366,533240,1133754473,2868,0,17613,0,32911424,30170304,2741120,30028672,16252864,16252864
2026-05-14T11:39:20+01:00,rpc-worker,67600419,366,533250,1133759366,2868,0,17614,0,32911424,30169984,2741440,30028352,16252864,16252864
2026-05-14T11:39:21+01:00,rpc-worker,67600456,366,533267,1133764230,2868,0,17614,0,32911424,30168832,2742592,30027200,16252864,16252864
2026-05-14T11:39:22+01:00,rpc-worker,67600459,366,533272,1133769129,2868,0,17614,0,32911424,30170944,2740480,30029312,16252864,16252864
2026-05-14T11:39:23+01:00,rpc-worker,67600463,366,533280,1133774021,2868,0,17614,0,32911424,30171712,2739712,30030080,16252864,16252864
2026-05-14T11:39:24+01:00,rpc-worker,67600466,366,533291,1133778913,2868,0,17614,0,32911424,30172416,2739008,30030784,16252864,16252864
2026-05-14T11:39:25+01:00,rpc-worker,67600470,366,533301,1133783804,2868,0,17614,0,32911424,30172224,2739200,30030592,16252864,16252864
2026-05-14T11:39:26+01:00,rpc-worker,67600472,366,533311,1133788697,2868,0,17614,0,32911424,30171648,2739776,30030016,16252864,16252864
2026-05-14T11:39:27+01:00,rpc-worker,67600476,366,533321,1133793589,2868,0,17614,0,32911424,30172800,2738624,30031168,16252864,16252864
2026-05-14T11:39:28+01:00,rpc-worker,67600481,366,533328,1133798483,2868,0,17614,0,32911424,30172992,2738432,30031360,16252864,16252864
2026-05-14T11:39:29+01:00,rpc-worker,67600483,366,533338,1133803377,2868,0,17614,0,32911424,30171456,2739968,30029824,16252864,16252864
2026-05-14T11:39:30+01:00,rpc-worker,67600484,366,533351,1133808274,2868,0,17614,0,32911424,30170112,2741312,30028480,16252864,16252864
2026-05-14T11:39:31+01:00,rpc-worker,67600488,366,533358,1133813173,2868,0,17614,0,32911424,30169536,2741888,30027904,16252864,16252864
2026-05-14T11:39:32+01:00,rpc-worker,67600489,366,533368,1133818072,2868,0,17614,0,32911424,30171776,2739648,30030144,16252864,16252864
2026-05-14T11:39:33+01:00,rpc-worker,67600494,366,533378,1133822967,2868,0,17614,0,32911424,30169664,2741760,30028032,16252864,16252864
2026-05-14T11:39:34+01:00,rpc-worker,67600498,366,533385,1133827865,2868,0,17614,0,32911424,30166400,2745024,30024768,16252864,16252864
2026-05-14T11:39:35+01:00,rpc-worker,67600499,366,533388,1133832770,2868,0,17614,0,32911424,30171968,2739456,30030336,16252864,16252864
2026-05-14T11:39:36+01:00,rpc-worker,67600528,366,533402,1133837635,2868,0,17615,0,32911424,30170176,2741248,30028544,16252864,16252864
2026-05-14T11:39:37+01:00,rpc-worker,67600531,366,533410,1133842526,2868,0,17616,0,32911424,30170752,2740672,30029120,16252864,16252864
2026-05-14T11:39:38+01:00,rpc-worker,67600533,366,533423,1133847418,2868,0,17616,0,32911424,30168448,2742976,30026816,16252864,16252864
2026-05-14T11:39:39+01:00,rpc-worker,67600535,366,533433,1133852311,2868,0,17617,0,32911424,30170624,2740800,30028992,16252864,16252864
2026-05-14T11:39:40+01:00,rpc-worker,67600538,366,533443,1133857203,2868,0,17617,0,32911424,30170816,2740608,30029184,16252864,16252864
2026-05-14T11:39:41+01:00,rpc-worker,67600541,366,533455,1133862096,2868,0,17618,0,32911424,30172032,2739392,30030400,16252864,16252864
2026-05-14T11:39:42+01:00,rpc-worker,67600544,366,533466,1133866995,2868,0,17618,0,32911424,30169920,2741504,30028288,16252864,16252864
2026-05-14T11:39:44+01:00,rpc-worker,67600548,366,533476,1133871896,2868,0,17618,0,32911424,30172032,2739392,30030400,16252864,16252864
2026-05-14T11:39:45+01:00,rpc-worker,67600554,366,533487,1133876796,2868,0,17618,0,32911424,30171840,2739584,30030208,16252864,16252864
2026-05-14T11:39:46+01:00,rpc-worker,67600556,366,533499,1133881695,2868,0,17618,0,32911424,30172032,2739392,30030400,16252864,16252864
2026-05-14T11:39:47+01:00,rpc-worker,67600560,366,533508,1133886590,2868,0,17618,0,32911424,30166272,2745152,30024640,16252864,16252864
2026-05-14T11:39:48+01:00,rpc-worker,67600565,366,533516,1133891484,2868,0,17619,0,32911424,30168576,2742848,30026944,16252864,16252864
2026-05-14T11:39:49+01:00,rpc-worker,67600566,366,533521,1133896387,2868,0,17619,0,32911424,30172416,2739008,30030784,16252864,16252864
2026-05-14T11:39:50+01:00,rpc-worker,67600568,366,533527,1133901286,2868,0,17620,0,32911424,30171264,2740160,30029632,16252864,16252864
2026-05-14T11:39:51+01:00,rpc-worker,67600608,366,533563,1133906144,2868,0,17620,0,32911424,30171200,2740224,30029504,16252864,16252864
2026-05-14T11:39:52+01:00,rpc-worker,67600610,366,533575,1133911034,2868,0,17620,0,32911424,30171008,2740416,30029312,16252864,16252864
2026-05-14T11:39:53+01:00,rpc-worker,67600611,366,533586,1133916152,2868,0,17621,0,32911424,30171968,2739456,30030272,16252864,16252864
2026-05-14T11:39:54+01:00,rpc-worker,67600612,366,533598,1133921170,2868,0,17621,0,32911424,30170816,2740608,30029120,16252864,16252864
2026-05-14T11:39:55+01:00,rpc-worker,67600614,366,533609,1133926067,2868,0,17621,0,32911424,30170496,2740928,30028800,16252864,16252864
2026-05-14T11:39:56+01:00,rpc-worker,67600617,366,533620,1133930967,2868,0,17621,0,32911424,30171904,2739520,30030208,16252864,16252864
2026-05-14T11:39:57+01:00,rpc-worker,67600622,366,533631,1133935865,2868,0,17621,0,32911424,30171456,2739968,30029760,16252864,16252864
2026-05-14T11:39:58+01:00,rpc-worker,67600624,366,533643,1133940762,2868,0,17621,0,32911424,30171840,2739584,30030144,16252864,16252864
2026-05-14T11:39:59+01:00,rpc-worker,67600629,366,533652,1133945658,2868,0,17622,0,32911424,30172416,2739008,30030720,16252864,16252864
2026-05-14T11:40:00+01:00,rpc-worker,67600634,366,533662,1133950551,2868,0,17622,0,32911424,30172608,2738816,30030912,16252864,16252864
2026-05-14T11:40:01+01:00,rpc-worker,67600637,366,533670,1133955443,2868,0,17622,0,32911424,30170496,2740928,30028800,16252864,16252864
2026-05-14T11:40:02+01:00,rpc-worker,67600639,366,533685,1133960334,2868,0,17622,0,32911424,30157440,2753984,30015744,16252864,16252864
2026-05-14T11:40:03+01:00,rpc-worker,67600641,366,533690,1133965234,2868,0,17623,0,32911424,30164736,2746688,30023040,16252864,16252864
2026-05-14T11:40:04+01:00,rpc-worker,67600641,366,533696,1133970133,2868,0,17623,0,32911424,30166272,2745152,30024576,16252864,16252864
2026-05-14T11:40:05+01:00,rpc-worker,67600644,366,533706,1133975026,2868,0,17624,0,32911424,30166592,2744832,30024896,16252864,16252864
2026-05-14T11:40:06+01:00,rpc-worker,67600683,366,533729,1133979887,2868,0,17624,0,32911424,30165120,2746304,30023424,16252864,16252864
2026-05-14T11:40:07+01:00,rpc-worker,67600689,366,533738,1133984779,2868,0,17625,0,32911424,30165824,2745600,30024128,16252864,16252864
2026-05-14T11:40:08+01:00,rpc-worker,67600694,366,533745,1133989673,2868,0,17625,0,32911424,30165760,2745664,30024064,16252864,16252864
2026-05-14T11:40:09+01:00,rpc-worker,67600697,366,533756,1133994568,2868,0,17625,0,32911424,30165760,2745664,30024064,16252864,16252864
2026-05-14T11:40:10+01:00,rpc-worker,67600699,366,533765,1133999466,2868,0,17625,0,32911424,30165952,2745472,30024256,16252864,16252864
2026-05-14T11:40:11+01:00,rpc-worker,67600704,366,533774,1134004364,2868,0,17625,0,32911424,30165376,2746048,30023680,16252864,16252864
2026-05-14T11:40:12+01:00,rpc-worker,67600706,366,533784,1134009261,2868,0,17625,0,32911424,30166528,2744896,30024832,16252864,16252864
2026-05-14T11:40:13+01:00,rpc-worker,67600710,366,533794,1134014157,2868,0,17625,0,32911424,30163200,2748224,30021504,16252864,16252864
2026-05-14T11:40:14+01:00,rpc-worker,67600714,366,533802,1134019049,2868,0,17625,0,32911424,30161728,2749696,30020032,16252864,16252864
2026-05-14T11:40:15+01:00,rpc-worker,67600719,366,533811,1134023939,2868,0,17625,0,32911424,30164032,2747392,30022336,16252864,16252864
2026-05-14T11:40:16+01:00,rpc-worker,67600723,366,533817,1134028834,2868,0,17625,0,32911424,30162880,2748544,30021184,16252864,16252864
2026-05-14T11:40:17+01:00,rpc-worker,67600725,366,533821,1134033735,2868,0,17625,0,32911424,30166144,2745280,30024448,16252864,16252864
2026-05-14T11:40:18+01:00,rpc-worker,67600728,366,533832,1134038626,2868,0,17625,0,32911424,30166912,2744512,30025216,16252864,16252864
2026-05-14T11:40:19+01:00,rpc-worker,67600730,366,533841,1134043517,2868,0,17625,0,32911424,30166720,2744704,30025024,16252864,16252864
2026-05-14T11:40:20+01:00,rpc-worker,67600731,366,533855,1134048409,2868,0,17625,0,32911424,30169024,2742400,30027328,16252864,16252864
2026-05-14T11:40:21+01:00,rpc-worker,67600784,366,533873,1134053273,2868,0,17625,0,32911424,30164800,2746624,30023040,16252864,16252864
2026-05-14T11:40:22+01:00,rpc-worker,67600787,366,533884,1134058169,2868,0,17625,0,32911424,30165952,2745472,30024192,16252864,16252864
2026-05-14T11:40:23+01:00,rpc-worker,67600792,366,533894,1134063068,2868,0,17625,0,32911424,30166144,2745280,30024384,16252864,16252864
2026-05-14T11:40:25+01:00,rpc-worker,67600794,366,533905,1134067965,2868,0,17625,0,32911424,30164800,2746624,30023040,16252864,16252864
2026-05-14T11:40:26+01:00,rpc-worker,67600796,366,533917,1134072865,2868,0,17625,0,32911424,30165952,2745472,30024192,16252864,16252864
2026-05-14T11:40:27+01:00,rpc-worker,67600799,366,533928,1134077763,2868,0,17625,0,32911424,30167040,2744384,30025280,16252864,16252864
2026-05-14T11:40:28+01:00,rpc-worker,67600802,366,533938,1134082660,2868,0,17625,0,32911424,30167616,2743808,30025856,16252864,16252864
2026-05-14T11:40:29+01:00,rpc-worker,67600804,366,533949,1134087552,2868,0,17626,0,32911424,30163776,2747648,30022016,16252864,16252864
2026-05-14T11:40:30+01:00,rpc-worker,67600808,366,533960,1134092444,2868,0,17626,0,32911424,30163392,2748032,30021632,16252864,16252864
2026-05-14T11:40:31+01:00,rpc-worker,67600809,366,533964,1134097346,2868,0,17626,0,32911424,30166464,2744960,30024704,16252864,16252864
2026-05-14T11:40:32+01:00,rpc-worker,67600813,366,533971,1134102239,2868,0,17626,0,32911424,30167040,2744384,30025280,16252864,16252864
2026-05-14T11:40:33+01:00,rpc-worker,67600814,366,533984,1134107132,2868,0,17626,0,32911424,30167296,2744128,30025536,16252864,16252864
2026-05-14T11:40:34+01:00,rpc-worker,67600818,366,533992,1134112027,2868,0,17626,0,32911424,30167488,2743936,30025728,16252864,16252864
2026-05-14T11:40:35+01:00,rpc-worker,67600822,366,534003,1134116922,2868,0,17626,0,32911424,30165952,2745472,30024192,16252864,16252864
2026-05-14T11:40:36+01:00,rpc-worker,67600853,366,534032,1134121786,2868,0,17626,0,32911424,30166336,2745088,30024576,16252864,16252864
2026-05-14T11:40:37+01:00,rpc-worker,67600854,366,534046,1134126687,2869,0,17626,0,32911424,30166912,2744512,30025152,16252864,16252864
2026-05-14T11:40:38+01:00,rpc-worker,67600858,366,534052,1134131587,2869,0,17627,0,32911424,30165568,2745856,30023808,16252864,16252864
2026-05-14T11:40:39+01:00,rpc-worker,67600859,366,534065,1134136484,2869,0,17627,0,32911424,30165184,2746240,30023424,16252864,16252864
2026-05-14T11:40:40+01:00,rpc-worker,67600862,366,534078,1134141379,2869,0,17627,0,32911424,30163968,2747456,30022208,16252864,16252864
2026-05-14T11:40:41+01:00,rpc-worker,67600867,366,534086,1134146271,2869,0,17627,0,32911424,30166272,2745152,30024512,16252864,16252864
2026-05-14T11:40:42+01:00,rpc-worker,67600870,366,534097,1134151163,2869,0,17627,0,32911424,30161472,2749952,30019712,16252864,16252864
2026-05-14T11:40:43+01:00,rpc-worker,67600872,366,534106,1134156055,2869,0,17627,0,32911424,30163776,2747648,30022016,16252864,16252864
2026-05-14T11:40:44+01:00,rpc-worker,67600872,366,534112,1134160954,2869,0,17628,0,32911424,30163584,2747840,30021824,16252864,16252864
2026-05-14T11:40:45+01:00,rpc-worker,67600873,366,534123,1134165850,2869,0,17628,0,32911424,30165312,2746112,30023552,16252864,16252864
2026-05-14T11:40:46+01:00,rpc-worker,67600876,366,534133,1134170741,2869,0,17628,0,32911424,30166464,2744960,30024704,16252864,16252864
2026-05-14T11:40:47+01:00,rpc-worker,67600877,366,534145,1134175632,2869,0,17628,0,32911424,30166656,2744768,30024896,16252864,16252864
2026-05-14T11:40:48+01:00,rpc-worker,67600879,366,534156,1134180526,2869,0,17629,0,32911424,30167040,2744384,30025280,16252864,16252864
2026-05-14T11:40:49+01:00,rpc-worker,67600880,366,534170,1134185425,2869,0,17629,0,32911424,30165888,2745536,30024128,16252864,16252864
2026-05-14T11:40:50+01:00,rpc-worker,67600882,366,534182,1134190324,2869,0,17629,0,32911424,30167552,2743872,30025792,16252864,16252864
2026-05-14T11:40:51+01:00,rpc-worker,67600928,366,534207,1134195191,2869,0,17629,0,32911424,30166464,2744960,30024704,16252864,16252864
2026-05-14T11:40:52+01:00,rpc-worker,67600933,366,534216,1134200091,2869,0,17629,0,32911424,30163968,2747456,30022208,16252864,16252864
2026-05-14T11:40:53+01:00,rpc-worker,67600938,366,534224,1134204990,2869,0,17629,0,32911424,30163584,2747840,30021824,16252864,16252864
2026-05-14T11:40:54+01:00,rpc-worker,67600940,366,534234,1134209885,2869,0,17629,0,32911424,30164480,2746944,30022720,16252864,16252864
2026-05-14T11:40:55+01:00,rpc-worker,67600942,366,534244,1134214779,2869,0,17629,0,32911424,30162944,2748480,30021184,16252864,16252864
2026-05-14T11:40:56+01:00,rpc-worker,67600943,366,534256,1134219671,2869,0,17629,0,32911424,30165632,2745792,30023872,16252864,16252864
2026-05-14T11:40:57+01:00,rpc-worker,67600946,366,534261,1134224569,2869,0,17629,0,32911424,30164672,2746752,30022912,16252864,16252864
2026-05-14T11:40:58+01:00,rpc-worker,67600947,366,534269,1134229467,2869,0,17629,0,32911424,30165824,2745600,30024064,16252864,16252864
2026-05-14T11:40:59+01:00,rpc-worker,67600948,366,534281,1134234357,2869,0,17630,0,32911424,30166848,2744576,30025088,16252864,16252864
2026-05-14T11:41:00+01:00,rpc-worker,67600952,366,534290,1134239252,2869,0,17630,0,32911424,30165120,2746304,30023360,16252864,16252864
2026-05-14T11:41:01+01:00,rpc-worker,67600953,366,534301,1134244148,2869,0,17631,0,32911424,30165312,2746112,30023552,16252864,16252864
2026-05-14T11:41:02+01:00,rpc-worker,67600958,366,534310,1134249046,2869,0,17631,0,32911424,30165504,2745920,30023552,16252864,16252864
2026-05-14T11:41:03+01:00,rpc-worker,67600963,366,534319,1134253946,2869,0,17631,0,32911424,30165120,2746304,30023168,16252864,16252864
2026-05-14T11:41:04+01:00,rpc-worker,67600964,366,534328,1134258845,2869,0,17632,0,32911424,30168384,2743040,30026432,16252864,16252864
2026-05-14T11:41:05+01:00,rpc-worker,67600967,366,534340,1134263743,2869,0,17632,0,32911424,30165888,2745536,30023936,16252864,16252864
2026-05-14T11:41:06+01:00,rpc-worker,67600983,366,534355,1134268597,2869,0,17633,0,32911424,30163136,2748288,30021184,16252864,16252864
2026-05-14T11:41:07+01:00,rpc-worker,67600991,366,534364,1134273484,2869,0,17633,0,32911424,30165248,2746176,30023296,16252864,16252864
2026-05-14T11:41:08+01:00,rpc-worker,67600995,366,534373,1134278376,2869,0,17633,0,32911424,30166080,2745344,30024128,16252864,16252864
2026-05-14T11:41:10+01:00,rpc-worker,67601000,366,534384,1134283269,2869,0,17633,0,32911424,30165440,2745984,30023488,16252864,16252864
2026-05-14T11:41:11+01:00,rpc-worker,67601001,366,534392,1134288164,2869,0,17633,0,32911424,30161728,2749696,30019776,16252864,16252864
2026-05-14T11:41:12+01:00,rpc-worker,67601004,366,534395,1134293065,2869,0,17633,0,32911424,30168512,2742912,30026560,16252864,16252864
2026-05-14T11:41:13+01:00,rpc-worker,67601005,366,534406,1134297960,2869,0,17633,0,32911424,30166720,2744704,30024768,16252864,16252864
2026-05-14T11:41:14+01:00,rpc-worker,67601008,366,534419,1134302857,2869,0,17633,0,32911424,30167872,2743552,30025920,16252864,16252864
2026-05-14T11:41:15+01:00,rpc-worker,67601008,366,534431,1134307753,2869,0,17633,0,32911424,30167296,2744128,30025344,16252864,16252864
2026-05-14T11:41:16+01:00,rpc-worker,67601013,366,534440,1134312653,2869,0,17633,0,32911424,30167296,2744128,30025344,16252864,16252864
2026-05-14T11:41:17+01:00,rpc-worker,67601016,366,534452,1134317549,2869,0,17633,0,32911424,30165952,2745472,30024000,16252864,16252864
2026-05-14T11:41:18+01:00,rpc-worker,67601019,366,534463,1134322445,2869,0,17634,0,32911424,30167680,2743744,30025728,16252864,16252864
2026-05-14T11:41:19+01:00,rpc-worker,67601022,366,534475,1134327340,2869,0,17634,0,32911424,30167296,2744128,30025344,16252864,16252864
2026-05-14T11:41:20+01:00,rpc-worker,67601026,366,534484,1134332233,2869,0,17634,0,32911424,30165760,2745664,30023808,16252864,16252864
2026-05-14T11:41:21+01:00,rpc-worker,67601051,366,534500,1134337096,2869,0,17635,0,32911424,30168896,2742528,30026880,16252864,16252864
2026-05-14T11:41:22+01:00,rpc-worker,67601054,366,534509,1134341989,2869,0,17635,0,32911424,30169856,2741568,30027840,16252864,16252864
2026-05-14T11:41:23+01:00,rpc-worker,67601058,366,534520,1134346882,2869,0,17635,0,32911424,30168768,2742656,30026752,16252864,16252864
2026-05-14T11:41:24+01:00,rpc-worker,67601061,366,534534,1134351773,2869,0,17635,0,32911424,30165760,2745664,30023744,16252864,16252864
2026-05-14T11:41:25+01:00,rpc-worker,67601062,366,534539,1134356674,2869,0,17635,0,32911424,30168448,2742976,30026432,16252864,16252864
2026-05-14T11:41:26+01:00,rpc-worker,67601065,366,534546,1134361570,2869,0,17635,0,32911424,30170496,2740928,30028480,16252864,16252864
2026-05-14T11:41:27+01:00,rpc-worker,67601068,366,534554,1134366462,2869,0,17635,0,32911424,30169792,2741632,30027776,16252864,16252864
2026-05-14T11:41:28+01:00,rpc-worker,67601071,366,534567,1134371355,2869,0,17635,0,32911424,30168640,2742784,30026624,16252864,16252864
2026-05-14T11:41:29+01:00,rpc-worker,67601074,366,534576,1134376252,2869,0,17635,0,32911424,30170944,2740480,30028928,16252864,16252864
2026-05-14T11:41:30+01:00,rpc-worker,67601079,366,534587,1134381152,2869,0,17635,0,32911424,30170368,2741056,30028352,16252864,16252864
2026-05-14T11:41:31+01:00,rpc-worker,67601081,366,534600,1134386053,2869,0,17635,0,32911424,30169408,2742016,30027392,16252864,16252864
2026-05-14T11:41:32+01:00,rpc-worker,67601085,366,534608,1134390955,2869,0,17635,0,32911424,30169216,2742208,30027200,16252864,16252864
2026-05-14T11:41:33+01:00,rpc-worker,67601088,366,534617,1134395851,2869,0,17636,0,32911424,30169408,2742016,30027392,16252864,16252864
2026-05-14T11:41:34+01:00,rpc-worker,67601093,366,534626,1134400748,2869,0,17636,0,32911424,30167104,2744320,30025088,16252864,16252864
2026-05-14T11:41:35+01:00,rpc-worker,67601094,366,534637,1134405643,2869,0,17636,0,32911424,30170752,2740672,30028736,16252864,16252864
2026-05-14T11:41:36+01:00,rpc-worker,67601133,366,534662,1134410505,2869,0,17636,0,32911424,30172800,2738624,30030784,16252864,16252864
2026-05-14T11:41:37+01:00,rpc-worker,67601136,366,534675,1134415401,2869,0,17636,0,32911424,30167040,2744384,30025024,16252864,16252864
2026-05-14T11:41:38+01:00,rpc-worker,67601137,366,534681,1134420301,2869,0,17636,0,32911424,30165696,2745728,30023680,16252864,16252864
2026-05-14T11:41:39+01:00,rpc-worker,67601137,366,534689,1134425202,2869,0,17636,0,32911424,30167040,2744384,30025024,16252864,16252864
2026-05-14T11:41:40+01:00,rpc-worker,67601140,366,534699,1134430097,2869,0,17637,0,32911424,30169664,2741760,30027648,16252864,16252864
2026-05-14T11:41:41+01:00,rpc-worker,67601143,366,534711,1134434996,2869,0,17637,0,32911424,30168320,2743104,30026304,16252864,16252864
2026-05-14T11:41:42+01:00,rpc-worker,67601145,366,534723,1134439898,2869,0,17637,0,32911424,30169088,2742336,30027072,16252864,16252864
2026-05-14T11:41:43+01:00,rpc-worker,67601147,366,534735,1134444797,2869,0,17637,0,32911424,30168512,2742912,30026496,16252864,16252864
2026-05-14T11:41:44+01:00,rpc-worker,67601150,366,534744,1134449695,2869,0,17638,0,32911424,30168128,2743296,30025984,16252864,16252864
2026-05-14T11:41:45+01:00,rpc-worker,67601152,366,534754,1134454593,2869,0,17638,0,32911424,30167040,2744384,30024896,16252864,16252864
2026-05-14T11:41:46+01:00,rpc-worker,67601157,366,534763,1134459488,2869,0,17638,0,32911424,30168000,2743424,30025856,16252864,16252864
2026-05-14T11:41:47+01:00,rpc-worker,67601160,366,534773,1134464394,2869,0,17638,0,32911424,30168640,2742784,30026496,16252864,16252864
2026-05-14T11:41:48+01:00,rpc-worker,67601164,366,534781,1134469286,2869,0,17638,0,32911424,30165184,2746240,30023040,16252864,16252864
2026-05-14T11:41:49+01:00,rpc-worker,67601168,366,534793,1134474177,2869,0,17638,0,32911424,30169216,2742208,30027072,16252864,16252864
2026-05-14T11:41:50+01:00,rpc-worker,67601173,366,534801,1134479068,2869,0,17639,0,32911424,30165376,2746048,30023232,16252864,16252864
2026-05-14T11:41:51+01:00,rpc-worker,67601221,366,534830,1134483924,2869,0,17639,0,32911424,30165504,2745920,30023360,16252864,16252864
2026-05-14T11:41:52+01:00,rpc-worker,67601221,366,534838,1134488839,2869,0,17639,0,32911424,30165888,2745536,30023744,16252864,16252864
2026-05-14T11:41:54+01:00,rpc-worker,67601225,366,534847,1134493743,2869,0,17639,0,32911424,30168768,2742656,30026432,16252864,16252864
2026-05-14T11:41:55+01:00,rpc-worker,67601229,366,534855,1134498642,2869,0,17640,0,32911424,30169216,2742208,30026880,16252864,16252864
2026-05-14T11:41:56+01:00,rpc-worker,67601234,366,534865,1134503541,2869,0,17640,0,32911424,30167872,2743552,30025536,16252864,16252864
2026-05-14T11:41:57+01:00,rpc-worker,67601236,366,534876,1134508440,2869,0,17641,0,32911424,30169024,2742400,30026688,16252864,16252864
2026-05-14T11:41:58+01:00,rpc-worker,67601240,366,534885,1134513336,2869,0,17641,0,32911424,30167104,2744320,30024768,16252864,16252864
2026-05-14T11:41:59+01:00,rpc-worker,67601242,366,534896,1134518230,2869,0,17641,0,32911424,30168064,2743360,30025728,16252864,16252864
2026-05-14T11:42:00+01:00,rpc-worker,67601245,366,534906,1134523121,2869,0,17641,0,32911424,30166912,2744512,30024576,16252864,16252864
2026-05-14T11:42:01+01:00,rpc-worker,67601250,366,534914,1134528014,2869,0,17641,0,32911424,30167296,2744128,30024960,16252864,16252864
2026-05-14T11:42:02+01:00,rpc-worker,67601251,366,534925,1134532906,2869,0,17641,0,32911424,30168640,2742784,30026304,16252864,16252864
2026-05-14T11:42:03+01:00,rpc-worker,67601253,366,534939,1134537798,2869,0,17641,0,32911424,30167872,2743552,30025536,16252864,16252864
2026-05-14T11:42:04+01:00,rpc-worker,67601257,366,534948,1134542691,2869,0,17641,0,32911424,30168064,2743360,30025728,16252864,16252864
2026-05-14T11:42:05+01:00,rpc-worker,67601257,366,534962,1134547583,2869,0,17641,0,32911424,30164800,2746624,30022464,16252864,16252864
2026-05-14T11:42:06+01:00,rpc-worker,67601293,366,534979,1134552451,2869,0,17641,0,32911424,30163328,2748096,30020992,16252864,16252864
2026-05-14T11:42:07+01:00,rpc-worker,67601295,366,534988,1134557347,2869,0,17641,0,32911424,30166592,2744832,30024256,16252864,16252864
2026-05-14T11:42:08+01:00,rpc-worker,67601298,366,534998,1134562239,2869,0,17641,0,32911424,30165824,2745600,30023488,16252864,16252864
2026-05-14T11:42:09+01:00,rpc-worker,67601301,366,535007,1134567139,2869,0,17641,0,32911424,30168448,2742976,30026112,16252864,16252864
2026-05-14T11:42:10+01:00,rpc-worker,67601303,366,535019,1134572036,2869,0,17642,0,32911424,30167360,2744064,30025024,16252864,16252864
2026-05-14T11:42:11+01:00,rpc-worker,67601305,366,535032,1134576936,2869,0,17643,0,32911424,30166976,2744448,30024640,16252864,16252864
2026-05-14T11:42:12+01:00,rpc-worker,67601308,366,535044,1134581835,2869,0,17643,0,32911424,30166976,2744448,30024640,16252864,16252864
2026-05-14T11:42:13+01:00,rpc-worker,67601312,366,535054,1134586728,2869,0,17643,0,32911424,30167360,2744064,30025024,16252864,16252864
2026-05-14T11:42:14+01:00,rpc-worker,67601316,366,535067,1134591618,2869,0,17643,0,32911424,30166848,2744576,30024512,16252864,16252864
2026-05-14T11:42:15+01:00,rpc-worker,67601320,366,535077,1134596508,2869,0,17643,0,32911424,30168000,2743424,30025664,16252864,16252864
2026-05-14T11:42:16+01:00,rpc-worker,67601321,366,535090,1134601400,2869,0,17645,0,32911424,30165504,2745920,30023168,16252864,16252864
2026-05-14T11:42:17+01:00,rpc-worker,67601324,366,535100,1134606293,2869,0,17645,0,32911424,30166272,2745152,30023936,16252864,16252864
2026-05-14T11:42:18+01:00,rpc-worker,67601329,366,535111,1134611185,2869,0,17645,0,32911424,30166272,2745152,30023936,16252864,16252864
2026-05-14T11:42:19+01:00,rpc-worker,67601331,366,535118,1134616080,2869,0,17645,0,32911424,30164544,2746880,30022208,16252864,16252864
2026-05-14T11:42:20+01:00,rpc-worker,67601331,366,535123,1134620982,2869,0,17645,0,32911424,30167808,2743616,30025472,16252864,16252864
2026-05-14T11:42:21+01:00,rpc-worker,67601344,366,535138,1134625844,2869,0,17645,0,32911424,30169792,2741632,30027456,16252864,16252864
2026-05-14T11:42:22+01:00,rpc-worker,67601349,366,535147,1134630743,2869,0,17645,0,32911424,30169216,2742208,30026880,16252864,16252864
2026-05-14T11:42:23+01:00,rpc-worker,67601350,366,535159,1134635642,2869,0,17645,0,32911424,30170368,2741056,30028032,16252864,16252864
2026-05-14T11:42:24+01:00,rpc-worker,67601353,366,535167,1134640537,2869,0,17645,0,32911424,30168256,2743168,30025920,16252864,16252864
2026-05-14T11:42:25+01:00,rpc-worker,67601358,366,535176,1134645432,2869,0,17645,0,32911424,30170368,2741056,30028032,16252864,16252864
2026-05-14T11:42:26+01:00,rpc-worker,67601364,366,535183,1134650325,2869,0,17647,0,32911424,30170112,2741312,30027776,16252864,16252864
2026-05-14T11:42:27+01:00,rpc-worker,67601369,366,535192,1134655217,2869,0,17647,0,32911424,30169984,2741440,30027648,16252864,16252864
2026-05-14T11:42:28+01:00,rpc-worker,67601371,366,535204,1134660110,2869,0,17647,0,32911424,30168832,2742592,30026496,16252864,16252864
2026-05-14T11:42:29+01:00,rpc-worker,67601374,366,535216,1134665003,2869,0,17650,0,32911424,30160000,2751424,30017664,16252864,16252864
2026-05-14T11:42:30+01:00,rpc-worker,67601387,366,535231,1134669856,2883,0,17659,0,32911424,30129536,2781888,29962560,16252864,16252864
2026-05-14T11:42:31+01:00,rpc-worker,67601390,366,535239,1134674748,2883,0,17659,0,32911424,30125312,2786112,29958336,16252864,16252864
2026-05-14T11:42:32+01:00,rpc-worker,67601457,366,535278,1134679553,2883,0,17659,0,32911424,29571456,3339968,29404480,16252864,16252864
2026-05-14T11:42:33+01:00,rpc-worker,67601557,366,535300,1134684324,2883,0,17677,0,32911424,29566976,3344448,29400000,16252864,16252864
2026-05-14T11:42:34+01:00,rpc-worker,67601564,366,535334,1134689181,2883,0,17699,0,32911424,29569088,3342336,29402048,16252864,16252864
2026-05-14T11:42:35+01:00,rpc-worker,67601568,366,535357,1134694045,2883,0,17715,0,32911424,29569216,3342208,29402176,16252864,16252864
2026-05-14T11:42:36+01:00,rpc-worker,67601620,366,535389,1134698880,2883,0,17733,0,32911424,29565376,3346048,29398336,16252864,16252864
2026-05-14T11:42:37+01:00,rpc-worker,67601665,366,535408,1134703717,2883,0,17746,0,32911424,29566016,3345408,29398976,16252864,16252864
2026-05-14T11:42:39+01:00,rpc-worker,67601766,366,535418,1134708511,2883,0,17749,0,32911424,29564864,3346560,29397824,16252864,16252864
2026-05-14T11:42:40+01:00,rpc-worker,67601856,366,535449,1134713932,2892,0,17755,0,32911424,29557632,3353792,28839744,16252864,16252864
2026-05-14T11:42:41+01:00,rpc-worker,67601858,366,535475,1134719977,2980,0,17790,0,32911424,29556096,3355328,28838208,16252864,16252864
2026-05-14T11:42:42+01:00,rpc-worker,67601862,366,535495,1134726028,3069,0,17823,0,32911424,29561216,3350208,28843328,16252864,16252864
2026-05-14T11:42:44+01:00,rpc-worker,67601865,366,535517,1134732088,3155,0,17855,0,32911424,29557120,3354304,28839232,16252864,16252864
2026-05-14T11:42:45+01:00,rpc-worker,67601873,366,535555,1134737527,3204,0,17877,0,32911424,29016320,3895104,28298432,16252864,16252864
2026-05-14T11:42:46+01:00,rpc-worker,67601880,366,535575,1134742385,3204,0,17893,0,32911424,29013248,3898176,28295360,16252864,16252864
2026-05-14T11:42:47+01:00,rpc-worker,67601886,366,535595,1134747242,3204,0,17916,0,32911424,29012672,3898752,28294784,16252864,16252864
2026-05-14T11:42:48+01:00,rpc-worker,67601888,366,535621,1134752100,3204,0,17940,0,32911424,29010944,3900480,28293056,16252864,16252864
2026-05-14T11:42:49+01:00,rpc-worker,67601893,366,535645,1134756957,3204,0,17957,0,32911424,29010560,3900864,28292672,16252864,16252864
2026-05-14T11:42:50+01:00,rpc-worker,67601940,366,535664,1134761786,3204,0,17964,0,32911424,29008640,3902784,28290752,16252864,16252864
2026-05-14T11:42:51+01:00,rpc-worker,67602067,366,535678,1134766546,3204,0,17965,0,32911424,29010112,3901312,28292224,16252864,16252864
2026-05-14T11:42:52+01:00,rpc-worker,67602151,366,535711,1134771969,3212,0,17969,0,32911424,29000192,3911232,27732864,16252864,16252864
2026-05-14T11:42:53+01:00,rpc-worker,67602157,366,535739,1134777950,3298,0,18002,0,32911424,29002240,3909184,27733504,16252864,16252864
2026-05-14T11:42:55+01:00,rpc-worker,67602160,366,535755,1134783975,3384,0,18046,0,32911424,29003264,3908160,27734528,16252864,16252864
2026-05-14T11:42:56+01:00,rpc-worker,67602163,366,535784,1134789996,3470,0,18077,0,32911424,29005888,3905536,27737152,16252864,16252864
2026-05-14T11:42:57+01:00,rpc-worker,67602176,366,535818,1134795434,3519,0,18092,0,32911424,28462208,4449216,27193472,16252864,16252864
2026-05-14T11:42:58+01:00,rpc-worker,67602178,366,535844,1134800290,3519,0,18112,0,32911424,28458944,4452480,27190208,16252864,16252864
2026-05-14T11:42:59+01:00,rpc-worker,67602180,366,535872,1134805146,3519,0,18129,0,32911424,28457024,4454400,27188288,16252864,16252864
2026-05-14T11:43:00+01:00,rpc-worker,67602186,366,535893,1134810001,3519,0,18148,0,32911424,28458176,4453248,27189440,16252864,16252864
2026-05-14T11:43:01+01:00,rpc-worker,67602188,366,535917,1134814859,3519,0,18169,0,32911424,28454528,4456896,27185792,16252864,16252864
2026-05-14T11:43:02+01:00,rpc-worker,67602234,366,535938,1134819691,3519,0,18182,0,32911424,28456064,4455360,27187328,16252864,16252864
2026-05-14T11:43:03+01:00,rpc-worker,67602338,366,535939,1134824491,3519,0,18182,0,32911424,28455872,4455552,27187136,16252864,16252864
2026-05-14T11:43:04+01:00,rpc-worker,67602422,366,535975,1134829918,3527,0,18186,0,32911424,28454848,4456576,26636608,16252864,16252864
2026-05-14T11:43:06+01:00,rpc-worker,67602441,366,536018,1134835905,3612,0,18214,0,32911424,28453120,4458304,26633472,16252864,16252864
2026-05-14T11:43:07+01:00,rpc-worker,67602443,366,536057,1134842084,3701,0,18250,0,32911424,28446336,4465088,26626688,16252864,16252864
2026-05-14T11:43:08+01:00,rpc-worker,67602452,366,536085,1134848491,3792,0,18281,0,32911424,28448704,4462720,26629056,16252864,16252864
2026-05-14T11:43:10+01:00,rpc-worker,67602470,366,536114,1134854113,3841,0,18307,0,32911424,28429760,4481664,26597824,16252864,16252864
2026-05-14T11:43:11+01:00,rpc-worker,67602471,366,536121,1134859001,3848,0,18311,0,32911424,28422144,4489280,26577920,16252864,16252864
2026-05-14T11:43:12+01:00,rpc-worker,67602474,366,536132,1134863892,3848,0,18311,0,32911424,28422784,4488640,26578560,16252864,16252864
2026-05-14T11:43:13+01:00,rpc-worker,67602479,366,536156,1134868761,3848,0,18321,0,32911424,27868608,5042816,26024384,16252864,16252864
2026-05-14T11:43:14+01:00,rpc-worker,67602483,366,536178,1134873623,3848,0,18342,0,32911424,27871424,5040000,26027200,16252864,16252864
2026-05-14T11:43:15+01:00,rpc-worker,67602487,366,536201,1134878480,3848,0,18368,0,32911424,27869696,5041728,26025472,16252864,16252864
2026-05-14T11:43:16+01:00,rpc-worker,67602491,366,536226,1134883337,3848,0,18394,0,32911424,27867648,5043776,26023424,16252864,16252864
2026-05-14T11:43:17+01:00,rpc-worker,67602495,366,536250,1134888194,3848,0,18414,0,32911424,27867840,5043584,26023616,16252864,16252864
2026-05-14T11:43:18+01:00,rpc-worker,67602582,366,536265,1134892998,3848,0,18417,0,32911424,27865728,5045696,26021504,16252864,16252864
2026-05-14T11:43:19+01:00,rpc-worker,67602690,366,536274,1134897790,3848,0,18417,0,32911424,27867648,5043776,26023424,16252864,16252864
2026-05-14T11:43:20+01:00,rpc-worker,67602735,366,536313,1134903452,3889,0,18435,0,32911424,27857344,5054080,25462272,16252864,16252864
2026-05-14T11:43:21+01:00,rpc-worker,67602785,366,536347,1134909926,3981,0,18474,0,32911424,27857024,5054400,25461952,16252864,16252864
2026-05-14T11:43:23+01:00,rpc-worker,67602789,366,536379,1134916525,4075,0,18508,0,32911424,27861248,5050176,25466176,16252864,16252864
2026-05-14T11:43:24+01:00,rpc-worker,67602792,366,536408,1134922731,4163,0,18541,0,32911424,27802688,5108736,25407616,16252864,16252864
2026-05-14T11:43:25+01:00,rpc-worker,67602801,366,536433,1134927593,4163,0,18558,0,32911424,27315712,5595712,24920640,16252864,16252864
2026-05-14T11:43:26+01:00,rpc-worker,67602805,366,536455,1134932453,4163,0,18575,0,32911424,27317952,5593472,24922880,16252864,16252864
2026-05-14T11:43:27+01:00,rpc-worker,67602808,366,536487,1134937312,4163,0,18589,0,32911424,27317760,5593664,24922688,16252864,16252864
2026-05-14T11:43:28+01:00,rpc-worker,67602810,366,536513,1134942169,4163,0,18614,0,32911424,27315648,5595776,24920576,16252864,16252864
2026-05-14T11:43:29+01:00,rpc-worker,67602816,366,536538,1134947025,4163,0,18638,0,32911424,27317632,5593792,24922560,16252864,16252864
2026-05-14T11:43:30+01:00,rpc-worker,67602920,366,536548,1134951815,4163,0,18639,0,32911424,27313856,5597568,24918784,16252864,16252864
2026-05-14T11:43:31+01:00,rpc-worker,67603026,366,536560,1134956608,4163,0,18639,0,32911424,27317696,5593728,24922624,16252864,16252864
2026-05-14T11:43:32+01:00,rpc-worker,67603051,366,536599,1134962279,4215,0,18661,0,32911424,27307904,5603520,24361920,16252864,16252864
2026-05-14T11:43:34+01:00,rpc-worker,67603052,366,536614,1134968813,4309,0,18698,0,32911424,27308480,5602944,24362496,16252864,16252864
2026-05-14T11:43:35+01:00,rpc-worker,67603055,366,536645,1134975340,4402,0,18722,0,32911424,27310080,5601344,24364096,16252864,16252864
2026-05-14T11:43:36+01:00,rpc-worker,67603097,366,536691,1134980958,4478,0,18751,0,32911424,26971904,5939520,24025920,16252864,16252864
2026-05-14T11:43:37+01:00,rpc-worker,67603105,366,536721,1134985811,4478,0,18765,0,32911424,26765824,6145600,23819840,16252864,16252864
2026-05-14T11:43:38+01:00,rpc-worker,67603107,366,536747,1134990674,4478,0,18782,0,32911424,26765824,6145600,23819840,16252864,16252864
2026-05-14T11:43:39+01:00,rpc-worker,67603109,366,536767,1134995539,4478,0,18800,0,32911424,26766976,6144448,23820992,16252864,16252864
2026-05-14T11:43:41+01:00,rpc-worker,67603114,366,536790,1135000396,4478,0,18820,0,32911424,26764928,6146496,23818944,16252864,16252864
2026-05-14T11:43:42+01:00,rpc-worker,67603125,366,536813,1135005249,4478,0,18836,0,32911424,26755968,6155456,23809984,16252864,16252864
2026-05-14T11:43:43+01:00,rpc-worker,67603231,366,536819,1135010042,4478,0,18836,0,32911424,26752896,6158528,23806912,16252864,16252864
2026-05-14T11:43:44+01:00,rpc-worker,67603333,366,536832,1135014835,4478,0,18836,0,32911424,26753088,6158336,23807104,16252864,16252864
2026-05-14T11:43:45+01:00,rpc-worker,67603350,366,536874,1135020481,4534,0,18863,0,32911424,26739776,6171648,23242880,16252864,16252864
2026-05-14T11:43:46+01:00,rpc-worker,67603352,366,536906,1135027097,4628,0,18895,0,32911424,26739392,6172032,23242496,16252864,16252864
2026-05-14T11:43:48+01:00,rpc-worker,67603354,366,536946,1135033649,4721,0,18919,0,32911424,26746688,6164736,23249792,16252864,16252864
2026-05-14T11:43:49+01:00,rpc-worker,67603368,366,536971,1135039283,4792,0,18942,0,32911424,26756352,6155072,23259456,16252864,16252864
2026-05-14T11:43:50+01:00,rpc-worker,67603383,366,536984,1135044129,4806,0,18951,0,32911424,26727488,6183936,23206016,16252864,16252864
2026-05-14T11:43:51+01:00,rpc-worker,67603448,366,537002,1135048988,4806,0,18951,0,32911424,26726656,6184768,23205184,16252864,16252864
2026-05-14T11:43:52+01:00,rpc-worker,67603453,366,537017,1135053875,4806,0,18951,0,32911424,26170944,6740480,22649472,16252864,16252864
2026-05-14T11:43:53+01:00,rpc-worker,67603458,366,537035,1135058733,4806,0,18976,0,32911424,26173120,6738304,22651648,16252864,16252864
2026-05-14T11:43:54+01:00,rpc-worker,67603460,366,537054,1135063596,4806,0,18998,0,32911424,26174848,6736576,22653376,16252864,16252864
2026-05-14T11:43:55+01:00,rpc-worker,67603464,366,537079,1135068454,4806,0,19018,0,32911424,26171712,6739712,22650240,16252864,16252864
2026-05-14T11:43:56+01:00,rpc-worker,67603468,366,537105,1135073308,4806,0,19034,0,32911424,26176064,6735360,22654592,16252864,16252864
2026-05-14T11:43:57+01:00,rpc-worker,67603511,366,537125,1135078138,4806,0,19046,0,32911424,26176960,6734464,22655488,16252864,16252864
2026-05-14T11:43:58+01:00,rpc-worker,67603614,366,537133,1135082926,4806,0,19048,0,32911424,26176000,6735424,22654528,16252864,16252864
2026-05-14T11:43:59+01:00,rpc-worker,67603708,366,537172,1135088610,4813,0,19058,0,32911424,26163840,6747584,22092928,16252864,16252864
2026-05-14T11:44:01+01:00,rpc-worker,67603712,366,537205,1135095154,4901,0,19092,0,32911424,26163776,6747648,22091456,16252864,16252864
2026-05-14T11:44:02+01:00,rpc-worker,67603714,366,537234,1135101705,4992,0,19128,0,32911424,26161024,6750400,22088704,16252864,16252864
2026-05-14T11:44:03+01:00,rpc-worker,67603715,366,537253,1135108264,5084,0,19158,0,32911424,26165632,6745792,22093312,16252864,16252864
2026-05-14T11:44:05+01:00,rpc-worker,67603719,366,537290,1135113971,5110,0,19179,0,32911424,25617600,7293824,21545280,16252864,16252864
2026-05-14T11:44:06+01:00,rpc-worker,67603755,366,537320,1135118787,5110,0,19198,0,32911424,25616192,7295232,21543872,16252864,16252864
2026-05-14T11:44:07+01:00,rpc-worker,67603758,366,537345,1135123636,5110,0,19221,0,32911424,25616960,7294464,21544640,16252864,16252864
2026-05-14T11:44:08+01:00,rpc-worker,67603761,366,537369,1135128484,5110,0,19243,0,32911424,25624384,7287040,21552064,16252864,16252864
2026-05-14T11:44:09+01:00,rpc-worker,67603763,366,537401,1135133333,5110,0,19262,0,32911424,25617984,7293440,21545664,16252864,16252864
2026-05-14T11:44:10+01:00,rpc-worker,67603848,366,537416,1135138137,5110,0,19270,0,32911424,25618496,7292928,21546176,16252864,16252864
2026-05-14T11:44:11+01:00,rpc-worker,67603951,366,537429,1135142928,5110,0,19270,0,32911424,25617728,7293696,21545408,16252864,16252864
2026-05-14T11:44:12+01:00,rpc-worker,67603996,366,537471,1135148590,5146,0,19295,0,32911424,25613440,7297984,20990208,16252864,16252864
2026-05-14T11:44:13+01:00,rpc-worker,67603998,366,537491,1135155147,5234,0,19338,0,32911424,25605760,7305664,20982528,16252864,16252864
2026-05-14T11:44:15+01:00,rpc-worker,67604001,366,537524,1135161752,5322,0,19385,0,32911424,25603264,7308160,20980032,16252864,16252864
2026-05-14T11:44:16+01:00,rpc-worker,67604005,366,537561,1135168106,5408,0,19419,0,32911424,25561856,7349568,20938624,16252864,16252864
2026-05-14T11:44:17+01:00,rpc-worker,67604021,366,537586,1135172952,5408,0,19438,0,32911424,25060800,7850624,20437568,16252864,16252864
2026-05-14T11:44:18+01:00,rpc-worker,67604024,366,537603,1135177810,5408,0,19459,0,32911424,25062720,7848704,20439488,16252864,16252864
2026-05-14T11:44:19+01:00,rpc-worker,67604027,366,537623,1135182660,5408,0,19484,0,32911424,25063808,7847616,20440576,16252864,16252864
2026-05-14T11:44:20+01:00,rpc-worker,67604029,366,537651,1135187509,5408,0,19504,0,32911424,25064704,7846720,20441472,16252864,16252864
2026-05-14T11:44:21+01:00,rpc-worker,67604048,366,537686,1135192328,5408,0,19527,0,32911424,25063424,7848000,20440192,16252864,16252864
2026-05-14T11:44:22+01:00,rpc-worker,67604154,366,537694,1135197118,5408,0,19529,0,32911424,24939392,7972032,20316160,16252864,16252864
2026-05-14T11:44:23+01:00,rpc-worker,67604259,366,537705,1135201907,5408,0,19529,0,32911424,24940736,7970688,20317504,16252864,16252864
2026-05-14T11:44:25+01:00,rpc-worker,67604287,366,537748,1135207570,5454,0,19568,0,32911424,24925120,7986304,19751040,16252864,16252864
2026-05-14T11:44:26+01:00,rpc-worker,67604288,366,537780,1135214069,5543,0,19608,0,32911424,24926912,7984512,19752832,16252864,16252864
2026-05-14T11:44:27+01:00,rpc-worker,67604291,366,537819,1135220605,5633,0,19652,0,32911424,24931584,7979840,19757504,16252864,16252864
2026-05-14T11:44:29+01:00,rpc-worker,67604296,366,537855,1135226273,5708,0,19676,0,32911424,24763072,8148352,19589056,16252864,16252864
2026-05-14T11:44:30+01:00,rpc-worker,67604314,366,537881,1135231115,5722,0,19693,0,32911424,25028992,7882432,19830336,16252864,16252864
2026-05-14T11:44:31+01:00,rpc-worker,67604320,366,537886,1135236008,5722,0,19694,0,32911424,25026176,7885248,19827456,16252864,16252864
2026-05-14T11:44:32+01:00,rpc-worker,67604323,366,537898,1135240901,5722,0,19694,0,32911424,24585088,8326336,19386368,16252864,16252864
2026-05-14T11:44:33+01:00,rpc-worker,67604324,366,537916,1135245760,5722,0,19718,0,32911424,24472896,8438528,19274176,16252864,16252864
2026-05-14T11:44:34+01:00,rpc-worker,67604330,366,537945,1135250612,5722,0,19744,0,32911424,24477056,8434368,19278336,16252864,16252864
2026-05-14T11:44:35+01:00,rpc-worker,67604334,366,537972,1135255463,5722,0,19769,0,32911424,24478272,8433152,19279552,16252864,16252864
2026-05-14T11:44:36+01:00,rpc-worker,67604346,366,538007,1135260281,5722,0,19787,0,32911424,24477120,8434304,19278400,16252864,16252864
2026-05-14T11:44:37+01:00,rpc-worker,67604377,366,538026,1135265119,5722,0,19808,0,32911424,24475392,8436032,19276672,16252864,16252864
2026-05-14T11:44:38+01:00,rpc-worker,67604480,366,538038,1135269910,5722,0,19808,0,32911424,24476800,8434624,19278080,16252864,16252864
2026-05-14T11:44:39+01:00,rpc-worker,67604579,366,538056,1135274702,5722,0,19808,0,32911424,24477568,8433856,18952448,16252864,16252864
2026-05-14T11:44:40+01:00,rpc-worker,67604579,366,538098,1135280358,5786,0,19830,0,32911424,24464512,8446912,18714944,16252864,16252864
2026-05-14T11:44:41+01:00,rpc-worker,67604579,366,538133,1135286874,5871,0,19865,0,32911424,24467968,8443456,18718400,16252864,16252864
2026-05-14T11:44:43+01:00,rpc-worker,67604581,366,538163,1135293448,5954,0,19899,0,32911424,24474752,8436672,18725184,16252864,16252864
2026-05-14T11:44:44+01:00,rpc-worker,67604600,366,538183,1135299121,6007,0,19930,0,32911424,23932992,8978432,18183424,16252864,16252864
2026-05-14T11:44:45+01:00,rpc-worker,67604601,366,538208,1135303977,6007,0,19949,0,32911424,23927552,8983872,18177984,16252864,16252864
2026-05-14T11:44:46+01:00,rpc-worker,67604603,366,538241,1135308832,6007,0,19965,0,32911424,23927616,8983808,18178048,16252864,16252864
2026-05-14T11:44:47+01:00,rpc-worker,67604605,366,538265,1135313688,6007,0,19976,0,32911424,23922432,8988992,18172864,16252864,16252864
2026-05-14T11:44:48+01:00,rpc-worker,67604609,366,538286,1135318547,6007,0,19986,0,32911424,23923648,8987776,18174080,16252864,16252864
2026-05-14T11:44:49+01:00,rpc-worker,67604645,366,538295,1135323392,6007,0,19994,0,32911424,23924352,8987072,18174848,16252864,16252864
2026-05-14T11:44:50+01:00,rpc-worker,67604750,366,538304,1135328187,6007,0,19994,0,32911424,23928576,8982848,18179072,16252864,16252864
2026-05-14T11:44:51+01:00,rpc-worker,67604866,366,538332,1135332952,6007,0,19994,0,32911424,23926848,8984576,17693184,16252864,16252864
2026-05-14T11:44:52+01:00,rpc-worker,67604871,366,538362,1135338614,6076,0,20029,0,32911424,23917056,8994368,17616640,16252864,16252864
2026-05-14T11:44:54+01:00,rpc-worker,67604874,366,538391,1135345202,6161,0,20077,0,32911424,23923392,8988032,17622976,16252864,16252864
2026-05-14T11:44:55+01:00,rpc-worker,67604876,366,538417,1135351781,6247,0,20132,0,32911424,23922368,8989056,17621952,16252864,16252864
2026-05-14T11:44:56+01:00,rpc-worker,67604885,366,538454,1135357489,6296,0,20165,0,32911424,23374080,9537344,17073664,16252864,16252864
2026-05-14T11:44:57+01:00,rpc-worker,67604890,366,538473,1135362345,6296,0,20188,0,32911424,23374720,9536704,17074304,16252864,16252864
2026-05-14T11:44:58+01:00,rpc-worker,67604892,366,538498,1135367201,6296,0,20201,0,32911424,23373824,9537600,17073408,16252864,16252864
2026-05-14T11:44:59+01:00,rpc-worker,67604900,366,538520,1135372056,6296,0,20218,0,32911424,23372992,9538432,17072576,16252864,16252864
2026-05-14T11:45:00+01:00,rpc-worker,67604905,366,538541,1135376911,6296,0,20242,0,32911424,23373056,9538368,17072640,16252864,16252864
2026-05-14T11:45:02+01:00,rpc-worker,67604948,366,538566,1135381738,6296,0,20256,0,32911424,23346752,9564672,17046400,16252864,16252864
2026-05-14T11:45:03+01:00,rpc-worker,67605050,366,538577,1135386534,6296,0,20257,0,32911424,23351360,9560064,17051008,16252864,16252864
2026-05-14T11:45:04+01:00,rpc-worker,67605137,366,538604,1135392224,6303,0,20266,0,32911424,23336896,9574528,16490752,16252864,16252864
2026-05-14T11:45:05+01:00,rpc-worker,67605138,366,538636,1135398859,6385,0,20313,0,32911424,23349824,9561600,16498624,16252864,16252864
2026-05-14T11:45:07+01:00,rpc-worker,67605158,366,538684,1135405375,6464,0,20370,0,32911424,23352640,9558784,16501440,16252864,16252864
2026-05-14T11:45:08+01:00,rpc-worker,67605165,366,538709,1135411946,6547,0,20415,0,32911424,23358336,9553088,16507136,16252864,16252864
2026-05-14T11:45:09+01:00,rpc-worker,67605181,366,538733,1135417631,6583,0,20439,0,32911424,23334976,9576448,16462016,16252864,16252864
2026-05-14T11:45:10+01:00,rpc-worker,67605186,366,538739,1135422528,6583,0,20439,0,32911424,23335616,9575808,16459840,16252864,16252864
2026-05-14T11:45:11+01:00,rpc-worker,67605188,366,538753,1135427422,6583,0,20439,0,32911424,23337536,9573888,16461760,16252864,16252864
2026-05-14T11:45:12+01:00,rpc-worker,67605195,366,538775,1135432279,6583,0,20460,0,32911424,22787392,10124032,15911616,16252864,16252864
2026-05-14T11:45:13+01:00,rpc-worker,67605201,366,538798,1135437129,6583,0,20484,0,32911424,22787008,10124416,15911232,16252864,16252864
2026-05-14T11:45:14+01:00,rpc-worker,67605203,366,538824,1135441977,6583,0,20516,0,32911424,22786816,10124608,15911040,16252864,16252864
2026-05-14T11:45:15+01:00,rpc-worker,67605204,366,538849,1135446828,6583,0,20543,0,32911424,22785088,10126336,15909312,16252864,16252864
2026-05-14T11:45:16+01:00,rpc-worker,67605214,366,538874,1135451672,6583,0,20571,0,32911424,22785600,10125824,15909824,16252864,16252864
2026-05-14T11:45:17+01:00,rpc-worker,67605323,366,538883,1135456464,6583,0,20571,0,32911424,22786752,10124672,15910976,16252864,16252864
2026-05-14T11:45:18+01:00,rpc-worker,67605429,366,538895,1135461255,6583,0,20571,0,32911424,22787136,10124288,15911360,16252864,16252864
2026-05-14T11:45:20+01:00,rpc-worker,67605444,366,538941,1135466905,6637,0,20603,0,32911424,22775424,10136000,15348736,16252864,16252864
2026-05-14T11:45:21+01:00,rpc-worker,67605494,366,538978,1135473440,6728,0,20641,0,32911424,22778048,10133376,15351360,16252864,16252864
2026-05-14T11:45:22+01:00,rpc-worker,67605497,366,539013,1135479985,6817,0,20679,0,32911424,22779136,10132288,15352448,16252864,16252864
2026-05-14T11:45:24+01:00,rpc-worker,67605505,366,539046,1135485683,6888,0,20698,0,32911424,22238784,10672640,14812096,16252864,16252864
2026-05-14T11:45:25+01:00,rpc-worker,67605514,366,539070,1135490536,6888,0,20710,0,32911424,22232960,10678464,14806272,16252864,16252864
2026-05-14T11:45:26+01:00,rpc-worker,67605516,366,539096,1135495401,6888,0,20733,0,32911424,22231488,10679936,14804800,16252864,16252864
2026-05-14T11:45:27+01:00,rpc-worker,67605517,366,539117,1135500263,6888,0,20752,0,32911424,22237760,10673664,14811072,16252864,16252864
2026-05-14T11:45:28+01:00,rpc-worker,67605518,366,539142,1135505115,6888,0,20780,0,32911424,22235136,10676288,14808448,16252864,16252864
2026-05-14T11:45:29+01:00,rpc-worker,67605536,366,539163,1135509962,6888,0,20793,0,32911424,22238080,10673344,14811392,16252864,16252864
2026-05-14T11:45:30+01:00,rpc-worker,67605640,366,539174,1135514755,6888,0,20793,0,32911424,22236736,10674688,14810048,16252864,16252864
2026-05-14T11:45:31+01:00,rpc-worker,67605744,366,539185,1135519549,6888,0,20793,0,32911424,22237312,10674112,14810624,16252864,16252864
2026-05-14T11:45:32+01:00,rpc-worker,67605757,366,539236,1135525256,6946,0,20812,0,32911424,22227136,10684288,14249536,16252864,16252864
2026-05-14T11:45:33+01:00,rpc-worker,67605763,366,539261,1135531933,7041,0,20837,0,32911424,22226880,10684544,14249280,16252864,16252864
2026-05-14T11:45:35+01:00,rpc-worker,67605767,366,539281,1135538427,7132,0,20860,0,32911424,22228800,10682624,14251200,16252864,16252864
2026-05-14T11:45:36+01:00,rpc-worker,67605824,366,539334,1135544079,7199,0,20887,0,32911424,22222848,10688576,14245248,16252864,16252864
2026-05-14T11:45:37+01:00,rpc-worker,67605833,366,539362,1135548930,7199,0,20908,0,32911424,21676288,11235136,13698624,16252864,16252864
2026-05-14T11:45:38+01:00,rpc-worker,67605835,366,539385,1135553783,7199,0,20932,0,32911424,21670528,11240896,13692864,16252864,16252864
2026-05-14T11:45:39+01:00,rpc-worker,67605838,366,539412,1135558636,7199,0,20956,0,32911424,21668608,11242816,13690880,16252864,16252864
2026-05-14T11:45:40+01:00,rpc-worker,67605839,366,539431,1135563495,7199,0,20973,0,32911424,21676096,11235328,13698368,16252864,16252864
2026-05-14T11:45:41+01:00,rpc-worker,67605861,366,539449,1135568341,7199,0,20993,0,32911424,21654976,11256448,13677248,16252864,16252864
2026-05-14T11:45:42+01:00,rpc-worker,67605965,366,539459,1135573132,7199,0,20993,0,32911424,21643776,11267648,13666048,16252864,16252864
2026-05-14T11:45:43+01:00,rpc-worker,67606072,366,539468,1135577924,7199,0,20994,0,32911424,21644224,11267200,13666496,16252864,16252864
2026-05-14T11:45:44+01:00,rpc-worker,67606078,366,539516,1135583589,7258,0,21027,0,32911424,21636864,11274560,13108224,16252864,16252864
2026-05-14T11:45:46+01:00,rpc-worker,67606082,366,539546,1135590206,7349,0,21066,0,32911424,21638464,11272960,13109824,16252864,16252864
2026-05-14T11:45:47+01:00,rpc-worker,67606082,366,539572,1135596733,7439,0,21107,0,32911424,21635840,11275584,13107200,16252864,16252864
2026-05-14T11:45:48+01:00,rpc-worker,67606090,366,539608,1135602401,7500,0,21136,0,32911424,21673216,11238208,13144576,16252864,16252864
2026-05-14T11:45:49+01:00,rpc-worker,67606101,366,539634,1135607255,7514,0,21147,0,32911424,21645696,11265728,13092480,16252864,16252864
2026-05-14T11:45:50+01:00,rpc-worker,67606121,366,539653,1135612124,7514,0,21147,0,32911424,21644544,11266880,13091328,16252864,16252864
2026-05-14T11:45:51+01:00,rpc-worker,67606128,366,539669,1135617006,7514,0,21153,0,32911424,21088832,11822592,12535616,16252864,16252864
2026-05-14T11:45:53+01:00,rpc-worker,67606133,366,539690,1135621865,7514,0,21170,0,32911424,21086144,11825280,12532928,16252864,16252864
2026-05-14T11:45:54+01:00,rpc-worker,67606139,366,539714,1135626724,7514,0,21183,0,32911424,21083008,11828416,12529792,16252864,16252864
2026-05-14T11:45:55+01:00,rpc-worker,67606140,366,539729,1135631591,7514,0,21203,0,32911424,21088704,11822720,12535488,16252864,16252864
2026-05-14T11:45:56+01:00,rpc-worker,67606143,366,539749,1135636456,7514,0,21227,0,32911424,21089728,11821696,12536512,16252864,16252864
2026-05-14T11:45:57+01:00,rpc-worker,67606196,366,539768,1135641282,7514,0,21238,0,32911424,21088576,11822848,12535360,16252864,16252864
2026-05-14T11:45:58+01:00,rpc-worker,67606298,366,539779,1135646074,7514,0,21239,0,32911424,21090112,11821312,12536896,16252864,16252864
2026-05-14T11:45:59+01:00,rpc-worker,67606375,366,539818,1135651789,7531,0,21249,0,32911424,21078016,11833408,11973952,16252864,16252864
2026-05-14T11:46:00+01:00,rpc-worker,67606378,366,539855,1135658394,7620,0,21275,0,32911424,21076800,11834624,11972736,16252864,16252864
2026-05-14T11:46:02+01:00,rpc-worker,67606382,366,539887,1135664918,7709,0,21301,0,32911424,21079168,11832256,11975040,16252864,16252864
2026-05-14T11:46:03+01:00,rpc-worker,67606383,366,539911,1135671506,7800,0,21332,0,32911424,21078912,11832512,11974784,16252864,16252864
2026-05-14T11:46:04+01:00,rpc-worker,67606393,366,539947,1135677276,7817,0,21356,0,32911424,20526336,12385088,11422208,16252864,16252864
2026-05-14T11:46:05+01:00,rpc-worker,67606398,366,539976,1135682127,7817,0,21384,0,32911424,20530048,12381376,11425920,16252864,16252864
2026-05-14T11:46:06+01:00,rpc-worker,67606423,366,540011,1135686945,7817,0,21413,0,32911424,20527232,12384192,11423040,16252864,16252864
2026-05-14T11:46:07+01:00,rpc-worker,67606425,366,540038,1135691801,7817,0,21435,0,32911424,20522688,12388736,11418496,16252864,16252864
2026-05-14T11:46:08+01:00,rpc-worker,67606427,366,540062,1135696655,7817,0,21453,0,32911424,20525952,12385472,11421760,16252864,16252864
2026-05-14T11:46:09+01:00,rpc-worker,67606527,366,540074,1135701452,7817,0,21455,0,32911424,20528384,12383040,11424192,16252864,16252864
2026-05-14T11:46:10+01:00,rpc-worker,67606629,366,540085,1135706247,7817,0,21456,0,32911424,20527744,12383680,11423552,16252864,16252864
2026-05-14T11:46:12+01:00,rpc-worker,67606657,366,540133,1135711909,7860,0,21478,0,32911424,20519424,12392000,10864320,16252864,16252864
2026-05-14T11:46:13+01:00,rpc-worker,67606658,366,540159,1135718467,7947,0,21523,0,32911424,20518720,12392704,10863616,16252864,16252864
2026-05-14T11:46:14+01:00,rpc-worker,67606662,366,540188,1135725080,8037,0,21564,0,32911424,20523840,12387584,10868736,16252864,16252864
2026-05-14T11:46:16+01:00,rpc-worker,67606664,366,540217,1135730784,8115,0,21597,0,32911424,20433344,12478080,10778240,16252864,16252864
2026-05-14T11:46:17+01:00,rpc-worker,67606672,366,540251,1135735630,8115,0,21617,0,32911424,19975296,12936128,10320192,16252864,16252864
2026-05-14T11:46:18+01:00,rpc-worker,67606672,366,540277,1135740486,8115,0,21627,0,32911424,19968448,12942976,10313344,16252864,16252864
2026-05-14T11:46:19+01:00,rpc-worker,67606673,366,540298,1135745343,8115,0,21637,0,32911424,19976704,12934720,10321600,16252864,16252864
2026-05-14T11:46:20+01:00,rpc-worker,67606677,366,540326,1135750197,8115,0,21649,0,32911424,19976384,12935040,10321280,16252864,16252864
2026-05-14T11:46:21+01:00,rpc-worker,67606691,366,540357,1135755018,8115,0,21670,0,32911424,19974336,12937088,10319232,16252864,16252864
2026-05-14T11:46:22+01:00,rpc-worker,67606794,366,540369,1135759813,8115,0,21670,0,32911424,19914048,12997376,10258944,16252864,16252864
2026-05-14T11:46:23+01:00,rpc-worker,67606901,366,540378,1135764608,8115,0,21670,0,32911424,19914112,12997312,10259008,16252864,16252864
2026-05-14T11:46:24+01:00,rpc-worker,67606929,366,540424,1135770240,8162,0,21692,0,32911424,19905984,13005440,9700032,16252864,16252864
2026-05-14T11:46:25+01:00,rpc-worker,67606929,366,540463,1135776851,8254,0,21739,0,32911424,19905536,13005888,9699584,16252864,16252864
2026-05-14T11:46:27+01:00,rpc-worker,67606929,366,540489,1135783364,8345,0,21783,0,32911424,19907584,13003840,9701632,16252864,16252864
2026-05-14T11:46:28+01:00,rpc-worker,67606935,366,540527,1135789069,8420,0,21795,0,32911424,19708672,13202752,9502720,16252864,16252864
2026-05-14T11:46:29+01:00,rpc-worker,67606952,366,540551,1135793905,8434,0,21800,0,32911424,19940928,12970496,9710400,16252864,16252864
2026-05-14T11:46:30+01:00,rpc-worker,67606954,366,540562,1135798799,8434,0,21800,0,32911424,19940800,12970624,9710272,16252864,16252864
2026-05-14T11:46:31+01:00,rpc-worker,67606956,366,540578,1135803691,8434,0,21800,0,32911424,19601088,13310336,9370560,16252864,16252864
2026-05-14T11:46:32+01:00,rpc-worker,67606958,366,540609,1135808545,8434,0,21820,0,32911424,19392064,13519360,9161536,16252864,16252864
2026-05-14T11:46:33+01:00,rpc-worker,67606961,366,540630,1135813402,8434,0,21845,0,32911424,19391552,13519872,9161024,16252864,16252864
2026-05-14T11:46:34+01:00,rpc-worker,67606964,366,540654,1135818259,8434,0,21865,0,32911424,19391296,13520128,9160768,16252864,16252864
2026-05-14T11:46:35+01:00,rpc-worker,67606964,366,540680,1135823117,8434,0,21885,0,32911424,19389952,13521472,9159424,16252864,16252864
2026-05-14T11:46:36+01:00,rpc-worker,67607015,366,540705,1135827935,8434,0,21897,0,32911424,19387392,13524032,9156864,16252864,16252864
2026-05-14T11:46:37+01:00,rpc-worker,67607118,366,540714,1135832732,8434,0,21897,0,32911424,19391040,13520384,9160512,16252864,16252864
2026-05-14T11:46:38+01:00,rpc-worker,67607215,366,540732,1135837526,8434,0,21897,0,32911424,19390464,13520960,8887936,16252864,16252864
2026-05-14T11:46:40+01:00,rpc-worker,67607217,366,540776,1135843181,8503,0,21914,0,32911424,19385536,13525888,8604096,16252864,16252864
2026-05-14T11:46:41+01:00,rpc-worker,67607219,366,540814,1135849817,8597,0,21939,0,32911424,19387456,13523968,8606016,16252864,16252864
2026-05-14T11:46:42+01:00,rpc-worker,67607221,366,540836,1135856408,8690,0,21967,0,32911424,19384512,13526912,8603072,16252864,16252864
2026-05-14T11:46:44+01:00,rpc-worker,67607234,366,540863,1135862079,8746,0,21993,0,32911424,18844480,14066944,8063040,16252864,16252864
2026-05-14T11:46:45+01:00,rpc-worker,67607238,366,540893,1135866933,8746,0,22017,0,32911424,18841024,14070400,8059392,16252864,16252864
2026-05-14T11:46:46+01:00,rpc-worker,67607242,366,540918,1135871791,8746,0,22032,0,32911424,18841216,14070208,8059520,16252864,16252864
2026-05-14T11:46:47+01:00,rpc-worker,67607245,366,540945,1135876647,8746,0,22054,0,32911424,18848512,14062912,8066816,16252864,16252864
2026-05-14T11:46:48+01:00,rpc-worker,67607250,366,540972,1135881503,8746,0,22072,0,32911424,18841792,14069632,8060096,16252864,16252864
2026-05-14T11:46:49+01:00,rpc-worker,67607290,366,540990,1135886336,8746,0,22087,0,32911424,18839744,14071680,8058048,16252864,16252864
2026-05-14T11:46:50+01:00,rpc-worker,67607393,366,540999,1135891131,8746,0,22087,0,32911424,18841088,14070336,8059392,16252864,16252864
2026-05-14T11:46:51+01:00,rpc-worker,67607531,366,541018,1135895900,8746,0,22087,0,32911424,18842624,14068800,7565888,16252864,16252864
2026-05-14T11:46:52+01:00,rpc-worker,67607534,366,541059,1135901592,8820,0,22109,0,32911424,18825792,14085632,7493248,16252864,16252864
2026-05-14T11:46:53+01:00,rpc-worker,67607537,366,541086,1135908146,8913,0,22136,0,32911424,18822784,14088640,7490240,16252864,16252864
2026-05-14T11:46:55+01:00,rpc-worker,67607540,366,541110,1135914728,9003,0,22172,0,32911424,18818112,14093312,7485568,16252864,16252864
2026-05-14T11:46:56+01:00,rpc-worker,67607549,366,541138,1135920426,9056,0,22197,0,32911424,18286336,14625088,6953792,16252864,16252864
2026-05-14T11:46:57+01:00,rpc-worker,67607556,366,541161,1135925283,9056,0,22216,0,32911424,18281472,14629952,6948928,16252864,16252864
2026-05-14T11:46:58+01:00,rpc-worker,67607561,366,541179,1135930140,9056,0,22231,0,32911424,18283072,14628352,6950528,16252864,16252864
2026-05-14T11:46:59+01:00,rpc-worker,67607564,366,541210,1135934996,9056,0,22244,0,32911424,18279488,14631936,6946944,16252864,16252864
2026-05-14T11:47:00+01:00,rpc-worker,67607567,366,541230,1135939851,9056,0,22256,0,32911424,18280256,14631168,6947712,16252864,16252864
2026-05-14T11:47:01+01:00,rpc-worker,67607612,366,541248,1135944680,9056,0,22265,0,32911424,18274176,14637248,6941632,16252864,16252864
2026-05-14T11:47:02+01:00,rpc-worker,67607714,366,541260,1135949472,9056,0,22265,0,32911424,18271488,14639936,6938944,16252864,16252864
2026-05-14T11:47:03+01:00,rpc-worker,67607803,366,541295,1135955249,9065,0,22272,0,32911424,18263936,14647488,6380480,16252864,16252864
2026-05-14T11:47:05+01:00,rpc-worker,67607807,366,541327,1135961942,9160,0,22296,0,32911424,18263552,14647872,6380096,16252864,16252864
2026-05-14T11:47:06+01:00,rpc-worker,67607877,366,541364,1135968531,9253,0,22340,0,32911424,18273536,14637888,6390080,16252864,16252864
2026-05-14T11:47:08+01:00,rpc-worker,67607893,366,541390,1135975163,9348,0,22373,0,32911424,18263296,14648128,6379648,16252864,16252864
2026-05-14T11:47:09+01:00,rpc-worker,67607907,366,541412,1135980915,9369,0,22380,0,32911424,18276736,14634688,6393088,16252864,16252864
2026-05-14T11:47:10+01:00,rpc-worker,67607909,366,541424,1135985811,9369,0,22380,0,32911424,18277056,14634368,6393408,16252864,16252864
2026-05-14T11:47:11+01:00,rpc-worker,67607912,366,541433,1135990707,9369,0,22380,0,32911424,18275584,14635840,6391936,16252864,16252864
2026-05-14T11:47:12+01:00,rpc-worker,67607914,366,541448,1135995606,9369,0,22380,0,32911424,18277248,14634176,6393600,16252864,16252864
2026-05-14T11:47:13+01:00,rpc-worker,67607914,366,541460,1136000505,9369,0,22381,0,32911424,18277120,14634304,6393472,16252864,16252864
2026-05-14T11:47:14+01:00,rpc-worker,67607917,366,541471,1136005405,9369,0,22382,0,32911424,18278720,14632704,6395072,16252864,16252864
2026-05-14T11:47:15+01:00,rpc-worker,67607922,366,541479,1136010300,9369,0,22383,0,32911424,18277376,14634048,6393728,16252864,16252864
2026-05-14T11:47:16+01:00,rpc-worker,67607925,366,541491,1136015195,9369,0,22383,0,32911424,18278912,14632512,6395264,16252864,16252864
2026-05-14T11:47:17+01:00,rpc-worker,67607928,366,541502,1136020090,9369,0,22384,0,32911424,18277952,14633472,6394304,16252864,16252864
2026-05-14T11:47:18+01:00,rpc-worker,67607930,366,541514,1136024982,9369,0,22384,0,32911424,18277184,14634240,6393536,16252864,16252864
2026-05-14T11:47:19+01:00,rpc-worker,67607932,366,541525,1136029875,9369,0,22384,0,32911424,18278528,14632896,6394880,16252864,16252864
2026-05-14T11:47:20+01:00,rpc-worker,67607932,366,541528,1136034777,9369,0,22384,0,32911424,18278016,14633408,6394368,16252864,16252864
2026-05-14T11:47:21+01:00,rpc-worker,67607971,366,541554,1136039641,9369,0,22384,0,32911424,18282496,14628928,6398848,16252864,16252864
2026-05-14T11:47:22+01:00,rpc-worker,67607975,366,541564,1136044534,9369,0,22384,0,32911424,18281536,14629888,6397888,16252864,16252864
2026-05-14T11:47:23+01:00,rpc-worker,67607976,366,541577,1136049427,9369,0,22384,0,32911424,18282112,14629312,6398464,16252864,16252864
2026-05-14T11:47:24+01:00,rpc-worker,67607978,366,541586,1136054320,9369,0,22384,0,32911424,18283008,14628416,6399360,16252864,16252864
2026-05-14T11:47:25+01:00,rpc-worker,67607982,366,541594,1136059212,9369,0,22385,0,32911424,18283200,14628224,6399552,16252864,16252864
2026-05-14T11:47:26+01:00,rpc-worker,67607985,366,541605,1136064105,9369,0,22385,0,32911424,18283008,14628416,6399360,16252864,16252864
2026-05-14T11:47:27+01:00,rpc-worker,67607989,366,541615,1136069000,9369,0,22385,0,32911424,18282240,14629184,6398592,16252864,16252864
2026-05-14T11:47:28+01:00,rpc-worker,67607990,366,541626,1136073894,9369,0,22386,0,32911424,18283392,14628032,6399744,16252864,16252864
2026-05-14T11:47:29+01:00,rpc-worker,67607993,366,541635,1136078790,9369,0,22387,0,32911424,18286080,14625344,6402432,16252864,16252864
2026-05-14T11:47:30+01:00,rpc-worker,67607998,366,541643,1136083687,9369,0,22387,0,32911424,18284160,14627264,6400512,16252864,16252864
2026-05-14T11:47:31+01:00,rpc-worker,67607999,366,541655,1136088584,9369,0,22387,0,32911424,18284352,14627072,6400704,16252864,16252864
2026-05-14T11:47:32+01:00,rpc-worker,67608001,366,541666,1136093482,9369,0,22387,0,32911424,18286272,14625152,6402624,16252864,16252864
2026-05-14T11:47:33+01:00,rpc-worker,67608058,366,541701,1136098301,9369,0,22387,0,32911424,18277696,14633728,6394048,16252864,16252864
2026-05-14T11:47:34+01:00,rpc-worker,67608158,366,541714,1136103092,9369,0,22388,0,32911424,18278720,14632704,6395008,16252864,16252864
2026-05-14T11:47:35+01:00,rpc-worker,67608165,366,541730,1136107974,9369,0,22388,0,32911424,18288896,14622528,6405184,16252864,16252864
2026-05-14T11:47:36+01:00,rpc-worker,67608212,366,541748,1136112833,9369,0,22388,0,32911424,18290432,14620992,6406720,16252864,16252864
2026-05-14T11:47:37+01:00,rpc-worker,67608214,366,541761,1136117726,9369,0,22388,0,32911424,18288064,14623360,6404352,16252864,16252864
2026-05-14T11:47:38+01:00,rpc-worker,67608214,366,541772,1136122619,9369,0,22388,0,32911424,18287872,14623552,6404160,16252864,16252864
2026-05-14T11:47:39+01:00,rpc-worker,67608217,366,541782,1136127513,9370,0,22388,0,32911424,18289408,14622016,6405696,16252864,16252864
2026-05-14T11:47:41+01:00,rpc-worker,67608221,366,541790,1136132408,9370,0,22388,0,32911424,18288448,14622976,6404736,16252864,16252864
2026-05-14T11:47:42+01:00,rpc-worker,67608223,366,541803,1136137304,9370,0,22388,0,32911424,18289216,14622208,6405504,16252864,16252864
2026-05-14T11:47:43+01:00,rpc-worker,67608227,366,541811,1136142199,9370,0,22389,0,32911424,18289600,14621824,6405888,16252864,16252864
2026-05-14T11:47:44+01:00,rpc-worker,67608231,366,541821,1136147095,9370,0,22389,0,32911424,18289088,14622336,6405376,16252864,16252864
2026-05-14T11:47:45+01:00,rpc-worker,67608233,366,541834,1136151988,9370,0,22389,0,32911424,18288512,14622912,6404800,16252864,16252864
2026-05-14T11:47:46+01:00,rpc-worker,67608237,366,541842,1136156881,9370,0,22391,0,32911424,18283520,14627904,6399808,16252864,16252864
2026-05-14T11:47:47+01:00,rpc-worker,67608237,366,541847,1136161781,9370,0,22391,0,32911424,18287168,14624256,6403456,16252864,16252864
2026-05-14T11:47:48+01:00,rpc-worker,67608239,366,541853,1136166681,9370,0,22392,0,32911424,18290240,14621184,6406528,16252864,16252864
2026-05-14T11:47:49+01:00,rpc-worker,67608243,366,541865,1136171578,9370,0,22392,0,32911424,18289280,14622144,6405568,16252864,16252864
2026-05-14T11:47:50+01:00,rpc-worker,67608244,366,541875,1136176472,9370,0,22392,0,32911424,18290624,14620800,6406912,16252864,16252864
2026-05-14T11:47:51+01:00,rpc-worker,67608298,366,541890,1136181332,9370,0,22392,0,32911424,18292160,14619264,6408448,16252864,16252864
2026-05-14T11:47:52+01:00,rpc-worker,67608300,366,541899,1136186230,9370,0,22393,0,32911424,18292736,14618688,6409024,16252864,16252864
2026-05-14T11:47:53+01:00,rpc-worker,67608302,366,541909,1136191127,9370,0,22393,0,32911424,18293952,14617472,6410240,16252864,16252864
2026-05-14T11:47:54+01:00,rpc-worker,67608306,366,541919,1136196019,9370,0,22395,0,32911424,18294976,14616448,6411264,16252864,16252864
2026-05-14T11:47:55+01:00,rpc-worker,67608308,366,541931,1136200916,9370,0,22396,0,32911424,18296064,14615360,6412352,16252864,16252864
2026-05-14T11:47:56+01:00,rpc-worker,67608309,366,541946,1136205811,9370,0,22396,0,32911424,18296256,14615168,6412544,16252864,16252864
2026-05-14T11:47:57+01:00,rpc-worker,67608310,366,541959,1136210705,9370,0,22396,0,32911424,18297088,14614336,6413376,16252864,16252864
2026-05-14T11:47:58+01:00,rpc-worker,67608312,366,541969,1136215597,9370,0,22396,0,32911424,18294208,14617216,6410496,16252864,16252864
2026-05-14T11:47:59+01:00,rpc-worker,67608317,366,541977,1136220489,9370,0,22396,0,32911424,18294016,14617408,6410304,16252864,16252864
2026-05-14T11:48:00+01:00,rpc-worker,67608321,366,541984,1136225386,9370,0,22396,0,32911424,18295104,14616320,6411392,16252864,16252864
2026-05-14T11:48:01+01:00,rpc-worker,67608321,366,541991,1136230285,9370,0,22396,0,32911424,18296832,14614592,6413120,16252864,16252864
2026-05-14T11:48:02+01:00,rpc-worker,67608325,366,542000,1136235177,9370,0,22396,0,32911424,18296448,14614976,6412736,16252864,16252864
2026-05-14T11:48:03+01:00,rpc-worker,67608335,366,542005,1136240069,9370,0,22396,0,32911424,18296000,14615424,6412288,16252864,16252864
2026-05-14T11:48:04+01:00,rpc-worker,67608337,366,542017,1136244962,9370,0,22396,0,32911424,18297920,14613504,6414208,16252864,16252864
2026-05-14T11:48:05+01:00,rpc-worker,67608343,366,542026,1136249854,9370,0,22396,0,32911424,18298688,14612736,6414976,16252864,16252864
2026-05-14T11:48:06+01:00,rpc-worker,67608374,366,542038,1136254718,9370,0,22397,0,32911424,18297088,14614336,6413376,16252864,16252864
2026-05-14T11:48:07+01:00,rpc-worker,67608378,366,542047,1136259613,9370,0,22397,0,32911424,18298816,14612608,6415104,16252864,16252864
2026-05-14T11:48:08+01:00,rpc-worker,67608382,366,542054,1136264509,9370,0,22397,0,32911424,18295488,14615936,6411776,16252864,16252864
2026-05-14T11:48:09+01:00,rpc-worker,67608386,366,542063,1136269406,9370,0,22397,0,32911424,18297792,14613632,6414080,16252864,16252864
2026-05-14T11:48:10+01:00,rpc-worker,67608389,366,542073,1136274303,9370,0,22397,0,32911424,18295104,14616320,6411392,16252864,16252864
2026-05-14T11:48:11+01:00,rpc-worker,67608394,366,542085,1136279201,9370,0,22397,0,32911424,18297152,14614272,6413440,16252864,16252864
2026-05-14T11:48:12+01:00,rpc-worker,67608398,366,542094,1136284097,9370,0,22397,0,32911424,18295808,14615616,6412096,16252864,16252864
2026-05-14T11:48:13+01:00,rpc-worker,67608401,366,542102,1136288999,9370,0,22397,0,32911424,18295232,14616192,6411520,16252864,16252864
2026-05-14T11:48:14+01:00,rpc-worker,67608402,366,542104,1136293902,9370,0,22398,0,32911424,18295744,14615680,6412032,16252864,16252864
2026-05-14T11:48:15+01:00,rpc-worker,67608408,366,542112,1136298799,9370,0,22400,0,32911424,18297472,14613952,6413760,16252864,16252864
2026-05-14T11:48:16+01:00,rpc-worker,67608409,366,542122,1136303690,9370,0,22402,0,32911424,18297280,14614144,6413568,16252864,16252864
2026-05-14T11:48:17+01:00,rpc-worker,67608413,366,542130,1136308583,9370,0,22403,0,32911424,18297088,14614336,6413376,16252864,16252864
2026-05-14T11:48:18+01:00,rpc-worker,67608415,366,542142,1136313474,9370,0,22403,0,32911424,18297664,14613760,6413952,16252864,16252864
2026-05-14T11:48:19+01:00,rpc-worker,67608419,366,542149,1136318368,9370,0,22403,0,32911424,18295552,14615872,6411840,16252864,16252864
2026-05-14T11:48:20+01:00,rpc-worker,67608425,366,542157,1136323263,9370,0,22403,0,32911424,18296704,14614720,6412992,16252864,16252864
2026-05-14T11:48:21+01:00,rpc-worker,67608449,366,542174,1136328134,9370,0,22403,0,32911424,18297792,14613632,6414080,16252864,16252864
2026-05-14T11:48:22+01:00,rpc-worker,67608453,366,542183,1136333029,9370,0,22403,0,32911424,18298624,14612800,6414912,16252864,16252864
2026-05-14T11:48:23+01:00,rpc-worker,67608456,366,542193,1136337924,9370,0,22403,0,32911424,18297984,14613440,6414272,16252864,16252864
2026-05-14T11:48:24+01:00,rpc-worker,67608457,366,542207,1136342818,9370,0,22403,0,32911424,18300224,14611200,6416512,16252864,16252864
2026-05-14T11:48:26+01:00,rpc-worker,67608462,366,542214,1136347710,9370,0,22403,0,32911424,18301440,14609984,6417728,16252864,16252864
2026-05-14T11:48:27+01:00,rpc-worker,67608466,366,542226,1136352603,9370,0,22404,0,32911424,18298816,14612608,6415104,16252864,16252864
2026-05-14T11:48:28+01:00,rpc-worker,67608466,366,542230,1136357502,9370,0,22404,0,32911424,18299392,14612032,6415680,16252864,16252864
2026-05-14T11:48:29+01:00,rpc-worker,67608469,366,542240,1136362399,9370,0,22404,0,32911424,18299200,14612224,6415488,16252864,16252864
2026-05-14T11:48:30+01:00,rpc-worker,67608473,366,542250,1136367291,9370,0,22405,0,32911424,18300736,14610688,6417024,16252864,16252864
2026-05-14T11:48:31+01:00,rpc-worker,67608478,366,542259,1136372182,9370,0,22405,0,32911424,18300352,14611072,6416640,16252864,16252864
2026-05-14T11:48:32+01:00,rpc-worker,67608482,366,542267,1136377075,9370,0,22405,0,32911424,18300352,14611072,6416640,16252864,16252864
2026-05-14T11:48:33+01:00,rpc-worker,67608482,366,542278,1136381970,9370,0,22405,0,32911424,18299776,14611648,6416064,16252864,16252864
2026-05-14T11:48:34+01:00,rpc-worker,67608487,366,542289,1136386866,9370,0,22405,0,32911424,18300352,14611072,6416640,16252864,16252864
2026-05-14T11:48:35+01:00,rpc-worker,67608493,366,542294,1136391764,9370,0,22406,0,32911424,18301312,14610112,6417600,16252864,16252864
2026-05-14T11:48:36+01:00,rpc-worker,67608503,366,542322,1136396624,9370,0,22406,0,32911424,18302272,14609152,6418560,16252864,16252864
2026-05-14T11:48:37+01:00,rpc-worker,67608506,366,542333,1136401521,9370,0,22407,0,32911424,18301888,14609536,6418176,16252864,16252864
2026-05-14T11:48:38+01:00,rpc-worker,67608510,366,542341,1136406415,9370,0,22407,0,32911424,18301504,14609920,6417792,16252864,16252864
2026-05-14T11:48:39+01:00,rpc-worker,67608512,366,542353,1136411307,9370,0,22407,0,32911424,18300672,14610752,6416960,16252864,16252864
2026-05-14T11:48:40+01:00,rpc-worker,67608513,366,542363,1136416197,9370,0,22407,0,32911424,18299968,14611456,6416256,16252864,16252864
2026-05-14T11:48:41+01:00,rpc-worker,67608514,366,542371,1136421098,9370,0,22407,0,32911424,18299200,14612224,6415488,16252864,16252864
2026-05-14T11:48:42+01:00,rpc-worker,67608517,366,542375,1136426000,9370,0,22407,0,32911424,18303552,14607872,6419840,16252864,16252864
2026-05-14T11:48:43+01:00,rpc-worker,67608519,366,542387,1136430895,9370,0,22408,0,32911424,18302016,14609408,6418304,16252864,16252864
2026-05-14T11:48:44+01:00,rpc-worker,67608525,366,542396,1136435796,9370,0,22408,0,32911424,18303168,14608256,6419456,16252864,16252864
2026-05-14T11:48:45+01:00,rpc-worker,67608527,366,542408,1136440693,9370,0,22408,0,32911424,18302976,14608448,6419264,16252864,16252864
2026-05-14T11:48:46+01:00,rpc-worker,67608532,366,542413,1136445589,9370,0,22409,0,32911424,18303552,14607872,6419840,16252864,16252864
2026-05-14T11:48:47+01:00,rpc-worker,67608535,366,542426,1136450487,9370,0,22410,0,32911424,18301824,14609600,6418112,16252864,16252864
2026-05-14T11:48:48+01:00,rpc-worker,67608539,366,542434,1136455390,9370,0,22410,0,32911424,18302784,14608640,6419072,16252864,16252864
2026-05-14T11:48:49+01:00,rpc-worker,67608544,366,542440,1136460288,9370,0,22410,0,32911424,18301632,14609792,6417920,16252864,16252864
2026-05-14T11:48:50+01:00,rpc-worker,67608547,366,542451,1136465185,9370,0,22410,0,32911424,18302528,14608896,6418816,16252864,16252864
2026-05-14T11:48:51+01:00,rpc-worker,67608574,366,542463,1136470052,9370,0,22410,0,32911424,18304448,14606976,6420736,16252864,16252864
2026-05-14T11:48:52+01:00,rpc-worker,67608577,366,542475,1136474949,9370,0,22411,0,32911424,18302912,14608512,6419200,16252864,16252864
2026-05-14T11:48:53+01:00,rpc-worker,67608582,366,542482,1136479842,9370,0,22411,0,32911424,18298688,14612736,6414976,16252864,16252864
2026-05-14T11:48:54+01:00,rpc-worker,67608583,366,542490,1136484741,9370,0,22411,0,32911424,18301632,14609792,6417920,16252864,16252864
2026-05-14T11:48:55+01:00,rpc-worker,67608583,366,542495,1136489642,9370,0,22412,0,32911424,18302464,14608960,6418752,16252864,16252864
2026-05-14T11:48:56+01:00,rpc-worker,67608586,366,542510,1136494537,9370,0,22412,0,32911424,18302848,14608576,6419136,16252864,16252864
2026-05-14T11:48:57+01:00,rpc-worker,67608588,366,542521,1136499431,9370,0,22412,0,32911424,18301312,14610112,6417600,16252864,16252864
2026-05-14T11:48:58+01:00,rpc-worker,67608590,366,542531,1136504324,9370,0,22412,0,32911424,18302528,14608896,6418816,16252864,16252864
2026-05-14T11:48:59+01:00,rpc-worker,67608594,366,542539,1136509218,9370,0,22412,0,32911424,18302336,14609088,6418624,16252864,16252864
2026-05-14T11:49:00+01:00,rpc-worker,67608595,366,542552,1136514114,9370,0,22412,0,32911424,18305792,14605632,6422080,16252864,16252864
2026-05-14T11:49:01+01:00,rpc-worker,67608596,366,542566,1136519009,9370,0,22412,0,32911424,18301376,14610048,6417664,16252864,16252864
2026-05-14T11:49:02+01:00,rpc-worker,67608599,366,542574,1136523905,9370,0,22413,0,32911424,18302400,14609024,6418688,16252864,16252864
2026-05-14T11:49:03+01:00,rpc-worker,67608603,366,542582,1136528800,9370,0,22414,0,32911424,18301632,14609792,6417920,16252864,16252864
2026-05-14T11:49:04+01:00,rpc-worker,67608606,366,542591,1136533694,9370,0,22414,0,32911424,18303552,14607872,6419840,16252864,16252864
2026-05-14T11:49:05+01:00,rpc-worker,67608610,366,542599,1136538586,9370,0,22414,0,32911424,18304320,14607104,6420608,16252864,16252864
2026-05-14T11:49:06+01:00,rpc-worker,67608662,366,542617,1136543445,9370,0,22414,0,32911424,18304064,14607360,6420352,16252864,16252864
2026-05-14T11:49:07+01:00,rpc-worker,67608667,366,542627,1136548337,9370,0,22414,0,32911424,18303552,14607872,6419840,16252864,16252864
2026-05-14T11:49:08+01:00,rpc-worker,67608669,366,542630,1136553238,9370,0,22414,0,32911424,18306048,14605376,6422336,16252864,16252864
2026-05-14T11:49:10+01:00,rpc-worker,67608672,366,542640,1136558133,9370,0,22414,0,32911424,18306624,14604800,6422912,16252864,16252864
2026-05-14T11:49:11+01:00,rpc-worker,67608674,366,542651,1136563025,9370,0,22414,0,32911424,18305664,14605760,6421952,16252864,16252864
2026-05-14T11:49:12+01:00,rpc-worker,67608680,366,542660,1136567918,9370,0,22414,0,32911424,18305856,14605568,6422144,16252864,16252864
2026-05-14T11:49:13+01:00,rpc-worker,67608685,366,542669,1136572815,9370,0,22414,0,32911424,18304896,14606528,6421184,16252864,16252864
2026-05-14T11:49:14+01:00,rpc-worker,67608693,366,542678,1136577709,9370,0,22414,0,32911424,18306752,14604672,6423040,16252864,16252864
2026-05-14T11:49:15+01:00,rpc-worker,67608699,366,542691,1136582758,9370,0,22415,0,32911424,18299648,14611776,6415936,16252864,16252864
2026-05-14T11:49:16+01:00,rpc-worker,67608700,366,542702,1136587653,9370,0,22415,0,32911424,18306368,14605056,6422592,16252864,16252864
2026-05-14T11:49:17+01:00,rpc-worker,67608703,366,542712,1136592548,9370,0,22415,0,32911424,18305216,14606208,6421440,16252864,16252864
2026-05-14T11:49:18+01:00,rpc-worker,67608706,366,542724,1136597441,9370,0,22415,0,32911424,18306752,14604672,6422976,16252864,16252864
2026-05-14T11:49:19+01:00,rpc-worker,67608714,366,542732,1136602332,9370,0,22416,0,32911424,18305984,14605440,6422208,16252864,16252864
2026-05-14T11:49:20+01:00,rpc-worker,67608715,366,542743,1136607223,9370,0,22418,0,32911424,18307328,14604096,6423552,16252864,16252864
2026-05-14T11:49:21+01:00,rpc-worker,67608762,366,542768,1136612084,9370,0,22418,0,32911424,18304128,14607296,6420288,16252864,16252864
2026-05-14T11:49:22+01:00,rpc-worker,67608764,366,542775,1136616983,9370,0,22420,0,32911424,18307776,14603648,6423936,16252864,16252864
2026-05-14T11:49:23+01:00,rpc-worker,67608768,366,542780,1136621880,9370,0,22420,0,32911424,18306432,14604992,6422592,16252864,16252864
2026-05-14T11:49:24+01:00,rpc-worker,67608771,366,542788,1136626774,9370,0,22420,0,32911424,18308160,14603264,6424320,16252864,16252864
2026-05-14T11:49:25+01:00,rpc-worker,67608776,366,542796,1136631668,9370,0,22420,0,32911424,18306240,14605184,6422400,16252864,16252864
2026-05-14T11:49:26+01:00,rpc-worker,67608781,366,542803,1136636563,9370,0,22420,0,32911424,18308544,14602880,6424704,16252864,16252864
2026-05-14T11:49:27+01:00,rpc-worker,67608785,366,542812,1136641459,9370,0,22420,0,32911424,18308352,14603072,6424512,16252864,16252864
2026-05-14T11:49:28+01:00,rpc-worker,67608787,366,542829,1136646372,9370,0,22420,0,32911424,18308800,14602624,6425024,16252864,16252864
2026-05-14T11:49:29+01:00,rpc-worker,67608791,366,542839,1136651268,9370,0,22420,0,32911424,18308032,14603392,6424256,16252864,16252864
2026-05-14T11:49:30+01:00,rpc-worker,67608795,366,542852,1136656167,9370,0,22420,0,32911424,18308224,14603200,6424448,16252864,16252864
2026-05-14T11:49:31+01:00,rpc-worker,67608799,366,542862,1136661067,9370,0,22420,0,32911424,18307456,14603968,6423680,16252864,16252864
2026-05-14T11:49:32+01:00,rpc-worker,67608802,366,542871,1136665960,9370,0,22421,0,32911424,18308800,14602624,6425024,16252864,16252864
2026-05-14T11:49:33+01:00,rpc-worker,67608805,366,542882,1136670851,9370,0,22421,0,32911424,18307648,14603776,6423872,16252864,16252864
2026-05-14T11:49:34+01:00,rpc-worker,67608809,366,542892,1136675743,9370,0,22421,0,32911424,18305920,14605504,6422144,16252864,16252864
2026-05-14T11:49:35+01:00,rpc-worker,67608812,366,542900,1136680639,9370,0,22423,0,32911424,18307264,14604160,6423488,16252864,16252864
2026-05-14T11:49:36+01:00,rpc-worker,67608858,366,542916,1136685503,9370,0,22423,0,32911424,18308672,14602752,6424832,16252864,16252864
2026-05-14T11:49:37+01:00,rpc-worker,67608862,366,542923,1136690395,9370,0,22423,0,32911424,18306752,14604672,6422912,16252864,16252864
2026-05-14T11:49:38+01:00,rpc-worker,67608867,366,542930,1136695287,9370,0,22423,0,32911424,18308672,14602752,6424832,16252864,16252864
2026-05-14T11:49:39+01:00,rpc-worker,67608871,366,542937,1136700182,9370,0,22424,0,32911424,18306368,14605056,6422528,16252864,16252864
2026-05-14T11:49:40+01:00,rpc-worker,67608874,366,542946,1136705079,9370,0,22425,0,32911424,18308352,14603072,6424512,16252864,16252864
2026-05-14T11:49:41+01:00,rpc-worker,67608879,366,542955,1136709972,9370,0,22425,0,32911424,18307968,14603456,6424128,16252864,16252864
2026-05-14T11:49:42+01:00,rpc-worker,67608881,366,542966,1136714866,9370,0,22425,0,32911424,18306368,14605056,6422528,16252864,16252864
2026-05-14T11:49:43+01:00,rpc-worker,67608885,366,542975,1136719762,9370,0,22425,0,32911424,18308096,14603328,6424256,16252864,16252864
2026-05-14T11:49:44+01:00,rpc-worker,67608888,366,542986,1136724655,9370,0,22425,0,32911424,18307328,14604096,6423488,16252864,16252864
2026-05-14T11:49:45+01:00,rpc-worker,67608890,366,542997,1136729546,9370,0,22425,0,32911424,18308416,14603008,6424448,16252864,16252864
2026-05-14T11:49:46+01:00,rpc-worker,67608891,366,543009,1136734437,9370,0,22426,0,32911424,18307648,14603776,6423680,16252864,16252864
2026-05-14T11:49:47+01:00,rpc-worker,67608894,366,543020,1136739329,9370,0,22427,0,32911424,18306304,14605120,6422336,16252864,16252864
2026-05-14T11:49:48+01:00,rpc-worker,67608896,366,543026,1136744224,9370,0,22427,0,32911424,18306688,14604736,6422720,16252864,16252864
2026-05-14T11:49:49+01:00,rpc-worker,67608898,366,543030,1136749124,9370,0,22428,0,32911424,18308864,14602560,6424896,16252864,16252864
2026-05-14T11:49:50+01:00,rpc-worker,67608902,366,543041,1136754015,9370,0,22428,0,32911424,18308480,14602944,6424512,16252864,16252864
2026-05-14T11:49:51+01:00,rpc-worker,67608951,366,543057,1136758876,9370,0,22428,0,32911424,18311744,14599680,6427776,16252864,16252864
2026-05-14T11:49:52+01:00,rpc-worker,67608953,366,543069,1136763776,9370,0,22428,0,32911424,18308480,14602944,6424512,16252864,16252864
2026-05-14T11:49:54+01:00,rpc-worker,67608956,366,543080,1136768680,9370,0,22428,0,32911424,18310464,14600960,6426496,16252864,16252864
2026-05-14T11:49:55+01:00,rpc-worker,67608959,366,543093,1136773578,9370,0,22428,0,32911424,18308736,14602688,6424768,16252864,16252864
2026-05-14T11:49:56+01:00,rpc-worker,67608962,366,543102,1136778476,9370,0,22428,0,32911424,18309568,14601856,6425600,16252864,16252864
2026-05-14T11:49:57+01:00,rpc-worker,67608967,366,543111,1136783372,9370,0,22428,0,32911424,18309952,14601472,6425984,16252864,16252864
2026-05-14T11:49:58+01:00,rpc-worker,67608972,366,543119,1136788269,9370,0,22428,0,32911424,18309376,14602048,6425408,16252864,16252864
2026-05-14T11:49:59+01:00,rpc-worker,67608973,366,543130,1136793163,9370,0,22428,0,32911424,18309184,14602240,6425216,16252864,16252864
2026-05-14T11:50:00+01:00,rpc-worker,67608977,366,543141,1136798057,9370,0,22428,0,32911424,18311104,14600320,6427136,16252864,16252864
2026-05-14T11:50:01+01:00,rpc-worker,67608980,366,543151,1136802952,9370,0,22428,0,32911424,18305344,14606080,6421376,16252864,16252864
2026-05-14T11:50:02+01:00,rpc-worker,67608984,366,543165,1136807847,9370,0,22428,0,32911424,18307264,14604160,6423296,16252864,16252864
2026-05-14T11:50:03+01:00,rpc-worker,67608985,366,543168,1136812750,9370,0,22428,0,32911424,18300864,14610560,6416960,16252864,16252864
2026-05-14T11:50:04+01:00,rpc-worker,67608986,366,543181,1136817648,9370,0,22429,0,32911424,18300672,14610752,6416768,16252864,16252864
2026-05-14T11:50:05+01:00,rpc-worker,67608989,366,543190,1136822541,9370,0,22429,0,32911424,18301056,14610368,6417152,16252864,16252864
2026-05-14T11:50:06+01:00,rpc-worker,67609022,366,543204,1136827400,9370,0,22429,0,32911424,18303680,14607744,6419712,16252864,16252864
2026-05-14T11:50:07+01:00,rpc-worker,67609026,366,543216,1136832295,9370,0,22429,0,32911424,18301376,14610048,6417408,16252864,16252864
2026-05-14T11:50:08+01:00,rpc-worker,67609029,366,543229,1136837192,9370,0,22429,0,32911424,18303552,14607872,6419584,16252864,16252864
2026-05-14T11:50:09+01:00,rpc-worker,67609031,366,543239,1136842088,9370,0,22429,0,32911424,18303040,14608384,6419072,16252864,16252864
2026-05-14T11:50:10+01:00,rpc-worker,67609036,366,543247,1136846982,9370,0,22429,0,32911424,18305280,14606144,6421312,16252864,16252864
2026-05-14T11:50:11+01:00,rpc-worker,67609039,366,543258,1136851877,9370,0,22429,0,32911424,18303168,14608256,6419200,16252864,16252864
2026-05-14T11:50:12+01:00,rpc-worker,67609041,366,543268,1136856771,9370,0,22430,0,32911424,18302976,14608448,6419008,16252864,16252864
2026-05-14T11:50:13+01:00,rpc-worker,67609043,366,543280,1136861663,9370,0,22430,0,32911424,18302592,14608832,6418624,16252864,16252864
2026-05-14T11:50:14+01:00,rpc-worker,67609044,366,543293,1136866553,9370,0,22430,0,32911424,18302080,14609344,6418112,16252864,16252864
2026-05-14T11:50:15+01:00,rpc-worker,67609047,366,543306,1136871448,9370,0,22430,0,32911424,18301120,14610304,6417152,16252864,16252864
2026-05-14T11:50:16+01:00,rpc-worker,67609049,366,543308,1136876350,9370,0,22430,0,32911424,18302080,14609344,6418112,16252864,16252864
2026-05-14T11:50:17+01:00,rpc-worker,67609050,366,543318,1136881244,9370,0,22430,0,32911424,18304512,14606912,6420544,16252864,16252864
2026-05-14T11:50:18+01:00,rpc-worker,67609054,366,543329,1136886140,9370,0,22430,0,32911424,18304896,14606528,6420928,16252864,16252864
2026-05-14T11:50:19+01:00,rpc-worker,67609058,366,543339,1136891033,9370,0,22430,0,32911424,18304320,14607104,6420352,16252864,16252864
2026-05-14T11:50:20+01:00,rpc-worker,67609061,366,543350,1136895928,9370,0,22430,0,32911424,18305216,14606208,6421248,16252864,16252864
2026-05-14T11:50:21+01:00,rpc-worker,67609111,366,543363,1136900784,9370,0,22430,0,32911424,18301824,14609600,6417856,16252864,16252864
2026-05-14T11:50:22+01:00,rpc-worker,67609114,366,543375,1136905678,9370,0,22430,0,32911424,18302400,14609024,6418432,16252864,16252864
2026-05-14T11:50:23+01:00,rpc-worker,67609117,366,543385,1136910574,9370,0,22430,0,32911424,18302208,14609216,6418240,16252864,16252864
2026-05-14T11:50:24+01:00,rpc-worker,67609120,366,543395,1136915467,9370,0,22430,0,32911424,18303872,14607552,6419904,16252864,16252864
2026-05-14T11:50:25+01:00,rpc-worker,67609124,366,543406,1136920360,9370,0,22430,0,32911424,18301952,14609472,6417984,16252864,16252864
2026-05-14T11:50:26+01:00,rpc-worker,67609128,366,543415,1136925252,9370,0,22430,0,32911424,18302080,14609344,6418112,16252864,16252864
2026-05-14T11:50:27+01:00,rpc-worker,67609131,366,543427,1136930144,9370,0,22430,0,32911424,18301120,14610304,6417152,16252864,16252864
2026-05-14T11:50:28+01:00,rpc-worker,67609134,366,543437,1136935037,9370,0,22431,0,32911424,18299584,14611840,6415616,16252864,16252864
2026-05-14T11:50:29+01:00,rpc-worker,67609138,366,543439,1136939937,9370,0,22431,0,32911424,18299968,14611456,6416000,16252864,16252864
2026-05-14T11:50:30+01:00,rpc-worker,67609141,366,543446,1136944833,9370,0,22431,0,32911424,18301376,14610048,6417408,16252864,16252864
2026-05-14T11:50:31+01:00,rpc-worker,67609144,366,543457,1136949727,9370,0,22431,0,32911424,18303040,14608384,6419072,16252864,16252864
2026-05-14T11:50:32+01:00,rpc-worker,67609146,366,543468,1136954622,9370,0,22431,0,32911424,18301952,14609472,6417984,16252864,16252864
2026-05-14T11:50:33+01:00,rpc-worker,67609148,366,543478,1136959518,9370,0,22431,0,32911424,18301632,14609792,6417664,16252864,16252864
2026-05-14T11:50:34+01:00,rpc-worker,67609150,366,543488,1136964414,9370,0,22431,0,32911424,18302656,14608768,6418688,16252864,16252864
2026-05-14T11:50:35+01:00,rpc-worker,67609163,366,543512,1136969305,9370,0,22432,0,32911424,18304320,14607104,6420352,16252864,16252864
2026-05-14T11:50:36+01:00,rpc-worker,67609177,366,543535,1136974178,9370,0,22432,0,32911424,18303424,14608000,6419456,16252864,16252864
2026-05-14T11:50:37+01:00,rpc-worker,67609178,366,543547,1136979072,9370,0,22432,0,32911424,18302464,14608960,6418496,16252864,16252864
2026-05-14T11:50:39+01:00,rpc-worker,67609182,366,543557,1136983964,9370,0,22432,0,32911424,18302912,14608512,6418944,16252864,16252864
2026-05-14T11:50:40+01:00,rpc-worker,67609186,366,543565,1136988856,9370,0,22433,0,32911424,18303808,14607616,6419840,16252864,16252864
2026-05-14T11:50:41+01:00,rpc-worker,67609189,366,543573,1136993749,9370,0,22433,0,32911424,18306880,14604544,6422912,16252864,16252864
2026-05-14T11:50:42+01:00,rpc-worker,67609191,366,543584,1136998642,9370,0,22433,0,32911424,18302720,14608704,6418752,16252864,16252864
2026-05-14T11:50:43+01:00,rpc-worker,67609193,366,543590,1137003542,9370,0,22434,0,32911424,18303232,14608192,6419264,16252864,16252864
2026-05-14T11:50:44+01:00,rpc-worker,67609196,366,543596,1137008439,9370,0,22435,0,32911424,18304192,14607232,6420224,16252864,16252864
2026-05-14T11:50:45+01:00,rpc-worker,67609198,366,543605,1137013332,9370,0,22436,0,32911424,18305152,14606272,6421184,16252864,16252864
2026-05-14T11:50:46+01:00,rpc-worker,67609199,366,543615,1137018225,9370,0,22436,0,32911424,18304192,14607232,6420224,16252864,16252864
2026-05-14T11:50:47+01:00,rpc-worker,67609202,366,543627,1137023120,9370,0,22437,0,32911424,18303808,14607616,6419840,16252864,16252864
2026-05-14T11:50:48+01:00,rpc-worker,67609205,366,543635,1137028015,9370,0,22437,0,32911424,18304896,14606528,6420928,16252864,16252864
2026-05-14T11:50:49+01:00,rpc-worker,67609205,366,543649,1137032911,9370,0,22437,0,32911424,18306048,14605376,6422080,16252864,16252864
2026-05-14T11:50:50+01:00,rpc-worker,67609208,366,543659,1137037805,9370,0,22438,0,32911424,18304128,14607296,6420160,16252864,16252864
2026-05-14T11:50:51+01:00,rpc-worker,67609268,366,543679,1137042663,9370,0,22439,0,32911424,18309696,14601728,6425728,16252864,16252864
2026-05-14T11:50:52+01:00,rpc-worker,67609273,366,543688,1137047558,9370,0,22439,0,32911424,18310144,14601280,6426112,16252864,16252864
2026-05-14T11:50:53+01:00,rpc-worker,67609277,366,543695,1137052451,9370,0,22439,0,32911424,18309824,14601600,6425792,16252864,16252864
2026-05-14T11:50:54+01:00,rpc-worker,67609280,366,543705,1137057343,9370,0,22440,0,32911424,18313216,14598208,6429184,16252864,16252864
2026-05-14T11:50:55+01:00,rpc-worker,67609284,366,543715,1137062235,9370,0,22440,0,32911424,18308608,14602816,6424576,16252864,16252864
2026-05-14T11:50:56+01:00,rpc-worker,67609287,366,543719,1137067132,9370,0,22441,0,32911424,18310720,14600704,6426688,16252864,16252864
2026-05-14T11:50:57+01:00,rpc-worker,67609289,366,543727,1137072031,9370,0,22441,0,32911424,18310336,14601088,6426304,16252864,16252864
2026-05-14T11:50:58+01:00,rpc-worker,67609290,366,543737,1137076924,9370,0,22441,0,32911424,18311744,14599680,6427712,16252864,16252864
2026-05-14T11:50:59+01:00,rpc-worker,67609296,366,543746,1137081819,9370,0,22441,0,32911424,18310976,14600448,6426944,16252864,16252864
2026-05-14T11:51:00+01:00,rpc-worker,67609300,366,543756,1137086714,9370,0,22441,0,32911424,18313280,14598144,6429248,16252864,16252864
2026-05-14T11:51:01+01:00,rpc-worker,67609303,366,543767,1137091610,9370,0,22441,0,32911424,18311360,14600064,6427328,16252864,16252864
2026-05-14T11:51:02+01:00,rpc-worker,67609307,366,543778,1137096506,9370,0,22441,0,32911424,18313280,14598144,6429248,16252864,16252864
2026-05-14T11:51:03+01:00,rpc-worker,67609310,366,543787,1137101403,9370,0,22441,0,32911424,18313280,14598144,6429248,16252864,16252864
2026-05-14T11:51:04+01:00,rpc-worker,67609311,366,543801,1137106299,9370,0,22441,0,32911424,18311936,14599488,6427904,16252864,16252864
2026-05-14T11:51:05+01:00,rpc-worker,67609316,366,543811,1137111191,9370,0,22441,0,32911424,18312704,14598720,6428672,16252864,16252864
2026-05-14T11:51:06+01:00,rpc-worker,67609342,366,543841,1137116051,9370,0,22441,0,32911424,18311360,14600064,6427328,16252864,16252864
2026-05-14T11:51:07+01:00,rpc-worker,67609345,366,543851,1137120945,9370,0,22442,0,32911424,18312128,14599296,6428096,16252864,16252864
2026-05-14T11:51:08+01:00,rpc-worker,67609349,366,543862,1137125830,9370,0,22442,0,32911424,18310912,14600512,6426880,16252864,16252864
2026-05-14T11:51:09+01:00,rpc-worker,67609351,366,543869,1137130730,9370,0,22444,0,32911424,18295936,14615488,6411904,16252864,16252864
2026-05-14T11:51:10+01:00,rpc-worker,67609352,366,543875,1137135632,9370,0,22445,0,32911424,18294784,14616640,6410752,16252864,16252864
2026-05-14T11:51:11+01:00,rpc-worker,67609357,366,543884,1137140529,9370,0,22445,0,32911424,18296704,14614720,6412672,16252864,16252864
2026-05-14T11:51:12+01:00,rpc-worker,67609358,366,543898,1137145425,9370,0,22445,0,32911424,18298304,14613120,6414272,16252864,16252864
2026-05-14T11:51:13+01:00,rpc-worker,67609362,366,543907,1137150321,9370,0,22446,0,32911424,18297728,14613696,6413696,16252864,16252864
2026-05-14T11:51:14+01:00,rpc-worker,67609367,366,543915,1137155217,9370,0,22446,0,32911424,18297920,14613504,6413888,16252864,16252864
2026-05-14T11:51:15+01:00,rpc-worker,67609370,366,543926,1137160113,9370,0,22446,0,32911424,18295616,14615808,6411584,16252864,16252864
2026-05-14T11:51:16+01:00,rpc-worker,67609370,366,543939,1137165003,9370,0,22447,0,32911424,18296768,14614656,6412736,16252864,16252864
2026-05-14T11:51:17+01:00,rpc-worker,67609373,366,543949,1137169896,9370,0,22447,0,32911424,18296768,14614656,6412736,16252864,16252864
2026-05-14T11:51:18+01:00,rpc-worker,67609375,366,543962,1137174789,9370,0,22447,0,32911424,18297920,14613504,6413888,16252864,16252864
2026-05-14T11:51:19+01:00,rpc-worker,67609378,366,543973,1137179683,9370,0,22447,0,32911424,18296960,14614464,6412928,16252864,16252864
2026-05-14T11:51:20+01:00,rpc-worker,67609397,366,543987,1137184570,9370,0,22447,0,32911424,18297792,14613632,6413760,16252864,16252864
2026-05-14T11:51:21+01:00,rpc-worker,67613514,366,543999,1137185333,9371,0,22448,0,32911424,18280320,14631104,6396288,16252864,16252864
2026-05-14T11:51:23+01:00,rpc-worker,67614840,366,544003,1137189176,9371,0,22448,0,32911424,18275776,14635648,6391680,16252864,16252864
2026-05-14T11:51:24+01:00,rpc-worker,67614842,366,544014,1137194071,9371,0,22448,0,32911424,18274432,14636992,6390272,16252864,16252864
2026-05-14T11:51:25+01:00,rpc-worker,67614843,366,544028,1137198964,9371,0,22449,0,32911424,18275840,14635584,6391680,16252864,16252864
2026-05-14T11:51:26+01:00,rpc-worker,67614846,366,544038,1137203856,9371,0,22450,0,32911424,18274880,14636544,6390720,16252864,16252864
2026-05-14T11:51:27+01:00,rpc-worker,67614848,366,544048,1137208749,9371,0,22450,0,32911424,18277568,14633856,6393344,16252864,16252864
2026-05-14T11:51:28+01:00,rpc-worker,67618649,366,544057,1137209946,9371,0,22450,0,32911424,18273984,14637440,6389760,16252864,16252864
2026-05-14T11:51:29+01:00,rpc-worker,67620254,366,544065,1137213525,9371,0,22450,0,32911424,18271232,14640192,6387008,16252864,16252864
2026-05-14T11:51:30+01:00,rpc-worker,67620258,366,544075,1137218416,9371,0,22450,0,32911424,18270976,14640448,6386752,16252864,16252864
2026-05-14T11:51:31+01:00,rpc-worker,67620263,366,544083,1137223306,9371,0,22450,0,32911424,18270400,14641024,6386176,16252864,16252864
2026-05-14T11:51:32+01:00,rpc-worker,67620264,366,544096,1137228199,9371,0,22451,0,32911424,18273088,14638336,6388864,16252864,16252864
2026-05-14T11:51:33+01:00,rpc-worker,67620272,366,544101,1137233090,9371,0,22452,0,32911424,18267328,14644096,6383104,16252864,16252864
2026-05-14T11:51:34+01:00,rpc-worker,67620273,366,544108,1137237990,9371,0,22452,0,32911424,18268800,14642624,6384576,16252864,16252864
2026-05-14T11:51:35+01:00,rpc-worker,67620275,366,544111,1137242889,9371,0,22452,0,32911424,18271680,14639744,6387456,16252864,16252864
2026-05-14T11:51:36+01:00,rpc-worker,67623432,366,544136,1137244806,9371,0,22452,0,32911424,18270976,14640448,6386752,16252864,16252864
2026-05-14T11:51:37+01:00,rpc-worker,67626897,366,544147,1137246389,9371,0,22453,0,32911424,18263552,14647872,6379264,16252864,16252864
2026-05-14T11:51:38+01:00,rpc-worker,67626900,366,544158,1137251282,9371,0,22453,0,32911424,18260352,14651072,6376064,16252864,16252864
2026-05-14T11:51:39+01:00,rpc-worker,67627543,366,544172,1137255573,9371,0,22454,0,32911424,18261824,14649600,6377536,16252864,16252864
2026-05-14T11:51:40+01:00,rpc-worker,67628375,366,544181,1137259691,9371,0,22455,0,32911424,18262784,14648640,6378496,16252864,16252864
2026-05-14T11:51:41+01:00,rpc-worker,67629161,366,544192,1137263869,9371,0,22455,0,32911424,18260288,14651136,6376000,16252864,16252864
2026-05-14T11:51:42+01:00,rpc-worker,67630082,366,544203,1137268056,9371,0,22456,0,32911424,18259072,14652352,6374784,16252864,16252864
2026-05-14T11:51:43+01:00,rpc-worker,67630637,366,544217,1137272277,9371,0,22456,0,32911424,18253504,14657920,6369152,16252864,16252864
2026-05-14T11:51:44+01:00,rpc-worker,67631466,366,544273,1137276498,9371,0,22457,0,32911424,18250688,14660736,6366336,16252864,16252864
2026-05-14T11:51:45+01:00,rpc-worker,67631650,366,544280,1137281282,9371,0,22458,0,32911424,18247104,14664320,6362560,16252864,16252864
2026-05-14T11:51:46+01:00,rpc-worker,67633159,366,544285,1137284687,9371,0,22458,0,32911424,18252160,14659264,6367488,16252864,16252864
2026-05-14T11:51:47+01:00,rpc-worker,67633620,366,544297,1137289096,9371,0,22462,0,32911424,18252544,14658880,6367872,16252864,16252864
2026-05-14T11:51:48+01:00,rpc-worker,67634543,366,544309,1137293210,9371,0,22462,0,32911424,18252992,14658432,6368320,16252864,16252864
2026-05-14T11:51:49+01:00,rpc-worker,67635325,366,544320,1137297403,9371,0,22463,0,32911424,18254848,14656576,6370176,16252864,16252864
2026-05-14T11:51:50+01:00,rpc-worker,67636016,366,544331,1137301627,9371,0,22464,0,32911424,18251328,14660096,6366656,16252864,16252864
2026-05-14T11:51:51+01:00,rpc-worker,67636908,366,544344,1137305697,9371,0,22464,0,32911424,18257152,14654272,6372480,16252864,16252864
2026-05-14T11:51:52+01:00,rpc-worker,67637646,366,544383,1137309911,9371,0,22464,0,32911424,18254720,14656704,6370048,16252864,16252864
2026-05-14T11:51:54+01:00,rpc-worker,67638568,366,544393,1137314123,9371,0,22465,0,32911424,18255040,14656384,6370368,16252864,16252864
2026-05-14T11:51:55+01:00,rpc-worker,67639212,366,544404,1137318342,9371,0,22466,0,32911424,18256064,14655360,6371392,16252864,16252864
2026-05-14T11:51:56+01:00,rpc-worker,67640089,366,544414,1137322503,9371,0,22466,0,32911424,18254592,14656832,6369920,16252864,16252864
2026-05-14T11:51:57+01:00,rpc-worker,67640735,366,544426,1137326717,9371,0,22467,0,32911424,18256704,14654720,6372032,16252864,16252864
2026-05-14T11:51:58+01:00,rpc-worker,67640738,366,544436,1137331610,9371,0,22468,0,32911424,18252736,14658688,6368064,16252864,16252864
2026-05-14T11:51:59+01:00,rpc-worker,67640741,366,544440,1137336508,9371,0,22468,0,32911424,18251008,14660416,6366336,16252864,16252864
2026-05-14T11:52:00+01:00,rpc-worker,67640742,366,544448,1137341405,9371,0,22468,0,32911424,18254080,14657344,6369408,16252864,16252864
2026-05-14T11:52:01+01:00,rpc-worker,67640743,366,544463,1137346297,9371,0,22468,0,32911424,18254848,14656576,6370176,16252864,16252864
2026-05-14T11:52:02+01:00,rpc-worker,67640750,366,544468,1137351192,9371,0,22468,0,32911424,18254848,14656576,6370176,16252864,16252864
2026-05-14T11:52:03+01:00,rpc-worker,67640753,366,544480,1137356083,9371,0,22468,0,32911424,18256128,14655296,6371456,16252864,16252864
2026-05-14T11:52:04+01:00,rpc-worker,67640757,366,544488,1137360974,9371,0,22468,0,32911424,18255616,14655808,6370944,16252864,16252864
2026-05-14T11:52:05+01:00,rpc-worker,67640764,366,544497,1137365867,9371,0,22468,0,32911424,18256256,14655168,6371584,16252864,16252864
2026-05-14T11:52:06+01:00,rpc-worker,67640792,366,544508,1137370732,9371,0,22469,0,32911424,18254464,14656960,6369792,16252864,16252864
2026-05-14T11:52:07+01:00,rpc-worker,67640797,366,544517,1137375626,9371,0,22469,0,32911424,18253184,14658240,6368512,16252864,16252864
2026-05-14T11:52:08+01:00,rpc-worker,67645103,366,544527,1137376424,9371,0,22470,0,32911424,18245376,14666048,6360704,16252864,16252864
2026-05-14T11:52:09+01:00,rpc-worker,67650069,366,544534,1137376809,9371,0,22470,0,32911424,18241664,14669760,6356992,16252864,16252864
2026-05-14T11:52:10+01:00,rpc-worker,67654119,366,544535,1137377842,9371,0,22470,0,32911424,18234432,14676992,6349760,16252864,16252864
2026-05-14T11:52:11+01:00,rpc-worker,67654121,366,544548,1137382745,9371,0,22471,0,32911424,18233280,14678144,6348608,16252864,16252864
2026-05-14T11:52:12+01:00,rpc-worker,67654124,366,544560,1137387653,9371,0,22471,0,32911424,18234112,14677312,6349440,16252864,16252864
2026-05-14T11:52:13+01:00,rpc-worker,67654671,366,544578,1137392109,9371,0,22473,0,32911424,18237056,14674368,6352384,16252864,16252864
2026-05-14T11:52:14+01:00,rpc-worker,67655455,366,544590,1137396322,9371,0,22473,0,32911424,18237568,14673856,6352896,16252864,16252864
2026-05-14T11:52:15+01:00,rpc-worker,67656191,366,544604,1137400501,9371,0,22473,0,32911424,18234112,14677312,6349440,16252864,16252864
2026-05-14T11:52:16+01:00,rpc-worker,67656974,366,544615,1137404717,9371,0,22473,0,32911424,18237888,14673536,6353216,16252864,16252864
2026-05-14T11:52:17+01:00,rpc-worker,67657804,366,544627,1137408816,9371,0,22473,0,32911424,18234560,14676864,6349888,16252864,16252864
2026-05-14T11:52:18+01:00,rpc-worker,67658679,366,544637,1137412912,9371,0,22473,0,32911424,18234368,14677056,6349696,16252864,16252864
2026-05-14T11:52:19+01:00,rpc-worker,67659372,366,544649,1137417119,9371,0,22475,0,32911424,18231808,14679616,6347136,16252864,16252864
2026-05-14T11:52:20+01:00,rpc-worker,67660155,366,544662,1137421209,9371,0,22475,0,32911424,18234368,14677056,6349696,16252864,16252864
2026-05-14T11:52:21+01:00,rpc-worker,67660926,366,544681,1137425378,9371,0,22476,0,32911424,18231296,14680128,6346624,16252864,16252864
2026-05-14T11:52:22+01:00,rpc-worker,67661568,366,544688,1137429594,9371,0,22477,0,32911424,18236672,14674752,6352000,16252864,16252864
2026-05-14T11:52:23+01:00,rpc-worker,67661896,366,544696,1137434138,9371,0,22477,0,32911424,18282496,14628928,6397824,16252864,16252864
