run_dir,prompt_id,category,trial,model,threads,ctx_size,max_tokens,status,error,quality_label,quality_score,quality_max_score,quality_notes,generated_text
measurements/1254633-track-a1-server-sweep-x86/concurrency/tq/model-1-mandatory/t_32_c_2048_p_16_n_128_k_turbo3_v_turbo3,mandatory_short_capital_france,short,1,,,,128,200,,good,1,1,all rubric checks passed,The capital of France is Paris.
measurements/1254633-track-a1-server-sweep-x86/concurrency/tq/model-1-mandatory/t_32_c_2048_p_16_n_128_k_turbo3_v_turbo3,mandatory_short_capital_france,short,2,,,,128,200,,good,1,1,all rubric checks passed,The capital of France is Paris.
measurements/1254633-track-a1-server-sweep-x86/concurrency/tq/model-1-mandatory/t_32_c_2048_p_16_n_128_k_turbo3_v_turbo3,mandatory_short_capital_france,short,3,,,,128,200,,good,1,1,all rubric checks passed,The capital of France is Paris.
measurements/1254633-track-a1-server-sweep-x86/concurrency/tq/model-1-mandatory/t_32_c_2048_p_16_n_128_k_turbo3_v_turbo3,mandatory_long_transformer_cpu,long,2,,,,128,200,,weak,2,4,missing: mentions quantisation; explains quantisation benefit,"Based on the context provided, the main challenges when running large transformer models on CPU-only systems are:

1. **Large Memory Footprint**: Transformer models require significant memory to store the model's weights, input sequences, and intermediate results. CPUs typically have limited memory compared to GPUs, which can lead to memory constraints and slow performance.
2. **Repeated Loading of Weights**: During the decoding phase,"
measurements/1254633-track-a1-server-sweep-x86/concurrency/tq/model-1-mandatory/t_32_c_2048_p_16_n_128_k_turbo3_v_turbo3,mandatory_long_transformer_cpu,long,1,,,,128,200,,weak,2,4,missing: mentions quantisation; explains quantisation benefit,"Based on the context provided, the main challenges when running large transformer models on CPU-only systems are:

1. **Large Memory Footprint**: Transformer models require a significant amount of memory to store the model's weights, input sequences, and intermediate results. This can be a challenge for CPU-only systems, which often have limited memory resources.

2. **Repeated Loading of Weights**: During the decoding phase"
measurements/1254633-track-a1-server-sweep-x86/concurrency/tq/model-1-mandatory/t_32_c_2048_p_16_n_128_k_turbo3_v_turbo3,mandatory_medium_ml_vs_dl,medium,1,,,,128,200,,acceptable,3,4,missing: gives or signals examples,"**Machine Learning (ML) vs Deep Learning (DL)**

Machine Learning and Deep Learning are both subfields of Artificial Intelligence (AI) that enable computers to learn from data without being explicitly programmed. While they share some similarities, there are key differences between them.

### Key Differences:

1.  **Complexity**: Deep Learning models are more complex and have multiple layers, whereas Machine Learning models are simpler and have fewer layers.
2.  **Data Requirements**: Deep Learning requires a large amount of data to train the models, whereas Machine Learning can work with smaller datasets.
3.  **Training Time**: Deep Learning models take longer to"
measurements/1254633-track-a1-server-sweep-x86/concurrency/tq/model-1-mandatory/t_32_c_2048_p_16_n_128_k_turbo3_v_turbo3,mandatory_medium_ml_vs_dl,medium,2,,,,128,200,,acceptable,3,4,missing: gives or signals examples,"**Machine Learning (ML) vs Deep Learning (DL)**

Machine Learning and Deep Learning are both subfields of Artificial Intelligence (AI) that deal with developing algorithms to enable computers to learn from data and make predictions or decisions. However, they differ in their approach, complexity, and application.

**Key differences:**

1. **Complexity:** Machine Learning algorithms are typically simpler and more interpretable, whereas Deep Learning models are more complex and less interpretable.
2. **Data requirements:** Machine Learning requires a large amount of labeled data, whereas Deep Learning can work with smaller datasets and even unlabeled data.
3. **Model architecture"
measurements/1254633-track-a1-server-sweep-x86/concurrency/tq/model-1-mandatory/t_32_c_2048_p_16_n_128_k_turbo3_v_turbo3,mandatory_medium_ml_vs_dl,medium,3,,,,128,200,,acceptable,3,4,missing: gives or signals examples,"**Machine Learning (ML) vs Deep Learning (DL): Key Differences**

Machine Learning and Deep Learning are both subfields of Artificial Intelligence (AI) that enable computers to learn from data and make predictions or decisions. While they share some similarities, there are key differences between the two:

1.  **Complexity**: Deep Learning models are more complex and have many layers, whereas Machine Learning models are relatively simple and have fewer layers.
2.  **Data Requirements**: Deep Learning requires a large amount of data to train the models, whereas Machine Learning can work with smaller datasets.
3.  **Training Time**: Deep Learning models take longer"
measurements/1254633-track-a1-server-sweep-x86/concurrency/tq/model-1-mandatory/t_32_c_2048_p_16_n_128_k_turbo3_v_turbo3,mandatory_long_transformer_cpu,long,3,,,,128,200,,weak,2,4,missing: mentions quantisation; explains quantisation benefit,"Based on the context provided, the main challenges when running large transformer models on CPU-only systems are:

1. **Large memory footprint**: Transformer models require a significant amount of memory to store their weights and activations. This can lead to memory overflow on systems with limited RAM, making it difficult to run large models on CPU-only systems.

2. **Repeated loading of weights during the decoding phase**: During the"
measurements/1254633-track-a1-server-sweep-x86/concurrency/tq/model-1-mandatory/t_32_c_2048_p_16_n_128_k_turbo4_v_turbo4,mandatory_short_capital_france,short,1,,,,128,200,,good,1,1,all rubric checks passed,The capital of France is Paris.
measurements/1254633-track-a1-server-sweep-x86/concurrency/tq/model-1-mandatory/t_32_c_2048_p_16_n_128_k_turbo4_v_turbo4,mandatory_short_capital_france,short,2,,,,128,200,,good,1,1,all rubric checks passed,The capital of France is Paris.
measurements/1254633-track-a1-server-sweep-x86/concurrency/tq/model-1-mandatory/t_32_c_2048_p_16_n_128_k_turbo4_v_turbo4,mandatory_short_capital_france,short,3,,,,128,200,,good,1,1,all rubric checks passed,The capital of France is Paris.
measurements/1254633-track-a1-server-sweep-x86/concurrency/tq/model-1-mandatory/t_32_c_2048_p_16_n_128_k_turbo4_v_turbo4,mandatory_long_transformer_cpu,long,2,,,,128,200,,weak,2,4,missing: mentions quantisation; explains quantisation benefit,"Based on the context provided, the main challenges when running large transformer models on CPU-only systems are:

1. **Large Memory Footprint**: Transformer models require a significant amount of memory to store their weights and activations, which can be a challenge for CPU-only systems with limited memory.
2. **Repeated Loading of Weights**: During the decoding phase, the model's weights need to be loaded repeatedly,"
measurements/1254633-track-a1-server-sweep-x86/concurrency/tq/model-1-mandatory/t_32_c_2048_p_16_n_128_k_turbo4_v_turbo4,mandatory_long_transformer_cpu,long,1,,,,128,200,,weak,2,4,missing: mentions quantisation; explains quantisation benefit,"Based on the context provided, the main challenges when running large transformer models on CPU-only systems are:

1. **Large Memory Footprint**: Transformer models require a significant amount of memory to store their weights, which can be a challenge for CPU-only systems with limited memory resources.

2. **Repeated Loading of Weights**: During the decoding phase, the model's weights need to be loaded repeatedly, which"
measurements/1254633-track-a1-server-sweep-x86/concurrency/tq/model-1-mandatory/t_32_c_2048_p_16_n_128_k_turbo4_v_turbo4,mandatory_medium_ml_vs_dl,medium,2,,,,128,200,,good,4,4,all rubric checks passed,"**Machine Learning (ML) vs Deep Learning (DL)**

Machine Learning and Deep Learning are both subfields of Artificial Intelligence (AI) that enable computers to learn from data and make predictions or decisions. While they share some similarities, there are key differences between the two:

**Machine Learning (ML)**

* Focuses on using algorithms to analyze data and make predictions or decisions.
* Typically uses shallow models with a small number of layers (e.g., decision trees, random forests, support vector machines).
* Can handle structured data (e.g., tables, spreadsheets).
* Often uses supervised learning, where the model is trained on"
measurements/1254633-track-a1-server-sweep-x86/concurrency/tq/model-1-mandatory/t_32_c_2048_p_16_n_128_k_turbo4_v_turbo4,mandatory_medium_ml_vs_dl,medium,1,,,,128,200,,good,4,4,all rubric checks passed,"**Machine Learning (ML) vs Deep Learning (DL)**

Machine Learning and Deep Learning are both subfields of Artificial Intelligence (AI) that enable computers to learn from data and make predictions or decisions. While they share some similarities, there are key differences between the two:

**Machine Learning (ML)**

* Focuses on developing algorithms that can learn from data, but the complexity of the model is limited.
* Typically uses shallow models (1-2 hidden layers) and simple algorithms.
* Can be trained using a variety of techniques, including supervised, unsupervised, and reinforcement learning.
* Examples of ML applications include:
	"
measurements/1254633-track-a1-server-sweep-x86/concurrency/tq/model-1-mandatory/t_32_c_2048_p_16_n_128_k_turbo4_v_turbo4,mandatory_medium_ml_vs_dl,medium,3,,,,128,200,,good,4,4,all rubric checks passed,"**Machine Learning (ML) vs Deep Learning (DL)**

Machine Learning and Deep Learning are both subfields of Artificial Intelligence (AI) that enable computers to learn from data and make predictions or decisions. While they share some similarities, there are key differences between the two:

**Machine Learning (ML)**

* Focuses on using algorithms to learn from data and make predictions or decisions.
* Typically uses shallow models, such as decision trees, random forests, or support vector machines.
* Can be trained using a variety of algorithms, including supervised, unsupervised, and reinforcement learning.
* Often requires feature engineering, where the data is"
measurements/1254633-track-a1-server-sweep-x86/concurrency/tq/model-1-mandatory/t_32_c_2048_p_16_n_128_k_turbo4_v_turbo4,mandatory_long_transformer_cpu,long,3,,,,128,200,,weak,2,4,missing: mentions quantisation; explains quantisation benefit,"Based on the context provided, the main challenges when running large transformer models on CPU-only systems are:

1. **Large Memory Footprint**: Transformer models require a significant amount of memory to store their weights, which can be a challenge for CPU-only systems with limited memory resources.

2. **Repeated Loading of Weights**: During the decoding phase, the model's weights need to be loaded repeatedly, which"
measurements/1254633-track-a1-server-sweep-x86/concurrency/tq/model-1-mandatory/t_32_c_2048_p_1_n_128_k_turbo3_v_turbo3,mandatory_short_capital_france,short,1,,,,128,200,,good,1,1,all rubric checks passed,The capital of France is Paris.
measurements/1254633-track-a1-server-sweep-x86/concurrency/tq/model-1-mandatory/t_32_c_2048_p_1_n_128_k_turbo3_v_turbo3,mandatory_medium_ml_vs_dl,medium,1,,,,128,200,,acceptable,3,4,missing: gives or signals examples,"**Machine Learning (ML) vs Deep Learning (DL)**

Machine Learning and Deep Learning are both subfields of Artificial Intelligence (AI) that deal with developing algorithms and statistical models to enable computers to perform tasks that typically require human intelligence. However, there are key differences between the two:

### Key Differences:

1. **Complexity**: Deep Learning models are more complex and have many layers, whereas Machine Learning models are relatively simple and have fewer layers.
2. **Data Requirements**: Deep Learning requires a large amount of data to train, whereas Machine Learning can work with smaller datasets.
3. **Model Architecture**: Deep Learning models use a"
measurements/1254633-track-a1-server-sweep-x86/concurrency/tq/model-1-mandatory/t_32_c_2048_p_1_n_128_k_turbo3_v_turbo3,mandatory_long_transformer_cpu,long,1,,,,128,200,,acceptable,3,4,missing: explains quantisation benefit,"Based on the context provided, the main challenges when running large transformer models on CPU-only systems are:

1. **Large memory footprint**: Transformer models require a significant amount of memory to store their weights, attention mechanisms, and input sequences. This can be a challenge for systems with limited memory, such as those with 32 GB or less of RAM.

2. **Repeated loading of weights during the decoding phase**: During inference, the model's weights need to be loaded repeatedly, which can lead to slow inference times and increased memory usage.

Quantization can help address these challenges in several ways:

1. **Reducing model size**: Quantization"
measurements/1254633-track-a1-server-sweep-x86/concurrency/tq/model-1-mandatory/t_32_c_2048_p_1_n_128_k_turbo3_v_turbo3,mandatory_short_capital_france,short,2,,,,128,200,,good,1,1,all rubric checks passed,The capital of France is Paris.
measurements/1254633-track-a1-server-sweep-x86/concurrency/tq/model-1-mandatory/t_32_c_2048_p_1_n_128_k_turbo3_v_turbo3,mandatory_medium_ml_vs_dl,medium,2,,,,128,200,,acceptable,3,4,missing: gives or signals examples,"**Machine Learning (ML) vs Deep Learning (DL)**

Machine Learning and Deep Learning are both subfields of Artificial Intelligence (AI) that deal with developing algorithms and statistical models to enable computers to perform tasks that typically require human intelligence. However, there are key differences between the two:

### Key Differences:

1. **Complexity**: Deep Learning models are more complex and have many layers, whereas Machine Learning models are relatively simple and have fewer layers.
2. **Data Requirements**: Deep Learning requires a large amount of data to train, whereas Machine Learning can work with smaller datasets.
3. **Model Architecture**: Deep Learning models use a"
measurements/1254633-track-a1-server-sweep-x86/concurrency/tq/model-1-mandatory/t_32_c_2048_p_1_n_128_k_turbo3_v_turbo3,mandatory_long_transformer_cpu,long,2,,,,128,200,,acceptable,3,4,missing: explains quantisation benefit,"Based on the context provided, the main challenges when running large transformer models on CPU-only systems are:

1. **Large memory footprint**: Transformer models require a significant amount of memory to store their weights, attention mechanisms, and input sequences. This can be a challenge for systems with limited memory, such as those with 32 GB or less of RAM.

2. **Repeated loading of weights during the decoding phase**: During inference, the model's weights need to be loaded repeatedly, which can lead to slow inference times and increased memory usage.

Quantization can help address these challenges in several ways:

1. **Reducing model size**: Quantization"
measurements/1254633-track-a1-server-sweep-x86/concurrency/tq/model-1-mandatory/t_32_c_2048_p_1_n_128_k_turbo3_v_turbo3,mandatory_short_capital_france,short,3,,,,128,200,,good,1,1,all rubric checks passed,The capital of France is Paris.
measurements/1254633-track-a1-server-sweep-x86/concurrency/tq/model-1-mandatory/t_32_c_2048_p_1_n_128_k_turbo3_v_turbo3,mandatory_medium_ml_vs_dl,medium,3,,,,128,200,,acceptable,3,4,missing: gives or signals examples,"**Machine Learning (ML) vs Deep Learning (DL)**

Machine Learning and Deep Learning are both subfields of Artificial Intelligence (AI) that deal with developing algorithms and statistical models to enable computers to perform tasks that typically require human intelligence. However, there are key differences between the two:

### Key Differences:

1. **Complexity**: Deep Learning models are more complex and have many layers, whereas Machine Learning models are relatively simple and have fewer layers.
2. **Data Requirements**: Deep Learning requires a large amount of data to train, whereas Machine Learning can work with smaller datasets.
3. **Model Architecture**: Deep Learning models use a"
measurements/1254633-track-a1-server-sweep-x86/concurrency/tq/model-1-mandatory/t_32_c_2048_p_1_n_128_k_turbo3_v_turbo3,mandatory_long_transformer_cpu,long,3,,,,128,200,,acceptable,3,4,missing: explains quantisation benefit,"Based on the context provided, the main challenges when running large transformer models on CPU-only systems are:

1. **Large memory footprint**: Transformer models require a significant amount of memory to store their weights, attention mechanisms, and input sequences. This can be a challenge for systems with limited memory, such as those with 32 GB or less of RAM.

2. **Repeated loading of weights during the decoding phase**: During inference, the model's weights need to be loaded repeatedly, which can lead to slow inference times and increased memory usage.

Quantization can help address these challenges in several ways:

1. **Reducing model size**: Quantization"
measurements/1254633-track-a1-server-sweep-x86/concurrency/tq/model-1-mandatory/t_32_c_2048_p_1_n_128_k_turbo4_v_turbo4,mandatory_short_capital_france,short,1,,,,128,200,,good,1,1,all rubric checks passed,The capital of France is Paris.
measurements/1254633-track-a1-server-sweep-x86/concurrency/tq/model-1-mandatory/t_32_c_2048_p_1_n_128_k_turbo4_v_turbo4,mandatory_medium_ml_vs_dl,medium,1,,,,128,200,,good,4,4,all rubric checks passed,"**Machine Learning (ML) vs Deep Learning (DL)**

Machine Learning and Deep Learning are both subfields of Artificial Intelligence (AI) that enable computers to learn from data and make predictions or decisions. While they share some similarities, there are key differences between the two:

**Machine Learning (ML)**

* Focuses on using algorithms to analyze and make predictions from data.
* Typically uses shallow models (few layers) and is often based on traditional statistical techniques.
* Can be used for a wide range of tasks, including classification, regression, clustering, and more.
* Requires a large amount of labeled data to train the model.
"
measurements/1254633-track-a1-server-sweep-x86/concurrency/tq/model-1-mandatory/t_32_c_2048_p_1_n_128_k_turbo4_v_turbo4,mandatory_long_transformer_cpu,long,1,,,,128,200,,acceptable,3,4,missing: explains quantisation benefit,"Based on the context provided, the main challenges when running large transformer models on CPU-only systems are:

1. **Large Memory Footprint**: Transformer models require a significant amount of memory to store their weights and activations. CPU-only systems often have limited memory, making it difficult to run large transformer models.

2. **Repeated Loading of Weights**: During the decoding phase, the model's weights need to be loaded repeatedly, which can be time-consuming and inefficient. This is because the weights are typically stored in memory, and loading them from disk or other storage can be a bottleneck.

Quantisation can help address these challenges in several ways:

1"
measurements/1254633-track-a1-server-sweep-x86/concurrency/tq/model-1-mandatory/t_32_c_2048_p_1_n_128_k_turbo4_v_turbo4,mandatory_short_capital_france,short,2,,,,128,200,,good,1,1,all rubric checks passed,The capital of France is Paris.
measurements/1254633-track-a1-server-sweep-x86/concurrency/tq/model-1-mandatory/t_32_c_2048_p_1_n_128_k_turbo4_v_turbo4,mandatory_medium_ml_vs_dl,medium,2,,,,128,200,,good,4,4,all rubric checks passed,"**Machine Learning (ML) vs Deep Learning (DL)**

Machine Learning and Deep Learning are both subfields of Artificial Intelligence (AI) that enable computers to learn from data and make predictions or decisions. While they share some similarities, there are key differences between the two:

**Machine Learning (ML)**

* Focuses on using algorithms to analyze and make predictions from data.
* Typically uses shallow models (few layers) and is often based on traditional statistical techniques.
* Can be used for a wide range of tasks, including classification, regression, clustering, and more.
* Requires a large amount of labeled data to train the model.
"
measurements/1254633-track-a1-server-sweep-x86/concurrency/tq/model-1-mandatory/t_32_c_2048_p_1_n_128_k_turbo4_v_turbo4,mandatory_long_transformer_cpu,long,2,,,,128,200,,acceptable,3,4,missing: explains quantisation benefit,"Based on the context provided, the main challenges when running large transformer models on CPU-only systems are:

1. **Large Memory Footprint**: Transformer models require a significant amount of memory to store their weights and activations. CPU-only systems often have limited memory, making it difficult to run large transformer models.

2. **Repeated Loading of Weights**: During the decoding phase, the model's weights need to be loaded repeatedly, which can be time-consuming and inefficient. This is because the weights are typically stored in memory, and loading them from disk or other storage can be a bottleneck.

Quantisation can help address these challenges in several ways:

1"
measurements/1254633-track-a1-server-sweep-x86/concurrency/tq/model-1-mandatory/t_32_c_2048_p_1_n_128_k_turbo4_v_turbo4,mandatory_short_capital_france,short,3,,,,128,200,,good,1,1,all rubric checks passed,The capital of France is Paris.
measurements/1254633-track-a1-server-sweep-x86/concurrency/tq/model-1-mandatory/t_32_c_2048_p_1_n_128_k_turbo4_v_turbo4,mandatory_medium_ml_vs_dl,medium,3,,,,128,200,,good,4,4,all rubric checks passed,"**Machine Learning (ML) vs Deep Learning (DL)**

Machine Learning and Deep Learning are both subfields of Artificial Intelligence (AI) that enable computers to learn from data and make predictions or decisions. While they share some similarities, there are key differences between the two:

**Machine Learning (ML)**

* Focuses on using algorithms to analyze and make predictions from data.
* Typically uses shallow models (few layers) and is often based on traditional statistical techniques.
* Can be used for a wide range of tasks, including classification, regression, clustering, and more.
* Requires a large amount of labeled data to train the model.
"
measurements/1254633-track-a1-server-sweep-x86/concurrency/tq/model-1-mandatory/t_32_c_2048_p_1_n_128_k_turbo4_v_turbo4,mandatory_long_transformer_cpu,long,3,,,,128,200,,acceptable,3,4,missing: explains quantisation benefit,"Based on the context provided, the main challenges when running large transformer models on CPU-only systems are:

1. **Large Memory Footprint**: Transformer models require a significant amount of memory to store their weights and activations. CPU-only systems often have limited memory, making it difficult to run large transformer models.

2. **Repeated Loading of Weights**: During the decoding phase, the model's weights need to be loaded repeatedly, which can be time-consuming and inefficient. This is because the weights are typically stored in memory, and loading them from disk or other storage can be a bottleneck.

Quantisation can help address these challenges in several ways:

1"
measurements/1254633-track-a1-server-sweep-x86/concurrency/tq/model-1-mandatory/t_32_c_2048_p_2_n_128_k_turbo4_v_turbo4,mandatory_short_capital_france,short,1,,,,128,200,,good,1,1,all rubric checks passed,The capital of France is Paris.
measurements/1254633-track-a1-server-sweep-x86/concurrency/tq/model-1-mandatory/t_32_c_2048_p_2_n_128_k_turbo4_v_turbo4,mandatory_medium_ml_vs_dl,medium,1,,,,128,200,,good,4,4,all rubric checks passed,"**Machine Learning (ML) vs Deep Learning (DL)**

Machine Learning and Deep Learning are both subfields of Artificial Intelligence (AI) that enable computers to learn from data and make predictions or decisions. While they share some similarities, there are key differences between the two:

**Machine Learning (ML)**

* Focuses on using algorithms to analyze and make predictions from data.
* Typically uses shallow models (few layers) and is often based on traditional statistical techniques.
* Can be used for a wide range of tasks, including classification, regression, clustering, and more.
* Requires a large amount of labeled data to train the model.
"
measurements/1254633-track-a1-server-sweep-x86/concurrency/tq/model-1-mandatory/t_32_c_2048_p_2_n_128_k_turbo4_v_turbo4,mandatory_long_transformer_cpu,long,1,,,,128,200,,acceptable,3,4,missing: explains quantisation benefit,"Based on the context provided, the main challenges when running large transformer models on CPU-only systems are:

1. **Large Memory Footprint**: Transformer models require a significant amount of memory to store their weights and activations. This can be a challenge for CPU-only systems, which typically have limited memory compared to GPUs.

2. **Repeated Loading of Weights**: During the decoding phase, the model's weights need to be loaded repeatedly, which can lead to slow inference times. This is because the weights need to be loaded from memory, processed, and then stored again, which can be an expensive operation.

Quantisation can help address these challenges in"
measurements/1254633-track-a1-server-sweep-x86/concurrency/tq/model-1-mandatory/t_32_c_2048_p_2_n_128_k_turbo4_v_turbo4,mandatory_short_capital_france,short,2,,,,128,200,,good,1,1,all rubric checks passed,The capital of France is Paris.
measurements/1254633-track-a1-server-sweep-x86/concurrency/tq/model-1-mandatory/t_32_c_2048_p_2_n_128_k_turbo4_v_turbo4,mandatory_medium_ml_vs_dl,medium,2,,,,128,200,,good,4,4,all rubric checks passed,"**Machine Learning (ML) vs Deep Learning (DL)**

Machine Learning and Deep Learning are both subfields of Artificial Intelligence (AI) that enable computers to learn from data and make predictions or decisions. While they share some similarities, there are key differences between the two:

**Machine Learning (ML)**

* Focuses on using algorithms to analyze and make predictions from data.
* Typically uses shallow models (few layers) and is often based on traditional statistical techniques.
* Can be used for a wide range of tasks, including classification, regression, clustering, and more.
* Requires a large amount of labeled data to train the model.
"
measurements/1254633-track-a1-server-sweep-x86/concurrency/tq/model-1-mandatory/t_32_c_2048_p_2_n_128_k_turbo4_v_turbo4,mandatory_long_transformer_cpu,long,2,,,,128,200,,acceptable,3,4,missing: explains quantisation benefit,"Based on the context provided, the main challenges when running large transformer models on CPU-only systems are:

1. **Large Memory Footprint**: Transformer models require a significant amount of memory to store their weights and activations. This can be a challenge for CPU-only systems, which typically have limited memory compared to GPUs.

2. **Repeated Loading of Weights**: During the decoding phase, the model's weights need to be loaded repeatedly, which can lead to slow inference times. This is because the weights need to be loaded from memory, processed, and then stored again, which can be an expensive operation.

Quantisation can help address these challenges in"
measurements/1254633-track-a1-server-sweep-x86/concurrency/tq/model-1-mandatory/t_32_c_2048_p_2_n_128_k_turbo4_v_turbo4,mandatory_short_capital_france,short,3,,,,128,200,,good,1,1,all rubric checks passed,The capital of France is Paris.
measurements/1254633-track-a1-server-sweep-x86/concurrency/tq/model-1-mandatory/t_32_c_2048_p_2_n_128_k_turbo4_v_turbo4,mandatory_medium_ml_vs_dl,medium,3,,,,128,200,,good,4,4,all rubric checks passed,"**Machine Learning (ML) vs Deep Learning (DL)**

Machine Learning and Deep Learning are both subfields of Artificial Intelligence (AI) that enable computers to learn from data and make predictions or decisions. While they share some similarities, there are key differences between the two:

**Machine Learning (ML)**

* Focuses on using algorithms to analyze and make predictions from data.
* Typically uses shallow models (few layers) and is often based on traditional statistical techniques.
* Can be used for a wide range of tasks, including classification, regression, clustering, and more.
* Requires a large amount of labeled data to train the model.
"
measurements/1254633-track-a1-server-sweep-x86/concurrency/tq/model-1-mandatory/t_32_c_2048_p_2_n_128_k_turbo4_v_turbo4,mandatory_long_transformer_cpu,long,3,,,,128,200,,acceptable,3,4,missing: explains quantisation benefit,"Based on the context provided, the main challenges when running large transformer models on CPU-only systems are:

1. **Large Memory Footprint**: Transformer models require a significant amount of memory to store their weights and activations. This can be a challenge for CPU-only systems, which typically have limited memory compared to GPUs.

2. **Repeated Loading of Weights**: During the decoding phase, the model's weights need to be loaded repeatedly, which can lead to slow inference times. This is because the weights need to be loaded from memory, processed, and then stored again, which can be an expensive operation.

Quantisation can help address these challenges in"
measurements/1254633-track-a1-server-sweep-x86/concurrency/tq/model-1-mandatory/t_32_c_2048_p_4_n_128_k_turbo3_v_turbo3,mandatory_short_capital_france,short,1,,,,128,200,,good,1,1,all rubric checks passed,The capital of France is Paris.
measurements/1254633-track-a1-server-sweep-x86/concurrency/tq/model-1-mandatory/t_32_c_2048_p_4_n_128_k_turbo3_v_turbo3,mandatory_medium_ml_vs_dl,medium,1,,,,128,200,,acceptable,3,4,missing: gives or signals examples,"**Machine Learning (ML) vs Deep Learning (DL)**

Machine learning and deep learning are both subfields of artificial intelligence (AI) that enable computers to learn from data and make predictions or decisions. While they share some similarities, there are key differences between them.

**Machine Learning (ML)**

Machine learning is a type of AI that uses algorithms to analyze data and make predictions or decisions based on that analysis. ML algorithms can learn from data, but they typically require a lot of human intervention to design and tune the models.

**Key characteristics of ML:**

1. **Shallow models**: ML models typically have a small number"
measurements/1254633-track-a1-server-sweep-x86/concurrency/tq/model-1-mandatory/t_32_c_2048_p_4_n_128_k_turbo3_v_turbo3,mandatory_long_transformer_cpu,long,1,,,,128,200,,acceptable,3,4,missing: explains quantisation benefit,"Based on the context provided, the main challenges when running large transformer models on CPU-only systems are:

1. **Large memory footprint**: Transformer models require a significant amount of memory to store their weights, attention mechanisms, and input/output sequences. This can be a challenge for systems with limited memory, such as those with 32-bit or 64-bit architectures.

2. **Repeated loading of weights during the decoding phase**: When running inference on a CPU, the model's weights need to be loaded repeatedly, which can lead to slow inference times and increased memory usage.

Quantisation can help address these challenges in the following ways:

1. **"
measurements/1254633-track-a1-server-sweep-x86/concurrency/tq/model-1-mandatory/t_32_c_2048_p_4_n_128_k_turbo3_v_turbo3,mandatory_short_capital_france,short,2,,,,128,200,,good,1,1,all rubric checks passed,The capital of France is Paris.
measurements/1254633-track-a1-server-sweep-x86/concurrency/tq/model-1-mandatory/t_32_c_2048_p_4_n_128_k_turbo3_v_turbo3,mandatory_medium_ml_vs_dl,medium,2,,,,128,200,,good,4,4,all rubric checks passed,"**Machine Learning (ML) vs Deep Learning (DL)**

Machine Learning and Deep Learning are both subfields of Artificial Intelligence (AI) that enable computers to learn from data without being explicitly programmed. While they share some similarities, there are key differences between them.

**Machine Learning (ML)**

Machine Learning is a broader field that involves training algorithms to make predictions or decisions based on data. It uses various techniques, such as supervised learning, unsupervised learning, and reinforcement learning, to learn from data. ML algorithms can be trained using various types of data, including structured data (e.g., numbers, text) and unstructured"
measurements/1254633-track-a1-server-sweep-x86/concurrency/tq/model-1-mandatory/t_32_c_2048_p_4_n_128_k_turbo3_v_turbo3,mandatory_long_transformer_cpu,long,2,,,,128,200,,acceptable,3,4,missing: explains quantisation benefit,"Based on the context provided, the main challenges when running large transformer models on CPU-only systems are:

1. **Large memory footprint**: Transformer models require a significant amount of memory to store their weights, attention mechanisms, and input/output sequences. This can be a challenge for systems with limited memory, such as those with 32-bit or 64-bit architectures.

2. **Repeated loading of weights during the decoding phase**: When running inference on a CPU, the model's weights need to be loaded repeatedly, which can lead to slow inference times and increased memory usage.

Quantisation can help address these challenges in the following ways:

1. **"
measurements/1254633-track-a1-server-sweep-x86/concurrency/tq/model-1-mandatory/t_32_c_2048_p_4_n_128_k_turbo3_v_turbo3,mandatory_short_capital_france,short,3,,,,128,200,,good,1,1,all rubric checks passed,The capital of France is Paris.
measurements/1254633-track-a1-server-sweep-x86/concurrency/tq/model-1-mandatory/t_32_c_2048_p_4_n_128_k_turbo3_v_turbo3,mandatory_medium_ml_vs_dl,medium,3,,,,128,200,,good,4,4,all rubric checks passed,"**Machine Learning (ML) vs Deep Learning (DL)**

Machine Learning and Deep Learning are both subfields of Artificial Intelligence (AI) that enable computers to learn from data without being explicitly programmed. While they share some similarities, there are key differences between them.

**Machine Learning (ML)**

Machine Learning is a broader field that involves training algorithms to make predictions or decisions based on data. It uses various techniques, such as supervised learning, unsupervised learning, and reinforcement learning, to learn from data. ML algorithms can be trained using various types of data, including structured data (e.g., numbers, text) and unstructured"
measurements/1254633-track-a1-server-sweep-x86/concurrency/tq/model-1-mandatory/t_32_c_2048_p_4_n_128_k_turbo3_v_turbo3,mandatory_long_transformer_cpu,long,3,,,,128,200,,acceptable,3,4,missing: explains quantisation benefit,"Based on the context provided, the main challenges when running large transformer models on CPU-only systems are:

1. **Large memory footprint**: Transformer models require a significant amount of memory to store their weights, attention mechanisms, and input/output sequences. This can be a challenge for CPU-only systems with limited memory resources.
2. **Repeated loading of weights during the decoding phase**: When running inference on a CPU-only system, the model's weights need to be loaded repeatedly, which can lead to performance bottlenecks due to the slow loading times and the overhead of loading weights from disk to memory.

Quantisation can help address these challenges in the following"
measurements/1254633-track-a1-server-sweep-x86/concurrency/tq/model-1-mandatory/t_32_c_2048_p_4_n_128_k_turbo4_v_turbo4,mandatory_short_capital_france,short,1,,,,128,200,,good,1,1,all rubric checks passed,The capital of France is Paris.
measurements/1254633-track-a1-server-sweep-x86/concurrency/tq/model-1-mandatory/t_32_c_2048_p_4_n_128_k_turbo4_v_turbo4,mandatory_medium_ml_vs_dl,medium,1,,,,128,200,,good,4,4,all rubric checks passed,"**Machine Learning (ML) vs Deep Learning (DL)**

Machine Learning and Deep Learning are both subfields of Artificial Intelligence (AI) that enable computers to learn from data and make predictions or decisions. While they share some similarities, there are key differences between the two:

**Machine Learning (ML)**

* Focuses on using algorithms to analyze data and make predictions or decisions.
* Typically uses shallow models with a small number of layers (e.g., decision trees, random forests, support vector machines).
* Can be used for a wide range of tasks, including classification, regression, clustering, and more.
* Often relies on feature"
measurements/1254633-track-a1-server-sweep-x86/concurrency/tq/model-1-mandatory/t_32_c_2048_p_4_n_128_k_turbo4_v_turbo4,mandatory_long_transformer_cpu,long,1,,,,128,200,,good,4,4,all rubric checks passed,"Based on the context provided, the main challenges when running large transformer models on CPU-only systems are:

1. **Large Memory Footprint**: Transformer models require a significant amount of memory to store their weights, which can be a challenge for CPU-only systems with limited memory resources.

2. **Repeated Loading of Weights**: During the decoding phase, the model's weights need to be loaded repeatedly, which can lead to slow inference times due to the overhead of loading weights from disk to memory.

Quantisation can help address these challenges in the following ways:

1. **Reduced Memory Footprint**: Quantisation involves representing model weights using lower-"
measurements/1254633-track-a1-server-sweep-x86/concurrency/tq/model-1-mandatory/t_32_c_2048_p_4_n_128_k_turbo4_v_turbo4,mandatory_short_capital_france,short,2,,,,128,200,,good,1,1,all rubric checks passed,The capital of France is Paris.
measurements/1254633-track-a1-server-sweep-x86/concurrency/tq/model-1-mandatory/t_32_c_2048_p_4_n_128_k_turbo4_v_turbo4,mandatory_medium_ml_vs_dl,medium,2,,,,128,200,,good,4,4,all rubric checks passed,"**Machine Learning (ML) vs Deep Learning (DL)**

Machine Learning and Deep Learning are both subfields of Artificial Intelligence (AI) that enable computers to learn from data and make predictions or decisions. While they share some similarities, there are key differences between the two:

**Machine Learning (ML)**

* Focuses on developing algorithms that can learn from data, but the algorithms are typically shallow and have a limited number of layers.
* Typically uses supervised, unsupervised, or semi-supervised learning techniques.
* Can be used for a wide range of tasks, such as classification, regression, clustering, and dimensionality reduction.
"
measurements/1254633-track-a1-server-sweep-x86/concurrency/tq/model-1-mandatory/t_32_c_2048_p_4_n_128_k_turbo4_v_turbo4,mandatory_long_transformer_cpu,long,2,,,,128,200,,good,4,4,all rubric checks passed,"Based on the context provided, the main challenges when running large transformer models on CPU-only systems are:

1. **Large Memory Footprint**: Transformer models require a significant amount of memory to store their weights, which can be a challenge for CPU-only systems with limited memory resources.

2. **Repeated Loading of Weights**: During the decoding phase, the model's weights need to be loaded repeatedly, which can lead to slow inference times due to the overhead of loading weights from disk to memory.

Quantisation can help address these challenges in the following ways:

1. **Reduced Memory Footprint**: Quantisation involves representing model weights using lower-"
measurements/1254633-track-a1-server-sweep-x86/concurrency/tq/model-1-mandatory/t_32_c_2048_p_4_n_128_k_turbo4_v_turbo4,mandatory_short_capital_france,short,3,,,,128,200,,good,1,1,all rubric checks passed,The capital of France is Paris.
measurements/1254633-track-a1-server-sweep-x86/concurrency/tq/model-1-mandatory/t_32_c_2048_p_4_n_128_k_turbo4_v_turbo4,mandatory_medium_ml_vs_dl,medium,3,,,,128,200,,good,4,4,all rubric checks passed,"**Machine Learning (ML) vs Deep Learning (DL)**

Machine Learning and Deep Learning are both subfields of Artificial Intelligence (AI) that enable computers to learn from data and make predictions or decisions. While they share some similarities, there are key differences between the two:

**Machine Learning (ML)**

* Focuses on developing algorithms that can learn from data, but the algorithms are typically shallow and have a limited number of layers.
* Typically uses supervised, unsupervised, or semi-supervised learning techniques.
* Can be used for a wide range of tasks, such as classification, regression, clustering, and dimensionality reduction.
"
measurements/1254633-track-a1-server-sweep-x86/concurrency/tq/model-1-mandatory/t_32_c_2048_p_4_n_128_k_turbo4_v_turbo4,mandatory_long_transformer_cpu,long,3,,,,128,200,,good,4,4,all rubric checks passed,"Based on the context provided, the main challenges when running large transformer models on CPU-only systems are:

1. **Large Memory Footprint**: Transformer models require a significant amount of memory to store their weights, which can be a challenge for CPU-only systems with limited memory resources.

2. **Repeated Loading of Weights**: During the decoding phase, the model's weights need to be loaded repeatedly, which can lead to slow inference times due to the time it takes to load the weights from memory.

Quantisation can help address these challenges in several ways:

1. **Reduced Memory Footprint**: Quantisation involves representing the model's weights using"
measurements/1254633-track-a1-server-sweep-x86/concurrency/tq/model-1-mandatory/t_32_c_2048_p_8_n_128_k_turbo3_v_turbo3,mandatory_short_capital_france,short,1,,,,128,200,,good,1,1,all rubric checks passed,The capital of France is Paris.
measurements/1254633-track-a1-server-sweep-x86/concurrency/tq/model-1-mandatory/t_32_c_2048_p_8_n_128_k_turbo3_v_turbo3,mandatory_short_capital_france,short,2,,,,128,200,,good,1,1,all rubric checks passed,The capital of France is Paris.
measurements/1254633-track-a1-server-sweep-x86/concurrency/tq/model-1-mandatory/t_32_c_2048_p_8_n_128_k_turbo3_v_turbo3,mandatory_long_transformer_cpu,long,1,,,,128,200,,weak,2,4,missing: mentions quantisation; explains quantisation benefit,"Based on the context provided, the main challenges when running large transformer models on CPU-only systems are:

1. **Large Memory Footprint**: Transformer models require a significant amount of memory to store the model weights, input sequences, and intermediate results. This can be a challenge for CPU-only systems, which typically have limited memory capacity compared to GPUs.

2. **Repeated Loading of Weights**: During the"
measurements/1254633-track-a1-server-sweep-x86/concurrency/tq/model-1-mandatory/t_32_c_2048_p_8_n_128_k_turbo3_v_turbo3,mandatory_medium_ml_vs_dl,medium,1,,,,128,200,,acceptable,3,4,missing: gives or signals examples,"**Machine Learning (ML) vs Deep Learning (DL): Key Differences**

Machine Learning and Deep Learning are both subfields of Artificial Intelligence (AI) that enable computers to learn from data without being explicitly programmed. While they share some similarities, there are key differences between the two:

1.  **Complexity**: Machine Learning models are typically simpler and more shallow, whereas Deep Learning models are more complex and have multiple layers.
2.  **Data Requirements**: Machine Learning models can work with smaller datasets, whereas Deep Learning models require large amounts of data to train effectively.
3.  **Training Time**: Machine Learning models typically train faster than"
measurements/1254633-track-a1-server-sweep-x86/concurrency/tq/model-1-mandatory/t_32_c_2048_p_8_n_128_k_turbo3_v_turbo3,mandatory_short_capital_france,short,3,,,,128,200,,good,1,1,all rubric checks passed,The capital of France is Paris.
measurements/1254633-track-a1-server-sweep-x86/concurrency/tq/model-1-mandatory/t_32_c_2048_p_8_n_128_k_turbo3_v_turbo3,mandatory_long_transformer_cpu,long,2,,,,128,200,,weak,2,4,missing: mentions quantisation; explains quantisation benefit,"Based on the context provided, the main challenges when running large transformer models on CPU-only systems are:

1. **Large Memory Footprint**: Transformer models require significant memory to store the model weights, input sequences, and intermediate results. CPUs often have limited memory, making it challenging to fit large transformer models.
2. **Repeated Loading of Weights**: During the decoding phase, the model needs to access"
measurements/1254633-track-a1-server-sweep-x86/concurrency/tq/model-1-mandatory/t_32_c_2048_p_8_n_128_k_turbo3_v_turbo3,mandatory_medium_ml_vs_dl,medium,2,,,,128,200,,acceptable,3,4,missing: gives or signals examples,"**Machine Learning (ML) vs Deep Learning (DL): Key Differences**

Machine Learning and Deep Learning are both subfields of Artificial Intelligence (AI) that enable computers to learn from data without being explicitly programmed. While they share some similarities, there are key differences between the two:

1.  **Complexity**: Deep Learning models are more complex and have multiple layers of interconnected nodes (neurons) compared to Machine Learning models.
2.  **Data Requirements**: Deep Learning requires large amounts of data to train and fine-tune models, whereas Machine Learning can work with smaller datasets.
3.  **Training Time**: Deep Learning models take"
measurements/1254633-track-a1-server-sweep-x86/concurrency/tq/model-1-mandatory/t_32_c_2048_p_8_n_128_k_turbo3_v_turbo3,mandatory_medium_ml_vs_dl,medium,3,,,,128,200,,good,4,4,all rubric checks passed,"**Machine Learning (ML) vs Deep Learning (DL)**

Machine Learning and Deep Learning are both subfields of Artificial Intelligence (AI) that enable computers to learn from data without being explicitly programmed. While they share some similarities, there are key differences between them.

**Machine Learning (ML)**

Machine Learning is a broader field that involves training algorithms to make predictions or decisions based on data. It uses various techniques, such as supervised learning, unsupervised learning, and reinforcement learning, to enable computers to learn from data.

**Key characteristics of ML:**

1. **Shallow models**: ML models typically have a small number of"
measurements/1254633-track-a1-server-sweep-x86/concurrency/tq/model-1-mandatory/t_32_c_2048_p_8_n_128_k_turbo3_v_turbo3,mandatory_long_transformer_cpu,long,3,,,,128,200,,weak,2,4,missing: mentions quantisation; explains quantisation benefit,"Based on the context provided, the main challenges when running large transformer models on CPU-only systems are:

1. **Large Memory Footprint**: Transformer models require a significant amount of memory to store the model weights, input sequences, and intermediate results. This can be a challenge for CPU-only systems, which typically have limited memory capacity compared to GPUs.

2. **Repeated Loading of Weights**: During the"
measurements/1254633-track-a1-server-sweep-x86/concurrency/tq/model-1-mandatory/t_32_c_2048_p_8_n_128_k_turbo4_v_turbo4,mandatory_short_capital_france,short,1,,,,128,200,,good,1,1,all rubric checks passed,The capital of France is Paris.
measurements/1254633-track-a1-server-sweep-x86/concurrency/tq/model-1-mandatory/t_32_c_2048_p_8_n_128_k_turbo4_v_turbo4,mandatory_short_capital_france,short,2,,,,128,200,,good,1,1,all rubric checks passed,The capital of France is Paris.
measurements/1254633-track-a1-server-sweep-x86/concurrency/tq/model-1-mandatory/t_32_c_2048_p_8_n_128_k_turbo4_v_turbo4,mandatory_long_transformer_cpu,long,1,,,,128,200,,weak,2,4,missing: mentions quantisation; explains quantisation benefit,"Based on the context provided, the main challenges when running large transformer models on CPU-only systems are:

1. **Large Memory Footprint**: Transformer models require a significant amount of memory to store their weights, which can be a challenge for CPU-only systems with limited memory resources.

2. **Repeated Loading of Weights**: During the decoding phase, the model's weights need to be loaded repeatedly, which"
measurements/1254633-track-a1-server-sweep-x86/concurrency/tq/model-1-mandatory/t_32_c_2048_p_8_n_128_k_turbo4_v_turbo4,mandatory_medium_ml_vs_dl,medium,1,,,,128,200,,good,4,4,all rubric checks passed,"**Machine Learning (ML) vs Deep Learning (DL)**

Machine Learning and Deep Learning are both subfields of Artificial Intelligence (AI) that enable computers to learn from data and make predictions or decisions. While they share some similarities, there are key differences between the two:

**Machine Learning (ML)**

* Focuses on using algorithms to analyze data and make predictions or decisions.
* Typically uses shallow models with a small number of layers (e.g., decision trees, random forests, support vector machines).
* Can be trained using a variety of algorithms, including supervised, unsupervised, and reinforcement learning.
* Often used for tasks"
measurements/1254633-track-a1-server-sweep-x86/concurrency/tq/model-1-mandatory/t_32_c_2048_p_8_n_128_k_turbo4_v_turbo4,mandatory_short_capital_france,short,3,,,,128,200,,good,1,1,all rubric checks passed,The capital of France is Paris.
measurements/1254633-track-a1-server-sweep-x86/concurrency/tq/model-1-mandatory/t_32_c_2048_p_8_n_128_k_turbo4_v_turbo4,mandatory_medium_ml_vs_dl,medium,2,,,,128,200,,good,4,4,all rubric checks passed,"**Machine Learning (ML) vs Deep Learning (DL)**

Machine Learning and Deep Learning are both subfields of Artificial Intelligence (AI) that enable computers to learn from data and make predictions or decisions. While they share some similarities, there are key differences between the two:

**Machine Learning (ML)**

* Focuses on using algorithms to analyze data and make predictions or decisions.
* Typically uses shallow models with a small number of layers (e.g., 1-2 hidden layers).
* Can be trained using various algorithms, such as linear regression, decision trees, and support vector machines.
* Often requires feature engineering, where the"
measurements/1254633-track-a1-server-sweep-x86/concurrency/tq/model-1-mandatory/t_32_c_2048_p_8_n_128_k_turbo4_v_turbo4,mandatory_long_transformer_cpu,long,2,,,,128,200,,weak,2,4,missing: mentions quantisation; explains quantisation benefit,"Based on the context provided, the main challenges when running large transformer models on CPU-only systems are:

1. **Large Memory Footprint**: Transformer models require a significant amount of memory to store their weights and activations. This can be a challenge for CPU-only systems, which typically have limited memory compared to GPUs.

2. **Repeated Loading of Weights**: During the decoding phase, the model's weights"
measurements/1254633-track-a1-server-sweep-x86/concurrency/tq/model-1-mandatory/t_32_c_2048_p_8_n_128_k_turbo4_v_turbo4,mandatory_medium_ml_vs_dl,medium,3,,,,128,200,,good,4,4,all rubric checks passed,"**Machine Learning (ML) vs Deep Learning (DL)**

Machine Learning and Deep Learning are both subfields of Artificial Intelligence (AI) that enable computers to learn from data and make predictions or decisions. While they share some similarities, there are key differences between the two:

**Machine Learning (ML)**

* Focuses on using algorithms to analyze data and make predictions or decisions.
* Typically uses shallow models, such as decision trees, random forests, or support vector machines.
* Can be trained using a variety of algorithms, including supervised, unsupervised, and reinforcement learning.
* Often requires feature engineering, where the data is pre"
measurements/1254633-track-a1-server-sweep-x86/concurrency/tq/model-1-mandatory/t_32_c_2048_p_8_n_128_k_turbo4_v_turbo4,mandatory_long_transformer_cpu,long,3,,,,128,200,,weak,2,4,missing: mentions quantisation; explains quantisation benefit,"Based on the context provided, the main challenges when running large transformer models on CPU-only systems are:

1. **Large Memory Footprint**: Transformer models require a significant amount of memory to store their weights and activations. CPU-only systems often have limited memory, making it challenging to run large transformer models.

2. **Repeated Loading of Weights**: During the decoding phase, the model's weights need to"
measurements/1254633-track-a1-server-sweep-x86/concurrency/vanilla/model-1-mandatory/t_32_c_2048_p_16_n_128_k_f16_v_f16,mandatory_short_capital_france,short,1,,,,128,200,,good,1,1,all rubric checks passed,The capital of France is Paris.
measurements/1254633-track-a1-server-sweep-x86/concurrency/vanilla/model-1-mandatory/t_32_c_2048_p_16_n_128_k_f16_v_f16,mandatory_short_capital_france,short,2,,,,128,200,,good,1,1,all rubric checks passed,The capital of France is Paris.
measurements/1254633-track-a1-server-sweep-x86/concurrency/vanilla/model-1-mandatory/t_32_c_2048_p_16_n_128_k_f16_v_f16,mandatory_short_capital_france,short,3,,,,128,200,,good,1,1,all rubric checks passed,The capital of France is Paris.
measurements/1254633-track-a1-server-sweep-x86/concurrency/vanilla/model-1-mandatory/t_32_c_2048_p_16_n_128_k_f16_v_f16,mandatory_long_transformer_cpu,long,2,,,,128,200,,weak,2,4,missing: mentions quantisation; explains quantisation benefit,"Based on the context provided, the main challenges when running large transformer models on CPU-only systems are:

1. **Large Memory Footprint**: Transformer models require a significant amount of memory to store their weights, attention mechanisms, and input sequences. This can lead to memory overflow issues on systems with limited RAM, making it difficult to run large models on CPU-only systems.

2. **Repeated Loading of We"
measurements/1254633-track-a1-server-sweep-x86/concurrency/vanilla/model-1-mandatory/t_32_c_2048_p_16_n_128_k_f16_v_f16,mandatory_long_transformer_cpu,long,1,,,,128,200,,weak,2,4,missing: mentions quantisation; explains quantisation benefit,"Based on the context provided, the main challenges when running large transformer models on CPU-only systems are:

1. **Large Memory Footprint**: Transformer models require a significant amount of memory to store their weights, attention mechanisms, and input sequences. This can lead to memory overflow issues on systems with limited RAM, making it difficult to run large models on CPU-only systems.

2. **Repeated Loading of We"
measurements/1254633-track-a1-server-sweep-x86/concurrency/vanilla/model-1-mandatory/t_32_c_2048_p_16_n_128_k_f16_v_f16,mandatory_medium_ml_vs_dl,medium,2,,,,128,200,,acceptable,3,4,missing: gives or signals examples,"**Machine Learning (ML) vs Deep Learning (DL)**

Machine Learning and Deep Learning are both subfields of Artificial Intelligence (AI) that enable computers to learn from data and make predictions or decisions. However, they differ in their approach, complexity, and application.

**Machine Learning (ML)**

Machine Learning is a type of AI that uses algorithms to analyze data and make predictions or decisions. It involves training a model on a dataset to learn patterns and relationships between variables. ML algorithms can be categorized into three types:

1. **Supervised Learning**: The model is trained on labeled data to learn the relationship between inputs and outputs.
"
measurements/1254633-track-a1-server-sweep-x86/concurrency/vanilla/model-1-mandatory/t_32_c_2048_p_16_n_128_k_f16_v_f16,mandatory_medium_ml_vs_dl,medium,1,,,,128,200,,acceptable,3,4,missing: gives or signals examples,"**Machine Learning (ML) vs Deep Learning (DL)**

Machine Learning and Deep Learning are both subfields of Artificial Intelligence (AI) that enable computers to learn from data without being explicitly programmed. However, they differ in their approach, complexity, and application.

**Machine Learning (ML)**

Machine Learning is a type of AI that uses algorithms to analyze data and make predictions or decisions based on that data. ML models are typically trained using a set of labeled data, where the correct output is already known. The goal of ML is to learn a mapping between inputs and outputs, so that the model can make accurate predictions on new,"
measurements/1254633-track-a1-server-sweep-x86/concurrency/vanilla/model-1-mandatory/t_32_c_2048_p_16_n_128_k_f16_v_f16,mandatory_medium_ml_vs_dl,medium,3,,,,128,200,,acceptable,3,4,missing: gives or signals examples,"**Machine Learning (ML) vs Deep Learning (DL)**

Machine Learning and Deep Learning are both subfields of Artificial Intelligence (AI) that enable computers to learn from data and make predictions or decisions. However, they differ in their approach, complexity, and application.

**Machine Learning (ML)**

Machine Learning is a type of AI that uses algorithms to analyze data and make predictions or decisions. It involves training a model on a dataset to learn patterns and relationships between variables. ML algorithms can be categorized into three types:

1. **Supervised Learning**: The model is trained on labeled data to learn the relationship between inputs and outputs.
"
measurements/1254633-track-a1-server-sweep-x86/concurrency/vanilla/model-1-mandatory/t_32_c_2048_p_16_n_128_k_f16_v_f16,mandatory_long_transformer_cpu,long,3,,,,128,200,,weak,2,4,missing: mentions quantisation; explains quantisation benefit,"Based on the context provided, the main challenges when running large transformer models on CPU-only systems are:

1. **Large Memory Footprint**: Transformer models require a significant amount of memory to store their weights, attention mechanisms, and input sequences. This can lead to memory overflow issues on systems with limited RAM, making it difficult to run large models on CPU-only systems.

2. **Repeated Loading of We"
measurements/1254633-track-a1-server-sweep-x86/concurrency/vanilla/model-1-mandatory/t_32_c_2048_p_1_n_128_k_f16_v_f16,mandatory_short_capital_france,short,1,,,,128,200,,good,1,1,all rubric checks passed,The capital of France is Paris.
measurements/1254633-track-a1-server-sweep-x86/concurrency/vanilla/model-1-mandatory/t_32_c_2048_p_1_n_128_k_f16_v_f16,mandatory_medium_ml_vs_dl,medium,1,,,,128,200,,acceptable,3,4,missing: gives or signals examples,"**Machine Learning (ML) vs Deep Learning (DL)**

Machine Learning and Deep Learning are both subfields of Artificial Intelligence (AI) that enable computers to learn from data and make predictions or decisions. However, they differ in their approach, complexity, and application.

**Machine Learning (ML)**

Machine Learning is a type of AI that uses algorithms to analyze data and make predictions or decisions. It involves training a model on a dataset to learn patterns and relationships between variables. ML algorithms can be categorized into three types:

1. **Supervised Learning**: The model is trained on labeled data to learn the relationship between inputs and outputs.
"
measurements/1254633-track-a1-server-sweep-x86/concurrency/vanilla/model-1-mandatory/t_32_c_2048_p_1_n_128_k_f16_v_f16,mandatory_long_transformer_cpu,long,1,,,,128,200,,acceptable,3,4,missing: explains quantisation benefit,"Based on the context provided, the main challenges when running large transformer models on CPU-only systems are:

1. **Large Memory Footprint**: Transformer models require a significant amount of memory to store their weights, attention mechanisms, and input sequences. This can lead to memory overflow issues on systems with limited RAM, making it difficult to run large models on CPU-only systems.

2. **Repeated Loading of Weights**: During the decoding phase, the model needs to access its weights multiple times. This repeated loading of weights can lead to slow inference times, as the CPU needs to fetch the weights from memory multiple times.

Quantisation can help address these"
measurements/1254633-track-a1-server-sweep-x86/concurrency/vanilla/model-1-mandatory/t_32_c_2048_p_1_n_128_k_f16_v_f16,mandatory_short_capital_france,short,2,,,,128,200,,good,1,1,all rubric checks passed,The capital of France is Paris.
measurements/1254633-track-a1-server-sweep-x86/concurrency/vanilla/model-1-mandatory/t_32_c_2048_p_1_n_128_k_f16_v_f16,mandatory_medium_ml_vs_dl,medium,2,,,,128,200,,acceptable,3,4,missing: gives or signals examples,"**Machine Learning (ML) vs Deep Learning (DL)**

Machine Learning and Deep Learning are both subfields of Artificial Intelligence (AI) that enable computers to learn from data and make predictions or decisions. However, they differ in their approach, complexity, and application.

**Machine Learning (ML)**

Machine Learning is a type of AI that uses algorithms to analyze data and make predictions or decisions. It involves training a model on a dataset to learn patterns and relationships between variables. ML algorithms can be categorized into three types:

1. **Supervised Learning**: The model is trained on labeled data to learn the relationship between inputs and outputs.
"
measurements/1254633-track-a1-server-sweep-x86/concurrency/vanilla/model-1-mandatory/t_32_c_2048_p_1_n_128_k_f16_v_f16,mandatory_long_transformer_cpu,long,2,,,,128,200,,acceptable,3,4,missing: explains quantisation benefit,"Based on the context provided, the main challenges when running large transformer models on CPU-only systems are:

1. **Large Memory Footprint**: Transformer models require a significant amount of memory to store their weights, attention mechanisms, and input sequences. This can lead to memory overflow issues on systems with limited RAM, making it difficult to run large models on CPU-only systems.

2. **Repeated Loading of Weights**: During the decoding phase, the model needs to access its weights multiple times. This repeated loading of weights can lead to slow inference times, as the CPU needs to fetch the weights from memory multiple times.

Quantisation can help address these"
measurements/1254633-track-a1-server-sweep-x86/concurrency/vanilla/model-1-mandatory/t_32_c_2048_p_1_n_128_k_f16_v_f16,mandatory_short_capital_france,short,3,,,,128,200,,good,1,1,all rubric checks passed,The capital of France is Paris.
measurements/1254633-track-a1-server-sweep-x86/concurrency/vanilla/model-1-mandatory/t_32_c_2048_p_1_n_128_k_f16_v_f16,mandatory_medium_ml_vs_dl,medium,3,,,,128,200,,acceptable,3,4,missing: gives or signals examples,"**Machine Learning (ML) vs Deep Learning (DL)**

Machine Learning and Deep Learning are both subfields of Artificial Intelligence (AI) that enable computers to learn from data and make predictions or decisions. However, they differ in their approach, complexity, and application.

**Machine Learning (ML)**

Machine Learning is a type of AI that uses algorithms to analyze data and make predictions or decisions. It involves training a model on a dataset to learn patterns and relationships between variables. ML algorithms can be categorized into three types:

1. **Supervised Learning**: The model is trained on labeled data to learn the relationship between inputs and outputs.
"
measurements/1254633-track-a1-server-sweep-x86/concurrency/vanilla/model-1-mandatory/t_32_c_2048_p_1_n_128_k_f16_v_f16,mandatory_long_transformer_cpu,long,3,,,,128,200,,acceptable,3,4,missing: explains quantisation benefit,"Based on the context provided, the main challenges when running large transformer models on CPU-only systems are:

1. **Large Memory Footprint**: Transformer models require a significant amount of memory to store their weights, attention mechanisms, and input sequences. This can lead to memory overflow issues on systems with limited RAM, making it difficult to run large models on CPU-only systems.

2. **Repeated Loading of Weights**: During the decoding phase, the model needs to access its weights multiple times. This repeated loading of weights can lead to slow inference times, as the CPU needs to fetch the weights from memory multiple times.

Quantisation can help address these"
measurements/1254633-track-a1-server-sweep-x86/concurrency/vanilla/model-1-mandatory/t_32_c_2048_p_2_n_128_k_f16_v_f16,mandatory_short_capital_france,short,1,,,,128,200,,good,1,1,all rubric checks passed,The capital of France is Paris.
measurements/1254633-track-a1-server-sweep-x86/concurrency/vanilla/model-1-mandatory/t_32_c_2048_p_2_n_128_k_f16_v_f16,mandatory_medium_ml_vs_dl,medium,1,,,,128,200,,acceptable,3,4,missing: gives or signals examples,"**Machine Learning (ML) vs Deep Learning (DL)**

Machine Learning and Deep Learning are both subfields of Artificial Intelligence (AI) that enable computers to learn from data and make predictions or decisions. However, they differ in their approach, complexity, and application.

**Machine Learning (ML)**

Machine Learning is a type of AI that uses algorithms to analyze data and make predictions or decisions. It involves training a model on a dataset to learn patterns and relationships between variables. ML algorithms can be categorized into three types:

1. **Supervised Learning**: The model is trained on labeled data to learn the relationship between inputs and outputs.
"
measurements/1254633-track-a1-server-sweep-x86/concurrency/vanilla/model-1-mandatory/t_32_c_2048_p_2_n_128_k_f16_v_f16,mandatory_long_transformer_cpu,long,1,,,,128,200,,acceptable,3,4,missing: explains quantisation benefit,"Based on the context provided, the main challenges when running large transformer models on CPU-only systems are:

1. **Large Memory Footprint**: Transformer models require a significant amount of memory to store their weights, attention mechanisms, and input sequences. This can lead to memory overflow issues on systems with limited RAM, making it difficult to run large models on CPU-only systems.

2. **Repeated Loading of Weights**: During the decoding phase, the model needs to access its weights repeatedly. This can lead to slow inference times due to the repeated loading of weights from memory, which can be a bottleneck on CPU-only systems.

Quantisation can help address"
measurements/1254633-track-a1-server-sweep-x86/concurrency/vanilla/model-1-mandatory/t_32_c_2048_p_2_n_128_k_f16_v_f16,mandatory_short_capital_france,short,2,,,,128,200,,good,1,1,all rubric checks passed,The capital of France is Paris.
measurements/1254633-track-a1-server-sweep-x86/concurrency/vanilla/model-1-mandatory/t_32_c_2048_p_2_n_128_k_f16_v_f16,mandatory_medium_ml_vs_dl,medium,2,,,,128,200,,acceptable,3,4,missing: gives or signals examples,"**Machine Learning (ML) vs Deep Learning (DL)**

Machine Learning and Deep Learning are both subfields of Artificial Intelligence (AI) that enable computers to learn from data and make predictions or decisions. However, they differ in their approach, complexity, and application.

**Machine Learning (ML)**

Machine Learning is a type of AI that uses algorithms to analyze data and make predictions or decisions. It involves training a model on a dataset to learn patterns and relationships between variables. ML algorithms can be categorized into three types:

1. **Supervised Learning**: The model is trained on labeled data to learn the relationship between inputs and outputs.
"
measurements/1254633-track-a1-server-sweep-x86/concurrency/vanilla/model-1-mandatory/t_32_c_2048_p_2_n_128_k_f16_v_f16,mandatory_long_transformer_cpu,long,2,,,,128,200,,acceptable,3,4,missing: explains quantisation benefit,"Based on the context provided, the main challenges when running large transformer models on CPU-only systems are:

1. **Large Memory Footprint**: Transformer models require a significant amount of memory to store their weights, attention mechanisms, and input sequences. This can lead to memory overflow issues on systems with limited RAM, making it difficult to run large models on CPU-only systems.

2. **Repeated Loading of Weights**: During the decoding phase, the model needs to access its weights repeatedly. This can lead to slow inference times due to the repeated loading of weights from memory, which can be a bottleneck on CPU-only systems.

Quantisation can help address"
measurements/1254633-track-a1-server-sweep-x86/concurrency/vanilla/model-1-mandatory/t_32_c_2048_p_2_n_128_k_f16_v_f16,mandatory_short_capital_france,short,3,,,,128,200,,good,1,1,all rubric checks passed,The capital of France is Paris.
measurements/1254633-track-a1-server-sweep-x86/concurrency/vanilla/model-1-mandatory/t_32_c_2048_p_2_n_128_k_f16_v_f16,mandatory_medium_ml_vs_dl,medium,3,,,,128,200,,acceptable,3,4,missing: gives or signals examples,"**Machine Learning (ML) vs Deep Learning (DL)**

Machine Learning and Deep Learning are both subfields of Artificial Intelligence (AI) that enable computers to learn from data and make predictions or decisions. However, they differ in their approach, complexity, and application.

**Machine Learning (ML)**

Machine Learning is a type of AI that uses algorithms to analyze data and make predictions or decisions. It involves training a model on a dataset to learn patterns and relationships between variables. ML algorithms can be categorized into three types:

1. **Supervised Learning**: The model is trained on labeled data to learn the relationship between inputs and outputs.
"
measurements/1254633-track-a1-server-sweep-x86/concurrency/vanilla/model-1-mandatory/t_32_c_2048_p_2_n_128_k_f16_v_f16,mandatory_long_transformer_cpu,long,3,,,,128,200,,acceptable,3,4,missing: explains quantisation benefit,"Based on the context provided, the main challenges when running large transformer models on CPU-only systems are:

1. **Large Memory Footprint**: Transformer models require a significant amount of memory to store their weights, attention mechanisms, and input sequences. This can lead to memory overflow issues on systems with limited RAM, making it difficult to run large models on CPU-only systems.

2. **Repeated Loading of Weights**: During the decoding phase, the model needs to access its weights repeatedly. This can lead to slow inference times due to the repeated loading of weights from memory, which can be a bottleneck on CPU-only systems.

Quantisation can help address"
measurements/1254633-track-a1-server-sweep-x86/concurrency/vanilla/model-1-mandatory/t_32_c_2048_p_4_n_128_k_f16_v_f16,mandatory_short_capital_france,short,1,,,,128,200,,good,1,1,all rubric checks passed,The capital of France is Paris.
measurements/1254633-track-a1-server-sweep-x86/concurrency/vanilla/model-1-mandatory/t_32_c_2048_p_4_n_128_k_f16_v_f16,mandatory_medium_ml_vs_dl,medium,1,,,,128,200,,acceptable,3,4,missing: gives or signals examples,"**Machine Learning (ML) vs Deep Learning (DL)**

Machine Learning and Deep Learning are both subfields of Artificial Intelligence (AI) that enable computers to learn from data and make predictions or decisions. However, they differ in their approach, complexity, and application.

**Machine Learning (ML)**

Machine Learning is a type of AI that uses algorithms to analyze data and make predictions or decisions. It involves training a model on a dataset to learn patterns and relationships between variables. ML algorithms can be categorized into three types:

1. **Supervised Learning**: The model is trained on labeled data to learn the relationship between inputs and outputs.
"
measurements/1254633-track-a1-server-sweep-x86/concurrency/vanilla/model-1-mandatory/t_32_c_2048_p_4_n_128_k_f16_v_f16,mandatory_long_transformer_cpu,long,1,,,,128,200,,acceptable,3,4,missing: explains quantisation benefit,"Based on the context provided, the main challenges when running large transformer models on CPU-only systems are:

1. **Large Memory Footprint**: Transformer models require a significant amount of memory to store their weights, attention mechanisms, and input sequences. This can lead to memory overflow issues on systems with limited RAM, making it difficult to run large models on CPU-only systems.

2. **Repeated Loading of Weights**: During the decoding phase, the model needs to access its weights repeatedly. This can lead to slow inference times due to the repeated loading of weights from memory, which can be a bottleneck on CPU-only systems.

Quantisation can help address"
measurements/1254633-track-a1-server-sweep-x86/concurrency/vanilla/model-1-mandatory/t_32_c_2048_p_4_n_128_k_f16_v_f16,mandatory_short_capital_france,short,2,,,,128,200,,good,1,1,all rubric checks passed,The capital of France is Paris.
measurements/1254633-track-a1-server-sweep-x86/concurrency/vanilla/model-1-mandatory/t_32_c_2048_p_4_n_128_k_f16_v_f16,mandatory_medium_ml_vs_dl,medium,2,,,,128,200,,acceptable,3,4,missing: gives or signals examples,"**Machine Learning (ML) vs Deep Learning (DL)**

Machine Learning and Deep Learning are both subfields of Artificial Intelligence (AI) that enable computers to learn from data and make predictions or decisions. However, they differ in their approach, complexity, and application.

**Machine Learning (ML)**

Machine Learning is a type of AI that uses algorithms to analyze data and make predictions or decisions. It involves training a model on a dataset to learn patterns and relationships between variables. ML algorithms can be categorized into three types:

1. **Supervised Learning**: The model is trained on labeled data to learn the relationship between inputs and outputs.
"
measurements/1254633-track-a1-server-sweep-x86/concurrency/vanilla/model-1-mandatory/t_32_c_2048_p_4_n_128_k_f16_v_f16,mandatory_long_transformer_cpu,long,2,,,,128,200,,acceptable,3,4,missing: explains quantisation benefit,"Based on the context provided, the main challenges when running large transformer models on CPU-only systems are:

1. **Large Memory Footprint**: Transformer models require a significant amount of memory to store their weights, attention mechanisms, and input sequences. This can lead to memory overflow issues on systems with limited RAM, making it difficult to run large models on CPU-only systems.

2. **Repeated Loading of Weights**: During the decoding phase, the model needs to access its weights repeatedly. This can lead to slow inference times due to the repeated loading of weights from memory, which can be a bottleneck on CPU-only systems.

Quantisation can help address"
measurements/1254633-track-a1-server-sweep-x86/concurrency/vanilla/model-1-mandatory/t_32_c_2048_p_4_n_128_k_f16_v_f16,mandatory_short_capital_france,short,3,,,,128,200,,good,1,1,all rubric checks passed,The capital of France is Paris.
measurements/1254633-track-a1-server-sweep-x86/concurrency/vanilla/model-1-mandatory/t_32_c_2048_p_4_n_128_k_f16_v_f16,mandatory_medium_ml_vs_dl,medium,3,,,,128,200,,acceptable,3,4,missing: gives or signals examples,"**Machine Learning (ML) vs Deep Learning (DL)**

Machine Learning and Deep Learning are both subfields of Artificial Intelligence (AI) that enable computers to learn from data and make predictions or decisions. However, they differ in their approach, complexity, and application.

**Machine Learning (ML)**

Machine Learning is a type of AI that uses algorithms to analyze data and make predictions or decisions. It involves training a model on a dataset to learn patterns and relationships between variables. ML algorithms can be categorized into three types:

1. **Supervised Learning**: The model is trained on labeled data to learn the relationship between inputs and outputs.
"
measurements/1254633-track-a1-server-sweep-x86/concurrency/vanilla/model-1-mandatory/t_32_c_2048_p_4_n_128_k_f16_v_f16,mandatory_long_transformer_cpu,long,3,,,,128,200,,acceptable,3,4,missing: explains quantisation benefit,"Based on the context provided, the main challenges when running large transformer models on CPU-only systems are:

1. **Large Memory Footprint**: Transformer models require a significant amount of memory to store their weights, attention mechanisms, and input sequences. This can lead to memory overflow issues on systems with limited RAM, making it difficult to run large models on CPU-only systems.

2. **Repeated Loading of Weights**: During the decoding phase, the model needs to access its weights repeatedly. This can lead to slow inference times due to the repeated loading of weights from memory, which can be a bottleneck on CPU-only systems.

Quantisation can help address"
measurements/1254633-track-a1-server-sweep-x86/concurrency/vanilla/model-1-mandatory/t_32_c_2048_p_8_n_128_k_f16_v_f16,mandatory_short_capital_france,short,1,,,,128,200,,good,1,1,all rubric checks passed,The capital of France is Paris.
measurements/1254633-track-a1-server-sweep-x86/concurrency/vanilla/model-1-mandatory/t_32_c_2048_p_8_n_128_k_f16_v_f16,mandatory_short_capital_france,short,2,,,,128,200,,good,1,1,all rubric checks passed,The capital of France is Paris.
measurements/1254633-track-a1-server-sweep-x86/concurrency/vanilla/model-1-mandatory/t_32_c_2048_p_8_n_128_k_f16_v_f16,mandatory_long_transformer_cpu,long,1,,,,128,200,,weak,2,4,missing: mentions quantisation; explains quantisation benefit,"Based on the context provided, the main challenges when running large transformer models on CPU-only systems are:

1. **Large Memory Footprint**: Transformer models require a significant amount of memory to store their weights, attention mechanisms, and input sequences. This can lead to memory overflow issues on systems with limited RAM, making it difficult to run large models on CPU-only systems.

2. **Repeated Loading of We"
measurements/1254633-track-a1-server-sweep-x86/concurrency/vanilla/model-1-mandatory/t_32_c_2048_p_8_n_128_k_f16_v_f16,mandatory_medium_ml_vs_dl,medium,1,,,,128,200,,acceptable,3,4,missing: gives or signals examples,"**Machine Learning (ML) vs Deep Learning (DL)**

Machine Learning and Deep Learning are both subfields of Artificial Intelligence (AI) that enable computers to learn from data without being explicitly programmed. However, they differ in their approach, complexity, and application.

**Machine Learning (ML)**

Machine Learning is a type of AI that uses algorithms to analyze data and make predictions or decisions based on that data. ML models are typically trained using a set of labeled data, where the correct output is already known. The goal of ML is to learn a mapping between inputs and outputs, so that the model can make accurate predictions on new,"
measurements/1254633-track-a1-server-sweep-x86/concurrency/vanilla/model-1-mandatory/t_32_c_2048_p_8_n_128_k_f16_v_f16,mandatory_short_capital_france,short,3,,,,128,200,,good,1,1,all rubric checks passed,The capital of France is Paris.
measurements/1254633-track-a1-server-sweep-x86/concurrency/vanilla/model-1-mandatory/t_32_c_2048_p_8_n_128_k_f16_v_f16,mandatory_medium_ml_vs_dl,medium,2,,,,128,200,,acceptable,3,4,missing: gives or signals examples,"**Machine Learning (ML) vs Deep Learning (DL)**

Machine Learning and Deep Learning are both subfields of Artificial Intelligence (AI) that enable computers to learn from data and make predictions or decisions. However, they differ in their approach, complexity, and application.

**Machine Learning (ML)**

Machine Learning is a type of AI that uses algorithms to analyze data and make predictions or decisions. It involves training a model on a dataset to learn patterns and relationships between variables. ML algorithms can be categorized into three types:

1. **Supervised Learning**: The model is trained on labeled data to learn the relationship between inputs and outputs.
"
measurements/1254633-track-a1-server-sweep-x86/concurrency/vanilla/model-1-mandatory/t_32_c_2048_p_8_n_128_k_f16_v_f16,mandatory_long_transformer_cpu,long,2,,,,128,200,,weak,2,4,missing: mentions quantisation; explains quantisation benefit,"Based on the context provided, the main challenges when running large transformer models on CPU-only systems are:

1. **Large Memory Footprint**: Transformer models require a significant amount of memory to store their weights, attention mechanisms, and input sequences. This can lead to memory overflow issues on systems with limited RAM, making it difficult to run large models on CPU-only systems.

2. **Repeated Loading of We"
measurements/1254633-track-a1-server-sweep-x86/concurrency/vanilla/model-1-mandatory/t_32_c_2048_p_8_n_128_k_f16_v_f16,mandatory_medium_ml_vs_dl,medium,3,,,,128,200,,acceptable,3,4,missing: gives or signals examples,"**Machine Learning (ML) vs Deep Learning (DL)**

Machine Learning and Deep Learning are both subfields of Artificial Intelligence (AI) that enable computers to learn from data and make predictions or decisions. However, they differ in their approach, complexity, and application.

**Machine Learning (ML)**

Machine Learning is a type of AI that uses algorithms to analyze data and make predictions or decisions. It involves training a model on a dataset to learn patterns and relationships between variables. ML algorithms can be categorized into three types:

1. **Supervised Learning**: The model is trained on labeled data to learn the relationship between inputs and outputs.
"
measurements/1254633-track-a1-server-sweep-x86/concurrency/vanilla/model-1-mandatory/t_32_c_2048_p_8_n_128_k_f16_v_f16,mandatory_long_transformer_cpu,long,3,,,,128,200,,weak,2,4,missing: mentions quantisation; explains quantisation benefit,"Based on the context provided, the main challenges when running large transformer models on CPU-only systems are:

1. **Large Memory Footprint**: Transformer models require a significant amount of memory to store their weights, attention mechanisms, and input sequences. This can lead to memory overflow issues on systems with limited RAM, making it difficult to run large models on CPU-only systems.

2. **Repeated Loading of We"
measurements/1254633-track-a1-server-sweep-x86/context-length/tq/model-1-mandatory/t_32_c_1024_p_1_n_128_k_turbo3_v_turbo3,mandatory_short_capital_france,short,1,,,,128,200,,good,1,1,all rubric checks passed,The capital of France is Paris.
measurements/1254633-track-a1-server-sweep-x86/context-length/tq/model-1-mandatory/t_32_c_1024_p_1_n_128_k_turbo3_v_turbo3,mandatory_medium_ml_vs_dl,medium,1,,,,128,200,,acceptable,3,4,missing: gives or signals examples,"**Machine Learning (ML) vs Deep Learning (DL)**

Machine Learning and Deep Learning are both subfields of Artificial Intelligence (AI) that deal with developing algorithms and statistical models to enable computers to perform tasks that typically require human intelligence. However, there are key differences between the two:

### Key Differences:

1. **Complexity**: Deep Learning models are more complex and have many layers, whereas Machine Learning models are relatively simple and have fewer layers.
2. **Data Requirements**: Deep Learning requires a large amount of data to train, whereas Machine Learning can work with smaller datasets.
3. **Model Architecture**: Deep Learning models use a"
measurements/1254633-track-a1-server-sweep-x86/context-length/tq/model-1-mandatory/t_32_c_1024_p_1_n_128_k_turbo3_v_turbo3,mandatory_long_transformer_cpu,long,1,,,,128,200,,acceptable,3,4,missing: explains quantisation benefit,"Based on the context provided, the main challenges when running large transformer models on CPU-only systems are:

1. **Large memory footprint**: Transformer models require a significant amount of memory to store their weights, attention mechanisms, and input sequences. This can be a challenge for systems with limited memory, such as those with 32 GB or less of RAM.

2. **Repeated loading of weights during the decoding phase**: During inference, the model's weights need to be loaded repeatedly, which can lead to slow inference times and increased memory usage.

Quantization can help address these challenges in several ways:

1. **Reducing model size**: Quantization"
measurements/1254633-track-a1-server-sweep-x86/context-length/tq/model-1-mandatory/t_32_c_1024_p_1_n_128_k_turbo3_v_turbo3,mandatory_short_capital_france,short,2,,,,128,200,,good,1,1,all rubric checks passed,The capital of France is Paris.
measurements/1254633-track-a1-server-sweep-x86/context-length/tq/model-1-mandatory/t_32_c_1024_p_1_n_128_k_turbo3_v_turbo3,mandatory_medium_ml_vs_dl,medium,2,,,,128,200,,acceptable,3,4,missing: gives or signals examples,"**Machine Learning (ML) vs Deep Learning (DL)**

Machine Learning and Deep Learning are both subfields of Artificial Intelligence (AI) that deal with developing algorithms and statistical models to enable computers to perform tasks that typically require human intelligence. However, there are key differences between the two:

### Key Differences:

1. **Complexity**: Deep Learning models are more complex and have many layers, whereas Machine Learning models are relatively simple and have fewer layers.
2. **Data Requirements**: Deep Learning requires a large amount of data to train, whereas Machine Learning can work with smaller datasets.
3. **Model Architecture**: Deep Learning models use a"
measurements/1254633-track-a1-server-sweep-x86/context-length/tq/model-1-mandatory/t_32_c_1024_p_1_n_128_k_turbo3_v_turbo3,mandatory_long_transformer_cpu,long,2,,,,128,200,,acceptable,3,4,missing: explains quantisation benefit,"Based on the context provided, the main challenges when running large transformer models on CPU-only systems are:

1. **Large memory footprint**: Transformer models require a significant amount of memory to store their weights, attention mechanisms, and input sequences. This can be a challenge for systems with limited memory, such as those with 32 GB or less of RAM.

2. **Repeated loading of weights during the decoding phase**: During inference, the model's weights need to be loaded repeatedly, which can lead to slow inference times and increased memory usage.

Quantization can help address these challenges in several ways:

1. **Reducing model size**: Quantization"
measurements/1254633-track-a1-server-sweep-x86/context-length/tq/model-1-mandatory/t_32_c_1024_p_1_n_128_k_turbo3_v_turbo3,mandatory_short_capital_france,short,3,,,,128,200,,good,1,1,all rubric checks passed,The capital of France is Paris.
measurements/1254633-track-a1-server-sweep-x86/context-length/tq/model-1-mandatory/t_32_c_1024_p_1_n_128_k_turbo3_v_turbo3,mandatory_medium_ml_vs_dl,medium,3,,,,128,200,,acceptable,3,4,missing: gives or signals examples,"**Machine Learning (ML) vs Deep Learning (DL)**

Machine Learning and Deep Learning are both subfields of Artificial Intelligence (AI) that deal with developing algorithms and statistical models to enable computers to perform tasks that typically require human intelligence. However, there are key differences between the two:

### Key Differences:

1. **Complexity**: Deep Learning models are more complex and have many layers, whereas Machine Learning models are relatively simple and have fewer layers.
2. **Data Requirements**: Deep Learning requires a large amount of data to train, whereas Machine Learning can work with smaller datasets.
3. **Model Architecture**: Deep Learning models use a"
measurements/1254633-track-a1-server-sweep-x86/context-length/tq/model-1-mandatory/t_32_c_1024_p_1_n_128_k_turbo3_v_turbo3,mandatory_long_transformer_cpu,long,3,,,,128,200,,acceptable,3,4,missing: explains quantisation benefit,"Based on the context provided, the main challenges when running large transformer models on CPU-only systems are:

1. **Large memory footprint**: Transformer models require a significant amount of memory to store their weights, attention mechanisms, and input sequences. This can be a challenge for systems with limited memory, such as those with 32 GB or less of RAM.

2. **Repeated loading of weights during the decoding phase**: During inference, the model's weights need to be loaded repeatedly, which can lead to slow inference times and increased memory usage.

Quantization can help address these challenges in several ways:

1. **Reducing model size**: Quantization"
measurements/1254633-track-a1-server-sweep-x86/context-length/tq/model-1-mandatory/t_32_c_1024_p_1_n_128_k_turbo4_v_turbo4,mandatory_short_capital_france,short,1,,,,128,200,,good,1,1,all rubric checks passed,The capital of France is Paris.
measurements/1254633-track-a1-server-sweep-x86/context-length/tq/model-1-mandatory/t_32_c_1024_p_1_n_128_k_turbo4_v_turbo4,mandatory_medium_ml_vs_dl,medium,1,,,,128,200,,good,4,4,all rubric checks passed,"**Machine Learning (ML) vs Deep Learning (DL)**

Machine Learning and Deep Learning are both subfields of Artificial Intelligence (AI) that enable computers to learn from data and make predictions or decisions. While they share some similarities, there are key differences between the two:

**Machine Learning (ML)**

* Focuses on using algorithms to analyze and make predictions from data.
* Typically uses shallow models (few layers) and is often based on traditional statistical techniques.
* Can be used for a wide range of tasks, including classification, regression, clustering, and more.
* Requires a large amount of labeled data to train the model.
"
measurements/1254633-track-a1-server-sweep-x86/context-length/tq/model-1-mandatory/t_32_c_1024_p_1_n_128_k_turbo4_v_turbo4,mandatory_long_transformer_cpu,long,1,,,,128,200,,acceptable,3,4,missing: explains quantisation benefit,"Based on the context provided, the main challenges when running large transformer models on CPU-only systems are:

1. **Large Memory Footprint**: Transformer models require a significant amount of memory to store their weights and activations. CPU-only systems often have limited memory, making it difficult to run large transformer models.

2. **Repeated Loading of Weights**: During the decoding phase, the model's weights need to be loaded repeatedly, which can be time-consuming and inefficient. This is because the weights are typically stored in memory, and loading them from disk or other storage can be a bottleneck.

Quantisation can help address these challenges in several ways:

1"
measurements/1254633-track-a1-server-sweep-x86/context-length/tq/model-1-mandatory/t_32_c_1024_p_1_n_128_k_turbo4_v_turbo4,mandatory_short_capital_france,short,2,,,,128,200,,good,1,1,all rubric checks passed,The capital of France is Paris.
measurements/1254633-track-a1-server-sweep-x86/context-length/tq/model-1-mandatory/t_32_c_1024_p_1_n_128_k_turbo4_v_turbo4,mandatory_medium_ml_vs_dl,medium,2,,,,128,200,,good,4,4,all rubric checks passed,"**Machine Learning (ML) vs Deep Learning (DL)**

Machine Learning and Deep Learning are both subfields of Artificial Intelligence (AI) that enable computers to learn from data and make predictions or decisions. While they share some similarities, there are key differences between the two:

**Machine Learning (ML)**

* Focuses on using algorithms to analyze and make predictions from data.
* Typically uses shallow models (few layers) and is often based on traditional statistical techniques.
* Can be used for a wide range of tasks, including classification, regression, clustering, and more.
* Requires a large amount of labeled data to train the model.
"
measurements/1254633-track-a1-server-sweep-x86/context-length/tq/model-1-mandatory/t_32_c_1024_p_1_n_128_k_turbo4_v_turbo4,mandatory_long_transformer_cpu,long,2,,,,128,200,,acceptable,3,4,missing: explains quantisation benefit,"Based on the context provided, the main challenges when running large transformer models on CPU-only systems are:

1. **Large Memory Footprint**: Transformer models require a significant amount of memory to store their weights and activations. CPU-only systems often have limited memory, making it difficult to run large transformer models.

2. **Repeated Loading of Weights**: During the decoding phase, the model's weights need to be loaded repeatedly, which can be time-consuming and inefficient. This is because the weights are typically stored in memory, and loading them from disk or other storage can be a bottleneck.

Quantisation can help address these challenges in several ways:

1"
measurements/1254633-track-a1-server-sweep-x86/context-length/tq/model-1-mandatory/t_32_c_1024_p_1_n_128_k_turbo4_v_turbo4,mandatory_short_capital_france,short,3,,,,128,200,,good,1,1,all rubric checks passed,The capital of France is Paris.
measurements/1254633-track-a1-server-sweep-x86/context-length/tq/model-1-mandatory/t_32_c_1024_p_1_n_128_k_turbo4_v_turbo4,mandatory_medium_ml_vs_dl,medium,3,,,,128,200,,good,4,4,all rubric checks passed,"**Machine Learning (ML) vs Deep Learning (DL)**

Machine Learning and Deep Learning are both subfields of Artificial Intelligence (AI) that enable computers to learn from data and make predictions or decisions. While they share some similarities, there are key differences between the two:

**Machine Learning (ML)**

* Focuses on using algorithms to analyze and make predictions from data.
* Typically uses shallow models (few layers) and is often based on traditional statistical techniques.
* Can be used for a wide range of tasks, including classification, regression, clustering, and more.
* Requires a large amount of labeled data to train the model.
"
measurements/1254633-track-a1-server-sweep-x86/context-length/tq/model-1-mandatory/t_32_c_1024_p_1_n_128_k_turbo4_v_turbo4,mandatory_long_transformer_cpu,long,3,,,,128,200,,acceptable,3,4,missing: explains quantisation benefit,"Based on the context provided, the main challenges when running large transformer models on CPU-only systems are:

1. **Large Memory Footprint**: Transformer models require a significant amount of memory to store their weights and activations. CPU-only systems often have limited memory, making it difficult to run large transformer models.

2. **Repeated Loading of Weights**: During the decoding phase, the model's weights need to be loaded repeatedly, which can be time-consuming and inefficient. This is because the weights are typically stored in memory, and loading them from disk or other storage can be a bottleneck.

Quantisation can help address these challenges in several ways:

1"
measurements/1254633-track-a1-server-sweep-x86/context-length/tq/model-1-mandatory/t_32_c_2048_p_1_n_128_k_turbo3_v_turbo3,mandatory_short_capital_france,short,1,,,,128,200,,good,1,1,all rubric checks passed,The capital of France is Paris.
measurements/1254633-track-a1-server-sweep-x86/context-length/tq/model-1-mandatory/t_32_c_2048_p_1_n_128_k_turbo3_v_turbo3,mandatory_medium_ml_vs_dl,medium,1,,,,128,200,,acceptable,3,4,missing: gives or signals examples,"**Machine Learning (ML) vs Deep Learning (DL)**

Machine Learning and Deep Learning are both subfields of Artificial Intelligence (AI) that deal with developing algorithms and statistical models to enable computers to perform tasks that typically require human intelligence. However, there are key differences between the two:

### Key Differences:

1. **Complexity**: Deep Learning models are more complex and have many layers, whereas Machine Learning models are relatively simple and have fewer layers.
2. **Data Requirements**: Deep Learning requires a large amount of data to train, whereas Machine Learning can work with smaller datasets.
3. **Model Architecture**: Deep Learning models use a"
measurements/1254633-track-a1-server-sweep-x86/context-length/tq/model-1-mandatory/t_32_c_2048_p_1_n_128_k_turbo3_v_turbo3,mandatory_long_transformer_cpu,long,1,,,,128,200,,acceptable,3,4,missing: explains quantisation benefit,"Based on the context provided, the main challenges when running large transformer models on CPU-only systems are:

1. **Large memory footprint**: Transformer models require a significant amount of memory to store their weights, attention mechanisms, and input sequences. This can be a challenge for systems with limited memory, such as those with 32 GB or less of RAM.

2. **Repeated loading of weights during the decoding phase**: During inference, the model's weights need to be loaded repeatedly, which can lead to slow inference times and increased memory usage.

Quantization can help address these challenges in several ways:

1. **Reducing model size**: Quantization"
measurements/1254633-track-a1-server-sweep-x86/context-length/tq/model-1-mandatory/t_32_c_2048_p_1_n_128_k_turbo3_v_turbo3,mandatory_short_capital_france,short,2,,,,128,200,,good,1,1,all rubric checks passed,The capital of France is Paris.
measurements/1254633-track-a1-server-sweep-x86/context-length/tq/model-1-mandatory/t_32_c_2048_p_1_n_128_k_turbo3_v_turbo3,mandatory_medium_ml_vs_dl,medium,2,,,,128,200,,acceptable,3,4,missing: gives or signals examples,"**Machine Learning (ML) vs Deep Learning (DL)**

Machine Learning and Deep Learning are both subfields of Artificial Intelligence (AI) that deal with developing algorithms and statistical models to enable computers to perform tasks that typically require human intelligence. However, there are key differences between the two:

### Key Differences:

1. **Complexity**: Deep Learning models are more complex and have many layers, whereas Machine Learning models are relatively simple and have fewer layers.
2. **Data Requirements**: Deep Learning requires a large amount of data to train, whereas Machine Learning can work with smaller datasets.
3. **Model Architecture**: Deep Learning models use a"
measurements/1254633-track-a1-server-sweep-x86/context-length/tq/model-1-mandatory/t_32_c_2048_p_1_n_128_k_turbo3_v_turbo3,mandatory_long_transformer_cpu,long,2,,,,128,200,,acceptable,3,4,missing: explains quantisation benefit,"Based on the context provided, the main challenges when running large transformer models on CPU-only systems are:

1. **Large memory footprint**: Transformer models require a significant amount of memory to store their weights, attention mechanisms, and input sequences. This can be a challenge for systems with limited memory, such as those with 32 GB or less of RAM.

2. **Repeated loading of weights during the decoding phase**: During inference, the model's weights need to be loaded repeatedly, which can lead to slow inference times and increased memory usage.

Quantization can help address these challenges in several ways:

1. **Reducing model size**: Quantization"
measurements/1254633-track-a1-server-sweep-x86/context-length/tq/model-1-mandatory/t_32_c_2048_p_1_n_128_k_turbo3_v_turbo3,mandatory_short_capital_france,short,3,,,,128,200,,good,1,1,all rubric checks passed,The capital of France is Paris.
measurements/1254633-track-a1-server-sweep-x86/context-length/tq/model-1-mandatory/t_32_c_2048_p_1_n_128_k_turbo3_v_turbo3,mandatory_medium_ml_vs_dl,medium,3,,,,128,200,,acceptable,3,4,missing: gives or signals examples,"**Machine Learning (ML) vs Deep Learning (DL)**

Machine Learning and Deep Learning are both subfields of Artificial Intelligence (AI) that deal with developing algorithms and statistical models to enable computers to perform tasks that typically require human intelligence. However, there are key differences between the two:

### Key Differences:

1. **Complexity**: Deep Learning models are more complex and have many layers, whereas Machine Learning models are relatively simple and have fewer layers.
2. **Data Requirements**: Deep Learning requires a large amount of data to train, whereas Machine Learning can work with smaller datasets.
3. **Model Architecture**: Deep Learning models use a"
measurements/1254633-track-a1-server-sweep-x86/context-length/tq/model-1-mandatory/t_32_c_2048_p_1_n_128_k_turbo3_v_turbo3,mandatory_long_transformer_cpu,long,3,,,,128,200,,acceptable,3,4,missing: explains quantisation benefit,"Based on the context provided, the main challenges when running large transformer models on CPU-only systems are:

1. **Large memory footprint**: Transformer models require a significant amount of memory to store their weights, attention mechanisms, and input sequences. This can be a challenge for systems with limited memory, such as those with 32 GB or less of RAM.

2. **Repeated loading of weights during the decoding phase**: During inference, the model's weights need to be loaded repeatedly, which can lead to slow inference times and increased memory usage.

Quantization can help address these challenges in several ways:

1. **Reducing model size**: Quantization"
measurements/1254633-track-a1-server-sweep-x86/context-length/tq/model-1-mandatory/t_32_c_2048_p_1_n_128_k_turbo4_v_turbo4,mandatory_short_capital_france,short,1,,,,128,200,,good,1,1,all rubric checks passed,The capital of France is Paris.
measurements/1254633-track-a1-server-sweep-x86/context-length/tq/model-1-mandatory/t_32_c_2048_p_1_n_128_k_turbo4_v_turbo4,mandatory_medium_ml_vs_dl,medium,1,,,,128,200,,good,4,4,all rubric checks passed,"**Machine Learning (ML) vs Deep Learning (DL)**

Machine Learning and Deep Learning are both subfields of Artificial Intelligence (AI) that enable computers to learn from data and make predictions or decisions. While they share some similarities, there are key differences between the two:

**Machine Learning (ML)**

* Focuses on using algorithms to analyze and make predictions from data.
* Typically uses shallow models (few layers) and is often based on traditional statistical techniques.
* Can be used for a wide range of tasks, including classification, regression, clustering, and more.
* Requires a large amount of labeled data to train the model.
"
measurements/1254633-track-a1-server-sweep-x86/context-length/tq/model-1-mandatory/t_32_c_2048_p_1_n_128_k_turbo4_v_turbo4,mandatory_long_transformer_cpu,long,1,,,,128,200,,acceptable,3,4,missing: explains quantisation benefit,"Based on the context provided, the main challenges when running large transformer models on CPU-only systems are:

1. **Large Memory Footprint**: Transformer models require a significant amount of memory to store their weights and activations. CPU-only systems often have limited memory, making it difficult to run large transformer models.

2. **Repeated Loading of Weights**: During the decoding phase, the model's weights need to be loaded repeatedly, which can be time-consuming and inefficient. This is because the weights are typically stored in memory, and loading them from disk or other storage can be a bottleneck.

Quantisation can help address these challenges in several ways:

1"
measurements/1254633-track-a1-server-sweep-x86/context-length/tq/model-1-mandatory/t_32_c_2048_p_1_n_128_k_turbo4_v_turbo4,mandatory_short_capital_france,short,2,,,,128,200,,good,1,1,all rubric checks passed,The capital of France is Paris.
measurements/1254633-track-a1-server-sweep-x86/context-length/tq/model-1-mandatory/t_32_c_2048_p_1_n_128_k_turbo4_v_turbo4,mandatory_medium_ml_vs_dl,medium,2,,,,128,200,,good,4,4,all rubric checks passed,"**Machine Learning (ML) vs Deep Learning (DL)**

Machine Learning and Deep Learning are both subfields of Artificial Intelligence (AI) that enable computers to learn from data and make predictions or decisions. While they share some similarities, there are key differences between the two:

**Machine Learning (ML)**

* Focuses on using algorithms to analyze and make predictions from data.
* Typically uses shallow models (few layers) and is often based on traditional statistical techniques.
* Can be used for a wide range of tasks, including classification, regression, clustering, and more.
* Requires a large amount of labeled data to train the model.
"
measurements/1254633-track-a1-server-sweep-x86/context-length/tq/model-1-mandatory/t_32_c_2048_p_1_n_128_k_turbo4_v_turbo4,mandatory_long_transformer_cpu,long,2,,,,128,200,,acceptable,3,4,missing: explains quantisation benefit,"Based on the context provided, the main challenges when running large transformer models on CPU-only systems are:

1. **Large Memory Footprint**: Transformer models require a significant amount of memory to store their weights and activations. CPU-only systems often have limited memory, making it difficult to run large transformer models.

2. **Repeated Loading of Weights**: During the decoding phase, the model's weights need to be loaded repeatedly, which can be time-consuming and inefficient. This is because the weights are typically stored in memory, and loading them from disk or other storage can be a bottleneck.

Quantisation can help address these challenges in several ways:

1"
measurements/1254633-track-a1-server-sweep-x86/context-length/tq/model-1-mandatory/t_32_c_2048_p_1_n_128_k_turbo4_v_turbo4,mandatory_short_capital_france,short,3,,,,128,200,,good,1,1,all rubric checks passed,The capital of France is Paris.
measurements/1254633-track-a1-server-sweep-x86/context-length/tq/model-1-mandatory/t_32_c_2048_p_1_n_128_k_turbo4_v_turbo4,mandatory_medium_ml_vs_dl,medium,3,,,,128,200,,good,4,4,all rubric checks passed,"**Machine Learning (ML) vs Deep Learning (DL)**

Machine Learning and Deep Learning are both subfields of Artificial Intelligence (AI) that enable computers to learn from data and make predictions or decisions. While they share some similarities, there are key differences between the two:

**Machine Learning (ML)**

* Focuses on using algorithms to analyze and make predictions from data.
* Typically uses shallow models (few layers) and is often based on traditional statistical techniques.
* Can be used for a wide range of tasks, including classification, regression, clustering, and more.
* Requires a large amount of labeled data to train the model.
"
measurements/1254633-track-a1-server-sweep-x86/context-length/tq/model-1-mandatory/t_32_c_2048_p_1_n_128_k_turbo4_v_turbo4,mandatory_long_transformer_cpu,long,3,,,,128,200,,acceptable,3,4,missing: explains quantisation benefit,"Based on the context provided, the main challenges when running large transformer models on CPU-only systems are:

1. **Large Memory Footprint**: Transformer models require a significant amount of memory to store their weights and activations. CPU-only systems often have limited memory, making it difficult to run large transformer models.

2. **Repeated Loading of Weights**: During the decoding phase, the model's weights need to be loaded repeatedly, which can be time-consuming and inefficient. This is because the weights are typically stored in memory, and loading them from disk or other storage can be a bottleneck.

Quantisation can help address these challenges in several ways:

1"
measurements/1254633-track-a1-server-sweep-x86/context-length/tq/model-1-mandatory/t_32_c_4096_p_1_n_128_k_turbo3_v_turbo3,mandatory_short_capital_france,short,1,,,,128,200,,good,1,1,all rubric checks passed,The capital of France is Paris.
measurements/1254633-track-a1-server-sweep-x86/context-length/tq/model-1-mandatory/t_32_c_4096_p_1_n_128_k_turbo3_v_turbo3,mandatory_medium_ml_vs_dl,medium,1,,,,128,200,,acceptable,3,4,missing: gives or signals examples,"**Machine Learning (ML) vs Deep Learning (DL)**

Machine Learning and Deep Learning are both subfields of Artificial Intelligence (AI) that deal with developing algorithms and statistical models to enable computers to perform tasks that typically require human intelligence. However, there are key differences between the two:

### Key Differences:

1. **Complexity**: Deep Learning models are more complex and have many layers, whereas Machine Learning models are relatively simple and have fewer layers.
2. **Data Requirements**: Deep Learning requires a large amount of data to train, whereas Machine Learning can work with smaller datasets.
3. **Model Architecture**: Deep Learning models use a"
measurements/1254633-track-a1-server-sweep-x86/context-length/tq/model-1-mandatory/t_32_c_4096_p_1_n_128_k_turbo3_v_turbo3,mandatory_long_transformer_cpu,long,1,,,,128,200,,acceptable,3,4,missing: explains quantisation benefit,"Based on the context provided, the main challenges when running large transformer models on CPU-only systems are:

1. **Large memory footprint**: Transformer models require a significant amount of memory to store their weights, attention mechanisms, and input sequences. This can be a challenge for systems with limited memory, such as those with 32 GB or less of RAM.

2. **Repeated loading of weights during the decoding phase**: During inference, the model's weights need to be loaded repeatedly, which can lead to slow inference times and increased memory usage.

Quantization can help address these challenges in several ways:

1. **Reducing model size**: Quantization"
measurements/1254633-track-a1-server-sweep-x86/context-length/tq/model-1-mandatory/t_32_c_4096_p_1_n_128_k_turbo3_v_turbo3,mandatory_short_capital_france,short,2,,,,128,200,,good,1,1,all rubric checks passed,The capital of France is Paris.
measurements/1254633-track-a1-server-sweep-x86/context-length/tq/model-1-mandatory/t_32_c_4096_p_1_n_128_k_turbo3_v_turbo3,mandatory_medium_ml_vs_dl,medium,2,,,,128,200,,acceptable,3,4,missing: gives or signals examples,"**Machine Learning (ML) vs Deep Learning (DL)**

Machine Learning and Deep Learning are both subfields of Artificial Intelligence (AI) that deal with developing algorithms and statistical models to enable computers to perform tasks that typically require human intelligence. However, there are key differences between the two:

### Key Differences:

1. **Complexity**: Deep Learning models are more complex and have many layers, whereas Machine Learning models are relatively simple and have fewer layers.
2. **Data Requirements**: Deep Learning requires a large amount of data to train, whereas Machine Learning can work with smaller datasets.
3. **Model Architecture**: Deep Learning models use a"
measurements/1254633-track-a1-server-sweep-x86/context-length/tq/model-1-mandatory/t_32_c_4096_p_1_n_128_k_turbo3_v_turbo3,mandatory_long_transformer_cpu,long,2,,,,128,200,,acceptable,3,4,missing: explains quantisation benefit,"Based on the context provided, the main challenges when running large transformer models on CPU-only systems are:

1. **Large memory footprint**: Transformer models require a significant amount of memory to store their weights, attention mechanisms, and input sequences. This can be a challenge for systems with limited memory, such as those with 32 GB or less of RAM.

2. **Repeated loading of weights during the decoding phase**: During inference, the model's weights need to be loaded repeatedly, which can lead to slow inference times and increased memory usage.

Quantization can help address these challenges in several ways:

1. **Reducing model size**: Quantization"
measurements/1254633-track-a1-server-sweep-x86/context-length/tq/model-1-mandatory/t_32_c_4096_p_1_n_128_k_turbo3_v_turbo3,mandatory_short_capital_france,short,3,,,,128,200,,good,1,1,all rubric checks passed,The capital of France is Paris.
measurements/1254633-track-a1-server-sweep-x86/context-length/tq/model-1-mandatory/t_32_c_4096_p_1_n_128_k_turbo3_v_turbo3,mandatory_medium_ml_vs_dl,medium,3,,,,128,200,,acceptable,3,4,missing: gives or signals examples,"**Machine Learning (ML) vs Deep Learning (DL)**

Machine Learning and Deep Learning are both subfields of Artificial Intelligence (AI) that deal with developing algorithms and statistical models to enable computers to perform tasks that typically require human intelligence. However, there are key differences between the two:

### Key Differences:

1. **Complexity**: Deep Learning models are more complex and have many layers, whereas Machine Learning models are relatively simple and have fewer layers.
2. **Data Requirements**: Deep Learning requires a large amount of data to train, whereas Machine Learning can work with smaller datasets.
3. **Model Architecture**: Deep Learning models use a"
measurements/1254633-track-a1-server-sweep-x86/context-length/tq/model-1-mandatory/t_32_c_4096_p_1_n_128_k_turbo3_v_turbo3,mandatory_long_transformer_cpu,long,3,,,,128,200,,acceptable,3,4,missing: explains quantisation benefit,"Based on the context provided, the main challenges when running large transformer models on CPU-only systems are:

1. **Large memory footprint**: Transformer models require a significant amount of memory to store their weights, attention mechanisms, and input sequences. This can be a challenge for systems with limited memory, such as those with 32 GB or less of RAM.

2. **Repeated loading of weights during the decoding phase**: During inference, the model's weights need to be loaded repeatedly, which can lead to slow inference times and increased memory usage.

Quantization can help address these challenges in several ways:

1. **Reducing model size**: Quantization"
measurements/1254633-track-a1-server-sweep-x86/context-length/tq/model-1-mandatory/t_32_c_4096_p_1_n_128_k_turbo4_v_turbo4,mandatory_short_capital_france,short,1,,,,128,200,,good,1,1,all rubric checks passed,The capital of France is Paris.
measurements/1254633-track-a1-server-sweep-x86/context-length/tq/model-1-mandatory/t_32_c_4096_p_1_n_128_k_turbo4_v_turbo4,mandatory_medium_ml_vs_dl,medium,1,,,,128,200,,good,4,4,all rubric checks passed,"**Machine Learning (ML) vs Deep Learning (DL)**

Machine Learning and Deep Learning are both subfields of Artificial Intelligence (AI) that enable computers to learn from data and make predictions or decisions. While they share some similarities, there are key differences between the two:

**Machine Learning (ML)**

* Focuses on using algorithms to analyze and make predictions from data.
* Typically uses shallow models (few layers) and is often based on traditional statistical techniques.
* Can be used for a wide range of tasks, including classification, regression, clustering, and more.
* Requires a large amount of labeled data to train the model.
"
measurements/1254633-track-a1-server-sweep-x86/context-length/tq/model-1-mandatory/t_32_c_4096_p_1_n_128_k_turbo4_v_turbo4,mandatory_long_transformer_cpu,long,1,,,,128,200,,acceptable,3,4,missing: explains quantisation benefit,"Based on the context provided, the main challenges when running large transformer models on CPU-only systems are:

1. **Large Memory Footprint**: Transformer models require a significant amount of memory to store their weights and activations. CPU-only systems often have limited memory, making it difficult to run large transformer models.

2. **Repeated Loading of Weights**: During the decoding phase, the model's weights need to be loaded repeatedly, which can be time-consuming and inefficient. This is because the weights are typically stored in memory, and loading them from disk or other storage can be a bottleneck.

Quantisation can help address these challenges in several ways:

1"
measurements/1254633-track-a1-server-sweep-x86/context-length/tq/model-1-mandatory/t_32_c_4096_p_1_n_128_k_turbo4_v_turbo4,mandatory_short_capital_france,short,2,,,,128,200,,good,1,1,all rubric checks passed,The capital of France is Paris.
measurements/1254633-track-a1-server-sweep-x86/context-length/tq/model-1-mandatory/t_32_c_4096_p_1_n_128_k_turbo4_v_turbo4,mandatory_medium_ml_vs_dl,medium,2,,,,128,200,,good,4,4,all rubric checks passed,"**Machine Learning (ML) vs Deep Learning (DL)**

Machine Learning and Deep Learning are both subfields of Artificial Intelligence (AI) that enable computers to learn from data and make predictions or decisions. While they share some similarities, there are key differences between the two:

**Machine Learning (ML)**

* Focuses on using algorithms to analyze and make predictions from data.
* Typically uses shallow models (few layers) and is often based on traditional statistical techniques.
* Can be used for a wide range of tasks, including classification, regression, clustering, and more.
* Requires a large amount of labeled data to train the model.
"
measurements/1254633-track-a1-server-sweep-x86/context-length/tq/model-1-mandatory/t_32_c_4096_p_1_n_128_k_turbo4_v_turbo4,mandatory_long_transformer_cpu,long,2,,,,128,200,,acceptable,3,4,missing: explains quantisation benefit,"Based on the context provided, the main challenges when running large transformer models on CPU-only systems are:

1. **Large Memory Footprint**: Transformer models require a significant amount of memory to store their weights and activations. CPU-only systems often have limited memory, making it difficult to run large transformer models.

2. **Repeated Loading of Weights**: During the decoding phase, the model's weights need to be loaded repeatedly, which can be time-consuming and inefficient. This is because the weights are typically stored in memory, and loading them from disk or other storage can be a bottleneck.

Quantisation can help address these challenges in several ways:

1"
measurements/1254633-track-a1-server-sweep-x86/context-length/tq/model-1-mandatory/t_32_c_4096_p_1_n_128_k_turbo4_v_turbo4,mandatory_short_capital_france,short,3,,,,128,200,,good,1,1,all rubric checks passed,The capital of France is Paris.
measurements/1254633-track-a1-server-sweep-x86/context-length/tq/model-1-mandatory/t_32_c_4096_p_1_n_128_k_turbo4_v_turbo4,mandatory_medium_ml_vs_dl,medium,3,,,,128,200,,good,4,4,all rubric checks passed,"**Machine Learning (ML) vs Deep Learning (DL)**

Machine Learning and Deep Learning are both subfields of Artificial Intelligence (AI) that enable computers to learn from data and make predictions or decisions. While they share some similarities, there are key differences between the two:

**Machine Learning (ML)**

* Focuses on using algorithms to analyze and make predictions from data.
* Typically uses shallow models (few layers) and is often based on traditional statistical techniques.
* Can be used for a wide range of tasks, including classification, regression, clustering, and more.
* Requires a large amount of labeled data to train the model.
"
measurements/1254633-track-a1-server-sweep-x86/context-length/tq/model-1-mandatory/t_32_c_4096_p_1_n_128_k_turbo4_v_turbo4,mandatory_long_transformer_cpu,long,3,,,,128,200,,acceptable,3,4,missing: explains quantisation benefit,"Based on the context provided, the main challenges when running large transformer models on CPU-only systems are:

1. **Large Memory Footprint**: Transformer models require a significant amount of memory to store their weights and activations. CPU-only systems often have limited memory, making it difficult to run large transformer models.

2. **Repeated Loading of Weights**: During the decoding phase, the model's weights need to be loaded repeatedly, which can be time-consuming and inefficient. This is because the weights are typically stored in memory, and loading them from disk or other storage can be a bottleneck.

Quantisation can help address these challenges in several ways:

1"
measurements/1254633-track-a1-server-sweep-x86/context-length/tq/model-1-mandatory/t_32_c_512_p_1_n_128_k_turbo3_v_turbo3,mandatory_short_capital_france,short,1,,,,128,200,,good,1,1,all rubric checks passed,The capital of France is Paris.
measurements/1254633-track-a1-server-sweep-x86/context-length/tq/model-1-mandatory/t_32_c_512_p_1_n_128_k_turbo3_v_turbo3,mandatory_medium_ml_vs_dl,medium,1,,,,128,200,,acceptable,3,4,missing: gives or signals examples,"**Machine Learning (ML) vs Deep Learning (DL)**

Machine Learning and Deep Learning are both subfields of Artificial Intelligence (AI) that deal with developing algorithms and statistical models to enable computers to perform tasks that typically require human intelligence. However, there are key differences between the two:

### Key Differences:

1. **Complexity**: Deep Learning models are more complex and have many layers, whereas Machine Learning models are relatively simple and have fewer layers.
2. **Data Requirements**: Deep Learning requires a large amount of data to train, whereas Machine Learning can work with smaller datasets.
3. **Model Architecture**: Deep Learning models use a"
measurements/1254633-track-a1-server-sweep-x86/context-length/tq/model-1-mandatory/t_32_c_512_p_1_n_128_k_turbo3_v_turbo3,mandatory_long_transformer_cpu,long,1,,,,128,200,,acceptable,3,4,missing: explains quantisation benefit,"Based on the context provided, the main challenges when running large transformer models on CPU-only systems are:

1. **Large memory footprint**: Transformer models require a significant amount of memory to store their weights, attention mechanisms, and input sequences. This can be a challenge for systems with limited memory, such as those with 32 GB or less of RAM.

2. **Repeated loading of weights during the decoding phase**: During inference, the model's weights need to be loaded repeatedly, which can lead to slow inference times and increased memory usage.

Quantization can help address these challenges in several ways:

1. **Reducing model size**: Quantization"
measurements/1254633-track-a1-server-sweep-x86/context-length/tq/model-1-mandatory/t_32_c_512_p_1_n_128_k_turbo3_v_turbo3,mandatory_short_capital_france,short,2,,,,128,200,,good,1,1,all rubric checks passed,The capital of France is Paris.
measurements/1254633-track-a1-server-sweep-x86/context-length/tq/model-1-mandatory/t_32_c_512_p_1_n_128_k_turbo3_v_turbo3,mandatory_medium_ml_vs_dl,medium,2,,,,128,200,,acceptable,3,4,missing: gives or signals examples,"**Machine Learning (ML) vs Deep Learning (DL)**

Machine Learning and Deep Learning are both subfields of Artificial Intelligence (AI) that deal with developing algorithms and statistical models to enable computers to perform tasks that typically require human intelligence. However, there are key differences between the two:

### Key Differences:

1. **Complexity**: Deep Learning models are more complex and have many layers, whereas Machine Learning models are relatively simple and have fewer layers.
2. **Data Requirements**: Deep Learning requires a large amount of data to train, whereas Machine Learning can work with smaller datasets.
3. **Model Architecture**: Deep Learning models use a"
measurements/1254633-track-a1-server-sweep-x86/context-length/tq/model-1-mandatory/t_32_c_512_p_1_n_128_k_turbo3_v_turbo3,mandatory_long_transformer_cpu,long,2,,,,128,200,,acceptable,3,4,missing: explains quantisation benefit,"Based on the context provided, the main challenges when running large transformer models on CPU-only systems are:

1. **Large memory footprint**: Transformer models require a significant amount of memory to store their weights, attention mechanisms, and input sequences. This can be a challenge for systems with limited memory, such as those with 32 GB or less of RAM.

2. **Repeated loading of weights during the decoding phase**: During inference, the model's weights need to be loaded repeatedly, which can lead to slow inference times and increased memory usage.

Quantization can help address these challenges in several ways:

1. **Reducing model size**: Quantization"
measurements/1254633-track-a1-server-sweep-x86/context-length/tq/model-1-mandatory/t_32_c_512_p_1_n_128_k_turbo3_v_turbo3,mandatory_short_capital_france,short,3,,,,128,200,,good,1,1,all rubric checks passed,The capital of France is Paris.
measurements/1254633-track-a1-server-sweep-x86/context-length/tq/model-1-mandatory/t_32_c_512_p_1_n_128_k_turbo3_v_turbo3,mandatory_medium_ml_vs_dl,medium,3,,,,128,200,,acceptable,3,4,missing: gives or signals examples,"**Machine Learning (ML) vs Deep Learning (DL)**

Machine Learning and Deep Learning are both subfields of Artificial Intelligence (AI) that deal with developing algorithms and statistical models to enable computers to perform tasks that typically require human intelligence. However, there are key differences between the two:

### Key Differences:

1. **Complexity**: Deep Learning models are more complex and have many layers, whereas Machine Learning models are relatively simple and have fewer layers.
2. **Data Requirements**: Deep Learning requires a large amount of data to train, whereas Machine Learning can work with smaller datasets.
3. **Model Architecture**: Deep Learning models use a"
measurements/1254633-track-a1-server-sweep-x86/context-length/tq/model-1-mandatory/t_32_c_512_p_1_n_128_k_turbo3_v_turbo3,mandatory_long_transformer_cpu,long,3,,,,128,200,,acceptable,3,4,missing: explains quantisation benefit,"Based on the context provided, the main challenges when running large transformer models on CPU-only systems are:

1. **Large memory footprint**: Transformer models require a significant amount of memory to store their weights, attention mechanisms, and input sequences. This can be a challenge for systems with limited memory, such as those with 32 GB or less of RAM.

2. **Repeated loading of weights during the decoding phase**: During inference, the model's weights need to be loaded repeatedly, which can lead to slow inference times and increased memory usage.

Quantization can help address these challenges in several ways:

1. **Reducing model size**: Quantization"
measurements/1254633-track-a1-server-sweep-x86/context-length/tq/model-1-mandatory/t_32_c_512_p_1_n_128_k_turbo4_v_turbo4,mandatory_short_capital_france,short,1,,,,128,200,,good,1,1,all rubric checks passed,The capital of France is Paris.
measurements/1254633-track-a1-server-sweep-x86/context-length/tq/model-1-mandatory/t_32_c_512_p_1_n_128_k_turbo4_v_turbo4,mandatory_medium_ml_vs_dl,medium,1,,,,128,200,,good,4,4,all rubric checks passed,"**Machine Learning (ML) vs Deep Learning (DL)**

Machine Learning and Deep Learning are both subfields of Artificial Intelligence (AI) that enable computers to learn from data and make predictions or decisions. While they share some similarities, there are key differences between the two:

**Machine Learning (ML)**

* Focuses on using algorithms to analyze and make predictions from data.
* Typically uses shallow models (few layers) and is often based on traditional statistical techniques.
* Can be used for a wide range of tasks, including classification, regression, clustering, and more.
* Requires a large amount of labeled data to train the model.
"
measurements/1254633-track-a1-server-sweep-x86/context-length/tq/model-1-mandatory/t_32_c_512_p_1_n_128_k_turbo4_v_turbo4,mandatory_long_transformer_cpu,long,1,,,,128,200,,acceptable,3,4,missing: explains quantisation benefit,"Based on the context provided, the main challenges when running large transformer models on CPU-only systems are:

1. **Large Memory Footprint**: Transformer models require a significant amount of memory to store their weights and activations. CPU-only systems often have limited memory, making it difficult to run large transformer models.

2. **Repeated Loading of Weights**: During the decoding phase, the model's weights need to be loaded repeatedly, which can be time-consuming and inefficient. This is because the weights are typically stored in memory, and loading them from disk or other storage can be a bottleneck.

Quantisation can help address these challenges in several ways:

1"
measurements/1254633-track-a1-server-sweep-x86/context-length/tq/model-1-mandatory/t_32_c_512_p_1_n_128_k_turbo4_v_turbo4,mandatory_short_capital_france,short,2,,,,128,200,,good,1,1,all rubric checks passed,The capital of France is Paris.
measurements/1254633-track-a1-server-sweep-x86/context-length/tq/model-1-mandatory/t_32_c_512_p_1_n_128_k_turbo4_v_turbo4,mandatory_medium_ml_vs_dl,medium,2,,,,128,200,,good,4,4,all rubric checks passed,"**Machine Learning (ML) vs Deep Learning (DL)**

Machine Learning and Deep Learning are both subfields of Artificial Intelligence (AI) that enable computers to learn from data and make predictions or decisions. While they share some similarities, there are key differences between the two:

**Machine Learning (ML)**

* Focuses on using algorithms to analyze and make predictions from data.
* Typically uses shallow models (few layers) and is often based on traditional statistical techniques.
* Can be used for a wide range of tasks, including classification, regression, clustering, and more.
* Requires a large amount of labeled data to train the model.
"
measurements/1254633-track-a1-server-sweep-x86/context-length/tq/model-1-mandatory/t_32_c_512_p_1_n_128_k_turbo4_v_turbo4,mandatory_long_transformer_cpu,long,2,,,,128,200,,acceptable,3,4,missing: explains quantisation benefit,"Based on the context provided, the main challenges when running large transformer models on CPU-only systems are:

1. **Large Memory Footprint**: Transformer models require a significant amount of memory to store their weights and activations. CPU-only systems often have limited memory, making it difficult to run large transformer models.

2. **Repeated Loading of Weights**: During the decoding phase, the model's weights need to be loaded repeatedly, which can be time-consuming and inefficient. This is because the weights are typically stored in memory, and loading them from disk or other storage can be a bottleneck.

Quantisation can help address these challenges in several ways:

1"
measurements/1254633-track-a1-server-sweep-x86/context-length/tq/model-1-mandatory/t_32_c_512_p_1_n_128_k_turbo4_v_turbo4,mandatory_short_capital_france,short,3,,,,128,200,,good,1,1,all rubric checks passed,The capital of France is Paris.
measurements/1254633-track-a1-server-sweep-x86/context-length/tq/model-1-mandatory/t_32_c_512_p_1_n_128_k_turbo4_v_turbo4,mandatory_medium_ml_vs_dl,medium,3,,,,128,200,,good,4,4,all rubric checks passed,"**Machine Learning (ML) vs Deep Learning (DL)**

Machine Learning and Deep Learning are both subfields of Artificial Intelligence (AI) that enable computers to learn from data and make predictions or decisions. While they share some similarities, there are key differences between the two:

**Machine Learning (ML)**

* Focuses on using algorithms to analyze and make predictions from data.
* Typically uses shallow models (few layers) and is often based on traditional statistical techniques.
* Can be used for a wide range of tasks, including classification, regression, clustering, and more.
* Requires a large amount of labeled data to train the model.
"
measurements/1254633-track-a1-server-sweep-x86/context-length/tq/model-1-mandatory/t_32_c_512_p_1_n_128_k_turbo4_v_turbo4,mandatory_long_transformer_cpu,long,3,,,,128,200,,acceptable,3,4,missing: explains quantisation benefit,"Based on the context provided, the main challenges when running large transformer models on CPU-only systems are:

1. **Large Memory Footprint**: Transformer models require a significant amount of memory to store their weights and activations. CPU-only systems often have limited memory, making it difficult to run large transformer models.

2. **Repeated Loading of Weights**: During the decoding phase, the model's weights need to be loaded repeatedly, which can be time-consuming and inefficient. This is because the weights are typically stored in memory, and loading them from disk or other storage can be a bottleneck.

Quantisation can help address these challenges in several ways:

1"
measurements/1254633-track-a1-server-sweep-x86/context-length/vanilla/model-1-mandatory/t_32_c_1024_p_1_n_128_k_f16_v_f16,mandatory_short_capital_france,short,1,,,,128,200,,good,1,1,all rubric checks passed,The capital of France is Paris.
measurements/1254633-track-a1-server-sweep-x86/context-length/vanilla/model-1-mandatory/t_32_c_1024_p_1_n_128_k_f16_v_f16,mandatory_medium_ml_vs_dl,medium,1,,,,128,200,,acceptable,3,4,missing: gives or signals examples,"**Machine Learning (ML) vs Deep Learning (DL)**

Machine Learning and Deep Learning are both subfields of Artificial Intelligence (AI) that enable computers to learn from data and make predictions or decisions. However, they differ in their approach, complexity, and application.

**Machine Learning (ML)**

Machine Learning is a type of AI that uses algorithms to analyze data and make predictions or decisions. It involves training a model on a dataset to learn patterns and relationships between variables. ML algorithms can be categorized into three types:

1. **Supervised Learning**: The model is trained on labeled data to learn the relationship between inputs and outputs.
"
measurements/1254633-track-a1-server-sweep-x86/context-length/vanilla/model-1-mandatory/t_32_c_1024_p_1_n_128_k_f16_v_f16,mandatory_long_transformer_cpu,long,1,,,,128,200,,acceptable,3,4,missing: explains quantisation benefit,"Based on the context provided, the main challenges when running large transformer models on CPU-only systems are:

1. **Large Memory Footprint**: Transformer models require a significant amount of memory to store their weights, attention mechanisms, and input sequences. This can lead to memory overflow issues on systems with limited RAM, making it difficult to run large models on CPU-only systems.

2. **Repeated Loading of Weights**: During the decoding phase, the model needs to access its weights multiple times. This repeated loading of weights can lead to slow inference times, as the CPU needs to fetch the weights from memory multiple times.

Quantisation can help address these"
measurements/1254633-track-a1-server-sweep-x86/context-length/vanilla/model-1-mandatory/t_32_c_1024_p_1_n_128_k_f16_v_f16,mandatory_short_capital_france,short,2,,,,128,200,,good,1,1,all rubric checks passed,The capital of France is Paris.
measurements/1254633-track-a1-server-sweep-x86/context-length/vanilla/model-1-mandatory/t_32_c_1024_p_1_n_128_k_f16_v_f16,mandatory_medium_ml_vs_dl,medium,2,,,,128,200,,acceptable,3,4,missing: gives or signals examples,"**Machine Learning (ML) vs Deep Learning (DL)**

Machine Learning and Deep Learning are both subfields of Artificial Intelligence (AI) that enable computers to learn from data and make predictions or decisions. However, they differ in their approach, complexity, and application.

**Machine Learning (ML)**

Machine Learning is a type of AI that uses algorithms to analyze data and make predictions or decisions. It involves training a model on a dataset to learn patterns and relationships between variables. ML algorithms can be categorized into three types:

1. **Supervised Learning**: The model is trained on labeled data to learn the relationship between inputs and outputs.
"
measurements/1254633-track-a1-server-sweep-x86/context-length/vanilla/model-1-mandatory/t_32_c_1024_p_1_n_128_k_f16_v_f16,mandatory_long_transformer_cpu,long,2,,,,128,200,,acceptable,3,4,missing: explains quantisation benefit,"Based on the context provided, the main challenges when running large transformer models on CPU-only systems are:

1. **Large Memory Footprint**: Transformer models require a significant amount of memory to store their weights, attention mechanisms, and input sequences. This can lead to memory overflow issues on systems with limited RAM, making it difficult to run large models on CPU-only systems.

2. **Repeated Loading of Weights**: During the decoding phase, the model needs to access its weights multiple times. This repeated loading of weights can lead to slow inference times, as the CPU needs to fetch the weights from memory multiple times.

Quantisation can help address these"
measurements/1254633-track-a1-server-sweep-x86/context-length/vanilla/model-1-mandatory/t_32_c_1024_p_1_n_128_k_f16_v_f16,mandatory_short_capital_france,short,3,,,,128,200,,good,1,1,all rubric checks passed,The capital of France is Paris.
measurements/1254633-track-a1-server-sweep-x86/context-length/vanilla/model-1-mandatory/t_32_c_1024_p_1_n_128_k_f16_v_f16,mandatory_medium_ml_vs_dl,medium,3,,,,128,200,,acceptable,3,4,missing: gives or signals examples,"**Machine Learning (ML) vs Deep Learning (DL)**

Machine Learning and Deep Learning are both subfields of Artificial Intelligence (AI) that enable computers to learn from data and make predictions or decisions. However, they differ in their approach, complexity, and application.

**Machine Learning (ML)**

Machine Learning is a type of AI that uses algorithms to analyze data and make predictions or decisions. It involves training a model on a dataset to learn patterns and relationships between variables. ML algorithms can be categorized into three types:

1. **Supervised Learning**: The model is trained on labeled data to learn the relationship between inputs and outputs.
"
measurements/1254633-track-a1-server-sweep-x86/context-length/vanilla/model-1-mandatory/t_32_c_1024_p_1_n_128_k_f16_v_f16,mandatory_long_transformer_cpu,long,3,,,,128,200,,acceptable,3,4,missing: explains quantisation benefit,"Based on the context provided, the main challenges when running large transformer models on CPU-only systems are:

1. **Large Memory Footprint**: Transformer models require a significant amount of memory to store their weights, attention mechanisms, and input sequences. This can lead to memory overflow issues on systems with limited RAM, making it difficult to run large models on CPU-only systems.

2. **Repeated Loading of Weights**: During the decoding phase, the model needs to access its weights multiple times. This repeated loading of weights can lead to slow inference times, as the CPU needs to fetch the weights from memory multiple times.

Quantisation can help address these"
measurements/1254633-track-a1-server-sweep-x86/context-length/vanilla/model-1-mandatory/t_32_c_2048_p_1_n_128_k_f16_v_f16,mandatory_short_capital_france,short,1,,,,128,200,,good,1,1,all rubric checks passed,The capital of France is Paris.
measurements/1254633-track-a1-server-sweep-x86/context-length/vanilla/model-1-mandatory/t_32_c_2048_p_1_n_128_k_f16_v_f16,mandatory_medium_ml_vs_dl,medium,1,,,,128,200,,acceptable,3,4,missing: gives or signals examples,"**Machine Learning (ML) vs Deep Learning (DL)**

Machine Learning and Deep Learning are both subfields of Artificial Intelligence (AI) that enable computers to learn from data and make predictions or decisions. However, they differ in their approach, complexity, and application.

**Machine Learning (ML)**

Machine Learning is a type of AI that uses algorithms to analyze data and make predictions or decisions. It involves training a model on a dataset to learn patterns and relationships between variables. ML algorithms can be categorized into three types:

1. **Supervised Learning**: The model is trained on labeled data to learn the relationship between inputs and outputs.
"
measurements/1254633-track-a1-server-sweep-x86/context-length/vanilla/model-1-mandatory/t_32_c_2048_p_1_n_128_k_f16_v_f16,mandatory_long_transformer_cpu,long,1,,,,128,200,,acceptable,3,4,missing: explains quantisation benefit,"Based on the context provided, the main challenges when running large transformer models on CPU-only systems are:

1. **Large Memory Footprint**: Transformer models require a significant amount of memory to store their weights, attention mechanisms, and input sequences. This can lead to memory overflow issues on systems with limited RAM, making it difficult to run large models on CPU-only systems.

2. **Repeated Loading of Weights**: During the decoding phase, the model needs to access its weights multiple times. This repeated loading of weights can lead to slow inference times, as the CPU needs to fetch the weights from memory multiple times.

Quantisation can help address these"
measurements/1254633-track-a1-server-sweep-x86/context-length/vanilla/model-1-mandatory/t_32_c_2048_p_1_n_128_k_f16_v_f16,mandatory_short_capital_france,short,2,,,,128,200,,good,1,1,all rubric checks passed,The capital of France is Paris.
measurements/1254633-track-a1-server-sweep-x86/context-length/vanilla/model-1-mandatory/t_32_c_2048_p_1_n_128_k_f16_v_f16,mandatory_medium_ml_vs_dl,medium,2,,,,128,200,,acceptable,3,4,missing: gives or signals examples,"**Machine Learning (ML) vs Deep Learning (DL)**

Machine Learning and Deep Learning are both subfields of Artificial Intelligence (AI) that enable computers to learn from data and make predictions or decisions. However, they differ in their approach, complexity, and application.

**Machine Learning (ML)**

Machine Learning is a type of AI that uses algorithms to analyze data and make predictions or decisions. It involves training a model on a dataset to learn patterns and relationships between variables. ML algorithms can be categorized into three types:

1. **Supervised Learning**: The model is trained on labeled data to learn the relationship between inputs and outputs.
"
measurements/1254633-track-a1-server-sweep-x86/context-length/vanilla/model-1-mandatory/t_32_c_2048_p_1_n_128_k_f16_v_f16,mandatory_long_transformer_cpu,long,2,,,,128,200,,acceptable,3,4,missing: explains quantisation benefit,"Based on the context provided, the main challenges when running large transformer models on CPU-only systems are:

1. **Large Memory Footprint**: Transformer models require a significant amount of memory to store their weights, attention mechanisms, and input sequences. This can lead to memory overflow issues on systems with limited RAM, making it difficult to run large models on CPU-only systems.

2. **Repeated Loading of Weights**: During the decoding phase, the model needs to access its weights multiple times. This repeated loading of weights can lead to slow inference times, as the CPU needs to fetch the weights from memory multiple times.

Quantisation can help address these"
measurements/1254633-track-a1-server-sweep-x86/context-length/vanilla/model-1-mandatory/t_32_c_2048_p_1_n_128_k_f16_v_f16,mandatory_short_capital_france,short,3,,,,128,200,,good,1,1,all rubric checks passed,The capital of France is Paris.
measurements/1254633-track-a1-server-sweep-x86/context-length/vanilla/model-1-mandatory/t_32_c_2048_p_1_n_128_k_f16_v_f16,mandatory_medium_ml_vs_dl,medium,3,,,,128,200,,acceptable,3,4,missing: gives or signals examples,"**Machine Learning (ML) vs Deep Learning (DL)**

Machine Learning and Deep Learning are both subfields of Artificial Intelligence (AI) that enable computers to learn from data and make predictions or decisions. However, they differ in their approach, complexity, and application.

**Machine Learning (ML)**

Machine Learning is a type of AI that uses algorithms to analyze data and make predictions or decisions. It involves training a model on a dataset to learn patterns and relationships between variables. ML algorithms can be categorized into three types:

1. **Supervised Learning**: The model is trained on labeled data to learn the relationship between inputs and outputs.
"
measurements/1254633-track-a1-server-sweep-x86/context-length/vanilla/model-1-mandatory/t_32_c_2048_p_1_n_128_k_f16_v_f16,mandatory_long_transformer_cpu,long,3,,,,128,200,,acceptable,3,4,missing: explains quantisation benefit,"Based on the context provided, the main challenges when running large transformer models on CPU-only systems are:

1. **Large Memory Footprint**: Transformer models require a significant amount of memory to store their weights, attention mechanisms, and input sequences. This can lead to memory overflow issues on systems with limited RAM, making it difficult to run large models on CPU-only systems.

2. **Repeated Loading of Weights**: During the decoding phase, the model needs to access its weights multiple times. This repeated loading of weights can lead to slow inference times, as the CPU needs to fetch the weights from memory multiple times.

Quantisation can help address these"
measurements/1254633-track-a1-server-sweep-x86/context-length/vanilla/model-1-mandatory/t_32_c_4096_p_1_n_128_k_f16_v_f16,mandatory_short_capital_france,short,1,,,,128,200,,good,1,1,all rubric checks passed,The capital of France is Paris.
measurements/1254633-track-a1-server-sweep-x86/context-length/vanilla/model-1-mandatory/t_32_c_4096_p_1_n_128_k_f16_v_f16,mandatory_medium_ml_vs_dl,medium,1,,,,128,200,,acceptable,3,4,missing: gives or signals examples,"**Machine Learning (ML) vs Deep Learning (DL)**

Machine Learning and Deep Learning are both subfields of Artificial Intelligence (AI) that enable computers to learn from data and make predictions or decisions. However, they differ in their approach, complexity, and application.

**Machine Learning (ML)**

Machine Learning is a type of AI that uses algorithms to analyze data and make predictions or decisions. It involves training a model on a dataset to learn patterns and relationships between variables. ML algorithms can be categorized into three types:

1. **Supervised Learning**: The model is trained on labeled data to learn the relationship between inputs and outputs.
"
measurements/1254633-track-a1-server-sweep-x86/context-length/vanilla/model-1-mandatory/t_32_c_4096_p_1_n_128_k_f16_v_f16,mandatory_long_transformer_cpu,long,1,,,,128,200,,acceptable,3,4,missing: explains quantisation benefit,"Based on the context provided, the main challenges when running large transformer models on CPU-only systems are:

1. **Large Memory Footprint**: Transformer models require a significant amount of memory to store their weights, attention mechanisms, and input sequences. This can lead to memory overflow issues on systems with limited RAM, making it difficult to run large models on CPU-only systems.

2. **Repeated Loading of Weights**: During the decoding phase, the model needs to access its weights multiple times. This repeated loading of weights can lead to slow inference times, as the CPU needs to fetch the weights from memory multiple times.

Quantisation can help address these"
measurements/1254633-track-a1-server-sweep-x86/context-length/vanilla/model-1-mandatory/t_32_c_4096_p_1_n_128_k_f16_v_f16,mandatory_short_capital_france,short,2,,,,128,200,,good,1,1,all rubric checks passed,The capital of France is Paris.
measurements/1254633-track-a1-server-sweep-x86/context-length/vanilla/model-1-mandatory/t_32_c_4096_p_1_n_128_k_f16_v_f16,mandatory_medium_ml_vs_dl,medium,2,,,,128,200,,acceptable,3,4,missing: gives or signals examples,"**Machine Learning (ML) vs Deep Learning (DL)**

Machine Learning and Deep Learning are both subfields of Artificial Intelligence (AI) that enable computers to learn from data and make predictions or decisions. However, they differ in their approach, complexity, and application.

**Machine Learning (ML)**

Machine Learning is a type of AI that uses algorithms to analyze data and make predictions or decisions. It involves training a model on a dataset to learn patterns and relationships between variables. ML algorithms can be categorized into three types:

1. **Supervised Learning**: The model is trained on labeled data to learn the relationship between inputs and outputs.
"
measurements/1254633-track-a1-server-sweep-x86/context-length/vanilla/model-1-mandatory/t_32_c_4096_p_1_n_128_k_f16_v_f16,mandatory_long_transformer_cpu,long,2,,,,128,200,,acceptable,3,4,missing: explains quantisation benefit,"Based on the context provided, the main challenges when running large transformer models on CPU-only systems are:

1. **Large Memory Footprint**: Transformer models require a significant amount of memory to store their weights, attention mechanisms, and input sequences. This can lead to memory overflow issues on systems with limited RAM, making it difficult to run large models on CPU-only systems.

2. **Repeated Loading of Weights**: During the decoding phase, the model needs to access its weights multiple times. This repeated loading of weights can lead to slow inference times, as the CPU needs to fetch the weights from memory multiple times.

Quantisation can help address these"
measurements/1254633-track-a1-server-sweep-x86/context-length/vanilla/model-1-mandatory/t_32_c_4096_p_1_n_128_k_f16_v_f16,mandatory_short_capital_france,short,3,,,,128,200,,good,1,1,all rubric checks passed,The capital of France is Paris.
measurements/1254633-track-a1-server-sweep-x86/context-length/vanilla/model-1-mandatory/t_32_c_4096_p_1_n_128_k_f16_v_f16,mandatory_medium_ml_vs_dl,medium,3,,,,128,200,,acceptable,3,4,missing: gives or signals examples,"**Machine Learning (ML) vs Deep Learning (DL)**

Machine Learning and Deep Learning are both subfields of Artificial Intelligence (AI) that enable computers to learn from data and make predictions or decisions. However, they differ in their approach, complexity, and application.

**Machine Learning (ML)**

Machine Learning is a type of AI that uses algorithms to analyze data and make predictions or decisions. It involves training a model on a dataset to learn patterns and relationships between variables. ML algorithms can be categorized into three types:

1. **Supervised Learning**: The model is trained on labeled data to learn the relationship between inputs and outputs.
"
measurements/1254633-track-a1-server-sweep-x86/context-length/vanilla/model-1-mandatory/t_32_c_4096_p_1_n_128_k_f16_v_f16,mandatory_long_transformer_cpu,long,3,,,,128,200,,acceptable,3,4,missing: explains quantisation benefit,"Based on the context provided, the main challenges when running large transformer models on CPU-only systems are:

1. **Large Memory Footprint**: Transformer models require a significant amount of memory to store their weights, attention mechanisms, and input sequences. This can lead to memory overflow issues on systems with limited RAM, making it difficult to run large models on CPU-only systems.

2. **Repeated Loading of Weights**: During the decoding phase, the model needs to access its weights multiple times. This repeated loading of weights can lead to slow inference times, as the CPU needs to fetch the weights from memory multiple times.

Quantisation can help address these"
measurements/1254633-track-a1-server-sweep-x86/context-length/vanilla/model-1-mandatory/t_32_c_512_p_1_n_128_k_f16_v_f16,mandatory_short_capital_france,short,1,,,,128,200,,good,1,1,all rubric checks passed,The capital of France is Paris.
measurements/1254633-track-a1-server-sweep-x86/context-length/vanilla/model-1-mandatory/t_32_c_512_p_1_n_128_k_f16_v_f16,mandatory_medium_ml_vs_dl,medium,1,,,,128,200,,acceptable,3,4,missing: gives or signals examples,"**Machine Learning (ML) vs Deep Learning (DL)**

Machine Learning and Deep Learning are both subfields of Artificial Intelligence (AI) that enable computers to learn from data and make predictions or decisions. However, they differ in their approach, complexity, and application.

**Machine Learning (ML)**

Machine Learning is a type of AI that uses algorithms to analyze data and make predictions or decisions. It involves training a model on a dataset to learn patterns and relationships between variables. ML algorithms can be categorized into three types:

1. **Supervised Learning**: The model is trained on labeled data to learn the relationship between inputs and outputs.
"
measurements/1254633-track-a1-server-sweep-x86/context-length/vanilla/model-1-mandatory/t_32_c_512_p_1_n_128_k_f16_v_f16,mandatory_long_transformer_cpu,long,1,,,,128,200,,acceptable,3,4,missing: explains quantisation benefit,"Based on the context provided, the main challenges when running large transformer models on CPU-only systems are:

1. **Large Memory Footprint**: Transformer models require a significant amount of memory to store their weights, attention mechanisms, and input sequences. This can lead to memory overflow issues on systems with limited RAM, making it difficult to run large models on CPU-only systems.

2. **Repeated Loading of Weights**: During the decoding phase, the model needs to access its weights multiple times. This repeated loading of weights can lead to slow inference times, as the CPU needs to fetch the weights from memory multiple times.

Quantisation can help address these"
measurements/1254633-track-a1-server-sweep-x86/context-length/vanilla/model-1-mandatory/t_32_c_512_p_1_n_128_k_f16_v_f16,mandatory_short_capital_france,short,2,,,,128,200,,good,1,1,all rubric checks passed,The capital of France is Paris.
measurements/1254633-track-a1-server-sweep-x86/context-length/vanilla/model-1-mandatory/t_32_c_512_p_1_n_128_k_f16_v_f16,mandatory_medium_ml_vs_dl,medium,2,,,,128,200,,acceptable,3,4,missing: gives or signals examples,"**Machine Learning (ML) vs Deep Learning (DL)**

Machine Learning and Deep Learning are both subfields of Artificial Intelligence (AI) that enable computers to learn from data and make predictions or decisions. However, they differ in their approach, complexity, and application.

**Machine Learning (ML)**

Machine Learning is a type of AI that uses algorithms to analyze data and make predictions or decisions. It involves training a model on a dataset to learn patterns and relationships between variables. ML algorithms can be categorized into three types:

1. **Supervised Learning**: The model is trained on labeled data to learn the relationship between inputs and outputs.
"
measurements/1254633-track-a1-server-sweep-x86/context-length/vanilla/model-1-mandatory/t_32_c_512_p_1_n_128_k_f16_v_f16,mandatory_long_transformer_cpu,long,2,,,,128,200,,acceptable,3,4,missing: explains quantisation benefit,"Based on the context provided, the main challenges when running large transformer models on CPU-only systems are:

1. **Large Memory Footprint**: Transformer models require a significant amount of memory to store their weights, attention mechanisms, and input sequences. This can lead to memory overflow issues on systems with limited RAM, making it difficult to run large models on CPU-only systems.

2. **Repeated Loading of Weights**: During the decoding phase, the model needs to access its weights multiple times. This repeated loading of weights can lead to slow inference times, as the CPU needs to fetch the weights from memory multiple times.

Quantisation can help address these"
measurements/1254633-track-a1-server-sweep-x86/context-length/vanilla/model-1-mandatory/t_32_c_512_p_1_n_128_k_f16_v_f16,mandatory_short_capital_france,short,3,,,,128,200,,good,1,1,all rubric checks passed,The capital of France is Paris.
measurements/1254633-track-a1-server-sweep-x86/context-length/vanilla/model-1-mandatory/t_32_c_512_p_1_n_128_k_f16_v_f16,mandatory_medium_ml_vs_dl,medium,3,,,,128,200,,acceptable,3,4,missing: gives or signals examples,"**Machine Learning (ML) vs Deep Learning (DL)**

Machine Learning and Deep Learning are both subfields of Artificial Intelligence (AI) that enable computers to learn from data and make predictions or decisions. However, they differ in their approach, complexity, and application.

**Machine Learning (ML)**

Machine Learning is a type of AI that uses algorithms to analyze data and make predictions or decisions. It involves training a model on a dataset to learn patterns and relationships between variables. ML algorithms can be categorized into three types:

1. **Supervised Learning**: The model is trained on labeled data to learn the relationship between inputs and outputs.
"
measurements/1254633-track-a1-server-sweep-x86/context-length/vanilla/model-1-mandatory/t_32_c_512_p_1_n_128_k_f16_v_f16,mandatory_long_transformer_cpu,long,3,,,,128,200,,acceptable,3,4,missing: explains quantisation benefit,"Based on the context provided, the main challenges when running large transformer models on CPU-only systems are:

1. **Large Memory Footprint**: Transformer models require a significant amount of memory to store their weights, attention mechanisms, and input sequences. This can lead to memory overflow issues on systems with limited RAM, making it difficult to run large models on CPU-only systems.

2. **Repeated Loading of Weights**: During the decoding phase, the model needs to access its weights multiple times. This repeated loading of weights can lead to slow inference times, as the CPU needs to fetch the weights from memory multiple times.

Quantisation can help address these"
measurements/1254633-track-a1-server-sweep-x86/decode-length/tq/model-1-mandatory/t_32_c_2048_p_1_n_128_k_turbo3_v_turbo3,mandatory_short_capital_france,short,1,,,,128,200,,good,1,1,all rubric checks passed,The capital of France is Paris.
measurements/1254633-track-a1-server-sweep-x86/decode-length/tq/model-1-mandatory/t_32_c_2048_p_1_n_128_k_turbo3_v_turbo3,mandatory_medium_ml_vs_dl,medium,1,,,,128,200,,acceptable,3,4,missing: gives or signals examples,"**Machine Learning (ML) vs Deep Learning (DL)**

Machine Learning and Deep Learning are both subfields of Artificial Intelligence (AI) that deal with developing algorithms and statistical models to enable computers to perform tasks that typically require human intelligence. However, there are key differences between the two:

### Key Differences:

1. **Complexity**: Deep Learning models are more complex and have many layers, whereas Machine Learning models are relatively simple and have fewer layers.
2. **Data Requirements**: Deep Learning requires a large amount of data to train, whereas Machine Learning can work with smaller datasets.
3. **Model Architecture**: Deep Learning models use a"
measurements/1254633-track-a1-server-sweep-x86/decode-length/tq/model-1-mandatory/t_32_c_2048_p_1_n_128_k_turbo3_v_turbo3,mandatory_long_transformer_cpu,long,1,,,,128,200,,acceptable,3,4,missing: explains quantisation benefit,"Based on the context provided, the main challenges when running large transformer models on CPU-only systems are:

1. **Large memory footprint**: Transformer models require a significant amount of memory to store their weights, attention mechanisms, and input sequences. This can be a challenge for systems with limited memory, such as those with 32 GB or less of RAM.

2. **Repeated loading of weights during the decoding phase**: During inference, the model's weights need to be loaded repeatedly, which can lead to slow inference times and increased memory usage.

Quantization can help address these challenges in several ways:

1. **Reducing model size**: Quantization"
measurements/1254633-track-a1-server-sweep-x86/decode-length/tq/model-1-mandatory/t_32_c_2048_p_1_n_128_k_turbo3_v_turbo3,mandatory_short_capital_france,short,2,,,,128,200,,good,1,1,all rubric checks passed,The capital of France is Paris.
measurements/1254633-track-a1-server-sweep-x86/decode-length/tq/model-1-mandatory/t_32_c_2048_p_1_n_128_k_turbo3_v_turbo3,mandatory_medium_ml_vs_dl,medium,2,,,,128,200,,acceptable,3,4,missing: gives or signals examples,"**Machine Learning (ML) vs Deep Learning (DL)**

Machine Learning and Deep Learning are both subfields of Artificial Intelligence (AI) that deal with developing algorithms and statistical models to enable computers to perform tasks that typically require human intelligence. However, there are key differences between the two:

### Key Differences:

1. **Complexity**: Deep Learning models are more complex and have many layers, whereas Machine Learning models are relatively simple and have fewer layers.
2. **Data Requirements**: Deep Learning requires a large amount of data to train, whereas Machine Learning can work with smaller datasets.
3. **Model Architecture**: Deep Learning models use a"
measurements/1254633-track-a1-server-sweep-x86/decode-length/tq/model-1-mandatory/t_32_c_2048_p_1_n_128_k_turbo3_v_turbo3,mandatory_long_transformer_cpu,long,2,,,,128,200,,acceptable,3,4,missing: explains quantisation benefit,"Based on the context provided, the main challenges when running large transformer models on CPU-only systems are:

1. **Large memory footprint**: Transformer models require a significant amount of memory to store their weights, attention mechanisms, and input sequences. This can be a challenge for systems with limited memory, such as those with 32 GB or less of RAM.

2. **Repeated loading of weights during the decoding phase**: During inference, the model's weights need to be loaded repeatedly, which can lead to slow inference times and increased memory usage.

Quantization can help address these challenges in several ways:

1. **Reducing model size**: Quantization"
measurements/1254633-track-a1-server-sweep-x86/decode-length/tq/model-1-mandatory/t_32_c_2048_p_1_n_128_k_turbo3_v_turbo3,mandatory_short_capital_france,short,3,,,,128,200,,good,1,1,all rubric checks passed,The capital of France is Paris.
measurements/1254633-track-a1-server-sweep-x86/decode-length/tq/model-1-mandatory/t_32_c_2048_p_1_n_128_k_turbo3_v_turbo3,mandatory_medium_ml_vs_dl,medium,3,,,,128,200,,acceptable,3,4,missing: gives or signals examples,"**Machine Learning (ML) vs Deep Learning (DL)**

Machine Learning and Deep Learning are both subfields of Artificial Intelligence (AI) that deal with developing algorithms and statistical models to enable computers to perform tasks that typically require human intelligence. However, there are key differences between the two:

### Key Differences:

1. **Complexity**: Deep Learning models are more complex and have many layers, whereas Machine Learning models are relatively simple and have fewer layers.
2. **Data Requirements**: Deep Learning requires a large amount of data to train, whereas Machine Learning can work with smaller datasets.
3. **Model Architecture**: Deep Learning models use a"
measurements/1254633-track-a1-server-sweep-x86/decode-length/tq/model-1-mandatory/t_32_c_2048_p_1_n_128_k_turbo3_v_turbo3,mandatory_long_transformer_cpu,long,3,,,,128,200,,acceptable,3,4,missing: explains quantisation benefit,"Based on the context provided, the main challenges when running large transformer models on CPU-only systems are:

1. **Large memory footprint**: Transformer models require a significant amount of memory to store their weights, attention mechanisms, and input sequences. This can be a challenge for systems with limited memory, such as those with 32 GB or less of RAM.

2. **Repeated loading of weights during the decoding phase**: During inference, the model's weights need to be loaded repeatedly, which can lead to slow inference times and increased memory usage.

Quantization can help address these challenges in several ways:

1. **Reducing model size**: Quantization"
measurements/1254633-track-a1-server-sweep-x86/decode-length/tq/model-1-mandatory/t_32_c_2048_p_1_n_128_k_turbo4_v_turbo4,mandatory_short_capital_france,short,1,,,,128,200,,good,1,1,all rubric checks passed,The capital of France is Paris.
measurements/1254633-track-a1-server-sweep-x86/decode-length/tq/model-1-mandatory/t_32_c_2048_p_1_n_128_k_turbo4_v_turbo4,mandatory_medium_ml_vs_dl,medium,1,,,,128,200,,good,4,4,all rubric checks passed,"**Machine Learning (ML) vs Deep Learning (DL)**

Machine Learning and Deep Learning are both subfields of Artificial Intelligence (AI) that enable computers to learn from data and make predictions or decisions. While they share some similarities, there are key differences between the two:

**Machine Learning (ML)**

* Focuses on using algorithms to analyze and make predictions from data.
* Typically uses shallow models (few layers) and is often based on traditional statistical techniques.
* Can be used for a wide range of tasks, including classification, regression, clustering, and more.
* Requires a large amount of labeled data to train the model.
"
measurements/1254633-track-a1-server-sweep-x86/decode-length/tq/model-1-mandatory/t_32_c_2048_p_1_n_128_k_turbo4_v_turbo4,mandatory_long_transformer_cpu,long,1,,,,128,200,,acceptable,3,4,missing: explains quantisation benefit,"Based on the context provided, the main challenges when running large transformer models on CPU-only systems are:

1. **Large Memory Footprint**: Transformer models require a significant amount of memory to store their weights and activations. CPU-only systems often have limited memory, making it difficult to run large transformer models.

2. **Repeated Loading of Weights**: During the decoding phase, the model's weights need to be loaded repeatedly, which can be time-consuming and inefficient. This is because the weights are typically stored in memory, and loading them from disk or other storage can be a bottleneck.

Quantisation can help address these challenges in several ways:

1"
measurements/1254633-track-a1-server-sweep-x86/decode-length/tq/model-1-mandatory/t_32_c_2048_p_1_n_128_k_turbo4_v_turbo4,mandatory_short_capital_france,short,2,,,,128,200,,good,1,1,all rubric checks passed,The capital of France is Paris.
measurements/1254633-track-a1-server-sweep-x86/decode-length/tq/model-1-mandatory/t_32_c_2048_p_1_n_128_k_turbo4_v_turbo4,mandatory_medium_ml_vs_dl,medium,2,,,,128,200,,good,4,4,all rubric checks passed,"**Machine Learning (ML) vs Deep Learning (DL)**

Machine Learning and Deep Learning are both subfields of Artificial Intelligence (AI) that enable computers to learn from data and make predictions or decisions. While they share some similarities, there are key differences between the two:

**Machine Learning (ML)**

* Focuses on using algorithms to analyze and make predictions from data.
* Typically uses shallow models (few layers) and is often based on traditional statistical techniques.
* Can be used for a wide range of tasks, including classification, regression, clustering, and more.
* Requires a large amount of labeled data to train the model.
"
measurements/1254633-track-a1-server-sweep-x86/decode-length/tq/model-1-mandatory/t_32_c_2048_p_1_n_128_k_turbo4_v_turbo4,mandatory_long_transformer_cpu,long,2,,,,128,200,,acceptable,3,4,missing: explains quantisation benefit,"Based on the context provided, the main challenges when running large transformer models on CPU-only systems are:

1. **Large Memory Footprint**: Transformer models require a significant amount of memory to store their weights and activations. CPU-only systems often have limited memory, making it difficult to run large transformer models.

2. **Repeated Loading of Weights**: During the decoding phase, the model's weights need to be loaded repeatedly, which can be time-consuming and inefficient. This is because the weights are typically stored in memory, and loading them from disk or other storage can be a bottleneck.

Quantisation can help address these challenges in several ways:

1"
measurements/1254633-track-a1-server-sweep-x86/decode-length/tq/model-1-mandatory/t_32_c_2048_p_1_n_128_k_turbo4_v_turbo4,mandatory_short_capital_france,short,3,,,,128,200,,good,1,1,all rubric checks passed,The capital of France is Paris.
measurements/1254633-track-a1-server-sweep-x86/decode-length/tq/model-1-mandatory/t_32_c_2048_p_1_n_128_k_turbo4_v_turbo4,mandatory_medium_ml_vs_dl,medium,3,,,,128,200,,good,4,4,all rubric checks passed,"**Machine Learning (ML) vs Deep Learning (DL)**

Machine Learning and Deep Learning are both subfields of Artificial Intelligence (AI) that enable computers to learn from data and make predictions or decisions. While they share some similarities, there are key differences between the two:

**Machine Learning (ML)**

* Focuses on using algorithms to analyze and make predictions from data.
* Typically uses shallow models (few layers) and is often based on traditional statistical techniques.
* Can be used for a wide range of tasks, including classification, regression, clustering, and more.
* Requires a large amount of labeled data to train the model.
"
measurements/1254633-track-a1-server-sweep-x86/decode-length/tq/model-1-mandatory/t_32_c_2048_p_1_n_128_k_turbo4_v_turbo4,mandatory_long_transformer_cpu,long,3,,,,128,200,,acceptable,3,4,missing: explains quantisation benefit,"Based on the context provided, the main challenges when running large transformer models on CPU-only systems are:

1. **Large Memory Footprint**: Transformer models require a significant amount of memory to store their weights and activations. CPU-only systems often have limited memory, making it difficult to run large transformer models.

2. **Repeated Loading of Weights**: During the decoding phase, the model's weights need to be loaded repeatedly, which can be time-consuming and inefficient. This is because the weights are typically stored in memory, and loading them from disk or other storage can be a bottleneck.

Quantisation can help address these challenges in several ways:

1"
measurements/1254633-track-a1-server-sweep-x86/decode-length/tq/model-1-mandatory/t_32_c_2048_p_1_n_256_k_turbo3_v_turbo3,mandatory_short_capital_france,short,1,,,,256,200,,good,1,1,all rubric checks passed,The capital of France is Paris.
measurements/1254633-track-a1-server-sweep-x86/decode-length/tq/model-1-mandatory/t_32_c_2048_p_1_n_256_k_turbo3_v_turbo3,mandatory_medium_ml_vs_dl,medium,1,,,,256,200,,good,4,4,all rubric checks passed,"**Machine Learning (ML) vs Deep Learning (DL)**

Machine learning and deep learning are both subfields of artificial intelligence (AI) that enable computers to learn from data without being explicitly programmed. The key differences between them lie in their approaches, complexity, and applications.

### Machine Learning (ML)

Machine learning is a type of AI that uses algorithms to enable computers to learn from data without being explicitly programmed. It involves training a model on a dataset to make predictions or decisions based on the patterns learned from the data.

**Key characteristics of ML:**

1.  **Shallow models**: ML models typically have a small number of layers (less than 10).
2.  **Linear or non-linear relationships**: ML models can learn linear or non-linear relationships between input features and the target variable.
3.  **Limited capacity**: ML models have a limited capacity to learn and generalize.

**Example of Machine Learning:**

Suppose we want to build a model to predict house prices based on features like number of bedrooms, square footage, and location. We can use a linear regression model, which is a simple ML algorithm that learns the relationship between the input features and the target variable (house price).

```python
from sklearn.linear_model import LinearRegression
from sklearn"
measurements/1254633-track-a1-server-sweep-x86/decode-length/tq/model-1-mandatory/t_32_c_2048_p_1_n_256_k_turbo3_v_turbo3,mandatory_long_transformer_cpu,long,1,,,,256,200,,good,4,4,all rubric checks passed,"Based on the context provided, the main challenges when running large transformer models on CPU-only systems are:

1. **Large memory footprint**: Transformer models require a significant amount of memory to store their weights, attention mechanisms, and input sequences. This can be a challenge for systems with limited memory, such as those with 32 GB or less of RAM.

2. **Repeated loading of weights during the decoding phase**: During inference, the model's weights need to be loaded repeatedly, which can lead to slow inference times and increased memory usage.

Quantization can help address these challenges in several ways:

1. **Reducing model size**: Quantization involves representing model weights and activations using a smaller number of bits, which can significantly reduce the model's memory footprint. This can be particularly beneficial for systems with limited memory.

2. **Faster inference**: By reducing the precision of the model's weights and activations, quantization can also speed up inference times, as fewer operations are required to perform computations.

There are different types of quantization techniques, including:

1. **Integer Quantization**: This involves representing model weights and activations as integers, which can be stored more efficiently in memory.

2. **Post-training Quantization**: This involves quantizing the model after it has been trained,"
measurements/1254633-track-a1-server-sweep-x86/decode-length/tq/model-1-mandatory/t_32_c_2048_p_1_n_256_k_turbo3_v_turbo3,mandatory_short_capital_france,short,2,,,,256,200,,good,1,1,all rubric checks passed,The capital of France is Paris.
measurements/1254633-track-a1-server-sweep-x86/decode-length/tq/model-1-mandatory/t_32_c_2048_p_1_n_256_k_turbo3_v_turbo3,mandatory_medium_ml_vs_dl,medium,2,,,,256,200,,good,4,4,all rubric checks passed,"**Machine Learning (ML) vs Deep Learning (DL)**

Machine learning and deep learning are both subfields of artificial intelligence (AI) that enable computers to learn from data without being explicitly programmed. The key differences between them lie in their approaches, complexity, and applications.

### Machine Learning (ML)

Machine learning is a type of AI that uses algorithms to enable computers to learn from data without being explicitly programmed. It involves training a model on a dataset to make predictions or decisions based on the patterns learned from the data.

**Key characteristics of ML:**

1.  **Shallow models**: ML models typically have a small number of layers (less than 10).
2.  **Linear or non-linear relationships**: ML models can learn linear or non-linear relationships between input features and the target variable.
3.  **Limited capacity**: ML models have a limited capacity to learn and generalize.

**Example of Machine Learning:**

Suppose we want to build a model to predict house prices based on features like number of bedrooms, square footage, and location. We can use a linear regression model, which is a simple ML algorithm that learns the relationship between the input features and the target variable (house price).

```python
from sklearn.linear_model import LinearRegression
from sklearn"
measurements/1254633-track-a1-server-sweep-x86/decode-length/tq/model-1-mandatory/t_32_c_2048_p_1_n_256_k_turbo3_v_turbo3,mandatory_long_transformer_cpu,long,2,,,,256,200,,good,4,4,all rubric checks passed,"Based on the context provided, the main challenges when running large transformer models on CPU-only systems are:

1. **Large memory footprint**: Transformer models require a significant amount of memory to store their weights, attention mechanisms, and input sequences. This can be a challenge for systems with limited memory, such as those with 32 GB or less of RAM.

2. **Repeated loading of weights during the decoding phase**: During inference, the model's weights need to be loaded repeatedly, which can lead to slow inference times and increased memory usage.

Quantization can help address these challenges in several ways:

1. **Reducing model size**: Quantization involves representing model weights and activations using a smaller number of bits, which can significantly reduce the model's memory footprint. This can be particularly beneficial for systems with limited memory.

2. **Faster inference**: By reducing the precision of the model's weights and activations, quantization can also speed up inference times, as fewer operations are required to perform computations.

There are different types of quantization techniques, including:

1. **Integer Quantization**: This involves representing model weights and activations as integers, which can be stored more efficiently in memory.

2. **Post-training Quantization**: This involves quantizing the model after it has been trained,"
measurements/1254633-track-a1-server-sweep-x86/decode-length/tq/model-1-mandatory/t_32_c_2048_p_1_n_256_k_turbo3_v_turbo3,mandatory_short_capital_france,short,3,,,,256,200,,good,1,1,all rubric checks passed,The capital of France is Paris.
measurements/1254633-track-a1-server-sweep-x86/decode-length/tq/model-1-mandatory/t_32_c_2048_p_1_n_256_k_turbo3_v_turbo3,mandatory_medium_ml_vs_dl,medium,3,,,,256,200,,good,4,4,all rubric checks passed,"**Machine Learning (ML) vs Deep Learning (DL)**

Machine learning and deep learning are both subfields of artificial intelligence (AI) that enable computers to learn from data without being explicitly programmed. The key differences between them lie in their approaches, complexity, and applications.

### Machine Learning (ML)

Machine learning is a type of AI that uses algorithms to enable computers to learn from data without being explicitly programmed. It involves training a model on a dataset to make predictions or decisions based on the patterns learned from the data.

**Key characteristics of ML:**

1.  **Shallow models**: ML models typically have a small number of layers (less than 10).
2.  **Linear or non-linear relationships**: ML models can learn linear or non-linear relationships between input features and the target variable.
3.  **Limited capacity**: ML models have a limited capacity to learn and generalize.

**Example of Machine Learning:**

Suppose we want to build a model to predict house prices based on features like number of bedrooms, square footage, and location. We can use a linear regression model, which is a simple ML algorithm that learns the relationship between the input features and the target variable (house price).

```python
from sklearn.linear_model import LinearRegression
from sklearn"
measurements/1254633-track-a1-server-sweep-x86/decode-length/tq/model-1-mandatory/t_32_c_2048_p_1_n_256_k_turbo3_v_turbo3,mandatory_long_transformer_cpu,long,3,,,,256,200,,good,4,4,all rubric checks passed,"Based on the context provided, the main challenges when running large transformer models on CPU-only systems are:

1. **Large memory footprint**: Transformer models require a significant amount of memory to store their weights, attention mechanisms, and input sequences. This can be a challenge for systems with limited memory, such as those with 32 GB or less of RAM.

2. **Repeated loading of weights during the decoding phase**: During inference, the model's weights need to be loaded repeatedly, which can lead to slow inference times and increased memory usage.

Quantization can help address these challenges in several ways:

1. **Reducing model size**: Quantization involves representing model weights and activations using a smaller number of bits, which can significantly reduce the model's memory footprint. This can be particularly beneficial for systems with limited memory.

2. **Faster inference**: By reducing the precision of the model's weights and activations, quantization can also speed up inference times, as fewer operations are required to perform computations.

There are different types of quantization techniques, including:

1. **Integer Quantization**: This involves representing model weights and activations as integers, which can be stored more efficiently in memory.

2. **Post-training Quantization**: This involves quantizing the model after it has been trained,"
measurements/1254633-track-a1-server-sweep-x86/decode-length/tq/model-1-mandatory/t_32_c_2048_p_1_n_256_k_turbo4_v_turbo4,mandatory_short_capital_france,short,1,,,,256,200,,good,1,1,all rubric checks passed,The capital of France is Paris.
measurements/1254633-track-a1-server-sweep-x86/decode-length/tq/model-1-mandatory/t_32_c_2048_p_1_n_256_k_turbo4_v_turbo4,mandatory_medium_ml_vs_dl,medium,1,,,,256,200,,good,4,4,all rubric checks passed,"**Machine Learning (ML) vs Deep Learning (DL)**

Machine Learning and Deep Learning are both subfields of Artificial Intelligence (AI) that enable computers to learn from data and make predictions or decisions. While they share some similarities, there are key differences between the two:

**Machine Learning (ML)**

* Focuses on using algorithms to analyze data and make predictions or decisions.
* Typically uses shallow models with a small number of layers (e.g., decision trees, random forests, support vector machines).
* Can handle structured data (e.g., tables, spreadsheets).
* Often uses supervised learning, where the model is trained on labeled data.

**Example of Machine Learning:**

* **Spam Filter**: A machine learning model is trained on a dataset of emails labeled as spam or not spam. The model learns to identify patterns in the emails and predicts whether a new email is spam or not.

**Deep Learning (DL)**

* Focuses on using neural networks with multiple layers to analyze complex data.
* Typically uses deep models with a large number of layers (e.g., convolutional neural networks, recurrent neural networks).
* Can handle unstructured data (e.g., images, audio, text).
* Often uses unsupervised learning, where the model is"
measurements/1254633-track-a1-server-sweep-x86/decode-length/tq/model-1-mandatory/t_32_c_2048_p_1_n_256_k_turbo4_v_turbo4,mandatory_long_transformer_cpu,long,1,,,,256,200,,good,4,4,all rubric checks passed,"Based on the context provided, the main challenges when running large transformer models on CPU-only systems are:

1. **Large Memory Footprint**: Transformer models require a significant amount of memory to store their weights and activations. CPU-only systems often have limited memory, making it difficult to run large transformer models.

2. **Repeated Loading of Weights**: During the decoding phase, the model's weights need to be loaded repeatedly, which can be time-consuming and inefficient. This is because the weights are typically stored in memory, and loading them from disk or other storage can be a bottleneck.

Quantisation can help address these challenges in several ways:

1. **Reduced Memory Footprint**: Quantisation involves representing model weights and activations using fewer bits, which can significantly reduce the memory footprint of the model. By using 8-bit or even 4-bit quantisation, the memory requirements can be reduced by a factor of 4 or 16, respectively.

2. **Faster Loading of Weights**: Quantised weights can be stored in a more compact format, which can speed up the loading process. Additionally, quantised weights can be stored in a cache-friendly format, which can further improve loading times.

3. **Improved Parallelisation**: Quantisation can also improve parallelisation by"
measurements/1254633-track-a1-server-sweep-x86/decode-length/tq/model-1-mandatory/t_32_c_2048_p_1_n_256_k_turbo4_v_turbo4,mandatory_short_capital_france,short,2,,,,256,200,,good,1,1,all rubric checks passed,The capital of France is Paris.
measurements/1254633-track-a1-server-sweep-x86/decode-length/tq/model-1-mandatory/t_32_c_2048_p_1_n_256_k_turbo4_v_turbo4,mandatory_medium_ml_vs_dl,medium,2,,,,256,200,,good,4,4,all rubric checks passed,"**Machine Learning (ML) vs Deep Learning (DL)**

Machine Learning and Deep Learning are both subfields of Artificial Intelligence (AI) that enable computers to learn from data and make predictions or decisions. While they share some similarities, there are key differences between the two:

**Machine Learning (ML)**

* Focuses on using algorithms to analyze data and make predictions or decisions.
* Typically uses shallow models with a small number of layers (e.g., decision trees, random forests, support vector machines).
* Can handle structured data (e.g., tables, spreadsheets).
* Often uses supervised learning, where the model is trained on labeled data.

**Example of Machine Learning:**

* **Spam Filter**: A machine learning model is trained on a dataset of emails labeled as spam or not spam. The model learns to identify patterns in the emails and predicts whether a new email is spam or not.

**Deep Learning (DL)**

* Focuses on using neural networks with multiple layers to analyze complex data.
* Typically uses deep models with a large number of layers (e.g., convolutional neural networks, recurrent neural networks).
* Can handle unstructured data (e.g., images, audio, text).
* Often uses unsupervised learning, where the model is"
measurements/1254633-track-a1-server-sweep-x86/decode-length/tq/model-1-mandatory/t_32_c_2048_p_1_n_256_k_turbo4_v_turbo4,mandatory_long_transformer_cpu,long,2,,,,256,200,,good,4,4,all rubric checks passed,"Based on the context provided, the main challenges when running large transformer models on CPU-only systems are:

1. **Large Memory Footprint**: Transformer models require a significant amount of memory to store their weights and activations. CPU-only systems often have limited memory, making it difficult to run large transformer models.

2. **Repeated Loading of Weights**: During the decoding phase, the model's weights need to be loaded repeatedly, which can be time-consuming and inefficient. This is because the weights are typically stored in memory, and loading them from disk or other storage can be a bottleneck.

Quantisation can help address these challenges in several ways:

1. **Reduced Memory Footprint**: Quantisation involves representing model weights and activations using fewer bits, which can significantly reduce the memory footprint of the model. By using 8-bit or even 4-bit quantisation, the memory requirements can be reduced by a factor of 4 or 16, respectively.

2. **Faster Loading of Weights**: Quantised weights can be stored in a more compact format, which can speed up the loading process. Additionally, quantised weights can be stored in a cache-friendly format, which can further improve loading times.

3. **Improved Parallelisation**: Quantisation can also improve parallelisation by"
measurements/1254633-track-a1-server-sweep-x86/decode-length/tq/model-1-mandatory/t_32_c_2048_p_1_n_256_k_turbo4_v_turbo4,mandatory_short_capital_france,short,3,,,,256,200,,good,1,1,all rubric checks passed,The capital of France is Paris.
measurements/1254633-track-a1-server-sweep-x86/decode-length/tq/model-1-mandatory/t_32_c_2048_p_1_n_256_k_turbo4_v_turbo4,mandatory_medium_ml_vs_dl,medium,3,,,,256,200,,good,4,4,all rubric checks passed,"**Machine Learning (ML) vs Deep Learning (DL)**

Machine Learning and Deep Learning are both subfields of Artificial Intelligence (AI) that enable computers to learn from data and make predictions or decisions. While they share some similarities, there are key differences between the two:

**Machine Learning (ML)**

* Focuses on using algorithms to analyze data and make predictions or decisions.
* Typically uses shallow models with a small number of layers (e.g., decision trees, random forests, support vector machines).
* Can handle structured data (e.g., tables, spreadsheets).
* Often uses supervised learning, where the model is trained on labeled data.

**Example of Machine Learning:**

* **Spam Filter**: A machine learning model is trained on a dataset of emails labeled as spam or not spam. The model learns to identify patterns in the emails and predicts whether a new email is spam or not.

**Deep Learning (DL)**

* Focuses on using neural networks with multiple layers to analyze complex data.
* Typically uses deep models with a large number of layers (e.g., convolutional neural networks, recurrent neural networks).
* Can handle unstructured data (e.g., images, audio, text).
* Often uses unsupervised learning, where the model is"
measurements/1254633-track-a1-server-sweep-x86/decode-length/tq/model-1-mandatory/t_32_c_2048_p_1_n_256_k_turbo4_v_turbo4,mandatory_long_transformer_cpu,long,3,,,,256,200,,good,4,4,all rubric checks passed,"Based on the context provided, the main challenges when running large transformer models on CPU-only systems are:

1. **Large Memory Footprint**: Transformer models require a significant amount of memory to store their weights and activations. CPU-only systems often have limited memory, making it difficult to run large transformer models.

2. **Repeated Loading of Weights**: During the decoding phase, the model's weights need to be loaded repeatedly, which can be time-consuming and inefficient. This is because the weights are typically stored in memory, and loading them from disk or other storage can be a bottleneck.

Quantisation can help address these challenges in several ways:

1. **Reduced Memory Footprint**: Quantisation involves representing model weights and activations using fewer bits, which can significantly reduce the memory footprint of the model. By using 8-bit or even 4-bit quantisation, the memory requirements can be reduced by a factor of 4 or 16, respectively.

2. **Faster Loading of Weights**: Quantised weights can be stored in a more compact format, which can speed up the loading process. Additionally, quantised weights can be stored in a cache-friendly format, which can further improve loading times.

3. **Improved Parallelisation**: Quantisation can also improve parallelisation by"
measurements/1254633-track-a1-server-sweep-x86/decode-length/tq/model-1-mandatory/t_32_c_2048_p_1_n_512_k_turbo3_v_turbo3,mandatory_short_capital_france,short,1,,,,512,200,,good,1,1,all rubric checks passed,The capital of France is Paris.
measurements/1254633-track-a1-server-sweep-x86/decode-length/tq/model-1-mandatory/t_32_c_2048_p_1_n_512_k_turbo3_v_turbo3,mandatory_medium_ml_vs_dl,medium,1,,,,512,200,,good,4,4,all rubric checks passed,"**Machine Learning (ML) vs Deep Learning (DL)**

Machine learning and deep learning are both subfields of artificial intelligence (AI) that enable computers to learn from data without being explicitly programmed. The key differences between them lie in their approaches, complexity, and applications.

### Machine Learning (ML)

Machine learning is a type of AI that uses algorithms to enable computers to learn from data without being explicitly programmed. It involves training a model on a dataset to make predictions or decisions based on the patterns learned from the data.

**Key characteristics of ML:**

1.  **Shallow models**: ML models typically have a small number of layers (less than 10).
2.  **Linear or non-linear relationships**: ML models can learn linear or non-linear relationships between input features and the target variable.
3.  **Limited capacity**: ML models have a limited capacity to learn and generalize.

**Example of Machine Learning:**

Suppose we want to build a model to predict house prices based on features like number of bedrooms, square footage, and location. We can use a linear regression model, which is a simple ML algorithm that learns the relationship between the input features and the target variable (house price).

```python
from sklearn.linear_model import LinearRegression
from sklearn.datasets import load_boston
from sklearn.model_selection import train_test_split

# Load the Boston housing dataset
boston = load_boston()

# Split the data into training and testing sets
X_train, X_test, y_train, y_test = train_test_split(boston.data, boston.target, test_size=0.2, random_state=42)

# Create and train a linear regression model
lr_model = LinearRegression()
lr_model.fit(X_train, y_train)

# Make predictions on the test set
y_pred = lr_model.predict(X_test)
```

### Deep Learning (DL)

Deep learning is a subfield of machine learning that uses neural networks with multiple layers to learn complex patterns in data. These models are inspired by the structure and function of the human brain.

**Key characteristics of DL:**

1.  **Deep models**: DL models typically have many layers (more than 10).
2.  **Non-linear relationships**: DL models can learn complex, non-linear relationships between input features and the target variable.
3.  **Large capacity**: DL models have a large capacity to learn and generalize.

**Example of Deep Learning:**

Suppose we want to build a model to classify images of cats and dogs. We can use a"
measurements/1254633-track-a1-server-sweep-x86/decode-length/tq/model-1-mandatory/t_32_c_2048_p_1_n_512_k_turbo3_v_turbo3,mandatory_long_transformer_cpu,long,1,,,,512,200,,good,4,4,all rubric checks passed,"Based on the context provided, the main challenges when running large transformer models on CPU-only systems are:

1. **Large memory footprint**: Transformer models require a significant amount of memory to store their weights, attention mechanisms, and input sequences. This can be a challenge for systems with limited memory, such as those with 32 GB or less of RAM.

2. **Repeated loading of weights during the decoding phase**: During inference, the model's weights need to be loaded repeatedly, which can lead to slow inference times and increased memory usage.

Quantization can help address these challenges in several ways:

1. **Reducing model size**: Quantization involves representing model weights and activations using a smaller number of bits, which can significantly reduce the model's memory footprint. This can be particularly beneficial for systems with limited memory.

2. **Faster inference**: By reducing the precision of the model's weights and activations, quantization can also speed up inference times, as fewer operations are required to perform computations.

There are different types of quantization techniques, including:

1. **Integer Quantization**: This involves representing model weights and activations as integers, which can be stored more efficiently in memory.

2. **Post-training Quantization**: This involves quantizing the model after it has been trained, which can be done using techniques such as linear scaling and quantization-aware training.

3. **Quantization-aware Training**: This involves training the model with quantization in mind, which can help the model learn to be more robust to quantization errors.

4. **Dynamic Quantization**: This involves dynamically adjusting the precision of the model's weights and activations during inference, which can help balance between accuracy and inference speed.

By applying quantization techniques, it's possible to reduce the memory footprint and inference time of large transformer models, making them more suitable for deployment on CPU-only systems."
measurements/1254633-track-a1-server-sweep-x86/decode-length/tq/model-1-mandatory/t_32_c_2048_p_1_n_512_k_turbo3_v_turbo3,mandatory_short_capital_france,short,2,,,,512,200,,good,1,1,all rubric checks passed,The capital of France is Paris.
measurements/1254633-track-a1-server-sweep-x86/decode-length/tq/model-1-mandatory/t_32_c_2048_p_1_n_512_k_turbo3_v_turbo3,mandatory_medium_ml_vs_dl,medium,2,,,,512,200,,good,4,4,all rubric checks passed,"**Machine Learning (ML) vs Deep Learning (DL)**

Machine learning and deep learning are both subfields of artificial intelligence (AI) that enable computers to learn from data without being explicitly programmed. The key differences between them lie in their approaches, complexity, and applications.

### Machine Learning (ML)

Machine learning is a type of AI that uses algorithms to enable computers to learn from data without being explicitly programmed. It involves training a model on a dataset to make predictions or decisions based on the patterns learned from the data.

**Key characteristics of ML:**

1.  **Shallow models**: ML models typically have a small number of layers (less than 10).
2.  **Linear or non-linear relationships**: ML models can learn linear or non-linear relationships between input features and the target variable.
3.  **Limited capacity**: ML models have a limited capacity to learn and generalize.

**Example of Machine Learning:**

Suppose we want to build a model to predict house prices based on features like number of bedrooms, square footage, and location. We can use a linear regression model, which is a simple ML algorithm that learns the relationship between the input features and the target variable (house price).

```python
from sklearn.linear_model import LinearRegression
from sklearn.datasets import load_boston
from sklearn.model_selection import train_test_split

# Load the Boston housing dataset
boston = load_boston()

# Split the data into training and testing sets
X_train, X_test, y_train, y_test = train_test_split(boston.data, boston.target, test_size=0.2, random_state=42)

# Create and train a linear regression model
lr_model = LinearRegression()
lr_model.fit(X_train, y_train)

# Make predictions on the test set
y_pred = lr_model.predict(X_test)
```

### Deep Learning (DL)

Deep learning is a subfield of machine learning that uses neural networks with multiple layers to learn complex patterns in data. These models are inspired by the structure and function of the human brain.

**Key characteristics of DL:**

1.  **Deep models**: DL models typically have many layers (more than 10).
2.  **Non-linear relationships**: DL models can learn complex, non-linear relationships between input features and the target variable.
3.  **Large capacity**: DL models have a large capacity to learn and generalize.

**Example of Deep Learning:**

Suppose we want to build a model to classify images of cats and dogs. We can use a"
measurements/1254633-track-a1-server-sweep-x86/decode-length/tq/model-1-mandatory/t_32_c_2048_p_1_n_512_k_turbo3_v_turbo3,mandatory_long_transformer_cpu,long,2,,,,512,200,,good,4,4,all rubric checks passed,"Based on the context provided, the main challenges when running large transformer models on CPU-only systems are:

1. **Large memory footprint**: Transformer models require a significant amount of memory to store their weights, attention mechanisms, and input sequences. This can be a challenge for systems with limited memory, such as those with 32 GB or less of RAM.

2. **Repeated loading of weights during the decoding phase**: During inference, the model's weights need to be loaded repeatedly, which can lead to slow inference times and increased memory usage.

Quantization can help address these challenges in several ways:

1. **Reducing model size**: Quantization involves representing model weights and activations using a smaller number of bits, which can significantly reduce the model's memory footprint. This can be particularly beneficial for systems with limited memory.

2. **Faster inference**: By reducing the precision of the model's weights and activations, quantization can also speed up inference times, as fewer operations are required to perform computations.

There are different types of quantization techniques, including:

1. **Integer Quantization**: This involves representing model weights and activations as integers, which can be stored more efficiently in memory.

2. **Post-training Quantization**: This involves quantizing the model after it has been trained, which can be done using techniques such as linear scaling and quantization-aware training.

3. **Quantization-aware Training**: This involves training the model with quantization in mind, which can help the model learn to be more robust to quantization errors.

4. **Dynamic Quantization**: This involves dynamically adjusting the precision of the model's weights and activations during inference, which can help balance between accuracy and inference speed.

By applying quantization techniques, it's possible to reduce the memory footprint and inference time of large transformer models, making them more suitable for deployment on CPU-only systems."
measurements/1254633-track-a1-server-sweep-x86/decode-length/tq/model-1-mandatory/t_32_c_2048_p_1_n_512_k_turbo3_v_turbo3,mandatory_short_capital_france,short,3,,,,512,200,,good,1,1,all rubric checks passed,The capital of France is Paris.
measurements/1254633-track-a1-server-sweep-x86/decode-length/tq/model-1-mandatory/t_32_c_2048_p_1_n_512_k_turbo3_v_turbo3,mandatory_medium_ml_vs_dl,medium,3,,,,512,200,,good,4,4,all rubric checks passed,"**Machine Learning (ML) vs Deep Learning (DL)**

Machine learning and deep learning are both subfields of artificial intelligence (AI) that enable computers to learn from data without being explicitly programmed. The key differences between them lie in their approaches, complexity, and applications.

### Machine Learning (ML)

Machine learning is a type of AI that uses algorithms to enable computers to learn from data without being explicitly programmed. It involves training a model on a dataset to make predictions or decisions based on the patterns learned from the data.

**Key characteristics of ML:**

1.  **Shallow models**: ML models typically have a small number of layers (less than 10).
2.  **Linear or non-linear relationships**: ML models can learn linear or non-linear relationships between input features and the target variable.
3.  **Limited capacity**: ML models have a limited capacity to learn and generalize.

**Example of Machine Learning:**

Suppose we want to build a model to predict house prices based on features like number of bedrooms, square footage, and location. We can use a linear regression model, which is a simple ML algorithm that learns the relationship between the input features and the target variable (house price).

```python
from sklearn.linear_model import LinearRegression
from sklearn.datasets import load_boston
from sklearn.model_selection import train_test_split

# Load the Boston housing dataset
boston = load_boston()

# Split the data into training and testing sets
X_train, X_test, y_train, y_test = train_test_split(boston.data, boston.target, test_size=0.2, random_state=42)

# Create and train a linear regression model
lr_model = LinearRegression()
lr_model.fit(X_train, y_train)

# Make predictions on the test set
y_pred = lr_model.predict(X_test)
```

### Deep Learning (DL)

Deep learning is a subfield of machine learning that uses neural networks with multiple layers to learn complex patterns in data. These models are inspired by the structure and function of the human brain.

**Key characteristics of DL:**

1.  **Deep models**: DL models typically have many layers (more than 10).
2.  **Non-linear relationships**: DL models can learn complex, non-linear relationships between input features and the target variable.
3.  **Large capacity**: DL models have a large capacity to learn and generalize.

**Example of Deep Learning:**

Suppose we want to build a model to classify images of cats and dogs. We can use a"
measurements/1254633-track-a1-server-sweep-x86/decode-length/tq/model-1-mandatory/t_32_c_2048_p_1_n_512_k_turbo3_v_turbo3,mandatory_long_transformer_cpu,long,3,,,,512,200,,good,4,4,all rubric checks passed,"Based on the context provided, the main challenges when running large transformer models on CPU-only systems are:

1. **Large memory footprint**: Transformer models require a significant amount of memory to store their weights, attention mechanisms, and input sequences. This can be a challenge for systems with limited memory, such as those with 32 GB or less of RAM.

2. **Repeated loading of weights during the decoding phase**: During inference, the model's weights need to be loaded repeatedly, which can lead to slow inference times and increased memory usage.

Quantization can help address these challenges in several ways:

1. **Reducing model size**: Quantization involves representing model weights and activations using a smaller number of bits, which can significantly reduce the model's memory footprint. This can be particularly beneficial for systems with limited memory.

2. **Faster inference**: By reducing the precision of the model's weights and activations, quantization can also speed up inference times, as fewer operations are required to perform computations.

There are different types of quantization techniques, including:

1. **Integer Quantization**: This involves representing model weights and activations as integers, which can be stored more efficiently in memory.

2. **Post-training Quantization**: This involves quantizing the model after it has been trained, which can be done using techniques such as linear scaling and quantization-aware training.

3. **Quantization-aware Training**: This involves training the model with quantization in mind, which can help the model learn to be more robust to quantization errors.

4. **Dynamic Quantization**: This involves dynamically adjusting the precision of the model's weights and activations during inference, which can help balance between accuracy and inference speed.

By applying quantization techniques, it's possible to reduce the memory footprint and inference time of large transformer models, making them more suitable for deployment on CPU-only systems."
measurements/1254633-track-a1-server-sweep-x86/decode-length/tq/model-1-mandatory/t_32_c_2048_p_1_n_512_k_turbo4_v_turbo4,mandatory_short_capital_france,short,1,,,,512,200,,good,1,1,all rubric checks passed,The capital of France is Paris.
measurements/1254633-track-a1-server-sweep-x86/decode-length/tq/model-1-mandatory/t_32_c_2048_p_1_n_512_k_turbo4_v_turbo4,mandatory_medium_ml_vs_dl,medium,1,,,,512,200,,good,4,4,all rubric checks passed,"**Machine Learning (ML) vs Deep Learning (DL)**

Machine Learning and Deep Learning are both subfields of Artificial Intelligence (AI) that enable computers to learn from data and make predictions or decisions. While they share some similarities, there are key differences between the two:

**Machine Learning (ML)**

* Focuses on using algorithms to analyze data and make predictions or decisions.
* Typically uses shallow models with a small number of layers (e.g., decision trees, random forests, support vector machines).
* Can handle structured data (e.g., tables, spreadsheets).
* Often uses supervised learning, where the model is trained on labeled data.

**Example of Machine Learning:**

* **Spam Filter**: A machine learning model is trained on a dataset of emails labeled as spam or not spam. The model learns to identify patterns in the emails and predicts whether a new email is spam or not.

**Deep Learning (DL)**

* Focuses on using neural networks with multiple layers to analyze complex data.
* Typically uses deep models with a large number of layers (e.g., convolutional neural networks, recurrent neural networks).
* Can handle unstructured data (e.g., images, audio, text).
* Often uses unsupervised learning, where the model is trained on unlabeled data.

**Example of Deep Learning:**

* **Image Recognition**: A deep learning model is trained on a large dataset of images labeled with objects (e.g., cats, dogs, cars). The model learns to identify patterns in the images and predicts the object in a new image.

**Key differences:**

* **Model complexity**: Deep learning models are typically more complex and have more layers than machine learning models.
* **Data type**: Machine learning models are often used with structured data, while deep learning models are used with unstructured data (e.g., images, audio).
* **Learning approach**: Machine learning often uses supervised learning, while deep learning often uses unsupervised learning.

In summary, machine learning is a broader field that encompasses a wide range of algorithms and techniques, while deep learning is a specific type of machine learning that focuses on using neural networks with multiple layers to analyze complex data."
measurements/1254633-track-a1-server-sweep-x86/decode-length/tq/model-1-mandatory/t_32_c_2048_p_1_n_512_k_turbo4_v_turbo4,mandatory_long_transformer_cpu,long,1,,,,512,200,,good,4,4,all rubric checks passed,"Based on the context provided, the main challenges when running large transformer models on CPU-only systems are:

1. **Large Memory Footprint**: Transformer models require a significant amount of memory to store their weights and activations. CPU-only systems often have limited memory, making it difficult to run large transformer models.

2. **Repeated Loading of Weights**: During the decoding phase, the model's weights need to be loaded repeatedly, which can be time-consuming and inefficient. This is because the weights are typically stored in memory, and loading them from disk or other storage can be a bottleneck.

Quantisation can help address these challenges in several ways:

1. **Reduced Memory Footprint**: Quantisation involves representing model weights and activations using fewer bits, which can significantly reduce the memory footprint of the model. By using 8-bit or even 4-bit quantisation, the memory requirements can be reduced by a factor of 4 or 16, respectively.

2. **Faster Loading of Weights**: Quantised weights can be stored in a more compact format, which can speed up the loading process. Additionally, quantised weights can be stored in a cache-friendly format, which can further improve loading times.

3. **Improved Parallelisation**: Quantisation can also improve parallelisation by reducing the memory requirements and improving cache locality. This can lead to faster inference times and better scalability on CPU-only systems.

To achieve these benefits, various quantisation techniques can be employed, such as:

1. **Post-training quantisation**: This involves quantising the model weights after training, using techniques such as linear scaling or histogram-based quantisation.

2. **Quantisation-aware training**: This involves training the model with quantisation in mind, using techniques such as fake quantisation or quantisation-aware weight initialization.

3. **Mixed-precision training**: This involves training the model using a combination of high-precision and low-precision arithmetic, to improve the accuracy of quantised models.

By employing these quantisation techniques, it is possible to reduce the memory footprint and improve the loading times of large transformer models, making them more suitable for deployment on CPU-only systems."
measurements/1254633-track-a1-server-sweep-x86/decode-length/tq/model-1-mandatory/t_32_c_2048_p_1_n_512_k_turbo4_v_turbo4,mandatory_short_capital_france,short,2,,,,512,200,,good,1,1,all rubric checks passed,The capital of France is Paris.
measurements/1254633-track-a1-server-sweep-x86/decode-length/tq/model-1-mandatory/t_32_c_2048_p_1_n_512_k_turbo4_v_turbo4,mandatory_medium_ml_vs_dl,medium,2,,,,512,200,,good,4,4,all rubric checks passed,"**Machine Learning (ML) vs Deep Learning (DL)**

Machine Learning and Deep Learning are both subfields of Artificial Intelligence (AI) that enable computers to learn from data and make predictions or decisions. While they share some similarities, there are key differences between the two:

**Machine Learning (ML)**

* Focuses on using algorithms to analyze data and make predictions or decisions.
* Typically uses shallow models with a small number of layers (e.g., decision trees, random forests, support vector machines).
* Can handle structured data (e.g., tables, spreadsheets).
* Often uses supervised learning, where the model is trained on labeled data.

**Example of Machine Learning:**

* **Spam Filter**: A machine learning model is trained on a dataset of emails labeled as spam or not spam. The model learns to identify patterns in the emails and predicts whether a new email is spam or not.

**Deep Learning (DL)**

* Focuses on using neural networks with multiple layers to analyze complex data.
* Typically uses deep models with a large number of layers (e.g., convolutional neural networks, recurrent neural networks).
* Can handle unstructured data (e.g., images, audio, text).
* Often uses unsupervised learning, where the model is trained on unlabeled data.

**Example of Deep Learning:**

* **Image Recognition**: A deep learning model is trained on a large dataset of images labeled with objects (e.g., cats, dogs, cars). The model learns to identify patterns in the images and predicts the object in a new image.

**Key differences:**

* **Model complexity**: Deep learning models are typically more complex and have more layers than machine learning models.
* **Data type**: Machine learning models are often used with structured data, while deep learning models are used with unstructured data (e.g., images, audio).
* **Learning approach**: Machine learning often uses supervised learning, while deep learning often uses unsupervised learning.

In summary, machine learning is a broader field that encompasses a wide range of algorithms and techniques, while deep learning is a specific type of machine learning that focuses on using neural networks with multiple layers to analyze complex data."
measurements/1254633-track-a1-server-sweep-x86/decode-length/tq/model-1-mandatory/t_32_c_2048_p_1_n_512_k_turbo4_v_turbo4,mandatory_long_transformer_cpu,long,2,,,,512,200,,good,4,4,all rubric checks passed,"Based on the context provided, the main challenges when running large transformer models on CPU-only systems are:

1. **Large Memory Footprint**: Transformer models require a significant amount of memory to store their weights and activations. CPU-only systems often have limited memory, making it difficult to run large transformer models.

2. **Repeated Loading of Weights**: During the decoding phase, the model's weights need to be loaded repeatedly, which can be time-consuming and inefficient. This is because the weights are typically stored in memory, and loading them from disk or other storage can be a bottleneck.

Quantisation can help address these challenges in several ways:

1. **Reduced Memory Footprint**: Quantisation involves representing model weights and activations using fewer bits, which can significantly reduce the memory footprint of the model. By using 8-bit or even 4-bit quantisation, the memory requirements can be reduced by a factor of 4 or 16, respectively.

2. **Faster Loading of Weights**: Quantised weights can be stored in a more compact format, which can speed up the loading process. Additionally, quantised weights can be stored in a cache-friendly format, which can further improve loading times.

3. **Improved Parallelisation**: Quantisation can also improve parallelisation by reducing the memory requirements and improving cache locality. This can lead to faster inference times and better scalability on CPU-only systems.

To achieve these benefits, various quantisation techniques can be employed, such as:

1. **Post-training quantisation**: This involves quantising the model weights after training, using techniques such as linear scaling or histogram-based quantisation.

2. **Quantisation-aware training**: This involves training the model with quantisation in mind, using techniques such as fake quantisation or quantisation-aware weight initialization.

3. **Mixed-precision training**: This involves training the model using a combination of high-precision and low-precision arithmetic, to improve the accuracy of quantised models.

By employing these quantisation techniques, it is possible to reduce the memory footprint and improve the loading times of large transformer models, making them more suitable for deployment on CPU-only systems."
measurements/1254633-track-a1-server-sweep-x86/decode-length/tq/model-1-mandatory/t_32_c_2048_p_1_n_512_k_turbo4_v_turbo4,mandatory_short_capital_france,short,3,,,,512,200,,good,1,1,all rubric checks passed,The capital of France is Paris.
measurements/1254633-track-a1-server-sweep-x86/decode-length/tq/model-1-mandatory/t_32_c_2048_p_1_n_512_k_turbo4_v_turbo4,mandatory_medium_ml_vs_dl,medium,3,,,,512,200,,good,4,4,all rubric checks passed,"**Machine Learning (ML) vs Deep Learning (DL)**

Machine Learning and Deep Learning are both subfields of Artificial Intelligence (AI) that enable computers to learn from data and make predictions or decisions. While they share some similarities, there are key differences between the two:

**Machine Learning (ML)**

* Focuses on using algorithms to analyze data and make predictions or decisions.
* Typically uses shallow models with a small number of layers (e.g., decision trees, random forests, support vector machines).
* Can handle structured data (e.g., tables, spreadsheets).
* Often uses supervised learning, where the model is trained on labeled data.

**Example of Machine Learning:**

* **Spam Filter**: A machine learning model is trained on a dataset of emails labeled as spam or not spam. The model learns to identify patterns in the emails and predicts whether a new email is spam or not.

**Deep Learning (DL)**

* Focuses on using neural networks with multiple layers to analyze complex data.
* Typically uses deep models with a large number of layers (e.g., convolutional neural networks, recurrent neural networks).
* Can handle unstructured data (e.g., images, audio, text).
* Often uses unsupervised learning, where the model is trained on unlabeled data.

**Example of Deep Learning:**

* **Image Recognition**: A deep learning model is trained on a large dataset of images labeled with objects (e.g., cats, dogs, cars). The model learns to identify patterns in the images and predicts the object in a new image.

**Key differences:**

* **Model complexity**: Deep learning models are typically more complex and have more layers than machine learning models.
* **Data type**: Machine learning models are often used with structured data, while deep learning models are used with unstructured data (e.g., images, audio).
* **Learning approach**: Machine learning often uses supervised learning, while deep learning often uses unsupervised learning.

In summary, machine learning is a broader field that encompasses a wide range of algorithms and techniques, while deep learning is a specific type of machine learning that focuses on using neural networks with multiple layers to analyze complex data."
measurements/1254633-track-a1-server-sweep-x86/decode-length/tq/model-1-mandatory/t_32_c_2048_p_1_n_512_k_turbo4_v_turbo4,mandatory_long_transformer_cpu,long,3,,,,512,200,,good,4,4,all rubric checks passed,"Based on the context provided, the main challenges when running large transformer models on CPU-only systems are:

1. **Large Memory Footprint**: Transformer models require a significant amount of memory to store their weights and activations. CPU-only systems often have limited memory, making it difficult to run large transformer models.

2. **Repeated Loading of Weights**: During the decoding phase, the model's weights need to be loaded repeatedly, which can be time-consuming and inefficient. This is because the weights are typically stored in memory, and loading them from disk or other storage can be a bottleneck.

Quantisation can help address these challenges in several ways:

1. **Reduced Memory Footprint**: Quantisation involves representing model weights and activations using fewer bits, which can significantly reduce the memory footprint of the model. By using 8-bit or even 4-bit quantisation, the memory requirements can be reduced by a factor of 4 or 16, respectively.

2. **Faster Loading of Weights**: Quantised weights can be stored in a more compact format, which can speed up the loading process. Additionally, quantised weights can be stored in a cache-friendly format, which can further improve loading times.

3. **Improved Parallelisation**: Quantisation can also improve parallelisation by reducing the memory requirements and improving cache locality. This can lead to faster inference times and better scalability on CPU-only systems.

To achieve these benefits, various quantisation techniques can be employed, such as:

1. **Post-training quantisation**: This involves quantising the model weights after training, using techniques such as linear scaling or histogram-based quantisation.

2. **Quantisation-aware training**: This involves training the model with quantisation in mind, using techniques such as fake quantisation or quantisation-aware weight initialization.

3. **Mixed-precision training**: This involves training the model using a combination of high-precision and low-precision arithmetic, to improve the accuracy of quantised models.

By employing these quantisation techniques, it is possible to reduce the memory footprint and improve the loading times of large transformer models, making them more suitable for deployment on CPU-only systems."
measurements/1254633-track-a1-server-sweep-x86/decode-length/tq/model-1-mandatory/t_32_c_2048_p_1_n_64_k_turbo3_v_turbo3,mandatory_short_capital_france,short,1,,,,64,200,,good,1,1,all rubric checks passed,The capital of France is Paris.
measurements/1254633-track-a1-server-sweep-x86/decode-length/tq/model-1-mandatory/t_32_c_2048_p_1_n_64_k_turbo3_v_turbo3,mandatory_medium_ml_vs_dl,medium,1,,,,64,200,,weak,2,4,missing: explains the relationship or distinction; gives or signals examples,"**Machine Learning (ML) vs Deep Learning (DL)**

Machine Learning and Deep Learning are both subfields of Artificial Intelligence (AI) that deal with developing algorithms and statistical models to enable computers to perform tasks that typically require human intelligence. However, there are key differences between the two:

### Key Differences:

1."
measurements/1254633-track-a1-server-sweep-x86/decode-length/tq/model-1-mandatory/t_32_c_2048_p_1_n_64_k_turbo3_v_turbo3,mandatory_long_transformer_cpu,long,1,,,,64,200,,weak,2,4,missing: mentions quantisation; explains quantisation benefit,"Based on the context provided, the main challenges when running large transformer models on CPU-only systems are:

1. **Large memory footprint**: Transformer models require a significant amount of memory to store their weights, attention mechanisms, and input sequences. This can be a challenge for systems with limited memory, such as those with 32"
measurements/1254633-track-a1-server-sweep-x86/decode-length/tq/model-1-mandatory/t_32_c_2048_p_1_n_64_k_turbo3_v_turbo3,mandatory_short_capital_france,short,2,,,,64,200,,good,1,1,all rubric checks passed,The capital of France is Paris.
measurements/1254633-track-a1-server-sweep-x86/decode-length/tq/model-1-mandatory/t_32_c_2048_p_1_n_64_k_turbo3_v_turbo3,mandatory_medium_ml_vs_dl,medium,2,,,,64,200,,weak,2,4,missing: explains the relationship or distinction; gives or signals examples,"**Machine Learning (ML) vs Deep Learning (DL)**

Machine Learning and Deep Learning are both subfields of Artificial Intelligence (AI) that deal with developing algorithms and statistical models to enable computers to perform tasks that typically require human intelligence. However, there are key differences between the two:

### Key Differences:

1."
measurements/1254633-track-a1-server-sweep-x86/decode-length/tq/model-1-mandatory/t_32_c_2048_p_1_n_64_k_turbo3_v_turbo3,mandatory_long_transformer_cpu,long,2,,,,64,200,,weak,2,4,missing: mentions quantisation; explains quantisation benefit,"Based on the context provided, the main challenges when running large transformer models on CPU-only systems are:

1. **Large memory footprint**: Transformer models require a significant amount of memory to store their weights, attention mechanisms, and input sequences. This can be a challenge for systems with limited memory, such as those with 32"
measurements/1254633-track-a1-server-sweep-x86/decode-length/tq/model-1-mandatory/t_32_c_2048_p_1_n_64_k_turbo3_v_turbo3,mandatory_short_capital_france,short,3,,,,64,200,,good,1,1,all rubric checks passed,The capital of France is Paris.
measurements/1254633-track-a1-server-sweep-x86/decode-length/tq/model-1-mandatory/t_32_c_2048_p_1_n_64_k_turbo3_v_turbo3,mandatory_medium_ml_vs_dl,medium,3,,,,64,200,,weak,2,4,missing: explains the relationship or distinction; gives or signals examples,"**Machine Learning (ML) vs Deep Learning (DL)**

Machine Learning and Deep Learning are both subfields of Artificial Intelligence (AI) that deal with developing algorithms and statistical models to enable computers to perform tasks that typically require human intelligence. However, there are key differences between the two:

### Key Differences:

1."
measurements/1254633-track-a1-server-sweep-x86/decode-length/tq/model-1-mandatory/t_32_c_2048_p_1_n_64_k_turbo3_v_turbo3,mandatory_long_transformer_cpu,long,3,,,,64,200,,weak,2,4,missing: mentions quantisation; explains quantisation benefit,"Based on the context provided, the main challenges when running large transformer models on CPU-only systems are:

1. **Large memory footprint**: Transformer models require a significant amount of memory to store their weights, attention mechanisms, and input sequences. This can be a challenge for systems with limited memory, such as those with 32"
measurements/1254633-track-a1-server-sweep-x86/decode-length/tq/model-1-mandatory/t_32_c_2048_p_1_n_64_k_turbo4_v_turbo4,mandatory_short_capital_france,short,1,,,,64,200,,good,1,1,all rubric checks passed,The capital of France is Paris.
measurements/1254633-track-a1-server-sweep-x86/decode-length/tq/model-1-mandatory/t_32_c_2048_p_1_n_64_k_turbo4_v_turbo4,mandatory_medium_ml_vs_dl,medium,1,,,,64,200,,acceptable,3,4,missing: gives or signals examples,"**Machine Learning (ML) vs Deep Learning (DL)**

Machine Learning and Deep Learning are both subfields of Artificial Intelligence (AI) that enable computers to learn from data and make predictions or decisions. While they share some similarities, there are key differences between the two:

**Machine Learning (ML)**

* Focus"
measurements/1254633-track-a1-server-sweep-x86/decode-length/tq/model-1-mandatory/t_32_c_2048_p_1_n_64_k_turbo4_v_turbo4,mandatory_long_transformer_cpu,long,1,,,,64,200,,weak,2,4,missing: mentions quantisation; explains quantisation benefit,"Based on the context provided, the main challenges when running large transformer models on CPU-only systems are:

1. **Large Memory Footprint**: Transformer models require a significant amount of memory to store their weights and activations. CPU-only systems often have limited memory, making it difficult to run large transformer models.

2. **Repeated"
measurements/1254633-track-a1-server-sweep-x86/decode-length/tq/model-1-mandatory/t_32_c_2048_p_1_n_64_k_turbo4_v_turbo4,mandatory_short_capital_france,short,2,,,,64,200,,good,1,1,all rubric checks passed,The capital of France is Paris.
measurements/1254633-track-a1-server-sweep-x86/decode-length/tq/model-1-mandatory/t_32_c_2048_p_1_n_64_k_turbo4_v_turbo4,mandatory_medium_ml_vs_dl,medium,2,,,,64,200,,acceptable,3,4,missing: gives or signals examples,"**Machine Learning (ML) vs Deep Learning (DL)**

Machine Learning and Deep Learning are both subfields of Artificial Intelligence (AI) that enable computers to learn from data and make predictions or decisions. While they share some similarities, there are key differences between the two:

**Machine Learning (ML)**

* Focus"
measurements/1254633-track-a1-server-sweep-x86/decode-length/tq/model-1-mandatory/t_32_c_2048_p_1_n_64_k_turbo4_v_turbo4,mandatory_long_transformer_cpu,long,2,,,,64,200,,weak,2,4,missing: mentions quantisation; explains quantisation benefit,"Based on the context provided, the main challenges when running large transformer models on CPU-only systems are:

1. **Large Memory Footprint**: Transformer models require a significant amount of memory to store their weights and activations. CPU-only systems often have limited memory, making it difficult to run large transformer models.

2. **Repeated"
measurements/1254633-track-a1-server-sweep-x86/decode-length/tq/model-1-mandatory/t_32_c_2048_p_1_n_64_k_turbo4_v_turbo4,mandatory_short_capital_france,short,3,,,,64,200,,good,1,1,all rubric checks passed,The capital of France is Paris.
measurements/1254633-track-a1-server-sweep-x86/decode-length/tq/model-1-mandatory/t_32_c_2048_p_1_n_64_k_turbo4_v_turbo4,mandatory_medium_ml_vs_dl,medium,3,,,,64,200,,acceptable,3,4,missing: gives or signals examples,"**Machine Learning (ML) vs Deep Learning (DL)**

Machine Learning and Deep Learning are both subfields of Artificial Intelligence (AI) that enable computers to learn from data and make predictions or decisions. While they share some similarities, there are key differences between the two:

**Machine Learning (ML)**

* Focus"
measurements/1254633-track-a1-server-sweep-x86/decode-length/tq/model-1-mandatory/t_32_c_2048_p_1_n_64_k_turbo4_v_turbo4,mandatory_long_transformer_cpu,long,3,,,,64,200,,weak,2,4,missing: mentions quantisation; explains quantisation benefit,"Based on the context provided, the main challenges when running large transformer models on CPU-only systems are:

1. **Large Memory Footprint**: Transformer models require a significant amount of memory to store their weights and activations. CPU-only systems often have limited memory, making it difficult to run large transformer models.

2. **Repeated"
measurements/1254633-track-a1-server-sweep-x86/decode-length/vanilla/model-1-mandatory/t_32_c_2048_p_1_n_128_k_f16_v_f16,mandatory_short_capital_france,short,1,,,,128,200,,good,1,1,all rubric checks passed,The capital of France is Paris.
measurements/1254633-track-a1-server-sweep-x86/decode-length/vanilla/model-1-mandatory/t_32_c_2048_p_1_n_128_k_f16_v_f16,mandatory_medium_ml_vs_dl,medium,1,,,,128,200,,acceptable,3,4,missing: gives or signals examples,"**Machine Learning (ML) vs Deep Learning (DL)**

Machine Learning and Deep Learning are both subfields of Artificial Intelligence (AI) that enable computers to learn from data and make predictions or decisions. However, they differ in their approach, complexity, and application.

**Machine Learning (ML)**

Machine Learning is a type of AI that uses algorithms to analyze data and make predictions or decisions. It involves training a model on a dataset to learn patterns and relationships between variables. ML algorithms can be categorized into three types:

1. **Supervised Learning**: The model is trained on labeled data to learn the relationship between inputs and outputs.
"
measurements/1254633-track-a1-server-sweep-x86/decode-length/vanilla/model-1-mandatory/t_32_c_2048_p_1_n_128_k_f16_v_f16,mandatory_long_transformer_cpu,long,1,,,,128,200,,acceptable,3,4,missing: explains quantisation benefit,"Based on the context provided, the main challenges when running large transformer models on CPU-only systems are:

1. **Large Memory Footprint**: Transformer models require a significant amount of memory to store their weights, attention mechanisms, and input sequences. This can lead to memory overflow issues on systems with limited RAM, making it difficult to run large models on CPU-only systems.

2. **Repeated Loading of Weights**: During the decoding phase, the model needs to access its weights multiple times. This repeated loading of weights can lead to slow inference times, as the CPU needs to fetch the weights from memory multiple times.

Quantisation can help address these"
measurements/1254633-track-a1-server-sweep-x86/decode-length/vanilla/model-1-mandatory/t_32_c_2048_p_1_n_128_k_f16_v_f16,mandatory_short_capital_france,short,2,,,,128,200,,good,1,1,all rubric checks passed,The capital of France is Paris.
measurements/1254633-track-a1-server-sweep-x86/decode-length/vanilla/model-1-mandatory/t_32_c_2048_p_1_n_128_k_f16_v_f16,mandatory_medium_ml_vs_dl,medium,2,,,,128,200,,acceptable,3,4,missing: gives or signals examples,"**Machine Learning (ML) vs Deep Learning (DL)**

Machine Learning and Deep Learning are both subfields of Artificial Intelligence (AI) that enable computers to learn from data and make predictions or decisions. However, they differ in their approach, complexity, and application.

**Machine Learning (ML)**

Machine Learning is a type of AI that uses algorithms to analyze data and make predictions or decisions. It involves training a model on a dataset to learn patterns and relationships between variables. ML algorithms can be categorized into three types:

1. **Supervised Learning**: The model is trained on labeled data to learn the relationship between inputs and outputs.
"
measurements/1254633-track-a1-server-sweep-x86/decode-length/vanilla/model-1-mandatory/t_32_c_2048_p_1_n_128_k_f16_v_f16,mandatory_long_transformer_cpu,long,2,,,,128,200,,acceptable,3,4,missing: explains quantisation benefit,"Based on the context provided, the main challenges when running large transformer models on CPU-only systems are:

1. **Large Memory Footprint**: Transformer models require a significant amount of memory to store their weights, attention mechanisms, and input sequences. This can lead to memory overflow issues on systems with limited RAM, making it difficult to run large models on CPU-only systems.

2. **Repeated Loading of Weights**: During the decoding phase, the model needs to access its weights multiple times. This repeated loading of weights can lead to slow inference times, as the CPU needs to fetch the weights from memory multiple times.

Quantisation can help address these"
measurements/1254633-track-a1-server-sweep-x86/decode-length/vanilla/model-1-mandatory/t_32_c_2048_p_1_n_128_k_f16_v_f16,mandatory_short_capital_france,short,3,,,,128,200,,good,1,1,all rubric checks passed,The capital of France is Paris.
measurements/1254633-track-a1-server-sweep-x86/decode-length/vanilla/model-1-mandatory/t_32_c_2048_p_1_n_128_k_f16_v_f16,mandatory_medium_ml_vs_dl,medium,3,,,,128,200,,acceptable,3,4,missing: gives or signals examples,"**Machine Learning (ML) vs Deep Learning (DL)**

Machine Learning and Deep Learning are both subfields of Artificial Intelligence (AI) that enable computers to learn from data and make predictions or decisions. However, they differ in their approach, complexity, and application.

**Machine Learning (ML)**

Machine Learning is a type of AI that uses algorithms to analyze data and make predictions or decisions. It involves training a model on a dataset to learn patterns and relationships between variables. ML algorithms can be categorized into three types:

1. **Supervised Learning**: The model is trained on labeled data to learn the relationship between inputs and outputs.
"
measurements/1254633-track-a1-server-sweep-x86/decode-length/vanilla/model-1-mandatory/t_32_c_2048_p_1_n_128_k_f16_v_f16,mandatory_long_transformer_cpu,long,3,,,,128,200,,acceptable,3,4,missing: explains quantisation benefit,"Based on the context provided, the main challenges when running large transformer models on CPU-only systems are:

1. **Large Memory Footprint**: Transformer models require a significant amount of memory to store their weights, attention mechanisms, and input sequences. This can lead to memory overflow issues on systems with limited RAM, making it difficult to run large models on CPU-only systems.

2. **Repeated Loading of Weights**: During the decoding phase, the model needs to access its weights multiple times. This repeated loading of weights can lead to slow inference times, as the CPU needs to fetch the weights from memory multiple times.

Quantisation can help address these"
measurements/1254633-track-a1-server-sweep-x86/decode-length/vanilla/model-1-mandatory/t_32_c_2048_p_1_n_256_k_f16_v_f16,mandatory_short_capital_france,short,1,,,,256,200,,good,1,1,all rubric checks passed,The capital of France is Paris.
measurements/1254633-track-a1-server-sweep-x86/decode-length/vanilla/model-1-mandatory/t_32_c_2048_p_1_n_256_k_f16_v_f16,mandatory_medium_ml_vs_dl,medium,1,,,,256,200,,good,4,4,all rubric checks passed,"**Machine Learning (ML) vs Deep Learning (DL)**

Machine learning and deep learning are both subfields of artificial intelligence (AI) that enable computers to learn from data without being explicitly programmed. However, they differ in their approach, complexity, and application.

**Machine Learning (ML)**

Machine learning is a type of AI that uses algorithms to analyze data and make predictions or decisions based on that data. ML models are typically trained using a combination of supervised and unsupervised learning techniques. The goal of ML is to identify patterns and relationships in the data, which can be used to make predictions or classify new, unseen data.

**Key characteristics of ML:**

1. **Shallow architecture**: ML models typically have a small number of layers (e.g., 1-5 layers).
2. **Linear or non-linear relationships**: ML models can learn linear or non-linear relationships between features.
3. **Limited capacity**: ML models have a limited capacity to learn and generalize.

**Example of Machine Learning:**

**Predicting house prices**

Suppose we want to build a model that predicts the price of a house based on its features, such as number of bedrooms, square footage, and location. We can use a linear regression model, which is a type"
measurements/1254633-track-a1-server-sweep-x86/decode-length/vanilla/model-1-mandatory/t_32_c_2048_p_1_n_256_k_f16_v_f16,mandatory_long_transformer_cpu,long,1,,,,256,200,,good,4,4,all rubric checks passed,"Based on the context provided, the main challenges when running large transformer models on CPU-only systems are:

1. **Large Memory Footprint**: Transformer models require a significant amount of memory to store their weights, attention mechanisms, and input sequences. This can lead to memory overflow issues on systems with limited RAM, making it difficult to run large models on CPU-only systems.

2. **Repeated Loading of Weights**: During the decoding phase, the model needs to access its weights multiple times. This repeated loading of weights can lead to slow inference times, as the CPU needs to fetch the weights from memory multiple times.

Quantisation can help address these challenges in several ways:

1. **Reduced Model Size**: Quantisation involves representing model weights and activations using lower precision data types (e.g., 8-bit integers instead of 32-bit floats). This can significantly reduce the model's memory footprint, making it more feasible to run on systems with limited RAM.

2. **Faster Weights Loading**: By reducing the precision of the weights, quantisation can also reduce the number of bytes that need to be loaded from memory during inference. This can lead to faster inference times, as the CPU spends less time fetching weights from memory.

3. **Improved Parallelisation**: Quantisation can"
measurements/1254633-track-a1-server-sweep-x86/decode-length/vanilla/model-1-mandatory/t_32_c_2048_p_1_n_256_k_f16_v_f16,mandatory_short_capital_france,short,2,,,,256,200,,good,1,1,all rubric checks passed,The capital of France is Paris.
measurements/1254633-track-a1-server-sweep-x86/decode-length/vanilla/model-1-mandatory/t_32_c_2048_p_1_n_256_k_f16_v_f16,mandatory_medium_ml_vs_dl,medium,2,,,,256,200,,good,4,4,all rubric checks passed,"**Machine Learning (ML) vs Deep Learning (DL)**

Machine learning and deep learning are both subfields of artificial intelligence (AI) that enable computers to learn from data without being explicitly programmed. However, they differ in their approach, complexity, and application.

**Machine Learning (ML)**

Machine learning is a type of AI that uses algorithms to analyze data and make predictions or decisions based on that data. ML models are typically trained using a combination of supervised and unsupervised learning techniques. The goal of ML is to identify patterns and relationships in the data, which can be used to make predictions or classify new, unseen data.

**Key characteristics of ML:**

1. **Shallow architecture**: ML models typically have a small number of layers (e.g., 1-5 layers).
2. **Linear or non-linear relationships**: ML models can learn linear or non-linear relationships between features.
3. **Limited capacity**: ML models have a limited capacity to learn and generalize.

**Example of Machine Learning:**

**Predicting house prices**

Suppose we want to build a model that predicts the price of a house based on its features, such as number of bedrooms, square footage, and location. We can use a linear regression model, which is a type"
measurements/1254633-track-a1-server-sweep-x86/decode-length/vanilla/model-1-mandatory/t_32_c_2048_p_1_n_256_k_f16_v_f16,mandatory_long_transformer_cpu,long,2,,,,256,200,,good,4,4,all rubric checks passed,"Based on the context provided, the main challenges when running large transformer models on CPU-only systems are:

1. **Large Memory Footprint**: Transformer models require a significant amount of memory to store their weights, attention mechanisms, and input sequences. This can lead to memory overflow issues on systems with limited RAM, making it difficult to run large models on CPU-only systems.

2. **Repeated Loading of Weights**: During the decoding phase, the model needs to access its weights multiple times. This repeated loading of weights can lead to slow inference times, as the CPU needs to fetch the weights from memory multiple times.

Quantisation can help address these challenges in several ways:

1. **Reduced Model Size**: Quantisation involves representing model weights and activations using lower precision data types (e.g., 8-bit integers instead of 32-bit floats). This can significantly reduce the model's memory footprint, making it more feasible to run on systems with limited RAM.

2. **Faster Weights Loading**: By reducing the precision of the weights, quantisation can also reduce the number of bytes that need to be loaded from memory during inference. This can lead to faster inference times, as the CPU spends less time fetching weights from memory.

3. **Improved Parallelisation**: Quantisation can"
measurements/1254633-track-a1-server-sweep-x86/decode-length/vanilla/model-1-mandatory/t_32_c_2048_p_1_n_256_k_f16_v_f16,mandatory_short_capital_france,short,3,,,,256,200,,good,1,1,all rubric checks passed,The capital of France is Paris.
measurements/1254633-track-a1-server-sweep-x86/decode-length/vanilla/model-1-mandatory/t_32_c_2048_p_1_n_256_k_f16_v_f16,mandatory_medium_ml_vs_dl,medium,3,,,,256,200,,good,4,4,all rubric checks passed,"**Machine Learning (ML) vs Deep Learning (DL)**

Machine learning and deep learning are both subfields of artificial intelligence (AI) that enable computers to learn from data without being explicitly programmed. However, they differ in their approach, complexity, and application.

**Machine Learning (ML)**

Machine learning is a type of AI that uses algorithms to analyze data and make predictions or decisions based on that data. ML models are typically trained using a combination of supervised and unsupervised learning techniques. The goal of ML is to identify patterns and relationships in the data, which can be used to make predictions or classify new, unseen data.

**Key characteristics of ML:**

1. **Shallow architecture**: ML models typically have a small number of layers (e.g., 1-5 layers).
2. **Linear or non-linear relationships**: ML models can learn linear or non-linear relationships between features.
3. **Limited capacity**: ML models have a limited capacity to learn and generalize.

**Example of Machine Learning:**

**Predicting house prices**

Suppose we want to build a model that predicts the price of a house based on its features, such as number of bedrooms, square footage, and location. We can use a linear regression model, which is a type"
measurements/1254633-track-a1-server-sweep-x86/decode-length/vanilla/model-1-mandatory/t_32_c_2048_p_1_n_256_k_f16_v_f16,mandatory_long_transformer_cpu,long,3,,,,256,200,,good,4,4,all rubric checks passed,"Based on the context provided, the main challenges when running large transformer models on CPU-only systems are:

1. **Large Memory Footprint**: Transformer models require a significant amount of memory to store their weights, attention mechanisms, and input sequences. This can lead to memory overflow issues on systems with limited RAM, making it difficult to run large models on CPU-only systems.

2. **Repeated Loading of Weights**: During the decoding phase, the model needs to access its weights multiple times. This repeated loading of weights can lead to slow inference times, as the CPU needs to fetch the weights from memory multiple times.

Quantisation can help address these challenges in several ways:

1. **Reduced Model Size**: Quantisation involves representing model weights and activations using lower precision data types (e.g., 8-bit integers instead of 32-bit floats). This can significantly reduce the model's memory footprint, making it more feasible to run on systems with limited RAM.

2. **Faster Weights Loading**: By reducing the precision of the weights, quantisation can also reduce the number of bytes that need to be loaded from memory during inference. This can lead to faster inference times, as the CPU spends less time fetching weights from memory.

3. **Improved Parallelisation**: Quantisation can"
measurements/1254633-track-a1-server-sweep-x86/decode-length/vanilla/model-1-mandatory/t_32_c_2048_p_1_n_512_k_f16_v_f16,mandatory_short_capital_france,short,1,,,,512,200,,good,1,1,all rubric checks passed,The capital of France is Paris.
measurements/1254633-track-a1-server-sweep-x86/decode-length/vanilla/model-1-mandatory/t_32_c_2048_p_1_n_512_k_f16_v_f16,mandatory_medium_ml_vs_dl,medium,1,,,,512,200,,good,4,4,all rubric checks passed,"**Machine Learning (ML) vs Deep Learning (DL)**

Machine learning and deep learning are both subfields of artificial intelligence (AI) that enable computers to learn from data without being explicitly programmed. However, they differ in their approach, complexity, and application.

**Machine Learning (ML)**

Machine learning is a type of AI that uses algorithms to analyze data and make predictions or decisions based on that data. ML models are typically trained using a combination of supervised and unsupervised learning techniques. The goal of ML is to identify patterns and relationships in the data, which can be used to make predictions or classify new, unseen data.

**Key characteristics of ML:**

1. **Shallow architecture**: ML models typically have a small number of layers (e.g., 1-5 layers).
2. **Linear or non-linear relationships**: ML models can learn linear or non-linear relationships between features.
3. **Limited capacity**: ML models have a limited capacity to learn and generalize.

**Example of Machine Learning:**

**Predicting house prices**

Suppose we want to build a model that predicts the price of a house based on its features, such as number of bedrooms, square footage, and location. We can use a linear regression model, which is a type of ML algorithm, to learn the relationship between these features and the house price.

**Deep Learning (DL)**

Deep learning is a type of ML that uses neural networks with multiple layers to analyze data. DL models are designed to learn complex patterns and relationships in data, which can be used to make predictions or classify new, unseen data.

**Key characteristics of DL:**

1. **Deep architecture**: DL models typically have a large number of layers (e.g., 10-50 layers or more).
2. **Non-linear relationships**: DL models can learn complex, non-linear relationships between features.
3. **High capacity**: DL models have a high capacity to learn and generalize.

**Example of Deep Learning:**

**Image classification**

Suppose we want to build a model that can classify images into different categories, such as animals, vehicles, or buildings. We can use a convolutional neural network (CNN), which is a type of DL algorithm, to learn the features of images and classify them into different categories.

**Comparison of ML and DL:**

|  | Machine Learning (ML) | Deep Learning (DL) |
| --- | --- | --- |
| **Architecture** | Shallow (1-5 layers) | Deep (10-50 layers"
measurements/1254633-track-a1-server-sweep-x86/decode-length/vanilla/model-1-mandatory/t_32_c_2048_p_1_n_512_k_f16_v_f16,mandatory_long_transformer_cpu,long,1,,,,512,200,,good,4,4,all rubric checks passed,"Based on the context provided, the main challenges when running large transformer models on CPU-only systems are:

1. **Large Memory Footprint**: Transformer models require a significant amount of memory to store their weights, attention mechanisms, and input sequences. This can lead to memory overflow issues on systems with limited RAM, making it difficult to run large models on CPU-only systems.

2. **Repeated Loading of Weights**: During the decoding phase, the model needs to access its weights multiple times. This repeated loading of weights can lead to slow inference times, as the CPU needs to fetch the weights from memory multiple times.

Quantisation can help address these challenges in several ways:

1. **Reduced Model Size**: Quantisation involves representing model weights and activations using lower precision data types (e.g., 8-bit integers instead of 32-bit floats). This can significantly reduce the model's memory footprint, making it more feasible to run on systems with limited RAM.

2. **Faster Weights Loading**: By reducing the precision of the weights, quantisation can also reduce the number of bytes that need to be loaded from memory during inference. This can lead to faster inference times, as the CPU spends less time fetching weights from memory.

3. **Improved Parallelisation**: Quantisation can also enable better parallelisation during inference, as the reduced precision of the weights can allow for more efficient use of CPU resources.

Some popular quantisation techniques for transformers include:

1. **Integer Quantisation**: This involves representing model weights and activations using integers, which can be stored more efficiently than floating-point numbers.

2. **Dynamic Quantisation**: This involves adapting the precision of the weights and activations during inference, based on the specific requirements of the model and the input data.

3. **Post-Training Quantisation**: This involves quantising the model after it has been trained, using techniques such as quantisation-aware training or knowledge distillation.

By applying quantisation techniques, it's possible to reduce the memory footprint and improve the inference speed of large transformer models on CPU-only systems, making them more suitable for deployment in resource-constrained environments."
measurements/1254633-track-a1-server-sweep-x86/decode-length/vanilla/model-1-mandatory/t_32_c_2048_p_1_n_512_k_f16_v_f16,mandatory_short_capital_france,short,2,,,,512,200,,good,1,1,all rubric checks passed,The capital of France is Paris.
measurements/1254633-track-a1-server-sweep-x86/decode-length/vanilla/model-1-mandatory/t_32_c_2048_p_1_n_512_k_f16_v_f16,mandatory_medium_ml_vs_dl,medium,2,,,,512,200,,good,4,4,all rubric checks passed,"**Machine Learning (ML) vs Deep Learning (DL)**

Machine learning and deep learning are both subfields of artificial intelligence (AI) that enable computers to learn from data without being explicitly programmed. However, they differ in their approach, complexity, and application.

**Machine Learning (ML)**

Machine learning is a type of AI that uses algorithms to analyze data and make predictions or decisions based on that data. ML models are typically trained using a combination of supervised and unsupervised learning techniques. The goal of ML is to identify patterns and relationships in the data, which can be used to make predictions or classify new, unseen data.

**Key characteristics of ML:**

1. **Shallow architecture**: ML models typically have a small number of layers (e.g., 1-5 layers).
2. **Linear or non-linear relationships**: ML models can learn linear or non-linear relationships between features.
3. **Limited capacity**: ML models have a limited capacity to learn and generalize.

**Example of Machine Learning:**

**Predicting house prices**

Suppose we want to build a model that predicts the price of a house based on its features, such as number of bedrooms, square footage, and location. We can use a linear regression model, which is a type of ML algorithm, to learn the relationship between these features and the house price.

**Deep Learning (DL)**

Deep learning is a type of ML that uses neural networks with multiple layers to analyze data. DL models are designed to learn complex patterns and relationships in data, which can be used to make predictions or classify new, unseen data.

**Key characteristics of DL:**

1. **Deep architecture**: DL models typically have a large number of layers (e.g., 10-50 layers or more).
2. **Non-linear relationships**: DL models can learn complex, non-linear relationships between features.
3. **High capacity**: DL models have a high capacity to learn and generalize.

**Example of Deep Learning:**

**Image classification**

Suppose we want to build a model that can classify images into different categories, such as animals, vehicles, or buildings. We can use a convolutional neural network (CNN), which is a type of DL algorithm, to learn the features of images and classify them into different categories.

**Comparison of ML and DL:**

|  | Machine Learning (ML) | Deep Learning (DL) |
| --- | --- | --- |
| **Architecture** | Shallow (1-5 layers) | Deep (10-50 layers"
measurements/1254633-track-a1-server-sweep-x86/decode-length/vanilla/model-1-mandatory/t_32_c_2048_p_1_n_512_k_f16_v_f16,mandatory_long_transformer_cpu,long,2,,,,512,200,,good,4,4,all rubric checks passed,"Based on the context provided, the main challenges when running large transformer models on CPU-only systems are:

1. **Large Memory Footprint**: Transformer models require a significant amount of memory to store their weights, attention mechanisms, and input sequences. This can lead to memory overflow issues on systems with limited RAM, making it difficult to run large models on CPU-only systems.

2. **Repeated Loading of Weights**: During the decoding phase, the model needs to access its weights multiple times. This repeated loading of weights can lead to slow inference times, as the CPU needs to fetch the weights from memory multiple times.

Quantisation can help address these challenges in several ways:

1. **Reduced Model Size**: Quantisation involves representing model weights and activations using lower precision data types (e.g., 8-bit integers instead of 32-bit floats). This can significantly reduce the model's memory footprint, making it more feasible to run on systems with limited RAM.

2. **Faster Weights Loading**: By reducing the precision of the weights, quantisation can also reduce the number of bytes that need to be loaded from memory during inference. This can lead to faster inference times, as the CPU spends less time fetching weights from memory.

3. **Improved Parallelisation**: Quantisation can also enable better parallelisation during inference, as the reduced precision of the weights can allow for more efficient use of CPU resources.

Some popular quantisation techniques for transformers include:

1. **Integer Quantisation**: This involves representing model weights and activations using integers, which can be stored more efficiently than floating-point numbers.

2. **Dynamic Quantisation**: This involves adapting the precision of the weights and activations during inference, based on the specific requirements of the model and the input data.

3. **Post-Training Quantisation**: This involves quantising the model after it has been trained, using techniques such as quantisation-aware training or knowledge distillation.

By applying quantisation techniques, it's possible to reduce the memory footprint and improve the inference speed of large transformer models on CPU-only systems, making them more suitable for deployment in resource-constrained environments."
measurements/1254633-track-a1-server-sweep-x86/decode-length/vanilla/model-1-mandatory/t_32_c_2048_p_1_n_512_k_f16_v_f16,mandatory_short_capital_france,short,3,,,,512,200,,good,1,1,all rubric checks passed,The capital of France is Paris.
measurements/1254633-track-a1-server-sweep-x86/decode-length/vanilla/model-1-mandatory/t_32_c_2048_p_1_n_512_k_f16_v_f16,mandatory_medium_ml_vs_dl,medium,3,,,,512,200,,good,4,4,all rubric checks passed,"**Machine Learning (ML) vs Deep Learning (DL)**

Machine learning and deep learning are both subfields of artificial intelligence (AI) that enable computers to learn from data without being explicitly programmed. However, they differ in their approach, complexity, and application.

**Machine Learning (ML)**

Machine learning is a type of AI that uses algorithms to analyze data and make predictions or decisions based on that data. ML models are typically trained using a combination of supervised and unsupervised learning techniques. The goal of ML is to identify patterns and relationships in the data, which can be used to make predictions or classify new, unseen data.

**Key characteristics of ML:**

1. **Shallow architecture**: ML models typically have a small number of layers (e.g., 1-5 layers).
2. **Linear or non-linear relationships**: ML models can learn linear or non-linear relationships between features.
3. **Limited capacity**: ML models have a limited capacity to learn and generalize.

**Example of Machine Learning:**

**Predicting house prices**

Suppose we want to build a model that predicts the price of a house based on its features, such as number of bedrooms, square footage, and location. We can use a linear regression model, which is a type of ML algorithm, to learn the relationship between these features and the house price.

**Deep Learning (DL)**

Deep learning is a type of ML that uses neural networks with multiple layers to analyze data. DL models are designed to learn complex patterns and relationships in data, which can be used to make predictions or classify new, unseen data.

**Key characteristics of DL:**

1. **Deep architecture**: DL models typically have a large number of layers (e.g., 10-50 layers or more).
2. **Non-linear relationships**: DL models can learn complex, non-linear relationships between features.
3. **High capacity**: DL models have a high capacity to learn and generalize.

**Example of Deep Learning:**

**Image classification**

Suppose we want to build a model that can classify images into different categories, such as animals, vehicles, or buildings. We can use a convolutional neural network (CNN), which is a type of DL algorithm, to learn the features of images and classify them into different categories.

**Comparison of ML and DL:**

|  | Machine Learning (ML) | Deep Learning (DL) |
| --- | --- | --- |
| **Architecture** | Shallow (1-5 layers) | Deep (10-50 layers"
measurements/1254633-track-a1-server-sweep-x86/decode-length/vanilla/model-1-mandatory/t_32_c_2048_p_1_n_512_k_f16_v_f16,mandatory_long_transformer_cpu,long,3,,,,512,200,,good,4,4,all rubric checks passed,"Based on the context provided, the main challenges when running large transformer models on CPU-only systems are:

1. **Large Memory Footprint**: Transformer models require a significant amount of memory to store their weights, attention mechanisms, and input sequences. This can lead to memory overflow issues on systems with limited RAM, making it difficult to run large models on CPU-only systems.

2. **Repeated Loading of Weights**: During the decoding phase, the model needs to access its weights multiple times. This repeated loading of weights can lead to slow inference times, as the CPU needs to fetch the weights from memory multiple times.

Quantisation can help address these challenges in several ways:

1. **Reduced Model Size**: Quantisation involves representing model weights and activations using lower precision data types (e.g., 8-bit integers instead of 32-bit floats). This can significantly reduce the model's memory footprint, making it more feasible to run on systems with limited RAM.

2. **Faster Weights Loading**: By reducing the precision of the weights, quantisation can also reduce the number of bytes that need to be loaded from memory during inference. This can lead to faster inference times, as the CPU spends less time fetching weights from memory.

3. **Improved Parallelisation**: Quantisation can also enable better parallelisation during inference, as the reduced precision of the weights can allow for more efficient use of CPU resources.

Some popular quantisation techniques for transformers include:

1. **Integer Quantisation**: This involves representing model weights and activations using integers, which can be stored more efficiently than floating-point numbers.

2. **Dynamic Quantisation**: This involves adapting the precision of the weights and activations during inference, based on the specific requirements of the model and the input data.

3. **Post-Training Quantisation**: This involves quantising the model after it has been trained, using techniques such as quantisation-aware training or knowledge distillation.

By applying quantisation techniques, it's possible to reduce the memory footprint and improve the inference speed of large transformer models on CPU-only systems, making them more suitable for deployment in resource-constrained environments."
measurements/1254633-track-a1-server-sweep-x86/decode-length/vanilla/model-1-mandatory/t_32_c_2048_p_1_n_64_k_f16_v_f16,mandatory_short_capital_france,short,1,,,,64,200,,good,1,1,all rubric checks passed,The capital of France is Paris.
measurements/1254633-track-a1-server-sweep-x86/decode-length/vanilla/model-1-mandatory/t_32_c_2048_p_1_n_64_k_f16_v_f16,mandatory_medium_ml_vs_dl,medium,1,,,,64,200,,acceptable,3,4,missing: gives or signals examples,"**Machine Learning (ML) vs Deep Learning (DL)**

Machine Learning and Deep Learning are both subfields of Artificial Intelligence (AI) that enable computers to learn from data and make predictions or decisions. However, they differ in their approach, complexity, and application.

**Machine Learning (ML)**

Machine Learning is"
measurements/1254633-track-a1-server-sweep-x86/decode-length/vanilla/model-1-mandatory/t_32_c_2048_p_1_n_64_k_f16_v_f16,mandatory_long_transformer_cpu,long,1,,,,64,200,,weak,2,4,missing: mentions quantisation; explains quantisation benefit,"Based on the context provided, the main challenges when running large transformer models on CPU-only systems are:

1. **Large Memory Footprint**: Transformer models require a significant amount of memory to store their weights, attention mechanisms, and input sequences. This can lead to memory overflow issues on systems with limited RAM, making it difficult"
measurements/1254633-track-a1-server-sweep-x86/decode-length/vanilla/model-1-mandatory/t_32_c_2048_p_1_n_64_k_f16_v_f16,mandatory_short_capital_france,short,2,,,,64,200,,good,1,1,all rubric checks passed,The capital of France is Paris.
measurements/1254633-track-a1-server-sweep-x86/decode-length/vanilla/model-1-mandatory/t_32_c_2048_p_1_n_64_k_f16_v_f16,mandatory_medium_ml_vs_dl,medium,2,,,,64,200,,acceptable,3,4,missing: gives or signals examples,"**Machine Learning (ML) vs Deep Learning (DL)**

Machine Learning and Deep Learning are both subfields of Artificial Intelligence (AI) that enable computers to learn from data and make predictions or decisions. However, they differ in their approach, complexity, and application.

**Machine Learning (ML)**

Machine Learning is"
measurements/1254633-track-a1-server-sweep-x86/decode-length/vanilla/model-1-mandatory/t_32_c_2048_p_1_n_64_k_f16_v_f16,mandatory_long_transformer_cpu,long,2,,,,64,200,,weak,2,4,missing: mentions quantisation; explains quantisation benefit,"Based on the context provided, the main challenges when running large transformer models on CPU-only systems are:

1. **Large Memory Footprint**: Transformer models require a significant amount of memory to store their weights, attention mechanisms, and input sequences. This can lead to memory overflow issues on systems with limited RAM, making it difficult"
measurements/1254633-track-a1-server-sweep-x86/decode-length/vanilla/model-1-mandatory/t_32_c_2048_p_1_n_64_k_f16_v_f16,mandatory_short_capital_france,short,3,,,,64,200,,good,1,1,all rubric checks passed,The capital of France is Paris.
measurements/1254633-track-a1-server-sweep-x86/decode-length/vanilla/model-1-mandatory/t_32_c_2048_p_1_n_64_k_f16_v_f16,mandatory_medium_ml_vs_dl,medium,3,,,,64,200,,acceptable,3,4,missing: gives or signals examples,"**Machine Learning (ML) vs Deep Learning (DL)**

Machine Learning and Deep Learning are both subfields of Artificial Intelligence (AI) that enable computers to learn from data and make predictions or decisions. However, they differ in their approach, complexity, and application.

**Machine Learning (ML)**

Machine Learning is"
measurements/1254633-track-a1-server-sweep-x86/decode-length/vanilla/model-1-mandatory/t_32_c_2048_p_1_n_64_k_f16_v_f16,mandatory_long_transformer_cpu,long,3,,,,64,200,,weak,2,4,missing: mentions quantisation; explains quantisation benefit,"Based on the context provided, the main challenges when running large transformer models on CPU-only systems are:

1. **Large Memory Footprint**: Transformer models require a significant amount of memory to store their weights, attention mechanisms, and input sequences. This can lead to memory overflow issues on systems with limited RAM, making it difficult"
measurements/1254633-track-a1-server-sweep-x86/model-set/tq/model-1-mandatory/t_32_c_2048_p_1_n_128_k_turbo3_v_turbo3,mandatory_short_capital_france,short,1,,,,128,200,,good,1,1,all rubric checks passed,The capital of France is Paris.
measurements/1254633-track-a1-server-sweep-x86/model-set/tq/model-1-mandatory/t_32_c_2048_p_1_n_128_k_turbo3_v_turbo3,mandatory_medium_ml_vs_dl,medium,1,,,,128,200,,acceptable,3,4,missing: gives or signals examples,"**Machine Learning (ML) vs Deep Learning (DL)**

Machine Learning and Deep Learning are both subfields of Artificial Intelligence (AI) that deal with developing algorithms and statistical models to enable computers to perform tasks that typically require human intelligence. However, there are key differences between the two:

### Key Differences:

1. **Complexity**: Deep Learning models are more complex and have many layers, whereas Machine Learning models are relatively simple and have fewer layers.
2. **Data Requirements**: Deep Learning requires a large amount of data to train, whereas Machine Learning can work with smaller datasets.
3. **Model Architecture**: Deep Learning models use a"
measurements/1254633-track-a1-server-sweep-x86/model-set/tq/model-1-mandatory/t_32_c_2048_p_1_n_128_k_turbo3_v_turbo3,mandatory_long_transformer_cpu,long,1,,,,128,200,,acceptable,3,4,missing: explains quantisation benefit,"Based on the context provided, the main challenges when running large transformer models on CPU-only systems are:

1. **Large memory footprint**: Transformer models require a significant amount of memory to store their weights, attention mechanisms, and input sequences. This can be a challenge for systems with limited memory, such as those with 32 GB or less of RAM.

2. **Repeated loading of weights during the decoding phase**: During inference, the model's weights need to be loaded repeatedly, which can lead to slow inference times and increased memory usage.

Quantization can help address these challenges in several ways:

1. **Reducing model size**: Quantization"
measurements/1254633-track-a1-server-sweep-x86/model-set/tq/model-1-mandatory/t_32_c_2048_p_1_n_128_k_turbo3_v_turbo3,mandatory_short_capital_france,short,2,,,,128,200,,good,1,1,all rubric checks passed,The capital of France is Paris.
measurements/1254633-track-a1-server-sweep-x86/model-set/tq/model-1-mandatory/t_32_c_2048_p_1_n_128_k_turbo3_v_turbo3,mandatory_medium_ml_vs_dl,medium,2,,,,128,200,,acceptable,3,4,missing: gives or signals examples,"**Machine Learning (ML) vs Deep Learning (DL)**

Machine Learning and Deep Learning are both subfields of Artificial Intelligence (AI) that deal with developing algorithms and statistical models to enable computers to perform tasks that typically require human intelligence. However, there are key differences between the two:

### Key Differences:

1. **Complexity**: Deep Learning models are more complex and have many layers, whereas Machine Learning models are relatively simple and have fewer layers.
2. **Data Requirements**: Deep Learning requires a large amount of data to train, whereas Machine Learning can work with smaller datasets.
3. **Model Architecture**: Deep Learning models use a"
measurements/1254633-track-a1-server-sweep-x86/model-set/tq/model-1-mandatory/t_32_c_2048_p_1_n_128_k_turbo3_v_turbo3,mandatory_long_transformer_cpu,long,2,,,,128,200,,acceptable,3,4,missing: explains quantisation benefit,"Based on the context provided, the main challenges when running large transformer models on CPU-only systems are:

1. **Large memory footprint**: Transformer models require a significant amount of memory to store their weights, attention mechanisms, and input sequences. This can be a challenge for systems with limited memory, such as those with 32 GB or less of RAM.

2. **Repeated loading of weights during the decoding phase**: During inference, the model's weights need to be loaded repeatedly, which can lead to slow inference times and increased memory usage.

Quantization can help address these challenges in several ways:

1. **Reducing model size**: Quantization"
measurements/1254633-track-a1-server-sweep-x86/model-set/tq/model-1-mandatory/t_32_c_2048_p_1_n_128_k_turbo3_v_turbo3,mandatory_short_capital_france,short,3,,,,128,200,,good,1,1,all rubric checks passed,The capital of France is Paris.
measurements/1254633-track-a1-server-sweep-x86/model-set/tq/model-1-mandatory/t_32_c_2048_p_1_n_128_k_turbo3_v_turbo3,mandatory_medium_ml_vs_dl,medium,3,,,,128,200,,acceptable,3,4,missing: gives or signals examples,"**Machine Learning (ML) vs Deep Learning (DL)**

Machine Learning and Deep Learning are both subfields of Artificial Intelligence (AI) that deal with developing algorithms and statistical models to enable computers to perform tasks that typically require human intelligence. However, there are key differences between the two:

### Key Differences:

1. **Complexity**: Deep Learning models are more complex and have many layers, whereas Machine Learning models are relatively simple and have fewer layers.
2. **Data Requirements**: Deep Learning requires a large amount of data to train, whereas Machine Learning can work with smaller datasets.
3. **Model Architecture**: Deep Learning models use a"
measurements/1254633-track-a1-server-sweep-x86/model-set/tq/model-1-mandatory/t_32_c_2048_p_1_n_128_k_turbo3_v_turbo3,mandatory_long_transformer_cpu,long,3,,,,128,200,,acceptable,3,4,missing: explains quantisation benefit,"Based on the context provided, the main challenges when running large transformer models on CPU-only systems are:

1. **Large memory footprint**: Transformer models require a significant amount of memory to store their weights, attention mechanisms, and input sequences. This can be a challenge for systems with limited memory, such as those with 32 GB or less of RAM.

2. **Repeated loading of weights during the decoding phase**: During inference, the model's weights need to be loaded repeatedly, which can lead to slow inference times and increased memory usage.

Quantization can help address these challenges in several ways:

1. **Reducing model size**: Quantization"
measurements/1254633-track-a1-server-sweep-x86/model-set/tq/model-1-mandatory/t_32_c_2048_p_1_n_128_k_turbo4_v_turbo4,mandatory_short_capital_france,short,1,,,,128,200,,good,1,1,all rubric checks passed,The capital of France is Paris.
measurements/1254633-track-a1-server-sweep-x86/model-set/tq/model-1-mandatory/t_32_c_2048_p_1_n_128_k_turbo4_v_turbo4,mandatory_medium_ml_vs_dl,medium,1,,,,128,200,,good,4,4,all rubric checks passed,"**Machine Learning (ML) vs Deep Learning (DL)**

Machine Learning and Deep Learning are both subfields of Artificial Intelligence (AI) that enable computers to learn from data and make predictions or decisions. While they share some similarities, there are key differences between the two:

**Machine Learning (ML)**

* Focuses on using algorithms to analyze and make predictions from data.
* Typically uses shallow models (few layers) and is often based on traditional statistical techniques.
* Can be used for a wide range of tasks, including classification, regression, clustering, and more.
* Requires a large amount of labeled data to train the model.
"
measurements/1254633-track-a1-server-sweep-x86/model-set/tq/model-1-mandatory/t_32_c_2048_p_1_n_128_k_turbo4_v_turbo4,mandatory_long_transformer_cpu,long,1,,,,128,200,,acceptable,3,4,missing: explains quantisation benefit,"Based on the context provided, the main challenges when running large transformer models on CPU-only systems are:

1. **Large Memory Footprint**: Transformer models require a significant amount of memory to store their weights and activations. CPU-only systems often have limited memory, making it difficult to run large transformer models.

2. **Repeated Loading of Weights**: During the decoding phase, the model's weights need to be loaded repeatedly, which can be time-consuming and inefficient. This is because the weights are typically stored in memory, and loading them from disk or other storage can be a bottleneck.

Quantisation can help address these challenges in several ways:

1"
measurements/1254633-track-a1-server-sweep-x86/model-set/tq/model-1-mandatory/t_32_c_2048_p_1_n_128_k_turbo4_v_turbo4,mandatory_short_capital_france,short,2,,,,128,200,,good,1,1,all rubric checks passed,The capital of France is Paris.
measurements/1254633-track-a1-server-sweep-x86/model-set/tq/model-1-mandatory/t_32_c_2048_p_1_n_128_k_turbo4_v_turbo4,mandatory_medium_ml_vs_dl,medium,2,,,,128,200,,good,4,4,all rubric checks passed,"**Machine Learning (ML) vs Deep Learning (DL)**

Machine Learning and Deep Learning are both subfields of Artificial Intelligence (AI) that enable computers to learn from data and make predictions or decisions. While they share some similarities, there are key differences between the two:

**Machine Learning (ML)**

* Focuses on using algorithms to analyze and make predictions from data.
* Typically uses shallow models (few layers) and is often based on traditional statistical techniques.
* Can be used for a wide range of tasks, including classification, regression, clustering, and more.
* Requires a large amount of labeled data to train the model.
"
measurements/1254633-track-a1-server-sweep-x86/model-set/tq/model-1-mandatory/t_32_c_2048_p_1_n_128_k_turbo4_v_turbo4,mandatory_long_transformer_cpu,long,2,,,,128,200,,acceptable,3,4,missing: explains quantisation benefit,"Based on the context provided, the main challenges when running large transformer models on CPU-only systems are:

1. **Large Memory Footprint**: Transformer models require a significant amount of memory to store their weights and activations. CPU-only systems often have limited memory, making it difficult to run large transformer models.

2. **Repeated Loading of Weights**: During the decoding phase, the model's weights need to be loaded repeatedly, which can be time-consuming and inefficient. This is because the weights are typically stored in memory, and loading them from disk or other storage can be a bottleneck.

Quantisation can help address these challenges in several ways:

1"
measurements/1254633-track-a1-server-sweep-x86/model-set/tq/model-1-mandatory/t_32_c_2048_p_1_n_128_k_turbo4_v_turbo4,mandatory_short_capital_france,short,3,,,,128,200,,good,1,1,all rubric checks passed,The capital of France is Paris.
measurements/1254633-track-a1-server-sweep-x86/model-set/tq/model-1-mandatory/t_32_c_2048_p_1_n_128_k_turbo4_v_turbo4,mandatory_medium_ml_vs_dl,medium,3,,,,128,200,,good,4,4,all rubric checks passed,"**Machine Learning (ML) vs Deep Learning (DL)**

Machine Learning and Deep Learning are both subfields of Artificial Intelligence (AI) that enable computers to learn from data and make predictions or decisions. While they share some similarities, there are key differences between the two:

**Machine Learning (ML)**

* Focuses on using algorithms to analyze and make predictions from data.
* Typically uses shallow models (few layers) and is often based on traditional statistical techniques.
* Can be used for a wide range of tasks, including classification, regression, clustering, and more.
* Requires a large amount of labeled data to train the model.
"
measurements/1254633-track-a1-server-sweep-x86/model-set/tq/model-1-mandatory/t_32_c_2048_p_1_n_128_k_turbo4_v_turbo4,mandatory_long_transformer_cpu,long,3,,,,128,200,,acceptable,3,4,missing: explains quantisation benefit,"Based on the context provided, the main challenges when running large transformer models on CPU-only systems are:

1. **Large Memory Footprint**: Transformer models require a significant amount of memory to store their weights and activations. CPU-only systems often have limited memory, making it difficult to run large transformer models.

2. **Repeated Loading of Weights**: During the decoding phase, the model's weights need to be loaded repeatedly, which can be time-consuming and inefficient. This is because the weights are typically stored in memory, and loading them from disk or other storage can be a bottleneck.

Quantisation can help address these challenges in several ways:

1"
measurements/1254633-track-a1-server-sweep-x86/model-set/tq/model-3/t_32_c_2048_p_1_n_128_k_turbo3_v_turbo3,mandatory_short_capital_france,short,1,,,,128,200,,good,1,1,all rubric checks passed,"Paris is the most famous city there, but the actual capital is Paris."
measurements/1254633-track-a1-server-sweep-x86/model-set/tq/model-3/t_32_c_2048_p_1_n_128_k_turbo3_v_turbo3,mandatory_medium_ml_vs_dl,medium,1,,,,128,200,,missing,0,1,empty generated output,
measurements/1254633-track-a1-server-sweep-x86/model-set/tq/model-3/t_32_c_2048_p_1_n_128_k_turbo3_v_turbo3,mandatory_long_transformer_cpu,long,1,,,,128,200,,missing,0,1,empty generated output,
measurements/1254633-track-a1-server-sweep-x86/model-set/tq/model-3/t_32_c_2048_p_1_n_128_k_turbo3_v_turbo3,mandatory_short_capital_france,short,2,,,,128,200,,good,1,1,all rubric checks passed,"Paris is the most famous city there, but the actual capital is Paris."
measurements/1254633-track-a1-server-sweep-x86/model-set/tq/model-3/t_32_c_2048_p_1_n_128_k_turbo3_v_turbo3,mandatory_medium_ml_vs_dl,medium,2,,,,128,200,,missing,0,1,empty generated output,
measurements/1254633-track-a1-server-sweep-x86/model-set/tq/model-3/t_32_c_2048_p_1_n_128_k_turbo3_v_turbo3,mandatory_long_transformer_cpu,long,2,,,,128,200,,missing,0,1,empty generated output,
measurements/1254633-track-a1-server-sweep-x86/model-set/tq/model-3/t_32_c_2048_p_1_n_128_k_turbo3_v_turbo3,mandatory_short_capital_france,short,3,,,,128,200,,good,1,1,all rubric checks passed,"Paris is the most famous city there, but the actual capital is Paris."
measurements/1254633-track-a1-server-sweep-x86/model-set/tq/model-3/t_32_c_2048_p_1_n_128_k_turbo3_v_turbo3,mandatory_medium_ml_vs_dl,medium,3,,,,128,200,,missing,0,1,empty generated output,
measurements/1254633-track-a1-server-sweep-x86/model-set/tq/model-3/t_32_c_2048_p_1_n_128_k_turbo3_v_turbo3,mandatory_long_transformer_cpu,long,3,,,,128,200,,missing,0,1,empty generated output,
measurements/1254633-track-a1-server-sweep-x86/model-set/tq/model-3/t_32_c_2048_p_1_n_128_k_turbo4_v_turbo4,mandatory_short_capital_france,short,1,,,,128,200,,good,1,1,all rubric checks passed,Paris is the never sleepy capital of France.
measurements/1254633-track-a1-server-sweep-x86/model-set/tq/model-3/t_32_c_2048_p_1_n_128_k_turbo4_v_turbo4,mandatory_medium_ml_vs_dl,medium,1,,,,128,200,,missing,0,1,empty generated output,
measurements/1254633-track-a1-server-sweep-x86/model-set/tq/model-3/t_32_c_2048_p_1_n_128_k_turbo4_v_turbo4,mandatory_long_transformer_cpu,long,1,,,,128,200,,missing,0,1,empty generated output,
measurements/1254633-track-a1-server-sweep-x86/model-set/tq/model-3/t_32_c_2048_p_1_n_128_k_turbo4_v_turbo4,mandatory_short_capital_france,short,2,,,,128,200,,good,1,1,all rubric checks passed,Paris is the never sleepy capital of France.
measurements/1254633-track-a1-server-sweep-x86/model-set/tq/model-3/t_32_c_2048_p_1_n_128_k_turbo4_v_turbo4,mandatory_medium_ml_vs_dl,medium,2,,,,128,200,,missing,0,1,empty generated output,
measurements/1254633-track-a1-server-sweep-x86/model-set/tq/model-3/t_32_c_2048_p_1_n_128_k_turbo4_v_turbo4,mandatory_long_transformer_cpu,long,2,,,,128,200,,missing,0,1,empty generated output,
measurements/1254633-track-a1-server-sweep-x86/model-set/tq/model-3/t_32_c_2048_p_1_n_128_k_turbo4_v_turbo4,mandatory_short_capital_france,short,3,,,,128,200,,good,1,1,all rubric checks passed,Paris is the never sleepy capital of France.
measurements/1254633-track-a1-server-sweep-x86/model-set/tq/model-3/t_32_c_2048_p_1_n_128_k_turbo4_v_turbo4,mandatory_medium_ml_vs_dl,medium,3,,,,128,200,,missing,0,1,empty generated output,
measurements/1254633-track-a1-server-sweep-x86/model-set/tq/model-3/t_32_c_2048_p_1_n_128_k_turbo4_v_turbo4,mandatory_long_transformer_cpu,long,3,,,,128,200,,missing,0,1,empty generated output,
measurements/1254633-track-a1-server-sweep-x86/model-set/vanilla/model-1-mandatory/t_32_c_2048_p_1_n_128_k_f16_v_f16,mandatory_short_capital_france,short,1,,,,128,200,,good,1,1,all rubric checks passed,The capital of France is Paris.
measurements/1254633-track-a1-server-sweep-x86/model-set/vanilla/model-1-mandatory/t_32_c_2048_p_1_n_128_k_f16_v_f16,mandatory_medium_ml_vs_dl,medium,1,,,,128,200,,acceptable,3,4,missing: gives or signals examples,"**Machine Learning (ML) vs Deep Learning (DL)**

Machine Learning and Deep Learning are both subfields of Artificial Intelligence (AI) that enable computers to learn from data and make predictions or decisions. However, they differ in their approach, complexity, and application.

**Machine Learning (ML)**

Machine Learning is a type of AI that uses algorithms to analyze data and make predictions or decisions. It involves training a model on a dataset to learn patterns and relationships between variables. ML algorithms can be categorized into three types:

1. **Supervised Learning**: The model is trained on labeled data to learn the relationship between inputs and outputs.
"
measurements/1254633-track-a1-server-sweep-x86/model-set/vanilla/model-1-mandatory/t_32_c_2048_p_1_n_128_k_f16_v_f16,mandatory_long_transformer_cpu,long,1,,,,128,200,,acceptable,3,4,missing: explains quantisation benefit,"Based on the context provided, the main challenges when running large transformer models on CPU-only systems are:

1. **Large Memory Footprint**: Transformer models require a significant amount of memory to store their weights, attention mechanisms, and input sequences. This can lead to memory overflow issues on systems with limited RAM, making it difficult to run large models on CPU-only systems.

2. **Repeated Loading of Weights**: During the decoding phase, the model needs to access its weights multiple times. This repeated loading of weights can lead to slow inference times, as the CPU needs to fetch the weights from memory multiple times.

Quantisation can help address these"
measurements/1254633-track-a1-server-sweep-x86/model-set/vanilla/model-1-mandatory/t_32_c_2048_p_1_n_128_k_f16_v_f16,mandatory_short_capital_france,short,2,,,,128,200,,good,1,1,all rubric checks passed,The capital of France is Paris.
measurements/1254633-track-a1-server-sweep-x86/model-set/vanilla/model-1-mandatory/t_32_c_2048_p_1_n_128_k_f16_v_f16,mandatory_medium_ml_vs_dl,medium,2,,,,128,200,,acceptable,3,4,missing: gives or signals examples,"**Machine Learning (ML) vs Deep Learning (DL)**

Machine Learning and Deep Learning are both subfields of Artificial Intelligence (AI) that enable computers to learn from data and make predictions or decisions. However, they differ in their approach, complexity, and application.

**Machine Learning (ML)**

Machine Learning is a type of AI that uses algorithms to analyze data and make predictions or decisions. It involves training a model on a dataset to learn patterns and relationships between variables. ML algorithms can be categorized into three types:

1. **Supervised Learning**: The model is trained on labeled data to learn the relationship between inputs and outputs.
"
measurements/1254633-track-a1-server-sweep-x86/model-set/vanilla/model-1-mandatory/t_32_c_2048_p_1_n_128_k_f16_v_f16,mandatory_long_transformer_cpu,long,2,,,,128,200,,acceptable,3,4,missing: explains quantisation benefit,"Based on the context provided, the main challenges when running large transformer models on CPU-only systems are:

1. **Large Memory Footprint**: Transformer models require a significant amount of memory to store their weights, attention mechanisms, and input sequences. This can lead to memory overflow issues on systems with limited RAM, making it difficult to run large models on CPU-only systems.

2. **Repeated Loading of Weights**: During the decoding phase, the model needs to access its weights multiple times. This repeated loading of weights can lead to slow inference times, as the CPU needs to fetch the weights from memory multiple times.

Quantisation can help address these"
measurements/1254633-track-a1-server-sweep-x86/model-set/vanilla/model-1-mandatory/t_32_c_2048_p_1_n_128_k_f16_v_f16,mandatory_short_capital_france,short,3,,,,128,200,,good,1,1,all rubric checks passed,The capital of France is Paris.
measurements/1254633-track-a1-server-sweep-x86/model-set/vanilla/model-1-mandatory/t_32_c_2048_p_1_n_128_k_f16_v_f16,mandatory_medium_ml_vs_dl,medium,3,,,,128,200,,acceptable,3,4,missing: gives or signals examples,"**Machine Learning (ML) vs Deep Learning (DL)**

Machine Learning and Deep Learning are both subfields of Artificial Intelligence (AI) that enable computers to learn from data and make predictions or decisions. However, they differ in their approach, complexity, and application.

**Machine Learning (ML)**

Machine Learning is a type of AI that uses algorithms to analyze data and make predictions or decisions. It involves training a model on a dataset to learn patterns and relationships between variables. ML algorithms can be categorized into three types:

1. **Supervised Learning**: The model is trained on labeled data to learn the relationship between inputs and outputs.
"
measurements/1254633-track-a1-server-sweep-x86/model-set/vanilla/model-1-mandatory/t_32_c_2048_p_1_n_128_k_f16_v_f16,mandatory_long_transformer_cpu,long,3,,,,128,200,,acceptable,3,4,missing: explains quantisation benefit,"Based on the context provided, the main challenges when running large transformer models on CPU-only systems are:

1. **Large Memory Footprint**: Transformer models require a significant amount of memory to store their weights, attention mechanisms, and input sequences. This can lead to memory overflow issues on systems with limited RAM, making it difficult to run large models on CPU-only systems.

2. **Repeated Loading of Weights**: During the decoding phase, the model needs to access its weights multiple times. This repeated loading of weights can lead to slow inference times, as the CPU needs to fetch the weights from memory multiple times.

Quantisation can help address these"
measurements/1254633-track-a1-server-sweep-x86/model-set/vanilla/model-2/t_32_c_2048_p_1_n_128_k_f16_v_f16,mandatory_short_capital_france,short,1,,,,128,200,,good,1,1,all rubric checks passed,The capital of France is Paris.
measurements/1254633-track-a1-server-sweep-x86/model-set/vanilla/model-2/t_32_c_2048_p_1_n_128_k_f16_v_f16,mandatory_medium_ml_vs_dl,medium,1,,,,128,200,,good,4,4,all rubric checks passed,"1. Machine learning: Machine learning is a subset of artificial intelligence that involves training algorithms to learn from data and make predictions or decisions. It's a type of supervised learning, where the algorithm learns from labeled data.

2. Deep learning: Deep learning is a type of machine learning that uses neural networks with multiple layers to analyze data. It's a type of unsupervised learning, where the algorithm learns to identify patterns and relationships in the data.

Example of machine learning:

- A company wants to predict the likelihood of a customer buying a product. They collect data on past purchases, demographics, and behavior. They train a"
measurements/1254633-track-a1-server-sweep-x86/model-set/vanilla/model-2/t_32_c_2048_p_1_n_128_k_f16_v_f16,mandatory_long_transformer_cpu,long,1,,,,128,200,,weak,2,4,missing: mentions quantisation; explains quantisation benefit,"1. Memory footprint: Transformers have a large memory footprint due to the self-attention mechanism. This can lead to repeated loading of weights during the decoding phase.

2. CPU-only systems: When running large transformer models on CPU-only systems, the main challenges are:

- Memory footprint: Transformers have a large memory footprint due to the self-attention mechanism. This can lead to repeated loading of weights during the decoding phase.

- CPU-only systems: When running large transformer models on CPU-only systems, the main challenges are:

- Memory footprint: Transformers have a large memory footprint"
measurements/1254633-track-a1-server-sweep-x86/model-set/vanilla/model-2/t_32_c_2048_p_1_n_128_k_f16_v_f16,mandatory_short_capital_france,short,2,,,,128,200,,good,1,1,all rubric checks passed,The capital of France is Paris.
measurements/1254633-track-a1-server-sweep-x86/model-set/vanilla/model-2/t_32_c_2048_p_1_n_128_k_f16_v_f16,mandatory_medium_ml_vs_dl,medium,2,,,,128,200,,good,4,4,all rubric checks passed,"1. Machine learning: Machine learning is a subset of artificial intelligence that involves training algorithms to learn from data and make predictions or decisions. It's a type of supervised learning, where the algorithm learns from labeled data.

2. Deep learning: Deep learning is a type of machine learning that uses neural networks with multiple layers to analyze data. It's a type of unsupervised learning, where the algorithm learns to identify patterns and relationships in the data.

Example of machine learning:

- A company wants to predict the likelihood of a customer buying a product. They collect data on past purchases, demographics, and behavior. They train a"
measurements/1254633-track-a1-server-sweep-x86/model-set/vanilla/model-2/t_32_c_2048_p_1_n_128_k_f16_v_f16,mandatory_long_transformer_cpu,long,2,,,,128,200,,weak,2,4,missing: mentions quantisation; explains quantisation benefit,"1. Memory footprint: Transformers have a large memory footprint due to the self-attention mechanism. This can lead to repeated loading of weights during the decoding phase.

2. CPU-only systems: When running large transformer models on CPU-only systems, the main challenges are:

- Memory footprint: Transformers have a large memory footprint due to the self-attention mechanism. This can lead to repeated loading of weights during the decoding phase.

- CPU-only systems: When running large transformer models on CPU-only systems, the main challenges are:

- Memory footprint: Transformers have a large memory footprint"
measurements/1254633-track-a1-server-sweep-x86/model-set/vanilla/model-2/t_32_c_2048_p_1_n_128_k_f16_v_f16,mandatory_short_capital_france,short,3,,,,128,200,,good,1,1,all rubric checks passed,The capital of France is Paris.
measurements/1254633-track-a1-server-sweep-x86/model-set/vanilla/model-2/t_32_c_2048_p_1_n_128_k_f16_v_f16,mandatory_medium_ml_vs_dl,medium,3,,,,128,200,,good,4,4,all rubric checks passed,"1. Machine learning: Machine learning is a subset of artificial intelligence that involves training algorithms to learn from data and make predictions or decisions. It's a type of supervised learning, where the algorithm learns from labeled data.

2. Deep learning: Deep learning is a type of machine learning that uses neural networks with multiple layers to analyze data. It's a type of unsupervised learning, where the algorithm learns to identify patterns and relationships in the data.

Example of machine learning:

- A company wants to predict the likelihood of a customer buying a product. They collect data on past purchases, demographics, and behavior. They train a"
measurements/1254633-track-a1-server-sweep-x86/model-set/vanilla/model-2/t_32_c_2048_p_1_n_128_k_f16_v_f16,mandatory_long_transformer_cpu,long,3,,,,128,200,,weak,2,4,missing: mentions quantisation; explains quantisation benefit,"1. Memory footprint: Transformers have a large memory footprint due to the self-attention mechanism. This can lead to repeated loading of weights during the decoding phase.

2. CPU-only systems: When running large transformer models on CPU-only systems, the main challenges are:

- Memory footprint: Transformers have a large memory footprint due to the self-attention mechanism. This can lead to repeated loading of weights during the decoding phase.

- CPU-only systems: When running large transformer models on CPU-only systems, the main challenges are:

- Memory footprint: Transformers have a large memory footprint"
measurements/1254633-track-a1-server-sweep-x86/model-set/vanilla/model-3/t_32_c_2048_p_1_n_128_k_f16_v_f16,mandatory_short_capital_france,short,1,,,,128,200,,good,1,1,all rubric checks passed,"Paris is the most famous city there, but the actual capital is Saint-Denis."
measurements/1254633-track-a1-server-sweep-x86/model-set/vanilla/model-3/t_32_c_2048_p_1_n_128_k_f16_v_f16,mandatory_medium_ml_vs_dl,medium,1,,,,128,200,,weak,1,4,missing: mentions machine learning; mentions deep learning; gives or signals examples,"{2, ""text-content"": ""The difference is all about the hardware, the data, and the features.""}

- - - - - - - - - - - - - - - - - - - - - - - - - - - - - - - - - - - - - - - - - - - - - - - - - - - - - - - - - - - - - - - - - - - - - - - - - - - - - - - - - - - - - - - - - - - - - - - - - - - - - -"
measurements/1254633-track-a1-server-sweep-x86/model-set/vanilla/model-3/t_32_c_2048_p_1_n_128_k_f16_v_f16,mandatory_long_transformer_cpu,long,1,,,,128,200,,missing,0,1,empty generated output,
measurements/1254633-track-a1-server-sweep-x86/model-set/vanilla/model-3/t_32_c_2048_p_1_n_128_k_f16_v_f16,mandatory_short_capital_france,short,2,,,,128,200,,good,1,1,all rubric checks passed,"Paris is the most famous city there, but the actual capital is Saint-Denis."
measurements/1254633-track-a1-server-sweep-x86/model-set/vanilla/model-3/t_32_c_2048_p_1_n_128_k_f16_v_f16,mandatory_medium_ml_vs_dl,medium,2,,,,128,200,,weak,1,4,missing: mentions machine learning; mentions deep learning; gives or signals examples,"{2, ""text-content"": ""The difference is all about the hardware, the data, and the features.""}

- - - - - - - - - - - - - - - - - - - - - - - - - - - - - - - - - - - - - - - - - - - - - - - - - - - - - - - - - - - - - - - - - - - - - - - - - - - - - - - - - - - - - - - - - - - - - - - - - - - - - -"
measurements/1254633-track-a1-server-sweep-x86/model-set/vanilla/model-3/t_32_c_2048_p_1_n_128_k_f16_v_f16,mandatory_long_transformer_cpu,long,2,,,,128,200,,missing,0,1,empty generated output,
measurements/1254633-track-a1-server-sweep-x86/model-set/vanilla/model-3/t_32_c_2048_p_1_n_128_k_f16_v_f16,mandatory_short_capital_france,short,3,,,,128,200,,good,1,1,all rubric checks passed,"Paris is the most famous city there, but the actual capital is Saint-Denis."
measurements/1254633-track-a1-server-sweep-x86/model-set/vanilla/model-3/t_32_c_2048_p_1_n_128_k_f16_v_f16,mandatory_medium_ml_vs_dl,medium,3,,,,128,200,,weak,1,4,missing: mentions machine learning; mentions deep learning; gives or signals examples,"{2, ""text-content"": ""The difference is all about the hardware, the data, and the features.""}

- - - - - - - - - - - - - - - - - - - - - - - - - - - - - - - - - - - - - - - - - - - - - - - - - - - - - - - - - - - - - - - - - - - - - - - - - - - - - - - - - - - - - - - - - - - - - - - - - - - - - -"
measurements/1254633-track-a1-server-sweep-x86/model-set/vanilla/model-3/t_32_c_2048_p_1_n_128_k_f16_v_f16,mandatory_long_transformer_cpu,long,3,,,,128,200,,missing,0,1,empty generated output,
measurements/1254633-track-a1-server-sweep-x86/thread-scaling/tq/model-1-mandatory/t_128_c_2048_p_1_n_128_k_turbo3_v_turbo3,mandatory_short_capital_france,short,1,,,,128,200,,good,1,1,all rubric checks passed,The capital of France is Paris.
measurements/1254633-track-a1-server-sweep-x86/thread-scaling/tq/model-1-mandatory/t_128_c_2048_p_1_n_128_k_turbo3_v_turbo3,mandatory_medium_ml_vs_dl,medium,1,,,,128,200,,acceptable,3,4,missing: gives or signals examples,"**Machine Learning (ML) vs Deep Learning (DL)**

Machine Learning and Deep Learning are both subfields of Artificial Intelligence (AI) that deal with developing algorithms and statistical models to enable computers to perform tasks that typically require human intelligence. However, there are key differences between the two:

### Key Differences:

1. **Complexity**: Deep Learning models are more complex and have many layers, whereas Machine Learning models are relatively simple and have fewer layers.
2. **Data Requirements**: Deep Learning requires a large amount of data to train, whereas Machine Learning can work with smaller datasets.
3. **Model Architecture**: Deep Learning models use a"
measurements/1254633-track-a1-server-sweep-x86/thread-scaling/tq/model-1-mandatory/t_128_c_2048_p_1_n_128_k_turbo3_v_turbo3,mandatory_long_transformer_cpu,long,1,,,,128,200,,acceptable,3,4,missing: explains quantisation benefit,"Based on the context provided, the main challenges when running large transformer models on CPU-only systems are:

1. **Large memory footprint**: Transformer models require a significant amount of memory to store their weights, attention mechanisms, and input sequences. This can be a challenge for systems with limited memory, such as those with 32 GB or less of RAM.

2. **Repeated loading of weights during the decoding phase**: During inference, the model's weights need to be loaded repeatedly, which can lead to slow inference times and increased memory usage.

Quantization can help address these challenges in several ways:

1. **Reducing model size**: Quantization"
measurements/1254633-track-a1-server-sweep-x86/thread-scaling/tq/model-1-mandatory/t_128_c_2048_p_1_n_128_k_turbo3_v_turbo3,mandatory_short_capital_france,short,2,,,,128,200,,good,1,1,all rubric checks passed,The capital of France is Paris.
measurements/1254633-track-a1-server-sweep-x86/thread-scaling/tq/model-1-mandatory/t_128_c_2048_p_1_n_128_k_turbo3_v_turbo3,mandatory_medium_ml_vs_dl,medium,2,,,,128,200,,acceptable,3,4,missing: gives or signals examples,"**Machine Learning (ML) vs Deep Learning (DL)**

Machine Learning and Deep Learning are both subfields of Artificial Intelligence (AI) that deal with developing algorithms and statistical models to enable computers to perform tasks that typically require human intelligence. However, there are key differences between the two:

### Key Differences:

1. **Complexity**: Deep Learning models are more complex and have many layers, whereas Machine Learning models are relatively simple and have fewer layers.
2. **Data Requirements**: Deep Learning requires a large amount of data to train, whereas Machine Learning can work with smaller datasets.
3. **Model Architecture**: Deep Learning models use a"
measurements/1254633-track-a1-server-sweep-x86/thread-scaling/tq/model-1-mandatory/t_128_c_2048_p_1_n_128_k_turbo3_v_turbo3,mandatory_long_transformer_cpu,long,2,,,,128,200,,acceptable,3,4,missing: explains quantisation benefit,"Based on the context provided, the main challenges when running large transformer models on CPU-only systems are:

1. **Large memory footprint**: Transformer models require a significant amount of memory to store their weights, attention mechanisms, and input sequences. This can be a challenge for systems with limited memory, such as those with 32 GB or less of RAM.

2. **Repeated loading of weights during the decoding phase**: During inference, the model's weights need to be loaded repeatedly, which can lead to slow inference times and increased memory usage.

Quantization can help address these challenges in several ways:

1. **Reducing model size**: Quantization"
measurements/1254633-track-a1-server-sweep-x86/thread-scaling/tq/model-1-mandatory/t_128_c_2048_p_1_n_128_k_turbo3_v_turbo3,mandatory_short_capital_france,short,3,,,,128,200,,good,1,1,all rubric checks passed,The capital of France is Paris.
measurements/1254633-track-a1-server-sweep-x86/thread-scaling/tq/model-1-mandatory/t_128_c_2048_p_1_n_128_k_turbo3_v_turbo3,mandatory_medium_ml_vs_dl,medium,3,,,,128,200,,acceptable,3,4,missing: gives or signals examples,"**Machine Learning (ML) vs Deep Learning (DL)**

Machine Learning and Deep Learning are both subfields of Artificial Intelligence (AI) that deal with developing algorithms and statistical models to enable computers to perform tasks that typically require human intelligence. However, there are key differences between the two:

### Key Differences:

1. **Complexity**: Deep Learning models are more complex and have many layers, whereas Machine Learning models are relatively simple and have fewer layers.
2. **Data Requirements**: Deep Learning requires a large amount of data to train, whereas Machine Learning can work with smaller datasets.
3. **Model Architecture**: Deep Learning models use a"
measurements/1254633-track-a1-server-sweep-x86/thread-scaling/tq/model-1-mandatory/t_128_c_2048_p_1_n_128_k_turbo3_v_turbo3,mandatory_long_transformer_cpu,long,3,,,,128,200,,acceptable,3,4,missing: explains quantisation benefit,"Based on the context provided, the main challenges when running large transformer models on CPU-only systems are:

1. **Large memory footprint**: Transformer models require a significant amount of memory to store their weights, attention mechanisms, and input sequences. This can be a challenge for systems with limited memory, such as those with 32 GB or less of RAM.

2. **Repeated loading of weights during the decoding phase**: During inference, the model's weights need to be loaded repeatedly, which can lead to slow inference times and increased memory usage.

Quantization can help address these challenges in several ways:

1. **Reducing model size**: Quantization"
measurements/1254633-track-a1-server-sweep-x86/thread-scaling/tq/model-1-mandatory/t_128_c_2048_p_1_n_128_k_turbo4_v_turbo4,mandatory_short_capital_france,short,1,,,,128,200,,good,1,1,all rubric checks passed,The capital of France is Paris.
measurements/1254633-track-a1-server-sweep-x86/thread-scaling/tq/model-1-mandatory/t_128_c_2048_p_1_n_128_k_turbo4_v_turbo4,mandatory_medium_ml_vs_dl,medium,1,,,,128,200,,good,4,4,all rubric checks passed,"**Machine Learning (ML) vs Deep Learning (DL)**

Machine Learning and Deep Learning are both subfields of Artificial Intelligence (AI) that enable computers to learn from data and make predictions or decisions. While they share some similarities, there are key differences between the two:

**Machine Learning (ML)**

* Focuses on using algorithms to analyze and make predictions from data.
* Typically uses shallow models (few layers) and is often based on traditional statistical techniques.
* Can be used for a wide range of tasks, including classification, regression, clustering, and more.
* Requires a large amount of labeled data to train the model.
"
measurements/1254633-track-a1-server-sweep-x86/thread-scaling/tq/model-1-mandatory/t_128_c_2048_p_1_n_128_k_turbo4_v_turbo4,mandatory_long_transformer_cpu,long,1,,,,128,200,,acceptable,3,4,missing: explains quantisation benefit,"Based on the context provided, the main challenges when running large transformer models on CPU-only systems are:

1. **Large Memory Footprint**: Transformer models require a significant amount of memory to store their weights and activations. CPU-only systems often have limited memory, making it difficult to run large transformer models.

2. **Repeated Loading of Weights**: During the decoding phase, the model's weights need to be loaded repeatedly, which can be time-consuming and inefficient. This is because the weights are typically stored in memory, and loading them from disk or other storage can be a bottleneck.

Quantisation can help address these challenges in several ways:

1"
measurements/1254633-track-a1-server-sweep-x86/thread-scaling/tq/model-1-mandatory/t_128_c_2048_p_1_n_128_k_turbo4_v_turbo4,mandatory_short_capital_france,short,2,,,,128,200,,good,1,1,all rubric checks passed,The capital of France is Paris.
measurements/1254633-track-a1-server-sweep-x86/thread-scaling/tq/model-1-mandatory/t_128_c_2048_p_1_n_128_k_turbo4_v_turbo4,mandatory_medium_ml_vs_dl,medium,2,,,,128,200,,good,4,4,all rubric checks passed,"**Machine Learning (ML) vs Deep Learning (DL)**

Machine Learning and Deep Learning are both subfields of Artificial Intelligence (AI) that enable computers to learn from data and make predictions or decisions. While they share some similarities, there are key differences between the two:

**Machine Learning (ML)**

* Focuses on using algorithms to analyze and make predictions from data.
* Typically uses shallow models (few layers) and is often based on traditional statistical techniques.
* Can be used for a wide range of tasks, including classification, regression, clustering, and more.
* Requires a large amount of labeled data to train the model.
"
measurements/1254633-track-a1-server-sweep-x86/thread-scaling/tq/model-1-mandatory/t_128_c_2048_p_1_n_128_k_turbo4_v_turbo4,mandatory_long_transformer_cpu,long,2,,,,128,200,,acceptable,3,4,missing: explains quantisation benefit,"Based on the context provided, the main challenges when running large transformer models on CPU-only systems are:

1. **Large Memory Footprint**: Transformer models require a significant amount of memory to store their weights and activations. CPU-only systems often have limited memory, making it difficult to run large transformer models.

2. **Repeated Loading of Weights**: During the decoding phase, the model's weights need to be loaded repeatedly, which can be time-consuming and inefficient. This is because the weights are typically stored in memory, and loading them from disk or other storage can be a bottleneck.

Quantisation can help address these challenges in several ways:

1"
measurements/1254633-track-a1-server-sweep-x86/thread-scaling/tq/model-1-mandatory/t_128_c_2048_p_1_n_128_k_turbo4_v_turbo4,mandatory_short_capital_france,short,3,,,,128,200,,good,1,1,all rubric checks passed,The capital of France is Paris.
measurements/1254633-track-a1-server-sweep-x86/thread-scaling/tq/model-1-mandatory/t_128_c_2048_p_1_n_128_k_turbo4_v_turbo4,mandatory_medium_ml_vs_dl,medium,3,,,,128,200,,good,4,4,all rubric checks passed,"**Machine Learning (ML) vs Deep Learning (DL)**

Machine Learning and Deep Learning are both subfields of Artificial Intelligence (AI) that enable computers to learn from data and make predictions or decisions. While they share some similarities, there are key differences between the two:

**Machine Learning (ML)**

* Focuses on using algorithms to analyze and make predictions from data.
* Typically uses shallow models (few layers) and is often based on traditional statistical techniques.
* Can be used for a wide range of tasks, including classification, regression, clustering, and more.
* Requires a large amount of labeled data to train the model.
"
measurements/1254633-track-a1-server-sweep-x86/thread-scaling/tq/model-1-mandatory/t_128_c_2048_p_1_n_128_k_turbo4_v_turbo4,mandatory_long_transformer_cpu,long,3,,,,128,200,,acceptable,3,4,missing: explains quantisation benefit,"Based on the context provided, the main challenges when running large transformer models on CPU-only systems are:

1. **Large Memory Footprint**: Transformer models require a significant amount of memory to store their weights and activations. CPU-only systems often have limited memory, making it difficult to run large transformer models.

2. **Repeated Loading of Weights**: During the decoding phase, the model's weights need to be loaded repeatedly, which can be time-consuming and inefficient. This is because the weights are typically stored in memory, and loading them from disk or other storage can be a bottleneck.

Quantisation can help address these challenges in several ways:

1"
measurements/1254633-track-a1-server-sweep-x86/thread-scaling/tq/model-1-mandatory/t_16_c_2048_p_1_n_128_k_turbo3_v_turbo3,mandatory_short_capital_france,short,1,,,,128,200,,good,1,1,all rubric checks passed,The capital of France is Paris.
measurements/1254633-track-a1-server-sweep-x86/thread-scaling/tq/model-1-mandatory/t_16_c_2048_p_1_n_128_k_turbo3_v_turbo3,mandatory_medium_ml_vs_dl,medium,1,,,,128,200,,acceptable,3,4,missing: gives or signals examples,"**Machine Learning (ML) vs Deep Learning (DL)**

Machine Learning and Deep Learning are both subfields of Artificial Intelligence (AI) that deal with developing algorithms and statistical models to enable computers to perform tasks that typically require human intelligence. However, there are key differences between the two:

### Key Differences:

1. **Complexity**: Deep Learning models are more complex and have many layers, whereas Machine Learning models are relatively simple and have fewer layers.
2. **Data Requirements**: Deep Learning requires a large amount of data to train, whereas Machine Learning can work with smaller datasets.
3. **Model Architecture**: Deep Learning models use a"
measurements/1254633-track-a1-server-sweep-x86/thread-scaling/tq/model-1-mandatory/t_16_c_2048_p_1_n_128_k_turbo3_v_turbo3,mandatory_long_transformer_cpu,long,1,,,,128,200,,acceptable,3,4,missing: explains quantisation benefit,"Based on the context provided, the main challenges when running large transformer models on CPU-only systems are:

1. **Large memory footprint**: Transformer models require a significant amount of memory to store their weights, attention mechanisms, and input sequences. This can be a challenge for systems with limited memory, such as those with 32 GB or less of RAM.

2. **Repeated loading of weights during the decoding phase**: During inference, the model's weights need to be loaded repeatedly, which can lead to slow inference times and increased memory usage.

Quantization can help address these challenges in several ways:

1. **Reducing model size**: Quantization"
measurements/1254633-track-a1-server-sweep-x86/thread-scaling/tq/model-1-mandatory/t_16_c_2048_p_1_n_128_k_turbo3_v_turbo3,mandatory_short_capital_france,short,2,,,,128,200,,good,1,1,all rubric checks passed,The capital of France is Paris.
measurements/1254633-track-a1-server-sweep-x86/thread-scaling/tq/model-1-mandatory/t_16_c_2048_p_1_n_128_k_turbo3_v_turbo3,mandatory_medium_ml_vs_dl,medium,2,,,,128,200,,acceptable,3,4,missing: gives or signals examples,"**Machine Learning (ML) vs Deep Learning (DL)**

Machine Learning and Deep Learning are both subfields of Artificial Intelligence (AI) that deal with developing algorithms and statistical models to enable computers to perform tasks that typically require human intelligence. However, there are key differences between the two:

### Key Differences:

1. **Complexity**: Deep Learning models are more complex and have many layers, whereas Machine Learning models are relatively simple and have fewer layers.
2. **Data Requirements**: Deep Learning requires a large amount of data to train, whereas Machine Learning can work with smaller datasets.
3. **Model Architecture**: Deep Learning models use a"
measurements/1254633-track-a1-server-sweep-x86/thread-scaling/tq/model-1-mandatory/t_16_c_2048_p_1_n_128_k_turbo3_v_turbo3,mandatory_long_transformer_cpu,long,2,,,,128,200,,acceptable,3,4,missing: explains quantisation benefit,"Based on the context provided, the main challenges when running large transformer models on CPU-only systems are:

1. **Large memory footprint**: Transformer models require a significant amount of memory to store their weights, attention mechanisms, and input sequences. This can be a challenge for systems with limited memory, such as those with 32 GB or less of RAM.

2. **Repeated loading of weights during the decoding phase**: During inference, the model's weights need to be loaded repeatedly, which can lead to slow inference times and increased memory usage.

Quantization can help address these challenges in several ways:

1. **Reducing model size**: Quantization"
measurements/1254633-track-a1-server-sweep-x86/thread-scaling/tq/model-1-mandatory/t_16_c_2048_p_1_n_128_k_turbo3_v_turbo3,mandatory_short_capital_france,short,3,,,,128,200,,good,1,1,all rubric checks passed,The capital of France is Paris.
measurements/1254633-track-a1-server-sweep-x86/thread-scaling/tq/model-1-mandatory/t_16_c_2048_p_1_n_128_k_turbo3_v_turbo3,mandatory_medium_ml_vs_dl,medium,3,,,,128,200,,acceptable,3,4,missing: gives or signals examples,"**Machine Learning (ML) vs Deep Learning (DL)**

Machine Learning and Deep Learning are both subfields of Artificial Intelligence (AI) that deal with developing algorithms and statistical models to enable computers to perform tasks that typically require human intelligence. However, there are key differences between the two:

### Key Differences:

1. **Complexity**: Deep Learning models are more complex and have many layers, whereas Machine Learning models are relatively simple and have fewer layers.
2. **Data Requirements**: Deep Learning requires a large amount of data to train, whereas Machine Learning can work with smaller datasets.
3. **Model Architecture**: Deep Learning models use a"
measurements/1254633-track-a1-server-sweep-x86/thread-scaling/tq/model-1-mandatory/t_16_c_2048_p_1_n_128_k_turbo3_v_turbo3,mandatory_long_transformer_cpu,long,3,,,,128,200,,acceptable,3,4,missing: explains quantisation benefit,"Based on the context provided, the main challenges when running large transformer models on CPU-only systems are:

1. **Large memory footprint**: Transformer models require a significant amount of memory to store their weights, attention mechanisms, and input sequences. This can be a challenge for systems with limited memory, such as those with 32 GB or less of RAM.

2. **Repeated loading of weights during the decoding phase**: During inference, the model's weights need to be loaded repeatedly, which can lead to slow inference times and increased memory usage.

Quantization can help address these challenges in several ways:

1. **Reducing model size**: Quantization"
measurements/1254633-track-a1-server-sweep-x86/thread-scaling/tq/model-1-mandatory/t_16_c_2048_p_1_n_128_k_turbo4_v_turbo4,mandatory_short_capital_france,short,1,,,,128,200,,good,1,1,all rubric checks passed,The capital of France is Paris.
measurements/1254633-track-a1-server-sweep-x86/thread-scaling/tq/model-1-mandatory/t_16_c_2048_p_1_n_128_k_turbo4_v_turbo4,mandatory_medium_ml_vs_dl,medium,1,,,,128,200,,good,4,4,all rubric checks passed,"**Machine Learning (ML) vs Deep Learning (DL)**

Machine Learning and Deep Learning are both subfields of Artificial Intelligence (AI) that enable computers to learn from data and make predictions or decisions. While they share some similarities, there are key differences between the two:

**Machine Learning (ML)**

* Focuses on using algorithms to analyze and make predictions from data.
* Typically uses shallow models (few layers) and is often based on traditional statistical techniques.
* Can be used for a wide range of tasks, including classification, regression, clustering, and more.
* Requires a large amount of labeled data to train the model.
"
measurements/1254633-track-a1-server-sweep-x86/thread-scaling/tq/model-1-mandatory/t_16_c_2048_p_1_n_128_k_turbo4_v_turbo4,mandatory_long_transformer_cpu,long,1,,,,128,200,,acceptable,3,4,missing: explains quantisation benefit,"Based on the context provided, the main challenges when running large transformer models on CPU-only systems are:

1. **Large Memory Footprint**: Transformer models require a significant amount of memory to store their weights and activations. CPU-only systems often have limited memory, making it difficult to run large transformer models.

2. **Repeated Loading of Weights**: During the decoding phase, the model's weights need to be loaded repeatedly, which can be time-consuming and inefficient. This is because the weights are typically stored in memory, and loading them from disk or other storage can be a bottleneck.

Quantisation can help address these challenges in several ways:

1"
measurements/1254633-track-a1-server-sweep-x86/thread-scaling/tq/model-1-mandatory/t_16_c_2048_p_1_n_128_k_turbo4_v_turbo4,mandatory_short_capital_france,short,2,,,,128,200,,good,1,1,all rubric checks passed,The capital of France is Paris.
measurements/1254633-track-a1-server-sweep-x86/thread-scaling/tq/model-1-mandatory/t_16_c_2048_p_1_n_128_k_turbo4_v_turbo4,mandatory_medium_ml_vs_dl,medium,2,,,,128,200,,good,4,4,all rubric checks passed,"**Machine Learning (ML) vs Deep Learning (DL)**

Machine Learning and Deep Learning are both subfields of Artificial Intelligence (AI) that enable computers to learn from data and make predictions or decisions. While they share some similarities, there are key differences between the two:

**Machine Learning (ML)**

* Focuses on using algorithms to analyze and make predictions from data.
* Typically uses shallow models (few layers) and is often based on traditional statistical techniques.
* Can be used for a wide range of tasks, including classification, regression, clustering, and more.
* Requires a large amount of labeled data to train the model.
"
measurements/1254633-track-a1-server-sweep-x86/thread-scaling/tq/model-1-mandatory/t_16_c_2048_p_1_n_128_k_turbo4_v_turbo4,mandatory_long_transformer_cpu,long,2,,,,128,200,,acceptable,3,4,missing: explains quantisation benefit,"Based on the context provided, the main challenges when running large transformer models on CPU-only systems are:

1. **Large Memory Footprint**: Transformer models require a significant amount of memory to store their weights and activations. CPU-only systems often have limited memory, making it difficult to run large transformer models.

2. **Repeated Loading of Weights**: During the decoding phase, the model's weights need to be loaded repeatedly, which can be time-consuming and inefficient. This is because the weights are typically stored in memory, and loading them from disk or other storage can be a bottleneck.

Quantisation can help address these challenges in several ways:

1"
measurements/1254633-track-a1-server-sweep-x86/thread-scaling/tq/model-1-mandatory/t_16_c_2048_p_1_n_128_k_turbo4_v_turbo4,mandatory_short_capital_france,short,3,,,,128,200,,good,1,1,all rubric checks passed,The capital of France is Paris.
measurements/1254633-track-a1-server-sweep-x86/thread-scaling/tq/model-1-mandatory/t_16_c_2048_p_1_n_128_k_turbo4_v_turbo4,mandatory_medium_ml_vs_dl,medium,3,,,,128,200,,good,4,4,all rubric checks passed,"**Machine Learning (ML) vs Deep Learning (DL)**

Machine Learning and Deep Learning are both subfields of Artificial Intelligence (AI) that enable computers to learn from data and make predictions or decisions. While they share some similarities, there are key differences between the two:

**Machine Learning (ML)**

* Focuses on using algorithms to analyze and make predictions from data.
* Typically uses shallow models (few layers) and is often based on traditional statistical techniques.
* Can be used for a wide range of tasks, including classification, regression, clustering, and more.
* Requires a large amount of labeled data to train the model.
"
measurements/1254633-track-a1-server-sweep-x86/thread-scaling/tq/model-1-mandatory/t_16_c_2048_p_1_n_128_k_turbo4_v_turbo4,mandatory_long_transformer_cpu,long,3,,,,128,200,,acceptable,3,4,missing: explains quantisation benefit,"Based on the context provided, the main challenges when running large transformer models on CPU-only systems are:

1. **Large Memory Footprint**: Transformer models require a significant amount of memory to store their weights and activations. CPU-only systems often have limited memory, making it difficult to run large transformer models.

2. **Repeated Loading of Weights**: During the decoding phase, the model's weights need to be loaded repeatedly, which can be time-consuming and inefficient. This is because the weights are typically stored in memory, and loading them from disk or other storage can be a bottleneck.

Quantisation can help address these challenges in several ways:

1"
measurements/1254633-track-a1-server-sweep-x86/thread-scaling/tq/model-1-mandatory/t_24_c_2048_p_1_n_128_k_turbo3_v_turbo3,mandatory_short_capital_france,short,1,,,,128,200,,good,1,1,all rubric checks passed,The capital of France is Paris.
measurements/1254633-track-a1-server-sweep-x86/thread-scaling/tq/model-1-mandatory/t_24_c_2048_p_1_n_128_k_turbo3_v_turbo3,mandatory_medium_ml_vs_dl,medium,1,,,,128,200,,acceptable,3,4,missing: gives or signals examples,"**Machine Learning (ML) vs Deep Learning (DL)**

Machine Learning and Deep Learning are both subfields of Artificial Intelligence (AI) that deal with developing algorithms and statistical models to enable computers to perform tasks that typically require human intelligence. However, there are key differences between the two:

### Key Differences:

1. **Complexity**: Deep Learning models are more complex and have many layers, whereas Machine Learning models are relatively simple and have fewer layers.
2. **Data Requirements**: Deep Learning requires a large amount of data to train, whereas Machine Learning can work with smaller datasets.
3. **Model Architecture**: Deep Learning models use a"
measurements/1254633-track-a1-server-sweep-x86/thread-scaling/tq/model-1-mandatory/t_24_c_2048_p_1_n_128_k_turbo3_v_turbo3,mandatory_long_transformer_cpu,long,1,,,,128,200,,acceptable,3,4,missing: explains quantisation benefit,"Based on the context provided, the main challenges when running large transformer models on CPU-only systems are:

1. **Large memory footprint**: Transformer models require a significant amount of memory to store their weights, attention mechanisms, and input sequences. This can be a challenge for systems with limited memory, such as those with 32 GB or less of RAM.

2. **Repeated loading of weights during the decoding phase**: During inference, the model's weights need to be loaded repeatedly, which can lead to slow inference times and increased memory usage.

Quantization can help address these challenges in several ways:

1. **Reducing model size**: Quantization"
measurements/1254633-track-a1-server-sweep-x86/thread-scaling/tq/model-1-mandatory/t_24_c_2048_p_1_n_128_k_turbo3_v_turbo3,mandatory_short_capital_france,short,2,,,,128,200,,good,1,1,all rubric checks passed,The capital of France is Paris.
measurements/1254633-track-a1-server-sweep-x86/thread-scaling/tq/model-1-mandatory/t_24_c_2048_p_1_n_128_k_turbo3_v_turbo3,mandatory_medium_ml_vs_dl,medium,2,,,,128,200,,acceptable,3,4,missing: gives or signals examples,"**Machine Learning (ML) vs Deep Learning (DL)**

Machine Learning and Deep Learning are both subfields of Artificial Intelligence (AI) that deal with developing algorithms and statistical models to enable computers to perform tasks that typically require human intelligence. However, there are key differences between the two:

### Key Differences:

1. **Complexity**: Deep Learning models are more complex and have many layers, whereas Machine Learning models are relatively simple and have fewer layers.
2. **Data Requirements**: Deep Learning requires a large amount of data to train, whereas Machine Learning can work with smaller datasets.
3. **Model Architecture**: Deep Learning models use a"
measurements/1254633-track-a1-server-sweep-x86/thread-scaling/tq/model-1-mandatory/t_24_c_2048_p_1_n_128_k_turbo3_v_turbo3,mandatory_long_transformer_cpu,long,2,,,,128,200,,acceptable,3,4,missing: explains quantisation benefit,"Based on the context provided, the main challenges when running large transformer models on CPU-only systems are:

1. **Large memory footprint**: Transformer models require a significant amount of memory to store their weights, attention mechanisms, and input sequences. This can be a challenge for systems with limited memory, such as those with 32 GB or less of RAM.

2. **Repeated loading of weights during the decoding phase**: During inference, the model's weights need to be loaded repeatedly, which can lead to slow inference times and increased memory usage.

Quantization can help address these challenges in several ways:

1. **Reducing model size**: Quantization"
measurements/1254633-track-a1-server-sweep-x86/thread-scaling/tq/model-1-mandatory/t_24_c_2048_p_1_n_128_k_turbo3_v_turbo3,mandatory_short_capital_france,short,3,,,,128,200,,good,1,1,all rubric checks passed,The capital of France is Paris.
measurements/1254633-track-a1-server-sweep-x86/thread-scaling/tq/model-1-mandatory/t_24_c_2048_p_1_n_128_k_turbo3_v_turbo3,mandatory_medium_ml_vs_dl,medium,3,,,,128,200,,acceptable,3,4,missing: gives or signals examples,"**Machine Learning (ML) vs Deep Learning (DL)**

Machine Learning and Deep Learning are both subfields of Artificial Intelligence (AI) that deal with developing algorithms and statistical models to enable computers to perform tasks that typically require human intelligence. However, there are key differences between the two:

### Key Differences:

1. **Complexity**: Deep Learning models are more complex and have many layers, whereas Machine Learning models are relatively simple and have fewer layers.
2. **Data Requirements**: Deep Learning requires a large amount of data to train, whereas Machine Learning can work with smaller datasets.
3. **Model Architecture**: Deep Learning models use a"
measurements/1254633-track-a1-server-sweep-x86/thread-scaling/tq/model-1-mandatory/t_24_c_2048_p_1_n_128_k_turbo3_v_turbo3,mandatory_long_transformer_cpu,long,3,,,,128,200,,acceptable,3,4,missing: explains quantisation benefit,"Based on the context provided, the main challenges when running large transformer models on CPU-only systems are:

1. **Large memory footprint**: Transformer models require a significant amount of memory to store their weights, attention mechanisms, and input sequences. This can be a challenge for systems with limited memory, such as those with 32 GB or less of RAM.

2. **Repeated loading of weights during the decoding phase**: During inference, the model's weights need to be loaded repeatedly, which can lead to slow inference times and increased memory usage.

Quantization can help address these challenges in several ways:

1. **Reducing model size**: Quantization"
measurements/1254633-track-a1-server-sweep-x86/thread-scaling/tq/model-1-mandatory/t_24_c_2048_p_1_n_128_k_turbo4_v_turbo4,mandatory_short_capital_france,short,1,,,,128,200,,good,1,1,all rubric checks passed,The capital of France is Paris.
measurements/1254633-track-a1-server-sweep-x86/thread-scaling/tq/model-1-mandatory/t_24_c_2048_p_1_n_128_k_turbo4_v_turbo4,mandatory_medium_ml_vs_dl,medium,1,,,,128,200,,good,4,4,all rubric checks passed,"**Machine Learning (ML) vs Deep Learning (DL)**

Machine Learning and Deep Learning are both subfields of Artificial Intelligence (AI) that enable computers to learn from data and make predictions or decisions. While they share some similarities, there are key differences between the two:

**Machine Learning (ML)**

* Focuses on using algorithms to analyze and make predictions from data.
* Typically uses shallow models (few layers) and is often based on traditional statistical techniques.
* Can be used for a wide range of tasks, including classification, regression, clustering, and more.
* Requires a large amount of labeled data to train the model.
"
measurements/1254633-track-a1-server-sweep-x86/thread-scaling/tq/model-1-mandatory/t_24_c_2048_p_1_n_128_k_turbo4_v_turbo4,mandatory_long_transformer_cpu,long,1,,,,128,200,,acceptable,3,4,missing: explains quantisation benefit,"Based on the context provided, the main challenges when running large transformer models on CPU-only systems are:

1. **Large Memory Footprint**: Transformer models require a significant amount of memory to store their weights and activations. CPU-only systems often have limited memory, making it difficult to run large transformer models.

2. **Repeated Loading of Weights**: During the decoding phase, the model's weights need to be loaded repeatedly, which can be time-consuming and inefficient. This is because the weights are typically stored in memory, and loading them from disk or other storage can be a bottleneck.

Quantisation can help address these challenges in several ways:

1"
measurements/1254633-track-a1-server-sweep-x86/thread-scaling/tq/model-1-mandatory/t_24_c_2048_p_1_n_128_k_turbo4_v_turbo4,mandatory_short_capital_france,short,2,,,,128,200,,good,1,1,all rubric checks passed,The capital of France is Paris.
measurements/1254633-track-a1-server-sweep-x86/thread-scaling/tq/model-1-mandatory/t_24_c_2048_p_1_n_128_k_turbo4_v_turbo4,mandatory_medium_ml_vs_dl,medium,2,,,,128,200,,good,4,4,all rubric checks passed,"**Machine Learning (ML) vs Deep Learning (DL)**

Machine Learning and Deep Learning are both subfields of Artificial Intelligence (AI) that enable computers to learn from data and make predictions or decisions. While they share some similarities, there are key differences between the two:

**Machine Learning (ML)**

* Focuses on using algorithms to analyze and make predictions from data.
* Typically uses shallow models (few layers) and is often based on traditional statistical techniques.
* Can be used for a wide range of tasks, including classification, regression, clustering, and more.
* Requires a large amount of labeled data to train the model.
"
measurements/1254633-track-a1-server-sweep-x86/thread-scaling/tq/model-1-mandatory/t_24_c_2048_p_1_n_128_k_turbo4_v_turbo4,mandatory_long_transformer_cpu,long,2,,,,128,200,,acceptable,3,4,missing: explains quantisation benefit,"Based on the context provided, the main challenges when running large transformer models on CPU-only systems are:

1. **Large Memory Footprint**: Transformer models require a significant amount of memory to store their weights and activations. CPU-only systems often have limited memory, making it difficult to run large transformer models.

2. **Repeated Loading of Weights**: During the decoding phase, the model's weights need to be loaded repeatedly, which can be time-consuming and inefficient. This is because the weights are typically stored in memory, and loading them from disk or other storage can be a bottleneck.

Quantisation can help address these challenges in several ways:

1"
measurements/1254633-track-a1-server-sweep-x86/thread-scaling/tq/model-1-mandatory/t_24_c_2048_p_1_n_128_k_turbo4_v_turbo4,mandatory_short_capital_france,short,3,,,,128,200,,good,1,1,all rubric checks passed,The capital of France is Paris.
measurements/1254633-track-a1-server-sweep-x86/thread-scaling/tq/model-1-mandatory/t_24_c_2048_p_1_n_128_k_turbo4_v_turbo4,mandatory_medium_ml_vs_dl,medium,3,,,,128,200,,good,4,4,all rubric checks passed,"**Machine Learning (ML) vs Deep Learning (DL)**

Machine Learning and Deep Learning are both subfields of Artificial Intelligence (AI) that enable computers to learn from data and make predictions or decisions. While they share some similarities, there are key differences between the two:

**Machine Learning (ML)**

* Focuses on using algorithms to analyze and make predictions from data.
* Typically uses shallow models (few layers) and is often based on traditional statistical techniques.
* Can be used for a wide range of tasks, including classification, regression, clustering, and more.
* Requires a large amount of labeled data to train the model.
"
measurements/1254633-track-a1-server-sweep-x86/thread-scaling/tq/model-1-mandatory/t_24_c_2048_p_1_n_128_k_turbo4_v_turbo4,mandatory_long_transformer_cpu,long,3,,,,128,200,,acceptable,3,4,missing: explains quantisation benefit,"Based on the context provided, the main challenges when running large transformer models on CPU-only systems are:

1. **Large Memory Footprint**: Transformer models require a significant amount of memory to store their weights and activations. CPU-only systems often have limited memory, making it difficult to run large transformer models.

2. **Repeated Loading of Weights**: During the decoding phase, the model's weights need to be loaded repeatedly, which can be time-consuming and inefficient. This is because the weights are typically stored in memory, and loading them from disk or other storage can be a bottleneck.

Quantisation can help address these challenges in several ways:

1"
measurements/1254633-track-a1-server-sweep-x86/thread-scaling/tq/model-1-mandatory/t_32_c_2048_p_1_n_128_k_turbo3_v_turbo3,mandatory_short_capital_france,short,1,,,,128,200,,good,1,1,all rubric checks passed,The capital of France is Paris.
measurements/1254633-track-a1-server-sweep-x86/thread-scaling/tq/model-1-mandatory/t_32_c_2048_p_1_n_128_k_turbo3_v_turbo3,mandatory_medium_ml_vs_dl,medium,1,,,,128,200,,acceptable,3,4,missing: gives or signals examples,"**Machine Learning (ML) vs Deep Learning (DL)**

Machine Learning and Deep Learning are both subfields of Artificial Intelligence (AI) that deal with developing algorithms and statistical models to enable computers to perform tasks that typically require human intelligence. However, there are key differences between the two:

### Key Differences:

1. **Complexity**: Deep Learning models are more complex and have many layers, whereas Machine Learning models are relatively simple and have fewer layers.
2. **Data Requirements**: Deep Learning requires a large amount of data to train, whereas Machine Learning can work with smaller datasets.
3. **Model Architecture**: Deep Learning models use a"
measurements/1254633-track-a1-server-sweep-x86/thread-scaling/tq/model-1-mandatory/t_32_c_2048_p_1_n_128_k_turbo3_v_turbo3,mandatory_long_transformer_cpu,long,1,,,,128,200,,acceptable,3,4,missing: explains quantisation benefit,"Based on the context provided, the main challenges when running large transformer models on CPU-only systems are:

1. **Large memory footprint**: Transformer models require a significant amount of memory to store their weights, attention mechanisms, and input sequences. This can be a challenge for systems with limited memory, such as those with 32 GB or less of RAM.

2. **Repeated loading of weights during the decoding phase**: During inference, the model's weights need to be loaded repeatedly, which can lead to slow inference times and increased memory usage.

Quantization can help address these challenges in several ways:

1. **Reducing model size**: Quantization"
measurements/1254633-track-a1-server-sweep-x86/thread-scaling/tq/model-1-mandatory/t_32_c_2048_p_1_n_128_k_turbo3_v_turbo3,mandatory_short_capital_france,short,2,,,,128,200,,good,1,1,all rubric checks passed,The capital of France is Paris.
measurements/1254633-track-a1-server-sweep-x86/thread-scaling/tq/model-1-mandatory/t_32_c_2048_p_1_n_128_k_turbo3_v_turbo3,mandatory_medium_ml_vs_dl,medium,2,,,,128,200,,acceptable,3,4,missing: gives or signals examples,"**Machine Learning (ML) vs Deep Learning (DL)**

Machine Learning and Deep Learning are both subfields of Artificial Intelligence (AI) that deal with developing algorithms and statistical models to enable computers to perform tasks that typically require human intelligence. However, there are key differences between the two:

### Key Differences:

1. **Complexity**: Deep Learning models are more complex and have many layers, whereas Machine Learning models are relatively simple and have fewer layers.
2. **Data Requirements**: Deep Learning requires a large amount of data to train, whereas Machine Learning can work with smaller datasets.
3. **Model Architecture**: Deep Learning models use a"
measurements/1254633-track-a1-server-sweep-x86/thread-scaling/tq/model-1-mandatory/t_32_c_2048_p_1_n_128_k_turbo3_v_turbo3,mandatory_long_transformer_cpu,long,2,,,,128,200,,acceptable,3,4,missing: explains quantisation benefit,"Based on the context provided, the main challenges when running large transformer models on CPU-only systems are:

1. **Large memory footprint**: Transformer models require a significant amount of memory to store their weights, attention mechanisms, and input sequences. This can be a challenge for systems with limited memory, such as those with 32 GB or less of RAM.

2. **Repeated loading of weights during the decoding phase**: During inference, the model's weights need to be loaded repeatedly, which can lead to slow inference times and increased memory usage.

Quantization can help address these challenges in several ways:

1. **Reducing model size**: Quantization"
measurements/1254633-track-a1-server-sweep-x86/thread-scaling/tq/model-1-mandatory/t_32_c_2048_p_1_n_128_k_turbo3_v_turbo3,mandatory_short_capital_france,short,3,,,,128,200,,good,1,1,all rubric checks passed,The capital of France is Paris.
measurements/1254633-track-a1-server-sweep-x86/thread-scaling/tq/model-1-mandatory/t_32_c_2048_p_1_n_128_k_turbo3_v_turbo3,mandatory_medium_ml_vs_dl,medium,3,,,,128,200,,acceptable,3,4,missing: gives or signals examples,"**Machine Learning (ML) vs Deep Learning (DL)**

Machine Learning and Deep Learning are both subfields of Artificial Intelligence (AI) that deal with developing algorithms and statistical models to enable computers to perform tasks that typically require human intelligence. However, there are key differences between the two:

### Key Differences:

1. **Complexity**: Deep Learning models are more complex and have many layers, whereas Machine Learning models are relatively simple and have fewer layers.
2. **Data Requirements**: Deep Learning requires a large amount of data to train, whereas Machine Learning can work with smaller datasets.
3. **Model Architecture**: Deep Learning models use a"
measurements/1254633-track-a1-server-sweep-x86/thread-scaling/tq/model-1-mandatory/t_32_c_2048_p_1_n_128_k_turbo3_v_turbo3,mandatory_long_transformer_cpu,long,3,,,,128,200,,acceptable,3,4,missing: explains quantisation benefit,"Based on the context provided, the main challenges when running large transformer models on CPU-only systems are:

1. **Large memory footprint**: Transformer models require a significant amount of memory to store their weights, attention mechanisms, and input sequences. This can be a challenge for systems with limited memory, such as those with 32 GB or less of RAM.

2. **Repeated loading of weights during the decoding phase**: During inference, the model's weights need to be loaded repeatedly, which can lead to slow inference times and increased memory usage.

Quantization can help address these challenges in several ways:

1. **Reducing model size**: Quantization"
measurements/1254633-track-a1-server-sweep-x86/thread-scaling/tq/model-1-mandatory/t_32_c_2048_p_1_n_128_k_turbo4_v_turbo4,mandatory_short_capital_france,short,1,,,,128,200,,good,1,1,all rubric checks passed,The capital of France is Paris.
measurements/1254633-track-a1-server-sweep-x86/thread-scaling/tq/model-1-mandatory/t_32_c_2048_p_1_n_128_k_turbo4_v_turbo4,mandatory_medium_ml_vs_dl,medium,1,,,,128,200,,good,4,4,all rubric checks passed,"**Machine Learning (ML) vs Deep Learning (DL)**

Machine Learning and Deep Learning are both subfields of Artificial Intelligence (AI) that enable computers to learn from data and make predictions or decisions. While they share some similarities, there are key differences between the two:

**Machine Learning (ML)**

* Focuses on using algorithms to analyze and make predictions from data.
* Typically uses shallow models (few layers) and is often based on traditional statistical techniques.
* Can be used for a wide range of tasks, including classification, regression, clustering, and more.
* Requires a large amount of labeled data to train the model.
"
measurements/1254633-track-a1-server-sweep-x86/thread-scaling/tq/model-1-mandatory/t_32_c_2048_p_1_n_128_k_turbo4_v_turbo4,mandatory_long_transformer_cpu,long,1,,,,128,200,,acceptable,3,4,missing: explains quantisation benefit,"Based on the context provided, the main challenges when running large transformer models on CPU-only systems are:

1. **Large Memory Footprint**: Transformer models require a significant amount of memory to store their weights and activations. CPU-only systems often have limited memory, making it difficult to run large transformer models.

2. **Repeated Loading of Weights**: During the decoding phase, the model's weights need to be loaded repeatedly, which can be time-consuming and inefficient. This is because the weights are typically stored in memory, and loading them from disk or other storage can be a bottleneck.

Quantisation can help address these challenges in several ways:

1"
measurements/1254633-track-a1-server-sweep-x86/thread-scaling/tq/model-1-mandatory/t_32_c_2048_p_1_n_128_k_turbo4_v_turbo4,mandatory_short_capital_france,short,2,,,,128,200,,good,1,1,all rubric checks passed,The capital of France is Paris.
measurements/1254633-track-a1-server-sweep-x86/thread-scaling/tq/model-1-mandatory/t_32_c_2048_p_1_n_128_k_turbo4_v_turbo4,mandatory_medium_ml_vs_dl,medium,2,,,,128,200,,good,4,4,all rubric checks passed,"**Machine Learning (ML) vs Deep Learning (DL)**

Machine Learning and Deep Learning are both subfields of Artificial Intelligence (AI) that enable computers to learn from data and make predictions or decisions. While they share some similarities, there are key differences between the two:

**Machine Learning (ML)**

* Focuses on using algorithms to analyze and make predictions from data.
* Typically uses shallow models (few layers) and is often based on traditional statistical techniques.
* Can be used for a wide range of tasks, including classification, regression, clustering, and more.
* Requires a large amount of labeled data to train the model.
"
measurements/1254633-track-a1-server-sweep-x86/thread-scaling/tq/model-1-mandatory/t_32_c_2048_p_1_n_128_k_turbo4_v_turbo4,mandatory_long_transformer_cpu,long,2,,,,128,200,,acceptable,3,4,missing: explains quantisation benefit,"Based on the context provided, the main challenges when running large transformer models on CPU-only systems are:

1. **Large Memory Footprint**: Transformer models require a significant amount of memory to store their weights and activations. CPU-only systems often have limited memory, making it difficult to run large transformer models.

2. **Repeated Loading of Weights**: During the decoding phase, the model's weights need to be loaded repeatedly, which can be time-consuming and inefficient. This is because the weights are typically stored in memory, and loading them from disk or other storage can be a bottleneck.

Quantisation can help address these challenges in several ways:

1"
measurements/1254633-track-a1-server-sweep-x86/thread-scaling/tq/model-1-mandatory/t_32_c_2048_p_1_n_128_k_turbo4_v_turbo4,mandatory_short_capital_france,short,3,,,,128,200,,good,1,1,all rubric checks passed,The capital of France is Paris.
measurements/1254633-track-a1-server-sweep-x86/thread-scaling/tq/model-1-mandatory/t_32_c_2048_p_1_n_128_k_turbo4_v_turbo4,mandatory_medium_ml_vs_dl,medium,3,,,,128,200,,good,4,4,all rubric checks passed,"**Machine Learning (ML) vs Deep Learning (DL)**

Machine Learning and Deep Learning are both subfields of Artificial Intelligence (AI) that enable computers to learn from data and make predictions or decisions. While they share some similarities, there are key differences between the two:

**Machine Learning (ML)**

* Focuses on using algorithms to analyze and make predictions from data.
* Typically uses shallow models (few layers) and is often based on traditional statistical techniques.
* Can be used for a wide range of tasks, including classification, regression, clustering, and more.
* Requires a large amount of labeled data to train the model.
"
measurements/1254633-track-a1-server-sweep-x86/thread-scaling/tq/model-1-mandatory/t_32_c_2048_p_1_n_128_k_turbo4_v_turbo4,mandatory_long_transformer_cpu,long,3,,,,128,200,,acceptable,3,4,missing: explains quantisation benefit,"Based on the context provided, the main challenges when running large transformer models on CPU-only systems are:

1. **Large Memory Footprint**: Transformer models require a significant amount of memory to store their weights and activations. CPU-only systems often have limited memory, making it difficult to run large transformer models.

2. **Repeated Loading of Weights**: During the decoding phase, the model's weights need to be loaded repeatedly, which can be time-consuming and inefficient. This is because the weights are typically stored in memory, and loading them from disk or other storage can be a bottleneck.

Quantisation can help address these challenges in several ways:

1"
measurements/1254633-track-a1-server-sweep-x86/thread-scaling/tq/model-1-mandatory/t_48_c_2048_p_1_n_128_k_turbo3_v_turbo3,mandatory_short_capital_france,short,1,,,,128,200,,good,1,1,all rubric checks passed,The capital of France is Paris.
measurements/1254633-track-a1-server-sweep-x86/thread-scaling/tq/model-1-mandatory/t_48_c_2048_p_1_n_128_k_turbo3_v_turbo3,mandatory_medium_ml_vs_dl,medium,1,,,,128,200,,acceptable,3,4,missing: gives or signals examples,"**Machine Learning (ML) vs Deep Learning (DL)**

Machine Learning and Deep Learning are both subfields of Artificial Intelligence (AI) that deal with developing algorithms and statistical models to enable computers to perform tasks that typically require human intelligence. However, there are key differences between the two:

### Key Differences:

1. **Complexity**: Deep Learning models are more complex and have many layers, whereas Machine Learning models are relatively simple and have fewer layers.
2. **Data Requirements**: Deep Learning requires a large amount of data to train, whereas Machine Learning can work with smaller datasets.
3. **Model Architecture**: Deep Learning models use a"
measurements/1254633-track-a1-server-sweep-x86/thread-scaling/tq/model-1-mandatory/t_48_c_2048_p_1_n_128_k_turbo3_v_turbo3,mandatory_long_transformer_cpu,long,1,,,,128,200,,acceptable,3,4,missing: explains quantisation benefit,"Based on the context provided, the main challenges when running large transformer models on CPU-only systems are:

1. **Large memory footprint**: Transformer models require a significant amount of memory to store their weights, attention mechanisms, and input sequences. This can be a challenge for systems with limited memory, such as those with 32 GB or less of RAM.

2. **Repeated loading of weights during the decoding phase**: During inference, the model's weights need to be loaded repeatedly, which can lead to slow inference times and increased memory usage.

Quantization can help address these challenges in several ways:

1. **Reducing model size**: Quantization"
measurements/1254633-track-a1-server-sweep-x86/thread-scaling/tq/model-1-mandatory/t_48_c_2048_p_1_n_128_k_turbo3_v_turbo3,mandatory_short_capital_france,short,2,,,,128,200,,good,1,1,all rubric checks passed,The capital of France is Paris.
measurements/1254633-track-a1-server-sweep-x86/thread-scaling/tq/model-1-mandatory/t_48_c_2048_p_1_n_128_k_turbo3_v_turbo3,mandatory_medium_ml_vs_dl,medium,2,,,,128,200,,acceptable,3,4,missing: gives or signals examples,"**Machine Learning (ML) vs Deep Learning (DL)**

Machine Learning and Deep Learning are both subfields of Artificial Intelligence (AI) that deal with developing algorithms and statistical models to enable computers to perform tasks that typically require human intelligence. However, there are key differences between the two:

### Key Differences:

1. **Complexity**: Deep Learning models are more complex and have many layers, whereas Machine Learning models are relatively simple and have fewer layers.
2. **Data Requirements**: Deep Learning requires a large amount of data to train, whereas Machine Learning can work with smaller datasets.
3. **Model Architecture**: Deep Learning models use a"
measurements/1254633-track-a1-server-sweep-x86/thread-scaling/tq/model-1-mandatory/t_48_c_2048_p_1_n_128_k_turbo3_v_turbo3,mandatory_long_transformer_cpu,long,2,,,,128,200,,acceptable,3,4,missing: explains quantisation benefit,"Based on the context provided, the main challenges when running large transformer models on CPU-only systems are:

1. **Large memory footprint**: Transformer models require a significant amount of memory to store their weights, attention mechanisms, and input sequences. This can be a challenge for systems with limited memory, such as those with 32 GB or less of RAM.

2. **Repeated loading of weights during the decoding phase**: During inference, the model's weights need to be loaded repeatedly, which can lead to slow inference times and increased memory usage.

Quantization can help address these challenges in several ways:

1. **Reducing model size**: Quantization"
measurements/1254633-track-a1-server-sweep-x86/thread-scaling/tq/model-1-mandatory/t_48_c_2048_p_1_n_128_k_turbo3_v_turbo3,mandatory_short_capital_france,short,3,,,,128,200,,good,1,1,all rubric checks passed,The capital of France is Paris.
measurements/1254633-track-a1-server-sweep-x86/thread-scaling/tq/model-1-mandatory/t_48_c_2048_p_1_n_128_k_turbo3_v_turbo3,mandatory_medium_ml_vs_dl,medium,3,,,,128,200,,acceptable,3,4,missing: gives or signals examples,"**Machine Learning (ML) vs Deep Learning (DL)**

Machine Learning and Deep Learning are both subfields of Artificial Intelligence (AI) that deal with developing algorithms and statistical models to enable computers to perform tasks that typically require human intelligence. However, there are key differences between the two:

### Key Differences:

1. **Complexity**: Deep Learning models are more complex and have many layers, whereas Machine Learning models are relatively simple and have fewer layers.
2. **Data Requirements**: Deep Learning requires a large amount of data to train, whereas Machine Learning can work with smaller datasets.
3. **Model Architecture**: Deep Learning models use a"
measurements/1254633-track-a1-server-sweep-x86/thread-scaling/tq/model-1-mandatory/t_48_c_2048_p_1_n_128_k_turbo3_v_turbo3,mandatory_long_transformer_cpu,long,3,,,,128,200,,acceptable,3,4,missing: explains quantisation benefit,"Based on the context provided, the main challenges when running large transformer models on CPU-only systems are:

1. **Large memory footprint**: Transformer models require a significant amount of memory to store their weights, attention mechanisms, and input sequences. This can be a challenge for systems with limited memory, such as those with 32 GB or less of RAM.

2. **Repeated loading of weights during the decoding phase**: During inference, the model's weights need to be loaded repeatedly, which can lead to slow inference times and increased memory usage.

Quantization can help address these challenges in several ways:

1. **Reducing model size**: Quantization"
measurements/1254633-track-a1-server-sweep-x86/thread-scaling/tq/model-1-mandatory/t_48_c_2048_p_1_n_128_k_turbo4_v_turbo4,mandatory_short_capital_france,short,1,,,,128,200,,good,1,1,all rubric checks passed,The capital of France is Paris.
measurements/1254633-track-a1-server-sweep-x86/thread-scaling/tq/model-1-mandatory/t_48_c_2048_p_1_n_128_k_turbo4_v_turbo4,mandatory_medium_ml_vs_dl,medium,1,,,,128,200,,good,4,4,all rubric checks passed,"**Machine Learning (ML) vs Deep Learning (DL)**

Machine Learning and Deep Learning are both subfields of Artificial Intelligence (AI) that enable computers to learn from data and make predictions or decisions. While they share some similarities, there are key differences between the two:

**Machine Learning (ML)**

* Focuses on using algorithms to analyze and make predictions from data.
* Typically uses shallow models (few layers) and is often based on traditional statistical techniques.
* Can be used for a wide range of tasks, including classification, regression, clustering, and more.
* Requires a large amount of labeled data to train the model.
"
measurements/1254633-track-a1-server-sweep-x86/thread-scaling/tq/model-1-mandatory/t_48_c_2048_p_1_n_128_k_turbo4_v_turbo4,mandatory_long_transformer_cpu,long,1,,,,128,200,,acceptable,3,4,missing: explains quantisation benefit,"Based on the context provided, the main challenges when running large transformer models on CPU-only systems are:

1. **Large Memory Footprint**: Transformer models require a significant amount of memory to store their weights and activations. CPU-only systems often have limited memory, making it difficult to run large transformer models.

2. **Repeated Loading of Weights**: During the decoding phase, the model's weights need to be loaded repeatedly, which can be time-consuming and inefficient. This is because the weights are typically stored in memory, and loading them from disk or other storage can be a bottleneck.

Quantisation can help address these challenges in several ways:

1"
measurements/1254633-track-a1-server-sweep-x86/thread-scaling/tq/model-1-mandatory/t_48_c_2048_p_1_n_128_k_turbo4_v_turbo4,mandatory_short_capital_france,short,2,,,,128,200,,good,1,1,all rubric checks passed,The capital of France is Paris.
measurements/1254633-track-a1-server-sweep-x86/thread-scaling/tq/model-1-mandatory/t_48_c_2048_p_1_n_128_k_turbo4_v_turbo4,mandatory_medium_ml_vs_dl,medium,2,,,,128,200,,good,4,4,all rubric checks passed,"**Machine Learning (ML) vs Deep Learning (DL)**

Machine Learning and Deep Learning are both subfields of Artificial Intelligence (AI) that enable computers to learn from data and make predictions or decisions. While they share some similarities, there are key differences between the two:

**Machine Learning (ML)**

* Focuses on using algorithms to analyze and make predictions from data.
* Typically uses shallow models (few layers) and is often based on traditional statistical techniques.
* Can be used for a wide range of tasks, including classification, regression, clustering, and more.
* Requires a large amount of labeled data to train the model.
"
measurements/1254633-track-a1-server-sweep-x86/thread-scaling/tq/model-1-mandatory/t_48_c_2048_p_1_n_128_k_turbo4_v_turbo4,mandatory_long_transformer_cpu,long,2,,,,128,200,,acceptable,3,4,missing: explains quantisation benefit,"Based on the context provided, the main challenges when running large transformer models on CPU-only systems are:

1. **Large Memory Footprint**: Transformer models require a significant amount of memory to store their weights and activations. CPU-only systems often have limited memory, making it difficult to run large transformer models.

2. **Repeated Loading of Weights**: During the decoding phase, the model's weights need to be loaded repeatedly, which can be time-consuming and inefficient. This is because the weights are typically stored in memory, and loading them from disk or other storage can be a bottleneck.

Quantisation can help address these challenges in several ways:

1"
measurements/1254633-track-a1-server-sweep-x86/thread-scaling/tq/model-1-mandatory/t_48_c_2048_p_1_n_128_k_turbo4_v_turbo4,mandatory_short_capital_france,short,3,,,,128,200,,good,1,1,all rubric checks passed,The capital of France is Paris.
measurements/1254633-track-a1-server-sweep-x86/thread-scaling/tq/model-1-mandatory/t_48_c_2048_p_1_n_128_k_turbo4_v_turbo4,mandatory_medium_ml_vs_dl,medium,3,,,,128,200,,good,4,4,all rubric checks passed,"**Machine Learning (ML) vs Deep Learning (DL)**

Machine Learning and Deep Learning are both subfields of Artificial Intelligence (AI) that enable computers to learn from data and make predictions or decisions. While they share some similarities, there are key differences between the two:

**Machine Learning (ML)**

* Focuses on using algorithms to analyze and make predictions from data.
* Typically uses shallow models (few layers) and is often based on traditional statistical techniques.
* Can be used for a wide range of tasks, including classification, regression, clustering, and more.
* Requires a large amount of labeled data to train the model.
"
measurements/1254633-track-a1-server-sweep-x86/thread-scaling/tq/model-1-mandatory/t_48_c_2048_p_1_n_128_k_turbo4_v_turbo4,mandatory_long_transformer_cpu,long,3,,,,128,200,,acceptable,3,4,missing: explains quantisation benefit,"Based on the context provided, the main challenges when running large transformer models on CPU-only systems are:

1. **Large Memory Footprint**: Transformer models require a significant amount of memory to store their weights and activations. CPU-only systems often have limited memory, making it difficult to run large transformer models.

2. **Repeated Loading of Weights**: During the decoding phase, the model's weights need to be loaded repeatedly, which can be time-consuming and inefficient. This is because the weights are typically stored in memory, and loading them from disk or other storage can be a bottleneck.

Quantisation can help address these challenges in several ways:

1"
measurements/1254633-track-a1-server-sweep-x86/thread-scaling/tq/model-1-mandatory/t_64_c_2048_p_1_n_128_k_turbo3_v_turbo3,mandatory_short_capital_france,short,1,,,,128,200,,good,1,1,all rubric checks passed,The capital of France is Paris.
measurements/1254633-track-a1-server-sweep-x86/thread-scaling/tq/model-1-mandatory/t_64_c_2048_p_1_n_128_k_turbo3_v_turbo3,mandatory_medium_ml_vs_dl,medium,1,,,,128,200,,acceptable,3,4,missing: gives or signals examples,"**Machine Learning (ML) vs Deep Learning (DL)**

Machine Learning and Deep Learning are both subfields of Artificial Intelligence (AI) that deal with developing algorithms and statistical models to enable computers to perform tasks that typically require human intelligence. However, there are key differences between the two:

### Key Differences:

1. **Complexity**: Deep Learning models are more complex and have many layers, whereas Machine Learning models are relatively simple and have fewer layers.
2. **Data Requirements**: Deep Learning requires a large amount of data to train, whereas Machine Learning can work with smaller datasets.
3. **Model Architecture**: Deep Learning models use a"
measurements/1254633-track-a1-server-sweep-x86/thread-scaling/tq/model-1-mandatory/t_64_c_2048_p_1_n_128_k_turbo3_v_turbo3,mandatory_long_transformer_cpu,long,1,,,,128,200,,acceptable,3,4,missing: explains quantisation benefit,"Based on the context provided, the main challenges when running large transformer models on CPU-only systems are:

1. **Large memory footprint**: Transformer models require a significant amount of memory to store their weights, attention mechanisms, and input sequences. This can be a challenge for systems with limited memory, such as those with 32 GB or less of RAM.

2. **Repeated loading of weights during the decoding phase**: During inference, the model's weights need to be loaded repeatedly, which can lead to slow inference times and increased memory usage.

Quantization can help address these challenges in several ways:

1. **Reducing model size**: Quantization"
measurements/1254633-track-a1-server-sweep-x86/thread-scaling/tq/model-1-mandatory/t_64_c_2048_p_1_n_128_k_turbo3_v_turbo3,mandatory_short_capital_france,short,2,,,,128,200,,good,1,1,all rubric checks passed,The capital of France is Paris.
measurements/1254633-track-a1-server-sweep-x86/thread-scaling/tq/model-1-mandatory/t_64_c_2048_p_1_n_128_k_turbo3_v_turbo3,mandatory_medium_ml_vs_dl,medium,2,,,,128,200,,acceptable,3,4,missing: gives or signals examples,"**Machine Learning (ML) vs Deep Learning (DL)**

Machine Learning and Deep Learning are both subfields of Artificial Intelligence (AI) that deal with developing algorithms and statistical models to enable computers to perform tasks that typically require human intelligence. However, there are key differences between the two:

### Key Differences:

1. **Complexity**: Deep Learning models are more complex and have many layers, whereas Machine Learning models are relatively simple and have fewer layers.
2. **Data Requirements**: Deep Learning requires a large amount of data to train, whereas Machine Learning can work with smaller datasets.
3. **Model Architecture**: Deep Learning models use a"
measurements/1254633-track-a1-server-sweep-x86/thread-scaling/tq/model-1-mandatory/t_64_c_2048_p_1_n_128_k_turbo3_v_turbo3,mandatory_long_transformer_cpu,long,2,,,,128,200,,acceptable,3,4,missing: explains quantisation benefit,"Based on the context provided, the main challenges when running large transformer models on CPU-only systems are:

1. **Large memory footprint**: Transformer models require a significant amount of memory to store their weights, attention mechanisms, and input sequences. This can be a challenge for systems with limited memory, such as those with 32 GB or less of RAM.

2. **Repeated loading of weights during the decoding phase**: During inference, the model's weights need to be loaded repeatedly, which can lead to slow inference times and increased memory usage.

Quantization can help address these challenges in several ways:

1. **Reducing model size**: Quantization"
measurements/1254633-track-a1-server-sweep-x86/thread-scaling/tq/model-1-mandatory/t_64_c_2048_p_1_n_128_k_turbo3_v_turbo3,mandatory_short_capital_france,short,3,,,,128,200,,good,1,1,all rubric checks passed,The capital of France is Paris.
measurements/1254633-track-a1-server-sweep-x86/thread-scaling/tq/model-1-mandatory/t_64_c_2048_p_1_n_128_k_turbo3_v_turbo3,mandatory_medium_ml_vs_dl,medium,3,,,,128,200,,acceptable,3,4,missing: gives or signals examples,"**Machine Learning (ML) vs Deep Learning (DL)**

Machine Learning and Deep Learning are both subfields of Artificial Intelligence (AI) that deal with developing algorithms and statistical models to enable computers to perform tasks that typically require human intelligence. However, there are key differences between the two:

### Key Differences:

1. **Complexity**: Deep Learning models are more complex and have many layers, whereas Machine Learning models are relatively simple and have fewer layers.
2. **Data Requirements**: Deep Learning requires a large amount of data to train, whereas Machine Learning can work with smaller datasets.
3. **Model Architecture**: Deep Learning models use a"
measurements/1254633-track-a1-server-sweep-x86/thread-scaling/tq/model-1-mandatory/t_64_c_2048_p_1_n_128_k_turbo3_v_turbo3,mandatory_long_transformer_cpu,long,3,,,,128,200,,acceptable,3,4,missing: explains quantisation benefit,"Based on the context provided, the main challenges when running large transformer models on CPU-only systems are:

1. **Large memory footprint**: Transformer models require a significant amount of memory to store their weights, attention mechanisms, and input sequences. This can be a challenge for systems with limited memory, such as those with 32 GB or less of RAM.

2. **Repeated loading of weights during the decoding phase**: During inference, the model's weights need to be loaded repeatedly, which can lead to slow inference times and increased memory usage.

Quantization can help address these challenges in several ways:

1. **Reducing model size**: Quantization"
measurements/1254633-track-a1-server-sweep-x86/thread-scaling/tq/model-1-mandatory/t_64_c_2048_p_1_n_128_k_turbo4_v_turbo4,mandatory_short_capital_france,short,1,,,,128,200,,good,1,1,all rubric checks passed,The capital of France is Paris.
measurements/1254633-track-a1-server-sweep-x86/thread-scaling/tq/model-1-mandatory/t_64_c_2048_p_1_n_128_k_turbo4_v_turbo4,mandatory_medium_ml_vs_dl,medium,1,,,,128,200,,good,4,4,all rubric checks passed,"**Machine Learning (ML) vs Deep Learning (DL)**

Machine Learning and Deep Learning are both subfields of Artificial Intelligence (AI) that enable computers to learn from data and make predictions or decisions. While they share some similarities, there are key differences between the two:

**Machine Learning (ML)**

* Focuses on using algorithms to analyze and make predictions from data.
* Typically uses shallow models (few layers) and is often based on traditional statistical techniques.
* Can be used for a wide range of tasks, including classification, regression, clustering, and more.
* Requires a large amount of labeled data to train the model.
"
measurements/1254633-track-a1-server-sweep-x86/thread-scaling/tq/model-1-mandatory/t_64_c_2048_p_1_n_128_k_turbo4_v_turbo4,mandatory_long_transformer_cpu,long,1,,,,128,200,,acceptable,3,4,missing: explains quantisation benefit,"Based on the context provided, the main challenges when running large transformer models on CPU-only systems are:

1. **Large Memory Footprint**: Transformer models require a significant amount of memory to store their weights and activations. CPU-only systems often have limited memory, making it difficult to run large transformer models.

2. **Repeated Loading of Weights**: During the decoding phase, the model's weights need to be loaded repeatedly, which can be time-consuming and inefficient. This is because the weights are typically stored in memory, and loading them from disk or other storage can be a bottleneck.

Quantisation can help address these challenges in several ways:

1"
measurements/1254633-track-a1-server-sweep-x86/thread-scaling/tq/model-1-mandatory/t_64_c_2048_p_1_n_128_k_turbo4_v_turbo4,mandatory_short_capital_france,short,2,,,,128,200,,good,1,1,all rubric checks passed,The capital of France is Paris.
measurements/1254633-track-a1-server-sweep-x86/thread-scaling/tq/model-1-mandatory/t_64_c_2048_p_1_n_128_k_turbo4_v_turbo4,mandatory_medium_ml_vs_dl,medium,2,,,,128,200,,good,4,4,all rubric checks passed,"**Machine Learning (ML) vs Deep Learning (DL)**

Machine Learning and Deep Learning are both subfields of Artificial Intelligence (AI) that enable computers to learn from data and make predictions or decisions. While they share some similarities, there are key differences between the two:

**Machine Learning (ML)**

* Focuses on using algorithms to analyze and make predictions from data.
* Typically uses shallow models (few layers) and is often based on traditional statistical techniques.
* Can be used for a wide range of tasks, including classification, regression, clustering, and more.
* Requires a large amount of labeled data to train the model.
"
measurements/1254633-track-a1-server-sweep-x86/thread-scaling/tq/model-1-mandatory/t_64_c_2048_p_1_n_128_k_turbo4_v_turbo4,mandatory_long_transformer_cpu,long,2,,,,128,200,,acceptable,3,4,missing: explains quantisation benefit,"Based on the context provided, the main challenges when running large transformer models on CPU-only systems are:

1. **Large Memory Footprint**: Transformer models require a significant amount of memory to store their weights and activations. CPU-only systems often have limited memory, making it difficult to run large transformer models.

2. **Repeated Loading of Weights**: During the decoding phase, the model's weights need to be loaded repeatedly, which can be time-consuming and inefficient. This is because the weights are typically stored in memory, and loading them from disk or other storage can be a bottleneck.

Quantisation can help address these challenges in several ways:

1"
measurements/1254633-track-a1-server-sweep-x86/thread-scaling/tq/model-1-mandatory/t_64_c_2048_p_1_n_128_k_turbo4_v_turbo4,mandatory_short_capital_france,short,3,,,,128,200,,good,1,1,all rubric checks passed,The capital of France is Paris.
measurements/1254633-track-a1-server-sweep-x86/thread-scaling/tq/model-1-mandatory/t_64_c_2048_p_1_n_128_k_turbo4_v_turbo4,mandatory_medium_ml_vs_dl,medium,3,,,,128,200,,good,4,4,all rubric checks passed,"**Machine Learning (ML) vs Deep Learning (DL)**

Machine Learning and Deep Learning are both subfields of Artificial Intelligence (AI) that enable computers to learn from data and make predictions or decisions. While they share some similarities, there are key differences between the two:

**Machine Learning (ML)**

* Focuses on using algorithms to analyze and make predictions from data.
* Typically uses shallow models (few layers) and is often based on traditional statistical techniques.
* Can be used for a wide range of tasks, including classification, regression, clustering, and more.
* Requires a large amount of labeled data to train the model.
"
measurements/1254633-track-a1-server-sweep-x86/thread-scaling/tq/model-1-mandatory/t_64_c_2048_p_1_n_128_k_turbo4_v_turbo4,mandatory_long_transformer_cpu,long,3,,,,128,200,,acceptable,3,4,missing: explains quantisation benefit,"Based on the context provided, the main challenges when running large transformer models on CPU-only systems are:

1. **Large Memory Footprint**: Transformer models require a significant amount of memory to store their weights and activations. CPU-only systems often have limited memory, making it difficult to run large transformer models.

2. **Repeated Loading of Weights**: During the decoding phase, the model's weights need to be loaded repeatedly, which can be time-consuming and inefficient. This is because the weights are typically stored in memory, and loading them from disk or other storage can be a bottleneck.

Quantisation can help address these challenges in several ways:

1"
measurements/1254633-track-a1-server-sweep-x86/thread-scaling/tq/model-1-mandatory/t_8_c_2048_p_1_n_128_k_turbo3_v_turbo3,mandatory_short_capital_france,short,1,,,,128,200,,good,1,1,all rubric checks passed,The capital of France is Paris.
measurements/1254633-track-a1-server-sweep-x86/thread-scaling/tq/model-1-mandatory/t_8_c_2048_p_1_n_128_k_turbo3_v_turbo3,mandatory_medium_ml_vs_dl,medium,1,,,,128,200,,acceptable,3,4,missing: gives or signals examples,"**Machine Learning (ML) vs Deep Learning (DL)**

Machine Learning and Deep Learning are both subfields of Artificial Intelligence (AI) that deal with developing algorithms and statistical models to enable computers to perform tasks that typically require human intelligence. However, there are key differences between the two:

### Key Differences:

1. **Complexity**: Deep Learning models are more complex and have many layers, whereas Machine Learning models are relatively simple and have fewer layers.
2. **Data Requirements**: Deep Learning requires a large amount of data to train, whereas Machine Learning can work with smaller datasets.
3. **Model Architecture**: Deep Learning models use a"
measurements/1254633-track-a1-server-sweep-x86/thread-scaling/tq/model-1-mandatory/t_8_c_2048_p_1_n_128_k_turbo3_v_turbo3,mandatory_long_transformer_cpu,long,1,,,,128,200,,acceptable,3,4,missing: explains quantisation benefit,"Based on the context provided, the main challenges when running large transformer models on CPU-only systems are:

1. **Large memory footprint**: Transformer models require a significant amount of memory to store their weights, attention mechanisms, and input sequences. This can be a challenge for systems with limited memory, such as those with 32 GB or less of RAM.

2. **Repeated loading of weights during the decoding phase**: During inference, the model's weights need to be loaded repeatedly, which can lead to slow inference times and increased memory usage.

Quantization can help address these challenges in several ways:

1. **Reducing model size**: Quantization"
measurements/1254633-track-a1-server-sweep-x86/thread-scaling/tq/model-1-mandatory/t_8_c_2048_p_1_n_128_k_turbo3_v_turbo3,mandatory_short_capital_france,short,2,,,,128,200,,good,1,1,all rubric checks passed,The capital of France is Paris.
measurements/1254633-track-a1-server-sweep-x86/thread-scaling/tq/model-1-mandatory/t_8_c_2048_p_1_n_128_k_turbo3_v_turbo3,mandatory_medium_ml_vs_dl,medium,2,,,,128,200,,acceptable,3,4,missing: gives or signals examples,"**Machine Learning (ML) vs Deep Learning (DL)**

Machine Learning and Deep Learning are both subfields of Artificial Intelligence (AI) that deal with developing algorithms and statistical models to enable computers to perform tasks that typically require human intelligence. However, there are key differences between the two:

### Key Differences:

1. **Complexity**: Deep Learning models are more complex and have many layers, whereas Machine Learning models are relatively simple and have fewer layers.
2. **Data Requirements**: Deep Learning requires a large amount of data to train, whereas Machine Learning can work with smaller datasets.
3. **Model Architecture**: Deep Learning models use a"
measurements/1254633-track-a1-server-sweep-x86/thread-scaling/tq/model-1-mandatory/t_8_c_2048_p_1_n_128_k_turbo3_v_turbo3,mandatory_long_transformer_cpu,long,2,,,,128,200,,acceptable,3,4,missing: explains quantisation benefit,"Based on the context provided, the main challenges when running large transformer models on CPU-only systems are:

1. **Large memory footprint**: Transformer models require a significant amount of memory to store their weights, attention mechanisms, and input sequences. This can be a challenge for systems with limited memory, such as those with 32 GB or less of RAM.

2. **Repeated loading of weights during the decoding phase**: During inference, the model's weights need to be loaded repeatedly, which can lead to slow inference times and increased memory usage.

Quantization can help address these challenges in several ways:

1. **Reducing model size**: Quantization"
measurements/1254633-track-a1-server-sweep-x86/thread-scaling/tq/model-1-mandatory/t_8_c_2048_p_1_n_128_k_turbo3_v_turbo3,mandatory_short_capital_france,short,3,,,,128,200,,good,1,1,all rubric checks passed,The capital of France is Paris.
measurements/1254633-track-a1-server-sweep-x86/thread-scaling/tq/model-1-mandatory/t_8_c_2048_p_1_n_128_k_turbo3_v_turbo3,mandatory_medium_ml_vs_dl,medium,3,,,,128,200,,acceptable,3,4,missing: gives or signals examples,"**Machine Learning (ML) vs Deep Learning (DL)**

Machine Learning and Deep Learning are both subfields of Artificial Intelligence (AI) that deal with developing algorithms and statistical models to enable computers to perform tasks that typically require human intelligence. However, there are key differences between the two:

### Key Differences:

1. **Complexity**: Deep Learning models are more complex and have many layers, whereas Machine Learning models are relatively simple and have fewer layers.
2. **Data Requirements**: Deep Learning requires a large amount of data to train, whereas Machine Learning can work with smaller datasets.
3. **Model Architecture**: Deep Learning models use a"
measurements/1254633-track-a1-server-sweep-x86/thread-scaling/tq/model-1-mandatory/t_8_c_2048_p_1_n_128_k_turbo3_v_turbo3,mandatory_long_transformer_cpu,long,3,,,,128,200,,acceptable,3,4,missing: explains quantisation benefit,"Based on the context provided, the main challenges when running large transformer models on CPU-only systems are:

1. **Large memory footprint**: Transformer models require a significant amount of memory to store their weights, attention mechanisms, and input sequences. This can be a challenge for systems with limited memory, such as those with 32 GB or less of RAM.

2. **Repeated loading of weights during the decoding phase**: During inference, the model's weights need to be loaded repeatedly, which can lead to slow inference times and increased memory usage.

Quantization can help address these challenges in several ways:

1. **Reducing model size**: Quantization"
measurements/1254633-track-a1-server-sweep-x86/thread-scaling/tq/model-1-mandatory/t_8_c_2048_p_1_n_128_k_turbo4_v_turbo4,mandatory_short_capital_france,short,1,,,,128,200,,good,1,1,all rubric checks passed,The capital of France is Paris.
measurements/1254633-track-a1-server-sweep-x86/thread-scaling/tq/model-1-mandatory/t_8_c_2048_p_1_n_128_k_turbo4_v_turbo4,mandatory_medium_ml_vs_dl,medium,1,,,,128,200,,good,4,4,all rubric checks passed,"**Machine Learning (ML) vs Deep Learning (DL)**

Machine Learning and Deep Learning are both subfields of Artificial Intelligence (AI) that enable computers to learn from data and make predictions or decisions. While they share some similarities, there are key differences between the two:

**Machine Learning (ML)**

* Focuses on using algorithms to analyze and make predictions from data.
* Typically uses shallow models (few layers) and is often based on traditional statistical techniques.
* Can be used for a wide range of tasks, including classification, regression, clustering, and more.
* Requires a large amount of labeled data to train the model.
"
measurements/1254633-track-a1-server-sweep-x86/thread-scaling/tq/model-1-mandatory/t_8_c_2048_p_1_n_128_k_turbo4_v_turbo4,mandatory_long_transformer_cpu,long,1,,,,128,200,,acceptable,3,4,missing: explains quantisation benefit,"Based on the context provided, the main challenges when running large transformer models on CPU-only systems are:

1. **Large Memory Footprint**: Transformer models require a significant amount of memory to store their weights and activations. CPU-only systems often have limited memory, making it difficult to run large transformer models.

2. **Repeated Loading of Weights**: During the decoding phase, the model's weights need to be loaded repeatedly, which can be time-consuming and inefficient. This is because the weights are typically stored in memory, and loading them from disk or other storage can be a bottleneck.

Quantisation can help address these challenges in several ways:

1"
measurements/1254633-track-a1-server-sweep-x86/thread-scaling/tq/model-1-mandatory/t_8_c_2048_p_1_n_128_k_turbo4_v_turbo4,mandatory_short_capital_france,short,2,,,,128,200,,good,1,1,all rubric checks passed,The capital of France is Paris.
measurements/1254633-track-a1-server-sweep-x86/thread-scaling/tq/model-1-mandatory/t_8_c_2048_p_1_n_128_k_turbo4_v_turbo4,mandatory_medium_ml_vs_dl,medium,2,,,,128,200,,good,4,4,all rubric checks passed,"**Machine Learning (ML) vs Deep Learning (DL)**

Machine Learning and Deep Learning are both subfields of Artificial Intelligence (AI) that enable computers to learn from data and make predictions or decisions. While they share some similarities, there are key differences between the two:

**Machine Learning (ML)**

* Focuses on using algorithms to analyze and make predictions from data.
* Typically uses shallow models (few layers) and is often based on traditional statistical techniques.
* Can be used for a wide range of tasks, including classification, regression, clustering, and more.
* Requires a large amount of labeled data to train the model.
"
measurements/1254633-track-a1-server-sweep-x86/thread-scaling/tq/model-1-mandatory/t_8_c_2048_p_1_n_128_k_turbo4_v_turbo4,mandatory_long_transformer_cpu,long,2,,,,128,200,,acceptable,3,4,missing: explains quantisation benefit,"Based on the context provided, the main challenges when running large transformer models on CPU-only systems are:

1. **Large Memory Footprint**: Transformer models require a significant amount of memory to store their weights and activations. CPU-only systems often have limited memory, making it difficult to run large transformer models.

2. **Repeated Loading of Weights**: During the decoding phase, the model's weights need to be loaded repeatedly, which can be time-consuming and inefficient. This is because the weights are typically stored in memory, and loading them from disk or other storage can be a bottleneck.

Quantisation can help address these challenges in several ways:

1"
measurements/1254633-track-a1-server-sweep-x86/thread-scaling/tq/model-1-mandatory/t_8_c_2048_p_1_n_128_k_turbo4_v_turbo4,mandatory_short_capital_france,short,3,,,,128,200,,good,1,1,all rubric checks passed,The capital of France is Paris.
measurements/1254633-track-a1-server-sweep-x86/thread-scaling/tq/model-1-mandatory/t_8_c_2048_p_1_n_128_k_turbo4_v_turbo4,mandatory_medium_ml_vs_dl,medium,3,,,,128,200,,good,4,4,all rubric checks passed,"**Machine Learning (ML) vs Deep Learning (DL)**

Machine Learning and Deep Learning are both subfields of Artificial Intelligence (AI) that enable computers to learn from data and make predictions or decisions. While they share some similarities, there are key differences between the two:

**Machine Learning (ML)**

* Focuses on using algorithms to analyze and make predictions from data.
* Typically uses shallow models (few layers) and is often based on traditional statistical techniques.
* Can be used for a wide range of tasks, including classification, regression, clustering, and more.
* Requires a large amount of labeled data to train the model.
"
measurements/1254633-track-a1-server-sweep-x86/thread-scaling/tq/model-1-mandatory/t_8_c_2048_p_1_n_128_k_turbo4_v_turbo4,mandatory_long_transformer_cpu,long,3,,,,128,200,,acceptable,3,4,missing: explains quantisation benefit,"Based on the context provided, the main challenges when running large transformer models on CPU-only systems are:

1. **Large Memory Footprint**: Transformer models require a significant amount of memory to store their weights and activations. CPU-only systems often have limited memory, making it difficult to run large transformer models.

2. **Repeated Loading of Weights**: During the decoding phase, the model's weights need to be loaded repeatedly, which can be time-consuming and inefficient. This is because the weights are typically stored in memory, and loading them from disk or other storage can be a bottleneck.

Quantisation can help address these challenges in several ways:

1"
measurements/1254633-track-a1-server-sweep-x86/thread-scaling/tq/model-1-mandatory/t_96_c_2048_p_1_n_128_k_turbo3_v_turbo3,mandatory_short_capital_france,short,1,,,,128,200,,good,1,1,all rubric checks passed,The capital of France is Paris.
measurements/1254633-track-a1-server-sweep-x86/thread-scaling/tq/model-1-mandatory/t_96_c_2048_p_1_n_128_k_turbo3_v_turbo3,mandatory_medium_ml_vs_dl,medium,1,,,,128,200,,acceptable,3,4,missing: gives or signals examples,"**Machine Learning (ML) vs Deep Learning (DL)**

Machine Learning and Deep Learning are both subfields of Artificial Intelligence (AI) that deal with developing algorithms and statistical models to enable computers to perform tasks that typically require human intelligence. However, there are key differences between the two:

### Key Differences:

1. **Complexity**: Deep Learning models are more complex and have many layers, whereas Machine Learning models are relatively simple and have fewer layers.
2. **Data Requirements**: Deep Learning requires a large amount of data to train, whereas Machine Learning can work with smaller datasets.
3. **Model Architecture**: Deep Learning models use a"
measurements/1254633-track-a1-server-sweep-x86/thread-scaling/tq/model-1-mandatory/t_96_c_2048_p_1_n_128_k_turbo3_v_turbo3,mandatory_long_transformer_cpu,long,1,,,,128,200,,acceptable,3,4,missing: explains quantisation benefit,"Based on the context provided, the main challenges when running large transformer models on CPU-only systems are:

1. **Large memory footprint**: Transformer models require a significant amount of memory to store their weights, attention mechanisms, and input sequences. This can be a challenge for systems with limited memory, such as those with 32 GB or less of RAM.

2. **Repeated loading of weights during the decoding phase**: During inference, the model's weights need to be loaded repeatedly, which can lead to slow inference times and increased memory usage.

Quantization can help address these challenges in several ways:

1. **Reducing model size**: Quantization"
measurements/1254633-track-a1-server-sweep-x86/thread-scaling/tq/model-1-mandatory/t_96_c_2048_p_1_n_128_k_turbo3_v_turbo3,mandatory_short_capital_france,short,2,,,,128,200,,good,1,1,all rubric checks passed,The capital of France is Paris.
measurements/1254633-track-a1-server-sweep-x86/thread-scaling/tq/model-1-mandatory/t_96_c_2048_p_1_n_128_k_turbo3_v_turbo3,mandatory_medium_ml_vs_dl,medium,2,,,,128,200,,acceptable,3,4,missing: gives or signals examples,"**Machine Learning (ML) vs Deep Learning (DL)**

Machine Learning and Deep Learning are both subfields of Artificial Intelligence (AI) that deal with developing algorithms and statistical models to enable computers to perform tasks that typically require human intelligence. However, there are key differences between the two:

### Key Differences:

1. **Complexity**: Deep Learning models are more complex and have many layers, whereas Machine Learning models are relatively simple and have fewer layers.
2. **Data Requirements**: Deep Learning requires a large amount of data to train, whereas Machine Learning can work with smaller datasets.
3. **Model Architecture**: Deep Learning models use a"
measurements/1254633-track-a1-server-sweep-x86/thread-scaling/tq/model-1-mandatory/t_96_c_2048_p_1_n_128_k_turbo3_v_turbo3,mandatory_long_transformer_cpu,long,2,,,,128,200,,acceptable,3,4,missing: explains quantisation benefit,"Based on the context provided, the main challenges when running large transformer models on CPU-only systems are:

1. **Large memory footprint**: Transformer models require a significant amount of memory to store their weights, attention mechanisms, and input sequences. This can be a challenge for systems with limited memory, such as those with 32 GB or less of RAM.

2. **Repeated loading of weights during the decoding phase**: During inference, the model's weights need to be loaded repeatedly, which can lead to slow inference times and increased memory usage.

Quantization can help address these challenges in several ways:

1. **Reducing model size**: Quantization"
measurements/1254633-track-a1-server-sweep-x86/thread-scaling/tq/model-1-mandatory/t_96_c_2048_p_1_n_128_k_turbo3_v_turbo3,mandatory_short_capital_france,short,3,,,,128,200,,good,1,1,all rubric checks passed,The capital of France is Paris.
measurements/1254633-track-a1-server-sweep-x86/thread-scaling/tq/model-1-mandatory/t_96_c_2048_p_1_n_128_k_turbo3_v_turbo3,mandatory_medium_ml_vs_dl,medium,3,,,,128,200,,acceptable,3,4,missing: gives or signals examples,"**Machine Learning (ML) vs Deep Learning (DL)**

Machine Learning and Deep Learning are both subfields of Artificial Intelligence (AI) that deal with developing algorithms and statistical models to enable computers to perform tasks that typically require human intelligence. However, there are key differences between the two:

### Key Differences:

1. **Complexity**: Deep Learning models are more complex and have many layers, whereas Machine Learning models are relatively simple and have fewer layers.
2. **Data Requirements**: Deep Learning requires a large amount of data to train, whereas Machine Learning can work with smaller datasets.
3. **Model Architecture**: Deep Learning models use a"
measurements/1254633-track-a1-server-sweep-x86/thread-scaling/tq/model-1-mandatory/t_96_c_2048_p_1_n_128_k_turbo3_v_turbo3,mandatory_long_transformer_cpu,long,3,,,,128,200,,acceptable,3,4,missing: explains quantisation benefit,"Based on the context provided, the main challenges when running large transformer models on CPU-only systems are:

1. **Large memory footprint**: Transformer models require a significant amount of memory to store their weights, attention mechanisms, and input sequences. This can be a challenge for systems with limited memory, such as those with 32 GB or less of RAM.

2. **Repeated loading of weights during the decoding phase**: During inference, the model's weights need to be loaded repeatedly, which can lead to slow inference times and increased memory usage.

Quantization can help address these challenges in several ways:

1. **Reducing model size**: Quantization"
measurements/1254633-track-a1-server-sweep-x86/thread-scaling/tq/model-1-mandatory/t_96_c_2048_p_1_n_128_k_turbo4_v_turbo4,mandatory_short_capital_france,short,1,,,,128,200,,good,1,1,all rubric checks passed,The capital of France is Paris.
measurements/1254633-track-a1-server-sweep-x86/thread-scaling/tq/model-1-mandatory/t_96_c_2048_p_1_n_128_k_turbo4_v_turbo4,mandatory_medium_ml_vs_dl,medium,1,,,,128,200,,good,4,4,all rubric checks passed,"**Machine Learning (ML) vs Deep Learning (DL)**

Machine Learning and Deep Learning are both subfields of Artificial Intelligence (AI) that enable computers to learn from data and make predictions or decisions. While they share some similarities, there are key differences between the two:

**Machine Learning (ML)**

* Focuses on using algorithms to analyze and make predictions from data.
* Typically uses shallow models (few layers) and is often based on traditional statistical techniques.
* Can be used for a wide range of tasks, including classification, regression, clustering, and more.
* Requires a large amount of labeled data to train the model.
"
measurements/1254633-track-a1-server-sweep-x86/thread-scaling/tq/model-1-mandatory/t_96_c_2048_p_1_n_128_k_turbo4_v_turbo4,mandatory_long_transformer_cpu,long,1,,,,128,200,,acceptable,3,4,missing: explains quantisation benefit,"Based on the context provided, the main challenges when running large transformer models on CPU-only systems are:

1. **Large Memory Footprint**: Transformer models require a significant amount of memory to store their weights and activations. CPU-only systems often have limited memory, making it difficult to run large transformer models.

2. **Repeated Loading of Weights**: During the decoding phase, the model's weights need to be loaded repeatedly, which can be time-consuming and inefficient. This is because the weights are typically stored in memory, and loading them from disk or other storage can be a bottleneck.

Quantisation can help address these challenges in several ways:

1"
measurements/1254633-track-a1-server-sweep-x86/thread-scaling/tq/model-1-mandatory/t_96_c_2048_p_1_n_128_k_turbo4_v_turbo4,mandatory_short_capital_france,short,2,,,,128,200,,good,1,1,all rubric checks passed,The capital of France is Paris.
measurements/1254633-track-a1-server-sweep-x86/thread-scaling/tq/model-1-mandatory/t_96_c_2048_p_1_n_128_k_turbo4_v_turbo4,mandatory_medium_ml_vs_dl,medium,2,,,,128,200,,good,4,4,all rubric checks passed,"**Machine Learning (ML) vs Deep Learning (DL)**

Machine Learning and Deep Learning are both subfields of Artificial Intelligence (AI) that enable computers to learn from data and make predictions or decisions. While they share some similarities, there are key differences between the two:

**Machine Learning (ML)**

* Focuses on using algorithms to analyze and make predictions from data.
* Typically uses shallow models (few layers) and is often based on traditional statistical techniques.
* Can be used for a wide range of tasks, including classification, regression, clustering, and more.
* Requires a large amount of labeled data to train the model.
"
measurements/1254633-track-a1-server-sweep-x86/thread-scaling/tq/model-1-mandatory/t_96_c_2048_p_1_n_128_k_turbo4_v_turbo4,mandatory_long_transformer_cpu,long,2,,,,128,200,,acceptable,3,4,missing: explains quantisation benefit,"Based on the context provided, the main challenges when running large transformer models on CPU-only systems are:

1. **Large Memory Footprint**: Transformer models require a significant amount of memory to store their weights and activations. CPU-only systems often have limited memory, making it difficult to run large transformer models.

2. **Repeated Loading of Weights**: During the decoding phase, the model's weights need to be loaded repeatedly, which can be time-consuming and inefficient. This is because the weights are typically stored in memory, and loading them from disk or other storage can be a bottleneck.

Quantisation can help address these challenges in several ways:

1"
measurements/1254633-track-a1-server-sweep-x86/thread-scaling/tq/model-1-mandatory/t_96_c_2048_p_1_n_128_k_turbo4_v_turbo4,mandatory_short_capital_france,short,3,,,,128,200,,good,1,1,all rubric checks passed,The capital of France is Paris.
measurements/1254633-track-a1-server-sweep-x86/thread-scaling/tq/model-1-mandatory/t_96_c_2048_p_1_n_128_k_turbo4_v_turbo4,mandatory_medium_ml_vs_dl,medium,3,,,,128,200,,good,4,4,all rubric checks passed,"**Machine Learning (ML) vs Deep Learning (DL)**

Machine Learning and Deep Learning are both subfields of Artificial Intelligence (AI) that enable computers to learn from data and make predictions or decisions. While they share some similarities, there are key differences between the two:

**Machine Learning (ML)**

* Focuses on using algorithms to analyze and make predictions from data.
* Typically uses shallow models (few layers) and is often based on traditional statistical techniques.
* Can be used for a wide range of tasks, including classification, regression, clustering, and more.
* Requires a large amount of labeled data to train the model.
"
measurements/1254633-track-a1-server-sweep-x86/thread-scaling/tq/model-1-mandatory/t_96_c_2048_p_1_n_128_k_turbo4_v_turbo4,mandatory_long_transformer_cpu,long,3,,,,128,200,,acceptable,3,4,missing: explains quantisation benefit,"Based on the context provided, the main challenges when running large transformer models on CPU-only systems are:

1. **Large Memory Footprint**: Transformer models require a significant amount of memory to store their weights and activations. CPU-only systems often have limited memory, making it difficult to run large transformer models.

2. **Repeated Loading of Weights**: During the decoding phase, the model's weights need to be loaded repeatedly, which can be time-consuming and inefficient. This is because the weights are typically stored in memory, and loading them from disk or other storage can be a bottleneck.

Quantisation can help address these challenges in several ways:

1"
measurements/1254633-track-a1-server-sweep-x86/thread-scaling/vanilla/model-1-mandatory/t_128_c_2048_p_1_n_128_k_f16_v_f16,mandatory_short_capital_france,short,1,,,,128,200,,good,1,1,all rubric checks passed,The capital of France is Paris.
measurements/1254633-track-a1-server-sweep-x86/thread-scaling/vanilla/model-1-mandatory/t_128_c_2048_p_1_n_128_k_f16_v_f16,mandatory_medium_ml_vs_dl,medium,1,,,,128,200,,acceptable,3,4,missing: gives or signals examples,"**Machine Learning (ML) vs Deep Learning (DL)**

Machine Learning and Deep Learning are both subfields of Artificial Intelligence (AI) that enable computers to learn from data and make predictions or decisions. However, they differ in their approach, complexity, and application.

**Machine Learning (ML)**

Machine Learning is a type of AI that uses algorithms to analyze data and make predictions or decisions. It involves training a model on a dataset to learn patterns and relationships between variables. ML algorithms can be categorized into three types:

1. **Supervised Learning**: The model is trained on labeled data to learn the relationship between inputs and outputs.
"
measurements/1254633-track-a1-server-sweep-x86/thread-scaling/vanilla/model-1-mandatory/t_128_c_2048_p_1_n_128_k_f16_v_f16,mandatory_long_transformer_cpu,long,1,,,,128,200,,acceptable,3,4,missing: explains quantisation benefit,"Based on the context provided, the main challenges when running large transformer models on CPU-only systems are:

1. **Large Memory Footprint**: Transformer models require a significant amount of memory to store their weights, attention mechanisms, and input sequences. This can lead to memory overflow issues on systems with limited RAM, making it difficult to run large models on CPU-only systems.

2. **Repeated Loading of Weights**: During the decoding phase, the model needs to access its weights multiple times. This repeated loading of weights can lead to slow inference times, as the CPU needs to fetch the weights from memory multiple times.

Quantisation can help address these"
measurements/1254633-track-a1-server-sweep-x86/thread-scaling/vanilla/model-1-mandatory/t_128_c_2048_p_1_n_128_k_f16_v_f16,mandatory_short_capital_france,short,2,,,,128,200,,good,1,1,all rubric checks passed,The capital of France is Paris.
measurements/1254633-track-a1-server-sweep-x86/thread-scaling/vanilla/model-1-mandatory/t_128_c_2048_p_1_n_128_k_f16_v_f16,mandatory_medium_ml_vs_dl,medium,2,,,,128,200,,acceptable,3,4,missing: gives or signals examples,"**Machine Learning (ML) vs Deep Learning (DL)**

Machine Learning and Deep Learning are both subfields of Artificial Intelligence (AI) that enable computers to learn from data and make predictions or decisions. However, they differ in their approach, complexity, and application.

**Machine Learning (ML)**

Machine Learning is a type of AI that uses algorithms to analyze data and make predictions or decisions. It involves training a model on a dataset to learn patterns and relationships between variables. ML algorithms can be categorized into three types:

1. **Supervised Learning**: The model is trained on labeled data to learn the relationship between inputs and outputs.
"
measurements/1254633-track-a1-server-sweep-x86/thread-scaling/vanilla/model-1-mandatory/t_128_c_2048_p_1_n_128_k_f16_v_f16,mandatory_long_transformer_cpu,long,2,,,,128,200,,acceptable,3,4,missing: explains quantisation benefit,"Based on the context provided, the main challenges when running large transformer models on CPU-only systems are:

1. **Large Memory Footprint**: Transformer models require a significant amount of memory to store their weights, attention mechanisms, and input sequences. This can lead to memory overflow issues on systems with limited RAM, making it difficult to run large models on CPU-only systems.

2. **Repeated Loading of Weights**: During the decoding phase, the model needs to access its weights multiple times. This repeated loading of weights can lead to slow inference times, as the CPU needs to fetch the weights from memory multiple times.

Quantisation can help address these"
measurements/1254633-track-a1-server-sweep-x86/thread-scaling/vanilla/model-1-mandatory/t_128_c_2048_p_1_n_128_k_f16_v_f16,mandatory_short_capital_france,short,3,,,,128,200,,good,1,1,all rubric checks passed,The capital of France is Paris.
measurements/1254633-track-a1-server-sweep-x86/thread-scaling/vanilla/model-1-mandatory/t_128_c_2048_p_1_n_128_k_f16_v_f16,mandatory_medium_ml_vs_dl,medium,3,,,,128,200,,acceptable,3,4,missing: gives or signals examples,"**Machine Learning (ML) vs Deep Learning (DL)**

Machine Learning and Deep Learning are both subfields of Artificial Intelligence (AI) that enable computers to learn from data and make predictions or decisions. However, they differ in their approach, complexity, and application.

**Machine Learning (ML)**

Machine Learning is a type of AI that uses algorithms to analyze data and make predictions or decisions. It involves training a model on a dataset to learn patterns and relationships between variables. ML algorithms can be categorized into three types:

1. **Supervised Learning**: The model is trained on labeled data to learn the relationship between inputs and outputs.
"
measurements/1254633-track-a1-server-sweep-x86/thread-scaling/vanilla/model-1-mandatory/t_128_c_2048_p_1_n_128_k_f16_v_f16,mandatory_long_transformer_cpu,long,3,,,,128,200,,acceptable,3,4,missing: explains quantisation benefit,"Based on the context provided, the main challenges when running large transformer models on CPU-only systems are:

1. **Large Memory Footprint**: Transformer models require a significant amount of memory to store their weights, attention mechanisms, and input sequences. This can lead to memory overflow issues on systems with limited RAM, making it difficult to run large models on CPU-only systems.

2. **Repeated Loading of Weights**: During the decoding phase, the model needs to access its weights multiple times. This repeated loading of weights can lead to slow inference times, as the CPU needs to fetch the weights from memory multiple times.

Quantisation can help address these"
measurements/1254633-track-a1-server-sweep-x86/thread-scaling/vanilla/model-1-mandatory/t_16_c_2048_p_1_n_128_k_f16_v_f16,mandatory_short_capital_france,short,1,,,,128,200,,good,1,1,all rubric checks passed,The capital of France is Paris.
measurements/1254633-track-a1-server-sweep-x86/thread-scaling/vanilla/model-1-mandatory/t_16_c_2048_p_1_n_128_k_f16_v_f16,mandatory_medium_ml_vs_dl,medium,1,,,,128,200,,acceptable,3,4,missing: gives or signals examples,"**Machine Learning (ML) vs Deep Learning (DL)**

Machine Learning and Deep Learning are both subfields of Artificial Intelligence (AI) that enable computers to learn from data and make predictions or decisions. However, they differ in their approach, complexity, and application.

**Machine Learning (ML)**

Machine Learning is a type of AI that uses algorithms to analyze data and make predictions or decisions. It involves training a model on a dataset to learn patterns and relationships between variables. ML algorithms can be categorized into three types:

1. **Supervised Learning**: The model is trained on labeled data to learn the relationship between inputs and outputs.
"
measurements/1254633-track-a1-server-sweep-x86/thread-scaling/vanilla/model-1-mandatory/t_16_c_2048_p_1_n_128_k_f16_v_f16,mandatory_long_transformer_cpu,long,1,,,,128,200,,acceptable,3,4,missing: explains quantisation benefit,"Based on the context provided, the main challenges when running large transformer models on CPU-only systems are:

1. **Large Memory Footprint**: Transformer models require a significant amount of memory to store their weights, attention mechanisms, and input sequences. This can lead to memory overflow issues on systems with limited RAM, making it difficult to run large models on CPU-only systems.

2. **Repeated Loading of Weights**: During the decoding phase, the model needs to access its weights multiple times. This repeated loading of weights can lead to slow inference times, as the CPU needs to fetch the weights from memory multiple times.

Quantisation can help address these"
measurements/1254633-track-a1-server-sweep-x86/thread-scaling/vanilla/model-1-mandatory/t_16_c_2048_p_1_n_128_k_f16_v_f16,mandatory_short_capital_france,short,2,,,,128,200,,good,1,1,all rubric checks passed,The capital of France is Paris.
measurements/1254633-track-a1-server-sweep-x86/thread-scaling/vanilla/model-1-mandatory/t_16_c_2048_p_1_n_128_k_f16_v_f16,mandatory_medium_ml_vs_dl,medium,2,,,,128,200,,acceptable,3,4,missing: gives or signals examples,"**Machine Learning (ML) vs Deep Learning (DL)**

Machine Learning and Deep Learning are both subfields of Artificial Intelligence (AI) that enable computers to learn from data and make predictions or decisions. However, they differ in their approach, complexity, and application.

**Machine Learning (ML)**

Machine Learning is a type of AI that uses algorithms to analyze data and make predictions or decisions. It involves training a model on a dataset to learn patterns and relationships between variables. ML algorithms can be categorized into three types:

1. **Supervised Learning**: The model is trained on labeled data to learn the relationship between inputs and outputs.
"
measurements/1254633-track-a1-server-sweep-x86/thread-scaling/vanilla/model-1-mandatory/t_16_c_2048_p_1_n_128_k_f16_v_f16,mandatory_long_transformer_cpu,long,2,,,,128,200,,acceptable,3,4,missing: explains quantisation benefit,"Based on the context provided, the main challenges when running large transformer models on CPU-only systems are:

1. **Large Memory Footprint**: Transformer models require a significant amount of memory to store their weights, attention mechanisms, and input sequences. This can lead to memory overflow issues on systems with limited RAM, making it difficult to run large models on CPU-only systems.

2. **Repeated Loading of Weights**: During the decoding phase, the model needs to access its weights multiple times. This repeated loading of weights can lead to slow inference times, as the CPU needs to fetch the weights from memory multiple times.

Quantisation can help address these"
measurements/1254633-track-a1-server-sweep-x86/thread-scaling/vanilla/model-1-mandatory/t_16_c_2048_p_1_n_128_k_f16_v_f16,mandatory_short_capital_france,short,3,,,,128,200,,good,1,1,all rubric checks passed,The capital of France is Paris.
measurements/1254633-track-a1-server-sweep-x86/thread-scaling/vanilla/model-1-mandatory/t_16_c_2048_p_1_n_128_k_f16_v_f16,mandatory_medium_ml_vs_dl,medium,3,,,,128,200,,acceptable,3,4,missing: gives or signals examples,"**Machine Learning (ML) vs Deep Learning (DL)**

Machine Learning and Deep Learning are both subfields of Artificial Intelligence (AI) that enable computers to learn from data and make predictions or decisions. However, they differ in their approach, complexity, and application.

**Machine Learning (ML)**

Machine Learning is a type of AI that uses algorithms to analyze data and make predictions or decisions. It involves training a model on a dataset to learn patterns and relationships between variables. ML algorithms can be categorized into three types:

1. **Supervised Learning**: The model is trained on labeled data to learn the relationship between inputs and outputs.
"
measurements/1254633-track-a1-server-sweep-x86/thread-scaling/vanilla/model-1-mandatory/t_16_c_2048_p_1_n_128_k_f16_v_f16,mandatory_long_transformer_cpu,long,3,,,,128,200,,acceptable,3,4,missing: explains quantisation benefit,"Based on the context provided, the main challenges when running large transformer models on CPU-only systems are:

1. **Large Memory Footprint**: Transformer models require a significant amount of memory to store their weights, attention mechanisms, and input sequences. This can lead to memory overflow issues on systems with limited RAM, making it difficult to run large models on CPU-only systems.

2. **Repeated Loading of Weights**: During the decoding phase, the model needs to access its weights multiple times. This repeated loading of weights can lead to slow inference times, as the CPU needs to fetch the weights from memory multiple times.

Quantisation can help address these"
measurements/1254633-track-a1-server-sweep-x86/thread-scaling/vanilla/model-1-mandatory/t_24_c_2048_p_1_n_128_k_f16_v_f16,mandatory_short_capital_france,short,1,,,,128,200,,good,1,1,all rubric checks passed,The capital of France is Paris.
measurements/1254633-track-a1-server-sweep-x86/thread-scaling/vanilla/model-1-mandatory/t_24_c_2048_p_1_n_128_k_f16_v_f16,mandatory_medium_ml_vs_dl,medium,1,,,,128,200,,acceptable,3,4,missing: gives or signals examples,"**Machine Learning (ML) vs Deep Learning (DL)**

Machine Learning and Deep Learning are both subfields of Artificial Intelligence (AI) that enable computers to learn from data and make predictions or decisions. However, they differ in their approach, complexity, and application.

**Machine Learning (ML)**

Machine Learning is a type of AI that uses algorithms to analyze data and make predictions or decisions. It involves training a model on a dataset to learn patterns and relationships between variables. ML algorithms can be categorized into three types:

1. **Supervised Learning**: The model is trained on labeled data to learn the relationship between inputs and outputs.
"
measurements/1254633-track-a1-server-sweep-x86/thread-scaling/vanilla/model-1-mandatory/t_24_c_2048_p_1_n_128_k_f16_v_f16,mandatory_long_transformer_cpu,long,1,,,,128,200,,acceptable,3,4,missing: explains quantisation benefit,"Based on the context provided, the main challenges when running large transformer models on CPU-only systems are:

1. **Large Memory Footprint**: Transformer models require a significant amount of memory to store their weights, attention mechanisms, and input sequences. This can lead to memory overflow issues on systems with limited RAM, making it difficult to run large models on CPU-only systems.

2. **Repeated Loading of Weights**: During the decoding phase, the model needs to access its weights multiple times. This repeated loading of weights can lead to slow inference times, as the CPU needs to fetch the weights from memory multiple times.

Quantisation can help address these"
measurements/1254633-track-a1-server-sweep-x86/thread-scaling/vanilla/model-1-mandatory/t_24_c_2048_p_1_n_128_k_f16_v_f16,mandatory_short_capital_france,short,2,,,,128,200,,good,1,1,all rubric checks passed,The capital of France is Paris.
measurements/1254633-track-a1-server-sweep-x86/thread-scaling/vanilla/model-1-mandatory/t_24_c_2048_p_1_n_128_k_f16_v_f16,mandatory_medium_ml_vs_dl,medium,2,,,,128,200,,acceptable,3,4,missing: gives or signals examples,"**Machine Learning (ML) vs Deep Learning (DL)**

Machine Learning and Deep Learning are both subfields of Artificial Intelligence (AI) that enable computers to learn from data and make predictions or decisions. However, they differ in their approach, complexity, and application.

**Machine Learning (ML)**

Machine Learning is a type of AI that uses algorithms to analyze data and make predictions or decisions. It involves training a model on a dataset to learn patterns and relationships between variables. ML algorithms can be categorized into three types:

1. **Supervised Learning**: The model is trained on labeled data to learn the relationship between inputs and outputs.
"
measurements/1254633-track-a1-server-sweep-x86/thread-scaling/vanilla/model-1-mandatory/t_24_c_2048_p_1_n_128_k_f16_v_f16,mandatory_long_transformer_cpu,long,2,,,,128,200,,acceptable,3,4,missing: explains quantisation benefit,"Based on the context provided, the main challenges when running large transformer models on CPU-only systems are:

1. **Large Memory Footprint**: Transformer models require a significant amount of memory to store their weights, attention mechanisms, and input sequences. This can lead to memory overflow issues on systems with limited RAM, making it difficult to run large models on CPU-only systems.

2. **Repeated Loading of Weights**: During the decoding phase, the model needs to access its weights multiple times. This repeated loading of weights can lead to slow inference times, as the CPU needs to fetch the weights from memory multiple times.

Quantisation can help address these"
measurements/1254633-track-a1-server-sweep-x86/thread-scaling/vanilla/model-1-mandatory/t_24_c_2048_p_1_n_128_k_f16_v_f16,mandatory_short_capital_france,short,3,,,,128,200,,good,1,1,all rubric checks passed,The capital of France is Paris.
measurements/1254633-track-a1-server-sweep-x86/thread-scaling/vanilla/model-1-mandatory/t_24_c_2048_p_1_n_128_k_f16_v_f16,mandatory_medium_ml_vs_dl,medium,3,,,,128,200,,acceptable,3,4,missing: gives or signals examples,"**Machine Learning (ML) vs Deep Learning (DL)**

Machine Learning and Deep Learning are both subfields of Artificial Intelligence (AI) that enable computers to learn from data and make predictions or decisions. However, they differ in their approach, complexity, and application.

**Machine Learning (ML)**

Machine Learning is a type of AI that uses algorithms to analyze data and make predictions or decisions. It involves training a model on a dataset to learn patterns and relationships between variables. ML algorithms can be categorized into three types:

1. **Supervised Learning**: The model is trained on labeled data to learn the relationship between inputs and outputs.
"
measurements/1254633-track-a1-server-sweep-x86/thread-scaling/vanilla/model-1-mandatory/t_24_c_2048_p_1_n_128_k_f16_v_f16,mandatory_long_transformer_cpu,long,3,,,,128,200,,acceptable,3,4,missing: explains quantisation benefit,"Based on the context provided, the main challenges when running large transformer models on CPU-only systems are:

1. **Large Memory Footprint**: Transformer models require a significant amount of memory to store their weights, attention mechanisms, and input sequences. This can lead to memory overflow issues on systems with limited RAM, making it difficult to run large models on CPU-only systems.

2. **Repeated Loading of Weights**: During the decoding phase, the model needs to access its weights multiple times. This repeated loading of weights can lead to slow inference times, as the CPU needs to fetch the weights from memory multiple times.

Quantisation can help address these"
measurements/1254633-track-a1-server-sweep-x86/thread-scaling/vanilla/model-1-mandatory/t_32_c_2048_p_1_n_128_k_f16_v_f16,mandatory_short_capital_france,short,1,,,,128,200,,good,1,1,all rubric checks passed,The capital of France is Paris.
measurements/1254633-track-a1-server-sweep-x86/thread-scaling/vanilla/model-1-mandatory/t_32_c_2048_p_1_n_128_k_f16_v_f16,mandatory_medium_ml_vs_dl,medium,1,,,,128,200,,acceptable,3,4,missing: gives or signals examples,"**Machine Learning (ML) vs Deep Learning (DL)**

Machine Learning and Deep Learning are both subfields of Artificial Intelligence (AI) that enable computers to learn from data and make predictions or decisions. However, they differ in their approach, complexity, and application.

**Machine Learning (ML)**

Machine Learning is a type of AI that uses algorithms to analyze data and make predictions or decisions. It involves training a model on a dataset to learn patterns and relationships between variables. ML algorithms can be categorized into three types:

1. **Supervised Learning**: The model is trained on labeled data to learn the relationship between inputs and outputs.
"
measurements/1254633-track-a1-server-sweep-x86/thread-scaling/vanilla/model-1-mandatory/t_32_c_2048_p_1_n_128_k_f16_v_f16,mandatory_long_transformer_cpu,long,1,,,,128,200,,acceptable,3,4,missing: explains quantisation benefit,"Based on the context provided, the main challenges when running large transformer models on CPU-only systems are:

1. **Large Memory Footprint**: Transformer models require a significant amount of memory to store their weights, attention mechanisms, and input sequences. This can lead to memory overflow issues on systems with limited RAM, making it difficult to run large models on CPU-only systems.

2. **Repeated Loading of Weights**: During the decoding phase, the model needs to access its weights multiple times. This repeated loading of weights can lead to slow inference times, as the CPU needs to fetch the weights from memory multiple times.

Quantisation can help address these"
measurements/1254633-track-a1-server-sweep-x86/thread-scaling/vanilla/model-1-mandatory/t_32_c_2048_p_1_n_128_k_f16_v_f16,mandatory_short_capital_france,short,2,,,,128,200,,good,1,1,all rubric checks passed,The capital of France is Paris.
measurements/1254633-track-a1-server-sweep-x86/thread-scaling/vanilla/model-1-mandatory/t_32_c_2048_p_1_n_128_k_f16_v_f16,mandatory_medium_ml_vs_dl,medium,2,,,,128,200,,acceptable,3,4,missing: gives or signals examples,"**Machine Learning (ML) vs Deep Learning (DL)**

Machine Learning and Deep Learning are both subfields of Artificial Intelligence (AI) that enable computers to learn from data and make predictions or decisions. However, they differ in their approach, complexity, and application.

**Machine Learning (ML)**

Machine Learning is a type of AI that uses algorithms to analyze data and make predictions or decisions. It involves training a model on a dataset to learn patterns and relationships between variables. ML algorithms can be categorized into three types:

1. **Supervised Learning**: The model is trained on labeled data to learn the relationship between inputs and outputs.
"
measurements/1254633-track-a1-server-sweep-x86/thread-scaling/vanilla/model-1-mandatory/t_32_c_2048_p_1_n_128_k_f16_v_f16,mandatory_long_transformer_cpu,long,2,,,,128,200,,acceptable,3,4,missing: explains quantisation benefit,"Based on the context provided, the main challenges when running large transformer models on CPU-only systems are:

1. **Large Memory Footprint**: Transformer models require a significant amount of memory to store their weights, attention mechanisms, and input sequences. This can lead to memory overflow issues on systems with limited RAM, making it difficult to run large models on CPU-only systems.

2. **Repeated Loading of Weights**: During the decoding phase, the model needs to access its weights multiple times. This repeated loading of weights can lead to slow inference times, as the CPU needs to fetch the weights from memory multiple times.

Quantisation can help address these"
measurements/1254633-track-a1-server-sweep-x86/thread-scaling/vanilla/model-1-mandatory/t_32_c_2048_p_1_n_128_k_f16_v_f16,mandatory_short_capital_france,short,3,,,,128,200,,good,1,1,all rubric checks passed,The capital of France is Paris.
measurements/1254633-track-a1-server-sweep-x86/thread-scaling/vanilla/model-1-mandatory/t_32_c_2048_p_1_n_128_k_f16_v_f16,mandatory_medium_ml_vs_dl,medium,3,,,,128,200,,acceptable,3,4,missing: gives or signals examples,"**Machine Learning (ML) vs Deep Learning (DL)**

Machine Learning and Deep Learning are both subfields of Artificial Intelligence (AI) that enable computers to learn from data and make predictions or decisions. However, they differ in their approach, complexity, and application.

**Machine Learning (ML)**

Machine Learning is a type of AI that uses algorithms to analyze data and make predictions or decisions. It involves training a model on a dataset to learn patterns and relationships between variables. ML algorithms can be categorized into three types:

1. **Supervised Learning**: The model is trained on labeled data to learn the relationship between inputs and outputs.
"
measurements/1254633-track-a1-server-sweep-x86/thread-scaling/vanilla/model-1-mandatory/t_32_c_2048_p_1_n_128_k_f16_v_f16,mandatory_long_transformer_cpu,long,3,,,,128,200,,acceptable,3,4,missing: explains quantisation benefit,"Based on the context provided, the main challenges when running large transformer models on CPU-only systems are:

1. **Large Memory Footprint**: Transformer models require a significant amount of memory to store their weights, attention mechanisms, and input sequences. This can lead to memory overflow issues on systems with limited RAM, making it difficult to run large models on CPU-only systems.

2. **Repeated Loading of Weights**: During the decoding phase, the model needs to access its weights multiple times. This repeated loading of weights can lead to slow inference times, as the CPU needs to fetch the weights from memory multiple times.

Quantisation can help address these"
measurements/1254633-track-a1-server-sweep-x86/thread-scaling/vanilla/model-1-mandatory/t_48_c_2048_p_1_n_128_k_f16_v_f16,mandatory_short_capital_france,short,1,,,,128,200,,good,1,1,all rubric checks passed,The capital of France is Paris.
measurements/1254633-track-a1-server-sweep-x86/thread-scaling/vanilla/model-1-mandatory/t_48_c_2048_p_1_n_128_k_f16_v_f16,mandatory_medium_ml_vs_dl,medium,1,,,,128,200,,acceptable,3,4,missing: gives or signals examples,"**Machine Learning (ML) vs Deep Learning (DL)**

Machine Learning and Deep Learning are both subfields of Artificial Intelligence (AI) that enable computers to learn from data and make predictions or decisions. However, they differ in their approach, complexity, and application.

**Machine Learning (ML)**

Machine Learning is a type of AI that uses algorithms to analyze data and make predictions or decisions. It involves training a model on a dataset to learn patterns and relationships between variables. ML algorithms can be categorized into three types:

1. **Supervised Learning**: The model is trained on labeled data to learn the relationship between inputs and outputs.
"
measurements/1254633-track-a1-server-sweep-x86/thread-scaling/vanilla/model-1-mandatory/t_48_c_2048_p_1_n_128_k_f16_v_f16,mandatory_long_transformer_cpu,long,1,,,,128,200,,acceptable,3,4,missing: explains quantisation benefit,"Based on the context provided, the main challenges when running large transformer models on CPU-only systems are:

1. **Large Memory Footprint**: Transformer models require a significant amount of memory to store their weights, attention mechanisms, and input sequences. This can lead to memory overflow issues on systems with limited RAM, making it difficult to run large models on CPU-only systems.

2. **Repeated Loading of Weights**: During the decoding phase, the model needs to access its weights multiple times. This repeated loading of weights can lead to slow inference times, as the CPU needs to fetch the weights from memory multiple times.

Quantisation can help address these"
measurements/1254633-track-a1-server-sweep-x86/thread-scaling/vanilla/model-1-mandatory/t_48_c_2048_p_1_n_128_k_f16_v_f16,mandatory_short_capital_france,short,2,,,,128,200,,good,1,1,all rubric checks passed,The capital of France is Paris.
measurements/1254633-track-a1-server-sweep-x86/thread-scaling/vanilla/model-1-mandatory/t_48_c_2048_p_1_n_128_k_f16_v_f16,mandatory_medium_ml_vs_dl,medium,2,,,,128,200,,acceptable,3,4,missing: gives or signals examples,"**Machine Learning (ML) vs Deep Learning (DL)**

Machine Learning and Deep Learning are both subfields of Artificial Intelligence (AI) that enable computers to learn from data and make predictions or decisions. However, they differ in their approach, complexity, and application.

**Machine Learning (ML)**

Machine Learning is a type of AI that uses algorithms to analyze data and make predictions or decisions. It involves training a model on a dataset to learn patterns and relationships between variables. ML algorithms can be categorized into three types:

1. **Supervised Learning**: The model is trained on labeled data to learn the relationship between inputs and outputs.
"
measurements/1254633-track-a1-server-sweep-x86/thread-scaling/vanilla/model-1-mandatory/t_48_c_2048_p_1_n_128_k_f16_v_f16,mandatory_long_transformer_cpu,long,2,,,,128,200,,acceptable,3,4,missing: explains quantisation benefit,"Based on the context provided, the main challenges when running large transformer models on CPU-only systems are:

1. **Large Memory Footprint**: Transformer models require a significant amount of memory to store their weights, attention mechanisms, and input sequences. This can lead to memory overflow issues on systems with limited RAM, making it difficult to run large models on CPU-only systems.

2. **Repeated Loading of Weights**: During the decoding phase, the model needs to access its weights multiple times. This repeated loading of weights can lead to slow inference times, as the CPU needs to fetch the weights from memory multiple times.

Quantisation can help address these"
measurements/1254633-track-a1-server-sweep-x86/thread-scaling/vanilla/model-1-mandatory/t_48_c_2048_p_1_n_128_k_f16_v_f16,mandatory_short_capital_france,short,3,,,,128,200,,good,1,1,all rubric checks passed,The capital of France is Paris.
measurements/1254633-track-a1-server-sweep-x86/thread-scaling/vanilla/model-1-mandatory/t_48_c_2048_p_1_n_128_k_f16_v_f16,mandatory_medium_ml_vs_dl,medium,3,,,,128,200,,acceptable,3,4,missing: gives or signals examples,"**Machine Learning (ML) vs Deep Learning (DL)**

Machine Learning and Deep Learning are both subfields of Artificial Intelligence (AI) that enable computers to learn from data and make predictions or decisions. However, they differ in their approach, complexity, and application.

**Machine Learning (ML)**

Machine Learning is a type of AI that uses algorithms to analyze data and make predictions or decisions. It involves training a model on a dataset to learn patterns and relationships between variables. ML algorithms can be categorized into three types:

1. **Supervised Learning**: The model is trained on labeled data to learn the relationship between inputs and outputs.
"
measurements/1254633-track-a1-server-sweep-x86/thread-scaling/vanilla/model-1-mandatory/t_48_c_2048_p_1_n_128_k_f16_v_f16,mandatory_long_transformer_cpu,long,3,,,,128,200,,acceptable,3,4,missing: explains quantisation benefit,"Based on the context provided, the main challenges when running large transformer models on CPU-only systems are:

1. **Large Memory Footprint**: Transformer models require a significant amount of memory to store their weights, attention mechanisms, and input sequences. This can lead to memory overflow issues on systems with limited RAM, making it difficult to run large models on CPU-only systems.

2. **Repeated Loading of Weights**: During the decoding phase, the model needs to access its weights multiple times. This repeated loading of weights can lead to slow inference times, as the CPU needs to fetch the weights from memory multiple times.

Quantisation can help address these"
measurements/1254633-track-a1-server-sweep-x86/thread-scaling/vanilla/model-1-mandatory/t_64_c_2048_p_1_n_128_k_f16_v_f16,mandatory_short_capital_france,short,1,,,,128,200,,good,1,1,all rubric checks passed,The capital of France is Paris.
measurements/1254633-track-a1-server-sweep-x86/thread-scaling/vanilla/model-1-mandatory/t_64_c_2048_p_1_n_128_k_f16_v_f16,mandatory_medium_ml_vs_dl,medium,1,,,,128,200,,acceptable,3,4,missing: gives or signals examples,"**Machine Learning (ML) vs Deep Learning (DL)**

Machine Learning and Deep Learning are both subfields of Artificial Intelligence (AI) that enable computers to learn from data and make predictions or decisions. However, they differ in their approach, complexity, and application.

**Machine Learning (ML)**

Machine Learning is a type of AI that uses algorithms to analyze data and make predictions or decisions. It involves training a model on a dataset to learn patterns and relationships between variables. ML algorithms can be categorized into three types:

1. **Supervised Learning**: The model is trained on labeled data to learn the relationship between inputs and outputs.
"
measurements/1254633-track-a1-server-sweep-x86/thread-scaling/vanilla/model-1-mandatory/t_64_c_2048_p_1_n_128_k_f16_v_f16,mandatory_long_transformer_cpu,long,1,,,,128,200,,acceptable,3,4,missing: explains quantisation benefit,"Based on the context provided, the main challenges when running large transformer models on CPU-only systems are:

1. **Large Memory Footprint**: Transformer models require a significant amount of memory to store their weights, attention mechanisms, and input sequences. This can lead to memory overflow issues on systems with limited RAM, making it difficult to run large models on CPU-only systems.

2. **Repeated Loading of Weights**: During the decoding phase, the model needs to access its weights multiple times. This repeated loading of weights can lead to slow inference times, as the CPU needs to fetch the weights from memory multiple times.

Quantisation can help address these"
measurements/1254633-track-a1-server-sweep-x86/thread-scaling/vanilla/model-1-mandatory/t_64_c_2048_p_1_n_128_k_f16_v_f16,mandatory_short_capital_france,short,2,,,,128,200,,good,1,1,all rubric checks passed,The capital of France is Paris.
measurements/1254633-track-a1-server-sweep-x86/thread-scaling/vanilla/model-1-mandatory/t_64_c_2048_p_1_n_128_k_f16_v_f16,mandatory_medium_ml_vs_dl,medium,2,,,,128,200,,acceptable,3,4,missing: gives or signals examples,"**Machine Learning (ML) vs Deep Learning (DL)**

Machine Learning and Deep Learning are both subfields of Artificial Intelligence (AI) that enable computers to learn from data and make predictions or decisions. However, they differ in their approach, complexity, and application.

**Machine Learning (ML)**

Machine Learning is a type of AI that uses algorithms to analyze data and make predictions or decisions. It involves training a model on a dataset to learn patterns and relationships between variables. ML algorithms can be categorized into three types:

1. **Supervised Learning**: The model is trained on labeled data to learn the relationship between inputs and outputs.
"
measurements/1254633-track-a1-server-sweep-x86/thread-scaling/vanilla/model-1-mandatory/t_64_c_2048_p_1_n_128_k_f16_v_f16,mandatory_long_transformer_cpu,long,2,,,,128,200,,acceptable,3,4,missing: explains quantisation benefit,"Based on the context provided, the main challenges when running large transformer models on CPU-only systems are:

1. **Large Memory Footprint**: Transformer models require a significant amount of memory to store their weights, attention mechanisms, and input sequences. This can lead to memory overflow issues on systems with limited RAM, making it difficult to run large models on CPU-only systems.

2. **Repeated Loading of Weights**: During the decoding phase, the model needs to access its weights multiple times. This repeated loading of weights can lead to slow inference times, as the CPU needs to fetch the weights from memory multiple times.

Quantisation can help address these"
measurements/1254633-track-a1-server-sweep-x86/thread-scaling/vanilla/model-1-mandatory/t_64_c_2048_p_1_n_128_k_f16_v_f16,mandatory_short_capital_france,short,3,,,,128,200,,good,1,1,all rubric checks passed,The capital of France is Paris.
measurements/1254633-track-a1-server-sweep-x86/thread-scaling/vanilla/model-1-mandatory/t_64_c_2048_p_1_n_128_k_f16_v_f16,mandatory_medium_ml_vs_dl,medium,3,,,,128,200,,acceptable,3,4,missing: gives or signals examples,"**Machine Learning (ML) vs Deep Learning (DL)**

Machine Learning and Deep Learning are both subfields of Artificial Intelligence (AI) that enable computers to learn from data and make predictions or decisions. However, they differ in their approach, complexity, and application.

**Machine Learning (ML)**

Machine Learning is a type of AI that uses algorithms to analyze data and make predictions or decisions. It involves training a model on a dataset to learn patterns and relationships between variables. ML algorithms can be categorized into three types:

1. **Supervised Learning**: The model is trained on labeled data to learn the relationship between inputs and outputs.
"
measurements/1254633-track-a1-server-sweep-x86/thread-scaling/vanilla/model-1-mandatory/t_64_c_2048_p_1_n_128_k_f16_v_f16,mandatory_long_transformer_cpu,long,3,,,,128,200,,acceptable,3,4,missing: explains quantisation benefit,"Based on the context provided, the main challenges when running large transformer models on CPU-only systems are:

1. **Large Memory Footprint**: Transformer models require a significant amount of memory to store their weights, attention mechanisms, and input sequences. This can lead to memory overflow issues on systems with limited RAM, making it difficult to run large models on CPU-only systems.

2. **Repeated Loading of Weights**: During the decoding phase, the model needs to access its weights multiple times. This repeated loading of weights can lead to slow inference times, as the CPU needs to fetch the weights from memory multiple times.

Quantisation can help address these"
measurements/1254633-track-a1-server-sweep-x86/thread-scaling/vanilla/model-1-mandatory/t_8_c_2048_p_1_n_128_k_f16_v_f16,mandatory_short_capital_france,short,1,,,,128,200,,good,1,1,all rubric checks passed,The capital of France is Paris.
measurements/1254633-track-a1-server-sweep-x86/thread-scaling/vanilla/model-1-mandatory/t_8_c_2048_p_1_n_128_k_f16_v_f16,mandatory_medium_ml_vs_dl,medium,1,,,,128,200,,acceptable,3,4,missing: gives or signals examples,"**Machine Learning (ML) vs Deep Learning (DL)**

Machine Learning and Deep Learning are both subfields of Artificial Intelligence (AI) that enable computers to learn from data and make predictions or decisions. However, they differ in their approach, complexity, and application.

**Machine Learning (ML)**

Machine Learning is a type of AI that uses algorithms to analyze data and make predictions or decisions. It involves training a model on a dataset to learn patterns and relationships between variables. ML algorithms can be categorized into three types:

1. **Supervised Learning**: The model is trained on labeled data to learn the relationship between inputs and outputs.
"
measurements/1254633-track-a1-server-sweep-x86/thread-scaling/vanilla/model-1-mandatory/t_8_c_2048_p_1_n_128_k_f16_v_f16,mandatory_long_transformer_cpu,long,1,,,,128,200,,acceptable,3,4,missing: explains quantisation benefit,"Based on the context provided, the main challenges when running large transformer models on CPU-only systems are:

1. **Large Memory Footprint**: Transformer models require a significant amount of memory to store their weights, attention mechanisms, and input sequences. This can lead to memory overflow issues on systems with limited RAM, making it difficult to run large models on CPU-only systems.

2. **Repeated Loading of Weights**: During the decoding phase, the model needs to access its weights multiple times. This repeated loading of weights can lead to slow inference times, as the CPU needs to fetch the weights from memory multiple times.

Quantisation can help address these"
measurements/1254633-track-a1-server-sweep-x86/thread-scaling/vanilla/model-1-mandatory/t_8_c_2048_p_1_n_128_k_f16_v_f16,mandatory_short_capital_france,short,2,,,,128,200,,good,1,1,all rubric checks passed,The capital of France is Paris.
measurements/1254633-track-a1-server-sweep-x86/thread-scaling/vanilla/model-1-mandatory/t_8_c_2048_p_1_n_128_k_f16_v_f16,mandatory_medium_ml_vs_dl,medium,2,,,,128,200,,acceptable,3,4,missing: gives or signals examples,"**Machine Learning (ML) vs Deep Learning (DL)**

Machine Learning and Deep Learning are both subfields of Artificial Intelligence (AI) that enable computers to learn from data and make predictions or decisions. However, they differ in their approach, complexity, and application.

**Machine Learning (ML)**

Machine Learning is a type of AI that uses algorithms to analyze data and make predictions or decisions. It involves training a model on a dataset to learn patterns and relationships between variables. ML algorithms can be categorized into three types:

1. **Supervised Learning**: The model is trained on labeled data to learn the relationship between inputs and outputs.
"
measurements/1254633-track-a1-server-sweep-x86/thread-scaling/vanilla/model-1-mandatory/t_8_c_2048_p_1_n_128_k_f16_v_f16,mandatory_long_transformer_cpu,long,2,,,,128,200,,acceptable,3,4,missing: explains quantisation benefit,"Based on the context provided, the main challenges when running large transformer models on CPU-only systems are:

1. **Large Memory Footprint**: Transformer models require a significant amount of memory to store their weights, attention mechanisms, and input sequences. This can lead to memory overflow issues on systems with limited RAM, making it difficult to run large models on CPU-only systems.

2. **Repeated Loading of Weights**: During the decoding phase, the model needs to access its weights multiple times. This repeated loading of weights can lead to slow inference times, as the CPU needs to fetch the weights from memory multiple times.

Quantisation can help address these"
measurements/1254633-track-a1-server-sweep-x86/thread-scaling/vanilla/model-1-mandatory/t_8_c_2048_p_1_n_128_k_f16_v_f16,mandatory_short_capital_france,short,3,,,,128,200,,good,1,1,all rubric checks passed,The capital of France is Paris.
measurements/1254633-track-a1-server-sweep-x86/thread-scaling/vanilla/model-1-mandatory/t_8_c_2048_p_1_n_128_k_f16_v_f16,mandatory_medium_ml_vs_dl,medium,3,,,,128,200,,acceptable,3,4,missing: gives or signals examples,"**Machine Learning (ML) vs Deep Learning (DL)**

Machine Learning and Deep Learning are both subfields of Artificial Intelligence (AI) that enable computers to learn from data and make predictions or decisions. However, they differ in their approach, complexity, and application.

**Machine Learning (ML)**

Machine Learning is a type of AI that uses algorithms to analyze data and make predictions or decisions. It involves training a model on a dataset to learn patterns and relationships between variables. ML algorithms can be categorized into three types:

1. **Supervised Learning**: The model is trained on labeled data to learn the relationship between inputs and outputs.
"
measurements/1254633-track-a1-server-sweep-x86/thread-scaling/vanilla/model-1-mandatory/t_8_c_2048_p_1_n_128_k_f16_v_f16,mandatory_long_transformer_cpu,long,3,,,,128,200,,acceptable,3,4,missing: explains quantisation benefit,"Based on the context provided, the main challenges when running large transformer models on CPU-only systems are:

1. **Large Memory Footprint**: Transformer models require a significant amount of memory to store their weights, attention mechanisms, and input sequences. This can lead to memory overflow issues on systems with limited RAM, making it difficult to run large models on CPU-only systems.

2. **Repeated Loading of Weights**: During the decoding phase, the model needs to access its weights multiple times. This repeated loading of weights can lead to slow inference times, as the CPU needs to fetch the weights from memory multiple times.

Quantisation can help address these"
measurements/1254633-track-a1-server-sweep-x86/thread-scaling/vanilla/model-1-mandatory/t_96_c_2048_p_1_n_128_k_f16_v_f16,mandatory_short_capital_france,short,1,,,,128,200,,good,1,1,all rubric checks passed,The capital of France is Paris.
measurements/1254633-track-a1-server-sweep-x86/thread-scaling/vanilla/model-1-mandatory/t_96_c_2048_p_1_n_128_k_f16_v_f16,mandatory_medium_ml_vs_dl,medium,1,,,,128,200,,acceptable,3,4,missing: gives or signals examples,"**Machine Learning (ML) vs Deep Learning (DL)**

Machine Learning and Deep Learning are both subfields of Artificial Intelligence (AI) that enable computers to learn from data and make predictions or decisions. However, they differ in their approach, complexity, and application.

**Machine Learning (ML)**

Machine Learning is a type of AI that uses algorithms to analyze data and make predictions or decisions. It involves training a model on a dataset to learn patterns and relationships between variables. ML algorithms can be categorized into three types:

1. **Supervised Learning**: The model is trained on labeled data to learn the relationship between inputs and outputs.
"
measurements/1254633-track-a1-server-sweep-x86/thread-scaling/vanilla/model-1-mandatory/t_96_c_2048_p_1_n_128_k_f16_v_f16,mandatory_long_transformer_cpu,long,1,,,,128,200,,acceptable,3,4,missing: explains quantisation benefit,"Based on the context provided, the main challenges when running large transformer models on CPU-only systems are:

1. **Large Memory Footprint**: Transformer models require a significant amount of memory to store their weights, attention mechanisms, and input sequences. This can lead to memory overflow issues on systems with limited RAM, making it difficult to run large models on CPU-only systems.

2. **Repeated Loading of Weights**: During the decoding phase, the model needs to access its weights multiple times. This repeated loading of weights can lead to slow inference times, as the CPU needs to fetch the weights from memory multiple times.

Quantisation can help address these"
measurements/1254633-track-a1-server-sweep-x86/thread-scaling/vanilla/model-1-mandatory/t_96_c_2048_p_1_n_128_k_f16_v_f16,mandatory_short_capital_france,short,2,,,,128,200,,good,1,1,all rubric checks passed,The capital of France is Paris.
measurements/1254633-track-a1-server-sweep-x86/thread-scaling/vanilla/model-1-mandatory/t_96_c_2048_p_1_n_128_k_f16_v_f16,mandatory_medium_ml_vs_dl,medium,2,,,,128,200,,acceptable,3,4,missing: gives or signals examples,"**Machine Learning (ML) vs Deep Learning (DL)**

Machine Learning and Deep Learning are both subfields of Artificial Intelligence (AI) that enable computers to learn from data and make predictions or decisions. However, they differ in their approach, complexity, and application.

**Machine Learning (ML)**

Machine Learning is a type of AI that uses algorithms to analyze data and make predictions or decisions. It involves training a model on a dataset to learn patterns and relationships between variables. ML algorithms can be categorized into three types:

1. **Supervised Learning**: The model is trained on labeled data to learn the relationship between inputs and outputs.
"
measurements/1254633-track-a1-server-sweep-x86/thread-scaling/vanilla/model-1-mandatory/t_96_c_2048_p_1_n_128_k_f16_v_f16,mandatory_long_transformer_cpu,long,2,,,,128,200,,acceptable,3,4,missing: explains quantisation benefit,"Based on the context provided, the main challenges when running large transformer models on CPU-only systems are:

1. **Large Memory Footprint**: Transformer models require a significant amount of memory to store their weights, attention mechanisms, and input sequences. This can lead to memory overflow issues on systems with limited RAM, making it difficult to run large models on CPU-only systems.

2. **Repeated Loading of Weights**: During the decoding phase, the model needs to access its weights multiple times. This repeated loading of weights can lead to slow inference times, as the CPU needs to fetch the weights from memory multiple times.

Quantisation can help address these"
measurements/1254633-track-a1-server-sweep-x86/thread-scaling/vanilla/model-1-mandatory/t_96_c_2048_p_1_n_128_k_f16_v_f16,mandatory_short_capital_france,short,3,,,,128,200,,good,1,1,all rubric checks passed,The capital of France is Paris.
measurements/1254633-track-a1-server-sweep-x86/thread-scaling/vanilla/model-1-mandatory/t_96_c_2048_p_1_n_128_k_f16_v_f16,mandatory_medium_ml_vs_dl,medium,3,,,,128,200,,acceptable,3,4,missing: gives or signals examples,"**Machine Learning (ML) vs Deep Learning (DL)**

Machine Learning and Deep Learning are both subfields of Artificial Intelligence (AI) that enable computers to learn from data and make predictions or decisions. However, they differ in their approach, complexity, and application.

**Machine Learning (ML)**

Machine Learning is a type of AI that uses algorithms to analyze data and make predictions or decisions. It involves training a model on a dataset to learn patterns and relationships between variables. ML algorithms can be categorized into three types:

1. **Supervised Learning**: The model is trained on labeled data to learn the relationship between inputs and outputs.
"
measurements/1254633-track-a1-server-sweep-x86/thread-scaling/vanilla/model-1-mandatory/t_96_c_2048_p_1_n_128_k_f16_v_f16,mandatory_long_transformer_cpu,long,3,,,,128,200,,acceptable,3,4,missing: explains quantisation benefit,"Based on the context provided, the main challenges when running large transformer models on CPU-only systems are:

1. **Large Memory Footprint**: Transformer models require a significant amount of memory to store their weights, attention mechanisms, and input sequences. This can lead to memory overflow issues on systems with limited RAM, making it difficult to run large models on CPU-only systems.

2. **Repeated Loading of Weights**: During the decoding phase, the model needs to access its weights multiple times. This repeated loading of weights can lead to slow inference times, as the CPU needs to fetch the weights from memory multiple times.

Quantisation can help address these"
