arch,cache_type_k,cache_type_v,category,ctx_size,engine,experiment_dir,goodput_sla_fraction_mean,max_tokens,max_vmhwm_kb,model,model_label,parallel_requests,prompt_id,replica_count,source,successful_runs,suite,threads,threads_batch,total_throughput_output_tok_s_mean,tpot_s_mean_across_replicas,ttft_s_mean_across_replicas
unknown,turbo3,turbo3,long,2048,tq,measurements/1253766-track-a1-server-sweep,1.0,128,5063360.0,/projects/F202500010HPCVLABUMINHO/uminhocp006/aded-project-llamacpp/llamacpp-tq/models/Meta-Llama-3.1-8B-Instruct-Q4_K_M.gguf,model-1-mandatory,1,long_hpc_case_study,1,measurements/organized_a1_results/arm_server/a1_server_scaling_summary.csv,3,concurrency,24,24,5.342335454450472,0.18706907829657207,0.20135331133496948
unknown,turbo3,turbo3,long,2048,tq,measurements/1253766-track-a1-server-sweep,1.0,128,5063360.0,/projects/F202500010HPCVLABUMINHO/uminhocp006/aded-project-llamacpp/llamacpp-tq/models/Meta-Llama-3.1-8B-Instruct-Q4_K_M.gguf,model-1-mandatory,1,long_memory_bound_reasoning,1,measurements/organized_a1_results/arm_server/a1_server_scaling_summary.csv,3,concurrency,24,24,5.605535350717921,0.1782753822467659,0.19324652700258108
unknown,turbo3,turbo3,long,2048,tq,measurements/1253766-track-a1-server-sweep,1.0,128,5063360.0,/projects/F202500010HPCVLABUMINHO/uminhocp006/aded-project-llamacpp/llamacpp-tq/models/Meta-Llama-3.1-8B-Instruct-Q4_K_M.gguf,model-1-mandatory,1,mandatory_long_transformer_cpu,1,measurements/organized_a1_results/arm_server/a1_server_scaling_summary.csv,3,concurrency,24,24,6.1200689215636395,0.16329715643565446,0.17563603566183397
unknown,turbo3,turbo3,medium,2048,tq,measurements/1253766-track-a1-server-sweep,1.0,128,5063360.0,/projects/F202500010HPCVLABUMINHO/uminhocp006/aded-project-llamacpp/llamacpp-tq/models/Meta-Llama-3.1-8B-Instruct-Q4_K_M.gguf,model-1-mandatory,1,mandatory_medium_ml_vs_dl,1,measurements/organized_a1_results/arm_server/a1_server_scaling_summary.csv,3,concurrency,24,24,7.0183303297363535,0.14239571515213773,0.15325926201573262
unknown,turbo3,turbo3,medium,2048,tq,measurements/1253766-track-a1-server-sweep,1.0,128,5063360.0,/projects/F202500010HPCVLABUMINHO/uminhocp006/aded-project-llamacpp/llamacpp-tq/models/Meta-Llama-3.1-8B-Instruct-Q4_K_M.gguf,model-1-mandatory,1,medium_cpu_inference_pipeline,1,measurements/organized_a1_results/arm_server/a1_server_scaling_summary.csv,3,concurrency,24,24,6.560644002800547,0.15234380926769728,0.162175829008144
unknown,turbo3,turbo3,medium,2048,tq,measurements/1253766-track-a1-server-sweep,1.0,128,5063360.0,/projects/F202500010HPCVLABUMINHO/uminhocp006/aded-project-llamacpp/llamacpp-tq/models/Meta-Llama-3.1-8B-Instruct-Q4_K_M.gguf,model-1-mandatory,1,medium_quant_tradeoff,1,measurements/organized_a1_results/arm_server/a1_server_scaling_summary.csv,3,concurrency,24,24,6.64708438976292,0.150358732013118,0.16058211933705024
unknown,turbo3,turbo3,short,2048,tq,measurements/1253766-track-a1-server-sweep,1.0,128,5063360.0,/projects/F202500010HPCVLABUMINHO/uminhocp006/aded-project-llamacpp/llamacpp-tq/models/Meta-Llama-3.1-8B-Instruct-Q4_K_M.gguf,model-1-mandatory,1,mandatory_short_capital_france,1,measurements/organized_a1_results/arm_server/a1_server_scaling_summary.csv,3,concurrency,24,24,3.231057904045593,0.1306604017768728,1.2510418883272603
unknown,turbo3,turbo3,short,2048,tq,measurements/1253766-track-a1-server-sweep,0.0,128,5063360.0,/projects/F202500010HPCVLABUMINHO/uminhocp006/aded-project-llamacpp/llamacpp-tq/models/Meta-Llama-3.1-8B-Instruct-Q4_K_M.gguf,model-1-mandatory,1,short_cpu_quantisation,1,measurements/organized_a1_results/arm_server/a1_server_scaling_summary.csv,3,concurrency,24,24,5.815715427139056,0.1445435172729402,3.651875667991893
unknown,turbo3,turbo3,short,2048,tq,measurements/1253766-track-a1-server-sweep,1.0,128,5063360.0,/projects/F202500010HPCVLABUMINHO/uminhocp006/aded-project-llamacpp/llamacpp-tq/models/Meta-Llama-3.1-8B-Instruct-Q4_K_M.gguf,model-1-mandatory,1,short_threading_definition,1,measurements/organized_a1_results/arm_server/a1_server_scaling_summary.csv,3,concurrency,24,24,6.978677537628734,0.1432149343937666,0.1528635669965297
unknown,turbo4,turbo4,long,2048,tq,measurements/1253766-track-a1-server-sweep,1.0,128,5105600.0,/projects/F202500010HPCVLABUMINHO/uminhocp006/aded-project-llamacpp/llamacpp-tq/models/Meta-Llama-3.1-8B-Instruct-Q4_K_M.gguf,model-1-mandatory,1,long_hpc_case_study,1,measurements/organized_a1_results/arm_server/a1_server_scaling_summary.csv,3,concurrency,24,24,5.807594035091512,0.17204277340158958,0.19025507466479516
unknown,turbo4,turbo4,long,2048,tq,measurements/1253766-track-a1-server-sweep,1.0,128,5105600.0,/projects/F202500010HPCVLABUMINHO/uminhocp006/aded-project-llamacpp/llamacpp-tq/models/Meta-Llama-3.1-8B-Instruct-Q4_K_M.gguf,model-1-mandatory,1,long_memory_bound_reasoning,1,measurements/organized_a1_results/arm_server/a1_server_scaling_summary.csv,3,concurrency,24,24,6.0333011440165665,0.16559345103680215,0.1848780376603827
unknown,turbo4,turbo4,long,2048,tq,measurements/1253766-track-a1-server-sweep,1.0,128,5105600.0,/projects/F202500010HPCVLABUMINHO/uminhocp006/aded-project-llamacpp/llamacpp-tq/models/Meta-Llama-3.1-8B-Instruct-Q4_K_M.gguf,model-1-mandatory,1,mandatory_long_transformer_cpu,1,measurements/organized_a1_results/arm_server/a1_server_scaling_summary.csv,3,concurrency,24,24,6.4974873157827515,0.15379260534372027,0.16791240067686886
unknown,turbo4,turbo4,medium,2048,tq,measurements/1253766-track-a1-server-sweep,1.0,128,5105600.0,/projects/F202500010HPCVLABUMINHO/uminhocp006/aded-project-llamacpp/llamacpp-tq/models/Meta-Llama-3.1-8B-Instruct-Q4_K_M.gguf,model-1-mandatory,1,mandatory_medium_ml_vs_dl,1,measurements/organized_a1_results/arm_server/a1_server_scaling_summary.csv,3,concurrency,24,24,7.235071813916576,0.138104432448867,0.151933269672251
unknown,turbo4,turbo4,medium,2048,tq,measurements/1253766-track-a1-server-sweep,1.0,128,5105600.0,/projects/F202500010HPCVLABUMINHO/uminhocp006/aded-project-llamacpp/llamacpp-tq/models/Meta-Llama-3.1-8B-Instruct-Q4_K_M.gguf,model-1-mandatory,1,medium_cpu_inference_pipeline,1,measurements/organized_a1_results/arm_server/a1_server_scaling_summary.csv,3,concurrency,24,24,6.876917504880927,0.14530347001833874,0.1590831673335439
unknown,turbo4,turbo4,medium,2048,tq,measurements/1253766-track-a1-server-sweep,1.0,128,5105600.0,/projects/F202500010HPCVLABUMINHO/uminhocp006/aded-project-llamacpp/llamacpp-tq/models/Meta-Llama-3.1-8B-Instruct-Q4_K_M.gguf,model-1-mandatory,1,medium_quant_tradeoff,1,measurements/organized_a1_results/arm_server/a1_server_scaling_summary.csv,3,concurrency,24,24,6.95283802621962,0.14371229146704692,0.1579059380067823
unknown,turbo4,turbo4,short,2048,tq,measurements/1253766-track-a1-server-sweep,1.0,128,5105600.0,/projects/F202500010HPCVLABUMINHO/uminhocp006/aded-project-llamacpp/llamacpp-tq/models/Meta-Llama-3.1-8B-Instruct-Q4_K_M.gguf,model-1-mandatory,1,mandatory_short_capital_france,1,measurements/organized_a1_results/arm_server/a1_server_scaling_summary.csv,3,concurrency,24,24,3.2586206708296874,0.13006087544393571,1.237362784333527
unknown,turbo4,turbo4,short,2048,tq,measurements/1253766-track-a1-server-sweep,0.0,128,5105600.0,/projects/F202500010HPCVLABUMINHO/uminhocp006/aded-project-llamacpp/llamacpp-tq/models/Meta-Llama-3.1-8B-Instruct-Q4_K_M.gguf,model-1-mandatory,1,short_cpu_quantisation,1,measurements/organized_a1_results/arm_server/a1_server_scaling_summary.csv,3,concurrency,24,24,6.004789480558776,0.13954550473219923,3.593631722343465
unknown,turbo4,turbo4,short,2048,tq,measurements/1253766-track-a1-server-sweep,1.0,128,5105600.0,/projects/F202500010HPCVLABUMINHO/uminhocp006/aded-project-llamacpp/llamacpp-tq/models/Meta-Llama-3.1-8B-Instruct-Q4_K_M.gguf,model-1-mandatory,1,short_threading_definition,1,measurements/organized_a1_results/arm_server/a1_server_scaling_summary.csv,3,concurrency,24,24,7.2123082386275055,0.1385459261075557,0.1517260586745882
unknown,turbo3,turbo3,long,2048,tq,measurements/1253766-track-a1-server-sweep,0.0,128,5083392.0,/projects/F202500010HPCVLABUMINHO/uminhocp006/aded-project-llamacpp/llamacpp-tq/models/Meta-Llama-3.1-8B-Instruct-Q4_K_M.gguf,model-1-mandatory,16,long_hpc_case_study,1,measurements/organized_a1_results/arm_server/a1_server_scaling_summary.csv,0,concurrency,24,24,,,
unknown,turbo3,turbo3,long,2048,tq,measurements/1253766-track-a1-server-sweep,0.0,128,5083392.0,/projects/F202500010HPCVLABUMINHO/uminhocp006/aded-project-llamacpp/llamacpp-tq/models/Meta-Llama-3.1-8B-Instruct-Q4_K_M.gguf,model-1-mandatory,16,long_memory_bound_reasoning,1,measurements/organized_a1_results/arm_server/a1_server_scaling_summary.csv,0,concurrency,24,24,,,
unknown,turbo3,turbo3,long,2048,tq,measurements/1253766-track-a1-server-sweep,0.0,128,5083392.0,/projects/F202500010HPCVLABUMINHO/uminhocp006/aded-project-llamacpp/llamacpp-tq/models/Meta-Llama-3.1-8B-Instruct-Q4_K_M.gguf,model-1-mandatory,16,mandatory_long_transformer_cpu,1,measurements/organized_a1_results/arm_server/a1_server_scaling_summary.csv,3,concurrency,24,24,0.48790530835728896,1.9520901506414239,19.78992736133902
unknown,turbo3,turbo3,medium,2048,tq,measurements/1253766-track-a1-server-sweep,0.0,128,5083392.0,/projects/F202500010HPCVLABUMINHO/uminhocp006/aded-project-llamacpp/llamacpp-tq/models/Meta-Llama-3.1-8B-Instruct-Q4_K_M.gguf,model-1-mandatory,16,mandatory_medium_ml_vs_dl,1,measurements/organized_a1_results/arm_server/a1_server_scaling_summary.csv,3,concurrency,24,24,0.4396870462919674,2.1522608542886807,19.087883044655126
unknown,turbo3,turbo3,medium,2048,tq,measurements/1253766-track-a1-server-sweep,0.0,128,5083392.0,/projects/F202500010HPCVLABUMINHO/uminhocp006/aded-project-llamacpp/llamacpp-tq/models/Meta-Llama-3.1-8B-Instruct-Q4_K_M.gguf,model-1-mandatory,16,medium_cpu_inference_pipeline,1,measurements/organized_a1_results/arm_server/a1_server_scaling_summary.csv,3,concurrency,24,24,0.4445670621327206,2.1231769759186117,20.173861976664437
unknown,turbo3,turbo3,medium,2048,tq,measurements/1253766-track-a1-server-sweep,0.0,128,5083392.0,/projects/F202500010HPCVLABUMINHO/uminhocp006/aded-project-llamacpp/llamacpp-tq/models/Meta-Llama-3.1-8B-Instruct-Q4_K_M.gguf,model-1-mandatory,16,medium_quant_tradeoff,1,measurements/organized_a1_results/arm_server/a1_server_scaling_summary.csv,3,concurrency,24,24,0.6142458566504807,1.784106859519697,19.791934849995112
unknown,turbo3,turbo3,short,2048,tq,measurements/1253766-track-a1-server-sweep,0.0,128,5083392.0,/projects/F202500010HPCVLABUMINHO/uminhocp006/aded-project-llamacpp/llamacpp-tq/models/Meta-Llama-3.1-8B-Instruct-Q4_K_M.gguf,model-1-mandatory,16,mandatory_short_capital_france,1,measurements/organized_a1_results/arm_server/a1_server_scaling_summary.csv,3,concurrency,24,24,0.1729642149679907,4.389903621054449,12.79511418932816
unknown,turbo3,turbo3,short,2048,tq,measurements/1253766-track-a1-server-sweep,0.0,128,5083392.0,/projects/F202500010HPCVLABUMINHO/uminhocp006/aded-project-llamacpp/llamacpp-tq/models/Meta-Llama-3.1-8B-Instruct-Q4_K_M.gguf,model-1-mandatory,16,short_cpu_quantisation,1,measurements/organized_a1_results/arm_server/a1_server_scaling_summary.csv,3,concurrency,24,24,0.4294107317419583,2.1861245245092213,20.827724875998683
unknown,turbo3,turbo3,short,2048,tq,measurements/1253766-track-a1-server-sweep,0.0,128,5083392.0,/projects/F202500010HPCVLABUMINHO/uminhocp006/aded-project-llamacpp/llamacpp-tq/models/Meta-Llama-3.1-8B-Instruct-Q4_K_M.gguf,model-1-mandatory,16,short_threading_definition,1,measurements/organized_a1_results/arm_server/a1_server_scaling_summary.csv,3,concurrency,24,24,0.43899477111563456,2.161699915897627,18.272427603330772
unknown,turbo4,turbo4,long,2048,tq,measurements/1253766-track-a1-server-sweep,0.0,128,5128768.0,/projects/F202500010HPCVLABUMINHO/uminhocp006/aded-project-llamacpp/llamacpp-tq/models/Meta-Llama-3.1-8B-Instruct-Q4_K_M.gguf,model-1-mandatory,16,long_hpc_case_study,1,measurements/organized_a1_results/arm_server/a1_server_scaling_summary.csv,0,concurrency,24,24,,,
unknown,turbo4,turbo4,long,2048,tq,measurements/1253766-track-a1-server-sweep,0.0,128,5128768.0,/projects/F202500010HPCVLABUMINHO/uminhocp006/aded-project-llamacpp/llamacpp-tq/models/Meta-Llama-3.1-8B-Instruct-Q4_K_M.gguf,model-1-mandatory,16,long_memory_bound_reasoning,1,measurements/organized_a1_results/arm_server/a1_server_scaling_summary.csv,0,concurrency,24,24,,,
unknown,turbo4,turbo4,long,2048,tq,measurements/1253766-track-a1-server-sweep,0.0,128,5128768.0,/projects/F202500010HPCVLABUMINHO/uminhocp006/aded-project-llamacpp/llamacpp-tq/models/Meta-Llama-3.1-8B-Instruct-Q4_K_M.gguf,model-1-mandatory,16,mandatory_long_transformer_cpu,1,measurements/organized_a1_results/arm_server/a1_server_scaling_summary.csv,3,concurrency,24,24,0.5114836154096943,1.8808017053924067,17.435291567322565
unknown,turbo4,turbo4,medium,2048,tq,measurements/1253766-track-a1-server-sweep,0.0,128,5128768.0,/projects/F202500010HPCVLABUMINHO/uminhocp006/aded-project-llamacpp/llamacpp-tq/models/Meta-Llama-3.1-8B-Instruct-Q4_K_M.gguf,model-1-mandatory,16,mandatory_medium_ml_vs_dl,1,measurements/organized_a1_results/arm_server/a1_server_scaling_summary.csv,3,concurrency,24,24,0.4596660496172697,2.069675013217788,16.7560933510055
unknown,turbo4,turbo4,medium,2048,tq,measurements/1253766-track-a1-server-sweep,0.0,128,5128768.0,/projects/F202500010HPCVLABUMINHO/uminhocp006/aded-project-llamacpp/llamacpp-tq/models/Meta-Llama-3.1-8B-Instruct-Q4_K_M.gguf,model-1-mandatory,16,medium_cpu_inference_pipeline,1,measurements/organized_a1_results/arm_server/a1_server_scaling_summary.csv,3,concurrency,24,24,0.46486518968664725,2.041247755094441,17.80704606467043
unknown,turbo4,turbo4,medium,2048,tq,measurements/1253766-track-a1-server-sweep,0.0,128,5128768.0,/projects/F202500010HPCVLABUMINHO/uminhocp006/aded-project-llamacpp/llamacpp-tq/models/Meta-Llama-3.1-8B-Instruct-Q4_K_M.gguf,model-1-mandatory,16,medium_quant_tradeoff,1,measurements/organized_a1_results/arm_server/a1_server_scaling_summary.csv,3,concurrency,24,24,0.6442575190526458,1.7134694253464824,17.43817764466318
unknown,turbo4,turbo4,short,2048,tq,measurements/1253766-track-a1-server-sweep,0.0,128,5128768.0,/projects/F202500010HPCVLABUMINHO/uminhocp006/aded-project-llamacpp/llamacpp-tq/models/Meta-Llama-3.1-8B-Instruct-Q4_K_M.gguf,model-1-mandatory,16,mandatory_short_capital_france,1,measurements/organized_a1_results/arm_server/a1_server_scaling_summary.csv,3,concurrency,24,24,0.18326380080228274,4.144789741056027,11.596038280666107
unknown,turbo4,turbo4,short,2048,tq,measurements/1253766-track-a1-server-sweep,0.0,128,5128768.0,/projects/F202500010HPCVLABUMINHO/uminhocp006/aded-project-llamacpp/llamacpp-tq/models/Meta-Llama-3.1-8B-Instruct-Q4_K_M.gguf,model-1-mandatory,16,short_cpu_quantisation,1,measurements/organized_a1_results/arm_server/a1_server_scaling_summary.csv,3,concurrency,24,24,0.4486457695250581,2.1031346272703457,18.49439042999681
unknown,turbo4,turbo4,short,2048,tq,measurements/1253766-track-a1-server-sweep,0.0,128,5128768.0,/projects/F202500010HPCVLABUMINHO/uminhocp006/aded-project-llamacpp/llamacpp-tq/models/Meta-Llama-3.1-8B-Instruct-Q4_K_M.gguf,model-1-mandatory,16,short_threading_definition,1,measurements/organized_a1_results/arm_server/a1_server_scaling_summary.csv,3,concurrency,24,24,0.4589374038498836,2.0789449942966476,15.949578746318972
unknown,turbo3,turbo3,long,2048,tq,measurements/1253766-track-a1-server-sweep,0.0,128,5073536.0,/projects/F202500010HPCVLABUMINHO/uminhocp006/aded-project-llamacpp/llamacpp-tq/models/Meta-Llama-3.1-8B-Instruct-Q4_K_M.gguf,model-1-mandatory,2,long_hpc_case_study,1,measurements/organized_a1_results/arm_server/a1_server_scaling_summary.csv,3,concurrency,24,24,3.091171351229327,0.3225838746666794,0.4392223669989714
unknown,turbo3,turbo3,long,2048,tq,measurements/1253766-track-a1-server-sweep,0.0,128,5073536.0,/projects/F202500010HPCVLABUMINHO/uminhocp006/aded-project-llamacpp/llamacpp-tq/models/Meta-Llama-3.1-8B-Instruct-Q4_K_M.gguf,model-1-mandatory,2,long_memory_bound_reasoning,1,measurements/organized_a1_results/arm_server/a1_server_scaling_summary.csv,3,concurrency,24,24,3.0916081438972633,0.32243280356953924,0.4662115363353223
unknown,turbo3,turbo3,long,2048,tq,measurements/1253766-track-a1-server-sweep,0.0,128,5073536.0,/projects/F202500010HPCVLABUMINHO/uminhocp006/aded-project-llamacpp/llamacpp-tq/models/Meta-Llama-3.1-8B-Instruct-Q4_K_M.gguf,model-1-mandatory,2,mandatory_long_transformer_cpu,1,measurements/organized_a1_results/arm_server/a1_server_scaling_summary.csv,3,concurrency,24,24,3.5506496910587586,0.2807917542493555,0.389204636667273
unknown,turbo3,turbo3,medium,2048,tq,measurements/1253766-track-a1-server-sweep,0.0,128,5073536.0,/projects/F202500010HPCVLABUMINHO/uminhocp006/aded-project-llamacpp/llamacpp-tq/models/Meta-Llama-3.1-8B-Instruct-Q4_K_M.gguf,model-1-mandatory,2,mandatory_medium_ml_vs_dl,1,measurements/organized_a1_results/arm_server/a1_server_scaling_summary.csv,3,concurrency,24,24,3.7362155190614916,0.26684341688977364,0.3712670309978421
unknown,turbo3,turbo3,medium,2048,tq,measurements/1253766-track-a1-server-sweep,0.0,128,5073536.0,/projects/F202500010HPCVLABUMINHO/uminhocp006/aded-project-llamacpp/llamacpp-tq/models/Meta-Llama-3.1-8B-Instruct-Q4_K_M.gguf,model-1-mandatory,2,medium_cpu_inference_pipeline,1,measurements/organized_a1_results/arm_server/a1_server_scaling_summary.csv,3,concurrency,24,24,3.7301129518664196,0.2673063182204776,0.3673825126667604
unknown,turbo3,turbo3,medium,2048,tq,measurements/1253766-track-a1-server-sweep,0.0,128,5073536.0,/projects/F202500010HPCVLABUMINHO/uminhocp006/aded-project-llamacpp/llamacpp-tq/models/Meta-Llama-3.1-8B-Instruct-Q4_K_M.gguf,model-1-mandatory,2,medium_quant_tradeoff,1,measurements/organized_a1_results/arm_server/a1_server_scaling_summary.csv,3,concurrency,24,24,3.57350236956988,0.278986252459319,0.38692989966633223
unknown,turbo3,turbo3,short,2048,tq,measurements/1253766-track-a1-server-sweep,0.0,128,5073536.0,/projects/F202500010HPCVLABUMINHO/uminhocp006/aded-project-llamacpp/llamacpp-tq/models/Meta-Llama-3.1-8B-Instruct-Q4_K_M.gguf,model-1-mandatory,2,mandatory_short_capital_france,1,measurements/organized_a1_results/arm_server/a1_server_scaling_summary.csv,3,concurrency,24,24,2.133646026799326,0.26195941488872954,1.4649707180008893
unknown,turbo3,turbo3,short,2048,tq,measurements/1253766-track-a1-server-sweep,0.0,128,5073536.0,/projects/F202500010HPCVLABUMINHO/uminhocp006/aded-project-llamacpp/llamacpp-tq/models/Meta-Llama-3.1-8B-Instruct-Q4_K_M.gguf,model-1-mandatory,2,short_cpu_quantisation,1,measurements/organized_a1_results/arm_server/a1_server_scaling_summary.csv,3,concurrency,24,24,3.4675340964693357,0.275469019585307,1.9345055096673605
unknown,turbo3,turbo3,short,2048,tq,measurements/1253766-track-a1-server-sweep,0.0,128,5073536.0,/projects/F202500010HPCVLABUMINHO/uminhocp006/aded-project-llamacpp/llamacpp-tq/models/Meta-Llama-3.1-8B-Instruct-Q4_K_M.gguf,model-1-mandatory,2,short_threading_definition,1,measurements/organized_a1_results/arm_server/a1_server_scaling_summary.csv,3,concurrency,24,24,3.5229300316808048,0.2617137447873944,3.0946355699998094
unknown,turbo4,turbo4,long,2048,tq,measurements/1253766-track-a1-server-sweep,0.0,128,5096256.0,/projects/F202500010HPCVLABUMINHO/uminhocp006/aded-project-llamacpp/llamacpp-tq/models/Meta-Llama-3.1-8B-Instruct-Q4_K_M.gguf,model-1-mandatory,2,long_hpc_case_study,1,measurements/organized_a1_results/arm_server/a1_server_scaling_summary.csv,3,concurrency,24,24,3.344400093977594,0.2981039769265384,0.4137674413213972
unknown,turbo4,turbo4,long,2048,tq,measurements/1253766-track-a1-server-sweep,0.0,128,5096256.0,/projects/F202500010HPCVLABUMINHO/uminhocp006/aded-project-llamacpp/llamacpp-tq/models/Meta-Llama-3.1-8B-Instruct-Q4_K_M.gguf,model-1-mandatory,2,long_memory_bound_reasoning,1,measurements/organized_a1_results/arm_server/a1_server_scaling_summary.csv,3,concurrency,24,24,3.343669547292315,0.298107995099759,0.43850578199878026
unknown,turbo4,turbo4,long,2048,tq,measurements/1253766-track-a1-server-sweep,0.0,128,5096256.0,/projects/F202500010HPCVLABUMINHO/uminhocp006/aded-project-llamacpp/llamacpp-tq/models/Meta-Llama-3.1-8B-Instruct-Q4_K_M.gguf,model-1-mandatory,2,mandatory_long_transformer_cpu,1,measurements/organized_a1_results/arm_server/a1_server_scaling_summary.csv,3,concurrency,24,24,3.718246587534229,0.26807847497630327,0.3786290726760247
unknown,turbo4,turbo4,medium,2048,tq,measurements/1253766-track-a1-server-sweep,0.0,128,5096256.0,/projects/F202500010HPCVLABUMINHO/uminhocp006/aded-project-llamacpp/llamacpp-tq/models/Meta-Llama-3.1-8B-Instruct-Q4_K_M.gguf,model-1-mandatory,2,mandatory_medium_ml_vs_dl,1,measurements/organized_a1_results/arm_server/a1_server_scaling_summary.csv,3,concurrency,24,24,3.870396978119546,0.25757237050127424,0.359884056999969
unknown,turbo4,turbo4,medium,2048,tq,measurements/1253766-track-a1-server-sweep,0.0,128,5096256.0,/projects/F202500010HPCVLABUMINHO/uminhocp006/aded-project-llamacpp/llamacpp-tq/models/Meta-Llama-3.1-8B-Instruct-Q4_K_M.gguf,model-1-mandatory,2,medium_cpu_inference_pipeline,1,measurements/organized_a1_results/arm_server/a1_server_scaling_summary.csv,3,concurrency,24,24,3.8653929945332277,0.2578959797585097,0.36087096367070143
unknown,turbo4,turbo4,medium,2048,tq,measurements/1253766-track-a1-server-sweep,0.0,128,5096256.0,/projects/F202500010HPCVLABUMINHO/uminhocp006/aded-project-llamacpp/llamacpp-tq/models/Meta-Llama-3.1-8B-Instruct-Q4_K_M.gguf,model-1-mandatory,2,medium_quant_tradeoff,1,measurements/organized_a1_results/arm_server/a1_server_scaling_summary.csv,3,concurrency,24,24,3.7367183995556803,0.2667761649028948,0.373161289326769
unknown,turbo4,turbo4,short,2048,tq,measurements/1253766-track-a1-server-sweep,0.0,128,5096256.0,/projects/F202500010HPCVLABUMINHO/uminhocp006/aded-project-llamacpp/llamacpp-tq/models/Meta-Llama-3.1-8B-Instruct-Q4_K_M.gguf,model-1-mandatory,2,mandatory_short_capital_france,1,measurements/organized_a1_results/arm_server/a1_server_scaling_summary.csv,3,concurrency,24,24,2.180072857154792,0.2545772802792878,1.440393085659404
unknown,turbo4,turbo4,short,2048,tq,measurements/1253766-track-a1-server-sweep,0.0,128,5096256.0,/projects/F202500010HPCVLABUMINHO/uminhocp006/aded-project-llamacpp/llamacpp-tq/models/Meta-Llama-3.1-8B-Instruct-Q4_K_M.gguf,model-1-mandatory,2,short_cpu_quantisation,1,measurements/organized_a1_results/arm_server/a1_server_scaling_summary.csv,3,concurrency,24,24,3.569263672223606,0.2673739428870903,1.910633783331529
unknown,turbo4,turbo4,short,2048,tq,measurements/1253766-track-a1-server-sweep,0.0,128,5096256.0,/projects/F202500010HPCVLABUMINHO/uminhocp006/aded-project-llamacpp/llamacpp-tq/models/Meta-Llama-3.1-8B-Instruct-Q4_K_M.gguf,model-1-mandatory,2,short_threading_definition,1,measurements/organized_a1_results/arm_server/a1_server_scaling_summary.csv,3,concurrency,24,24,3.6294804045205398,0.25367112009981013,3.049329432329008
unknown,turbo3,turbo3,long,2048,tq,measurements/1253766-track-a1-server-sweep,0.0,128,5063872.0,/projects/F202500010HPCVLABUMINHO/uminhocp006/aded-project-llamacpp/llamacpp-tq/models/Meta-Llama-3.1-8B-Instruct-Q4_K_M.gguf,model-1-mandatory,4,long_hpc_case_study,1,measurements/organized_a1_results/arm_server/a1_server_scaling_summary.csv,3,concurrency,24,24,1.7253262506109595,0.5781342424776763,0.8002617936678386
unknown,turbo3,turbo3,long,2048,tq,measurements/1253766-track-a1-server-sweep,0.0,128,5063872.0,/projects/F202500010HPCVLABUMINHO/uminhocp006/aded-project-llamacpp/llamacpp-tq/models/Meta-Llama-3.1-8B-Instruct-Q4_K_M.gguf,model-1-mandatory,4,long_memory_bound_reasoning,1,measurements/organized_a1_results/arm_server/a1_server_scaling_summary.csv,3,concurrency,24,24,1.7175117500788812,0.5799848217138979,0.8952064560022942
unknown,turbo3,turbo3,long,2048,tq,measurements/1253766-track-a1-server-sweep,0.0,128,5063872.0,/projects/F202500010HPCVLABUMINHO/uminhocp006/aded-project-llamacpp/llamacpp-tq/models/Meta-Llama-3.1-8B-Instruct-Q4_K_M.gguf,model-1-mandatory,4,mandatory_long_transformer_cpu,1,measurements/organized_a1_results/arm_server/a1_server_scaling_summary.csv,3,concurrency,24,24,1.736511267891615,0.5743288376745251,0.7822791616684602
unknown,turbo3,turbo3,medium,2048,tq,measurements/1253766-track-a1-server-sweep,0.0,128,5063872.0,/projects/F202500010HPCVLABUMINHO/uminhocp006/aded-project-llamacpp/llamacpp-tq/models/Meta-Llama-3.1-8B-Instruct-Q4_K_M.gguf,model-1-mandatory,4,mandatory_medium_ml_vs_dl,1,measurements/organized_a1_results/arm_server/a1_server_scaling_summary.csv,3,concurrency,24,24,1.8250734496666285,0.531844346682421,2.710775373663637
unknown,turbo3,turbo3,medium,2048,tq,measurements/1253766-track-a1-server-sweep,0.0,128,5063872.0,/projects/F202500010HPCVLABUMINHO/uminhocp006/aded-project-llamacpp/llamacpp-tq/models/Meta-Llama-3.1-8B-Instruct-Q4_K_M.gguf,model-1-mandatory,4,medium_cpu_inference_pipeline,1,measurements/organized_a1_results/arm_server/a1_server_scaling_summary.csv,3,concurrency,24,24,1.828073381483994,0.5108069285748174,5.252722584666723
unknown,turbo3,turbo3,medium,2048,tq,measurements/1253766-track-a1-server-sweep,0.0,128,5063872.0,/projects/F202500010HPCVLABUMINHO/uminhocp006/aded-project-llamacpp/llamacpp-tq/models/Meta-Llama-3.1-8B-Instruct-Q4_K_M.gguf,model-1-mandatory,4,medium_quant_tradeoff,1,measurements/organized_a1_results/arm_server/a1_server_scaling_summary.csv,3,concurrency,24,24,1.7335776450643252,0.5747308386089285,0.8545622176679899
unknown,turbo3,turbo3,short,2048,tq,measurements/1253766-track-a1-server-sweep,0.0,128,5063872.0,/projects/F202500010HPCVLABUMINHO/uminhocp006/aded-project-llamacpp/llamacpp-tq/models/Meta-Llama-3.1-8B-Instruct-Q4_K_M.gguf,model-1-mandatory,4,mandatory_short_capital_france,1,measurements/organized_a1_results/arm_server/a1_server_scaling_summary.csv,3,concurrency,24,24,1.2778388150255375,0.5222761083888245,1.8656639856659847
unknown,turbo3,turbo3,short,2048,tq,measurements/1253766-track-a1-server-sweep,0.0,128,5063872.0,/projects/F202500010HPCVLABUMINHO/uminhocp006/aded-project-llamacpp/llamacpp-tq/models/Meta-Llama-3.1-8B-Instruct-Q4_K_M.gguf,model-1-mandatory,4,short_cpu_quantisation,1,measurements/organized_a1_results/arm_server/a1_server_scaling_summary.csv,3,concurrency,24,24,1.803726208177743,0.5447379281575009,1.8642321573327838
unknown,turbo3,turbo3,short,2048,tq,measurements/1253766-track-a1-server-sweep,0.0,128,5063872.0,/projects/F202500010HPCVLABUMINHO/uminhocp006/aded-project-llamacpp/llamacpp-tq/models/Meta-Llama-3.1-8B-Instruct-Q4_K_M.gguf,model-1-mandatory,4,short_threading_definition,1,measurements/organized_a1_results/arm_server/a1_server_scaling_summary.csv,3,concurrency,24,24,1.8170409197297634,0.5374367258084016,2.2921360843344396
unknown,turbo4,turbo4,long,2048,tq,measurements/1253766-track-a1-server-sweep,0.0,128,5104384.0,/projects/F202500010HPCVLABUMINHO/uminhocp006/aded-project-llamacpp/llamacpp-tq/models/Meta-Llama-3.1-8B-Instruct-Q4_K_M.gguf,model-1-mandatory,4,long_hpc_case_study,1,measurements/organized_a1_results/arm_server/a1_server_scaling_summary.csv,3,concurrency,24,24,1.8167429538382456,0.5489195881207782,0.7457249499954438
unknown,turbo4,turbo4,long,2048,tq,measurements/1253766-track-a1-server-sweep,0.0,128,5104384.0,/projects/F202500010HPCVLABUMINHO/uminhocp006/aded-project-llamacpp/llamacpp-tq/models/Meta-Llama-3.1-8B-Instruct-Q4_K_M.gguf,model-1-mandatory,4,long_memory_bound_reasoning,1,measurements/organized_a1_results/arm_server/a1_server_scaling_summary.csv,3,concurrency,24,24,1.808697605696661,0.5508386345906092,0.8204003873300584
unknown,turbo4,turbo4,long,2048,tq,measurements/1253766-track-a1-server-sweep,0.0,128,5104384.0,/projects/F202500010HPCVLABUMINHO/uminhocp006/aded-project-llamacpp/llamacpp-tq/models/Meta-Llama-3.1-8B-Instruct-Q4_K_M.gguf,model-1-mandatory,4,mandatory_long_transformer_cpu,1,measurements/organized_a1_results/arm_server/a1_server_scaling_summary.csv,3,concurrency,24,24,1.8285758808664276,0.5452837938924223,0.7499818616585495
unknown,turbo4,turbo4,medium,2048,tq,measurements/1253766-track-a1-server-sweep,0.0,128,5104384.0,/projects/F202500010HPCVLABUMINHO/uminhocp006/aded-project-llamacpp/llamacpp-tq/models/Meta-Llama-3.1-8B-Instruct-Q4_K_M.gguf,model-1-mandatory,4,mandatory_medium_ml_vs_dl,1,measurements/organized_a1_results/arm_server/a1_server_scaling_summary.csv,3,concurrency,24,24,1.893798607702985,0.5122586180734952,2.6531951746728737
unknown,turbo4,turbo4,medium,2048,tq,measurements/1253766-track-a1-server-sweep,0.0,128,5104384.0,/projects/F202500010HPCVLABUMINHO/uminhocp006/aded-project-llamacpp/llamacpp-tq/models/Meta-Llama-3.1-8B-Instruct-Q4_K_M.gguf,model-1-mandatory,4,medium_cpu_inference_pipeline,1,measurements/organized_a1_results/arm_server/a1_server_scaling_summary.csv,3,concurrency,24,24,1.8974061534201834,0.49179588037528027,5.10734284199619
unknown,turbo4,turbo4,medium,2048,tq,measurements/1253766-track-a1-server-sweep,0.0,128,5104384.0,/projects/F202500010HPCVLABUMINHO/uminhocp006/aded-project-llamacpp/llamacpp-tq/models/Meta-Llama-3.1-8B-Instruct-Q4_K_M.gguf,model-1-mandatory,4,medium_quant_tradeoff,1,measurements/organized_a1_results/arm_server/a1_server_scaling_summary.csv,3,concurrency,24,24,1.8259093233472385,0.5454185587086494,0.8352232616549978
unknown,turbo4,turbo4,short,2048,tq,measurements/1253766-track-a1-server-sweep,0.0,128,5104384.0,/projects/F202500010HPCVLABUMINHO/uminhocp006/aded-project-llamacpp/llamacpp-tq/models/Meta-Llama-3.1-8B-Instruct-Q4_K_M.gguf,model-1-mandatory,4,mandatory_short_capital_france,1,measurements/organized_a1_results/arm_server/a1_server_scaling_summary.csv,3,concurrency,24,24,1.3206266641250655,0.501468447108184,1.816245991018756
unknown,turbo4,turbo4,short,2048,tq,measurements/1253766-track-a1-server-sweep,0.0,128,5104384.0,/projects/F202500010HPCVLABUMINHO/uminhocp006/aded-project-llamacpp/llamacpp-tq/models/Meta-Llama-3.1-8B-Instruct-Q4_K_M.gguf,model-1-mandatory,4,short_cpu_quantisation,1,measurements/organized_a1_results/arm_server/a1_server_scaling_summary.csv,3,concurrency,24,24,1.872299462638165,0.5246642833911561,1.8144002323388122
unknown,turbo4,turbo4,short,2048,tq,measurements/1253766-track-a1-server-sweep,0.0,128,5104384.0,/projects/F202500010HPCVLABUMINHO/uminhocp006/aded-project-llamacpp/llamacpp-tq/models/Meta-Llama-3.1-8B-Instruct-Q4_K_M.gguf,model-1-mandatory,4,short_threading_definition,1,measurements/organized_a1_results/arm_server/a1_server_scaling_summary.csv,3,concurrency,24,24,1.884538967192708,0.5178966027899313,2.251371444008934
unknown,turbo3,turbo3,long,2048,tq,measurements/1253766-track-a1-server-sweep,0.0,128,5014592.0,/projects/F202500010HPCVLABUMINHO/uminhocp006/aded-project-llamacpp/llamacpp-tq/models/Meta-Llama-3.1-8B-Instruct-Q4_K_M.gguf,model-1-mandatory,8,long_hpc_case_study,1,measurements/organized_a1_results/arm_server/a1_server_scaling_summary.csv,0,concurrency,24,24,,,
unknown,turbo3,turbo3,long,2048,tq,measurements/1253766-track-a1-server-sweep,0.0,128,5014592.0,/projects/F202500010HPCVLABUMINHO/uminhocp006/aded-project-llamacpp/llamacpp-tq/models/Meta-Llama-3.1-8B-Instruct-Q4_K_M.gguf,model-1-mandatory,8,long_memory_bound_reasoning,1,measurements/organized_a1_results/arm_server/a1_server_scaling_summary.csv,0,concurrency,24,24,,,
unknown,turbo3,turbo3,long,2048,tq,measurements/1253766-track-a1-server-sweep,0.0,128,5014592.0,/projects/F202500010HPCVLABUMINHO/uminhocp006/aded-project-llamacpp/llamacpp-tq/models/Meta-Llama-3.1-8B-Instruct-Q4_K_M.gguf,model-1-mandatory,8,mandatory_long_transformer_cpu,1,measurements/organized_a1_results/arm_server/a1_server_scaling_summary.csv,3,concurrency,24,24,1.0162440345150592,1.00323689835456,1.371349127002759
unknown,turbo3,turbo3,medium,2048,tq,measurements/1253766-track-a1-server-sweep,0.0,128,5014592.0,/projects/F202500010HPCVLABUMINHO/uminhocp006/aded-project-llamacpp/llamacpp-tq/models/Meta-Llama-3.1-8B-Instruct-Q4_K_M.gguf,model-1-mandatory,8,mandatory_medium_ml_vs_dl,1,measurements/organized_a1_results/arm_server/a1_server_scaling_summary.csv,3,concurrency,24,24,0.9320759565358635,1.0688994250524901,1.5860305566651125
unknown,turbo3,turbo3,medium,2048,tq,measurements/1253766-track-a1-server-sweep,0.0,128,5014592.0,/projects/F202500010HPCVLABUMINHO/uminhocp006/aded-project-llamacpp/llamacpp-tq/models/Meta-Llama-3.1-8B-Instruct-Q4_K_M.gguf,model-1-mandatory,8,medium_cpu_inference_pipeline,1,measurements/organized_a1_results/arm_server/a1_server_scaling_summary.csv,3,concurrency,24,24,0.9324758430924355,1.048179521078728,4.1649850446653245
unknown,turbo3,turbo3,medium,2048,tq,measurements/1253766-track-a1-server-sweep,0.0,128,5014592.0,/projects/F202500010HPCVLABUMINHO/uminhocp006/aded-project-llamacpp/llamacpp-tq/models/Meta-Llama-3.1-8B-Instruct-Q4_K_M.gguf,model-1-mandatory,8,medium_quant_tradeoff,1,measurements/organized_a1_results/arm_server/a1_server_scaling_summary.csv,3,concurrency,24,24,1.2132647342401444,0.90280613484247,1.3730735249991994
unknown,turbo3,turbo3,short,2048,tq,measurements/1253766-track-a1-server-sweep,0.0,128,5014592.0,/projects/F202500010HPCVLABUMINHO/uminhocp006/aded-project-llamacpp/llamacpp-tq/models/Meta-Llama-3.1-8B-Instruct-Q4_K_M.gguf,model-1-mandatory,8,mandatory_short_capital_france,1,measurements/organized_a1_results/arm_server/a1_server_scaling_summary.csv,3,concurrency,24,24,0.6090897167867572,1.3558556741109997,2.9344732373428997
unknown,turbo3,turbo3,short,2048,tq,measurements/1253766-track-a1-server-sweep,0.0,128,5014592.0,/projects/F202500010HPCVLABUMINHO/uminhocp006/aded-project-llamacpp/llamacpp-tq/models/Meta-Llama-3.1-8B-Instruct-Q4_K_M.gguf,model-1-mandatory,8,short_cpu_quantisation,1,measurements/organized_a1_results/arm_server/a1_server_scaling_summary.csv,3,concurrency,24,24,0.9315174509270335,1.0577505211338365,3.0937612613197416
unknown,turbo3,turbo3,short,2048,tq,measurements/1253766-track-a1-server-sweep,0.0,128,5014592.0,/projects/F202500010HPCVLABUMINHO/uminhocp006/aded-project-llamacpp/llamacpp-tq/models/Meta-Llama-3.1-8B-Instruct-Q4_K_M.gguf,model-1-mandatory,8,short_threading_definition,1,measurements/organized_a1_results/arm_server/a1_server_scaling_summary.csv,3,concurrency,24,24,0.9462543216179323,1.0459967757821336,2.476132988658113
unknown,turbo4,turbo4,long,2048,tq,measurements/1253766-track-a1-server-sweep,0.0,128,5069120.0,/projects/F202500010HPCVLABUMINHO/uminhocp006/aded-project-llamacpp/llamacpp-tq/models/Meta-Llama-3.1-8B-Instruct-Q4_K_M.gguf,model-1-mandatory,8,long_hpc_case_study,1,measurements/organized_a1_results/arm_server/a1_server_scaling_summary.csv,0,concurrency,24,24,,,
unknown,turbo4,turbo4,long,2048,tq,measurements/1253766-track-a1-server-sweep,0.0,128,5069120.0,/projects/F202500010HPCVLABUMINHO/uminhocp006/aded-project-llamacpp/llamacpp-tq/models/Meta-Llama-3.1-8B-Instruct-Q4_K_M.gguf,model-1-mandatory,8,long_memory_bound_reasoning,1,measurements/organized_a1_results/arm_server/a1_server_scaling_summary.csv,0,concurrency,24,24,,,
unknown,turbo4,turbo4,long,2048,tq,measurements/1253766-track-a1-server-sweep,0.0,128,5069120.0,/projects/F202500010HPCVLABUMINHO/uminhocp006/aded-project-llamacpp/llamacpp-tq/models/Meta-Llama-3.1-8B-Instruct-Q4_K_M.gguf,model-1-mandatory,8,mandatory_long_transformer_cpu,1,measurements/organized_a1_results/arm_server/a1_server_scaling_summary.csv,3,concurrency,24,24,1.056135273888731,0.9669298535189051,1.2717748560050193
unknown,turbo4,turbo4,medium,2048,tq,measurements/1253766-track-a1-server-sweep,0.0,128,5069120.0,/projects/F202500010HPCVLABUMINHO/uminhocp006/aded-project-llamacpp/llamacpp-tq/models/Meta-Llama-3.1-8B-Instruct-Q4_K_M.gguf,model-1-mandatory,8,mandatory_medium_ml_vs_dl,1,measurements/organized_a1_results/arm_server/a1_server_scaling_summary.csv,3,concurrency,24,24,0.9693399089680538,1.0282377175879212,1.4698114109924063
unknown,turbo4,turbo4,medium,2048,tq,measurements/1253766-track-a1-server-sweep,0.0,128,5069120.0,/projects/F202500010HPCVLABUMINHO/uminhocp006/aded-project-llamacpp/llamacpp-tq/models/Meta-Llama-3.1-8B-Instruct-Q4_K_M.gguf,model-1-mandatory,8,medium_cpu_inference_pipeline,1,measurements/organized_a1_results/arm_server/a1_server_scaling_summary.csv,3,concurrency,24,24,0.9692232649001253,1.008630474829442,3.9814413219961957
unknown,turbo4,turbo4,medium,2048,tq,measurements/1253766-track-a1-server-sweep,0.0,128,5069120.0,/projects/F202500010HPCVLABUMINHO/uminhocp006/aded-project-llamacpp/llamacpp-tq/models/Meta-Llama-3.1-8B-Instruct-Q4_K_M.gguf,model-1-mandatory,8,medium_quant_tradeoff,1,measurements/organized_a1_results/arm_server/a1_server_scaling_summary.csv,3,concurrency,24,24,1.2645538831964298,0.8677734728765691,1.2733388213479582
unknown,turbo4,turbo4,short,2048,tq,measurements/1253766-track-a1-server-sweep,0.0,128,5069120.0,/projects/F202500010HPCVLABUMINHO/uminhocp006/aded-project-llamacpp/llamacpp-tq/models/Meta-Llama-3.1-8B-Instruct-Q4_K_M.gguf,model-1-mandatory,8,mandatory_short_capital_france,1,measurements/organized_a1_results/arm_server/a1_server_scaling_summary.csv,3,concurrency,24,24,0.6094192535837023,1.1379835196114274,3.1124406553378017
unknown,turbo4,turbo4,short,2048,tq,measurements/1253766-track-a1-server-sweep,0.0,128,5069120.0,/projects/F202500010HPCVLABUMINHO/uminhocp006/aded-project-llamacpp/llamacpp-tq/models/Meta-Llama-3.1-8B-Instruct-Q4_K_M.gguf,model-1-mandatory,8,short_cpu_quantisation,1,measurements/organized_a1_results/arm_server/a1_server_scaling_summary.csv,3,concurrency,24,24,0.9688012333310235,1.0171007110918762,2.9685890046627414
unknown,turbo4,turbo4,short,2048,tq,measurements/1253766-track-a1-server-sweep,0.0,128,5069120.0,/projects/F202500010HPCVLABUMINHO/uminhocp006/aded-project-llamacpp/llamacpp-tq/models/Meta-Llama-3.1-8B-Instruct-Q4_K_M.gguf,model-1-mandatory,8,short_threading_definition,1,measurements/organized_a1_results/arm_server/a1_server_scaling_summary.csv,3,concurrency,24,24,0.9852041456997866,1.0049532625826962,2.3382959169975948
unknown,f16,f16,long,2048,vanilla,measurements/1253766-track-a1-server-sweep,1.0,128,5508352.0,/projects/F202500010HPCVLABUMINHO/uminhocp006/aded-project-llamacpp/llamacpp-tq/models/Meta-Llama-3.1-8B-Instruct-Q4_K_M.gguf,model-1-mandatory,1,long_hpc_case_study,1,measurements/organized_a1_results/arm_server/a1_server_scaling_summary.csv,3,concurrency,24,24,7.311758784375141,0.1361920689764308,0.20919073132487634
unknown,f16,f16,long,2048,vanilla,measurements/1253766-track-a1-server-sweep,1.0,128,5508352.0,/projects/F202500010HPCVLABUMINHO/uminhocp006/aded-project-llamacpp/llamacpp-tq/models/Meta-Llama-3.1-8B-Instruct-Q4_K_M.gguf,model-1-mandatory,1,long_memory_bound_reasoning,1,measurements/organized_a1_results/arm_server/a1_server_scaling_summary.csv,3,concurrency,24,24,7.329529241683578,0.13580894495545107,0.2154114473281273
unknown,f16,f16,long,2048,vanilla,measurements/1253766-track-a1-server-sweep,1.0,128,5508352.0,/projects/F202500010HPCVLABUMINHO/uminhocp006/aded-project-llamacpp/llamacpp-tq/models/Meta-Llama-3.1-8B-Instruct-Q4_K_M.gguf,model-1-mandatory,1,mandatory_long_transformer_cpu,1,measurements/organized_a1_results/arm_server/a1_server_scaling_summary.csv,3,concurrency,24,24,7.517020776949924,0.1325432772153415,0.1945869180005199
unknown,f16,f16,medium,2048,vanilla,measurements/1253766-track-a1-server-sweep,1.0,128,5508352.0,/projects/F202500010HPCVLABUMINHO/uminhocp006/aded-project-llamacpp/llamacpp-tq/models/Meta-Llama-3.1-8B-Instruct-Q4_K_M.gguf,model-1-mandatory,1,mandatory_medium_ml_vs_dl,1,measurements/organized_a1_results/arm_server/a1_server_scaling_summary.csv,3,concurrency,24,24,7.682446260374391,0.12981188023886692,0.17481353966286406
unknown,f16,f16,medium,2048,vanilla,measurements/1253766-track-a1-server-sweep,1.0,128,5508352.0,/projects/F202500010HPCVLABUMINHO/uminhocp006/aded-project-llamacpp/llamacpp-tq/models/Meta-Llama-3.1-8B-Instruct-Q4_K_M.gguf,model-1-mandatory,1,medium_cpu_inference_pipeline,1,measurements/organized_a1_results/arm_server/a1_server_scaling_summary.csv,3,concurrency,24,24,7.638872456999523,0.13052168511800843,0.17970564801362343
unknown,f16,f16,medium,2048,vanilla,measurements/1253766-track-a1-server-sweep,1.0,128,5508352.0,/projects/F202500010HPCVLABUMINHO/uminhocp006/aded-project-llamacpp/llamacpp-tq/models/Meta-Llama-3.1-8B-Instruct-Q4_K_M.gguf,model-1-mandatory,1,medium_quant_tradeoff,1,measurements/organized_a1_results/arm_server/a1_server_scaling_summary.csv,3,concurrency,24,24,7.64456881560963,0.1303674555432511,0.1868007720040623
unknown,f16,f16,short,2048,vanilla,measurements/1253766-track-a1-server-sweep,1.0,128,5508352.0,/projects/F202500010HPCVLABUMINHO/uminhocp006/aded-project-llamacpp/llamacpp-tq/models/Meta-Llama-3.1-8B-Instruct-Q4_K_M.gguf,model-1-mandatory,1,mandatory_short_capital_france,1,measurements/organized_a1_results/arm_server/a1_server_scaling_summary.csv,3,concurrency,24,24,3.2265261834482897,0.12878299638881194,1.2677196606722039
unknown,f16,f16,short,2048,vanilla,measurements/1253766-track-a1-server-sweep,0.0,128,5508352.0,/projects/F202500010HPCVLABUMINHO/uminhocp006/aded-project-llamacpp/llamacpp-tq/models/Meta-Llama-3.1-8B-Instruct-Q4_K_M.gguf,model-1-mandatory,1,short_cpu_quantisation,1,measurements/organized_a1_results/arm_server/a1_server_scaling_summary.csv,3,concurrency,24,24,6.373472362949285,0.13010239039377855,3.5597788449861887
unknown,f16,f16,short,2048,vanilla,measurements/1253766-track-a1-server-sweep,1.0,128,5508352.0,/projects/F202500010HPCVLABUMINHO/uminhocp006/aded-project-llamacpp/llamacpp-tq/models/Meta-Llama-3.1-8B-Instruct-Q4_K_M.gguf,model-1-mandatory,1,short_threading_definition,1,measurements/organized_a1_results/arm_server/a1_server_scaling_summary.csv,3,concurrency,24,24,7.684008219674705,0.12991484867459593,0.15833195000110814
unknown,f16,f16,long,2048,vanilla,measurements/1253766-track-a1-server-sweep,0.0,128,5633344.0,/projects/F202500010HPCVLABUMINHO/uminhocp006/aded-project-llamacpp/llamacpp-tq/models/Meta-Llama-3.1-8B-Instruct-Q4_K_M.gguf,model-1-mandatory,16,long_hpc_case_study,1,measurements/organized_a1_results/arm_server/a1_server_scaling_summary.csv,0,concurrency,24,24,,,
unknown,f16,f16,long,2048,vanilla,measurements/1253766-track-a1-server-sweep,0.0,128,5633344.0,/projects/F202500010HPCVLABUMINHO/uminhocp006/aded-project-llamacpp/llamacpp-tq/models/Meta-Llama-3.1-8B-Instruct-Q4_K_M.gguf,model-1-mandatory,16,long_memory_bound_reasoning,1,measurements/organized_a1_results/arm_server/a1_server_scaling_summary.csv,0,concurrency,24,24,,,
unknown,f16,f16,long,2048,vanilla,measurements/1253766-track-a1-server-sweep,0.0,128,5633344.0,/projects/F202500010HPCVLABUMINHO/uminhocp006/aded-project-llamacpp/llamacpp-tq/models/Meta-Llama-3.1-8B-Instruct-Q4_K_M.gguf,model-1-mandatory,16,mandatory_long_transformer_cpu,1,measurements/organized_a1_results/arm_server/a1_server_scaling_summary.csv,3,concurrency,24,24,0.5304495485290712,1.8139294784513396,18.80415818633628
unknown,f16,f16,medium,2048,vanilla,measurements/1253766-track-a1-server-sweep,0.0,128,5633344.0,/projects/F202500010HPCVLABUMINHO/uminhocp006/aded-project-llamacpp/llamacpp-tq/models/Meta-Llama-3.1-8B-Instruct-Q4_K_M.gguf,model-1-mandatory,16,mandatory_medium_ml_vs_dl,1,measurements/organized_a1_results/arm_server/a1_server_scaling_summary.csv,3,concurrency,24,24,0.4751005752622086,1.9887192862913021,18.221457896666834
unknown,f16,f16,medium,2048,vanilla,measurements/1253766-track-a1-server-sweep,0.0,128,5633344.0,/projects/F202500010HPCVLABUMINHO/uminhocp006/aded-project-llamacpp/llamacpp-tq/models/Meta-Llama-3.1-8B-Instruct-Q4_K_M.gguf,model-1-mandatory,16,medium_cpu_inference_pipeline,1,measurements/organized_a1_results/arm_server/a1_server_scaling_summary.csv,3,concurrency,24,24,0.4808359568337911,1.9606606432939806,19.195514264991896
unknown,f16,f16,medium,2048,vanilla,measurements/1253766-track-a1-server-sweep,0.0,128,5633344.0,/projects/F202500010HPCVLABUMINHO/uminhocp006/aded-project-llamacpp/llamacpp-tq/models/Meta-Llama-3.1-8B-Instruct-Q4_K_M.gguf,model-1-mandatory,16,medium_quant_tradeoff,1,measurements/organized_a1_results/arm_server/a1_server_scaling_summary.csv,3,concurrency,24,24,0.6771221568615177,1.640421210698129,18.80472406266684
unknown,f16,f16,short,2048,vanilla,measurements/1253766-track-a1-server-sweep,0.0,128,5633344.0,/projects/F202500010HPCVLABUMINHO/uminhocp006/aded-project-llamacpp/llamacpp-tq/models/Meta-Llama-3.1-8B-Instruct-Q4_K_M.gguf,model-1-mandatory,16,mandatory_short_capital_france,1,measurements/organized_a1_results/arm_server/a1_server_scaling_summary.csv,3,concurrency,24,24,0.17824255251680166,4.257365246165945,12.33689983166793
unknown,f16,f16,short,2048,vanilla,measurements/1253766-track-a1-server-sweep,0.0,128,5633344.0,/projects/F202500010HPCVLABUMINHO/uminhocp006/aded-project-llamacpp/llamacpp-tq/models/Meta-Llama-3.1-8B-Instruct-Q4_K_M.gguf,model-1-mandatory,16,short_cpu_quantisation,1,measurements/organized_a1_results/arm_server/a1_server_scaling_summary.csv,3,concurrency,24,24,0.4628708768694518,2.0231475360813613,19.974260586003464
unknown,f16,f16,short,2048,vanilla,measurements/1253766-track-a1-server-sweep,0.0,128,5633344.0,/projects/F202500010HPCVLABUMINHO/uminhocp006/aded-project-llamacpp/llamacpp-tq/models/Meta-Llama-3.1-8B-Instruct-Q4_K_M.gguf,model-1-mandatory,16,short_threading_definition,1,measurements/organized_a1_results/arm_server/a1_server_scaling_summary.csv,3,concurrency,24,24,0.4742582097666612,1.9981577232073817,17.41753481266399
unknown,f16,f16,long,2048,vanilla,measurements/1253766-track-a1-server-sweep,0.0,128,5491392.0,/projects/F202500010HPCVLABUMINHO/uminhocp006/aded-project-llamacpp/llamacpp-tq/models/Meta-Llama-3.1-8B-Instruct-Q4_K_M.gguf,model-1-mandatory,2,long_hpc_case_study,1,measurements/organized_a1_results/arm_server/a1_server_scaling_summary.csv,3,concurrency,24,24,3.8764300549057578,0.2565535223071025,0.43724954933471355
unknown,f16,f16,long,2048,vanilla,measurements/1253766-track-a1-server-sweep,0.0,128,5491392.0,/projects/F202500010HPCVLABUMINHO/uminhocp006/aded-project-llamacpp/llamacpp-tq/models/Meta-Llama-3.1-8B-Instruct-Q4_K_M.gguf,model-1-mandatory,2,long_memory_bound_reasoning,1,measurements/organized_a1_results/arm_server/a1_server_scaling_summary.csv,3,concurrency,24,24,3.877396815811921,0.256588531506576,0.4468551486594758
unknown,f16,f16,long,2048,vanilla,measurements/1253766-track-a1-server-sweep,0.0,128,5491392.0,/projects/F202500010HPCVLABUMINHO/uminhocp006/aded-project-llamacpp/llamacpp-tq/models/Meta-Llama-3.1-8B-Instruct-Q4_K_M.gguf,model-1-mandatory,2,mandatory_long_transformer_cpu,1,measurements/organized_a1_results/arm_server/a1_server_scaling_summary.csv,3,concurrency,24,24,3.9946806037679923,0.24900760507611974,0.4179892213239024
unknown,f16,f16,medium,2048,vanilla,measurements/1253766-track-a1-server-sweep,0.0,128,5491392.0,/projects/F202500010HPCVLABUMINHO/uminhocp006/aded-project-llamacpp/llamacpp-tq/models/Meta-Llama-3.1-8B-Instruct-Q4_K_M.gguf,model-1-mandatory,2,mandatory_medium_ml_vs_dl,1,measurements/organized_a1_results/arm_server/a1_server_scaling_summary.csv,3,concurrency,24,24,4.066709272136333,0.24484961074006956,0.37868366300244816
unknown,f16,f16,medium,2048,vanilla,measurements/1253766-track-a1-server-sweep,0.0,128,5491392.0,/projects/F202500010HPCVLABUMINHO/uminhocp006/aded-project-llamacpp/llamacpp-tq/models/Meta-Llama-3.1-8B-Instruct-Q4_K_M.gguf,model-1-mandatory,2,medium_cpu_inference_pipeline,1,measurements/organized_a1_results/arm_server/a1_server_scaling_summary.csv,3,concurrency,24,24,4.06467035953861,0.2449787966483071,0.37744677933126997
unknown,f16,f16,medium,2048,vanilla,measurements/1253766-track-a1-server-sweep,0.0,128,5491392.0,/projects/F202500010HPCVLABUMINHO/uminhocp006/aded-project-llamacpp/llamacpp-tq/models/Meta-Llama-3.1-8B-Instruct-Q4_K_M.gguf,model-1-mandatory,2,medium_quant_tradeoff,1,measurements/organized_a1_results/arm_server/a1_server_scaling_summary.csv,3,concurrency,24,24,4.003527522297259,0.24858624874287238,0.4003229843316755
unknown,f16,f16,short,2048,vanilla,measurements/1253766-track-a1-server-sweep,0.0,128,5491392.0,/projects/F202500010HPCVLABUMINHO/uminhocp006/aded-project-llamacpp/llamacpp-tq/models/Meta-Llama-3.1-8B-Instruct-Q4_K_M.gguf,model-1-mandatory,2,mandatory_short_capital_france,1,measurements/organized_a1_results/arm_server/a1_server_scaling_summary.csv,3,concurrency,24,24,2.173445280673215,0.246327642833219,1.496882016993671
unknown,f16,f16,short,2048,vanilla,measurements/1253766-track-a1-server-sweep,0.0,128,5491392.0,/projects/F202500010HPCVLABUMINHO/uminhocp006/aded-project-llamacpp/llamacpp-tq/models/Meta-Llama-3.1-8B-Instruct-Q4_K_M.gguf,model-1-mandatory,2,short_cpu_quantisation,1,measurements/organized_a1_results/arm_server/a1_server_scaling_summary.csv,3,concurrency,24,24,3.680256778250156,0.25828426682941485,1.984071063013592
unknown,f16,f16,short,2048,vanilla,measurements/1253766-track-a1-server-sweep,0.0,128,5491392.0,/projects/F202500010HPCVLABUMINHO/uminhocp006/aded-project-llamacpp/llamacpp-tq/models/Meta-Llama-3.1-8B-Instruct-Q4_K_M.gguf,model-1-mandatory,2,short_threading_definition,1,measurements/organized_a1_results/arm_server/a1_server_scaling_summary.csv,3,concurrency,24,24,3.755375782869894,0.24438954389234271,3.045872758666519
unknown,f16,f16,long,2048,vanilla,measurements/1253766-track-a1-server-sweep,0.0,128,5487936.0,/projects/F202500010HPCVLABUMINHO/uminhocp006/aded-project-llamacpp/llamacpp-tq/models/Meta-Llama-3.1-8B-Instruct-Q4_K_M.gguf,model-1-mandatory,4,long_hpc_case_study,1,measurements/organized_a1_results/arm_server/a1_server_scaling_summary.csv,3,concurrency,24,24,2.018433080151394,0.49345682445669725,0.7564140520019768
unknown,f16,f16,long,2048,vanilla,measurements/1253766-track-a1-server-sweep,0.0,128,5487936.0,/projects/F202500010HPCVLABUMINHO/uminhocp006/aded-project-llamacpp/llamacpp-tq/models/Meta-Llama-3.1-8B-Instruct-Q4_K_M.gguf,model-1-mandatory,4,long_memory_bound_reasoning,1,measurements/organized_a1_results/arm_server/a1_server_scaling_summary.csv,3,concurrency,24,24,2.0071166758750367,0.4959623785092119,0.8006963803297064
unknown,f16,f16,long,2048,vanilla,measurements/1253766-track-a1-server-sweep,0.0,128,5487936.0,/projects/F202500010HPCVLABUMINHO/uminhocp006/aded-project-llamacpp/llamacpp-tq/models/Meta-Llama-3.1-8B-Instruct-Q4_K_M.gguf,model-1-mandatory,4,mandatory_long_transformer_cpu,1,measurements/organized_a1_results/arm_server/a1_server_scaling_summary.csv,3,concurrency,24,24,2.0317832151523065,0.49010301241208126,0.7577291666724099
unknown,f16,f16,medium,2048,vanilla,measurements/1253766-track-a1-server-sweep,0.0,128,5487936.0,/projects/F202500010HPCVLABUMINHO/uminhocp006/aded-project-llamacpp/llamacpp-tq/models/Meta-Llama-3.1-8B-Instruct-Q4_K_M.gguf,model-1-mandatory,4,mandatory_medium_ml_vs_dl,1,measurements/organized_a1_results/arm_server/a1_server_scaling_summary.csv,3,concurrency,24,24,1.855235594228311,0.49337661125459786,6.3376011809935635
unknown,f16,f16,medium,2048,vanilla,measurements/1253766-track-a1-server-sweep,0.0,128,5487936.0,/projects/F202500010HPCVLABUMINHO/uminhocp006/aded-project-llamacpp/llamacpp-tq/models/Meta-Llama-3.1-8B-Instruct-Q4_K_M.gguf,model-1-mandatory,4,medium_cpu_inference_pipeline,1,measurements/organized_a1_results/arm_server/a1_server_scaling_summary.csv,3,concurrency,24,24,1.8624343169318496,0.47282312258257925,8.677222182013793
unknown,f16,f16,medium,2048,vanilla,measurements/1253766-track-a1-server-sweep,0.0,128,5487936.0,/projects/F202500010HPCVLABUMINHO/uminhocp006/aded-project-llamacpp/llamacpp-tq/models/Meta-Llama-3.1-8B-Instruct-Q4_K_M.gguf,model-1-mandatory,4,medium_quant_tradeoff,1,measurements/organized_a1_results/arm_server/a1_server_scaling_summary.csv,3,concurrency,24,24,2.022690932419076,0.491885010524912,0.8122905010047058
unknown,f16,f16,short,2048,vanilla,measurements/1253766-track-a1-server-sweep,0.0,128,5487936.0,/projects/F202500010HPCVLABUMINHO/uminhocp006/aded-project-llamacpp/llamacpp-tq/models/Meta-Llama-3.1-8B-Instruct-Q4_K_M.gguf,model-1-mandatory,4,mandatory_short_capital_france,1,measurements/organized_a1_results/arm_server/a1_server_scaling_summary.csv,3,concurrency,24,24,1.3371955141036242,0.48791032249896993,1.8227062763374609
unknown,f16,f16,short,2048,vanilla,measurements/1253766-track-a1-server-sweep,0.0,128,5487936.0,/projects/F202500010HPCVLABUMINHO/uminhocp006/aded-project-llamacpp/llamacpp-tq/models/Meta-Llama-3.1-8B-Instruct-Q4_K_M.gguf,model-1-mandatory,4,short_cpu_quantisation,1,measurements/organized_a1_results/arm_server/a1_server_scaling_summary.csv,3,concurrency,24,24,1.834260471734891,0.5351187097034118,1.8223123366769869
unknown,f16,f16,short,2048,vanilla,measurements/1253766-track-a1-server-sweep,0.0,128,5487936.0,/projects/F202500010HPCVLABUMINHO/uminhocp006/aded-project-llamacpp/llamacpp-tq/models/Meta-Llama-3.1-8B-Instruct-Q4_K_M.gguf,model-1-mandatory,4,short_threading_definition,1,measurements/organized_a1_results/arm_server/a1_server_scaling_summary.csv,3,concurrency,24,24,1.844849983799254,0.5144469588057698,4.04961130033674
unknown,f16,f16,long,2048,vanilla,measurements/1253766-track-a1-server-sweep,0.0,128,5362688.0,/projects/F202500010HPCVLABUMINHO/uminhocp006/aded-project-llamacpp/llamacpp-tq/models/Meta-Llama-3.1-8B-Instruct-Q4_K_M.gguf,model-1-mandatory,8,long_hpc_case_study,1,measurements/organized_a1_results/arm_server/a1_server_scaling_summary.csv,0,concurrency,24,24,,,
unknown,f16,f16,long,2048,vanilla,measurements/1253766-track-a1-server-sweep,0.0,128,5362688.0,/projects/F202500010HPCVLABUMINHO/uminhocp006/aded-project-llamacpp/llamacpp-tq/models/Meta-Llama-3.1-8B-Instruct-Q4_K_M.gguf,model-1-mandatory,8,long_memory_bound_reasoning,1,measurements/organized_a1_results/arm_server/a1_server_scaling_summary.csv,0,concurrency,24,24,,,
unknown,f16,f16,long,2048,vanilla,measurements/1253766-track-a1-server-sweep,0.0,128,5362688.0,/projects/F202500010HPCVLABUMINHO/uminhocp006/aded-project-llamacpp/llamacpp-tq/models/Meta-Llama-3.1-8B-Instruct-Q4_K_M.gguf,model-1-mandatory,8,mandatory_long_transformer_cpu,1,measurements/organized_a1_results/arm_server/a1_server_scaling_summary.csv,3,concurrency,24,24,1.1099350182375487,0.9262913763880453,1.236055986674425
unknown,f16,f16,medium,2048,vanilla,measurements/1253766-track-a1-server-sweep,0.0,128,5362688.0,/projects/F202500010HPCVLABUMINHO/uminhocp006/aded-project-llamacpp/llamacpp-tq/models/Meta-Llama-3.1-8B-Instruct-Q4_K_M.gguf,model-1-mandatory,8,mandatory_medium_ml_vs_dl,1,measurements/organized_a1_results/arm_server/a1_server_scaling_summary.csv,3,concurrency,24,24,1.0134566952910833,0.9831414299449037,1.4612269926680408
unknown,f16,f16,medium,2048,vanilla,measurements/1253766-track-a1-server-sweep,0.0,128,5362688.0,/projects/F202500010HPCVLABUMINHO/uminhocp006/aded-project-llamacpp/llamacpp-tq/models/Meta-Llama-3.1-8B-Instruct-Q4_K_M.gguf,model-1-mandatory,8,medium_cpu_inference_pipeline,1,measurements/organized_a1_results/arm_server/a1_server_scaling_summary.csv,3,concurrency,24,24,1.0144933166594894,0.9629104692310008,3.9079805979854427
unknown,f16,f16,medium,2048,vanilla,measurements/1253766-track-a1-server-sweep,0.0,128,5362688.0,/projects/F202500010HPCVLABUMINHO/uminhocp006/aded-project-llamacpp/llamacpp-tq/models/Meta-Llama-3.1-8B-Instruct-Q4_K_M.gguf,model-1-mandatory,8,medium_quant_tradeoff,1,measurements/organized_a1_results/arm_server/a1_server_scaling_summary.csv,3,concurrency,24,24,1.3448442503159415,0.8253123238688858,1.2369917836622335
unknown,f16,f16,short,2048,vanilla,measurements/1253766-track-a1-server-sweep,0.0,128,5362688.0,/projects/F202500010HPCVLABUMINHO/uminhocp006/aded-project-llamacpp/llamacpp-tq/models/Meta-Llama-3.1-8B-Instruct-Q4_K_M.gguf,model-1-mandatory,8,mandatory_short_capital_france,1,measurements/organized_a1_results/arm_server/a1_server_scaling_summary.csv,3,concurrency,24,24,0.615856193877339,1.1276340885007003,3.1058690786691536
unknown,f16,f16,short,2048,vanilla,measurements/1253766-track-a1-server-sweep,0.0,128,5362688.0,/projects/F202500010HPCVLABUMINHO/uminhocp006/aded-project-llamacpp/llamacpp-tq/models/Meta-Llama-3.1-8B-Instruct-Q4_K_M.gguf,model-1-mandatory,8,short_cpu_quantisation,1,measurements/organized_a1_results/arm_server/a1_server_scaling_summary.csv,3,concurrency,24,24,1.0089497906413893,0.9758110166325056,2.9461719883353603
unknown,f16,f16,short,2048,vanilla,measurements/1253766-track-a1-server-sweep,0.0,128,5362688.0,/projects/F202500010HPCVLABUMINHO/uminhocp006/aded-project-llamacpp/llamacpp-tq/models/Meta-Llama-3.1-8B-Instruct-Q4_K_M.gguf,model-1-mandatory,8,short_threading_definition,1,measurements/organized_a1_results/arm_server/a1_server_scaling_summary.csv,3,concurrency,24,24,1.0274904096692208,0.9629255662860289,2.3303302336620013
unknown,turbo3,turbo3,long,1024,tq,measurements/1253766-track-a1-server-sweep,1.0,128,5029696.0,/projects/F202500010HPCVLABUMINHO/uminhocp006/aded-project-llamacpp/llamacpp-tq/models/Meta-Llama-3.1-8B-Instruct-Q4_K_M.gguf,model-1-mandatory,1,long_hpc_case_study,1,measurements/organized_a1_results/arm_server/a1_server_scaling_summary.csv,3,context-length,24,24,5.375849954067281,0.18590244988193114,0.20012575265718624
unknown,turbo3,turbo3,long,1024,tq,measurements/1253766-track-a1-server-sweep,1.0,128,5029696.0,/projects/F202500010HPCVLABUMINHO/uminhocp006/aded-project-llamacpp/llamacpp-tq/models/Meta-Llama-3.1-8B-Instruct-Q4_K_M.gguf,model-1-mandatory,1,long_memory_bound_reasoning,1,measurements/organized_a1_results/arm_server/a1_server_scaling_summary.csv,3,context-length,24,24,5.63119039477827,0.17746124816267064,0.19253938900268017
unknown,turbo3,turbo3,long,1024,tq,measurements/1253766-track-a1-server-sweep,1.0,128,5029696.0,/projects/F202500010HPCVLABUMINHO/uminhocp006/aded-project-llamacpp/llamacpp-tq/models/Meta-Llama-3.1-8B-Instruct-Q4_K_M.gguf,model-1-mandatory,1,mandatory_long_transformer_cpu,1,measurements/organized_a1_results/arm_server/a1_server_scaling_summary.csv,3,context-length,24,24,6.153441244537929,0.16241449786620848,0.17434528500113325
unknown,turbo3,turbo3,medium,1024,tq,measurements/1253766-track-a1-server-sweep,1.0,128,5029696.0,/projects/F202500010HPCVLABUMINHO/uminhocp006/aded-project-llamacpp/llamacpp-tq/models/Meta-Llama-3.1-8B-Instruct-Q4_K_M.gguf,model-1-mandatory,1,mandatory_medium_ml_vs_dl,1,measurements/organized_a1_results/arm_server/a1_server_scaling_summary.csv,3,context-length,24,24,7.04443880281298,0.1418725677506645,0.15217382466653362
unknown,turbo3,turbo3,medium,1024,tq,measurements/1253766-track-a1-server-sweep,1.0,128,5029696.0,/projects/F202500010HPCVLABUMINHO/uminhocp006/aded-project-llamacpp/llamacpp-tq/models/Meta-Llama-3.1-8B-Instruct-Q4_K_M.gguf,model-1-mandatory,1,medium_cpu_inference_pipeline,1,measurements/organized_a1_results/arm_server/a1_server_scaling_summary.csv,3,context-length,24,24,6.575561280695084,0.15199481398420253,0.16226627267315052
unknown,turbo3,turbo3,medium,1024,tq,measurements/1253766-track-a1-server-sweep,1.0,128,5029696.0,/projects/F202500010HPCVLABUMINHO/uminhocp006/aded-project-llamacpp/llamacpp-tq/models/Meta-Llama-3.1-8B-Instruct-Q4_K_M.gguf,model-1-mandatory,1,medium_quant_tradeoff,1,measurements/organized_a1_results/arm_server/a1_server_scaling_summary.csv,3,context-length,24,24,6.668415916064163,0.14987953327042527,0.15983562065715282
unknown,turbo3,turbo3,short,1024,tq,measurements/1253766-track-a1-server-sweep,1.0,128,5029696.0,/projects/F202500010HPCVLABUMINHO/uminhocp006/aded-project-llamacpp/llamacpp-tq/models/Meta-Llama-3.1-8B-Instruct-Q4_K_M.gguf,model-1-mandatory,1,mandatory_short_capital_france,1,measurements/organized_a1_results/arm_server/a1_server_scaling_summary.csv,3,context-length,24,24,3.2441353242585627,0.12965576066603213,1.2493821670068428
unknown,turbo3,turbo3,short,1024,tq,measurements/1253766-track-a1-server-sweep,0.0,128,5029696.0,/projects/F202500010HPCVLABUMINHO/uminhocp006/aded-project-llamacpp/llamacpp-tq/models/Meta-Llama-3.1-8B-Instruct-Q4_K_M.gguf,model-1-mandatory,1,short_cpu_quantisation,1,measurements/organized_a1_results/arm_server/a1_server_scaling_summary.csv,3,context-length,24,24,5.848538180917183,0.14360436698685528,3.6476309776674802
unknown,turbo3,turbo3,short,1024,tq,measurements/1253766-track-a1-server-sweep,1.0,128,5029696.0,/projects/F202500010HPCVLABUMINHO/uminhocp006/aded-project-llamacpp/llamacpp-tq/models/Meta-Llama-3.1-8B-Instruct-Q4_K_M.gguf,model-1-mandatory,1,short_threading_definition,1,measurements/organized_a1_results/arm_server/a1_server_scaling_summary.csv,3,context-length,24,24,7.01875539370682,0.14239996944099184,0.15167972399891974
unknown,turbo4,turbo4,long,1024,tq,measurements/1253766-track-a1-server-sweep,1.0,128,5068096.0,/projects/F202500010HPCVLABUMINHO/uminhocp006/aded-project-llamacpp/llamacpp-tq/models/Meta-Llama-3.1-8B-Instruct-Q4_K_M.gguf,model-1-mandatory,1,long_hpc_case_study,1,measurements/organized_a1_results/arm_server/a1_server_scaling_summary.csv,3,context-length,24,24,5.877833947745824,0.16998616701581398,0.18824705932638608
unknown,turbo4,turbo4,long,1024,tq,measurements/1253766-track-a1-server-sweep,1.0,128,5068096.0,/projects/F202500010HPCVLABUMINHO/uminhocp006/aded-project-llamacpp/llamacpp-tq/models/Meta-Llama-3.1-8B-Instruct-Q4_K_M.gguf,model-1-mandatory,1,long_memory_bound_reasoning,1,measurements/organized_a1_results/arm_server/a1_server_scaling_summary.csv,3,context-length,24,24,6.087317948899327,0.16412548763789617,0.1829654143366497
unknown,turbo4,turbo4,long,1024,tq,measurements/1253766-track-a1-server-sweep,1.0,128,5068096.0,/projects/F202500010HPCVLABUMINHO/uminhocp006/aded-project-llamacpp/llamacpp-tq/models/Meta-Llama-3.1-8B-Instruct-Q4_K_M.gguf,model-1-mandatory,1,mandatory_long_transformer_cpu,1,measurements/organized_a1_results/arm_server/a1_server_scaling_summary.csv,3,context-length,24,24,6.560404141429941,0.15231640040154906,0.16637994066695683
unknown,turbo4,turbo4,medium,1024,tq,measurements/1253766-track-a1-server-sweep,1.0,128,5068096.0,/projects/F202500010HPCVLABUMINHO/uminhocp006/aded-project-llamacpp/llamacpp-tq/models/Meta-Llama-3.1-8B-Instruct-Q4_K_M.gguf,model-1-mandatory,1,mandatory_medium_ml_vs_dl,1,measurements/organized_a1_results/arm_server/a1_server_scaling_summary.csv,3,context-length,24,24,7.305169536521931,0.13677662113133582,0.1507597389863804
unknown,turbo4,turbo4,medium,1024,tq,measurements/1253766-track-a1-server-sweep,1.0,128,5068096.0,/projects/F202500010HPCVLABUMINHO/uminhocp006/aded-project-llamacpp/llamacpp-tq/models/Meta-Llama-3.1-8B-Instruct-Q4_K_M.gguf,model-1-mandatory,1,medium_cpu_inference_pipeline,1,measurements/organized_a1_results/arm_server/a1_server_scaling_summary.csv,3,context-length,24,24,6.941852286386475,0.14394155004191006,0.15787272332818247
unknown,turbo4,turbo4,medium,1024,tq,measurements/1253766-track-a1-server-sweep,1.0,128,5068096.0,/projects/F202500010HPCVLABUMINHO/uminhocp006/aded-project-llamacpp/llamacpp-tq/models/Meta-Llama-3.1-8B-Instruct-Q4_K_M.gguf,model-1-mandatory,1,medium_quant_tradeoff,1,measurements/organized_a1_results/arm_server/a1_server_scaling_summary.csv,3,context-length,24,24,7.0195483140417565,0.14234475945399064,0.15656678300001658
unknown,turbo4,turbo4,short,1024,tq,measurements/1253766-track-a1-server-sweep,1.0,128,5068096.0,/projects/F202500010HPCVLABUMINHO/uminhocp006/aded-project-llamacpp/llamacpp-tq/models/Meta-Llama-3.1-8B-Instruct-Q4_K_M.gguf,model-1-mandatory,1,mandatory_short_capital_france,1,measurements/organized_a1_results/arm_server/a1_server_scaling_summary.csv,3,context-length,24,24,3.2770008272062414,0.12851549261217265,1.2358447969988144
unknown,turbo4,turbo4,short,1024,tq,measurements/1253766-track-a1-server-sweep,0.0,128,5068096.0,/projects/F202500010HPCVLABUMINHO/uminhocp006/aded-project-llamacpp/llamacpp-tq/models/Meta-Llama-3.1-8B-Instruct-Q4_K_M.gguf,model-1-mandatory,1,short_cpu_quantisation,1,measurements/organized_a1_results/arm_server/a1_server_scaling_summary.csv,3,context-length,24,24,6.05902758029362,0.13810436840684293,3.5858204986628457
unknown,turbo4,turbo4,short,1024,tq,measurements/1253766-track-a1-server-sweep,1.0,128,5068096.0,/projects/F202500010HPCVLABUMINHO/uminhocp006/aded-project-llamacpp/llamacpp-tq/models/Meta-Llama-3.1-8B-Instruct-Q4_K_M.gguf,model-1-mandatory,1,short_threading_definition,1,measurements/organized_a1_results/arm_server/a1_server_scaling_summary.csv,3,context-length,24,24,7.280135981222264,0.13725707092127773,0.14999182400060818
unknown,turbo3,turbo3,long,2048,tq,measurements/1253766-track-a1-server-sweep,1.0,128,5058880.0,/projects/F202500010HPCVLABUMINHO/uminhocp006/aded-project-llamacpp/llamacpp-tq/models/Meta-Llama-3.1-8B-Instruct-Q4_K_M.gguf,model-1-mandatory,1,long_hpc_case_study,1,measurements/organized_a1_results/arm_server/a1_server_scaling_summary.csv,3,context-length,24,24,5.3422109692973105,0.1870765556220614,0.20103001766256057
unknown,turbo3,turbo3,long,2048,tq,measurements/1253766-track-a1-server-sweep,1.0,128,5058880.0,/projects/F202500010HPCVLABUMINHO/uminhocp006/aded-project-llamacpp/llamacpp-tq/models/Meta-Llama-3.1-8B-Instruct-Q4_K_M.gguf,model-1-mandatory,1,long_memory_bound_reasoning,1,measurements/organized_a1_results/arm_server/a1_server_scaling_summary.csv,3,context-length,24,24,5.597951120068225,0.17851529904721267,0.1936881173363266
unknown,turbo3,turbo3,long,2048,tq,measurements/1253766-track-a1-server-sweep,1.0,128,5058880.0,/projects/F202500010HPCVLABUMINHO/uminhocp006/aded-project-llamacpp/llamacpp-tq/models/Meta-Llama-3.1-8B-Instruct-Q4_K_M.gguf,model-1-mandatory,1,mandatory_long_transformer_cpu,1,measurements/organized_a1_results/arm_server/a1_server_scaling_summary.csv,3,context-length,24,24,6.116643438645096,0.16339016224667394,0.17557220099843107
unknown,turbo3,turbo3,medium,2048,tq,measurements/1253766-track-a1-server-sweep,1.0,128,5058880.0,/projects/F202500010HPCVLABUMINHO/uminhocp006/aded-project-llamacpp/llamacpp-tq/models/Meta-Llama-3.1-8B-Instruct-Q4_K_M.gguf,model-1-mandatory,1,mandatory_medium_ml_vs_dl,1,measurements/organized_a1_results/arm_server/a1_server_scaling_summary.csv,3,context-length,24,24,6.982361678668551,0.1431339715485702,0.15343925665365532
unknown,turbo3,turbo3,medium,2048,tq,measurements/1253766-track-a1-server-sweep,1.0,128,5058880.0,/projects/F202500010HPCVLABUMINHO/uminhocp006/aded-project-llamacpp/llamacpp-tq/models/Meta-Llama-3.1-8B-Instruct-Q4_K_M.gguf,model-1-mandatory,1,medium_cpu_inference_pipeline,1,measurements/organized_a1_results/arm_server/a1_server_scaling_summary.csv,3,context-length,24,24,6.528398050324058,0.1530956179921068,0.16309495766957602
unknown,turbo3,turbo3,medium,2048,tq,measurements/1253766-track-a1-server-sweep,1.0,128,5058880.0,/projects/F202500010HPCVLABUMINHO/uminhocp006/aded-project-llamacpp/llamacpp-tq/models/Meta-Llama-3.1-8B-Instruct-Q4_K_M.gguf,model-1-mandatory,1,medium_quant_tradeoff,1,measurements/organized_a1_results/arm_server/a1_server_scaling_summary.csv,3,context-length,24,24,6.624195213608516,0.15087762836214422,0.16124346699992506
unknown,turbo3,turbo3,short,2048,tq,measurements/1253766-track-a1-server-sweep,1.0,128,5058880.0,/projects/F202500010HPCVLABUMINHO/uminhocp006/aded-project-llamacpp/llamacpp-tq/models/Meta-Llama-3.1-8B-Instruct-Q4_K_M.gguf,model-1-mandatory,1,mandatory_short_capital_france,1,measurements/organized_a1_results/arm_server/a1_server_scaling_summary.csv,3,context-length,24,24,3.228184338745379,0.13109672710965645,1.249976982343166
unknown,turbo3,turbo3,short,2048,tq,measurements/1253766-track-a1-server-sweep,0.0,128,5058880.0,/projects/F202500010HPCVLABUMINHO/uminhocp006/aded-project-llamacpp/llamacpp-tq/models/Meta-Llama-3.1-8B-Instruct-Q4_K_M.gguf,model-1-mandatory,1,short_cpu_quantisation,1,measurements/organized_a1_results/arm_server/a1_server_scaling_summary.csv,3,context-length,24,24,5.797992244391482,0.14509257886614077,3.649399955679352
unknown,turbo3,turbo3,short,2048,tq,measurements/1253766-track-a1-server-sweep,1.0,128,5058880.0,/projects/F202500010HPCVLABUMINHO/uminhocp006/aded-project-llamacpp/llamacpp-tq/models/Meta-Llama-3.1-8B-Instruct-Q4_K_M.gguf,model-1-mandatory,1,short_threading_definition,1,measurements/organized_a1_results/arm_server/a1_server_scaling_summary.csv,3,context-length,24,24,6.95854573815022,0.14363090002364198,0.15309180633630604
unknown,turbo4,turbo4,long,2048,tq,measurements/1253766-track-a1-server-sweep,1.0,128,5102848.0,/projects/F202500010HPCVLABUMINHO/uminhocp006/aded-project-llamacpp/llamacpp-tq/models/Meta-Llama-3.1-8B-Instruct-Q4_K_M.gguf,model-1-mandatory,1,long_hpc_case_study,1,measurements/organized_a1_results/arm_server/a1_server_scaling_summary.csv,3,context-length,24,24,5.808795178463429,0.17200868278477532,0.19008326500382586
unknown,turbo4,turbo4,long,2048,tq,measurements/1253766-track-a1-server-sweep,1.0,128,5102848.0,/projects/F202500010HPCVLABUMINHO/uminhocp006/aded-project-llamacpp/llamacpp-tq/models/Meta-Llama-3.1-8B-Instruct-Q4_K_M.gguf,model-1-mandatory,1,long_memory_bound_reasoning,1,measurements/organized_a1_results/arm_server/a1_server_scaling_summary.csv,3,context-length,24,24,6.042129926619865,0.16535560145148864,0.18402045100810938
unknown,turbo4,turbo4,long,2048,tq,measurements/1253766-track-a1-server-sweep,1.0,128,5102848.0,/projects/F202500010HPCVLABUMINHO/uminhocp006/aded-project-llamacpp/llamacpp-tq/models/Meta-Llama-3.1-8B-Instruct-Q4_K_M.gguf,model-1-mandatory,1,mandatory_long_transformer_cpu,1,measurements/organized_a1_results/arm_server/a1_server_scaling_summary.csv,3,context-length,24,24,6.479196501148917,0.15422925928091505,0.16816587899423516
unknown,turbo4,turbo4,medium,2048,tq,measurements/1253766-track-a1-server-sweep,1.0,128,5102848.0,/projects/F202500010HPCVLABUMINHO/uminhocp006/aded-project-llamacpp/llamacpp-tq/models/Meta-Llama-3.1-8B-Instruct-Q4_K_M.gguf,model-1-mandatory,1,mandatory_medium_ml_vs_dl,1,measurements/organized_a1_results/arm_server/a1_server_scaling_summary.csv,3,context-length,24,24,7.225422841473241,0.1382857419343713,0.15251878366689198
unknown,turbo4,turbo4,medium,2048,tq,measurements/1253766-track-a1-server-sweep,1.0,128,5102848.0,/projects/F202500010HPCVLABUMINHO/uminhocp006/aded-project-llamacpp/llamacpp-tq/models/Meta-Llama-3.1-8B-Instruct-Q4_K_M.gguf,model-1-mandatory,1,medium_cpu_inference_pipeline,1,measurements/organized_a1_results/arm_server/a1_server_scaling_summary.csv,3,context-length,24,24,6.8655047130190985,0.14554616672179682,0.1591693373338785
unknown,turbo4,turbo4,medium,2048,tq,measurements/1253766-track-a1-server-sweep,1.0,128,5102848.0,/projects/F202500010HPCVLABUMINHO/uminhocp006/aded-project-llamacpp/llamacpp-tq/models/Meta-Llama-3.1-8B-Instruct-Q4_K_M.gguf,model-1-mandatory,1,medium_quant_tradeoff,1,measurements/organized_a1_results/arm_server/a1_server_scaling_summary.csv,3,context-length,24,24,6.937152545770487,0.14403965927827297,0.15797520632622764
unknown,turbo4,turbo4,short,2048,tq,measurements/1253766-track-a1-server-sweep,1.0,128,5102848.0,/projects/F202500010HPCVLABUMINHO/uminhocp006/aded-project-llamacpp/llamacpp-tq/models/Meta-Llama-3.1-8B-Instruct-Q4_K_M.gguf,model-1-mandatory,1,mandatory_short_capital_france,1,measurements/organized_a1_results/arm_server/a1_server_scaling_summary.csv,3,context-length,24,24,3.2596515776572277,0.12997463066615939,1.23675194500053
unknown,turbo4,turbo4,short,2048,tq,measurements/1253766-track-a1-server-sweep,0.0,128,5102848.0,/projects/F202500010HPCVLABUMINHO/uminhocp006/aded-project-llamacpp/llamacpp-tq/models/Meta-Llama-3.1-8B-Instruct-Q4_K_M.gguf,model-1-mandatory,1,short_cpu_quantisation,1,measurements/organized_a1_results/arm_server/a1_server_scaling_summary.csv,3,context-length,24,24,6.000043218317133,0.13973155917842406,3.5868225940018115
unknown,turbo4,turbo4,short,2048,tq,measurements/1253766-track-a1-server-sweep,1.0,128,5102848.0,/projects/F202500010HPCVLABUMINHO/uminhocp006/aded-project-llamacpp/llamacpp-tq/models/Meta-Llama-3.1-8B-Instruct-Q4_K_M.gguf,model-1-mandatory,1,short_threading_definition,1,measurements/organized_a1_results/arm_server/a1_server_scaling_summary.csv,3,context-length,24,24,7.201204428758346,0.13876192504456059,0.15160861933448663
unknown,turbo3,turbo3,long,4096,tq,measurements/1253766-track-a1-server-sweep,1.0,128,5099520.0,/projects/F202500010HPCVLABUMINHO/uminhocp006/aded-project-llamacpp/llamacpp-tq/models/Meta-Llama-3.1-8B-Instruct-Q4_K_M.gguf,model-1-mandatory,1,long_hpc_case_study,1,measurements/organized_a1_results/arm_server/a1_server_scaling_summary.csv,3,context-length,24,24,5.3277571297564,0.18758276696848175,0.201681654000519
unknown,turbo3,turbo3,long,4096,tq,measurements/1253766-track-a1-server-sweep,1.0,128,5099520.0,/projects/F202500010HPCVLABUMINHO/uminhocp006/aded-project-llamacpp/llamacpp-tq/models/Meta-Llama-3.1-8B-Instruct-Q4_K_M.gguf,model-1-mandatory,1,long_memory_bound_reasoning,1,measurements/organized_a1_results/arm_server/a1_server_scaling_summary.csv,3,context-length,24,24,5.598899213057541,0.1784905983202173,0.19295015433211424
unknown,turbo3,turbo3,long,4096,tq,measurements/1253766-track-a1-server-sweep,1.0,128,5099520.0,/projects/F202500010HPCVLABUMINHO/uminhocp006/aded-project-llamacpp/llamacpp-tq/models/Meta-Llama-3.1-8B-Instruct-Q4_K_M.gguf,model-1-mandatory,1,mandatory_long_transformer_cpu,1,measurements/organized_a1_results/arm_server/a1_server_scaling_summary.csv,3,context-length,24,24,6.104899093566165,0.16370722803150015,0.175549718333059
unknown,turbo3,turbo3,medium,4096,tq,measurements/1253766-track-a1-server-sweep,1.0,128,5099520.0,/projects/F202500010HPCVLABUMINHO/uminhocp006/aded-project-llamacpp/llamacpp-tq/models/Meta-Llama-3.1-8B-Instruct-Q4_K_M.gguf,model-1-mandatory,1,mandatory_medium_ml_vs_dl,1,measurements/organized_a1_results/arm_server/a1_server_scaling_summary.csv,3,context-length,24,24,6.9977607453215,0.14281878417585514,0.15313660333534548
unknown,turbo3,turbo3,medium,4096,tq,measurements/1253766-track-a1-server-sweep,1.0,128,5099520.0,/projects/F202500010HPCVLABUMINHO/uminhocp006/aded-project-llamacpp/llamacpp-tq/models/Meta-Llama-3.1-8B-Instruct-Q4_K_M.gguf,model-1-mandatory,1,medium_cpu_inference_pipeline,1,measurements/organized_a1_results/arm_server/a1_server_scaling_summary.csv,3,context-length,24,24,6.536553263668598,0.1529071812966033,0.1625540489985724
unknown,turbo3,turbo3,medium,4096,tq,measurements/1253766-track-a1-server-sweep,1.0,128,5099520.0,/projects/F202500010HPCVLABUMINHO/uminhocp006/aded-project-llamacpp/llamacpp-tq/models/Meta-Llama-3.1-8B-Instruct-Q4_K_M.gguf,model-1-mandatory,1,medium_quant_tradeoff,1,measurements/organized_a1_results/arm_server/a1_server_scaling_summary.csv,3,context-length,24,24,6.62578381251548,0.15084400051968536,0.16087738333347565
unknown,turbo3,turbo3,short,4096,tq,measurements/1253766-track-a1-server-sweep,1.0,128,5099520.0,/projects/F202500010HPCVLABUMINHO/uminhocp006/aded-project-llamacpp/llamacpp-tq/models/Meta-Llama-3.1-8B-Instruct-Q4_K_M.gguf,model-1-mandatory,1,mandatory_short_capital_france,1,measurements/organized_a1_results/arm_server/a1_server_scaling_summary.csv,3,context-length,24,24,3.2317235839441576,0.13070656127779834,1.250261248331905
unknown,turbo3,turbo3,short,4096,tq,measurements/1253766-track-a1-server-sweep,0.0,128,5099520.0,/projects/F202500010HPCVLABUMINHO/uminhocp006/aded-project-llamacpp/llamacpp-tq/models/Meta-Llama-3.1-8B-Instruct-Q4_K_M.gguf,model-1-mandatory,1,short_cpu_quantisation,1,measurements/organized_a1_results/arm_server/a1_server_scaling_summary.csv,3,context-length,24,24,5.810267069495956,0.14472268013912437,3.649758622998585
unknown,turbo3,turbo3,short,4096,tq,measurements/1253766-track-a1-server-sweep,1.0,128,5099520.0,/projects/F202500010HPCVLABUMINHO/uminhocp006/aded-project-llamacpp/llamacpp-tq/models/Meta-Llama-3.1-8B-Instruct-Q4_K_M.gguf,model-1-mandatory,1,short_threading_definition,1,measurements/organized_a1_results/arm_server/a1_server_scaling_summary.csv,3,context-length,24,24,6.967886462766479,0.14344087765616118,0.15260011599942422
unknown,turbo4,turbo4,long,4096,tq,measurements/1253766-track-a1-server-sweep,1.0,128,5157952.0,/projects/F202500010HPCVLABUMINHO/uminhocp006/aded-project-llamacpp/llamacpp-tq/models/Meta-Llama-3.1-8B-Instruct-Q4_K_M.gguf,model-1-mandatory,1,long_hpc_case_study,1,measurements/organized_a1_results/arm_server/a1_server_scaling_summary.csv,3,context-length,24,24,5.8972175449512045,0.1694247015669151,0.1878273726676222
unknown,turbo4,turbo4,long,4096,tq,measurements/1253766-track-a1-server-sweep,1.0,128,5157952.0,/projects/F202500010HPCVLABUMINHO/uminhocp006/aded-project-llamacpp/llamacpp-tq/models/Meta-Llama-3.1-8B-Instruct-Q4_K_M.gguf,model-1-mandatory,1,long_memory_bound_reasoning,1,measurements/organized_a1_results/arm_server/a1_server_scaling_summary.csv,3,context-length,24,24,6.1052769450066835,0.16363613188712745,0.18324725133303824
unknown,turbo4,turbo4,long,4096,tq,measurements/1253766-track-a1-server-sweep,1.0,128,5157952.0,/projects/F202500010HPCVLABUMINHO/uminhocp006/aded-project-llamacpp/llamacpp-tq/models/Meta-Llama-3.1-8B-Instruct-Q4_K_M.gguf,model-1-mandatory,1,mandatory_long_transformer_cpu,1,measurements/organized_a1_results/arm_server/a1_server_scaling_summary.csv,3,context-length,24,24,6.569862730335286,0.15208475375589636,0.1676987003350708
unknown,turbo4,turbo4,medium,4096,tq,measurements/1253766-track-a1-server-sweep,1.0,128,5157952.0,/projects/F202500010HPCVLABUMINHO/uminhocp006/aded-project-llamacpp/llamacpp-tq/models/Meta-Llama-3.1-8B-Instruct-Q4_K_M.gguf,model-1-mandatory,1,mandatory_medium_ml_vs_dl,1,measurements/organized_a1_results/arm_server/a1_server_scaling_summary.csv,3,context-length,24,24,7.271939355597976,0.13739667940945213,0.1520957409981444
unknown,turbo4,turbo4,medium,4096,tq,measurements/1253766-track-a1-server-sweep,1.0,128,5157952.0,/projects/F202500010HPCVLABUMINHO/uminhocp006/aded-project-llamacpp/llamacpp-tq/models/Meta-Llama-3.1-8B-Instruct-Q4_K_M.gguf,model-1-mandatory,1,medium_cpu_inference_pipeline,1,measurements/organized_a1_results/arm_server/a1_server_scaling_summary.csv,3,context-length,24,24,6.934751304923869,0.1440817964304567,0.1589524899997438
unknown,turbo4,turbo4,medium,4096,tq,measurements/1253766-track-a1-server-sweep,1.0,128,5157952.0,/projects/F202500010HPCVLABUMINHO/uminhocp006/aded-project-llamacpp/llamacpp-tq/models/Meta-Llama-3.1-8B-Instruct-Q4_K_M.gguf,model-1-mandatory,1,medium_quant_tradeoff,1,measurements/organized_a1_results/arm_server/a1_server_scaling_summary.csv,3,context-length,24,24,7.006003053757983,0.142612728874017,0.1578218316656906
unknown,turbo4,turbo4,short,4096,tq,measurements/1253766-track-a1-server-sweep,1.0,128,5157952.0,/projects/F202500010HPCVLABUMINHO/uminhocp006/aded-project-llamacpp/llamacpp-tq/models/Meta-Llama-3.1-8B-Instruct-Q4_K_M.gguf,model-1-mandatory,1,mandatory_short_capital_france,1,measurements/organized_a1_results/arm_server/a1_server_scaling_summary.csv,3,context-length,24,24,3.267270878241563,0.1294912634445306,1.2353870080005436
unknown,turbo4,turbo4,short,4096,tq,measurements/1253766-track-a1-server-sweep,0.0,128,5157952.0,/projects/F202500010HPCVLABUMINHO/uminhocp006/aded-project-llamacpp/llamacpp-tq/models/Meta-Llama-3.1-8B-Instruct-Q4_K_M.gguf,model-1-mandatory,1,short_cpu_quantisation,1,measurements/organized_a1_results/arm_server/a1_server_scaling_summary.csv,3,context-length,24,24,6.0373089126094435,0.13869341016010334,3.586988797667194
unknown,turbo4,turbo4,short,4096,tq,measurements/1253766-track-a1-server-sweep,1.0,128,5157952.0,/projects/F202500010HPCVLABUMINHO/uminhocp006/aded-project-llamacpp/llamacpp-tq/models/Meta-Llama-3.1-8B-Instruct-Q4_K_M.gguf,model-1-mandatory,1,short_threading_definition,1,measurements/organized_a1_results/arm_server/a1_server_scaling_summary.csv,3,context-length,24,24,7.248279584132363,0.13785605648293378,0.1511882953333649
unknown,turbo3,turbo3,long,512,tq,measurements/1253766-track-a1-server-sweep,1.0,128,5023872.0,/projects/F202500010HPCVLABUMINHO/uminhocp006/aded-project-llamacpp/llamacpp-tq/models/Meta-Llama-3.1-8B-Instruct-Q4_K_M.gguf,model-1-mandatory,1,long_hpc_case_study,1,measurements/organized_a1_results/arm_server/a1_server_scaling_summary.csv,3,context-length,24,24,5.32702209570107,0.18760806724135495,0.20177205332826512
unknown,turbo3,turbo3,long,512,tq,measurements/1253766-track-a1-server-sweep,1.0,128,5023872.0,/projects/F202500010HPCVLABUMINHO/uminhocp006/aded-project-llamacpp/llamacpp-tq/models/Meta-Llama-3.1-8B-Instruct-Q4_K_M.gguf,model-1-mandatory,1,long_memory_bound_reasoning,1,measurements/organized_a1_results/arm_server/a1_server_scaling_summary.csv,3,context-length,24,24,5.584628290262921,0.17894511029131593,0.19362794799963012
unknown,turbo3,turbo3,long,512,tq,measurements/1253766-track-a1-server-sweep,1.0,128,5023872.0,/projects/F202500010HPCVLABUMINHO/uminhocp006/aded-project-llamacpp/llamacpp-tq/models/Meta-Llama-3.1-8B-Instruct-Q4_K_M.gguf,model-1-mandatory,1,mandatory_long_transformer_cpu,1,measurements/organized_a1_results/arm_server/a1_server_scaling_summary.csv,3,context-length,24,24,6.107017141008164,0.1636501543149456,0.17555251633166336
unknown,turbo3,turbo3,medium,512,tq,measurements/1253766-track-a1-server-sweep,1.0,128,5023872.0,/projects/F202500010HPCVLABUMINHO/uminhocp006/aded-project-llamacpp/llamacpp-tq/models/Meta-Llama-3.1-8B-Instruct-Q4_K_M.gguf,model-1-mandatory,1,mandatory_medium_ml_vs_dl,1,measurements/organized_a1_results/arm_server/a1_server_scaling_summary.csv,3,context-length,24,24,7.002065127045554,0.14273051920478608,0.1531327276607044
unknown,turbo3,turbo3,medium,512,tq,measurements/1253766-track-a1-server-sweep,1.0,128,5023872.0,/projects/F202500010HPCVLABUMINHO/uminhocp006/aded-project-llamacpp/llamacpp-tq/models/Meta-Llama-3.1-8B-Instruct-Q4_K_M.gguf,model-1-mandatory,1,medium_cpu_inference_pipeline,1,measurements/organized_a1_results/arm_server/a1_server_scaling_summary.csv,3,context-length,24,24,6.539483956088158,0.15283667195797349,0.16275160632600696
unknown,turbo3,turbo3,medium,512,tq,measurements/1253766-track-a1-server-sweep,1.0,128,5023872.0,/projects/F202500010HPCVLABUMINHO/uminhocp006/aded-project-llamacpp/llamacpp-tq/models/Meta-Llama-3.1-8B-Instruct-Q4_K_M.gguf,model-1-mandatory,1,medium_quant_tradeoff,1,measurements/organized_a1_results/arm_server/a1_server_scaling_summary.csv,3,context-length,24,24,6.625402081041369,0.15085106685829747,0.1611085246646932
unknown,turbo3,turbo3,short,512,tq,measurements/1253766-track-a1-server-sweep,1.0,128,5023872.0,/projects/F202500010HPCVLABUMINHO/uminhocp006/aded-project-llamacpp/llamacpp-tq/models/Meta-Llama-3.1-8B-Instruct-Q4_K_M.gguf,model-1-mandatory,1,mandatory_short_capital_france,1,measurements/organized_a1_results/arm_server/a1_server_scaling_summary.csv,3,context-length,24,24,3.230361477254326,0.13080669811137743,1.250343509328862
unknown,turbo3,turbo3,short,512,tq,measurements/1253766-track-a1-server-sweep,0.0,128,5023872.0,/projects/F202500010HPCVLABUMINHO/uminhocp006/aded-project-llamacpp/llamacpp-tq/models/Meta-Llama-3.1-8B-Instruct-Q4_K_M.gguf,model-1-mandatory,1,short_cpu_quantisation,1,measurements/organized_a1_results/arm_server/a1_server_scaling_summary.csv,3,context-length,24,24,5.808376763536163,0.14476374398948738,3.6516847613384016
unknown,turbo3,turbo3,short,512,tq,measurements/1253766-track-a1-server-sweep,1.0,128,5023872.0,/projects/F202500010HPCVLABUMINHO/uminhocp006/aded-project-llamacpp/llamacpp-tq/models/Meta-Llama-3.1-8B-Instruct-Q4_K_M.gguf,model-1-mandatory,1,short_threading_definition,1,measurements/organized_a1_results/arm_server/a1_server_scaling_summary.csv,3,context-length,24,24,6.967769622288249,0.14343531087144484,0.15325163099138686
unknown,turbo4,turbo4,long,512,tq,measurements/1253766-track-a1-server-sweep,1.0,128,5044416.0,/projects/F202500010HPCVLABUMINHO/uminhocp006/aded-project-llamacpp/llamacpp-tq/models/Meta-Llama-3.1-8B-Instruct-Q4_K_M.gguf,model-1-mandatory,1,long_hpc_case_study,1,measurements/organized_a1_results/arm_server/a1_server_scaling_summary.csv,3,context-length,24,24,5.822804062730462,0.17159529938584064,0.18952812333009206
unknown,turbo4,turbo4,long,512,tq,measurements/1253766-track-a1-server-sweep,1.0,128,5044416.0,/projects/F202500010HPCVLABUMINHO/uminhocp006/aded-project-llamacpp/llamacpp-tq/models/Meta-Llama-3.1-8B-Instruct-Q4_K_M.gguf,model-1-mandatory,1,long_memory_bound_reasoning,1,measurements/organized_a1_results/arm_server/a1_server_scaling_summary.csv,3,context-length,24,24,6.0452855547386415,0.1652660079658205,0.18439044100038396
unknown,turbo4,turbo4,long,512,tq,measurements/1253766-track-a1-server-sweep,1.0,128,5044416.0,/projects/F202500010HPCVLABUMINHO/uminhocp006/aded-project-llamacpp/llamacpp-tq/models/Meta-Llama-3.1-8B-Instruct-Q4_K_M.gguf,model-1-mandatory,1,mandatory_long_transformer_cpu,1,measurements/organized_a1_results/arm_server/a1_server_scaling_summary.csv,3,context-length,24,24,6.508983069179632,0.15351627930709139,0.16816455932954946
unknown,turbo4,turbo4,medium,512,tq,measurements/1253766-track-a1-server-sweep,1.0,128,5044416.0,/projects/F202500010HPCVLABUMINHO/uminhocp006/aded-project-llamacpp/llamacpp-tq/models/Meta-Llama-3.1-8B-Instruct-Q4_K_M.gguf,model-1-mandatory,1,mandatory_medium_ml_vs_dl,1,measurements/organized_a1_results/arm_server/a1_server_scaling_summary.csv,3,context-length,24,24,7.244090238417302,0.13792839479538566,0.1522371326573193
unknown,turbo4,turbo4,medium,512,tq,measurements/1253766-track-a1-server-sweep,1.0,128,5044416.0,/projects/F202500010HPCVLABUMINHO/uminhocp006/aded-project-llamacpp/llamacpp-tq/models/Meta-Llama-3.1-8B-Instruct-Q4_K_M.gguf,model-1-mandatory,1,medium_cpu_inference_pipeline,1,measurements/organized_a1_results/arm_server/a1_server_scaling_summary.csv,3,context-length,24,24,6.887437020474179,0.14507990553808578,0.15897565866665295
unknown,turbo4,turbo4,medium,512,tq,measurements/1253766-track-a1-server-sweep,1.0,128,5044416.0,/projects/F202500010HPCVLABUMINHO/uminhocp006/aded-project-llamacpp/llamacpp-tq/models/Meta-Llama-3.1-8B-Instruct-Q4_K_M.gguf,model-1-mandatory,1,medium_quant_tradeoff,1,measurements/organized_a1_results/arm_server/a1_server_scaling_summary.csv,3,context-length,24,24,6.9595836599507805,0.14357007075843017,0.1580812796698107
unknown,turbo4,turbo4,short,512,tq,measurements/1253766-track-a1-server-sweep,1.0,128,5044416.0,/projects/F202500010HPCVLABUMINHO/uminhocp006/aded-project-llamacpp/llamacpp-tq/models/Meta-Llama-3.1-8B-Instruct-Q4_K_M.gguf,model-1-mandatory,1,mandatory_short_capital_france,1,measurements/organized_a1_results/arm_server/a1_server_scaling_summary.csv,3,context-length,24,24,3.262795183630823,0.12971758049873947,1.2368114203369867
unknown,turbo4,turbo4,short,512,tq,measurements/1253766-track-a1-server-sweep,0.0,128,5044416.0,/projects/F202500010HPCVLABUMINHO/uminhocp006/aded-project-llamacpp/llamacpp-tq/models/Meta-Llama-3.1-8B-Instruct-Q4_K_M.gguf,model-1-mandatory,1,short_cpu_quantisation,1,measurements/organized_a1_results/arm_server/a1_server_scaling_summary.csv,3,context-length,24,24,6.010207251887648,0.13942582540936999,3.5895922473379565
unknown,turbo4,turbo4,short,512,tq,measurements/1253766-track-a1-server-sweep,1.0,128,5044416.0,/projects/F202500010HPCVLABUMINHO/uminhocp006/aded-project-llamacpp/llamacpp-tq/models/Meta-Llama-3.1-8B-Instruct-Q4_K_M.gguf,model-1-mandatory,1,short_threading_definition,1,measurements/organized_a1_results/arm_server/a1_server_scaling_summary.csv,3,context-length,24,24,7.22087084361056,0.13838395460101158,0.15122905066042827
unknown,f16,f16,long,1024,vanilla,measurements/1253766-track-a1-server-sweep,1.0,128,5354112.0,/projects/F202500010HPCVLABUMINHO/uminhocp006/aded-project-llamacpp/llamacpp-tq/models/Meta-Llama-3.1-8B-Instruct-Q4_K_M.gguf,model-1-mandatory,1,long_hpc_case_study,1,measurements/organized_a1_results/arm_server/a1_server_scaling_summary.csv,3,context-length,24,24,7.326626024738134,0.13583390912335888,0.21917724966745786
unknown,f16,f16,long,1024,vanilla,measurements/1253766-track-a1-server-sweep,1.0,128,5354112.0,/projects/F202500010HPCVLABUMINHO/uminhocp006/aded-project-llamacpp/llamacpp-tq/models/Meta-Llama-3.1-8B-Instruct-Q4_K_M.gguf,model-1-mandatory,1,long_memory_bound_reasoning,1,measurements/organized_a1_results/arm_server/a1_server_scaling_summary.csv,3,context-length,24,24,7.34807777955325,0.13536290219420288,0.22798497800249606
unknown,f16,f16,long,1024,vanilla,measurements/1253766-track-a1-server-sweep,1.0,128,5354112.0,/projects/F202500010HPCVLABUMINHO/uminhocp006/aded-project-llamacpp/llamacpp-tq/models/Meta-Llama-3.1-8B-Instruct-Q4_K_M.gguf,model-1-mandatory,1,mandatory_long_transformer_cpu,1,measurements/organized_a1_results/arm_server/a1_server_scaling_summary.csv,3,context-length,24,24,7.5186097683016415,0.13243522606300037,0.2046996083323999
unknown,f16,f16,medium,1024,vanilla,measurements/1253766-track-a1-server-sweep,1.0,128,5354112.0,/projects/F202500010HPCVLABUMINHO/uminhocp006/aded-project-llamacpp/llamacpp-tq/models/Meta-Llama-3.1-8B-Instruct-Q4_K_M.gguf,model-1-mandatory,1,mandatory_medium_ml_vs_dl,1,measurements/organized_a1_results/arm_server/a1_server_scaling_summary.csv,3,context-length,24,24,7.6777575894427645,0.1298461972965922,0.1806110973326819
unknown,f16,f16,medium,1024,vanilla,measurements/1253766-track-a1-server-sweep,1.0,128,5354112.0,/projects/F202500010HPCVLABUMINHO/uminhocp006/aded-project-llamacpp/llamacpp-tq/models/Meta-Llama-3.1-8B-Instruct-Q4_K_M.gguf,model-1-mandatory,1,medium_cpu_inference_pipeline,1,measurements/organized_a1_results/arm_server/a1_server_scaling_summary.csv,3,context-length,24,24,7.634424008166338,0.13053361697113594,0.18794994966568387
unknown,f16,f16,medium,1024,vanilla,measurements/1253766-track-a1-server-sweep,1.0,128,5354112.0,/projects/F202500010HPCVLABUMINHO/uminhocp006/aded-project-llamacpp/llamacpp-tq/models/Meta-Llama-3.1-8B-Instruct-Q4_K_M.gguf,model-1-mandatory,1,medium_quant_tradeoff,1,measurements/organized_a1_results/arm_server/a1_server_scaling_summary.csv,3,context-length,24,24,7.638096510977929,0.13040162973491323,0.19664383133325222
unknown,f16,f16,short,1024,vanilla,measurements/1253766-track-a1-server-sweep,1.0,128,5354112.0,/projects/F202500010HPCVLABUMINHO/uminhocp006/aded-project-llamacpp/llamacpp-tq/models/Meta-Llama-3.1-8B-Instruct-Q4_K_M.gguf,model-1-mandatory,1,mandatory_short_capital_france,1,measurements/organized_a1_results/arm_server/a1_server_scaling_summary.csv,3,context-length,24,24,3.2097604955011385,0.12884875144441643,1.2788794893337279
unknown,f16,f16,short,1024,vanilla,measurements/1253766-track-a1-server-sweep,0.0,128,5354112.0,/projects/F202500010HPCVLABUMINHO/uminhocp006/aded-project-llamacpp/llamacpp-tq/models/Meta-Llama-3.1-8B-Instruct-Q4_K_M.gguf,model-1-mandatory,1,short_cpu_quantisation,1,measurements/organized_a1_results/arm_server/a1_server_scaling_summary.csv,3,context-length,24,24,6.373993739183711,0.13008953151443392,3.559779070666991
unknown,f16,f16,short,1024,vanilla,measurements/1253766-track-a1-server-sweep,1.0,128,5354112.0,/projects/F202500010HPCVLABUMINHO/uminhocp006/aded-project-llamacpp/llamacpp-tq/models/Meta-Llama-3.1-8B-Instruct-Q4_K_M.gguf,model-1-mandatory,1,short_threading_definition,1,measurements/organized_a1_results/arm_server/a1_server_scaling_summary.csv,3,context-length,24,24,7.6835333375460655,0.12990076655642568,0.1611659230014387
unknown,f16,f16,long,2048,vanilla,measurements/1253766-track-a1-server-sweep,1.0,128,5508736.0,/projects/F202500010HPCVLABUMINHO/uminhocp006/aded-project-llamacpp/llamacpp-tq/models/Meta-Llama-3.1-8B-Instruct-Q4_K_M.gguf,model-1-mandatory,1,long_hpc_case_study,1,measurements/organized_a1_results/arm_server/a1_server_scaling_summary.csv,3,context-length,24,24,7.317011410396345,0.13608303312598752,0.21054078632732853
unknown,f16,f16,long,2048,vanilla,measurements/1253766-track-a1-server-sweep,1.0,128,5508736.0,/projects/F202500010HPCVLABUMINHO/uminhocp006/aded-project-llamacpp/llamacpp-tq/models/Meta-Llama-3.1-8B-Instruct-Q4_K_M.gguf,model-1-mandatory,1,long_memory_bound_reasoning,1,measurements/organized_a1_results/arm_server/a1_server_scaling_summary.csv,3,context-length,24,24,7.3405761722370615,0.1355896739633216,0.21703038433527885
unknown,f16,f16,long,2048,vanilla,measurements/1253766-track-a1-server-sweep,1.0,128,5508736.0,/projects/F202500010HPCVLABUMINHO/uminhocp006/aded-project-llamacpp/llamacpp-tq/models/Meta-Llama-3.1-8B-Instruct-Q4_K_M.gguf,model-1-mandatory,1,mandatory_long_transformer_cpu,1,measurements/organized_a1_results/arm_server/a1_server_scaling_summary.csv,3,context-length,24,24,7.518290151514891,0.1325103155591035,0.1959614036604762
unknown,f16,f16,medium,2048,vanilla,measurements/1253766-track-a1-server-sweep,1.0,128,5508736.0,/projects/F202500010HPCVLABUMINHO/uminhocp006/aded-project-llamacpp/llamacpp-tq/models/Meta-Llama-3.1-8B-Instruct-Q4_K_M.gguf,model-1-mandatory,1,mandatory_medium_ml_vs_dl,1,measurements/organized_a1_results/arm_server/a1_server_scaling_summary.csv,3,context-length,24,24,7.671843946496307,0.12997067014430405,0.17771739133362038
unknown,f16,f16,medium,2048,vanilla,measurements/1253766-track-a1-server-sweep,1.0,128,5508736.0,/projects/F202500010HPCVLABUMINHO/uminhocp006/aded-project-llamacpp/llamacpp-tq/models/Meta-Llama-3.1-8B-Instruct-Q4_K_M.gguf,model-1-mandatory,1,medium_cpu_inference_pipeline,1,measurements/organized_a1_results/arm_server/a1_server_scaling_summary.csv,3,context-length,24,24,7.6253317904414555,0.13072298469557855,0.18396625899670957
unknown,f16,f16,medium,2048,vanilla,measurements/1253766-track-a1-server-sweep,1.0,128,5508736.0,/projects/F202500010HPCVLABUMINHO/uminhocp006/aded-project-llamacpp/llamacpp-tq/models/Meta-Llama-3.1-8B-Instruct-Q4_K_M.gguf,model-1-mandatory,1,medium_quant_tradeoff,1,measurements/organized_a1_results/arm_server/a1_server_scaling_summary.csv,3,context-length,24,24,7.636754147904489,0.13046043183206302,0.19217775299330242
unknown,f16,f16,short,2048,vanilla,measurements/1253766-track-a1-server-sweep,1.0,128,5508736.0,/projects/F202500010HPCVLABUMINHO/uminhocp006/aded-project-llamacpp/llamacpp-tq/models/Meta-Llama-3.1-8B-Instruct-Q4_K_M.gguf,model-1-mandatory,1,mandatory_short_capital_france,1,measurements/organized_a1_results/arm_server/a1_server_scaling_summary.csv,3,context-length,24,24,3.2153215832979773,0.12878241883461466,1.2752423583394072
unknown,f16,f16,short,2048,vanilla,measurements/1253766-track-a1-server-sweep,0.0,128,5508736.0,/projects/F202500010HPCVLABUMINHO/uminhocp006/aded-project-llamacpp/llamacpp-tq/models/Meta-Llama-3.1-8B-Instruct-Q4_K_M.gguf,model-1-mandatory,1,short_cpu_quantisation,1,measurements/organized_a1_results/arm_server/a1_server_scaling_summary.csv,3,context-length,24,24,6.371821958727177,0.1301684890918188,3.5565878473377475
unknown,f16,f16,short,2048,vanilla,measurements/1253766-track-a1-server-sweep,1.0,128,5508736.0,/projects/F202500010HPCVLABUMINHO/uminhocp006/aded-project-llamacpp/llamacpp-tq/models/Meta-Llama-3.1-8B-Instruct-Q4_K_M.gguf,model-1-mandatory,1,short_threading_definition,1,measurements/organized_a1_results/arm_server/a1_server_scaling_summary.csv,3,context-length,24,24,7.676798403951856,0.13002299014958638,0.16028573433868587
unknown,f16,f16,long,4096,vanilla,measurements/1253766-track-a1-server-sweep,1.0,128,5745664.0,/projects/F202500010HPCVLABUMINHO/uminhocp006/aded-project-llamacpp/llamacpp-tq/models/Meta-Llama-3.1-8B-Instruct-Q4_K_M.gguf,model-1-mandatory,1,long_hpc_case_study,1,measurements/organized_a1_results/arm_server/a1_server_scaling_summary.csv,3,context-length,24,24,7.320412040569541,0.13605678422042544,0.20571027899859473
unknown,f16,f16,long,4096,vanilla,measurements/1253766-track-a1-server-sweep,1.0,128,5745664.0,/projects/F202500010HPCVLABUMINHO/uminhocp006/aded-project-llamacpp/llamacpp-tq/models/Meta-Llama-3.1-8B-Instruct-Q4_K_M.gguf,model-1-mandatory,1,long_memory_bound_reasoning,1,measurements/organized_a1_results/arm_server/a1_server_scaling_summary.csv,3,context-length,24,24,7.34450415891491,0.13555907984777524,0.21155410299737318
unknown,f16,f16,long,4096,vanilla,measurements/1253766-track-a1-server-sweep,1.0,128,5745664.0,/projects/F202500010HPCVLABUMINHO/uminhocp006/aded-project-llamacpp/llamacpp-tq/models/Meta-Llama-3.1-8B-Instruct-Q4_K_M.gguf,model-1-mandatory,1,mandatory_long_transformer_cpu,1,measurements/organized_a1_results/arm_server/a1_server_scaling_summary.csv,3,context-length,24,24,7.526811746094003,0.1323990226404563,0.1907595633432114
unknown,f16,f16,medium,4096,vanilla,measurements/1253766-track-a1-server-sweep,1.0,128,5745664.0,/projects/F202500010HPCVLABUMINHO/uminhocp006/aded-project-llamacpp/llamacpp-tq/models/Meta-Llama-3.1-8B-Instruct-Q4_K_M.gguf,model-1-mandatory,1,mandatory_medium_ml_vs_dl,1,measurements/organized_a1_results/arm_server/a1_server_scaling_summary.csv,3,context-length,24,24,7.69155244175211,0.12967990249344344,0.17184290733227195
unknown,f16,f16,medium,4096,vanilla,measurements/1253766-track-a1-server-sweep,1.0,128,5745664.0,/projects/F202500010HPCVLABUMINHO/uminhocp006/aded-project-llamacpp/llamacpp-tq/models/Meta-Llama-3.1-8B-Instruct-Q4_K_M.gguf,model-1-mandatory,1,medium_cpu_inference_pipeline,1,measurements/organized_a1_results/arm_server/a1_server_scaling_summary.csv,3,context-length,24,24,7.647425274337932,0.13039658339895807,0.17685151266050525
unknown,f16,f16,medium,4096,vanilla,measurements/1253766-track-a1-server-sweep,1.0,128,5745664.0,/projects/F202500010HPCVLABUMINHO/uminhocp006/aded-project-llamacpp/llamacpp-tq/models/Meta-Llama-3.1-8B-Instruct-Q4_K_M.gguf,model-1-mandatory,1,medium_quant_tradeoff,1,measurements/organized_a1_results/arm_server/a1_server_scaling_summary.csv,3,context-length,24,24,7.65229296212298,0.1302665001181079,0.1827262936567422
unknown,f16,f16,short,4096,vanilla,measurements/1253766-track-a1-server-sweep,1.0,128,5745664.0,/projects/F202500010HPCVLABUMINHO/uminhocp006/aded-project-llamacpp/llamacpp-tq/models/Meta-Llama-3.1-8B-Instruct-Q4_K_M.gguf,model-1-mandatory,1,mandatory_short_capital_france,1,measurements/organized_a1_results/arm_server/a1_server_scaling_summary.csv,3,context-length,24,24,3.2282389197772003,0.12860618066689414,1.2678700149990618
unknown,f16,f16,short,4096,vanilla,measurements/1253766-track-a1-server-sweep,0.0,128,5745664.0,/projects/F202500010HPCVLABUMINHO/uminhocp006/aded-project-llamacpp/llamacpp-tq/models/Meta-Llama-3.1-8B-Instruct-Q4_K_M.gguf,model-1-mandatory,1,short_cpu_quantisation,1,measurements/organized_a1_results/arm_server/a1_server_scaling_summary.csv,3,context-length,24,24,6.379026960228436,0.1299841762677732,3.5573362866804623
unknown,f16,f16,short,4096,vanilla,measurements/1253766-track-a1-server-sweep,1.0,128,5745664.0,/projects/F202500010HPCVLABUMINHO/uminhocp006/aded-project-llamacpp/llamacpp-tq/models/Meta-Llama-3.1-8B-Instruct-Q4_K_M.gguf,model-1-mandatory,1,short_threading_definition,1,measurements/organized_a1_results/arm_server/a1_server_scaling_summary.csv,3,context-length,24,24,7.692868920112084,0.12976529342785423,0.15815423732662262
unknown,f16,f16,long,512,vanilla,measurements/1253766-track-a1-server-sweep,1.0,128,5287488.0,/projects/F202500010HPCVLABUMINHO/uminhocp006/aded-project-llamacpp/llamacpp-tq/models/Meta-Llama-3.1-8B-Instruct-Q4_K_M.gguf,model-1-mandatory,1,long_hpc_case_study,1,measurements/organized_a1_results/arm_server/a1_server_scaling_summary.csv,3,context-length,24,24,7.35504678707115,0.13550256812595762,0.193750839670732
unknown,f16,f16,long,512,vanilla,measurements/1253766-track-a1-server-sweep,1.0,128,5287488.0,/projects/F202500010HPCVLABUMINHO/uminhocp006/aded-project-llamacpp/llamacpp-tq/models/Meta-Llama-3.1-8B-Instruct-Q4_K_M.gguf,model-1-mandatory,1,long_memory_bound_reasoning,1,measurements/organized_a1_results/arm_server/a1_server_scaling_summary.csv,3,context-length,24,24,7.3861917092303955,0.1349946743359678,0.184873595329312
unknown,f16,f16,long,512,vanilla,measurements/1253766-track-a1-server-sweep,1.0,128,5287488.0,/projects/F202500010HPCVLABUMINHO/uminhocp006/aded-project-llamacpp/llamacpp-tq/models/Meta-Llama-3.1-8B-Instruct-Q4_K_M.gguf,model-1-mandatory,1,mandatory_long_transformer_cpu,1,measurements/organized_a1_results/arm_server/a1_server_scaling_summary.csv,3,context-length,24,24,7.546130164546599,0.13208812775852383,0.18670372833730653
unknown,f16,f16,medium,512,vanilla,measurements/1253766-track-a1-server-sweep,1.0,128,5287488.0,/projects/F202500010HPCVLABUMINHO/uminhocp006/aded-project-llamacpp/llamacpp-tq/models/Meta-Llama-3.1-8B-Instruct-Q4_K_M.gguf,model-1-mandatory,1,mandatory_medium_ml_vs_dl,1,measurements/organized_a1_results/arm_server/a1_server_scaling_summary.csv,3,context-length,24,24,7.701778490971177,0.1295131281653958,0.17091779599043852
unknown,f16,f16,medium,512,vanilla,measurements/1253766-track-a1-server-sweep,1.0,128,5287488.0,/projects/F202500010HPCVLABUMINHO/uminhocp006/aded-project-llamacpp/llamacpp-tq/models/Meta-Llama-3.1-8B-Instruct-Q4_K_M.gguf,model-1-mandatory,1,medium_cpu_inference_pipeline,1,measurements/organized_a1_results/arm_server/a1_server_scaling_summary.csv,3,context-length,24,24,7.656178978465539,0.13025343699741002,0.17589560633253618
unknown,f16,f16,medium,512,vanilla,measurements/1253766-track-a1-server-sweep,1.0,128,5287488.0,/projects/F202500010HPCVLABUMINHO/uminhocp006/aded-project-llamacpp/llamacpp-tq/models/Meta-Llama-3.1-8B-Instruct-Q4_K_M.gguf,model-1-mandatory,1,medium_quant_tradeoff,1,measurements/organized_a1_results/arm_server/a1_server_scaling_summary.csv,3,context-length,24,24,7.663692457158425,0.13009262765623908,0.17991268300102092
unknown,f16,f16,short,512,vanilla,measurements/1253766-track-a1-server-sweep,1.0,128,5287488.0,/projects/F202500010HPCVLABUMINHO/uminhocp006/aded-project-llamacpp/llamacpp-tq/models/Meta-Llama-3.1-8B-Instruct-Q4_K_M.gguf,model-1-mandatory,1,mandatory_short_capital_france,1,measurements/organized_a1_results/arm_server/a1_server_scaling_summary.csv,3,context-length,24,24,3.257023842402442,0.12845585577694388,1.249850201663018
unknown,f16,f16,short,512,vanilla,measurements/1253766-track-a1-server-sweep,0.0,128,5287488.0,/projects/F202500010HPCVLABUMINHO/uminhocp006/aded-project-llamacpp/llamacpp-tq/models/Meta-Llama-3.1-8B-Instruct-Q4_K_M.gguf,model-1-mandatory,1,short_cpu_quantisation,1,measurements/organized_a1_results/arm_server/a1_server_scaling_summary.csv,3,context-length,24,24,6.389180341186375,0.12976278673227706,3.553541296336334
unknown,f16,f16,short,512,vanilla,measurements/1253766-track-a1-server-sweep,1.0,128,5287488.0,/projects/F202500010HPCVLABUMINHO/uminhocp006/aded-project-llamacpp/llamacpp-tq/models/Meta-Llama-3.1-8B-Instruct-Q4_K_M.gguf,model-1-mandatory,1,short_threading_definition,1,measurements/organized_a1_results/arm_server/a1_server_scaling_summary.csv,3,context-length,24,24,7.701769039454355,0.12961719205517144,0.15772584365913644
unknown,turbo3,turbo3,long,2048,tq,measurements/1253766-track-a1-server-sweep,1.0,128,5063616.0,/projects/F202500010HPCVLABUMINHO/uminhocp006/aded-project-llamacpp/llamacpp-tq/models/Meta-Llama-3.1-8B-Instruct-Q4_K_M.gguf,model-1-mandatory,1,long_hpc_case_study,1,measurements/organized_a1_results/arm_server/a1_server_scaling_summary.csv,3,decode-length,24,24,5.325409784852447,0.18766580146987644,0.20175733899426027
unknown,turbo3,turbo3,long,2048,tq,measurements/1253766-track-a1-server-sweep,1.0,128,5063616.0,/projects/F202500010HPCVLABUMINHO/uminhocp006/aded-project-llamacpp/llamacpp-tq/models/Meta-Llama-3.1-8B-Instruct-Q4_K_M.gguf,model-1-mandatory,1,long_memory_bound_reasoning,1,measurements/organized_a1_results/arm_server/a1_server_scaling_summary.csv,3,decode-length,24,24,5.590990245512533,0.17873785969815914,0.19385943000088446
unknown,turbo3,turbo3,long,2048,tq,measurements/1253766-track-a1-server-sweep,1.0,128,5063616.0,/projects/F202500010HPCVLABUMINHO/uminhocp006/aded-project-llamacpp/llamacpp-tq/models/Meta-Llama-3.1-8B-Instruct-Q4_K_M.gguf,model-1-mandatory,1,mandatory_long_transformer_cpu,1,measurements/organized_a1_results/arm_server/a1_server_scaling_summary.csv,3,decode-length,24,24,6.097882794631918,0.1638963374776278,0.17564734300443283
unknown,turbo3,turbo3,medium,2048,tq,measurements/1253766-track-a1-server-sweep,1.0,128,5063616.0,/projects/F202500010HPCVLABUMINHO/uminhocp006/aded-project-llamacpp/llamacpp-tq/models/Meta-Llama-3.1-8B-Instruct-Q4_K_M.gguf,model-1-mandatory,1,mandatory_medium_ml_vs_dl,1,measurements/organized_a1_results/arm_server/a1_server_scaling_summary.csv,3,decode-length,24,24,6.987025000227856,0.14303830355907524,0.15343480366088139
unknown,turbo3,turbo3,medium,2048,tq,measurements/1253766-track-a1-server-sweep,1.0,128,5063616.0,/projects/F202500010HPCVLABUMINHO/uminhocp006/aded-project-llamacpp/llamacpp-tq/models/Meta-Llama-3.1-8B-Instruct-Q4_K_M.gguf,model-1-mandatory,1,medium_cpu_inference_pipeline,1,measurements/organized_a1_results/arm_server/a1_server_scaling_summary.csv,3,decode-length,24,24,6.5359382107736606,0.152916225716545,0.16324040367423245
unknown,turbo3,turbo3,medium,2048,tq,measurements/1253766-track-a1-server-sweep,1.0,128,5063616.0,/projects/F202500010HPCVLABUMINHO/uminhocp006/aded-project-llamacpp/llamacpp-tq/models/Meta-Llama-3.1-8B-Instruct-Q4_K_M.gguf,model-1-mandatory,1,medium_quant_tradeoff,1,measurements/organized_a1_results/arm_server/a1_server_scaling_summary.csv,3,decode-length,24,24,6.623031259713233,0.15090376677680908,0.16127454900803664
unknown,turbo3,turbo3,short,2048,tq,measurements/1253766-track-a1-server-sweep,1.0,128,5063616.0,/projects/F202500010HPCVLABUMINHO/uminhocp006/aded-project-llamacpp/llamacpp-tq/models/Meta-Llama-3.1-8B-Instruct-Q4_K_M.gguf,model-1-mandatory,1,mandatory_short_capital_france,1,measurements/organized_a1_results/arm_server/a1_server_scaling_summary.csv,3,decode-length,24,24,3.2275977928901036,0.1311045426668392,1.2504597889977351
unknown,turbo3,turbo3,short,2048,tq,measurements/1253766-track-a1-server-sweep,0.0,128,5063616.0,/projects/F202500010HPCVLABUMINHO/uminhocp006/aded-project-llamacpp/llamacpp-tq/models/Meta-Llama-3.1-8B-Instruct-Q4_K_M.gguf,model-1-mandatory,1,short_cpu_quantisation,1,measurements/organized_a1_results/arm_server/a1_server_scaling_summary.csv,3,decode-length,24,24,5.802744900383242,0.144934900829387,3.6513633796712384
unknown,turbo3,turbo3,short,2048,tq,measurements/1253766-track-a1-server-sweep,1.0,128,5063616.0,/projects/F202500010HPCVLABUMINHO/uminhocp006/aded-project-llamacpp/llamacpp-tq/models/Meta-Llama-3.1-8B-Instruct-Q4_K_M.gguf,model-1-mandatory,1,short_threading_definition,1,measurements/organized_a1_results/arm_server/a1_server_scaling_summary.csv,3,decode-length,24,24,6.957109583268591,0.1436585146667047,0.15338368499457525
unknown,turbo3,turbo3,long,2048,tq,measurements/1253766-track-a1-server-sweep,1.0,256,5083840.0,/projects/F202500010HPCVLABUMINHO/uminhocp006/aded-project-llamacpp/llamacpp-tq/models/Meta-Llama-3.1-8B-Instruct-Q4_K_M.gguf,model-1-mandatory,1,long_hpc_case_study,1,measurements/organized_a1_results/arm_server/a1_server_scaling_summary.csv,3,decode-length,24,24,5.073318088810706,0.19708362446277664,0.2034676903373717
unknown,turbo3,turbo3,long,2048,tq,measurements/1253766-track-a1-server-sweep,1.0,256,5083840.0,/projects/F202500010HPCVLABUMINHO/uminhocp006/aded-project-llamacpp/llamacpp-tq/models/Meta-Llama-3.1-8B-Instruct-Q4_K_M.gguf,model-1-mandatory,1,long_memory_bound_reasoning,1,measurements/organized_a1_results/arm_server/a1_server_scaling_summary.csv,3,decode-length,24,24,5.302052293043086,0.18857350910201917,0.19655191966254884
unknown,turbo3,turbo3,long,2048,tq,measurements/1253766-track-a1-server-sweep,1.0,256,5083840.0,/projects/F202500010HPCVLABUMINHO/uminhocp006/aded-project-llamacpp/llamacpp-tq/models/Meta-Llama-3.1-8B-Instruct-Q4_K_M.gguf,model-1-mandatory,1,mandatory_long_transformer_cpu,1,measurements/organized_a1_results/arm_server/a1_server_scaling_summary.csv,3,decode-length,24,24,5.750467745213861,0.17387441756992048,0.17970871932144897
unknown,turbo3,turbo3,medium,2048,tq,measurements/1253766-track-a1-server-sweep,0.0,256,5083840.0,/projects/F202500010HPCVLABUMINHO/uminhocp006/aded-project-llamacpp/llamacpp-tq/models/Meta-Llama-3.1-8B-Instruct-Q4_K_M.gguf,model-1-mandatory,1,mandatory_medium_ml_vs_dl,1,measurements/organized_a1_results/arm_server/a1_server_scaling_summary.csv,3,decode-length,24,24,6.134028797897524,0.15398931312549774,2.466669366656182
unknown,turbo3,turbo3,medium,2048,tq,measurements/1253766-track-a1-server-sweep,1.0,256,5083840.0,/projects/F202500010HPCVLABUMINHO/uminhocp006/aded-project-llamacpp/llamacpp-tq/models/Meta-Llama-3.1-8B-Instruct-Q4_K_M.gguf,model-1-mandatory,1,medium_cpu_inference_pipeline,1,measurements/organized_a1_results/arm_server/a1_server_scaling_summary.csv,3,decode-length,24,24,6.112955582191832,0.16357950602743312,0.16504543200911334
unknown,turbo3,turbo3,medium,2048,tq,measurements/1253766-track-a1-server-sweep,1.0,256,5083840.0,/projects/F202500010HPCVLABUMINHO/uminhocp006/aded-project-llamacpp/llamacpp-tq/models/Meta-Llama-3.1-8B-Instruct-Q4_K_M.gguf,model-1-mandatory,1,medium_quant_tradeoff,1,measurements/organized_a1_results/arm_server/a1_server_scaling_summary.csv,3,decode-length,24,24,6.188902528088627,0.16156397544709644,0.16509390565139861
unknown,turbo3,turbo3,short,2048,tq,measurements/1253766-track-a1-server-sweep,1.0,256,5083840.0,/projects/F202500010HPCVLABUMINHO/uminhocp006/aded-project-llamacpp/llamacpp-tq/models/Meta-Llama-3.1-8B-Instruct-Q4_K_M.gguf,model-1-mandatory,1,mandatory_short_capital_france,1,measurements/organized_a1_results/arm_server/a1_server_scaling_summary.csv,3,decode-length,24,24,3.2268677592719417,0.1310495876112125,1.2511095093213953
unknown,turbo3,turbo3,short,2048,tq,measurements/1253766-track-a1-server-sweep,0.0,256,5083840.0,/projects/F202500010HPCVLABUMINHO/uminhocp006/aded-project-llamacpp/llamacpp-tq/models/Meta-Llama-3.1-8B-Instruct-Q4_K_M.gguf,model-1-mandatory,1,short_cpu_quantisation,1,measurements/organized_a1_results/arm_server/a1_server_scaling_summary.csv,3,decode-length,24,24,5.90866369522612,0.15186024106667553,3.65020249732576
unknown,turbo3,turbo3,short,2048,tq,measurements/1253766-track-a1-server-sweep,0.0,256,5083840.0,/projects/F202500010HPCVLABUMINHO/uminhocp006/aded-project-llamacpp/llamacpp-tq/models/Meta-Llama-3.1-8B-Instruct-Q4_K_M.gguf,model-1-mandatory,1,short_threading_definition,1,measurements/organized_a1_results/arm_server/a1_server_scaling_summary.csv,3,decode-length,24,24,6.061052010057363,0.15434167828232817,2.8796410379970134
unknown,turbo3,turbo3,long,2048,tq,measurements/1253766-track-a1-server-sweep,0.0,512,5123136.0,/projects/F202500010HPCVLABUMINHO/uminhocp006/aded-project-llamacpp/llamacpp-tq/models/Meta-Llama-3.1-8B-Instruct-Q4_K_M.gguf,model-1-mandatory,1,long_hpc_case_study,1,measurements/organized_a1_results/arm_server/a1_server_scaling_summary.csv,3,decode-length,24,24,4.609579699210486,0.21695934623872906,0.20635702634657113
unknown,turbo3,turbo3,long,2048,tq,measurements/1253766-track-a1-server-sweep,0.0,512,5123136.0,/projects/F202500010HPCVLABUMINHO/uminhocp006/aded-project-llamacpp/llamacpp-tq/models/Meta-Llama-3.1-8B-Instruct-Q4_K_M.gguf,model-1-mandatory,1,long_memory_bound_reasoning,1,measurements/organized_a1_results/arm_server/a1_server_scaling_summary.csv,3,decode-length,24,24,4.792482951143831,0.20867746202867105,0.19975767800739655
unknown,turbo3,turbo3,long,2048,tq,measurements/1253766-track-a1-server-sweep,1.0,512,5123136.0,/projects/F202500010HPCVLABUMINHO/uminhocp006/aded-project-llamacpp/llamacpp-tq/models/Meta-Llama-3.1-8B-Instruct-Q4_K_M.gguf,model-1-mandatory,1,mandatory_long_transformer_cpu,1,measurements/organized_a1_results/arm_server/a1_server_scaling_summary.csv,3,decode-length,24,24,5.507200286386979,0.18099713579033602,0.17840680467391698
unknown,turbo3,turbo3,medium,2048,tq,measurements/1253766-track-a1-server-sweep,0.0,512,5123136.0,/projects/F202500010HPCVLABUMINHO/uminhocp006/aded-project-llamacpp/llamacpp-tq/models/Meta-Llama-3.1-8B-Instruct-Q4_K_M.gguf,model-1-mandatory,1,mandatory_medium_ml_vs_dl,1,measurements/organized_a1_results/arm_server/a1_server_scaling_summary.csv,3,decode-length,24,24,5.594867589782936,0.17425815039726303,2.466089865997977
unknown,turbo3,turbo3,medium,2048,tq,measurements/1253766-track-a1-server-sweep,0.0,512,5123136.0,/projects/F202500010HPCVLABUMINHO/uminhocp006/aded-project-llamacpp/llamacpp-tq/models/Meta-Llama-3.1-8B-Instruct-Q4_K_M.gguf,model-1-mandatory,1,medium_cpu_inference_pipeline,1,measurements/organized_a1_results/arm_server/a1_server_scaling_summary.csv,3,decode-length,24,24,5.112059798112873,0.17376380445704878,8.469335672668725
unknown,turbo3,turbo3,medium,2048,tq,measurements/1253766-track-a1-server-sweep,0.0,512,5123136.0,/projects/F202500010HPCVLABUMINHO/uminhocp006/aded-project-llamacpp/llamacpp-tq/models/Meta-Llama-3.1-8B-Instruct-Q4_K_M.gguf,model-1-mandatory,1,medium_quant_tradeoff,1,measurements/organized_a1_results/arm_server/a1_server_scaling_summary.csv,3,decode-length,24,24,5.1286672045235635,0.1813839923202978,7.14423826833566
unknown,turbo3,turbo3,short,2048,tq,measurements/1253766-track-a1-server-sweep,1.0,512,5123136.0,/projects/F202500010HPCVLABUMINHO/uminhocp006/aded-project-llamacpp/llamacpp-tq/models/Meta-Llama-3.1-8B-Instruct-Q4_K_M.gguf,model-1-mandatory,1,mandatory_short_capital_france,1,measurements/organized_a1_results/arm_server/a1_server_scaling_summary.csv,3,decode-length,24,24,3.22734480185321,0.1308961616127312,1.2519014459879447
unknown,turbo3,turbo3,short,2048,tq,measurements/1253766-track-a1-server-sweep,0.0,512,5123136.0,/projects/F202500010HPCVLABUMINHO/uminhocp006/aded-project-llamacpp/llamacpp-tq/models/Meta-Llama-3.1-8B-Instruct-Q4_K_M.gguf,model-1-mandatory,1,short_cpu_quantisation,1,measurements/organized_a1_results/arm_server/a1_server_scaling_summary.csv,3,decode-length,24,24,5.911706378394224,0.15175286317775433,3.6548148960088533
unknown,turbo3,turbo3,short,2048,tq,measurements/1253766-track-a1-server-sweep,0.0,512,5123136.0,/projects/F202500010HPCVLABUMINHO/uminhocp006/aded-project-llamacpp/llamacpp-tq/models/Meta-Llama-3.1-8B-Instruct-Q4_K_M.gguf,model-1-mandatory,1,short_threading_definition,1,measurements/organized_a1_results/arm_server/a1_server_scaling_summary.csv,3,decode-length,24,24,5.555953607320533,0.17470270924330752,2.8799044063392407
unknown,turbo3,turbo3,long,2048,tq,measurements/1253766-track-a1-server-sweep,1.0,64,5044928.0,/projects/F202500010HPCVLABUMINHO/uminhocp006/aded-project-llamacpp/llamacpp-tq/models/Meta-Llama-3.1-8B-Instruct-Q4_K_M.gguf,model-1-mandatory,1,long_hpc_case_study,1,measurements/organized_a1_results/arm_server/a1_server_scaling_summary.csv,3,decode-length,24,24,5.466969113578878,0.18259115458208028,0.2030900256553044
unknown,turbo3,turbo3,long,2048,tq,measurements/1253766-track-a1-server-sweep,1.0,64,5044928.0,/projects/F202500010HPCVLABUMINHO/uminhocp006/aded-project-llamacpp/llamacpp-tq/models/Meta-Llama-3.1-8B-Instruct-Q4_K_M.gguf,model-1-mandatory,1,long_memory_bound_reasoning,1,measurements/organized_a1_results/arm_server/a1_server_scaling_summary.csv,3,decode-length,24,24,5.753165807539997,0.1735191266720735,0.19221065931681855
unknown,turbo3,turbo3,long,2048,tq,measurements/1253766-track-a1-server-sweep,1.0,64,5044928.0,/projects/F202500010HPCVLABUMINHO/uminhocp006/aded-project-llamacpp/llamacpp-tq/models/Meta-Llama-3.1-8B-Instruct-Q4_K_M.gguf,model-1-mandatory,1,mandatory_long_transformer_cpu,1,measurements/organized_a1_results/arm_server/a1_server_scaling_summary.csv,3,decode-length,24,24,6.289030036014004,0.1587406181058632,0.17535724666474076
unknown,turbo3,turbo3,medium,2048,tq,measurements/1253766-track-a1-server-sweep,1.0,64,5044928.0,/projects/F202500010HPCVLABUMINHO/uminhocp006/aded-project-llamacpp/llamacpp-tq/models/Meta-Llama-3.1-8B-Instruct-Q4_K_M.gguf,model-1-mandatory,1,mandatory_medium_ml_vs_dl,1,measurements/organized_a1_results/arm_server/a1_server_scaling_summary.csv,3,decode-length,24,24,7.26538036946682,0.13739135876179687,0.15279117500176653
unknown,turbo3,turbo3,medium,2048,tq,measurements/1253766-track-a1-server-sweep,1.0,64,5044928.0,/projects/F202500010HPCVLABUMINHO/uminhocp006/aded-project-llamacpp/llamacpp-tq/models/Meta-Llama-3.1-8B-Instruct-Q4_K_M.gguf,model-1-mandatory,1,medium_cpu_inference_pipeline,1,measurements/organized_a1_results/arm_server/a1_server_scaling_summary.csv,3,decode-length,24,24,6.758663102919858,0.14771898645506037,0.16258954899967648
unknown,turbo3,turbo3,medium,2048,tq,measurements/1253766-track-a1-server-sweep,1.0,64,5044928.0,/projects/F202500010HPCVLABUMINHO/uminhocp006/aded-project-llamacpp/llamacpp-tq/models/Meta-Llama-3.1-8B-Instruct-Q4_K_M.gguf,model-1-mandatory,1,medium_quant_tradeoff,1,measurements/organized_a1_results/arm_server/a1_server_scaling_summary.csv,3,decode-length,24,24,6.871480028594172,0.14528488522769992,0.16053951000018665
unknown,turbo3,turbo3,short,2048,tq,measurements/1253766-track-a1-server-sweep,1.0,64,5044928.0,/projects/F202500010HPCVLABUMINHO/uminhocp006/aded-project-llamacpp/llamacpp-tq/models/Meta-Llama-3.1-8B-Instruct-Q4_K_M.gguf,model-1-mandatory,1,mandatory_short_capital_france,1,measurements/organized_a1_results/arm_server/a1_server_scaling_summary.csv,3,decode-length,24,24,3.2275481233067516,0.13099021405570158,1.250743053999031
unknown,turbo3,turbo3,short,2048,tq,measurements/1253766-track-a1-server-sweep,0.0,64,5044928.0,/projects/F202500010HPCVLABUMINHO/uminhocp006/aded-project-llamacpp/llamacpp-tq/models/Meta-Llama-3.1-8B-Instruct-Q4_K_M.gguf,model-1-mandatory,1,short_cpu_quantisation,1,measurements/organized_a1_results/arm_server/a1_server_scaling_summary.csv,3,decode-length,24,24,5.150789177472622,0.139227932333212,3.653465656330809
unknown,turbo3,turbo3,short,2048,tq,measurements/1253766-track-a1-server-sweep,1.0,64,5044928.0,/projects/F202500010HPCVLABUMINHO/uminhocp006/aded-project-llamacpp/llamacpp-tq/models/Meta-Llama-3.1-8B-Instruct-Q4_K_M.gguf,model-1-mandatory,1,short_threading_definition,1,measurements/organized_a1_results/arm_server/a1_server_scaling_summary.csv,3,decode-length,24,24,7.235444113721916,0.13797292796304825,0.15258400667031916
unknown,turbo4,turbo4,long,2048,tq,measurements/1253766-track-a1-server-sweep,1.0,128,5104128.0,/projects/F202500010HPCVLABUMINHO/uminhocp006/aded-project-llamacpp/llamacpp-tq/models/Meta-Llama-3.1-8B-Instruct-Q4_K_M.gguf,model-1-mandatory,1,long_hpc_case_study,1,measurements/organized_a1_results/arm_server/a1_server_scaling_summary.csv,3,decode-length,24,24,5.840365059537807,0.1710774817532558,0.1893764290046723
unknown,turbo4,turbo4,long,2048,tq,measurements/1253766-track-a1-server-sweep,1.0,128,5104128.0,/projects/F202500010HPCVLABUMINHO/uminhocp006/aded-project-llamacpp/llamacpp-tq/models/Meta-Llama-3.1-8B-Instruct-Q4_K_M.gguf,model-1-mandatory,1,long_memory_bound_reasoning,1,measurements/organized_a1_results/arm_server/a1_server_scaling_summary.csv,3,decode-length,24,24,6.059348195405163,0.1648890176640391,0.18357548234052956
unknown,turbo4,turbo4,long,2048,tq,measurements/1253766-track-a1-server-sweep,1.0,128,5104128.0,/projects/F202500010HPCVLABUMINHO/uminhocp006/aded-project-llamacpp/llamacpp-tq/models/Meta-Llama-3.1-8B-Instruct-Q4_K_M.gguf,model-1-mandatory,1,mandatory_long_transformer_cpu,1,measurements/organized_a1_results/arm_server/a1_server_scaling_summary.csv,3,decode-length,24,24,6.501018749195573,0.15370901596070613,0.16788022499531507
unknown,turbo4,turbo4,medium,2048,tq,measurements/1253766-track-a1-server-sweep,1.0,128,5104128.0,/projects/F202500010HPCVLABUMINHO/uminhocp006/aded-project-llamacpp/llamacpp-tq/models/Meta-Llama-3.1-8B-Instruct-Q4_K_M.gguf,model-1-mandatory,1,mandatory_medium_ml_vs_dl,1,measurements/organized_a1_results/arm_server/a1_server_scaling_summary.csv,3,decode-length,24,24,7.243589339843202,0.13793846614963773,0.15217848700316003
unknown,turbo4,turbo4,medium,2048,tq,measurements/1253766-track-a1-server-sweep,1.0,128,5104128.0,/projects/F202500010HPCVLABUMINHO/uminhocp006/aded-project-llamacpp/llamacpp-tq/models/Meta-Llama-3.1-8B-Instruct-Q4_K_M.gguf,model-1-mandatory,1,medium_cpu_inference_pipeline,1,measurements/organized_a1_results/arm_server/a1_server_scaling_summary.csv,3,decode-length,24,24,6.877707847693944,0.14528806437272274,0.15897918032715097
unknown,turbo4,turbo4,medium,2048,tq,measurements/1253766-track-a1-server-sweep,1.0,128,5104128.0,/projects/F202500010HPCVLABUMINHO/uminhocp006/aded-project-llamacpp/llamacpp-tq/models/Meta-Llama-3.1-8B-Instruct-Q4_K_M.gguf,model-1-mandatory,1,medium_quant_tradeoff,1,measurements/organized_a1_results/arm_server/a1_server_scaling_summary.csv,3,decode-length,24,24,6.957603499456692,0.1436126930445886,0.1580244843304778
unknown,turbo4,turbo4,short,2048,tq,measurements/1253766-track-a1-server-sweep,1.0,128,5104128.0,/projects/F202500010HPCVLABUMINHO/uminhocp006/aded-project-llamacpp/llamacpp-tq/models/Meta-Llama-3.1-8B-Instruct-Q4_K_M.gguf,model-1-mandatory,1,mandatory_short_capital_france,1,measurements/organized_a1_results/arm_server/a1_server_scaling_summary.csv,3,decode-length,24,24,3.2606252351987957,0.1298140473340431,1.2375589120007742
unknown,turbo4,turbo4,short,2048,tq,measurements/1253766-track-a1-server-sweep,0.0,128,5104128.0,/projects/F202500010HPCVLABUMINHO/uminhocp006/aded-project-llamacpp/llamacpp-tq/models/Meta-Llama-3.1-8B-Instruct-Q4_K_M.gguf,model-1-mandatory,1,short_cpu_quantisation,1,measurements/organized_a1_results/arm_server/a1_server_scaling_summary.csv,3,decode-length,24,24,6.013607805751082,0.13933470830181674,3.5891420883417595
unknown,turbo4,turbo4,short,2048,tq,measurements/1253766-track-a1-server-sweep,1.0,128,5104128.0,/projects/F202500010HPCVLABUMINHO/uminhocp006/aded-project-llamacpp/llamacpp-tq/models/Meta-Llama-3.1-8B-Instruct-Q4_K_M.gguf,model-1-mandatory,1,short_threading_definition,1,measurements/organized_a1_results/arm_server/a1_server_scaling_summary.csv,3,decode-length,24,24,7.2152683212315445,0.13849160291869902,0.15128793132801852
unknown,turbo4,turbo4,long,2048,tq,measurements/1253766-track-a1-server-sweep,1.0,256,5140608.0,/projects/F202500010HPCVLABUMINHO/uminhocp006/aded-project-llamacpp/llamacpp-tq/models/Meta-Llama-3.1-8B-Instruct-Q4_K_M.gguf,model-1-mandatory,1,long_hpc_case_study,1,measurements/organized_a1_results/arm_server/a1_server_scaling_summary.csv,3,decode-length,24,24,5.580635551808242,0.17914193950321836,0.19158625900551365
unknown,turbo4,turbo4,long,2048,tq,measurements/1253766-track-a1-server-sweep,1.0,256,5140608.0,/projects/F202500010HPCVLABUMINHO/uminhocp006/aded-project-llamacpp/llamacpp-tq/models/Meta-Llama-3.1-8B-Instruct-Q4_K_M.gguf,model-1-mandatory,1,long_memory_bound_reasoning,1,measurements/organized_a1_results/arm_server/a1_server_scaling_summary.csv,3,decode-length,24,24,5.7907596508856445,0.1726271188693133,0.18815818034151258
unknown,turbo4,turbo4,long,2048,tq,measurements/1253766-track-a1-server-sweep,1.0,256,5140608.0,/projects/F202500010HPCVLABUMINHO/uminhocp006/aded-project-llamacpp/llamacpp-tq/models/Meta-Llama-3.1-8B-Instruct-Q4_K_M.gguf,model-1-mandatory,1,mandatory_long_transformer_cpu,1,measurements/organized_a1_results/arm_server/a1_server_scaling_summary.csv,3,decode-length,24,24,6.177561419963379,0.16183466330327373,0.172219133664233
unknown,turbo4,turbo4,medium,2048,tq,measurements/1253766-track-a1-server-sweep,0.0,256,5140608.0,/projects/F202500010HPCVLABUMINHO/uminhocp006/aded-project-llamacpp/llamacpp-tq/models/Meta-Llama-3.1-8B-Instruct-Q4_K_M.gguf,model-1-mandatory,1,mandatory_medium_ml_vs_dl,1,measurements/organized_a1_results/arm_server/a1_server_scaling_summary.csv,3,decode-length,24,24,6.459458811406676,0.14588616378822217,2.430467291676905
unknown,turbo4,turbo4,medium,2048,tq,measurements/1253766-track-a1-server-sweep,1.0,256,5140608.0,/projects/F202500010HPCVLABUMINHO/uminhocp006/aded-project-llamacpp/llamacpp-tq/models/Meta-Llama-3.1-8B-Instruct-Q4_K_M.gguf,model-1-mandatory,1,medium_cpu_inference_pipeline,1,measurements/organized_a1_results/arm_server/a1_server_scaling_summary.csv,3,decode-length,24,24,6.525225011714888,0.15321764977777444,0.16143999467021786
unknown,turbo4,turbo4,medium,2048,tq,measurements/1253766-track-a1-server-sweep,1.0,256,5140608.0,/projects/F202500010HPCVLABUMINHO/uminhocp006/aded-project-llamacpp/llamacpp-tq/models/Meta-Llama-3.1-8B-Instruct-Q4_K_M.gguf,model-1-mandatory,1,medium_quant_tradeoff,1,measurements/organized_a1_results/arm_server/a1_server_scaling_summary.csv,3,decode-length,24,24,6.589237481669427,0.15171967598566255,0.16229828632397889
unknown,turbo4,turbo4,short,2048,tq,measurements/1253766-track-a1-server-sweep,1.0,256,5140608.0,/projects/F202500010HPCVLABUMINHO/uminhocp006/aded-project-llamacpp/llamacpp-tq/models/Meta-Llama-3.1-8B-Instruct-Q4_K_M.gguf,model-1-mandatory,1,mandatory_short_capital_france,1,measurements/organized_a1_results/arm_server/a1_server_scaling_summary.csv,3,decode-length,24,24,3.2622256091646147,0.12959466316452664,1.238107933003145
unknown,turbo4,turbo4,short,2048,tq,measurements/1253766-track-a1-server-sweep,0.0,256,5140608.0,/projects/F202500010HPCVLABUMINHO/uminhocp006/aded-project-llamacpp/llamacpp-tq/models/Meta-Llama-3.1-8B-Instruct-Q4_K_M.gguf,model-1-mandatory,1,short_cpu_quantisation,1,measurements/organized_a1_results/arm_server/a1_server_scaling_summary.csv,3,decode-length,24,24,6.192463521860985,0.14538715917791792,3.5919433666567784
unknown,turbo4,turbo4,short,2048,tq,measurements/1253766-track-a1-server-sweep,0.0,256,5140608.0,/projects/F202500010HPCVLABUMINHO/uminhocp006/aded-project-llamacpp/llamacpp-tq/models/Meta-Llama-3.1-8B-Instruct-Q4_K_M.gguf,model-1-mandatory,1,short_threading_definition,1,measurements/organized_a1_results/arm_server/a1_server_scaling_summary.csv,3,decode-length,24,24,6.376148588875716,0.14632684611110475,2.835869280330371
unknown,turbo4,turbo4,long,2048,tq,measurements/1253766-track-a1-server-sweep,1.0,512,5191232.0,/projects/F202500010HPCVLABUMINHO/uminhocp006/aded-project-llamacpp/llamacpp-tq/models/Meta-Llama-3.1-8B-Instruct-Q4_K_M.gguf,model-1-mandatory,1,long_hpc_case_study,1,measurements/organized_a1_results/arm_server/a1_server_scaling_summary.csv,3,decode-length,24,24,5.165749419133388,0.19357737615978374,0.19675927467566603
unknown,turbo4,turbo4,long,2048,tq,measurements/1253766-track-a1-server-sweep,1.0,512,5191232.0,/projects/F202500010HPCVLABUMINHO/uminhocp006/aded-project-llamacpp/llamacpp-tq/models/Meta-Llama-3.1-8B-Instruct-Q4_K_M.gguf,model-1-mandatory,1,long_memory_bound_reasoning,1,measurements/organized_a1_results/arm_server/a1_server_scaling_summary.csv,3,decode-length,24,24,5.353656899581556,0.18677853750098686,0.19135511000058614
unknown,turbo4,turbo4,long,2048,tq,measurements/1253766-track-a1-server-sweep,1.0,512,5191232.0,/projects/F202500010HPCVLABUMINHO/uminhocp006/aded-project-llamacpp/llamacpp-tq/models/Meta-Llama-3.1-8B-Instruct-Q4_K_M.gguf,model-1-mandatory,1,mandatory_long_transformer_cpu,1,measurements/organized_a1_results/arm_server/a1_server_scaling_summary.csv,3,decode-length,24,24,5.845951497276338,0.17058509036825734,0.17131016066802354
unknown,turbo4,turbo4,medium,2048,tq,measurements/1253766-track-a1-server-sweep,0.0,512,5191232.0,/projects/F202500010HPCVLABUMINHO/uminhocp006/aded-project-llamacpp/llamacpp-tq/models/Meta-Llama-3.1-8B-Instruct-Q4_K_M.gguf,model-1-mandatory,1,mandatory_medium_ml_vs_dl,1,measurements/organized_a1_results/arm_server/a1_server_scaling_summary.csv,3,decode-length,24,24,6.037701071192035,0.1611947929034792,2.42979379100143
unknown,turbo4,turbo4,medium,2048,tq,measurements/1253766-track-a1-server-sweep,0.0,512,5191232.0,/projects/F202500010HPCVLABUMINHO/uminhocp006/aded-project-llamacpp/llamacpp-tq/models/Meta-Llama-3.1-8B-Instruct-Q4_K_M.gguf,model-1-mandatory,1,medium_cpu_inference_pipeline,1,measurements/organized_a1_results/arm_server/a1_server_scaling_summary.csv,3,decode-length,24,24,5.436911793119139,0.16810849256489568,8.267259163345443
unknown,turbo4,turbo4,medium,2048,tq,measurements/1253766-track-a1-server-sweep,0.0,512,5191232.0,/projects/F202500010HPCVLABUMINHO/uminhocp006/aded-project-llamacpp/llamacpp-tq/models/Meta-Llama-3.1-8B-Instruct-Q4_K_M.gguf,model-1-mandatory,1,medium_quant_tradeoff,1,measurements/organized_a1_results/arm_server/a1_server_scaling_summary.csv,3,decode-length,24,24,5.551716716716238,0.1668163005297014,6.980919972333747
unknown,turbo4,turbo4,short,2048,tq,measurements/1253766-track-a1-server-sweep,1.0,512,5191232.0,/projects/F202500010HPCVLABUMINHO/uminhocp006/aded-project-llamacpp/llamacpp-tq/models/Meta-Llama-3.1-8B-Instruct-Q4_K_M.gguf,model-1-mandatory,1,mandatory_short_capital_france,1,measurements/organized_a1_results/arm_server/a1_server_scaling_summary.csv,3,decode-length,24,24,3.2620382320823524,0.12946088922197102,1.2391517849949498
unknown,turbo4,turbo4,short,2048,tq,measurements/1253766-track-a1-server-sweep,0.0,512,5191232.0,/projects/F202500010HPCVLABUMINHO/uminhocp006/aded-project-llamacpp/llamacpp-tq/models/Meta-Llama-3.1-8B-Instruct-Q4_K_M.gguf,model-1-mandatory,1,short_cpu_quantisation,1,measurements/organized_a1_results/arm_server/a1_server_scaling_summary.csv,3,decode-length,24,24,6.203999354312711,0.14510190702693937,3.5888322343331915
unknown,turbo4,turbo4,short,2048,tq,measurements/1253766-track-a1-server-sweep,0.0,512,5191232.0,/projects/F202500010HPCVLABUMINHO/uminhocp006/aded-project-llamacpp/llamacpp-tq/models/Meta-Llama-3.1-8B-Instruct-Q4_K_M.gguf,model-1-mandatory,1,short_threading_definition,1,measurements/organized_a1_results/arm_server/a1_server_scaling_summary.csv,3,decode-length,24,24,5.998468117736704,0.16148737918134687,2.8346080719978395
unknown,turbo4,turbo4,long,2048,tq,measurements/1253766-track-a1-server-sweep,1.0,64,5084928.0,/projects/F202500010HPCVLABUMINHO/uminhocp006/aded-project-llamacpp/llamacpp-tq/models/Meta-Llama-3.1-8B-Instruct-Q4_K_M.gguf,model-1-mandatory,1,long_hpc_case_study,1,measurements/organized_a1_results/arm_server/a1_server_scaling_summary.csv,3,decode-length,24,24,5.906067478678257,0.1689626787830435,0.1912464459989375
unknown,turbo4,turbo4,long,2048,tq,measurements/1253766-track-a1-server-sweep,1.0,64,5084928.0,/projects/F202500010HPCVLABUMINHO/uminhocp006/aded-project-llamacpp/llamacpp-tq/models/Meta-Llama-3.1-8B-Instruct-Q4_K_M.gguf,model-1-mandatory,1,long_memory_bound_reasoning,1,measurements/organized_a1_results/arm_server/a1_server_scaling_summary.csv,3,decode-length,24,24,6.1397655759845655,0.1625254869525119,0.18432438865420409
unknown,turbo4,turbo4,long,2048,tq,measurements/1253766-track-a1-server-sweep,1.0,64,5084928.0,/projects/F202500010HPCVLABUMINHO/uminhocp006/aded-project-llamacpp/llamacpp-tq/models/Meta-Llama-3.1-8B-Instruct-Q4_K_M.gguf,model-1-mandatory,1,mandatory_long_transformer_cpu,1,measurements/organized_a1_results/arm_server/a1_server_scaling_summary.csv,3,decode-length,24,24,6.6511658518088215,0.15007587880414797,0.1672536626768609
unknown,turbo4,turbo4,medium,2048,tq,measurements/1253766-track-a1-server-sweep,1.0,64,5084928.0,/projects/F202500010HPCVLABUMINHO/uminhocp006/aded-project-llamacpp/llamacpp-tq/models/Meta-Llama-3.1-8B-Instruct-Q4_K_M.gguf,model-1-mandatory,1,mandatory_medium_ml_vs_dl,1,measurements/organized_a1_results/arm_server/a1_server_scaling_summary.csv,3,decode-length,24,24,7.419884272809123,0.13449353178828788,0.15200683366856538
unknown,turbo4,turbo4,medium,2048,tq,measurements/1253766-track-a1-server-sweep,1.0,64,5084928.0,/projects/F202500010HPCVLABUMINHO/uminhocp006/aded-project-llamacpp/llamacpp-tq/models/Meta-Llama-3.1-8B-Instruct-Q4_K_M.gguf,model-1-mandatory,1,medium_cpu_inference_pipeline,1,measurements/organized_a1_results/arm_server/a1_server_scaling_summary.csv,3,decode-length,24,24,7.054588635471608,0.14147735679357082,0.15869113299413584
unknown,turbo4,turbo4,medium,2048,tq,measurements/1253766-track-a1-server-sweep,1.0,64,5084928.0,/projects/F202500010HPCVLABUMINHO/uminhocp006/aded-project-llamacpp/llamacpp-tq/models/Meta-Llama-3.1-8B-Instruct-Q4_K_M.gguf,model-1-mandatory,1,medium_quant_tradeoff,1,measurements/organized_a1_results/arm_server/a1_server_scaling_summary.csv,3,decode-length,24,24,7.127414246074296,0.1400253408254006,0.15745360299479216
unknown,turbo4,turbo4,short,2048,tq,measurements/1253766-track-a1-server-sweep,1.0,64,5084928.0,/projects/F202500010HPCVLABUMINHO/uminhocp006/aded-project-llamacpp/llamacpp-tq/models/Meta-Llama-3.1-8B-Instruct-Q4_K_M.gguf,model-1-mandatory,1,mandatory_short_capital_france,1,measurements/organized_a1_results/arm_server/a1_server_scaling_summary.csv,3,decode-length,24,24,3.260387183602152,0.12998523794360356,1.2364660393310867
unknown,turbo4,turbo4,short,2048,tq,measurements/1253766-track-a1-server-sweep,0.0,64,5084928.0,/projects/F202500010HPCVLABUMINHO/uminhocp006/aded-project-llamacpp/llamacpp-tq/models/Meta-Llama-3.1-8B-Instruct-Q4_K_M.gguf,model-1-mandatory,1,short_cpu_quantisation,1,measurements/organized_a1_results/arm_server/a1_server_scaling_summary.csv,3,decode-length,24,24,5.262931683756868,0.13604445520633826,3.5893119653240624
unknown,turbo4,turbo4,short,2048,tq,measurements/1253766-track-a1-server-sweep,1.0,64,5084928.0,/projects/F202500010HPCVLABUMINHO/uminhocp006/aded-project-llamacpp/llamacpp-tq/models/Meta-Llama-3.1-8B-Instruct-Q4_K_M.gguf,model-1-mandatory,1,short_threading_definition,1,measurements/organized_a1_results/arm_server/a1_server_scaling_summary.csv,3,decode-length,24,24,7.39028332054569,0.1350473927830718,0.15166037934250198
unknown,f16,f16,long,2048,vanilla,measurements/1253766-track-a1-server-sweep,1.0,128,5508736.0,/projects/F202500010HPCVLABUMINHO/uminhocp006/aded-project-llamacpp/llamacpp-tq/models/Meta-Llama-3.1-8B-Instruct-Q4_K_M.gguf,model-1-mandatory,1,long_hpc_case_study,1,measurements/organized_a1_results/arm_server/a1_server_scaling_summary.csv,3,decode-length,24,24,7.304334436025769,0.13627916178475086,0.21596917867039642
unknown,f16,f16,long,2048,vanilla,measurements/1253766-track-a1-server-sweep,1.0,128,5508736.0,/projects/F202500010HPCVLABUMINHO/uminhocp006/aded-project-llamacpp/llamacpp-tq/models/Meta-Llama-3.1-8B-Instruct-Q4_K_M.gguf,model-1-mandatory,1,long_memory_bound_reasoning,1,measurements/organized_a1_results/arm_server/a1_server_scaling_summary.csv,3,decode-length,24,24,7.329713743170216,0.1357431077505914,0.22336847067344934
unknown,f16,f16,long,2048,vanilla,measurements/1253766-track-a1-server-sweep,1.0,128,5508736.0,/projects/F202500010HPCVLABUMINHO/uminhocp006/aded-project-llamacpp/llamacpp-tq/models/Meta-Llama-3.1-8B-Instruct-Q4_K_M.gguf,model-1-mandatory,1,mandatory_long_transformer_cpu,1,measurements/organized_a1_results/arm_server/a1_server_scaling_summary.csv,3,decode-length,24,24,7.513131645285773,0.1325635356928486,0.20081874366345195
unknown,f16,f16,medium,2048,vanilla,measurements/1253766-track-a1-server-sweep,1.0,128,5508736.0,/projects/F202500010HPCVLABUMINHO/uminhocp006/aded-project-llamacpp/llamacpp-tq/models/Meta-Llama-3.1-8B-Instruct-Q4_K_M.gguf,model-1-mandatory,1,mandatory_medium_ml_vs_dl,1,measurements/organized_a1_results/arm_server/a1_server_scaling_summary.csv,3,decode-length,24,24,7.680101260319328,0.12981555137801318,0.17942935232228288
unknown,f16,f16,medium,2048,vanilla,measurements/1253766-track-a1-server-sweep,1.0,128,5508736.0,/projects/F202500010HPCVLABUMINHO/uminhocp006/aded-project-llamacpp/llamacpp-tq/models/Meta-Llama-3.1-8B-Instruct-Q4_K_M.gguf,model-1-mandatory,1,medium_cpu_inference_pipeline,1,measurements/organized_a1_results/arm_server/a1_server_scaling_summary.csv,3,decode-length,24,24,7.637290862665137,0.13050588881618314,0.18515932566757934
unknown,f16,f16,medium,2048,vanilla,measurements/1253766-track-a1-server-sweep,1.0,128,5508736.0,/projects/F202500010HPCVLABUMINHO/uminhocp006/aded-project-llamacpp/llamacpp-tq/models/Meta-Llama-3.1-8B-Instruct-Q4_K_M.gguf,model-1-mandatory,1,medium_quant_tradeoff,1,measurements/organized_a1_results/arm_server/a1_server_scaling_summary.csv,3,decode-length,24,24,7.641109574526031,0.13036725845409733,0.1944029659886534
unknown,f16,f16,short,2048,vanilla,measurements/1253766-track-a1-server-sweep,1.0,128,5508736.0,/projects/F202500010HPCVLABUMINHO/uminhocp006/aded-project-llamacpp/llamacpp-tq/models/Meta-Llama-3.1-8B-Instruct-Q4_K_M.gguf,model-1-mandatory,1,mandatory_short_capital_france,1,measurements/organized_a1_results/arm_server/a1_server_scaling_summary.csv,3,decode-length,24,24,3.2135213383977788,0.12878600511046695,1.2765823169999446
unknown,f16,f16,short,2048,vanilla,measurements/1253766-track-a1-server-sweep,0.0,128,5508736.0,/projects/F202500010HPCVLABUMINHO/uminhocp006/aded-project-llamacpp/llamacpp-tq/models/Meta-Llama-3.1-8B-Instruct-Q4_K_M.gguf,model-1-mandatory,1,short_cpu_quantisation,1,measurements/organized_a1_results/arm_server/a1_server_scaling_summary.csv,3,decode-length,24,24,6.375918689072096,0.13006261878213332,3.5571609213366173
unknown,f16,f16,short,2048,vanilla,measurements/1253766-track-a1-server-sweep,1.0,128,5508736.0,/projects/F202500010HPCVLABUMINHO/uminhocp006/aded-project-llamacpp/llamacpp-tq/models/Meta-Llama-3.1-8B-Instruct-Q4_K_M.gguf,model-1-mandatory,1,short_threading_definition,1,measurements/organized_a1_results/arm_server/a1_server_scaling_summary.csv,3,decode-length,24,24,7.68447039026269,0.12989105041727933,0.16037547467082428
unknown,f16,f16,long,2048,vanilla,measurements/1253766-track-a1-server-sweep,1.0,256,5610624.0,/projects/F202500010HPCVLABUMINHO/uminhocp006/aded-project-llamacpp/llamacpp-tq/models/Meta-Llama-3.1-8B-Instruct-Q4_K_M.gguf,model-1-mandatory,1,long_hpc_case_study,1,measurements/organized_a1_results/arm_server/a1_server_scaling_summary.csv,3,decode-length,24,24,7.252234131188913,0.13752452879474542,0.23042879967639843
unknown,f16,f16,long,2048,vanilla,measurements/1253766-track-a1-server-sweep,1.0,256,5610624.0,/projects/F202500010HPCVLABUMINHO/uminhocp006/aded-project-llamacpp/llamacpp-tq/models/Meta-Llama-3.1-8B-Instruct-Q4_K_M.gguf,model-1-mandatory,1,long_memory_bound_reasoning,1,measurements/organized_a1_results/arm_server/a1_server_scaling_summary.csv,3,decode-length,24,24,7.303757154741788,0.1365303591045542,0.23486097366549075
unknown,f16,f16,long,2048,vanilla,measurements/1253766-track-a1-server-sweep,1.0,256,5610624.0,/projects/F202500010HPCVLABUMINHO/uminhocp006/aded-project-llamacpp/llamacpp-tq/models/Meta-Llama-3.1-8B-Instruct-Q4_K_M.gguf,model-1-mandatory,1,mandatory_long_transformer_cpu,1,measurements/organized_a1_results/arm_server/a1_server_scaling_summary.csv,3,decode-length,24,24,7.436649938514164,0.134139644426143,0.21809157666090564
unknown,f16,f16,medium,2048,vanilla,measurements/1253766-track-a1-server-sweep,0.0,256,5610624.0,/projects/F202500010HPCVLABUMINHO/uminhocp006/aded-project-llamacpp/llamacpp-tq/models/Meta-Llama-3.1-8B-Instruct-Q4_K_M.gguf,model-1-mandatory,1,mandatory_medium_ml_vs_dl,1,measurements/organized_a1_results/arm_server/a1_server_scaling_summary.csv,3,decode-length,24,24,7.125419187879034,0.13137856139478066,2.4257817173396083
unknown,f16,f16,medium,2048,vanilla,measurements/1253766-track-a1-server-sweep,1.0,256,5610624.0,/projects/F202500010HPCVLABUMINHO/uminhocp006/aded-project-llamacpp/llamacpp-tq/models/Meta-Llama-3.1-8B-Instruct-Q4_K_M.gguf,model-1-mandatory,1,medium_cpu_inference_pipeline,1,measurements/organized_a1_results/arm_server/a1_server_scaling_summary.csv,3,decode-length,24,24,7.521894799398494,0.13275297821173748,0.18152798467781395
unknown,f16,f16,medium,2048,vanilla,measurements/1253766-track-a1-server-sweep,1.0,256,5610624.0,/projects/F202500010HPCVLABUMINHO/uminhocp006/aded-project-llamacpp/llamacpp-tq/models/Meta-Llama-3.1-8B-Instruct-Q4_K_M.gguf,model-1-mandatory,1,medium_quant_tradeoff,1,measurements/organized_a1_results/arm_server/a1_server_scaling_summary.csv,3,decode-length,24,24,7.538232584907346,0.13230762791761283,0.22135539066706164
unknown,f16,f16,short,2048,vanilla,measurements/1253766-track-a1-server-sweep,1.0,256,5610624.0,/projects/F202500010HPCVLABUMINHO/uminhocp006/aded-project-llamacpp/llamacpp-tq/models/Meta-Llama-3.1-8B-Instruct-Q4_K_M.gguf,model-1-mandatory,1,mandatory_short_capital_france,1,measurements/organized_a1_results/arm_server/a1_server_scaling_summary.csv,3,decode-length,24,24,3.203172772729356,0.12892784344633887,1.2825006936618593
unknown,f16,f16,short,2048,vanilla,measurements/1253766-track-a1-server-sweep,0.0,256,5610624.0,/projects/F202500010HPCVLABUMINHO/uminhocp006/aded-project-llamacpp/llamacpp-tq/models/Meta-Llama-3.1-8B-Instruct-Q4_K_M.gguf,model-1-mandatory,1,short_cpu_quantisation,1,measurements/organized_a1_results/arm_server/a1_server_scaling_summary.csv,3,decode-length,24,24,6.75017167200657,0.13101015575519753,3.5593599086763184
unknown,f16,f16,short,2048,vanilla,measurements/1253766-track-a1-server-sweep,0.0,256,5610624.0,/projects/F202500010HPCVLABUMINHO/uminhocp006/aded-project-llamacpp/llamacpp-tq/models/Meta-Llama-3.1-8B-Instruct-Q4_K_M.gguf,model-1-mandatory,1,short_threading_definition,1,measurements/organized_a1_results/arm_server/a1_server_scaling_summary.csv,3,decode-length,24,24,7.035658088215304,0.13161027111764387,2.8250471236630497
unknown,f16,f16,long,2048,vanilla,measurements/1253766-track-a1-server-sweep,1.0,512,5824512.0,/projects/F202500010HPCVLABUMINHO/uminhocp006/aded-project-llamacpp/llamacpp-tq/models/Meta-Llama-3.1-8B-Instruct-Q4_K_M.gguf,model-1-mandatory,1,long_hpc_case_study,1,measurements/organized_a1_results/arm_server/a1_server_scaling_summary.csv,3,decode-length,24,24,7.1026341843016425,0.14057105698174188,0.25367902233847417
unknown,f16,f16,long,2048,vanilla,measurements/1253766-track-a1-server-sweep,1.0,512,5824512.0,/projects/F202500010HPCVLABUMINHO/uminhocp006/aded-project-llamacpp/llamacpp-tq/models/Meta-Llama-3.1-8B-Instruct-Q4_K_M.gguf,model-1-mandatory,1,long_memory_bound_reasoning,1,measurements/organized_a1_results/arm_server/a1_server_scaling_summary.csv,3,decode-length,24,24,7.167542879003566,0.13928135176841108,0.25987211300525814
unknown,f16,f16,long,2048,vanilla,measurements/1253766-track-a1-server-sweep,1.0,512,5824512.0,/projects/F202500010HPCVLABUMINHO/uminhocp006/aded-project-llamacpp/llamacpp-tq/models/Meta-Llama-3.1-8B-Instruct-Q4_K_M.gguf,model-1-mandatory,1,mandatory_long_transformer_cpu,1,measurements/organized_a1_results/arm_server/a1_server_scaling_summary.csv,3,decode-length,24,24,7.290264339076436,0.13672907859159547,0.19447657599812374
unknown,f16,f16,medium,2048,vanilla,measurements/1253766-track-a1-server-sweep,0.0,512,5824512.0,/projects/F202500010HPCVLABUMINHO/uminhocp006/aded-project-llamacpp/llamacpp-tq/models/Meta-Llama-3.1-8B-Instruct-Q4_K_M.gguf,model-1-mandatory,1,mandatory_medium_ml_vs_dl,1,measurements/organized_a1_results/arm_server/a1_server_scaling_summary.csv,3,decode-length,24,24,7.195168853976336,0.1345041652739887,2.426741697321025
unknown,f16,f16,medium,2048,vanilla,measurements/1253766-track-a1-server-sweep,0.0,512,5824512.0,/projects/F202500010HPCVLABUMINHO/uminhocp006/aded-project-llamacpp/llamacpp-tq/models/Meta-Llama-3.1-8B-Instruct-Q4_K_M.gguf,model-1-mandatory,1,medium_cpu_inference_pipeline,1,measurements/organized_a1_results/arm_server/a1_server_scaling_summary.csv,3,decode-length,24,24,6.509541768708713,0.13484278579177672,8.068107175660165
unknown,f16,f16,medium,2048,vanilla,measurements/1253766-track-a1-server-sweep,0.0,512,5824512.0,/projects/F202500010HPCVLABUMINHO/uminhocp006/aded-project-llamacpp/llamacpp-tq/models/Meta-Llama-3.1-8B-Instruct-Q4_K_M.gguf,model-1-mandatory,1,medium_quant_tradeoff,1,measurements/organized_a1_results/arm_server/a1_server_scaling_summary.csv,3,decode-length,24,24,6.725999314297667,0.1356087869921862,6.825947046658257
unknown,f16,f16,short,2048,vanilla,measurements/1253766-track-a1-server-sweep,1.0,512,5824512.0,/projects/F202500010HPCVLABUMINHO/uminhocp006/aded-project-llamacpp/llamacpp-tq/models/Meta-Llama-3.1-8B-Instruct-Q4_K_M.gguf,model-1-mandatory,1,mandatory_short_capital_france,1,measurements/organized_a1_results/arm_server/a1_server_scaling_summary.csv,3,decode-length,24,24,3.19089521854713,0.12893379577791267,1.2908857226623998
unknown,f16,f16,short,2048,vanilla,measurements/1253766-track-a1-server-sweep,0.0,512,5824512.0,/projects/F202500010HPCVLABUMINHO/uminhocp006/aded-project-llamacpp/llamacpp-tq/models/Meta-Llama-3.1-8B-Instruct-Q4_K_M.gguf,model-1-mandatory,1,short_cpu_quantisation,1,measurements/organized_a1_results/arm_server/a1_server_scaling_summary.csv,3,decode-length,24,24,6.753347282142774,0.13094064848791453,3.5594064690036853
unknown,f16,f16,short,2048,vanilla,measurements/1253766-track-a1-server-sweep,0.0,512,5824512.0,/projects/F202500010HPCVLABUMINHO/uminhocp006/aded-project-llamacpp/llamacpp-tq/models/Meta-Llama-3.1-8B-Instruct-Q4_K_M.gguf,model-1-mandatory,1,short_threading_definition,1,measurements/organized_a1_results/arm_server/a1_server_scaling_summary.csv,3,decode-length,24,24,7.15213490850468,0.13456008003068393,2.826360549661331
unknown,f16,f16,long,2048,vanilla,measurements/1253766-track-a1-server-sweep,1.0,64,5442112.0,/projects/F202500010HPCVLABUMINHO/uminhocp006/aded-project-llamacpp/llamacpp-tq/models/Meta-Llama-3.1-8B-Instruct-Q4_K_M.gguf,model-1-mandatory,1,long_hpc_case_study,1,measurements/organized_a1_results/arm_server/a1_server_scaling_summary.csv,3,decode-length,24,24,7.294154604955351,0.13605263407934068,0.2023750839968367
unknown,f16,f16,long,2048,vanilla,measurements/1253766-track-a1-server-sweep,1.0,64,5442112.0,/projects/F202500010HPCVLABUMINHO/uminhocp006/aded-project-llamacpp/llamacpp-tq/models/Meta-Llama-3.1-8B-Instruct-Q4_K_M.gguf,model-1-mandatory,1,long_memory_bound_reasoning,1,measurements/organized_a1_results/arm_server/a1_server_scaling_summary.csv,3,decode-length,24,24,7.321245684183342,0.1354691001533336,0.20667372767153816
unknown,f16,f16,long,2048,vanilla,measurements/1253766-track-a1-server-sweep,1.0,64,5442112.0,/projects/F202500010HPCVLABUMINHO/uminhocp006/aded-project-llamacpp/llamacpp-tq/models/Meta-Llama-3.1-8B-Instruct-Q4_K_M.gguf,model-1-mandatory,1,mandatory_long_transformer_cpu,1,measurements/organized_a1_results/arm_server/a1_server_scaling_summary.csv,3,decode-length,24,24,7.597306926914458,0.13089357555545766,0.17727955465670675
unknown,f16,f16,medium,2048,vanilla,measurements/1253766-track-a1-server-sweep,1.0,64,5442112.0,/projects/F202500010HPCVLABUMINHO/uminhocp006/aded-project-llamacpp/llamacpp-tq/models/Meta-Llama-3.1-8B-Instruct-Q4_K_M.gguf,model-1-mandatory,1,mandatory_medium_ml_vs_dl,1,measurements/organized_a1_results/arm_server/a1_server_scaling_summary.csv,3,decode-length,24,24,7.6834411696874305,0.1294682195871174,0.1726438126740201
unknown,f16,f16,medium,2048,vanilla,measurements/1253766-track-a1-server-sweep,1.0,64,5442112.0,/projects/F202500010HPCVLABUMINHO/uminhocp006/aded-project-llamacpp/llamacpp-tq/models/Meta-Llama-3.1-8B-Instruct-Q4_K_M.gguf,model-1-mandatory,1,medium_cpu_inference_pipeline,1,measurements/organized_a1_results/arm_server/a1_server_scaling_summary.csv,3,decode-length,24,24,7.630828687057004,0.13033815002652185,0.1752757210051641
unknown,f16,f16,medium,2048,vanilla,measurements/1253766-track-a1-server-sweep,1.0,64,5442112.0,/projects/F202500010HPCVLABUMINHO/uminhocp006/aded-project-llamacpp/llamacpp-tq/models/Meta-Llama-3.1-8B-Instruct-Q4_K_M.gguf,model-1-mandatory,1,medium_quant_tradeoff,1,measurements/organized_a1_results/arm_server/a1_server_scaling_summary.csv,3,decode-length,24,24,7.647559797824899,0.13003922661362344,0.1757816613341371
unknown,f16,f16,short,2048,vanilla,measurements/1253766-track-a1-server-sweep,1.0,64,5442112.0,/projects/F202500010HPCVLABUMINHO/uminhocp006/aded-project-llamacpp/llamacpp-tq/models/Meta-Llama-3.1-8B-Instruct-Q4_K_M.gguf,model-1-mandatory,1,mandatory_short_capital_france,1,measurements/organized_a1_results/arm_server/a1_server_scaling_summary.csv,3,decode-length,24,24,3.234736817812996,0.12873071660902094,1.2622531603459113
unknown,f16,f16,short,2048,vanilla,measurements/1253766-track-a1-server-sweep,0.0,64,5442112.0,/projects/F202500010HPCVLABUMINHO/uminhocp006/aded-project-llamacpp/llamacpp-tq/models/Meta-Llama-3.1-8B-Instruct-Q4_K_M.gguf,model-1-mandatory,1,short_cpu_quantisation,1,measurements/organized_a1_results/arm_server/a1_server_scaling_summary.csv,3,decode-length,24,24,5.455864051917834,0.1296671741640826,3.5610078640068727
unknown,f16,f16,short,2048,vanilla,measurements/1253766-track-a1-server-sweep,1.0,64,5442112.0,/projects/F202500010HPCVLABUMINHO/uminhocp006/aded-project-llamacpp/llamacpp-tq/models/Meta-Llama-3.1-8B-Instruct-Q4_K_M.gguf,model-1-mandatory,1,short_threading_definition,1,measurements/organized_a1_results/arm_server/a1_server_scaling_summary.csv,3,decode-length,24,24,7.692449175365064,0.12955556005820332,0.15739054300744706
unknown,turbo3,turbo3,long,2048,tq,measurements/1253766-track-a1-server-sweep,1.0,128,5064832.0,/projects/F202500010HPCVLABUMINHO/uminhocp006/aded-project-llamacpp/llamacpp-tq/models/Meta-Llama-3.1-8B-Instruct-Q4_K_M.gguf,model-1-mandatory,1,long_hpc_case_study,1,measurements/organized_a1_results/arm_server/a1_server_scaling_summary.csv,3,model-set,24,24,5.363081539921855,0.18634537398166467,0.20063811034196988
unknown,turbo3,turbo3,long,2048,tq,measurements/1253766-track-a1-server-sweep,1.0,128,5064832.0,/projects/F202500010HPCVLABUMINHO/uminhocp006/aded-project-llamacpp/llamacpp-tq/models/Meta-Llama-3.1-8B-Instruct-Q4_K_M.gguf,model-1-mandatory,1,long_memory_bound_reasoning,1,measurements/organized_a1_results/arm_server/a1_server_scaling_summary.csv,3,model-set,24,24,5.624929744540467,0.1776635099947636,0.1922332923374294
unknown,turbo3,turbo3,long,2048,tq,measurements/1253766-track-a1-server-sweep,1.0,128,5064832.0,/projects/F202500010HPCVLABUMINHO/uminhocp006/aded-project-llamacpp/llamacpp-tq/models/Meta-Llama-3.1-8B-Instruct-Q4_K_M.gguf,model-1-mandatory,1,mandatory_long_transformer_cpu,1,measurements/organized_a1_results/arm_server/a1_server_scaling_summary.csv,3,model-set,24,24,6.127338330614127,0.16310944006301029,0.1747440589921704
unknown,turbo3,turbo3,medium,2048,tq,measurements/1253766-track-a1-server-sweep,1.0,128,5064832.0,/projects/F202500010HPCVLABUMINHO/uminhocp006/aded-project-llamacpp/llamacpp-tq/models/Meta-Llama-3.1-8B-Instruct-Q4_K_M.gguf,model-1-mandatory,1,mandatory_medium_ml_vs_dl,1,measurements/organized_a1_results/arm_server/a1_server_scaling_summary.csv,3,model-set,24,24,7.0190615768001905,0.1423856579159934,0.1526474353352872
unknown,turbo3,turbo3,medium,2048,tq,measurements/1253766-track-a1-server-sweep,1.0,128,5064832.0,/projects/F202500010HPCVLABUMINHO/uminhocp006/aded-project-llamacpp/llamacpp-tq/models/Meta-Llama-3.1-8B-Instruct-Q4_K_M.gguf,model-1-mandatory,1,medium_cpu_inference_pipeline,1,measurements/organized_a1_results/arm_server/a1_server_scaling_summary.csv,3,model-set,24,24,6.563267066770223,0.15228367512333732,0.16202527933637612
unknown,turbo3,turbo3,medium,2048,tq,measurements/1253766-track-a1-server-sweep,1.0,128,5064832.0,/projects/F202500010HPCVLABUMINHO/uminhocp006/aded-project-llamacpp/llamacpp-tq/models/Meta-Llama-3.1-8B-Instruct-Q4_K_M.gguf,model-1-mandatory,1,medium_quant_tradeoff,1,measurements/organized_a1_results/arm_server/a1_server_scaling_summary.csv,3,model-set,24,24,6.653089806880911,0.1502252088924149,0.16014765033226772
unknown,turbo3,turbo3,short,2048,tq,measurements/1253766-track-a1-server-sweep,1.0,128,5064832.0,/projects/F202500010HPCVLABUMINHO/uminhocp006/aded-project-llamacpp/llamacpp-tq/models/Meta-Llama-3.1-8B-Instruct-Q4_K_M.gguf,model-1-mandatory,1,mandatory_short_capital_france,1,measurements/organized_a1_results/arm_server/a1_server_scaling_summary.csv,3,model-set,24,24,3.2359820242298207,0.13045030455557732,1.2490392816641058
unknown,turbo3,turbo3,short,2048,tq,measurements/1253766-track-a1-server-sweep,0.0,128,5064832.0,/projects/F202500010HPCVLABUMINHO/uminhocp006/aded-project-llamacpp/llamacpp-tq/models/Meta-Llama-3.1-8B-Instruct-Q4_K_M.gguf,model-1-mandatory,1,short_cpu_quantisation,1,measurements/organized_a1_results/arm_server/a1_server_scaling_summary.csv,3,model-set,24,24,5.825906811323573,0.1442608693832308,3.6493043576580626
unknown,turbo3,turbo3,short,2048,tq,measurements/1253766-track-a1-server-sweep,1.0,128,5064832.0,/projects/F202500010HPCVLABUMINHO/uminhocp006/aded-project-llamacpp/llamacpp-tq/models/Meta-Llama-3.1-8B-Instruct-Q4_K_M.gguf,model-1-mandatory,1,short_threading_definition,1,measurements/organized_a1_results/arm_server/a1_server_scaling_summary.csv,3,model-set,24,24,6.989750080274996,0.14299189675074703,0.15217077399332388
unknown,turbo4,turbo4,long,2048,tq,measurements/1253766-track-a1-server-sweep,1.0,128,5103232.0,/projects/F202500010HPCVLABUMINHO/uminhocp006/aded-project-llamacpp/llamacpp-tq/models/Meta-Llama-3.1-8B-Instruct-Q4_K_M.gguf,model-1-mandatory,1,long_hpc_case_study,1,measurements/organized_a1_results/arm_server/a1_server_scaling_summary.csv,3,model-set,24,24,5.867520456653648,0.1702830345328091,0.18874334866692757
unknown,turbo4,turbo4,long,2048,tq,measurements/1253766-track-a1-server-sweep,1.0,128,5103232.0,/projects/F202500010HPCVLABUMINHO/uminhocp006/aded-project-llamacpp/llamacpp-tq/models/Meta-Llama-3.1-8B-Instruct-Q4_K_M.gguf,model-1-mandatory,1,long_memory_bound_reasoning,1,measurements/organized_a1_results/arm_server/a1_server_scaling_summary.csv,3,model-set,24,24,6.088200008423283,0.1641007427217854,0.18311598933238807
unknown,turbo4,turbo4,long,2048,tq,measurements/1253766-track-a1-server-sweep,1.0,128,5103232.0,/projects/F202500010HPCVLABUMINHO/uminhocp006/aded-project-llamacpp/llamacpp-tq/models/Meta-Llama-3.1-8B-Instruct-Q4_K_M.gguf,model-1-mandatory,1,mandatory_long_transformer_cpu,1,measurements/organized_a1_results/arm_server/a1_server_scaling_summary.csv,3,model-set,24,24,6.536375042377912,0.15287268391338737,0.16760955866751223
unknown,turbo4,turbo4,medium,2048,tq,measurements/1253766-track-a1-server-sweep,1.0,128,5103232.0,/projects/F202500010HPCVLABUMINHO/uminhocp006/aded-project-llamacpp/llamacpp-tq/models/Meta-Llama-3.1-8B-Instruct-Q4_K_M.gguf,model-1-mandatory,1,mandatory_medium_ml_vs_dl,1,measurements/organized_a1_results/arm_server/a1_server_scaling_summary.csv,3,model-set,24,24,7.256831400700534,0.13768776385564094,0.15176359633308797
unknown,turbo4,turbo4,medium,2048,tq,measurements/1253766-track-a1-server-sweep,1.0,128,5103232.0,/projects/F202500010HPCVLABUMINHO/uminhocp006/aded-project-llamacpp/llamacpp-tq/models/Meta-Llama-3.1-8B-Instruct-Q4_K_M.gguf,model-1-mandatory,1,medium_cpu_inference_pipeline,1,measurements/organized_a1_results/arm_server/a1_server_scaling_summary.csv,3,model-set,24,24,6.903954661951062,0.14473029347506813,0.1589253166657727
unknown,turbo4,turbo4,medium,2048,tq,measurements/1253766-track-a1-server-sweep,1.0,128,5103232.0,/projects/F202500010HPCVLABUMINHO/uminhocp006/aded-project-llamacpp/llamacpp-tq/models/Meta-Llama-3.1-8B-Instruct-Q4_K_M.gguf,model-1-mandatory,1,medium_quant_tradeoff,1,measurements/organized_a1_results/arm_server/a1_server_scaling_summary.csv,3,model-set,24,24,6.977612041827272,0.14320277196587652,0.15745397166695815
unknown,turbo4,turbo4,short,2048,tq,measurements/1253766-track-a1-server-sweep,1.0,128,5103232.0,/projects/F202500010HPCVLABUMINHO/uminhocp006/aded-project-llamacpp/llamacpp-tq/models/Meta-Llama-3.1-8B-Instruct-Q4_K_M.gguf,model-1-mandatory,1,mandatory_short_capital_france,1,measurements/organized_a1_results/arm_server/a1_server_scaling_summary.csv,3,model-set,24,24,3.264197042982974,0.1294913652778228,1.2374397076661505
unknown,turbo4,turbo4,short,2048,tq,measurements/1253766-track-a1-server-sweep,0.0,128,5103232.0,/projects/F202500010HPCVLABUMINHO/uminhocp006/aded-project-llamacpp/llamacpp-tq/models/Meta-Llama-3.1-8B-Instruct-Q4_K_M.gguf,model-1-mandatory,1,short_cpu_quantisation,1,measurements/organized_a1_results/arm_server/a1_server_scaling_summary.csv,3,model-set,24,24,6.030769659535448,0.13887442876377434,3.58699229166632
unknown,turbo4,turbo4,short,2048,tq,measurements/1253766-track-a1-server-sweep,1.0,128,5103232.0,/projects/F202500010HPCVLABUMINHO/uminhocp006/aded-project-llamacpp/llamacpp-tq/models/Meta-Llama-3.1-8B-Instruct-Q4_K_M.gguf,model-1-mandatory,1,short_threading_definition,1,measurements/organized_a1_results/arm_server/a1_server_scaling_summary.csv,3,model-set,24,24,7.240596364632494,0.13800519625983915,0.15102262000073097
unknown,turbo3,turbo3,long,2048,tq,measurements/1253766-track-a1-server-sweep,0.0,128,5430336.0,/projects/F202500010HPCVLABUMINHO/uminhocp006/aded-project-llamacpp/llamacpp-tq/models/gemma-4-E4B-it-OBLITERATED-Q4_K_M.gguf,model-3,1,long_hpc_case_study,1,measurements/organized_a1_results/arm_server/a1_server_scaling_summary.csv,3,model-set,24,24,0.0,,
unknown,turbo3,turbo3,long,2048,tq,measurements/1253766-track-a1-server-sweep,0.0,128,5430336.0,/projects/F202500010HPCVLABUMINHO/uminhocp006/aded-project-llamacpp/llamacpp-tq/models/gemma-4-E4B-it-OBLITERATED-Q4_K_M.gguf,model-3,1,long_memory_bound_reasoning,1,measurements/organized_a1_results/arm_server/a1_server_scaling_summary.csv,3,model-set,24,24,2.8933785161222394,0.2006858655718959,18.17168864866835
unknown,turbo3,turbo3,long,2048,tq,measurements/1253766-track-a1-server-sweep,0.0,128,5430336.0,/projects/F202500010HPCVLABUMINHO/uminhocp006/aded-project-llamacpp/llamacpp-tq/models/gemma-4-E4B-it-OBLITERATED-Q4_K_M.gguf,model-3,1,mandatory_long_transformer_cpu,1,measurements/organized_a1_results/arm_server/a1_server_scaling_summary.csv,3,model-set,24,24,0.0,,
unknown,turbo3,turbo3,medium,2048,tq,measurements/1253766-track-a1-server-sweep,0.0,128,5430336.0,/projects/F202500010HPCVLABUMINHO/uminhocp006/aded-project-llamacpp/llamacpp-tq/models/gemma-4-E4B-it-OBLITERATED-Q4_K_M.gguf,model-3,1,mandatory_medium_ml_vs_dl,1,measurements/organized_a1_results/arm_server/a1_server_scaling_summary.csv,3,model-set,24,24,0.18597820606032542,0.16438530544271795,21.014333149660768
unknown,turbo3,turbo3,medium,2048,tq,measurements/1253766-track-a1-server-sweep,0.0,128,5430336.0,/projects/F202500010HPCVLABUMINHO/uminhocp006/aded-project-llamacpp/llamacpp-tq/models/gemma-4-E4B-it-OBLITERATED-Q4_K_M.gguf,model-3,1,medium_cpu_inference_pipeline,1,measurements/organized_a1_results/arm_server/a1_server_scaling_summary.csv,3,model-set,24,24,4.804347883025768,0.16331497976381337,5.901107595670813
unknown,turbo3,turbo3,medium,2048,tq,measurements/1253766-track-a1-server-sweep,0.0,128,5430336.0,/projects/F202500010HPCVLABUMINHO/uminhocp006/aded-project-llamacpp/llamacpp-tq/models/gemma-4-E4B-it-OBLITERATED-Q4_K_M.gguf,model-3,1,medium_quant_tradeoff,1,measurements/organized_a1_results/arm_server/a1_server_scaling_summary.csv,3,model-set,24,24,0.0,,
unknown,turbo3,turbo3,short,2048,tq,measurements/1253766-track-a1-server-sweep,0.0,128,5430336.0,/projects/F202500010HPCVLABUMINHO/uminhocp006/aded-project-llamacpp/llamacpp-tq/models/gemma-4-E4B-it-OBLITERATED-Q4_K_M.gguf,model-3,1,mandatory_short_capital_france,1,measurements/organized_a1_results/arm_server/a1_server_scaling_summary.csv,3,model-set,24,24,0.5773525664368112,,1.5938513246752943
unknown,turbo3,turbo3,short,2048,tq,measurements/1253766-track-a1-server-sweep,0.0,128,5430336.0,/projects/F202500010HPCVLABUMINHO/uminhocp006/aded-project-llamacpp/llamacpp-tq/models/gemma-4-E4B-it-OBLITERATED-Q4_K_M.gguf,model-3,1,short_cpu_quantisation,1,measurements/organized_a1_results/arm_server/a1_server_scaling_summary.csv,3,model-set,24,24,5.70018965577258,0.15344427046715892,2.9675129566555065
unknown,turbo3,turbo3,short,2048,tq,measurements/1253766-track-a1-server-sweep,0.0,128,5430336.0,/projects/F202500010HPCVLABUMINHO/uminhocp006/aded-project-llamacpp/llamacpp-tq/models/gemma-4-E4B-it-OBLITERATED-Q4_K_M.gguf,model-3,1,short_threading_definition,1,measurements/organized_a1_results/arm_server/a1_server_scaling_summary.csv,3,model-set,24,24,6.025788040026555,0.14676692135711805,2.582993121332644
unknown,turbo4,turbo4,long,2048,tq,measurements/1253766-track-a1-server-sweep,0.0,128,5445376.0,/projects/F202500010HPCVLABUMINHO/uminhocp006/aded-project-llamacpp/llamacpp-tq/models/gemma-4-E4B-it-OBLITERATED-Q4_K_M.gguf,model-3,1,long_hpc_case_study,1,measurements/organized_a1_results/arm_server/a1_server_scaling_summary.csv,3,model-set,24,24,0.0,,
unknown,turbo4,turbo4,long,2048,tq,measurements/1253766-track-a1-server-sweep,0.0,128,5445376.0,/projects/F202500010HPCVLABUMINHO/uminhocp006/aded-project-llamacpp/llamacpp-tq/models/gemma-4-E4B-it-OBLITERATED-Q4_K_M.gguf,model-3,1,long_memory_bound_reasoning,1,measurements/organized_a1_results/arm_server/a1_server_scaling_summary.csv,3,model-set,24,24,0.12778595390230366,0.1872199155817119,38.37861227667114
unknown,turbo4,turbo4,long,2048,tq,measurements/1253766-track-a1-server-sweep,0.0,128,5445376.0,/projects/F202500010HPCVLABUMINHO/uminhocp006/aded-project-llamacpp/llamacpp-tq/models/gemma-4-E4B-it-OBLITERATED-Q4_K_M.gguf,model-3,1,mandatory_long_transformer_cpu,1,measurements/organized_a1_results/arm_server/a1_server_scaling_summary.csv,3,model-set,24,24,0.0,,
unknown,turbo4,turbo4,medium,2048,tq,measurements/1253766-track-a1-server-sweep,0.0,128,5445376.0,/projects/F202500010HPCVLABUMINHO/uminhocp006/aded-project-llamacpp/llamacpp-tq/models/gemma-4-E4B-it-OBLITERATED-Q4_K_M.gguf,model-3,1,mandatory_medium_ml_vs_dl,1,measurements/organized_a1_results/arm_server/a1_server_scaling_summary.csv,3,model-set,24,24,0.0,,
unknown,turbo4,turbo4,medium,2048,tq,measurements/1253766-track-a1-server-sweep,0.0,128,5445376.0,/projects/F202500010HPCVLABUMINHO/uminhocp006/aded-project-llamacpp/llamacpp-tq/models/gemma-4-E4B-it-OBLITERATED-Q4_K_M.gguf,model-3,1,medium_cpu_inference_pipeline,1,measurements/organized_a1_results/arm_server/a1_server_scaling_summary.csv,3,model-set,24,24,0.0,,
unknown,turbo4,turbo4,medium,2048,tq,measurements/1253766-track-a1-server-sweep,0.0,128,5445376.0,/projects/F202500010HPCVLABUMINHO/uminhocp006/aded-project-llamacpp/llamacpp-tq/models/gemma-4-E4B-it-OBLITERATED-Q4_K_M.gguf,model-3,1,medium_quant_tradeoff,1,measurements/organized_a1_results/arm_server/a1_server_scaling_summary.csv,3,model-set,24,24,0.0,,
unknown,turbo4,turbo4,short,2048,tq,measurements/1253766-track-a1-server-sweep,1.0,128,5445376.0,/projects/F202500010HPCVLABUMINHO/uminhocp006/aded-project-llamacpp/llamacpp-tq/models/gemma-4-E4B-it-OBLITERATED-Q4_K_M.gguf,model-3,1,mandatory_short_capital_france,1,measurements/organized_a1_results/arm_server/a1_server_scaling_summary.csv,3,model-set,24,24,3.4746600803103265,0.12876215174091393,1.5854079836572055
unknown,turbo4,turbo4,short,2048,tq,measurements/1253766-track-a1-server-sweep,0.0,128,5445376.0,/projects/F202500010HPCVLABUMINHO/uminhocp006/aded-project-llamacpp/llamacpp-tq/models/gemma-4-E4B-it-OBLITERATED-Q4_K_M.gguf,model-3,1,short_cpu_quantisation,1,measurements/organized_a1_results/arm_server/a1_server_scaling_summary.csv,3,model-set,24,24,0.0,,
unknown,turbo4,turbo4,short,2048,tq,measurements/1253766-track-a1-server-sweep,0.0,128,5445376.0,/projects/F202500010HPCVLABUMINHO/uminhocp006/aded-project-llamacpp/llamacpp-tq/models/gemma-4-E4B-it-OBLITERATED-Q4_K_M.gguf,model-3,1,short_threading_definition,1,measurements/organized_a1_results/arm_server/a1_server_scaling_summary.csv,3,model-set,24,24,0.4341721280324279,0.15409205766627565,19.49591603500691
unknown,f16,f16,long,2048,vanilla,measurements/1253766-track-a1-server-sweep,1.0,128,5505024.0,/projects/F202500010HPCVLABUMINHO/uminhocp006/aded-project-llamacpp/llamacpp-tq/models/Meta-Llama-3.1-8B-Instruct-Q4_K_M.gguf,model-1-mandatory,1,long_hpc_case_study,1,measurements/organized_a1_results/arm_server/a1_server_scaling_summary.csv,3,model-set,24,24,7.307644425515144,0.13618873019424374,0.2194687359976039
unknown,f16,f16,long,2048,vanilla,measurements/1253766-track-a1-server-sweep,1.0,128,5505024.0,/projects/F202500010HPCVLABUMINHO/uminhocp006/aded-project-llamacpp/llamacpp-tq/models/Meta-Llama-3.1-8B-Instruct-Q4_K_M.gguf,model-1-mandatory,1,long_memory_bound_reasoning,1,measurements/organized_a1_results/arm_server/a1_server_scaling_summary.csv,3,model-set,24,24,7.332829226294507,0.13564566051444388,0.22831241366657196
unknown,f16,f16,long,2048,vanilla,measurements/1253766-track-a1-server-sweep,1.0,128,5505024.0,/projects/F202500010HPCVLABUMINHO/uminhocp006/aded-project-llamacpp/llamacpp-tq/models/Meta-Llama-3.1-8B-Instruct-Q4_K_M.gguf,model-1-mandatory,1,mandatory_long_transformer_cpu,1,measurements/organized_a1_results/arm_server/a1_server_scaling_summary.csv,3,model-set,24,24,7.509519608769866,0.13259678341733921,0.20480625466492106
unknown,f16,f16,medium,2048,vanilla,measurements/1253766-track-a1-server-sweep,1.0,128,5505024.0,/projects/F202500010HPCVLABUMINHO/uminhocp006/aded-project-llamacpp/llamacpp-tq/models/Meta-Llama-3.1-8B-Instruct-Q4_K_M.gguf,model-1-mandatory,1,mandatory_medium_ml_vs_dl,1,measurements/organized_a1_results/arm_server/a1_server_scaling_summary.csv,3,model-set,24,24,7.672076276756724,0.1299436398582616,0.18060460300330305
unknown,f16,f16,medium,2048,vanilla,measurements/1253766-track-a1-server-sweep,1.0,128,5505024.0,/projects/F202500010HPCVLABUMINHO/uminhocp006/aded-project-llamacpp/llamacpp-tq/models/Meta-Llama-3.1-8B-Instruct-Q4_K_M.gguf,model-1-mandatory,1,medium_cpu_inference_pipeline,1,measurements/organized_a1_results/arm_server/a1_server_scaling_summary.csv,3,model-set,24,24,7.628803672359376,0.13062870392387257,0.1882514539999344
unknown,f16,f16,medium,2048,vanilla,measurements/1253766-track-a1-server-sweep,1.0,128,5505024.0,/projects/F202500010HPCVLABUMINHO/uminhocp006/aded-project-llamacpp/llamacpp-tq/models/Meta-Llama-3.1-8B-Instruct-Q4_K_M.gguf,model-1-mandatory,1,medium_quant_tradeoff,1,measurements/organized_a1_results/arm_server/a1_server_scaling_summary.csv,3,model-set,24,24,7.634593090219804,0.1304642003123504,0.1964189576683566
unknown,f16,f16,short,2048,vanilla,measurements/1253766-track-a1-server-sweep,1.0,128,5505024.0,/projects/F202500010HPCVLABUMINHO/uminhocp006/aded-project-llamacpp/llamacpp-tq/models/Meta-Llama-3.1-8B-Instruct-Q4_K_M.gguf,model-1-mandatory,1,mandatory_short_capital_france,1,measurements/organized_a1_results/arm_server/a1_server_scaling_summary.csv,3,model-set,24,24,3.2092547158870244,0.1287999982774232,1.279176772669113
unknown,f16,f16,short,2048,vanilla,measurements/1253766-track-a1-server-sweep,0.0,128,5505024.0,/projects/F202500010HPCVLABUMINHO/uminhocp006/aded-project-llamacpp/llamacpp-tq/models/Meta-Llama-3.1-8B-Instruct-Q4_K_M.gguf,model-1-mandatory,1,short_cpu_quantisation,1,measurements/organized_a1_results/arm_server/a1_server_scaling_summary.csv,3,model-set,24,24,6.371873720542558,0.13014032064829423,3.560020037997068
unknown,f16,f16,short,2048,vanilla,measurements/1253766-track-a1-server-sweep,1.0,128,5505024.0,/projects/F202500010HPCVLABUMINHO/uminhocp006/aded-project-llamacpp/llamacpp-tq/models/Meta-Llama-3.1-8B-Instruct-Q4_K_M.gguf,model-1-mandatory,1,short_threading_definition,1,measurements/organized_a1_results/arm_server/a1_server_scaling_summary.csv,3,model-set,24,24,7.676642123243355,0.13001807944356356,0.16119332566449884
unknown,f16,f16,long,2048,vanilla,measurements/1253766-track-a1-server-sweep,1.0,128,491264.0,/projects/F202500010HPCVLABUMINHO/uminhocp006/aded-project-llamacpp/llamacpp-tq/models/SmolLM2-360M-Instruct.Q4_K_M.gguf,model-2,1,long_hpc_case_study,1,measurements/organized_a1_results/arm_server/a1_server_scaling_summary.csv,3,model-set,24,24,46.0020744547328,0.02150497801040893,0.05088631768012419
unknown,f16,f16,long,2048,vanilla,measurements/1253766-track-a1-server-sweep,1.0,128,491264.0,/projects/F202500010HPCVLABUMINHO/uminhocp006/aded-project-llamacpp/llamacpp-tq/models/SmolLM2-360M-Instruct.Q4_K_M.gguf,model-2,1,long_memory_bound_reasoning,1,measurements/organized_a1_results/arm_server/a1_server_scaling_summary.csv,3,model-set,24,24,46.25021084414981,0.021365422763806107,0.05367528967326507
unknown,f16,f16,long,2048,vanilla,measurements/1253766-track-a1-server-sweep,1.0,128,491264.0,/projects/F202500010HPCVLABUMINHO/uminhocp006/aded-project-llamacpp/llamacpp-tq/models/SmolLM2-360M-Instruct.Q4_K_M.gguf,model-2,1,mandatory_long_transformer_cpu,1,measurements/organized_a1_results/arm_server/a1_server_scaling_summary.csv,3,model-set,24,24,48.777708843681445,0.02002688076667255,0.04623586898863626
unknown,f16,f16,medium,2048,vanilla,measurements/1253766-track-a1-server-sweep,1.0,128,491264.0,/projects/F202500010HPCVLABUMINHO/uminhocp006/aded-project-llamacpp/llamacpp-tq/models/SmolLM2-360M-Instruct.Q4_K_M.gguf,model-2,1,mandatory_medium_ml_vs_dl,1,measurements/organized_a1_results/arm_server/a1_server_scaling_summary.csv,3,model-set,24,24,50.76974411052022,0.01952324564302257,0.041309811339791246
unknown,f16,f16,medium,2048,vanilla,measurements/1253766-track-a1-server-sweep,1.0,128,491264.0,/projects/F202500010HPCVLABUMINHO/uminhocp006/aded-project-llamacpp/llamacpp-tq/models/SmolLM2-360M-Instruct.Q4_K_M.gguf,model-2,1,medium_cpu_inference_pipeline,1,measurements/organized_a1_results/arm_server/a1_server_scaling_summary.csv,3,model-set,24,24,50.42577983786009,0.01965909516015652,0.04124524298822507
unknown,f16,f16,medium,2048,vanilla,measurements/1253766-track-a1-server-sweep,1.0,128,491264.0,/projects/F202500010HPCVLABUMINHO/uminhocp006/aded-project-llamacpp/llamacpp-tq/models/SmolLM2-360M-Instruct.Q4_K_M.gguf,model-2,1,medium_quant_tradeoff,1,measurements/organized_a1_results/arm_server/a1_server_scaling_summary.csv,3,model-set,24,24,50.39951807070206,0.019651318989508344,0.043548596993787214
unknown,f16,f16,short,2048,vanilla,measurements/1253766-track-a1-server-sweep,1.0,128,491264.0,/projects/F202500010HPCVLABUMINHO/uminhocp006/aded-project-llamacpp/llamacpp-tq/models/SmolLM2-360M-Instruct.Q4_K_M.gguf,model-2,1,mandatory_short_capital_france,1,measurements/organized_a1_results/arm_server/a1_server_scaling_summary.csv,3,model-set,24,24,22.004502884941843,0.01942493938905601,0.1819403253418083
unknown,f16,f16,short,2048,vanilla,measurements/1253766-track-a1-server-sweep,1.0,128,491264.0,/projects/F202500010HPCVLABUMINHO/uminhocp006/aded-project-llamacpp/llamacpp-tq/models/SmolLM2-360M-Instruct.Q4_K_M.gguf,model-2,1,short_cpu_quantisation,1,measurements/organized_a1_results/arm_server/a1_server_scaling_summary.csv,3,model-set,24,24,43.53363782675045,0.019565281635266423,0.45500160432614695
unknown,f16,f16,short,2048,vanilla,measurements/1253766-track-a1-server-sweep,1.0,128,491264.0,/projects/F202500010HPCVLABUMINHO/uminhocp006/aded-project-llamacpp/llamacpp-tq/models/SmolLM2-360M-Instruct.Q4_K_M.gguf,model-2,1,short_threading_definition,1,measurements/organized_a1_results/arm_server/a1_server_scaling_summary.csv,3,model-set,24,24,50.902245151046394,0.01953716621267624,0.03295977832749486
unknown,f16,f16,long,2048,vanilla,measurements/1253766-track-a1-server-sweep,0.0,128,5668608.0,/projects/F202500010HPCVLABUMINHO/uminhocp006/aded-project-llamacpp/llamacpp-tq/models/gemma-4-E4B-it-OBLITERATED-Q4_K_M.gguf,model-3,1,long_hpc_case_study,1,measurements/organized_a1_results/arm_server/a1_server_scaling_summary.csv,3,model-set,24,24,0.0,,
unknown,f16,f16,long,2048,vanilla,measurements/1253766-track-a1-server-sweep,0.0,128,5668608.0,/projects/F202500010HPCVLABUMINHO/uminhocp006/aded-project-llamacpp/llamacpp-tq/models/gemma-4-E4B-it-OBLITERATED-Q4_K_M.gguf,model-3,1,long_memory_bound_reasoning,1,measurements/organized_a1_results/arm_server/a1_server_scaling_summary.csv,3,model-set,24,24,0.0,,
unknown,f16,f16,long,2048,vanilla,measurements/1253766-track-a1-server-sweep,0.0,128,5668608.0,/projects/F202500010HPCVLABUMINHO/uminhocp006/aded-project-llamacpp/llamacpp-tq/models/gemma-4-E4B-it-OBLITERATED-Q4_K_M.gguf,model-3,1,mandatory_long_transformer_cpu,1,measurements/organized_a1_results/arm_server/a1_server_scaling_summary.csv,3,model-set,24,24,0.0,,
unknown,f16,f16,medium,2048,vanilla,measurements/1253766-track-a1-server-sweep,0.0,128,5668608.0,/projects/F202500010HPCVLABUMINHO/uminhocp006/aded-project-llamacpp/llamacpp-tq/models/gemma-4-E4B-it-OBLITERATED-Q4_K_M.gguf,model-3,1,mandatory_medium_ml_vs_dl,1,measurements/organized_a1_results/arm_server/a1_server_scaling_summary.csv,3,model-set,24,24,5.481150902044178,0.12739863060336132,2.0881618530062647
unknown,f16,f16,medium,2048,vanilla,measurements/1253766-track-a1-server-sweep,0.0,128,5668608.0,/projects/F202500010HPCVLABUMINHO/uminhocp006/aded-project-llamacpp/llamacpp-tq/models/gemma-4-E4B-it-OBLITERATED-Q4_K_M.gguf,model-3,1,medium_cpu_inference_pipeline,1,measurements/organized_a1_results/arm_server/a1_server_scaling_summary.csv,3,model-set,24,24,0.0,,
unknown,f16,f16,medium,2048,vanilla,measurements/1253766-track-a1-server-sweep,0.0,128,5668608.0,/projects/F202500010HPCVLABUMINHO/uminhocp006/aded-project-llamacpp/llamacpp-tq/models/gemma-4-E4B-it-OBLITERATED-Q4_K_M.gguf,model-3,1,medium_quant_tradeoff,1,measurements/organized_a1_results/arm_server/a1_server_scaling_summary.csv,3,model-set,24,24,0.0,,
unknown,f16,f16,short,2048,vanilla,measurements/1253766-track-a1-server-sweep,1.0,128,5668608.0,/projects/F202500010HPCVLABUMINHO/uminhocp006/aded-project-llamacpp/llamacpp-tq/models/gemma-4-E4B-it-OBLITERATED-Q4_K_M.gguf,model-3,1,mandatory_short_capital_france,1,measurements/organized_a1_results/arm_server/a1_server_scaling_summary.csv,3,model-set,24,24,5.154186201342459,0.1279216656823539,1.4565836100082379
unknown,f16,f16,short,2048,vanilla,measurements/1253766-track-a1-server-sweep,0.0,128,5668608.0,/projects/F202500010HPCVLABUMINHO/uminhocp006/aded-project-llamacpp/llamacpp-tq/models/gemma-4-E4B-it-OBLITERATED-Q4_K_M.gguf,model-3,1,short_cpu_quantisation,1,measurements/organized_a1_results/arm_server/a1_server_scaling_summary.csv,3,model-set,24,24,0.2581615960087641,0.1324766034182782,18.83746134499476
unknown,f16,f16,short,2048,vanilla,measurements/1253766-track-a1-server-sweep,0.0,128,5668608.0,/projects/F202500010HPCVLABUMINHO/uminhocp006/aded-project-llamacpp/llamacpp-tq/models/gemma-4-E4B-it-OBLITERATED-Q4_K_M.gguf,model-3,1,short_threading_definition,1,measurements/organized_a1_results/arm_server/a1_server_scaling_summary.csv,3,model-set,24,24,6.633933256620822,0.1339375534540365,2.2842786483330806
unknown,turbo3,turbo3,long,2048,tq,measurements/1253766-track-a1-server-sweep,0.0,128,5063104.0,/projects/F202500010HPCVLABUMINHO/uminhocp006/aded-project-llamacpp/llamacpp-tq/models/Meta-Llama-3.1-8B-Instruct-Q4_K_M.gguf,model-1-mandatory,1,long_hpc_case_study,1,measurements/organized_a1_results/arm_server/a1_server_scaling_summary.csv,3,thread-scaling,12,12,3.0134688745837463,0.33177580863515127,0.3402340913404866
unknown,turbo3,turbo3,long,2048,tq,measurements/1253766-track-a1-server-sweep,0.0,128,5063104.0,/projects/F202500010HPCVLABUMINHO/uminhocp006/aded-project-llamacpp/llamacpp-tq/models/Meta-Llama-3.1-8B-Instruct-Q4_K_M.gguf,model-1-mandatory,1,long_memory_bound_reasoning,1,measurements/organized_a1_results/arm_server/a1_server_scaling_summary.csv,3,thread-scaling,12,12,3.1341573803459086,0.3189932287584659,0.3277372056812358
unknown,turbo3,turbo3,long,2048,tq,measurements/1253766-track-a1-server-sweep,0.0,128,5063104.0,/projects/F202500010HPCVLABUMINHO/uminhocp006/aded-project-llamacpp/llamacpp-tq/models/Meta-Llama-3.1-8B-Instruct-Q4_K_M.gguf,model-1-mandatory,1,mandatory_long_transformer_cpu,1,measurements/organized_a1_results/arm_server/a1_server_scaling_summary.csv,3,thread-scaling,12,12,3.385155286621088,0.2953557041758614,0.3016051370068453
unknown,turbo3,turbo3,medium,2048,tq,measurements/1253766-track-a1-server-sweep,0.0,128,5063104.0,/projects/F202500010HPCVLABUMINHO/uminhocp006/aded-project-llamacpp/llamacpp-tq/models/Meta-Llama-3.1-8B-Instruct-Q4_K_M.gguf,model-1-mandatory,1,mandatory_medium_ml_vs_dl,1,measurements/organized_a1_results/arm_server/a1_server_scaling_summary.csv,3,thread-scaling,12,12,3.7712283224838963,0.26512360478483393,0.2700547866600876
unknown,turbo3,turbo3,medium,2048,tq,measurements/1253766-track-a1-server-sweep,0.0,128,5063104.0,/projects/F202500010HPCVLABUMINHO/uminhocp006/aded-project-llamacpp/llamacpp-tq/models/Meta-Llama-3.1-8B-Instruct-Q4_K_M.gguf,model-1-mandatory,1,medium_cpu_inference_pipeline,1,measurements/organized_a1_results/arm_server/a1_server_scaling_summary.csv,3,thread-scaling,12,12,3.57575347023026,0.27961969698953143,0.2845146340065791
unknown,turbo3,turbo3,medium,2048,tq,measurements/1253766-track-a1-server-sweep,0.0,128,5063104.0,/projects/F202500010HPCVLABUMINHO/uminhocp006/aded-project-llamacpp/llamacpp-tq/models/Meta-Llama-3.1-8B-Instruct-Q4_K_M.gguf,model-1-mandatory,1,medium_quant_tradeoff,1,measurements/organized_a1_results/arm_server/a1_server_scaling_summary.csv,3,thread-scaling,12,12,3.6148871502637894,0.2765895107689526,0.28181399834769155
unknown,turbo3,turbo3,short,2048,tq,measurements/1253766-track-a1-server-sweep,0.0,128,5063104.0,/projects/F202500010HPCVLABUMINHO/uminhocp006/aded-project-llamacpp/llamacpp-tq/models/Meta-Llama-3.1-8B-Instruct-Q4_K_M.gguf,model-1-mandatory,1,mandatory_short_capital_france,1,measurements/organized_a1_results/arm_server/a1_server_scaling_summary.csv,3,thread-scaling,12,12,1.6732032876728278,0.24735090427728007,2.451018538005883
unknown,turbo3,turbo3,short,2048,tq,measurements/1253766-track-a1-server-sweep,0.0,128,5063104.0,/projects/F202500010HPCVLABUMINHO/uminhocp006/aded-project-llamacpp/llamacpp-tq/models/Meta-Llama-3.1-8B-Instruct-Q4_K_M.gguf,model-1-mandatory,1,short_cpu_quantisation,1,measurements/organized_a1_results/arm_server/a1_server_scaling_summary.csv,3,thread-scaling,12,12,3.100753476017969,0.2681681930209422,7.222479675343493
unknown,turbo3,turbo3,short,2048,tq,measurements/1253766-track-a1-server-sweep,0.0,128,5063104.0,/projects/F202500010HPCVLABUMINHO/uminhocp006/aded-project-llamacpp/llamacpp-tq/models/Meta-Llama-3.1-8B-Instruct-Q4_K_M.gguf,model-1-mandatory,1,short_threading_definition,1,measurements/organized_a1_results/arm_server/a1_server_scaling_summary.csv,3,thread-scaling,12,12,3.756497338529444,0.26617021334914887,0.2702259143309978
unknown,turbo4,turbo4,long,2048,tq,measurements/1253766-track-a1-server-sweep,0.0,128,5097920.0,/projects/F202500010HPCVLABUMINHO/uminhocp006/aded-project-llamacpp/llamacpp-tq/models/Meta-Llama-3.1-8B-Instruct-Q4_K_M.gguf,model-1-mandatory,1,long_hpc_case_study,1,measurements/organized_a1_results/arm_server/a1_server_scaling_summary.csv,3,thread-scaling,12,12,3.2875638388033233,0.30405901361944637,0.31866011233069
unknown,turbo4,turbo4,long,2048,tq,measurements/1253766-track-a1-server-sweep,0.0,128,5097920.0,/projects/F202500010HPCVLABUMINHO/uminhocp006/aded-project-llamacpp/llamacpp-tq/models/Meta-Llama-3.1-8B-Instruct-Q4_K_M.gguf,model-1-mandatory,1,long_memory_bound_reasoning,1,measurements/organized_a1_results/arm_server/a1_server_scaling_summary.csv,3,thread-scaling,12,12,3.3920396299885898,0.2946887182073638,0.3094907719932962
unknown,turbo4,turbo4,long,2048,tq,measurements/1253766-track-a1-server-sweep,0.0,128,5097920.0,/projects/F202500010HPCVLABUMINHO/uminhocp006/aded-project-llamacpp/llamacpp-tq/models/Meta-Llama-3.1-8B-Instruct-Q4_K_M.gguf,model-1-mandatory,1,mandatory_long_transformer_cpu,1,measurements/organized_a1_results/arm_server/a1_server_scaling_summary.csv,3,thread-scaling,12,12,3.592992440232546,0.27822454753027814,0.28991794898562756
unknown,turbo4,turbo4,medium,2048,tq,measurements/1253766-track-a1-server-sweep,0.0,128,5097920.0,/projects/F202500010HPCVLABUMINHO/uminhocp006/aded-project-llamacpp/llamacpp-tq/models/Meta-Llama-3.1-8B-Instruct-Q4_K_M.gguf,model-1-mandatory,1,mandatory_medium_ml_vs_dl,1,measurements/organized_a1_results/arm_server/a1_server_scaling_summary.csv,3,thread-scaling,12,12,3.8916402586361096,0.25687692349876234,0.267171011325748
unknown,turbo4,turbo4,medium,2048,tq,measurements/1253766-track-a1-server-sweep,0.0,128,5097920.0,/projects/F202500010HPCVLABUMINHO/uminhocp006/aded-project-llamacpp/llamacpp-tq/models/Meta-Llama-3.1-8B-Instruct-Q4_K_M.gguf,model-1-mandatory,1,medium_cpu_inference_pipeline,1,measurements/organized_a1_results/arm_server/a1_server_scaling_summary.csv,3,thread-scaling,12,12,3.7443660892151565,0.26698156783998617,0.2775849589864568
unknown,turbo4,turbo4,medium,2048,tq,measurements/1253766-track-a1-server-sweep,0.0,128,5097920.0,/projects/F202500010HPCVLABUMINHO/uminhocp006/aded-project-llamacpp/llamacpp-tq/models/Meta-Llama-3.1-8B-Instruct-Q4_K_M.gguf,model-1-mandatory,1,medium_quant_tradeoff,1,measurements/organized_a1_results/arm_server/a1_server_scaling_summary.csv,3,thread-scaling,12,12,3.775758263704308,0.26475912806041124,0.27562121533749934
unknown,turbo4,turbo4,short,2048,tq,measurements/1253766-track-a1-server-sweep,0.0,128,5097920.0,/projects/F202500010HPCVLABUMINHO/uminhocp006/aded-project-llamacpp/llamacpp-tq/models/Meta-Llama-3.1-8B-Instruct-Q4_K_M.gguf,model-1-mandatory,1,mandatory_short_capital_france,1,measurements/organized_a1_results/arm_server/a1_server_scaling_summary.csv,3,thread-scaling,12,12,1.694416690607961,0.24455863894480798,2.4183964399950733
unknown,turbo4,turbo4,short,2048,tq,measurements/1253766-track-a1-server-sweep,0.0,128,5097920.0,/projects/F202500010HPCVLABUMINHO/uminhocp006/aded-project-llamacpp/llamacpp-tq/models/Meta-Llama-3.1-8B-Instruct-Q4_K_M.gguf,model-1-mandatory,1,short_cpu_quantisation,1,measurements/organized_a1_results/arm_server/a1_server_scaling_summary.csv,3,thread-scaling,12,12,3.2015490926161854,0.25890585299739566,7.099144942001051
unknown,turbo4,turbo4,short,2048,tq,measurements/1253766-track-a1-server-sweep,0.0,128,5097920.0,/projects/F202500010HPCVLABUMINHO/uminhocp006/aded-project-llamacpp/llamacpp-tq/models/Meta-Llama-3.1-8B-Instruct-Q4_K_M.gguf,model-1-mandatory,1,short_threading_definition,1,measurements/organized_a1_results/arm_server/a1_server_scaling_summary.csv,3,thread-scaling,12,12,3.881235194600889,0.25757284978475836,0.2669931306736544
unknown,turbo3,turbo3,long,2048,tq,measurements/1253766-track-a1-server-sweep,1.0,128,5062720.0,/projects/F202500010HPCVLABUMINHO/uminhocp006/aded-project-llamacpp/llamacpp-tq/models/Meta-Llama-3.1-8B-Instruct-Q4_K_M.gguf,model-1-mandatory,1,long_hpc_case_study,1,measurements/organized_a1_results/arm_server/a1_server_scaling_summary.csv,3,thread-scaling,24,24,5.350967205338966,0.1867695416561713,0.2009219126678848
unknown,turbo3,turbo3,long,2048,tq,measurements/1253766-track-a1-server-sweep,1.0,128,5062720.0,/projects/F202500010HPCVLABUMINHO/uminhocp006/aded-project-llamacpp/llamacpp-tq/models/Meta-Llama-3.1-8B-Instruct-Q4_K_M.gguf,model-1-mandatory,1,long_memory_bound_reasoning,1,measurements/organized_a1_results/arm_server/a1_server_scaling_summary.csv,3,thread-scaling,24,24,5.609821425226273,0.178140906283459,0.19294561399146914
unknown,turbo3,turbo3,long,2048,tq,measurements/1253766-track-a1-server-sweep,1.0,128,5062720.0,/projects/F202500010HPCVLABUMINHO/uminhocp006/aded-project-llamacpp/llamacpp-tq/models/Meta-Llama-3.1-8B-Instruct-Q4_K_M.gguf,model-1-mandatory,1,mandatory_long_transformer_cpu,1,measurements/organized_a1_results/arm_server/a1_server_scaling_summary.csv,3,thread-scaling,24,24,6.121543289000781,0.16326017032015036,0.1754024016748493
unknown,turbo3,turbo3,medium,2048,tq,measurements/1253766-track-a1-server-sweep,1.0,128,5062720.0,/projects/F202500010HPCVLABUMINHO/uminhocp006/aded-project-llamacpp/llamacpp-tq/models/Meta-Llama-3.1-8B-Instruct-Q4_K_M.gguf,model-1-mandatory,1,mandatory_medium_ml_vs_dl,1,measurements/organized_a1_results/arm_server/a1_server_scaling_summary.csv,3,thread-scaling,24,24,7.002788541612313,0.14271141103937246,0.1536289343396978
unknown,turbo3,turbo3,medium,2048,tq,measurements/1253766-track-a1-server-sweep,1.0,128,5062720.0,/projects/F202500010HPCVLABUMINHO/uminhocp006/aded-project-llamacpp/llamacpp-tq/models/Meta-Llama-3.1-8B-Instruct-Q4_K_M.gguf,model-1-mandatory,1,medium_cpu_inference_pipeline,1,measurements/organized_a1_results/arm_server/a1_server_scaling_summary.csv,3,thread-scaling,24,24,6.543084115662214,0.15275298917060778,0.16257533200162774
unknown,turbo3,turbo3,medium,2048,tq,measurements/1253766-track-a1-server-sweep,1.0,128,5062720.0,/projects/F202500010HPCVLABUMINHO/uminhocp006/aded-project-llamacpp/llamacpp-tq/models/Meta-Llama-3.1-8B-Instruct-Q4_K_M.gguf,model-1-mandatory,1,medium_quant_tradeoff,1,measurements/organized_a1_results/arm_server/a1_server_scaling_summary.csv,3,thread-scaling,24,24,6.635065940300704,0.15063159590031833,0.160775656006687
unknown,turbo3,turbo3,short,2048,tq,measurements/1253766-track-a1-server-sweep,1.0,128,5062720.0,/projects/F202500010HPCVLABUMINHO/uminhocp006/aded-project-llamacpp/llamacpp-tq/models/Meta-Llama-3.1-8B-Instruct-Q4_K_M.gguf,model-1-mandatory,1,mandatory_short_capital_france,1,measurements/organized_a1_results/arm_server/a1_server_scaling_summary.csv,3,thread-scaling,24,24,3.230812850579856,0.13090730666752076,1.249474402992443
unknown,turbo3,turbo3,short,2048,tq,measurements/1253766-track-a1-server-sweep,0.0,128,5062720.0,/projects/F202500010HPCVLABUMINHO/uminhocp006/aded-project-llamacpp/llamacpp-tq/models/Meta-Llama-3.1-8B-Instruct-Q4_K_M.gguf,model-1-mandatory,1,short_cpu_quantisation,1,measurements/organized_a1_results/arm_server/a1_server_scaling_summary.csv,3,thread-scaling,24,24,5.80734035871315,0.14482276019155357,3.648107984336093
unknown,turbo3,turbo3,short,2048,tq,measurements/1253766-track-a1-server-sweep,1.0,128,5062720.0,/projects/F202500010HPCVLABUMINHO/uminhocp006/aded-project-llamacpp/llamacpp-tq/models/Meta-Llama-3.1-8B-Instruct-Q4_K_M.gguf,model-1-mandatory,1,short_threading_definition,1,measurements/organized_a1_results/arm_server/a1_server_scaling_summary.csv,3,thread-scaling,24,24,6.965293062773117,0.14348904031763962,0.15328012599881427
unknown,turbo4,turbo4,long,2048,tq,measurements/1253766-track-a1-server-sweep,1.0,128,5099840.0,/projects/F202500010HPCVLABUMINHO/uminhocp006/aded-project-llamacpp/llamacpp-tq/models/Meta-Llama-3.1-8B-Instruct-Q4_K_M.gguf,model-1-mandatory,1,long_hpc_case_study,1,measurements/organized_a1_results/arm_server/a1_server_scaling_summary.csv,3,thread-scaling,24,24,5.847594610630318,0.1708653235407436,0.18906573432226045
unknown,turbo4,turbo4,long,2048,tq,measurements/1253766-track-a1-server-sweep,1.0,128,5099840.0,/projects/F202500010HPCVLABUMINHO/uminhocp006/aded-project-llamacpp/llamacpp-tq/models/Meta-Llama-3.1-8B-Instruct-Q4_K_M.gguf,model-1-mandatory,1,long_memory_bound_reasoning,1,measurements/organized_a1_results/arm_server/a1_server_scaling_summary.csv,3,thread-scaling,24,24,6.074084780719622,0.1644837685432615,0.18328351733119538
unknown,turbo4,turbo4,long,2048,tq,measurements/1253766-track-a1-server-sweep,1.0,128,5099840.0,/projects/F202500010HPCVLABUMINHO/uminhocp006/aded-project-llamacpp/llamacpp-tq/models/Meta-Llama-3.1-8B-Instruct-Q4_K_M.gguf,model-1-mandatory,1,mandatory_long_transformer_cpu,1,measurements/organized_a1_results/arm_server/a1_server_scaling_summary.csv,3,thread-scaling,24,24,6.517423973260207,0.15331734355111004,0.16804709366018264
unknown,turbo4,turbo4,medium,2048,tq,measurements/1253766-track-a1-server-sweep,1.0,128,5099840.0,/projects/F202500010HPCVLABUMINHO/uminhocp006/aded-project-llamacpp/llamacpp-tq/models/Meta-Llama-3.1-8B-Instruct-Q4_K_M.gguf,model-1-mandatory,1,mandatory_medium_ml_vs_dl,1,measurements/organized_a1_results/arm_server/a1_server_scaling_summary.csv,3,thread-scaling,24,24,7.249723359027616,0.13782273053279906,0.1519249146610188
unknown,turbo4,turbo4,medium,2048,tq,measurements/1253766-track-a1-server-sweep,1.0,128,5099840.0,/projects/F202500010HPCVLABUMINHO/uminhocp006/aded-project-llamacpp/llamacpp-tq/models/Meta-Llama-3.1-8B-Instruct-Q4_K_M.gguf,model-1-mandatory,1,medium_cpu_inference_pipeline,1,measurements/organized_a1_results/arm_server/a1_server_scaling_summary.csv,3,thread-scaling,24,24,6.891911846347413,0.14498438968500696,0.15903435301152058
unknown,turbo4,turbo4,medium,2048,tq,measurements/1253766-track-a1-server-sweep,1.0,128,5099840.0,/projects/F202500010HPCVLABUMINHO/uminhocp006/aded-project-llamacpp/llamacpp-tq/models/Meta-Llama-3.1-8B-Instruct-Q4_K_M.gguf,model-1-mandatory,1,medium_quant_tradeoff,1,measurements/organized_a1_results/arm_server/a1_server_scaling_summary.csv,3,thread-scaling,24,24,6.970189059565694,0.14335225423358885,0.1577940653466309
unknown,turbo4,turbo4,short,2048,tq,measurements/1253766-track-a1-server-sweep,1.0,128,5099840.0,/projects/F202500010HPCVLABUMINHO/uminhocp006/aded-project-llamacpp/llamacpp-tq/models/Meta-Llama-3.1-8B-Instruct-Q4_K_M.gguf,model-1-mandatory,1,mandatory_short_capital_france,1,measurements/organized_a1_results/arm_server/a1_server_scaling_summary.csv,3,thread-scaling,24,24,3.2627659902856365,0.12969871400047042,1.2369975996552967
unknown,turbo4,turbo4,short,2048,tq,measurements/1253766-track-a1-server-sweep,0.0,128,5099840.0,/projects/F202500010HPCVLABUMINHO/uminhocp006/aded-project-llamacpp/llamacpp-tq/models/Meta-Llama-3.1-8B-Instruct-Q4_K_M.gguf,model-1-mandatory,1,short_cpu_quantisation,1,measurements/organized_a1_results/arm_server/a1_server_scaling_summary.csv,3,thread-scaling,24,24,6.016096916206882,0.1392601331233156,3.589791748333179
unknown,turbo4,turbo4,short,2048,tq,measurements/1253766-track-a1-server-sweep,1.0,128,5099840.0,/projects/F202500010HPCVLABUMINHO/uminhocp006/aded-project-llamacpp/llamacpp-tq/models/Meta-Llama-3.1-8B-Instruct-Q4_K_M.gguf,model-1-mandatory,1,short_threading_definition,1,measurements/organized_a1_results/arm_server/a1_server_scaling_summary.csv,3,thread-scaling,24,24,7.222576195509185,0.13835081630713353,0.15124144766984196
unknown,turbo3,turbo3,long,2048,tq,measurements/1253766-track-a1-server-sweep,1.0,128,5068800.0,/projects/F202500010HPCVLABUMINHO/uminhocp006/aded-project-llamacpp/llamacpp-tq/models/Meta-Llama-3.1-8B-Instruct-Q4_K_M.gguf,model-1-mandatory,1,long_hpc_case_study,1,measurements/organized_a1_results/arm_server/a1_server_scaling_summary.csv,3,thread-scaling,36,36,8.02468413192801,0.12446581673493066,0.1432307966654965
unknown,turbo3,turbo3,long,2048,tq,measurements/1253766-track-a1-server-sweep,1.0,128,5068800.0,/projects/F202500010HPCVLABUMINHO/uminhocp006/aded-project-llamacpp/llamacpp-tq/models/Meta-Llama-3.1-8B-Instruct-Q4_K_M.gguf,model-1-mandatory,1,long_memory_bound_reasoning,1,measurements/organized_a1_results/arm_server/a1_server_scaling_summary.csv,3,thread-scaling,36,36,8.34885882767152,0.11962355425984053,0.13885660065958896
unknown,turbo3,turbo3,long,2048,tq,measurements/1253766-track-a1-server-sweep,1.0,128,5068800.0,/projects/F202500010HPCVLABUMINHO/uminhocp006/aded-project-llamacpp/llamacpp-tq/models/Meta-Llama-3.1-8B-Instruct-Q4_K_M.gguf,model-1-mandatory,1,mandatory_long_transformer_cpu,1,measurements/organized_a1_results/arm_server/a1_server_scaling_summary.csv,3,thread-scaling,36,36,8.944715720430215,0.11166529287668153,0.12816416366452663
unknown,turbo3,turbo3,medium,2048,tq,measurements/1253766-track-a1-server-sweep,1.0,128,5068800.0,/projects/F202500010HPCVLABUMINHO/uminhocp006/aded-project-llamacpp/llamacpp-tq/models/Meta-Llama-3.1-8B-Instruct-Q4_K_M.gguf,model-1-mandatory,1,mandatory_medium_ml_vs_dl,1,measurements/organized_a1_results/arm_server/a1_server_scaling_summary.csv,3,thread-scaling,36,36,9.919513315879222,0.10068900478746207,0.11591207565894972
unknown,turbo3,turbo3,medium,2048,tq,measurements/1253766-track-a1-server-sweep,1.0,128,5068800.0,/projects/F202500010HPCVLABUMINHO/uminhocp006/aded-project-llamacpp/llamacpp-tq/models/Meta-Llama-3.1-8B-Instruct-Q4_K_M.gguf,model-1-mandatory,1,medium_cpu_inference_pipeline,1,measurements/organized_a1_results/arm_server/a1_server_scaling_summary.csv,3,thread-scaling,36,36,9.42888435550994,0.10593333197374134,0.12132637967200328
unknown,turbo3,turbo3,medium,2048,tq,measurements/1253766-track-a1-server-sweep,1.0,128,5068800.0,/projects/F202500010HPCVLABUMINHO/uminhocp006/aded-project-llamacpp/llamacpp-tq/models/Meta-Llama-3.1-8B-Instruct-Q4_K_M.gguf,model-1-mandatory,1,medium_quant_tradeoff,1,measurements/organized_a1_results/arm_server/a1_server_scaling_summary.csv,3,thread-scaling,36,36,9.53132321954405,0.10479385751442252,0.12012662966541636
unknown,turbo3,turbo3,short,2048,tq,measurements/1253766-track-a1-server-sweep,1.0,128,5068800.0,/projects/F202500010HPCVLABUMINHO/uminhocp006/aded-project-llamacpp/llamacpp-tq/models/Meta-Llama-3.1-8B-Instruct-Q4_K_M.gguf,model-1-mandatory,1,mandatory_short_capital_france,1,measurements/organized_a1_results/arm_server/a1_server_scaling_summary.csv,3,thread-scaling,36,36,4.562458954778063,0.0939355355545154,0.8761177653310975
unknown,turbo3,turbo3,short,2048,tq,measurements/1253766-track-a1-server-sweep,0.0,128,5068800.0,/projects/F202500010HPCVLABUMINHO/uminhocp006/aded-project-llamacpp/llamacpp-tq/models/Meta-Llama-3.1-8B-Instruct-Q4_K_M.gguf,model-1-mandatory,1,short_cpu_quantisation,1,measurements/organized_a1_results/arm_server/a1_server_scaling_summary.csv,3,thread-scaling,36,36,8.315022225456474,0.10158576818367618,2.49199903634144
unknown,turbo3,turbo3,short,2048,tq,measurements/1253766-track-a1-server-sweep,1.0,128,5068800.0,/projects/F202500010HPCVLABUMINHO/uminhocp006/aded-project-llamacpp/llamacpp-tq/models/Meta-Llama-3.1-8B-Instruct-Q4_K_M.gguf,model-1-mandatory,1,short_threading_definition,1,measurements/organized_a1_results/arm_server/a1_server_scaling_summary.csv,3,thread-scaling,36,36,9.89346625717981,0.10096253515215067,0.11512864133692347
unknown,turbo4,turbo4,long,2048,tq,measurements/1253766-track-a1-server-sweep,1.0,128,5112448.0,/projects/F202500010HPCVLABUMINHO/uminhocp006/aded-project-llamacpp/llamacpp-tq/models/Meta-Llama-3.1-8B-Instruct-Q4_K_M.gguf,model-1-mandatory,1,long_hpc_case_study,1,measurements/organized_a1_results/arm_server/a1_server_scaling_summary.csv,3,thread-scaling,36,36,8.569672038760329,0.11651910044096431,0.1380828473387131
unknown,turbo4,turbo4,long,2048,tq,measurements/1253766-track-a1-server-sweep,1.0,128,5112448.0,/projects/F202500010HPCVLABUMINHO/uminhocp006/aded-project-llamacpp/llamacpp-tq/models/Meta-Llama-3.1-8B-Instruct-Q4_K_M.gguf,model-1-mandatory,1,long_memory_bound_reasoning,1,measurements/organized_a1_results/arm_server/a1_server_scaling_summary.csv,3,thread-scaling,36,36,8.83707731336113,0.11298033897123322,0.13549223532512164
unknown,turbo4,turbo4,long,2048,tq,measurements/1253766-track-a1-server-sweep,1.0,128,5112448.0,/projects/F202500010HPCVLABUMINHO/uminhocp006/aded-project-llamacpp/llamacpp-tq/models/Meta-Llama-3.1-8B-Instruct-Q4_K_M.gguf,model-1-mandatory,1,mandatory_long_transformer_cpu,1,measurements/organized_a1_results/arm_server/a1_server_scaling_summary.csv,3,thread-scaling,36,36,9.353858857636554,0.1067544342073816,0.12593203366850503
unknown,turbo4,turbo4,medium,2048,tq,measurements/1253766-track-a1-server-sweep,1.0,128,5112448.0,/projects/F202500010HPCVLABUMINHO/uminhocp006/aded-project-llamacpp/llamacpp-tq/models/Meta-Llama-3.1-8B-Instruct-Q4_K_M.gguf,model-1-mandatory,1,mandatory_medium_ml_vs_dl,1,measurements/organized_a1_results/arm_server/a1_server_scaling_summary.csv,3,thread-scaling,36,36,10.170880693884126,0.09818297752232372,0.11526407166578186
unknown,turbo4,turbo4,medium,2048,tq,measurements/1253766-track-a1-server-sweep,1.0,128,5112448.0,/projects/F202500010HPCVLABUMINHO/uminhocp006/aded-project-llamacpp/llamacpp-tq/models/Meta-Llama-3.1-8B-Instruct-Q4_K_M.gguf,model-1-mandatory,1,medium_cpu_inference_pipeline,1,measurements/organized_a1_results/arm_server/a1_server_scaling_summary.csv,3,thread-scaling,36,36,9.769624035456422,0.10221876390820694,0.11964151399054875
unknown,turbo4,turbo4,medium,2048,tq,measurements/1253766-track-a1-server-sweep,1.0,128,5112448.0,/projects/F202500010HPCVLABUMINHO/uminhocp006/aded-project-llamacpp/llamacpp-tq/models/Meta-Llama-3.1-8B-Instruct-Q4_K_M.gguf,model-1-mandatory,1,medium_quant_tradeoff,1,measurements/organized_a1_results/arm_server/a1_server_scaling_summary.csv,3,thread-scaling,36,36,9.842613929849714,0.10145692897378772,0.11918504699133337
unknown,turbo4,turbo4,short,2048,tq,measurements/1253766-track-a1-server-sweep,1.0,128,5112448.0,/projects/F202500010HPCVLABUMINHO/uminhocp006/aded-project-llamacpp/llamacpp-tq/models/Meta-Llama-3.1-8B-Instruct-Q4_K_M.gguf,model-1-mandatory,1,mandatory_short_capital_france,1,measurements/organized_a1_results/arm_server/a1_server_scaling_summary.csv,3,thread-scaling,36,36,4.598063215057736,0.09351397316721785,0.8674212816598205
unknown,turbo4,turbo4,short,2048,tq,measurements/1253766-track-a1-server-sweep,0.0,128,5112448.0,/projects/F202500010HPCVLABUMINHO/uminhocp006/aded-project-llamacpp/llamacpp-tq/models/Meta-Llama-3.1-8B-Instruct-Q4_K_M.gguf,model-1-mandatory,1,short_cpu_quantisation,1,measurements/organized_a1_results/arm_server/a1_server_scaling_summary.csv,3,thread-scaling,36,36,8.515179947116023,0.09907517157743435,2.449007174669532
unknown,turbo4,turbo4,short,2048,tq,measurements/1253766-track-a1-server-sweep,1.0,128,5112448.0,/projects/F202500010HPCVLABUMINHO/uminhocp006/aded-project-llamacpp/llamacpp-tq/models/Meta-Llama-3.1-8B-Instruct-Q4_K_M.gguf,model-1-mandatory,1,short_threading_definition,1,measurements/organized_a1_results/arm_server/a1_server_scaling_summary.csv,3,thread-scaling,36,36,10.152989156394366,0.09836135000524263,0.11480922466337991
unknown,turbo3,turbo3,long,2048,tq,measurements/1253766-track-a1-server-sweep,1.0,128,5073600.0,/projects/F202500010HPCVLABUMINHO/uminhocp006/aded-project-llamacpp/llamacpp-tq/models/Meta-Llama-3.1-8B-Instruct-Q4_K_M.gguf,model-1-mandatory,1,long_hpc_case_study,1,measurements/organized_a1_results/arm_server/a1_server_scaling_summary.csv,3,thread-scaling,46,46,8.555172794328762,0.11680261598949766,0.1301363443393105
unknown,turbo3,turbo3,long,2048,tq,measurements/1253766-track-a1-server-sweep,1.0,128,5073600.0,/projects/F202500010HPCVLABUMINHO/uminhocp006/aded-project-llamacpp/llamacpp-tq/models/Meta-Llama-3.1-8B-Instruct-Q4_K_M.gguf,model-1-mandatory,1,long_memory_bound_reasoning,1,measurements/organized_a1_results/arm_server/a1_server_scaling_summary.csv,3,thread-scaling,46,46,8.811894290946933,0.1134611147033751,0.12583587700889134
unknown,turbo3,turbo3,long,2048,tq,measurements/1253766-track-a1-server-sweep,1.0,128,5073600.0,/projects/F202500010HPCVLABUMINHO/uminhocp006/aded-project-llamacpp/llamacpp-tq/models/Meta-Llama-3.1-8B-Instruct-Q4_K_M.gguf,model-1-mandatory,1,mandatory_long_transformer_cpu,1,measurements/organized_a1_results/arm_server/a1_server_scaling_summary.csv,3,thread-scaling,46,46,9.57753539634605,0.10434959093175995,0.11443604399876979
unknown,turbo3,turbo3,medium,2048,tq,measurements/1253766-track-a1-server-sweep,1.0,128,5073600.0,/projects/F202500010HPCVLABUMINHO/uminhocp006/aded-project-llamacpp/llamacpp-tq/models/Meta-Llama-3.1-8B-Instruct-Q4_K_M.gguf,model-1-mandatory,1,mandatory_medium_ml_vs_dl,1,measurements/organized_a1_results/arm_server/a1_server_scaling_summary.csv,3,thread-scaling,46,46,11.153755863024589,0.0895606947191496,0.10155005533791457
unknown,turbo3,turbo3,medium,2048,tq,measurements/1253766-track-a1-server-sweep,1.0,128,5073600.0,/projects/F202500010HPCVLABUMINHO/uminhocp006/aded-project-llamacpp/llamacpp-tq/models/Meta-Llama-3.1-8B-Instruct-Q4_K_M.gguf,model-1-mandatory,1,medium_cpu_inference_pipeline,1,measurements/organized_a1_results/arm_server/a1_server_scaling_summary.csv,3,thread-scaling,46,46,10.388515910381733,0.09623869515479093,0.10729451967442098
unknown,turbo3,turbo3,medium,2048,tq,measurements/1253766-track-a1-server-sweep,1.0,128,5073600.0,/projects/F202500010HPCVLABUMINHO/uminhocp006/aded-project-llamacpp/llamacpp-tq/models/Meta-Llama-3.1-8B-Instruct-Q4_K_M.gguf,model-1-mandatory,1,medium_quant_tradeoff,1,measurements/organized_a1_results/arm_server/a1_server_scaling_summary.csv,3,thread-scaling,46,46,10.388017232940552,0.09620519449866836,0.10635734332026914
unknown,turbo3,turbo3,short,2048,tq,measurements/1253766-track-a1-server-sweep,1.0,128,5073600.0,/projects/F202500010HPCVLABUMINHO/uminhocp006/aded-project-llamacpp/llamacpp-tq/models/Meta-Llama-3.1-8B-Instruct-Q4_K_M.gguf,model-1-mandatory,1,mandatory_short_capital_france,1,measurements/organized_a1_results/arm_server/a1_server_scaling_summary.csv,3,thread-scaling,46,46,5.222825856353693,0.09483950344373523,0.6945620556750024
unknown,turbo3,turbo3,short,2048,tq,measurements/1253766-track-a1-server-sweep,1.0,128,5073600.0,/projects/F202500010HPCVLABUMINHO/uminhocp006/aded-project-llamacpp/llamacpp-tq/models/Meta-Llama-3.1-8B-Instruct-Q4_K_M.gguf,model-1-mandatory,1,short_cpu_quantisation,1,measurements/organized_a1_results/arm_server/a1_server_scaling_summary.csv,3,thread-scaling,46,46,9.419057846735576,0.09148871154853465,1.9703769296659932
unknown,turbo3,turbo3,short,2048,tq,measurements/1253766-track-a1-server-sweep,1.0,128,5073600.0,/projects/F202500010HPCVLABUMINHO/uminhocp006/aded-project-llamacpp/llamacpp-tq/models/Meta-Llama-3.1-8B-Instruct-Q4_K_M.gguf,model-1-mandatory,1,short_threading_definition,1,measurements/organized_a1_results/arm_server/a1_server_scaling_summary.csv,3,thread-scaling,46,46,11.067551756324246,0.09026991027299489,0.10107532200830367
unknown,turbo4,turbo4,long,2048,tq,measurements/1253766-track-a1-server-sweep,1.0,128,5107648.0,/projects/F202500010HPCVLABUMINHO/uminhocp006/aded-project-llamacpp/llamacpp-tq/models/Meta-Llama-3.1-8B-Instruct-Q4_K_M.gguf,model-1-mandatory,1,long_hpc_case_study,1,measurements/organized_a1_results/arm_server/a1_server_scaling_summary.csv,3,thread-scaling,46,46,8.656688106256608,0.1154612492335939,0.12478747266626063
unknown,turbo4,turbo4,long,2048,tq,measurements/1253766-track-a1-server-sweep,1.0,128,5107648.0,/projects/F202500010HPCVLABUMINHO/uminhocp006/aded-project-llamacpp/llamacpp-tq/models/Meta-Llama-3.1-8B-Instruct-Q4_K_M.gguf,model-1-mandatory,1,long_memory_bound_reasoning,1,measurements/organized_a1_results/arm_server/a1_server_scaling_summary.csv,3,thread-scaling,46,46,9.106234937671957,0.10972698146456888,0.12195676366597279
unknown,turbo4,turbo4,long,2048,tq,measurements/1253766-track-a1-server-sweep,1.0,128,5107648.0,/projects/F202500010HPCVLABUMINHO/uminhocp006/aded-project-llamacpp/llamacpp-tq/models/Meta-Llama-3.1-8B-Instruct-Q4_K_M.gguf,model-1-mandatory,1,mandatory_long_transformer_cpu,1,measurements/organized_a1_results/arm_server/a1_server_scaling_summary.csv,3,thread-scaling,46,46,9.959297805125962,0.10044211019160343,0.11135838700041252
unknown,turbo4,turbo4,medium,2048,tq,measurements/1253766-track-a1-server-sweep,1.0,128,5107648.0,/projects/F202500010HPCVLABUMINHO/uminhocp006/aded-project-llamacpp/llamacpp-tq/models/Meta-Llama-3.1-8B-Instruct-Q4_K_M.gguf,model-1-mandatory,1,mandatory_medium_ml_vs_dl,1,measurements/organized_a1_results/arm_server/a1_server_scaling_summary.csv,3,thread-scaling,46,46,11.497976825092886,0.08689191047244162,0.10198926533303165
unknown,turbo4,turbo4,medium,2048,tq,measurements/1253766-track-a1-server-sweep,1.0,128,5107648.0,/projects/F202500010HPCVLABUMINHO/uminhocp006/aded-project-llamacpp/llamacpp-tq/models/Meta-Llama-3.1-8B-Instruct-Q4_K_M.gguf,model-1-mandatory,1,medium_cpu_inference_pipeline,1,measurements/organized_a1_results/arm_server/a1_server_scaling_summary.csv,3,thread-scaling,46,46,10.739161406276866,0.09302680169291601,0.1056766106660992
unknown,turbo4,turbo4,medium,2048,tq,measurements/1253766-track-a1-server-sweep,1.0,128,5107648.0,/projects/F202500010HPCVLABUMINHO/uminhocp006/aded-project-llamacpp/llamacpp-tq/models/Meta-Llama-3.1-8B-Instruct-Q4_K_M.gguf,model-1-mandatory,1,medium_quant_tradeoff,1,measurements/organized_a1_results/arm_server/a1_server_scaling_summary.csv,3,thread-scaling,46,46,11.003973221009712,0.09062274000262825,0.12364041899976048
unknown,turbo4,turbo4,short,2048,tq,measurements/1253766-track-a1-server-sweep,1.0,128,5107648.0,/projects/F202500010HPCVLABUMINHO/uminhocp006/aded-project-llamacpp/llamacpp-tq/models/Meta-Llama-3.1-8B-Instruct-Q4_K_M.gguf,model-1-mandatory,1,mandatory_short_capital_france,1,measurements/organized_a1_results/arm_server/a1_server_scaling_summary.csv,3,thread-scaling,46,46,5.61529731075927,0.07983520505563825,0.6878376296663191
unknown,turbo4,turbo4,short,2048,tq,measurements/1253766-track-a1-server-sweep,1.0,128,5107648.0,/projects/F202500010HPCVLABUMINHO/uminhocp006/aded-project-llamacpp/llamacpp-tq/models/Meta-Llama-3.1-8B-Instruct-Q4_K_M.gguf,model-1-mandatory,1,short_cpu_quantisation,1,measurements/organized_a1_results/arm_server/a1_server_scaling_summary.csv,3,thread-scaling,46,46,9.673222753676866,0.08900973236745753,1.935864109667212
unknown,turbo4,turbo4,short,2048,tq,measurements/1253766-track-a1-server-sweep,1.0,128,5107648.0,/projects/F202500010HPCVLABUMINHO/uminhocp006/aded-project-llamacpp/llamacpp-tq/models/Meta-Llama-3.1-8B-Instruct-Q4_K_M.gguf,model-1-mandatory,1,short_threading_definition,1,measurements/organized_a1_results/arm_server/a1_server_scaling_summary.csv,3,thread-scaling,46,46,11.447577182773253,0.08730290032546209,0.10031846700015497
unknown,turbo3,turbo3,long,2048,tq,measurements/1253766-track-a1-server-sweep,0.3333333333333333,128,5066496.0,/projects/F202500010HPCVLABUMINHO/uminhocp006/aded-project-llamacpp/llamacpp-tq/models/Meta-Llama-3.1-8B-Instruct-Q4_K_M.gguf,model-1-mandatory,1,long_hpc_case_study,1,measurements/organized_a1_results/arm_server/a1_server_scaling_summary.csv,3,thread-scaling,48,48,4.859821915606909,0.2055033301942086,0.29161733901128173
unknown,turbo3,turbo3,long,2048,tq,measurements/1253766-track-a1-server-sweep,0.3333333333333333,128,5066496.0,/projects/F202500010HPCVLABUMINHO/uminhocp006/aded-project-llamacpp/llamacpp-tq/models/Meta-Llama-3.1-8B-Instruct-Q4_K_M.gguf,model-1-mandatory,1,long_memory_bound_reasoning,1,measurements/organized_a1_results/arm_server/a1_server_scaling_summary.csv,3,thread-scaling,48,48,5.073981521375919,0.1996508920472054,0.12673328001013337
unknown,turbo3,turbo3,long,2048,tq,measurements/1253766-track-a1-server-sweep,0.6666666666666666,128,5066496.0,/projects/F202500010HPCVLABUMINHO/uminhocp006/aded-project-llamacpp/llamacpp-tq/models/Meta-Llama-3.1-8B-Instruct-Q4_K_M.gguf,model-1-mandatory,1,mandatory_long_transformer_cpu,1,measurements/organized_a1_results/arm_server/a1_server_scaling_summary.csv,3,thread-scaling,48,48,4.836424823158816,0.20682654723094523,0.2844701373348168
unknown,turbo3,turbo3,medium,2048,tq,measurements/1253766-track-a1-server-sweep,0.6666666666666666,128,5066496.0,/projects/F202500010HPCVLABUMINHO/uminhocp006/aded-project-llamacpp/llamacpp-tq/models/Meta-Llama-3.1-8B-Instruct-Q4_K_M.gguf,model-1-mandatory,1,mandatory_medium_ml_vs_dl,1,measurements/organized_a1_results/arm_server/a1_server_scaling_summary.csv,3,thread-scaling,48,48,5.237409335079019,0.1940461015748899,0.10507798865243483
unknown,turbo3,turbo3,medium,2048,tq,measurements/1253766-track-a1-server-sweep,0.6666666666666666,128,5066496.0,/projects/F202500010HPCVLABUMINHO/uminhocp006/aded-project-llamacpp/llamacpp-tq/models/Meta-Llama-3.1-8B-Instruct-Q4_K_M.gguf,model-1-mandatory,1,medium_cpu_inference_pipeline,1,measurements/organized_a1_results/arm_server/a1_server_scaling_summary.csv,3,thread-scaling,48,48,5.779605690381341,0.17599089466141699,0.2517576200092056
unknown,turbo3,turbo3,medium,2048,tq,measurements/1253766-track-a1-server-sweep,1.0,128,5066496.0,/projects/F202500010HPCVLABUMINHO/uminhocp006/aded-project-llamacpp/llamacpp-tq/models/Meta-Llama-3.1-8B-Instruct-Q4_K_M.gguf,model-1-mandatory,1,medium_quant_tradeoff,1,measurements/organized_a1_results/arm_server/a1_server_scaling_summary.csv,3,thread-scaling,48,48,5.175803905149057,0.19213765349347275,0.34948946399769437
unknown,turbo3,turbo3,short,2048,tq,measurements/1253766-track-a1-server-sweep,0.6666666666666666,128,5066496.0,/projects/F202500010HPCVLABUMINHO/uminhocp006/aded-project-llamacpp/llamacpp-tq/models/Meta-Llama-3.1-8B-Instruct-Q4_K_M.gguf,model-1-mandatory,1,mandatory_short_capital_france,1,measurements/organized_a1_results/arm_server/a1_server_scaling_summary.csv,3,thread-scaling,48,48,3.710908057740637,0.1642649162790298,0.7066166283329949
unknown,turbo3,turbo3,short,2048,tq,measurements/1253766-track-a1-server-sweep,1.0,128,5066496.0,/projects/F202500010HPCVLABUMINHO/uminhocp006/aded-project-llamacpp/llamacpp-tq/models/Meta-Llama-3.1-8B-Instruct-Q4_K_M.gguf,model-1-mandatory,1,short_cpu_quantisation,1,measurements/organized_a1_results/arm_server/a1_server_scaling_summary.csv,3,thread-scaling,48,48,5.332080383139555,0.1739836769160024,1.9448628023383208
unknown,turbo3,turbo3,short,2048,tq,measurements/1253766-track-a1-server-sweep,0.6666666666666666,128,5066496.0,/projects/F202500010HPCVLABUMINHO/uminhocp006/aded-project-llamacpp/llamacpp-tq/models/Meta-Llama-3.1-8B-Instruct-Q4_K_M.gguf,model-1-mandatory,1,short_threading_definition,1,measurements/organized_a1_results/arm_server/a1_server_scaling_summary.csv,3,thread-scaling,48,48,5.477093300346825,0.18436350462209003,0.1003818356548436
unknown,turbo4,turbo4,long,2048,tq,measurements/1253766-track-a1-server-sweep,0.3333333333333333,128,5106560.0,/projects/F202500010HPCVLABUMINHO/uminhocp006/aded-project-llamacpp/llamacpp-tq/models/Meta-Llama-3.1-8B-Instruct-Q4_K_M.gguf,model-1-mandatory,1,long_hpc_case_study,1,measurements/organized_a1_results/arm_server/a1_server_scaling_summary.csv,3,thread-scaling,48,48,5.095702114035618,0.19668259375329616,0.1891813400046279
unknown,turbo4,turbo4,long,2048,tq,measurements/1253766-track-a1-server-sweep,0.6666666666666666,128,5106560.0,/projects/F202500010HPCVLABUMINHO/uminhocp006/aded-project-llamacpp/llamacpp-tq/models/Meta-Llama-3.1-8B-Instruct-Q4_K_M.gguf,model-1-mandatory,1,long_memory_bound_reasoning,1,measurements/organized_a1_results/arm_server/a1_server_scaling_summary.csv,3,thread-scaling,48,48,5.306111484883429,0.18885022059308787,0.18563088734905855
unknown,turbo4,turbo4,long,2048,tq,measurements/1253766-track-a1-server-sweep,1.0,128,5106560.0,/projects/F202500010HPCVLABUMINHO/uminhocp006/aded-project-llamacpp/llamacpp-tq/models/Meta-Llama-3.1-8B-Instruct-Q4_K_M.gguf,model-1-mandatory,1,mandatory_long_transformer_cpu,1,measurements/organized_a1_results/arm_server/a1_server_scaling_summary.csv,3,thread-scaling,48,48,6.595683464703024,0.1526488786429751,0.11680337766301818
unknown,turbo4,turbo4,medium,2048,tq,measurements/1253766-track-a1-server-sweep,1.0,128,5106560.0,/projects/F202500010HPCVLABUMINHO/uminhocp006/aded-project-llamacpp/llamacpp-tq/models/Meta-Llama-3.1-8B-Instruct-Q4_K_M.gguf,model-1-mandatory,1,mandatory_medium_ml_vs_dl,1,measurements/organized_a1_results/arm_server/a1_server_scaling_summary.csv,3,thread-scaling,48,48,7.31331493578494,0.1372160636272961,0.10062090165835495
unknown,turbo4,turbo4,medium,2048,tq,measurements/1253766-track-a1-server-sweep,0.6666666666666666,128,5106560.0,/projects/F202500010HPCVLABUMINHO/uminhocp006/aded-project-llamacpp/llamacpp-tq/models/Meta-Llama-3.1-8B-Instruct-Q4_K_M.gguf,model-1-mandatory,1,medium_cpu_inference_pipeline,1,measurements/organized_a1_results/arm_server/a1_server_scaling_summary.csv,3,thread-scaling,48,48,6.686234065040966,0.15639477303403482,0.10493883034602429
unknown,turbo4,turbo4,medium,2048,tq,measurements/1253766-track-a1-server-sweep,1.0,128,5106560.0,/projects/F202500010HPCVLABUMINHO/uminhocp006/aded-project-llamacpp/llamacpp-tq/models/Meta-Llama-3.1-8B-Instruct-Q4_K_M.gguf,model-1-mandatory,1,medium_quant_tradeoff,1,measurements/organized_a1_results/arm_server/a1_server_scaling_summary.csv,3,thread-scaling,48,48,6.229730171746526,0.1602981571311906,0.2720404236655061
unknown,turbo4,turbo4,short,2048,tq,measurements/1253766-track-a1-server-sweep,1.0,128,5106560.0,/projects/F202500010HPCVLABUMINHO/uminhocp006/aded-project-llamacpp/llamacpp-tq/models/Meta-Llama-3.1-8B-Instruct-Q4_K_M.gguf,model-1-mandatory,1,mandatory_short_capital_france,1,measurements/organized_a1_results/arm_server/a1_server_scaling_summary.csv,3,thread-scaling,48,48,5.0024584263069025,0.09087852327825709,0.7892843126610387
unknown,turbo4,turbo4,short,2048,tq,measurements/1253766-track-a1-server-sweep,1.0,128,5106560.0,/projects/F202500010HPCVLABUMINHO/uminhocp006/aded-project-llamacpp/llamacpp-tq/models/Meta-Llama-3.1-8B-Instruct-Q4_K_M.gguf,model-1-mandatory,1,short_cpu_quantisation,1,measurements/organized_a1_results/arm_server/a1_server_scaling_summary.csv,3,thread-scaling,48,48,5.976933418811584,0.1564191995144136,1.9084877386727992
unknown,turbo4,turbo4,short,2048,tq,measurements/1253766-track-a1-server-sweep,1.0,128,5106560.0,/projects/F202500010HPCVLABUMINHO/uminhocp006/aded-project-llamacpp/llamacpp-tq/models/Meta-Llama-3.1-8B-Instruct-Q4_K_M.gguf,model-1-mandatory,1,short_threading_definition,1,measurements/organized_a1_results/arm_server/a1_server_scaling_summary.csv,3,thread-scaling,48,48,7.025867276001014,0.14257695271390347,0.2799302536683778
unknown,f16,f16,long,2048,vanilla,measurements/1253766-track-a1-server-sweep,0.0,128,5515392.0,/projects/F202500010HPCVLABUMINHO/uminhocp006/aded-project-llamacpp/llamacpp-tq/models/Meta-Llama-3.1-8B-Instruct-Q4_K_M.gguf,model-1-mandatory,1,long_hpc_case_study,1,measurements/organized_a1_results/arm_server/a1_server_scaling_summary.csv,3,thread-scaling,12,12,3.897324885415324,0.25604319468247855,0.32511320000048727
unknown,f16,f16,long,2048,vanilla,measurements/1253766-track-a1-server-sweep,0.0,128,5515392.0,/projects/F202500010HPCVLABUMINHO/uminhocp006/aded-project-llamacpp/llamacpp-tq/models/Meta-Llama-3.1-8B-Instruct-Q4_K_M.gguf,model-1-mandatory,1,long_memory_bound_reasoning,1,measurements/organized_a1_results/arm_server/a1_server_scaling_summary.csv,3,thread-scaling,12,12,3.9112065554799647,0.2550862976378154,0.33004869166567613
unknown,f16,f16,long,2048,vanilla,measurements/1253766-track-a1-server-sweep,0.0,128,5515392.0,/projects/F202500010HPCVLABUMINHO/uminhocp006/aded-project-llamacpp/llamacpp-tq/models/Meta-Llama-3.1-8B-Instruct-Q4_K_M.gguf,model-1-mandatory,1,mandatory_long_transformer_cpu,1,measurements/organized_a1_results/arm_server/a1_server_scaling_summary.csv,3,thread-scaling,12,12,3.9853048367146555,0.2504715297348691,0.3076635993396242
unknown,f16,f16,medium,2048,vanilla,measurements/1253766-track-a1-server-sweep,0.0,128,5515392.0,/projects/F202500010HPCVLABUMINHO/uminhocp006/aded-project-llamacpp/llamacpp-tq/models/Meta-Llama-3.1-8B-Instruct-Q4_K_M.gguf,model-1-mandatory,1,mandatory_medium_ml_vs_dl,1,measurements/organized_a1_results/arm_server/a1_server_scaling_summary.csv,3,thread-scaling,12,12,4.057089050647841,0.2461602925748431,0.2869055863217606
unknown,f16,f16,medium,2048,vanilla,measurements/1253766-track-a1-server-sweep,0.0,128,5515392.0,/projects/F202500010HPCVLABUMINHO/uminhocp006/aded-project-llamacpp/llamacpp-tq/models/Meta-Llama-3.1-8B-Instruct-Q4_K_M.gguf,model-1-mandatory,1,medium_cpu_inference_pipeline,1,measurements/organized_a1_results/arm_server/a1_server_scaling_summary.csv,3,thread-scaling,12,12,4.035401743299437,0.24744768806828218,0.2929540010033331
unknown,f16,f16,medium,2048,vanilla,measurements/1253766-track-a1-server-sweep,0.0,128,5515392.0,/projects/F202500010HPCVLABUMINHO/uminhocp006/aded-project-llamacpp/llamacpp-tq/models/Meta-Llama-3.1-8B-Instruct-Q4_K_M.gguf,model-1-mandatory,1,medium_quant_tradeoff,1,measurements/organized_a1_results/arm_server/a1_server_scaling_summary.csv,3,thread-scaling,12,12,4.038839791988911,0.24718193641994846,0.2997122463323952
unknown,f16,f16,short,2048,vanilla,measurements/1253766-track-a1-server-sweep,0.0,128,5515392.0,/projects/F202500010HPCVLABUMINHO/uminhocp006/aded-project-llamacpp/llamacpp-tq/models/Meta-Llama-3.1-8B-Instruct-Q4_K_M.gguf,model-1-mandatory,1,mandatory_short_capital_france,1,measurements/organized_a1_results/arm_server/a1_server_scaling_summary.csv,3,thread-scaling,12,12,1.6843907673367602,0.24403415461387745,2.447457635658793
unknown,f16,f16,short,2048,vanilla,measurements/1253766-track-a1-server-sweep,0.0,128,5515392.0,/projects/F202500010HPCVLABUMINHO/uminhocp006/aded-project-llamacpp/llamacpp-tq/models/Meta-Llama-3.1-8B-Instruct-Q4_K_M.gguf,model-1-mandatory,1,short_cpu_quantisation,1,measurements/organized_a1_results/arm_server/a1_server_scaling_summary.csv,3,thread-scaling,12,12,3.3368594175551456,0.246597517123342,7.041089498670772
unknown,f16,f16,short,2048,vanilla,measurements/1253766-track-a1-server-sweep,0.0,128,5515392.0,/projects/F202500010HPCVLABUMINHO/uminhocp006/aded-project-llamacpp/llamacpp-tq/models/Meta-Llama-3.1-8B-Instruct-Q4_K_M.gguf,model-1-mandatory,1,short_threading_definition,1,measurements/organized_a1_results/arm_server/a1_server_scaling_summary.csv,3,thread-scaling,12,12,4.057136709832531,0.24626302120203686,0.2734869759976088
unknown,f16,f16,long,2048,vanilla,measurements/1253766-track-a1-server-sweep,1.0,128,5518464.0,/projects/F202500010HPCVLABUMINHO/uminhocp006/aded-project-llamacpp/llamacpp-tq/models/Meta-Llama-3.1-8B-Instruct-Q4_K_M.gguf,model-1-mandatory,1,long_hpc_case_study,1,measurements/organized_a1_results/arm_server/a1_server_scaling_summary.csv,3,thread-scaling,24,24,7.3052141991865085,0.13627710526241074,0.21414829999169646
unknown,f16,f16,long,2048,vanilla,measurements/1253766-track-a1-server-sweep,1.0,128,5518464.0,/projects/F202500010HPCVLABUMINHO/uminhocp006/aded-project-llamacpp/llamacpp-tq/models/Meta-Llama-3.1-8B-Instruct-Q4_K_M.gguf,model-1-mandatory,1,long_memory_bound_reasoning,1,measurements/organized_a1_results/arm_server/a1_server_scaling_summary.csv,3,thread-scaling,24,24,7.335614393910709,0.13568427355647125,0.21680611833774796
unknown,f16,f16,long,2048,vanilla,measurements/1253766-track-a1-server-sweep,1.0,128,5518464.0,/projects/F202500010HPCVLABUMINHO/uminhocp006/aded-project-llamacpp/llamacpp-tq/models/Meta-Llama-3.1-8B-Instruct-Q4_K_M.gguf,model-1-mandatory,1,mandatory_long_transformer_cpu,1,measurements/organized_a1_results/arm_server/a1_server_scaling_summary.csv,3,thread-scaling,24,24,7.510269758135239,0.13262546917579743,0.19947360800385164
unknown,f16,f16,medium,2048,vanilla,measurements/1253766-track-a1-server-sweep,1.0,128,5518464.0,/projects/F202500010HPCVLABUMINHO/uminhocp006/aded-project-llamacpp/llamacpp-tq/models/Meta-Llama-3.1-8B-Instruct-Q4_K_M.gguf,model-1-mandatory,1,mandatory_medium_ml_vs_dl,1,measurements/organized_a1_results/arm_server/a1_server_scaling_summary.csv,3,thread-scaling,24,24,7.686904203559978,0.12973708570082343,0.1747028479973475
unknown,f16,f16,medium,2048,vanilla,measurements/1253766-track-a1-server-sweep,1.0,128,5518464.0,/projects/F202500010HPCVLABUMINHO/uminhocp006/aded-project-llamacpp/llamacpp-tq/models/Meta-Llama-3.1-8B-Instruct-Q4_K_M.gguf,model-1-mandatory,1,medium_cpu_inference_pipeline,1,measurements/organized_a1_results/arm_server/a1_server_scaling_summary.csv,3,thread-scaling,24,24,7.6374713394133344,0.13053982945668127,0.18052064333460294
unknown,f16,f16,medium,2048,vanilla,measurements/1253766-track-a1-server-sweep,1.0,128,5518464.0,/projects/F202500010HPCVLABUMINHO/uminhocp006/aded-project-llamacpp/llamacpp-tq/models/Meta-Llama-3.1-8B-Instruct-Q4_K_M.gguf,model-1-mandatory,1,medium_quant_tradeoff,1,measurements/organized_a1_results/arm_server/a1_server_scaling_summary.csv,3,thread-scaling,24,24,7.64500666602679,0.13035067340684198,0.1880384736674993
unknown,f16,f16,short,2048,vanilla,measurements/1253766-track-a1-server-sweep,1.0,128,5518464.0,/projects/F202500010HPCVLABUMINHO/uminhocp006/aded-project-llamacpp/llamacpp-tq/models/Meta-Llama-3.1-8B-Instruct-Q4_K_M.gguf,model-1-mandatory,1,mandatory_short_capital_france,1,measurements/organized_a1_results/arm_server/a1_server_scaling_summary.csv,3,thread-scaling,24,24,3.2209818895853566,0.12869785261379244,1.2721540979885806
unknown,f16,f16,short,2048,vanilla,measurements/1253766-track-a1-server-sweep,0.0,128,5518464.0,/projects/F202500010HPCVLABUMINHO/uminhocp006/aded-project-llamacpp/llamacpp-tq/models/Meta-Llama-3.1-8B-Instruct-Q4_K_M.gguf,model-1-mandatory,1,short_cpu_quantisation,1,measurements/organized_a1_results/arm_server/a1_server_scaling_summary.csv,3,thread-scaling,24,24,6.379242981050623,0.12997799629663004,3.557455572328763
unknown,f16,f16,short,2048,vanilla,measurements/1253766-track-a1-server-sweep,1.0,128,5518464.0,/projects/F202500010HPCVLABUMINHO/uminhocp006/aded-project-llamacpp/llamacpp-tq/models/Meta-Llama-3.1-8B-Instruct-Q4_K_M.gguf,model-1-mandatory,1,short_threading_definition,1,measurements/organized_a1_results/arm_server/a1_server_scaling_summary.csv,3,thread-scaling,24,24,7.691902812462097,0.12977456582405816,0.159116005001124
unknown,f16,f16,long,2048,vanilla,measurements/1253766-track-a1-server-sweep,1.0,128,5501824.0,/projects/F202500010HPCVLABUMINHO/uminhocp006/aded-project-llamacpp/llamacpp-tq/models/Meta-Llama-3.1-8B-Instruct-Q4_K_M.gguf,model-1-mandatory,1,long_hpc_case_study,1,measurements/organized_a1_results/arm_server/a1_server_scaling_summary.csv,3,thread-scaling,36,36,9.972661572884501,0.09965401194750816,0.17868244199962646
unknown,f16,f16,long,2048,vanilla,measurements/1253766-track-a1-server-sweep,1.0,128,5501824.0,/projects/F202500010HPCVLABUMINHO/uminhocp006/aded-project-llamacpp/llamacpp-tq/models/Meta-Llama-3.1-8B-Instruct-Q4_K_M.gguf,model-1-mandatory,1,long_memory_bound_reasoning,1,measurements/organized_a1_results/arm_server/a1_server_scaling_summary.csv,3,thread-scaling,36,36,9.998212820157494,0.09933618705512048,0.18624960933326898
unknown,f16,f16,long,2048,vanilla,measurements/1253766-track-a1-server-sweep,1.0,128,5501824.0,/projects/F202500010HPCVLABUMINHO/uminhocp006/aded-project-llamacpp/llamacpp-tq/models/Meta-Llama-3.1-8B-Instruct-Q4_K_M.gguf,model-1-mandatory,1,mandatory_long_transformer_cpu,1,measurements/organized_a1_results/arm_server/a1_server_scaling_summary.csv,3,thread-scaling,36,36,10.270152701437597,0.09683255111810904,0.1652226016667555
unknown,f16,f16,medium,2048,vanilla,measurements/1253766-track-a1-server-sweep,1.0,128,5501824.0,/projects/F202500010HPCVLABUMINHO/uminhocp006/aded-project-llamacpp/llamacpp-tq/models/Meta-Llama-3.1-8B-Instruct-Q4_K_M.gguf,model-1-mandatory,1,mandatory_medium_ml_vs_dl,1,measurements/organized_a1_results/arm_server/a1_server_scaling_summary.csv,3,thread-scaling,36,36,10.516073046628405,0.09470953613911272,0.1433882419993703
unknown,f16,f16,medium,2048,vanilla,measurements/1253766-track-a1-server-sweep,1.0,128,5501824.0,/projects/F202500010HPCVLABUMINHO/uminhocp006/aded-project-llamacpp/llamacpp-tq/models/Meta-Llama-3.1-8B-Instruct-Q4_K_M.gguf,model-1-mandatory,1,medium_cpu_inference_pipeline,1,measurements/organized_a1_results/arm_server/a1_server_scaling_summary.csv,3,thread-scaling,36,36,10.455376040183321,0.09522170389501534,0.14897539733283338
unknown,f16,f16,medium,2048,vanilla,measurements/1253766-track-a1-server-sweep,1.0,128,5501824.0,/projects/F202500010HPCVLABUMINHO/uminhocp006/aded-project-llamacpp/llamacpp-tq/models/Meta-Llama-3.1-8B-Instruct-Q4_K_M.gguf,model-1-mandatory,1,medium_quant_tradeoff,1,measurements/organized_a1_results/arm_server/a1_server_scaling_summary.csv,3,thread-scaling,36,36,10.45059210978709,0.09520120184252391,0.1571754950000468
unknown,f16,f16,short,2048,vanilla,measurements/1253766-track-a1-server-sweep,1.0,128,5501824.0,/projects/F202500010HPCVLABUMINHO/uminhocp006/aded-project-llamacpp/llamacpp-tq/models/Meta-Llama-3.1-8B-Instruct-Q4_K_M.gguf,model-1-mandatory,1,mandatory_short_capital_france,1,measurements/organized_a1_results/arm_server/a1_server_scaling_summary.csv,3,thread-scaling,36,36,4.449456809512118,0.0944502026111675,0.9119352769994293
unknown,f16,f16,short,2048,vanilla,measurements/1253766-track-a1-server-sweep,0.0,128,5501824.0,/projects/F202500010HPCVLABUMINHO/uminhocp006/aded-project-llamacpp/llamacpp-tq/models/Meta-Llama-3.1-8B-Instruct-Q4_K_M.gguf,model-1-mandatory,1,short_cpu_quantisation,1,measurements/organized_a1_results/arm_server/a1_server_scaling_summary.csv,3,thread-scaling,36,36,8.829586528049171,0.09497506062204768,2.434437004333328
unknown,f16,f16,short,2048,vanilla,measurements/1253766-track-a1-server-sweep,1.0,128,5501824.0,/projects/F202500010HPCVLABUMINHO/uminhocp006/aded-project-llamacpp/llamacpp-tq/models/Meta-Llama-3.1-8B-Instruct-Q4_K_M.gguf,model-1-mandatory,1,short_threading_definition,1,measurements/organized_a1_results/arm_server/a1_server_scaling_summary.csv,3,thread-scaling,36,36,10.527714330195158,0.09474323172440835,0.1255763969996527
unknown,f16,f16,long,2048,vanilla,measurements/1253766-track-a1-server-sweep,1.0,128,5505600.0,/projects/F202500010HPCVLABUMINHO/uminhocp006/aded-project-llamacpp/llamacpp-tq/models/Meta-Llama-3.1-8B-Instruct-Q4_K_M.gguf,model-1-mandatory,1,long_hpc_case_study,1,measurements/organized_a1_results/arm_server/a1_server_scaling_summary.csv,3,thread-scaling,46,46,11.374769333574562,0.08734066132028291,0.16210556166091314
unknown,f16,f16,long,2048,vanilla,measurements/1253766-track-a1-server-sweep,1.0,128,5505600.0,/projects/F202500010HPCVLABUMINHO/uminhocp006/aded-project-llamacpp/llamacpp-tq/models/Meta-Llama-3.1-8B-Instruct-Q4_K_M.gguf,model-1-mandatory,1,long_memory_bound_reasoning,1,measurements/organized_a1_results/arm_server/a1_server_scaling_summary.csv,3,thread-scaling,46,46,11.45908337472255,0.08666626198681406,0.16543969999960004
unknown,f16,f16,long,2048,vanilla,measurements/1253766-track-a1-server-sweep,1.0,128,5505600.0,/projects/F202500010HPCVLABUMINHO/uminhocp006/aded-project-llamacpp/llamacpp-tq/models/Meta-Llama-3.1-8B-Instruct-Q4_K_M.gguf,model-1-mandatory,1,mandatory_long_transformer_cpu,1,measurements/organized_a1_results/arm_server/a1_server_scaling_summary.csv,3,thread-scaling,46,46,11.420124719045752,0.0871194955747571,0.1542213050124701
unknown,f16,f16,medium,2048,vanilla,measurements/1253766-track-a1-server-sweep,1.0,128,5505600.0,/projects/F202500010HPCVLABUMINHO/uminhocp006/aded-project-llamacpp/llamacpp-tq/models/Meta-Llama-3.1-8B-Instruct-Q4_K_M.gguf,model-1-mandatory,1,mandatory_medium_ml_vs_dl,1,measurements/organized_a1_results/arm_server/a1_server_scaling_summary.csv,3,thread-scaling,46,46,11.950532676685274,0.08334949431234172,0.12900585599709302
unknown,f16,f16,medium,2048,vanilla,measurements/1253766-track-a1-server-sweep,1.0,128,5505600.0,/projects/F202500010HPCVLABUMINHO/uminhocp006/aded-project-llamacpp/llamacpp-tq/models/Meta-Llama-3.1-8B-Instruct-Q4_K_M.gguf,model-1-mandatory,1,medium_cpu_inference_pipeline,1,measurements/organized_a1_results/arm_server/a1_server_scaling_summary.csv,3,thread-scaling,46,46,11.812241042104626,0.08437598750657974,0.13106119799582908
unknown,f16,f16,medium,2048,vanilla,measurements/1253766-track-a1-server-sweep,1.0,128,5505600.0,/projects/F202500010HPCVLABUMINHO/uminhocp006/aded-project-llamacpp/llamacpp-tq/models/Meta-Llama-3.1-8B-Instruct-Q4_K_M.gguf,model-1-mandatory,1,medium_quant_tradeoff,1,measurements/organized_a1_results/arm_server/a1_server_scaling_summary.csv,3,thread-scaling,46,46,11.809626959155299,0.08408514473231612,0.15934321298846044
unknown,f16,f16,short,2048,vanilla,measurements/1253766-track-a1-server-sweep,1.0,128,5505600.0,/projects/F202500010HPCVLABUMINHO/uminhocp006/aded-project-llamacpp/llamacpp-tq/models/Meta-Llama-3.1-8B-Instruct-Q4_K_M.gguf,model-1-mandatory,1,mandatory_short_capital_france,1,measurements/organized_a1_results/arm_server/a1_server_scaling_summary.csv,3,thread-scaling,46,46,5.44270504929593,0.07954108116650281,0.7292221486762477
unknown,f16,f16,short,2048,vanilla,measurements/1253766-track-a1-server-sweep,1.0,128,5505600.0,/projects/F202500010HPCVLABUMINHO/uminhocp006/aded-project-llamacpp/llamacpp-tq/models/Meta-Llama-3.1-8B-Instruct-Q4_K_M.gguf,model-1-mandatory,1,short_cpu_quantisation,1,measurements/organized_a1_results/arm_server/a1_server_scaling_summary.csv,3,thread-scaling,46,46,10.320405681461313,0.08250112203683146,1.9246046420012135
unknown,f16,f16,short,2048,vanilla,measurements/1253766-track-a1-server-sweep,1.0,128,5505600.0,/projects/F202500010HPCVLABUMINHO/uminhocp006/aded-project-llamacpp/llamacpp-tq/models/Meta-Llama-3.1-8B-Instruct-Q4_K_M.gguf,model-1-mandatory,1,short_threading_definition,1,measurements/organized_a1_results/arm_server/a1_server_scaling_summary.csv,3,thread-scaling,46,46,11.704513400505409,0.08531022707073402,0.11254975433500174
unknown,f16,f16,long,2048,vanilla,measurements/1253766-track-a1-server-sweep,0.3333333333333333,128,5512384.0,/projects/F202500010HPCVLABUMINHO/uminhocp006/aded-project-llamacpp/llamacpp-tq/models/Meta-Llama-3.1-8B-Instruct-Q4_K_M.gguf,model-1-mandatory,1,long_hpc_case_study,1,measurements/organized_a1_results/arm_server/a1_server_scaling_summary.csv,3,thread-scaling,48,48,4.563378639909836,0.22323982835952938,0.32288798634544946
unknown,f16,f16,long,2048,vanilla,measurements/1253766-track-a1-server-sweep,1.0,128,5512384.0,/projects/F202500010HPCVLABUMINHO/uminhocp006/aded-project-llamacpp/llamacpp-tq/models/Meta-Llama-3.1-8B-Instruct-Q4_K_M.gguf,model-1-mandatory,1,long_memory_bound_reasoning,1,measurements/organized_a1_results/arm_server/a1_server_scaling_summary.csv,3,thread-scaling,48,48,5.936423495671301,0.16926206234647598,0.17036656498870192
unknown,f16,f16,long,2048,vanilla,measurements/1253766-track-a1-server-sweep,0.6666666666666666,128,5512384.0,/projects/F202500010HPCVLABUMINHO/uminhocp006/aded-project-llamacpp/llamacpp-tq/models/Meta-Llama-3.1-8B-Instruct-Q4_K_M.gguf,model-1-mandatory,1,mandatory_long_transformer_cpu,1,measurements/organized_a1_results/arm_server/a1_server_scaling_summary.csv,3,thread-scaling,48,48,5.563450579773984,0.1833899926377877,0.14534305633666614
unknown,f16,f16,medium,2048,vanilla,measurements/1253766-track-a1-server-sweep,0.3333333333333333,128,5512384.0,/projects/F202500010HPCVLABUMINHO/uminhocp006/aded-project-llamacpp/llamacpp-tq/models/Meta-Llama-3.1-8B-Instruct-Q4_K_M.gguf,model-1-mandatory,1,mandatory_medium_ml_vs_dl,1,measurements/organized_a1_results/arm_server/a1_server_scaling_summary.csv,3,thread-scaling,48,48,4.678248381426904,0.21527858064309793,0.16844526665712087
unknown,f16,f16,medium,2048,vanilla,measurements/1253766-track-a1-server-sweep,1.0,128,5512384.0,/projects/F202500010HPCVLABUMINHO/uminhocp006/aded-project-llamacpp/llamacpp-tq/models/Meta-Llama-3.1-8B-Instruct-Q4_K_M.gguf,model-1-mandatory,1,medium_cpu_inference_pipeline,1,measurements/organized_a1_results/arm_server/a1_server_scaling_summary.csv,3,thread-scaling,48,48,5.540885710029139,0.18081196796318902,0.2364827966763793
unknown,f16,f16,medium,2048,vanilla,measurements/1253766-track-a1-server-sweep,0.3333333333333333,128,5512384.0,/projects/F202500010HPCVLABUMINHO/uminhocp006/aded-project-llamacpp/llamacpp-tq/models/Meta-Llama-3.1-8B-Instruct-Q4_K_M.gguf,model-1-mandatory,1,medium_quant_tradeoff,1,measurements/organized_a1_results/arm_server/a1_server_scaling_summary.csv,3,thread-scaling,48,48,4.930338905470316,0.2035182387321476,0.17906467733943524
unknown,f16,f16,short,2048,vanilla,measurements/1253766-track-a1-server-sweep,0.3333333333333333,128,5512384.0,/projects/F202500010HPCVLABUMINHO/uminhocp006/aded-project-llamacpp/llamacpp-tq/models/Meta-Llama-3.1-8B-Instruct-Q4_K_M.gguf,model-1-mandatory,1,mandatory_short_capital_france,1,measurements/organized_a1_results/arm_server/a1_server_scaling_summary.csv,3,thread-scaling,48,48,3.1046576262360785,0.25049553322282414,0.7313240863344012
unknown,f16,f16,short,2048,vanilla,measurements/1253766-track-a1-server-sweep,0.3333333333333333,128,5512384.0,/projects/F202500010HPCVLABUMINHO/uminhocp006/aded-project-llamacpp/llamacpp-tq/models/Meta-Llama-3.1-8B-Instruct-Q4_K_M.gguf,model-1-mandatory,1,short_cpu_quantisation,1,measurements/organized_a1_results/arm_server/a1_server_scaling_summary.csv,3,thread-scaling,48,48,4.521199382513466,0.21393915252759135,1.8731788059909984
unknown,f16,f16,short,2048,vanilla,measurements/1253766-track-a1-server-sweep,1.0,128,5512384.0,/projects/F202500010HPCVLABUMINHO/uminhocp006/aded-project-llamacpp/llamacpp-tq/models/Meta-Llama-3.1-8B-Instruct-Q4_K_M.gguf,model-1-mandatory,1,short_threading_definition,1,measurements/organized_a1_results/arm_server/a1_server_scaling_summary.csv,3,thread-scaling,48,48,6.7081662623102964,0.15089678550907532,0.13266292167827487
