timestamp,cpu_percent,rss_kb,vmhwm_kb
2026-05-12T20:11:26+01:00,312,4923712,4923712
2026-05-12T20:11:28+01:00,639,4936064,4936064
2026-05-12T20:11:29+01:00,979,4936064,4936064
2026-05-12T20:11:30+01:00,1218,4936064,4936064
2026-05-12T20:11:31+01:00,1403,4937152,4937152
2026-05-12T20:11:32+01:00,1538,4937152,4937152
2026-05-12T20:11:33+01:00,1649,4937152,4937152
2026-05-12T20:11:34+01:00,1740,4937152,4937152
2026-05-12T20:11:35+01:00,1818,4937152,4937152
2026-05-12T20:11:36+01:00,1748,4937152,4937152
2026-05-12T20:11:38+01:00,1810,4937152,4937152
2026-05-12T20:11:39+01:00,1866,4937152,4937152
2026-05-12T20:11:40+01:00,1912,4937152,4937152
2026-05-12T20:11:41+01:00,1956,4937152,4937152
2026-05-12T20:11:42+01:00,1992,4937152,4937152
2026-05-12T20:11:43+01:00,2027,4937152,4937152
2026-05-12T20:11:44+01:00,2058,4937152,4937152
2026-05-12T20:11:45+01:00,1994,4937152,4937152
2026-05-12T20:11:47+01:00,2023,4937152,4937152
2026-05-12T20:11:48+01:00,2050,4937152,4937152
2026-05-12T20:11:49+01:00,2073,4937152,4937152
2026-05-12T20:11:50+01:00,2095,4937152,4937152
2026-05-12T20:11:51+01:00,2114,4937152,4937152
2026-05-12T20:11:52+01:00,2133,4937152,4937152
2026-05-12T20:11:53+01:00,2149,4937152,4937152
2026-05-12T20:11:54+01:00,2097,4937152,4937152
2026-05-12T20:11:56+01:00,2113,4937152,4937152
2026-05-12T20:11:57+01:00,2127,4937152,4937152
2026-05-12T20:11:58+01:00,2140,4937152,4937152
2026-05-12T20:11:59+01:00,2154,4937152,4937152
2026-05-12T20:12:00+01:00,2166,4937152,4937152
2026-05-12T20:12:01+01:00,2177,4937152,4937152
2026-05-12T20:12:02+01:00,2187,4937152,4937152
2026-05-12T20:12:03+01:00,2144,4937152,4937152
2026-05-12T20:12:04+01:00,2154,4937152,4937152
2026-05-12T20:12:06+01:00,2164,4937152,4937152
2026-05-12T20:12:07+01:00,2171,4941376,4941376
2026-05-12T20:12:08+01:00,2182,4941376,4941376
2026-05-12T20:12:09+01:00,2192,4941376,4941376
2026-05-12T20:12:10+01:00,2202,4941376,4941376
2026-05-12T20:12:11+01:00,2212,4941376,4941376
2026-05-12T20:12:12+01:00,2222,4941376,4941376
2026-05-12T20:12:13+01:00,2187,4941376,4941376
2026-05-12T20:12:15+01:00,2197,4941376,4941376
2026-05-12T20:12:16+01:00,2206,4941376,4941376
2026-05-12T20:12:17+01:00,2215,4941376,4941376
2026-05-12T20:12:18+01:00,2223,4941376,4941376
2026-05-12T20:12:19+01:00,2231,4941376,4941376
2026-05-12T20:12:20+01:00,2239,4941376,4941376
2026-05-12T20:12:21+01:00,2247,4941376,4941376
2026-05-12T20:12:22+01:00,2216,4941376,4941376
2026-05-12T20:12:24+01:00,2223,4941376,4941376
2026-05-12T20:12:25+01:00,2230,4941376,4941376
2026-05-12T20:12:26+01:00,2237,4941376,4941376
2026-05-12T20:12:27+01:00,2243,4941376,4941376
2026-05-12T20:12:28+01:00,2249,4941376,4941376
2026-05-12T20:12:29+01:00,2255,4941376,4941376
2026-05-12T20:12:30+01:00,2261,4941376,4941376
2026-05-12T20:12:31+01:00,2233,4941376,4941376
2026-05-12T20:12:33+01:00,2239,4941376,4941376
2026-05-12T20:12:34+01:00,2244,4941376,4941376
2026-05-12T20:12:35+01:00,2249,4941376,4941376
2026-05-12T20:12:36+01:00,2254,4941376,4941376
2026-05-12T20:12:37+01:00,2258,4941376,4941376
2026-05-12T20:12:38+01:00,2262,4941376,4941376
2026-05-12T20:12:39+01:00,2266,4941376,4941376
2026-05-12T20:12:40+01:00,2241,4941376,4941376
2026-05-12T20:12:42+01:00,2246,4941376,4941376
2026-05-12T20:12:43+01:00,2249,4941376,4941376
2026-05-12T20:12:44+01:00,2253,4941376,4941376
2026-05-12T20:12:45+01:00,2257,4941376,4941376
2026-05-12T20:12:46+01:00,2260,4941376,4941376
2026-05-12T20:12:47+01:00,2265,4941376,4941376
2026-05-12T20:12:48+01:00,2268,4941376,4941376
2026-05-12T20:12:49+01:00,2245,4941376,4941376
2026-05-12T20:12:51+01:00,2248,4941376,4941376
2026-05-12T20:12:52+01:00,2251,4941376,4941376
2026-05-12T20:12:53+01:00,2254,4941376,4941376
2026-05-12T20:12:54+01:00,2257,4941376,4941376
2026-05-12T20:12:55+01:00,2260,4941376,4941376
2026-05-12T20:12:56+01:00,2262,4941376,4941376
2026-05-12T20:12:57+01:00,2265,4941376,4941376
2026-05-12T20:12:58+01:00,2244,4941376,4941376
2026-05-12T20:12:59+01:00,2247,4941376,4941376
2026-05-12T20:13:01+01:00,2249,4941376,4941376
2026-05-12T20:13:02+01:00,2252,4941376,4941376
2026-05-12T20:13:03+01:00,2254,4941376,4941376
2026-05-12T20:13:04+01:00,2256,4941376,4941376
2026-05-12T20:13:05+01:00,2258,4941376,4941376
2026-05-12T20:13:06+01:00,2260,4941376,4941376
2026-05-12T20:13:07+01:00,2262,4941376,4941376
2026-05-12T20:13:08+01:00,2243,4941376,4941376
2026-05-12T20:13:10+01:00,2245,4941376,4941376
2026-05-12T20:13:11+01:00,2247,4941376,4941376
2026-05-12T20:13:12+01:00,2249,4941376,4941376
2026-05-12T20:13:13+01:00,2251,4941376,4941376
2026-05-12T20:13:14+01:00,2253,4941376,4941376
2026-05-12T20:13:15+01:00,2255,4941376,4941376
2026-05-12T20:13:16+01:00,2256,4941376,4941376
2026-05-12T20:13:17+01:00,2238,4941376,4941376
2026-05-12T20:13:19+01:00,2240,4941376,4941376
2026-05-12T20:13:20+01:00,2242,4941376,4941376
2026-05-12T20:13:21+01:00,2244,4941376,4941376
2026-05-12T20:13:22+01:00,2245,4941376,4941376
2026-05-12T20:13:23+01:00,2247,4941376,4941376
2026-05-12T20:13:24+01:00,2248,4941376,4941376
2026-05-12T20:13:25+01:00,2249,4941376,4941376
2026-05-12T20:13:26+01:00,2251,4941376,4941376
2026-05-12T20:13:27+01:00,2234,4941376,4941376
2026-05-12T20:13:29+01:00,2236,4941376,4941376
2026-05-12T20:13:30+01:00,2237,4941376,4941376
2026-05-12T20:13:31+01:00,2239,4941376,4941376
2026-05-12T20:13:32+01:00,2240,4941376,4941376
2026-05-12T20:13:33+01:00,2241,4941376,4941376
2026-05-12T20:13:34+01:00,2242,4941376,4941376
2026-05-12T20:13:35+01:00,2244,4941376,4941376
2026-05-12T20:13:36+01:00,2228,4941376,4941376
2026-05-12T20:13:38+01:00,2230,4941376,4941376
2026-05-12T20:13:39+01:00,2230,4958272,4958272
2026-05-12T20:13:40+01:00,2233,4958272,4958272
2026-05-12T20:13:41+01:00,2236,4958272,4958272
2026-05-12T20:13:42+01:00,2239,4958272,4958272
2026-05-12T20:13:43+01:00,2243,4958272,4958272
2026-05-12T20:13:44+01:00,2246,4958272,4958272
2026-05-12T20:13:45+01:00,2233,4958272,4958272
2026-05-12T20:13:46+01:00,2236,4958272,4958272
2026-05-12T20:13:48+01:00,2239,4958272,4958272
2026-05-12T20:13:49+01:00,2242,4958272,4958272
2026-05-12T20:13:50+01:00,2245,4958272,4958272
2026-05-12T20:13:51+01:00,2248,4958272,4958272
2026-05-12T20:13:52+01:00,2251,4958272,4958272
2026-05-12T20:13:53+01:00,2254,4958272,4958272
2026-05-12T20:13:54+01:00,2242,4958272,4958272
2026-05-12T20:13:55+01:00,2245,4958272,4958272
2026-05-12T20:13:57+01:00,2247,4958272,4958272
2026-05-12T20:13:58+01:00,2250,4958272,4958272
2026-05-12T20:13:59+01:00,2252,4958272,4958272
2026-05-12T20:14:00+01:00,2255,4958272,4958272
2026-05-12T20:14:01+01:00,2257,4958272,4958272
2026-05-12T20:14:02+01:00,2259,4958272,4958272
2026-05-12T20:14:03+01:00,2261,4958272,4958272
2026-05-12T20:14:04+01:00,2250,4958272,4958272
2026-05-12T20:14:06+01:00,2252,4958272,4958272
2026-05-12T20:14:07+01:00,2254,4958272,4958272
2026-05-12T20:14:08+01:00,2256,4958272,4958272
2026-05-12T20:14:09+01:00,2258,4958272,4958272
2026-05-12T20:14:10+01:00,2260,4958272,4958272
2026-05-12T20:14:11+01:00,2262,4958272,4958272
2026-05-12T20:14:12+01:00,2263,4958272,4958272
2026-05-12T20:14:13+01:00,2252,4958272,4958272
2026-05-12T20:14:15+01:00,2254,4958272,4958272
2026-05-12T20:14:16+01:00,2256,4958272,4958272
2026-05-12T20:14:17+01:00,2257,4958272,4958272
2026-05-12T20:14:18+01:00,2259,4958272,4958272
2026-05-12T20:14:19+01:00,2261,4958272,4958272
2026-05-12T20:14:20+01:00,2262,4958272,4958272
2026-05-12T20:14:21+01:00,2264,4958272,4958272
2026-05-12T20:14:22+01:00,2252,4958272,4958272
2026-05-12T20:14:23+01:00,2254,4958272,4958272
2026-05-12T20:14:25+01:00,2255,4958272,4958272
2026-05-12T20:14:26+01:00,2257,4958272,4958272
2026-05-12T20:14:27+01:00,2258,4958272,4958272
2026-05-12T20:14:28+01:00,2260,4958272,4958272
2026-05-12T20:14:29+01:00,2261,4958272,4958272
2026-05-12T20:14:30+01:00,2262,4958272,4958272
2026-05-12T20:14:31+01:00,2264,4958272,4958272
2026-05-12T20:14:32+01:00,2253,4958272,4958272
2026-05-12T20:14:34+01:00,2254,4958272,4958272
2026-05-12T20:14:35+01:00,2255,4958272,4958272
2026-05-12T20:14:36+01:00,2256,4958272,4958272
2026-05-12T20:14:37+01:00,2258,4958272,4958272
2026-05-12T20:14:38+01:00,2259,4958272,4958272
2026-05-12T20:14:39+01:00,2260,4958272,4958272
2026-05-12T20:14:40+01:00,2261,4958272,4958272
2026-05-12T20:14:41+01:00,2251,4958272,4958272
2026-05-12T20:14:43+01:00,2252,4958272,4958272
2026-05-12T20:14:44+01:00,2253,4958272,4958272
2026-05-12T20:14:45+01:00,2254,4958272,4958272
2026-05-12T20:14:46+01:00,2255,4958272,4958272
2026-05-12T20:14:47+01:00,2256,4958272,4958272
2026-05-12T20:14:48+01:00,2257,4958272,4958272
2026-05-12T20:14:49+01:00,2258,4958272,4958272
2026-05-12T20:14:50+01:00,2248,4958272,4958272
2026-05-12T20:14:51+01:00,2249,4958272,4958272
2026-05-12T20:14:53+01:00,2249,4958272,4958272
2026-05-12T20:14:54+01:00,2250,4958272,4958272
2026-05-12T20:14:55+01:00,2251,4958272,4958272
2026-05-12T20:14:56+01:00,2252,4958272,4958272
2026-05-12T20:14:57+01:00,2253,4958272,4958272
2026-05-12T20:14:58+01:00,2254,4958272,4958272
2026-05-12T20:14:59+01:00,2255,4958272,4958272
2026-05-12T20:15:00+01:00,2245,4958272,4958272
2026-05-12T20:15:02+01:00,2246,4958272,4958272
2026-05-12T20:15:03+01:00,2246,4958272,4958272
2026-05-12T20:15:04+01:00,2247,4958272,4958272
2026-05-12T20:15:05+01:00,2248,4958272,4958272
2026-05-12T20:15:06+01:00,2249,4958272,4958272
2026-05-12T20:15:07+01:00,2249,4958272,4958272
2026-05-12T20:15:08+01:00,2250,4958272,4958272
2026-05-12T20:15:09+01:00,2241,4958272,4958272
2026-05-12T20:15:10+01:00,2242,4986304,4986304
2026-05-12T20:15:12+01:00,2244,4986304,4986304
2026-05-12T20:15:13+01:00,2245,4986304,4986304
2026-05-12T20:15:14+01:00,2247,4986304,4986304
2026-05-12T20:15:15+01:00,2249,4986304,4986304
2026-05-12T20:15:16+01:00,2251,4986304,4986304
2026-05-12T20:15:17+01:00,2252,4986304,4986304
2026-05-12T20:15:18+01:00,2254,4986304,4986304
2026-05-12T20:15:19+01:00,2246,4986304,4986304
2026-05-12T20:15:21+01:00,2248,4986304,4986304
2026-05-12T20:15:22+01:00,2250,4986304,4986304
2026-05-12T20:15:23+01:00,2252,4986304,4986304
2026-05-12T20:15:24+01:00,2254,4986304,4986304
2026-05-12T20:15:25+01:00,2255,4986304,4986304
2026-05-12T20:15:26+01:00,2257,4986304,4986304
2026-05-12T20:15:27+01:00,2258,4986304,4986304
2026-05-12T20:15:28+01:00,2251,4986304,4986304
2026-05-12T20:15:30+01:00,2252,4986304,4986304
2026-05-12T20:15:31+01:00,2254,4986304,4986304
2026-05-12T20:15:32+01:00,2255,4986304,4986304
2026-05-12T20:15:33+01:00,2257,4986304,4986304
2026-05-12T20:15:34+01:00,2258,4986304,4986304
2026-05-12T20:15:35+01:00,2259,4986304,4986304
2026-05-12T20:15:36+01:00,2261,4986304,4986304
2026-05-12T20:15:37+01:00,2253,4986304,4986304
2026-05-12T20:15:38+01:00,2255,4986304,4986304
2026-05-12T20:15:40+01:00,2256,4986304,4986304
2026-05-12T20:15:41+01:00,2257,4986304,4986304
2026-05-12T20:15:42+01:00,2258,4986304,4986304
2026-05-12T20:15:43+01:00,2260,4986304,4986304
2026-05-12T20:15:44+01:00,2261,4986304,4986304
2026-05-12T20:15:45+01:00,2262,4986304,4986304
2026-05-12T20:15:46+01:00,2263,4986304,4986304
2026-05-12T20:15:47+01:00,2255,4986304,4986304
2026-05-12T20:15:49+01:00,2257,4986304,4986304
2026-05-12T20:15:50+01:00,2258,4986304,4986304
2026-05-12T20:15:51+01:00,2259,4986304,4986304
2026-05-12T20:15:52+01:00,2260,4986304,4986304
2026-05-12T20:15:53+01:00,2261,4986304,4986304
2026-05-12T20:15:54+01:00,2262,4986304,4986304
2026-05-12T20:15:55+01:00,2263,4986304,4986304
2026-05-12T20:15:56+01:00,2255,4986304,4986304
2026-05-12T20:15:58+01:00,2256,4986304,4986304
2026-05-12T20:15:59+01:00,2257,4986304,4986304
2026-05-12T20:16:00+01:00,2258,4986304,4986304
2026-05-12T20:16:01+01:00,2259,4986304,4986304
2026-05-12T20:16:02+01:00,2260,4986304,4986304
2026-05-12T20:16:03+01:00,2261,4986304,4986304
2026-05-12T20:16:04+01:00,2261,4986304,4986304
2026-05-12T20:16:05+01:00,2254,4986304,4986304
2026-05-12T20:16:06+01:00,2255,4986304,4986304
2026-05-12T20:16:08+01:00,2256,4986304,4986304
2026-05-12T20:16:09+01:00,2257,4986304,4986304
2026-05-12T20:16:10+01:00,2257,4986304,4986304
2026-05-12T20:16:11+01:00,2258,4986304,4986304
2026-05-12T20:16:12+01:00,2259,4986304,4986304
2026-05-12T20:16:13+01:00,2259,4986304,4986304
2026-05-12T20:16:14+01:00,2260,4986304,4986304
2026-05-12T20:16:15+01:00,2253,4986304,4986304
2026-05-12T20:16:17+01:00,2254,4986304,4986304
2026-05-12T20:16:18+01:00,2254,4986304,4986304
2026-05-12T20:16:19+01:00,2255,4986304,4986304
2026-05-12T20:16:20+01:00,2256,4986304,4986304
2026-05-12T20:16:21+01:00,2256,4986304,4986304
2026-05-12T20:16:22+01:00,2257,4986304,4986304
2026-05-12T20:16:23+01:00,2258,4986304,4986304
2026-05-12T20:16:24+01:00,2251,4986304,4986304
2026-05-12T20:16:26+01:00,2251,4986304,4986304
2026-05-12T20:16:27+01:00,2252,4986304,4986304
2026-05-12T20:16:28+01:00,2253,4986304,4986304
2026-05-12T20:16:29+01:00,2253,4998336,4998336
2026-05-12T20:16:30+01:00,2255,4998336,4998336
2026-05-12T20:16:31+01:00,2256,4998336,4998336
2026-05-12T20:16:32+01:00,2257,4998336,4998336
2026-05-12T20:16:33+01:00,2258,4998336,4998336
2026-05-12T20:16:34+01:00,2252,4998336,4998336
2026-05-12T20:16:36+01:00,2254,4998336,4998336
2026-05-12T20:16:37+01:00,2255,4998336,4998336
2026-05-12T20:16:38+01:00,2256,4998336,4998336
2026-05-12T20:16:39+01:00,2258,4998336,4998336
2026-05-12T20:16:40+01:00,2259,4998336,4998336
2026-05-12T20:16:41+01:00,2260,4998336,4998336
2026-05-12T20:16:42+01:00,2262,4998336,4998336
2026-05-12T20:16:43+01:00,2256,4998336,4998336
2026-05-12T20:16:45+01:00,2257,4998336,4998336
2026-05-12T20:16:46+01:00,2258,4998336,4998336
2026-05-12T20:16:47+01:00,2260,4998336,4998336
2026-05-12T20:16:48+01:00,2261,4998336,4998336
2026-05-12T20:16:49+01:00,2262,4998336,4998336
2026-05-12T20:16:50+01:00,2263,4998336,4998336
2026-05-12T20:16:51+01:00,2264,4998336,4998336
2026-05-12T20:16:52+01:00,2258,4998336,4998336
2026-05-12T20:16:54+01:00,2259,4998336,4998336
2026-05-12T20:16:55+01:00,2260,4998336,4998336
2026-05-12T20:16:56+01:00,2261,4998336,4998336
2026-05-12T20:16:57+01:00,2262,4998336,4998336
2026-05-12T20:16:58+01:00,2263,4998336,4998336
2026-05-12T20:16:59+01:00,2264,4998336,4998336
2026-05-12T20:17:00+01:00,2265,4998336,4998336
2026-05-12T20:17:01+01:00,2259,4998336,4998336
2026-05-12T20:17:02+01:00,2260,4998336,4998336
2026-05-12T20:17:04+01:00,2261,4998336,4998336
2026-05-12T20:17:05+01:00,2262,4998336,4998336
2026-05-12T20:17:06+01:00,2263,4998336,4998336
2026-05-12T20:17:07+01:00,2263,4998336,4998336
2026-05-12T20:17:08+01:00,2264,4998336,4998336
2026-05-12T20:17:09+01:00,2265,4998336,4998336
2026-05-12T20:17:10+01:00,2266,4998336,4998336
2026-05-12T20:17:11+01:00,2260,4998336,4998336
2026-05-12T20:17:13+01:00,2261,4998336,4998336
2026-05-12T20:17:14+01:00,2261,4998336,4998336
2026-05-12T20:17:15+01:00,2262,4998336,4998336
2026-05-12T20:17:16+01:00,2263,4998336,4998336
2026-05-12T20:17:17+01:00,2264,4998336,4998336
2026-05-12T20:17:18+01:00,2264,4998336,4998336
2026-05-12T20:17:19+01:00,2265,4998336,4998336
2026-05-12T20:17:20+01:00,2259,4998336,4998336
2026-05-12T20:17:22+01:00,2260,4998336,4998336
2026-05-12T20:17:23+01:00,2260,4998336,4998336
2026-05-12T20:17:24+01:00,2261,4998336,4998336
2026-05-12T20:17:25+01:00,2262,4998336,4998336
2026-05-12T20:17:26+01:00,2262,4998336,4998336
2026-05-12T20:17:27+01:00,2263,4998336,4998336
2026-05-12T20:17:28+01:00,2263,4998336,4998336
2026-05-12T20:17:29+01:00,2258,4998336,4998336
2026-05-12T20:17:30+01:00,2258,4998336,4998336
2026-05-12T20:17:32+01:00,2259,4998336,4998336
2026-05-12T20:17:33+01:00,2259,4998336,4998336
2026-05-12T20:17:34+01:00,2260,4998336,4998336
2026-05-12T20:17:35+01:00,2260,4998336,4998336
2026-05-12T20:17:36+01:00,2261,4998336,4998336
2026-05-12T20:17:37+01:00,2261,4998336,4998336
2026-05-12T20:17:38+01:00,2262,4998336,4998336
2026-05-12T20:17:39+01:00,2256,4998336,4998336
2026-05-12T20:17:41+01:00,2257,4998336,4998336
2026-05-12T20:17:42+01:00,2257,4998336,4998336
2026-05-12T20:17:43+01:00,2258,4998336,4998336
2026-05-12T20:17:44+01:00,2258,4998336,4998336
2026-05-12T20:17:45+01:00,2259,4998336,4998336
2026-05-12T20:17:46+01:00,2259,4998336,4998336
2026-05-12T20:17:47+01:00,2260,4998336,4998336
2026-05-12T20:17:48+01:00,2254,4998336,4998336
2026-05-12T20:17:50+01:00,2255,4998336,4998336
2026-05-12T20:17:51+01:00,2255,4998336,4998336
2026-05-12T20:17:52+01:00,2256,4998336,4998336
2026-05-12T20:17:53+01:00,2256,4998336,4998336
2026-05-12T20:17:54+01:00,2256,4998336,4998336
2026-05-12T20:17:55+01:00,2257,4998336,4998336
2026-05-12T20:17:56+01:00,2257,4998336,4998336
2026-05-12T20:17:57+01:00,2252,4998336,4998336
2026-05-12T20:17:58+01:00,2252,4998336,4998336
2026-05-12T20:18:00+01:00,2253,4998336,4998336
2026-05-12T20:18:01+01:00,2253,4998336,4998336
2026-05-12T20:18:02+01:00,2253,4998336,4998336
2026-05-12T20:18:03+01:00,2254,4998336,4998336
2026-05-12T20:18:04+01:00,2254,4998336,4998336
2026-05-12T20:18:05+01:00,2254,4998336,4998336
2026-05-12T20:18:06+01:00,2255,4998336,4998336
2026-05-12T20:18:07+01:00,2249,4998336,4998336
2026-05-12T20:18:09+01:00,2250,5028800,5028800
2026-05-12T20:18:10+01:00,2251,5037120,5037120
2026-05-12T20:18:11+01:00,2252,5037120,5037120
2026-05-12T20:18:12+01:00,2253,5037120,5037120
2026-05-12T20:18:13+01:00,2254,5037120,5037120
2026-05-12T20:18:14+01:00,2254,5037120,5037120
2026-05-12T20:18:15+01:00,2255,5037120,5037120
2026-05-12T20:18:16+01:00,2256,5037120,5037120
2026-05-12T20:18:17+01:00,2252,5037120,5037120
2026-05-12T20:18:19+01:00,2252,5037120,5037120
2026-05-12T20:18:20+01:00,2253,5037120,5037120
2026-05-12T20:18:21+01:00,2254,5037120,5037120
2026-05-12T20:18:22+01:00,2255,5037120,5037120
2026-05-12T20:18:23+01:00,2256,5037120,5037120
2026-05-12T20:18:24+01:00,2257,5037120,5037120
2026-05-12T20:18:25+01:00,2258,5037120,5037120
2026-05-12T20:18:26+01:00,2259,5037120,5037120
2026-05-12T20:18:27+01:00,2254,5037120,5037120
2026-05-12T20:18:29+01:00,2255,5037120,5037120
2026-05-12T20:18:30+01:00,2256,5037120,5037120
2026-05-12T20:18:31+01:00,2257,5037120,5037120
2026-05-12T20:18:32+01:00,2258,5037120,5037120
2026-05-12T20:18:33+01:00,2258,5037120,5037120
2026-05-12T20:18:34+01:00,2259,5037120,5037120
2026-05-12T20:18:35+01:00,2260,5037120,5037120
2026-05-12T20:18:36+01:00,2255,5037120,5037120
2026-05-12T20:18:38+01:00,2256,5037120,5037120
2026-05-12T20:18:39+01:00,2257,5037120,5037120
2026-05-12T20:18:40+01:00,2257,5037120,5037120
2026-05-12T20:18:41+01:00,2258,5037120,5037120
2026-05-12T20:18:42+01:00,2259,5037120,5037120
2026-05-12T20:18:43+01:00,2259,5037120,5037120
2026-05-12T20:18:44+01:00,2260,5037120,5037120
2026-05-12T20:18:45+01:00,2256,5037120,5037120
2026-05-12T20:18:47+01:00,2256,5037120,5037120
2026-05-12T20:18:48+01:00,2257,5037120,5037120
2026-05-12T20:18:49+01:00,2257,5037120,5037120
2026-05-12T20:18:50+01:00,2258,5037120,5037120
2026-05-12T20:18:51+01:00,2259,5037120,5037120
2026-05-12T20:18:52+01:00,2259,5037120,5037120
2026-05-12T20:18:53+01:00,2260,5037120,5037120
2026-05-12T20:18:54+01:00,2260,5037120,5037120
2026-05-12T20:18:55+01:00,2256,5037120,5037120
2026-05-12T20:18:57+01:00,2256,5037120,5037120
2026-05-12T20:18:58+01:00,2257,5037120,5037120
2026-05-12T20:18:59+01:00,2257,5037120,5037120
2026-05-12T20:19:00+01:00,2258,5037120,5037120
2026-05-12T20:19:01+01:00,2258,5037120,5037120
2026-05-12T20:19:02+01:00,2259,5037120,5037120
2026-05-12T20:19:03+01:00,2259,5037120,5037120
2026-05-12T20:19:04+01:00,2255,5037120,5037120
2026-05-12T20:19:06+01:00,2255,5037120,5037120
2026-05-12T20:19:07+01:00,2256,5037120,5037120
2026-05-12T20:19:08+01:00,2256,5037120,5037120
2026-05-12T20:19:09+01:00,2257,5037120,5037120
2026-05-12T20:19:10+01:00,2257,5037120,5037120
2026-05-12T20:19:11+01:00,2258,5037120,5037120
2026-05-12T20:19:12+01:00,2258,5037120,5037120
2026-05-12T20:19:13+01:00,2254,5037120,5037120
2026-05-12T20:19:14+01:00,2254,5037120,5037120
2026-05-12T20:19:16+01:00,2254,5037120,5037120
2026-05-12T20:19:17+01:00,2255,5037120,5037120
2026-05-12T20:19:18+01:00,2255,5037120,5037120
2026-05-12T20:19:19+01:00,2256,5037120,5037120
2026-05-12T20:19:20+01:00,2256,5037120,5037120
2026-05-12T20:19:21+01:00,2256,5037120,5037120
2026-05-12T20:19:22+01:00,2257,5037120,5037120
2026-05-12T20:19:23+01:00,2252,5037120,5037120
2026-05-12T20:19:25+01:00,2253,5037120,5037120
2026-05-12T20:19:26+01:00,2253,5037120,5037120
2026-05-12T20:19:27+01:00,2253,5037120,5037120
2026-05-12T20:19:28+01:00,2254,5037120,5037120
2026-05-12T20:19:29+01:00,2254,5037120,5037120
2026-05-12T20:19:30+01:00,2254,5037120,5037120
2026-05-12T20:19:31+01:00,2255,5037120,5037120
2026-05-12T20:19:32+01:00,2250,5037120,5037120
2026-05-12T20:19:33+01:00,2251,5037120,5037120
2026-05-12T20:19:35+01:00,2251,5037120,5037120
2026-05-12T20:19:36+01:00,2251,5037120,5037120
2026-05-12T20:19:37+01:00,2252,5037120,5037120
2026-05-12T20:19:38+01:00,2252,5037120,5037120
2026-05-12T20:19:39+01:00,2252,5037120,5037120
2026-05-12T20:19:40+01:00,2252,5037120,5037120
2026-05-12T20:19:41+01:00,2248,5037120,5037120
2026-05-12T20:19:42+01:00,2248,5037120,5037120
2026-05-12T20:19:44+01:00,2249,5037120,5037120
2026-05-12T20:19:45+01:00,2249,5037120,5037120
2026-05-12T20:19:46+01:00,2249,5037120,5037120
2026-05-12T20:19:47+01:00,2250,5037120,5037120
2026-05-12T20:19:48+01:00,2250,5037120,5037120
2026-05-12T20:19:49+01:00,2250,5037120,5037120
2026-05-12T20:19:50+01:00,2250,5037120,5037120
2026-05-12T20:19:51+01:00,2246,5037120,5037120
2026-05-12T20:19:53+01:00,2246,5037120,5037120
2026-05-12T20:19:54+01:00,2247,5037120,5037120
2026-05-12T20:19:55+01:00,2247,5037120,5037120
2026-05-12T20:19:56+01:00,2247,5037120,5037120
2026-05-12T20:19:57+01:00,2247,5037120,5037120
2026-05-12T20:19:58+01:00,2248,5037120,5037120
2026-05-12T20:19:59+01:00,2248,5037120,5037120
2026-05-12T20:20:00+01:00,2244,5037120,5037120
2026-05-12T20:20:02+01:00,2244,5037120,5037120
2026-05-12T20:20:03+01:00,2244,5052800,5052800
2026-05-12T20:20:04+01:00,2245,5082816,5082816
2026-05-12T20:20:05+01:00,2246,5082816,5082816
2026-05-12T20:20:06+01:00,2247,5082816,5082816
2026-05-12T20:20:07+01:00,2247,5082816,5082816
2026-05-12T20:20:08+01:00,2248,5082816,5082816
2026-05-12T20:20:09+01:00,2244,5082816,5082816
2026-05-12T20:20:11+01:00,2245,5082816,5082816
2026-05-12T20:20:12+01:00,2246,5082816,5082816
2026-05-12T20:20:13+01:00,2247,5082816,5082816
2026-05-12T20:20:14+01:00,2247,5082816,5082816
2026-05-12T20:20:15+01:00,2248,5082816,5082816
2026-05-12T20:20:16+01:00,2249,5082816,5082816
2026-05-12T20:20:17+01:00,2249,5082816,5082816
2026-05-12T20:20:18+01:00,2246,5082816,5082816
2026-05-12T20:20:20+01:00,2247,5082816,5082816
2026-05-12T20:20:21+01:00,2247,5082816,5082816
2026-05-12T20:20:22+01:00,2248,5082816,5082816
2026-05-12T20:20:23+01:00,2249,5082816,5082816
2026-05-12T20:20:24+01:00,2249,5082816,5082816
2026-05-12T20:20:25+01:00,2250,5082816,5082816
2026-05-12T20:20:26+01:00,2251,5082816,5082816
2026-05-12T20:20:27+01:00,2247,5082816,5082816
2026-05-12T20:20:28+01:00,2248,5082816,5082816
2026-05-12T20:20:30+01:00,2249,5082816,5082816
2026-05-12T20:20:31+01:00,2249,5082816,5082816
2026-05-12T20:20:32+01:00,2250,5082816,5082816
2026-05-12T20:20:33+01:00,2251,5082816,5082816
2026-05-12T20:20:34+01:00,2251,5082816,5082816
2026-05-12T20:20:35+01:00,2252,5082816,5082816
2026-05-12T20:20:36+01:00,2253,5082816,5082816
2026-05-12T20:20:37+01:00,2249,5082816,5082816
2026-05-12T20:20:39+01:00,2250,5082816,5082816
2026-05-12T20:20:40+01:00,2250,5082816,5082816
2026-05-12T20:20:41+01:00,2251,5082816,5082816
2026-05-12T20:20:42+01:00,2251,5082816,5082816
2026-05-12T20:20:43+01:00,2251,5082816,5082816
2026-05-12T20:20:44+01:00,2252,5082816,5082816
2026-05-12T20:20:45+01:00,2252,5082816,5082816
2026-05-12T20:20:46+01:00,2249,5082816,5082816
2026-05-12T20:20:48+01:00,2249,5082816,5082816
2026-05-12T20:20:49+01:00,2250,5082816,5082816
2026-05-12T20:20:50+01:00,2250,5082816,5082816
2026-05-12T20:20:51+01:00,2250,5082816,5082816
2026-05-12T20:20:52+01:00,2251,5082816,5082816
2026-05-12T20:20:53+01:00,2251,5082816,5082816
2026-05-12T20:20:54+01:00,2252,5082816,5082816
2026-05-12T20:20:55+01:00,2248,5082816,5082816
2026-05-12T20:20:57+01:00,2249,5082816,5082816
2026-05-12T20:20:58+01:00,2249,5082816,5082816
2026-05-12T20:20:59+01:00,2249,5082816,5082816
2026-05-12T20:21:00+01:00,2250,5082816,5082816
2026-05-12T20:21:01+01:00,2250,5082816,5082816
2026-05-12T20:21:02+01:00,2251,5082816,5082816
2026-05-12T20:21:03+01:00,2251,5082816,5082816
2026-05-12T20:21:04+01:00,2247,5082816,5082816
2026-05-12T20:21:06+01:00,2248,5082816,5082816
2026-05-12T20:21:07+01:00,2248,5082816,5082816
2026-05-12T20:21:08+01:00,2248,5082816,5082816
2026-05-12T20:21:09+01:00,2249,5082816,5082816
2026-05-12T20:21:10+01:00,2249,5082816,5082816
2026-05-12T20:21:11+01:00,2249,5082816,5082816
2026-05-12T20:21:12+01:00,2250,5082816,5082816
2026-05-12T20:21:13+01:00,2246,5082816,5082816
2026-05-12T20:21:14+01:00,2246,5082816,5082816
2026-05-12T20:21:16+01:00,2247,5082816,5082816
2026-05-12T20:21:17+01:00,2247,5082816,5082816
2026-05-12T20:21:18+01:00,2247,5082816,5082816
2026-05-12T20:21:19+01:00,2248,5082816,5082816
2026-05-12T20:21:20+01:00,2248,5082816,5082816
2026-05-12T20:21:21+01:00,2248,5082816,5082816
2026-05-12T20:21:22+01:00,2248,5082816,5082816
2026-05-12T20:21:23+01:00,2245,5082816,5082816
2026-05-12T20:21:25+01:00,2245,5082816,5082816
2026-05-12T20:21:26+01:00,2246,5082816,5082816
2026-05-12T20:21:27+01:00,2246,5082816,5082816
2026-05-12T20:21:28+01:00,2246,5082816,5082816
2026-05-12T20:21:29+01:00,2246,5082816,5082816
2026-05-12T20:21:30+01:00,2247,5082816,5082816
2026-05-12T20:21:31+01:00,2247,5082816,5082816
2026-05-12T20:21:32+01:00,2243,5082816,5082816
2026-05-12T20:21:33+01:00,2244,5082816,5082816
2026-05-12T20:21:35+01:00,2244,5082816,5082816
2026-05-12T20:21:36+01:00,2244,5082816,5082816
2026-05-12T20:21:37+01:00,2244,5082816,5082816
2026-05-12T20:21:38+01:00,2245,5082816,5082816
2026-05-12T20:21:39+01:00,2245,5082816,5082816
2026-05-12T20:21:40+01:00,2245,5082816,5082816
2026-05-12T20:21:41+01:00,2242,5082816,5082816
2026-05-12T20:21:42+01:00,2242,5082816,5082816
2026-05-12T20:21:44+01:00,2242,5082816,5082816
2026-05-12T20:21:45+01:00,2242,5082816,5082816
2026-05-12T20:21:46+01:00,2243,5082816,5082816
2026-05-12T20:21:47+01:00,2243,5082816,5082816
2026-05-12T20:21:48+01:00,2243,5082816,5082816
2026-05-12T20:21:49+01:00,2243,5082816,5082816
2026-05-12T20:21:50+01:00,2243,5082816,5082816
2026-05-12T20:21:51+01:00,2240,5082816,5082816
2026-05-12T20:21:53+01:00,2240,5082816,5082816
2026-05-12T20:21:54+01:00,2240,5082816,5082816
2026-05-12T20:21:55+01:00,2240,5082816,5082816
2026-05-12T20:21:56+01:00,2241,5082816,5082816
2026-05-12T20:21:57+01:00,2241,5082816,5082816
2026-05-12T20:21:58+01:00,2241,5082816,5082816
2026-05-12T20:21:59+01:00,2241,5082816,5082816
2026-05-12T20:22:00+01:00,2241,5082816,5082816
2026-05-12T20:22:01+01:00,2238,5082816,5082816
2026-05-12T20:22:03+01:00,2238,5082816,5082816
2026-05-12T20:22:04+01:00,2238,5082816,5082816
2026-05-12T20:22:05+01:00,2238,5082816,5082816
2026-05-12T20:22:06+01:00,2239,5082816,5082816
2026-05-12T20:22:07+01:00,2239,5082816,5082816
2026-05-12T20:22:08+01:00,2239,5082816,5082816
2026-05-12T20:22:09+01:00,2239,5082816,5082816
2026-05-12T20:22:10+01:00,2236,5082816,5082816
2026-05-12T20:22:12+01:00,2236,5082816,5082816
2026-05-12T20:22:13+01:00,2236,5082816,5082816
2026-05-12T20:22:14+01:00,2236,5082816,5082816
2026-05-12T20:22:15+01:00,2236,5082816,5082816
2026-05-12T20:22:16+01:00,2237,5082816,5082816
2026-05-12T20:22:17+01:00,2237,5082816,5082816
2026-05-12T20:22:18+01:00,2237,5082816,5082816
2026-05-12T20:22:19+01:00,2234,5082816,5082816
2026-05-12T20:22:20+01:00,2234,5082816,5082816
2026-05-12T20:22:22+01:00,2234,5082816,5082816
2026-05-12T20:22:23+01:00,2234,5082816,5082816
2026-05-12T20:22:24+01:00,2234,5082816,5082816
2026-05-12T20:22:25+01:00,2234,5082816,5082816
2026-05-12T20:22:26+01:00,2234,5082816,5082816
2026-05-12T20:22:27+01:00,2235,5082816,5082816
2026-05-12T20:22:28+01:00,2235,5102912,5102912
2026-05-12T20:22:29+01:00,2232,5102912,5102912
2026-05-12T20:22:31+01:00,2232,5102912,5102912
2026-05-12T20:22:32+01:00,2233,5102912,5102912
2026-05-12T20:22:33+01:00,2233,5102912,5102912
2026-05-12T20:22:34+01:00,2234,5102912,5102912
2026-05-12T20:22:35+01:00,2235,5102912,5102912
2026-05-12T20:22:36+01:00,2235,5102912,5102912
2026-05-12T20:22:37+01:00,2236,5102912,5102912
2026-05-12T20:22:38+01:00,2236,5102912,5102912
2026-05-12T20:22:39+01:00,2233,5102912,5102912
2026-05-12T20:22:41+01:00,2234,5102912,5102912
2026-05-12T20:22:42+01:00,2234,5102912,5102912
2026-05-12T20:22:43+01:00,2235,5102912,5102912
2026-05-12T20:22:44+01:00,2235,5102912,5102912
2026-05-12T20:22:45+01:00,2236,5102912,5102912
2026-05-12T20:22:46+01:00,2236,5102912,5102912
2026-05-12T20:22:47+01:00,2237,5102912,5102912
2026-05-12T20:22:48+01:00,2237,5102912,5102912
2026-05-12T20:22:49+01:00,2235,5102912,5102912
2026-05-12T20:22:51+01:00,2235,5102912,5102912
2026-05-12T20:22:52+01:00,2236,5102912,5102912
2026-05-12T20:22:53+01:00,2236,5102912,5102912
2026-05-12T20:22:54+01:00,2237,5102912,5102912
2026-05-12T20:22:55+01:00,2237,5102912,5102912
2026-05-12T20:22:56+01:00,2238,5102912,5102912
2026-05-12T20:22:57+01:00,2238,5102912,5102912
2026-05-12T20:22:58+01:00,2239,5102912,5102912
2026-05-12T20:22:59+01:00,2236,5102912,5102912
2026-05-12T20:23:01+01:00,2236,5102912,5102912
2026-05-12T20:23:02+01:00,2237,5102912,5102912
2026-05-12T20:23:03+01:00,2237,5102912,5102912
2026-05-12T20:23:04+01:00,2238,5102912,5102912
2026-05-12T20:23:05+01:00,2238,5102912,5102912
2026-05-12T20:23:06+01:00,2238,5102912,5102912
2026-05-12T20:23:07+01:00,2239,5102912,5102912
2026-05-12T20:23:08+01:00,2236,5102912,5102912
2026-05-12T20:23:10+01:00,2236,5102912,5102912
2026-05-12T20:23:11+01:00,2237,5102912,5102912
2026-05-12T20:23:12+01:00,2237,5102912,5102912
2026-05-12T20:23:13+01:00,2238,5102912,5102912
2026-05-12T20:23:14+01:00,2238,5102912,5102912
2026-05-12T20:23:15+01:00,2238,5102912,5102912
2026-05-12T20:23:16+01:00,2239,5102912,5102912
2026-05-12T20:23:17+01:00,2236,5102912,5102912
2026-05-12T20:23:18+01:00,2236,5102912,5102912
2026-05-12T20:23:20+01:00,2237,5102912,5102912
2026-05-12T20:23:21+01:00,2237,5102912,5102912
2026-05-12T20:23:22+01:00,2237,5102912,5102912
2026-05-12T20:23:23+01:00,2238,5102912,5102912
2026-05-12T20:23:24+01:00,2238,5102912,5102912
2026-05-12T20:23:25+01:00,2238,5102912,5102912
2026-05-12T20:23:26+01:00,2235,5102912,5102912
2026-05-12T20:23:27+01:00,2236,5102912,5102912
2026-05-12T20:23:29+01:00,2236,5102912,5102912
2026-05-12T20:23:30+01:00,2236,5102912,5102912
2026-05-12T20:23:31+01:00,2237,5102912,5102912
2026-05-12T20:23:32+01:00,2237,5102912,5102912
2026-05-12T20:23:33+01:00,2237,5102912,5102912
2026-05-12T20:23:34+01:00,2237,5102912,5102912
2026-05-12T20:23:35+01:00,2238,5102912,5102912
2026-05-12T20:23:36+01:00,2235,5102912,5102912
2026-05-12T20:23:37+01:00,2235,5102912,5102912
2026-05-12T20:23:39+01:00,2235,5102912,5102912
2026-05-12T20:23:40+01:00,2236,5102912,5102912
2026-05-12T20:23:41+01:00,2236,5102912,5102912
2026-05-12T20:23:42+01:00,2236,5102912,5102912
2026-05-12T20:23:43+01:00,2236,5102912,5102912
2026-05-12T20:23:44+01:00,2237,5102912,5102912
2026-05-12T20:23:45+01:00,2237,5102912,5102912
2026-05-12T20:23:46+01:00,2234,5102912,5102912
2026-05-12T20:23:48+01:00,2234,5102912,5102912
2026-05-12T20:23:49+01:00,2235,5102912,5102912
2026-05-12T20:23:50+01:00,2235,5102912,5102912
2026-05-12T20:23:51+01:00,2235,5102912,5102912
2026-05-12T20:23:52+01:00,2235,5102912,5102912
2026-05-12T20:23:53+01:00,2235,5102912,5102912
2026-05-12T20:23:54+01:00,2236,5102912,5102912
2026-05-12T20:23:55+01:00,2233,5102912,5102912
2026-05-12T20:23:57+01:00,2233,5102912,5102912
2026-05-12T20:23:58+01:00,2233,5102912,5102912
2026-05-12T20:23:59+01:00,2234,5102912,5102912
2026-05-12T20:24:00+01:00,2234,5102912,5102912
2026-05-12T20:24:01+01:00,2234,5102912,5102912
2026-05-12T20:24:02+01:00,2234,5102912,5102912
2026-05-12T20:24:03+01:00,2234,5102912,5102912
2026-05-12T20:24:04+01:00,2235,5102912,5102912
2026-05-12T20:24:05+01:00,2232,5102912,5102912
2026-05-12T20:24:07+01:00,2232,5102912,5102912
2026-05-12T20:24:08+01:00,2232,5102912,5102912
2026-05-12T20:24:09+01:00,2232,5102912,5102912
2026-05-12T20:24:10+01:00,2233,5102912,5102912
2026-05-12T20:24:11+01:00,2233,5102912,5102912
2026-05-12T20:24:12+01:00,2233,5102912,5102912
2026-05-12T20:24:13+01:00,2233,5102912,5102912
2026-05-12T20:24:14+01:00,2230,5102912,5102912
2026-05-12T20:24:15+01:00,2231,5102912,5102912
2026-05-12T20:24:17+01:00,2231,5102912,5102912
2026-05-12T20:24:18+01:00,2231,5102912,5102912
2026-05-12T20:24:19+01:00,2231,5102912,5102912
2026-05-12T20:24:20+01:00,2231,5102912,5102912
2026-05-12T20:24:21+01:00,2231,5102912,5102912
2026-05-12T20:24:22+01:00,2232,5102912,5102912
2026-05-12T20:24:23+01:00,2232,5102912,5102912
2026-05-12T20:24:24+01:00,2229,5102912,5102912
2026-05-12T20:24:26+01:00,2229,5102912,5102912
2026-05-12T20:24:27+01:00,2229,5102912,5102912
2026-05-12T20:24:28+01:00,2230,5102912,5102912
2026-05-12T20:24:29+01:00,2230,5102912,5102912
2026-05-12T20:24:30+01:00,2230,5102912,5102912
2026-05-12T20:24:31+01:00,2230,5102912,5102912
2026-05-12T20:24:32+01:00,2230,5102912,5102912
2026-05-12T20:24:33+01:00,2227,5102912,5102912
2026-05-12T20:24:35+01:00,2228,5102912,5102912
2026-05-12T20:24:36+01:00,2228,5102912,5102912
2026-05-12T20:24:37+01:00,2228,5102912,5102912
2026-05-12T20:24:38+01:00,2228,5102912,5102912
2026-05-12T20:24:39+01:00,2228,5102912,5102912
2026-05-12T20:24:40+01:00,2228,5102912,5102912
2026-05-12T20:24:41+01:00,2228,5102912,5102912
2026-05-12T20:24:42+01:00,2229,5124032,5124032
2026-05-12T20:24:43+01:00,2226,5124032,5124032
2026-05-12T20:24:45+01:00,2227,5124032,5124032
2026-05-12T20:24:46+01:00,2227,5124032,5124032
2026-05-12T20:24:47+01:00,2228,5124032,5124032
2026-05-12T20:24:48+01:00,2228,5124032,5124032
2026-05-12T20:24:49+01:00,2229,5124032,5124032
2026-05-12T20:24:50+01:00,2230,5124032,5124032
2026-05-12T20:24:51+01:00,2230,5124032,5124032
2026-05-12T20:24:52+01:00,2228,5124032,5124032
2026-05-12T20:24:54+01:00,2228,5124032,5124032
2026-05-12T20:24:55+01:00,2229,5124032,5124032
2026-05-12T20:24:56+01:00,2230,5124032,5124032
2026-05-12T20:24:57+01:00,2230,5124032,5124032
2026-05-12T20:24:58+01:00,2231,5124032,5124032
2026-05-12T20:24:59+01:00,2231,5124032,5124032
2026-05-12T20:25:00+01:00,2232,5124032,5124032
2026-05-12T20:25:01+01:00,2230,5124032,5124032
2026-05-12T20:25:02+01:00,2230,5124032,5124032
2026-05-12T20:25:04+01:00,2231,5124032,5124032
2026-05-12T20:25:05+01:00,2231,5124032,5124032
2026-05-12T20:25:06+01:00,2232,5124032,5124032
2026-05-12T20:25:07+01:00,2232,5124032,5124032
2026-05-12T20:25:08+01:00,2232,5124032,5124032
2026-05-12T20:25:09+01:00,2233,5124032,5124032
2026-05-12T20:25:10+01:00,2233,5124032,5124032
2026-05-12T20:25:11+01:00,2231,5124032,5124032
2026-05-12T20:25:13+01:00,2232,5124032,5124032
2026-05-12T20:25:14+01:00,2232,5124032,5124032
2026-05-12T20:25:15+01:00,2232,5124032,5124032
2026-05-12T20:25:16+01:00,2233,5124032,5124032
2026-05-12T20:25:17+01:00,2233,5124032,5124032
2026-05-12T20:25:18+01:00,2234,5124032,5124032
2026-05-12T20:25:19+01:00,2234,5124032,5124032
2026-05-12T20:25:20+01:00,2232,5124032,5124032
2026-05-12T20:25:22+01:00,2232,5124032,5124032
2026-05-12T20:25:23+01:00,2233,5124032,5124032
2026-05-12T20:25:24+01:00,2233,5124032,5124032
2026-05-12T20:25:25+01:00,2234,5124032,5124032
2026-05-12T20:25:26+01:00,2235,5124032,5124032
2026-05-12T20:25:27+01:00,2235,5124032,5124032
2026-05-12T20:25:28+01:00,2236,5124032,5124032
2026-05-12T20:25:29+01:00,2234,5124032,5124032
2026-05-12T20:25:30+01:00,2234,5124032,5124032
2026-05-12T20:25:32+01:00,2235,5124032,5124032
2026-05-12T20:25:33+01:00,2235,5124032,5124032
2026-05-12T20:25:34+01:00,2236,5124032,5124032
2026-05-12T20:25:35+01:00,2236,5124032,5124032
2026-05-12T20:25:36+01:00,2237,5124032,5124032
2026-05-12T20:25:37+01:00,2237,5124032,5124032
2026-05-12T20:25:38+01:00,2235,5124032,5124032
2026-05-12T20:25:39+01:00,2235,5124032,5124032
2026-05-12T20:25:41+01:00,2236,5124032,5124032
2026-05-12T20:25:42+01:00,2236,5124032,5124032
2026-05-12T20:25:43+01:00,2237,5124032,5124032
2026-05-12T20:25:44+01:00,2237,5124032,5124032
2026-05-12T20:25:45+01:00,2238,5124032,5124032
2026-05-12T20:25:46+01:00,2238,5124032,5124032
2026-05-12T20:25:47+01:00,2239,5124032,5124032
2026-05-12T20:25:48+01:00,2236,5124032,5124032
2026-05-12T20:25:50+01:00,2237,5124032,5124032
2026-05-12T20:25:51+01:00,2237,5124032,5124032
2026-05-12T20:25:52+01:00,2238,5124032,5124032
2026-05-12T20:25:53+01:00,2238,5124032,5124032
2026-05-12T20:25:54+01:00,2238,5124032,5124032
2026-05-12T20:25:55+01:00,2239,5124032,5124032
2026-05-12T20:25:56+01:00,2239,5124032,5124032
2026-05-12T20:25:57+01:00,2237,5124032,5124032
2026-05-12T20:25:59+01:00,2237,5124032,5124032
2026-05-12T20:26:00+01:00,2238,5124032,5124032
2026-05-12T20:26:01+01:00,2238,5124032,5124032
2026-05-12T20:26:02+01:00,2238,5124032,5124032
2026-05-12T20:26:03+01:00,2239,5124032,5124032
2026-05-12T20:26:04+01:00,2239,5124032,5124032
2026-05-12T20:26:05+01:00,2239,5124032,5124032
2026-05-12T20:26:06+01:00,2237,5124032,5124032
2026-05-12T20:26:07+01:00,2237,5124032,5124032
2026-05-12T20:26:09+01:00,2238,5124032,5124032
2026-05-12T20:26:10+01:00,2238,5124032,5124032
2026-05-12T20:26:11+01:00,2238,5124032,5124032
2026-05-12T20:26:12+01:00,2239,5124032,5124032
2026-05-12T20:26:13+01:00,2239,5124032,5124032
2026-05-12T20:26:14+01:00,2239,5124032,5124032
2026-05-12T20:26:15+01:00,2240,5124032,5124032
2026-05-12T20:26:16+01:00,2237,5124032,5124032
2026-05-12T20:26:18+01:00,2238,5124032,5124032
2026-05-12T20:26:19+01:00,2238,5124032,5124032
2026-05-12T20:26:20+01:00,2238,5124032,5124032
2026-05-12T20:26:21+01:00,2238,5124032,5124032
2026-05-12T20:26:22+01:00,2239,5124032,5124032
2026-05-12T20:26:23+01:00,2239,5124032,5124032
2026-05-12T20:26:24+01:00,2239,5124032,5124032
2026-05-12T20:26:25+01:00,2237,5124032,5124032
2026-05-12T20:26:27+01:00,2237,5124032,5124032
2026-05-12T20:26:28+01:00,2238,5124032,5124032
2026-05-12T20:26:29+01:00,2238,5124032,5124032
2026-05-12T20:26:30+01:00,2238,5124032,5124032
2026-05-12T20:26:31+01:00,2238,5124032,5124032
2026-05-12T20:26:32+01:00,2239,5124032,5124032
2026-05-12T20:26:33+01:00,2239,5124032,5124032
2026-05-12T20:26:34+01:00,2236,5124032,5124032
2026-05-12T20:26:35+01:00,2237,5124032,5124032
2026-05-12T20:26:37+01:00,2237,5124032,5124032
2026-05-12T20:26:38+01:00,2237,5124032,5124032
2026-05-12T20:26:39+01:00,2237,5124032,5124032
2026-05-12T20:26:40+01:00,2238,5124032,5124032
2026-05-12T20:26:41+01:00,2238,5124032,5124032
2026-05-12T20:26:42+01:00,2238,5124032,5124032
2026-05-12T20:26:43+01:00,2238,5124032,5124032
2026-05-12T20:26:44+01:00,2236,5124032,5124032
2026-05-12T20:26:46+01:00,2236,5124032,5124032
2026-05-12T20:26:47+01:00,2236,5124032,5124032
2026-05-12T20:26:48+01:00,2236,5124032,5124032
2026-05-12T20:26:49+01:00,2237,5124032,5124032
2026-05-12T20:26:50+01:00,2237,5124032,5124032
2026-05-12T20:26:51+01:00,2237,5124032,5124032
2026-05-12T20:26:52+01:00,2238,5124032,5124032
2026-05-12T20:26:53+01:00,2236,5124032,5124032
2026-05-12T20:26:55+01:00,2236,5124032,5124032
2026-05-12T20:26:56+01:00,2237,5124032,5124032
2026-05-12T20:26:57+01:00,2237,5124032,5124032
2026-05-12T20:26:58+01:00,2238,5124032,5124032
2026-05-12T20:26:59+01:00,2238,5124032,5124032
2026-05-12T20:27:00+01:00,2239,5124032,5124032
2026-05-12T20:27:01+01:00,2239,5124032,5124032
2026-05-12T20:27:02+01:00,2237,5124032,5124032
2026-05-12T20:27:04+01:00,2238,5124032,5124032
2026-05-12T20:27:05+01:00,2238,5124032,5124032
2026-05-12T20:27:06+01:00,2239,5124032,5124032
2026-05-12T20:27:07+01:00,2239,5124032,5124032
2026-05-12T20:27:08+01:00,2239,5124032,5124032
2026-05-12T20:27:09+01:00,2240,5124032,5124032
2026-05-12T20:27:10+01:00,2240,5124032,5124032
2026-05-12T20:27:11+01:00,2238,5124032,5124032
2026-05-12T20:27:12+01:00,2239,5124032,5124032
2026-05-12T20:27:14+01:00,2239,5124032,5124032
2026-05-12T20:27:15+01:00,2240,5124032,5124032
2026-05-12T20:27:16+01:00,2240,5124032,5124032
2026-05-12T20:27:17+01:00,2240,5124032,5124032
2026-05-12T20:27:18+01:00,2241,5124032,5124032
2026-05-12T20:27:19+01:00,2241,5124032,5124032
2026-05-12T20:27:20+01:00,2241,5124032,5124032
2026-05-12T20:27:21+01:00,2240,5124032,5124032
2026-05-12T20:27:23+01:00,2240,5124032,5124032
2026-05-12T20:27:24+01:00,2240,5124032,5124032
2026-05-12T20:27:25+01:00,2241,5124032,5124032
2026-05-12T20:27:26+01:00,2241,5124032,5124032
2026-05-12T20:27:27+01:00,2241,5124032,5124032
2026-05-12T20:27:28+01:00,2241,5124032,5124032
2026-05-12T20:27:29+01:00,2242,5124032,5124032
2026-05-12T20:27:30+01:00,2240,5124032,5124032
2026-05-12T20:27:32+01:00,2240,5124032,5124032
2026-05-12T20:27:33+01:00,2240,5124032,5124032
2026-05-12T20:27:34+01:00,2241,5124032,5124032
2026-05-12T20:27:35+01:00,2241,5124032,5124032
2026-05-12T20:27:36+01:00,2241,5124032,5124032
2026-05-12T20:27:37+01:00,2242,5124032,5124032
2026-05-12T20:27:38+01:00,2242,5124032,5124032
2026-05-12T20:27:39+01:00,2242,5124032,5124032
2026-05-12T20:27:40+01:00,2240,5124032,5124032
2026-05-12T20:27:42+01:00,2240,5124032,5124032
2026-05-12T20:27:43+01:00,2241,5124032,5124032
2026-05-12T20:27:44+01:00,2241,5124032,5124032
2026-05-12T20:27:45+01:00,2241,5124032,5124032
2026-05-12T20:27:46+01:00,2241,5124032,5124032
2026-05-12T20:27:47+01:00,2242,5124032,5124032
2026-05-12T20:27:48+01:00,2242,5124032,5124032
2026-05-12T20:27:49+01:00,2240,5124032,5124032
2026-05-12T20:27:51+01:00,2240,5124032,5124032
2026-05-12T20:27:52+01:00,2240,5124032,5124032
2026-05-12T20:27:53+01:00,2241,5124032,5124032
2026-05-12T20:27:54+01:00,2241,5124032,5124032
2026-05-12T20:27:55+01:00,2241,5124032,5124032
2026-05-12T20:27:56+01:00,2241,5124032,5124032
2026-05-12T20:27:57+01:00,2241,5124032,5124032
2026-05-12T20:27:58+01:00,2242,5124032,5124032
2026-05-12T20:27:59+01:00,2240,5124032,5124032
2026-05-12T20:28:01+01:00,2240,5124032,5124032
2026-05-12T20:28:02+01:00,2240,5124032,5124032
2026-05-12T20:28:03+01:00,2240,5124032,5124032
2026-05-12T20:28:04+01:00,2240,5124032,5124032
2026-05-12T20:28:05+01:00,2241,5124032,5124032
2026-05-12T20:28:06+01:00,2241,5124032,5124032
2026-05-12T20:28:07+01:00,2241,5124032,5124032
2026-05-12T20:28:08+01:00,2239,5124032,5124032
2026-05-12T20:28:10+01:00,2239,5124032,5124032
2026-05-12T20:28:11+01:00,2239,5124032,5124032
2026-05-12T20:28:12+01:00,2240,5124032,5124032
2026-05-12T20:28:13+01:00,2240,5124032,5124032
2026-05-12T20:28:14+01:00,2240,5124032,5124032
2026-05-12T20:28:15+01:00,2240,5124032,5124032
2026-05-12T20:28:16+01:00,2240,5124032,5124032
2026-05-12T20:28:17+01:00,2238,5124032,5124032
2026-05-12T20:28:18+01:00,2238,5124032,5124032
2026-05-12T20:28:20+01:00,2239,5124032,5124032
2026-05-12T20:28:21+01:00,2239,5124032,5124032
2026-05-12T20:28:22+01:00,2239,5124032,5124032
2026-05-12T20:28:23+01:00,2239,5124032,5124032
2026-05-12T20:28:24+01:00,2240,5124032,5124032
2026-05-12T20:28:25+01:00,2240,5124032,5124032
2026-05-12T20:28:26+01:00,2241,5124032,5124032
2026-05-12T20:28:27+01:00,2239,5124032,5124032
2026-05-12T20:28:29+01:00,2239,5124032,5124032
2026-05-12T20:28:30+01:00,2240,5124032,5124032
2026-05-12T20:28:31+01:00,2240,5124032,5124032
2026-05-12T20:28:32+01:00,2240,5124032,5124032
2026-05-12T20:28:33+01:00,2241,5124032,5124032
2026-05-12T20:28:34+01:00,2241,5124032,5124032
2026-05-12T20:28:35+01:00,2242,5124032,5124032
2026-05-12T20:28:36+01:00,2242,5124032,5124032
2026-05-12T20:28:37+01:00,2240,5124032,5124032
2026-05-12T20:28:39+01:00,2241,5124032,5124032
2026-05-12T20:28:40+01:00,2241,5124032,5124032
2026-05-12T20:28:41+01:00,2241,5124032,5124032
2026-05-12T20:28:42+01:00,2242,5124032,5124032
2026-05-12T20:28:43+01:00,2242,5124032,5124032
2026-05-12T20:28:44+01:00,2243,5124032,5124032
2026-05-12T20:28:45+01:00,2243,5124032,5124032
2026-05-12T20:28:46+01:00,2241,5124032,5124032
2026-05-12T20:28:48+01:00,2241,5124032,5124032
2026-05-12T20:28:49+01:00,2242,5124032,5124032
2026-05-12T20:28:50+01:00,2242,5124032,5124032
2026-05-12T20:28:51+01:00,2242,5124032,5124032
2026-05-12T20:28:52+01:00,2243,5124032,5124032
2026-05-12T20:28:53+01:00,2243,5124032,5124032
2026-05-12T20:28:54+01:00,2243,5124032,5124032
2026-05-12T20:28:55+01:00,2242,5124032,5124032
2026-05-12T20:28:56+01:00,2242,5124032,5124032
2026-05-12T20:28:58+01:00,2242,5124032,5124032
2026-05-12T20:28:59+01:00,2242,5124032,5124032
2026-05-12T20:29:00+01:00,2243,5124032,5124032
2026-05-12T20:29:01+01:00,2243,5124032,5124032
2026-05-12T20:29:02+01:00,2243,5124032,5124032
2026-05-12T20:29:03+01:00,2244,5124032,5124032
2026-05-12T20:29:04+01:00,2244,5124032,5124032
2026-05-12T20:29:05+01:00,2242,5124032,5124032
2026-05-12T20:29:07+01:00,2242,5124032,5124032
2026-05-12T20:29:08+01:00,2243,5124032,5124032
2026-05-12T20:29:09+01:00,2243,5124032,5124032
2026-05-12T20:29:10+01:00,2243,5124032,5124032
2026-05-12T20:29:11+01:00,2243,5124032,5124032
2026-05-12T20:29:12+01:00,2244,5124032,5124032
2026-05-12T20:29:13+01:00,2244,5124032,5124032
2026-05-12T20:29:14+01:00,2242,5124032,5124032
2026-05-12T20:29:16+01:00,2242,5124032,5124032
2026-05-12T20:29:17+01:00,2242,5124032,5124032
2026-05-12T20:29:18+01:00,2243,5124032,5124032
2026-05-12T20:29:19+01:00,2243,5124032,5124032
2026-05-12T20:29:20+01:00,2243,5124032,5124032
2026-05-12T20:29:21+01:00,2243,5124032,5124032
2026-05-12T20:29:22+01:00,2244,5124032,5124032
2026-05-12T20:29:23+01:00,2242,5124032,5124032
2026-05-12T20:29:24+01:00,2242,5124032,5124032
2026-05-12T20:29:26+01:00,2242,5124032,5124032
2026-05-12T20:29:27+01:00,2242,5124032,5124032
2026-05-12T20:29:28+01:00,2242,5124032,5124032
2026-05-12T20:29:29+01:00,2243,5124032,5124032
2026-05-12T20:29:30+01:00,2243,5124032,5124032
2026-05-12T20:29:31+01:00,2243,5124032,5124032
2026-05-12T20:29:32+01:00,2243,5124032,5124032
2026-05-12T20:29:33+01:00,2241,5124032,5124032
2026-05-12T20:29:35+01:00,2242,5124032,5124032
2026-05-12T20:29:36+01:00,2242,5124032,5124032
2026-05-12T20:29:37+01:00,2242,5124032,5124032
2026-05-12T20:29:38+01:00,2242,5124032,5124032
2026-05-12T20:29:39+01:00,2242,5124032,5124032
2026-05-12T20:29:40+01:00,2243,5124032,5124032
2026-05-12T20:29:41+01:00,2243,5124032,5124032
2026-05-12T20:29:42+01:00,2241,5124032,5124032
2026-05-12T20:29:44+01:00,2242,5124032,5124032
2026-05-12T20:29:45+01:00,2242,5124032,5124032
2026-05-12T20:29:46+01:00,2242,5124032,5124032
2026-05-12T20:29:47+01:00,2243,5124032,5124032
2026-05-12T20:29:48+01:00,2243,5124032,5124032
2026-05-12T20:29:49+01:00,2244,5124032,5124032
2026-05-12T20:29:50+01:00,2244,5124032,5124032
2026-05-12T20:29:51+01:00,2242,5124032,5124032
2026-05-12T20:29:52+01:00,2243,5124032,5124032
2026-05-12T20:29:54+01:00,2243,5124032,5124032
2026-05-12T20:29:55+01:00,2244,5124032,5124032
2026-05-12T20:29:56+01:00,2244,5124032,5124032
2026-05-12T20:29:57+01:00,2244,5124032,5124032
2026-05-12T20:29:58+01:00,2245,5124032,5124032
2026-05-12T20:29:59+01:00,2245,5124032,5124032
2026-05-12T20:30:00+01:00,2243,5124032,5124032
2026-05-12T20:30:01+01:00,2244,5124032,5124032
2026-05-12T20:30:03+01:00,2244,5124032,5124032
2026-05-12T20:30:04+01:00,2245,5124032,5124032
2026-05-12T20:30:05+01:00,2245,5124032,5124032
2026-05-12T20:30:06+01:00,2244,5124032,5124032
2026-05-12T20:30:08+01:00,2244,5124032,5124032
2026-05-12T20:30:09+01:00,2245,5124032,5124032
2026-05-12T20:30:10+01:00,2245,5124032,5124032
2026-05-12T20:30:11+01:00,2245,5124032,5124032
2026-05-12T20:30:12+01:00,2246,5124032,5124032
2026-05-12T20:30:14+01:00,2245,5124032,5124032
2026-05-12T20:30:15+01:00,2246,5124032,5124032
2026-05-12T20:30:16+01:00,2246,5124032,5124032
2026-05-12T20:30:17+01:00,2245,5124032,5124032
2026-05-12T20:30:19+01:00,2245,5124032,5124032
2026-05-12T20:30:20+01:00,2245,5124032,5124032
2026-05-12T20:30:21+01:00,2246,5124032,5124032
2026-05-12T20:30:22+01:00,2244,5124032,5124032
2026-05-12T20:30:24+01:00,2245,5124032,5124032
2026-05-12T20:30:25+01:00,2245,5124032,5124032
2026-05-12T20:30:26+01:00,2246,5124032,5124032
2026-05-12T20:30:27+01:00,2246,5124032,5124032
2026-05-12T20:30:29+01:00,2245,5124032,5124032
2026-05-12T20:30:30+01:00,2245,5124032,5124032
2026-05-12T20:30:31+01:00,2246,5124032,5124032
2026-05-12T20:30:32+01:00,2246,5124032,5124032
2026-05-12T20:30:34+01:00,2245,5124032,5124032
2026-05-12T20:30:35+01:00,2245,5124032,5124032
2026-05-12T20:30:36+01:00,2246,5124032,5124032
2026-05-12T20:30:37+01:00,2246,5124032,5124032
2026-05-12T20:30:39+01:00,2245,5124032,5124032
2026-05-12T20:30:40+01:00,2245,5124032,5124032
2026-05-12T20:30:41+01:00,2245,5124032,5124032
2026-05-12T20:30:42+01:00,2246,5124032,5124032
2026-05-12T20:30:43+01:00,2244,5124032,5124032
2026-05-12T20:30:45+01:00,2245,5124032,5124032
2026-05-12T20:30:46+01:00,2245,5124032,5124032
2026-05-12T20:30:47+01:00,2245,5124032,5124032
2026-05-12T20:30:48+01:00,2246,5124032,5124032
2026-05-12T20:30:49+01:00,2244,5124032,5124032
2026-05-12T20:30:51+01:00,2244,5124032,5124032
2026-05-12T20:30:52+01:00,2245,5124032,5124032
2026-05-12T20:30:53+01:00,2245,5124032,5124032
2026-05-12T20:30:54+01:00,2245,5124032,5124032
2026-05-12T20:30:55+01:00,2243,5124032,5124032
2026-05-12T20:30:56+01:00,2244,5124032,5124032
2026-05-12T20:30:58+01:00,2244,5124032,5124032
2026-05-12T20:30:59+01:00,2244,5124032,5124032
2026-05-12T20:31:00+01:00,2244,5124032,5124032
2026-05-12T20:31:01+01:00,2244,5124032,5124032
2026-05-12T20:31:02+01:00,2244,5124032,5124032
2026-05-12T20:31:03+01:00,2245,5124032,5124032
2026-05-12T20:31:04+01:00,2243,5124032,5124032
2026-05-12T20:31:06+01:00,2243,5124032,5124032
2026-05-12T20:31:07+01:00,2243,5124032,5124032
2026-05-12T20:31:08+01:00,2243,5124032,5124032
2026-05-12T20:31:09+01:00,2243,5124032,5124032
2026-05-12T20:31:10+01:00,2244,5124032,5124032
2026-05-12T20:31:11+01:00,2244,5124032,5124032
2026-05-12T20:31:12+01:00,2244,5124032,5124032
2026-05-12T20:31:13+01:00,2242,5124032,5124032
2026-05-12T20:31:14+01:00,2242,5124032,5124032
2026-05-12T20:31:16+01:00,2242,5124032,5124032
2026-05-12T20:31:17+01:00,2242,5124032,5124032
2026-05-12T20:31:18+01:00,2243,5124032,5124032
2026-05-12T20:31:19+01:00,2243,5107840,5124032
2026-05-12T20:31:20+01:00,2243,5107840,5124032
2026-05-12T20:31:21+01:00,2243,5107840,5124032
2026-05-12T20:31:22+01:00,2242,5107840,5124032
2026-05-12T20:31:24+01:00,2242,5107840,5124032
2026-05-12T20:31:25+01:00,2243,5107840,5124032
2026-05-12T20:31:26+01:00,2243,5107840,5124032
2026-05-12T20:31:27+01:00,2243,5107840,5124032
2026-05-12T20:31:28+01:00,2243,5107840,5124032
2026-05-12T20:31:29+01:00,2244,5107840,5124032
2026-05-12T20:31:30+01:00,2244,5107840,5124032
2026-05-12T20:31:31+01:00,2242,5107840,5124032
2026-05-12T20:31:33+01:00,2243,5107840,5124032
2026-05-12T20:31:34+01:00,2243,5107840,5124032
2026-05-12T20:31:35+01:00,2243,5107840,5124032
2026-05-12T20:31:36+01:00,2244,5107840,5124032
2026-05-12T20:31:37+01:00,2244,5107840,5124032
2026-05-12T20:31:38+01:00,2244,5107840,5124032
2026-05-12T20:31:39+01:00,2244,5107840,5124032
2026-05-12T20:31:40+01:00,2243,5107840,5124032
2026-05-12T20:31:41+01:00,2243,5107840,5124032
2026-05-12T20:31:43+01:00,2243,5107840,5124032
2026-05-12T20:31:44+01:00,2243,5107840,5124032
2026-05-12T20:31:45+01:00,2244,5107840,5124032
2026-05-12T20:31:46+01:00,2244,5107840,5124032
2026-05-12T20:31:47+01:00,2244,5107840,5124032
2026-05-12T20:31:48+01:00,2244,5107840,5124032
2026-05-12T20:31:49+01:00,2243,5107840,5124032
2026-05-12T20:31:50+01:00,2243,5107840,5124032
2026-05-12T20:31:52+01:00,2243,5107840,5124032
2026-05-12T20:31:53+01:00,2243,5107840,5124032
2026-05-12T20:31:54+01:00,2244,5107840,5124032
2026-05-12T20:31:55+01:00,2244,5107840,5124032
2026-05-12T20:31:56+01:00,2244,5107840,5124032
2026-05-12T20:31:57+01:00,2244,5107840,5124032
2026-05-12T20:31:58+01:00,2243,5107840,5124032
2026-05-12T20:32:00+01:00,2243,5107840,5124032
2026-05-12T20:32:01+01:00,2243,5107840,5124032
2026-05-12T20:32:02+01:00,2243,5107840,5124032
2026-05-12T20:32:03+01:00,2243,5107840,5124032
2026-05-12T20:32:04+01:00,2244,5107840,5124032
2026-05-12T20:32:05+01:00,2244,5107840,5124032
2026-05-12T20:32:06+01:00,2244,5107840,5124032
2026-05-12T20:32:07+01:00,2242,5107840,5124032
2026-05-12T20:32:08+01:00,2243,5107840,5124032
2026-05-12T20:32:10+01:00,2243,5107840,5124032
2026-05-12T20:32:11+01:00,2243,5107840,5124032
2026-05-12T20:32:12+01:00,2243,5107840,5124032
2026-05-12T20:32:13+01:00,2243,5107840,5124032
2026-05-12T20:32:14+01:00,2243,5107840,5124032
2026-05-12T20:32:15+01:00,2243,5107840,5124032
2026-05-12T20:32:16+01:00,2244,5107840,5124032
2026-05-12T20:32:17+01:00,2242,5107840,5124032
2026-05-12T20:32:19+01:00,2242,5107840,5124032
2026-05-12T20:32:20+01:00,2242,5107840,5124032
2026-05-12T20:32:21+01:00,2242,5107840,5124032
2026-05-12T20:32:22+01:00,2243,5107840,5124032
2026-05-12T20:32:23+01:00,2243,5107840,5124032
2026-05-12T20:32:24+01:00,2243,5107840,5124032
2026-05-12T20:32:25+01:00,2243,5107840,5124032
2026-05-12T20:32:26+01:00,2241,5107840,5124032
2026-05-12T20:32:28+01:00,2242,5107840,5124032
2026-05-12T20:32:29+01:00,2242,5107840,5124032
2026-05-12T20:32:30+01:00,2242,5107840,5124032
2026-05-12T20:32:31+01:00,2242,5107840,5124032
2026-05-12T20:32:32+01:00,2242,5107840,5124032
2026-05-12T20:32:33+01:00,2242,5107840,5124032
2026-05-12T20:32:34+01:00,2242,5107840,5124032
2026-05-12T20:32:35+01:00,2241,5107840,5124032
2026-05-12T20:32:36+01:00,2241,5107840,5124032
2026-05-12T20:32:38+01:00,2241,5107840,5124032
2026-05-12T20:32:39+01:00,2241,5107840,5124032
2026-05-12T20:32:40+01:00,2241,5107840,5124032
2026-05-12T20:32:41+01:00,2241,5107840,5124032
2026-05-12T20:32:42+01:00,2241,5107840,5124032
2026-05-12T20:32:43+01:00,2242,5107840,5124032
2026-05-12T20:32:44+01:00,2242,5107840,5124032
2026-05-12T20:32:45+01:00,2240,5107840,5124032
2026-05-12T20:32:47+01:00,2240,5107840,5124032
2026-05-12T20:32:48+01:00,2240,5107840,5124032
2026-05-12T20:32:49+01:00,2240,5107840,5124032
2026-05-12T20:32:50+01:00,2241,5107840,5124032
2026-05-12T20:32:51+01:00,2241,5107840,5124032
2026-05-12T20:32:52+01:00,2241,5107840,5124032
2026-05-12T20:32:53+01:00,2241,5107840,5124032
2026-05-12T20:32:54+01:00,2239,5107840,5124032
2026-05-12T20:32:56+01:00,2239,5107840,5124032
2026-05-12T20:32:57+01:00,2239,5107840,5124032
2026-05-12T20:32:58+01:00,2240,5104000,5124672
2026-05-12T20:32:59+01:00,2240,5104000,5124672
2026-05-12T20:33:00+01:00,2240,5104000,5124672
2026-05-12T20:33:01+01:00,2240,5104000,5124672
2026-05-12T20:33:02+01:00,2240,5104000,5124672
2026-05-12T20:33:03+01:00,2239,5104000,5124672
2026-05-12T20:33:04+01:00,2239,5104000,5124672
2026-05-12T20:33:06+01:00,2239,5104000,5124672
2026-05-12T20:33:07+01:00,2239,5104000,5124672
2026-05-12T20:33:08+01:00,2240,5104000,5124672
2026-05-12T20:33:09+01:00,2240,5104000,5124672
2026-05-12T20:33:10+01:00,2240,5104000,5124672
2026-05-12T20:33:11+01:00,2240,5104000,5124672
2026-05-12T20:33:12+01:00,2240,5104000,5124672
2026-05-12T20:33:13+01:00,2239,5104000,5124672
2026-05-12T20:33:15+01:00,2239,5104000,5124672
2026-05-12T20:33:16+01:00,2239,5104000,5124672
2026-05-12T20:33:17+01:00,2239,5104000,5124672
2026-05-12T20:33:18+01:00,2240,5104000,5124672
2026-05-12T20:33:19+01:00,2240,5104000,5124672
2026-05-12T20:33:20+01:00,2240,5104000,5124672
2026-05-12T20:33:21+01:00,2240,5104000,5124672
2026-05-12T20:33:22+01:00,2239,5104000,5124672
2026-05-12T20:33:23+01:00,2239,5104000,5124672
2026-05-12T20:33:25+01:00,2239,5104000,5124672
2026-05-12T20:33:26+01:00,2239,5104000,5124672
2026-05-12T20:33:27+01:00,2239,5104000,5124672
2026-05-12T20:33:28+01:00,2239,5104000,5124672
2026-05-12T20:33:29+01:00,2239,5104000,5124672
2026-05-12T20:33:30+01:00,2240,5104000,5124672
2026-05-12T20:33:31+01:00,2240,5104000,5124672
2026-05-12T20:33:32+01:00,2238,5104000,5124672
2026-05-12T20:33:34+01:00,2238,5104000,5124672
2026-05-12T20:33:35+01:00,2238,5104000,5124672
2026-05-12T20:33:36+01:00,2239,5104000,5124672
2026-05-12T20:33:37+01:00,2239,5104000,5124672
2026-05-12T20:33:38+01:00,2239,5104000,5124672
2026-05-12T20:33:39+01:00,2239,5104000,5124672
2026-05-12T20:33:40+01:00,2239,5104000,5124672
2026-05-12T20:33:41+01:00,2238,5104000,5124672
2026-05-12T20:33:43+01:00,2238,5104000,5124672
2026-05-12T20:33:44+01:00,2238,5104000,5124672
2026-05-12T20:33:45+01:00,2238,5104000,5124672
2026-05-12T20:33:46+01:00,2238,5104000,5124672
2026-05-12T20:33:47+01:00,2238,5104000,5124672
2026-05-12T20:33:48+01:00,2238,5104000,5124672
2026-05-12T20:33:49+01:00,2238,5104000,5124672
2026-05-12T20:33:50+01:00,2237,5104000,5124672
2026-05-12T20:33:51+01:00,2237,5104000,5124672
2026-05-12T20:33:53+01:00,2237,5104000,5124672
2026-05-12T20:33:54+01:00,2237,5104000,5124672
2026-05-12T20:33:55+01:00,2237,5104000,5124672
2026-05-12T20:33:56+01:00,2238,5104000,5124672
2026-05-12T20:33:57+01:00,2238,5104000,5124672
2026-05-12T20:33:58+01:00,2238,5104000,5124672
2026-05-12T20:33:59+01:00,2238,5104000,5124672
2026-05-12T20:34:00+01:00,2236,5104000,5124672
2026-05-12T20:34:02+01:00,2236,5104000,5124672
2026-05-12T20:34:03+01:00,2236,5104000,5124672
2026-05-12T20:34:04+01:00,2237,5104000,5124672
2026-05-12T20:34:05+01:00,2237,5104000,5124672
2026-05-12T20:34:06+01:00,2237,5104000,5124672
2026-05-12T20:34:07+01:00,2237,5104000,5124672
2026-05-12T20:34:08+01:00,2237,5104000,5124672
2026-05-12T20:34:09+01:00,2235,5104000,5124672
2026-05-12T20:34:10+01:00,2235,5104000,5124672
2026-05-12T20:34:12+01:00,2236,5104000,5124672
2026-05-12T20:34:13+01:00,2236,5104000,5124672
2026-05-12T20:34:14+01:00,2236,5104000,5124672
2026-05-12T20:34:15+01:00,2236,5104000,5124672
2026-05-12T20:34:16+01:00,2236,5104000,5124672
2026-05-12T20:34:17+01:00,2236,5104000,5124672
2026-05-12T20:34:18+01:00,2236,5104000,5124672
2026-05-12T20:34:19+01:00,2234,5104000,5124672
2026-05-12T20:34:21+01:00,2235,5104000,5124672
2026-05-12T20:34:22+01:00,2235,5104000,5124672
2026-05-12T20:34:23+01:00,2235,5104000,5124672
2026-05-12T20:34:24+01:00,2235,5104000,5124672
2026-05-12T20:34:25+01:00,2235,5104000,5124672
2026-05-12T20:34:26+01:00,2235,5104000,5124672
2026-05-12T20:34:27+01:00,2235,5104000,5124672
2026-05-12T20:34:28+01:00,2233,5104000,5124672
2026-05-12T20:34:29+01:00,2233,5104000,5124672
2026-05-12T20:34:31+01:00,2234,5104000,5124672
2026-05-12T20:34:32+01:00,2234,5104000,5124672
2026-05-12T20:34:33+01:00,2234,5104000,5124672
2026-05-12T20:34:34+01:00,2234,5104000,5124672
2026-05-12T20:34:35+01:00,2234,5104000,5124672
2026-05-12T20:34:36+01:00,2234,5104000,5124672
2026-05-12T20:34:37+01:00,2234,5104000,5124672
2026-05-12T20:34:38+01:00,2232,5104000,5124672
2026-05-12T20:34:40+01:00,2232,5104000,5124672
2026-05-12T20:34:41+01:00,2233,5104000,5124672
2026-05-12T20:34:42+01:00,2233,5104000,5124672
2026-05-12T20:34:43+01:00,2233,5104000,5124672
2026-05-12T20:34:44+01:00,2233,5104000,5124672
2026-05-12T20:34:45+01:00,2233,5104000,5124672
2026-05-12T20:34:46+01:00,2233,5104000,5124672
2026-05-12T20:34:47+01:00,2231,5104000,5124672
2026-05-12T20:34:48+01:00,2231,5105408,5124672
2026-05-12T20:34:50+01:00,2232,5105408,5124672
2026-05-12T20:34:51+01:00,2232,5105408,5124672
2026-05-12T20:34:52+01:00,2232,5105408,5124672
2026-05-12T20:34:53+01:00,2232,5105408,5124672
2026-05-12T20:34:54+01:00,2232,5105408,5124672
2026-05-12T20:34:55+01:00,2233,5105408,5124672
2026-05-12T20:34:56+01:00,2233,5105408,5124672
2026-05-12T20:34:57+01:00,2231,5105408,5124672
2026-05-12T20:34:59+01:00,2232,5105408,5124672
2026-05-12T20:35:00+01:00,2232,5105408,5124672
2026-05-12T20:35:01+01:00,2232,5105408,5124672
2026-05-12T20:35:02+01:00,2232,5105408,5124672
2026-05-12T20:35:03+01:00,2232,5105408,5124672
2026-05-12T20:35:04+01:00,2233,5105408,5124672
2026-05-12T20:35:05+01:00,2233,5105408,5124672
2026-05-12T20:35:06+01:00,2231,5105408,5124672
2026-05-12T20:35:07+01:00,2232,5105408,5124672
2026-05-12T20:35:09+01:00,2232,5105408,5124672
2026-05-12T20:35:10+01:00,2232,5105408,5124672
2026-05-12T20:35:11+01:00,2232,5105408,5124672
2026-05-12T20:35:12+01:00,2232,5105408,5124672
2026-05-12T20:35:13+01:00,2233,5105408,5124672
2026-05-12T20:35:14+01:00,2233,5105408,5124672
2026-05-12T20:35:15+01:00,2233,5105408,5124672
2026-05-12T20:35:16+01:00,2232,5105408,5124672
2026-05-12T20:35:18+01:00,2232,5105408,5124672
2026-05-12T20:35:19+01:00,2232,5105408,5124672
2026-05-12T20:35:20+01:00,2232,5105408,5124672
2026-05-12T20:35:21+01:00,2232,5105408,5124672
2026-05-12T20:35:22+01:00,2232,5105408,5124672
2026-05-12T20:35:23+01:00,2233,5105408,5124672
2026-05-12T20:35:24+01:00,2233,5105408,5124672
2026-05-12T20:35:25+01:00,2231,5105408,5124672
2026-05-12T20:35:27+01:00,2231,5105408,5124672
2026-05-12T20:35:28+01:00,2232,5105408,5124672
2026-05-12T20:35:29+01:00,2232,5105408,5124672
2026-05-12T20:35:30+01:00,2232,5105408,5124672
2026-05-12T20:35:31+01:00,2232,5105408,5124672
2026-05-12T20:35:32+01:00,2232,5105408,5124672
2026-05-12T20:35:33+01:00,2232,5105408,5124672
2026-05-12T20:35:34+01:00,2231,5105408,5124672
2026-05-12T20:35:35+01:00,2231,5105408,5124672
2026-05-12T20:35:37+01:00,2231,5105408,5124672
2026-05-12T20:35:38+01:00,2231,5105408,5124672
2026-05-12T20:35:39+01:00,2231,5105408,5124672
2026-05-12T20:35:40+01:00,2232,5105408,5124672
2026-05-12T20:35:41+01:00,2232,5105408,5124672
2026-05-12T20:35:42+01:00,2232,5105408,5124672
2026-05-12T20:35:43+01:00,2232,5105408,5124672
2026-05-12T20:35:44+01:00,2230,5105408,5124672
2026-05-12T20:35:46+01:00,2231,5105408,5124672
2026-05-12T20:35:47+01:00,2231,5105408,5124672
2026-05-12T20:35:48+01:00,2231,5105408,5124672
2026-05-12T20:35:49+01:00,2231,5105408,5124672
2026-05-12T20:35:50+01:00,2231,5105408,5124672
2026-05-12T20:35:51+01:00,2231,5105408,5124672
2026-05-12T20:35:52+01:00,2231,5105408,5124672
2026-05-12T20:35:53+01:00,2230,5105408,5124672
2026-05-12T20:35:55+01:00,2230,5105408,5124672
2026-05-12T20:35:56+01:00,2230,5105408,5124672
2026-05-12T20:35:57+01:00,2230,5105408,5124672
2026-05-12T20:35:58+01:00,2230,5105408,5124672
2026-05-12T20:35:59+01:00,2230,5105408,5124672
2026-05-12T20:36:00+01:00,2230,5105408,5124672
2026-05-12T20:36:01+01:00,2231,5105408,5124672
2026-05-12T20:36:02+01:00,2231,5105408,5124672
2026-05-12T20:36:03+01:00,2229,5105408,5124672
2026-05-12T20:36:05+01:00,2229,5105408,5124672
2026-05-12T20:36:06+01:00,2229,5105408,5124672
2026-05-12T20:36:07+01:00,2230,5105408,5124672
2026-05-12T20:36:08+01:00,2230,5105408,5124672
2026-05-12T20:36:09+01:00,2230,5105408,5124672
2026-05-12T20:36:10+01:00,2230,5105408,5124672
2026-05-12T20:36:11+01:00,2230,5105408,5124672
2026-05-12T20:36:12+01:00,2228,5105408,5124672
2026-05-12T20:36:13+01:00,2229,5105408,5124672
2026-05-12T20:36:15+01:00,2229,5105408,5124672
2026-05-12T20:36:16+01:00,2229,5105408,5124672
2026-05-12T20:36:17+01:00,2229,5105408,5124672
2026-05-12T20:36:18+01:00,2229,5105408,5124672
2026-05-12T20:36:19+01:00,2229,5105408,5124672
2026-05-12T20:36:20+01:00,2229,5105408,5124672
2026-05-12T20:36:21+01:00,2229,5105408,5124672
2026-05-12T20:36:22+01:00,2228,5105408,5124672
2026-05-12T20:36:24+01:00,2228,5105408,5124672
2026-05-12T20:36:25+01:00,2228,5105408,5124672
2026-05-12T20:36:26+01:00,2228,5105408,5124672
2026-05-12T20:36:27+01:00,2228,5105408,5124672
2026-05-12T20:36:28+01:00,2228,5105408,5124672
2026-05-12T20:36:29+01:00,2228,5105408,5124672
2026-05-12T20:36:30+01:00,2228,5105408,5124672
2026-05-12T20:36:31+01:00,2227,5105408,5124672
2026-05-12T20:36:32+01:00,2227,5105408,5124672
2026-05-12T20:36:34+01:00,2227,5105408,5124672
2026-05-12T20:36:35+01:00,2227,5122240,5124672
2026-05-12T20:36:36+01:00,2227,5122240,5124672
2026-05-12T20:36:37+01:00,2228,5122240,5124672
2026-05-12T20:36:38+01:00,2228,5122240,5124672
2026-05-12T20:36:39+01:00,2228,5122240,5124672
2026-05-12T20:36:40+01:00,2228,5122240,5124672
2026-05-12T20:36:41+01:00,2227,5122240,5124672
2026-05-12T20:36:43+01:00,2228,5122240,5124672
2026-05-12T20:36:44+01:00,2228,5122240,5124672
2026-05-12T20:36:45+01:00,2228,5122240,5124672
2026-05-12T20:36:46+01:00,2228,5122240,5124672
2026-05-12T20:36:47+01:00,2229,5122240,5124672
2026-05-12T20:36:48+01:00,2229,5122240,5124672
2026-05-12T20:36:49+01:00,2229,5122240,5124672
2026-05-12T20:36:50+01:00,2228,5122240,5124672
2026-05-12T20:36:52+01:00,2229,5122240,5124672
2026-05-12T20:36:53+01:00,2229,5122240,5124672
2026-05-12T20:36:54+01:00,2229,5122240,5124672
2026-05-12T20:36:55+01:00,2229,5122240,5124672
2026-05-12T20:36:56+01:00,2230,5122240,5124672
2026-05-12T20:36:57+01:00,2230,5122240,5124672
2026-05-12T20:36:58+01:00,2230,5122240,5124672
2026-05-12T20:36:59+01:00,2229,5122240,5124672
2026-05-12T20:37:00+01:00,2229,5122240,5124672
2026-05-12T20:37:02+01:00,2229,5122240,5124672
2026-05-12T20:37:03+01:00,2230,5122240,5124672
2026-05-12T20:37:04+01:00,2230,5122240,5124672
2026-05-12T20:37:05+01:00,2230,5122240,5124672
2026-05-12T20:37:06+01:00,2230,5122240,5124672
2026-05-12T20:37:07+01:00,2231,5122240,5124672
2026-05-12T20:37:08+01:00,2229,5122240,5124672
2026-05-12T20:37:09+01:00,2230,5122240,5124672
2026-05-12T20:37:11+01:00,2230,5122240,5124672
2026-05-12T20:37:12+01:00,2230,5122240,5124672
2026-05-12T20:37:13+01:00,2230,5122240,5124672
2026-05-12T20:37:14+01:00,2231,5122240,5124672
2026-05-12T20:37:15+01:00,2231,5122240,5124672
2026-05-12T20:37:16+01:00,2231,5122240,5124672
2026-05-12T20:37:17+01:00,2231,5122240,5124672
2026-05-12T20:37:18+01:00,2230,5122240,5124672
2026-05-12T20:37:20+01:00,2231,5122240,5124672
2026-05-12T20:37:21+01:00,2231,5122240,5124672
2026-05-12T20:37:22+01:00,2231,5122240,5124672
2026-05-12T20:37:23+01:00,2231,5122240,5124672
2026-05-12T20:37:24+01:00,2232,5122240,5124672
2026-05-12T20:37:25+01:00,2232,5122240,5124672
2026-05-12T20:37:26+01:00,2232,5122240,5124672
2026-05-12T20:37:27+01:00,2231,5122240,5124672
2026-05-12T20:37:29+01:00,2231,5122240,5124672
2026-05-12T20:37:30+01:00,2232,5122240,5124672
2026-05-12T20:37:31+01:00,2232,5122240,5124672
2026-05-12T20:37:32+01:00,2232,5122240,5124672
2026-05-12T20:37:33+01:00,2233,5122240,5124672
2026-05-12T20:37:34+01:00,2233,5122240,5124672
2026-05-12T20:37:35+01:00,2233,5122240,5124672
2026-05-12T20:37:36+01:00,2232,5122240,5124672
2026-05-12T20:37:37+01:00,2232,5122240,5124672
2026-05-12T20:37:39+01:00,2232,5122240,5124672
2026-05-12T20:37:40+01:00,2233,5122240,5124672
2026-05-12T20:37:41+01:00,2233,5122240,5124672
2026-05-12T20:37:42+01:00,2233,5122240,5124672
2026-05-12T20:37:43+01:00,2233,5122240,5124672
2026-05-12T20:37:44+01:00,2233,5122240,5124672
2026-05-12T20:37:45+01:00,2232,5122240,5124672
2026-05-12T20:37:46+01:00,2232,5122240,5124672
2026-05-12T20:37:48+01:00,2233,5122240,5124672
2026-05-12T20:37:49+01:00,2233,5122240,5124672
2026-05-12T20:37:50+01:00,2233,5122240,5124672
2026-05-12T20:37:51+01:00,2233,5122240,5124672
2026-05-12T20:37:52+01:00,2234,5122240,5124672
2026-05-12T20:37:53+01:00,2234,5122240,5124672
2026-05-12T20:37:54+01:00,2232,5122240,5124672
2026-05-12T20:37:55+01:00,2233,5122240,5124672
2026-05-12T20:37:57+01:00,2233,5122240,5124672
2026-05-12T20:37:58+01:00,2233,5122240,5124672
2026-05-12T20:37:59+01:00,2233,5122240,5124672
2026-05-12T20:38:00+01:00,2233,5122240,5124672
2026-05-12T20:38:01+01:00,2234,5122240,5124672
2026-05-12T20:38:02+01:00,2234,5122240,5124672
2026-05-12T20:38:03+01:00,2234,5122240,5124672
2026-05-12T20:38:04+01:00,2233,5122240,5124672
2026-05-12T20:38:06+01:00,2233,5122240,5124672
2026-05-12T20:38:07+01:00,2233,5122240,5124672
2026-05-12T20:38:08+01:00,2233,5122240,5124672
2026-05-12T20:38:09+01:00,2233,5122240,5124672
2026-05-12T20:38:10+01:00,2233,5122240,5124672
2026-05-12T20:38:11+01:00,2234,5122240,5124672
2026-05-12T20:38:12+01:00,2234,5122240,5124672
2026-05-12T20:38:13+01:00,2233,5122240,5124672
2026-05-12T20:38:14+01:00,2233,5122240,5124672
2026-05-12T20:38:16+01:00,2233,5122240,5124672
2026-05-12T20:38:17+01:00,2233,5122240,5124672
2026-05-12T20:38:18+01:00,2233,5122240,5124672
2026-05-12T20:38:19+01:00,2233,5122240,5124672
2026-05-12T20:38:20+01:00,2233,5122240,5124672
2026-05-12T20:38:21+01:00,2234,5122240,5124672
2026-05-12T20:38:22+01:00,2234,5122240,5124672
2026-05-12T20:38:23+01:00,2232,5122240,5124672
2026-05-12T20:38:25+01:00,2233,5122240,5124672
2026-05-12T20:38:26+01:00,2233,5122240,5124672
2026-05-12T20:38:27+01:00,2233,5122240,5124672
2026-05-12T20:38:28+01:00,2233,5122240,5124672
2026-05-12T20:38:29+01:00,2233,5122240,5124672
2026-05-12T20:38:30+01:00,2233,5122240,5124672
2026-05-12T20:38:31+01:00,2233,5122240,5124672
2026-05-12T20:38:32+01:00,2232,5122240,5124672
2026-05-12T20:38:34+01:00,2232,5122240,5124672
2026-05-12T20:38:35+01:00,2232,5122240,5124672
2026-05-12T20:38:36+01:00,2232,5122240,5124672
2026-05-12T20:38:37+01:00,2233,5122240,5124672
2026-05-12T20:38:38+01:00,2233,5122240,5124672
2026-05-12T20:38:39+01:00,2233,5122240,5124672
2026-05-12T20:38:40+01:00,2233,5122240,5124672
2026-05-12T20:38:41+01:00,2232,5122240,5124672
2026-05-12T20:38:42+01:00,2232,5122240,5124672
2026-05-12T20:38:44+01:00,2232,5122240,5124672
2026-05-12T20:38:45+01:00,2232,5122240,5124672
2026-05-12T20:38:46+01:00,2232,5122240,5124672
2026-05-12T20:38:47+01:00,2233,5122240,5124672
2026-05-12T20:38:48+01:00,2233,5122240,5124672
2026-05-12T20:38:49+01:00,2233,5122240,5124672
2026-05-12T20:38:50+01:00,2233,5122240,5124672
2026-05-12T20:38:51+01:00,2232,5122240,5124672
2026-05-12T20:38:53+01:00,2233,5122240,5124672
2026-05-12T20:38:54+01:00,2233,5122240,5124672
2026-05-12T20:38:55+01:00,2233,5122240,5124672
2026-05-12T20:38:56+01:00,2233,5122240,5124672
2026-05-12T20:38:57+01:00,2234,5122240,5124672
2026-05-12T20:38:58+01:00,2234,5122240,5124672
2026-05-12T20:38:59+01:00,2234,5122240,5124672
2026-05-12T20:39:00+01:00,2233,5122240,5124672
2026-05-12T20:39:02+01:00,2233,5122240,5124672
2026-05-12T20:39:03+01:00,2234,5122240,5124672
2026-05-12T20:39:04+01:00,2234,5122240,5124672
2026-05-12T20:39:05+01:00,2234,5122240,5124672
2026-05-12T20:39:06+01:00,2234,5122240,5124672
2026-05-12T20:39:07+01:00,2235,5122240,5124672
2026-05-12T20:39:08+01:00,2235,5122240,5124672
2026-05-12T20:39:09+01:00,2234,5122240,5124672
2026-05-12T20:39:10+01:00,2234,5122240,5124672
2026-05-12T20:39:12+01:00,2234,5122240,5124672
2026-05-12T20:39:13+01:00,2234,5122240,5124672
2026-05-12T20:39:14+01:00,2235,5122240,5124672
2026-05-12T20:39:15+01:00,2235,5122240,5124672
2026-05-12T20:39:16+01:00,2235,5122240,5124672
2026-05-12T20:39:17+01:00,2235,5122240,5124672
2026-05-12T20:39:18+01:00,2234,5122240,5124672
2026-05-12T20:39:19+01:00,2234,5122240,5124672
2026-05-12T20:39:21+01:00,2234,5122240,5124672
2026-05-12T20:39:22+01:00,2235,5122240,5124672
2026-05-12T20:39:23+01:00,2235,5122240,5124672
2026-05-12T20:39:24+01:00,2235,5122240,5124672
2026-05-12T20:39:25+01:00,2235,5122240,5124672
2026-05-12T20:39:26+01:00,2235,5122240,5124672
2026-05-12T20:39:27+01:00,2236,5122240,5124672
2026-05-12T20:39:28+01:00,2234,5122240,5124672
2026-05-12T20:39:30+01:00,2235,5122240,5124672
2026-05-12T20:39:31+01:00,2235,5122240,5124672
2026-05-12T20:39:32+01:00,2235,5122240,5124672
2026-05-12T20:39:33+01:00,2235,5122240,5124672
2026-05-12T20:39:34+01:00,2235,5122240,5124672
2026-05-12T20:39:35+01:00,2235,5122240,5124672
2026-05-12T20:39:36+01:00,2236,5122240,5124672
2026-05-12T20:39:37+01:00,2235,5122240,5124672
2026-05-12T20:39:39+01:00,2235,5122240,5124672
2026-05-12T20:39:40+01:00,2235,5122240,5124672
2026-05-12T20:39:41+01:00,2235,5122240,5124672
2026-05-12T20:39:42+01:00,2235,5122240,5124672
2026-05-12T20:39:43+01:00,2235,5122240,5124672
2026-05-12T20:39:44+01:00,2235,5122240,5124672
2026-05-12T20:39:45+01:00,2236,5122240,5124672
2026-05-12T20:39:46+01:00,2234,5122240,5124672
2026-05-12T20:39:48+01:00,2234,5122240,5124672
2026-05-12T20:39:49+01:00,2235,5122240,5124672
2026-05-12T20:39:50+01:00,2235,5122240,5124672
2026-05-12T20:39:51+01:00,2235,5122240,5124672
2026-05-12T20:39:52+01:00,2235,5122240,5124672
2026-05-12T20:39:53+01:00,2235,5122240,5124672
2026-05-12T20:39:54+01:00,2235,5122240,5124672
2026-05-12T20:39:55+01:00,2235,5122240,5124672
2026-05-12T20:39:56+01:00,2234,5122240,5124672
2026-05-12T20:39:58+01:00,2234,5122240,5124672
2026-05-12T20:39:59+01:00,2234,5122240,5124672
2026-05-12T20:40:00+01:00,2234,5122240,5124672
2026-05-12T20:40:01+01:00,2235,5122240,5124672
2026-05-12T20:40:02+01:00,2235,5122240,5124672
2026-05-12T20:40:03+01:00,2235,5122240,5124672
2026-05-12T20:40:04+01:00,2235,5122240,5124672
2026-05-12T20:40:05+01:00,2234,5122240,5124672
2026-05-12T20:40:07+01:00,2234,5122240,5124672
2026-05-12T20:40:08+01:00,2234,5122240,5124672
2026-05-12T20:40:09+01:00,2234,5122240,5124672
2026-05-12T20:40:10+01:00,2234,5122240,5124672
2026-05-12T20:40:11+01:00,2234,5122240,5124672
2026-05-12T20:40:12+01:00,2233,5122240,5124672
2026-05-12T20:40:13+01:00,2233,5122240,5124672
2026-05-12T20:40:15+01:00,2234,5122240,5124672
2026-05-12T20:40:16+01:00,2234,5122240,5124672
2026-05-12T20:40:17+01:00,2234,5122240,5124672
2026-05-12T20:40:18+01:00,2234,5122240,5124672
2026-05-12T20:40:19+01:00,2235,5122240,5124672
2026-05-12T20:40:20+01:00,2234,5122240,5124672
2026-05-12T20:40:22+01:00,2234,5122240,5124672
2026-05-12T20:40:23+01:00,2234,5122240,5124672
2026-05-12T20:40:24+01:00,2235,5122240,5124672
2026-05-12T20:40:25+01:00,2235,5122240,5124672
2026-05-12T20:40:26+01:00,2234,5122240,5124672
2026-05-12T20:40:28+01:00,2235,5122240,5124672
2026-05-12T20:40:29+01:00,2235,5122240,5124672
2026-05-12T20:40:30+01:00,2235,5122240,5124672
2026-05-12T20:40:31+01:00,2236,5122240,5124672
2026-05-12T20:40:32+01:00,2235,5122240,5124672
2026-05-12T20:40:34+01:00,2235,5122240,5124672
2026-05-12T20:40:35+01:00,2235,5122240,5124672
2026-05-12T20:40:36+01:00,2236,5122240,5124672
2026-05-12T20:40:37+01:00,2236,5122240,5124672
2026-05-12T20:40:38+01:00,2235,5122240,5124672
2026-05-12T20:40:40+01:00,2235,5122240,5124672
2026-05-12T20:40:41+01:00,2236,5122240,5124672
2026-05-12T20:40:42+01:00,2236,5122240,5124672
2026-05-12T20:40:43+01:00,2236,5122240,5124672
2026-05-12T20:40:44+01:00,2236,5122240,5124672
2026-05-12T20:40:45+01:00,2235,5122240,5124672
2026-05-12T20:40:47+01:00,2236,5122240,5124672
2026-05-12T20:40:48+01:00,2236,5122240,5124672
2026-05-12T20:40:49+01:00,2236,5122240,5124672
2026-05-12T20:40:50+01:00,2236,5122240,5124672
2026-05-12T20:40:51+01:00,2236,5122240,5124672
2026-05-12T20:40:52+01:00,2236,5122240,5124672
2026-05-12T20:40:53+01:00,2237,5122240,5124672
2026-05-12T20:40:54+01:00,2236,5122240,5124672
2026-05-12T20:40:56+01:00,2236,5122240,5124672
2026-05-12T20:40:57+01:00,2236,5122240,5124672
2026-05-12T20:40:58+01:00,2236,5122240,5124672
2026-05-12T20:40:59+01:00,2236,5122240,5124672
2026-05-12T20:41:00+01:00,2236,5122240,5124672
2026-05-12T20:41:01+01:00,2237,5122240,5124672
2026-05-12T20:41:02+01:00,2237,5122240,5124672
2026-05-12T20:41:03+01:00,2236,5122240,5124672
2026-05-12T20:41:05+01:00,2236,5122240,5124672
2026-05-12T20:41:06+01:00,2236,5122240,5124672
2026-05-12T20:41:07+01:00,2236,5122240,5124672
2026-05-12T20:41:08+01:00,2236,5122240,5124672
2026-05-12T20:41:09+01:00,2236,5122240,5124672
2026-05-12T20:41:10+01:00,2236,5122240,5124672
2026-05-12T20:41:11+01:00,2237,5122240,5124672
2026-05-12T20:41:12+01:00,2236,5122240,5124672
2026-05-12T20:41:14+01:00,2236,5122240,5124672
2026-05-12T20:41:15+01:00,2236,5122240,5124672
2026-05-12T20:41:16+01:00,2236,5122240,5124672
2026-05-12T20:41:17+01:00,2236,5122240,5124672
2026-05-12T20:41:18+01:00,2236,5122240,5124672
2026-05-12T20:41:19+01:00,2236,5122240,5124672
2026-05-12T20:41:20+01:00,2236,5122240,5124672
2026-05-12T20:41:21+01:00,2235,5122240,5124672
2026-05-12T20:41:23+01:00,2235,5122240,5124672
2026-05-12T20:41:24+01:00,2236,5122240,5124672
2026-05-12T20:41:25+01:00,2236,5122240,5124672
2026-05-12T20:41:26+01:00,2236,5122240,5124672
2026-05-12T20:41:27+01:00,2236,5122240,5124672
2026-05-12T20:41:28+01:00,2236,5122240,5124672
2026-05-12T20:41:29+01:00,2236,5122240,5124672
2026-05-12T20:41:30+01:00,2235,5122240,5124672
2026-05-12T20:41:31+01:00,2235,5122240,5124672
2026-05-12T20:41:33+01:00,2235,5122240,5124672
2026-05-12T20:41:34+01:00,2235,5122240,5124672
2026-05-12T20:41:35+01:00,2236,5122240,5124672
2026-05-12T20:41:36+01:00,2236,5122240,5124672
2026-05-12T20:41:37+01:00,2236,5122240,5124672
2026-05-12T20:41:38+01:00,2236,5122240,5124672
2026-05-12T20:41:39+01:00,2237,5122240,5124672
2026-05-12T20:41:40+01:00,2236,5122240,5124672
2026-05-12T20:41:42+01:00,2236,5122240,5124672
2026-05-12T20:41:43+01:00,2236,5122240,5124672
2026-05-12T20:41:44+01:00,2236,5122240,5124672
2026-05-12T20:41:45+01:00,2237,5122240,5124672
2026-05-12T20:41:46+01:00,2237,5122240,5124672
2026-05-12T20:41:47+01:00,2237,5122240,5124672
2026-05-12T20:41:48+01:00,2237,5122240,5124672
2026-05-12T20:41:49+01:00,2236,5122240,5124672
2026-05-12T20:41:51+01:00,2236,5122240,5124672
2026-05-12T20:41:52+01:00,2237,5122240,5124672
2026-05-12T20:41:53+01:00,2237,5122240,5124672
2026-05-12T20:41:54+01:00,2237,5122240,5124672
2026-05-12T20:41:55+01:00,2237,5122240,5124672
2026-05-12T20:41:56+01:00,2238,5122240,5124672
2026-05-12T20:41:57+01:00,2238,5122240,5124672
2026-05-12T20:41:58+01:00,2237,5122240,5124672
2026-05-12T20:42:00+01:00,2237,5122240,5124672
2026-05-12T20:42:01+01:00,2237,5122240,5124672
2026-05-12T20:42:02+01:00,2237,5122240,5124672
2026-05-12T20:42:03+01:00,2238,5122240,5124672
2026-05-12T20:42:04+01:00,2238,5122240,5124672
2026-05-12T20:42:05+01:00,2238,5122240,5124672
2026-05-12T20:42:06+01:00,2238,5122240,5124672
2026-05-12T20:42:07+01:00,2237,5122240,5124672
2026-05-12T20:42:09+01:00,2237,5122240,5124672
2026-05-12T20:42:10+01:00,2237,5122240,5124672
2026-05-12T20:42:11+01:00,2238,5122240,5124672
2026-05-12T20:42:12+01:00,2238,5122240,5124672
2026-05-12T20:42:13+01:00,2238,5122240,5124672
2026-05-12T20:42:14+01:00,2238,5122240,5124672
2026-05-12T20:42:15+01:00,2238,5122240,5124672
2026-05-12T20:42:16+01:00,2237,5122240,5124672
2026-05-12T20:42:18+01:00,2237,5122240,5124672
2026-05-12T20:42:19+01:00,2237,5122240,5124672
2026-05-12T20:42:20+01:00,2238,5122240,5124672
2026-05-12T20:42:21+01:00,2238,5122240,5124672
2026-05-12T20:42:22+01:00,2238,5122240,5124672
2026-05-12T20:42:23+01:00,2238,5122240,5124672
2026-05-12T20:42:24+01:00,2238,5122240,5124672
2026-05-12T20:42:25+01:00,2237,5122240,5124672
2026-05-12T20:42:27+01:00,2237,5122240,5124672
2026-05-12T20:42:28+01:00,2237,5122240,5124672
2026-05-12T20:42:29+01:00,2238,5122240,5124672
2026-05-12T20:42:30+01:00,2238,5122240,5124672
2026-05-12T20:42:31+01:00,2238,5122240,5124672
2026-05-12T20:42:32+01:00,2238,5122240,5124672
2026-05-12T20:42:33+01:00,2238,5122240,5124672
2026-05-12T20:42:34+01:00,2237,5122240,5124672
2026-05-12T20:42:35+01:00,2237,5122240,5124672
2026-05-12T20:42:37+01:00,2237,5122240,5124672
2026-05-12T20:42:38+01:00,2237,5122240,5124672
2026-05-12T20:42:39+01:00,2237,5122240,5124672
2026-05-12T20:42:40+01:00,2238,5122240,5124672
2026-05-12T20:42:41+01:00,2238,5122240,5124672
2026-05-12T20:42:42+01:00,2238,5122240,5124672
2026-05-12T20:42:43+01:00,2238,5122240,5124672
2026-05-12T20:42:44+01:00,2237,5122240,5124672
2026-05-12T20:42:46+01:00,2237,5122240,5124672
2026-05-12T20:42:47+01:00,2237,5122240,5124672
2026-05-12T20:42:48+01:00,2237,5122240,5124672
2026-05-12T20:42:49+01:00,2237,5122240,5124672
2026-05-12T20:42:50+01:00,2237,5122240,5124672
2026-05-12T20:42:51+01:00,2237,5122240,5124672
2026-05-12T20:42:52+01:00,2238,5122240,5124672
2026-05-12T20:42:53+01:00,2236,5122240,5124672
2026-05-12T20:42:54+01:00,2237,5122240,5124672
2026-05-12T20:42:56+01:00,2237,5122240,5124672
2026-05-12T20:42:57+01:00,2237,5122240,5124672
2026-05-12T20:42:58+01:00,2237,5122240,5124672
2026-05-12T20:42:59+01:00,2237,5122240,5124672
2026-05-12T20:43:00+01:00,2237,5122240,5124672
2026-05-12T20:43:01+01:00,2237,5122240,5124672
2026-05-12T20:43:02+01:00,2237,5122240,5124672
2026-05-12T20:43:03+01:00,2236,5122240,5124672
2026-05-12T20:43:05+01:00,2236,5122240,5124672
2026-05-12T20:43:06+01:00,2236,5122240,5124672
2026-05-12T20:43:07+01:00,2236,5122240,5124672
2026-05-12T20:43:08+01:00,2236,5122240,5124672
2026-05-12T20:43:09+01:00,2237,5122240,5124672
2026-05-12T20:43:10+01:00,2237,5122240,5124672
2026-05-12T20:43:11+01:00,2237,5122240,5124672
2026-05-12T20:43:12+01:00,2236,5122240,5124672
2026-05-12T20:43:13+01:00,2236,5122240,5124672
2026-05-12T20:43:15+01:00,2236,5122240,5124672
2026-05-12T20:43:16+01:00,2236,5122240,5124672
2026-05-12T20:43:17+01:00,2236,5122240,5124672
2026-05-12T20:43:18+01:00,2236,5122240,5124672
2026-05-12T20:43:19+01:00,2237,5122240,5124672
2026-05-12T20:43:20+01:00,2237,5122240,5124672
2026-05-12T20:43:21+01:00,2237,5122240,5124672
2026-05-12T20:43:22+01:00,2236,5122240,5124672
2026-05-12T20:43:24+01:00,2236,5122240,5124672
2026-05-12T20:43:25+01:00,2236,5122240,5124672
2026-05-12T20:43:26+01:00,2237,5122240,5124672
2026-05-12T20:43:27+01:00,2237,5122240,5124672
2026-05-12T20:43:28+01:00,2237,5122240,5124672
2026-05-12T20:43:29+01:00,2237,5122240,5124672
2026-05-12T20:43:30+01:00,2237,5122240,5124672
2026-05-12T20:43:31+01:00,2236,5122240,5124672
2026-05-12T20:43:33+01:00,2236,5122240,5124672
2026-05-12T20:43:34+01:00,2237,5122240,5124672
2026-05-12T20:43:35+01:00,2237,5122240,5124672
2026-05-12T20:43:36+01:00,2237,5122240,5124672
2026-05-12T20:43:37+01:00,2237,5122240,5124672
2026-05-12T20:43:38+01:00,2237,5122240,5124672
2026-05-12T20:43:39+01:00,2237,5122240,5124672
2026-05-12T20:43:40+01:00,2236,5122240,5124672
2026-05-12T20:43:41+01:00,2237,5122240,5124672
2026-05-12T20:43:43+01:00,2237,5122240,5124672
2026-05-12T20:43:44+01:00,2237,5122240,5124672
2026-05-12T20:43:45+01:00,2237,5122240,5124672
2026-05-12T20:43:46+01:00,2237,5122240,5124672
2026-05-12T20:43:47+01:00,2237,5122240,5124672
2026-05-12T20:43:48+01:00,2237,5122240,5124672
2026-05-12T20:43:49+01:00,2237,5122240,5124672
2026-05-12T20:43:50+01:00,2236,5122240,5124672
2026-05-12T20:43:52+01:00,2237,5122240,5124672
2026-05-12T20:43:53+01:00,2237,5122240,5124672
2026-05-12T20:43:54+01:00,2237,5122240,5124672
2026-05-12T20:43:55+01:00,2237,5122240,5124672
2026-05-12T20:43:56+01:00,2237,5122240,5124672
2026-05-12T20:43:57+01:00,2237,5122240,5124672
2026-05-12T20:43:58+01:00,2237,5122240,5124672
2026-05-12T20:43:59+01:00,2236,5122240,5124672
2026-05-12T20:44:00+01:00,2236,5122240,5124672
2026-05-12T20:44:02+01:00,2236,5122240,5124672
2026-05-12T20:44:03+01:00,2237,5122240,5124672
2026-05-12T20:44:04+01:00,2237,5122240,5124672
2026-05-12T20:44:05+01:00,2237,5122240,5124672
2026-05-12T20:44:06+01:00,2237,5122240,5124672
2026-05-12T20:44:07+01:00,2237,5122240,5124672
2026-05-12T20:44:08+01:00,2237,5122240,5124672
2026-05-12T20:44:09+01:00,2236,5122240,5124672
2026-05-12T20:44:11+01:00,2236,5122240,5124672
2026-05-12T20:44:12+01:00,2236,5122240,5124672
2026-05-12T20:44:13+01:00,2236,5122240,5124672
2026-05-12T20:44:14+01:00,2237,5122240,5124672
2026-05-12T20:44:15+01:00,2237,5122240,5124672
2026-05-12T20:44:16+01:00,2237,5122240,5124672
2026-05-12T20:44:17+01:00,2237,5122240,5124672
2026-05-12T20:44:18+01:00,2236,5122240,5124672
2026-05-12T20:44:20+01:00,2236,5122240,5124672
2026-05-12T20:44:21+01:00,2236,5122240,5124672
2026-05-12T20:44:22+01:00,2236,5122240,5124672
2026-05-12T20:44:23+01:00,2236,5122240,5124672
2026-05-12T20:44:24+01:00,2236,5122240,5124672
2026-05-12T20:44:25+01:00,2236,5122240,5124672
2026-05-12T20:44:26+01:00,2236,5122240,5124672
2026-05-12T20:44:27+01:00,2235,5122240,5124672
2026-05-12T20:44:28+01:00,2235,5122240,5124672
2026-05-12T20:44:30+01:00,2235,5122240,5124672
2026-05-12T20:44:31+01:00,2236,5122240,5124672
2026-05-12T20:44:32+01:00,2236,5122240,5124672
2026-05-12T20:44:33+01:00,2236,5122240,5124672
2026-05-12T20:44:34+01:00,2236,5122240,5124672
2026-05-12T20:44:35+01:00,2236,5122240,5124672
2026-05-12T20:44:36+01:00,2236,5122240,5124672
2026-05-12T20:44:37+01:00,2235,5122240,5124672
2026-05-12T20:44:39+01:00,2235,5122240,5124672
2026-05-12T20:44:40+01:00,2235,5122240,5124672
2026-05-12T20:44:41+01:00,2235,5122240,5124672
2026-05-12T20:44:42+01:00,2235,5122240,5124672
2026-05-12T20:44:43+01:00,2235,5122240,5124672
2026-05-12T20:44:44+01:00,2235,5122240,5124672
2026-05-12T20:44:45+01:00,2235,5122240,5124672
2026-05-12T20:44:46+01:00,2234,5122240,5124672
2026-05-12T20:44:48+01:00,2234,5122240,5124672
2026-05-12T20:44:49+01:00,2235,5122240,5124672
2026-05-12T20:44:50+01:00,2235,5122240,5124672
2026-05-12T20:44:51+01:00,2235,5122240,5124672
2026-05-12T20:44:52+01:00,2235,5122240,5124672
2026-05-12T20:44:53+01:00,2235,5122240,5124672
2026-05-12T20:44:54+01:00,2235,5122240,5124672
2026-05-12T20:44:55+01:00,2235,5122240,5124672
2026-05-12T20:44:56+01:00,2234,5122240,5124672
2026-05-12T20:44:58+01:00,2234,5122240,5124672
2026-05-12T20:44:59+01:00,2234,5122240,5124672
2026-05-12T20:45:00+01:00,2235,5122240,5124672
2026-05-12T20:45:01+01:00,2235,5122240,5124672
2026-05-12T20:45:02+01:00,2235,5122240,5124672
2026-05-12T20:45:03+01:00,2235,5122240,5124672
2026-05-12T20:45:04+01:00,2235,5122240,5124672
2026-05-12T20:45:05+01:00,2234,5122240,5124672
2026-05-12T20:45:07+01:00,2234,5122240,5124672
2026-05-12T20:45:08+01:00,2234,5122240,5124672
2026-05-12T20:45:09+01:00,2234,5122240,5124672
2026-05-12T20:45:10+01:00,2235,5122240,5124672
2026-05-12T20:45:11+01:00,2235,5122240,5124672
2026-05-12T20:45:12+01:00,2235,5122240,5124672
2026-05-12T20:45:13+01:00,2235,5122240,5124672
2026-05-12T20:45:14+01:00,2234,5122240,5124672
2026-05-12T20:45:16+01:00,2234,5122240,5124672
2026-05-12T20:45:17+01:00,2234,5122240,5124672
2026-05-12T20:45:18+01:00,2234,5122240,5124672
2026-05-12T20:45:19+01:00,2234,5122240,5124672
2026-05-12T20:45:20+01:00,2234,5122240,5124672
2026-05-12T20:45:21+01:00,2235,5122240,5124672
2026-05-12T20:45:22+01:00,2235,5122240,5124672
2026-05-12T20:45:23+01:00,2234,5122240,5124672
2026-05-12T20:45:24+01:00,2234,5122240,5124672
2026-05-12T20:45:26+01:00,2234,5122240,5124672
2026-05-12T20:45:27+01:00,2234,5122240,5124672
2026-05-12T20:45:28+01:00,2234,5122240,5124672
2026-05-12T20:45:29+01:00,2234,5122240,5124672
2026-05-12T20:45:30+01:00,2234,5122240,5124672
2026-05-12T20:45:31+01:00,2234,5122240,5124672
2026-05-12T20:45:32+01:00,2233,5122240,5124672
2026-05-12T20:45:33+01:00,2233,5122240,5124672
2026-05-12T20:45:35+01:00,2234,5122240,5124672
2026-05-12T20:45:36+01:00,2234,5122240,5124672
2026-05-12T20:45:37+01:00,2234,5122240,5124672
2026-05-12T20:45:38+01:00,2234,5122240,5124672
2026-05-12T20:45:39+01:00,2234,5122240,5124672
2026-05-12T20:45:40+01:00,2234,5122240,5124672
2026-05-12T20:45:41+01:00,2234,5122240,5124672
2026-05-12T20:45:42+01:00,2233,5122240,5124672
2026-05-12T20:45:44+01:00,2233,5122240,5124672
2026-05-12T20:45:45+01:00,2233,5122240,5124672
2026-05-12T20:45:46+01:00,2233,5122240,5124672
2026-05-12T20:45:47+01:00,2233,5122240,5124672
2026-05-12T20:45:48+01:00,2233,5122240,5124672
2026-05-12T20:45:49+01:00,2234,5122240,5124672
2026-05-12T20:45:50+01:00,2234,5122240,5124672
2026-05-12T20:45:51+01:00,2233,5122240,5124672
2026-05-12T20:45:53+01:00,2233,5122240,5124672
2026-05-12T20:45:54+01:00,2233,5122240,5124672
2026-05-12T20:45:55+01:00,2233,5122240,5124672
2026-05-12T20:45:56+01:00,2233,5122240,5124672
2026-05-12T20:45:57+01:00,2233,5122240,5124672
2026-05-12T20:45:58+01:00,2233,5122240,5124672
2026-05-12T20:45:59+01:00,2233,5122240,5124672
2026-05-12T20:46:00+01:00,2232,5122240,5124672
2026-05-12T20:46:01+01:00,2232,5122240,5124672
2026-05-12T20:46:03+01:00,2232,5122240,5124672
2026-05-12T20:46:04+01:00,2232,5122240,5124672
2026-05-12T20:46:05+01:00,2232,5122240,5124672
2026-05-12T20:46:06+01:00,2232,5122240,5124672
2026-05-12T20:46:07+01:00,2232,5122240,5124672
2026-05-12T20:46:08+01:00,2232,5122240,5124672
2026-05-12T20:46:09+01:00,2232,5122240,5124672
2026-05-12T20:46:10+01:00,2231,5122240,5124672
2026-05-12T20:46:12+01:00,2232,5122240,5124672
2026-05-12T20:46:13+01:00,2232,5122240,5124672
2026-05-12T20:46:14+01:00,2232,5122240,5124672
2026-05-12T20:46:15+01:00,2232,5122240,5124672
2026-05-12T20:46:16+01:00,2232,5122240,5124672
2026-05-12T20:46:17+01:00,2232,5122240,5124672
2026-05-12T20:46:18+01:00,2232,5122240,5124672
2026-05-12T20:46:19+01:00,2231,5122240,5124672
2026-05-12T20:46:20+01:00,2231,5122240,5124672
2026-05-12T20:46:22+01:00,2231,5122240,5124672
2026-05-12T20:46:23+01:00,2231,5122240,5124672
2026-05-12T20:46:24+01:00,2231,5122240,5124672
2026-05-12T20:46:25+01:00,2231,5122240,5124672
2026-05-12T20:46:26+01:00,2231,5122240,5124672
2026-05-12T20:46:27+01:00,2231,5122240,5124672
2026-05-12T20:46:28+01:00,2231,5122240,5124672
2026-05-12T20:46:29+01:00,2230,5122240,5124672
2026-05-12T20:46:31+01:00,2230,5122240,5124672
2026-05-12T20:46:32+01:00,2230,5122240,5124672
2026-05-12T20:46:33+01:00,2230,5122240,5124672
2026-05-12T20:46:34+01:00,2230,5122240,5124672
2026-05-12T20:46:35+01:00,2230,5122240,5124672
2026-05-12T20:46:36+01:00,2230,5122240,5124672
2026-05-12T20:46:37+01:00,2230,5122240,5124672
2026-05-12T20:46:38+01:00,2229,5122240,5124672
2026-05-12T20:46:39+01:00,2229,5122240,5124672
2026-05-12T20:46:41+01:00,2229,5122240,5124672
2026-05-12T20:46:42+01:00,2230,5122240,5124672
2026-05-12T20:46:43+01:00,2230,5122240,5124672
2026-05-12T20:46:44+01:00,2230,5122240,5124672
2026-05-12T20:46:45+01:00,2230,5122240,5124672
2026-05-12T20:46:46+01:00,2230,5122240,5124672
2026-05-12T20:46:47+01:00,2230,5122240,5124672
2026-05-12T20:46:48+01:00,2229,5122240,5124672
2026-05-12T20:46:49+01:00,2229,5122240,5124672
2026-05-12T20:46:51+01:00,2229,5122240,5124672
2026-05-12T20:46:52+01:00,2230,5122240,5124672
2026-05-12T20:46:53+01:00,2230,5122240,5124672
2026-05-12T20:46:54+01:00,2230,5122240,5124672
2026-05-12T20:46:55+01:00,2230,5122240,5124672
2026-05-12T20:46:56+01:00,2230,5122240,5124672
2026-05-12T20:46:57+01:00,2230,5122240,5124672
2026-05-12T20:46:58+01:00,2229,5122240,5124672
2026-05-12T20:47:00+01:00,2229,5122240,5124672
2026-05-12T20:47:01+01:00,2230,5122240,5124672
2026-05-12T20:47:02+01:00,2230,5122240,5124672
2026-05-12T20:47:03+01:00,2230,5122240,5124672
2026-05-12T20:47:04+01:00,2230,5122240,5124672
2026-05-12T20:47:05+01:00,2230,5122240,5124672
2026-05-12T20:47:06+01:00,2230,5122240,5124672
2026-05-12T20:47:07+01:00,2229,5122240,5124672
2026-05-12T20:47:09+01:00,2229,5122240,5124672
2026-05-12T20:47:10+01:00,2229,5122240,5124672
2026-05-12T20:47:11+01:00,2230,5122240,5124672
2026-05-12T20:47:12+01:00,2230,5122240,5124672
2026-05-12T20:47:13+01:00,2230,5122240,5124672
2026-05-12T20:47:14+01:00,2230,5122240,5124672
2026-05-12T20:47:15+01:00,2230,5122240,5124672
2026-05-12T20:47:16+01:00,2229,5122240,5124672
2026-05-12T20:47:17+01:00,2229,5122240,5124672
2026-05-12T20:47:19+01:00,2229,5122240,5124672
2026-05-12T20:47:20+01:00,2229,5122240,5124672
2026-05-12T20:47:21+01:00,2230,5122240,5124672
2026-05-12T20:47:22+01:00,2230,5122240,5124672
2026-05-12T20:47:23+01:00,2230,5122240,5124672
2026-05-12T20:47:24+01:00,2230,5122240,5124672
2026-05-12T20:47:25+01:00,2230,5122240,5124672
2026-05-12T20:47:26+01:00,2229,5122240,5124672
2026-05-12T20:47:28+01:00,2229,5122240,5124672
2026-05-12T20:47:29+01:00,2229,5122240,5124672
2026-05-12T20:47:30+01:00,2229,5122240,5124672
2026-05-12T20:47:31+01:00,2229,5122240,5124672
2026-05-12T20:47:32+01:00,2229,5122240,5124672
2026-05-12T20:47:33+01:00,2229,5122240,5124672
2026-05-12T20:47:34+01:00,2230,5122240,5124672
2026-05-12T20:47:35+01:00,2229,5122240,5124672
2026-05-12T20:47:36+01:00,2229,5122240,5124672
2026-05-12T20:47:38+01:00,2229,5122240,5124672
2026-05-12T20:47:39+01:00,2229,5122240,5124672
2026-05-12T20:47:40+01:00,2229,5122240,5124672
2026-05-12T20:47:41+01:00,2229,5122240,5124672
2026-05-12T20:47:42+01:00,2229,5122240,5124672
2026-05-12T20:47:43+01:00,2229,5122240,5124672
2026-05-12T20:47:44+01:00,2229,5122240,5124672
2026-05-12T20:47:45+01:00,2228,5122240,5124672
2026-05-12T20:47:47+01:00,2228,5122240,5124672
2026-05-12T20:47:48+01:00,2228,5122240,5124672
2026-05-12T20:47:49+01:00,2229,5122240,5124672
2026-05-12T20:47:50+01:00,2229,5122240,5124672
2026-05-12T20:47:51+01:00,2229,5122240,5124672
2026-05-12T20:47:52+01:00,2229,5122240,5124672
2026-05-12T20:47:53+01:00,2229,5122240,5124672
2026-05-12T20:47:54+01:00,2228,5122240,5124672
2026-05-12T20:47:56+01:00,2228,5122240,5124672
2026-05-12T20:47:57+01:00,2228,5122240,5124672
2026-05-12T20:47:58+01:00,2228,5122240,5124672
2026-05-12T20:47:59+01:00,2228,5122240,5124672
2026-05-12T20:48:00+01:00,2228,5122240,5124672
2026-05-12T20:48:01+01:00,2228,5122240,5124672
2026-05-12T20:48:02+01:00,2228,5122240,5124672
2026-05-12T20:48:03+01:00,2227,5122240,5124672
2026-05-12T20:48:04+01:00,2227,5122240,5124672
2026-05-12T20:48:06+01:00,2228,5122240,5124672
2026-05-12T20:48:07+01:00,2228,5122240,5124672
2026-05-12T20:48:08+01:00,2228,5122240,5124672
2026-05-12T20:48:09+01:00,2228,5122240,5124672
2026-05-12T20:48:10+01:00,2228,5122240,5124672
2026-05-12T20:48:11+01:00,2228,5122240,5124672
2026-05-12T20:48:12+01:00,2228,5122240,5124672
2026-05-12T20:48:13+01:00,2227,5122240,5124672
2026-05-12T20:48:15+01:00,2227,5122240,5124672
2026-05-12T20:48:16+01:00,2227,5122240,5124672
2026-05-12T20:48:17+01:00,2227,5122240,5124672
2026-05-12T20:48:18+01:00,2227,5122240,5124672
2026-05-12T20:48:19+01:00,2227,5122240,5124672
2026-05-12T20:48:20+01:00,2227,5122240,5124672
2026-05-12T20:48:21+01:00,2227,5122240,5124672
2026-05-12T20:48:22+01:00,2226,5122240,5124672
2026-05-12T20:48:23+01:00,2226,5122240,5124672
2026-05-12T20:48:25+01:00,2226,5122240,5124672
2026-05-12T20:48:26+01:00,2226,5122240,5124672
2026-05-12T20:48:27+01:00,2226,5122240,5124672
2026-05-12T20:48:28+01:00,2227,5122240,5124672
2026-05-12T20:48:29+01:00,2227,5122240,5124672
2026-05-12T20:48:30+01:00,2227,5122240,5124672
2026-05-12T20:48:31+01:00,2227,5122240,5124672
2026-05-12T20:48:32+01:00,2226,5122240,5124672
2026-05-12T20:48:34+01:00,2226,5122240,5124672
2026-05-12T20:48:35+01:00,2226,5122240,5124672
2026-05-12T20:48:36+01:00,2226,5122240,5124672
2026-05-12T20:48:37+01:00,2227,5122240,5124672
2026-05-12T20:48:38+01:00,2227,5122240,5124672
2026-05-12T20:48:39+01:00,2227,5122240,5124672
2026-05-12T20:48:40+01:00,2227,5122240,5124672
2026-05-12T20:48:41+01:00,2226,5122240,5124672
2026-05-12T20:48:42+01:00,2227,5122240,5124672
2026-05-12T20:48:44+01:00,2227,5122240,5124672
2026-05-12T20:48:45+01:00,2227,5122240,5124672
2026-05-12T20:48:46+01:00,2227,5122240,5124672
2026-05-12T20:48:47+01:00,2228,5122240,5124672
2026-05-12T20:48:48+01:00,2228,5122240,5124672
2026-05-12T20:48:49+01:00,2228,5122240,5124672
2026-05-12T20:48:50+01:00,2227,5122240,5124672
2026-05-12T20:48:51+01:00,2227,5122240,5124672
2026-05-12T20:48:53+01:00,2227,5122240,5124672
2026-05-12T20:48:54+01:00,2228,5122240,5124672
2026-05-12T20:48:55+01:00,2228,5122240,5124672
2026-05-12T20:48:56+01:00,2228,5122240,5124672
2026-05-12T20:48:57+01:00,2228,5122240,5124672
2026-05-12T20:48:58+01:00,2228,5122240,5124672
2026-05-12T20:48:59+01:00,2229,5122240,5124672
2026-05-12T20:49:00+01:00,2228,5122240,5124672
2026-05-12T20:49:02+01:00,2228,5122240,5124672
2026-05-12T20:49:03+01:00,2228,5122240,5124672
2026-05-12T20:49:04+01:00,2228,5122240,5124672
2026-05-12T20:49:05+01:00,2228,5122240,5124672
2026-05-12T20:49:06+01:00,2228,5122240,5124672
2026-05-12T20:49:07+01:00,2229,5122240,5124672
2026-05-12T20:49:08+01:00,2229,5122240,5124672
2026-05-12T20:49:09+01:00,2228,5122240,5124672
2026-05-12T20:49:11+01:00,2228,5122240,5124672
2026-05-12T20:49:12+01:00,2228,5122240,5124672
2026-05-12T20:49:13+01:00,2229,5122240,5124672
2026-05-12T20:49:14+01:00,2229,5122240,5124672
2026-05-12T20:49:15+01:00,2229,5122240,5124672
2026-05-12T20:49:16+01:00,2229,5122240,5124672
2026-05-12T20:49:17+01:00,2229,5122240,5124672
2026-05-12T20:49:18+01:00,2229,5122240,5124672
2026-05-12T20:49:19+01:00,2229,5122240,5124672
2026-05-12T20:49:21+01:00,2229,5122240,5124672
2026-05-12T20:49:22+01:00,2229,5122240,5124672
2026-05-12T20:49:23+01:00,2229,5122240,5124672
2026-05-12T20:49:24+01:00,2230,5122240,5124672
2026-05-12T20:49:25+01:00,2230,5122240,5124672
2026-05-12T20:49:26+01:00,2230,5122240,5124672
2026-05-12T20:49:27+01:00,2229,5122240,5124672
2026-05-12T20:49:28+01:00,2229,5122240,5124672
2026-05-12T20:49:30+01:00,2229,5122240,5124672
2026-05-12T20:49:31+01:00,2230,5122240,5124672
2026-05-12T20:49:32+01:00,2230,5122240,5124672
2026-05-12T20:49:33+01:00,2230,5122240,5124672
2026-05-12T20:49:34+01:00,2230,5122240,5124672
2026-05-12T20:49:35+01:00,2230,5122240,5124672
2026-05-12T20:49:36+01:00,2230,5122240,5124672
2026-05-12T20:49:37+01:00,2230,5122240,5124672
2026-05-12T20:49:39+01:00,2230,5122240,5124672
2026-05-12T20:49:40+01:00,2230,5122240,5124672
2026-05-12T20:49:41+01:00,2230,5122240,5124672
2026-05-12T20:49:42+01:00,2230,5122240,5124672
2026-05-12T20:49:43+01:00,2230,5122240,5124672
2026-05-12T20:49:44+01:00,2231,5122240,5124672
2026-05-12T20:49:45+01:00,2231,5122240,5124672
2026-05-12T20:49:46+01:00,2230,5122240,5124672
2026-05-12T20:49:48+01:00,2230,5122240,5124672
2026-05-12T20:49:49+01:00,2230,5122240,5124672
2026-05-12T20:49:50+01:00,2230,5122240,5124672
2026-05-12T20:49:51+01:00,2230,5122240,5124672
2026-05-12T20:49:52+01:00,2231,5122240,5124672
2026-05-12T20:49:53+01:00,2231,5122240,5124672
2026-05-12T20:49:54+01:00,2231,5122240,5124672
2026-05-12T20:49:55+01:00,2230,5122240,5124672
2026-05-12T20:49:56+01:00,2230,5122240,5124672
2026-05-12T20:49:58+01:00,2230,5122240,5124672
2026-05-12T20:49:59+01:00,2230,5122240,5124672
2026-05-12T20:50:00+01:00,2230,5122240,5124672
2026-05-12T20:50:01+01:00,2231,5122240,5124672
2026-05-12T20:50:02+01:00,2231,5122240,5124672
2026-05-12T20:50:03+01:00,2231,5122240,5124672
2026-05-12T20:50:04+01:00,2230,5122240,5124672
2026-05-12T20:50:05+01:00,2230,5122240,5124672
2026-05-12T20:50:07+01:00,2230,5122240,5124672
2026-05-12T20:50:08+01:00,2230,5122240,5124672
2026-05-12T20:50:09+01:00,2230,5122240,5124672
2026-05-12T20:50:10+01:00,2231,5122240,5124672
2026-05-12T20:50:11+01:00,2231,5122240,5124672
2026-05-12T20:50:12+01:00,2230,5122240,5124672
2026-05-12T20:50:14+01:00,2230,5122240,5124672
2026-05-12T20:50:15+01:00,2230,5122240,5124672
2026-05-12T20:50:16+01:00,2230,5122240,5124672
2026-05-12T20:50:17+01:00,2231,5122240,5124672
2026-05-12T20:50:18+01:00,2231,5122240,5124672
2026-05-12T20:50:19+01:00,2230,5122240,5124672
2026-05-12T20:50:21+01:00,2230,5122240,5124672
2026-05-12T20:50:22+01:00,2230,5122240,5124672
2026-05-12T20:50:23+01:00,2230,5122240,5124672
2026-05-12T20:50:24+01:00,2231,5122240,5124672
2026-05-12T20:50:25+01:00,2230,5122240,5124672
2026-05-12T20:50:27+01:00,2230,5122240,5124672
2026-05-12T20:50:28+01:00,2230,5122240,5124672
2026-05-12T20:50:29+01:00,2230,5122240,5124672
2026-05-12T20:50:30+01:00,2230,5122240,5124672
2026-05-12T20:50:31+01:00,2230,5122240,5124672
2026-05-12T20:50:33+01:00,2230,5122240,5124672
2026-05-12T20:50:34+01:00,2230,5122240,5124672
2026-05-12T20:50:35+01:00,2230,5122240,5124672
2026-05-12T20:50:36+01:00,2230,5122240,5124672
2026-05-12T20:50:37+01:00,2230,5122240,5124672
2026-05-12T20:50:38+01:00,2229,5122240,5124672
2026-05-12T20:50:40+01:00,2230,5122240,5124672
2026-05-12T20:50:41+01:00,2230,5122240,5124672
2026-05-12T20:50:42+01:00,2230,5122240,5124672
2026-05-12T20:50:43+01:00,2230,5122240,5124672
2026-05-12T20:50:44+01:00,2230,5122240,5124672
2026-05-12T20:50:45+01:00,2231,5122240,5124672
2026-05-12T20:50:46+01:00,2230,5122240,5124672
2026-05-12T20:50:48+01:00,2230,5122240,5124672
2026-05-12T20:50:49+01:00,2230,5122240,5124672
2026-05-12T20:50:50+01:00,2230,5122240,5124672
2026-05-12T20:50:51+01:00,2231,5122240,5124672
2026-05-12T20:50:52+01:00,2231,5122240,5124672
2026-05-12T20:50:53+01:00,2231,5122240,5124672
2026-05-12T20:50:54+01:00,2231,5122240,5124672
2026-05-12T20:50:55+01:00,2230,5122240,5124672
2026-05-12T20:50:57+01:00,2231,5122240,5124672
2026-05-12T20:50:58+01:00,2231,5122240,5124672
2026-05-12T20:50:59+01:00,2231,5122240,5124672
2026-05-12T20:51:00+01:00,2231,5122240,5124672
2026-05-12T20:51:01+01:00,2231,5122240,5124672
2026-05-12T20:51:02+01:00,2231,5122240,5124672
2026-05-12T20:51:03+01:00,2232,5122240,5124672
2026-05-12T20:51:04+01:00,2231,5122240,5124672
2026-05-12T20:51:06+01:00,2231,5122240,5124672
2026-05-12T20:51:07+01:00,2231,5122240,5124672
2026-05-12T20:51:08+01:00,2231,5122240,5124672
2026-05-12T20:51:09+01:00,2232,5122240,5124672
2026-05-12T20:51:10+01:00,2232,5122240,5124672
2026-05-12T20:51:11+01:00,2232,5122240,5124672
2026-05-12T20:51:12+01:00,2231,5122240,5124672
2026-05-12T20:51:13+01:00,2231,5122240,5124672
2026-05-12T20:51:15+01:00,2231,5122240,5124672
2026-05-12T20:51:16+01:00,2232,5122240,5124672
2026-05-12T20:51:17+01:00,2232,5122240,5124672
2026-05-12T20:51:18+01:00,2232,5122240,5124672
2026-05-12T20:51:19+01:00,2232,5122240,5124672
2026-05-12T20:51:20+01:00,2232,5122240,5124672
2026-05-12T20:51:21+01:00,2231,5122240,5124672
2026-05-12T20:51:22+01:00,2231,5122240,5124672
2026-05-12T20:51:24+01:00,2232,5122240,5124672
2026-05-12T20:51:25+01:00,2232,5122240,5124672
2026-05-12T20:51:26+01:00,2232,5122240,5124672
2026-05-12T20:51:27+01:00,2232,5122240,5124672
2026-05-12T20:51:28+01:00,2232,5122240,5124672
2026-05-12T20:51:29+01:00,2232,5122240,5124672
2026-05-12T20:51:30+01:00,2231,5122240,5124672
2026-05-12T20:51:31+01:00,2231,5122240,5124672
2026-05-12T20:51:33+01:00,2232,5122240,5124672
2026-05-12T20:51:34+01:00,2232,5122240,5124672
2026-05-12T20:51:35+01:00,2232,5122240,5124672
2026-05-12T20:51:36+01:00,2232,5122240,5124672
2026-05-12T20:51:37+01:00,2232,5122240,5124672
2026-05-12T20:51:38+01:00,2232,5122240,5124672
2026-05-12T20:51:39+01:00,2231,5122240,5124672
2026-05-12T20:51:41+01:00,2231,5122240,5124672
2026-05-12T20:51:42+01:00,2232,5122240,5124672
2026-05-12T20:51:43+01:00,2232,5122240,5124672
2026-05-12T20:51:44+01:00,2232,5122240,5124672
2026-05-12T20:51:45+01:00,2232,5122240,5124672
2026-05-12T20:51:46+01:00,2232,5122240,5124672
2026-05-12T20:51:47+01:00,2232,5122240,5124672
2026-05-12T20:51:48+01:00,2231,5122240,5124672
2026-05-12T20:51:50+01:00,2231,5122240,5124672
2026-05-12T20:51:51+01:00,2231,5122240,5124672
2026-05-12T20:51:52+01:00,2232,5122240,5124672
2026-05-12T20:51:53+01:00,2232,5122240,5124672
2026-05-12T20:51:54+01:00,2232,5122240,5124672
2026-05-12T20:51:55+01:00,2232,5122240,5124672
2026-05-12T20:51:56+01:00,2232,5122240,5124672
2026-05-12T20:51:57+01:00,2231,5122240,5124672
2026-05-12T20:51:58+01:00,2231,5122240,5124672
2026-05-12T20:52:00+01:00,2231,5122240,5124672
2026-05-12T20:52:01+01:00,2231,5122240,5124672
2026-05-12T20:52:02+01:00,2231,5122240,5124672
2026-05-12T20:52:03+01:00,2231,5122240,5124672
2026-05-12T20:52:04+01:00,2232,5122240,5124672
2026-05-12T20:52:05+01:00,2232,5122240,5124672
2026-05-12T20:52:06+01:00,2231,5122240,5124672
2026-05-12T20:52:07+01:00,2231,5122240,5124672
2026-05-12T20:52:09+01:00,2231,5122240,5124672
2026-05-12T20:52:10+01:00,2231,5122240,5124672
2026-05-12T20:52:11+01:00,2231,5122240,5124672
2026-05-12T20:52:12+01:00,2231,5122240,5124672
2026-05-12T20:52:13+01:00,2231,5122240,5124672
2026-05-12T20:52:14+01:00,2231,5122240,5124672
2026-05-12T20:52:15+01:00,2232,5122240,5124672
2026-05-12T20:52:16+01:00,2231,5122240,5124672
2026-05-12T20:52:17+01:00,2231,5122240,5124672
2026-05-12T20:52:19+01:00,2231,5122240,5124672
2026-05-12T20:52:20+01:00,2231,5122240,5124672
2026-05-12T20:52:21+01:00,2232,5122240,5124672
2026-05-12T20:52:22+01:00,2232,5122240,5124672
2026-05-12T20:52:23+01:00,2232,5122240,5124672
2026-05-12T20:52:24+01:00,2232,5122240,5124672
2026-05-12T20:52:25+01:00,2232,5122240,5124672
2026-05-12T20:52:26+01:00,2232,5122240,5124672
2026-05-12T20:52:28+01:00,2232,5122240,5124672
2026-05-12T20:52:29+01:00,2232,5122240,5124672
2026-05-12T20:52:30+01:00,2232,5122240,5124672
2026-05-12T20:52:31+01:00,2232,5122240,5124672
2026-05-12T20:52:32+01:00,2232,5122240,5124672
2026-05-12T20:52:33+01:00,2233,5122240,5124672
2026-05-12T20:52:34+01:00,2233,5122240,5124672
2026-05-12T20:52:35+01:00,2232,5122240,5124672
2026-05-12T20:52:37+01:00,2232,5122240,5124672
2026-05-12T20:52:38+01:00,2232,5122240,5124672
2026-05-12T20:52:39+01:00,2232,5122240,5124672
2026-05-12T20:52:40+01:00,2233,5122240,5124672
2026-05-12T20:52:41+01:00,2233,5122240,5124672
2026-05-12T20:52:42+01:00,2233,5122240,5124672
2026-05-12T20:52:43+01:00,2233,5122240,5124672
2026-05-12T20:52:44+01:00,2232,5122240,5124672
2026-05-12T20:52:45+01:00,2232,5122240,5124672
2026-05-12T20:52:47+01:00,2232,5122240,5124672
2026-05-12T20:52:48+01:00,2233,5122240,5124672
2026-05-12T20:52:49+01:00,2233,5122240,5124672
2026-05-12T20:52:50+01:00,2233,5122240,5124672
2026-05-12T20:52:51+01:00,2233,5122240,5124672
2026-05-12T20:52:52+01:00,2233,5122240,5124672
2026-05-12T20:52:53+01:00,2233,5122240,5124672
2026-05-12T20:52:54+01:00,2232,5122240,5124672
2026-05-12T20:52:56+01:00,2233,5122240,5124672
2026-05-12T20:52:57+01:00,2233,5122240,5124672
2026-05-12T20:52:58+01:00,2233,5122240,5124672
2026-05-12T20:52:59+01:00,2233,5122240,5124672
2026-05-12T20:53:00+01:00,2233,5122240,5124672
2026-05-12T20:53:01+01:00,2233,5122240,5124672
2026-05-12T20:53:02+01:00,2233,5122240,5124672
2026-05-12T20:53:03+01:00,2232,5122240,5124672
2026-05-12T20:53:05+01:00,2233,5122240,5124672
2026-05-12T20:53:06+01:00,2233,5122240,5124672
2026-05-12T20:53:07+01:00,2233,5122240,5124672
2026-05-12T20:53:08+01:00,2233,5122240,5124672
2026-05-12T20:53:09+01:00,2233,5122240,5124672
2026-05-12T20:53:10+01:00,2233,5122240,5124672
2026-05-12T20:53:11+01:00,2233,5122240,5124672
2026-05-12T20:53:12+01:00,2232,5122240,5124672
2026-05-12T20:53:13+01:00,2232,5122240,5124672
2026-05-12T20:53:15+01:00,2233,5122240,5124672
2026-05-12T20:53:16+01:00,2233,5122240,5124672
2026-05-12T20:53:17+01:00,2233,5122240,5124672
2026-05-12T20:53:18+01:00,2233,5122240,5124672
2026-05-12T20:53:19+01:00,2233,5122240,5124672
2026-05-12T20:53:20+01:00,2233,5122240,5124672
2026-05-12T20:53:21+01:00,2233,5122240,5124672
2026-05-12T20:53:22+01:00,2232,5122240,5124672
2026-05-12T20:53:24+01:00,2232,5122240,5124672
2026-05-12T20:53:25+01:00,2232,5122240,5124672
2026-05-12T20:53:26+01:00,2233,5122240,5124672
2026-05-12T20:53:27+01:00,2233,5122240,5124672
2026-05-12T20:53:28+01:00,2233,5122240,5124672
2026-05-12T20:53:29+01:00,2233,5122240,5124672
2026-05-12T20:53:30+01:00,2233,5122240,5124672
2026-05-12T20:53:31+01:00,2232,5122240,5124672
2026-05-12T20:53:32+01:00,2232,5122240,5124672
2026-05-12T20:53:34+01:00,2233,5122240,5124672
2026-05-12T20:53:35+01:00,2233,5122240,5124672
2026-05-12T20:53:36+01:00,2233,5122240,5124672
2026-05-12T20:53:37+01:00,2233,5122240,5124672
2026-05-12T20:53:38+01:00,2233,5122240,5124672
2026-05-12T20:53:39+01:00,2233,5122240,5124672
2026-05-12T20:53:40+01:00,2234,5122240,5124672
2026-05-12T20:53:41+01:00,2233,5122240,5124672
2026-05-12T20:53:43+01:00,2233,5122240,5124672
2026-05-12T20:53:44+01:00,2233,5122240,5124672
2026-05-12T20:53:45+01:00,2233,5122240,5124672
2026-05-12T20:53:46+01:00,2234,5122240,5124672
2026-05-12T20:53:47+01:00,2234,5122240,5124672
2026-05-12T20:53:48+01:00,2234,5122240,5124672
2026-05-12T20:53:49+01:00,2234,5122240,5124672
2026-05-12T20:53:50+01:00,2233,5122240,5124672
2026-05-12T20:53:52+01:00,2233,5122240,5124672
2026-05-12T20:53:53+01:00,2234,5122240,5124672
2026-05-12T20:53:54+01:00,2234,5122240,5124672
2026-05-12T20:53:55+01:00,2234,5122240,5124672
2026-05-12T20:53:56+01:00,2234,5122240,5124672
2026-05-12T20:53:57+01:00,2234,5122240,5124672
2026-05-12T20:53:58+01:00,2234,5122240,5124672
2026-05-12T20:53:59+01:00,2234,5122240,5124672
2026-05-12T20:54:01+01:00,2234,5122240,5124672
2026-05-12T20:54:02+01:00,2234,5122240,5124672
2026-05-12T20:54:03+01:00,2234,5122240,5124672
2026-05-12T20:54:04+01:00,2234,5122240,5124672
2026-05-12T20:54:05+01:00,2234,5122240,5124672
2026-05-12T20:54:06+01:00,2234,5122240,5124672
2026-05-12T20:54:07+01:00,2234,5122240,5124672
2026-05-12T20:54:08+01:00,2234,5122240,5124672
2026-05-12T20:54:09+01:00,2234,5122240,5124672
2026-05-12T20:54:11+01:00,2234,5122240,5124672
2026-05-12T20:54:12+01:00,2234,5122240,5124672
2026-05-12T20:54:13+01:00,2234,5122240,5124672
2026-05-12T20:54:14+01:00,2234,5122240,5124672
2026-05-12T20:54:15+01:00,2234,5122240,5124672
2026-05-12T20:54:16+01:00,2235,5122240,5124672
2026-05-12T20:54:17+01:00,2235,5122240,5124672
2026-05-12T20:54:18+01:00,2234,5122240,5124672
2026-05-12T20:54:20+01:00,2234,5122240,5124672
2026-05-12T20:54:21+01:00,2234,5122240,5124672
2026-05-12T20:54:22+01:00,2234,5122240,5124672
2026-05-12T20:54:23+01:00,2234,5122240,5124672
2026-05-12T20:54:24+01:00,2234,5122240,5124672
2026-05-12T20:54:25+01:00,2234,5122240,5124672
2026-05-12T20:54:26+01:00,2235,5122240,5124672
2026-05-12T20:54:27+01:00,2234,5122240,5124672
2026-05-12T20:54:29+01:00,2234,5122240,5124672
2026-05-12T20:54:30+01:00,2234,5122240,5124672
2026-05-12T20:54:31+01:00,2234,5122240,5124672
2026-05-12T20:54:32+01:00,2234,5122240,5124672
2026-05-12T20:54:33+01:00,2234,5122240,5124672
2026-05-12T20:54:34+01:00,2234,5122240,5124672
2026-05-12T20:54:35+01:00,2234,5122240,5124672
2026-05-12T20:54:36+01:00,2234,5122240,5124672
2026-05-12T20:54:37+01:00,2234,5122240,5124672
2026-05-12T20:54:39+01:00,2234,5122240,5124672
2026-05-12T20:54:40+01:00,2234,5122240,5124672
2026-05-12T20:54:41+01:00,2234,5122240,5124672
2026-05-12T20:54:42+01:00,2234,5122240,5124672
2026-05-12T20:54:43+01:00,2234,5122240,5124672
2026-05-12T20:54:44+01:00,2234,5122240,5124672
2026-05-12T20:54:45+01:00,2233,5122240,5124672
2026-05-12T20:54:46+01:00,2234,5122240,5124672
2026-05-12T20:54:48+01:00,2234,5122240,5124672
2026-05-12T20:54:49+01:00,2234,5122240,5124672
2026-05-12T20:54:50+01:00,2234,5122240,5124672
2026-05-12T20:54:51+01:00,2234,5122240,5124672
2026-05-12T20:54:52+01:00,2234,5122240,5124672
2026-05-12T20:54:53+01:00,2234,5122240,5124672
2026-05-12T20:54:54+01:00,2234,5122240,5124672
2026-05-12T20:54:55+01:00,2233,5122240,5124672
2026-05-12T20:54:57+01:00,2233,5122240,5124672
2026-05-12T20:54:58+01:00,2233,5122240,5124672
2026-05-12T20:54:59+01:00,2233,5122240,5124672
2026-05-12T20:55:00+01:00,2233,5122240,5124672
2026-05-12T20:55:01+01:00,2234,5122240,5124672
2026-05-12T20:55:02+01:00,2234,5122240,5124672
2026-05-12T20:55:03+01:00,2234,5122240,5124672
2026-05-12T20:55:04+01:00,2233,5122240,5124672
2026-05-12T20:55:05+01:00,2233,5122240,5124672
2026-05-12T20:55:07+01:00,2233,5122240,5124672
2026-05-12T20:55:08+01:00,2233,5122240,5124672
2026-05-12T20:55:09+01:00,2233,5122240,5124672
2026-05-12T20:55:10+01:00,2233,5122240,5124672
2026-05-12T20:55:11+01:00,2233,5122240,5124672
2026-05-12T20:55:12+01:00,2234,5122240,5124672
2026-05-12T20:55:13+01:00,2234,5122240,5124672
2026-05-12T20:55:14+01:00,2233,5122240,5124672
2026-05-12T20:55:16+01:00,2233,5122240,5124672
2026-05-12T20:55:17+01:00,2233,5122240,5124672
2026-05-12T20:55:18+01:00,2233,5122240,5124672
2026-05-12T20:55:19+01:00,2234,5122240,5124672
2026-05-12T20:55:20+01:00,2234,5122240,5124672
2026-05-12T20:55:21+01:00,2234,5122240,5124672
2026-05-12T20:55:22+01:00,2234,5122240,5124672
2026-05-12T20:55:23+01:00,2233,5122240,5124672
2026-05-12T20:55:25+01:00,2233,5122240,5124672
2026-05-12T20:55:26+01:00,2233,5122240,5124672
2026-05-12T20:55:27+01:00,2234,5122240,5124672
2026-05-12T20:55:28+01:00,2234,5122240,5124672
2026-05-12T20:55:29+01:00,2234,5122240,5124672
2026-05-12T20:55:30+01:00,2234,5122240,5124672
2026-05-12T20:55:31+01:00,2234,5122240,5124672
2026-05-12T20:55:32+01:00,2233,5122240,5124672
2026-05-12T20:55:34+01:00,2233,5122240,5124672
2026-05-12T20:55:35+01:00,2234,5122240,5124672
2026-05-12T20:55:36+01:00,2234,5122240,5124672
2026-05-12T20:55:37+01:00,2234,5122240,5124672
2026-05-12T20:55:38+01:00,2234,5122240,5124672
2026-05-12T20:55:39+01:00,2234,5122240,5124672
2026-05-12T20:55:40+01:00,2234,5122240,5124672
2026-05-12T20:55:41+01:00,2233,5122240,5124672
2026-05-12T20:55:42+01:00,2233,5122240,5124672
2026-05-12T20:55:44+01:00,2234,5122240,5124672
2026-05-12T20:55:45+01:00,2234,5122240,5124672
2026-05-12T20:55:46+01:00,2234,5122240,5124672
2026-05-12T20:55:47+01:00,2234,5122240,5124672
2026-05-12T20:55:48+01:00,2234,5122240,5124672
2026-05-12T20:55:49+01:00,2234,5122240,5124672
2026-05-12T20:55:50+01:00,2233,5122240,5124672
2026-05-12T20:55:51+01:00,2233,5122240,5124672
2026-05-12T20:55:53+01:00,2234,5122240,5124672
2026-05-12T20:55:54+01:00,2234,5122240,5124672
2026-05-12T20:55:55+01:00,2234,5122240,5124672
2026-05-12T20:55:56+01:00,2234,5122240,5124672
2026-05-12T20:55:57+01:00,2234,5122240,5124672
2026-05-12T20:55:58+01:00,2234,5122240,5124672
2026-05-12T20:55:59+01:00,2234,5122240,5124672
2026-05-12T20:56:00+01:00,2233,5122240,5124672
2026-05-12T20:56:02+01:00,2233,5122240,5124672
2026-05-12T20:56:03+01:00,2233,5122240,5124672
2026-05-12T20:56:04+01:00,2233,5122240,5124672
2026-05-12T20:56:05+01:00,2234,5122240,5124672
2026-05-12T20:56:06+01:00,2234,5122240,5124672
2026-05-12T20:56:07+01:00,2234,5122240,5124672
2026-05-12T20:56:08+01:00,2234,5122240,5124672
2026-05-12T20:56:09+01:00,2233,5122240,5124672
2026-05-12T20:56:10+01:00,2233,5122240,5124672
2026-05-12T20:56:12+01:00,2233,5122240,5124672
2026-05-12T20:56:13+01:00,2233,5122240,5124672
2026-05-12T20:56:14+01:00,2233,5122240,5124672
2026-05-12T20:56:15+01:00,2233,5122240,5124672
2026-05-12T20:56:16+01:00,2233,5122240,5124672
2026-05-12T20:56:17+01:00,2234,5122240,5124672
2026-05-12T20:56:18+01:00,2233,5122240,5124672
2026-05-12T20:56:19+01:00,2233,5122240,5124672
2026-05-12T20:56:21+01:00,2233,5122240,5124672
2026-05-12T20:56:22+01:00,2233,5122240,5124672
2026-05-12T20:56:23+01:00,2233,5122240,5124672
2026-05-12T20:56:24+01:00,2233,5122240,5124672
2026-05-12T20:56:25+01:00,2233,5122240,5124672
2026-05-12T20:56:26+01:00,2233,5122240,5124672
2026-05-12T20:56:27+01:00,2233,5122240,5124672
2026-05-12T20:56:28+01:00,2232,5122240,5124672
2026-05-12T20:56:30+01:00,2232,5122240,5124672
2026-05-12T20:56:31+01:00,2233,5122240,5124672
2026-05-12T20:56:32+01:00,2233,5122240,5124672
2026-05-12T20:56:33+01:00,2233,5122240,5124672
2026-05-12T20:56:34+01:00,2233,5122240,5124672
2026-05-12T20:56:35+01:00,2233,5122240,5124672
2026-05-12T20:56:36+01:00,2233,5122240,5124672
2026-05-12T20:56:37+01:00,2232,5122240,5124672
2026-05-12T20:56:38+01:00,2232,5122240,5124672
2026-05-12T20:56:40+01:00,2232,5122240,5124672
2026-05-12T20:56:41+01:00,2232,5122240,5124672
2026-05-12T20:56:42+01:00,2232,5122240,5124672
2026-05-12T20:56:43+01:00,2232,5122240,5124672
2026-05-12T20:56:44+01:00,2232,5122240,5124672
2026-05-12T20:56:45+01:00,2232,5122240,5124672
2026-05-12T20:56:46+01:00,2232,5122240,5124672
2026-05-12T20:56:47+01:00,2232,5122240,5124672
2026-05-12T20:56:49+01:00,2232,5122240,5124672
2026-05-12T20:56:50+01:00,2232,5122240,5124672
2026-05-12T20:56:51+01:00,2232,5122240,5124672
2026-05-12T20:56:52+01:00,2232,5122240,5124672
2026-05-12T20:56:53+01:00,2232,5122240,5124672
2026-05-12T20:56:54+01:00,2232,5122240,5124672
2026-05-12T20:56:55+01:00,2232,5122240,5124672
2026-05-12T20:56:56+01:00,2232,5122240,5124672
2026-05-12T20:56:57+01:00,2232,5122240,5124672
2026-05-12T20:56:59+01:00,2232,5122240,5124672
2026-05-12T20:57:00+01:00,2232,5122240,5124672
2026-05-12T20:57:01+01:00,2232,5122240,5124672
2026-05-12T20:57:02+01:00,2232,5122240,5124672
2026-05-12T20:57:03+01:00,2232,5122240,5124672
2026-05-12T20:57:04+01:00,2232,5122240,5124672
2026-05-12T20:57:05+01:00,2232,5122240,5124672
2026-05-12T20:57:06+01:00,2232,5122240,5124672
2026-05-12T20:57:08+01:00,2232,5122240,5124672
2026-05-12T20:57:09+01:00,2232,5122240,5124672
2026-05-12T20:57:10+01:00,2232,5122240,5124672
2026-05-12T20:57:11+01:00,2232,5122240,5124672
2026-05-12T20:57:12+01:00,2232,5122240,5124672
2026-05-12T20:57:13+01:00,2232,5122240,5124672
2026-05-12T20:57:14+01:00,2232,5122240,5124672
2026-05-12T20:57:15+01:00,2231,5122240,5124672
2026-05-12T20:57:17+01:00,2231,5122240,5124672
2026-05-12T20:57:18+01:00,2232,5122240,5124672
2026-05-12T20:57:19+01:00,2232,5122240,5124672
2026-05-12T20:57:20+01:00,2232,5122240,5124672
2026-05-12T20:57:21+01:00,2232,5122240,5124672
2026-05-12T20:57:22+01:00,2232,5122240,5124672
2026-05-12T20:57:23+01:00,2232,5122240,5124672
2026-05-12T20:57:24+01:00,2231,5122240,5124672
2026-05-12T20:57:26+01:00,2231,5122240,5124672
2026-05-12T20:57:27+01:00,2231,5122240,5124672
2026-05-12T20:57:28+01:00,2231,5122240,5124672
2026-05-12T20:57:29+01:00,2231,5122240,5124672
2026-05-12T20:57:30+01:00,2232,5122240,5124672
2026-05-12T20:57:31+01:00,2232,5122240,5124672
2026-05-12T20:57:32+01:00,2232,5122240,5124672
2026-05-12T20:57:33+01:00,2232,5122240,5124672
2026-05-12T20:57:34+01:00,2231,5122240,5124672
2026-05-12T20:57:36+01:00,2231,5122240,5124672
2026-05-12T20:57:37+01:00,2231,5122240,5124672
2026-05-12T20:57:38+01:00,2231,5122240,5124672
2026-05-12T20:57:39+01:00,2231,5122240,5124672
2026-05-12T20:57:40+01:00,2231,5122240,5124672
2026-05-12T20:57:41+01:00,2231,5122240,5124672
2026-05-12T20:57:42+01:00,2231,5122240,5124672
2026-05-12T20:57:43+01:00,2231,5122240,5124672
2026-05-12T20:57:45+01:00,2231,5122240,5124672
2026-05-12T20:57:46+01:00,2231,5122240,5124672
2026-05-12T20:57:47+01:00,2231,5122240,5124672
2026-05-12T20:57:48+01:00,2231,5122240,5124672
2026-05-12T20:57:49+01:00,2231,5122240,5124672
2026-05-12T20:57:50+01:00,2231,5122240,5124672
2026-05-12T20:57:51+01:00,2231,5122240,5124672
2026-05-12T20:57:52+01:00,2231,5122240,5124672
2026-05-12T20:57:53+01:00,2230,5122240,5124672
2026-05-12T20:57:55+01:00,2230,5122240,5124672
2026-05-12T20:57:56+01:00,2230,5122240,5124672
2026-05-12T20:57:57+01:00,2230,5122240,5124672
2026-05-12T20:57:58+01:00,2230,5122240,5124672
2026-05-12T20:57:59+01:00,2231,5122240,5124672
2026-05-12T20:58:00+01:00,2231,5122240,5124672
2026-05-12T20:58:01+01:00,2231,5122240,5124672
2026-05-12T20:58:02+01:00,2230,5122240,5124672
2026-05-12T20:58:04+01:00,2230,5122240,5124672
2026-05-12T20:58:05+01:00,2230,5122240,5124672
2026-05-12T20:58:06+01:00,2230,5122240,5124672
2026-05-12T20:58:07+01:00,2230,5122240,5124672
2026-05-12T20:58:08+01:00,2230,5122240,5124672
2026-05-12T20:58:09+01:00,2230,5122240,5124672
2026-05-12T20:58:10+01:00,2230,5122240,5124672
2026-05-12T20:58:11+01:00,2229,5122240,5124672
2026-05-12T20:58:12+01:00,2229,5122240,5124672
2026-05-12T20:58:14+01:00,2229,5122240,5124672
2026-05-12T20:58:15+01:00,2230,5122240,5124672
2026-05-12T20:58:16+01:00,2230,5122240,5124672
2026-05-12T20:58:17+01:00,2230,5122240,5124672
2026-05-12T20:58:18+01:00,2230,5122240,5124672
2026-05-12T20:58:19+01:00,2230,5122240,5124672
2026-05-12T20:58:20+01:00,2230,5122240,5124672
2026-05-12T20:58:21+01:00,2229,5122240,5124672
2026-05-12T20:58:23+01:00,2229,5122240,5124672
2026-05-12T20:58:24+01:00,2229,5122240,5124672
2026-05-12T20:58:25+01:00,2229,5122240,5124672
2026-05-12T20:58:26+01:00,2229,5122240,5124672
2026-05-12T20:58:27+01:00,2229,5122240,5124672
2026-05-12T20:58:28+01:00,2229,5122240,5124672
2026-05-12T20:58:29+01:00,2229,5122240,5124672
2026-05-12T20:58:30+01:00,2228,5122240,5124672
2026-05-12T20:58:31+01:00,2228,5122240,5124672
2026-05-12T20:58:33+01:00,2229,5122240,5124672
2026-05-12T20:58:34+01:00,2229,5122240,5124672
2026-05-12T20:58:35+01:00,2229,5122240,5124672
2026-05-12T20:58:36+01:00,2229,5122240,5124672
2026-05-12T20:58:37+01:00,2229,5122240,5124672
2026-05-12T20:58:38+01:00,2229,5122240,5124672
2026-05-12T20:58:39+01:00,2229,5122240,5124672
2026-05-12T20:58:40+01:00,2228,5122240,5124672
2026-05-12T20:58:42+01:00,2228,5122240,5124672
2026-05-12T20:58:43+01:00,2228,5122240,5124672
2026-05-12T20:58:44+01:00,2228,5122240,5124672
2026-05-12T20:58:45+01:00,2228,5122240,5124672
2026-05-12T20:58:46+01:00,2229,5122240,5124672
2026-05-12T20:58:47+01:00,2229,5122240,5124672
2026-05-12T20:58:48+01:00,2229,5122240,5124672
2026-05-12T20:58:49+01:00,2228,5122240,5124672
2026-05-12T20:58:50+01:00,2228,5122240,5124672
2026-05-12T20:58:52+01:00,2228,5122240,5124672
2026-05-12T20:58:53+01:00,2228,5122240,5124672
2026-05-12T20:58:54+01:00,2229,5122240,5124672
2026-05-12T20:58:55+01:00,2229,5122240,5124672
2026-05-12T20:58:56+01:00,2229,5122240,5124672
2026-05-12T20:58:57+01:00,2229,5122240,5124672
2026-05-12T20:58:58+01:00,2229,5122240,5124672
2026-05-12T20:58:59+01:00,2228,5122240,5124672
2026-05-12T20:59:01+01:00,2228,5122240,5124672
2026-05-12T20:59:02+01:00,2228,5122240,5124672
2026-05-12T20:59:03+01:00,2229,5122240,5124672
2026-05-12T20:59:04+01:00,2229,5122240,5124672
2026-05-12T20:59:05+01:00,2229,5122240,5124672
2026-05-12T20:59:06+01:00,2229,5122240,5124672
2026-05-12T20:59:07+01:00,2229,5122240,5124672
2026-05-12T20:59:08+01:00,2228,5122240,5124672
2026-05-12T20:59:09+01:00,2228,5122240,5124672
2026-05-12T20:59:11+01:00,2228,5122240,5124672
2026-05-12T20:59:12+01:00,2228,5122240,5124672
2026-05-12T20:59:13+01:00,2228,5122240,5124672
2026-05-12T20:59:14+01:00,2229,5122240,5124672
2026-05-12T20:59:15+01:00,2229,5122240,5124672
2026-05-12T20:59:16+01:00,2229,5122240,5124672
2026-05-12T20:59:17+01:00,2229,5122240,5124672
2026-05-12T20:59:18+01:00,2228,5122240,5124672
2026-05-12T20:59:20+01:00,2228,5122240,5124672
2026-05-12T20:59:21+01:00,2228,5122240,5124672
2026-05-12T20:59:22+01:00,2228,5122240,5124672
2026-05-12T20:59:23+01:00,2228,5122240,5124672
2026-05-12T20:59:24+01:00,2228,5122240,5124672
2026-05-12T20:59:25+01:00,2229,5122240,5124672
2026-05-12T20:59:26+01:00,2229,5122240,5124672
2026-05-12T20:59:27+01:00,2228,5122240,5124672
2026-05-12T20:59:29+01:00,2228,5122240,5124672
2026-05-12T20:59:30+01:00,2228,5122240,5124672
2026-05-12T20:59:31+01:00,2228,5122240,5124672
2026-05-12T20:59:32+01:00,2228,5122240,5124672
2026-05-12T20:59:33+01:00,2228,5122240,5124672
2026-05-12T20:59:34+01:00,2228,5122240,5124672
2026-05-12T20:59:35+01:00,2228,5122240,5124672
2026-05-12T20:59:36+01:00,2228,5122240,5124672
2026-05-12T20:59:38+01:00,2228,5122240,5124672
2026-05-12T20:59:39+01:00,2228,5122240,5124672
2026-05-12T20:59:40+01:00,2228,5122240,5124672
2026-05-12T20:59:41+01:00,2228,5122240,5124672
2026-05-12T20:59:42+01:00,2228,5122240,5124672
2026-05-12T20:59:43+01:00,2228,5122240,5124672
2026-05-12T20:59:44+01:00,2228,5122240,5124672
2026-05-12T20:59:45+01:00,2227,5122240,5124672
2026-05-12T20:59:47+01:00,2227,5122240,5124672
2026-05-12T20:59:48+01:00,2227,5122240,5124672
2026-05-12T20:59:49+01:00,2228,5122240,5124672
2026-05-12T20:59:50+01:00,2228,5122240,5124672
2026-05-12T20:59:51+01:00,2228,5122240,5124672
2026-05-12T20:59:52+01:00,2228,5122240,5124672
2026-05-12T20:59:53+01:00,2228,5122240,5124672
2026-05-12T20:59:54+01:00,2228,5122240,5124672
2026-05-12T20:59:55+01:00,2227,5122240,5124672
2026-05-12T20:59:57+01:00,2227,5122240,5124672
2026-05-12T20:59:58+01:00,2227,5122240,5124672
2026-05-12T20:59:59+01:00,2227,5122240,5124672
2026-05-12T21:00:00+01:00,2227,5122240,5124672
2026-05-12T21:00:01+01:00,2227,5122240,5124672
2026-05-12T21:00:02+01:00,2227,5122240,5124672
2026-05-12T21:00:03+01:00,2227,5122240,5124672
2026-05-12T21:00:04+01:00,2227,5122240,5124672
2026-05-12T21:00:06+01:00,2227,5122240,5124672
2026-05-12T21:00:07+01:00,2227,5122240,5124672
2026-05-12T21:00:08+01:00,2227,5122240,5124672
2026-05-12T21:00:09+01:00,2227,5122240,5124672
2026-05-12T21:00:10+01:00,2227,5122240,5124672
2026-05-12T21:00:11+01:00,2227,5122240,5124672
2026-05-12T21:00:12+01:00,2227,5122240,5124672
2026-05-12T21:00:13+01:00,2226,5122240,5124672
2026-05-12T21:00:15+01:00,2226,5122240,5124672
2026-05-12T21:00:16+01:00,2226,5122240,5124672
2026-05-12T21:00:17+01:00,2227,5122240,5124672
2026-05-12T21:00:18+01:00,2227,5122240,5124672
2026-05-12T21:00:19+01:00,2227,5122240,5124672
2026-05-12T21:00:20+01:00,2226,5122240,5124672
2026-05-12T21:00:22+01:00,2226,5122240,5124672
2026-05-12T21:00:23+01:00,2226,5122240,5124672
2026-05-12T21:00:24+01:00,2226,5122240,5124672
2026-05-12T21:00:25+01:00,2226,5122240,5124672
