timestamp,role,cpu_user_jiffies,cpu_nice_jiffies,cpu_system_jiffies,cpu_idle_jiffies,cpu_iowait_jiffies,cpu_irq_jiffies,cpu_softirq_jiffies,cpu_steal_jiffies,mem_total_kb,mem_available_kb,mem_used_kb,mem_free_kb,swap_total_kb,swap_free_kb
2026-05-13T15:03:27+01:00,server,6411966,2313,235926,931079595,1820,0,15281,0,32911424,29906368,3005056,18469504,16252864,16248768
2026-05-13T15:03:28+01:00,server,6413508,2313,235946,931082958,1822,0,15282,0,32911424,29878144,3033280,18408000,16252864,16248768
2026-05-13T15:03:29+01:00,server,6415971,2313,235958,931085408,1822,0,15283,0,32911424,29858880,3052544,18387520,16252864,16248768
2026-05-13T15:03:30+01:00,server,6418420,2313,235969,931087858,1822,0,15284,0,32911424,29851072,3060352,18378752,16252864,16248768
2026-05-13T15:03:31+01:00,server,6420896,2313,235979,931090307,1822,0,15285,0,32911424,29850176,3061248,18377792,16252864,16248768
2026-05-13T15:03:32+01:00,server,6423349,2313,235986,931092755,1822,0,15285,0,32911424,29848000,3063424,18375552,16252864,16248768
2026-05-13T15:03:33+01:00,server,6425801,2313,235997,931095204,1822,0,15286,0,32911424,29847040,3064384,18374592,16252864,16248768
2026-05-13T15:03:34+01:00,server,6428266,2313,236010,931097652,1822,0,15286,0,32911424,29843072,3068352,18370560,16252864,16248768
2026-05-13T15:03:35+01:00,server,6430716,2313,236021,931100101,1822,0,15286,0,32911424,29838784,3072640,18366272,16252864,16248768
2026-05-13T15:03:36+01:00,server,6433172,2313,236032,931102547,1822,0,15286,0,32911424,29836480,3074944,18363904,16252864,16248768
2026-05-13T15:03:37+01:00,server,6435599,2313,236044,931105002,1822,0,15287,0,32911424,29836544,3074880,18363968,16252864,16248768
2026-05-13T15:03:38+01:00,server,6438024,2313,236057,931107471,1822,0,15288,0,32911424,29832832,3078592,18338432,16252864,16248768
2026-05-13T15:03:39+01:00,server,6440499,2313,236065,931109934,1822,0,15289,0,32911424,29835328,3076096,18339712,16252864,16248768
2026-05-13T15:03:40+01:00,server,6442988,2313,236081,931112378,1822,0,15289,0,32911424,29827584,3083840,18331840,16252864,16248768
2026-05-13T15:03:41+01:00,server,6445419,2313,236090,931114835,1822,0,15289,0,32911424,29825408,3086016,18329472,16252864,16248768
2026-05-13T15:03:42+01:00,server,6447893,2313,236102,931117297,1822,0,15289,0,32911424,29822528,3088896,18326592,16252864,16248768
2026-05-13T15:03:43+01:00,server,6450271,2313,236118,931119825,1822,0,15290,0,32911424,29820608,3090816,18324672,16252864,16248768
2026-05-13T15:03:44+01:00,server,6452745,2313,236130,931122272,1822,0,15290,0,32911424,29823168,3088256,18327360,16252864,16248768
2026-05-13T15:03:45+01:00,server,6455194,2313,236140,931124719,1822,0,15290,0,32911424,29822656,3088768,18326848,16252864,16248768
2026-05-13T15:03:46+01:00,server,6457627,2313,236151,931127167,1822,0,15290,0,32911424,29821440,3089984,18325632,16252864,16248768
2026-05-13T15:03:47+01:00,server,6460101,2313,236160,931129623,1822,0,15291,0,32911424,29820928,3090496,18325120,16252864,16248768
2026-05-13T15:03:49+01:00,server,6462553,2313,236170,931132082,1822,0,15291,0,32911424,29816192,3095232,18320320,16252864,16248768
2026-05-13T15:03:50+01:00,server,6465007,2313,236180,931134539,1822,0,15292,0,32911424,29821632,3089792,18325760,16252864,16248768
2026-05-13T15:03:51+01:00,server,6467457,2313,236192,931136996,1822,0,15292,0,32911424,29817728,3093696,18321856,16252864,16248768
2026-05-13T15:03:52+01:00,server,6469907,2313,236206,931139455,1822,0,15292,0,32911424,29821888,3089536,18325952,16252864,16248768
2026-05-13T15:03:53+01:00,server,6472356,2313,236213,931141918,1822,0,15292,0,32911424,29817408,3094016,18321472,16252864,16248768
2026-05-13T15:03:54+01:00,server,6474831,2313,236219,931144381,1822,0,15292,0,32911424,29818368,3093056,18322432,16252864,16248768
2026-05-13T15:03:55+01:00,server,6477280,2313,236233,931146843,1822,0,15293,0,32911424,29816000,3095424,18320064,16252864,16248768
2026-05-13T15:03:56+01:00,server,6479738,2313,236246,931149273,1822,0,15293,0,32911424,29814656,3096768,18318656,16252864,16248768
2026-05-13T15:03:57+01:00,server,6482213,2313,236260,931151729,1822,0,15293,0,32911424,29811008,3100416,18315008,16252864,16248768
2026-05-13T15:03:58+01:00,server,6484649,2313,236271,931154185,1822,0,15294,0,32911424,29808192,3103232,18312192,16252864,16248768
2026-05-13T15:03:59+01:00,server,6487100,2313,236285,931156646,1822,0,15294,0,32911424,29807232,3104192,18311232,16252864,16248768
2026-05-13T15:04:00+01:00,server,6489549,2313,236298,931159103,1822,0,15295,0,32911424,29806208,3105216,18310208,16252864,16248768
2026-05-13T15:04:01+01:00,server,6491980,2313,236309,931161560,1822,0,15295,0,32911424,29806784,3104640,18310784,16252864,16248768
2026-05-13T15:04:02+01:00,server,6494430,2313,236320,931164018,1822,0,15296,0,32911424,29807552,3103872,18311552,16252864,16248768
2026-05-13T15:04:03+01:00,server,6496882,2313,236332,931166475,1822,0,15296,0,32911424,29806016,3105408,18310016,16252864,16248768
2026-05-13T15:04:04+01:00,server,6499308,2313,236345,931168939,1822,0,15296,0,32911424,29806784,3104640,18310784,16252864,16248768
2026-05-13T15:04:05+01:00,server,6501758,2313,236360,931171397,1822,0,15296,0,32911424,29810112,3101312,18314112,16252864,16248768
2026-05-13T15:04:06+01:00,server,6504231,2313,236367,931173867,1822,0,15296,0,32911424,29808768,3102656,18312768,16252864,16248768
2026-05-13T15:04:07+01:00,server,6506679,2313,236377,931176326,1822,0,15296,0,32911424,29806400,3105024,18310400,16252864,16248768
2026-05-13T15:04:08+01:00,server,6509150,2313,236392,931178782,1822,0,15296,0,32911424,29804544,3106880,18308480,16252864,16248768
2026-05-13T15:04:09+01:00,server,6511507,2313,236400,931181312,1822,0,15296,0,32911424,29804736,3106688,18308672,16252864,16248768
2026-05-13T15:04:10+01:00,server,6513963,2313,236414,931183758,1822,0,15296,0,32911424,29801088,3110336,18304448,16252864,16248768
2026-05-13T15:04:11+01:00,server,6516411,2313,236443,931186182,1822,0,15296,0,32911424,29798336,3113088,18301632,16252864,16248768
2026-05-13T15:04:12+01:00,server,6518839,2313,236459,931188638,1822,0,15297,0,32911424,29798464,3112960,18301760,16252864,16248768
2026-05-13T15:04:13+01:00,server,6521291,2313,236475,931191095,1822,0,15297,0,32911424,29794624,3116800,18297920,16252864,16248768
2026-05-13T15:04:14+01:00,server,6523721,2313,236486,931193551,1822,0,15297,0,32911424,29794240,3117184,18297536,16252864,16248768
2026-05-13T15:04:15+01:00,server,6526184,2313,236504,931196008,1822,0,15297,0,32911424,29796800,3114624,18300096,16252864,16248768
2026-05-13T15:04:16+01:00,server,6528631,2313,236521,931198467,1822,0,15297,0,32911424,29793024,3118400,18296256,16252864,16248768
2026-05-13T15:04:17+01:00,server,6531082,2313,236535,931200923,1822,0,15297,0,32911424,29795840,3115584,18299072,16252864,16248768
2026-05-13T15:04:18+01:00,server,6533511,2313,236541,931203386,1822,0,15298,0,32911424,29790400,3121024,18293632,16252864,16248768
2026-05-13T15:04:19+01:00,server,6535979,2313,236554,931205852,1822,0,15298,0,32911424,29791040,3120384,18294272,16252864,16248768
2026-05-13T15:04:20+01:00,server,6538431,2313,236567,931208314,1822,0,15298,0,32911424,29784960,3126464,18288192,16252864,16248768
2026-05-13T15:04:21+01:00,server,6540858,2313,236577,931210772,1822,0,15299,0,32911424,29787840,3123584,18291072,16252864,16248768
2026-05-13T15:04:22+01:00,server,6543330,2313,236591,931213231,1822,0,15300,0,32911424,29785728,3125696,18288960,16252864,16248768
2026-05-13T15:04:23+01:00,server,6545762,2313,236599,931215695,1822,0,15301,0,32911424,29786624,3124800,18289856,16252864,16248768
2026-05-13T15:04:24+01:00,server,6548238,2313,236610,931218156,1822,0,15301,0,32911424,29787136,3124288,18290368,16252864,16248768
2026-05-13T15:04:25+01:00,server,6550705,2313,236648,931220590,1822,0,15301,0,32911424,29786112,3125312,18289344,16252864,16248768
2026-05-13T15:04:26+01:00,server,6553158,2313,236658,931223048,1822,0,15301,0,32911424,29786688,3124736,18289920,16252864,16248768
2026-05-13T15:04:27+01:00,server,6555635,2313,236666,931225512,1822,0,15304,0,32911424,29785280,3126144,18288512,16252864,16248768
2026-05-13T15:04:29+01:00,server,6558107,2313,236681,931227970,1822,0,15304,0,32911424,29782720,3128704,18285952,16252864,16248768
2026-05-13T15:04:30+01:00,server,6560555,2313,236695,931230428,1822,0,15304,0,32911424,29783296,3128128,18286528,16252864,16248768
2026-05-13T15:04:31+01:00,server,6563009,2313,236706,931232885,1822,0,15304,0,32911424,29783040,3128384,18286272,16252864,16248768
2026-05-13T15:04:32+01:00,server,6565457,2313,236712,931235350,1822,0,15304,0,32911424,29781440,3129984,18284608,16252864,16248768
2026-05-13T15:04:33+01:00,server,6567927,2313,236725,931237815,1822,0,15304,0,32911424,29783424,3128000,18286528,16252864,16248768
2026-05-13T15:04:34+01:00,server,6570288,2313,236736,931240347,1822,0,15305,0,32911424,29779200,3132224,18282304,16252864,16248768
2026-05-13T15:04:35+01:00,server,6572739,2313,236746,931242793,1822,0,15305,0,32911424,29778176,3133248,18281152,16252864,16248768
2026-05-13T15:04:36+01:00,server,6575203,2313,236753,931245238,1822,0,15307,0,32911424,29777088,3134336,18280000,16252864,16248768
2026-05-13T15:04:37+01:00,server,6577604,2313,236765,931247699,1822,0,15307,0,32911424,29775808,3135616,18278592,16252864,16248768
2026-05-13T15:04:38+01:00,server,6580052,2313,236787,931250156,1822,0,15308,0,32911424,29775808,3135616,18278592,16252864,16248768
2026-05-13T15:04:39+01:00,server,6582501,2313,236799,931252615,1822,0,15308,0,32911424,29776000,3135424,18278784,16252864,16248768
2026-05-13T15:04:40+01:00,server,6584953,2313,236810,931255072,1822,0,15308,0,32911424,29773888,3137536,18276672,16252864,16248768
2026-05-13T15:04:41+01:00,server,6587424,2313,236823,931257506,1822,0,15308,0,32911424,29771648,3139776,18274304,16252864,16248768
2026-05-13T15:04:42+01:00,server,6589852,2313,236835,931259966,1822,0,15308,0,32911424,29777600,3133824,18280256,16252864,16248768
2026-05-13T15:04:43+01:00,server,6592299,2313,236849,931262423,1822,0,15310,0,32911424,29776832,3134592,18279488,16252864,16248768
2026-05-13T15:04:44+01:00,server,6594774,2313,236861,931264882,1822,0,15310,0,32911424,29775616,3135808,18278272,16252864,16248768
2026-05-13T15:04:45+01:00,server,6597200,2317,236866,931267350,1823,0,15310,0,32911424,29774016,3137408,18275264,16252864,16248768
2026-05-13T15:04:46+01:00,server,6599676,2317,236878,931269808,1823,0,15310,0,32911424,29768960,3142464,18270208,16252864,16248768
2026-05-13T15:04:47+01:00,server,6602125,2317,236891,931272266,1823,0,15311,0,32911424,29768448,3142976,18269696,16252864,16248768
2026-05-13T15:04:48+01:00,server,6604554,2317,236901,931274723,1823,0,15311,0,32911424,29765440,3145984,18266688,16252864,16248768
2026-05-13T15:04:49+01:00,server,6607000,2317,236921,931277182,1823,0,15311,0,32911424,29764288,3147136,18265472,16252864,16248768
2026-05-13T15:04:50+01:00,server,6609450,2317,236931,931279638,1823,0,15311,0,32911424,29765504,3145920,18266688,16252864,16248768
2026-05-13T15:04:51+01:00,server,6611904,2317,236941,931282095,1823,0,15312,0,32911424,29763520,3147904,18264640,16252864,16248768
2026-05-13T15:04:52+01:00,server,6614383,2317,236948,931284572,1823,0,15312,0,32911424,29762688,3148736,18263808,16252864,16248768
2026-05-13T15:04:53+01:00,server,6616857,2317,236962,931287035,1823,0,15312,0,32911424,29761536,3149888,18262656,16252864,16248768
2026-05-13T15:04:54+01:00,server,6619308,2317,236974,931289492,1823,0,15314,0,32911424,29760960,3150464,18262080,16252864,16248768
2026-05-13T15:04:55+01:00,server,6621760,2317,236987,931291948,1823,0,15314,0,32911424,29761344,3150080,18262464,16252864,16248768
2026-05-13T15:04:56+01:00,server,6624222,2317,237005,931294384,1823,0,15315,0,32911424,29762432,3148992,18263488,16252864,16248768
2026-05-13T15:04:57+01:00,server,6626697,2317,237013,931296846,1823,0,15315,0,32911424,29762048,3149376,18263104,16252864,16248768
2026-05-13T15:04:58+01:00,server,6629077,2317,237017,931299377,1823,0,15315,0,32911424,29762624,3148800,18263616,16252864,16248768
2026-05-13T15:04:59+01:00,server,6631518,2317,237030,931301825,1823,0,15315,0,32911424,29758592,3152832,18259584,16252864,16248768
2026-05-13T15:05:00+01:00,server,6633994,2317,237038,931304271,1823,0,15316,0,32911424,29757824,3153600,18258816,16252864,16248768
2026-05-13T15:05:01+01:00,server,6636390,2317,237053,931306725,1823,0,15316,0,32911424,29747072,3164352,18245184,16252864,16248768
2026-05-13T15:05:02+01:00,server,6638862,2317,237067,931309183,1823,0,15317,0,32911424,29747776,3163648,18244416,16252864,16248768
2026-05-13T15:05:03+01:00,server,6641288,2317,237080,931311640,1823,0,15317,0,32911424,29747776,3163648,18244416,16252864,16248768
2026-05-13T15:05:04+01:00,server,6643771,2317,237094,931314091,1823,0,15317,0,32911424,29745280,3166144,18241920,16252864,16248768
2026-05-13T15:05:05+01:00,server,6646218,2317,237112,931316555,1823,0,15317,0,32911424,29747648,3163776,18244288,16252864,16248768
2026-05-13T15:05:06+01:00,server,6648671,2317,237120,931319012,1823,0,15317,0,32911424,29746304,3165120,18242944,16252864,16248768
2026-05-13T15:05:07+01:00,server,6651121,2317,237132,931321469,1823,0,15319,0,32911424,29747776,3163648,18244416,16252864,16248768
2026-05-13T15:05:09+01:00,server,6653540,2317,237147,931323928,1823,0,15319,0,32911424,29749120,3162304,18245760,16252864,16248768
2026-05-13T15:05:10+01:00,server,6656014,2317,237159,931326384,1823,0,15319,0,32911424,29747584,3163840,18244224,16252864,16248768
2026-05-13T15:05:11+01:00,server,6658448,2317,237175,931328825,1823,0,15319,0,32911424,29747648,3163776,18244032,16252864,16248768
2026-05-13T15:05:12+01:00,server,6660920,2317,237186,931331286,1823,0,15319,0,32911424,29750912,3160512,18247296,16252864,16248768
2026-05-13T15:05:13+01:00,server,6663368,2317,237199,931333749,1823,0,15319,0,32911424,29749760,3161664,18246144,16252864,16248768
2026-05-13T15:05:14+01:00,server,6665841,2317,237212,931336207,1823,0,15319,0,32911424,29749312,3162112,18245696,16252864,16248768
2026-05-13T15:05:15+01:00,server,6668289,2317,237224,931338663,1823,0,15319,0,32911424,29749504,3161920,18245888,16252864,16248768
2026-05-13T15:05:16+01:00,server,6670761,2317,237238,931341120,1823,0,15320,0,32911424,29751040,3160384,18247424,16252864,16248768
2026-05-13T15:05:17+01:00,server,6673165,2317,237251,931343584,1823,0,15321,0,32911424,29749696,3161728,18246080,16252864,16248768
2026-05-13T15:05:18+01:00,server,6675610,2317,237268,931346041,1823,0,15322,0,32911424,29751808,3159616,18248192,16252864,16248768
2026-05-13T15:05:19+01:00,server,6678083,2317,237280,931348499,1823,0,15322,0,32911424,29748352,3163072,18244736,16252864,16248768
2026-05-13T15:05:20+01:00,server,6680509,2317,237293,931350955,1823,0,15324,0,32911424,29748352,3163072,18244736,16252864,16248768
2026-05-13T15:05:21+01:00,server,6682962,2317,237304,931353412,1823,0,15324,0,32911424,29745088,3166336,18241472,16252864,16248768
2026-05-13T15:05:22+01:00,server,6685415,2317,237318,931355876,1823,0,15324,0,32911424,29750400,3161024,18246784,16252864,16248768
2026-05-13T15:05:23+01:00,server,6687794,2317,237327,931358398,1823,0,15324,0,32911424,29740224,3171200,18236608,16252864,16248768
2026-05-13T15:05:24+01:00,server,6690264,2317,237331,931360856,1823,0,15324,0,32911424,29742144,3169280,18238528,16252864,16248768
2026-05-13T15:05:25+01:00,server,6692716,2317,237339,931363310,1823,0,15325,0,32911424,29744000,3167424,18240384,16252864,16248768
2026-05-13T15:05:26+01:00,server,6695171,2317,237363,931365748,1823,0,15325,0,32911424,29743936,3167488,18240256,16252864,16248768
2026-05-13T15:05:27+01:00,server,6697620,2317,237374,931368203,1823,0,15326,0,32911424,29742976,3168448,18239296,16252864,16248768
2026-05-13T15:05:28+01:00,server,6700071,2317,237387,931370662,1823,0,15327,0,32911424,29744128,3167296,18240448,16252864,16248768
2026-05-13T15:05:29+01:00,server,6702519,2317,237402,931373120,1823,0,15328,0,32911424,29743232,3168192,18239488,16252864,16248768
2026-05-13T15:05:30+01:00,server,6704966,2317,237419,931375579,1823,0,15328,0,32911424,29742464,3168960,18238720,16252864,16248768
2026-05-13T15:05:31+01:00,server,6707417,2317,237433,931378043,1823,0,15328,0,32911424,29746880,3164544,18243136,16252864,16248768
2026-05-13T15:05:32+01:00,server,6709847,2317,237443,931380499,1823,0,15328,0,32911424,29744768,3166656,18240960,16252864,16248768
2026-05-13T15:05:33+01:00,server,6712297,2317,237458,931382956,1823,0,15328,0,32911424,29746304,3165120,18242496,16252864,16248768
2026-05-13T15:05:34+01:00,server,6714700,2317,237471,931385414,1823,0,15328,0,32911424,29744128,3167296,18240320,16252864,16248768
2026-05-13T15:05:35+01:00,server,6717151,2317,237485,931387870,1823,0,15328,0,32911424,29744832,3166592,18241024,16252864,16248768
2026-05-13T15:05:36+01:00,server,6719578,2317,237491,931390332,1823,0,15329,0,32911424,29744896,3166528,18241024,16252864,16248768
2026-05-13T15:05:37+01:00,server,6722041,2317,237511,931392796,1823,0,15330,0,32911424,29742400,3169024,18238528,16252864,16248768
2026-05-13T15:05:38+01:00,server,6724470,2317,237519,931395256,1823,0,15331,0,32911424,29741056,3170368,18237184,16252864,16248768
2026-05-13T15:05:39+01:00,server,6726920,2317,237533,931397717,1823,0,15331,0,32911424,29740096,3171328,18236224,16252864,16248768
2026-05-13T15:05:40+01:00,server,6729367,2317,237548,931400176,1823,0,15332,0,32911424,29743936,3167488,18240064,16252864,16248768
2026-05-13T15:05:41+01:00,server,6731850,2317,237563,931402613,1823,0,15333,0,32911424,29742336,3169088,18238464,16252864,16248768
2026-05-13T15:05:42+01:00,server,6734325,2317,237576,931405077,1823,0,15333,0,32911424,29738944,3172480,18235072,16252864,16248768
2026-05-13T15:05:43+01:00,server,6736778,2317,237585,931407534,1823,0,15335,0,32911424,29740160,3171264,18236288,16252864,16248768
2026-05-13T15:05:44+01:00,server,6739231,2317,237596,931409991,1823,0,15335,0,32911424,29739584,3171840,18235712,16252864,16248768
2026-05-13T15:05:45+01:00,server,6741680,2317,237609,931412448,1823,0,15335,0,32911424,29738240,3173184,18234368,16252864,16248768
2026-05-13T15:05:46+01:00,server,6744062,2317,237620,931414978,1823,0,15335,0,32911424,29728576,3182848,18224704,16252864,16248768
2026-05-13T15:05:47+01:00,server,6746513,2317,237629,931417426,1823,0,15335,0,32911424,29731584,3179840,18227712,16252864,16248768
2026-05-13T15:05:48+01:00,server,6748989,2317,237641,931419872,1823,0,15335,0,32911424,29736128,3175296,18232256,16252864,16248768
2026-05-13T15:05:50+01:00,server,6751441,2317,237645,931422330,1823,0,15335,0,32911424,29737472,3173952,18233600,16252864,16248768
2026-05-13T15:05:51+01:00,server,6753877,2317,237653,931424784,1823,0,15335,0,32911424,29738048,3173376,18234176,16252864,16248768
2026-05-13T15:05:52+01:00,server,6756325,2317,237665,931427233,1823,0,15336,0,32911424,29737984,3173440,18234176,16252864,16248768
2026-05-13T15:05:53+01:00,server,6758799,2317,237676,931429678,1823,0,15336,0,32911424,29737088,3174336,18233216,16252864,16248768
2026-05-13T15:05:54+01:00,server,6761250,2317,237689,931432124,1823,0,15337,0,32911424,29739200,3172224,18235328,16252864,16248768
2026-05-13T15:05:55+01:00,server,6763672,2317,237704,931434573,1823,0,15337,0,32911424,29737728,3173696,18233856,16252864,16248768
2026-05-13T15:05:56+01:00,server,6766159,2317,237725,931436994,1823,0,15338,0,32911424,29739712,3171712,18235776,16252864,16248768
2026-05-13T15:05:57+01:00,server,6768574,2317,237736,931439450,1823,0,15340,0,32911424,29739520,3171904,18235584,16252864,16248768
2026-05-13T15:05:58+01:00,server,6771026,2317,237749,931441918,1823,0,15340,0,32911424,29737664,3173760,18233728,16252864,16248768
2026-05-13T15:05:59+01:00,server,6773452,2317,237764,931444374,1823,0,15340,0,32911424,29733440,3177984,18229504,16252864,16248768
2026-05-13T15:06:00+01:00,server,6775904,2317,237774,931446831,1823,0,15341,0,32911424,29734208,3177216,18230272,16252864,16248768
2026-05-13T15:06:01+01:00,server,6778356,2317,237783,931449289,1823,0,15343,0,32911424,29735104,3176320,18231168,16252864,16248768
2026-05-13T15:06:02+01:00,server,6780833,2317,237793,931451749,1823,0,15343,0,32911424,29737024,3174400,18233088,16252864,16248768
2026-05-13T15:06:03+01:00,server,6783235,2317,237798,931454217,1823,0,15344,0,32911424,29735744,3175680,18231744,16252864,16248768
2026-05-13T15:06:04+01:00,server,6785708,2317,237808,931456677,1823,0,15344,0,32911424,29735936,3175488,18231936,16252864,16248768
2026-05-13T15:06:05+01:00,server,6788141,2317,237823,931459131,1823,0,15345,0,32911424,29734976,3176448,18230976,16252864,16248768
2026-05-13T15:06:06+01:00,server,6790593,2317,237833,931461588,1823,0,15345,0,32911424,29734208,3177216,18230208,16252864,16248768
2026-05-13T15:06:07+01:00,server,6793044,2317,237846,931464050,1823,0,15345,0,32911424,29735744,3175680,18231744,16252864,16248768
2026-05-13T15:06:08+01:00,server,6795495,2317,237855,931466507,1823,0,15345,0,32911424,29735168,3176256,18231168,16252864,16248768
2026-05-13T15:06:09+01:00,server,6797949,2317,237865,931468963,1823,0,15346,0,32911424,29735744,3175680,18231744,16252864,16248768
2026-05-13T15:06:10+01:00,server,6800399,2317,237878,931471421,1823,0,15347,0,32911424,29735104,3176320,18231104,16252864,16248768
2026-05-13T15:06:11+01:00,server,6802910,2317,237896,931473857,1823,0,15347,0,32911424,29733952,3177472,18229952,16252864,16248768
2026-05-13T15:06:12+01:00,server,6805362,2317,237907,931476314,1823,0,15347,0,32911424,29732608,3178816,18228608,16252864,16248768
2026-05-13T15:06:13+01:00,server,6807815,2317,237919,931478771,1823,0,15348,0,32911424,29726592,3184832,18222592,16252864,16248768
2026-05-13T15:06:14+01:00,server,6810266,2317,237937,931481234,1823,0,15348,0,32911424,29731584,3179840,18227584,16252864,16248768
2026-05-13T15:06:15+01:00,server,6812713,2317,237948,931483694,1823,0,15348,0,32911424,29732800,3178624,18228800,16252864,16248768
2026-05-13T15:06:16+01:00,server,6815161,2317,237955,931486166,1823,0,15348,0,32911424,29729856,3181568,18225856,16252864,16248768
2026-05-13T15:06:17+01:00,server,6817589,2317,237964,931488622,1823,0,15349,0,32911424,29731072,3180352,18227008,16252864,16248768
2026-05-13T15:06:18+01:00,server,6819998,2317,237974,931491158,1823,0,15349,0,32911424,29722432,3188992,18218368,16252864,16248768
2026-05-13T15:06:19+01:00,server,6822447,2317,237988,931493610,1823,0,15349,0,32911424,29717440,3193984,18213312,16252864,16248768
2026-05-13T15:06:20+01:00,server,6824898,2317,237998,931496070,1823,0,15349,0,32911424,29717824,3193600,18213696,16252864,16248768
2026-05-13T15:06:21+01:00,server,6827337,2317,238008,931498532,1823,0,15349,0,32911424,29717184,3194240,18213056,16252864,16248768
2026-05-13T15:06:22+01:00,server,6829757,2317,238020,931500985,1823,0,15349,0,32911424,29718720,3192704,18214592,16252864,16248768
2026-05-13T15:06:23+01:00,server,6832218,2317,238032,931503443,1823,0,15349,0,32911424,29712384,3199040,18208256,16252864,16248768
2026-05-13T15:06:24+01:00,server,6834653,2317,238042,931505900,1823,0,15349,0,32911424,29710848,3200576,18206720,16252864,16248768
2026-05-13T15:06:25+01:00,server,6837132,2317,238067,931508331,1823,0,15349,0,32911424,29709824,3201600,18205632,16252864,16248768
2026-05-13T15:06:26+01:00,server,6839585,2317,238076,931510782,1823,0,15349,0,32911424,29711808,3199616,18207552,16252864,16248768
2026-05-13T15:06:27+01:00,server,6842021,2317,238087,931513241,1823,0,15349,0,32911424,29715392,3196032,18211136,16252864,16248768
2026-05-13T15:06:28+01:00,server,6844468,2317,238099,931515713,1823,0,15350,0,32911424,29713024,3198400,18208768,16252864,16248768
2026-05-13T15:06:29+01:00,server,6846914,2317,238107,931518174,1823,0,15352,0,32911424,29717760,3193664,18213248,16252864,16248768
2026-05-13T15:06:31+01:00,server,6849366,2317,238117,931520636,1824,0,15353,0,32911424,29719232,3192192,18214592,16252864,16248768
2026-05-13T15:06:32+01:00,server,6851818,2317,238128,931523097,1824,0,15353,0,32911424,29719424,3192000,18214784,16252864,16248768
2026-05-13T15:06:33+01:00,server,6854269,2317,238139,931525557,1824,0,15353,0,32911424,29719232,3192192,18214592,16252864,16248768
2026-05-13T15:06:34+01:00,server,6856742,2317,238152,931528014,1824,0,15354,0,32911424,29719808,3191616,18215168,16252864,16248768
2026-05-13T15:06:35+01:00,server,6859195,2317,238161,931530471,1824,0,15354,0,32911424,29720384,3191040,18215744,16252864,16248768
2026-05-13T15:06:36+01:00,server,6861667,2317,238178,931532926,1824,0,15354,0,32911424,29721152,3190272,18216512,16252864,16248768
2026-05-13T15:06:37+01:00,server,6864119,2317,238186,931535384,1824,0,15356,0,32911424,29721728,3189696,18217088,16252864,16248768
2026-05-13T15:06:38+01:00,server,6866570,2317,238202,931537847,1824,0,15356,0,32911424,29717312,3194112,18212672,16252864,16248768
2026-05-13T15:06:39+01:00,server,6868998,2317,238213,931540304,1824,0,15357,0,32911424,29718464,3192960,18213824,16252864,16248768
2026-05-13T15:06:40+01:00,server,6871449,2317,238222,931542762,1824,0,15359,0,32911424,29721536,3189888,18216896,16252864,16248768
2026-05-13T15:06:41+01:00,server,6873914,2317,238239,931545193,1824,0,15359,0,32911424,29723584,3187840,18218944,16252864,16248768
2026-05-13T15:06:42+01:00,server,6876364,2317,238246,931547658,1824,0,15359,0,32911424,29722048,3189376,18217408,16252864,16248768
2026-05-13T15:06:43+01:00,server,6878770,2317,238254,931550119,1824,0,15359,0,32911424,29721664,3189760,18217024,16252864,16248768
2026-05-13T15:06:44+01:00,server,6881219,2317,238266,931552582,1824,0,15361,0,32911424,29723200,3188224,18218560,16252864,16248768
2026-05-13T15:06:45+01:00,server,6883667,2317,238280,931555039,1824,0,15361,0,32911424,29722816,3188608,18218176,16252864,16248768
2026-05-13T15:06:46+01:00,server,6886118,2317,238292,931557497,1824,0,15361,0,32911424,29722752,3188672,18218112,16252864,16248768
2026-05-13T15:06:47+01:00,server,6888545,2317,238324,931559954,1824,0,15361,0,32911424,29724352,3187072,18219648,16252864,16248768
2026-05-13T15:06:48+01:00,server,6890996,2317,238335,931562412,1824,0,15362,0,32911424,29723776,3187648,18219072,16252864,16248768
2026-05-13T15:06:49+01:00,server,6893375,2317,238350,931564950,1824,0,15362,0,32911424,29720320,3191104,18215616,16252864,16248768
2026-05-13T15:06:50+01:00,server,6895833,2317,238359,931567400,1824,0,15362,0,32911424,29716864,3194560,18212160,16252864,16248768
2026-05-13T15:06:51+01:00,server,6898283,2317,238370,931569843,1824,0,15363,0,32911424,29712256,3199168,18207552,16252864,16248768
2026-05-13T15:06:52+01:00,server,6900756,2317,238380,931572292,1824,0,15363,0,32911424,29713600,3197824,18207488,16252864,16248768
2026-05-13T15:06:53+01:00,server,6903204,2317,238389,931574741,1824,0,15364,0,32911424,29715904,3195520,18209792,16252864,16248768
2026-05-13T15:06:54+01:00,server,6905642,2317,238398,931577194,1824,0,15365,0,32911424,29717056,3194368,18210944,16252864,16248768
2026-05-13T15:06:55+01:00,server,6908111,2317,238405,931579650,1824,0,15365,0,32911424,29713408,3198016,18207296,16252864,16248768
2026-05-13T15:06:56+01:00,server,6910572,2317,238417,931582076,1824,0,15367,0,32911424,29710848,3200576,18204736,16252864,16248768
2026-05-13T15:06:57+01:00,server,6913046,2317,238427,931584527,1824,0,15367,0,32911424,29709504,3201920,18203392,16252864,16248768
2026-05-13T15:06:58+01:00,server,6915498,2317,238436,931586982,1824,0,15367,0,32911424,29709888,3201536,18203712,16252864,16248768
2026-05-13T15:06:59+01:00,server,6917925,2317,238446,931589445,1824,0,15368,0,32911424,29710848,3200576,18204672,16252864,16248768
2026-05-13T15:07:00+01:00,server,6920374,2317,238462,931591903,1824,0,15368,0,32911424,29710464,3200960,18204288,16252864,16248768
2026-05-13T15:07:01+01:00,server,6922822,2317,238476,931594361,1824,0,15368,0,32911424,29711616,3199808,18205440,16252864,16248768
2026-05-13T15:07:02+01:00,server,6925249,2317,238490,931596819,1824,0,15369,0,32911424,29713536,3197888,18207360,16252864,16248768
2026-05-13T15:07:03+01:00,server,6927722,2317,238502,931599285,1824,0,15370,0,32911424,29714176,3197248,18208000,16252864,16248768
2026-05-13T15:07:04+01:00,server,6930185,2317,238512,931601736,1824,0,15371,0,32911424,29714752,3196672,18208576,16252864,16248768
2026-05-13T15:07:05+01:00,server,6932661,2317,238522,931604193,1824,0,15371,0,32911424,29714944,3196480,18208768,16252864,16248768
2026-05-13T15:07:06+01:00,server,6935110,2317,238536,931606651,1824,0,15371,0,32911424,29718208,3193216,18212032,16252864,16248768
2026-05-13T15:07:07+01:00,server,6937581,2317,238541,931609119,1824,0,15372,0,32911424,29712704,3198720,18206336,16252864,16248768
2026-05-13T15:07:08+01:00,server,6940029,2317,238549,931611585,1824,0,15372,0,32911424,29717504,3193920,18211136,16252864,16248768
2026-05-13T15:07:09+01:00,server,6942482,2317,238562,931614042,1824,0,15372,0,32911424,29716672,3194752,18210304,16252864,16248768
2026-05-13T15:07:10+01:00,server,6944918,2318,238584,931616473,1824,0,15372,0,32911424,29714240,3197184,18207552,16252864,16248768
2026-05-13T15:07:12+01:00,server,6947392,2318,238597,931618931,1824,0,15373,0,32911424,29714048,3197376,18207360,16252864,16248768
2026-05-13T15:07:13+01:00,server,6949835,2318,238616,931621388,1824,0,15373,0,32911424,29712192,3199232,18205504,16252864,16248768
2026-05-13T15:07:14+01:00,server,6952288,2318,238628,931623846,1824,0,15374,0,32911424,29712768,3198656,18206080,16252864,16248768
2026-05-13T15:07:15+01:00,server,6954739,2318,238640,931626313,1824,0,15374,0,32911424,29710912,3200512,18204224,16252864,16248768
2026-05-13T15:07:16+01:00,server,6957188,2318,238652,931628771,1824,0,15374,0,32911424,29709184,3202240,18202496,16252864,16248768
2026-05-13T15:07:17+01:00,server,6959617,2318,238662,931631231,1824,0,15375,0,32911424,29707264,3204160,18200576,16252864,16248768
2026-05-13T15:07:18+01:00,server,6962063,2318,238678,931633689,1824,0,15375,0,32911424,29707712,3203712,18201024,16252864,16248768
2026-05-13T15:07:19+01:00,server,6964535,2318,238690,931636154,1824,0,15376,0,32911424,29706944,3204480,18200256,16252864,16248768
2026-05-13T15:07:20+01:00,server,6966895,2318,238701,931638691,1824,0,15377,0,32911424,29699776,3211648,18193088,16252864,16248768
2026-05-13T15:07:21+01:00,server,6969366,2318,238706,931641148,1824,0,15378,0,32911424,29698240,3213184,18191488,16252864,16248768
2026-05-13T15:07:22+01:00,server,6971797,2318,238715,931643608,1824,0,15378,0,32911424,29699456,3211968,18192640,16252864,16248768
2026-05-13T15:07:23+01:00,server,6974224,2318,238725,931646066,1824,0,15378,0,32911424,29698176,3213248,18191360,16252864,16248768
2026-05-13T15:07:24+01:00,server,6976690,2318,238735,931648519,1824,0,15378,0,32911424,29699712,3211712,18192896,16252864,16248768
2026-05-13T15:07:25+01:00,server,6979122,2318,238744,931650975,1824,0,15378,0,32911424,29701632,3209792,18194816,16252864,16248768
2026-05-13T15:07:26+01:00,server,6981612,2318,238764,931653405,1824,0,15378,0,32911424,29700864,3210560,18194048,16252864,16248768
2026-05-13T15:07:27+01:00,server,6984058,2318,238775,931655862,1824,0,15378,0,32911424,29702336,3209088,18195520,16252864,16248768
2026-05-13T15:07:28+01:00,server,6986509,2318,238786,931658313,1824,0,15378,0,32911424,29699328,3212096,18192448,16252864,16248768
2026-05-13T15:07:29+01:00,server,6988972,2318,238799,931660773,1824,0,15378,0,32911424,29700224,3211200,18193344,16252864,16248768
2026-05-13T15:07:30+01:00,server,6991388,2318,238821,931663244,1824,0,15379,0,32911424,29700736,3210688,18193856,16252864,16248768
2026-05-13T15:07:31+01:00,server,6993872,2318,238852,931665651,1824,0,15379,0,32911424,29689408,3222016,18182528,16252864,16248768
2026-05-13T15:07:32+01:00,server,6996392,2318,238874,931668005,1825,0,15379,0,32911424,29686528,3224896,18176768,16252864,16248768
2026-05-13T15:07:33+01:00,server,6998918,2318,238891,931670411,1825,0,15382,0,32911424,29692800,3218624,18181568,16252864,16248768
2026-05-13T15:07:34+01:00,server,7001391,2318,238893,931672878,1825,0,15383,0,32911424,29693376,3218048,18181952,16252864,16248768
2026-05-13T15:07:35+01:00,server,7003817,2318,238906,931675334,1825,0,15383,0,32911424,29696256,3215168,18184832,16252864,16248768
2026-05-13T15:07:36+01:00,server,7006296,2318,238914,931677790,1825,0,15383,0,32911424,29696256,3215168,18184832,16252864,16248768
2026-05-13T15:07:37+01:00,server,7008745,2318,238927,931680246,1825,0,15384,0,32911424,29697600,3213824,18186176,16252864,16248768
2026-05-13T15:07:38+01:00,server,7011219,2318,238940,931682709,1825,0,15385,0,32911424,29696128,3215296,18184704,16252864,16248768
2026-05-13T15:07:39+01:00,server,7013669,2318,238952,931685165,1825,0,15385,0,32911424,29695232,3216192,18183808,16252864,16248768
2026-05-13T15:07:40+01:00,server,7016121,2318,238965,931687620,1825,0,15385,0,32911424,29697728,3213696,18186304,16252864,16248768
2026-05-13T15:07:41+01:00,server,7018583,2318,238979,931690051,1825,0,15386,0,32911424,29698688,3212736,18187200,16252864,16248768
2026-05-13T15:07:42+01:00,server,7021032,2318,238994,931692508,1825,0,15386,0,32911424,29700800,3210624,18189312,16252864,16248768
2026-05-13T15:07:43+01:00,server,7023503,2318,239010,931694973,1825,0,15386,0,32911424,29701376,3210048,18189888,16252864,16248768
2026-05-13T15:07:44+01:00,server,7025953,2318,239024,931697433,1825,0,15386,0,32911424,29700800,3210624,18189312,16252864,16248768
2026-05-13T15:07:45+01:00,server,7028429,2318,239036,931699889,1825,0,15386,0,32911424,29700992,3210432,18189504,16252864,16248768
2026-05-13T15:07:46+01:00,server,7030874,2318,239047,931702352,1825,0,15388,0,32911424,29698304,3213120,18186816,16252864,16248768
2026-05-13T15:07:47+01:00,server,7033346,2319,239057,931704815,1825,0,15388,0,32911424,29696064,3215360,18184448,16252864,16248768
2026-05-13T15:07:48+01:00,server,7035776,2319,239069,931707271,1825,0,15389,0,32911424,29694720,3216704,18183104,16252864,16248768
2026-05-13T15:07:49+01:00,server,7038252,2319,239080,931709728,1825,0,15389,0,32911424,29697344,3214080,18185728,16252864,16248768
2026-05-13T15:07:50+01:00,server,7040569,2319,239092,931712283,1825,0,15390,0,32911424,29686464,3224960,18174848,16252864,16248768
2026-05-13T15:07:52+01:00,server,7042987,2319,239114,931714740,1825,0,15390,0,32911424,29686528,3224896,18174912,16252864,16248768
2026-05-13T15:07:53+01:00,server,7045408,2320,239129,931717192,1825,0,15390,0,32911424,29684288,3227136,18172672,16252864,16248768
2026-05-13T15:07:54+01:00,server,7047858,2320,239139,931719663,1825,0,15391,0,32911424,29687744,3223680,18176128,16252864,16248768
2026-05-13T15:07:55+01:00,server,7050289,2320,239148,931722122,1825,0,15392,0,32911424,29687616,3223808,18176000,16252864,16248768
2026-05-13T15:07:56+01:00,server,7052783,2320,239163,931724550,1825,0,15392,0,32911424,29686528,3224896,18174912,16252864,16248768
2026-05-13T15:07:57+01:00,server,7055211,2320,239172,931727007,1825,0,15393,0,32911424,29680128,3231296,18168512,16252864,16248768
2026-05-13T15:07:58+01:00,server,7057641,2320,239183,931729459,1825,0,15393,0,32911424,29681600,3229824,18169984,16252864,16248768
2026-05-13T15:07:59+01:00,server,7060095,2320,239192,931731926,1825,0,15393,0,32911424,29680640,3230784,18168960,16252864,16248768
2026-05-13T15:08:00+01:00,server,7062523,2320,239193,931734388,1825,0,15393,0,32911424,29680448,3230976,18168768,16252864,16248768
2026-05-13T15:08:01+01:00,server,7064973,2320,239200,931736845,1825,0,15393,0,32911424,29682368,3229056,18170688,16252864,16248768
2026-05-13T15:08:02+01:00,server,7067428,2320,239211,931739303,1825,0,15393,0,32911424,29682368,3229056,18170688,16252864,16248768
2026-05-13T15:08:03+01:00,server,7069859,2320,239219,931741756,1825,0,15394,0,32911424,29684288,3227136,18172608,16252864,16248768
2026-05-13T15:08:04+01:00,server,7072303,2320,239231,931744223,1825,0,15395,0,32911424,29685440,3225984,18173760,16252864,16248768
2026-05-13T15:08:05+01:00,server,7074730,2320,239241,931746682,1825,0,15396,0,32911424,29685056,3226368,18173376,16252864,16248768
2026-05-13T15:08:06+01:00,server,7077180,2320,239252,931749136,1825,0,15396,0,32911424,29685632,3225792,18173952,16252864,16248768
2026-05-13T15:08:07+01:00,server,7079634,2320,239263,931751593,1825,0,15396,0,32911424,29685440,3225984,18173760,16252864,16248768
2026-05-13T15:08:08+01:00,server,7082060,2320,239275,931754047,1825,0,15396,0,32911424,29685824,3225600,18174144,16252864,16248768
2026-05-13T15:08:09+01:00,server,7084508,2320,239283,931756514,1825,0,15396,0,32911424,29686208,3225216,18174528,16252864,16248768
2026-05-13T15:08:10+01:00,server,7086947,2320,239292,931758981,1825,0,15396,0,32911424,29679872,3231552,18168192,16252864,16248768
2026-05-13T15:08:11+01:00,server,7089385,2320,239314,931761418,1825,0,15396,0,32911424,29680832,3230592,18169152,16252864,16248768
2026-05-13T15:08:12+01:00,server,7091853,2320,239329,931763874,1825,0,15396,0,32911424,29678272,3233152,18166592,16252864,16248768
2026-05-13T15:08:13+01:00,server,7094303,2320,239335,931766338,1825,0,15396,0,32911424,29677504,3233920,18165824,16252864,16248768
2026-05-13T15:08:14+01:00,server,7096777,2320,239344,931768799,1825,0,15396,0,32911424,29678080,3233344,18166400,16252864,16248768
2026-05-13T15:08:15+01:00,server,7099208,2320,239356,931771254,1825,0,15396,0,32911424,29679808,3231616,18168128,16252864,16248768
2026-05-13T15:08:16+01:00,server,7101684,2320,239368,931773710,1825,0,15396,0,32911424,29679424,3232000,18167744,16252864,16248768
2026-05-13T15:08:17+01:00,server,7104114,2320,239380,931776173,1825,0,15396,0,32911424,29679104,3232320,18167424,16252864,16248768
2026-05-13T15:08:18+01:00,server,7106521,2320,239392,931778629,1825,0,15396,0,32911424,29682176,3229248,18170496,16252864,16248768
2026-05-13T15:08:19+01:00,server,7108945,2320,239408,931781091,1825,0,15397,0,32911424,29678336,3233088,18166656,16252864,16248768
2026-05-13T15:08:20+01:00,server,7111373,2320,239419,931783546,1825,0,15397,0,32911424,29680832,3230592,18169152,16252864,16248768
2026-05-13T15:08:21+01:00,server,7113822,2320,239434,931786002,1825,0,15399,0,32911424,29681216,3230208,18169536,16252864,16248768
2026-05-13T15:08:22+01:00,server,7116253,2320,239444,931788458,1825,0,15399,0,32911424,29678080,3233344,18166400,16252864,16248768
2026-05-13T15:08:23+01:00,server,7118726,2320,239457,931790915,1825,0,15400,0,32911424,29677952,3233472,18166272,16252864,16248768
2026-05-13T15:08:24+01:00,server,7121155,2320,239467,931793372,1825,0,15400,0,32911424,29682880,3228544,18171200,16252864,16248768
2026-05-13T15:08:25+01:00,server,7123633,2320,239481,931795821,1825,0,15400,0,32911424,29680768,3230656,18169088,16252864,16248768
2026-05-13T15:08:26+01:00,server,7126039,2320,239484,931798274,1825,0,15401,0,32911424,29681664,3229760,18169856,16252864,16248768
2026-05-13T15:08:27+01:00,server,7128512,2320,239497,931800736,1825,0,15401,0,32911424,29680192,3231232,18168384,16252864,16248768
2026-05-13T15:08:28+01:00,server,7130961,2320,239511,931803191,1825,0,15401,0,32911424,29679872,3231552,18168000,16252864,16248768
2026-05-13T15:08:29+01:00,server,7133434,2320,239523,931805648,1825,0,15403,0,32911424,29676224,3235200,18164352,16252864,16248768
2026-05-13T15:08:30+01:00,server,7135837,2320,239538,931808110,1825,0,15403,0,32911424,29675712,3235712,18163776,16252864,16248768
2026-05-13T15:08:31+01:00,server,7138288,2320,239550,931810571,1825,0,15403,0,32911424,29674816,3236608,18162880,16252864,16248768
2026-05-13T15:08:32+01:00,server,7140659,2320,239562,931813125,1825,0,15403,0,32911424,29660160,3251264,18148160,16252864,16248768
2026-05-13T15:08:34+01:00,server,7143113,2320,239570,931815567,1825,0,15403,0,32911424,29659392,3252032,18147392,16252864,16248768
2026-05-13T15:08:35+01:00,server,7145552,2320,239580,931818046,1825,0,15404,0,32911424,29653120,3258304,18141120,16252864,16248768
2026-05-13T15:08:36+01:00,server,7147984,2320,239592,931820493,1825,0,15405,0,32911424,29647232,3264192,18135232,16252864,16248768
2026-05-13T15:08:37+01:00,server,7150434,2320,239604,931822934,1825,0,15405,0,32911424,29649216,3262208,18137216,16252864,16248768
2026-05-13T15:08:38+01:00,server,7152877,2320,239618,931825412,1825,0,15405,0,32911424,29650368,3261056,18138368,16252864,16248768
2026-05-13T15:08:39+01:00,server,7155327,2320,239624,931827857,1825,0,15406,0,32911424,29653824,3257600,18141824,16252864,16248768
2026-05-13T15:08:40+01:00,server,7157776,2320,239628,931830313,1825,0,15406,0,32911424,29652736,3258688,18140736,16252864,16248768
2026-05-13T15:08:41+01:00,server,7160264,2320,239651,931832731,1825,0,15406,0,32911424,29653696,3257728,18141632,16252864,16248768
2026-05-13T15:08:42+01:00,server,7162685,2320,239663,931835208,1825,0,15407,0,32911424,29653696,3257728,18141632,16252864,16248768
2026-05-13T15:08:43+01:00,server,7165158,2320,239677,931837657,1825,0,15408,0,32911424,29653120,3258304,18141056,16252864,16248768
2026-05-13T15:08:44+01:00,server,7167608,2320,239690,931840099,1825,0,15408,0,32911424,29652224,3259200,18140160,16252864,16248768
2026-05-13T15:08:45+01:00,server,7170017,2320,239699,931842578,1825,0,15408,0,32911424,29653760,3257664,18141696,16252864,16248768
2026-05-13T15:08:46+01:00,server,7172494,2320,239709,931845021,1825,0,15408,0,32911424,29653376,3258048,18141312,16252864,16248768
2026-05-13T15:08:47+01:00,server,7174944,2320,239720,931847472,1825,0,15409,0,32911424,29653376,3258048,18141312,16252864,16248768
2026-05-13T15:08:48+01:00,server,7177380,2320,239732,931849951,1825,0,15409,0,32911424,29653184,3258240,18141120,16252864,16248768
2026-05-13T15:08:49+01:00,server,7179831,2320,239742,931852393,1825,0,15410,0,32911424,29649408,3262016,18137280,16252864,16248768
2026-05-13T15:08:50+01:00,server,7182260,2320,239753,931854841,1825,0,15411,0,32911424,29652096,3259328,18139968,16252864,16248768
2026-05-13T15:08:51+01:00,server,7184735,2320,239763,931857285,1825,0,15411,0,32911424,29648960,3262464,18136832,16252864,16248768
2026-05-13T15:08:52+01:00,server,7187144,2320,239769,931859768,1825,0,15412,0,32911424,29652224,3259200,18140096,16252864,16248768
2026-05-13T15:08:53+01:00,server,7189597,2320,239776,931862224,1825,0,15413,0,32911424,29650688,3260736,18138560,16252864,16248768
2026-05-13T15:08:54+01:00,server,7192049,2320,239785,931864666,1825,0,15414,0,32911424,29652608,3258816,18140480,16252864,16248768
2026-05-13T15:08:55+01:00,server,7194466,2320,239794,931867144,1825,0,15415,0,32911424,29652096,3259328,18139968,16252864,16248768
2026-05-13T15:08:56+01:00,server,7196955,2320,239814,931869559,1825,0,15415,0,32911424,29653440,3257984,18141312,16252864,16248768
2026-05-13T15:08:57+01:00,server,7199382,2320,239826,931872007,1825,0,15415,0,32911424,29653632,3257792,18141504,16252864,16248768
2026-05-13T15:08:58+01:00,server,7201857,2320,239838,931874451,1825,0,15415,0,32911424,29651520,3259904,18139392,16252864,16248768
2026-05-13T15:08:59+01:00,server,7204273,2320,239850,931876929,1825,0,15417,0,32911424,29655872,3255552,18143744,16252864,16248768
2026-05-13T15:09:00+01:00,server,7206723,2320,239862,931879377,1825,0,15417,0,32911424,29652800,3258624,18140672,16252864,16248768
2026-05-13T15:09:01+01:00,server,7209196,2320,239877,931881819,1825,0,15418,0,32911424,29648000,3263424,18135872,16252864,16248768
2026-05-13T15:09:02+01:00,server,7211615,2320,239888,931884296,1825,0,15418,0,32911424,29651072,3260352,18138944,16252864,16248768
2026-05-13T15:09:03+01:00,server,7214066,2320,239898,931886737,1825,0,15418,0,32911424,29649536,3261888,18137408,16252864,16248768
2026-05-13T15:09:04+01:00,server,7216544,2320,239907,931889180,1825,0,15419,0,32911424,29650368,3261056,18138176,16252864,16248768
2026-05-13T15:09:05+01:00,server,7218975,2320,239910,931891650,1825,0,15419,0,32911424,29648576,3262848,18136384,16252864,16248768
2026-05-13T15:09:06+01:00,server,7221401,2320,239915,931894110,1825,0,15419,0,32911424,29654912,3256512,18142720,16252864,16248768
2026-05-13T15:09:07+01:00,server,7223876,2320,239925,931896558,1825,0,15419,0,32911424,29652928,3258496,18140736,16252864,16248768
2026-05-13T15:09:08+01:00,server,7226325,2320,239937,931899000,1825,0,15421,0,32911424,29650048,3261376,18137856,16252864,16248768
2026-05-13T15:09:09+01:00,server,7228769,2320,239946,931901478,1825,0,15421,0,32911424,29653184,3258240,18140992,16252864,16248768
2026-05-13T15:09:10+01:00,server,7231224,2320,239963,931903896,1825,0,15421,0,32911424,29651456,3259968,18139264,16252864,16248768
2026-05-13T15:09:11+01:00,server,7233657,2320,239973,931906344,1825,0,15422,0,32911424,29651520,3259904,18139328,16252864,16248768
2026-05-13T15:09:12+01:00,server,7236092,2320,239985,931908835,1825,0,15422,0,32911424,29648064,3263360,18135872,16252864,16248768
2026-05-13T15:09:13+01:00,server,7238498,2320,239996,931911301,1825,0,15424,0,32911424,29645440,3265984,18133248,16252864,16248768
2026-05-13T15:09:14+01:00,server,7240950,2320,240006,931913759,1825,0,15424,0,32911424,29646592,3264832,18134400,16252864,16248768
2026-05-13T15:09:15+01:00,server,7243375,2320,240020,931916221,1825,0,15424,0,32911424,29649728,3261696,18137536,16252864,16248768
2026-05-13T15:09:17+01:00,server,7245827,2320,240034,931918678,1825,0,15424,0,32911424,29645120,3266304,18132928,16252864,16248768
2026-05-13T15:09:18+01:00,server,7248298,2320,240050,931921141,1825,0,15425,0,32911424,29645696,3265728,18133504,16252864,16248768
2026-05-13T15:09:19+01:00,server,7250737,2320,240060,931923609,1825,0,15425,0,32911424,29647104,3264320,18134912,16252864,16248768
2026-05-13T15:09:20+01:00,server,7253186,2320,240069,931926075,1825,0,15425,0,32911424,29649984,3261440,18137792,16252864,16248768
2026-05-13T15:09:21+01:00,server,7255604,2320,240086,931928533,1825,0,15425,0,32911424,29649600,3261824,18137408,16252864,16248768
2026-05-13T15:09:22+01:00,server,7258055,2320,240098,931930994,1825,0,15425,0,32911424,29649280,3262144,18137024,16252864,16248768
2026-05-13T15:09:23+01:00,server,7260486,2320,240108,931933453,1825,0,15425,0,32911424,29648960,3262464,18136704,16252864,16248768
2026-05-13T15:09:24+01:00,server,7262941,2320,240116,931935916,1825,0,15425,0,32911424,29649536,3261888,18137280,16252864,16248768
2026-05-13T15:09:25+01:00,server,7265406,2320,240129,931938381,1825,0,15425,0,32911424,29650880,3260544,18138624,16252864,16248768
2026-05-13T15:09:26+01:00,server,7267863,2320,240149,931940819,1825,0,15425,0,32911424,29649152,3262272,18136832,16252864,16248768
2026-05-13T15:09:27+01:00,server,7270285,2320,240161,931943279,1825,0,15425,0,32911424,29648768,3262656,18136448,16252864,16248768
2026-05-13T15:09:28+01:00,server,7272729,2320,240174,931945748,1825,0,15425,0,32911424,29647168,3264256,18134848,16252864,16248768
2026-05-13T15:09:29+01:00,server,7275184,2320,240184,931948213,1825,0,15425,0,32911424,29647552,3263872,18135232,16252864,16248768
2026-05-13T15:09:30+01:00,server,7277602,2320,240196,931950677,1825,0,15425,0,32911424,29646208,3265216,18133888,16252864,16248768
2026-05-13T15:09:31+01:00,server,7280026,2320,240212,931953140,1825,0,15426,0,32911424,29644288,3267136,18131968,16252864,16248768
2026-05-13T15:09:32+01:00,server,7282467,2320,240221,931955611,1826,0,15427,0,32911424,29647168,3264256,18134848,16252864,16248768
2026-05-13T15:09:33+01:00,server,7284897,2320,240228,931958076,1826,0,15427,0,32911424,29644416,3267008,18132096,16252864,16248768
2026-05-13T15:09:34+01:00,server,7287354,2320,240253,931960543,1826,0,15427,0,32911424,29644224,3267200,18131904,16252864,16248768
2026-05-13T15:09:35+01:00,server,7289819,2320,240268,931963007,1826,0,15428,0,32911424,29642304,3269120,18129920,16252864,16248768
2026-05-13T15:09:36+01:00,server,7292158,2320,240277,931965553,1826,0,15428,0,32911424,29626816,3284608,18114432,16252864,16248768
2026-05-13T15:09:37+01:00,server,7294618,2320,240290,931968020,1826,0,15428,0,32911424,29626176,3285248,18113792,16252864,16248768
2026-05-13T15:09:38+01:00,server,7297057,2320,240300,931970465,1826,0,15429,0,32911424,29623552,3287872,18111104,16252864,16248768
2026-05-13T15:09:39+01:00,server,7299506,2320,240310,931972913,1826,0,15429,0,32911424,29624896,3286528,18112448,16252864,16248768
2026-05-13T15:09:40+01:00,server,7301949,2320,240322,931975379,1826,0,15429,0,32911424,29625088,3286336,18112640,16252864,16248768
2026-05-13T15:09:41+01:00,server,7304405,2320,240343,931977800,1826,0,15431,0,32911424,29622144,3289280,18109696,16252864,16248768
2026-05-13T15:09:42+01:00,server,7306856,2320,240352,931980241,1826,0,15431,0,32911424,29625024,3286400,18112576,16252864,16248768
2026-05-13T15:09:43+01:00,server,7309300,2320,240361,931982706,1826,0,15431,0,32911424,29628160,3283264,18115840,16252864,16248768
2026-05-13T15:09:44+01:00,server,7311750,2320,240371,931985154,1826,0,15431,0,32911424,29627392,3284032,18115072,16252864,16248768
2026-05-13T15:09:45+01:00,server,7314205,2322,240378,931987623,1826,0,15431,0,32911424,29627072,3284352,18114752,16252864,16248768
2026-05-13T15:09:46+01:00,server,7316655,2322,240383,931990071,1826,0,15432,0,32911424,29627840,3283584,18115520,16252864,16248768
2026-05-13T15:09:47+01:00,server,7319086,2322,240394,931992519,1826,0,15432,0,32911424,29624768,3286656,18112448,16252864,16248768
2026-05-13T15:09:48+01:00,server,7321529,2322,240406,931994986,1826,0,15432,0,32911424,29624960,3286464,18112640,16252864,16248768
2026-05-13T15:09:49+01:00,server,7323982,2322,240416,931997429,1826,0,15432,0,32911424,29619840,3291584,18107520,16252864,16248768
2026-05-13T15:09:50+01:00,server,7326449,2322,240428,931999877,1826,0,15432,0,32911424,29626560,3284864,18114240,16252864,16248768
2026-05-13T15:09:51+01:00,server,7328880,2322,240437,932002343,1826,0,15433,0,32911424,29622144,3289280,18109824,16252864,16248768
2026-05-13T15:09:52+01:00,server,7331314,2322,240450,932004792,1826,0,15433,0,32911424,29626816,3284608,18114432,16252864,16248768
2026-05-13T15:09:53+01:00,server,7333790,2322,240461,932007233,1826,0,15433,0,32911424,29624896,3286528,18112512,16252864,16248768
2026-05-13T15:09:54+01:00,server,7336208,2322,240472,932009700,1826,0,15433,0,32911424,29622784,3288640,18110400,16252864,16248768
2026-05-13T15:09:55+01:00,server,7338690,2322,240493,932012123,1826,0,15433,0,32911424,29621056,3290368,18108608,16252864,16248768
2026-05-13T15:09:56+01:00,server,7341142,2322,240502,932014564,1826,0,15433,0,32911424,29620096,3291328,18107648,16252864,16248768
2026-05-13T15:09:58+01:00,server,7343571,2322,240513,932017030,1826,0,15433,0,32911424,29618304,3293120,18105792,16252864,16248768
2026-05-13T15:09:59+01:00,server,7346027,2322,240518,932019487,1826,0,15433,0,32911424,29624256,3287168,18111744,16252864,16248768
2026-05-13T15:10:00+01:00,server,7348442,2322,240525,932021957,1826,0,15433,0,32911424,29621376,3290048,18108864,16252864,16248768
2026-05-13T15:10:01+01:00,server,7350893,2322,240534,932024399,1826,0,15434,0,32911424,29623104,3288320,18110592,16252864,16248768
2026-05-13T15:10:02+01:00,server,7353372,2322,240546,932026843,1826,0,15434,0,32911424,29611200,3300224,18098560,16252864,16248768
2026-05-13T15:10:03+01:00,server,7355802,2322,240559,932029308,1826,0,15434,0,32911424,29618304,3293120,18105664,16252864,16248768
2026-05-13T15:10:04+01:00,server,7358261,2322,240570,932031755,1826,0,15435,0,32911424,29617344,3294080,18104704,16252864,16248768
2026-05-13T15:10:05+01:00,server,7360710,2322,240580,932034196,1826,0,15436,0,32911424,29617536,3293888,18104896,16252864,16248768
2026-05-13T15:10:06+01:00,server,7363125,2322,240591,932036661,1826,0,15438,0,32911424,29618304,3293120,18105664,16252864,16248768
2026-05-13T15:10:07+01:00,server,7365594,2322,240604,932039109,1826,0,15438,0,32911424,29617216,3294208,18104576,16252864,16248768
2026-05-13T15:10:08+01:00,server,7368044,2322,240614,932041551,1826,0,15438,0,32911424,29616448,3294976,18103808,16252864,16248768
2026-05-13T15:10:09+01:00,server,7370451,2322,240625,932044042,1826,0,15438,0,32911424,29615680,3295744,18103040,16252864,16248768
2026-05-13T15:10:10+01:00,server,7372924,2322,240639,932046499,1826,0,15438,0,32911424,29614848,3296576,18102208,16252864,16248768
2026-05-13T15:10:11+01:00,server,7375387,2322,240660,932048931,1826,0,15438,0,32911424,29609408,3302016,18096640,16252864,16248768
2026-05-13T15:10:12+01:00,server,7377859,2322,240664,932051400,1826,0,15438,0,32911424,29614016,3297408,18101248,16252864,16248768
2026-05-13T15:10:13+01:00,server,7380331,2322,240676,932053859,1826,0,15439,0,32911424,29616128,3295296,18103360,16252864,16248768
2026-05-13T15:10:14+01:00,server,7382783,2322,240689,932056315,1826,0,15440,0,32911424,29616896,3294528,18104128,16252864,16248768
2026-05-13T15:10:15+01:00,server,7385234,2322,240701,932058772,1826,0,15440,0,32911424,29615808,3295616,18103040,16252864,16248768
2026-05-13T15:10:16+01:00,server,7387688,2322,240709,932061229,1826,0,15440,0,32911424,29617536,3293888,18104768,16252864,16248768
2026-05-13T15:10:17+01:00,server,7390159,2322,240723,932063685,1826,0,15440,0,32911424,29614848,3296576,18102080,16252864,16248768
2026-05-13T15:10:18+01:00,server,7392588,2322,240733,932066142,1826,0,15440,0,32911424,29616192,3295232,18103424,16252864,16248768
2026-05-13T15:10:19+01:00,server,7395040,2322,240746,932068599,1826,0,15440,0,32911424,29617152,3294272,18104384,16252864,16248768
2026-05-13T15:10:20+01:00,server,7397491,2322,240756,932071055,1826,0,15441,0,32911424,29620544,3290880,18107776,16252864,16248768
2026-05-13T15:10:21+01:00,server,7399941,2322,240767,932073513,1826,0,15444,0,32911424,29616832,3294592,18104000,16252864,16248768
2026-05-13T15:10:22+01:00,server,7402365,2322,240782,932075971,1826,0,15444,0,32911424,29619520,3291904,18106688,16252864,16248768
2026-05-13T15:10:23+01:00,server,7404797,2322,240793,932078431,1826,0,15445,0,32911424,29617024,3294400,18104192,16252864,16248768
2026-05-13T15:10:24+01:00,server,7407202,2322,240802,932080893,1826,0,15445,0,32911424,29618560,3292864,18105728,16252864,16248768
2026-05-13T15:10:25+01:00,server,7409674,2322,240808,932083362,1826,0,15445,0,32911424,29616192,3295232,18103360,16252864,16248768
2026-05-13T15:10:26+01:00,server,7412142,2322,240827,932085796,1826,0,15445,0,32911424,29616128,3295296,18103232,16252864,16248768
2026-05-13T15:10:27+01:00,server,7414590,2322,240843,932088256,1826,0,15445,0,32911424,29615360,3296064,18102464,16252864,16248768
2026-05-13T15:10:28+01:00,server,7417032,2322,240855,932090715,1826,0,15445,0,32911424,29615104,3296320,18102208,16252864,16248768
2026-05-13T15:10:29+01:00,server,7419476,2322,240870,932093178,1826,0,15446,0,32911424,29614144,3297280,18101248,16252864,16248768
2026-05-13T15:10:30+01:00,server,7421924,2322,240877,932095639,1826,0,15446,0,32911424,29616960,3294464,18104064,16252864,16248768
2026-05-13T15:10:31+01:00,server,7424290,2322,240890,932098187,1826,0,15446,0,32911424,29603328,3308096,18090432,16252864,16248768
2026-05-13T15:10:32+01:00,server,7426701,2322,240899,932100663,1826,0,15447,0,32911424,29602944,3308480,18090048,16252864,16248768
2026-05-13T15:10:33+01:00,server,7429152,2322,240909,932103117,1826,0,15447,0,32911424,29607552,3303872,18094656,16252864,16248768
2026-05-13T15:10:34+01:00,server,7431628,2322,240922,932105557,1826,0,15447,0,32911424,29601088,3310336,18088192,16252864,16248768
2026-05-13T15:10:35+01:00,server,7434048,2322,240934,932108033,1826,0,15448,0,32911424,29601792,3309632,18088896,16252864,16248768
2026-05-13T15:10:36+01:00,server,7436511,2322,240946,932110487,1826,0,15448,0,32911424,29606592,3304832,18093696,16252864,16248768
2026-05-13T15:10:37+01:00,server,7438919,2322,240952,932112967,1826,0,15449,0,32911424,29604096,3307328,18091200,16252864,16248768
2026-05-13T15:10:38+01:00,server,7441369,2322,240958,932115428,1826,0,15449,0,32911424,29605440,3305984,18092544,16252864,16248768
2026-05-13T15:10:40+01:00,server,7443847,2322,240966,932117870,1826,0,15449,0,32911424,29605824,3305600,18092928,16252864,16248768
2026-05-13T15:10:41+01:00,server,7446278,2322,240988,932120324,1826,0,15450,0,32911424,29605568,3305856,18092608,16252864,16248768
2026-05-13T15:10:42+01:00,server,7448716,2322,240996,932122778,1826,0,15451,0,32911424,29603008,3308416,18090048,16252864,16248768
2026-05-13T15:10:43+01:00,server,7451149,2322,241007,932125254,1826,0,15451,0,32911424,29602048,3309376,18089088,16252864,16248768
2026-05-13T15:10:44+01:00,server,7453601,2322,241015,932127708,1826,0,15452,0,32911424,29604352,3307072,18091392,16252864,16248768
2026-05-13T15:10:45+01:00,server,7456078,2322,241025,932130150,1826,0,15452,0,32911424,29602432,3308992,18089472,16252864,16248768
2026-05-13T15:10:46+01:00,server,7458496,2322,241034,932132626,1826,0,15453,0,32911424,29603072,3308352,18090112,16252864,16248768
2026-05-13T15:10:47+01:00,server,7460926,2322,241044,932135079,1826,0,15453,0,32911424,29600576,3310848,18087616,16252864,16248768
2026-05-13T15:10:48+01:00,server,7463375,2322,241050,932137555,1826,0,15454,0,32911424,29600000,3311424,18087040,16252864,16248768
2026-05-13T15:10:49+01:00,server,7465819,2322,241062,932140009,1826,0,15454,0,32911424,29604288,3307136,18091328,16252864,16248768
2026-05-13T15:10:50+01:00,server,7468270,2322,241072,932142450,1826,0,15454,0,32911424,29602368,3309056,18089408,16252864,16248768
2026-05-13T15:10:51+01:00,server,7470705,2322,241078,932144933,1826,0,15455,0,32911424,29603328,3308096,18090368,16252864,16248768
2026-05-13T15:10:52+01:00,server,7473135,2322,241081,932147392,1826,0,15455,0,32911424,29605440,3305984,18092480,16252864,16248768
2026-05-13T15:10:53+01:00,server,7475558,2322,241090,932149869,1826,0,15455,0,32911424,29603136,3308288,18090176,16252864,16248768
2026-05-13T15:10:54+01:00,server,7478031,2322,241103,932152310,1826,0,15455,0,32911424,29604480,3306944,18091520,16252864,16248768
2026-05-13T15:10:55+01:00,server,7480475,2322,241113,932154763,1826,0,15455,0,32911424,29604416,3307008,18091456,16252864,16248768
2026-05-13T15:10:56+01:00,server,7482900,2322,241132,932157217,1826,0,15456,0,32911424,29606208,3305216,18093184,16252864,16248768
2026-05-13T15:10:57+01:00,server,7485353,2322,241142,932159672,1826,0,15457,0,32911424,29604288,3307136,18091264,16252864,16248768
2026-05-13T15:10:58+01:00,server,7487772,2322,241152,932162148,1826,0,15459,0,32911424,29604480,3306944,18091456,16252864,16248768
2026-05-13T15:10:59+01:00,server,7490232,2322,241162,932164589,1826,0,15459,0,32911424,29603136,3308288,18090112,16252864,16248768
2026-05-13T15:11:00+01:00,server,7492688,2322,241171,932167041,1826,0,15459,0,32911424,29606592,3304832,18093568,16252864,16248768
2026-05-13T15:11:01+01:00,server,7495061,2322,241183,932169542,1826,0,15459,0,32911424,29600064,3311360,18087040,16252864,16248768
2026-05-13T15:11:02+01:00,server,7497508,2322,241197,932171998,1826,0,15462,0,32911424,29602752,3308672,18089728,16252864,16248768
2026-05-13T15:11:03+01:00,server,7499959,2322,241208,932174454,1826,0,15462,0,32911424,29603520,3307904,18090496,16252864,16248768
2026-05-13T15:11:04+01:00,server,7502409,2322,241214,932176917,1826,0,15462,0,32911424,29603008,3308416,18089984,16252864,16248768
2026-05-13T15:11:05+01:00,server,7504840,2322,241218,932179372,1826,0,15463,0,32911424,29605696,3305728,18092672,16252864,16248768
2026-05-13T15:11:06+01:00,server,7507312,2322,241232,932181829,1826,0,15463,0,32911424,29606272,3305152,18093248,16252864,16248768
2026-05-13T15:11:07+01:00,server,7509761,2322,241244,932184287,1826,0,15463,0,32911424,29605184,3306240,18092096,16252864,16248768
2026-05-13T15:11:08+01:00,server,7512234,2322,241256,932186743,1826,0,15464,0,32911424,29604672,3306752,18091584,16252864,16248768
2026-05-13T15:11:09+01:00,server,7514642,2322,241272,932189199,1826,0,15465,0,32911424,29602944,3308480,18089856,16252864,16248768
2026-05-13T15:11:10+01:00,server,7517104,2322,241294,932191655,1826,0,15466,0,32911424,29604544,3306880,18091392,16252864,16248768
2026-05-13T15:11:11+01:00,server,7519549,2322,241306,932194084,1826,0,15467,0,32911424,29607488,3303936,18094336,16252864,16248768
2026-05-13T15:11:12+01:00,server,7522024,2322,241318,932196541,1826,0,15467,0,32911424,29607680,3303744,18094528,16252864,16248768
2026-05-13T15:11:13+01:00,server,7524452,2322,241329,932198996,1826,0,15468,0,32911424,29608320,3303104,18095168,16252864,16248768
2026-05-13T15:11:14+01:00,server,7526884,2322,241356,932201452,1826,0,15468,0,32911424,29608512,3302912,18095360,16252864,16248768
2026-05-13T15:11:15+01:00,server,7529308,2322,241371,932203910,1826,0,15468,0,32911424,29611264,3300160,18098112,16252864,16248768
2026-05-13T15:11:16+01:00,server,7531773,2322,241392,932206369,1826,0,15468,0,32911424,29607040,3304384,18093888,16252864,16248768
2026-05-13T15:11:17+01:00,server,7534218,2322,241399,932208837,1826,0,15468,0,32911424,29607936,3303488,18094784,16252864,16248768
2026-05-13T15:11:18+01:00,server,7536669,2322,241410,932211300,1826,0,15468,0,32911424,29611712,3299712,18098560,16252864,16248768
2026-05-13T15:11:19+01:00,server,7539115,2322,241418,932213758,1826,0,15469,0,32911424,29609344,3302080,18096192,16252864,16248768
2026-05-13T15:11:20+01:00,server,7541578,2322,241433,932216219,1826,0,15469,0,32911424,29608576,3302848,18095424,16252864,16248768
2026-05-13T15:11:22+01:00,server,7544025,2322,241447,932218676,1826,0,15470,0,32911424,29608192,3303232,18095040,16252864,16248768
2026-05-13T15:11:23+01:00,server,7546474,2322,241464,932221141,1826,0,15470,0,32911424,29606272,3305152,18093120,16252864,16248768
2026-05-13T15:11:24+01:00,server,7548832,2322,241475,932223689,1826,0,15471,0,32911424,29597248,3314176,18084096,16252864,16248768
2026-05-13T15:11:25+01:00,server,7551288,2322,241485,932226155,1826,0,15471,0,32911424,29594752,3316672,18081600,16252864,16248768
2026-05-13T15:11:26+01:00,server,7553724,2322,241512,932228579,1826,0,15471,0,32911424,29595776,3315648,18082624,16252864,16248768
2026-05-13T15:11:27+01:00,server,7556200,2322,241521,932231022,1826,0,15471,0,32911424,29592704,3318720,18079552,16252864,16248768
2026-05-13T15:11:28+01:00,server,7558637,2322,241532,932233485,1826,0,15471,0,32911424,29590400,3321024,18077248,16252864,16248768
2026-05-13T15:11:29+01:00,server,7561075,2322,241542,932235935,1826,0,15471,0,32911424,29592192,3319232,18079040,16252864,16248768
2026-05-13T15:11:30+01:00,server,7563535,2322,241553,932238403,1826,0,15472,0,32911424,29595968,3315456,18082816,16252864,16248768
2026-05-13T15:11:31+01:00,server,7565983,2322,241557,932240863,1826,0,15472,0,32911424,29596800,3314624,18083584,16252864,16248768
2026-05-13T15:11:32+01:00,server,7568412,2322,241568,932243331,1826,0,15473,0,32911424,29596480,3314944,18083200,16252864,16248768
2026-05-13T15:11:33+01:00,server,7570864,2322,241576,932245772,1826,0,15473,0,32911424,29595328,3316096,18082048,16252864,16248768
2026-05-13T15:11:34+01:00,server,7573314,2322,241587,932248222,1826,0,15473,0,32911424,29596992,3314432,18083712,16252864,16248768
2026-05-13T15:11:35+01:00,server,7575756,2322,241600,932250687,1826,0,15473,0,32911424,29596800,3314624,18083520,16252864,16248768
2026-05-13T15:11:36+01:00,server,7578188,2322,241612,932253138,1826,0,15474,0,32911424,29597184,3314240,18083904,16252864,16248768
2026-05-13T15:11:37+01:00,server,7580644,2322,241625,932255603,1826,0,15474,0,32911424,29596608,3314816,18083328,16252864,16248768
2026-05-13T15:11:38+01:00,server,7583096,2322,241636,932258048,1826,0,15474,0,32911424,29597760,3313664,18084480,16252864,16248768
2026-05-13T15:11:39+01:00,server,7585525,2322,241647,932260496,1826,0,15474,0,32911424,29596416,3315008,18083136,16252864,16248768
2026-05-13T15:11:40+01:00,server,7587987,2322,241656,932262961,1826,0,15474,0,32911424,29597184,3314240,18083904,16252864,16248768
2026-05-13T15:11:41+01:00,server,7590452,2322,241680,932265387,1826,0,15474,0,32911424,29599872,3311552,18086592,16252864,16248768
2026-05-13T15:11:42+01:00,server,7592915,2322,241689,932267854,1826,0,15475,0,32911424,29595840,3315584,18082560,16252864,16248768
2026-05-13T15:11:43+01:00,server,7595357,2322,241701,932270303,1826,0,15475,0,32911424,29599744,3311680,18086464,16252864,16248768
2026-05-13T15:11:44+01:00,server,7597805,2322,241706,932272753,1826,0,15475,0,32911424,29597824,3313600,18084544,16252864,16248768
2026-05-13T15:11:45+01:00,server,7600249,2322,241713,932275220,1826,0,15475,0,32911424,29598016,3313408,18084736,16252864,16248768
2026-05-13T15:11:46+01:00,server,7602697,2322,241725,932277670,1826,0,15476,0,32911424,29599168,3312256,18085888,16252864,16248768
2026-05-13T15:11:47+01:00,server,7605123,2322,241732,932280135,1826,0,15476,0,32911424,29600320,3311104,18087040,16252864,16248768
2026-05-13T15:11:48+01:00,server,7607583,2322,241746,932282584,1826,0,15477,0,32911424,29599424,3312000,18086144,16252864,16248768
2026-05-13T15:11:49+01:00,server,7610007,2322,241757,932285050,1826,0,15477,0,32911424,29599808,3311616,18086528,16252864,16248768
2026-05-13T15:11:50+01:00,server,7612456,2322,241769,932287491,1826,0,15477,0,32911424,29598912,3312512,18085632,16252864,16248768
2026-05-13T15:11:51+01:00,server,7614930,2322,241781,932289939,1826,0,15477,0,32911424,29597440,3313984,18084160,16252864,16248768
2026-05-13T15:11:52+01:00,server,7617338,2322,241788,932292416,1826,0,15477,0,32911424,29598080,3313344,18084800,16252864,16248768
2026-05-13T15:11:53+01:00,server,7619812,2322,241803,932294879,1826,0,15477,0,32911424,29595008,3316416,18081728,16252864,16248768
2026-05-13T15:11:54+01:00,server,7622238,2322,241817,932297336,1826,0,15477,0,32911424,29590976,3320448,18077696,16252864,16248768
2026-05-13T15:11:55+01:00,server,7624716,2322,241828,932299781,1826,0,15478,0,32911424,29590272,3321152,18076928,16252864,16248768
2026-05-13T15:11:56+01:00,server,7627172,2322,241840,932302241,1826,0,15478,0,32911424,29591936,3319488,18078528,16252864,16248768
2026-05-13T15:11:57+01:00,server,7629619,2322,241845,932304707,1826,0,15478,0,32911424,29592192,3319232,18078784,16252864,16248768
2026-05-13T15:11:58+01:00,server,7632042,2322,241860,932307168,1826,0,15478,0,32911424,29589952,3321472,18076480,16252864,16248768
2026-05-13T15:11:59+01:00,server,7634448,2322,241874,932309624,1826,0,15479,0,32911424,29588224,3323200,18074752,16252864,16248768
2026-05-13T15:12:00+01:00,server,7636898,2322,241912,932312081,1826,0,15479,0,32911424,29590080,3321344,18076608,16252864,16248768
2026-05-13T15:12:01+01:00,server,7639276,2322,241925,932314538,1826,0,15481,0,32911424,29592192,3319232,18078720,16252864,16248768
2026-05-13T15:12:02+01:00,server,7641750,2322,241938,932316995,1826,0,15481,0,32911424,29593728,3317696,18080256,16252864,16248768
2026-05-13T15:12:04+01:00,server,7644201,2322,241949,932319451,1826,0,15481,0,32911424,29593344,3318080,18079872,16252864,16248768
2026-05-13T15:12:05+01:00,server,7646656,2322,241959,932321908,1826,0,15481,0,32911424,29591744,3319680,18078272,16252864,16248768
2026-05-13T15:12:06+01:00,server,7649084,2322,241971,932324363,1826,0,15481,0,32911424,29594816,3316608,18081344,16252864,16248768
2026-05-13T15:12:07+01:00,server,7651558,2322,241983,932326819,1826,0,15481,0,32911424,29594432,3316992,18080960,16252864,16248768
2026-05-13T15:12:08+01:00,server,7653964,2322,241991,932329276,1826,0,15481,0,32911424,29590656,3320768,18076992,16252864,16248768
2026-05-13T15:12:09+01:00,server,7656440,2322,242002,932331734,1826,0,15481,0,32911424,29590528,3320896,18076800,16252864,16248768
2026-05-13T15:12:10+01:00,server,7658889,2322,242010,932334196,1826,0,15482,0,32911424,29592256,3319168,18078528,16252864,16248768
2026-05-13T15:12:11+01:00,server,7661344,2322,242031,932336641,1826,0,15482,0,32911424,29592128,3319296,18078336,16252864,16248768
2026-05-13T15:12:12+01:00,server,7663785,2322,242044,932339100,1826,0,15482,0,32911424,29589824,3321600,18076032,16252864,16248768
2026-05-13T15:12:13+01:00,server,7666235,2322,242080,932341562,1826,0,15482,0,32911424,29590400,3321024,18076608,16252864,16248768
2026-05-13T15:12:14+01:00,server,7668710,2322,242092,932344023,1826,0,15482,0,32911424,29590784,3320640,18076992,16252864,16248768
2026-05-13T15:12:15+01:00,server,7671069,2322,242103,932346550,1826,0,15482,0,32911424,29584832,3326592,18071040,16252864,16248768
2026-05-13T15:12:16+01:00,server,7673498,2322,242114,932349010,1826,0,15482,0,32911424,29584448,3326976,18070656,16252864,16248768
2026-05-13T15:12:17+01:00,server,7675915,2322,242133,932351471,1826,0,15482,0,32911424,29586048,3325376,18072192,16252864,16248768
2026-05-13T15:12:18+01:00,server,7678388,2322,242144,932353930,1826,0,15483,0,32911424,29581888,3329536,18068032,16252864,16248768
2026-05-13T15:12:19+01:00,server,7680838,2322,242157,932356387,1826,0,15483,0,32911424,29580928,3330496,18067072,16252864,16248768
2026-05-13T15:12:20+01:00,server,7683290,2322,242167,932358844,1826,0,15483,0,32911424,29581568,3329856,18067712,16252864,16248768
2026-05-13T15:12:21+01:00,server,7685741,2322,242178,932361301,1826,0,15484,0,32911424,29585024,3326400,18071168,16252864,16248768
2026-05-13T15:12:22+01:00,server,7688125,2322,242187,932363825,1826,0,15484,0,32911424,29584704,3326720,18070848,16252864,16248768
2026-05-13T15:12:23+01:00,server,7690575,2322,242192,932366278,1826,0,15484,0,32911424,29584704,3326720,18070848,16252864,16248768
2026-05-13T15:12:24+01:00,server,7693048,2322,242200,932368732,1826,0,15484,0,32911424,29583744,3327680,18069888,16252864,16248768
2026-05-13T15:12:25+01:00,server,7695495,2322,242208,932371180,1826,0,15484,0,32911424,29582976,3328448,18069120,16252864,16248768
2026-05-13T15:12:26+01:00,server,7697951,2322,242224,932373611,1826,0,15484,0,32911424,29582976,3328448,18069120,16252864,16248768
2026-05-13T15:12:27+01:00,server,7700381,2322,242257,932376072,1826,0,15485,0,32911424,29583552,3327872,18069696,16252864,16248768
2026-05-13T15:12:28+01:00,server,7702811,2322,242291,932378529,1826,0,15485,0,32911424,29580608,3330816,18066752,16252864,16248768
2026-05-13T15:12:29+01:00,server,7705262,2322,242306,932380990,1826,0,15486,0,32911424,29582784,3328640,18068928,16252864,16248768
2026-05-13T15:12:30+01:00,server,7707735,2322,242320,932383448,1826,0,15486,0,32911424,29585536,3325888,18071680,16252864,16248768
2026-05-13T15:12:31+01:00,server,7710211,2322,242349,932385836,1826,0,15487,0,32911424,29573504,3337920,18059648,16252864,16248768
2026-05-13T15:12:32+01:00,server,7712791,2322,242360,932388192,1826,0,15487,0,32911424,29574464,3336960,18060608,16252864,16248768
2026-05-13T15:12:33+01:00,server,7715225,2322,242378,932390611,1826,0,15489,0,32911424,29579648,3331776,18065792,16252864,16248768
2026-05-13T15:12:34+01:00,server,7717679,2322,242389,932393068,1826,0,15489,0,32911424,29587136,3324288,18073280,16252864,16248768
2026-05-13T15:12:35+01:00,server,7720131,2322,242397,932395525,1826,0,15490,0,32911424,29582912,3328512,18069056,16252864,16248768
2026-05-13T15:12:36+01:00,server,7722580,2322,242404,932397995,1826,0,15491,0,32911424,29579648,3331776,18065792,16252864,16248768
2026-05-13T15:12:37+01:00,server,7725028,2322,242413,932400456,1826,0,15491,0,32911424,29581568,3329856,18067712,16252864,16248768
2026-05-13T15:12:38+01:00,server,7727482,2322,242424,932402912,1826,0,15492,0,32911424,29584512,3326912,18070592,16252864,16248768
2026-05-13T15:12:39+01:00,server,7729888,2322,242433,932405368,1826,0,15492,0,32911424,29585280,3326144,18071360,16252864,16248768
2026-05-13T15:12:40+01:00,server,7732373,2322,242461,932407807,1826,0,15493,0,32911424,29587008,3324416,18073088,16252864,16248768
2026-05-13T15:12:41+01:00,server,7734822,2322,242474,932410263,1826,0,15494,0,32911424,29585472,3325952,18071488,16252864,16248768
2026-05-13T15:12:42+01:00,server,7737254,2322,242485,932412719,1826,0,15494,0,32911424,29585280,3326144,18071296,16252864,16248768
2026-05-13T15:12:43+01:00,server,7739681,2322,242499,932415175,1826,0,15494,0,32911424,29586240,3325184,18072256,16252864,16248768
2026-05-13T15:12:45+01:00,server,7742158,2322,242508,932417633,1826,0,15495,0,32911424,29587584,3323840,18073600,16252864,16248768
2026-05-13T15:12:46+01:00,server,7744588,2322,242518,932420096,1826,0,15497,0,32911424,29586240,3325184,18072256,16252864,16248768
2026-05-13T15:12:47+01:00,server,7747037,2322,242531,932422553,1826,0,15497,0,32911424,29585088,3326336,18071104,16252864,16248768
2026-05-13T15:12:48+01:00,server,7749397,2322,242544,932425079,1826,0,15497,0,32911424,29583552,3327872,18069568,16252864,16248768
2026-05-13T15:12:49+01:00,server,7751849,2322,242552,932427526,1826,0,15497,0,32911424,29585152,3326272,18071168,16252864,16248768
2026-05-13T15:12:50+01:00,server,7754296,2322,242556,932429983,1826,0,15498,0,32911424,29583616,3327808,18069632,16252864,16248768
2026-05-13T15:12:51+01:00,server,7756768,2322,242565,932432439,1826,0,15498,0,32911424,29581696,3329728,18067712,16252864,16248768
2026-05-13T15:12:52+01:00,server,7759214,2322,242581,932434901,1826,0,15498,0,32911424,29581696,3329728,18067712,16252864,16248768
2026-05-13T15:12:53+01:00,server,7761644,2322,242593,932437357,1826,0,15500,0,32911424,29582656,3328768,18068672,16252864,16248768
2026-05-13T15:12:54+01:00,server,7764114,2322,242611,932439821,1826,0,15500,0,32911424,29584768,3326656,18070784,16252864,16248768
2026-05-13T15:12:55+01:00,server,7766539,2322,242625,932442278,1826,0,15501,0,32911424,29584576,3326848,18070464,16252864,16248768
2026-05-13T15:12:56+01:00,server,7769013,2322,242644,932444713,1826,0,15501,0,32911424,29585280,3326144,18071168,16252864,16248768
2026-05-13T15:12:57+01:00,server,7771441,2322,242656,932447170,1827,0,15502,0,32911424,29586624,3324800,18072512,16252864,16248768
2026-05-13T15:12:58+01:00,server,7773894,2322,242667,932449627,1827,0,15502,0,32911424,29585536,3325888,18071424,16252864,16248768
2026-05-13T15:12:59+01:00,server,7776345,2322,242678,932452084,1827,0,15502,0,32911424,29584960,3326464,18070848,16252864,16248768
2026-05-13T15:13:00+01:00,server,7778818,2322,242689,932454546,1827,0,15502,0,32911424,29586496,3324928,18072384,16252864,16248768
2026-05-13T15:13:01+01:00,server,7781248,2322,242702,932457002,1827,0,15502,0,32911424,29583872,3327552,18069696,16252864,16248768
2026-05-13T15:13:02+01:00,server,7783717,2322,242712,932459461,1827,0,15502,0,32911424,29583680,3327744,18069504,16252864,16248768
2026-05-13T15:13:03+01:00,server,7786166,2322,242718,932461928,1827,0,15502,0,32911424,29583232,3328192,18068928,16252864,16248768
2026-05-13T15:13:04+01:00,server,7788617,2322,242731,932464393,1827,0,15502,0,32911424,29582464,3328960,18068160,16252864,16248768
2026-05-13T15:13:05+01:00,server,7791105,2322,242745,932466841,1827,0,15503,0,32911424,29584192,3327232,18069888,16252864,16248768
2026-05-13T15:13:06+01:00,server,7793555,2322,242758,932469299,1827,0,15503,0,32911424,29583808,3327616,18069504,16252864,16248768
2026-05-13T15:13:07+01:00,server,7796027,2322,242773,932471756,1827,0,15503,0,32911424,29583808,3327616,18069504,16252864,16248768
2026-05-13T15:13:08+01:00,server,7798505,2322,242782,932474220,1827,0,15503,0,32911424,29580672,3330752,18066368,16252864,16248768
2026-05-13T15:13:09+01:00,server,7800932,2322,242792,932476679,1827,0,15503,0,32911424,29583552,3327872,18069248,16252864,16248768
2026-05-13T15:13:10+01:00,server,7803404,2322,242807,932479138,1827,0,15504,0,32911424,29582784,3328640,18068480,16252864,16248768
2026-05-13T15:13:11+01:00,server,7805853,2322,242828,932481571,1827,0,15504,0,32911424,29582400,3329024,18068096,16252864,16248768
2026-05-13T15:13:12+01:00,server,7808254,2322,242845,932484095,1827,0,15504,0,32911424,29586048,3325376,18071744,16252864,16248768
2026-05-13T15:13:13+01:00,server,7810700,2322,242858,932486541,1827,0,15504,0,32911424,29581248,3330176,18066944,16252864,16248768
2026-05-13T15:13:14+01:00,server,7813177,2322,242866,932488986,1827,0,15504,0,32911424,29582016,3329408,18067712,16252864,16248768
2026-05-13T15:13:15+01:00,server,7815626,2322,242875,932491453,1827,0,15504,0,32911424,29581376,3330048,18066432,16252864,16248768
2026-05-13T15:13:16+01:00,server,7818100,2322,242881,932493926,1827,0,15505,0,32911424,29581632,3329792,18066688,16252864,16248768
2026-05-13T15:13:17+01:00,server,7820569,2322,242897,932496384,1827,0,15505,0,32911424,29580224,3331200,18065152,16252864,16248768
2026-05-13T15:13:18+01:00,server,7822995,2322,242911,932498843,1827,0,15506,0,32911424,29582144,3329280,18067072,16252864,16248768
2026-05-13T15:13:19+01:00,server,7825470,2322,242922,932501301,1827,0,15506,0,32911424,29579072,3332352,18064000,16252864,16248768
2026-05-13T15:13:20+01:00,server,7827901,2322,242930,932503759,1827,0,15506,0,32911424,29583744,3327680,18068672,16252864,16248768
2026-05-13T15:13:21+01:00,server,7830380,2322,242940,932506220,1827,0,15506,0,32911424,29583168,3328256,18068096,16252864,16248768
2026-05-13T15:13:22+01:00,server,7832852,2322,242956,932508680,1827,0,15506,0,32911424,29579328,3332096,18064256,16252864,16248768
2026-05-13T15:13:23+01:00,server,7835253,2322,242972,932511141,1827,0,15506,0,32911424,29581248,3330176,18066176,16252864,16248768
2026-05-13T15:13:25+01:00,server,7837684,2322,242983,932513603,1827,0,15506,0,32911424,29579072,3332352,18064000,16252864,16248768
2026-05-13T15:13:26+01:00,server,7840165,2322,243001,932516042,1827,0,15506,0,32911424,29573120,3338304,18058048,16252864,16248768
2026-05-13T15:13:27+01:00,server,7842611,2322,243016,932518501,1827,0,15507,0,32911424,29574656,3336768,18059584,16252864,16248768
2026-05-13T15:13:28+01:00,server,7845085,2322,243028,932520959,1827,0,15507,0,32911424,29577792,3333632,18062720,16252864,16248768
2026-05-13T15:13:29+01:00,server,7847511,2322,243059,932523430,1827,0,15507,0,32911424,29578368,3333056,18063296,16252864,16248768
2026-05-13T15:13:30+01:00,server,7849962,2322,243064,932525893,1827,0,15507,0,32911424,29576064,3335360,18060992,16252864,16248768
2026-05-13T15:13:31+01:00,server,7852365,2322,243081,932528352,1827,0,15508,0,32911424,29577088,3334336,18061952,16252864,16248768
2026-05-13T15:13:32+01:00,server,7854761,2322,243098,932530812,1827,0,15508,0,32911424,29576704,3334720,18061568,16252864,16248768
2026-05-13T15:13:33+01:00,server,7857209,2322,243113,932533269,1827,0,15508,0,32911424,29577408,3334016,18062336,16252864,16248768
2026-05-13T15:13:34+01:00,server,7859660,2322,243127,932535734,1827,0,15508,0,32911424,29577152,3334272,18062144,16252864,16248768
2026-05-13T15:13:35+01:00,server,7862089,2322,243135,932538191,1827,0,15509,0,32911424,29578304,3333120,18063296,16252864,16248768
2026-05-13T15:13:36+01:00,server,7864469,2322,243149,932540723,1827,0,15509,0,32911424,29575040,3336384,18060032,16252864,16248768
2026-05-13T15:13:37+01:00,server,7866903,2322,243160,932543172,1827,0,15509,0,32911424,29577152,3334272,18062144,16252864,16248768
2026-05-13T15:13:38+01:00,server,7869375,2322,243172,932545622,1827,0,15509,0,32911424,29576192,3335232,18061184,16252864,16248768
2026-05-13T15:13:39+01:00,server,7871827,2322,243183,932548071,1827,0,15510,0,32911424,29577536,3333888,18062528,16252864,16248768
2026-05-13T15:13:40+01:00,server,7874274,2322,243196,932550534,1827,0,15511,0,32911424,29576192,3335232,18061184,16252864,16248768
2026-05-13T15:13:41+01:00,server,7876742,2322,243213,932552968,1827,0,15512,0,32911424,29576704,3334720,18061568,16252864,16248768
2026-05-13T15:13:42+01:00,server,7879191,2322,243219,932555445,1827,0,15512,0,32911424,29580928,3330496,18065792,16252864,16248768
2026-05-13T15:13:43+01:00,server,7881665,2322,243230,932557906,1827,0,15512,0,32911424,29576896,3334528,18061760,16252864,16248768
2026-05-13T15:13:44+01:00,server,7884093,2322,243242,932560368,1827,0,15513,0,32911424,29576768,3334656,18061632,16252864,16248768
2026-05-13T15:13:45+01:00,server,7886567,2322,243254,932562826,1827,0,15513,0,32911424,29576000,3335424,18060864,16252864,16248768
2026-05-13T15:13:46+01:00,server,7889018,2322,243266,932565283,1827,0,15513,0,32911424,29574080,3337344,18058944,16252864,16248768
2026-05-13T15:13:47+01:00,server,7891467,2322,243280,932567742,1827,0,15513,0,32911424,29575872,3335552,18060736,16252864,16248768
2026-05-13T15:13:48+01:00,server,7893922,2322,243290,932570206,1827,0,15513,0,32911424,29574784,3336640,18059584,16252864,16248768
2026-05-13T15:13:49+01:00,server,7896346,2322,243303,932572664,1827,0,15513,0,32911424,29577664,3333760,18062464,16252864,16248768
2026-05-13T15:13:50+01:00,server,7898801,2322,243312,932575122,1827,0,15514,0,32911424,29573632,3337792,18058432,16252864,16248768
2026-05-13T15:13:51+01:00,server,7901255,2322,243323,932577585,1827,0,15515,0,32911424,29575936,3335488,18060736,16252864,16248768
2026-05-13T15:13:52+01:00,server,7903681,2322,243337,932580047,1827,0,15516,0,32911424,29571520,3339904,18056320,16252864,16248768
2026-05-13T15:13:53+01:00,server,7906155,2322,243350,932582505,1827,0,15516,0,32911424,29575360,3336064,18060160,16252864,16248768
2026-05-13T15:13:54+01:00,server,7908586,2322,243358,932584972,1827,0,15517,0,32911424,29573824,3337600,18058624,16252864,16248768
2026-05-13T15:13:55+01:00,server,7911032,2322,243366,932587432,1827,0,15517,0,32911424,29575104,3336320,18059904,16252864,16248768
2026-05-13T15:13:56+01:00,server,7913465,2322,243398,932589889,1827,0,15517,0,32911424,29576832,3334592,18061632,16252864,16248768
2026-05-13T15:13:57+01:00,server,7915938,2322,243410,932592347,1827,0,15518,0,32911424,29573184,3338240,18057984,16252864,16248768
2026-05-13T15:13:58+01:00,server,7918392,2322,243418,932594805,1827,0,15519,0,32911424,29574528,3336896,18059328,16252864,16248768
2026-05-13T15:13:59+01:00,server,7920847,2322,243425,932597263,1827,0,15520,0,32911424,29576064,3335360,18060864,16252864,16248768
2026-05-13T15:14:00+01:00,server,7923227,2322,243438,932599794,1827,0,15522,0,32911424,29572800,3338624,18057600,16252864,16248768
2026-05-13T15:14:01+01:00,server,7925677,2322,243448,932602241,1827,0,15522,0,32911424,29575808,3335616,18060608,16252864,16248768
2026-05-13T15:14:02+01:00,server,7928152,2322,243461,932604690,1827,0,15523,0,32911424,29577728,3333696,18062528,16252864,16248768
2026-05-13T15:14:04+01:00,server,7930542,2322,243485,932607150,1827,0,15523,0,32911424,29577536,3333888,18062336,16252864,16248768
2026-05-13T15:14:05+01:00,server,7932876,2322,243500,932609614,1827,0,15524,0,32911424,29577536,3333888,18062336,16252864,16248768
2026-05-13T15:14:06+01:00,server,7935348,2322,243513,932612070,1827,0,15525,0,32911424,29577152,3334272,18061952,16252864,16248768
2026-05-13T15:14:07+01:00,server,7937799,2322,243524,932614530,1827,0,15525,0,32911424,29576192,3335232,18060992,16252864,16248768
2026-05-13T15:14:08+01:00,server,7940273,2322,243532,932616992,1827,0,15525,0,32911424,29576512,3334912,18061312,16252864,16248768
2026-05-13T15:14:09+01:00,server,7942722,2322,243538,932619457,1827,0,15525,0,32911424,29576384,3335040,18061184,16252864,16248768
2026-05-13T15:14:10+01:00,server,7945172,2322,243553,932621917,1827,0,15525,0,32911424,29576384,3335040,18061184,16252864,16248768
2026-05-13T15:14:11+01:00,server,7947612,2322,243575,932624352,1827,0,15525,0,32911424,29576704,3334720,18061504,16252864,16248768
2026-05-13T15:14:12+01:00,server,7950062,2322,243589,932626810,1827,0,15525,0,32911424,29575360,3336064,18060160,16252864,16248768
2026-05-13T15:14:13+01:00,server,7952465,2322,243602,932629269,1827,0,15525,0,32911424,29573440,3337984,18058240,16252864,16248768
2026-05-13T15:14:14+01:00,server,7954938,2322,243614,932631733,1827,0,15528,0,32911424,29573824,3337600,18058624,16252864,16248768
2026-05-13T15:14:15+01:00,server,7957392,2322,243624,932634190,1827,0,15530,0,32911424,29572800,3338624,18057600,16252864,16248768
2026-05-13T15:14:16+01:00,server,7959820,2322,243638,932636648,1827,0,15530,0,32911424,29575424,3336000,18060224,16252864,16248768
2026-05-13T15:14:17+01:00,server,7962276,2322,243646,932639110,1827,0,15530,0,32911424,29573504,3337920,18058304,16252864,16248768
2026-05-13T15:14:18+01:00,server,7964725,2322,243662,932641569,1827,0,15531,0,32911424,29572928,3338496,18057728,16252864,16248768
2026-05-13T15:14:19+01:00,server,7967177,2322,243671,932644027,1827,0,15531,0,32911424,29575424,3336000,18060224,16252864,16248768
2026-05-13T15:14:20+01:00,server,7969650,2322,243686,932646484,1827,0,15531,0,32911424,29576960,3334464,18061760,16252864,16248768
2026-05-13T15:14:21+01:00,server,7972098,2322,243690,932648950,1827,0,15532,0,32911424,29574464,3336960,18059264,16252864,16248768
2026-05-13T15:14:22+01:00,server,7974550,2322,243699,932651416,1827,0,15533,0,32911424,29575296,3336128,18060032,16252864,16248768
2026-05-13T15:14:23+01:00,server,7977021,2322,243712,932653884,1827,0,15533,0,32911424,29574656,3336768,18059328,16252864,16248768
2026-05-13T15:14:24+01:00,server,7979491,2322,243727,932656344,1827,0,15534,0,32911424,29574080,3337344,18058752,16252864,16248768
2026-05-13T15:14:25+01:00,server,7981874,2322,243738,932658875,1827,0,15535,0,32911424,29571968,3339456,18056640,16252864,16248768
2026-05-13T15:14:26+01:00,server,7984340,2322,243754,932661308,1827,0,15535,0,32911424,29571008,3340416,18055680,16252864,16248768
2026-05-13T15:14:27+01:00,server,7986786,2322,243770,932663770,1827,0,15536,0,32911424,29570624,3340800,18055296,16252864,16248768
2026-05-13T15:14:28+01:00,server,7989237,2322,243784,932666228,1827,0,15536,0,32911424,29567360,3344064,18052032,16252864,16248768
2026-05-13T15:14:29+01:00,server,7991712,2322,243794,932668687,1827,0,15537,0,32911424,29565248,3346176,18049920,16252864,16248768
2026-05-13T15:14:30+01:00,server,7994139,2322,243805,932671148,1827,0,15537,0,32911424,29568320,3343104,18052992,16252864,16248768
2026-05-13T15:14:31+01:00,server,7996615,2322,243815,932673610,1827,0,15537,0,32911424,29568704,3342720,18053376,16252864,16248768
2026-05-13T15:14:32+01:00,server,7999044,2322,243826,932676072,1827,0,15537,0,32911424,29569664,3341760,18054336,16252864,16248768
2026-05-13T15:14:33+01:00,server,8001495,2322,243835,932678533,1827,0,15537,0,32911424,29567360,3344064,18052032,16252864,16248768
2026-05-13T15:14:34+01:00,server,8003967,2322,243841,932681002,1827,0,15537,0,32911424,29568320,3343104,18052992,16252864,16248768
2026-05-13T15:14:35+01:00,server,8006394,2322,243856,932683461,1827,0,15537,0,32911424,29570048,3341376,18054720,16252864,16248768
2026-05-13T15:14:36+01:00,server,8008848,2322,243867,932685919,1827,0,15537,0,32911424,29570240,3341184,18054912,16252864,16248768
2026-05-13T15:14:37+01:00,server,8011300,2322,243879,932688383,1827,0,15537,0,32911424,29572160,3339264,18056832,16252864,16248768
2026-05-13T15:14:38+01:00,server,8013750,2322,243891,932690841,1827,0,15537,0,32911424,29572032,3339392,18056704,16252864,16248768
2026-05-13T15:14:39+01:00,server,8016222,2322,243904,932693298,1827,0,15537,0,32911424,29573184,3338240,18057856,16252864,16248768
2026-05-13T15:14:40+01:00,server,8018666,2322,243921,932695733,1827,0,15537,0,32911424,29572544,3338880,18057216,16252864,16248768
2026-05-13T15:14:41+01:00,server,8021117,2322,243935,932698193,1827,0,15537,0,32911424,29573312,3338112,18057984,16252864,16248768
2026-05-13T15:14:43+01:00,server,8023522,2322,243947,932700652,1827,0,15537,0,32911424,29572352,3339072,18057024,16252864,16248768
2026-05-13T15:14:44+01:00,server,8025999,2322,243955,932703117,1827,0,15537,0,32911424,29575488,3335936,18060160,16252864,16248768
2026-05-13T15:14:45+01:00,server,8028473,2322,243969,932705583,1827,0,15537,0,32911424,29572288,3339136,18056960,16252864,16248768
2026-05-13T15:14:46+01:00,server,8030811,2325,243982,932708111,1827,0,15537,0,32911424,29573120,3338304,18057792,16252864,16248768
2026-05-13T15:14:47+01:00,server,8033284,2325,243993,932710574,1827,0,15537,0,32911424,29572544,3338880,18057216,16252864,16248768
2026-05-13T15:14:48+01:00,server,8035723,2325,243996,932713035,1827,0,15539,0,32911424,29571392,3340032,18056064,16252864,16248768
2026-05-13T15:14:49+01:00,server,8038178,2325,244008,932715493,1827,0,15539,0,32911424,29571008,3340416,18055680,16252864,16248768
2026-05-13T15:14:50+01:00,server,8040616,2325,244017,932717948,1827,0,15539,0,32911424,29572352,3339072,18057024,16252864,16248768
2026-05-13T15:14:51+01:00,server,8043065,2325,244029,932720401,1827,0,15539,0,32911424,29568512,3342912,18053184,16252864,16248768
2026-05-13T15:14:52+01:00,server,8045530,2325,244041,932722856,1827,0,15540,0,32911424,29568704,3342720,18053376,16252864,16248768
2026-05-13T15:14:53+01:00,server,8047980,2325,244051,932725312,1827,0,15540,0,32911424,29569984,3341440,18054656,16252864,16248768
2026-05-13T15:14:54+01:00,server,8050458,2325,244063,932727767,1827,0,15540,0,32911424,29569472,3341952,18054080,16252864,16248768
2026-05-13T15:14:55+01:00,server,8052883,2325,244073,932730231,1827,0,15540,0,32911424,29572608,3338816,18057216,16252864,16248768
2026-05-13T15:14:56+01:00,server,8055369,2325,244090,932732663,1827,0,15541,0,32911424,29573504,3337920,18058048,16252864,16248768
2026-05-13T15:14:57+01:00,server,8057773,2325,244102,932735124,1827,0,15542,0,32911424,29572864,3338560,18057408,16252864,16248768
2026-05-13T15:14:58+01:00,server,8060249,2325,244112,932737582,1827,0,15542,0,32911424,29572352,3339072,18056832,16252864,16248768
2026-05-13T15:14:59+01:00,server,8062678,2325,244123,932740043,1827,0,15542,0,32911424,29574656,3336768,18059136,16252864,16248768
2026-05-13T15:15:00+01:00,server,8065130,2325,244130,932742506,1827,0,15542,0,32911424,29572928,3338496,18057408,16252864,16248768
2026-05-13T15:15:01+01:00,server,8067539,2325,244153,932744972,1827,0,15542,0,32911424,29572160,3339264,18056640,16252864,16248768
2026-05-13T15:15:02+01:00,server,8070020,2325,244165,932747422,1827,0,15542,0,32911424,29566400,3345024,18050880,16252864,16248768
2026-05-13T15:15:03+01:00,server,8072490,2325,244182,932749880,1827,0,15543,0,32911424,29562176,3349248,18046656,16252864,16248768
2026-05-13T15:15:04+01:00,server,8074938,2325,244194,932752337,1827,0,15545,0,32911424,29562752,3348672,18047232,16252864,16248768
2026-05-13T15:15:05+01:00,server,8077427,2325,244204,932754787,1827,0,15546,0,32911424,29563136,3348288,18047616,16252864,16248768
2026-05-13T15:15:06+01:00,server,8079854,2325,244217,932757250,1827,0,15546,0,32911424,29565248,3346176,18049728,16252864,16248768
2026-05-13T15:15:07+01:00,server,8082306,2325,244229,932759707,1827,0,15546,0,32911424,29566592,3344832,18051072,16252864,16248768
2026-05-13T15:15:08+01:00,server,8084732,2325,244240,932762164,1827,0,15547,0,32911424,29565056,3346368,18049536,16252864,16248768
2026-05-13T15:15:09+01:00,server,8087182,2325,244253,932764620,1827,0,15547,0,32911424,29568704,3342720,18053184,16252864,16248768
2026-05-13T15:15:10+01:00,server,8089588,2325,244264,932767076,1827,0,15547,0,32911424,29566208,3345216,18050688,16252864,16248768
2026-05-13T15:15:11+01:00,server,8092070,2325,244288,932769508,1827,0,15547,0,32911424,29567168,3344256,18051648,16252864,16248768
2026-05-13T15:15:12+01:00,server,8094521,2325,244299,932771972,1827,0,15548,0,32911424,29564480,3346944,18048960,16252864,16248768
2026-05-13T15:15:13+01:00,server,8096969,2325,244306,932774437,1827,0,15548,0,32911424,29560832,3350592,18045312,16252864,16248768
2026-05-13T15:15:14+01:00,server,8099416,2325,244317,932776899,1827,0,15548,0,32911424,29562368,3349056,18046848,16252864,16248768
2026-05-13T15:15:15+01:00,server,8101869,2325,244325,932779361,1827,0,15548,0,32911424,29563136,3348288,18047616,16252864,16248768
2026-05-13T15:15:16+01:00,server,8104250,2325,244336,932781895,1827,0,15548,0,32911424,29565248,3346176,18049600,16252864,16248768
2026-05-13T15:15:17+01:00,server,8106724,2325,244350,932784352,1827,0,15548,0,32911424,29563328,3348096,18047680,16252864,16248768
2026-05-13T15:15:18+01:00,server,8109118,2325,244371,932786809,1827,0,15549,0,32911424,29565632,3345792,18049984,16252864,16248768
2026-05-13T15:15:19+01:00,server,8111567,2325,244386,932789268,1827,0,15549,0,32911424,29563136,3348288,18047488,16252864,16248768
2026-05-13T15:15:20+01:00,server,8114013,2325,244398,932791725,1827,0,15550,0,32911424,29564672,3346752,18049024,16252864,16248768
2026-05-13T15:15:21+01:00,server,8116485,2325,244411,932794183,1827,0,15550,0,32911424,29564480,3346944,18048832,16252864,16248768
2026-05-13T15:15:22+01:00,server,8118935,2325,244425,932796640,1827,0,15550,0,32911424,29565568,3345856,18049920,16252864,16248768
2026-05-13T15:15:24+01:00,server,8121411,2325,244437,932799099,1827,0,15550,0,32911424,29558656,3352768,18043008,16252864,16248768
2026-05-13T15:15:25+01:00,server,8123862,2325,244450,932801564,1827,0,15550,0,32911424,29559424,3352000,18043776,16252864,16248768
2026-05-13T15:15:26+01:00,server,8126320,2325,244463,932803995,1827,0,15550,0,32911424,29561920,3349504,18046272,16252864,16248768
2026-05-13T15:15:27+01:00,server,8128792,2325,244469,932806463,1827,0,15550,0,32911424,29556352,3355072,18040704,16252864,16248768
2026-05-13T15:15:28+01:00,server,8131243,2325,244477,932808922,1827,0,15550,0,32911424,29562112,3349312,18046464,16252864,16248768
2026-05-13T15:15:29+01:00,server,8133693,2325,244491,932811379,1827,0,15550,0,32911424,29562304,3349120,18046656,16252864,16248768
2026-05-13T15:15:30+01:00,server,8136145,2325,244499,932813837,1827,0,15551,0,32911424,29564224,3347200,18048576,16252864,16248768
2026-05-13T15:15:31+01:00,server,8138612,2325,244520,932816303,1827,0,15551,0,32911424,29562880,3348544,18047232,16252864,16248768
2026-05-13T15:15:32+01:00,server,8141016,2325,244531,932818760,1827,0,15552,0,32911424,29560448,3350976,18044736,16252864,16248768
2026-05-13T15:15:33+01:00,server,8143492,2325,244541,932821217,1827,0,15552,0,32911424,29561920,3349504,18046208,16252864,16248768
2026-05-13T15:15:34+01:00,server,8145933,2325,244557,932823675,1827,0,15552,0,32911424,29563648,3347776,18047936,16252864,16248768
2026-05-13T15:15:35+01:00,server,8148406,2325,244572,932826132,1827,0,15552,0,32911424,29561920,3349504,18046208,16252864,16248768
2026-05-13T15:15:36+01:00,server,8150857,2325,244583,932828589,1827,0,15552,0,32911424,29561344,3350080,18045632,16252864,16248768
2026-05-13T15:15:37+01:00,server,8153320,2325,244601,932831053,1827,0,15552,0,32911424,29560000,3351424,18044288,16252864,16248768
2026-05-13T15:15:38+01:00,server,8155684,2325,244608,932833584,1827,0,15553,0,32911424,29561984,3349440,18046272,16252864,16248768
2026-05-13T15:15:39+01:00,server,8158151,2325,244619,932836043,1827,0,15553,0,32911424,29561152,3350272,18045440,16252864,16248768
2026-05-13T15:15:40+01:00,server,8160564,2325,244623,932838510,1827,0,15553,0,32911424,29560576,3350848,18044864,16252864,16248768
2026-05-13T15:15:41+01:00,server,8163019,2325,244643,932840943,1827,0,15553,0,32911424,29563200,3348224,18047488,16252864,16248768
2026-05-13T15:15:42+01:00,server,8165488,2325,244654,932843396,1827,0,15553,0,32911424,29562816,3348608,18047104,16252864,16248768
2026-05-13T15:15:43+01:00,server,8167917,2325,244663,932845852,1827,0,15553,0,32911424,29564992,3346432,18049280,16252864,16248768
2026-05-13T15:15:44+01:00,server,8170393,2325,244673,932848310,1827,0,15553,0,32911424,29564800,3346624,18049088,16252864,16248768
2026-05-13T15:15:45+01:00,server,8172844,2325,244682,932850767,1827,0,15553,0,32911424,29564800,3346624,18049088,16252864,16248768
2026-05-13T15:15:46+01:00,server,8175262,2325,244694,932853228,1827,0,15554,0,32911424,29565056,3346368,18049344,16252864,16248768
2026-05-13T15:15:47+01:00,server,8177740,2325,244703,932855689,1827,0,15554,0,32911424,29563904,3347520,18048192,16252864,16248768
2026-05-13T15:15:48+01:00,server,8180167,2325,244715,932858147,1827,0,15554,0,32911424,29563136,3348288,18047424,16252864,16248768
2026-05-13T15:15:49+01:00,server,8182640,2325,244727,932860604,1827,0,15555,0,32911424,29566656,3344768,18050880,16252864,16248768
2026-05-13T15:15:50+01:00,server,8185091,2325,244740,932863066,1827,0,15555,0,32911424,29560704,3350720,18044928,16252864,16248768
2026-05-13T15:15:51+01:00,server,8187545,2325,244750,932865524,1827,0,15556,0,32911424,29558784,3352640,18043008,16252864,16248768
2026-05-13T15:15:52+01:00,server,8190010,2325,244758,932867987,1827,0,15556,0,32911424,29560128,3351296,18044352,16252864,16248768
2026-05-13T15:15:53+01:00,server,8192466,2325,244765,932870452,1827,0,15556,0,32911424,29562048,3349376,18046272,16252864,16248768
2026-05-13T15:15:54+01:00,server,8194940,2325,244779,932872910,1827,0,15557,0,32911424,29562880,3348544,18047104,16252864,16248768
2026-05-13T15:15:55+01:00,server,8197369,2325,244791,932875369,1827,0,15557,0,32911424,29563648,3347776,18047872,16252864,16248768
2026-05-13T15:15:56+01:00,server,8199878,2325,244813,932877804,1827,0,15557,0,32911424,29563648,3347776,18047872,16252864,16248768
2026-05-13T15:15:57+01:00,server,8202285,2325,244822,932880263,1827,0,15557,0,32911424,29564032,3347392,18048256,16252864,16248768
2026-05-13T15:15:58+01:00,server,8204759,2325,244836,932882723,1827,0,15557,0,32911424,29565568,3345856,18049792,16252864,16248768
2026-05-13T15:15:59+01:00,server,8207162,2325,244846,932885182,1827,0,15558,0,32911424,29565952,3345472,18050176,16252864,16248768
2026-05-13T15:16:00+01:00,server,8209590,2325,244858,932887642,1827,0,15559,0,32911424,29566720,3344704,18050944,16252864,16248768
2026-05-13T15:16:01+01:00,server,8212038,2325,244875,932890111,1828,0,15559,0,32911424,29565952,3345472,18050176,16252864,16248768
2026-05-13T15:16:02+01:00,server,8214491,2325,244883,932892569,1828,0,15559,0,32911424,29564480,3346944,18048640,16252864,16248768
2026-05-13T15:16:03+01:00,server,8216941,2325,244897,932895028,1828,0,15560,0,32911424,29563328,3348096,18047488,16252864,16248768
2026-05-13T15:16:05+01:00,server,8219393,2325,244908,932897487,1828,0,15560,0,32911424,29561984,3349440,18046144,16252864,16248768
2026-05-13T15:16:06+01:00,server,8221842,2325,244913,932899952,1828,0,15561,0,32911424,29560064,3351360,18044224,16252864,16248768
2026-05-13T15:16:07+01:00,server,8224292,2325,244924,932902412,1828,0,15561,0,32911424,29563648,3347776,18047808,16252864,16248768
2026-05-13T15:16:08+01:00,server,8226626,2325,244937,932904957,1828,0,15561,0,32911424,29562816,3348608,18046976,16252864,16248768
2026-05-13T15:16:09+01:00,server,8229079,2325,244947,932907416,1828,0,15561,0,32911424,29560192,3351232,18044352,16252864,16248768
2026-05-13T15:16:10+01:00,server,8231528,2325,244959,932909873,1828,0,15561,0,32911424,29563072,3348352,18047232,16252864,16248768
2026-05-13T15:16:11+01:00,server,8234014,2325,244975,932912303,1828,0,15561,0,32911424,29564288,3347136,18048448,16252864,16248768
2026-05-13T15:16:12+01:00,server,8236462,2325,244987,932914766,1828,0,15561,0,32911424,29561856,3349568,18046016,16252864,16248768
2026-05-13T15:16:13+01:00,server,8238938,2325,244998,932917223,1828,0,15561,0,32911424,29562432,3348992,18046592,16252864,16248768
2026-05-13T15:16:14+01:00,server,8241366,2325,245009,932919680,1828,0,15561,0,32911424,29561088,3350336,18045248,16252864,16248768
2026-05-13T15:16:15+01:00,server,8243842,2325,245020,932922136,1828,0,15561,0,32911424,29559360,3352064,18043520,16252864,16248768
2026-05-13T15:16:16+01:00,server,8246278,2325,245035,932924599,1828,0,15562,0,32911424,29562624,3348800,18046784,16252864,16248768
2026-05-13T15:16:17+01:00,server,8248728,2325,245047,932927056,1828,0,15563,0,32911424,29557248,3354176,18041408,16252864,16248768
2026-05-13T15:16:18+01:00,server,8251155,2325,245053,932929518,1828,0,15564,0,32911424,29561280,3350144,18045440,16252864,16248768
2026-05-13T15:16:19+01:00,server,8253626,2325,245060,932931984,1828,0,15564,0,32911424,29558720,3352704,18042880,16252864,16248768
2026-05-13T15:16:20+01:00,server,8256053,2325,245071,932934440,1828,0,15564,0,32911424,29561024,3350400,18045184,16252864,16248768
2026-05-13T15:16:21+01:00,server,8258530,2325,245080,932936898,1828,0,15564,0,32911424,29561216,3350208,18045376,16252864,16248768
2026-05-13T15:16:22+01:00,server,8260954,2325,245094,932939355,1828,0,15565,0,32911424,29560640,3350784,18044800,16252864,16248768
2026-05-13T15:16:23+01:00,server,8263315,2325,245110,932941812,1828,0,15565,0,32911424,29560064,3351360,18044224,16252864,16248768
2026-05-13T15:16:24+01:00,server,8265720,2325,245123,932944273,1828,0,15565,0,32911424,29561600,3349824,18045760,16252864,16248768
2026-05-13T15:16:25+01:00,server,8268142,2325,245137,932946736,1828,0,15567,0,32911424,29562176,3349248,18046336,16252864,16248768
2026-05-13T15:16:26+01:00,server,8270636,2325,245158,932949172,1828,0,15569,0,32911424,29562752,3348672,18046912,16252864,16248768
2026-05-13T15:16:27+01:00,server,8273085,2325,245172,932951634,1828,0,15569,0,32911424,29560256,3351168,18044416,16252864,16248768
2026-05-13T15:16:28+01:00,server,8275515,2325,245185,932954097,1828,0,15569,0,32911424,29562240,3349184,18046336,16252864,16248768
2026-05-13T15:16:29+01:00,server,8277967,2325,245198,932956560,1828,0,15570,0,32911424,29559360,3352064,18043456,16252864,16248768
2026-05-13T15:16:30+01:00,server,8280324,2325,245208,932959095,1828,0,15571,0,32911424,29558976,3352448,18043072,16252864,16248768
2026-05-13T15:16:31+01:00,server,8282773,2325,245217,932961558,1828,0,15571,0,32911424,29560512,3350912,18044608,16252864,16248768
2026-05-13T15:16:32+01:00,server,8285202,2325,245221,932964021,1828,0,15571,0,32911424,29560512,3350912,18044608,16252864,16248768
2026-05-13T15:16:33+01:00,server,8287653,2325,245234,932966480,1828,0,15571,0,32911424,29561664,3349760,18045760,16252864,16248768
2026-05-13T15:16:34+01:00,server,8290095,2325,245245,932968940,1828,0,15572,0,32911424,29560320,3351104,18044416,16252864,16248768
2026-05-13T15:16:35+01:00,server,8292518,2325,245263,932971399,1828,0,15572,0,32911424,29558784,3352640,18042880,16252864,16248768
2026-05-13T15:16:36+01:00,server,8294930,2325,245276,932973860,1828,0,15573,0,32911424,29555520,3355904,18039616,16252864,16248768
2026-05-13T15:16:37+01:00,server,8297379,2325,245288,932976321,1828,0,15574,0,32911424,29557504,3353920,18041600,16252864,16248768
2026-05-13T15:16:38+01:00,server,8299787,2325,245296,932978783,1828,0,15574,0,32911424,29558464,3352960,18042560,16252864,16248768
2026-05-13T15:16:39+01:00,server,8302235,2325,245315,932981244,1828,0,15575,0,32911424,29560000,3351424,18044096,16252864,16248768
2026-05-13T15:16:40+01:00,server,8304651,2325,245338,932983680,1828,0,15576,0,32911424,29562560,3348864,18046656,16252864,16248768
2026-05-13T15:16:41+01:00,server,8307058,2325,245349,932986141,1828,0,15576,0,32911424,29564096,3347328,18048128,16252864,16248768
2026-05-13T15:16:42+01:00,server,8309465,2325,245360,932988603,1828,0,15576,0,32911424,29561216,3350208,18045248,16252864,16248768
2026-05-13T15:16:43+01:00,server,8311923,2325,245389,932991066,1828,0,15576,0,32911424,29560384,3351040,18044416,16252864,16248768
2026-05-13T15:16:45+01:00,server,8314286,2325,245393,932993542,1828,0,15576,0,32911424,29560960,3350464,18044992,16252864,16248768
2026-05-13T15:16:46+01:00,server,8316739,2325,245403,932996007,1828,0,15576,0,32911424,29561536,3349888,18045568,16252864,16248768
2026-05-13T15:16:47+01:00,server,8319191,2325,245415,932998474,1828,0,15576,0,32911424,29561920,3349504,18045952,16252864,16248768
2026-05-13T15:16:48+01:00,server,8321609,2325,245426,933000938,1828,0,15576,0,32911424,29560960,3350464,18044992,16252864,16248768
2026-05-13T15:16:49+01:00,server,8324084,2325,245436,933003402,1828,0,15577,0,32911424,29561664,3349760,18045696,16252864,16248768
2026-05-13T15:16:50+01:00,server,8326527,2325,245449,933005866,1828,0,15578,0,32911424,29560640,3350784,18044672,16252864,16248768
2026-05-13T15:16:51+01:00,server,8329005,2325,245467,933008395,1828,0,15578,0,32911424,29561280,3350144,18045248,16252864,16248768
2026-05-13T15:16:52+01:00,server,8331388,2325,245479,933010939,1828,0,15578,0,32911424,29558784,3352640,18042624,16252864,16248768
2026-05-13T15:16:53+01:00,server,8333836,2325,245490,933013397,1828,0,15580,0,32911424,29555136,3356288,18038976,16252864,16248768
2026-05-13T15:16:54+01:00,server,8336314,2325,245503,933015851,1828,0,15580,0,32911424,29555456,3355968,18039232,16252864,16248768
2026-05-13T15:16:55+01:00,server,8338765,2325,245512,933018313,1828,0,15580,0,32911424,29556800,3354624,18040576,16252864,16248768
2026-05-13T15:16:56+01:00,server,8341236,2325,245528,933020744,1828,0,15581,0,32911424,29560448,3350976,18044224,16252864,16248768
2026-05-13T15:16:57+01:00,server,8343682,2325,245541,933023202,1828,0,15581,0,32911424,29556800,3354624,18040576,16252864,16248768
2026-05-13T15:16:58+01:00,server,8346122,2325,245558,933025667,1828,0,15581,0,32911424,29550464,3360960,18034240,16252864,16248768
2026-05-13T15:16:59+01:00,server,8348559,2325,245567,933028128,1828,0,15581,0,32911424,29553344,3358080,18037120,16252864,16248768
2026-05-13T15:17:00+01:00,server,8351026,2325,245579,933030586,1828,0,15581,0,32911424,29555008,3356416,18038784,16252864,16248768
2026-05-13T15:17:01+01:00,server,8353500,2325,245592,933033044,1828,0,15581,0,32911424,29556160,3355264,18039936,16252864,16248768
2026-05-13T15:17:02+01:00,server,8355939,2325,245603,933035502,1828,0,15581,0,32911424,29556032,3355392,18039744,16252864,16248768
2026-05-13T15:17:03+01:00,server,8358366,2325,245638,933037961,1828,0,15581,0,32911424,29558016,3353408,18041728,16252864,16248768
2026-05-13T15:17:04+01:00,server,8360790,2325,245651,933040420,1828,0,15582,0,32911424,29558208,3353216,18041920,16252864,16248768
2026-05-13T15:17:05+01:00,server,8363259,2325,245667,933042873,1828,0,15582,0,32911424,29562176,3349248,18045888,16252864,16248768
2026-05-13T15:17:06+01:00,server,8365663,2325,245678,933045333,1828,0,15583,0,32911424,29560832,3350592,18044544,16252864,16248768
2026-05-13T15:17:07+01:00,server,8368139,2325,245690,933047794,1828,0,15583,0,32911424,29560448,3350976,18044160,16252864,16248768
2026-05-13T15:17:08+01:00,server,8370558,2325,245704,933050254,1828,0,15583,0,32911424,29558336,3353088,18042048,16252864,16248768
2026-05-13T15:17:09+01:00,server,8372997,2325,245720,933052715,1828,0,15583,0,32911424,29561472,3349952,18045120,16252864,16248768
2026-05-13T15:17:10+01:00,server,8375424,2326,245731,933055175,1828,0,15583,0,32911424,29560704,3350720,18044352,16252864,16248768
2026-05-13T15:17:11+01:00,server,8377846,2326,245747,933057630,1828,0,15584,0,32911424,29561344,3350080,18044928,16252864,16248768
2026-05-13T15:17:12+01:00,server,8380295,2326,245762,933060094,1828,0,15584,0,32911424,29562304,3349120,18045888,16252864,16248768
2026-05-13T15:17:13+01:00,server,8382728,2326,245778,933062556,1828,0,15585,0,32911424,29563456,3347968,18047040,16252864,16248768
2026-05-13T15:17:14+01:00,server,8385131,2326,245789,933065096,1828,0,15586,0,32911424,29563200,3348224,18046784,16252864,16248768
2026-05-13T15:17:15+01:00,server,8387580,2326,245802,933067553,1828,0,15586,0,32911424,29563072,3348352,18046656,16252864,16248768
2026-05-13T15:17:16+01:00,server,8389989,2326,245820,933070010,1828,0,15586,0,32911424,29561536,3349888,18045120,16252864,16248768
2026-05-13T15:17:17+01:00,server,8392441,2326,245828,933072468,1828,0,15586,0,32911424,29560768,3350656,18044352,16252864,16248768
2026-05-13T15:17:18+01:00,server,8394913,2326,245842,933074927,1828,0,15587,0,32911424,29562304,3349120,18045888,16252864,16248768
2026-05-13T15:17:19+01:00,server,8397361,2326,245852,933077384,1828,0,15588,0,32911424,29561536,3349888,18045120,16252864,16248768
2026-05-13T15:17:20+01:00,server,8399808,2326,245866,933079841,1828,0,15590,0,32911424,29562112,3349312,18045696,16252864,16248768
2026-05-13T15:17:21+01:00,server,8402259,2326,245878,933082299,1828,0,15590,0,32911424,29558720,3352704,18042240,16252864,16248768
2026-05-13T15:17:22+01:00,server,8404712,2326,245888,933084757,1828,0,15590,0,32911424,29555264,3356160,18038784,16252864,16248768
2026-05-13T15:17:23+01:00,server,8407161,2326,245897,933087218,1828,0,15590,0,32911424,29556992,3354432,18040512,16252864,16248768
2026-05-13T15:17:25+01:00,server,8409633,2326,245904,933089683,1828,0,15590,0,32911424,29558720,3352704,18042240,16252864,16248768
2026-05-13T15:17:26+01:00,server,8412094,2326,245927,933092113,1828,0,15590,0,32911424,29560960,3350464,18043648,16252864,16248768
2026-05-13T15:17:27+01:00,server,8414544,2326,245940,933094571,1828,0,15590,0,32911424,29560576,3350848,18043264,16252864,16248768
2026-05-13T15:17:28+01:00,server,8416975,2326,245946,933097028,1828,0,15591,0,32911424,29560064,3351360,18042688,16252864,16248768
2026-05-13T15:17:29+01:00,server,8419417,2326,245960,933099486,1828,0,15592,0,32911424,29559872,3351552,18042496,16252864,16248768
2026-05-13T15:17:30+01:00,server,8421866,2326,245981,933101931,1828,0,15592,0,32911424,29560000,3351424,18042624,16252864,16248768
2026-05-13T15:17:31+01:00,server,8424400,2326,246025,933104288,1828,0,15592,0,32911424,29555712,3355712,18038336,16252864,16248768
2026-05-13T15:17:32+01:00,server,8426898,2326,246073,933106658,1828,0,15595,0,32911424,29555776,3355648,18038400,16252864,16248768
2026-05-13T15:17:33+01:00,server,8429339,2326,246084,933109119,1828,0,15596,0,32911424,29560768,3350656,18043392,16252864,16248768
2026-05-13T15:17:34+01:00,server,8431769,2326,246093,933111580,1828,0,15597,0,32911424,29562560,3348864,18045184,16252864,16248768
2026-05-13T15:17:35+01:00,server,8434245,2326,246105,933114040,1828,0,15597,0,32911424,29560448,3350976,18043072,16252864,16248768
2026-05-13T15:17:36+01:00,server,8436581,2326,246118,933116580,1828,0,15597,0,32911424,29560064,3351360,18042688,16252864,16248768
2026-05-13T15:17:37+01:00,server,8439028,2326,246126,933119045,1828,0,15598,0,32911424,29558912,3352512,18041536,16252864,16248768
2026-05-13T15:17:38+01:00,server,8441476,2326,246137,933121506,1828,0,15598,0,32911424,29557952,3353472,18040576,16252864,16248768
2026-05-13T15:17:39+01:00,server,8443950,2326,246149,933123962,1828,0,15600,0,32911424,29558720,3352704,18041344,16252864,16248768
2026-05-13T15:17:40+01:00,server,8446398,2326,246163,933126419,1828,0,15601,0,32911424,29559488,3351936,18042112,16252864,16248768
2026-05-13T15:17:41+01:00,server,8448879,2326,246179,933128850,1828,0,15601,0,32911424,29557760,3353664,18040384,16252864,16248768
2026-05-13T15:17:42+01:00,server,8451325,2326,246195,933131307,1828,0,15602,0,32911424,29557760,3353664,18040384,16252864,16248768
2026-05-13T15:17:43+01:00,server,8453776,2326,246209,933133764,1828,0,15603,0,32911424,29556800,3354624,18039424,16252864,16248768
2026-05-13T15:17:44+01:00,server,8456223,2326,246223,933136221,1828,0,15604,0,32911424,29556608,3354816,18039232,16252864,16248768
2026-05-13T15:17:45+01:00,server,8458699,2326,246229,933138678,1828,0,15606,0,32911424,29556544,3354880,18039168,16252864,16248768
2026-05-13T15:17:46+01:00,server,8461123,2326,246242,933141136,1828,0,15607,0,32911424,29555200,3356224,18037824,16252864,16248768
2026-05-13T15:17:47+01:00,server,8463577,2326,246252,933143592,1828,0,15607,0,32911424,29546944,3364480,18029568,16252864,16248768
2026-05-13T15:17:48+01:00,server,8466025,2326,246263,933146050,1828,0,15609,0,32911424,29551488,3359936,18034048,16252864,16248768
2026-05-13T15:17:49+01:00,server,8468497,2326,246276,933148507,1828,0,15609,0,32911424,29551296,3360128,18033856,16252864,16248768
2026-05-13T15:17:50+01:00,server,8470924,2326,246278,933150973,1828,0,15609,0,32911424,29552448,3358976,18035008,16252864,16248768
2026-05-13T15:17:51+01:00,server,8473376,2326,246286,933153436,1828,0,15610,0,32911424,29553600,3357824,18036160,16252864,16248768
2026-05-13T15:17:52+01:00,server,8475830,2326,246297,933155894,1828,0,15610,0,32911424,29552256,3359168,18034816,16252864,16248768
2026-05-13T15:17:53+01:00,server,8478280,2326,246313,933158354,1828,0,15610,0,32911424,29553408,3358016,18035968,16252864,16248768
2026-05-13T15:17:54+01:00,server,8480684,2326,246327,933160813,1828,0,15610,0,32911424,29553024,3358400,18035584,16252864,16248768
2026-05-13T15:17:55+01:00,server,8483133,2326,246344,933163273,1828,0,15610,0,32911424,29555712,3355712,18038272,16252864,16248768
2026-05-13T15:17:56+01:00,server,8485590,2326,246361,933165707,1828,0,15611,0,32911424,29555904,3355520,18038464,16252864,16248768
2026-05-13T15:17:57+01:00,server,8488056,2326,246377,933168171,1829,0,15611,0,32911424,29557440,3353984,18040000,16252864,16248768
