warning: no usable GPU found, --gpu-layers option will be ignored
warning: one possible reason is that llama.cpp was compiled without GPU support
warning: consult docs/build.md for compilation instructions
system info: n_threads = 24, n_threads_batch = 24, total_threads = 48

system_info: n_threads = 24 (n_threads_batch = 24) / 48 | CPU : NEON = 1 | ARM_FMA = 1 | FP16_VA = 1 | SVE = 1 | SVE_CNT = 64 | OPENMP = 1 | REPACK = 1 | 

init: using 47 threads for HTTP server
start: binding port with default address family
main: loading model
srv    load_model: loading model '/projects/F202500010HPCVLABUMINHO/uminhocp006/aded-project-llamacpp/llamacpp-tq/models/gemma-4-E4B-it-OBLITERATED-Q4_K_M.gguf'
llama_model_loader: loaded meta data with 44 key-value pairs and 720 tensors from /projects/F202500010HPCVLABUMINHO/uminhocp006/aded-project-llamacpp/llamacpp-tq/models/gemma-4-E4B-it-OBLITERATED-Q4_K_M.gguf (version GGUF V3 (latest))
llama_model_loader: Dumping metadata keys/values. Note: KV overrides do not apply in this output.
llama_model_loader: - kv   0:                       general.architecture str              = gemma4
llama_model_loader: - kv   1:                               general.type str              = model
llama_model_loader: - kv   2:                     general.sampling.top_k i32              = 64
llama_model_loader: - kv   3:                     general.sampling.top_p f32              = 0.950000
llama_model_loader: - kv   4:                      general.sampling.temp f32              = 1.000000
llama_model_loader: - kv   5:                               general.name str              = Gemma 4 E4B It OBLITERATED v3.1
llama_model_loader: - kv   6:                            general.version str              = v3.1
llama_model_loader: - kv   7:                           general.basename str              = gemma-4-E4B-it-OBLITERATED
llama_model_loader: - kv   8:                         general.size_label str              = 7.5B
llama_model_loader: - kv   9:                         gemma4.block_count u32              = 42
llama_model_loader: - kv  10:                      gemma4.context_length u32              = 131072
llama_model_loader: - kv  11:                    gemma4.embedding_length u32              = 2560
llama_model_loader: - kv  12:                 gemma4.feed_forward_length u32              = 10240
llama_model_loader: - kv  13:                gemma4.attention.head_count u32              = 8
llama_model_loader: - kv  14:             gemma4.attention.head_count_kv u32              = 2
llama_model_loader: - kv  15:                      gemma4.rope.freq_base f32              = 1000000.000000
llama_model_loader: - kv  16:                  gemma4.rope.freq_base_swa f32              = 10000.000000
llama_model_loader: - kv  17:    gemma4.attention.layer_norm_rms_epsilon f32              = 0.000001
llama_model_loader: - kv  18:                gemma4.attention.key_length u32              = 512
llama_model_loader: - kv  19:              gemma4.attention.value_length u32              = 512
llama_model_loader: - kv  20:             gemma4.final_logit_softcapping f32              = 30.000000
llama_model_loader: - kv  21:            gemma4.attention.sliding_window u32              = 512
llama_model_loader: - kv  22:          gemma4.attention.shared_kv_layers u32              = 18
llama_model_loader: - kv  23:    gemma4.embedding_length_per_layer_input u32              = 256
llama_model_loader: - kv  24:    gemma4.attention.sliding_window_pattern arr[bool,42]     = [true, true, true, true, true, false,...
llama_model_loader: - kv  25:            gemma4.attention.key_length_swa u32              = 256
llama_model_loader: - kv  26:          gemma4.attention.value_length_swa u32              = 256
llama_model_loader: - kv  27:                gemma4.rope.dimension_count u32              = 512
llama_model_loader: - kv  28:            gemma4.rope.dimension_count_swa u32              = 256
llama_model_loader: - kv  29:                       tokenizer.ggml.model str              = gemma4
llama_model_loader: - kv  30:                      tokenizer.ggml.tokens arr[str,262144]  = ["<pad>", "<eos>", "<bos>", "<unk>", ...
llama_model_loader: - kv  31:                      tokenizer.ggml.scores arr[f32,262144]  = [-1000.000000, -1000.000000, -1000.00...
llama_model_loader: - kv  32:                  tokenizer.ggml.token_type arr[i32,262144]  = [3, 3, 3, 3, 3, 1, 1, 1, 1, 1, 1, 1, ...
llama_model_loader: - kv  33:                      tokenizer.ggml.merges arr[str,514906]  = ["\n\n\n\n\n\n\n\n\n\n\n\n\n\n\n\n\n\n\n\n\n\n\n\n\n\n\n\n\n\n \n", ...
llama_model_loader: - kv  34:                tokenizer.ggml.bos_token_id u32              = 2
llama_model_loader: - kv  35:                tokenizer.ggml.eos_token_id u32              = 1
llama_model_loader: - kv  36:            tokenizer.ggml.unknown_token_id u32              = 3
llama_model_loader: - kv  37:            tokenizer.ggml.padding_token_id u32              = 0
llama_model_loader: - kv  38:               tokenizer.ggml.mask_token_id u32              = 4
llama_model_loader: - kv  39:                    tokenizer.chat_template str              = {%- macro format_parameters(propertie...
llama_model_loader: - kv  40:            tokenizer.ggml.add_space_prefix bool             = false
llama_model_loader: - kv  41:               tokenizer.ggml.add_bos_token bool             = true
llama_model_loader: - kv  42:               general.quantization_version u32              = 2
llama_model_loader: - kv  43:                          general.file_type u32              = 15
llama_model_loader: - type  f32:  339 tensors
llama_model_loader: - type  f16:    1 tensors
llama_model_loader: - type q4_K:  336 tensors
llama_model_loader: - type q6_K:   44 tensors
print_info: file format = GGUF V3 (latest)
print_info: file type   = Q4_K - Medium
print_info: file size   = 4.95 GiB (5.66 BPW) 
load: 0 unused tokens
load: control-looking token:    212 '</s>' was not control-type; this is probably a bug in the model. its type will be overridden
load: special_eos_id is not in special_eog_ids - the tokenizer config may be incorrect
load: printing all EOG tokens:
load:   - 1 ('<eos>')
load:   - 106 ('<turn|>')
load:   - 212 ('</s>')
load: special tokens cache size = 25
load: token to piece cache size = 1.9443 MB
print_info: arch                  = gemma4
print_info: vocab_only            = 0
print_info: no_alloc              = 0
print_info: n_ctx_train           = 131072
print_info: n_embd                = 2560
print_info: n_embd_inp            = 2560
print_info: n_layer               = 42
print_info: n_head                = 8
print_info: n_head_kv             = 2
print_info: n_rot                 = 512
print_info: n_swa                 = 512
print_info: is_swa_any            = 1
print_info: n_embd_head_k         = 512
print_info: n_embd_head_v         = 512
print_info: n_gqa                 = 4
print_info: n_embd_k_gqa          = [512, 512, 512, 512, 512, 1024, 512, 512, 512, 512, 512, 1024, 512, 512, 512, 512, 512, 1024, 512, 512, 512, 512, 512, 1024, 512, 512, 512, 512, 512, 1024, 512, 512, 512, 512, 512, 1024, 512, 512, 512, 512, 512, 1024]
print_info: n_embd_v_gqa          = [512, 512, 512, 512, 512, 1024, 512, 512, 512, 512, 512, 1024, 512, 512, 512, 512, 512, 1024, 512, 512, 512, 512, 512, 1024, 512, 512, 512, 512, 512, 1024, 512, 512, 512, 512, 512, 1024, 512, 512, 512, 512, 512, 1024]
print_info: f_norm_eps            = 0.0e+00
print_info: f_norm_rms_eps        = 1.0e-06
print_info: f_clamp_kqv           = 0.0e+00
print_info: f_max_alibi_bias      = 0.0e+00
print_info: f_logit_scale         = 0.0e+00
print_info: f_attn_scale          = 1.0e+00
print_info: n_ff                  = 10240
print_info: n_expert              = 0
print_info: n_expert_used         = 0
print_info: n_expert_groups       = 0
print_info: n_group_used          = 0
print_info: causal attn           = 1
print_info: pooling type          = -1
print_info: rope type             = 2
print_info: rope scaling          = linear
print_info: freq_base_train       = 1000000.0
print_info: freq_scale_train      = 1
print_info: freq_base_swa         = 10000.0
print_info: freq_scale_swa        = 1
print_info: n_embd_head_k_swa     = 256
print_info: n_embd_head_v_swa     = 256
print_info: n_rot_swa             = 256
print_info: n_ctx_orig_yarn       = 131072
print_info: rope_yarn_log_mul     = 0.0000
print_info: rope_finetuned        = unknown
print_info: model type            = E4B
print_info: model params          = 7.52 B
print_info: general.name          = Gemma 4 E4B It OBLITERATED v3.1
print_info: vocab type            = BPE
print_info: n_vocab               = 262144
print_info: n_merges              = 514906
print_info: BOS token             = 2 '<bos>'
print_info: EOS token             = 1 '<eos>'
print_info: UNK token             = 3 '<unk>'
print_info: PAD token             = 0 '<pad>'
print_info: MASK token            = 4 '<mask>'
print_info: LF token              = 107 '
'
print_info: EOG token             = 1 '<eos>'
print_info: EOG token             = 106 '<turn|>'
print_info: EOG token             = 212 '</s>'
print_info: max token length      = 93
load_tensors: loading model tensors, this can take a while... (mmap = true, direct_io = false)
str: cannot properly format tensor name output with suffix=weight bid=-1 xid=-1
load_tensors:   CPU_Mapped model buffer size =  5073.04 MiB
.............................................
common_init_result: added <eos> logit bias = -inf
common_init_result: added <turn|> logit bias = -inf
common_init_result: added </s> logit bias = -inf
llama_init_from_model: turbo cache types require flash_attn — enabling automatically
llama_context: constructing llama_context
llama_context: n_seq_max     = 1
llama_context: n_ctx         = 2048
llama_context: n_ctx_seq     = 2048
llama_context: n_batch       = 2048
llama_context: n_ubatch      = 512
llama_context: causal_attn   = 1
llama_context: flash_attn    = enabled
llama_context: kv_unified    = false
llama_context: freq_base     = 1000000.0
llama_context: freq_scale    = 1
llama_context: n_ctx_seq (2048) < n_ctx_train (131072) -- the full capacity of the model will not be utilized
llama_context:        CPU  output buffer size =     1.00 MiB
llama_kv_cache_iswa: creating non-SWA KV cache, size = 2048 cells
llama_kv_cache:        CPU KV buffer size =     8.63 MiB
llama_kv_cache: TurboQuant rotation matrices initialized (128x128)
llama_kv_cache: size =    8.50 MiB (  2048 cells,   4 layers,  1/1 seqs), K (turbo4):    4.25 MiB, V (turbo4):    4.25 MiB
llama_kv_cache: upstream attention rotation disabled (TurboQuant uses kernel-level WHT)
llama_kv_cache: attn_rot_k = 0
llama_kv_cache: attn_rot_v = 0
llama_kv_cache_iswa: creating     SWA KV cache, size = 1024 cells
llama_kv_cache:        CPU KV buffer size =    10.75 MiB
llama_kv_cache: TurboQuant rotation matrices initialized (128x128)
llama_kv_cache: size =   10.62 MiB (  1024 cells,  20 layers,  1/1 seqs), K (turbo4):    5.31 MiB, V (turbo4):    5.31 MiB
llama_kv_cache: upstream attention rotation disabled (TurboQuant uses kernel-level WHT)
llama_kv_cache: attn_rot_k = 0
llama_kv_cache: attn_rot_v = 0
sched_reserve: reserving ...
sched_reserve: resolving fused Gated Delta Net support:
sched_reserve: fused Gated Delta Net (autoregressive) enabled
sched_reserve: fused Gated Delta Net (chunked) enabled
sched_reserve:        CPU compute buffer size =   569.02 MiB
sched_reserve: graph nodes  = 1951
sched_reserve: graph splits = 1
sched_reserve: reserve took 19.24 ms, sched copies = 1
common_init_from_params: warming up the model with an empty run - please wait ... (--no-warmup to disable)
srv    load_model: initializing slots, n_slots = 1
no implementations specified for speculative decoding
slot   load_model: id  0 | task -1 | speculative decoding context not initialized
slot   load_model: id  0 | task -1 | new slot, n_ctx = 2048
srv    load_model: prompt cache is enabled, size limit: 8192 MiB
srv    load_model: use `--cache-ram 0` to disable the prompt cache
srv    load_model: for more info see https://github.com/ggml-org/llama.cpp/pull/16391
srv          init: init: --clear-idle requires --kv-unified, disabling
init: chat template, example_format: '<|turn>system
<|think|>
You are a helpful assistant<turn|>
<|turn>user
Hello<turn|>
<|turn>model
Hi there<turn|>
<|turn>user
How are you?<turn|>
<|turn>model
'
srv          init: init: chat template, thinking = 1
main: model loaded
main: server is listening on http://127.0.0.1:18080
main: starting the main loop...
srv  update_slots: all slots are idle
srv  params_from_: Chat format: peg-gemma4
slot get_availabl: id  0 | task -1 | selected slot by LRU, t_last = -1
srv  get_availabl: updating prompt cache
srv          load:  - looking for better prompt, base f_keep = -1.000, sim = 0.000
srv        update:  - cache state: 0 prompts, 0.000 MiB (limits: 8192.000 MiB, 2048 tokens, 8589934592 est)
srv  get_availabl: prompt cache update took 0.02 ms
slot launch_slot_: id  0 | task -1 | sampler chain: logits -> ?penalties -> ?dry -> ?top-n-sigma -> top-k -> ?typical -> ?top-p -> min-p -> ?xtc -> temp-ext -> dist 
slot launch_slot_: id  0 | task 0 | processing task, is_child = 0
slot update_slots: id  0 | task 0 | new prompt, n_ctx_slot = 2048, n_keep = 0, task.n_tokens = 23
slot update_slots: id  0 | task 0 | n_tokens = 0, memory_seq_rm [0, end)
slot update_slots: id  0 | task 0 | prompt processing progress, n_tokens = 19, batch.n_tokens = 19, progress = 0.826087
slot update_slots: id  0 | task 0 | n_tokens = 19, memory_seq_rm [19, end)
slot init_sampler: id  0 | task 0 | init sampler, took 0.03 ms, tokens: text = 23, total = 23
slot update_slots: id  0 | task 0 | prompt processing done, n_tokens = 23, batch.n_tokens = 4
srv  log_server_r: done request: POST /v1/chat/completions 127.0.0.1 200
slot print_timing: id  0 | task 0 | 
prompt eval time =    1418.64 ms /    23 tokens (   61.68 ms per token,    16.21 tokens per second)
       eval time =    1285.34 ms /    11 tokens (  116.85 ms per token,     8.56 tokens per second)
      total time =    2703.98 ms /    34 tokens
slot      release: id  0 | task 0 | stop processing: n_tokens = 33, truncated = 0
srv  update_slots: all slots are idle
srv  params_from_: Chat format: peg-gemma4
slot get_availabl: id  0 | task -1 | selected slot by LCP similarity, sim_best = 0.234 (> 0.100 thold), f_keep = 0.333
srv  get_availabl: updating prompt cache
srv   prompt_save:  - saving prompt with length 33, total state size = 0.481 MiB
srv          load:  - looking for better prompt, base f_keep = 0.333, sim = 0.234
srv        update:  - cache state: 1 prompts, 0.481 MiB (limits: 8192.000 MiB, 2048 tokens, 562373 est)
srv        update:    - prompt 0xe4d7c0:      33 tokens, checkpoints:  0,     0.481 MiB
srv  get_availabl: prompt cache update took 0.29 ms
slot launch_slot_: id  0 | task -1 | sampler chain: logits -> ?penalties -> ?dry -> ?top-n-sigma -> top-k -> ?typical -> ?top-p -> min-p -> ?xtc -> temp-ext -> dist 
slot launch_slot_: id  0 | task 13 | processing task, is_child = 0
slot update_slots: id  0 | task 13 | new prompt, n_ctx_slot = 2048, n_keep = 0, task.n_tokens = 47
slot update_slots: id  0 | task 13 | n_past = 11, slot.prompt.tokens.size() = 33, seq_id = 0, pos_min = 0, n_swa = 512
slot update_slots: id  0 | task 13 | forcing full prompt re-processing due to lack of cache data (likely due to SWA or hybrid/recurrent memory, see https://github.com/ggml-org/llama.cpp/pull/13194#issuecomment-2868343055)
slot update_slots: id  0 | task 13 | n_tokens = 0, memory_seq_rm [0, end)
slot update_slots: id  0 | task 13 | prompt processing progress, n_tokens = 43, batch.n_tokens = 43, progress = 0.914894
slot update_slots: id  0 | task 13 | n_tokens = 43, memory_seq_rm [43, end)
slot init_sampler: id  0 | task 13 | init sampler, took 0.03 ms, tokens: text = 47, total = 47
slot update_slots: id  0 | task 13 | prompt processing done, n_tokens = 47, batch.n_tokens = 4
srv  log_server_r: done request: POST /v1/chat/completions 127.0.0.1 200
reasoning-budget: activated, budget=2147483647 tokens
slot print_timing: id  0 | task 13 | 
prompt eval time =    2776.46 ms /    47 tokens (   59.07 ms per token,    16.93 tokens per second)
       eval time =   18583.91 ms /   128 tokens (  145.19 ms per token,     6.89 tokens per second)
      total time =   21360.38 ms /   175 tokens
slot      release: id  0 | task 13 | stop processing: n_tokens = 174, truncated = 0
srv  update_slots: all slots are idle
srv  params_from_: Chat format: peg-gemma4
slot get_availabl: id  0 | task -1 | selected slot by LCP similarity, sim_best = 0.289 (> 0.100 thold), f_keep = 0.063
srv  get_availabl: updating prompt cache
srv   prompt_save:  - saving prompt with length 174, total state size = 2.532 MiB
srv          load:  - looking for better prompt, base f_keep = 0.063, sim = 0.289
srv        update:  - cache state: 2 prompts, 3.013 MiB (limits: 8192.000 MiB, 2048 tokens, 562836 est)
srv        update:    - prompt 0xe4d7c0:      33 tokens, checkpoints:  0,     0.481 MiB
srv        update:    - prompt 0xe471c0:     174 tokens, checkpoints:  0,     2.532 MiB
srv  get_availabl: prompt cache update took 0.90 ms
slot launch_slot_: id  0 | task -1 | sampler chain: logits -> ?penalties -> ?dry -> ?top-n-sigma -> top-k -> ?typical -> ?top-p -> min-p -> ?xtc -> temp-ext -> dist 
slot launch_slot_: id  0 | task 143 | processing task, is_child = 0
slot update_slots: id  0 | task 143 | new prompt, n_ctx_slot = 2048, n_keep = 0, task.n_tokens = 38
slot update_slots: id  0 | task 143 | n_past = 11, slot.prompt.tokens.size() = 174, seq_id = 0, pos_min = 0, n_swa = 512
slot update_slots: id  0 | task 143 | forcing full prompt re-processing due to lack of cache data (likely due to SWA or hybrid/recurrent memory, see https://github.com/ggml-org/llama.cpp/pull/13194#issuecomment-2868343055)
slot update_slots: id  0 | task 143 | n_tokens = 0, memory_seq_rm [0, end)
slot update_slots: id  0 | task 143 | prompt processing progress, n_tokens = 34, batch.n_tokens = 34, progress = 0.894737
slot update_slots: id  0 | task 143 | n_tokens = 34, memory_seq_rm [34, end)
slot init_sampler: id  0 | task 143 | init sampler, took 0.03 ms, tokens: text = 38, total = 38
slot update_slots: id  0 | task 143 | prompt processing done, n_tokens = 38, batch.n_tokens = 4
srv  log_server_r: done request: POST /v1/chat/completions 127.0.0.1 200
reasoning-budget: activated, budget=2147483647 tokens
reasoning-budget: deactivated (natural end)
slot print_timing: id  0 | task 143 | 
prompt eval time =    2256.96 ms /    38 tokens (   59.39 ms per token,    16.84 tokens per second)
       eval time =   18289.14 ms /   128 tokens (  142.88 ms per token,     7.00 tokens per second)
      total time =   20546.10 ms /   166 tokens
slot      release: id  0 | task 143 | stop processing: n_tokens = 165, truncated = 0
srv  update_slots: all slots are idle
srv  params_from_: Chat format: peg-gemma4
slot get_availabl: id  0 | task -1 | selected slot by LCP similarity, sim_best = 0.324 (> 0.100 thold), f_keep = 0.067
srv  get_availabl: updating prompt cache
srv   prompt_save:  - saving prompt with length 165, total state size = 2.401 MiB
srv          load:  - looking for better prompt, base f_keep = 0.067, sim = 0.324
srv        update:  - cache state: 3 prompts, 5.414 MiB (limits: 8192.000 MiB, 2048 tokens, 562871 est)
srv        update:    - prompt 0xe4d7c0:      33 tokens, checkpoints:  0,     0.481 MiB
srv        update:    - prompt 0xe471c0:     174 tokens, checkpoints:  0,     2.532 MiB
srv        update:    - prompt 0xcc0510:     165 tokens, checkpoints:  0,     2.401 MiB
srv  get_availabl: prompt cache update took 0.89 ms
slot launch_slot_: id  0 | task -1 | sampler chain: logits -> ?penalties -> ?dry -> ?top-n-sigma -> top-k -> ?typical -> ?top-p -> min-p -> ?xtc -> temp-ext -> dist 
slot launch_slot_: id  0 | task 273 | processing task, is_child = 0
slot update_slots: id  0 | task 273 | new prompt, n_ctx_slot = 2048, n_keep = 0, task.n_tokens = 34
slot update_slots: id  0 | task 273 | n_past = 11, slot.prompt.tokens.size() = 165, seq_id = 0, pos_min = 0, n_swa = 512
slot update_slots: id  0 | task 273 | forcing full prompt re-processing due to lack of cache data (likely due to SWA or hybrid/recurrent memory, see https://github.com/ggml-org/llama.cpp/pull/13194#issuecomment-2868343055)
slot update_slots: id  0 | task 273 | n_tokens = 0, memory_seq_rm [0, end)
slot update_slots: id  0 | task 273 | prompt processing progress, n_tokens = 30, batch.n_tokens = 30, progress = 0.882353
slot update_slots: id  0 | task 273 | n_tokens = 30, memory_seq_rm [30, end)
slot init_sampler: id  0 | task 273 | init sampler, took 0.03 ms, tokens: text = 34, total = 34
slot update_slots: id  0 | task 273 | prompt processing done, n_tokens = 34, batch.n_tokens = 4
srv  log_server_r: done request: POST /v1/chat/completions 127.0.0.1 200
reasoning-budget: activated, budget=2147483647 tokens
slot print_timing: id  0 | task 273 | 
prompt eval time =    2067.74 ms /    34 tokens (   60.82 ms per token,    16.44 tokens per second)
       eval time =   18272.85 ms /   128 tokens (  142.76 ms per token,     7.00 tokens per second)
      total time =   20340.60 ms /   162 tokens
slot      release: id  0 | task 273 | stop processing: n_tokens = 161, truncated = 0
srv  update_slots: all slots are idle
srv  params_from_: Chat format: peg-gemma4
slot get_availabl: id  0 | task -1 | selected slot by LCP similarity, sim_best = 0.117 (> 0.100 thold), f_keep = 0.068
srv  get_availabl: updating prompt cache
srv   prompt_save:  - saving prompt with length 161, total state size = 2.343 MiB
srv          load:  - looking for better prompt, base f_keep = 0.068, sim = 0.117
srv        update:  - cache state: 4 prompts, 7.757 MiB (limits: 8192.000 MiB, 2048 tokens, 562884 est)
srv        update:    - prompt 0xe4d7c0:      33 tokens, checkpoints:  0,     0.481 MiB
srv        update:    - prompt 0xe471c0:     174 tokens, checkpoints:  0,     2.532 MiB
srv        update:    - prompt 0xcc0510:     165 tokens, checkpoints:  0,     2.401 MiB
srv        update:    - prompt 0xfffd7c003ac0:     161 tokens, checkpoints:  0,     2.343 MiB
srv  get_availabl: prompt cache update took 0.87 ms
slot launch_slot_: id  0 | task -1 | sampler chain: logits -> ?penalties -> ?dry -> ?top-n-sigma -> top-k -> ?typical -> ?top-p -> min-p -> ?xtc -> temp-ext -> dist 
slot launch_slot_: id  0 | task 403 | processing task, is_child = 0
slot update_slots: id  0 | task 403 | new prompt, n_ctx_slot = 2048, n_keep = 0, task.n_tokens = 94
slot update_slots: id  0 | task 403 | n_past = 11, slot.prompt.tokens.size() = 161, seq_id = 0, pos_min = 0, n_swa = 512
slot update_slots: id  0 | task 403 | forcing full prompt re-processing due to lack of cache data (likely due to SWA or hybrid/recurrent memory, see https://github.com/ggml-org/llama.cpp/pull/13194#issuecomment-2868343055)
slot update_slots: id  0 | task 403 | n_tokens = 0, memory_seq_rm [0, end)
slot update_slots: id  0 | task 403 | prompt processing progress, n_tokens = 90, batch.n_tokens = 90, progress = 0.957447
slot update_slots: id  0 | task 403 | n_tokens = 90, memory_seq_rm [90, end)
slot init_sampler: id  0 | task 403 | init sampler, took 0.06 ms, tokens: text = 94, total = 94
slot update_slots: id  0 | task 403 | prompt processing done, n_tokens = 94, batch.n_tokens = 4
slot update_slots: id  0 | task 403 | created context checkpoint 1 of 32 (pos_min = 0, pos_max = 89, n_tokens = 90, size = 0.935 MiB)
srv  log_server_r: done request: POST /v1/chat/completions 127.0.0.1 200
reasoning-budget: activated, budget=2147483647 tokens
slot print_timing: id  0 | task 403 | 
prompt eval time =    5600.32 ms /    94 tokens (   59.58 ms per token,    16.78 tokens per second)
       eval time =   19620.54 ms /   128 tokens (  153.29 ms per token,     6.52 tokens per second)
      total time =   25220.86 ms /   222 tokens
slot      release: id  0 | task 403 | stop processing: n_tokens = 221, truncated = 0
srv  update_slots: all slots are idle
srv  params_from_: Chat format: peg-gemma4
slot get_availabl: id  0 | task -1 | selected slot by LCP similarity, sim_best = 0.138 (> 0.100 thold), f_keep = 0.054
srv  get_availabl: updating prompt cache
srv   prompt_save:  - saving prompt with length 221, total state size = 3.216 MiB
srv          load:  - looking for better prompt, base f_keep = 0.054, sim = 0.138
srv        update:  - cache state: 5 prompts, 11.908 MiB (limits: 8192.000 MiB, 2048 tokens, 518690 est)
srv        update:    - prompt 0xe4d7c0:      33 tokens, checkpoints:  0,     0.481 MiB
srv        update:    - prompt 0xe471c0:     174 tokens, checkpoints:  0,     2.532 MiB
srv        update:    - prompt 0xcc0510:     165 tokens, checkpoints:  0,     2.401 MiB
srv        update:    - prompt 0xfffd7c003ac0:     161 tokens, checkpoints:  0,     2.343 MiB
srv        update:    - prompt 0xe3d170:     221 tokens, checkpoints:  1,     4.151 MiB
srv  get_availabl: prompt cache update took 1.27 ms
slot launch_slot_: id  0 | task -1 | sampler chain: logits -> ?penalties -> ?dry -> ?top-n-sigma -> top-k -> ?typical -> ?top-p -> min-p -> ?xtc -> temp-ext -> dist 
slot launch_slot_: id  0 | task 533 | processing task, is_child = 0
slot update_slots: id  0 | task 533 | new prompt, n_ctx_slot = 2048, n_keep = 0, task.n_tokens = 87
slot update_slots: id  0 | task 533 | n_past = 12, slot.prompt.tokens.size() = 221, seq_id = 0, pos_min = 0, n_swa = 512
slot update_slots: id  0 | task 533 | Checking checkpoint with [0, 89] against 0...
slot update_slots: id  0 | task 533 | forcing full prompt re-processing due to lack of cache data (likely due to SWA or hybrid/recurrent memory, see https://github.com/ggml-org/llama.cpp/pull/13194#issuecomment-2868343055)
slot update_slots: id  0 | task 533 | erased invalidated context checkpoint (pos_min = 0, pos_max = 89, n_tokens = 90, n_swa = 512, pos_next = 0, size = 0.935 MiB)
slot update_slots: id  0 | task 533 | n_tokens = 0, memory_seq_rm [0, end)
slot update_slots: id  0 | task 533 | prompt processing progress, n_tokens = 83, batch.n_tokens = 83, progress = 0.954023
slot update_slots: id  0 | task 533 | n_tokens = 83, memory_seq_rm [83, end)
slot init_sampler: id  0 | task 533 | init sampler, took 0.05 ms, tokens: text = 87, total = 87
slot update_slots: id  0 | task 533 | prompt processing done, n_tokens = 87, batch.n_tokens = 4
slot update_slots: id  0 | task 533 | created context checkpoint 1 of 32 (pos_min = 0, pos_max = 82, n_tokens = 83, size = 0.863 MiB)
srv  log_server_r: done request: POST /v1/chat/completions 127.0.0.1 200
reasoning-budget: activated, budget=2147483647 tokens
slot print_timing: id  0 | task 533 | 
prompt eval time =    5156.28 ms /    87 tokens (   59.27 ms per token,    16.87 tokens per second)
       eval time =   19659.22 ms /   128 tokens (  153.59 ms per token,     6.51 tokens per second)
      total time =   24815.49 ms /   215 tokens
slot      release: id  0 | task 533 | stop processing: n_tokens = 214, truncated = 0
srv  update_slots: all slots are idle
srv  params_from_: Chat format: peg-gemma4
slot get_availabl: id  0 | task -1 | selected slot by LRU, t_last = 178267633526
srv  get_availabl: updating prompt cache
srv   prompt_save:  - saving prompt with length 214, total state size = 3.114 MiB
srv          load:  - looking for better prompt, base f_keep = 0.051, sim = 0.069
srv        update:  - cache state: 6 prompts, 15.885 MiB (limits: 8192.000 MiB, 2048 tokens, 499200 est)
srv        update:    - prompt 0xe4d7c0:      33 tokens, checkpoints:  0,     0.481 MiB
srv        update:    - prompt 0xe471c0:     174 tokens, checkpoints:  0,     2.532 MiB
srv        update:    - prompt 0xcc0510:     165 tokens, checkpoints:  0,     2.401 MiB
srv        update:    - prompt 0xfffd7c003ac0:     161 tokens, checkpoints:  0,     2.343 MiB
srv        update:    - prompt 0xe3d170:     221 tokens, checkpoints:  1,     4.151 MiB
srv        update:    - prompt 0xe3d970:     214 tokens, checkpoints:  1,     3.977 MiB
srv  get_availabl: prompt cache update took 1.22 ms
slot launch_slot_: id  0 | task -1 | sampler chain: logits -> ?penalties -> ?dry -> ?top-n-sigma -> top-k -> ?typical -> ?top-p -> min-p -> ?xtc -> temp-ext -> dist 
slot launch_slot_: id  0 | task 663 | processing task, is_child = 0
slot update_slots: id  0 | task 663 | new prompt, n_ctx_slot = 2048, n_keep = 0, task.n_tokens = 159
slot update_slots: id  0 | task 663 | n_past = 11, slot.prompt.tokens.size() = 214, seq_id = 0, pos_min = 0, n_swa = 512
slot update_slots: id  0 | task 663 | Checking checkpoint with [0, 82] against 0...
slot update_slots: id  0 | task 663 | forcing full prompt re-processing due to lack of cache data (likely due to SWA or hybrid/recurrent memory, see https://github.com/ggml-org/llama.cpp/pull/13194#issuecomment-2868343055)
slot update_slots: id  0 | task 663 | erased invalidated context checkpoint (pos_min = 0, pos_max = 82, n_tokens = 83, n_swa = 512, pos_next = 0, size = 0.863 MiB)
slot update_slots: id  0 | task 663 | n_tokens = 0, memory_seq_rm [0, end)
slot update_slots: id  0 | task 663 | prompt processing progress, n_tokens = 155, batch.n_tokens = 155, progress = 0.974843
slot update_slots: id  0 | task 663 | n_tokens = 155, memory_seq_rm [155, end)
slot init_sampler: id  0 | task 663 | init sampler, took 0.10 ms, tokens: text = 159, total = 159
slot update_slots: id  0 | task 663 | prompt processing done, n_tokens = 159, batch.n_tokens = 4
slot update_slots: id  0 | task 663 | created context checkpoint 1 of 32 (pos_min = 0, pos_max = 154, n_tokens = 155, size = 1.611 MiB)
srv  log_server_r: done request: POST /v1/chat/completions 127.0.0.1 200
reasoning-budget: activated, budget=2147483647 tokens
slot print_timing: id  0 | task 663 | 
prompt eval time =    9713.51 ms /   159 tokens (   61.09 ms per token,    16.37 tokens per second)
       eval time =   21209.33 ms /   128 tokens (  165.70 ms per token,     6.04 tokens per second)
      total time =   30922.84 ms /   287 tokens
slot      release: id  0 | task 663 | stop processing: n_tokens = 286, truncated = 0
srv  update_slots: all slots are idle
srv  params_from_: Chat format: peg-gemma4
slot get_availabl: id  0 | task -1 | selected slot by LRU, t_last = 178298721926
srv  get_availabl: updating prompt cache
srv   prompt_save:  - saving prompt with length 286, total state size = 4.162 MiB
srv          load:  - looking for better prompt, base f_keep = 0.038, sim = 0.035
srv        update:  - cache state: 7 prompts, 21.657 MiB (limits: 8192.000 MiB, 2048 tokens, 474332 est)
srv        update:    - prompt 0xe4d7c0:      33 tokens, checkpoints:  0,     0.481 MiB
srv        update:    - prompt 0xe471c0:     174 tokens, checkpoints:  0,     2.532 MiB
srv        update:    - prompt 0xcc0510:     165 tokens, checkpoints:  0,     2.401 MiB
srv        update:    - prompt 0xfffd7c003ac0:     161 tokens, checkpoints:  0,     2.343 MiB
srv        update:    - prompt 0xe3d170:     221 tokens, checkpoints:  1,     4.151 MiB
srv        update:    - prompt 0xe3d970:     214 tokens, checkpoints:  1,     3.977 MiB
srv        update:    - prompt 0xe37180:     286 tokens, checkpoints:  1,     5.772 MiB
srv  get_availabl: prompt cache update took 1.79 ms
slot launch_slot_: id  0 | task -1 | sampler chain: logits -> ?penalties -> ?dry -> ?top-n-sigma -> top-k -> ?typical -> ?top-p -> min-p -> ?xtc -> temp-ext -> dist 
slot launch_slot_: id  0 | task 793 | processing task, is_child = 0
slot update_slots: id  0 | task 793 | new prompt, n_ctx_slot = 2048, n_keep = 0, task.n_tokens = 312
slot update_slots: id  0 | task 793 | n_past = 11, slot.prompt.tokens.size() = 286, seq_id = 0, pos_min = 0, n_swa = 512
slot update_slots: id  0 | task 793 | Checking checkpoint with [0, 154] against 0...
slot update_slots: id  0 | task 793 | forcing full prompt re-processing due to lack of cache data (likely due to SWA or hybrid/recurrent memory, see https://github.com/ggml-org/llama.cpp/pull/13194#issuecomment-2868343055)
slot update_slots: id  0 | task 793 | erased invalidated context checkpoint (pos_min = 0, pos_max = 154, n_tokens = 155, n_swa = 512, pos_next = 0, size = 1.611 MiB)
slot update_slots: id  0 | task 793 | n_tokens = 0, memory_seq_rm [0, end)
slot update_slots: id  0 | task 793 | prompt processing progress, n_tokens = 308, batch.n_tokens = 308, progress = 0.987179
slot update_slots: id  0 | task 793 | n_tokens = 308, memory_seq_rm [308, end)
slot init_sampler: id  0 | task 793 | init sampler, took 0.18 ms, tokens: text = 312, total = 312
slot update_slots: id  0 | task 793 | prompt processing done, n_tokens = 312, batch.n_tokens = 4
slot update_slots: id  0 | task 793 | created context checkpoint 1 of 32 (pos_min = 0, pos_max = 307, n_tokens = 308, size = 3.200 MiB)
srv  log_server_r: done request: POST /v1/chat/completions 127.0.0.1 200
reasoning-budget: activated, budget=2147483647 tokens
slot print_timing: id  0 | task 793 | 
prompt eval time =   20451.56 ms /   312 tokens (   65.55 ms per token,    15.26 tokens per second)
       eval time =   23954.49 ms /   128 tokens (  187.14 ms per token,     5.34 tokens per second)
      total time =   44406.05 ms /   440 tokens
slot      release: id  0 | task 793 | stop processing: n_tokens = 439, truncated = 0
srv  update_slots: all slots are idle
srv  params_from_: Chat format: peg-gemma4
slot get_availabl: id  0 | task -1 | selected slot by LRU, t_last = 178343297247
srv  get_availabl: updating prompt cache
srv   prompt_save:  - saving prompt with length 439, total state size = 6.388 MiB
srv          load:  - looking for better prompt, base f_keep = 0.025, sim = 0.043
srv        update:  - cache state: 8 prompts, 31.245 MiB (limits: 8192.000 MiB, 2048 tokens, 443883 est)
srv        update:    - prompt 0xe4d7c0:      33 tokens, checkpoints:  0,     0.481 MiB
srv        update:    - prompt 0xe471c0:     174 tokens, checkpoints:  0,     2.532 MiB
srv        update:    - prompt 0xcc0510:     165 tokens, checkpoints:  0,     2.401 MiB
srv        update:    - prompt 0xfffd7c003ac0:     161 tokens, checkpoints:  0,     2.343 MiB
srv        update:    - prompt 0xe3d170:     221 tokens, checkpoints:  1,     4.151 MiB
srv        update:    - prompt 0xe3d970:     214 tokens, checkpoints:  1,     3.977 MiB
srv        update:    - prompt 0xe37180:     286 tokens, checkpoints:  1,     5.772 MiB
srv        update:    - prompt 0xe38710:     439 tokens, checkpoints:  1,     9.588 MiB
srv  get_availabl: prompt cache update took 2.68 ms
slot launch_slot_: id  0 | task -1 | sampler chain: logits -> ?penalties -> ?dry -> ?top-n-sigma -> top-k -> ?typical -> ?top-p -> min-p -> ?xtc -> temp-ext -> dist 
slot launch_slot_: id  0 | task 923 | processing task, is_child = 0
slot update_slots: id  0 | task 923 | new prompt, n_ctx_slot = 2048, n_keep = 0, task.n_tokens = 254
slot update_slots: id  0 | task 923 | n_past = 11, slot.prompt.tokens.size() = 439, seq_id = 0, pos_min = 0, n_swa = 512
slot update_slots: id  0 | task 923 | Checking checkpoint with [0, 307] against 0...
slot update_slots: id  0 | task 923 | forcing full prompt re-processing due to lack of cache data (likely due to SWA or hybrid/recurrent memory, see https://github.com/ggml-org/llama.cpp/pull/13194#issuecomment-2868343055)
slot update_slots: id  0 | task 923 | erased invalidated context checkpoint (pos_min = 0, pos_max = 307, n_tokens = 308, n_swa = 512, pos_next = 0, size = 3.200 MiB)
slot update_slots: id  0 | task 923 | n_tokens = 0, memory_seq_rm [0, end)
slot update_slots: id  0 | task 923 | prompt processing progress, n_tokens = 250, batch.n_tokens = 250, progress = 0.984252
slot update_slots: id  0 | task 923 | n_tokens = 250, memory_seq_rm [250, end)
slot init_sampler: id  0 | task 923 | init sampler, took 0.15 ms, tokens: text = 254, total = 254
slot update_slots: id  0 | task 923 | prompt processing done, n_tokens = 254, batch.n_tokens = 4
slot update_slots: id  0 | task 923 | created context checkpoint 1 of 32 (pos_min = 0, pos_max = 249, n_tokens = 250, size = 2.597 MiB)
srv  log_server_r: done request: POST /v1/chat/completions 127.0.0.1 200
reasoning-budget: activated, budget=2147483647 tokens
reasoning-budget: deactivated (natural end)
slot print_timing: id  0 | task 923 | 
prompt eval time =   16244.53 ms /   254 tokens (   63.95 ms per token,    15.64 tokens per second)
       eval time =   22809.95 ms /   128 tokens (  178.20 ms per token,     5.61 tokens per second)
      total time =   39054.47 ms /   382 tokens
slot      release: id  0 | task 923 | stop processing: n_tokens = 381, truncated = 0
srv  update_slots: all slots are idle
srv  params_from_: Chat format: peg-gemma4
slot get_availabl: id  0 | task -1 | selected slot by LCP similarity, sim_best = 0.478 (> 0.100 thold), f_keep = 0.029
srv  get_availabl: updating prompt cache
srv   prompt_save:  - saving prompt with length 381, total state size = 5.544 MiB
srv          load:  - looking for better prompt, base f_keep = 0.029, sim = 0.478
srv          load:  - found better prompt with f_keep = 0.697, sim = 1.000
srv        update:  - cache state: 8 prompts, 38.905 MiB (limits: 8192.000 MiB, 2048 tokens, 429758 est)
srv        update:    - prompt 0xe471c0:     174 tokens, checkpoints:  0,     2.532 MiB
srv        update:    - prompt 0xcc0510:     165 tokens, checkpoints:  0,     2.401 MiB
srv        update:    - prompt 0xfffd7c003ac0:     161 tokens, checkpoints:  0,     2.343 MiB
srv        update:    - prompt 0xe3d170:     221 tokens, checkpoints:  1,     4.151 MiB
srv        update:    - prompt 0xe3d970:     214 tokens, checkpoints:  1,     3.977 MiB
srv        update:    - prompt 0xe37180:     286 tokens, checkpoints:  1,     5.772 MiB
srv        update:    - prompt 0xe38710:     439 tokens, checkpoints:  1,     9.588 MiB
srv        update:    - prompt 0xcb7ab0:     381 tokens, checkpoints:  1,     8.141 MiB
srv  get_availabl: prompt cache update took 3.00 ms
slot launch_slot_: id  0 | task -1 | sampler chain: logits -> ?penalties -> ?dry -> ?top-n-sigma -> top-k -> ?typical -> ?top-p -> min-p -> ?xtc -> temp-ext -> dist 
slot launch_slot_: id  0 | task 1053 | processing task, is_child = 0
slot update_slots: id  0 | task 1053 | new prompt, n_ctx_slot = 2048, n_keep = 0, task.n_tokens = 23
slot update_slots: id  0 | task 1053 | n_past = 23, slot.prompt.tokens.size() = 33, seq_id = 0, pos_min = 0, n_swa = 512
slot update_slots: id  0 | task 1053 | forcing full prompt re-processing due to lack of cache data (likely due to SWA or hybrid/recurrent memory, see https://github.com/ggml-org/llama.cpp/pull/13194#issuecomment-2868343055)
slot update_slots: id  0 | task 1053 | n_tokens = 0, memory_seq_rm [0, end)
slot update_slots: id  0 | task 1053 | prompt processing progress, n_tokens = 19, batch.n_tokens = 19, progress = 0.826087
slot update_slots: id  0 | task 1053 | n_tokens = 19, memory_seq_rm [19, end)
slot init_sampler: id  0 | task 1053 | init sampler, took 0.02 ms, tokens: text = 23, total = 23
slot update_slots: id  0 | task 1053 | prompt processing done, n_tokens = 23, batch.n_tokens = 4
srv  log_server_r: done request: POST /v1/chat/completions 127.0.0.1 200
slot print_timing: id  0 | task 1053 | 
prompt eval time =    1420.76 ms /    23 tokens (   61.77 ms per token,    16.19 tokens per second)
       eval time =    1292.87 ms /    11 tokens (  117.53 ms per token,     8.51 tokens per second)
      total time =    2713.62 ms /    34 tokens
slot      release: id  0 | task 1053 | stop processing: n_tokens = 33, truncated = 0
srv  update_slots: all slots are idle
srv  params_from_: Chat format: peg-gemma4
slot get_availabl: id  0 | task -1 | selected slot by LCP similarity, sim_best = 0.234 (> 0.100 thold), f_keep = 0.333
srv  get_availabl: updating prompt cache
srv   prompt_save:  - saving prompt with length 33, total state size = 0.481 MiB
srv          load:  - looking for better prompt, base f_keep = 0.333, sim = 0.234
srv        update:  - cache state: 9 prompts, 39.386 MiB (limits: 8192.000 MiB, 2048 tokens, 431376 est)
srv        update:    - prompt 0xe471c0:     174 tokens, checkpoints:  0,     2.532 MiB
srv        update:    - prompt 0xcc0510:     165 tokens, checkpoints:  0,     2.401 MiB
srv        update:    - prompt 0xfffd7c003ac0:     161 tokens, checkpoints:  0,     2.343 MiB
srv        update:    - prompt 0xe3d170:     221 tokens, checkpoints:  1,     4.151 MiB
srv        update:    - prompt 0xe3d970:     214 tokens, checkpoints:  1,     3.977 MiB
srv        update:    - prompt 0xe37180:     286 tokens, checkpoints:  1,     5.772 MiB
srv        update:    - prompt 0xe38710:     439 tokens, checkpoints:  1,     9.588 MiB
srv        update:    - prompt 0xcb7ab0:     381 tokens, checkpoints:  1,     8.141 MiB
srv        update:    - prompt 0xe57640:      33 tokens, checkpoints:  0,     0.481 MiB
srv  get_availabl: prompt cache update took 0.32 ms
slot launch_slot_: id  0 | task -1 | sampler chain: logits -> ?penalties -> ?dry -> ?top-n-sigma -> top-k -> ?typical -> ?top-p -> min-p -> ?xtc -> temp-ext -> dist 
slot launch_slot_: id  0 | task 1066 | processing task, is_child = 0
slot update_slots: id  0 | task 1066 | new prompt, n_ctx_slot = 2048, n_keep = 0, task.n_tokens = 47
slot update_slots: id  0 | task 1066 | n_past = 11, slot.prompt.tokens.size() = 33, seq_id = 0, pos_min = 0, n_swa = 512
slot update_slots: id  0 | task 1066 | forcing full prompt re-processing due to lack of cache data (likely due to SWA or hybrid/recurrent memory, see https://github.com/ggml-org/llama.cpp/pull/13194#issuecomment-2868343055)
slot update_slots: id  0 | task 1066 | n_tokens = 0, memory_seq_rm [0, end)
slot update_slots: id  0 | task 1066 | prompt processing progress, n_tokens = 43, batch.n_tokens = 43, progress = 0.914894
slot update_slots: id  0 | task 1066 | n_tokens = 43, memory_seq_rm [43, end)
slot init_sampler: id  0 | task 1066 | init sampler, took 0.03 ms, tokens: text = 47, total = 47
slot update_slots: id  0 | task 1066 | prompt processing done, n_tokens = 47, batch.n_tokens = 4
srv  log_server_r: done request: POST /v1/chat/completions 127.0.0.1 200
reasoning-budget: activated, budget=2147483647 tokens
slot print_timing: id  0 | task 1066 | 
prompt eval time =    2771.94 ms /    47 tokens (   58.98 ms per token,    16.96 tokens per second)
       eval time =   18614.56 ms /   128 tokens (  145.43 ms per token,     6.88 tokens per second)
      total time =   21386.50 ms /   175 tokens
slot      release: id  0 | task 1066 | stop processing: n_tokens = 174, truncated = 0
srv  update_slots: all slots are idle
srv  params_from_: Chat format: peg-gemma4
slot get_availabl: id  0 | task -1 | selected slot by LCP similarity, sim_best = 0.289 (> 0.100 thold), f_keep = 0.063
srv  get_availabl: updating prompt cache
srv   prompt_save:  - saving prompt with length 174, total state size = 2.532 MiB
srv         alloc:  - prompt is already in the cache, skipping
srv          load:  - looking for better prompt, base f_keep = 0.063, sim = 0.289
srv        update:  - cache state: 9 prompts, 39.386 MiB (limits: 8192.000 MiB, 2048 tokens, 431376 est)
srv        update:    - prompt 0xe471c0:     174 tokens, checkpoints:  0,     2.532 MiB
srv        update:    - prompt 0xcc0510:     165 tokens, checkpoints:  0,     2.401 MiB
srv        update:    - prompt 0xfffd7c003ac0:     161 tokens, checkpoints:  0,     2.343 MiB
srv        update:    - prompt 0xe3d170:     221 tokens, checkpoints:  1,     4.151 MiB
srv        update:    - prompt 0xe3d970:     214 tokens, checkpoints:  1,     3.977 MiB
srv        update:    - prompt 0xe37180:     286 tokens, checkpoints:  1,     5.772 MiB
srv        update:    - prompt 0xe38710:     439 tokens, checkpoints:  1,     9.588 MiB
srv        update:    - prompt 0xcb7ab0:     381 tokens, checkpoints:  1,     8.141 MiB
srv        update:    - prompt 0xe57640:      33 tokens, checkpoints:  0,     0.481 MiB
srv  get_availabl: prompt cache update took 0.15 ms
slot launch_slot_: id  0 | task -1 | sampler chain: logits -> ?penalties -> ?dry -> ?top-n-sigma -> top-k -> ?typical -> ?top-p -> min-p -> ?xtc -> temp-ext -> dist 
slot launch_slot_: id  0 | task 1196 | processing task, is_child = 0
slot update_slots: id  0 | task 1196 | new prompt, n_ctx_slot = 2048, n_keep = 0, task.n_tokens = 38
slot update_slots: id  0 | task 1196 | n_past = 11, slot.prompt.tokens.size() = 174, seq_id = 0, pos_min = 0, n_swa = 512
slot update_slots: id  0 | task 1196 | forcing full prompt re-processing due to lack of cache data (likely due to SWA or hybrid/recurrent memory, see https://github.com/ggml-org/llama.cpp/pull/13194#issuecomment-2868343055)
slot update_slots: id  0 | task 1196 | n_tokens = 0, memory_seq_rm [0, end)
slot update_slots: id  0 | task 1196 | prompt processing progress, n_tokens = 34, batch.n_tokens = 34, progress = 0.894737
slot update_slots: id  0 | task 1196 | n_tokens = 34, memory_seq_rm [34, end)
slot init_sampler: id  0 | task 1196 | init sampler, took 0.03 ms, tokens: text = 38, total = 38
slot update_slots: id  0 | task 1196 | prompt processing done, n_tokens = 38, batch.n_tokens = 4
srv  log_server_r: done request: POST /v1/chat/completions 127.0.0.1 200
reasoning-budget: activated, budget=2147483647 tokens
reasoning-budget: deactivated (natural end)
slot print_timing: id  0 | task 1196 | 
prompt eval time =    2260.14 ms /    38 tokens (   59.48 ms per token,    16.81 tokens per second)
       eval time =   18327.20 ms /   128 tokens (  143.18 ms per token,     6.98 tokens per second)
      total time =   20587.34 ms /   166 tokens
slot      release: id  0 | task 1196 | stop processing: n_tokens = 165, truncated = 0
srv  update_slots: all slots are idle
srv  params_from_: Chat format: peg-gemma4
slot get_availabl: id  0 | task -1 | selected slot by LCP similarity, sim_best = 0.324 (> 0.100 thold), f_keep = 0.067
srv  get_availabl: updating prompt cache
srv   prompt_save:  - saving prompt with length 165, total state size = 2.401 MiB
srv         alloc:  - prompt is already in the cache, skipping
srv          load:  - looking for better prompt, base f_keep = 0.067, sim = 0.324
srv        update:  - cache state: 9 prompts, 39.386 MiB (limits: 8192.000 MiB, 2048 tokens, 431376 est)
srv        update:    - prompt 0xe471c0:     174 tokens, checkpoints:  0,     2.532 MiB
srv        update:    - prompt 0xcc0510:     165 tokens, checkpoints:  0,     2.401 MiB
srv        update:    - prompt 0xfffd7c003ac0:     161 tokens, checkpoints:  0,     2.343 MiB
srv        update:    - prompt 0xe3d170:     221 tokens, checkpoints:  1,     4.151 MiB
srv        update:    - prompt 0xe3d970:     214 tokens, checkpoints:  1,     3.977 MiB
srv        update:    - prompt 0xe37180:     286 tokens, checkpoints:  1,     5.772 MiB
srv        update:    - prompt 0xe38710:     439 tokens, checkpoints:  1,     9.588 MiB
srv        update:    - prompt 0xcb7ab0:     381 tokens, checkpoints:  1,     8.141 MiB
srv        update:    - prompt 0xe57640:      33 tokens, checkpoints:  0,     0.481 MiB
srv  get_availabl: prompt cache update took 0.15 ms
slot launch_slot_: id  0 | task -1 | sampler chain: logits -> ?penalties -> ?dry -> ?top-n-sigma -> top-k -> ?typical -> ?top-p -> min-p -> ?xtc -> temp-ext -> dist 
slot launch_slot_: id  0 | task 1326 | processing task, is_child = 0
slot update_slots: id  0 | task 1326 | new prompt, n_ctx_slot = 2048, n_keep = 0, task.n_tokens = 34
slot update_slots: id  0 | task 1326 | n_past = 11, slot.prompt.tokens.size() = 165, seq_id = 0, pos_min = 0, n_swa = 512
slot update_slots: id  0 | task 1326 | forcing full prompt re-processing due to lack of cache data (likely due to SWA or hybrid/recurrent memory, see https://github.com/ggml-org/llama.cpp/pull/13194#issuecomment-2868343055)
slot update_slots: id  0 | task 1326 | n_tokens = 0, memory_seq_rm [0, end)
slot update_slots: id  0 | task 1326 | prompt processing progress, n_tokens = 30, batch.n_tokens = 30, progress = 0.882353
slot update_slots: id  0 | task 1326 | n_tokens = 30, memory_seq_rm [30, end)
slot init_sampler: id  0 | task 1326 | init sampler, took 0.03 ms, tokens: text = 34, total = 34
slot update_slots: id  0 | task 1326 | prompt processing done, n_tokens = 34, batch.n_tokens = 4
srv  log_server_r: done request: POST /v1/chat/completions 127.0.0.1 200
reasoning-budget: activated, budget=2147483647 tokens
slot print_timing: id  0 | task 1326 | 
prompt eval time =    2067.36 ms /    34 tokens (   60.80 ms per token,    16.45 tokens per second)
       eval time =   18293.99 ms /   128 tokens (  142.92 ms per token,     7.00 tokens per second)
      total time =   20361.35 ms /   162 tokens
slot      release: id  0 | task 1326 | stop processing: n_tokens = 161, truncated = 0
srv  update_slots: all slots are idle
srv  params_from_: Chat format: peg-gemma4
slot get_availabl: id  0 | task -1 | selected slot by LCP similarity, sim_best = 0.117 (> 0.100 thold), f_keep = 0.068
srv  get_availabl: updating prompt cache
srv   prompt_save:  - saving prompt with length 161, total state size = 2.343 MiB
srv         alloc:  - prompt is already in the cache, skipping
srv          load:  - looking for better prompt, base f_keep = 0.068, sim = 0.117
srv          load:  - found better prompt with f_keep = 0.425, sim = 1.000
srv        update:  - cache state: 8 prompts, 35.235 MiB (limits: 8192.000 MiB, 2048 tokens, 430819 est)
srv        update:    - prompt 0xe471c0:     174 tokens, checkpoints:  0,     2.532 MiB
srv        update:    - prompt 0xcc0510:     165 tokens, checkpoints:  0,     2.401 MiB
srv        update:    - prompt 0xfffd7c003ac0:     161 tokens, checkpoints:  0,     2.343 MiB
srv        update:    - prompt 0xe3d970:     214 tokens, checkpoints:  1,     3.977 MiB
srv        update:    - prompt 0xe37180:     286 tokens, checkpoints:  1,     5.772 MiB
srv        update:    - prompt 0xe38710:     439 tokens, checkpoints:  1,     9.588 MiB
srv        update:    - prompt 0xcb7ab0:     381 tokens, checkpoints:  1,     8.141 MiB
srv        update:    - prompt 0xe57640:      33 tokens, checkpoints:  0,     0.481 MiB
srv  get_availabl: prompt cache update took 1.43 ms
slot launch_slot_: id  0 | task -1 | sampler chain: logits -> ?penalties -> ?dry -> ?top-n-sigma -> top-k -> ?typical -> ?top-p -> min-p -> ?xtc -> temp-ext -> dist 
slot launch_slot_: id  0 | task 1456 | processing task, is_child = 0
slot update_slots: id  0 | task 1456 | new prompt, n_ctx_slot = 2048, n_keep = 0, task.n_tokens = 94
slot update_slots: id  0 | task 1456 | n_past = 94, slot.prompt.tokens.size() = 221, seq_id = 0, pos_min = 0, n_swa = 512
slot update_slots: id  0 | task 1456 | Checking checkpoint with [0, 89] against 0...
slot update_slots: id  0 | task 1456 | forcing full prompt re-processing due to lack of cache data (likely due to SWA or hybrid/recurrent memory, see https://github.com/ggml-org/llama.cpp/pull/13194#issuecomment-2868343055)
slot update_slots: id  0 | task 1456 | erased invalidated context checkpoint (pos_min = 0, pos_max = 89, n_tokens = 90, n_swa = 512, pos_next = 0, size = 0.935 MiB)
slot update_slots: id  0 | task 1456 | n_tokens = 0, memory_seq_rm [0, end)
slot update_slots: id  0 | task 1456 | prompt processing progress, n_tokens = 90, batch.n_tokens = 90, progress = 0.957447
slot update_slots: id  0 | task 1456 | n_tokens = 90, memory_seq_rm [90, end)
slot init_sampler: id  0 | task 1456 | init sampler, took 0.06 ms, tokens: text = 94, total = 94
slot update_slots: id  0 | task 1456 | prompt processing done, n_tokens = 94, batch.n_tokens = 4
slot update_slots: id  0 | task 1456 | created context checkpoint 1 of 32 (pos_min = 0, pos_max = 89, n_tokens = 90, size = 0.935 MiB)
srv  log_server_r: done request: POST /v1/chat/completions 127.0.0.1 200
reasoning-budget: activated, budget=2147483647 tokens
slot print_timing: id  0 | task 1456 | 
prompt eval time =    5599.17 ms /    94 tokens (   59.57 ms per token,    16.79 tokens per second)
       eval time =   19627.90 ms /   128 tokens (  153.34 ms per token,     6.52 tokens per second)
      total time =   25227.07 ms /   222 tokens
slot      release: id  0 | task 1456 | stop processing: n_tokens = 221, truncated = 0
srv  update_slots: all slots are idle
srv  params_from_: Chat format: peg-gemma4
slot get_availabl: id  0 | task -1 | selected slot by LCP similarity, sim_best = 0.138 (> 0.100 thold), f_keep = 0.054
srv  get_availabl: updating prompt cache
srv   prompt_save:  - saving prompt with length 221, total state size = 3.216 MiB
srv          load:  - looking for better prompt, base f_keep = 0.054, sim = 0.138
srv          load:  - found better prompt with f_keep = 0.407, sim = 1.000
srv        update:  - cache state: 8 prompts, 35.409 MiB (limits: 8192.000 MiB, 2048 tokens, 430314 est)
srv        update:    - prompt 0xe471c0:     174 tokens, checkpoints:  0,     2.532 MiB
srv        update:    - prompt 0xcc0510:     165 tokens, checkpoints:  0,     2.401 MiB
srv        update:    - prompt 0xfffd7c003ac0:     161 tokens, checkpoints:  0,     2.343 MiB
srv        update:    - prompt 0xe37180:     286 tokens, checkpoints:  1,     5.772 MiB
srv        update:    - prompt 0xe38710:     439 tokens, checkpoints:  1,     9.588 MiB
srv        update:    - prompt 0xcb7ab0:     381 tokens, checkpoints:  1,     8.141 MiB
srv        update:    - prompt 0xe57640:      33 tokens, checkpoints:  0,     0.481 MiB
srv        update:    - prompt 0xe3d170:     221 tokens, checkpoints:  1,     4.151 MiB
srv  get_availabl: prompt cache update took 2.41 ms
slot launch_slot_: id  0 | task -1 | sampler chain: logits -> ?penalties -> ?dry -> ?top-n-sigma -> top-k -> ?typical -> ?top-p -> min-p -> ?xtc -> temp-ext -> dist 
slot launch_slot_: id  0 | task 1586 | processing task, is_child = 0
slot update_slots: id  0 | task 1586 | new prompt, n_ctx_slot = 2048, n_keep = 0, task.n_tokens = 87
slot update_slots: id  0 | task 1586 | n_past = 87, slot.prompt.tokens.size() = 214, seq_id = 0, pos_min = 0, n_swa = 512
slot update_slots: id  0 | task 1586 | Checking checkpoint with [0, 82] against 0...
slot update_slots: id  0 | task 1586 | forcing full prompt re-processing due to lack of cache data (likely due to SWA or hybrid/recurrent memory, see https://github.com/ggml-org/llama.cpp/pull/13194#issuecomment-2868343055)
slot update_slots: id  0 | task 1586 | erased invalidated context checkpoint (pos_min = 0, pos_max = 82, n_tokens = 83, n_swa = 512, pos_next = 0, size = 0.863 MiB)
slot update_slots: id  0 | task 1586 | n_tokens = 0, memory_seq_rm [0, end)
slot update_slots: id  0 | task 1586 | prompt processing progress, n_tokens = 83, batch.n_tokens = 83, progress = 0.954023
slot update_slots: id  0 | task 1586 | n_tokens = 83, memory_seq_rm [83, end)
slot init_sampler: id  0 | task 1586 | init sampler, took 0.06 ms, tokens: text = 87, total = 87
slot update_slots: id  0 | task 1586 | prompt processing done, n_tokens = 87, batch.n_tokens = 4
slot update_slots: id  0 | task 1586 | created context checkpoint 1 of 32 (pos_min = 0, pos_max = 82, n_tokens = 83, size = 0.863 MiB)
srv  log_server_r: done request: POST /v1/chat/completions 127.0.0.1 200
reasoning-budget: activated, budget=2147483647 tokens
slot print_timing: id  0 | task 1586 | 
prompt eval time =    5155.62 ms /    87 tokens (   59.26 ms per token,    16.87 tokens per second)
       eval time =   19615.62 ms /   128 tokens (  153.25 ms per token,     6.53 tokens per second)
      total time =   24771.24 ms /   215 tokens
slot      release: id  0 | task 1586 | stop processing: n_tokens = 214, truncated = 0
srv  update_slots: all slots are idle
srv  params_from_: Chat format: peg-gemma4
slot get_availabl: id  0 | task -1 | selected slot by LRU, t_last = 178498553550
srv  get_availabl: updating prompt cache
srv   prompt_save:  - saving prompt with length 214, total state size = 3.114 MiB
srv          load:  - looking for better prompt, base f_keep = 0.051, sim = 0.069
srv          load:  - found better prompt with f_keep = 0.556, sim = 1.000
srv        update:  - cache state: 8 prompts, 33.614 MiB (limits: 8192.000 MiB, 2048 tokens, 435752 est)
srv        update:    - prompt 0xe471c0:     174 tokens, checkpoints:  0,     2.532 MiB
srv        update:    - prompt 0xcc0510:     165 tokens, checkpoints:  0,     2.401 MiB
srv        update:    - prompt 0xfffd7c003ac0:     161 tokens, checkpoints:  0,     2.343 MiB
srv        update:    - prompt 0xe38710:     439 tokens, checkpoints:  1,     9.588 MiB
srv        update:    - prompt 0xcb7ab0:     381 tokens, checkpoints:  1,     8.141 MiB
srv        update:    - prompt 0xe57640:      33 tokens, checkpoints:  0,     0.481 MiB
srv        update:    - prompt 0xe3d170:     221 tokens, checkpoints:  1,     4.151 MiB
srv        update:    - prompt 0xe3d970:     214 tokens, checkpoints:  1,     3.977 MiB
srv  get_availabl: prompt cache update took 2.68 ms
slot launch_slot_: id  0 | task -1 | sampler chain: logits -> ?penalties -> ?dry -> ?top-n-sigma -> top-k -> ?typical -> ?top-p -> min-p -> ?xtc -> temp-ext -> dist 
slot launch_slot_: id  0 | task 1716 | processing task, is_child = 0
slot update_slots: id  0 | task 1716 | new prompt, n_ctx_slot = 2048, n_keep = 0, task.n_tokens = 159
slot update_slots: id  0 | task 1716 | n_past = 159, slot.prompt.tokens.size() = 286, seq_id = 0, pos_min = 0, n_swa = 512
slot update_slots: id  0 | task 1716 | Checking checkpoint with [0, 154] against 0...
slot update_slots: id  0 | task 1716 | forcing full prompt re-processing due to lack of cache data (likely due to SWA or hybrid/recurrent memory, see https://github.com/ggml-org/llama.cpp/pull/13194#issuecomment-2868343055)
slot update_slots: id  0 | task 1716 | erased invalidated context checkpoint (pos_min = 0, pos_max = 154, n_tokens = 155, n_swa = 512, pos_next = 0, size = 1.611 MiB)
slot update_slots: id  0 | task 1716 | n_tokens = 0, memory_seq_rm [0, end)
slot update_slots: id  0 | task 1716 | prompt processing progress, n_tokens = 155, batch.n_tokens = 155, progress = 0.974843
slot update_slots: id  0 | task 1716 | n_tokens = 155, memory_seq_rm [155, end)
slot init_sampler: id  0 | task 1716 | init sampler, took 0.10 ms, tokens: text = 159, total = 159
slot update_slots: id  0 | task 1716 | prompt processing done, n_tokens = 159, batch.n_tokens = 4
slot update_slots: id  0 | task 1716 | created context checkpoint 1 of 32 (pos_min = 0, pos_max = 154, n_tokens = 155, size = 1.611 MiB)
srv  log_server_r: done request: POST /v1/chat/completions 127.0.0.1 200
reasoning-budget: activated, budget=2147483647 tokens
slot print_timing: id  0 | task 1716 | 
prompt eval time =    9725.48 ms /   159 tokens (   61.17 ms per token,    16.35 tokens per second)
       eval time =   21167.25 ms /   128 tokens (  165.37 ms per token,     6.05 tokens per second)
      total time =   30892.73 ms /   287 tokens
slot      release: id  0 | task 1716 | stop processing: n_tokens = 286, truncated = 0
srv  update_slots: all slots are idle
srv  params_from_: Chat format: peg-gemma4
slot get_availabl: id  0 | task -1 | selected slot by LRU, t_last = 178529614463
srv  get_availabl: updating prompt cache
srv   prompt_save:  - saving prompt with length 286, total state size = 4.162 MiB
srv          load:  - looking for better prompt, base f_keep = 0.038, sim = 0.035
srv          load:  - found better prompt with f_keep = 0.711, sim = 1.000
srv        update:  - cache state: 8 prompts, 29.798 MiB (limits: 8192.000 MiB, 2048 tokens, 449483 est)
srv        update:    - prompt 0xe471c0:     174 tokens, checkpoints:  0,     2.532 MiB
srv        update:    - prompt 0xcc0510:     165 tokens, checkpoints:  0,     2.401 MiB
srv        update:    - prompt 0xfffd7c003ac0:     161 tokens, checkpoints:  0,     2.343 MiB
srv        update:    - prompt 0xcb7ab0:     381 tokens, checkpoints:  1,     8.141 MiB
srv        update:    - prompt 0xe57640:      33 tokens, checkpoints:  0,     0.481 MiB
srv        update:    - prompt 0xe3d170:     221 tokens, checkpoints:  1,     4.151 MiB
srv        update:    - prompt 0xe3d970:     214 tokens, checkpoints:  1,     3.977 MiB
srv        update:    - prompt 0xe37180:     286 tokens, checkpoints:  1,     5.772 MiB
srv  get_availabl: prompt cache update took 3.55 ms
slot launch_slot_: id  0 | task -1 | sampler chain: logits -> ?penalties -> ?dry -> ?top-n-sigma -> top-k -> ?typical -> ?top-p -> min-p -> ?xtc -> temp-ext -> dist 
slot launch_slot_: id  0 | task 1846 | processing task, is_child = 0
slot update_slots: id  0 | task 1846 | new prompt, n_ctx_slot = 2048, n_keep = 0, task.n_tokens = 312
slot update_slots: id  0 | task 1846 | n_past = 312, slot.prompt.tokens.size() = 439, seq_id = 0, pos_min = 0, n_swa = 512
slot update_slots: id  0 | task 1846 | Checking checkpoint with [0, 307] against 0...
slot update_slots: id  0 | task 1846 | forcing full prompt re-processing due to lack of cache data (likely due to SWA or hybrid/recurrent memory, see https://github.com/ggml-org/llama.cpp/pull/13194#issuecomment-2868343055)
slot update_slots: id  0 | task 1846 | erased invalidated context checkpoint (pos_min = 0, pos_max = 307, n_tokens = 308, n_swa = 512, pos_next = 0, size = 3.200 MiB)
slot update_slots: id  0 | task 1846 | n_tokens = 0, memory_seq_rm [0, end)
slot update_slots: id  0 | task 1846 | prompt processing progress, n_tokens = 308, batch.n_tokens = 308, progress = 0.987179
slot update_slots: id  0 | task 1846 | n_tokens = 308, memory_seq_rm [308, end)
slot init_sampler: id  0 | task 1846 | init sampler, took 0.19 ms, tokens: text = 312, total = 312
slot update_slots: id  0 | task 1846 | prompt processing done, n_tokens = 312, batch.n_tokens = 4
slot update_slots: id  0 | task 1846 | created context checkpoint 1 of 32 (pos_min = 0, pos_max = 307, n_tokens = 308, size = 3.200 MiB)
srv  log_server_r: done request: POST /v1/chat/completions 127.0.0.1 200
reasoning-budget: activated, budget=2147483647 tokens
slot print_timing: id  0 | task 1846 | 
prompt eval time =   20437.91 ms /   312 tokens (   65.51 ms per token,    15.27 tokens per second)
       eval time =   23823.57 ms /   128 tokens (  186.12 ms per token,     5.37 tokens per second)
      total time =   44261.49 ms /   440 tokens
slot      release: id  0 | task 1846 | stop processing: n_tokens = 439, truncated = 0
srv  update_slots: all slots are idle
srv  params_from_: Chat format: peg-gemma4
slot get_availabl: id  0 | task -1 | selected slot by LRU, t_last = 178574047074
srv  get_availabl: updating prompt cache
srv   prompt_save:  - saving prompt with length 439, total state size = 6.388 MiB
srv          load:  - looking for better prompt, base f_keep = 0.025, sim = 0.043
srv          load:  - found better prompt with f_keep = 0.667, sim = 1.000
srv        update:  - cache state: 8 prompts, 31.245 MiB (limits: 8192.000 MiB, 2048 tokens, 443883 est)
srv        update:    - prompt 0xe471c0:     174 tokens, checkpoints:  0,     2.532 MiB
srv        update:    - prompt 0xcc0510:     165 tokens, checkpoints:  0,     2.401 MiB
srv        update:    - prompt 0xfffd7c003ac0:     161 tokens, checkpoints:  0,     2.343 MiB
srv        update:    - prompt 0xe57640:      33 tokens, checkpoints:  0,     0.481 MiB
srv        update:    - prompt 0xe3d170:     221 tokens, checkpoints:  1,     4.151 MiB
srv        update:    - prompt 0xe3d970:     214 tokens, checkpoints:  1,     3.977 MiB
srv        update:    - prompt 0xe37180:     286 tokens, checkpoints:  1,     5.772 MiB
srv        update:    - prompt 0xe38710:     439 tokens, checkpoints:  1,     9.588 MiB
srv  get_availabl: prompt cache update took 4.33 ms
slot launch_slot_: id  0 | task -1 | sampler chain: logits -> ?penalties -> ?dry -> ?top-n-sigma -> top-k -> ?typical -> ?top-p -> min-p -> ?xtc -> temp-ext -> dist 
slot launch_slot_: id  0 | task 1976 | processing task, is_child = 0
slot update_slots: id  0 | task 1976 | new prompt, n_ctx_slot = 2048, n_keep = 0, task.n_tokens = 254
slot update_slots: id  0 | task 1976 | n_past = 254, slot.prompt.tokens.size() = 381, seq_id = 0, pos_min = 0, n_swa = 512
slot update_slots: id  0 | task 1976 | Checking checkpoint with [0, 249] against 0...
slot update_slots: id  0 | task 1976 | forcing full prompt re-processing due to lack of cache data (likely due to SWA or hybrid/recurrent memory, see https://github.com/ggml-org/llama.cpp/pull/13194#issuecomment-2868343055)
slot update_slots: id  0 | task 1976 | erased invalidated context checkpoint (pos_min = 0, pos_max = 249, n_tokens = 250, n_swa = 512, pos_next = 0, size = 2.597 MiB)
slot update_slots: id  0 | task 1976 | n_tokens = 0, memory_seq_rm [0, end)
slot update_slots: id  0 | task 1976 | prompt processing progress, n_tokens = 250, batch.n_tokens = 250, progress = 0.984252
slot update_slots: id  0 | task 1976 | n_tokens = 250, memory_seq_rm [250, end)
slot init_sampler: id  0 | task 1976 | init sampler, took 0.16 ms, tokens: text = 254, total = 254
slot update_slots: id  0 | task 1976 | prompt processing done, n_tokens = 254, batch.n_tokens = 4
slot update_slots: id  0 | task 1976 | created context checkpoint 1 of 32 (pos_min = 0, pos_max = 249, n_tokens = 250, size = 2.597 MiB)
srv  log_server_r: done request: POST /v1/chat/completions 127.0.0.1 200
reasoning-budget: activated, budget=2147483647 tokens
reasoning-budget: deactivated (natural end)
slot print_timing: id  0 | task 1976 | 
prompt eval time =   16262.50 ms /   254 tokens (   64.03 ms per token,    15.62 tokens per second)
       eval time =   22670.24 ms /   128 tokens (  177.11 ms per token,     5.65 tokens per second)
      total time =   38932.74 ms /   382 tokens
slot      release: id  0 | task 1976 | stop processing: n_tokens = 381, truncated = 0
srv  update_slots: all slots are idle
srv  params_from_: Chat format: peg-gemma4
slot get_availabl: id  0 | task -1 | selected slot by LCP similarity, sim_best = 0.478 (> 0.100 thold), f_keep = 0.029
srv  get_availabl: updating prompt cache
srv   prompt_save:  - saving prompt with length 381, total state size = 5.544 MiB
srv          load:  - looking for better prompt, base f_keep = 0.029, sim = 0.478
srv          load:  - found better prompt with f_keep = 0.697, sim = 1.000
srv        update:  - cache state: 8 prompts, 38.905 MiB (limits: 8192.000 MiB, 2048 tokens, 429758 est)
srv        update:    - prompt 0xe471c0:     174 tokens, checkpoints:  0,     2.532 MiB
srv        update:    - prompt 0xcc0510:     165 tokens, checkpoints:  0,     2.401 MiB
srv        update:    - prompt 0xfffd7c003ac0:     161 tokens, checkpoints:  0,     2.343 MiB
srv        update:    - prompt 0xe3d170:     221 tokens, checkpoints:  1,     4.151 MiB
srv        update:    - prompt 0xe3d970:     214 tokens, checkpoints:  1,     3.977 MiB
srv        update:    - prompt 0xe37180:     286 tokens, checkpoints:  1,     5.772 MiB
srv        update:    - prompt 0xe38710:     439 tokens, checkpoints:  1,     9.588 MiB
srv        update:    - prompt 0xcb7ab0:     381 tokens, checkpoints:  1,     8.141 MiB
srv  get_availabl: prompt cache update took 2.59 ms
slot launch_slot_: id  0 | task -1 | sampler chain: logits -> ?penalties -> ?dry -> ?top-n-sigma -> top-k -> ?typical -> ?top-p -> min-p -> ?xtc -> temp-ext -> dist 
slot launch_slot_: id  0 | task 2106 | processing task, is_child = 0
slot update_slots: id  0 | task 2106 | new prompt, n_ctx_slot = 2048, n_keep = 0, task.n_tokens = 23
slot update_slots: id  0 | task 2106 | n_past = 23, slot.prompt.tokens.size() = 33, seq_id = 0, pos_min = 0, n_swa = 512
slot update_slots: id  0 | task 2106 | forcing full prompt re-processing due to lack of cache data (likely due to SWA or hybrid/recurrent memory, see https://github.com/ggml-org/llama.cpp/pull/13194#issuecomment-2868343055)
slot update_slots: id  0 | task 2106 | n_tokens = 0, memory_seq_rm [0, end)
slot update_slots: id  0 | task 2106 | prompt processing progress, n_tokens = 19, batch.n_tokens = 19, progress = 0.826087
slot update_slots: id  0 | task 2106 | n_tokens = 19, memory_seq_rm [19, end)
slot init_sampler: id  0 | task 2106 | init sampler, took 0.02 ms, tokens: text = 23, total = 23
slot update_slots: id  0 | task 2106 | prompt processing done, n_tokens = 23, batch.n_tokens = 4
srv  log_server_r: done request: POST /v1/chat/completions 127.0.0.1 200
slot print_timing: id  0 | task 2106 | 
prompt eval time =    1421.48 ms /    23 tokens (   61.80 ms per token,    16.18 tokens per second)
       eval time =    1293.27 ms /    11 tokens (  117.57 ms per token,     8.51 tokens per second)
      total time =    2714.75 ms /    34 tokens
slot      release: id  0 | task 2106 | stop processing: n_tokens = 33, truncated = 0
srv  update_slots: all slots are idle
srv  params_from_: Chat format: peg-gemma4
slot get_availabl: id  0 | task -1 | selected slot by LCP similarity, sim_best = 0.234 (> 0.100 thold), f_keep = 0.333
srv  get_availabl: updating prompt cache
srv   prompt_save:  - saving prompt with length 33, total state size = 0.481 MiB
srv          load:  - looking for better prompt, base f_keep = 0.333, sim = 0.234
srv        update:  - cache state: 9 prompts, 39.386 MiB (limits: 8192.000 MiB, 2048 tokens, 431376 est)
srv        update:    - prompt 0xe471c0:     174 tokens, checkpoints:  0,     2.532 MiB
srv        update:    - prompt 0xcc0510:     165 tokens, checkpoints:  0,     2.401 MiB
srv        update:    - prompt 0xfffd7c003ac0:     161 tokens, checkpoints:  0,     2.343 MiB
srv        update:    - prompt 0xe3d170:     221 tokens, checkpoints:  1,     4.151 MiB
srv        update:    - prompt 0xe3d970:     214 tokens, checkpoints:  1,     3.977 MiB
srv        update:    - prompt 0xe37180:     286 tokens, checkpoints:  1,     5.772 MiB
srv        update:    - prompt 0xe38710:     439 tokens, checkpoints:  1,     9.588 MiB
srv        update:    - prompt 0xcb7ab0:     381 tokens, checkpoints:  1,     8.141 MiB
srv        update:    - prompt 0xfffd50003ac0:      33 tokens, checkpoints:  0,     0.481 MiB
srv  get_availabl: prompt cache update took 0.34 ms
slot launch_slot_: id  0 | task -1 | sampler chain: logits -> ?penalties -> ?dry -> ?top-n-sigma -> top-k -> ?typical -> ?top-p -> min-p -> ?xtc -> temp-ext -> dist 
slot launch_slot_: id  0 | task 2119 | processing task, is_child = 0
slot update_slots: id  0 | task 2119 | new prompt, n_ctx_slot = 2048, n_keep = 0, task.n_tokens = 47
slot update_slots: id  0 | task 2119 | n_past = 11, slot.prompt.tokens.size() = 33, seq_id = 0, pos_min = 0, n_swa = 512
slot update_slots: id  0 | task 2119 | forcing full prompt re-processing due to lack of cache data (likely due to SWA or hybrid/recurrent memory, see https://github.com/ggml-org/llama.cpp/pull/13194#issuecomment-2868343055)
slot update_slots: id  0 | task 2119 | n_tokens = 0, memory_seq_rm [0, end)
slot update_slots: id  0 | task 2119 | prompt processing progress, n_tokens = 43, batch.n_tokens = 43, progress = 0.914894
slot update_slots: id  0 | task 2119 | n_tokens = 43, memory_seq_rm [43, end)
slot init_sampler: id  0 | task 2119 | init sampler, took 0.03 ms, tokens: text = 47, total = 47
slot update_slots: id  0 | task 2119 | prompt processing done, n_tokens = 47, batch.n_tokens = 4
srv  log_server_r: done request: POST /v1/chat/completions 127.0.0.1 200
reasoning-budget: activated, budget=2147483647 tokens
slot print_timing: id  0 | task 2119 | 
prompt eval time =    2776.37 ms /    47 tokens (   59.07 ms per token,    16.93 tokens per second)
       eval time =   18577.54 ms /   128 tokens (  145.14 ms per token,     6.89 tokens per second)
      total time =   21353.91 ms /   175 tokens
slot      release: id  0 | task 2119 | stop processing: n_tokens = 174, truncated = 0
srv  update_slots: all slots are idle
srv  params_from_: Chat format: peg-gemma4
slot get_availabl: id  0 | task -1 | selected slot by LCP similarity, sim_best = 0.289 (> 0.100 thold), f_keep = 0.063
srv  get_availabl: updating prompt cache
srv   prompt_save:  - saving prompt with length 174, total state size = 2.532 MiB
srv         alloc:  - prompt is already in the cache, skipping
srv          load:  - looking for better prompt, base f_keep = 0.063, sim = 0.289
srv        update:  - cache state: 9 prompts, 39.386 MiB (limits: 8192.000 MiB, 2048 tokens, 431376 est)
srv        update:    - prompt 0xe471c0:     174 tokens, checkpoints:  0,     2.532 MiB
srv        update:    - prompt 0xcc0510:     165 tokens, checkpoints:  0,     2.401 MiB
srv        update:    - prompt 0xfffd7c003ac0:     161 tokens, checkpoints:  0,     2.343 MiB
srv        update:    - prompt 0xe3d170:     221 tokens, checkpoints:  1,     4.151 MiB
srv        update:    - prompt 0xe3d970:     214 tokens, checkpoints:  1,     3.977 MiB
srv        update:    - prompt 0xe37180:     286 tokens, checkpoints:  1,     5.772 MiB
srv        update:    - prompt 0xe38710:     439 tokens, checkpoints:  1,     9.588 MiB
srv        update:    - prompt 0xcb7ab0:     381 tokens, checkpoints:  1,     8.141 MiB
srv        update:    - prompt 0xfffd50003ac0:      33 tokens, checkpoints:  0,     0.481 MiB
srv  get_availabl: prompt cache update took 0.15 ms
slot launch_slot_: id  0 | task -1 | sampler chain: logits -> ?penalties -> ?dry -> ?top-n-sigma -> top-k -> ?typical -> ?top-p -> min-p -> ?xtc -> temp-ext -> dist 
slot launch_slot_: id  0 | task 2249 | processing task, is_child = 0
slot update_slots: id  0 | task 2249 | new prompt, n_ctx_slot = 2048, n_keep = 0, task.n_tokens = 38
slot update_slots: id  0 | task 2249 | n_past = 11, slot.prompt.tokens.size() = 174, seq_id = 0, pos_min = 0, n_swa = 512
slot update_slots: id  0 | task 2249 | forcing full prompt re-processing due to lack of cache data (likely due to SWA or hybrid/recurrent memory, see https://github.com/ggml-org/llama.cpp/pull/13194#issuecomment-2868343055)
slot update_slots: id  0 | task 2249 | n_tokens = 0, memory_seq_rm [0, end)
slot update_slots: id  0 | task 2249 | prompt processing progress, n_tokens = 34, batch.n_tokens = 34, progress = 0.894737
slot update_slots: id  0 | task 2249 | n_tokens = 34, memory_seq_rm [34, end)
slot init_sampler: id  0 | task 2249 | init sampler, took 0.03 ms, tokens: text = 38, total = 38
slot update_slots: id  0 | task 2249 | prompt processing done, n_tokens = 38, batch.n_tokens = 4
srv  log_server_r: done request: POST /v1/chat/completions 127.0.0.1 200
reasoning-budget: activated, budget=2147483647 tokens
reasoning-budget: deactivated (natural end)
slot print_timing: id  0 | task 2249 | 
prompt eval time =    2255.84 ms /    38 tokens (   59.36 ms per token,    16.85 tokens per second)
       eval time =   18295.39 ms /   128 tokens (  142.93 ms per token,     7.00 tokens per second)
      total time =   20551.23 ms /   166 tokens
slot      release: id  0 | task 2249 | stop processing: n_tokens = 165, truncated = 0
srv  update_slots: all slots are idle
srv  params_from_: Chat format: peg-gemma4
slot get_availabl: id  0 | task -1 | selected slot by LCP similarity, sim_best = 0.324 (> 0.100 thold), f_keep = 0.067
srv  get_availabl: updating prompt cache
srv   prompt_save:  - saving prompt with length 165, total state size = 2.401 MiB
srv         alloc:  - prompt is already in the cache, skipping
srv          load:  - looking for better prompt, base f_keep = 0.067, sim = 0.324
srv        update:  - cache state: 9 prompts, 39.386 MiB (limits: 8192.000 MiB, 2048 tokens, 431376 est)
srv        update:    - prompt 0xe471c0:     174 tokens, checkpoints:  0,     2.532 MiB
srv        update:    - prompt 0xcc0510:     165 tokens, checkpoints:  0,     2.401 MiB
srv        update:    - prompt 0xfffd7c003ac0:     161 tokens, checkpoints:  0,     2.343 MiB
srv        update:    - prompt 0xe3d170:     221 tokens, checkpoints:  1,     4.151 MiB
srv        update:    - prompt 0xe3d970:     214 tokens, checkpoints:  1,     3.977 MiB
srv        update:    - prompt 0xe37180:     286 tokens, checkpoints:  1,     5.772 MiB
srv        update:    - prompt 0xe38710:     439 tokens, checkpoints:  1,     9.588 MiB
srv        update:    - prompt 0xcb7ab0:     381 tokens, checkpoints:  1,     8.141 MiB
srv        update:    - prompt 0xfffd50003ac0:      33 tokens, checkpoints:  0,     0.481 MiB
srv  get_availabl: prompt cache update took 0.14 ms
slot launch_slot_: id  0 | task -1 | sampler chain: logits -> ?penalties -> ?dry -> ?top-n-sigma -> top-k -> ?typical -> ?top-p -> min-p -> ?xtc -> temp-ext -> dist 
slot launch_slot_: id  0 | task 2379 | processing task, is_child = 0
slot update_slots: id  0 | task 2379 | new prompt, n_ctx_slot = 2048, n_keep = 0, task.n_tokens = 34
slot update_slots: id  0 | task 2379 | n_past = 11, slot.prompt.tokens.size() = 165, seq_id = 0, pos_min = 0, n_swa = 512
slot update_slots: id  0 | task 2379 | forcing full prompt re-processing due to lack of cache data (likely due to SWA or hybrid/recurrent memory, see https://github.com/ggml-org/llama.cpp/pull/13194#issuecomment-2868343055)
slot update_slots: id  0 | task 2379 | n_tokens = 0, memory_seq_rm [0, end)
slot update_slots: id  0 | task 2379 | prompt processing progress, n_tokens = 30, batch.n_tokens = 30, progress = 0.882353
slot update_slots: id  0 | task 2379 | n_tokens = 30, memory_seq_rm [30, end)
slot init_sampler: id  0 | task 2379 | init sampler, took 0.03 ms, tokens: text = 34, total = 34
slot update_slots: id  0 | task 2379 | prompt processing done, n_tokens = 34, batch.n_tokens = 4
srv  log_server_r: done request: POST /v1/chat/completions 127.0.0.1 200
reasoning-budget: activated, budget=2147483647 tokens
slot print_timing: id  0 | task 2379 | 
prompt eval time =    2066.36 ms /    34 tokens (   60.78 ms per token,    16.45 tokens per second)
       eval time =   18270.89 ms /   128 tokens (  142.74 ms per token,     7.01 tokens per second)
      total time =   20337.25 ms /   162 tokens
slot      release: id  0 | task 2379 | stop processing: n_tokens = 161, truncated = 0
srv  update_slots: all slots are idle
srv  params_from_: Chat format: peg-gemma4
slot get_availabl: id  0 | task -1 | selected slot by LCP similarity, sim_best = 0.117 (> 0.100 thold), f_keep = 0.068
srv  get_availabl: updating prompt cache
srv   prompt_save:  - saving prompt with length 161, total state size = 2.343 MiB
srv         alloc:  - prompt is already in the cache, skipping
srv          load:  - looking for better prompt, base f_keep = 0.068, sim = 0.117
srv          load:  - found better prompt with f_keep = 0.425, sim = 1.000
srv        update:  - cache state: 8 prompts, 35.235 MiB (limits: 8192.000 MiB, 2048 tokens, 430819 est)
srv        update:    - prompt 0xe471c0:     174 tokens, checkpoints:  0,     2.532 MiB
srv        update:    - prompt 0xcc0510:     165 tokens, checkpoints:  0,     2.401 MiB
srv        update:    - prompt 0xfffd7c003ac0:     161 tokens, checkpoints:  0,     2.343 MiB
srv        update:    - prompt 0xe3d970:     214 tokens, checkpoints:  1,     3.977 MiB
srv        update:    - prompt 0xe37180:     286 tokens, checkpoints:  1,     5.772 MiB
srv        update:    - prompt 0xe38710:     439 tokens, checkpoints:  1,     9.588 MiB
srv        update:    - prompt 0xcb7ab0:     381 tokens, checkpoints:  1,     8.141 MiB
srv        update:    - prompt 0xfffd50003ac0:      33 tokens, checkpoints:  0,     0.481 MiB
srv  get_availabl: prompt cache update took 1.44 ms
slot launch_slot_: id  0 | task -1 | sampler chain: logits -> ?penalties -> ?dry -> ?top-n-sigma -> top-k -> ?typical -> ?top-p -> min-p -> ?xtc -> temp-ext -> dist 
slot launch_slot_: id  0 | task 2509 | processing task, is_child = 0
slot update_slots: id  0 | task 2509 | new prompt, n_ctx_slot = 2048, n_keep = 0, task.n_tokens = 94
slot update_slots: id  0 | task 2509 | n_past = 94, slot.prompt.tokens.size() = 221, seq_id = 0, pos_min = 0, n_swa = 512
slot update_slots: id  0 | task 2509 | Checking checkpoint with [0, 89] against 0...
slot update_slots: id  0 | task 2509 | forcing full prompt re-processing due to lack of cache data (likely due to SWA or hybrid/recurrent memory, see https://github.com/ggml-org/llama.cpp/pull/13194#issuecomment-2868343055)
slot update_slots: id  0 | task 2509 | erased invalidated context checkpoint (pos_min = 0, pos_max = 89, n_tokens = 90, n_swa = 512, pos_next = 0, size = 0.935 MiB)
slot update_slots: id  0 | task 2509 | n_tokens = 0, memory_seq_rm [0, end)
slot update_slots: id  0 | task 2509 | prompt processing progress, n_tokens = 90, batch.n_tokens = 90, progress = 0.957447
slot update_slots: id  0 | task 2509 | n_tokens = 90, memory_seq_rm [90, end)
slot init_sampler: id  0 | task 2509 | init sampler, took 0.06 ms, tokens: text = 94, total = 94
slot update_slots: id  0 | task 2509 | prompt processing done, n_tokens = 94, batch.n_tokens = 4
slot update_slots: id  0 | task 2509 | created context checkpoint 1 of 32 (pos_min = 0, pos_max = 89, n_tokens = 90, size = 0.935 MiB)
srv  log_server_r: done request: POST /v1/chat/completions 127.0.0.1 200
reasoning-budget: activated, budget=2147483647 tokens
slot print_timing: id  0 | task 2509 | 
prompt eval time =    5584.47 ms /    94 tokens (   59.41 ms per token,    16.83 tokens per second)
       eval time =   19543.58 ms /   128 tokens (  152.68 ms per token,     6.55 tokens per second)
      total time =   25128.04 ms /   222 tokens
slot      release: id  0 | task 2509 | stop processing: n_tokens = 221, truncated = 0
srv  update_slots: all slots are idle
srv  params_from_: Chat format: peg-gemma4
slot get_availabl: id  0 | task -1 | selected slot by LCP similarity, sim_best = 0.138 (> 0.100 thold), f_keep = 0.054
srv  get_availabl: updating prompt cache
srv   prompt_save:  - saving prompt with length 221, total state size = 3.216 MiB
srv          load:  - looking for better prompt, base f_keep = 0.054, sim = 0.138
srv          load:  - found better prompt with f_keep = 0.407, sim = 1.000
srv        update:  - cache state: 8 prompts, 35.409 MiB (limits: 8192.000 MiB, 2048 tokens, 430314 est)
srv        update:    - prompt 0xe471c0:     174 tokens, checkpoints:  0,     2.532 MiB
srv        update:    - prompt 0xcc0510:     165 tokens, checkpoints:  0,     2.401 MiB
srv        update:    - prompt 0xfffd7c003ac0:     161 tokens, checkpoints:  0,     2.343 MiB
srv        update:    - prompt 0xe37180:     286 tokens, checkpoints:  1,     5.772 MiB
srv        update:    - prompt 0xe38710:     439 tokens, checkpoints:  1,     9.588 MiB
srv        update:    - prompt 0xcb7ab0:     381 tokens, checkpoints:  1,     8.141 MiB
srv        update:    - prompt 0xfffd50003ac0:      33 tokens, checkpoints:  0,     0.481 MiB
srv        update:    - prompt 0xe3d170:     221 tokens, checkpoints:  1,     4.151 MiB
srv  get_availabl: prompt cache update took 2.41 ms
slot launch_slot_: id  0 | task -1 | sampler chain: logits -> ?penalties -> ?dry -> ?top-n-sigma -> top-k -> ?typical -> ?top-p -> min-p -> ?xtc -> temp-ext -> dist 
slot launch_slot_: id  0 | task 2639 | processing task, is_child = 0
slot update_slots: id  0 | task 2639 | new prompt, n_ctx_slot = 2048, n_keep = 0, task.n_tokens = 87
slot update_slots: id  0 | task 2639 | n_past = 87, slot.prompt.tokens.size() = 214, seq_id = 0, pos_min = 0, n_swa = 512
slot update_slots: id  0 | task 2639 | Checking checkpoint with [0, 82] against 0...
slot update_slots: id  0 | task 2639 | forcing full prompt re-processing due to lack of cache data (likely due to SWA or hybrid/recurrent memory, see https://github.com/ggml-org/llama.cpp/pull/13194#issuecomment-2868343055)
slot update_slots: id  0 | task 2639 | erased invalidated context checkpoint (pos_min = 0, pos_max = 82, n_tokens = 83, n_swa = 512, pos_next = 0, size = 0.863 MiB)
slot update_slots: id  0 | task 2639 | n_tokens = 0, memory_seq_rm [0, end)
slot update_slots: id  0 | task 2639 | prompt processing progress, n_tokens = 83, batch.n_tokens = 83, progress = 0.954023
slot update_slots: id  0 | task 2639 | n_tokens = 83, memory_seq_rm [83, end)
slot init_sampler: id  0 | task 2639 | init sampler, took 0.06 ms, tokens: text = 87, total = 87
slot update_slots: id  0 | task 2639 | prompt processing done, n_tokens = 87, batch.n_tokens = 4
slot update_slots: id  0 | task 2639 | created context checkpoint 1 of 32 (pos_min = 0, pos_max = 82, n_tokens = 83, size = 0.863 MiB)
srv  log_server_r: done request: POST /v1/chat/completions 127.0.0.1 200
reasoning-budget: activated, budget=2147483647 tokens
slot print_timing: id  0 | task 2639 | 
prompt eval time =    5158.85 ms /    87 tokens (   59.30 ms per token,    16.86 tokens per second)
       eval time =   19587.91 ms /   128 tokens (  153.03 ms per token,     6.53 tokens per second)
      total time =   24746.76 ms /   215 tokens
slot      release: id  0 | task 2639 | stop processing: n_tokens = 214, truncated = 0
srv  update_slots: all slots are idle
srv  params_from_: Chat format: peg-gemma4
slot get_availabl: id  0 | task -1 | selected slot by LRU, t_last = 178728964708
srv  get_availabl: updating prompt cache
srv   prompt_save:  - saving prompt with length 214, total state size = 3.114 MiB
srv          load:  - looking for better prompt, base f_keep = 0.051, sim = 0.069
srv          load:  - found better prompt with f_keep = 0.556, sim = 1.000
srv        update:  - cache state: 8 prompts, 33.614 MiB (limits: 8192.000 MiB, 2048 tokens, 435752 est)
srv        update:    - prompt 0xe471c0:     174 tokens, checkpoints:  0,     2.532 MiB
srv        update:    - prompt 0xcc0510:     165 tokens, checkpoints:  0,     2.401 MiB
srv        update:    - prompt 0xfffd7c003ac0:     161 tokens, checkpoints:  0,     2.343 MiB
srv        update:    - prompt 0xe38710:     439 tokens, checkpoints:  1,     9.588 MiB
srv        update:    - prompt 0xcb7ab0:     381 tokens, checkpoints:  1,     8.141 MiB
srv        update:    - prompt 0xfffd50003ac0:      33 tokens, checkpoints:  0,     0.481 MiB
srv        update:    - prompt 0xe3d170:     221 tokens, checkpoints:  1,     4.151 MiB
srv        update:    - prompt 0xe3d970:     214 tokens, checkpoints:  1,     3.977 MiB
srv  get_availabl: prompt cache update took 2.65 ms
slot launch_slot_: id  0 | task -1 | sampler chain: logits -> ?penalties -> ?dry -> ?top-n-sigma -> top-k -> ?typical -> ?top-p -> min-p -> ?xtc -> temp-ext -> dist 
slot launch_slot_: id  0 | task 2769 | processing task, is_child = 0
slot update_slots: id  0 | task 2769 | new prompt, n_ctx_slot = 2048, n_keep = 0, task.n_tokens = 159
slot update_slots: id  0 | task 2769 | n_past = 159, slot.prompt.tokens.size() = 286, seq_id = 0, pos_min = 0, n_swa = 512
slot update_slots: id  0 | task 2769 | Checking checkpoint with [0, 154] against 0...
slot update_slots: id  0 | task 2769 | forcing full prompt re-processing due to lack of cache data (likely due to SWA or hybrid/recurrent memory, see https://github.com/ggml-org/llama.cpp/pull/13194#issuecomment-2868343055)
slot update_slots: id  0 | task 2769 | erased invalidated context checkpoint (pos_min = 0, pos_max = 154, n_tokens = 155, n_swa = 512, pos_next = 0, size = 1.611 MiB)
slot update_slots: id  0 | task 2769 | n_tokens = 0, memory_seq_rm [0, end)
slot update_slots: id  0 | task 2769 | prompt processing progress, n_tokens = 155, batch.n_tokens = 155, progress = 0.974843
slot update_slots: id  0 | task 2769 | n_tokens = 155, memory_seq_rm [155, end)
slot init_sampler: id  0 | task 2769 | init sampler, took 0.10 ms, tokens: text = 159, total = 159
slot update_slots: id  0 | task 2769 | prompt processing done, n_tokens = 159, batch.n_tokens = 4
slot update_slots: id  0 | task 2769 | created context checkpoint 1 of 32 (pos_min = 0, pos_max = 154, n_tokens = 155, size = 1.611 MiB)
srv  log_server_r: done request: POST /v1/chat/completions 127.0.0.1 200
reasoning-budget: activated, budget=2147483647 tokens
slot print_timing: id  0 | task 2769 | 
prompt eval time =    9720.40 ms /   159 tokens (   61.13 ms per token,    16.36 tokens per second)
       eval time =   21153.11 ms /   128 tokens (  165.26 ms per token,     6.05 tokens per second)
      total time =   30873.51 ms /   287 tokens
slot      release: id  0 | task 2769 | stop processing: n_tokens = 286, truncated = 0
srv  update_slots: all slots are idle
srv  params_from_: Chat format: peg-gemma4
slot get_availabl: id  0 | task -1 | selected slot by LRU, t_last = 178760005474
srv  get_availabl: updating prompt cache
srv   prompt_save:  - saving prompt with length 286, total state size = 4.162 MiB
srv          load:  - looking for better prompt, base f_keep = 0.038, sim = 0.035
srv          load:  - found better prompt with f_keep = 0.711, sim = 1.000
srv        update:  - cache state: 8 prompts, 29.798 MiB (limits: 8192.000 MiB, 2048 tokens, 449483 est)
srv        update:    - prompt 0xe471c0:     174 tokens, checkpoints:  0,     2.532 MiB
srv        update:    - prompt 0xcc0510:     165 tokens, checkpoints:  0,     2.401 MiB
srv        update:    - prompt 0xfffd7c003ac0:     161 tokens, checkpoints:  0,     2.343 MiB
srv        update:    - prompt 0xcb7ab0:     381 tokens, checkpoints:  1,     8.141 MiB
srv        update:    - prompt 0xfffd50003ac0:      33 tokens, checkpoints:  0,     0.481 MiB
srv        update:    - prompt 0xe3d170:     221 tokens, checkpoints:  1,     4.151 MiB
srv        update:    - prompt 0xe3d970:     214 tokens, checkpoints:  1,     3.977 MiB
srv        update:    - prompt 0xe37180:     286 tokens, checkpoints:  1,     5.772 MiB
srv  get_availabl: prompt cache update took 3.56 ms
slot launch_slot_: id  0 | task -1 | sampler chain: logits -> ?penalties -> ?dry -> ?top-n-sigma -> top-k -> ?typical -> ?top-p -> min-p -> ?xtc -> temp-ext -> dist 
slot launch_slot_: id  0 | task 2899 | processing task, is_child = 0
slot update_slots: id  0 | task 2899 | new prompt, n_ctx_slot = 2048, n_keep = 0, task.n_tokens = 312
slot update_slots: id  0 | task 2899 | n_past = 312, slot.prompt.tokens.size() = 439, seq_id = 0, pos_min = 0, n_swa = 512
slot update_slots: id  0 | task 2899 | Checking checkpoint with [0, 307] against 0...
slot update_slots: id  0 | task 2899 | forcing full prompt re-processing due to lack of cache data (likely due to SWA or hybrid/recurrent memory, see https://github.com/ggml-org/llama.cpp/pull/13194#issuecomment-2868343055)
slot update_slots: id  0 | task 2899 | erased invalidated context checkpoint (pos_min = 0, pos_max = 307, n_tokens = 308, n_swa = 512, pos_next = 0, size = 3.200 MiB)
slot update_slots: id  0 | task 2899 | n_tokens = 0, memory_seq_rm [0, end)
slot update_slots: id  0 | task 2899 | prompt processing progress, n_tokens = 308, batch.n_tokens = 308, progress = 0.987179
slot update_slots: id  0 | task 2899 | n_tokens = 308, memory_seq_rm [308, end)
slot init_sampler: id  0 | task 2899 | init sampler, took 0.19 ms, tokens: text = 312, total = 312
slot update_slots: id  0 | task 2899 | prompt processing done, n_tokens = 312, batch.n_tokens = 4
slot update_slots: id  0 | task 2899 | created context checkpoint 1 of 32 (pos_min = 0, pos_max = 307, n_tokens = 308, size = 3.200 MiB)
srv  log_server_r: done request: POST /v1/chat/completions 127.0.0.1 200
reasoning-budget: activated, budget=2147483647 tokens
slot print_timing: id  0 | task 2899 | 
prompt eval time =   20417.31 ms /   312 tokens (   65.44 ms per token,    15.28 tokens per second)
       eval time =   23889.67 ms /   128 tokens (  186.64 ms per token,     5.36 tokens per second)
      total time =   44306.98 ms /   440 tokens
slot      release: id  0 | task 2899 | stop processing: n_tokens = 439, truncated = 0
srv  update_slots: all slots are idle
srv  params_from_: Chat format: peg-gemma4
slot get_availabl: id  0 | task -1 | selected slot by LRU, t_last = 178804483471
srv  get_availabl: updating prompt cache
srv   prompt_save:  - saving prompt with length 439, total state size = 6.388 MiB
srv          load:  - looking for better prompt, base f_keep = 0.025, sim = 0.043
srv          load:  - found better prompt with f_keep = 0.667, sim = 1.000
srv        update:  - cache state: 8 prompts, 31.245 MiB (limits: 8192.000 MiB, 2048 tokens, 443883 est)
srv        update:    - prompt 0xe471c0:     174 tokens, checkpoints:  0,     2.532 MiB
srv        update:    - prompt 0xcc0510:     165 tokens, checkpoints:  0,     2.401 MiB
srv        update:    - prompt 0xfffd7c003ac0:     161 tokens, checkpoints:  0,     2.343 MiB
srv        update:    - prompt 0xfffd50003ac0:      33 tokens, checkpoints:  0,     0.481 MiB
srv        update:    - prompt 0xe3d170:     221 tokens, checkpoints:  1,     4.151 MiB
srv        update:    - prompt 0xe3d970:     214 tokens, checkpoints:  1,     3.977 MiB
srv        update:    - prompt 0xe37180:     286 tokens, checkpoints:  1,     5.772 MiB
srv        update:    - prompt 0xe38710:     439 tokens, checkpoints:  1,     9.588 MiB
srv  get_availabl: prompt cache update took 4.17 ms
slot launch_slot_: id  0 | task -1 | sampler chain: logits -> ?penalties -> ?dry -> ?top-n-sigma -> top-k -> ?typical -> ?top-p -> min-p -> ?xtc -> temp-ext -> dist 
slot launch_slot_: id  0 | task 3029 | processing task, is_child = 0
slot update_slots: id  0 | task 3029 | new prompt, n_ctx_slot = 2048, n_keep = 0, task.n_tokens = 254
slot update_slots: id  0 | task 3029 | n_past = 254, slot.prompt.tokens.size() = 381, seq_id = 0, pos_min = 0, n_swa = 512
slot update_slots: id  0 | task 3029 | Checking checkpoint with [0, 249] against 0...
slot update_slots: id  0 | task 3029 | forcing full prompt re-processing due to lack of cache data (likely due to SWA or hybrid/recurrent memory, see https://github.com/ggml-org/llama.cpp/pull/13194#issuecomment-2868343055)
slot update_slots: id  0 | task 3029 | erased invalidated context checkpoint (pos_min = 0, pos_max = 249, n_tokens = 250, n_swa = 512, pos_next = 0, size = 2.597 MiB)
slot update_slots: id  0 | task 3029 | n_tokens = 0, memory_seq_rm [0, end)
slot update_slots: id  0 | task 3029 | prompt processing progress, n_tokens = 250, batch.n_tokens = 250, progress = 0.984252
slot update_slots: id  0 | task 3029 | n_tokens = 250, memory_seq_rm [250, end)
slot init_sampler: id  0 | task 3029 | init sampler, took 0.15 ms, tokens: text = 254, total = 254
slot update_slots: id  0 | task 3029 | prompt processing done, n_tokens = 254, batch.n_tokens = 4
slot update_slots: id  0 | task 3029 | created context checkpoint 1 of 32 (pos_min = 0, pos_max = 249, n_tokens = 250, size = 2.597 MiB)
srv  log_server_r: done request: POST /v1/chat/completions 127.0.0.1 200
reasoning-budget: activated, budget=2147483647 tokens
reasoning-budget: deactivated (natural end)
slot print_timing: id  0 | task 3029 | 
prompt eval time =   16252.17 ms /   254 tokens (   63.98 ms per token,    15.63 tokens per second)
       eval time =   22741.99 ms /   128 tokens (  177.67 ms per token,     5.63 tokens per second)
      total time =   38994.16 ms /   382 tokens
slot      release: id  0 | task 3029 | stop processing: n_tokens = 381, truncated = 0
srv  update_slots: all slots are idle
srv  params_from_: Chat format: peg-gemma4
slot get_availabl: id  0 | task -1 | selected slot by LCP similarity, sim_best = 0.478 (> 0.100 thold), f_keep = 0.029
srv  get_availabl: updating prompt cache
srv   prompt_save:  - saving prompt with length 381, total state size = 5.544 MiB
srv          load:  - looking for better prompt, base f_keep = 0.029, sim = 0.478
srv          load:  - found better prompt with f_keep = 0.697, sim = 1.000
srv        update:  - cache state: 8 prompts, 38.905 MiB (limits: 8192.000 MiB, 2048 tokens, 429758 est)
srv        update:    - prompt 0xe471c0:     174 tokens, checkpoints:  0,     2.532 MiB
srv        update:    - prompt 0xcc0510:     165 tokens, checkpoints:  0,     2.401 MiB
srv        update:    - prompt 0xfffd7c003ac0:     161 tokens, checkpoints:  0,     2.343 MiB
srv        update:    - prompt 0xe3d170:     221 tokens, checkpoints:  1,     4.151 MiB
srv        update:    - prompt 0xe3d970:     214 tokens, checkpoints:  1,     3.977 MiB
srv        update:    - prompt 0xe37180:     286 tokens, checkpoints:  1,     5.772 MiB
srv        update:    - prompt 0xe38710:     439 tokens, checkpoints:  1,     9.588 MiB
srv        update:    - prompt 0xcb7ab0:     381 tokens, checkpoints:  1,     8.141 MiB
srv  get_availabl: prompt cache update took 2.63 ms
slot launch_slot_: id  0 | task -1 | sampler chain: logits -> ?penalties -> ?dry -> ?top-n-sigma -> top-k -> ?typical -> ?top-p -> min-p -> ?xtc -> temp-ext -> dist 
slot launch_slot_: id  0 | task 3159 | processing task, is_child = 0
slot update_slots: id  0 | task 3159 | new prompt, n_ctx_slot = 2048, n_keep = 0, task.n_tokens = 23
slot update_slots: id  0 | task 3159 | n_past = 23, slot.prompt.tokens.size() = 33, seq_id = 0, pos_min = 0, n_swa = 512
slot update_slots: id  0 | task 3159 | forcing full prompt re-processing due to lack of cache data (likely due to SWA or hybrid/recurrent memory, see https://github.com/ggml-org/llama.cpp/pull/13194#issuecomment-2868343055)
slot update_slots: id  0 | task 3159 | n_tokens = 0, memory_seq_rm [0, end)
slot update_slots: id  0 | task 3159 | prompt processing progress, n_tokens = 19, batch.n_tokens = 19, progress = 0.826087
slot update_slots: id  0 | task 3159 | n_tokens = 19, memory_seq_rm [19, end)
slot init_sampler: id  0 | task 3159 | init sampler, took 0.02 ms, tokens: text = 23, total = 23
slot update_slots: id  0 | task 3159 | prompt processing done, n_tokens = 23, batch.n_tokens = 4
srv  log_server_r: done request: POST /v1/chat/completions 127.0.0.1 200
slot print_timing: id  0 | task 3159 | 
prompt eval time =    1420.95 ms /    23 tokens (   61.78 ms per token,    16.19 tokens per second)
       eval time =    1292.66 ms /    11 tokens (  117.51 ms per token,     8.51 tokens per second)
      total time =    2713.61 ms /    34 tokens
slot      release: id  0 | task 3159 | stop processing: n_tokens = 33, truncated = 0
srv  update_slots: all slots are idle
srv  params_from_: Chat format: peg-gemma4
slot get_availabl: id  0 | task -1 | selected slot by LCP similarity, sim_best = 0.234 (> 0.100 thold), f_keep = 0.333
srv  get_availabl: updating prompt cache
srv   prompt_save:  - saving prompt with length 33, total state size = 0.481 MiB
srv          load:  - looking for better prompt, base f_keep = 0.333, sim = 0.234
srv        update:  - cache state: 9 prompts, 39.386 MiB (limits: 8192.000 MiB, 2048 tokens, 431376 est)
srv        update:    - prompt 0xe471c0:     174 tokens, checkpoints:  0,     2.532 MiB
srv        update:    - prompt 0xcc0510:     165 tokens, checkpoints:  0,     2.401 MiB
srv        update:    - prompt 0xfffd7c003ac0:     161 tokens, checkpoints:  0,     2.343 MiB
srv        update:    - prompt 0xe3d170:     221 tokens, checkpoints:  1,     4.151 MiB
srv        update:    - prompt 0xe3d970:     214 tokens, checkpoints:  1,     3.977 MiB
srv        update:    - prompt 0xe37180:     286 tokens, checkpoints:  1,     5.772 MiB
srv        update:    - prompt 0xe38710:     439 tokens, checkpoints:  1,     9.588 MiB
srv        update:    - prompt 0xcb7ab0:     381 tokens, checkpoints:  1,     8.141 MiB
srv        update:    - prompt 0xfffd34003ac0:      33 tokens, checkpoints:  0,     0.481 MiB
srv  get_availabl: prompt cache update took 0.33 ms
slot launch_slot_: id  0 | task -1 | sampler chain: logits -> ?penalties -> ?dry -> ?top-n-sigma -> top-k -> ?typical -> ?top-p -> min-p -> ?xtc -> temp-ext -> dist 
slot launch_slot_: id  0 | task 3172 | processing task, is_child = 0
slot update_slots: id  0 | task 3172 | new prompt, n_ctx_slot = 2048, n_keep = 0, task.n_tokens = 47
slot update_slots: id  0 | task 3172 | n_past = 11, slot.prompt.tokens.size() = 33, seq_id = 0, pos_min = 0, n_swa = 512
slot update_slots: id  0 | task 3172 | forcing full prompt re-processing due to lack of cache data (likely due to SWA or hybrid/recurrent memory, see https://github.com/ggml-org/llama.cpp/pull/13194#issuecomment-2868343055)
slot update_slots: id  0 | task 3172 | n_tokens = 0, memory_seq_rm [0, end)
slot update_slots: id  0 | task 3172 | prompt processing progress, n_tokens = 43, batch.n_tokens = 43, progress = 0.914894
slot update_slots: id  0 | task 3172 | n_tokens = 43, memory_seq_rm [43, end)
slot init_sampler: id  0 | task 3172 | init sampler, took 0.04 ms, tokens: text = 47, total = 47
slot update_slots: id  0 | task 3172 | prompt processing done, n_tokens = 47, batch.n_tokens = 4
srv  log_server_r: done request: POST /v1/chat/completions 127.0.0.1 200
reasoning-budget: activated, budget=2147483647 tokens
slot print_timing: id  0 | task 3172 | 
prompt eval time =    2773.80 ms /    47 tokens (   59.02 ms per token,    16.94 tokens per second)
       eval time =   18582.28 ms /   128 tokens (  145.17 ms per token,     6.89 tokens per second)
      total time =   21356.08 ms /   175 tokens
slot      release: id  0 | task 3172 | stop processing: n_tokens = 174, truncated = 0
srv  update_slots: all slots are idle
srv  params_from_: Chat format: peg-gemma4
slot get_availabl: id  0 | task -1 | selected slot by LCP similarity, sim_best = 0.289 (> 0.100 thold), f_keep = 0.063
srv  get_availabl: updating prompt cache
srv   prompt_save:  - saving prompt with length 174, total state size = 2.532 MiB
srv         alloc:  - prompt is already in the cache, skipping
srv          load:  - looking for better prompt, base f_keep = 0.063, sim = 0.289
srv        update:  - cache state: 9 prompts, 39.386 MiB (limits: 8192.000 MiB, 2048 tokens, 431376 est)
srv        update:    - prompt 0xe471c0:     174 tokens, checkpoints:  0,     2.532 MiB
srv        update:    - prompt 0xcc0510:     165 tokens, checkpoints:  0,     2.401 MiB
srv        update:    - prompt 0xfffd7c003ac0:     161 tokens, checkpoints:  0,     2.343 MiB
srv        update:    - prompt 0xe3d170:     221 tokens, checkpoints:  1,     4.151 MiB
srv        update:    - prompt 0xe3d970:     214 tokens, checkpoints:  1,     3.977 MiB
srv        update:    - prompt 0xe37180:     286 tokens, checkpoints:  1,     5.772 MiB
srv        update:    - prompt 0xe38710:     439 tokens, checkpoints:  1,     9.588 MiB
srv        update:    - prompt 0xcb7ab0:     381 tokens, checkpoints:  1,     8.141 MiB
srv        update:    - prompt 0xfffd34003ac0:      33 tokens, checkpoints:  0,     0.481 MiB
srv  get_availabl: prompt cache update took 0.14 ms
slot launch_slot_: id  0 | task -1 | sampler chain: logits -> ?penalties -> ?dry -> ?top-n-sigma -> top-k -> ?typical -> ?top-p -> min-p -> ?xtc -> temp-ext -> dist 
slot launch_slot_: id  0 | task 3302 | processing task, is_child = 0
slot update_slots: id  0 | task 3302 | new prompt, n_ctx_slot = 2048, n_keep = 0, task.n_tokens = 38
slot update_slots: id  0 | task 3302 | n_past = 11, slot.prompt.tokens.size() = 174, seq_id = 0, pos_min = 0, n_swa = 512
slot update_slots: id  0 | task 3302 | forcing full prompt re-processing due to lack of cache data (likely due to SWA or hybrid/recurrent memory, see https://github.com/ggml-org/llama.cpp/pull/13194#issuecomment-2868343055)
slot update_slots: id  0 | task 3302 | n_tokens = 0, memory_seq_rm [0, end)
slot update_slots: id  0 | task 3302 | prompt processing progress, n_tokens = 34, batch.n_tokens = 34, progress = 0.894737
slot update_slots: id  0 | task 3302 | n_tokens = 34, memory_seq_rm [34, end)
slot init_sampler: id  0 | task 3302 | init sampler, took 0.03 ms, tokens: text = 38, total = 38
slot update_slots: id  0 | task 3302 | prompt processing done, n_tokens = 38, batch.n_tokens = 4
srv  log_server_r: done request: POST /v1/chat/completions 127.0.0.1 200
reasoning-budget: activated, budget=2147483647 tokens
reasoning-budget: deactivated (natural end)
slot print_timing: id  0 | task 3302 | 
prompt eval time =    2259.28 ms /    38 tokens (   59.45 ms per token,    16.82 tokens per second)
       eval time =   18302.78 ms /   128 tokens (  142.99 ms per token,     6.99 tokens per second)
      total time =   20562.06 ms /   166 tokens
slot      release: id  0 | task 3302 | stop processing: n_tokens = 165, truncated = 0
srv  update_slots: all slots are idle
srv  params_from_: Chat format: peg-gemma4
slot get_availabl: id  0 | task -1 | selected slot by LCP similarity, sim_best = 0.324 (> 0.100 thold), f_keep = 0.067
srv  get_availabl: updating prompt cache
srv   prompt_save:  - saving prompt with length 165, total state size = 2.401 MiB
srv         alloc:  - prompt is already in the cache, skipping
srv          load:  - looking for better prompt, base f_keep = 0.067, sim = 0.324
srv        update:  - cache state: 9 prompts, 39.386 MiB (limits: 8192.000 MiB, 2048 tokens, 431376 est)
srv        update:    - prompt 0xe471c0:     174 tokens, checkpoints:  0,     2.532 MiB
srv        update:    - prompt 0xcc0510:     165 tokens, checkpoints:  0,     2.401 MiB
srv        update:    - prompt 0xfffd7c003ac0:     161 tokens, checkpoints:  0,     2.343 MiB
srv        update:    - prompt 0xe3d170:     221 tokens, checkpoints:  1,     4.151 MiB
srv        update:    - prompt 0xe3d970:     214 tokens, checkpoints:  1,     3.977 MiB
srv        update:    - prompt 0xe37180:     286 tokens, checkpoints:  1,     5.772 MiB
srv        update:    - prompt 0xe38710:     439 tokens, checkpoints:  1,     9.588 MiB
srv        update:    - prompt 0xcb7ab0:     381 tokens, checkpoints:  1,     8.141 MiB
srv        update:    - prompt 0xfffd34003ac0:      33 tokens, checkpoints:  0,     0.481 MiB
srv  get_availabl: prompt cache update took 0.14 ms
slot launch_slot_: id  0 | task -1 | sampler chain: logits -> ?penalties -> ?dry -> ?top-n-sigma -> top-k -> ?typical -> ?top-p -> min-p -> ?xtc -> temp-ext -> dist 
slot launch_slot_: id  0 | task 3432 | processing task, is_child = 0
slot update_slots: id  0 | task 3432 | new prompt, n_ctx_slot = 2048, n_keep = 0, task.n_tokens = 34
slot update_slots: id  0 | task 3432 | n_past = 11, slot.prompt.tokens.size() = 165, seq_id = 0, pos_min = 0, n_swa = 512
slot update_slots: id  0 | task 3432 | forcing full prompt re-processing due to lack of cache data (likely due to SWA or hybrid/recurrent memory, see https://github.com/ggml-org/llama.cpp/pull/13194#issuecomment-2868343055)
slot update_slots: id  0 | task 3432 | n_tokens = 0, memory_seq_rm [0, end)
slot update_slots: id  0 | task 3432 | prompt processing progress, n_tokens = 30, batch.n_tokens = 30, progress = 0.882353
slot update_slots: id  0 | task 3432 | n_tokens = 30, memory_seq_rm [30, end)
slot init_sampler: id  0 | task 3432 | init sampler, took 0.03 ms, tokens: text = 34, total = 34
slot update_slots: id  0 | task 3432 | prompt processing done, n_tokens = 34, batch.n_tokens = 4
srv  log_server_r: done request: POST /v1/chat/completions 127.0.0.1 200
reasoning-budget: activated, budget=2147483647 tokens
slot print_timing: id  0 | task 3432 | 
prompt eval time =    2067.45 ms /    34 tokens (   60.81 ms per token,    16.45 tokens per second)
       eval time =   18274.90 ms /   128 tokens (  142.77 ms per token,     7.00 tokens per second)
      total time =   20342.35 ms /   162 tokens
slot      release: id  0 | task 3432 | stop processing: n_tokens = 161, truncated = 0
srv  update_slots: all slots are idle
srv  params_from_: Chat format: peg-gemma4
slot get_availabl: id  0 | task -1 | selected slot by LCP similarity, sim_best = 0.117 (> 0.100 thold), f_keep = 0.068
srv  get_availabl: updating prompt cache
srv   prompt_save:  - saving prompt with length 161, total state size = 2.343 MiB
srv         alloc:  - prompt is already in the cache, skipping
srv          load:  - looking for better prompt, base f_keep = 0.068, sim = 0.117
srv          load:  - found better prompt with f_keep = 0.425, sim = 1.000
srv        update:  - cache state: 8 prompts, 35.235 MiB (limits: 8192.000 MiB, 2048 tokens, 430819 est)
srv        update:    - prompt 0xe471c0:     174 tokens, checkpoints:  0,     2.532 MiB
srv        update:    - prompt 0xcc0510:     165 tokens, checkpoints:  0,     2.401 MiB
srv        update:    - prompt 0xfffd7c003ac0:     161 tokens, checkpoints:  0,     2.343 MiB
srv        update:    - prompt 0xe3d970:     214 tokens, checkpoints:  1,     3.977 MiB
srv        update:    - prompt 0xe37180:     286 tokens, checkpoints:  1,     5.772 MiB
srv        update:    - prompt 0xe38710:     439 tokens, checkpoints:  1,     9.588 MiB
srv        update:    - prompt 0xcb7ab0:     381 tokens, checkpoints:  1,     8.141 MiB
srv        update:    - prompt 0xfffd34003ac0:      33 tokens, checkpoints:  0,     0.481 MiB
srv  get_availabl: prompt cache update took 1.46 ms
slot launch_slot_: id  0 | task -1 | sampler chain: logits -> ?penalties -> ?dry -> ?top-n-sigma -> top-k -> ?typical -> ?top-p -> min-p -> ?xtc -> temp-ext -> dist 
slot launch_slot_: id  0 | task 3562 | processing task, is_child = 0
slot update_slots: id  0 | task 3562 | new prompt, n_ctx_slot = 2048, n_keep = 0, task.n_tokens = 94
slot update_slots: id  0 | task 3562 | n_past = 94, slot.prompt.tokens.size() = 221, seq_id = 0, pos_min = 0, n_swa = 512
slot update_slots: id  0 | task 3562 | Checking checkpoint with [0, 89] against 0...
slot update_slots: id  0 | task 3562 | forcing full prompt re-processing due to lack of cache data (likely due to SWA or hybrid/recurrent memory, see https://github.com/ggml-org/llama.cpp/pull/13194#issuecomment-2868343055)
slot update_slots: id  0 | task 3562 | erased invalidated context checkpoint (pos_min = 0, pos_max = 89, n_tokens = 90, n_swa = 512, pos_next = 0, size = 0.935 MiB)
slot update_slots: id  0 | task 3562 | n_tokens = 0, memory_seq_rm [0, end)
slot update_slots: id  0 | task 3562 | prompt processing progress, n_tokens = 90, batch.n_tokens = 90, progress = 0.957447
slot update_slots: id  0 | task 3562 | n_tokens = 90, memory_seq_rm [90, end)
slot init_sampler: id  0 | task 3562 | init sampler, took 0.06 ms, tokens: text = 94, total = 94
slot update_slots: id  0 | task 3562 | prompt processing done, n_tokens = 94, batch.n_tokens = 4
slot update_slots: id  0 | task 3562 | created context checkpoint 1 of 32 (pos_min = 0, pos_max = 89, n_tokens = 90, size = 0.935 MiB)
srv  log_server_r: done request: POST /v1/chat/completions 127.0.0.1 200
reasoning-budget: activated, budget=2147483647 tokens
slot print_timing: id  0 | task 3562 | 
prompt eval time =    5596.59 ms /    94 tokens (   59.54 ms per token,    16.80 tokens per second)
       eval time =   19554.21 ms /   128 tokens (  152.77 ms per token,     6.55 tokens per second)
      total time =   25150.79 ms /   222 tokens
slot      release: id  0 | task 3562 | stop processing: n_tokens = 221, truncated = 0
srv  update_slots: all slots are idle
srv  params_from_: Chat format: peg-gemma4
slot get_availabl: id  0 | task -1 | selected slot by LCP similarity, sim_best = 0.138 (> 0.100 thold), f_keep = 0.054
srv  get_availabl: updating prompt cache
srv   prompt_save:  - saving prompt with length 221, total state size = 3.216 MiB
srv          load:  - looking for better prompt, base f_keep = 0.054, sim = 0.138
srv          load:  - found better prompt with f_keep = 0.407, sim = 1.000
srv        update:  - cache state: 8 prompts, 35.409 MiB (limits: 8192.000 MiB, 2048 tokens, 430314 est)
srv        update:    - prompt 0xe471c0:     174 tokens, checkpoints:  0,     2.532 MiB
srv        update:    - prompt 0xcc0510:     165 tokens, checkpoints:  0,     2.401 MiB
srv        update:    - prompt 0xfffd7c003ac0:     161 tokens, checkpoints:  0,     2.343 MiB
srv        update:    - prompt 0xe37180:     286 tokens, checkpoints:  1,     5.772 MiB
srv        update:    - prompt 0xe38710:     439 tokens, checkpoints:  1,     9.588 MiB
srv        update:    - prompt 0xcb7ab0:     381 tokens, checkpoints:  1,     8.141 MiB
srv        update:    - prompt 0xfffd34003ac0:      33 tokens, checkpoints:  0,     0.481 MiB
srv        update:    - prompt 0xfffd08003ac0:     221 tokens, checkpoints:  1,     4.151 MiB
srv  get_availabl: prompt cache update took 2.42 ms
slot launch_slot_: id  0 | task -1 | sampler chain: logits -> ?penalties -> ?dry -> ?top-n-sigma -> top-k -> ?typical -> ?top-p -> min-p -> ?xtc -> temp-ext -> dist 
slot launch_slot_: id  0 | task 3692 | processing task, is_child = 0
slot update_slots: id  0 | task 3692 | new prompt, n_ctx_slot = 2048, n_keep = 0, task.n_tokens = 87
slot update_slots: id  0 | task 3692 | n_past = 87, slot.prompt.tokens.size() = 214, seq_id = 0, pos_min = 0, n_swa = 512
slot update_slots: id  0 | task 3692 | Checking checkpoint with [0, 82] against 0...
slot update_slots: id  0 | task 3692 | forcing full prompt re-processing due to lack of cache data (likely due to SWA or hybrid/recurrent memory, see https://github.com/ggml-org/llama.cpp/pull/13194#issuecomment-2868343055)
slot update_slots: id  0 | task 3692 | erased invalidated context checkpoint (pos_min = 0, pos_max = 82, n_tokens = 83, n_swa = 512, pos_next = 0, size = 0.863 MiB)
slot update_slots: id  0 | task 3692 | n_tokens = 0, memory_seq_rm [0, end)
slot update_slots: id  0 | task 3692 | prompt processing progress, n_tokens = 83, batch.n_tokens = 83, progress = 0.954023
slot update_slots: id  0 | task 3692 | n_tokens = 83, memory_seq_rm [83, end)
slot init_sampler: id  0 | task 3692 | init sampler, took 0.06 ms, tokens: text = 87, total = 87
slot update_slots: id  0 | task 3692 | prompt processing done, n_tokens = 87, batch.n_tokens = 4
slot update_slots: id  0 | task 3692 | created context checkpoint 1 of 32 (pos_min = 0, pos_max = 82, n_tokens = 83, size = 0.863 MiB)
srv  log_server_r: done request: POST /v1/chat/completions 127.0.0.1 200
reasoning-budget: activated, budget=2147483647 tokens
slot print_timing: id  0 | task 3692 | 
prompt eval time =    5152.91 ms /    87 tokens (   59.23 ms per token,    16.88 tokens per second)
       eval time =   19596.22 ms /   128 tokens (  153.10 ms per token,     6.53 tokens per second)
      total time =   24749.12 ms /   215 tokens
slot      release: id  0 | task 3692 | stop processing: n_tokens = 214, truncated = 0
srv  update_slots: all slots are idle
srv  params_from_: Chat format: peg-gemma4
slot get_availabl: id  0 | task -1 | selected slot by LRU, t_last = 178959507773
srv  get_availabl: updating prompt cache
srv   prompt_save:  - saving prompt with length 214, total state size = 3.114 MiB
srv          load:  - looking for better prompt, base f_keep = 0.051, sim = 0.069
srv          load:  - found better prompt with f_keep = 0.556, sim = 1.000
srv        update:  - cache state: 8 prompts, 33.614 MiB (limits: 8192.000 MiB, 2048 tokens, 435752 est)
srv        update:    - prompt 0xe471c0:     174 tokens, checkpoints:  0,     2.532 MiB
srv        update:    - prompt 0xcc0510:     165 tokens, checkpoints:  0,     2.401 MiB
srv        update:    - prompt 0xfffd7c003ac0:     161 tokens, checkpoints:  0,     2.343 MiB
srv        update:    - prompt 0xe38710:     439 tokens, checkpoints:  1,     9.588 MiB
srv        update:    - prompt 0xcb7ab0:     381 tokens, checkpoints:  1,     8.141 MiB
srv        update:    - prompt 0xfffd34003ac0:      33 tokens, checkpoints:  0,     0.481 MiB
srv        update:    - prompt 0xfffd08003ac0:     221 tokens, checkpoints:  1,     4.151 MiB
srv        update:    - prompt 0xe3d970:     214 tokens, checkpoints:  1,     3.977 MiB
srv  get_availabl: prompt cache update took 2.63 ms
slot launch_slot_: id  0 | task -1 | sampler chain: logits -> ?penalties -> ?dry -> ?top-n-sigma -> top-k -> ?typical -> ?top-p -> min-p -> ?xtc -> temp-ext -> dist 
slot launch_slot_: id  0 | task 3822 | processing task, is_child = 0
slot update_slots: id  0 | task 3822 | new prompt, n_ctx_slot = 2048, n_keep = 0, task.n_tokens = 159
slot update_slots: id  0 | task 3822 | n_past = 159, slot.prompt.tokens.size() = 286, seq_id = 0, pos_min = 0, n_swa = 512
slot update_slots: id  0 | task 3822 | Checking checkpoint with [0, 154] against 0...
slot update_slots: id  0 | task 3822 | forcing full prompt re-processing due to lack of cache data (likely due to SWA or hybrid/recurrent memory, see https://github.com/ggml-org/llama.cpp/pull/13194#issuecomment-2868343055)
slot update_slots: id  0 | task 3822 | erased invalidated context checkpoint (pos_min = 0, pos_max = 154, n_tokens = 155, n_swa = 512, pos_next = 0, size = 1.611 MiB)
slot update_slots: id  0 | task 3822 | n_tokens = 0, memory_seq_rm [0, end)
slot update_slots: id  0 | task 3822 | prompt processing progress, n_tokens = 155, batch.n_tokens = 155, progress = 0.974843
slot update_slots: id  0 | task 3822 | n_tokens = 155, memory_seq_rm [155, end)
slot init_sampler: id  0 | task 3822 | init sampler, took 0.10 ms, tokens: text = 159, total = 159
slot update_slots: id  0 | task 3822 | prompt processing done, n_tokens = 159, batch.n_tokens = 4
slot update_slots: id  0 | task 3822 | created context checkpoint 1 of 32 (pos_min = 0, pos_max = 154, n_tokens = 155, size = 1.611 MiB)
srv  log_server_r: done request: POST /v1/chat/completions 127.0.0.1 200
reasoning-budget: activated, budget=2147483647 tokens
slot print_timing: id  0 | task 3822 | 
prompt eval time =    9722.96 ms /   159 tokens (   61.15 ms per token,    16.35 tokens per second)
       eval time =   21143.27 ms /   128 tokens (  165.18 ms per token,     6.05 tokens per second)
      total time =   30866.23 ms /   287 tokens
slot      release: id  0 | task 3822 | stop processing: n_tokens = 286, truncated = 0
srv  update_slots: all slots are idle
srv  params_from_: Chat format: peg-gemma4
slot get_availabl: id  0 | task -1 | selected slot by LRU, t_last = 178990542474
srv  get_availabl: updating prompt cache
srv   prompt_save:  - saving prompt with length 286, total state size = 4.162 MiB
srv          load:  - looking for better prompt, base f_keep = 0.038, sim = 0.035
srv          load:  - found better prompt with f_keep = 0.711, sim = 1.000
srv        update:  - cache state: 8 prompts, 29.798 MiB (limits: 8192.000 MiB, 2048 tokens, 449483 est)
srv        update:    - prompt 0xe471c0:     174 tokens, checkpoints:  0,     2.532 MiB
srv        update:    - prompt 0xcc0510:     165 tokens, checkpoints:  0,     2.401 MiB
srv        update:    - prompt 0xfffd7c003ac0:     161 tokens, checkpoints:  0,     2.343 MiB
srv        update:    - prompt 0xcb7ab0:     381 tokens, checkpoints:  1,     8.141 MiB
srv        update:    - prompt 0xfffd34003ac0:      33 tokens, checkpoints:  0,     0.481 MiB
srv        update:    - prompt 0xfffd08003ac0:     221 tokens, checkpoints:  1,     4.151 MiB
srv        update:    - prompt 0xe3d970:     214 tokens, checkpoints:  1,     3.977 MiB
srv        update:    - prompt 0xe37180:     286 tokens, checkpoints:  1,     5.772 MiB
srv  get_availabl: prompt cache update took 3.58 ms
slot launch_slot_: id  0 | task -1 | sampler chain: logits -> ?penalties -> ?dry -> ?top-n-sigma -> top-k -> ?typical -> ?top-p -> min-p -> ?xtc -> temp-ext -> dist 
slot launch_slot_: id  0 | task 3952 | processing task, is_child = 0
slot update_slots: id  0 | task 3952 | new prompt, n_ctx_slot = 2048, n_keep = 0, task.n_tokens = 312
slot update_slots: id  0 | task 3952 | n_past = 312, slot.prompt.tokens.size() = 439, seq_id = 0, pos_min = 0, n_swa = 512
slot update_slots: id  0 | task 3952 | Checking checkpoint with [0, 307] against 0...
slot update_slots: id  0 | task 3952 | forcing full prompt re-processing due to lack of cache data (likely due to SWA or hybrid/recurrent memory, see https://github.com/ggml-org/llama.cpp/pull/13194#issuecomment-2868343055)
slot update_slots: id  0 | task 3952 | erased invalidated context checkpoint (pos_min = 0, pos_max = 307, n_tokens = 308, n_swa = 512, pos_next = 0, size = 3.200 MiB)
slot update_slots: id  0 | task 3952 | n_tokens = 0, memory_seq_rm [0, end)
slot update_slots: id  0 | task 3952 | prompt processing progress, n_tokens = 308, batch.n_tokens = 308, progress = 0.987179
slot update_slots: id  0 | task 3952 | n_tokens = 308, memory_seq_rm [308, end)
slot init_sampler: id  0 | task 3952 | init sampler, took 0.19 ms, tokens: text = 312, total = 312
slot update_slots: id  0 | task 3952 | prompt processing done, n_tokens = 312, batch.n_tokens = 4
slot update_slots: id  0 | task 3952 | created context checkpoint 1 of 32 (pos_min = 0, pos_max = 307, n_tokens = 308, size = 3.200 MiB)
srv  log_server_r: done request: POST /v1/chat/completions 127.0.0.1 200
reasoning-budget: activated, budget=2147483647 tokens
slot print_timing: id  0 | task 3952 | 
prompt eval time =   20427.48 ms /   312 tokens (   65.47 ms per token,    15.27 tokens per second)
       eval time =   23831.11 ms /   128 tokens (  186.18 ms per token,     5.37 tokens per second)
      total time =   44258.59 ms /   440 tokens
slot      release: id  0 | task 3952 | stop processing: n_tokens = 439, truncated = 0
srv  update_slots: all slots are idle
srv  params_from_: Chat format: peg-gemma4
slot get_availabl: id  0 | task -1 | selected slot by LRU, t_last = 179034970332
srv  get_availabl: updating prompt cache
srv   prompt_save:  - saving prompt with length 439, total state size = 6.388 MiB
srv          load:  - looking for better prompt, base f_keep = 0.025, sim = 0.043
srv          load:  - found better prompt with f_keep = 0.667, sim = 1.000
srv        update:  - cache state: 8 prompts, 31.245 MiB (limits: 8192.000 MiB, 2048 tokens, 443883 est)
srv        update:    - prompt 0xe471c0:     174 tokens, checkpoints:  0,     2.532 MiB
srv        update:    - prompt 0xcc0510:     165 tokens, checkpoints:  0,     2.401 MiB
srv        update:    - prompt 0xfffd7c003ac0:     161 tokens, checkpoints:  0,     2.343 MiB
srv        update:    - prompt 0xfffd34003ac0:      33 tokens, checkpoints:  0,     0.481 MiB
srv        update:    - prompt 0xfffd08003ac0:     221 tokens, checkpoints:  1,     4.151 MiB
srv        update:    - prompt 0xe3d970:     214 tokens, checkpoints:  1,     3.977 MiB
srv        update:    - prompt 0xe37180:     286 tokens, checkpoints:  1,     5.772 MiB
srv        update:    - prompt 0xe38710:     439 tokens, checkpoints:  1,     9.588 MiB
srv  get_availabl: prompt cache update took 4.28 ms
slot launch_slot_: id  0 | task -1 | sampler chain: logits -> ?penalties -> ?dry -> ?top-n-sigma -> top-k -> ?typical -> ?top-p -> min-p -> ?xtc -> temp-ext -> dist 
slot launch_slot_: id  0 | task 4082 | processing task, is_child = 0
slot update_slots: id  0 | task 4082 | new prompt, n_ctx_slot = 2048, n_keep = 0, task.n_tokens = 254
slot update_slots: id  0 | task 4082 | n_past = 254, slot.prompt.tokens.size() = 381, seq_id = 0, pos_min = 0, n_swa = 512
slot update_slots: id  0 | task 4082 | Checking checkpoint with [0, 249] against 0...
slot update_slots: id  0 | task 4082 | forcing full prompt re-processing due to lack of cache data (likely due to SWA or hybrid/recurrent memory, see https://github.com/ggml-org/llama.cpp/pull/13194#issuecomment-2868343055)
slot update_slots: id  0 | task 4082 | erased invalidated context checkpoint (pos_min = 0, pos_max = 249, n_tokens = 250, n_swa = 512, pos_next = 0, size = 2.597 MiB)
slot update_slots: id  0 | task 4082 | n_tokens = 0, memory_seq_rm [0, end)
slot update_slots: id  0 | task 4082 | prompt processing progress, n_tokens = 250, batch.n_tokens = 250, progress = 0.984252
slot update_slots: id  0 | task 4082 | n_tokens = 250, memory_seq_rm [250, end)
slot init_sampler: id  0 | task 4082 | init sampler, took 0.18 ms, tokens: text = 254, total = 254
slot update_slots: id  0 | task 4082 | prompt processing done, n_tokens = 254, batch.n_tokens = 4
slot update_slots: id  0 | task 4082 | created context checkpoint 1 of 32 (pos_min = 0, pos_max = 249, n_tokens = 250, size = 2.597 MiB)
srv  log_server_r: done request: POST /v1/chat/completions 127.0.0.1 200
reasoning-budget: activated, budget=2147483647 tokens
reasoning-budget: deactivated (natural end)
slot print_timing: id  0 | task 4082 | 
prompt eval time =   16253.40 ms /   254 tokens (   63.99 ms per token,    15.63 tokens per second)
       eval time =   22690.91 ms /   128 tokens (  177.27 ms per token,     5.64 tokens per second)
      total time =   38944.30 ms /   382 tokens
slot      release: id  0 | task 4082 | stop processing: n_tokens = 381, truncated = 0
srv  update_slots: all slots are idle
srv    operator(): operator(): cleaning up before exit...
llama_memory_breakdown_print: | memory breakdown [MiB] | total   free    self   model   context   compute    unaccounted |
llama_memory_breakdown_print: |   - Host               |                 5661 =  5073 +      19 +     569                |
