timestamp,role,cpu_user_jiffies,cpu_nice_jiffies,cpu_system_jiffies,cpu_idle_jiffies,cpu_iowait_jiffies,cpu_irq_jiffies,cpu_softirq_jiffies,cpu_steal_jiffies,mem_total_kb,mem_available_kb,mem_used_kb,mem_free_kb,swap_total_kb,swap_free_kb
2026-05-13T15:03:33+01:00,server,27947881,1791,467872,671260052,11365,0,20016,0,32911424,29486016,3425408,24514432,16252864,16252864
2026-05-13T15:03:34+01:00,server,27948598,1791,467925,671264202,11366,0,20016,0,32911424,29207936,3703488,24223872,16252864,16252864
2026-05-13T15:03:35+01:00,server,27949782,1791,467943,671267917,11366,0,20016,0,32911424,29178432,3732992,24194240,16252864,16252864
2026-05-13T15:03:36+01:00,server,27950954,1791,467964,671271631,11366,0,20016,0,32911424,29160256,3751168,24176064,16252864,16252864
2026-05-13T15:03:37+01:00,server,27952121,1791,467985,671275346,11366,0,20016,0,32911424,29160832,3750592,24176640,16252864,16252864
2026-05-13T15:03:38+01:00,server,27953347,1791,467998,671279025,11366,0,20017,0,32911424,29178112,3733312,24193856,16252864,16252864
2026-05-13T15:03:39+01:00,server,27954546,1791,468015,671282740,11366,0,20018,0,32911424,29168192,3743232,24183872,16252864,16252864
2026-05-13T15:03:40+01:00,server,27955702,1791,468037,671286452,11366,0,20019,0,32911424,29153408,3758016,24169088,16252864,16252864
2026-05-13T15:03:41+01:00,server,27956875,1791,468061,671290166,11366,0,20020,0,32911424,29163072,3748352,24178752,16252864,16252864
2026-05-13T15:03:42+01:00,server,27958052,1791,468075,671293876,11366,0,20020,0,32911424,29160576,3750848,24176256,16252864,16252864
2026-05-13T15:03:43+01:00,server,27959260,1791,468092,671297567,11366,0,20020,0,32911424,29180672,3730752,24196288,16252864,16252864
2026-05-13T15:03:44+01:00,server,27960498,1791,468103,671301250,11366,0,20021,0,32911424,29186688,3724736,24202304,16252864,16252864
2026-05-13T15:03:45+01:00,server,27961724,1791,468110,671304936,11366,0,20021,0,32911424,29183872,3727552,24199488,16252864,16252864
2026-05-13T15:03:46+01:00,server,27962947,1791,468119,671308625,11366,0,20021,0,32911424,29185600,3725824,24201216,16252864,16252864
2026-05-13T15:03:47+01:00,server,27964185,1791,468131,671312307,11366,0,20021,0,32911424,29185728,3725696,24201344,16252864,16252864
2026-05-13T15:03:48+01:00,server,27965449,1791,468156,671315959,11366,0,20021,0,32911424,29182528,3728896,24197952,16252864,16252864
2026-05-13T15:03:49+01:00,server,27966689,1791,468169,671319642,11366,0,20021,0,32911424,29183424,3728000,24198848,16252864,16252864
2026-05-13T15:03:50+01:00,server,27967926,1791,468178,671323324,11366,0,20022,0,32911424,29183040,3728384,24198400,16252864,16252864
2026-05-13T15:03:51+01:00,server,27969146,1791,468198,671327007,11366,0,20022,0,32911424,29187520,3723904,24202880,16252864,16252864
2026-05-13T15:03:52+01:00,server,27970380,1791,468210,671330688,11366,0,20024,0,32911424,29185664,3725760,24201024,16252864,16252864
2026-05-13T15:03:53+01:00,server,27971607,1791,468224,671334369,11367,0,20024,0,32911424,29187456,3723968,24202816,16252864,16252864
2026-05-13T15:03:54+01:00,server,27972835,1791,468235,671338051,11367,0,20024,0,32911424,29184320,3727104,24199360,16252864,16252864
2026-05-13T15:03:55+01:00,server,27974073,1791,468245,671341734,11367,0,20024,0,32911424,29187008,3724416,24202048,16252864,16252864
2026-05-13T15:03:56+01:00,server,27975277,1791,468258,671345416,11367,0,20024,0,32911424,29177984,3733440,24193024,16252864,16252864
2026-05-13T15:03:57+01:00,server,27976512,1791,468271,671349097,11367,0,20025,0,32911424,29185664,3725760,24200704,16252864,16252864
2026-05-13T15:03:58+01:00,server,27977737,1791,468279,671352784,11367,0,20025,0,32911424,29183744,3727680,24198784,16252864,16252864
2026-05-13T15:03:59+01:00,server,27978960,1791,468288,671356469,11367,0,20026,0,32911424,29185344,3726080,24200384,16252864,16252864
2026-05-13T15:04:00+01:00,server,27980195,1791,468301,671360150,11367,0,20027,0,32911424,29183424,3728000,24198464,16252864,16252864
2026-05-13T15:04:02+01:00,server,27981435,1791,468314,671363834,11367,0,20027,0,32911424,29184704,3726720,24199744,16252864,16252864
2026-05-13T15:04:03+01:00,server,27982696,1791,468330,671367483,11367,0,20027,0,32911424,29181952,3729472,24196928,16252864,16252864
2026-05-13T15:04:04+01:00,server,27983931,1791,468344,671371167,11367,0,20027,0,32911424,29180608,3730816,24195584,16252864,16252864
2026-05-13T15:04:05+01:00,server,27985168,1791,468359,671374849,11367,0,20027,0,32911424,29180096,3731328,24195072,16252864,16252864
2026-05-13T15:04:06+01:00,server,27986396,1791,468368,671378533,11367,0,20027,0,32911424,29181824,3729600,24196800,16252864,16252864
2026-05-13T15:04:07+01:00,server,27987630,1791,468379,671382217,11367,0,20029,0,32911424,29181632,3729792,24196608,16252864,16252864
2026-05-13T15:04:08+01:00,server,27988865,1791,468396,671385903,11367,0,20029,0,32911424,29182976,3728448,24197952,16252864,16252864
2026-05-13T15:04:09+01:00,server,27990090,1791,468408,671389588,11367,0,20029,0,32911424,29182144,3729280,24197120,16252864,16252864
2026-05-13T15:04:10+01:00,server,27991317,1791,468420,671393270,11367,0,20029,0,32911424,29180800,3730624,24195776,16252864,16252864
2026-05-13T15:04:11+01:00,server,27992553,1791,468430,671396957,11367,0,20029,0,32911424,29181888,3729536,24196864,16252864,16252864
2026-05-13T15:04:12+01:00,server,27993765,1791,468438,671400645,11367,0,20029,0,32911424,29182336,3729088,24197248,16252864,16252864
2026-05-13T15:04:13+01:00,server,27995005,1791,468449,671404325,11367,0,20029,0,32911424,29181184,3730240,24196096,16252864,16252864
2026-05-13T15:04:14+01:00,server,27996185,1791,468460,671408052,11367,0,20029,0,32911424,29156992,3754432,24171904,16252864,16252864
2026-05-13T15:04:15+01:00,server,27997420,1791,468473,671411729,11367,0,20029,0,32911424,29156800,3754624,24171712,16252864,16252864
2026-05-13T15:04:16+01:00,server,27998650,1791,468482,671415407,11367,0,20029,0,32911424,29157760,3753664,24172672,16252864,16252864
2026-05-13T15:04:17+01:00,server,27999888,1791,468494,671419085,11367,0,20029,0,32911424,29157568,3753856,24172480,16252864,16252864
2026-05-13T15:04:18+01:00,server,28001171,1791,468514,671422726,11367,0,20029,0,32911424,29155968,3755456,24170880,16252864,16252864
2026-05-13T15:04:19+01:00,server,28002397,1791,468522,671426402,11367,0,20029,0,32911424,29153920,3757504,24168768,16252864,16252864
2026-05-13T15:04:20+01:00,server,28003628,1791,468532,671430085,11367,0,20029,0,32911424,29156992,3754432,24171840,16252864,16252864
2026-05-13T15:04:21+01:00,server,28004851,1791,468541,671433769,11367,0,20030,0,32911424,29155712,3755712,24170560,16252864,16252864
2026-05-13T15:04:22+01:00,server,28006086,1791,468557,671437456,11367,0,20031,0,32911424,29154944,3756480,24169792,16252864,16252864
2026-05-13T15:04:23+01:00,server,28007316,1791,468567,671441140,11367,0,20031,0,32911424,29155968,3755456,24170752,16252864,16252864
2026-05-13T15:04:24+01:00,server,28008536,1791,468574,671444833,11367,0,20032,0,32911424,29154880,3756544,24169664,16252864,16252864
2026-05-13T15:04:25+01:00,server,28009770,1791,468584,671448519,11367,0,20032,0,32911424,29156032,3755392,24170816,16252864,16252864
2026-05-13T15:04:26+01:00,server,28010996,1791,468599,671452202,11367,0,20032,0,32911424,29156416,3755008,24171200,16252864,16252864
2026-05-13T15:04:27+01:00,server,28012209,1791,468609,671455884,11367,0,20034,0,32911424,29156416,3755008,24171200,16252864,16252864
2026-05-13T15:04:28+01:00,server,28013448,1791,468619,671459567,11367,0,20036,0,32911424,29155840,3755584,24170624,16252864,16252864
2026-05-13T15:04:29+01:00,server,28014678,1791,468631,671463248,11367,0,20036,0,32911424,29156608,3754816,24171392,16252864,16252864
2026-05-13T15:04:30+01:00,server,28015903,1791,468645,671466930,11367,0,20036,0,32911424,29156608,3754816,24171392,16252864,16252864
2026-05-13T15:04:31+01:00,server,28017145,1791,468654,671470612,11367,0,20036,0,32911424,29156416,3755008,24171200,16252864,16252864
2026-05-13T15:04:32+01:00,server,28018365,1791,468665,671474294,11367,0,20036,0,32911424,29156608,3754816,24171392,16252864,16252864
2026-05-13T15:04:33+01:00,server,28019603,1791,468681,671477943,11367,0,20036,0,32911424,29153856,3757568,24168448,16252864,16252864
2026-05-13T15:04:34+01:00,server,28020836,1791,468699,671481624,11367,0,20036,0,32911424,29151168,3760256,24165760,16252864,16252864
2026-05-13T15:04:35+01:00,server,28022050,1791,468714,671485305,11367,0,20036,0,32911424,29151360,3760064,24165952,16252864,16252864
2026-05-13T15:04:36+01:00,server,28023282,1791,468730,671488990,11367,0,20037,0,32911424,29151168,3760256,24165824,16252864,16252864
2026-05-13T15:04:37+01:00,server,28024517,1791,468736,671492679,11367,0,20037,0,32911424,29152128,3759296,24166784,16252864,16252864
2026-05-13T15:04:38+01:00,server,28025740,1791,468746,671496362,11367,0,20039,0,32911424,29153664,3757760,24168320,16252864,16252864
2026-05-13T15:04:39+01:00,server,28026981,1791,468754,671500045,11367,0,20039,0,32911424,29152384,3759040,24167040,16252864,16252864
2026-05-13T15:04:41+01:00,server,28028220,1791,468763,671503728,11367,0,20040,0,32911424,29152192,3759232,24166848,16252864,16252864
2026-05-13T15:04:42+01:00,server,28029449,1791,468771,671507409,11367,0,20040,0,32911424,29152768,3758656,24167424,16252864,16252864
2026-05-13T15:04:43+01:00,server,28030676,1791,468784,671511091,11367,0,20040,0,32911424,29151616,3759808,24166272,16252864,16252864
2026-05-13T15:04:44+01:00,server,28031892,1791,468797,671514770,11367,0,20040,0,32911424,29153152,3758272,24167808,16252864,16252864
2026-05-13T15:04:45+01:00,server,28033126,1791,468813,671518452,11367,0,20040,0,32911424,29153536,3757888,24168192,16252864,16252864
2026-05-13T15:04:46+01:00,server,28034353,1791,468823,671522134,11367,0,20041,0,32911424,29153792,3757632,24168448,16252864,16252864
2026-05-13T15:04:47+01:00,server,28035579,1791,468834,671525817,11367,0,20041,0,32911424,29153984,3757440,24168640,16252864,16252864
2026-05-13T15:04:48+01:00,server,28036860,1791,468860,671529467,11367,0,20041,0,32911424,29154944,3756480,24169600,16252864,16252864
2026-05-13T15:04:49+01:00,server,28038098,1791,468874,671533147,11367,0,20041,0,32911424,29153984,3757440,24168640,16252864,16252864
2026-05-13T15:04:50+01:00,server,28039325,1791,468878,671536835,11367,0,20041,0,32911424,29154048,3757376,24168704,16252864,16252864
2026-05-13T15:04:51+01:00,server,28040518,1791,468887,671540568,11367,0,20041,0,32911424,29135104,3776320,24149760,16252864,16252864
2026-05-13T15:04:52+01:00,server,28041744,1791,468898,671544246,11367,0,20042,0,32911424,29132800,3778624,24147456,16252864,16252864
2026-05-13T15:04:53+01:00,server,28042981,1791,468914,671547923,11367,0,20042,0,32911424,29132608,3778816,24147264,16252864,16252864
2026-05-13T15:04:54+01:00,server,28044207,1791,468926,671551598,11367,0,20043,0,32911424,29133696,3777728,24148352,16252864,16252864
2026-05-13T15:04:55+01:00,server,28045441,1791,468937,671555275,11367,0,20044,0,32911424,29133888,3777536,24148544,16252864,16252864
2026-05-13T15:04:56+01:00,server,28046654,1791,468954,671558956,11367,0,20044,0,32911424,29134080,3777344,24148736,16252864,16252864
2026-05-13T15:04:57+01:00,server,28047891,1791,468964,671562638,11367,0,20044,0,32911424,29134656,3776768,24149312,16252864,16252864
2026-05-13T15:04:58+01:00,server,28049122,1791,468974,671566319,11367,0,20044,0,32911424,29134592,3776832,24149248,16252864,16252864
2026-05-13T15:04:59+01:00,server,28050336,1791,468986,671570001,11367,0,20045,0,32911424,29131712,3779712,24146368,16252864,16252864
2026-05-13T15:05:00+01:00,server,28051576,1791,468997,671573682,11367,0,20045,0,32911424,29134144,3777280,24148800,16252864,16252864
2026-05-13T15:05:01+01:00,server,28052814,1791,469014,671577359,11368,0,20045,0,32911424,29127424,3784000,24139648,16252864,16252864
2026-05-13T15:05:02+01:00,server,28054040,1791,469025,671581041,11368,0,20045,0,32911424,29127488,3783936,24139072,16252864,16252864
2026-05-13T15:05:03+01:00,server,28055309,1791,469052,671584700,11368,0,20045,0,32911424,29128000,3783424,24139456,16252864,16252864
2026-05-13T15:05:04+01:00,server,28056535,1791,469060,671588385,11368,0,20045,0,32911424,29128384,3783040,24139840,16252864,16252864
2026-05-13T15:05:05+01:00,server,28057772,1791,469073,671592068,11368,0,20046,0,32911424,29129152,3782272,24140608,16252864,16252864
2026-05-13T15:05:06+01:00,server,28059010,1791,469084,671595751,11368,0,20046,0,32911424,29129600,3781824,24141056,16252864,16252864
2026-05-13T15:05:07+01:00,server,28060234,1791,469099,671599435,11368,0,20046,0,32911424,29129216,3782208,24140672,16252864,16252864
2026-05-13T15:05:08+01:00,server,28061473,1791,469110,671603117,11368,0,20046,0,32911424,29129984,3781440,24141440,16252864,16252864
2026-05-13T15:05:09+01:00,server,28062700,1791,469125,671606800,11368,0,20046,0,32911424,29127872,3783552,24139328,16252864,16252864
2026-05-13T15:05:10+01:00,server,28063929,1791,469135,671610482,11368,0,20046,0,32911424,29129792,3781632,24141248,16252864,16252864
2026-05-13T15:05:11+01:00,server,28065163,1791,469150,671614166,11368,0,20047,0,32911424,29127104,3784320,24138560,16252864,16252864
2026-05-13T15:05:12+01:00,server,28066391,1791,469163,671617851,11368,0,20047,0,32911424,29131328,3780096,24142784,16252864,16252864
2026-05-13T15:05:13+01:00,server,28067608,1791,469172,671621534,11368,0,20048,0,32911424,29126528,3784896,24137984,16252864,16252864
2026-05-13T15:05:14+01:00,server,28068845,1791,469185,671625215,11368,0,20048,0,32911424,29128640,3782784,24140096,16252864,16252864
2026-05-13T15:05:15+01:00,server,28070081,1791,469195,671628905,11368,0,20048,0,32911424,29127232,3784192,24138688,16252864,16252864
2026-05-13T15:05:16+01:00,server,28071305,1791,469202,671632595,11368,0,20048,0,32911424,29131712,3779712,24143104,16252864,16252864
2026-05-13T15:05:17+01:00,server,28072597,1791,469221,671636243,11368,0,20048,0,32911424,29129728,3781696,24140928,16252864,16252864
2026-05-13T15:05:18+01:00,server,28073840,1791,469228,671639925,11368,0,20048,0,32911424,29130496,3780928,24141696,16252864,16252864
2026-05-13T15:05:20+01:00,server,28075063,1791,469239,671643605,11368,0,20049,0,32911424,29129408,3782016,24140608,16252864,16252864
2026-05-13T15:05:21+01:00,server,28076300,1791,469250,671647287,11368,0,20049,0,32911424,29130560,3780864,24141760,16252864,16252864
2026-05-13T15:05:22+01:00,server,28077539,1791,469262,671650969,11368,0,20049,0,32911424,29130112,3781312,24141312,16252864,16252864
2026-05-13T15:05:23+01:00,server,28078763,1791,469274,671654651,11368,0,20049,0,32911424,29131712,3779712,24142912,16252864,16252864
2026-05-13T15:05:24+01:00,server,28080006,1791,469285,671658325,11368,0,20049,0,32911424,29131648,3779776,24142848,16252864,16252864
2026-05-13T15:05:25+01:00,server,28081230,1791,469297,671662007,11368,0,20049,0,32911424,29129920,3781504,24141120,16252864,16252864
2026-05-13T15:05:26+01:00,server,28082470,1791,469308,671665689,11368,0,20049,0,32911424,29129664,3781760,24140864,16252864,16252864
2026-05-13T15:05:27+01:00,server,28083707,1791,469319,671669371,11368,0,20050,0,32911424,29130048,3781376,24141248,16252864,16252864
2026-05-13T15:05:28+01:00,server,28084877,1791,469329,671673096,11368,0,20050,0,32911424,29105920,3805504,24117120,16252864,16252864
2026-05-13T15:05:29+01:00,server,28086115,1791,469330,671676787,11368,0,20051,0,32911424,29106944,3804480,24117952,16252864,16252864
2026-05-13T15:05:30+01:00,server,28087336,1791,469342,671680464,11368,0,20051,0,32911424,29107904,3803520,24118912,16252864,16252864
2026-05-13T15:05:31+01:00,server,28088577,1791,469348,671684139,11368,0,20051,0,32911424,29108288,3803136,24119296,16252864,16252864
2026-05-13T15:05:32+01:00,server,28089803,1791,469359,671687814,11368,0,20051,0,32911424,29106304,3805120,24117248,16252864,16252864
2026-05-13T15:05:33+01:00,server,28091069,1791,469386,671691464,11368,0,20051,0,32911424,29108864,3802560,24119296,16252864,16252864
2026-05-13T15:05:34+01:00,server,28092306,1791,469398,671695145,11368,0,20052,0,32911424,29105408,3806016,24115840,16252864,16252864
2026-05-13T15:05:35+01:00,server,28093531,1791,469410,671698826,11368,0,20052,0,32911424,29106880,3804544,24117312,16252864,16252864
2026-05-13T15:05:36+01:00,server,28094767,1791,469426,671702506,11368,0,20052,0,32911424,29105728,3805696,24116160,16252864,16252864
2026-05-13T15:05:37+01:00,server,28095996,1795,469433,671706183,11368,0,20053,0,32911424,29108544,3802880,24118976,16252864,16252864
2026-05-13T15:05:38+01:00,server,28097235,1795,469445,671709873,11368,0,20053,0,32911424,29109824,3801600,24120128,16252864,16252864
2026-05-13T15:05:39+01:00,server,28098475,1795,469454,671713560,11368,0,20053,0,32911424,29104448,3806976,24114752,16252864,16252864
2026-05-13T15:05:40+01:00,server,28099712,1795,469467,671717242,11368,0,20054,0,32911424,29107136,3804288,24117440,16252864,16252864
2026-05-13T15:05:41+01:00,server,28100940,1795,469473,671720927,11368,0,20054,0,32911424,29104128,3807296,24114432,16252864,16252864
2026-05-13T15:05:42+01:00,server,28102180,1795,469475,671724618,11368,0,20054,0,32911424,29107968,3803456,24118272,16252864,16252864
2026-05-13T15:05:43+01:00,server,28103422,1795,469486,671728300,11368,0,20055,0,32911424,29105920,3805504,24116224,16252864,16252864
2026-05-13T15:05:44+01:00,server,28104650,1795,469495,671731983,11368,0,20055,0,32911424,29107840,3803584,24118144,16252864,16252864
2026-05-13T15:05:45+01:00,server,28105881,1795,469503,671735664,11368,0,20057,0,32911424,29108032,3803392,24118336,16252864,16252864
2026-05-13T15:05:46+01:00,server,28107120,1795,469513,671739346,11368,0,20057,0,32911424,29106304,3805120,24116608,16252864,16252864
2026-05-13T15:05:47+01:00,server,28108345,1795,469525,671743029,11368,0,20057,0,32911424,29110912,3800512,24121216,16252864,16252864
2026-05-13T15:05:48+01:00,server,28109623,1795,469548,671746678,11368,0,20058,0,32911424,29107968,3803456,24118272,16252864,16252864
2026-05-13T15:05:49+01:00,server,28110858,1795,469564,671750360,11368,0,20058,0,32911424,29108352,3803072,24118656,16252864,16252864
2026-05-13T15:05:50+01:00,server,28112073,1795,469575,671754041,11368,0,20058,0,32911424,29107648,3803776,24117952,16252864,16252864
2026-05-13T15:05:51+01:00,server,28113301,1795,469588,671757723,11368,0,20058,0,32911424,29106560,3804864,24116864,16252864,16252864
2026-05-13T15:05:52+01:00,server,28114529,1795,469602,671761405,11368,0,20058,0,32911424,29104064,3807360,24114368,16252864,16252864
2026-05-13T15:05:53+01:00,server,28115758,1795,469611,671765088,11368,0,20058,0,32911424,29103872,3807552,24114176,16252864,16252864
2026-05-13T15:05:54+01:00,server,28116996,1795,469618,671768778,11368,0,20058,0,32911424,29104512,3806912,24114880,16252864,16252864
2026-05-13T15:05:55+01:00,server,28118233,1795,469627,671772466,11368,0,20058,0,32911424,29105344,3806080,24115520,16252864,16252864
2026-05-13T15:05:56+01:00,server,28119456,1795,469640,671776149,11368,0,20058,0,32911424,29106112,3805312,24116288,16252864,16252864
2026-05-13T15:05:57+01:00,server,28120692,1795,469656,671779831,11368,0,20058,0,32911424,29105792,3805632,24115968,16252864,16252864
2026-05-13T15:05:59+01:00,server,28121908,1795,469665,671783511,11368,0,20058,0,32911424,29107904,3803520,24118080,16252864,16252864
2026-05-13T15:06:00+01:00,server,28123145,1795,469678,671787194,11368,0,20058,0,32911424,29108416,3803008,24118592,16252864,16252864
2026-05-13T15:06:01+01:00,server,28124373,1795,469689,671790878,11368,0,20059,0,32911424,29108672,3802752,24118848,16252864,16252864
2026-05-13T15:06:02+01:00,server,28125614,1795,469697,671794561,11368,0,20059,0,32911424,29106944,3804480,24117120,16252864,16252864
2026-05-13T15:06:03+01:00,server,28126894,1795,469716,671798210,11368,0,20059,0,32911424,29106752,3804672,24116800,16252864,16252864
2026-05-13T15:06:04+01:00,server,28128131,1795,469727,671801893,11368,0,20059,0,32911424,29106368,3805056,24116416,16252864,16252864
2026-05-13T15:06:05+01:00,server,28129306,1795,469741,671805619,11368,0,20059,0,32911424,29082880,3828544,24092992,16252864,16252864
2026-05-13T15:06:06+01:00,server,28130544,1795,469753,671809296,11368,0,20060,0,32911424,29080448,3830976,24090560,16252864,16252864
2026-05-13T15:06:07+01:00,server,28131782,1795,469760,671812979,11368,0,20060,0,32911424,29081792,3829632,24091904,16252864,16252864
2026-05-13T15:06:08+01:00,server,28133008,1795,469762,671816664,11368,0,20060,0,32911424,29083008,3828416,24093120,16252864,16252864
2026-05-13T15:06:09+01:00,server,28134228,1795,469772,671820345,11368,0,20061,0,32911424,29083968,3827456,24094080,16252864,16252864
2026-05-13T15:06:10+01:00,server,28135455,1795,469784,671824026,11368,0,20062,0,32911424,29082816,3828608,24092928,16252864,16252864
2026-05-13T15:06:11+01:00,server,28136694,1795,469797,671827706,11368,0,20062,0,32911424,29083008,3828416,24093120,16252864,16252864
2026-05-13T15:06:12+01:00,server,28137932,1795,469808,671831388,11368,0,20062,0,32911424,29081856,3829568,24091968,16252864,16252864
2026-05-13T15:06:13+01:00,server,28139156,1795,469823,671835069,11368,0,20062,0,32911424,29082240,3829184,24092352,16252864,16252864
2026-05-13T15:06:14+01:00,server,28140393,1795,469833,671838752,11368,0,20062,0,32911424,29081280,3830144,24091392,16252864,16252864
2026-05-13T15:06:15+01:00,server,28141632,1795,469844,671842434,11368,0,20063,0,32911424,29082048,3829376,24092160,16252864,16252864
2026-05-13T15:06:16+01:00,server,28142859,1795,469854,671846119,11368,0,20064,0,32911424,29081280,3830144,24091392,16252864,16252864
2026-05-13T15:06:17+01:00,server,28144097,1795,469867,671849803,11368,0,20064,0,32911424,29081280,3830144,24091392,16252864,16252864
2026-05-13T15:06:18+01:00,server,28145347,1795,469896,671853454,11368,0,20065,0,32911424,29080320,3831104,24090368,16252864,16252864
2026-05-13T15:06:19+01:00,server,28146562,1795,469907,671857138,11368,0,20065,0,32911424,29079744,3831680,24089792,16252864,16252864
2026-05-13T15:06:20+01:00,server,28147798,1795,469915,671860827,11368,0,20065,0,32911424,29079296,3832128,24089344,16252864,16252864
2026-05-13T15:06:21+01:00,server,28149036,1795,469925,671864513,11368,0,20065,0,32911424,29080832,3830592,24090880,16252864,16252864
2026-05-13T15:06:22+01:00,server,28150263,1795,469934,671868194,11368,0,20065,0,32911424,29081280,3830144,24091328,16252864,16252864
2026-05-13T15:06:23+01:00,server,28151482,1795,469948,671871872,11368,0,20065,0,32911424,29080576,3830848,24090368,16252864,16252864
2026-05-13T15:06:24+01:00,server,28152709,1795,469958,671875553,11368,0,20065,0,32911424,29082304,3829120,24091840,16252864,16252864
2026-05-13T15:06:25+01:00,server,28153946,1795,469971,671879237,11368,0,20066,0,32911424,29084608,3826816,24094144,16252864,16252864
2026-05-13T15:06:26+01:00,server,28155172,1795,469984,671882922,11368,0,20068,0,32911424,29084800,3826624,24094336,16252864,16252864
2026-05-13T15:06:27+01:00,server,28156400,1795,469994,671886603,11368,0,20068,0,32911424,29082880,3828544,24092416,16252864,16252864
2026-05-13T15:06:28+01:00,server,28157638,1795,470008,671890284,11368,0,20069,0,32911424,29085120,3826304,24094656,16252864,16252864
2026-05-13T15:06:29+01:00,server,28158866,1795,470020,671893965,11368,0,20069,0,32911424,29081792,3829632,24091328,16252864,16252864
2026-05-13T15:06:30+01:00,server,28160077,1795,470036,671897645,11368,0,20071,0,32911424,29082560,3828864,24091904,16252864,16252864
2026-05-13T15:06:31+01:00,server,28161305,1795,470047,671901327,11368,0,20071,0,32911424,29080640,3830784,24089984,16252864,16252864
2026-05-13T15:06:32+01:00,server,28162570,1795,470078,671904981,11368,0,20071,0,32911424,29082176,3829248,24091520,16252864,16252864
2026-05-13T15:06:33+01:00,server,28163792,1795,470082,671908674,11368,0,20072,0,32911424,29078976,3832448,24088192,16252864,16252864
2026-05-13T15:06:34+01:00,server,28165031,1795,470090,671912357,11368,0,20072,0,32911424,29079744,3831680,24088960,16252864,16252864
2026-05-13T15:06:35+01:00,server,28166268,1795,470103,671916039,11368,0,20072,0,32911424,29079808,3831616,24089024,16252864,16252864
2026-05-13T15:06:36+01:00,server,28167495,1795,470114,671919719,11368,0,20073,0,32911424,29085440,3825984,24094656,16252864,16252864
2026-05-13T15:06:38+01:00,server,28168721,1795,470128,671923401,11369,0,20073,0,32911424,29084864,3826560,24094080,16252864,16252864
2026-05-13T15:06:39+01:00,server,28169938,1795,470135,671927082,11369,0,20073,0,32911424,29084992,3826432,24094208,16252864,16252864
2026-05-13T15:06:40+01:00,server,28171108,1795,470146,671930815,11369,0,20073,0,32911424,29052800,3858624,24061952,16252864,16252864
2026-05-13T15:06:41+01:00,server,28172336,1795,470168,671934516,11369,0,20073,0,32911424,29036928,3874496,24046080,16252864,16252864
2026-05-13T15:06:42+01:00,server,28173550,1795,470183,671938215,11369,0,20073,0,32911424,29045120,3866304,24054208,16252864,16252864
2026-05-13T15:06:43+01:00,server,28174730,1795,470220,671941917,11369,0,20073,0,32911424,29045056,3866368,24054144,16252864,16252864
2026-05-13T15:06:44+01:00,server,28175940,1795,470236,671945615,11369,0,20073,0,32911424,29043904,3867520,24052992,16252864,16252864
2026-05-13T15:06:45+01:00,server,28177123,1795,470261,671949317,11369,0,20073,0,32911424,29041216,3870208,24050304,16252864,16252864
2026-05-13T15:06:46+01:00,server,28178349,1795,470276,671953012,11369,0,20075,0,32911424,29045952,3865472,24055040,16252864,16252864
2026-05-13T15:06:47+01:00,server,28179562,1795,470281,671956708,11369,0,20075,0,32911424,29047488,3863936,24056576,16252864,16252864
2026-05-13T15:06:48+01:00,server,28180853,1795,470297,671960363,11369,0,20075,0,32911424,29048128,3863296,24057216,16252864,16252864
2026-05-13T15:06:49+01:00,server,28182093,1795,470308,671964046,11369,0,20075,0,32911424,29047936,3863488,24057024,16252864,16252864
2026-05-13T15:06:50+01:00,server,28183334,1795,470315,671967728,11369,0,20076,0,32911424,29047296,3864128,24056384,16252864,16252864
2026-05-13T15:06:51+01:00,server,28184561,1795,470323,671971410,11369,0,20077,0,32911424,29048448,3862976,24057536,16252864,16252864
2026-05-13T15:06:52+01:00,server,28185797,1795,470338,671975091,11369,0,20078,0,32911424,29048640,3862784,24057728,16252864,16252864
2026-05-13T15:06:53+01:00,server,28187021,1795,470353,671978773,11369,0,20078,0,32911424,29049216,3862208,24058304,16252864,16252864
2026-05-13T15:06:54+01:00,server,28188260,1795,470364,671982455,11369,0,20079,0,32911424,29049408,3862016,24058496,16252864,16252864
2026-05-13T15:06:55+01:00,server,28189499,1795,470373,671986137,11369,0,20079,0,32911424,29045376,3866048,24054464,16252864,16252864
2026-05-13T15:06:56+01:00,server,28190728,1795,470382,671989821,11369,0,20079,0,32911424,29047104,3864320,24056192,16252864,16252864
2026-05-13T15:06:57+01:00,server,28191965,1795,470395,671993503,11369,0,20079,0,32911424,29047232,3864192,24056320,16252864,16252864
2026-05-13T15:06:58+01:00,server,28193197,1795,470400,671997183,11369,0,20080,0,32911424,29045888,3865536,24054976,16252864,16252864
2026-05-13T15:06:59+01:00,server,28194422,1795,470407,672000868,11369,0,20081,0,32911424,29047744,3863680,24056832,16252864,16252864
2026-05-13T15:07:00+01:00,server,28195695,1795,470416,672004661,11369,0,20081,0,32911424,29047296,3864128,24056384,16252864,16252864
2026-05-13T15:07:01+01:00,server,28196935,1795,470425,672008345,11369,0,20082,0,32911424,29048000,3863424,24055680,16252864,16252864
2026-05-13T15:07:02+01:00,server,28198163,1795,470433,672012027,11369,0,20082,0,32911424,29047808,3863616,24055488,16252864,16252864
2026-05-13T15:07:03+01:00,server,28199424,1795,470463,672015674,11369,0,20083,0,32911424,29046016,3865408,24053696,16252864,16252864
2026-05-13T15:07:04+01:00,server,28200650,1795,470475,672019355,11369,0,20083,0,32911424,29045824,3865600,24053504,16252864,16252864
2026-05-13T15:07:05+01:00,server,28201892,1795,470481,672023037,11369,0,20084,0,32911424,29045888,3865536,24053568,16252864,16252864
2026-05-13T15:07:06+01:00,server,28203128,1795,470495,672026721,11369,0,20084,0,32911424,29045184,3866240,24052864,16252864,16252864
2026-05-13T15:07:07+01:00,server,28204357,1795,470505,672030403,11369,0,20084,0,32911424,29049984,3861440,24057664,16252864,16252864
2026-05-13T15:07:08+01:00,server,28205594,1795,470517,672034085,11369,0,20084,0,32911424,29045504,3865920,24053056,16252864,16252864
2026-05-13T15:07:09+01:00,server,28206821,1795,470530,672037767,11369,0,20085,0,32911424,29046464,3864960,24054016,16252864,16252864
2026-05-13T15:07:10+01:00,server,28208046,1795,470543,672041450,11369,0,20085,0,32911424,29042496,3868928,24050048,16252864,16252864
2026-05-13T15:07:11+01:00,server,28209286,1795,470554,672045132,11369,0,20085,0,32911424,29044736,3866688,24052288,16252864,16252864
2026-05-13T15:07:12+01:00,server,28210511,1795,470562,672048821,11369,0,20085,0,32911424,29042688,3868736,24050240,16252864,16252864
2026-05-13T15:07:13+01:00,server,28211736,1795,470568,672052509,11369,0,20085,0,32911424,29044864,3866560,24052416,16252864,16252864
2026-05-13T15:07:15+01:00,server,28212967,1795,470585,672056190,11369,0,20085,0,32911424,29046400,3865024,24053952,16252864,16252864
2026-05-13T15:07:16+01:00,server,28214207,1795,470596,672059873,11369,0,20085,0,32911424,29045824,3865600,24053376,16252864,16252864
2026-05-13T15:07:17+01:00,server,28215433,1795,470608,672063554,11369,0,20085,0,32911424,29045440,3865984,24052992,16252864,16252864
2026-05-13T15:07:18+01:00,server,28216614,1795,470625,672067272,11369,0,20085,0,32911424,29012608,3898816,24020160,16252864,16252864
2026-05-13T15:07:19+01:00,server,28217795,1795,470646,672070973,11369,0,20085,0,32911424,28999168,3912256,24006720,16252864,16252864
2026-05-13T15:07:20+01:00,server,28219005,1795,470668,672074675,11369,0,20085,0,32911424,29003776,3907648,24011328,16252864,16252864
2026-05-13T15:07:21+01:00,server,28220237,1795,470681,672078376,11369,0,20087,0,32911424,29007744,3903680,24015232,16252864,16252864
2026-05-13T15:07:22+01:00,server,28221439,1795,470695,672082077,11369,0,20088,0,32911424,29003712,3907712,24011200,16252864,16252864
2026-05-13T15:07:23+01:00,server,28222637,1795,470711,672085774,11369,0,20088,0,32911424,29012864,3898560,24020352,16252864,16252864
2026-05-13T15:07:24+01:00,server,28223875,1795,470723,672089450,11369,0,20088,0,32911424,29013824,3897600,24021312,16252864,16252864
2026-05-13T15:07:25+01:00,server,28225113,1795,470735,672093133,11369,0,20088,0,32911424,29011520,3899904,24019008,16252864,16252864
2026-05-13T15:07:26+01:00,server,28226336,1795,470741,672096823,11369,0,20088,0,32911424,29013632,3897792,24021120,16252864,16252864
2026-05-13T15:07:27+01:00,server,28227558,1795,470752,672100510,11369,0,20088,0,32911424,29013824,3897600,24021312,16252864,16252864
2026-05-13T15:07:28+01:00,server,28228800,1795,470762,672104189,11369,0,20088,0,32911424,29014208,3897216,24021696,16252864,16252864
2026-05-13T15:07:29+01:00,server,28230039,1795,470773,672107870,11369,0,20088,0,32911424,29012864,3898560,24020352,16252864,16252864
2026-05-13T15:07:30+01:00,server,28231253,1795,470788,672111553,11369,0,20089,0,32911424,29014016,3897408,24021504,16252864,16252864
2026-05-13T15:07:31+01:00,server,28232508,1795,470814,672115193,11369,0,20090,0,32911424,29007040,3904384,24014528,16252864,16252864
2026-05-13T15:07:32+01:00,server,28233823,1795,470843,672118771,11369,0,20090,0,32911424,29002176,3909248,24008576,16252864,16252864
2026-05-13T15:07:33+01:00,server,28235115,1795,470866,672122370,11369,0,20091,0,32911424,29007680,3903744,24012544,16252864,16252864
2026-05-13T15:07:34+01:00,server,28236348,1795,470882,672126050,11369,0,20092,0,32911424,29006912,3904512,24011648,16252864,16252864
2026-05-13T15:07:35+01:00,server,28237580,1795,470893,672129734,11369,0,20092,0,32911424,29006400,3905024,24011072,16252864,16252864
2026-05-13T15:07:36+01:00,server,28238814,1795,470905,672133418,11369,0,20092,0,32911424,29006016,3905408,24010688,16252864,16252864
2026-05-13T15:07:37+01:00,server,28240053,1795,470916,672137100,11369,0,20092,0,32911424,29003136,3908288,24007808,16252864,16252864
2026-05-13T15:07:38+01:00,server,28241267,1795,470929,672140782,11369,0,20092,0,32911424,29008512,3902912,24013184,16252864,16252864
2026-05-13T15:07:39+01:00,server,28242505,1795,470933,672144476,11369,0,20093,0,32911424,29008960,3902464,24013632,16252864,16252864
2026-05-13T15:07:40+01:00,server,28243742,1795,470944,672148161,11369,0,20094,0,32911424,29008768,3902656,24013440,16252864,16252864
2026-05-13T15:07:41+01:00,server,28244985,1795,470952,672151844,11369,0,20094,0,32911424,29007040,3904384,24011712,16252864,16252864
2026-05-13T15:07:42+01:00,server,28246207,1795,470970,672155527,11369,0,20094,0,32911424,29008576,3902848,24013248,16252864,16252864
2026-05-13T15:07:43+01:00,server,28247447,1795,470979,672159210,11369,0,20094,0,32911424,29008192,3903232,24012864,16252864,16252864
2026-05-13T15:07:44+01:00,server,28248683,1795,470992,672162898,11369,0,20094,0,32911424,29005888,3905536,24010560,16252864,16252864
2026-05-13T15:07:45+01:00,server,28249910,1795,471004,672166579,11369,0,20094,0,32911424,29007808,3903616,24012480,16252864,16252864
2026-05-13T15:07:46+01:00,server,28251138,1795,471013,672170260,11369,0,20095,0,32911424,29008512,3902912,24013184,16252864,16252864
2026-05-13T15:07:47+01:00,server,28252426,1795,471027,672173917,11369,0,20095,0,32911424,29007936,3903488,24012608,16252864,16252864
2026-05-13T15:07:48+01:00,server,28253641,1795,471037,672177595,11369,0,20097,0,32911424,29007424,3904000,24012032,16252864,16252864
2026-05-13T15:07:49+01:00,server,28254869,1795,471050,672181275,11369,0,20099,0,32911424,29007616,3903808,24012224,16252864,16252864
2026-05-13T15:07:50+01:00,server,28256094,1795,471063,672184956,11369,0,20100,0,32911424,29003328,3908096,24007936,16252864,16252864
2026-05-13T15:07:51+01:00,server,28257323,1795,471071,672188641,11369,0,20100,0,32911424,29002176,3909248,24006784,16252864,16252864
2026-05-13T15:07:52+01:00,server,28258558,1795,471077,672192334,11369,0,20101,0,32911424,29005440,3905984,24010048,16252864,16252864
2026-05-13T15:07:54+01:00,server,28259782,1795,471091,672196016,11369,0,20101,0,32911424,29005760,3905664,24010368,16252864,16252864
2026-05-13T15:07:55+01:00,server,28260964,1795,471105,672199766,11369,0,20103,0,32911424,28972352,3939072,23976832,16252864,16252864
2026-05-13T15:07:56+01:00,server,28262154,1795,471125,672203469,11369,0,20104,0,32911424,28962688,3948736,23967168,16252864,16252864
2026-05-13T15:07:57+01:00,server,28263342,1795,471140,672207170,11369,0,20104,0,32911424,28971264,3940160,23975744,16252864,16252864
2026-05-13T15:07:58+01:00,server,28264544,1795,471158,672210871,11369,0,20105,0,32911424,28971840,3939584,23976320,16252864,16252864
2026-05-13T15:07:59+01:00,server,28265719,1795,471196,672214572,11369,0,20105,0,32911424,28967872,3943552,23972352,16252864,16252864
2026-05-13T15:08:00+01:00,server,28266885,1795,471218,672218273,11369,0,20106,0,32911424,28969472,3941952,23973952,16252864,16252864
2026-05-13T15:08:01+01:00,server,28268125,1795,471228,672221956,11369,0,20106,0,32911424,28977600,3933824,23982080,16252864,16252864
2026-05-13T15:08:02+01:00,server,28269353,1795,471238,672225639,11369,0,20106,0,32911424,28979136,3932288,23983616,16252864,16252864
2026-05-13T15:08:03+01:00,server,28270620,1795,471262,672229290,11369,0,20106,0,32911424,28976896,3934528,23981312,16252864,16252864
2026-05-13T15:08:04+01:00,server,28271849,1795,471272,672232977,11369,0,20107,0,32911424,28976128,3935296,23980544,16252864,16252864
2026-05-13T15:08:05+01:00,server,28273074,1795,471279,672236663,11369,0,20107,0,32911424,28977088,3934336,23981504,16252864,16252864
2026-05-13T15:08:06+01:00,server,28274315,1795,471283,672240350,11369,0,20107,0,32911424,28977344,3934080,23981760,16252864,16252864
2026-05-13T15:08:07+01:00,server,28275552,1795,471295,672244030,11369,0,20108,0,32911424,28977728,3933696,23982144,16252864,16252864
2026-05-13T15:08:08+01:00,server,28276782,1795,471302,672247712,11369,0,20108,0,32911424,28977920,3933504,23982336,16252864,16252864
2026-05-13T15:08:09+01:00,server,28278011,1795,471313,672251392,11369,0,20108,0,32911424,28977728,3933696,23982144,16252864,16252864
2026-05-13T15:08:10+01:00,server,28279225,1795,471323,672255072,11369,0,20109,0,32911424,28977728,3933696,23982144,16252864,16252864
2026-05-13T15:08:11+01:00,server,28280454,1795,471333,672258753,11369,0,20109,0,32911424,28978112,3933312,23982528,16252864,16252864
2026-05-13T15:08:12+01:00,server,28281692,1795,471344,672262435,11369,0,20111,0,32911424,28978496,3932928,23982912,16252864,16252864
2026-05-13T15:08:13+01:00,server,28282921,1795,471354,672266114,11369,0,20111,0,32911424,28977344,3934080,23981760,16252864,16252864
2026-05-13T15:08:14+01:00,server,28284165,1795,471361,672269793,11370,0,20111,0,32911424,28977536,3933888,23981952,16252864,16252864
2026-05-13T15:08:15+01:00,server,28285383,1795,471372,672273474,11370,0,20111,0,32911424,28979456,3931968,23983744,16252864,16252864
2026-05-13T15:08:16+01:00,server,28286609,1795,471385,672277157,11370,0,20112,0,32911424,28976192,3935232,23980480,16252864,16252864
2026-05-13T15:08:17+01:00,server,28287835,1795,471397,672280838,11370,0,20112,0,32911424,28975424,3936000,23979712,16252864,16252864
2026-05-13T15:08:18+01:00,server,28289108,1795,471422,672284496,11370,0,20112,0,32911424,28972608,3938816,23976832,16252864,16252864
2026-05-13T15:08:19+01:00,server,28290347,1795,471428,672288181,11370,0,20112,0,32911424,28974336,3937088,23978560,16252864,16252864
2026-05-13T15:08:20+01:00,server,28291584,1795,471441,672291864,11370,0,20112,0,32911424,28971840,3939584,23976064,16252864,16252864
2026-05-13T15:08:21+01:00,server,28292808,1795,471455,672295545,11370,0,20112,0,32911424,28972288,3939136,23976512,16252864,16252864
2026-05-13T15:08:22+01:00,server,28294043,1795,471467,672299228,11370,0,20112,0,32911424,28973696,3937728,23977920,16252864,16252864
2026-05-13T15:08:23+01:00,server,28295272,1795,471479,672302911,11370,0,20112,0,32911424,28972032,3939392,23976256,16252864,16252864
2026-05-13T15:08:24+01:00,server,28296494,1795,471494,672306593,11370,0,20112,0,32911424,28974784,3936640,23979008,16252864,16252864
2026-05-13T15:08:25+01:00,server,28297720,1795,471506,672310275,11370,0,20112,0,32911424,28971136,3940288,23975360,16252864,16252864
2026-05-13T15:08:26+01:00,server,28298962,1795,471517,672313959,11370,0,20112,0,32911424,28974400,3937024,23978624,16252864,16252864
2026-05-13T15:08:27+01:00,server,28300181,1795,471525,672317641,11370,0,20112,0,32911424,28974208,3937216,23978432,16252864,16252864
2026-05-13T15:08:28+01:00,server,28301422,1795,471533,672321323,11370,0,20114,0,32911424,28974720,3936704,23978944,16252864,16252864
2026-05-13T15:08:29+01:00,server,28302652,1795,471542,672325005,11370,0,20115,0,32911424,28969792,3941632,23974016,16252864,16252864
2026-05-13T15:08:30+01:00,server,28303881,1795,471549,672328690,11370,0,20115,0,32911424,28973824,3937600,23978048,16252864,16252864
2026-05-13T15:08:31+01:00,server,28305044,1795,471556,672332448,11370,0,20115,0,32911424,28943296,3968128,23947264,16252864,16252864
2026-05-13T15:08:33+01:00,server,28306268,1795,471586,672336119,11370,0,20115,0,32911424,28940480,3970944,23944384,16252864,16252864
2026-05-13T15:08:34+01:00,server,28307436,1795,471604,672339822,11370,0,20115,0,32911424,28940608,3970816,23944512,16252864,16252864
2026-05-13T15:08:35+01:00,server,28308647,1795,471628,672343525,11370,0,20116,0,32911424,28936704,3974720,23940608,16252864,16252864
2026-05-13T15:08:36+01:00,server,28309814,1795,471648,672347226,11370,0,20116,0,32911424,28937536,3973888,23941440,16252864,16252864
2026-05-13T15:08:37+01:00,server,28311018,1795,471664,672350927,11370,0,20117,0,32911424,28942656,3968768,23946560,16252864,16252864
2026-05-13T15:08:38+01:00,server,28312243,1795,471677,672354614,11370,0,20118,0,32911424,28943232,3968192,23947136,16252864,16252864
2026-05-13T15:08:39+01:00,server,28313448,1795,471688,672358295,11370,0,20118,0,32911424,28944320,3967104,23948224,16252864,16252864
2026-05-13T15:08:40+01:00,server,28314687,1795,471698,672361978,11370,0,20119,0,32911424,28944640,3966784,23948544,16252864,16252864
2026-05-13T15:08:41+01:00,server,28315926,1795,471711,672365662,11370,0,20119,0,32911424,28945024,3966400,23948928,16252864,16252864
2026-05-13T15:08:42+01:00,server,28317143,1795,471722,672369344,11370,0,20119,0,32911424,28942528,3968896,23946432,16252864,16252864
2026-05-13T15:08:43+01:00,server,28318376,1795,471736,672373027,11370,0,20119,0,32911424,28945408,3966016,23949312,16252864,16252864
2026-05-13T15:08:44+01:00,server,28319603,1795,471748,672376711,11370,0,20120,0,32911424,28944832,3966592,23948736,16252864,16252864
2026-05-13T15:08:45+01:00,server,28320826,1795,471751,672380402,11370,0,20121,0,32911424,28946560,3964864,23950464,16252864,16252864
2026-05-13T15:08:46+01:00,server,28322054,1795,471765,672384083,11370,0,20122,0,32911424,28944704,3966720,23948608,16252864,16252864
2026-05-13T15:08:47+01:00,server,28323280,1795,471774,672387766,11370,0,20122,0,32911424,28946688,3964736,23950592,16252864,16252864
2026-05-13T15:08:48+01:00,server,28324571,1795,471808,672391419,11370,0,20122,0,32911424,28944256,3967168,23948096,16252864,16252864
2026-05-13T15:08:49+01:00,server,28325802,1795,471828,672395101,11370,0,20122,0,32911424,28944064,3967360,23947904,16252864,16252864
2026-05-13T15:08:50+01:00,server,28327027,1795,471839,672398783,11370,0,20122,0,32911424,28945216,3966208,23949056,16252864,16252864
2026-05-13T15:08:51+01:00,server,28328268,1795,471848,672402465,11370,0,20122,0,32911424,28944192,3967232,23948032,16252864,16252864
2026-05-13T15:08:52+01:00,server,28329505,1795,471863,672406147,11370,0,20122,0,32911424,28944192,3967232,23948032,16252864,16252864
2026-05-13T15:08:53+01:00,server,28330721,1795,471874,672409828,11370,0,20122,0,32911424,28946688,3964736,23950528,16252864,16252864
2026-05-13T15:08:54+01:00,server,28331963,1795,471886,672413508,11370,0,20122,0,32911424,28943552,3967872,23947264,16252864,16252864
2026-05-13T15:08:55+01:00,server,28333193,1795,471896,672417189,11370,0,20122,0,32911424,28940736,3970688,23944448,16252864,16252864
2026-05-13T15:08:56+01:00,server,28334410,1795,471907,672420870,11370,0,20123,0,32911424,28939584,3971840,23943296,16252864,16252864
2026-05-13T15:08:57+01:00,server,28335635,1795,471919,672424556,11370,0,20123,0,32911424,28944192,3967232,23947904,16252864,16252864
2026-05-13T15:08:58+01:00,server,28336860,1795,471926,672428245,11370,0,20123,0,32911424,28944384,3967040,23948096,16252864,16252864
2026-05-13T15:08:59+01:00,server,28338097,1795,471938,672431926,11370,0,20123,0,32911424,28944384,3967040,23948096,16252864,16252864
2026-05-13T15:09:00+01:00,server,28339338,1795,471949,672435606,11370,0,20123,0,32911424,28944576,3966848,23948288,16252864,16252864
2026-05-13T15:09:01+01:00,server,28340562,1795,471961,672439285,11370,0,20123,0,32911424,28944320,3967104,23948032,16252864,16252864
2026-05-13T15:09:02+01:00,server,28341805,1795,471972,672442967,11370,0,20123,0,32911424,28944512,3966912,23948224,16252864,16252864
2026-05-13T15:09:03+01:00,server,28343073,1795,471997,672446616,11370,0,20124,0,32911424,28944448,3966976,23948032,16252864,16252864
2026-05-13T15:09:04+01:00,server,28344310,1795,472012,672450295,11370,0,20124,0,32911424,28946944,3964480,23950528,16252864,16252864
2026-05-13T15:09:05+01:00,server,28345548,1795,472025,672453977,11370,0,20124,0,32911424,28943872,3967552,23947456,16252864,16252864
2026-05-13T15:09:06+01:00,server,28346774,1795,472037,672457657,11370,0,20124,0,32911424,28944384,3967040,23947968,16252864,16252864
2026-05-13T15:09:07+01:00,server,28348004,1795,472049,672461338,11370,0,20124,0,32911424,28942080,3969344,23945664,16252864,16252864
2026-05-13T15:09:08+01:00,server,28349176,1795,472059,672465076,11370,0,20124,0,32911424,28914816,3996608,23918400,16252864,16252864
2026-05-13T15:09:09+01:00,server,28350398,1795,472077,672468766,11370,0,20125,0,32911424,28892096,4019328,23895680,16252864,16252864
2026-05-13T15:09:10+01:00,server,28351596,1795,472091,672472464,11370,0,20125,0,32911424,28901632,4009792,23905216,16252864,16252864
2026-05-13T15:09:12+01:00,server,28352803,1795,472101,672476167,11370,0,20125,0,32911424,28899136,4012288,23902720,16252864,16252864
2026-05-13T15:09:13+01:00,server,28354022,1795,472123,672479863,11370,0,20125,0,32911424,28902656,4008768,23906240,16252864,16252864
2026-05-13T15:09:14+01:00,server,28355218,1795,472136,672483558,11370,0,20125,0,32911424,28900160,4011264,23903744,16252864,16252864
2026-05-13T15:09:15+01:00,server,28356412,1795,472155,672487250,11370,0,20125,0,32911424,28901696,4009728,23905280,16252864,16252864
2026-05-13T15:09:16+01:00,server,28357608,1795,472169,672490945,11370,0,20126,0,32911424,28898880,4012544,23902464,16252864,16252864
2026-05-13T15:09:17+01:00,server,28358833,1795,472184,672494630,11370,0,20127,0,32911424,28905216,4006208,23908800,16252864,16252864
2026-05-13T15:09:18+01:00,server,28360084,1795,472211,672498280,11370,0,20127,0,32911424,28903552,4007872,23907136,16252864,16252864
2026-05-13T15:09:19+01:00,server,28361326,1795,472221,672501960,11370,0,20127,0,32911424,28903424,4008000,23907008,16252864,16252864
2026-05-13T15:09:20+01:00,server,28362565,1795,472233,672505642,11370,0,20128,0,32911424,28901888,4009536,23905472,16252864,16252864
2026-05-13T15:09:21+01:00,server,28363784,1795,472240,672509322,11370,0,20129,0,32911424,28902272,4009152,23905856,16252864,16252864
2026-05-13T15:09:22+01:00,server,28365020,1795,472254,672513003,11370,0,20129,0,32911424,28900928,4010496,23904512,16252864,16252864
2026-05-13T15:09:23+01:00,server,28366246,1795,472264,672516686,11370,0,20129,0,32911424,28902144,4009280,23905728,16252864,16252864
2026-05-13T15:09:24+01:00,server,28367490,1795,472273,672520367,11370,0,20130,0,32911424,28902400,4009024,23905984,16252864,16252864
2026-05-13T15:09:25+01:00,server,28368725,1795,472283,672524055,11370,0,20131,0,32911424,28903232,4008192,23906816,16252864,16252864
2026-05-13T15:09:26+01:00,server,28369935,1795,472298,672527738,11370,0,20132,0,32911424,28903424,4008000,23907008,16252864,16252864
2026-05-13T15:09:27+01:00,server,28371172,1795,472312,672531420,11370,0,20132,0,32911424,28904768,4006656,23908352,16252864,16252864
2026-05-13T15:09:28+01:00,server,28372411,1795,472321,672535104,11370,0,20133,0,32911424,28903296,4008128,23906880,16252864,16252864
2026-05-13T15:09:29+01:00,server,28373648,1795,472335,672538790,11370,0,20133,0,32911424,28903872,4007552,23907456,16252864,16252864
2026-05-13T15:09:30+01:00,server,28374876,1795,472342,672542473,11370,0,20133,0,32911424,28904064,4007360,23907648,16252864,16252864
2026-05-13T15:09:31+01:00,server,28376114,1795,472357,672546155,11370,0,20134,0,32911424,28902912,4008512,23906496,16252864,16252864
2026-05-13T15:09:32+01:00,server,28377336,1795,472366,672549836,11370,0,20135,0,32911424,28902336,4009088,23905920,16252864,16252864
2026-05-13T15:09:33+01:00,server,28378620,1795,472388,672553485,11370,0,20137,0,32911424,28902144,4009280,23905600,16252864,16252864
2026-05-13T15:09:34+01:00,server,28379856,1795,472401,672557166,11370,0,20138,0,32911424,28902528,4008896,23905984,16252864,16252864
2026-05-13T15:09:35+01:00,server,28381083,1795,472411,672560846,11370,0,20138,0,32911424,28898624,4012800,23902080,16252864,16252864
2026-05-13T15:09:36+01:00,server,28382307,1795,472425,672564530,11370,0,20138,0,32911424,28900672,4010752,23904128,16252864,16252864
2026-05-13T15:09:37+01:00,server,28383545,1795,472431,672568222,11370,0,20138,0,32911424,28901824,4009600,23905280,16252864,16252864
2026-05-13T15:09:38+01:00,server,28384761,1795,472440,672571906,11370,0,20139,0,32911424,28902976,4008448,23906432,16252864,16252864
2026-05-13T15:09:39+01:00,server,28386000,1795,472451,672575587,11370,0,20139,0,32911424,28903168,4008256,23906624,16252864,16252864
2026-05-13T15:09:40+01:00,server,28387227,1795,472470,672579269,11370,0,20139,0,32911424,28902144,4009280,23905664,16252864,16252864
2026-05-13T15:09:41+01:00,server,28388460,1795,472476,672582949,11370,0,20139,0,32911424,28903680,4007744,23907200,16252864,16252864
2026-05-13T15:09:42+01:00,server,28389688,1795,472489,672586629,11370,0,20139,0,32911424,28902464,4008960,23905984,16252864,16252864
2026-05-13T15:09:43+01:00,server,28390913,1795,472500,672590308,11370,0,20139,0,32911424,28903616,4007808,23907136,16252864,16252864
2026-05-13T15:09:44+01:00,server,28392135,1795,472508,672593990,11370,0,20139,0,32911424,28904384,4007040,23907904,16252864,16252864
2026-05-13T15:09:45+01:00,server,28393364,1795,472522,672597671,11370,0,20139,0,32911424,28904320,4007104,23907840,16252864,16252864
2026-05-13T15:09:46+01:00,server,28394590,1795,472531,672601354,11370,0,20139,0,32911424,28901632,4009792,23905152,16252864,16252864
2026-05-13T15:09:47+01:00,server,28395871,1795,472549,672605005,11370,0,20139,0,32911424,28904192,4007232,23907712,16252864,16252864
2026-05-13T15:09:48+01:00,server,28397021,1795,472579,672608755,11370,0,20139,0,32911424,28849536,4061888,23852992,16252864,16252864
2026-05-13T15:09:49+01:00,server,28398227,1795,472589,672612446,11370,0,20140,0,32911424,28813312,4098112,23816768,16252864,16252864
2026-05-13T15:09:50+01:00,server,28399452,1795,472601,672616145,11370,0,20140,0,32911424,28815744,4095680,23819200,16252864,16252864
2026-05-13T15:09:52+01:00,server,28400666,1795,472613,672619836,11370,0,20141,0,32911424,28820800,4090624,23824256,16252864,16252864
2026-05-13T15:09:53+01:00,server,28401896,1795,472627,672623526,11370,0,20143,0,32911424,28818496,4092928,23821952,16252864,16252864
2026-05-13T15:09:54+01:00,server,28403121,1795,472640,672627215,11370,0,20143,0,32911424,28819840,4091584,23823232,16252864,16252864
2026-05-13T15:09:55+01:00,server,28404328,1795,472656,672630907,11370,0,20146,0,32911424,28820864,4090560,23824256,16252864,16252864
2026-05-13T15:09:56+01:00,server,28405532,1795,472672,672634599,11370,0,20147,0,32911424,28820992,4090432,23824384,16252864,16252864
2026-05-13T15:09:57+01:00,server,28406731,1795,472684,672638292,11370,0,20147,0,32911424,28820800,4090624,23824192,16252864,16252864
2026-05-13T15:09:58+01:00,server,28407947,1795,472698,672641984,11370,0,20147,0,32911424,28819328,4092096,23822720,16252864,16252864
2026-05-13T15:09:59+01:00,server,28409155,1795,472711,672645675,11370,0,20147,0,32911424,28820288,4091136,23823680,16252864,16252864
2026-05-13T15:10:00+01:00,server,28410396,1795,472722,672649355,11370,0,20148,0,32911424,28820288,4091136,23823680,16252864,16252864
2026-05-13T15:10:01+01:00,server,28411638,1795,472735,672653032,11370,0,20148,0,32911424,28808320,4103104,23811712,16252864,16252864
2026-05-13T15:10:02+01:00,server,28412857,1795,472745,672656716,11370,0,20148,0,32911424,28810176,4101248,23813568,16252864,16252864
2026-05-13T15:10:03+01:00,server,28414147,1795,472759,672660375,11370,0,20148,0,32911424,28811072,4100352,23814464,16252864,16252864
2026-05-13T15:10:04+01:00,server,28415371,1795,472769,672664062,11370,0,20148,0,32911424,28810112,4101312,23813504,16252864,16252864
2026-05-13T15:10:05+01:00,server,28416598,1795,472781,672667743,11370,0,20148,0,32911424,28811264,4100160,23814656,16252864,16252864
2026-05-13T15:10:06+01:00,server,28417837,1795,472792,672671424,11370,0,20149,0,32911424,28811712,4099712,23815104,16252864,16252864
2026-05-13T15:10:07+01:00,server,28419077,1795,472805,672675106,11370,0,20149,0,32911424,28812480,4098944,23815872,16252864,16252864
2026-05-13T15:10:08+01:00,server,28420305,1795,472813,672678788,11370,0,20150,0,32911424,28812928,4098496,23816320,16252864,16252864
2026-05-13T15:10:09+01:00,server,28421543,1795,472826,672682469,11370,0,20152,0,32911424,28811968,4099456,23815360,16252864,16252864
2026-05-13T15:10:10+01:00,server,28422762,1795,472839,672686150,11370,0,20152,0,32911424,28810624,4100800,23814016,16252864,16252864
2026-05-13T15:10:11+01:00,server,28423995,1795,472851,672689831,11370,0,20152,0,32911424,28811648,4099776,23815040,16252864,16252864
2026-05-13T15:10:12+01:00,server,28425221,1795,472866,672693513,11370,0,20153,0,32911424,28811840,4099584,23815232,16252864,16252864
2026-05-13T15:10:13+01:00,server,28426446,1795,472879,672697194,11370,0,20153,0,32911424,28807616,4103808,23811008,16252864,16252864
2026-05-13T15:10:14+01:00,server,28427687,1795,472889,672700876,11370,0,20154,0,32911424,28810496,4100928,23813888,16252864,16252864
2026-05-13T15:10:15+01:00,server,28428925,1795,472899,672704558,11370,0,20155,0,32911424,28808768,4102656,23812160,16252864,16252864
2026-05-13T15:10:16+01:00,server,28430151,1795,472901,672708248,11370,0,20155,0,32911424,28809152,4102272,23812544,16252864,16252864
2026-05-13T15:10:17+01:00,server,28431391,1795,472911,672711931,11370,0,20155,0,32911424,28809920,4101504,23813312,16252864,16252864
2026-05-13T15:10:18+01:00,server,28432662,1795,472939,672715583,11370,0,20156,0,32911424,28810880,4100544,23814208,16252864,16252864
2026-05-13T15:10:19+01:00,server,28433887,1795,472952,672719262,11370,0,20157,0,32911424,28812800,4098624,23816128,16252864,16252864
2026-05-13T15:10:20+01:00,server,28435122,1795,472966,672722943,11370,0,20157,0,32911424,28807616,4103808,23810944,16252864,16252864
2026-05-13T15:10:21+01:00,server,28436352,1795,472974,672726624,11370,0,20158,0,32911424,28811840,4099584,23815168,16252864,16252864
2026-05-13T15:10:22+01:00,server,28437589,1795,472988,672730305,11370,0,20158,0,32911424,28812800,4098624,23816128,16252864,16252864
2026-05-13T15:10:23+01:00,server,28438829,1795,472998,672733986,11370,0,20158,0,32911424,28810880,4100544,23814208,16252864,16252864
2026-05-13T15:10:24+01:00,server,28440048,1795,473006,672737666,11370,0,20158,0,32911424,28812800,4098624,23816128,16252864,16252864
2026-05-13T15:10:25+01:00,server,28441289,1795,473015,672741347,11370,0,20158,0,32911424,28810688,4100736,23814016,16252864,16252864
2026-05-13T15:10:26+01:00,server,28442513,1795,473030,672745029,11370,0,20158,0,32911424,28809920,4101504,23813248,16252864,16252864
2026-05-13T15:10:27+01:00,server,28443749,1795,473044,672748709,11370,0,20158,0,32911424,28810688,4100736,23814016,16252864,16252864
2026-05-13T15:10:28+01:00,server,28444972,1795,473058,672752390,11370,0,20159,0,32911424,28806272,4105152,23809600,16252864,16252864
2026-05-13T15:10:29+01:00,server,28446186,1795,473061,672756080,11370,0,20159,0,32911424,28811456,4099968,23814784,16252864,16252864
2026-05-13T15:10:31+01:00,server,28447424,1795,473074,672759763,11370,0,20160,0,32911424,28811264,4100160,23814592,16252864,16252864
2026-05-13T15:10:32+01:00,server,28448583,1795,473086,672763518,11370,0,20160,0,32911424,28752384,4159040,23755584,16252864,16252864
2026-05-13T15:10:33+01:00,server,28449810,1795,473107,672767183,11370,0,20160,0,32911424,28747584,4163840,23750784,16252864,16252864
2026-05-13T15:10:34+01:00,server,28451026,1795,473123,672770876,11370,0,20161,0,32911424,28747840,4163584,23750912,16252864,16252864
2026-05-13T15:10:35+01:00,server,28452229,1795,473137,672774570,11370,0,20161,0,32911424,28748864,4162560,23751936,16252864,16252864
2026-05-13T15:10:36+01:00,server,28453449,1795,473152,672778263,11370,0,20161,0,32911424,28743552,4167872,23746624,16252864,16252864
2026-05-13T15:10:37+01:00,server,28454668,1795,473165,672781952,11370,0,20161,0,32911424,28748416,4163008,23751488,16252864,16252864
2026-05-13T15:10:38+01:00,server,28455893,1799,473177,672785640,11370,0,20161,0,32911424,28749120,4162304,23752128,16252864,16252864
2026-05-13T15:10:39+01:00,server,28457106,1799,473199,672789333,11370,0,20161,0,32911424,28743744,4167680,23746752,16252864,16252864
2026-05-13T15:10:40+01:00,server,28458318,1799,473210,672793024,11370,0,20161,0,32911424,28748224,4163200,23751232,16252864,16252864
2026-05-13T15:10:41+01:00,server,28459537,1799,473226,672796713,11370,0,20161,0,32911424,28742784,4168640,23745792,16252864,16252864
2026-05-13T15:10:42+01:00,server,28460754,1799,473234,672800405,11370,0,20161,0,32911424,28747968,4163456,23750976,16252864,16252864
2026-05-13T15:10:43+01:00,server,28461979,1799,473244,672804093,11370,0,20162,0,32911424,28749312,4162112,23752320,16252864,16252864
2026-05-13T15:10:44+01:00,server,28463216,1799,473260,672807776,11370,0,20162,0,32911424,28748736,4162688,23751744,16252864,16252864
2026-05-13T15:10:45+01:00,server,28464435,1799,473277,672811459,11370,0,20162,0,32911424,28750464,4160960,23753472,16252864,16252864
2026-05-13T15:10:46+01:00,server,28465664,1799,473287,672815140,11370,0,20162,0,32911424,28748800,4162624,23751808,16252864,16252864
2026-05-13T15:10:47+01:00,server,28466871,1799,473297,672818820,11370,0,20162,0,32911424,28749376,4162048,23752384,16252864,16252864
2026-05-13T15:10:48+01:00,server,28468110,1799,473330,672822469,11370,0,20163,0,32911424,28746368,4165056,23749376,16252864,16252864
2026-05-13T15:10:49+01:00,server,28469351,1799,473341,672826149,11370,0,20164,0,32911424,28745472,4165952,23748480,16252864,16252864
2026-05-13T15:10:50+01:00,server,28470580,1799,473350,672829828,11370,0,20164,0,32911424,28746112,4165312,23749056,16252864,16252864
2026-05-13T15:10:51+01:00,server,28471819,1799,473359,672833509,11370,0,20165,0,32911424,28748416,4163008,23751360,16252864,16252864
2026-05-13T15:10:52+01:00,server,28473054,1799,473372,672837195,11370,0,20165,0,32911424,28745024,4166400,23747968,16252864,16252864
2026-05-13T15:10:53+01:00,server,28474279,1799,473386,672840880,11370,0,20166,0,32911424,28745344,4166080,23748288,16252864,16252864
2026-05-13T15:10:54+01:00,server,28475506,1799,473396,672844564,11370,0,20166,0,32911424,28742848,4168576,23745792,16252864,16252864
2026-05-13T15:10:55+01:00,server,28476739,1799,473404,672848256,11370,0,20166,0,32911424,28746176,4165248,23749120,16252864,16252864
2026-05-13T15:10:56+01:00,server,28477958,1799,473412,672851937,11370,0,20167,0,32911424,28745408,4166016,23748352,16252864,16252864
2026-05-13T15:10:57+01:00,server,28479194,1799,473427,672855618,11370,0,20168,0,32911424,28746304,4165120,23749248,16252864,16252864
2026-05-13T15:10:58+01:00,server,28480433,1799,473440,672859297,11370,0,20168,0,32911424,28744640,4166784,23747648,16252864,16252864
2026-05-13T15:10:59+01:00,server,28481653,1799,473449,672862977,11370,0,20168,0,32911424,28746944,4164480,23749952,16252864,16252864
2026-05-13T15:11:00+01:00,server,28482892,1799,473463,672866657,11370,0,20168,0,32911424,28744064,4167360,23747072,16252864,16252864
2026-05-13T15:11:01+01:00,server,28484109,1799,473475,672870338,11370,0,20168,0,32911424,28745664,4165760,23748672,16252864,16252864
2026-05-13T15:11:02+01:00,server,28485359,1799,473498,672874009,11370,0,20168,0,32911424,28746816,4164608,23749824,16252864,16252864
2026-05-13T15:11:03+01:00,server,28486612,1799,473518,672877671,11370,0,20168,0,32911424,28745728,4165696,23748736,16252864,16252864
2026-05-13T15:11:04+01:00,server,28487838,1799,473528,672881351,11370,0,20168,0,32911424,28748416,4163008,23751424,16252864,16252864
2026-05-13T15:11:05+01:00,server,28489064,1799,473538,672885033,11370,0,20168,0,32911424,28742272,4169152,23745280,16252864,16252864
2026-05-13T15:11:06+01:00,server,28490299,1799,473555,672888718,11370,0,20168,0,32911424,28743104,4168320,23746112,16252864,16252864
2026-05-13T15:11:07+01:00,server,28491518,1799,473564,672892412,11370,0,20168,0,32911424,28744128,4167296,23747136,16252864,16252864
2026-05-13T15:11:08+01:00,server,28492751,1799,473569,672896094,11370,0,20168,0,32911424,28746304,4165120,23749312,16252864,16252864
2026-05-13T15:11:10+01:00,server,28493979,1799,473580,672899775,11370,0,20168,0,32911424,28746688,4164736,23749696,16252864,16252864
2026-05-13T15:11:11+01:00,server,28495203,1799,473594,672903455,11370,0,20168,0,32911424,28747264,4164160,23750272,16252864,16252864
2026-05-13T15:11:12+01:00,server,28496439,1799,473606,672907136,11370,0,20168,0,32911424,28745152,4166272,23748160,16252864,16252864
2026-05-13T15:11:13+01:00,server,28497663,1799,473621,672910817,11370,0,20168,0,32911424,28746304,4165120,23749312,16252864,16252864
2026-05-13T15:11:14+01:00,server,28498837,1799,473631,672914570,11370,0,20169,0,32911424,28696384,4215040,23699392,16252864,16252864
2026-05-13T15:11:15+01:00,server,28500047,1799,473646,672918261,11370,0,20169,0,32911424,28690624,4220800,23693632,16252864,16252864
2026-05-13T15:11:16+01:00,server,28501275,1799,473659,672921952,11370,0,20169,0,32911424,28687936,4223488,23690944,16252864,16252864
2026-05-13T15:11:17+01:00,server,28502475,1799,473675,672925645,11370,0,20169,0,32911424,28689408,4222016,23692416,16252864,16252864
2026-05-13T15:11:18+01:00,server,28503720,1799,473694,672929309,11370,0,20170,0,32911424,28687808,4223616,23690752,16252864,16252864
2026-05-13T15:11:19+01:00,server,28504925,1799,473715,672932997,11370,0,20170,0,32911424,28685120,4226304,23688064,16252864,16252864
2026-05-13T15:11:20+01:00,server,28506128,1799,473723,672936695,11370,0,20171,0,32911424,28685312,4226112,23688256,16252864,16252864
2026-05-13T15:11:21+01:00,server,28507340,1799,473734,672940393,11370,0,20171,0,32911424,28685056,4226368,23688000,16252864,16252864
2026-05-13T15:11:22+01:00,server,28508542,1799,473752,672944084,11370,0,20171,0,32911424,28691904,4219520,23694848,16252864,16252864
2026-05-13T15:11:23+01:00,server,28509750,1799,473766,672947774,11370,0,20171,0,32911424,28691136,4220288,23694080,16252864,16252864
2026-05-13T15:11:24+01:00,server,28511001,1799,473781,672951451,11370,0,20172,0,32911424,28694464,4216960,23697408,16252864,16252864
2026-05-13T15:11:25+01:00,server,28512228,1799,473791,672955133,11370,0,20172,0,32911424,28694016,4217408,23696960,16252864,16252864
2026-05-13T15:11:26+01:00,server,28513457,1799,473801,672958815,11370,0,20172,0,32911424,28695040,4216384,23697984,16252864,16252864
2026-05-13T15:11:27+01:00,server,28514682,1799,473814,672962496,11370,0,20172,0,32911424,28694080,4217344,23697024,16252864,16252864
2026-05-13T15:11:28+01:00,server,28515913,1799,473824,672966177,11370,0,20173,0,32911424,28696000,4215424,23698944,16252864,16252864
2026-05-13T15:11:29+01:00,server,28517150,1799,473837,672969859,11370,0,20173,0,32911424,28697728,4213696,23700672,16252864,16252864
2026-05-13T15:11:30+01:00,server,28518375,1799,473848,672973540,11370,0,20174,0,32911424,28694272,4217152,23697216,16252864,16252864
2026-05-13T15:11:31+01:00,server,28519609,1799,473865,672977222,11370,0,20174,0,32911424,28689984,4221440,23692928,16252864,16252864
2026-05-13T15:11:32+01:00,server,28520835,1799,473876,672980904,11370,0,20174,0,32911424,28691136,4220288,23694080,16252864,16252864
2026-05-13T15:11:33+01:00,server,28522095,1799,473896,672984563,11370,0,20175,0,32911424,28692864,4218560,23695808,16252864,16252864
2026-05-13T15:11:34+01:00,server,28523336,1799,473903,672988247,11370,0,20176,0,32911424,28694016,4217408,23696960,16252864,16252864
2026-05-13T15:11:35+01:00,server,28524561,1799,473914,672991927,11370,0,20176,0,32911424,28694400,4217024,23697344,16252864,16252864
2026-05-13T15:11:36+01:00,server,28525800,1799,473926,672995609,11370,0,20176,0,32911424,28694400,4217024,23697344,16252864,16252864
2026-05-13T15:11:37+01:00,server,28527039,1799,473937,672999290,11370,0,20177,0,32911424,28694656,4216768,23697600,16252864,16252864
2026-05-13T15:11:38+01:00,server,28528266,1799,473949,673002971,11370,0,20177,0,32911424,28696960,4214464,23699904,16252864,16252864
2026-05-13T15:11:39+01:00,server,28529501,1799,473964,673006652,11371,0,20177,0,32911424,28695232,4216192,23698176,16252864,16252864
2026-05-13T15:11:40+01:00,server,28530727,1799,473978,673010333,11371,0,20177,0,32911424,28693888,4217536,23696832,16252864,16252864
2026-05-13T15:11:41+01:00,server,28531965,1799,473991,673014014,11371,0,20177,0,32911424,28695424,4216000,23698368,16252864,16252864
2026-05-13T15:11:42+01:00,server,28533190,1799,474005,673017694,11371,0,20177,0,32911424,28694720,4216704,23697664,16252864,16252864
2026-05-13T15:11:43+01:00,server,28534418,1799,474016,673021375,11371,0,20177,0,32911424,28694528,4216896,23697472,16252864,16252864
2026-05-13T15:11:44+01:00,server,28535657,1799,474024,673025054,11371,0,20177,0,32911424,28694912,4216512,23697856,16252864,16252864
2026-05-13T15:11:45+01:00,server,28536894,1799,474036,673028741,11371,0,20177,0,32911424,28692864,4218560,23695808,16252864,16252864
2026-05-13T15:11:46+01:00,server,28538116,1799,474043,673032432,11371,0,20178,0,32911424,28696192,4215232,23699136,16252864,16252864
2026-05-13T15:11:47+01:00,server,28539380,1799,474064,673036082,11371,0,20178,0,32911424,28695296,4216128,23698240,16252864,16252864
2026-05-13T15:11:49+01:00,server,28540620,1799,474075,673039765,11371,0,20178,0,32911424,28693952,4217472,23696896,16252864,16252864
2026-05-13T15:11:50+01:00,server,28541845,1799,474088,673043445,11371,0,20178,0,32911424,28695488,4215936,23698432,16252864,16252864
2026-05-13T15:11:51+01:00,server,28543067,1799,474106,673047125,11371,0,20178,0,32911424,28694272,4217152,23697216,16252864,16252864
2026-05-13T15:11:52+01:00,server,28544296,1799,474118,673050807,11371,0,20178,0,32911424,28694656,4216768,23697600,16252864,16252864
2026-05-13T15:11:53+01:00,server,28545529,1799,474134,673054488,11371,0,20179,0,32911424,28694912,4216512,23697856,16252864,16252864
2026-05-13T15:11:54+01:00,server,28546759,1799,474146,673058170,11371,0,20179,0,32911424,28693376,4218048,23696320,16252864,16252864
2026-05-13T15:11:55+01:00,server,28547973,1799,474158,673061864,11371,0,20181,0,32911424,28649856,4261568,23652800,16252864,16252864
2026-05-13T15:11:56+01:00,server,28549147,1799,474171,673065606,11371,0,20181,0,32911424,28641216,4270208,23644032,16252864,16252864
2026-05-13T15:11:57+01:00,server,28550341,1799,474188,673069299,11371,0,20181,0,32911424,28641536,4269888,23644352,16252864,16252864
2026-05-13T15:11:58+01:00,server,28551570,1799,474205,673072991,11371,0,20181,0,32911424,28644480,4266944,23647232,16252864,16252864
2026-05-13T15:11:59+01:00,server,28552747,1799,474217,673076691,11371,0,20181,0,32911424,28641344,4270080,23644096,16252864,16252864
2026-05-13T15:12:00+01:00,server,28553954,1799,474230,673080388,11371,0,20181,0,32911424,28643008,4268416,23645760,16252864,16252864
2026-05-13T15:12:01+01:00,server,28555159,1799,474246,673084077,11371,0,20183,0,32911424,28641984,4269440,23644736,16252864,16252864
2026-05-13T15:12:02+01:00,server,28556389,1799,474257,673087767,11371,0,20183,0,32911424,28645184,4266240,23647936,16252864,16252864
2026-05-13T15:12:03+01:00,server,28557640,1799,474277,673091436,11371,0,20183,0,32911424,28644736,4266688,23647424,16252864,16252864
2026-05-13T15:12:04+01:00,server,28558849,1799,474289,673095126,11371,0,20184,0,32911424,28646592,4264832,23649280,16252864,16252864
2026-05-13T15:12:05+01:00,server,28560075,1799,474302,673098809,11371,0,20184,0,32911424,28646208,4265216,23648896,16252864,16252864
2026-05-13T15:12:06+01:00,server,28561315,1799,474312,673102490,11371,0,20185,0,32911424,28646976,4264448,23649664,16252864,16252864
2026-05-13T15:12:07+01:00,server,28562542,1799,474323,673106174,11371,0,20185,0,32911424,28649856,4261568,23652544,16252864,16252864
2026-05-13T15:12:08+01:00,server,28563771,1799,474332,673109854,11371,0,20185,0,32911424,28647040,4264384,23649728,16252864,16252864
2026-05-13T15:12:09+01:00,server,28564993,1799,474349,673113535,11371,0,20185,0,32911424,28644096,4267328,23646784,16252864,16252864
2026-05-13T15:12:10+01:00,server,28566230,1799,474358,673117216,11371,0,20185,0,32911424,28644480,4266944,23647168,16252864,16252864
2026-05-13T15:12:11+01:00,server,28567468,1799,474371,673120902,11371,0,20185,0,32911424,28645696,4265728,23648384,16252864,16252864
2026-05-13T15:12:12+01:00,server,28568693,1799,474376,673124597,11371,0,20185,0,32911424,28645120,4266304,23647808,16252864,16252864
2026-05-13T15:12:13+01:00,server,28569933,1799,474387,673128282,11371,0,20185,0,32911424,28647040,4264384,23649728,16252864,16252864
2026-05-13T15:12:14+01:00,server,28571169,1799,474400,673131963,11371,0,20185,0,32911424,28647424,4264000,23650112,16252864,16252864
2026-05-13T15:12:15+01:00,server,28572399,1799,474409,673135644,11371,0,20185,0,32911424,28646656,4264768,23649344,16252864,16252864
2026-05-13T15:12:16+01:00,server,28573637,1799,474422,673139325,11371,0,20186,0,32911424,28649920,4261504,23652608,16252864,16252864
2026-05-13T15:12:17+01:00,server,28574877,1799,474431,673143006,11371,0,20186,0,32911424,28647424,4264000,23650112,16252864,16252864
2026-05-13T15:12:18+01:00,server,28576153,1799,474454,673146652,11371,0,20186,0,32911424,28647104,4264320,23649792,16252864,16252864
2026-05-13T15:12:19+01:00,server,28577389,1799,474467,673150333,11371,0,20187,0,32911424,28646016,4265408,23648704,16252864,16252864
2026-05-13T15:12:20+01:00,server,28578616,1799,474478,673154013,11371,0,20187,0,32911424,28645888,4265536,23648576,16252864,16252864
2026-05-13T15:12:21+01:00,server,28579855,1799,474489,673157697,11371,0,20187,0,32911424,28647360,4264064,23650048,16252864,16252864
2026-05-13T15:12:22+01:00,server,28581087,1799,474501,673161382,11371,0,20188,0,32911424,28645440,4265984,23648128,16252864,16252864
2026-05-13T15:12:23+01:00,server,28582314,1799,474512,673165063,11371,0,20188,0,32911424,28646208,4265216,23648896,16252864,16252864
2026-05-13T15:12:24+01:00,server,28583543,1799,474518,673168749,11371,0,20188,0,32911424,28646336,4265088,23649024,16252864,16252864
2026-05-13T15:12:25+01:00,server,28584780,1799,474526,673172439,11371,0,20189,0,32911424,28647104,4264320,23649792,16252864,16252864
2026-05-13T15:12:26+01:00,server,28586007,1799,474539,673176121,11371,0,20189,0,32911424,28646336,4265088,23649024,16252864,16252864
2026-05-13T15:12:28+01:00,server,28587234,1799,474552,673179802,11371,0,20189,0,32911424,28647872,4263552,23650560,16252864,16252864
2026-05-13T15:12:29+01:00,server,28588470,1799,474566,673183484,11371,0,20189,0,32911424,28646720,4264704,23649408,16252864,16252864
2026-05-13T15:12:30+01:00,server,28589697,1799,474577,673187165,11371,0,20189,0,32911424,28647360,4264064,23650048,16252864,16252864
2026-05-13T15:12:31+01:00,server,28590933,1799,474587,673190838,11371,0,20189,0,32911424,28645632,4265792,23648320,16252864,16252864
2026-05-13T15:12:32+01:00,server,28592250,1799,474625,673194416,11371,0,20189,0,32911424,28639424,4272000,23642048,16252864,16252864
2026-05-13T15:12:33+01:00,server,28593584,1799,474657,673197977,11371,0,20191,0,32911424,28648256,4263168,23650816,16252864,16252864
2026-05-13T15:12:34+01:00,server,28594825,1799,474666,673201659,11371,0,20191,0,32911424,28647488,4263936,23650048,16252864,16252864
2026-05-13T15:12:35+01:00,server,28596052,1799,474679,673205340,11371,0,20191,0,32911424,28647872,4263552,23650432,16252864,16252864
2026-05-13T15:12:36+01:00,server,28597290,1799,474688,673209023,11371,0,20192,0,32911424,28645760,4265664,23648320,16252864,16252864
2026-05-13T15:12:37+01:00,server,28598463,1799,474699,673212768,11371,0,20192,0,32911424,28599104,4312320,23601664,16252864,16252864
2026-05-13T15:12:38+01:00,server,28599680,1799,474704,673216456,11371,0,20192,0,32911424,28600448,4310976,23603008,16252864,16252864
2026-05-13T15:12:39+01:00,server,28600917,1799,474713,673220143,11371,0,20193,0,32911424,28602304,4309120,23604864,16252864,16252864
2026-05-13T15:12:40+01:00,server,28602140,1799,474727,673223823,11371,0,20194,0,32911424,28601152,4310272,23603712,16252864,16252864
2026-05-13T15:12:41+01:00,server,28603286,1799,474751,673227557,11371,0,20195,0,32911424,28586880,4324544,23589312,16252864,16252864
2026-05-13T15:12:42+01:00,server,28604473,1799,474788,673231273,11371,0,20196,0,32911424,28571584,4339840,23574016,16252864,16252864
2026-05-13T15:12:43+01:00,server,28605647,1799,474812,673234984,11371,0,20196,0,32911424,28582528,4328896,23584960,16252864,16252864
2026-05-13T15:12:44+01:00,server,28606831,1799,474837,673238689,11371,0,20196,0,32911424,28604480,4306944,23606912,16252864,16252864
2026-05-13T15:12:45+01:00,server,28608047,1799,474847,673242371,11371,0,20196,0,32911424,28599680,4311744,23602112,16252864,16252864
2026-05-13T15:12:46+01:00,server,28609288,1799,474856,673246054,11371,0,20196,0,32911424,28601984,4309440,23604416,16252864,16252864
2026-05-13T15:12:47+01:00,server,28610527,1799,474869,673249734,11371,0,20196,0,32911424,28602176,4309248,23604608,16252864,16252864
2026-05-13T15:12:48+01:00,server,28611804,1799,474891,673253380,11371,0,20196,0,32911424,28600128,4311296,23602560,16252864,16252864
2026-05-13T15:12:49+01:00,server,28613045,1799,474902,673257062,11371,0,20196,0,32911424,28597632,4313792,23600064,16252864,16252864
2026-05-13T15:12:50+01:00,server,28614259,1799,474913,673260743,11371,0,20197,0,32911424,28598208,4313216,23600640,16252864,16252864
2026-05-13T15:12:51+01:00,server,28615497,1799,474916,673264432,11371,0,20197,0,32911424,28600448,4310976,23602880,16252864,16252864
2026-05-13T15:12:52+01:00,server,28616739,1799,474922,673268117,11371,0,20197,0,32911424,28599104,4312320,23601536,16252864,16252864
2026-05-13T15:12:53+01:00,server,28617964,1799,474935,673271798,11371,0,20197,0,32911424,28601216,4310208,23603648,16252864,16252864
2026-05-13T15:12:54+01:00,server,28619202,1799,474947,673275480,11371,0,20197,0,32911424,28600448,4310976,23602880,16252864,16252864
2026-05-13T15:12:55+01:00,server,28620419,1799,474958,673279162,11371,0,20197,0,32911424,28600448,4310976,23602880,16252864,16252864
2026-05-13T15:12:56+01:00,server,28621646,1799,474969,673282846,11371,0,20198,0,32911424,28601408,4310016,23603840,16252864,16252864
2026-05-13T15:12:57+01:00,server,28622872,1799,474983,673286528,11371,0,20198,0,32911424,28602752,4308672,23605184,16252864,16252864
2026-05-13T15:12:58+01:00,server,28624099,1799,474993,673290209,11371,0,20198,0,32911424,28600832,4310592,23603264,16252864,16252864
2026-05-13T15:12:59+01:00,server,28625338,1799,475003,673293891,11371,0,20198,0,32911424,28599104,4312320,23601536,16252864,16252864
2026-05-13T15:13:00+01:00,server,28626577,1799,475015,673297570,11371,0,20198,0,32911424,28597760,4313664,23600192,16252864,16252864
2026-05-13T15:13:01+01:00,server,28627801,1799,475026,673301251,11371,0,20199,0,32911424,28598528,4312896,23600960,16252864,16252864
2026-05-13T15:13:02+01:00,server,28629058,1799,475041,673304904,11371,0,20199,0,32911424,28597184,4314240,23599616,16252864,16252864
2026-05-13T15:13:03+01:00,server,28630273,1799,475048,673308586,11371,0,20199,0,32911424,28598528,4312896,23600960,16252864,16252864
2026-05-13T15:13:04+01:00,server,28631510,1799,475053,673312276,11371,0,20200,0,32911424,28600320,4311104,23602752,16252864,16252864
2026-05-13T15:13:05+01:00,server,28632747,1799,475066,673315957,11371,0,20200,0,32911424,28600192,4311232,23602624,16252864,16252864
2026-05-13T15:13:06+01:00,server,28633971,1799,475082,673319639,11371,0,20200,0,32911424,28601152,4310272,23603584,16252864,16252864
2026-05-13T15:13:08+01:00,server,28635207,1799,475096,673323323,11371,0,20201,0,32911424,28600576,4310848,23603008,16252864,16252864
2026-05-13T15:13:09+01:00,server,28636433,1799,475109,673327007,11371,0,20201,0,32911424,28599616,4311808,23602048,16252864,16252864
2026-05-13T15:13:10+01:00,server,28637650,1799,475116,673330691,11371,0,20202,0,32911424,28601344,4310080,23603776,16252864,16252864
2026-05-13T15:13:11+01:00,server,28638890,1799,475126,673334374,11371,0,20204,0,32911424,28601344,4310080,23603776,16252864,16252864
2026-05-13T15:13:12+01:00,server,28640126,1799,475139,673338055,11371,0,20206,0,32911424,28599296,4312128,23601728,16252864,16252864
2026-05-13T15:13:13+01:00,server,28641353,1799,475149,673341738,11371,0,20206,0,32911424,28601600,4309824,23604032,16252864,16252864
2026-05-13T15:13:14+01:00,server,28642592,1799,475160,673345422,11371,0,20208,0,32911424,28602944,4308480,23605376,16252864,16252864
2026-05-13T15:13:15+01:00,server,28643829,1799,475174,673349102,11371,0,20208,0,32911424,28600000,4311424,23602304,16252864,16252864
2026-05-13T15:13:16+01:00,server,28645009,1799,475189,673352824,11371,0,20208,0,32911424,28622208,4289216,23624512,16252864,16252864
2026-05-13T15:13:17+01:00,server,28646246,1799,475196,673356516,11371,0,20208,0,32911424,28623360,4288064,23625664,16252864,16252864
2026-05-13T15:13:18+01:00,server,28647526,1799,475214,673360174,11371,0,20208,0,32911424,28624192,4287232,23626368,16252864,16252864
2026-05-13T15:13:19+01:00,server,28648750,1799,475226,673363855,11371,0,20209,0,32911424,28623616,4287808,23625792,16252864,16252864
2026-05-13T15:13:20+01:00,server,28649986,1799,475241,673367538,11371,0,20209,0,32911424,28623488,4287936,23625664,16252864,16252864
2026-05-13T15:13:21+01:00,server,28651211,1799,475254,673371221,11371,0,20209,0,32911424,28623488,4287936,23625664,16252864,16252864
2026-05-13T15:13:22+01:00,server,28652439,1799,475264,673374907,11371,0,20209,0,32911424,28624064,4287360,23626240,16252864,16252864
2026-05-13T15:13:23+01:00,server,28653667,1799,475276,673378593,11371,0,20210,0,32911424,28624064,4287360,23626240,16252864,16252864
2026-05-13T15:13:24+01:00,server,28654899,1799,475291,673382272,11371,0,20210,0,32911424,28623680,4287744,23625856,16252864,16252864
2026-05-13T15:13:25+01:00,server,28656129,1799,475302,673385957,11371,0,20210,0,32911424,28623872,4287552,23626048,16252864,16252864
2026-05-13T15:13:26+01:00,server,28657353,1799,475315,673389640,11371,0,20211,0,32911424,28624832,4286592,23627008,16252864,16252864
2026-05-13T15:13:27+01:00,server,28658595,1799,475323,673393327,11371,0,20212,0,32911424,28625344,4286080,23627584,16252864,16252864
2026-05-13T15:13:28+01:00,server,28659837,1799,475335,673397015,11371,0,20212,0,32911424,28622720,4288704,23624896,16252864,16252864
2026-05-13T15:13:29+01:00,server,28661073,1799,475350,673400703,11371,0,20213,0,32911424,28621824,4289600,23624000,16252864,16252864
2026-05-13T15:13:30+01:00,server,28662310,1799,475356,673404401,11371,0,20213,0,32911424,28621376,4290048,23623552,16252864,16252864
2026-05-13T15:13:31+01:00,server,28663536,1799,475366,673408090,11371,0,20213,0,32911424,28623680,4287744,23625856,16252864,16252864
2026-05-13T15:13:32+01:00,server,28664777,1799,475372,673411776,11371,0,20213,0,32911424,28623296,4288128,23625472,16252864,16252864
2026-05-13T15:13:33+01:00,server,28666038,1799,475386,673415432,11371,0,20213,0,32911424,28618112,4293312,23620288,16252864,16252864
2026-05-13T15:13:34+01:00,server,28667264,1799,475402,673419119,11371,0,20213,0,32911424,28616576,4294848,23618752,16252864,16252864
2026-05-13T15:13:35+01:00,server,28668501,1799,475413,673422806,11371,0,20214,0,32911424,28619072,4292352,23621248,16252864,16252864
2026-05-13T15:13:36+01:00,server,28669727,1799,475423,673426493,11371,0,20214,0,32911424,28617856,4293568,23620032,16252864,16252864
2026-05-13T15:13:37+01:00,server,28670965,1799,475435,673430177,11371,0,20214,0,32911424,28619648,4291776,23621824,16252864,16252864
2026-05-13T15:13:38+01:00,server,28672204,1799,475449,673433862,11371,0,20214,0,32911424,28620928,4290496,23623104,16252864,16252864
2026-05-13T15:13:39+01:00,server,28673421,1799,475460,673437548,11371,0,20214,0,32911424,28622272,4289152,23624448,16252864,16252864
2026-05-13T15:13:40+01:00,server,28674651,1799,475470,673441232,11371,0,20214,0,32911424,28618624,4292800,23620800,16252864,16252864
2026-05-13T15:13:41+01:00,server,28675885,1799,475482,673444917,11371,0,20214,0,32911424,28618240,4293184,23620416,16252864,16252864
2026-05-13T15:13:42+01:00,server,28677123,1799,475493,673448605,11371,0,20214,0,32911424,28619584,4291840,23621760,16252864,16252864
2026-05-13T15:13:43+01:00,server,28678350,1799,475500,673452294,11371,0,20214,0,32911424,28622720,4288704,23624896,16252864,16252864
2026-05-13T15:13:45+01:00,server,28679579,1799,475512,673455979,11371,0,20214,0,32911424,28622784,4288640,23624960,16252864,16252864
2026-05-13T15:13:46+01:00,server,28680820,1799,475519,673459663,11371,0,20214,0,32911424,28623104,4288320,23625280,16252864,16252864
2026-05-13T15:13:47+01:00,server,28682049,1799,475529,673463347,11371,0,20214,0,32911424,28622208,4289216,23624384,16252864,16252864
2026-05-13T15:13:48+01:00,server,28683246,1799,475554,673467062,11371,0,20214,0,32911424,28624512,4286912,23626624,16252864,16252864
2026-05-13T15:13:49+01:00,server,28684472,1799,475570,673470748,11371,0,20214,0,32911424,28624512,4286912,23626496,16252864,16252864
2026-05-13T15:13:50+01:00,server,28685710,1799,475584,673474433,11371,0,20214,0,32911424,28624320,4287104,23626304,16252864,16252864
2026-05-13T15:13:51+01:00,server,28686939,1799,475594,673478119,11371,0,20214,0,32911424,28625664,4285760,23627648,16252864,16252864
2026-05-13T15:13:52+01:00,server,28688164,1799,475608,673481803,11371,0,20214,0,32911424,28624064,4287360,23626112,16252864,16252864
2026-05-13T15:13:53+01:00,server,28689400,1799,475624,673485490,11371,0,20214,0,32911424,28622656,4288768,23624704,16252864,16252864
2026-05-13T15:13:54+01:00,server,28690637,1799,475642,673489174,11371,0,20215,0,32911424,28622528,4288896,23624384,16252864,16252864
2026-05-13T15:13:55+01:00,server,28691850,1799,475652,673492858,11371,0,20215,0,32911424,28622208,4289216,23624064,16252864,16252864
2026-05-13T15:13:56+01:00,server,28693087,1799,475659,673496552,11371,0,20215,0,32911424,28623168,4288256,23625024,16252864,16252864
2026-05-13T15:13:57+01:00,server,28694323,1799,475671,673500238,11371,0,20215,0,32911424,28624128,4287296,23625984,16252864,16252864
2026-05-13T15:13:58+01:00,server,28695562,1799,475685,673503925,11371,0,20217,0,32911424,28623360,4288064,23625216,16252864,16252864
2026-05-13T15:13:59+01:00,server,28696789,1799,475695,673507608,11371,0,20217,0,32911424,28624320,4287104,23626176,16252864,16252864
2026-05-13T15:14:00+01:00,server,28698027,1799,475710,673511292,11371,0,20217,0,32911424,28624128,4287296,23625984,16252864,16252864
2026-05-13T15:14:01+01:00,server,28699264,1799,475721,673514978,11371,0,20217,0,32911424,28622400,4289024,23624256,16252864,16252864
2026-05-13T15:14:02+01:00,server,28700485,1799,475737,673518662,11371,0,20217,0,32911424,28622976,4288448,23624832,16252864,16252864
2026-05-13T15:14:03+01:00,server,28701770,1799,475755,673522316,11371,0,20217,0,32911424,28623616,4287808,23625472,16252864,16252864
2026-05-13T15:14:04+01:00,server,28703011,1799,475765,673526001,11371,0,20217,0,32911424,28622464,4288960,23624320,16252864,16252864
2026-05-13T15:14:05+01:00,server,28704249,1799,475779,673529687,11371,0,20217,0,32911424,28624064,4287360,23625856,16252864,16252864
2026-05-13T15:14:06+01:00,server,28705465,1799,475790,673533375,11371,0,20218,0,32911424,28623360,4288064,23625152,16252864,16252864
2026-05-13T15:14:07+01:00,server,28706688,1799,475807,673537066,11371,0,20218,0,32911424,28622784,4288640,23624576,16252864,16252864
2026-05-13T15:14:08+01:00,server,28707915,1799,475815,673540756,11371,0,20218,0,32911424,28622272,4289152,23624064,16252864,16252864
2026-05-13T15:14:09+01:00,server,28709137,1799,475827,673544448,11371,0,20218,0,32911424,28625216,4286208,23627008,16252864,16252864
2026-05-13T15:14:10+01:00,server,28710351,1799,475841,673548133,11371,0,20218,0,32911424,28625600,4285824,23627392,16252864,16252864
2026-05-13T15:14:11+01:00,server,28711596,1799,475851,673551821,11371,0,20218,0,32911424,28624256,4287168,23626048,16252864,16252864
2026-05-13T15:14:12+01:00,server,28712835,1799,475860,673555508,11371,0,20218,0,32911424,28621184,4290240,23622976,16252864,16252864
2026-05-13T15:14:13+01:00,server,28714065,1799,475871,673559194,11371,0,20219,0,32911424,28623680,4287744,23625472,16252864,16252864
2026-05-13T15:14:14+01:00,server,28715303,1799,475884,673562878,11371,0,20219,0,32911424,28622912,4288512,23624704,16252864,16252864
2026-05-13T15:14:15+01:00,server,28716530,1799,475892,673566559,11371,0,20219,0,32911424,28623744,4287680,23625536,16252864,16252864
2026-05-13T15:14:16+01:00,server,28717768,1799,475904,673570264,11371,0,20219,0,32911424,28625216,4286208,23627008,16252864,16252864
2026-05-13T15:14:17+01:00,server,28719029,1799,475926,673573921,11371,0,20219,0,32911424,28622912,4288512,23624704,16252864,16252864
2026-05-13T15:14:18+01:00,server,28720210,1799,475939,673577666,11371,0,20219,0,32911424,28623104,4288320,23624896,16252864,16252864
2026-05-13T15:14:19+01:00,server,28721447,1799,475954,673581356,11371,0,20219,0,32911424,28626176,4285248,23627968,16252864,16252864
2026-05-13T15:14:20+01:00,server,28722687,1799,475968,673585041,11371,0,20219,0,32911424,28620864,4290560,23622656,16252864,16252864
2026-05-13T15:14:21+01:00,server,28723914,1799,475971,673588736,11371,0,20220,0,32911424,28623744,4287680,23625536,16252864,16252864
2026-05-13T15:14:23+01:00,server,28725137,1799,475985,673592425,11371,0,20221,0,32911424,28626240,4285184,23628032,16252864,16252864
2026-05-13T15:14:24+01:00,server,28726375,1799,475995,673596111,11372,0,20222,0,32911424,28626240,4285184,23628032,16252864,16252864
2026-05-13T15:14:25+01:00,server,28727612,1799,476009,673599798,11372,0,20222,0,32911424,28625856,4285568,23627648,16252864,16252864
2026-05-13T15:14:26+01:00,server,28728850,1799,476023,673603487,11372,0,20222,0,32911424,28626240,4285184,23628032,16252864,16252864
2026-05-13T15:14:27+01:00,server,28730065,1799,476036,673607172,11372,0,20223,0,32911424,28625280,4286144,23627072,16252864,16252864
2026-05-13T15:14:28+01:00,server,28731303,1799,476046,673610863,11372,0,20223,0,32911424,28626624,4284800,23628416,16252864,16252864
2026-05-13T15:14:29+01:00,server,28732534,1799,476066,673614550,11372,0,20223,0,32911424,28625088,4286336,23626880,16252864,16252864
2026-05-13T15:14:30+01:00,server,28733772,1799,476080,673618237,11372,0,20223,0,32911424,28623936,4287488,23625728,16252864,16252864
2026-05-13T15:14:31+01:00,server,28734994,1799,476093,673621921,11372,0,20224,0,32911424,28625856,4285568,23627648,16252864,16252864
2026-05-13T15:14:32+01:00,server,28736230,1799,476106,673625607,11372,0,20224,0,32911424,28624128,4287296,23625920,16252864,16252864
2026-05-13T15:14:33+01:00,server,28737509,1799,476143,673629263,11372,0,20224,0,32911424,28625472,4285952,23627072,16252864,16252864
2026-05-13T15:14:34+01:00,server,28738744,1799,476156,673632956,11372,0,20224,0,32911424,28622784,4288640,23624384,16252864,16252864
2026-05-13T15:14:35+01:00,server,28739979,1799,476162,673636653,11372,0,20225,0,32911424,28626624,4284800,23628224,16252864,16252864
2026-05-13T15:14:36+01:00,server,28741182,1799,476174,673640340,11372,0,20225,0,32911424,28626880,4284544,23628480,16252864,16252864
2026-05-13T15:14:37+01:00,server,28742417,1799,476189,673644024,11372,0,20225,0,32911424,28626688,4284736,23628288,16252864,16252864
2026-05-13T15:14:38+01:00,server,28743654,1799,476201,673647705,11372,0,20225,0,32911424,28627072,4284352,23628672,16252864,16252864
2026-05-13T15:14:39+01:00,server,28744877,1799,476213,673651393,11372,0,20225,0,32911424,28627648,4283776,23629248,16252864,16252864
2026-05-13T15:14:40+01:00,server,28746118,1799,476224,673655081,11372,0,20226,0,32911424,28627456,4283968,23629056,16252864,16252864
2026-05-13T15:14:41+01:00,server,28747361,1799,476232,673658764,11372,0,20226,0,32911424,28626496,4284928,23628096,16252864,16252864
2026-05-13T15:14:42+01:00,server,28748576,1799,476244,673662446,11372,0,20226,0,32911424,28624960,4286464,23626560,16252864,16252864
2026-05-13T15:14:43+01:00,server,28749821,1799,476249,673666126,11372,0,20226,0,32911424,28626304,4285120,23627904,16252864,16252864
2026-05-13T15:14:44+01:00,server,28751060,1799,476259,673669812,11372,0,20227,0,32911424,28625280,4286144,23626880,16252864,16252864
2026-05-13T15:14:45+01:00,server,28752288,1799,476273,673673507,11372,0,20227,0,32911424,28625472,4285952,23627072,16252864,16252864
2026-05-13T15:14:46+01:00,server,28753516,1799,476283,673677206,11372,0,20227,0,32911424,28628352,4283072,23629952,16252864,16252864
2026-05-13T15:14:47+01:00,server,28754755,1799,476291,673680895,11372,0,20228,0,32911424,28625664,4285760,23627264,16252864,16252864
2026-05-13T15:14:48+01:00,server,28756024,1799,476302,673684551,11372,0,20228,0,32911424,28626816,4284608,23628416,16252864,16252864
2026-05-13T15:14:49+01:00,server,28757263,1799,476312,673688235,11372,0,20228,0,32911424,28627712,4283712,23629312,16252864,16252864
2026-05-13T15:14:50+01:00,server,28758436,1799,476323,673691986,11372,0,20228,0,32911424,28621760,4289664,23623360,16252864,16252864
2026-05-13T15:14:51+01:00,server,28759673,1799,476335,673695674,11372,0,20228,0,32911424,28624960,4286464,23626560,16252864,16252864
2026-05-13T15:14:52+01:00,server,28760890,1799,476345,673699359,11372,0,20228,0,32911424,28628224,4283200,23629824,16252864,16252864
2026-05-13T15:14:53+01:00,server,28762129,1799,476356,673703047,11372,0,20229,0,32911424,28627200,4284224,23628800,16252864,16252864
2026-05-13T15:14:54+01:00,server,28763355,1799,476367,673706736,11372,0,20229,0,32911424,28628736,4282688,23630336,16252864,16252864
2026-05-13T15:14:55+01:00,server,28764595,1799,476373,673710437,11372,0,20229,0,32911424,28627008,4284416,23628608,16252864,16252864
2026-05-13T15:14:56+01:00,server,28765833,1799,476383,673714123,11372,0,20229,0,32911424,28627008,4284416,23628608,16252864,16252864
2026-05-13T15:14:57+01:00,server,28767061,1799,476394,673717813,11372,0,20229,0,32911424,28627008,4284416,23628608,16252864,16252864
2026-05-13T15:14:58+01:00,server,28768300,1799,476407,673721501,11372,0,20230,0,32911424,28625280,4286144,23626880,16252864,16252864
2026-05-13T15:15:00+01:00,server,28769541,1799,476416,673725197,11372,0,20230,0,32911424,28623488,4287936,23625088,16252864,16252864
2026-05-13T15:15:01+01:00,server,28770778,1799,476422,673728901,11372,0,20230,0,32911424,28625408,4286016,23627008,16252864,16252864
2026-05-13T15:15:02+01:00,server,28772000,1799,476439,673732582,11372,0,20230,0,32911424,28620864,4290560,23622336,16252864,16252864
2026-05-13T15:15:03+01:00,server,28773272,1799,476463,673736236,11372,0,20230,0,32911424,28622336,4289088,23623808,16252864,16252864
2026-05-13T15:15:04+01:00,server,28774490,1799,476475,673739918,11372,0,20230,0,32911424,28622784,4288640,23624256,16252864,16252864
2026-05-13T15:15:05+01:00,server,28775703,1799,476488,673743602,11372,0,20230,0,32911424,28623360,4288064,23624832,16252864,16252864
2026-05-13T15:15:06+01:00,server,28776919,1799,476499,673747287,11372,0,20233,0,32911424,28622784,4288640,23624256,16252864,16252864
2026-05-13T15:15:07+01:00,server,28778148,1799,476508,673750970,11372,0,20233,0,32911424,28622592,4288832,23624064,16252864,16252864
2026-05-13T15:15:08+01:00,server,28779374,1799,476520,673754652,11372,0,20233,0,32911424,28622592,4288832,23624064,16252864,16252864
2026-05-13T15:15:09+01:00,server,28780607,1799,476535,673758331,11372,0,20234,0,32911424,28622208,4289216,23623680,16252864,16252864
2026-05-13T15:15:10+01:00,server,28781845,1799,476546,673762012,11372,0,20234,0,32911424,28623744,4287680,23625216,16252864,16252864
2026-05-13T15:15:11+01:00,server,28783074,1799,476556,673765694,11372,0,20234,0,32911424,28619712,4291712,23621184,16252864,16252864
2026-05-13T15:15:12+01:00,server,28784302,1799,476565,673769377,11372,0,20234,0,32911424,28622016,4289408,23623488,16252864,16252864
2026-05-13T15:15:13+01:00,server,28785529,1799,476578,673773060,11372,0,20235,0,32911424,28620096,4291328,23621568,16252864,16252864
2026-05-13T15:15:14+01:00,server,28786754,1799,476579,673776752,11372,0,20237,0,32911424,28621632,4289792,23623104,16252864,16252864
2026-05-13T15:15:15+01:00,server,28787993,1799,476589,673780438,11372,0,20238,0,32911424,28622592,4288832,23624064,16252864,16252864
2026-05-13T15:15:16+01:00,server,28789219,1799,476605,673784119,11372,0,20239,0,32911424,28621248,4290176,23622720,16252864,16252864
2026-05-13T15:15:17+01:00,server,28790446,1799,476615,673787801,11372,0,20239,0,32911424,28622976,4288448,23624448,16252864,16252864
2026-05-13T15:15:18+01:00,server,28791714,1799,476648,673791452,11372,0,20241,0,32911424,28617792,4293632,23619072,16252864,16252864
2026-05-13T15:15:19+01:00,server,28792955,1799,476659,673795135,11372,0,20241,0,32911424,28618048,4293376,23619328,16252864,16252864
2026-05-13T15:15:20+01:00,server,28794186,1799,476665,673798815,11372,0,20242,0,32911424,28618624,4292800,23619904,16252864,16252864
2026-05-13T15:15:21+01:00,server,28795424,1799,476678,673802497,11372,0,20242,0,32911424,28618624,4292800,23619904,16252864,16252864
2026-05-13T15:15:22+01:00,server,28796585,1799,476690,673806248,11372,0,20242,0,32911424,28623936,4287488,23625216,16252864,16252864
2026-05-13T15:15:23+01:00,server,28797825,1799,476702,673809932,11372,0,20242,0,32911424,28626560,4284864,23627840,16252864,16252864
2026-05-13T15:15:24+01:00,server,28799069,1799,476710,673813608,11372,0,20243,0,32911424,28625088,4286336,23626368,16252864,16252864
2026-05-13T15:15:25+01:00,server,28800293,1799,476726,673817292,11372,0,20243,0,32911424,28621760,4289664,23623040,16252864,16252864
2026-05-13T15:15:26+01:00,server,28801508,1799,476736,673820981,11372,0,20244,0,32911424,28624960,4286464,23626240,16252864,16252864
2026-05-13T15:15:27+01:00,server,28802744,1799,476745,673824672,11372,0,20244,0,32911424,28627264,4284160,23628544,16252864,16252864
2026-05-13T15:15:28+01:00,server,28803974,1799,476760,673828352,11372,0,20244,0,32911424,28627072,4284352,23628352,16252864,16252864
2026-05-13T15:15:29+01:00,server,28805197,1799,476772,673832033,11372,0,20245,0,32911424,28629760,4281664,23631040,16252864,16252864
2026-05-13T15:15:30+01:00,server,28806436,1799,476784,673835715,11372,0,20246,0,32911424,28625728,4285696,23627008,16252864,16252864
2026-05-13T15:15:31+01:00,server,28807660,1799,476801,673839396,11372,0,20246,0,32911424,28628032,4283392,23629312,16252864,16252864
2026-05-13T15:15:32+01:00,server,28808947,1799,476827,673843046,11372,0,20247,0,32911424,28628992,4282432,23630272,16252864,16252864
2026-05-13T15:15:33+01:00,server,28810173,1799,476840,673846727,11372,0,20247,0,32911424,28627392,4284032,23628672,16252864,16252864
2026-05-13T15:15:34+01:00,server,28811396,1799,476855,673850409,11372,0,20247,0,32911424,28629120,4282304,23630400,16252864,16252864
2026-05-13T15:15:35+01:00,server,28812635,1799,476865,673854090,11372,0,20247,0,32911424,28629376,4282048,23630656,16252864,16252864
2026-05-13T15:15:36+01:00,server,28813872,1799,476877,673857772,11372,0,20247,0,32911424,28624768,4286656,23626048,16252864,16252864
2026-05-13T15:15:38+01:00,server,28815097,1802,476894,673861448,11372,0,20247,0,32911424,28629056,4282368,23630336,16252864,16252864
2026-05-13T15:15:39+01:00,server,28816337,1802,476902,673865133,11372,0,20247,0,32911424,28625856,4285568,23627136,16252864,16252864
2026-05-13T15:15:40+01:00,server,28817573,1802,476907,673868825,11372,0,20248,0,32911424,28628928,4282496,23630208,16252864,16252864
2026-05-13T15:15:41+01:00,server,28818799,1802,476917,673872508,11372,0,20250,0,32911424,28629888,4281536,23631168,16252864,16252864
2026-05-13T15:15:42+01:00,server,28820036,1802,476930,673876190,11372,0,20250,0,32911424,28629696,4281728,23630976,16252864,16252864
2026-05-13T15:15:43+01:00,server,28821263,1802,476945,673879871,11372,0,20251,0,32911424,28629696,4281728,23630976,16252864,16252864
2026-05-13T15:15:44+01:00,server,28822479,1802,476958,673883551,11372,0,20252,0,32911424,28631872,4279552,23633152,16252864,16252864
2026-05-13T15:15:45+01:00,server,28823715,1802,476974,673887232,11372,0,20252,0,32911424,28631680,4279744,23632960,16252864,16252864
2026-05-13T15:15:46+01:00,server,28824945,1802,476986,673890910,11372,0,20252,0,32911424,28633024,4278400,23634304,16252864,16252864
2026-05-13T15:15:47+01:00,server,28826183,1802,477001,673894590,11372,0,20253,0,32911424,28638848,4272576,23640128,16252864,16252864
2026-05-13T15:15:48+01:00,server,28827464,1802,477025,673898240,11372,0,20255,0,32911424,28638464,4272960,23639552,16252864,16252864
2026-05-13T15:15:49+01:00,server,28828692,1802,477035,673901921,11372,0,20255,0,32911424,28637120,4274304,23638208,16252864,16252864
2026-05-13T15:15:50+01:00,server,28829929,1802,477048,673905603,11372,0,20257,0,32911424,28637120,4274304,23638208,16252864,16252864
2026-05-13T15:15:51+01:00,server,28831167,1802,477063,673909285,11372,0,20257,0,32911424,28636416,4275008,23637504,16252864,16252864
2026-05-13T15:15:52+01:00,server,28832380,1802,477070,673912974,11372,0,20257,0,32911424,28637376,4274048,23638464,16252864,16252864
2026-05-13T15:15:53+01:00,server,28833617,1802,477080,673916659,11372,0,20259,0,32911424,28637440,4273984,23638528,16252864,16252864
2026-05-13T15:15:54+01:00,server,28834779,1802,477090,673920420,11372,0,20260,0,32911424,28635776,4275648,23636864,16252864,16252864
2026-05-13T15:15:55+01:00,server,28836007,1802,477101,673924102,11372,0,20261,0,32911424,28636352,4275072,23637440,16252864,16252864
2026-05-13T15:15:56+01:00,server,28837240,1802,477120,673927785,11372,0,20261,0,32911424,28636928,4274496,23638016,16252864,16252864
2026-05-13T15:15:57+01:00,server,28838479,1802,477130,673931467,11372,0,20261,0,32911424,28636928,4274496,23638016,16252864,16252864
2026-05-13T15:15:58+01:00,server,28839709,1802,477134,673935148,11372,0,20262,0,32911424,28636352,4275072,23637440,16252864,16252864
2026-05-13T15:15:59+01:00,server,28840922,1802,477151,673938833,11372,0,20262,0,32911424,28635392,4276032,23636480,16252864,16252864
2026-05-13T15:16:00+01:00,server,28842162,1802,477162,673942514,11372,0,20262,0,32911424,28636160,4275264,23637248,16252864,16252864
2026-05-13T15:16:01+01:00,server,28843389,1802,477172,673946206,11372,0,20262,0,32911424,28638336,4273088,23639424,16252864,16252864
2026-05-13T15:16:02+01:00,server,28844640,1802,477181,673949903,11372,0,20263,0,32911424,28634880,4276544,23635968,16252864,16252864
2026-05-13T15:16:03+01:00,server,28845906,1802,477203,673953557,11372,0,20264,0,32911424,28632512,4278912,23633600,16252864,16252864
2026-05-13T15:16:04+01:00,server,28847133,1802,477210,673957246,11372,0,20264,0,32911424,28637504,4273920,23638592,16252864,16252864
2026-05-13T15:16:05+01:00,server,28848361,1802,477215,673960941,11372,0,20265,0,32911424,28637824,4273600,23638912,16252864,16252864
2026-05-13T15:16:06+01:00,server,28849587,1802,477226,673964622,11372,0,20265,0,32911424,28637312,4274112,23638400,16252864,16252864
2026-05-13T15:16:07+01:00,server,28850827,1802,477235,673968305,11372,0,20266,0,32911424,28638656,4272768,23639744,16252864,16252864
2026-05-13T15:16:08+01:00,server,28852057,1802,477246,673971988,11372,0,20266,0,32911424,28636160,4275264,23637248,16252864,16252864
2026-05-13T15:16:09+01:00,server,28853273,1802,477257,673975669,11372,0,20266,0,32911424,28638272,4273152,23639296,16252864,16252864
2026-05-13T15:16:10+01:00,server,28854503,1802,477264,673979350,11372,0,20267,0,32911424,28636352,4275072,23637376,16252864,16252864
2026-05-13T15:16:11+01:00,server,28855740,1802,477278,673983031,11372,0,20267,0,32911424,28637312,4274112,23638336,16252864,16252864
2026-05-13T15:16:12+01:00,server,28856969,1802,477285,673986713,11372,0,20269,0,32911424,28637888,4273536,23638912,16252864,16252864
2026-05-13T15:16:13+01:00,server,28858208,1802,477295,673990394,11372,0,20269,0,32911424,28638272,4273152,23639296,16252864,16252864
2026-05-13T15:16:14+01:00,server,28859444,1802,477311,673994077,11372,0,20269,0,32911424,28635008,4276416,23636032,16252864,16252864
2026-05-13T15:16:16+01:00,server,28860670,1802,477322,673997759,11372,0,20269,0,32911424,28636352,4275072,23637376,16252864,16252864
2026-05-13T15:16:17+01:00,server,28861896,1802,477334,674001441,11372,0,20270,0,32911424,28635968,4275456,23636992,16252864,16252864
2026-05-13T15:16:18+01:00,server,28863173,1802,477361,674005110,11372,0,20270,0,32911424,28635904,4275520,23636928,16252864,16252864
2026-05-13T15:16:19+01:00,server,28864413,1802,477371,674008799,11372,0,20270,0,32911424,28636608,4274816,23637632,16252864,16252864
2026-05-13T15:16:20+01:00,server,28865641,1802,477378,674012482,11372,0,20270,0,32911424,28637312,4274112,23638336,16252864,16252864
2026-05-13T15:16:21+01:00,server,28866867,1802,477392,674016163,11372,0,20271,0,32911424,28636800,4274624,23637824,16252864,16252864
2026-05-13T15:16:22+01:00,server,28868094,1802,477404,674019842,11372,0,20271,0,32911424,28636224,4275200,23637248,16252864,16252864
2026-05-13T15:16:23+01:00,server,28869321,1802,477415,674023524,11372,0,20272,0,32911424,28637440,4273984,23638464,16252864,16252864
2026-05-13T15:16:24+01:00,server,28870549,1802,477427,674027206,11372,0,20272,0,32911424,28637888,4273536,23638912,16252864,16252864
2026-05-13T15:16:25+01:00,server,28871777,1802,477439,674030889,11372,0,20272,0,32911424,28637568,4273856,23638592,16252864,16252864
2026-05-13T15:16:26+01:00,server,28872934,1802,477451,674034647,11372,0,20273,0,32911424,28637824,4273600,23638848,16252864,16252864
2026-05-13T15:16:27+01:00,server,28874172,1802,477465,674038330,11372,0,20273,0,32911424,28637696,4273728,23638656,16252864,16252864
2026-05-13T15:16:28+01:00,server,28875401,1802,477479,674042012,11372,0,20274,0,32911424,28634048,4277376,23635008,16252864,16252864
2026-05-13T15:16:29+01:00,server,28876616,1802,477489,674045698,11372,0,20274,0,32911424,28636736,4274688,23637696,16252864,16252864
2026-05-13T15:16:30+01:00,server,28877852,1802,477497,674049386,11372,0,20274,0,32911424,28635584,4275840,23636544,16252864,16252864
2026-05-13T15:16:31+01:00,server,28879091,1802,477506,674053073,11372,0,20274,0,32911424,28635008,4276416,23635968,16252864,16252864
2026-05-13T15:16:32+01:00,server,28880320,1802,477517,674056754,11372,0,20274,0,32911424,28636160,4275264,23637120,16252864,16252864
2026-05-13T15:16:33+01:00,server,28881578,1802,477546,674060404,11372,0,20274,0,32911424,28634432,4276992,23635392,16252864,16252864
2026-05-13T15:16:34+01:00,server,28882804,1802,477556,674064087,11372,0,20274,0,32911424,28633920,4277504,23634816,16252864,16252864
2026-05-13T15:16:35+01:00,server,28884021,1802,477567,674067771,11372,0,20274,0,32911424,28635072,4276352,23635968,16252864,16252864
2026-05-13T15:16:36+01:00,server,28885258,1802,477581,674071452,11372,0,20274,0,32911424,28636864,4274560,23637760,16252864,16252864
2026-05-13T15:16:37+01:00,server,28886495,1802,477594,674075134,11372,0,20274,0,32911424,28634944,4276480,23635840,16252864,16252864
2026-05-13T15:16:38+01:00,server,28887711,1802,477606,674078818,11372,0,20274,0,32911424,28634368,4277056,23635264,16252864,16252864
2026-05-13T15:16:39+01:00,server,28888950,1802,477616,674082502,11372,0,20274,0,32911424,28636480,4274944,23637376,16252864,16252864
2026-05-13T15:16:40+01:00,server,28890186,1802,477629,674086185,11372,0,20274,0,32911424,28634368,4277056,23635264,16252864,16252864
2026-05-13T15:16:41+01:00,server,28891409,1802,477646,674089868,11372,0,20274,0,32911424,28632256,4279168,23633152,16252864,16252864
2026-05-13T15:16:42+01:00,server,28892650,1802,477655,674093554,11372,0,20274,0,32911424,28633920,4277504,23634816,16252864,16252864
2026-05-13T15:16:43+01:00,server,28893899,1802,477662,674097291,11372,0,20274,0,32911424,28637632,4273792,23638528,16252864,16252864
2026-05-13T15:16:44+01:00,server,28895175,1802,477672,674101135,11372,0,20276,0,32911424,28636480,4274944,23637376,16252864,16252864
2026-05-13T15:16:45+01:00,server,28896447,1802,477682,674104939,11372,0,20276,0,32911424,28636096,4275328,23636992,16252864,16252864
2026-05-13T15:16:46+01:00,server,28897684,1802,477695,674108621,11372,0,20276,0,32911424,28636096,4275328,23636992,16252864,16252864
2026-05-13T15:16:47+01:00,server,28898956,1802,477716,674112272,11372,0,20276,0,32911424,28635520,4275904,23636416,16252864,16252864
2026-05-13T15:16:48+01:00,server,28900184,1802,477727,674115953,11372,0,20276,0,32911424,28636224,4275200,23636928,16252864,16252864
2026-05-13T15:16:49+01:00,server,28901417,1802,477745,674119635,11372,0,20276,0,32911424,28636032,4275392,23636736,16252864,16252864
2026-05-13T15:16:51+01:00,server,28902643,1802,477755,674123318,11372,0,20277,0,32911424,28637376,4274048,23638080,16252864,16252864
2026-05-13T15:16:52+01:00,server,28903883,1802,477765,674126999,11372,0,20277,0,32911424,28638144,4273280,23638848,16252864,16252864
2026-05-13T15:16:53+01:00,server,28905108,1802,477782,674130681,11372,0,20278,0,32911424,28638080,4273344,23638784,16252864,16252864
2026-05-13T15:16:54+01:00,server,28906322,1802,477794,674134365,11372,0,20279,0,32911424,28635200,4276224,23635904,16252864,16252864
2026-05-13T15:16:55+01:00,server,28907561,1802,477806,674138057,11372,0,20279,0,32911424,28636928,4274496,23637632,16252864,16252864
2026-05-13T15:16:56+01:00,server,28908795,1802,477817,674141742,11372,0,20280,0,32911424,28636352,4275072,23637056,16252864,16252864
2026-05-13T15:16:57+01:00,server,28910031,1802,477822,674145435,11372,0,20281,0,32911424,28635968,4275456,23636672,16252864,16252864
2026-05-13T15:16:58+01:00,server,28911183,1802,477830,674149197,11372,0,20281,0,32911424,28638400,4273024,23639104,16252864,16252864
2026-05-13T15:16:59+01:00,server,28912421,1802,477840,674152877,11372,0,20283,0,32911424,28637248,4274176,23637952,16252864,16252864
2026-05-13T15:17:00+01:00,server,28913684,1802,477853,674156651,11372,0,20283,0,32911424,28634880,4276544,23635584,16252864,16252864
2026-05-13T15:17:01+01:00,server,28914912,1802,477862,674160334,11372,0,20285,0,32911424,28637248,4274176,23637888,16252864,16252864
2026-05-13T15:17:02+01:00,server,28916123,1802,477880,674164017,11372,0,20285,0,32911424,28635136,4276288,23635776,16252864,16252864
2026-05-13T15:17:03+01:00,server,28917381,1802,477900,674167669,11372,0,20285,0,32911424,28635456,4275968,23636032,16252864,16252864
2026-05-13T15:17:04+01:00,server,28918618,1802,477914,674171351,11372,0,20285,0,32911424,28631168,4280256,23631744,16252864,16252864
2026-05-13T15:17:05+01:00,server,28919843,1802,477927,674175032,11372,0,20285,0,32911424,28630720,4280704,23631296,16252864,16252864
2026-05-13T15:17:06+01:00,server,28921082,1802,477937,674178713,11372,0,20286,0,32911424,28631104,4280320,23631680,16252864,16252864
2026-05-13T15:17:07+01:00,server,28922304,1802,477951,674182396,11372,0,20287,0,32911424,28630208,4281216,23630720,16252864,16252864
2026-05-13T15:17:08+01:00,server,28923528,1802,477963,674186079,11372,0,20288,0,32911424,28630016,4281408,23630464,16252864,16252864
2026-05-13T15:17:09+01:00,server,28924761,1802,477973,674189764,11372,0,20290,0,32911424,28628288,4283136,23628736,16252864,16252864
2026-05-13T15:17:10+01:00,server,28925995,1802,477981,674193457,11372,0,20290,0,32911424,28630400,4281024,23630848,16252864,16252864
2026-05-13T15:17:11+01:00,server,28927224,1802,477988,674197138,11372,0,20290,0,32911424,28630976,4280448,23631424,16252864,16252864
2026-05-13T15:17:12+01:00,server,28928463,1802,477997,674200820,11372,0,20290,0,32911424,28630080,4281344,23630528,16252864,16252864
2026-05-13T15:17:13+01:00,server,28929692,1802,478006,674204502,11372,0,20290,0,32911424,28630848,4280576,23631296,16252864,16252864
2026-05-13T15:17:14+01:00,server,28930918,1802,478020,674208186,11372,0,20290,0,32911424,28632192,4279232,23632640,16252864,16252864
2026-05-13T15:17:15+01:00,server,28932156,1802,478032,674211867,11372,0,20290,0,32911424,28630144,4281280,23630592,16252864,16252864
2026-05-13T15:17:16+01:00,server,28933382,1802,478045,674215549,11372,0,20290,0,32911424,28631872,4279552,23632320,16252864,16252864
2026-05-13T15:17:17+01:00,server,28934610,1802,478053,674219231,11372,0,20291,0,32911424,28630400,4281024,23630848,16252864,16252864
2026-05-13T15:17:18+01:00,server,28935873,1802,478080,674222883,11372,0,20293,0,32911424,28631040,4280384,23631488,16252864,16252864
2026-05-13T15:17:19+01:00,server,28937098,1802,478090,674226564,11372,0,20293,0,32911424,28630656,4280768,23631104,16252864,16252864
2026-05-13T15:17:20+01:00,server,28938337,1802,478100,674230249,11372,0,20294,0,32911424,28629632,4281792,23630080,16252864,16252864
2026-05-13T15:17:21+01:00,server,28939573,1802,478109,674233929,11372,0,20296,0,32911424,28627264,4284160,23627776,16252864,16252864
2026-05-13T15:17:22+01:00,server,28940798,1802,478115,674237618,11372,0,20296,0,32911424,28629632,4281792,23630144,16252864,16252864
2026-05-13T15:17:23+01:00,server,28942032,1802,478126,674241305,11372,0,20297,0,32911424,28629248,4282176,23629760,16252864,16252864
2026-05-13T15:17:24+01:00,server,28943272,1802,478138,674244981,11372,0,20298,0,32911424,28630016,4281408,23630528,16252864,16252864
2026-05-13T15:17:25+01:00,server,28944498,1802,478149,674248664,11372,0,20298,0,32911424,28629696,4281728,23630208,16252864,16252864
2026-05-13T15:17:26+01:00,server,28945736,1802,478160,674252346,11372,0,20299,0,32911424,28628352,4283072,23628864,16252864,16252864
2026-05-13T15:17:27+01:00,server,28946961,1802,478173,674256028,11372,0,20299,0,32911424,28629696,4281728,23630208,16252864,16252864
2026-05-13T15:17:29+01:00,server,28948199,1802,478184,674259708,11372,0,20300,0,32911424,28629696,4281728,23630208,16252864,16252864
2026-05-13T15:17:30+01:00,server,28949359,1802,478199,674263471,11372,0,20301,0,32911424,28638400,4273024,23639040,16252864,16252864
2026-05-13T15:17:31+01:00,server,28950647,1802,478242,674267051,11372,0,20301,0,32911424,28631360,4280064,23631936,16252864,16252864
2026-05-13T15:17:32+01:00,server,28951976,1802,478255,674270641,11372,0,20302,0,32911424,28631232,4280192,23631808,16252864,16252864
2026-05-13T15:17:33+01:00,server,28953230,1802,478278,674274293,11372,0,20304,0,32911424,28636416,4275008,23636928,16252864,16252864
2026-05-13T15:17:34+01:00,server,28954457,1802,478289,674277974,11372,0,20304,0,32911424,28634112,4277312,23634624,16252864,16252864
2026-05-13T15:17:35+01:00,server,28955684,1802,478301,674281659,11372,0,20305,0,32911424,28635264,4276160,23635776,16252864,16252864
2026-05-13T15:17:36+01:00,server,28956917,1802,478311,674285351,11372,0,20305,0,32911424,28634176,4277248,23634688,16252864,16252864
2026-05-13T15:17:37+01:00,server,28958135,1802,478320,674289038,11372,0,20305,0,32911424,28635840,4275584,23636352,16252864,16252864
2026-05-13T15:17:38+01:00,server,28959370,1802,478333,674292718,11372,0,20306,0,32911424,28637376,4274048,23637824,16252864,16252864
2026-05-13T15:17:39+01:00,server,28960597,1802,478349,674296398,11372,0,20307,0,32911424,28636032,4275392,23636480,16252864,16252864
2026-05-13T15:17:40+01:00,server,28961824,1802,478358,674300080,11372,0,20307,0,32911424,28637760,4273664,23638208,16252864,16252864
2026-05-13T15:17:41+01:00,server,28963052,1802,478372,674303761,11372,0,20307,0,32911424,28635840,4275584,23636288,16252864,16252864
2026-05-13T15:17:42+01:00,server,28964278,1802,478384,674307440,11372,0,20307,0,32911424,28636992,4274432,23637440,16252864,16252864
2026-05-13T15:17:43+01:00,server,28965514,1802,478399,674311121,11372,0,20308,0,32911424,28637760,4273664,23638208,16252864,16252864
2026-05-13T15:17:44+01:00,server,28966753,1802,478409,674314804,11372,0,20308,0,32911424,28636224,4275200,23636608,16252864,16252864
2026-05-13T15:17:45+01:00,server,28967980,1802,478419,674318487,11372,0,20308,0,32911424,28635648,4275776,23636032,16252864,16252864
2026-05-13T15:17:46+01:00,server,28969209,1802,478429,674322169,11372,0,20308,0,32911424,28636032,4275392,23636416,16252864,16252864
2026-05-13T15:17:47+01:00,server,28970447,1802,478441,674325850,11372,0,20308,0,32911424,28634112,4277312,23634496,16252864,16252864
2026-05-13T15:17:48+01:00,server,28971688,1802,478457,674329508,11372,0,20308,0,32911424,28633728,4277696,23634112,16252864,16252864
2026-05-13T15:17:49+01:00,server,28972923,1802,478465,674333197,11372,0,20309,0,32911424,28632384,4279040,23632768,16252864,16252864
2026-05-13T15:17:50+01:00,server,28974138,1802,478476,674336878,11372,0,20310,0,32911424,28634112,4277312,23634496,16252864,16252864
2026-05-13T15:17:51+01:00,server,28975372,1802,478492,674340559,11372,0,20311,0,32911424,28635648,4275776,23636032,16252864,16252864
2026-05-13T15:17:52+01:00,server,28976606,1802,478508,674344240,11372,0,20312,0,32911424,28635776,4275648,23636160,16252864,16252864
2026-05-13T15:17:53+01:00,server,28977830,1802,478522,674347921,11372,0,20312,0,32911424,28634432,4276992,23634816,16252864,16252864
2026-05-13T15:17:54+01:00,server,28979068,1802,478531,674351603,11372,0,20313,0,32911424,28633216,4278208,23633600,16252864,16252864
2026-05-13T15:17:55+01:00,server,28980308,1802,478542,674355285,11372,0,20313,0,32911424,28633088,4278336,23633472,16252864,16252864
2026-05-13T15:17:56+01:00,server,28981523,1802,478553,674358967,11372,0,20313,0,32911424,28633856,4277568,23634240,16252864,16252864
2026-05-13T15:17:57+01:00,server,28982761,1802,478565,674362649,11372,0,20313,0,32911424,28635200,4276224,23635584,16252864,16252864
2026-05-13T15:17:58+01:00,server,28983990,1802,478572,674366330,11372,0,20315,0,32911424,28635008,4276416,23635392,16252864,16252864
2026-05-13T15:17:59+01:00,server,28985210,1802,478583,674370011,11372,0,20315,0,32911424,28629056,4282368,23629440,16252864,16252864
2026-05-13T15:18:00+01:00,server,28986450,1802,478590,674373694,11372,0,20316,0,32911424,28631168,4280256,23631552,16252864,16252864
2026-05-13T15:18:01+01:00,server,28987574,1802,478596,674377480,11372,0,20316,0,32911424,28646976,4264448,23647360,16252864,16252864
2026-05-13T15:18:02+01:00,server,28988851,1802,478618,674381137,11372,0,20317,0,32911424,28653120,4258304,23653504,16252864,16252864
2026-05-13T15:18:03+01:00,server,28990085,1802,478635,674384818,11372,0,20317,0,32911424,28650048,4261376,23650432,16252864,16252864
2026-05-13T15:18:04+01:00,server,28991318,1802,478647,674388501,11372,0,20317,0,32911424,28651776,4259648,23652160,16252864,16252864
2026-05-13T15:18:05+01:00,server,28992538,1802,478658,674392183,11373,0,20318,0,32911424,28651264,4260160,23651648,16252864,16252864
2026-05-13T15:18:06+01:00,server,28993765,1802,478672,674395865,11373,0,20318,0,32911424,28651712,4259712,23652096,16252864,16252864
2026-05-13T15:18:08+01:00,server,28994984,1802,478688,674399545,11373,0,20320,0,32911424,28651136,4260288,23651520,16252864,16252864
2026-05-13T15:18:09+01:00,server,28996218,1802,478703,674403228,11373,0,20321,0,32911424,28652288,4259136,23652672,16252864,16252864
2026-05-13T15:18:10+01:00,server,28997457,1802,478715,674406910,11373,0,20321,0,32911424,28651712,4259712,23652096,16252864,16252864
2026-05-13T15:18:11+01:00,server,28998683,1802,478724,674410590,11373,0,20322,0,32911424,28651008,4260416,23651392,16252864,16252864
2026-05-13T15:18:12+01:00,server,28999911,1802,478738,674414271,11373,0,20322,0,32911424,28648896,4262528,23649280,16252864,16252864
2026-05-13T15:18:13+01:00,server,29001141,1802,478750,674417952,11373,0,20322,0,32911424,28647168,4264256,23647552,16252864,16252864
2026-05-13T15:18:14+01:00,server,29002367,1802,478753,674421641,11373,0,20322,0,32911424,28651008,4260416,23651392,16252864,16252864
2026-05-13T15:18:15+01:00,server,29003606,1802,478764,674425327,11373,0,20322,0,32911424,28651328,4260096,23651648,16252864,16252864
2026-05-13T15:18:16+01:00,server,29004834,1802,478775,674429008,11373,0,20322,0,32911424,28650944,4260480,23651264,16252864,16252864
2026-05-13T15:18:17+01:00,server,29006073,1802,478786,674432689,11373,0,20322,0,32911424,28652480,4258944,23652800,16252864,16252864
2026-05-13T15:18:18+01:00,server,29007345,1802,478812,674436341,11373,0,20322,0,32911424,28651200,4260224,23651520,16252864,16252864
2026-05-13T15:18:19+01:00,server,29008574,1802,478820,674440022,11373,0,20322,0,32911424,28650624,4260800,23650944,16252864,16252864
2026-05-13T15:18:20+01:00,server,29009814,1802,478830,674443702,11373,0,20323,0,32911424,28650432,4260992,23650752,16252864,16252864
2026-05-13T15:18:21+01:00,server,29011055,1802,478841,674447383,11373,0,20323,0,32911424,28649088,4262336,23649408,16252864,16252864
2026-05-13T15:18:22+01:00,server,29012279,1802,478855,674451064,11373,0,20323,0,32911424,28649664,4261760,23649984,16252864,16252864
2026-05-13T15:18:23+01:00,server,29013516,1802,478869,674454746,11373,0,20323,0,32911424,28648704,4262720,23649024,16252864,16252864
2026-05-13T15:18:24+01:00,server,29014754,1802,478886,674458428,11373,0,20323,0,32911424,28647552,4263872,23647872,16252864,16252864
2026-05-13T15:18:25+01:00,server,29015971,1802,478899,674462110,11373,0,20324,0,32911424,28648320,4263104,23648640,16252864,16252864
2026-05-13T15:18:26+01:00,server,29017200,1802,478906,674465797,11373,0,20325,0,32911424,28647168,4264256,23647488,16252864,16252864
2026-05-13T15:18:27+01:00,server,29018426,1802,478911,674469486,11373,0,20325,0,32911424,28650240,4261184,23650560,16252864,16252864
2026-05-13T15:18:28+01:00,server,29019653,1802,478923,674473166,11373,0,20328,0,32911424,28650240,4261184,23650560,16252864,16252864
2026-05-13T15:18:29+01:00,server,29020888,1802,478940,674476846,11373,0,20328,0,32911424,28649664,4261760,23649792,16252864,16252864
2026-05-13T15:18:30+01:00,server,29022118,1802,478950,674480527,11373,0,20328,0,32911424,28649280,4262144,23649408,16252864,16252864
2026-05-13T15:18:31+01:00,server,29023357,1802,478960,674484208,11373,0,20330,0,32911424,28648192,4263232,23648320,16252864,16252864
2026-05-13T15:18:32+01:00,server,29024585,1802,478972,674487891,11373,0,20330,0,32911424,28647040,4264384,23647168,16252864,16252864
2026-05-13T15:18:33+01:00,server,29025853,1802,478992,674491541,11373,0,20330,0,32911424,28650368,4261056,23650496,16252864,16252864
2026-05-13T15:18:34+01:00,server,29026980,1802,479007,674495324,11373,0,20332,0,32911424,28637056,4274368,23637184,16252864,16252864
2026-05-13T15:18:35+01:00,server,29028218,1802,479019,674499005,11373,0,20332,0,32911424,28645952,4265472,23646080,16252864,16252864
2026-05-13T15:18:36+01:00,server,29029445,1802,479030,674502687,11373,0,20332,0,32911424,28645888,4265536,23646016,16252864,16252864
2026-05-13T15:18:37+01:00,server,29030670,1802,479045,674506369,11373,0,20333,0,32911424,28640320,4271104,23640448,16252864,16252864
2026-05-13T15:18:38+01:00,server,29031898,1802,479050,674510053,11373,0,20334,0,32911424,28642496,4268928,23642624,16252864,16252864
2026-05-13T15:18:39+01:00,server,29033132,1802,479056,674513746,11373,0,20335,0,32911424,28642176,4269248,23642304,16252864,16252864
2026-05-13T15:18:40+01:00,server,29034372,1802,479066,674517430,11373,0,20335,0,32911424,28642944,4268480,23643072,16252864,16252864
2026-05-13T15:18:41+01:00,server,29035601,1802,479076,674521110,11373,0,20335,0,32911424,28643904,4267520,23644032,16252864,16252864
2026-05-13T15:18:42+01:00,server,29036840,1802,479086,674524792,11373,0,20337,0,32911424,28640832,4270592,23640960,16252864,16252864
2026-05-13T15:18:43+01:00,server,29038081,1802,479097,674528472,11373,0,20337,0,32911424,28643136,4268288,23643264,16252864,16252864
2026-05-13T15:18:44+01:00,server,29039309,1802,479108,674532155,11373,0,20337,0,32911424,28645248,4266176,23645376,16252864,16252864
2026-05-13T15:18:45+01:00,server,29040546,1802,479122,674535838,11373,0,20338,0,32911424,28643136,4268288,23643264,16252864,16252864
2026-05-13T15:18:47+01:00,server,29041782,1802,479138,674539522,11373,0,20338,0,32911424,28641600,4269824,23641728,16252864,16252864
2026-05-13T15:18:48+01:00,server,29043030,1802,479162,674543175,11373,0,20338,0,32911424,28642496,4268928,23642560,16252864,16252864
2026-05-13T15:18:49+01:00,server,29044267,1802,479172,674546859,11373,0,20338,0,32911424,28641600,4269824,23641664,16252864,16252864
2026-05-13T15:18:50+01:00,server,29045504,1802,479186,674550540,11373,0,20338,0,32911424,28637952,4273472,23638016,16252864,16252864
2026-05-13T15:18:51+01:00,server,29046731,1802,479199,674554227,11373,0,20338,0,32911424,28640704,4270720,23640768,16252864,16252864
2026-05-13T15:18:52+01:00,server,29047954,1802,479206,674557915,11373,0,20338,0,32911424,28640832,4270592,23640896,16252864,16252864
2026-05-13T15:18:53+01:00,server,29049190,1802,479216,674561602,11373,0,20339,0,32911424,28641344,4270080,23641344,16252864,16252864
2026-05-13T15:18:54+01:00,server,29050431,1802,479228,674565284,11373,0,20339,0,32911424,28643008,4268416,23642880,16252864,16252864
2026-05-13T15:18:55+01:00,server,29051658,1802,479237,674568967,11373,0,20340,0,32911424,28642624,4268800,23642496,16252864,16252864
2026-05-13T15:18:56+01:00,server,29052895,1802,479251,674572649,11373,0,20341,0,32911424,28642688,4268736,23642560,16252864,16252864
2026-05-13T15:18:57+01:00,server,29054111,1802,479266,674576329,11373,0,20341,0,32911424,28643456,4267968,23643328,16252864,16252864
2026-05-13T15:18:58+01:00,server,29055351,1802,479277,674580011,11373,0,20342,0,32911424,28642880,4268544,23642752,16252864,16252864
2026-05-13T15:18:59+01:00,server,29056591,1802,479288,674583693,11373,0,20342,0,32911424,28643456,4267968,23643328,16252864,16252864
2026-05-13T15:19:00+01:00,server,29057805,1802,479300,674587373,11373,0,20343,0,32911424,28643456,4267968,23643328,16252864,16252864
2026-05-13T15:19:01+01:00,server,29059042,1802,479314,674591056,11373,0,20343,0,32911424,28642496,4268928,23642368,16252864,16252864
2026-05-13T15:19:02+01:00,server,29060281,1802,479326,674594739,11373,0,20343,0,32911424,28641920,4269504,23641792,16252864,16252864
2026-05-13T15:19:03+01:00,server,29061519,1802,479343,674598388,11373,0,20344,0,32911424,28638656,4272768,23638464,16252864,16252864
2026-05-13T15:19:04+01:00,server,29062756,1802,479354,674602071,11373,0,20345,0,32911424,28639616,4271808,23639424,16252864,16252864
2026-05-13T15:19:05+01:00,server,29063992,1802,479361,674605763,11373,0,20345,0,32911424,28641344,4270080,23641152,16252864,16252864
2026-05-13T15:19:06+01:00,server,29065218,1802,479369,674609446,11373,0,20346,0,32911424,28642368,4269056,23642176,16252864,16252864
2026-05-13T15:19:07+01:00,server,29066344,1802,479384,674613231,11373,0,20347,0,32911424,28634816,4276608,23634624,16252864,16252864
2026-05-13T15:19:08+01:00,server,29067572,1802,479394,674616915,11373,0,20347,0,32911424,28637760,4273664,23637568,16252864,16252864
2026-05-13T15:19:09+01:00,server,29068786,1802,479404,674620599,11373,0,20347,0,32911424,28639232,4272192,23639040,16252864,16252864
2026-05-13T15:19:10+01:00,server,29070024,1802,479417,674624279,11373,0,20347,0,32911424,28638080,4273344,23637888,16252864,16252864
2026-05-13T15:19:11+01:00,server,29071265,1802,479427,674627960,11373,0,20347,0,32911424,28638656,4272768,23638464,16252864,16252864
2026-05-13T15:19:12+01:00,server,29072492,1802,479440,674631642,11373,0,20347,0,32911424,28638656,4272768,23638464,16252864,16252864
2026-05-13T15:19:13+01:00,server,29073737,1802,479451,674635322,11373,0,20347,0,32911424,28642496,4268928,23642304,16252864,16252864
2026-05-13T15:19:14+01:00,server,29074952,1802,479462,674639003,11373,0,20347,0,32911424,28638656,4272768,23638464,16252864,16252864
2026-05-13T15:19:15+01:00,server,29076193,1802,479472,674642683,11373,0,20347,0,32911424,28637696,4273728,23637504,16252864,16252864
2026-05-13T15:19:16+01:00,server,29077451,1802,479487,674646340,11373,0,20351,0,32911424,28634368,4277056,23633152,16252864,16252864
2026-05-13T15:19:17+01:00,server,29078673,1802,479495,674650028,11373,0,20351,0,32911424,28634752,4276672,23633472,16252864,16252864
2026-05-13T15:19:18+01:00,server,29079929,1802,479523,674653687,11373,0,20351,0,32911424,28635840,4275584,23634560,16252864,16252864
2026-05-13T15:19:19+01:00,server,29081170,1802,479536,674657370,11373,0,20353,0,32911424,28635456,4275968,23634176,16252864,16252864
2026-05-13T15:19:20+01:00,server,29082397,1802,479546,674661052,11373,0,20353,0,32911424,28636992,4274432,23635712,16252864,16252864
2026-05-13T15:19:21+01:00,server,29083633,1802,479560,674664733,11373,0,20353,0,32911424,28635840,4275584,23634560,16252864,16252864
2026-05-13T15:19:22+01:00,server,29084860,1802,479573,674668413,11373,0,20354,0,32911424,28635840,4275584,23634560,16252864,16252864
2026-05-13T15:19:23+01:00,server,29086100,1802,479588,674672096,11373,0,20354,0,32911424,28636800,4274624,23635520,16252864,16252864
2026-05-13T15:19:25+01:00,server,29087342,1802,479604,674675770,11373,0,20354,0,32911424,28638336,4273088,23637056,16252864,16252864
2026-05-13T15:19:26+01:00,server,29088566,1802,479615,674679452,11373,0,20355,0,32911424,28637440,4273984,23636096,16252864,16252864
2026-05-13T15:19:27+01:00,server,29089792,1802,479628,674683133,11373,0,20355,0,32911424,28637440,4273984,23636096,16252864,16252864
2026-05-13T15:19:28+01:00,server,29091023,1802,479638,674686815,11373,0,20355,0,32911424,28635392,4276032,23634048,16252864,16252864
2026-05-13T15:19:29+01:00,server,29092251,1802,479648,674690496,11373,0,20356,0,32911424,28634176,4277248,23632832,16252864,16252864
2026-05-13T15:19:30+01:00,server,29093478,1802,479660,674694181,11373,0,20356,0,32911424,28635136,4276288,23633792,16252864,16252864
2026-05-13T15:19:31+01:00,server,29094713,1802,479668,674697872,11373,0,20356,0,32911424,28637248,4274176,23635904,16252864,16252864
2026-05-13T15:19:32+01:00,server,29095929,1802,479682,674701554,11373,0,20356,0,32911424,28637440,4273984,23636096,16252864,16252864
2026-05-13T15:19:33+01:00,server,29097203,1802,479700,674705205,11373,0,20356,0,32911424,28637440,4273984,23636096,16252864,16252864
2026-05-13T15:19:34+01:00,server,29098439,1802,479715,674708886,11373,0,20357,0,32911424,28637824,4273600,23636480,16252864,16252864
2026-05-13T15:19:35+01:00,server,29099667,1802,479725,674712566,11373,0,20357,0,32911424,28638848,4272576,23637504,16252864,16252864
2026-05-13T15:19:36+01:00,server,29100891,1802,479739,674716249,11373,0,20359,0,32911424,28637888,4273536,23636544,16252864,16252864
2026-05-13T15:19:37+01:00,server,29102131,1802,479752,674719933,11373,0,20359,0,32911424,28638464,4272960,23637120,16252864,16252864
2026-05-13T15:19:38+01:00,server,29103361,1802,479759,674723616,11373,0,20360,0,32911424,28638272,4273152,23636928,16252864,16252864
2026-05-13T15:19:39+01:00,server,29104591,1802,479772,674727300,11373,0,20361,0,32911424,28638016,4273408,23636672,16252864,16252864
2026-05-13T15:19:40+01:00,server,29105729,1802,479783,674731084,11373,0,20361,0,32911424,28636864,4274560,23635520,16252864,16252864
2026-05-13T15:19:41+01:00,server,29106955,1802,479794,674734768,11373,0,20362,0,32911424,28636736,4274688,23635392,16252864,16252864
2026-05-13T15:19:42+01:00,server,29108180,1802,479809,674738454,11373,0,20363,0,32911424,28634816,4276608,23633472,16252864,16252864
2026-05-13T15:19:43+01:00,server,29109417,1802,479814,674742144,11373,0,20363,0,32911424,28633280,4278144,23631936,16252864,16252864
2026-05-13T15:19:44+01:00,server,29110644,1802,479821,674745832,11373,0,20364,0,32911424,28637120,4274304,23635776,16252864,16252864
2026-05-13T15:19:45+01:00,server,29111870,1802,479835,674749514,11373,0,20364,0,32911424,28637632,4273792,23636288,16252864,16252864
2026-05-13T15:19:46+01:00,server,29113108,1802,479846,674753196,11373,0,20364,0,32911424,28637056,4274368,23635712,16252864,16252864
2026-05-13T15:19:47+01:00,server,29114331,1802,479859,674756878,11373,0,20364,0,32911424,28637888,4273536,23636544,16252864,16252864
2026-05-13T15:19:48+01:00,server,29115601,1802,479886,674760527,11373,0,20364,0,32911424,28635648,4275776,23634240,16252864,16252864
2026-05-13T15:19:49+01:00,server,29116829,1802,479900,674764210,11373,0,20364,0,32911424,28634496,4276928,23633088,16252864,16252864
2026-05-13T15:19:50+01:00,server,29118057,1802,479911,674767889,11373,0,20364,0,32911424,28637184,4274240,23635776,16252864,16252864
2026-05-13T15:19:51+01:00,server,29119293,1802,479927,674771571,11373,0,20364,0,32911424,28636096,4275328,23634688,16252864,16252864
2026-05-13T15:19:52+01:00,server,29120531,1802,479936,674775256,11373,0,20364,0,32911424,28637632,4273792,23636224,16252864,16252864
2026-05-13T15:19:53+01:00,server,29121734,1802,479949,674778942,11373,0,20364,0,32911424,28635392,4276032,23633984,16252864,16252864
2026-05-13T15:19:54+01:00,server,29122970,1802,479966,674782625,11373,0,20364,0,32911424,28636160,4275264,23634752,16252864,16252864
2026-05-13T15:19:55+01:00,server,29124186,1802,479973,674786311,11373,0,20364,0,32911424,28633920,4277504,23632448,16252864,16252864
2026-05-13T15:19:56+01:00,server,29125413,1802,479975,674789999,11373,0,20364,0,32911424,28637568,4273856,23636096,16252864,16252864
2026-05-13T15:19:57+01:00,server,29126651,1802,479985,674793682,11373,0,20365,0,32911424,28637568,4273856,23636096,16252864,16252864
2026-05-13T15:19:58+01:00,server,29127890,1802,479999,674797363,11373,0,20366,0,32911424,28637568,4273856,23636096,16252864,16252864
2026-05-13T15:19:59+01:00,server,29129115,1802,480011,674801044,11373,0,20367,0,32911424,28635648,4275776,23634176,16252864,16252864
2026-05-13T15:20:00+01:00,server,29130350,1802,480027,674804725,11373,0,20367,0,32911424,28637952,4273472,23636480,16252864,16252864
2026-05-13T15:20:01+01:00,server,29131576,1802,480043,674808400,11373,0,20367,0,32911424,28628160,4283264,23626752,16252864,16252864
2026-05-13T15:20:02+01:00,server,29132841,1802,480061,674812052,11373,0,20367,0,32911424,28627520,4283904,23626048,16252864,16252864
2026-05-13T15:20:04+01:00,server,29134067,1802,480077,674815735,11373,0,20368,0,32911424,28626176,4285248,23624704,16252864,16252864
2026-05-13T15:20:05+01:00,server,29135294,1802,480090,674819416,11373,0,20368,0,32911424,28627008,4284416,23625536,16252864,16252864
2026-05-13T15:20:06+01:00,server,29136533,1802,480099,674823097,11373,0,20368,0,32911424,28625536,4285888,23624064,16252864,16252864
2026-05-13T15:20:07+01:00,server,29137771,1802,480114,674826778,11373,0,20368,0,32911424,28622912,4288512,23621440,16252864,16252864
2026-05-13T15:20:08+01:00,server,29138984,1802,480123,674830465,11373,0,20368,0,32911424,28627328,4284096,23625856,16252864,16252864
2026-05-13T15:20:09+01:00,server,29140221,1802,480131,674834152,11373,0,20368,0,32911424,28630016,4281408,23628544,16252864,16252864
2026-05-13T15:20:10+01:00,server,29141460,1802,480141,674837832,11373,0,20368,0,32911424,28628864,4282560,23627392,16252864,16252864
2026-05-13T15:20:11+01:00,server,29142684,1802,480155,674841513,11373,0,20368,0,32911424,28630208,4281216,23628736,16252864,16252864
2026-05-13T15:20:12+01:00,server,29143922,1802,480167,674845194,11373,0,20368,0,32911424,28630016,4281408,23628544,16252864,16252864
