timestamp,role,cpu_user_jiffies,cpu_nice_jiffies,cpu_system_jiffies,cpu_idle_jiffies,cpu_iowait_jiffies,cpu_irq_jiffies,cpu_softirq_jiffies,cpu_steal_jiffies,mem_total_kb,mem_available_kb,mem_used_kb,mem_free_kb,swap_total_kb,swap_free_kb
2026-05-13T15:03:27+01:00,server,1511669,9,138414,844254450,1396,0,8638,0,32911424,30173376,2738048,18664448,16252864,16252864
2026-05-13T15:03:28+01:00,server,1513169,9,138457,844257828,1397,0,8638,0,32911424,30136320,2775104,18615040,16252864,16252864
2026-05-13T15:03:29+01:00,server,1515643,9,138466,844260278,1397,0,8638,0,32911424,30116288,2795136,18594752,16252864,16252864
2026-05-13T15:03:30+01:00,server,1518093,9,138474,844262730,1397,0,8639,0,32911424,30113216,2798208,18591680,16252864,16252864
2026-05-13T15:03:31+01:00,server,1520569,9,138481,844265182,1397,0,8639,0,32911424,30109632,2801792,18588096,16252864,16252864
2026-05-13T15:03:32+01:00,server,1523016,9,138492,844267632,1397,0,8639,0,32911424,30107200,2804224,18585664,16252864,16252864
2026-05-13T15:03:33+01:00,server,1525491,9,138500,844270084,1397,0,8640,0,32911424,30105728,2805696,18584192,16252864,16252864
2026-05-13T15:03:34+01:00,server,1527958,9,138512,844272535,1397,0,8642,0,32911424,30101504,2809920,18579904,16252864,16252864
2026-05-13T15:03:35+01:00,server,1530410,9,138521,844274986,1397,0,8642,0,32911424,30098816,2812608,18577216,16252864,16252864
2026-05-13T15:03:36+01:00,server,1532886,9,138530,844277435,1397,0,8644,0,32911424,30100928,2810496,18579328,16252864,16252864
2026-05-13T15:03:37+01:00,server,1535303,9,138538,844279892,1397,0,8644,0,32911424,30098560,2812864,18576960,16252864,16252864
2026-05-13T15:03:38+01:00,server,1537781,9,138543,844282364,1397,0,8645,0,32911424,30098880,2812544,18577280,16252864,16252864
2026-05-13T15:03:39+01:00,server,1540212,9,138566,844284807,1397,0,8646,0,32911424,30094336,2817088,18572672,16252864,16252864
2026-05-13T15:03:40+01:00,server,1542656,9,138576,844287285,1397,0,8646,0,32911424,30088640,2822784,18566848,16252864,16252864
2026-05-13T15:03:41+01:00,server,1545105,9,138589,844289745,1397,0,8646,0,32911424,30084160,2827264,18562368,16252864,16252864
2026-05-13T15:03:42+01:00,server,1547557,9,138601,844292210,1397,0,8646,0,32911424,30081600,2829824,18559808,16252864,16252864
2026-05-13T15:03:43+01:00,server,1550032,9,138614,844294674,1397,0,8646,0,32911424,30077824,2833600,18556032,16252864,16252864
2026-05-13T15:03:44+01:00,server,1552441,9,138624,844297199,1397,0,8646,0,32911424,30073664,2837760,18551872,16252864,16252864
2026-05-13T15:03:45+01:00,server,1554890,9,138632,844299650,1398,0,8646,0,32911424,30074432,2836992,18552640,16252864,16252864
2026-05-13T15:03:46+01:00,server,1557351,9,138643,844302102,1398,0,8646,0,32911424,30073088,2838336,18551296,16252864,16252864
2026-05-13T15:03:48+01:00,server,1559825,9,138654,844304556,1398,0,8646,0,32911424,30067008,2844416,18545152,16252864,16252864
2026-05-13T15:03:49+01:00,server,1562227,9,138669,844307024,1398,0,8648,0,32911424,30070400,2841024,18548544,16252864,16252864
2026-05-13T15:03:50+01:00,server,1564701,9,138679,844309488,1398,0,8649,0,32911424,30067328,2844096,18545472,16252864,16252864
2026-05-13T15:03:51+01:00,server,1567154,9,138692,844311949,1398,0,8649,0,32911424,30066752,2844672,18544896,16252864,16252864
2026-05-13T15:03:52+01:00,server,1569560,9,138701,844314413,1398,0,8649,0,32911424,30065408,2846016,18543552,16252864,16252864
2026-05-13T15:03:53+01:00,server,1572031,9,138711,844316879,1398,0,8649,0,32911424,30066432,2844992,18544576,16252864,16252864
2026-05-13T15:03:54+01:00,server,1574438,9,138737,844319348,1398,0,8650,0,32911424,30067072,2844352,18545216,16252864,16252864
2026-05-13T15:03:55+01:00,server,1576925,9,138762,844321789,1398,0,8650,0,32911424,30063808,2847616,18541888,16252864,16252864
2026-05-13T15:03:56+01:00,server,1579398,9,138776,844324252,1398,0,8650,0,32911424,30064576,2846848,18542656,16252864,16252864
2026-05-13T15:03:57+01:00,server,1581839,9,138788,844326710,1398,0,8650,0,32911424,30065280,2846144,18543360,16252864,16252864
2026-05-13T15:03:58+01:00,server,1584289,9,138802,844329171,1398,0,8650,0,32911424,30063232,2848192,18541312,16252864,16252864
2026-05-13T15:03:59+01:00,server,1586762,9,138815,844331633,1398,0,8650,0,32911424,30061824,2849600,18539904,16252864,16252864
2026-05-13T15:04:00+01:00,server,1589190,9,138828,844334097,1398,0,8650,0,32911424,30056896,2854528,18534976,16252864,16252864
2026-05-13T15:04:01+01:00,server,1591666,9,138839,844336562,1398,0,8650,0,32911424,30055552,2855872,18533632,16252864,16252864
2026-05-13T15:04:02+01:00,server,1594141,9,138849,844339027,1398,0,8650,0,32911424,30053632,2857792,18531712,16252864,16252864
2026-05-13T15:04:03+01:00,server,1596613,9,138863,844341499,1398,0,8651,0,32911424,30056832,2854592,18534912,16252864,16252864
2026-05-13T15:04:04+01:00,server,1599062,9,138878,844343963,1398,0,8651,0,32911424,30052608,2858816,18530688,16252864,16252864
2026-05-13T15:04:05+01:00,server,1601487,9,138894,844346436,1398,0,8651,0,32911424,30051968,2859456,18530048,16252864,16252864
2026-05-13T15:04:06+01:00,server,1603960,9,138901,844348906,1398,0,8651,0,32911424,30052672,2858752,18530752,16252864,16252864
2026-05-13T15:04:07+01:00,server,1606387,9,138912,844351373,1398,0,8651,0,32911424,30052608,2858816,18530688,16252864,16252864
2026-05-13T15:04:08+01:00,server,1608840,9,138924,844353843,1398,0,8651,0,32911424,30052608,2858816,18530688,16252864,16252864
2026-05-13T15:04:09+01:00,server,1611280,9,138945,844356349,1398,0,8652,0,32911424,30045376,2866048,18523456,16252864,16252864
2026-05-13T15:04:10+01:00,server,1613722,9,138956,844358802,1398,0,8652,0,32911424,30044800,2866624,18522880,16252864,16252864
2026-05-13T15:04:11+01:00,server,1616198,9,138969,844361256,1398,0,8652,0,32911424,30044288,2867136,18522368,16252864,16252864
2026-05-13T15:04:12+01:00,server,1618646,9,138981,844363714,1398,0,8652,0,32911424,30042240,2869184,18520256,16252864,16252864
2026-05-13T15:04:13+01:00,server,1621049,9,138994,844366180,1398,0,8652,0,32911424,30042752,2868672,18520768,16252864,16252864
2026-05-13T15:04:14+01:00,server,1623497,9,139008,844368648,1398,0,8652,0,32911424,30043328,2868096,18521344,16252864,16252864
2026-05-13T15:04:15+01:00,server,1625970,9,139018,844371109,1398,0,8652,0,32911424,30037568,2873856,18515584,16252864,16252864
2026-05-13T15:04:16+01:00,server,1628419,9,139031,844373578,1398,0,8652,0,32911424,30038528,2872896,18516544,16252864,16252864
2026-05-13T15:04:17+01:00,server,1630891,9,139046,844376043,1398,0,8652,0,32911424,30035584,2875840,18513536,16252864,16252864
2026-05-13T15:04:18+01:00,server,1633339,9,139057,844378511,1398,0,8652,0,32911424,30037504,2873920,18515456,16252864,16252864
2026-05-13T15:04:19+01:00,server,1635811,9,139061,844380981,1398,0,8652,0,32911424,30034816,2876608,18512768,16252864,16252864
2026-05-13T15:04:20+01:00,server,1638238,9,139074,844383446,1398,0,8653,0,32911424,30031936,2879488,18509888,16252864,16252864
2026-05-13T15:04:21+01:00,server,1640713,9,139086,844385914,1398,0,8655,0,32911424,30034240,2877184,18512192,16252864,16252864
2026-05-13T15:04:22+01:00,server,1643138,9,139101,844388376,1398,0,8655,0,32911424,30033664,2877760,18511616,16252864,16252864
2026-05-13T15:04:23+01:00,server,1645593,9,139107,844390844,1398,0,8655,0,32911424,30034112,2877312,18512064,16252864,16252864
2026-05-13T15:04:25+01:00,server,1648054,9,139121,844393281,1398,0,8655,0,32911424,30033600,2877824,18511552,16252864,16252864
2026-05-13T15:04:26+01:00,server,1650507,9,139127,844395747,1398,0,8655,0,32911424,30037056,2874368,18515008,16252864,16252864
2026-05-13T15:04:27+01:00,server,1652978,9,139141,844398211,1398,0,8655,0,32911424,30027072,2884352,18505024,16252864,16252864
2026-05-13T15:04:28+01:00,server,1655429,9,139155,844400673,1398,0,8655,0,32911424,30030016,2881408,18507968,16252864,16252864
2026-05-13T15:04:29+01:00,server,1657853,9,139169,844403133,1398,0,8657,0,32911424,30029312,2882112,18507264,16252864,16252864
2026-05-13T15:04:30+01:00,server,1660304,9,139180,844405600,1398,0,8657,0,32911424,30027008,2884416,18504960,16252864,16252864
2026-05-13T15:04:31+01:00,server,1662758,9,139191,844408061,1398,0,8658,0,32911424,30023936,2887488,18501888,16252864,16252864
2026-05-13T15:04:32+01:00,server,1665186,9,139198,844410532,1398,0,8658,0,32911424,30027968,2883456,18505920,16252864,16252864
2026-05-13T15:04:33+01:00,server,1667542,9,139206,844413071,1398,0,8658,0,32911424,30020992,2890432,18498880,16252864,16252864
2026-05-13T15:04:34+01:00,server,1670016,9,139217,844415521,1398,0,8658,0,32911424,30018112,2893312,18496000,16252864,16252864
2026-05-13T15:04:35+01:00,server,1672463,9,139230,844417971,1398,0,8659,0,32911424,30017408,2894016,18495296,16252864,16252864
2026-05-13T15:04:36+01:00,server,1674938,9,139242,844420427,1398,0,8659,0,32911424,30015360,2896064,18493312,16252864,16252864
2026-05-13T15:04:37+01:00,server,1677387,9,139255,844422898,1398,0,8659,0,32911424,30015680,2895744,18493632,16252864,16252864
2026-05-13T15:04:38+01:00,server,1679839,9,139267,844425360,1398,0,8659,0,32911424,30016960,2894464,18494912,16252864,16252864
2026-05-13T15:04:39+01:00,server,1682267,9,139280,844427829,1398,0,8659,0,32911424,30016768,2894656,18494720,16252864,16252864
2026-05-13T15:04:40+01:00,server,1684753,9,139295,844430268,1398,0,8659,0,32911424,30013312,2898112,18491200,16252864,16252864
2026-05-13T15:04:41+01:00,server,1687180,9,139308,844432729,1398,0,8660,0,32911424,30013184,2898240,18491008,16252864,16252864
2026-05-13T15:04:42+01:00,server,1689654,9,139323,844435195,1398,0,8660,0,32911424,30010432,2900992,18488256,16252864,16252864
2026-05-13T15:04:43+01:00,server,1692101,9,139338,844437655,1398,0,8660,0,32911424,30010624,2900800,18488448,16252864,16252864
2026-05-13T15:04:44+01:00,server,1694511,9,139347,844440120,1398,0,8661,0,32911424,30011392,2900032,18489216,16252864,16252864
2026-05-13T15:04:45+01:00,server,1696984,9,139355,844442591,1398,0,8661,0,32911424,30009408,2902016,18487232,16252864,16252864
2026-05-13T15:04:46+01:00,server,1699434,9,139364,844445053,1398,0,8661,0,32911424,30009664,2901760,18487488,16252864,16252864
2026-05-13T15:04:47+01:00,server,1701883,9,139379,844447520,1398,0,8662,0,32911424,30008704,2902720,18486528,16252864,16252864
2026-05-13T15:04:48+01:00,server,1704354,9,139395,844449980,1398,0,8662,0,32911424,30011008,2900416,18488832,16252864,16252864
2026-05-13T15:04:49+01:00,server,1706806,9,139407,844452443,1398,0,8662,0,32911424,30008320,2903104,18486144,16252864,16252864
2026-05-13T15:04:50+01:00,server,1709233,9,139417,844454903,1398,0,8663,0,32911424,30008128,2903296,18485952,16252864,16252864
2026-05-13T15:04:51+01:00,server,1711708,9,139428,844457363,1398,0,8663,0,32911424,30008128,2903296,18485952,16252864,16252864
2026-05-13T15:04:52+01:00,server,1714164,9,139441,844459827,1398,0,8663,0,32911424,30006784,2904640,18484608,16252864,16252864
2026-05-13T15:04:53+01:00,server,1716589,9,139453,844462288,1398,0,8664,0,32911424,30005888,2905536,18483712,16252864,16252864
2026-05-13T15:04:54+01:00,server,1719070,9,139471,844464726,1398,0,8664,0,32911424,30004032,2907392,18481856,16252864,16252864
2026-05-13T15:04:55+01:00,server,1721544,9,139484,844467191,1398,0,8664,0,32911424,30008256,2903168,18486080,16252864,16252864
2026-05-13T15:04:56+01:00,server,1723926,9,139497,844469727,1398,0,8664,0,32911424,29995392,2916032,18473152,16252864,16252864
2026-05-13T15:04:57+01:00,server,1726370,9,139505,844472182,1398,0,8664,0,32911424,29994368,2917056,18472128,16252864,16252864
2026-05-13T15:04:58+01:00,server,1728841,9,139512,844474638,1398,0,8664,0,32911424,29995776,2915648,18473536,16252864,16252864
2026-05-13T15:04:59+01:00,server,1731292,9,139519,844477097,1398,0,8664,0,32911424,29994624,2916800,18472384,16252864,16252864
2026-05-13T15:05:00+01:00,server,1733722,9,139529,844479567,1398,0,8664,0,32911424,29995392,2916032,18473152,16252864,16252864
2026-05-13T15:05:01+01:00,server,1736178,9,139542,844482022,1398,0,8664,0,32911424,29982720,2928704,18457664,16252864,16252864
2026-05-13T15:05:03+01:00,server,1738654,9,139554,844484485,1398,0,8665,0,32911424,29986880,2924544,18460736,16252864,16252864
2026-05-13T15:05:04+01:00,server,1741107,9,139565,844486952,1398,0,8666,0,32911424,29985152,2926272,18459008,16252864,16252864
2026-05-13T15:05:05+01:00,server,1743558,9,139572,844489413,1398,0,8667,0,32911424,29984320,2927104,18458112,16252864,16252864
2026-05-13T15:05:06+01:00,server,1746029,9,139588,844491875,1398,0,8667,0,32911424,29984128,2927296,18457920,16252864,16252864
2026-05-13T15:05:07+01:00,server,1748504,9,139601,844494337,1398,0,8667,0,32911424,29983808,2927616,18457600,16252864,16252864
2026-05-13T15:05:08+01:00,server,1750979,9,139612,844496799,1398,0,8668,0,32911424,29983552,2927872,18457344,16252864,16252864
2026-05-13T15:05:09+01:00,server,1753433,9,139616,844499260,1398,0,8668,0,32911424,29979392,2932032,18453184,16252864,16252864
2026-05-13T15:05:10+01:00,server,1755883,9,139636,844501693,1398,0,8668,0,32911424,29978176,2933248,18451904,16252864,16252864
2026-05-13T15:05:11+01:00,server,1758353,9,139640,844504173,1398,0,8669,0,32911424,29980672,2930752,18454272,16252864,16252864
2026-05-13T15:05:12+01:00,server,1760801,9,139652,844506638,1398,0,8669,0,32911424,29978560,2932864,18452096,16252864,16252864
2026-05-13T15:05:13+01:00,server,1763280,9,139661,844509104,1398,0,8669,0,32911424,29977600,2933824,18451136,16252864,16252864
2026-05-13T15:05:14+01:00,server,1765731,9,139669,844511567,1398,0,8669,0,32911424,29977984,2933440,18451520,16252864,16252864
2026-05-13T15:05:15+01:00,server,1768205,9,139678,844514028,1398,0,8670,0,32911424,29979328,2932096,18452864,16252864,16252864
2026-05-13T15:05:16+01:00,server,1770679,9,139693,844516490,1398,0,8670,0,32911424,29978816,2932608,18452352,16252864,16252864
2026-05-13T15:05:17+01:00,server,1773120,9,139713,844518950,1398,0,8670,0,32911424,29980032,2931392,18453568,16252864,16252864
2026-05-13T15:05:18+01:00,server,1775691,9,139721,844521518,1398,0,8670,0,32911424,29980800,2930624,18454336,16252864,16252864
2026-05-13T15:05:19+01:00,server,1778262,9,139733,844524070,1398,0,8670,0,32911424,29979648,2931776,18453184,16252864,16252864
2026-05-13T15:05:20+01:00,server,1780713,9,139747,844526538,1398,0,8670,0,32911424,29980864,2930560,18454400,16252864,16252864
2026-05-13T15:05:21+01:00,server,1783092,9,139760,844529064,1398,0,8670,0,32911424,29976320,2935104,18449856,16252864,16252864
2026-05-13T15:05:22+01:00,server,1785567,9,139773,844531515,1398,0,8670,0,32911424,29975360,2936064,18448896,16252864,16252864
2026-05-13T15:05:23+01:00,server,1788040,9,139787,844533968,1398,0,8670,0,32911424,29976256,2935168,18449792,16252864,16252864
2026-05-13T15:05:24+01:00,server,1790530,9,139797,844536411,1398,0,8670,0,32911424,29975872,2935552,18449408,16252864,16252864
2026-05-13T15:05:25+01:00,server,1793002,9,139802,844538884,1398,0,8670,0,32911424,29972800,2938624,18446336,16252864,16252864
2026-05-13T15:05:26+01:00,server,1795479,9,139812,844541346,1398,0,8671,0,32911424,29972736,2938688,18446272,16252864,16252864
2026-05-13T15:05:27+01:00,server,1797908,9,139821,844543808,1398,0,8672,0,32911424,29972352,2939072,18445888,16252864,16252864
2026-05-13T15:05:28+01:00,server,1800384,9,139832,844546270,1398,0,8672,0,32911424,29970432,2940992,18443968,16252864,16252864
2026-05-13T15:05:29+01:00,server,1802855,9,139848,844548730,1398,0,8672,0,32911424,29968960,2942464,18442496,16252864,16252864
2026-05-13T15:05:30+01:00,server,1805328,9,139863,844551196,1398,0,8672,0,32911424,29966272,2945152,18439808,16252864,16252864
2026-05-13T15:05:31+01:00,server,1807766,9,139887,844553658,1398,0,8672,0,32911424,29967040,2944384,18440576,16252864,16252864
2026-05-13T15:05:32+01:00,server,1810220,9,139898,844556123,1398,0,8672,0,32911424,29967040,2944384,18440576,16252864,16252864
2026-05-13T15:05:33+01:00,server,1812672,9,139910,844558582,1398,0,8673,0,32911424,29969536,2941888,18443072,16252864,16252864
2026-05-13T15:05:34+01:00,server,1815121,9,139922,844561042,1398,0,8674,0,32911424,29967232,2944192,18440768,16252864,16252864
2026-05-13T15:05:35+01:00,server,1817573,9,139935,844563509,1398,0,8674,0,32911424,29967616,2943808,18441152,16252864,16252864
2026-05-13T15:05:37+01:00,server,1820050,9,139944,844565972,1398,0,8675,0,32911424,29964736,2946688,18438272,16252864,16252864
2026-05-13T15:05:38+01:00,server,1822523,9,139948,844568445,1398,0,8675,0,32911424,29967744,2943680,18441216,16252864,16252864
2026-05-13T15:05:39+01:00,server,1824997,9,139957,844570909,1398,0,8675,0,32911424,29966592,2944832,18440000,16252864,16252864
2026-05-13T15:05:40+01:00,server,1827473,9,139969,844573345,1398,0,8675,0,32911424,29968640,2942784,18442048,16252864,16252864
2026-05-13T15:05:41+01:00,server,1829945,9,139981,844575807,1398,0,8675,0,32911424,29965184,2946240,18438592,16252864,16252864
2026-05-13T15:05:42+01:00,server,1832398,9,139992,844578268,1398,0,8675,0,32911424,29964800,2946624,18438208,16252864,16252864
2026-05-13T15:05:43+01:00,server,1834848,9,140003,844580730,1398,0,8676,0,32911424,29962496,2948928,18435904,16252864,16252864
2026-05-13T15:05:44+01:00,server,1837298,9,140016,844583195,1398,0,8676,0,32911424,29967040,2944384,18440448,16252864,16252864
2026-05-13T15:05:45+01:00,server,1839700,9,140025,844585724,1398,0,8677,0,32911424,29961344,2950080,18434752,16252864,16252864
2026-05-13T15:05:46+01:00,server,1842151,9,140034,844588175,1398,0,8677,0,32911424,29964544,2946880,18437952,16252864,16252864
2026-05-13T15:05:47+01:00,server,1844623,9,140043,844590625,1398,0,8677,0,32911424,29969280,2942144,18442688,16252864,16252864
2026-05-13T15:05:48+01:00,server,1847071,9,140056,844593073,1398,0,8677,0,32911424,29965632,2945792,18439040,16252864,16252864
2026-05-13T15:05:49+01:00,server,1849545,9,140066,844595521,1398,0,8677,0,32911424,29966720,2944704,18440128,16252864,16252864
2026-05-13T15:05:50+01:00,server,1851987,9,140075,844597973,1398,0,8677,0,32911424,29966272,2945152,18439680,16252864,16252864
2026-05-13T15:05:51+01:00,server,1854452,9,140079,844600431,1398,0,8678,0,32911424,29966976,2944448,18440448,16252864,16252864
2026-05-13T15:05:52+01:00,server,1856927,9,140090,844602887,1398,0,8678,0,32911424,29965824,2945600,18439296,16252864,16252864
2026-05-13T15:05:53+01:00,server,1859377,9,140101,844605338,1398,0,8678,0,32911424,29964672,2946752,18438144,16252864,16252864
2026-05-13T15:05:54+01:00,server,1861854,9,140110,844607791,1398,0,8679,0,32911424,29964864,2946560,18438336,16252864,16252864
2026-05-13T15:05:55+01:00,server,1864298,9,140126,844610238,1398,0,8679,0,32911424,29965184,2946240,18438656,16252864,16252864
2026-05-13T15:05:56+01:00,server,1866777,9,140138,844612698,1398,0,8679,0,32911424,29963456,2947968,18436928,16252864,16252864
2026-05-13T15:05:57+01:00,server,1869235,9,140146,844615159,1398,0,8679,0,32911424,29963072,2948352,18436544,16252864,16252864
2026-05-13T15:05:58+01:00,server,1871682,9,140160,844617622,1398,0,8680,0,32911424,29963456,2947968,18436928,16252864,16252864
2026-05-13T15:05:59+01:00,server,1874154,9,140175,844620090,1398,0,8680,0,32911424,29962496,2948928,18435968,16252864,16252864
2026-05-13T15:06:00+01:00,server,1876603,9,140191,844622550,1398,0,8680,0,32911424,29963840,2947584,18437312,16252864,16252864
2026-05-13T15:06:01+01:00,server,1879052,9,140205,844625028,1398,0,8681,0,32911424,29962304,2949120,18435776,16252864,16252864
2026-05-13T15:06:02+01:00,server,1881525,9,140218,844627490,1398,0,8681,0,32911424,29963840,2947584,18437312,16252864,16252864
2026-05-13T15:06:03+01:00,server,1883984,9,140231,844629957,1398,0,8681,0,32911424,29961856,2949568,18435328,16252864,16252864
2026-05-13T15:06:04+01:00,server,1886431,9,140238,844632428,1398,0,8681,0,32911424,29964544,2946880,18438016,16252864,16252864
2026-05-13T15:06:05+01:00,server,1888884,9,140247,844634891,1398,0,8681,0,32911424,29965888,2945536,18439360,16252864,16252864
2026-05-13T15:06:06+01:00,server,1891340,9,140257,844637356,1398,0,8681,0,32911424,29964032,2947392,18437504,16252864,16252864
2026-05-13T15:06:07+01:00,server,1893790,9,140267,844639821,1398,0,8682,0,32911424,29963072,2948352,18436544,16252864,16252864
2026-05-13T15:06:08+01:00,server,1896220,9,140281,844642283,1398,0,8682,0,32911424,29963072,2948352,18436544,16252864,16252864
2026-05-13T15:06:09+01:00,server,1898687,9,140298,844644718,1398,0,8683,0,32911424,29962304,2949120,18435776,16252864,16252864
2026-05-13T15:06:10+01:00,server,1901135,9,140313,844647185,1398,0,8683,0,32911424,29964544,2946880,18438016,16252864,16252864
2026-05-13T15:06:11+01:00,server,1903606,9,140329,844649648,1398,0,8683,0,32911424,29962624,2948800,18436096,16252864,16252864
2026-05-13T15:06:12+01:00,server,1906081,9,140343,844652112,1399,0,8683,0,32911424,29958976,2952448,18432448,16252864,16252864
2026-05-13T15:06:13+01:00,server,1908556,9,140355,844654580,1399,0,8683,0,32911424,29962624,2948800,18436096,16252864,16252864
2026-05-13T15:06:15+01:00,server,1911009,9,140366,844657049,1399,0,8683,0,32911424,29962048,2949376,18435264,16252864,16252864
2026-05-13T15:06:16+01:00,server,1913368,9,140379,844659587,1399,0,8683,0,32911424,29951488,2959936,18424576,16252864,16252864
2026-05-13T15:06:17+01:00,server,1915841,9,140387,844662050,1399,0,8683,0,32911424,29951552,2959872,18424576,16252864,16252864
2026-05-13T15:06:18+01:00,server,1918277,9,140394,844664510,1399,0,8684,0,32911424,29949312,2962112,18422336,16252864,16252864
2026-05-13T15:06:19+01:00,server,1920720,9,140403,844666968,1399,0,8684,0,32911424,29948928,2962496,18421952,16252864,16252864
2026-05-13T15:06:20+01:00,server,1923175,9,140415,844669426,1399,0,8684,0,32911424,29947776,2963648,18420800,16252864,16252864
2026-05-13T15:06:21+01:00,server,1925626,9,140423,844671879,1399,0,8685,0,32911424,29951872,2959552,18424832,16252864,16252864
2026-05-13T15:06:22+01:00,server,1928090,9,140437,844674334,1399,0,8685,0,32911424,29950016,2961408,18422912,16252864,16252864
2026-05-13T15:06:23+01:00,server,1930539,9,140449,844676788,1399,0,8685,0,32911424,29951360,2960064,18424256,16252864,16252864
2026-05-13T15:06:24+01:00,server,1932994,9,140458,844679246,1399,0,8686,0,32911424,29950400,2961024,18423296,16252864,16252864
2026-05-13T15:06:25+01:00,server,1935491,9,140470,844681694,1399,0,8686,0,32911424,29953088,2958336,18425984,16252864,16252864
2026-05-13T15:06:26+01:00,server,1937966,9,140483,844684161,1399,0,8686,0,32911424,29952384,2959040,18424960,16252864,16252864
2026-05-13T15:06:27+01:00,server,1940368,9,140498,844686622,1399,0,8686,0,32911424,29950208,2961216,18422784,16252864,16252864
2026-05-13T15:06:28+01:00,server,1942845,9,140505,844689085,1399,0,8688,0,32911424,29949440,2961984,18422016,16252864,16252864
2026-05-13T15:06:29+01:00,server,1945299,9,140512,844691548,1399,0,8689,0,32911424,29948032,2963392,18420608,16252864,16252864
2026-05-13T15:06:30+01:00,server,1947743,9,140519,844694020,1399,0,8690,0,32911424,29948032,2963392,18420608,16252864,16252864
2026-05-13T15:06:31+01:00,server,1950195,9,140545,844696484,1399,0,8690,0,32911424,29953408,2958016,18425600,16252864,16252864
2026-05-13T15:06:32+01:00,server,1952672,9,140554,844698944,1399,0,8690,0,32911424,29953792,2957632,18425984,16252864,16252864
2026-05-13T15:06:33+01:00,server,1955143,9,140568,844701411,1399,0,8691,0,32911424,29955136,2956288,18427328,16252864,16252864
2026-05-13T15:06:34+01:00,server,1957592,9,140581,844703871,1399,0,8691,0,32911424,29955776,2955648,18427968,16252864,16252864
2026-05-13T15:06:35+01:00,server,1960068,9,140593,844706332,1399,0,8691,0,32911424,29956928,2954496,18429120,16252864,16252864
2026-05-13T15:06:36+01:00,server,1962543,9,140605,844708797,1399,0,8691,0,32911424,29956608,2954816,18428736,16252864,16252864
2026-05-13T15:06:37+01:00,server,1964996,9,140618,844711260,1399,0,8691,0,32911424,29957440,2953984,18429568,16252864,16252864
2026-05-13T15:06:38+01:00,server,1967423,9,140630,844713720,1399,0,8691,0,32911424,29959168,2952256,18431296,16252864,16252864
2026-05-13T15:06:39+01:00,server,1969885,9,140645,844716162,1399,0,8691,0,32911424,29957248,2954176,18429376,16252864,16252864
2026-05-13T15:06:40+01:00,server,1972311,9,140660,844718619,1399,0,8691,0,32911424,29957056,2954368,18429184,16252864,16252864
2026-05-13T15:06:41+01:00,server,1974737,9,140670,844721077,1399,0,8691,0,32911424,29956480,2954944,18428608,16252864,16252864
2026-05-13T15:06:42+01:00,server,1977165,9,140679,844723549,1399,0,8692,0,32911424,29955904,2955520,18428032,16252864,16252864
2026-05-13T15:06:43+01:00,server,1979614,9,140687,844726017,1399,0,8692,0,32911424,29957696,2953728,18429824,16252864,16252864
2026-05-13T15:06:44+01:00,server,1982041,9,140697,844728475,1399,0,8692,0,32911424,29957888,2953536,18430016,16252864,16252864
2026-05-13T15:06:45+01:00,server,1984398,9,140712,844731015,1399,0,8692,0,32911424,29953088,2958336,18425216,16252864,16252864
2026-05-13T15:06:46+01:00,server,1986848,9,140723,844733462,1399,0,8692,0,32911424,29951744,2959680,18423872,16252864,16252864
2026-05-13T15:06:47+01:00,server,1989320,9,140733,844735911,1399,0,8692,0,32911424,29953856,2957568,18425984,16252864,16252864
2026-05-13T15:06:48+01:00,server,1991770,9,140742,844738358,1399,0,8692,0,32911424,29956160,2955264,18428288,16252864,16252864
2026-05-13T15:06:49+01:00,server,1994231,9,140752,844740807,1399,0,8692,0,32911424,29950656,2960768,18422784,16252864,16252864
2026-05-13T15:06:50+01:00,server,1996682,9,140763,844743255,1399,0,8692,0,32911424,29954368,2957056,18426496,16252864,16252864
2026-05-13T15:06:51+01:00,server,1999156,9,140774,844745701,1399,0,8693,0,32911424,29954752,2956672,18426880,16252864,16252864
2026-05-13T15:06:52+01:00,server,2001607,9,140783,844748148,1399,0,8693,0,32911424,29952512,2958912,18423168,16252864,16252864
2026-05-13T15:06:54+01:00,server,2004083,9,140791,844750599,1399,0,8694,0,32911424,29951360,2960064,18422016,16252864,16252864
2026-05-13T15:06:55+01:00,server,2006565,9,140809,844753034,1399,0,8694,0,32911424,29954432,2956992,18425088,16252864,16252864
2026-05-13T15:06:56+01:00,server,2009036,9,140817,844755506,1399,0,8694,0,32911424,29953088,2958336,18423744,16252864,16252864
2026-05-13T15:06:57+01:00,server,2011487,9,140827,844757973,1399,0,8694,0,32911424,29955008,2956416,18425664,16252864,16252864
2026-05-13T15:06:58+01:00,server,2013932,9,140844,844760434,1399,0,8694,0,32911424,29951424,2960000,18422080,16252864,16252864
2026-05-13T15:06:59+01:00,server,2016407,9,140858,844762896,1399,0,8694,0,32911424,29951616,2959808,18422272,16252864,16252864
2026-05-13T15:07:00+01:00,server,2018862,9,140866,844765363,1399,0,8694,0,32911424,29949504,2961920,18419968,16252864,16252864
2026-05-13T15:07:01+01:00,server,2021312,9,140881,844767828,1399,0,8695,0,32911424,29948800,2962624,18419264,16252864,16252864
2026-05-13T15:07:02+01:00,server,2023766,9,140890,844770291,1399,0,8695,0,32911424,29949376,2962048,18419840,16252864,16252864
2026-05-13T15:07:03+01:00,server,2026241,9,140902,844772754,1399,0,8696,0,32911424,29947776,2963648,18418240,16252864,16252864
2026-05-13T15:07:04+01:00,server,2028716,9,140913,844775216,1399,0,8697,0,32911424,29946240,2965184,18416704,16252864,16252864
2026-05-13T15:07:05+01:00,server,2031165,9,140929,844777678,1399,0,8697,0,32911424,29946432,2964992,18416896,16252864,16252864
2026-05-13T15:07:06+01:00,server,2033593,9,140940,844780142,1399,0,8698,0,32911424,29943360,2968064,18413824,16252864,16252864
2026-05-13T15:07:07+01:00,server,2036069,9,140950,844782609,1399,0,8698,0,32911424,29943168,2968256,18413632,16252864,16252864
2026-05-13T15:07:08+01:00,server,2038539,9,140964,844785074,1399,0,8698,0,32911424,29944896,2966528,18415360,16252864,16252864
2026-05-13T15:07:09+01:00,server,2041011,9,140970,844787545,1399,0,8698,0,32911424,29943040,2968384,18413504,16252864,16252864
2026-05-13T15:07:10+01:00,server,2043443,9,140983,844789982,1399,0,8699,0,32911424,29941760,2969664,18412224,16252864,16252864
2026-05-13T15:07:11+01:00,server,2045917,9,140994,844792444,1399,0,8699,0,32911424,29944256,2967168,18414720,16252864,16252864
2026-05-13T15:07:12+01:00,server,2048366,9,141005,844794929,1399,0,8699,0,32911424,29944320,2967104,18414784,16252864,16252864
2026-05-13T15:07:13+01:00,server,2050835,9,141025,844797401,1399,0,8699,0,32911424,29942144,2969280,18412608,16252864,16252864
2026-05-13T15:07:14+01:00,server,2053312,9,141039,844799862,1399,0,8699,0,32911424,29941376,2970048,18411840,16252864,16252864
2026-05-13T15:07:15+01:00,server,2055737,9,141051,844802330,1399,0,8700,0,32911424,29941696,2969728,18412160,16252864,16252864
2026-05-13T15:07:16+01:00,server,2058124,9,141058,844804870,1399,0,8700,0,32911424,29936832,2974592,18407296,16252864,16252864
2026-05-13T15:07:17+01:00,server,2060601,9,141069,844807324,1399,0,8700,0,32911424,29932992,2978432,18403456,16252864,16252864
2026-05-13T15:07:18+01:00,server,2063027,9,141076,844809781,1399,0,8701,0,32911424,29934720,2976704,18405184,16252864,16252864
2026-05-13T15:07:19+01:00,server,2065484,9,141087,844812241,1399,0,8701,0,32911424,29932992,2978432,18403456,16252864,16252864
2026-05-13T15:07:20+01:00,server,2067935,9,141098,844814698,1399,0,8701,0,32911424,29930688,2980736,18401152,16252864,16252864
2026-05-13T15:07:21+01:00,server,2070385,9,141105,844817157,1399,0,8702,0,32911424,29931456,2979968,18401920,16252864,16252864
2026-05-13T15:07:22+01:00,server,2072858,9,141111,844819627,1399,0,8702,0,32911424,29935104,2976320,18405568,16252864,16252864
2026-05-13T15:07:23+01:00,server,2075308,9,141123,844822088,1399,0,8702,0,32911424,29934720,2976704,18405184,16252864,16252864
2026-05-13T15:07:24+01:00,server,2077735,9,141137,844824529,1399,0,8704,0,32911424,29935552,2975872,18406016,16252864,16252864
2026-05-13T15:07:25+01:00,server,2080186,9,141147,844826995,1399,0,8706,0,32911424,29933376,2978048,18403840,16252864,16252864
2026-05-13T15:07:26+01:00,server,2082612,9,141162,844829459,1399,0,8707,0,32911424,29933376,2978048,18403840,16252864,16252864
2026-05-13T15:07:27+01:00,server,2085091,9,141172,844831926,1399,0,8707,0,32911424,29935488,2975936,18405952,16252864,16252864
2026-05-13T15:07:28+01:00,server,2087542,9,141183,844834388,1399,0,8707,0,32911424,29935104,2976320,18405568,16252864,16252864
2026-05-13T15:07:29+01:00,server,2089993,9,141193,844836857,1399,0,8708,0,32911424,29936000,2975424,18406464,16252864,16252864
2026-05-13T15:07:31+01:00,server,2092442,9,141206,844839321,1399,0,8709,0,32911424,29936640,2974784,18407104,16252864,16252864
2026-05-13T15:07:32+01:00,server,2094969,9,141245,844841679,1399,0,8710,0,32911424,29927296,2984128,18396736,16252864,16252864
2026-05-13T15:07:33+01:00,server,2097496,9,141263,844844043,1400,0,8710,0,32911424,29917632,2993792,18386880,16252864,16252864
2026-05-13T15:07:34+01:00,server,2099947,9,141276,844846503,1400,0,8710,0,32911424,29929280,2982144,18396928,16252864,16252864
2026-05-13T15:07:35+01:00,server,2102417,9,141287,844848971,1400,0,8710,0,32911424,29925824,2985600,18393472,16252864,16252864
2026-05-13T15:07:36+01:00,server,2104889,9,141297,844851441,1400,0,8710,0,32911424,29928320,2983104,18395968,16252864,16252864
2026-05-13T15:07:37+01:00,server,2107341,9,141310,844853908,1400,0,8710,0,32911424,29929856,2981568,18397504,16252864,16252864
2026-05-13T15:07:38+01:00,server,2109793,9,141321,844856370,1400,0,8710,0,32911424,29930304,2981120,18397952,16252864,16252864
2026-05-13T15:07:39+01:00,server,2112267,9,141336,844858831,1400,0,8710,0,32911424,29932032,2979392,18399680,16252864,16252864
2026-05-13T15:07:40+01:00,server,2114749,9,141354,844861280,1400,0,8710,0,32911424,29931328,2980096,18398912,16252864,16252864
2026-05-13T15:07:41+01:00,server,2117201,9,141365,844863744,1400,0,8711,0,32911424,29931712,2979712,18399296,16252864,16252864
2026-05-13T15:07:42+01:00,server,2119630,9,141376,844866206,1400,0,8711,0,32911424,29933120,2978304,18400704,16252864,16252864
2026-05-13T15:07:43+01:00,server,2122082,9,141387,844868673,1400,0,8713,0,32911424,29933504,2977920,18401088,16252864,16252864
2026-05-13T15:07:44+01:00,server,2124533,9,141398,844871135,1400,0,8714,0,32911424,29929856,2981568,18397440,16252864,16252864
2026-05-13T15:07:45+01:00,server,2127006,9,141413,844873596,1400,0,8714,0,32911424,29930112,2981312,18397696,16252864,16252864
2026-05-13T15:07:46+01:00,server,2129357,9,141423,844876145,1400,0,8714,0,32911424,29923776,2987648,18391360,16252864,16252864
2026-05-13T15:07:47+01:00,server,2131813,9,141433,844878605,1400,0,8714,0,32911424,29925312,2986112,18392896,16252864,16252864
2026-05-13T15:07:48+01:00,server,2134288,9,141435,844881070,1400,0,8715,0,32911424,29921280,2990144,18388864,16252864,16252864
2026-05-13T15:07:49+01:00,server,2136694,9,141444,844883535,1400,0,8715,0,32911424,29916672,2994752,18384256,16252864,16252864
2026-05-13T15:07:50+01:00,server,2139171,9,141453,844885993,1400,0,8715,0,32911424,29917888,2993536,18385472,16252864,16252864
2026-05-13T15:07:51+01:00,server,2141621,9,141462,844888448,1400,0,8717,0,32911424,29918848,2992576,18386432,16252864,16252864
2026-05-13T15:07:52+01:00,server,2144086,9,141472,844890908,1400,0,8718,0,32911424,29919552,2991872,18387136,16252864,16252864
2026-05-13T15:07:53+01:00,server,2146538,9,141483,844893374,1400,0,8718,0,32911424,29918784,2992640,18386368,16252864,16252864
2026-05-13T15:07:54+01:00,server,2148997,9,141501,844895807,1400,0,8719,0,32911424,29919168,2992256,18386752,16252864,16252864
2026-05-13T15:07:55+01:00,server,2151470,9,141510,844898263,1400,0,8721,0,32911424,29920384,2991040,18387968,16252864,16252864
2026-05-13T15:07:56+01:00,server,2153924,9,141519,844900712,1400,0,8721,0,32911424,29920576,2990848,18388160,16252864,16252864
2026-05-13T15:07:57+01:00,server,2156378,9,141527,844903173,1400,0,8721,0,32911424,29920576,2990848,18388160,16252864,16252864
2026-05-13T15:07:58+01:00,server,2158852,9,141540,844905630,1400,0,8721,0,32911424,29920960,2990464,18388544,16252864,16252864
2026-05-13T15:07:59+01:00,server,2161302,9,141549,844908084,1400,0,8721,0,32911424,29919040,2992384,18386624,16252864,16252864
2026-05-13T15:08:00+01:00,server,2163772,9,141559,844910544,1400,0,8721,0,32911424,29921152,2990272,18388736,16252864,16252864
2026-05-13T15:08:01+01:00,server,2166220,9,141563,844913007,1400,0,8721,0,32911424,29919936,2991488,18387520,16252864,16252864
2026-05-13T15:08:02+01:00,server,2168649,9,141573,844915479,1400,0,8722,0,32911424,29918400,2993024,18385984,16252864,16252864
2026-05-13T15:08:03+01:00,server,2171099,9,141586,844917938,1400,0,8722,0,32911424,29916544,2994880,18384128,16252864,16252864
2026-05-13T15:08:04+01:00,server,2173529,9,141595,844920391,1400,0,8723,0,32911424,29916352,2995072,18383936,16252864,16252864
2026-05-13T15:08:05+01:00,server,2175994,9,141617,844922868,1400,0,8723,0,32911424,29911744,2999680,18379328,16252864,16252864
2026-05-13T15:08:06+01:00,server,2178444,9,141633,844925330,1400,0,8723,0,32911424,29912128,2999296,18379712,16252864,16252864
2026-05-13T15:08:07+01:00,server,2180893,9,141646,844927790,1400,0,8723,0,32911424,29913088,2998336,18380672,16252864,16252864
2026-05-13T15:08:08+01:00,server,2183364,9,141656,844930252,1400,0,8724,0,32911424,29911360,3000064,18378944,16252864,16252864
2026-05-13T15:08:10+01:00,server,2185846,9,141672,844932695,1400,0,8724,0,32911424,29907968,3003456,18375552,16252864,16252864
2026-05-13T15:08:11+01:00,server,2188297,9,141684,844935156,1400,0,8724,0,32911424,29910848,3000576,18378432,16252864,16252864
2026-05-13T15:08:12+01:00,server,2190774,9,141693,844937619,1400,0,8725,0,32911424,29910272,3001152,18377856,16252864,16252864
2026-05-13T15:08:13+01:00,server,2193247,9,141708,844940079,1400,0,8725,0,32911424,29910272,3001152,18377856,16252864,16252864
2026-05-13T15:08:14+01:00,server,2195695,9,141715,844942553,1400,0,8725,0,32911424,29911040,3000384,18378624,16252864,16252864
2026-05-13T15:08:15+01:00,server,2198166,9,141724,844945022,1400,0,8725,0,32911424,29910528,3000896,18378112,16252864,16252864
2026-05-13T15:08:16+01:00,server,2200639,9,141737,844947484,1400,0,8725,0,32911424,29912640,2998784,18380224,16252864,16252864
2026-05-13T15:08:17+01:00,server,2203111,9,141749,844949949,1400,0,8726,0,32911424,29909824,3001600,18377408,16252864,16252864
2026-05-13T15:08:18+01:00,server,2205537,9,141761,844952413,1400,0,8728,0,32911424,29910528,3000896,18378112,16252864,16252864
2026-05-13T15:08:19+01:00,server,2207961,9,141777,844954874,1400,0,8730,0,32911424,29910144,3001280,18377728,16252864,16252864
2026-05-13T15:08:20+01:00,server,2210414,9,141786,844957336,1400,0,8730,0,32911424,29911296,3000128,18378880,16252864,16252864
2026-05-13T15:08:21+01:00,server,2212863,9,141798,844959796,1400,0,8730,0,32911424,29911808,2999616,18379392,16252864,16252864
2026-05-13T15:08:22+01:00,server,2215334,9,141812,844962257,1400,0,8730,0,32911424,29911232,3000192,18378816,16252864,16252864
2026-05-13T15:08:23+01:00,server,2217797,9,141836,844964724,1400,0,8732,0,32911424,29910848,3000576,18378432,16252864,16252864
2026-05-13T15:08:24+01:00,server,2220262,9,141851,844967185,1400,0,8732,0,32911424,29908736,3002688,18376320,16252864,16252864
2026-05-13T15:08:25+01:00,server,2222699,9,141868,844969620,1400,0,8733,0,32911424,29907648,3003776,18375232,16252864,16252864
2026-05-13T15:08:26+01:00,server,2225147,9,141880,844972084,1400,0,8735,0,32911424,29903616,3007808,18371200,16252864,16252864
2026-05-13T15:08:27+01:00,server,2227528,9,141886,844974646,1400,0,8735,0,32911424,29891968,3019456,18359552,16252864,16252864
2026-05-13T15:08:28+01:00,server,2229977,9,141895,844977099,1400,0,8735,0,32911424,29887168,3024256,18354752,16252864,16252864
2026-05-13T15:08:29+01:00,server,2232431,9,141904,844979574,1400,0,8736,0,32911424,29886784,3024640,18354368,16252864,16252864
2026-05-13T15:08:30+01:00,server,2234904,9,141917,844982026,1400,0,8736,0,32911424,29886848,3024576,18354432,16252864,16252864
2026-05-13T15:08:31+01:00,server,2237354,9,141926,844984472,1400,0,8736,0,32911424,29889536,3021888,18357120,16252864,16252864
2026-05-13T15:08:32+01:00,server,2239799,9,141941,844986942,1400,0,8736,0,32911424,29891264,3020160,18358848,16252864,16252864
2026-05-13T15:08:33+01:00,server,2242248,9,141952,844989388,1400,0,8736,0,32911424,29891520,3019904,18359104,16252864,16252864
2026-05-13T15:08:34+01:00,server,2244721,9,141965,844991840,1400,0,8736,0,32911424,29889984,3021440,18357568,16252864,16252864
2026-05-13T15:08:35+01:00,server,2247153,9,141975,844994310,1400,0,8737,0,32911424,29890368,3021056,18357952,16252864,16252864
2026-05-13T15:08:36+01:00,server,2249627,9,141987,844996755,1400,0,8737,0,32911424,29891392,3020032,18358976,16252864,16252864
2026-05-13T15:08:37+01:00,server,2252063,9,141998,844999205,1400,0,8737,0,32911424,29891200,3020224,18358784,16252864,16252864
2026-05-13T15:08:38+01:00,server,2254539,9,142006,845001651,1400,0,8737,0,32911424,29892608,3018816,18360192,16252864,16252864
2026-05-13T15:08:39+01:00,server,2256996,9,142017,845004095,1400,0,8738,0,32911424,29890816,3020608,18358400,16252864,16252864
2026-05-13T15:08:40+01:00,server,2259468,9,142019,845006557,1400,0,8739,0,32911424,29889472,3021952,18357056,16252864,16252864
2026-05-13T15:08:41+01:00,server,2261942,9,142027,845009008,1400,0,8739,0,32911424,29888896,3022528,18356480,16252864,16252864
2026-05-13T15:08:42+01:00,server,2264358,9,142037,845011478,1400,0,8739,0,32911424,29888896,3022528,18356480,16252864,16252864
2026-05-13T15:08:43+01:00,server,2266832,9,142049,845013924,1400,0,8740,0,32911424,29890816,3020608,18358400,16252864,16252864
2026-05-13T15:08:44+01:00,server,2269283,9,142058,845016377,1400,0,8740,0,32911424,29889728,3021696,18357312,16252864,16252864
2026-05-13T15:08:45+01:00,server,2271737,9,142066,845018849,1400,0,8740,0,32911424,29890880,3020544,18358464,16252864,16252864
2026-05-13T15:08:46+01:00,server,2274214,9,142075,845021299,1400,0,8740,0,32911424,29892416,3019008,18360000,16252864,16252864
2026-05-13T15:08:47+01:00,server,2276645,9,142084,845023756,1400,0,8740,0,32911424,29892160,3019264,18359744,16252864,16252864
2026-05-13T15:08:49+01:00,server,2279120,9,142094,845026206,1400,0,8740,0,32911424,29890240,3021184,18357824,16252864,16252864
2026-05-13T15:08:50+01:00,server,2281568,9,142104,845028677,1400,0,8740,0,32911424,29889472,3021952,18357056,16252864,16252864
2026-05-13T15:08:51+01:00,server,2284016,9,142115,845031128,1400,0,8741,0,32911424,29888320,3023104,18355904,16252864,16252864
2026-05-13T15:08:52+01:00,server,2286491,9,142124,845033575,1400,0,8741,0,32911424,29890624,3020800,18358208,16252864,16252864
2026-05-13T15:08:53+01:00,server,2288924,9,142133,845036047,1400,0,8741,0,32911424,29889792,3021632,18357376,16252864,16252864
2026-05-13T15:08:54+01:00,server,2291398,9,142137,845038503,1400,0,8741,0,32911424,29888448,3022976,18356032,16252864,16252864
2026-05-13T15:08:55+01:00,server,2293887,9,142146,845040932,1400,0,8741,0,32911424,29886720,3024704,18354304,16252864,16252864
2026-05-13T15:08:56+01:00,server,2296307,9,142153,845043405,1400,0,8742,0,32911424,29889408,3022016,18356992,16252864,16252864
2026-05-13T15:08:57+01:00,server,2298784,9,142159,845045855,1400,0,8743,0,32911424,29889600,3021824,18357184,16252864,16252864
2026-05-13T15:08:58+01:00,server,2301258,9,142172,845048306,1400,0,8743,0,32911424,29889024,3022400,18356608,16252864,16252864
2026-05-13T15:08:59+01:00,server,2303709,9,142182,845050753,1400,0,8743,0,32911424,29887360,3024064,18354944,16252864,16252864
2026-05-13T15:09:00+01:00,server,2306169,9,142194,845053221,1400,0,8744,0,32911424,29886976,3024448,18354560,16252864,16252864
2026-05-13T15:09:01+01:00,server,2308604,9,142203,845055673,1400,0,8744,0,32911424,29887808,3023616,18355392,16252864,16252864
2026-05-13T15:09:02+01:00,server,2311078,9,142214,845058120,1400,0,8744,0,32911424,29887360,3024064,18354944,16252864,16252864
2026-05-13T15:09:03+01:00,server,2313512,9,142225,845060592,1400,0,8744,0,32911424,29888896,3022528,18356480,16252864,16252864
2026-05-13T15:09:04+01:00,server,2315965,9,142238,845063043,1400,0,8744,0,32911424,29887552,3023872,18355136,16252864,16252864
2026-05-13T15:09:05+01:00,server,2318414,9,142250,845065490,1400,0,8744,0,32911424,29885824,3025600,18353408,16252864,16252864
2026-05-13T15:09:06+01:00,server,2320848,9,142262,845067973,1400,0,8744,0,32911424,29885056,3026368,18352640,16252864,16252864
2026-05-13T15:09:07+01:00,server,2323295,9,142270,845070450,1400,0,8745,0,32911424,29885248,3026176,18352832,16252864,16252864
2026-05-13T15:09:08+01:00,server,2325720,9,142280,845072913,1400,0,8745,0,32911424,29887744,3023680,18355328,16252864,16252864
2026-05-13T15:09:09+01:00,server,2328171,9,142295,845075372,1400,0,8745,0,32911424,29887488,3023936,18355072,16252864,16252864
2026-05-13T15:09:10+01:00,server,2330652,9,142307,845077816,1400,0,8746,0,32911424,29888064,3023360,18355648,16252864,16252864
2026-05-13T15:09:11+01:00,server,2333126,9,142319,845080283,1400,0,8747,0,32911424,29887680,3023744,18355264,16252864,16252864
2026-05-13T15:09:12+01:00,server,2335575,9,142331,845082744,1400,0,8749,0,32911424,29885760,3025664,18353344,16252864,16252864
2026-05-13T15:09:13+01:00,server,2338027,9,142341,845085205,1400,0,8749,0,32911424,29885376,3026048,18352960,16252864,16252864
2026-05-13T15:09:14+01:00,server,2340502,9,142353,845087665,1400,0,8749,0,32911424,29885952,3025472,18353536,16252864,16252864
2026-05-13T15:09:15+01:00,server,2342932,9,142365,845090127,1400,0,8749,0,32911424,29886912,3024512,18354432,16252864,16252864
2026-05-13T15:09:16+01:00,server,2345357,9,142377,845092592,1400,0,8750,0,32911424,29887104,3024320,18354624,16252864,16252864
2026-05-13T15:09:17+01:00,server,2347811,9,142386,845095056,1400,0,8750,0,32911424,29887360,3024064,18354880,16252864,16252864
2026-05-13T15:09:18+01:00,server,2350285,9,142396,845097516,1400,0,8750,0,32911424,29885440,3025984,18352960,16252864,16252864
2026-05-13T15:09:19+01:00,server,2352737,9,142406,845099991,1400,0,8750,0,32911424,29885312,3026112,18352832,16252864,16252864
2026-05-13T15:09:20+01:00,server,2355185,9,142413,845102462,1400,0,8751,0,32911424,29885120,3026304,18352640,16252864,16252864
2026-05-13T15:09:21+01:00,server,2357635,9,142423,845104925,1400,0,8751,0,32911424,29882432,3028992,18349952,16252864,16252864
2026-05-13T15:09:22+01:00,server,2360086,9,142435,845107386,1400,0,8752,0,32911424,29882496,3028928,18350016,16252864,16252864
2026-05-13T15:09:23+01:00,server,2362530,9,142455,845109846,1400,0,8753,0,32911424,29883840,3027584,18351360,16252864,16252864
2026-05-13T15:09:24+01:00,server,2365009,9,142464,845112283,1400,0,8753,0,32911424,29884480,3026944,18352000,16252864,16252864
2026-05-13T15:09:25+01:00,server,2367461,9,142475,845114744,1400,0,8753,0,32911424,29883840,3027584,18351360,16252864,16252864
2026-05-13T15:09:27+01:00,server,2369934,9,142488,845117208,1400,0,8754,0,32911424,29883072,3028352,18350592,16252864,16252864
2026-05-13T15:09:28+01:00,server,2372409,9,142501,845119677,1400,0,8754,0,32911424,29884224,3027200,18351744,16252864,16252864
2026-05-13T15:09:29+01:00,server,2374789,9,142514,845122240,1400,0,8754,0,32911424,29865728,3045696,18333248,16252864,16252864
2026-05-13T15:09:30+01:00,server,2377238,9,142523,845124701,1400,0,8754,0,32911424,29869184,3042240,18336704,16252864,16252864
2026-05-13T15:09:31+01:00,server,2379712,9,142532,845127154,1400,0,8757,0,32911424,29864960,3046464,18332480,16252864,16252864
2026-05-13T15:09:32+01:00,server,2382185,9,142543,845129601,1400,0,8758,0,32911424,29868032,3043392,18335552,16252864,16252864
2026-05-13T15:09:33+01:00,server,2384617,9,142551,845132067,1400,0,8758,0,32911424,29867072,3044352,18334592,16252864,16252864
2026-05-13T15:09:34+01:00,server,2387086,9,142556,845134526,1400,0,8758,0,32911424,29868800,3042624,18336320,16252864,16252864
2026-05-13T15:09:35+01:00,server,2389526,9,142565,845136991,1400,0,8758,0,32911424,29868224,3043200,18335744,16252864,16252864
2026-05-13T15:09:36+01:00,server,2392002,9,142577,845139438,1400,0,8758,0,32911424,29868416,3043008,18335936,16252864,16252864
2026-05-13T15:09:37+01:00,server,2394477,9,142587,845141888,1400,0,8758,0,32911424,29867456,3043968,18334976,16252864,16252864
2026-05-13T15:09:38+01:00,server,2396905,9,142596,845144350,1400,0,8758,0,32911424,29868992,3042432,18336512,16252864,16252864
2026-05-13T15:09:39+01:00,server,2399379,9,142608,845146800,1400,0,8758,0,32911424,29865728,3045696,18333248,16252864,16252864
2026-05-13T15:09:40+01:00,server,2401834,9,142619,845149223,1400,0,8758,0,32911424,29869888,3041536,18337408,16252864,16252864
2026-05-13T15:09:41+01:00,server,2404292,9,142628,845151684,1400,0,8760,0,32911424,29869568,3041856,18337024,16252864,16252864
2026-05-13T15:09:42+01:00,server,2406739,9,142638,845154133,1401,0,8762,0,32911424,29868224,3043200,18335680,16252864,16252864
2026-05-13T15:09:43+01:00,server,2409216,9,142648,845156579,1401,0,8762,0,32911424,29868032,3043392,18335488,16252864,16252864
2026-05-13T15:09:44+01:00,server,2411661,9,142656,845159043,1401,0,8762,0,32911424,29869184,3042240,18336640,16252864,16252864
2026-05-13T15:09:45+01:00,server,2414135,9,142667,845161493,1401,0,8762,0,32911424,29870784,3040640,18338240,16252864,16252864
2026-05-13T15:09:46+01:00,server,2416564,9,142672,845163959,1401,0,8762,0,32911424,29869248,3042176,18336704,16252864,16252864
2026-05-13T15:09:47+01:00,server,2419039,9,142676,845166412,1401,0,8762,0,32911424,29869632,3041792,18337088,16252864,16252864
2026-05-13T15:09:48+01:00,server,2421515,9,142687,845168863,1401,0,8762,0,32911424,29865024,3046400,18332480,16252864,16252864
2026-05-13T15:09:49+01:00,server,2423947,9,142697,845171326,1401,0,8762,0,32911424,29867136,3044288,18334592,16252864,16252864
2026-05-13T15:09:50+01:00,server,2426423,9,142705,845173775,1401,0,8762,0,32911424,29865600,3045824,18333056,16252864,16252864
2026-05-13T15:09:51+01:00,server,2428874,9,142717,845176222,1401,0,8762,0,32911424,29867328,3044096,18334784,16252864,16252864
2026-05-13T15:09:52+01:00,server,2431339,9,142726,845178686,1401,0,8763,0,32911424,29866432,3044992,18333888,16252864,16252864
2026-05-13T15:09:53+01:00,server,2433789,9,142737,845181135,1401,0,8763,0,32911424,29866048,3045376,18333504,16252864,16252864
2026-05-13T15:09:54+01:00,server,2436277,9,142757,845183570,1401,0,8763,0,32911424,29865664,3045760,18333120,16252864,16252864
2026-05-13T15:09:55+01:00,server,2438754,9,142766,845186016,1401,0,8763,0,32911424,29868352,3043072,18335808,16252864,16252864
2026-05-13T15:09:56+01:00,server,2441212,9,142777,845188461,1401,0,8763,0,32911424,29868160,3043264,18335616,16252864,16252864
2026-05-13T15:09:57+01:00,server,2443666,9,142787,845190924,1401,0,8764,0,32911424,29866048,3045376,18333504,16252864,16252864
2026-05-13T15:09:58+01:00,server,2446118,9,142796,845193373,1401,0,8764,0,32911424,29868288,3043136,18335744,16252864,16252864
2026-05-13T15:09:59+01:00,server,2448591,9,142803,845195824,1401,0,8764,0,32911424,29868928,3042496,18336384,16252864,16252864
2026-05-13T15:10:00+01:00,server,2450997,9,142810,845198313,1401,0,8764,0,32911424,29867200,3044224,18334656,16252864,16252864
2026-05-13T15:10:01+01:00,server,2453475,9,142827,845200769,1401,0,8764,0,32911424,29854272,3057152,18321536,16252864,16252864
2026-05-13T15:10:02+01:00,server,2455947,9,142841,845203234,1401,0,8764,0,32911424,29857920,3053504,18325184,16252864,16252864
2026-05-13T15:10:03+01:00,server,2458399,9,142852,845205702,1401,0,8764,0,32911424,29859072,3052352,18326336,16252864,16252864
2026-05-13T15:10:04+01:00,server,2460825,9,142868,845208163,1401,0,8764,0,32911424,29860032,3051392,18327296,16252864,16252864
2026-05-13T15:10:06+01:00,server,2463302,9,142877,845210622,1401,0,8764,0,32911424,29861952,3049472,18329216,16252864,16252864
2026-05-13T15:10:07+01:00,server,2465775,9,142888,845213085,1401,0,8764,0,32911424,29861184,3050240,18328448,16252864,16252864
2026-05-13T15:10:08+01:00,server,2468225,9,142899,845215547,1401,0,8764,0,32911424,29856960,3054464,18324224,16252864,16252864
2026-05-13T15:10:09+01:00,server,2470677,9,142907,845218013,1401,0,8766,0,32911424,29852544,3058880,18319808,16252864,16252864
2026-05-13T15:10:10+01:00,server,2473168,9,142923,845220456,1401,0,8766,0,32911424,29855680,3055744,18322880,16252864,16252864
2026-05-13T15:10:11+01:00,server,2475616,9,142937,845222919,1401,0,8767,0,32911424,29856768,3054656,18323904,16252864,16252864
2026-05-13T15:10:12+01:00,server,2478089,9,142950,845225382,1401,0,8767,0,32911424,29856512,3054912,18323648,16252864,16252864
2026-05-13T15:10:13+01:00,server,2480538,9,142955,845227853,1401,0,8767,0,32911424,29853248,3058176,18320384,16252864,16252864
2026-05-13T15:10:14+01:00,server,2483012,9,142966,845230316,1401,0,8767,0,32911424,29855552,3055872,18322688,16252864,16252864
2026-05-13T15:10:15+01:00,server,2485475,9,142979,845232777,1401,0,8767,0,32911424,29856128,3055296,18323264,16252864,16252864
2026-05-13T15:10:16+01:00,server,2487923,9,142995,845235245,1401,0,8767,0,32911424,29856320,3055104,18323456,16252864,16252864
2026-05-13T15:10:17+01:00,server,2490371,9,143006,845237706,1401,0,8767,0,32911424,29857856,3053568,18324992,16252864,16252864
2026-05-13T15:10:18+01:00,server,2492822,9,143017,845240169,1401,0,8767,0,32911424,29856320,3055104,18323456,16252864,16252864
2026-05-13T15:10:19+01:00,server,2495249,9,143031,845242629,1401,0,8767,0,32911424,29857728,3053696,18324864,16252864,16252864
2026-05-13T15:10:20+01:00,server,2497674,9,143045,845245091,1401,0,8767,0,32911424,29856640,3054784,18323776,16252864,16252864
2026-05-13T15:10:21+01:00,server,2500123,9,143058,845247553,1401,0,8768,0,32911424,29857216,3054208,18324352,16252864,16252864
2026-05-13T15:10:22+01:00,server,2502506,9,143069,845250107,1401,0,8768,0,32911424,29838720,3072704,18305856,16252864,16252864
2026-05-13T15:10:23+01:00,server,2504941,9,143077,845252573,1401,0,8768,0,32911424,29842752,3068672,18309888,16252864,16252864
2026-05-13T15:10:24+01:00,server,2507414,9,143086,845255021,1401,0,8768,0,32911424,29841984,3069440,18309120,16252864,16252864
2026-05-13T15:10:25+01:00,server,2509867,9,143099,845257454,1401,0,8768,0,32911424,29845056,3066368,18312192,16252864,16252864
2026-05-13T15:10:26+01:00,server,2512316,9,143103,845259932,1401,0,8768,0,32911424,29844864,3066560,18312000,16252864,16252864
2026-05-13T15:10:27+01:00,server,2514794,9,143111,845262389,1401,0,8768,0,32911424,29844608,3066816,18311744,16252864,16252864
2026-05-13T15:10:28+01:00,server,2517214,9,143119,845264860,1401,0,8770,0,32911424,29844992,3066432,18312128,16252864,16252864
2026-05-13T15:10:29+01:00,server,2519683,9,143131,845267314,1401,0,8771,0,32911424,29844544,3066880,18311680,16252864,16252864
2026-05-13T15:10:30+01:00,server,2522132,9,143143,845269761,1401,0,8771,0,32911424,29844544,3066880,18311680,16252864,16252864
2026-05-13T15:10:31+01:00,server,2524571,9,143156,845272230,1401,0,8772,0,32911424,29846080,3065344,18313216,16252864,16252864
2026-05-13T15:10:32+01:00,server,2527035,9,143164,845274688,1401,0,8772,0,32911424,29838592,3072832,18305728,16252864,16252864
2026-05-13T15:10:33+01:00,server,2529475,9,143172,845277156,1401,0,8773,0,32911424,29844928,3066496,18312064,16252864,16252864
2026-05-13T15:10:34+01:00,server,2531927,9,143183,845279610,1401,0,8773,0,32911424,29842048,3069376,18309184,16252864,16252864
2026-05-13T15:10:35+01:00,server,2534377,9,143195,845282058,1401,0,8773,0,32911424,29843392,3068032,18310528,16252864,16252864
2026-05-13T15:10:36+01:00,server,2536836,9,143204,845284526,1401,0,8773,0,32911424,29838144,3073280,18305280,16252864,16252864
2026-05-13T15:10:37+01:00,server,2539288,9,143212,845286980,1401,0,8773,0,32911424,29843392,3068032,18310464,16252864,16252864
2026-05-13T15:10:38+01:00,server,2541729,9,143221,845289450,1401,0,8773,0,32911424,29841664,3069760,18308736,16252864,16252864
2026-05-13T15:10:39+01:00,server,2544244,9,143233,845291887,1401,0,8773,0,32911424,29843968,3067456,18311040,16252864,16252864
2026-05-13T15:10:40+01:00,server,2546693,9,143243,845294335,1401,0,8773,0,32911424,29841664,3069760,18308736,16252864,16252864
2026-05-13T15:10:41+01:00,server,2549139,9,143254,845296801,1401,0,8773,0,32911424,29842048,3069376,18309120,16252864,16252864
2026-05-13T15:10:42+01:00,server,2551589,9,143262,845299258,1401,0,8774,0,32911424,29842688,3068736,18309760,16252864,16252864
2026-05-13T15:10:43+01:00,server,2554031,9,143274,845301730,1401,0,8774,0,32911424,29842688,3068736,18309760,16252864,16252864
2026-05-13T15:10:45+01:00,server,2556492,9,143285,845304186,1401,0,8774,0,32911424,29843072,3068352,18310144,16252864,16252864
2026-05-13T15:10:46+01:00,server,2558930,9,143295,845306654,1401,0,8775,0,32911424,29843840,3067584,18310912,16252864,16252864
2026-05-13T15:10:47+01:00,server,2561402,9,143307,845309102,1401,0,8777,0,32911424,29844160,3067264,18311232,16252864,16252864
2026-05-13T15:10:48+01:00,server,2563830,9,143317,845311556,1401,0,8777,0,32911424,29843968,3067456,18311040,16252864,16252864
2026-05-13T15:10:49+01:00,server,2566288,9,143330,845314025,1401,0,8777,0,32911424,29842816,3068608,18309888,16252864,16252864
2026-05-13T15:10:50+01:00,server,2568736,9,143340,845316480,1401,0,8779,0,32911424,29843584,3067840,18310656,16252864,16252864
2026-05-13T15:10:51+01:00,server,2571185,9,143352,845318957,1401,0,8779,0,32911424,29843584,3067840,18310656,16252864,16252864
2026-05-13T15:10:52+01:00,server,2573655,9,143366,845321426,1401,0,8779,0,32911424,29843008,3068416,18310080,16252864,16252864
2026-05-13T15:10:53+01:00,server,2576078,9,143372,845323896,1401,0,8780,0,32911424,29844928,3066496,18312000,16252864,16252864
2026-05-13T15:10:54+01:00,server,2578526,9,143387,845326359,1401,0,8781,0,32911424,29843008,3068416,18310080,16252864,16252864
2026-05-13T15:10:55+01:00,server,2581000,9,143428,845328802,1401,0,8781,0,32911424,29846016,3065408,18313088,16252864,16252864
2026-05-13T15:10:56+01:00,server,2583476,9,143437,845331265,1401,0,8781,0,32911424,29842368,3069056,18309440,16252864,16252864
2026-05-13T15:10:57+01:00,server,2585928,9,143450,845333727,1401,0,8781,0,32911424,29843328,3068096,18310400,16252864,16252864
2026-05-13T15:10:58+01:00,server,2588358,9,143459,845336189,1401,0,8781,0,32911424,29842944,3068480,18310016,16252864,16252864
2026-05-13T15:10:59+01:00,server,2590808,9,143470,845338659,1401,0,8783,0,32911424,29843264,3068160,18310400,16252864,16252864
2026-05-13T15:11:00+01:00,server,2593248,9,143491,845341122,1401,0,8784,0,32911424,29844224,3067200,18311360,16252864,16252864
2026-05-13T15:11:01+01:00,server,2595720,9,143500,845343587,1401,0,8786,0,32911424,29843840,3067584,18310976,16252864,16252864
2026-05-13T15:11:02+01:00,server,2598168,9,143517,845346051,1401,0,8786,0,32911424,29843456,3067968,18310592,16252864,16252864
2026-05-13T15:11:03+01:00,server,2600617,9,143528,845348511,1401,0,8786,0,32911424,29843648,3067776,18310784,16252864,16252864
2026-05-13T15:11:04+01:00,server,2603089,9,143540,845350972,1401,0,8787,0,32911424,29844800,3066624,18311936,16252864,16252864
2026-05-13T15:11:05+01:00,server,2605542,9,143548,845353449,1401,0,8787,0,32911424,29844032,3067392,18311168,16252864,16252864
2026-05-13T15:11:06+01:00,server,2607992,9,143555,845355917,1401,0,8787,0,32911424,29843328,3068096,18310464,16252864,16252864
2026-05-13T15:11:07+01:00,server,2610394,9,143569,845358378,1401,0,8787,0,32911424,29842368,3069056,18309504,16252864,16252864
2026-05-13T15:11:08+01:00,server,2612867,9,143586,845360838,1401,0,8787,0,32911424,29842816,3068608,18309952,16252864,16252864
2026-05-13T15:11:09+01:00,server,2615345,9,143606,845363276,1401,0,8788,0,32911424,29841856,3069568,18308992,16252864,16252864
2026-05-13T15:11:10+01:00,server,2617797,9,143615,845365736,1401,0,8788,0,32911424,29842048,3069376,18309184,16252864,16252864
2026-05-13T15:11:11+01:00,server,2620222,9,143627,845368205,1401,0,8789,0,32911424,29842048,3069376,18309184,16252864,16252864
2026-05-13T15:11:12+01:00,server,2622639,9,143643,845370715,1401,0,8789,0,32911424,29841856,3069568,18308992,16252864,16252864
2026-05-13T15:11:13+01:00,server,2625066,9,143655,845373218,1401,0,8789,0,32911424,29826560,3084864,18293696,16252864,16252864
2026-05-13T15:11:14+01:00,server,2627515,9,143663,845375678,1401,0,8789,0,32911424,29821760,3089664,18288768,16252864,16252864
2026-05-13T15:11:15+01:00,server,2629971,9,143670,845378129,1401,0,8789,0,32911424,29825856,3085568,18292800,16252864,16252864
2026-05-13T15:11:16+01:00,server,2632399,9,143678,845380589,1401,0,8789,0,32911424,29825280,3086144,18292224,16252864,16252864
2026-05-13T15:11:17+01:00,server,2634865,9,143688,845383040,1401,0,8789,0,32911424,29828544,3082880,18295488,16252864,16252864
2026-05-13T15:11:18+01:00,server,2637289,9,143693,845385495,1401,0,8790,0,32911424,29829056,3082368,18296000,16252864,16252864
2026-05-13T15:11:19+01:00,server,2639745,9,143703,845387960,1401,0,8791,0,32911424,29830528,3080896,18297472,16252864,16252864
2026-05-13T15:11:20+01:00,server,2642195,9,143710,845390411,1401,0,8792,0,32911424,29830784,3080640,18297664,16252864,16252864
2026-05-13T15:11:21+01:00,server,2644656,9,143720,845392872,1401,0,8793,0,32911424,29831936,3079488,18298816,16252864,16252864
2026-05-13T15:11:22+01:00,server,2647106,9,143729,845395321,1401,0,8793,0,32911424,29830784,3080640,18297664,16252864,16252864
2026-05-13T15:11:24+01:00,server,2649572,9,143739,845397783,1401,0,8794,0,32911424,29830336,3081088,18297216,16252864,16252864
2026-05-13T15:11:25+01:00,server,2652030,9,143760,845400206,1401,0,8794,0,32911424,29833408,3078016,18300288,16252864,16252864
2026-05-13T15:11:26+01:00,server,2654504,9,143770,845402656,1401,0,8795,0,32911424,29833792,3077632,18300672,16252864,16252864
2026-05-13T15:11:27+01:00,server,2656971,9,143781,845405116,1401,0,8795,0,32911424,29831872,3079552,18298752,16252864,16252864
2026-05-13T15:11:28+01:00,server,2659422,9,143789,845407569,1401,0,8796,0,32911424,29831680,3079744,18298560,16252864,16252864
2026-05-13T15:11:29+01:00,server,2661889,9,143801,845410029,1401,0,8796,0,32911424,29831488,3079936,18298368,16252864,16252864
2026-05-13T15:11:30+01:00,server,2664339,9,143813,845412481,1401,0,8796,0,32911424,29830528,3080896,18297280,16252864,16252864
2026-05-13T15:11:31+01:00,server,2666806,9,143825,845414943,1401,0,8796,0,32911424,29831936,3079488,18298688,16252864,16252864
2026-05-13T15:11:32+01:00,server,2669253,9,143829,845417400,1401,0,8797,0,32911424,29832128,3079296,18298880,16252864,16252864
2026-05-13T15:11:33+01:00,server,2671727,9,143839,845419856,1401,0,8798,0,32911424,29831744,3079680,18298496,16252864,16252864
2026-05-13T15:11:34+01:00,server,2674198,9,143851,845422316,1401,0,8798,0,32911424,29832128,3079296,18298880,16252864,16252864
2026-05-13T15:11:35+01:00,server,2676649,9,143860,845424767,1401,0,8798,0,32911424,29832128,3079296,18298880,16252864,16252864
2026-05-13T15:11:36+01:00,server,2679121,9,143873,845427227,1401,0,8798,0,32911424,29830208,3081216,18296960,16252864,16252864
2026-05-13T15:11:37+01:00,server,2681547,9,143884,845429681,1401,0,8798,0,32911424,29832384,3079040,18299136,16252864,16252864
2026-05-13T15:11:38+01:00,server,2684020,9,143894,845432127,1401,0,8799,0,32911424,29831424,3080000,18298176,16252864,16252864
2026-05-13T15:11:39+01:00,server,2686444,9,143905,845434588,1401,0,8800,0,32911424,29831872,3079552,18298624,16252864,16252864
2026-05-13T15:11:40+01:00,server,2688929,9,143926,845437010,1401,0,8800,0,32911424,29833664,3077760,18300416,16252864,16252864
2026-05-13T15:11:41+01:00,server,2691376,9,143939,845439482,1401,0,8800,0,32911424,29834624,3076800,18301376,16252864,16252864
2026-05-13T15:11:42+01:00,server,2693802,9,143953,845441952,1401,0,8801,0,32911424,29833280,3078144,18300032,16252864,16252864
2026-05-13T15:11:43+01:00,server,2696276,9,143968,845444416,1401,0,8801,0,32911424,29832896,3078528,18299648,16252864,16252864
2026-05-13T15:11:44+01:00,server,2698727,9,143979,845446880,1401,0,8801,0,32911424,29833088,3078336,18299840,16252864,16252864
2026-05-13T15:11:45+01:00,server,2701153,9,143980,845449351,1401,0,8802,0,32911424,29833088,3078336,18299840,16252864,16252864
2026-05-13T15:11:46+01:00,server,2703561,9,143993,845451813,1401,0,8802,0,32911424,29831552,3079872,18298304,16252864,16252864
2026-05-13T15:11:47+01:00,server,2706012,9,144004,845454283,1401,0,8803,0,32911424,29830016,3081408,18296768,16252864,16252864
2026-05-13T15:11:48+01:00,server,2708488,9,144016,845456747,1401,0,8803,0,32911424,29829824,3081600,18296576,16252864,16252864
2026-05-13T15:11:49+01:00,server,2710917,9,144024,845459208,1401,0,8803,0,32911424,29830592,3080832,18297344,16252864,16252864
2026-05-13T15:11:50+01:00,server,2713393,9,144035,845461669,1401,0,8803,0,32911424,29830208,3081216,18296960,16252864,16252864
2026-05-13T15:11:51+01:00,server,2715846,9,144044,845464129,1401,0,8804,0,32911424,29830784,3080640,18297536,16252864,16252864
2026-05-13T15:11:52+01:00,server,2718272,9,144055,845466593,1401,0,8805,0,32911424,29831360,3080064,18298112,16252864,16252864
2026-05-13T15:11:53+01:00,server,2720745,9,144067,845469059,1401,0,8805,0,32911424,29832832,3078592,18299584,16252864,16252864
2026-05-13T15:11:54+01:00,server,2723223,9,144087,845471497,1401,0,8807,0,32911424,29829184,3082240,18295936,16252864,16252864
2026-05-13T15:11:55+01:00,server,2725674,9,144104,845473959,1401,0,8807,0,32911424,29832448,3078976,18299200,16252864,16252864
2026-05-13T15:11:56+01:00,server,2728127,9,144117,845476413,1401,0,8807,0,32911424,29832448,3078976,18299200,16252864,16252864
2026-05-13T15:11:57+01:00,server,2730598,9,144126,845478882,1401,0,8807,0,32911424,29833408,3078016,18300160,16252864,16252864
2026-05-13T15:11:58+01:00,server,2733024,9,144134,845481359,1401,0,8808,0,32911424,29834944,3076480,18301696,16252864,16252864
2026-05-13T15:11:59+01:00,server,2735478,9,144167,845483822,1401,0,8809,0,32911424,29835520,3075904,18302080,16252864,16252864
2026-05-13T15:12:00+01:00,server,2737907,9,144178,845486282,1401,0,8809,0,32911424,29836864,3074560,18303424,16252864,16252864
2026-05-13T15:12:02+01:00,server,2740358,9,144189,845488743,1401,0,8809,0,32911424,29836864,3074560,18303424,16252864,16252864
2026-05-13T15:12:03+01:00,server,2742738,9,144203,845491281,1401,0,8809,0,32911424,29830912,3080512,18297472,16252864,16252864
2026-05-13T15:12:04+01:00,server,2745212,9,144215,845493738,1401,0,8809,0,32911424,29824576,3086848,18291136,16252864,16252864
2026-05-13T15:12:05+01:00,server,2747652,9,144229,845496207,1401,0,8809,0,32911424,29828032,3083392,18294592,16252864,16252864
2026-05-13T15:12:06+01:00,server,2750127,9,144242,845498670,1402,0,8809,0,32911424,29828032,3083392,18294592,16252864,16252864
2026-05-13T15:12:07+01:00,server,2752584,9,144252,845501131,1402,0,8809,0,32911424,29826176,3085248,18292672,16252864,16252864
2026-05-13T15:12:08+01:00,server,2755020,9,144277,845503592,1402,0,8809,0,32911424,29823104,3088320,18289600,16252864,16252864
2026-05-13T15:12:09+01:00,server,2757495,9,144289,845506055,1402,0,8809,0,32911424,29820288,3091136,18286784,16252864,16252864
2026-05-13T15:12:10+01:00,server,2759997,9,144301,845508503,1402,0,8809,0,32911424,29821632,3089792,18288128,16252864,16252864
2026-05-13T15:12:11+01:00,server,2762398,9,144308,845511039,1402,0,8809,0,32911424,29823936,3087488,18290432,16252864,16252864
2026-05-13T15:12:12+01:00,server,2764863,9,144325,845513494,1402,0,8809,0,32911424,29820608,3090816,18287104,16252864,16252864
2026-05-13T15:12:13+01:00,server,2767313,9,144333,845515943,1402,0,8809,0,32911424,29821440,3089984,18287936,16252864,16252864
2026-05-13T15:12:14+01:00,server,2769782,9,144346,845518397,1402,0,8810,0,32911424,29819712,3091712,18286208,16252864,16252864
2026-05-13T15:12:15+01:00,server,2772211,9,144357,845520863,1402,0,8810,0,32911424,29819328,3092096,18285824,16252864,16252864
2026-05-13T15:12:16+01:00,server,2774638,9,144369,845523329,1402,0,8810,0,32911424,29820352,3091072,18286784,16252864,16252864
2026-05-13T15:12:17+01:00,server,2777111,9,144382,845525797,1402,0,8810,0,32911424,29820928,3090496,18287360,16252864,16252864
2026-05-13T15:12:18+01:00,server,2779585,9,144395,845528261,1402,0,8810,0,32911424,29819968,3091456,18286400,16252864,16252864
2026-05-13T15:12:19+01:00,server,2781943,9,144424,845530722,1402,0,8812,0,32911424,29820736,3090688,18287168,16252864,16252864
2026-05-13T15:12:20+01:00,server,2784390,9,144436,845533184,1402,0,8813,0,32911424,29821056,3090368,18287488,16252864,16252864
2026-05-13T15:12:21+01:00,server,2786820,9,144444,845535644,1402,0,8815,0,32911424,29820928,3090496,18287360,16252864,16252864
2026-05-13T15:12:22+01:00,server,2789294,9,144457,845538106,1402,0,8815,0,32911424,29822464,3088960,18288896,16252864,16252864
2026-05-13T15:12:23+01:00,server,2791766,9,144469,845540579,1402,0,8815,0,32911424,29823104,3088320,18289536,16252864,16252864
2026-05-13T15:12:24+01:00,server,2794221,9,144477,845543027,1402,0,8815,0,32911424,29820672,3090752,18287104,16252864,16252864
2026-05-13T15:12:25+01:00,server,2796694,9,144490,845545492,1402,0,8815,0,32911424,29821056,3090368,18287488,16252864,16252864
2026-05-13T15:12:26+01:00,server,2799146,9,144501,845547955,1402,0,8815,0,32911424,29820672,3090752,18287104,16252864,16252864
2026-05-13T15:12:27+01:00,server,2801622,9,144510,845550421,1402,0,8815,0,32911424,29820096,3091328,18286528,16252864,16252864
2026-05-13T15:12:28+01:00,server,2804070,9,144527,845552891,1402,0,8816,0,32911424,29819776,3091648,18286208,16252864,16252864
2026-05-13T15:12:29+01:00,server,2806520,9,144543,845555357,1402,0,8816,0,32911424,29817472,3093952,18283904,16252864,16252864
2026-05-13T15:12:30+01:00,server,2808972,9,144556,845557818,1402,0,8816,0,32911424,29818880,3092544,18285312,16252864,16252864
2026-05-13T15:12:31+01:00,server,2811483,9,144610,845560200,1402,0,8816,0,32911424,29811392,3100032,18277824,16252864,16252864
2026-05-13T15:12:32+01:00,server,2814057,9,144625,845562559,1402,0,8816,0,32911424,29807552,3103872,18273984,16252864,16252864
2026-05-13T15:12:33+01:00,server,2816529,9,144640,845564994,1402,0,8817,0,32911424,29813056,3098368,18279424,16252864,16252864
2026-05-13T15:12:34+01:00,server,2819001,9,144651,845567458,1402,0,8817,0,32911424,29812864,3098560,18279232,16252864,16252864
2026-05-13T15:12:35+01:00,server,2821403,9,144666,845569998,1402,0,8817,0,32911424,29810944,3100480,18277312,16252864,16252864
2026-05-13T15:12:36+01:00,server,2823875,9,144670,845572458,1402,0,8817,0,32911424,29810752,3100672,18277120,16252864,16252864
2026-05-13T15:12:37+01:00,server,2826325,9,144677,845574915,1402,0,8818,0,32911424,29814912,3096512,18281280,16252864,16252864
2026-05-13T15:12:38+01:00,server,2828784,9,144687,845577373,1402,0,8818,0,32911424,29813824,3097600,18280192,16252864,16252864
2026-05-13T15:12:40+01:00,server,2831220,9,144702,845579817,1402,0,8818,0,32911424,29813056,3098368,18279424,16252864,16252864
2026-05-13T15:12:41+01:00,server,2833666,9,144716,845582281,1402,0,8819,0,32911424,29812608,3098816,18278976,16252864,16252864
2026-05-13T15:12:42+01:00,server,2836141,9,144728,845584744,1402,0,8819,0,32911424,29813568,3097856,18279936,16252864,16252864
2026-05-13T15:12:43+01:00,server,2838604,9,144751,845587210,1402,0,8819,0,32911424,29815296,3096128,18281664,16252864,16252864
2026-05-13T15:12:44+01:00,server,2841074,9,144765,845589672,1402,0,8821,0,32911424,29812224,3099200,18278592,16252864,16252864
2026-05-13T15:12:45+01:00,server,2843480,9,144776,845592134,1402,0,8821,0,32911424,29811072,3100352,18277440,16252864,16252864
2026-05-13T15:12:46+01:00,server,2845953,9,144789,845594596,1402,0,8821,0,32911424,29812224,3099200,18278592,16252864,16252864
2026-05-13T15:12:47+01:00,server,2848400,9,144807,845597058,1402,0,8821,0,32911424,29812032,3099392,18278400,16252864,16252864
2026-05-13T15:12:48+01:00,server,2850850,9,144819,845599520,1402,0,8822,0,32911424,29811456,3099968,18277824,16252864,16252864
2026-05-13T15:12:49+01:00,server,2853299,9,144830,845601989,1402,0,8823,0,32911424,29812416,3099008,18278784,16252864,16252864
2026-05-13T15:12:50+01:00,server,2855749,9,144833,845604460,1402,0,8823,0,32911424,29813184,3098240,18279552,16252864,16252864
2026-05-13T15:12:51+01:00,server,2858199,9,144851,845606928,1402,0,8824,0,32911424,29816256,3095168,18282624,16252864,16252864
2026-05-13T15:12:52+01:00,server,2860639,9,144870,845609392,1402,0,8825,0,32911424,29812480,3098944,18278848,16252864,16252864
2026-05-13T15:12:53+01:00,server,2863067,9,144881,845611853,1402,0,8825,0,32911424,29813888,3097536,18280192,16252864,16252864
2026-05-13T15:12:54+01:00,server,2865499,9,144891,845614317,1402,0,8826,0,32911424,29812608,3098816,18278912,16252864,16252864
2026-05-13T15:12:55+01:00,server,2867981,9,144908,845616752,1402,0,8828,0,32911424,29813184,3098240,18279488,16252864,16252864
2026-05-13T15:12:56+01:00,server,2870430,9,144921,845619213,1402,0,8829,0,32911424,29808768,3102656,18275072,16252864,16252864
2026-05-13T15:12:57+01:00,server,2872880,9,144931,845621681,1402,0,8831,0,32911424,29807552,3103872,18273856,16252864,16252864
2026-05-13T15:12:58+01:00,server,2875357,9,144943,845624143,1402,0,8831,0,32911424,29813056,3098368,18279232,16252864,16252864
2026-05-13T15:12:59+01:00,server,2877799,9,144967,845626607,1402,0,8831,0,32911424,29811264,3100160,18277376,16252864,16252864
2026-05-13T15:13:00+01:00,server,2880174,9,144979,845629134,1402,0,8832,0,32911424,29810944,3100480,18277056,16252864,16252864
2026-05-13T15:13:01+01:00,server,2882626,9,144985,845631583,1402,0,8832,0,32911424,29808448,3102976,18274560,16252864,16252864
2026-05-13T15:13:02+01:00,server,2885098,9,144994,845634044,1402,0,8832,0,32911424,29813440,3097984,18279552,16252864,16252864
2026-05-13T15:13:03+01:00,server,2887549,9,145000,845636517,1402,0,8832,0,32911424,29812288,3099136,18278400,16252864,16252864
2026-05-13T15:13:04+01:00,server,2889997,9,145010,845638979,1402,0,8833,0,32911424,29811328,3100096,18277440,16252864,16252864
2026-05-13T15:13:05+01:00,server,2892449,9,145022,845641443,1402,0,8833,0,32911424,29809600,3101824,18275712,16252864,16252864
2026-05-13T15:13:06+01:00,server,2894925,9,145032,845643904,1402,0,8833,0,32911424,29807104,3104320,18273216,16252864,16252864
2026-05-13T15:13:07+01:00,server,2897376,9,145042,845646367,1402,0,8834,0,32911424,29810944,3100480,18277056,16252864,16252864
2026-05-13T15:13:08+01:00,server,2899848,9,145055,845648829,1402,0,8835,0,32911424,29809344,3102080,18275456,16252864,16252864
2026-05-13T15:13:09+01:00,server,2902320,9,145068,845651280,1402,0,8835,0,32911424,29810112,3101312,18276224,16252864,16252864
2026-05-13T15:13:10+01:00,server,2904792,9,145080,845653743,1402,0,8835,0,32911424,29807424,3104000,18273536,16252864,16252864
2026-05-13T15:13:11+01:00,server,2907219,9,145093,845656205,1402,0,8835,0,32911424,29808320,3103104,18274432,16252864,16252864
2026-05-13T15:13:12+01:00,server,2909694,9,145105,845658677,1402,0,8835,0,32911424,29807936,3103488,18274048,16252864,16252864
2026-05-13T15:13:13+01:00,server,2912166,9,145118,845661139,1402,0,8836,0,32911424,29806976,3104448,18273088,16252864,16252864
2026-05-13T15:13:14+01:00,server,2914641,9,145129,845663602,1402,0,8836,0,32911424,29808960,3102464,18275072,16252864,16252864
2026-05-13T15:13:15+01:00,server,2917090,9,145136,845666081,1402,0,8836,0,32911424,29803968,3107456,18270080,16252864,16252864
2026-05-13T15:13:17+01:00,server,2919537,9,145150,845668546,1402,0,8836,0,32911424,29806336,3105088,18272448,16252864,16252864
2026-05-13T15:13:18+01:00,server,2921970,9,145161,845671009,1402,0,8838,0,32911424,29805376,3106048,18271488,16252864,16252864
2026-05-13T15:13:19+01:00,server,2924443,9,145173,845673477,1402,0,8838,0,32911424,29804416,3107008,18270528,16252864,16252864
2026-05-13T15:13:20+01:00,server,2926893,9,145183,845675940,1402,0,8840,0,32911424,29806400,3105024,18272448,16252864,16252864
2026-05-13T15:13:21+01:00,server,2929344,9,145197,845678405,1402,0,8840,0,32911424,29809280,3102144,18275328,16252864,16252864
2026-05-13T15:13:22+01:00,server,2931793,9,145212,845680875,1402,0,8840,0,32911424,29808320,3103104,18274368,16252864,16252864
2026-05-13T15:13:23+01:00,server,2934221,9,145222,845683337,1402,0,8841,0,32911424,29806400,3105024,18272448,16252864,16252864
2026-05-13T15:13:24+01:00,server,2936627,9,145230,845685870,1402,0,8841,0,32911424,29808384,3103040,18274368,16252864,16252864
2026-05-13T15:13:25+01:00,server,2939133,9,145248,845688301,1402,0,8841,0,32911424,29811200,3100224,18277184,16252864,16252864
2026-05-13T15:13:26+01:00,server,2941606,9,145261,845690755,1402,0,8842,0,32911424,29807552,3103872,18273536,16252864,16252864
2026-05-13T15:13:27+01:00,server,2944060,9,145271,845693226,1402,0,8842,0,32911424,29809408,3102016,18275392,16252864,16252864
2026-05-13T15:13:28+01:00,server,2946532,9,145283,845695700,1402,0,8843,0,32911424,29810752,3100672,18276736,16252864,16252864
2026-05-13T15:13:29+01:00,server,2948980,9,145286,845698174,1402,0,8843,0,32911424,29811712,3099712,18277696,16252864,16252864
2026-05-13T15:13:30+01:00,server,2951481,9,145298,845700648,1402,0,8843,0,32911424,29810624,3100800,18276736,16252864,16252864
2026-05-13T15:13:31+01:00,server,2953928,9,145316,845703113,1402,0,8843,0,32911424,29808704,3102720,18274816,16252864,16252864
2026-05-13T15:13:32+01:00,server,2956403,9,145330,845705580,1402,0,8843,0,32911424,29810880,3100544,18276928,16252864,16252864
2026-05-13T15:13:33+01:00,server,2958878,9,145341,845708042,1402,0,8843,0,32911424,29809728,3101696,18275776,16252864,16252864
2026-05-13T15:13:34+01:00,server,2961328,9,145354,845710513,1402,0,8843,0,32911424,29809536,3101888,18275584,16252864,16252864
2026-05-13T15:13:35+01:00,server,2963777,9,145368,845712976,1402,0,8844,0,32911424,29809344,3102080,18275392,16252864,16252864
2026-05-13T15:13:36+01:00,server,2966250,9,145383,845715440,1402,0,8844,0,32911424,29810304,3101120,18276352,16252864,16252864
2026-05-13T15:13:37+01:00,server,2968677,9,145395,845717904,1402,0,8844,0,32911424,29810112,3101312,18276160,16252864,16252864
2026-05-13T15:13:38+01:00,server,2971127,9,145409,845720368,1402,0,8844,0,32911424,29806272,3105152,18272320,16252864,16252864
2026-05-13T15:13:39+01:00,server,2973600,9,145425,845722804,1402,0,8845,0,32911424,29806272,3105152,18272320,16252864,16252864
2026-05-13T15:13:40+01:00,server,2976028,9,145438,845725269,1402,0,8845,0,32911424,29808576,3102848,18274624,16252864,16252864
2026-05-13T15:13:41+01:00,server,2978479,9,145446,845727748,1402,0,8845,0,32911424,29809920,3101504,18275968,16252864,16252864
2026-05-13T15:13:42+01:00,server,2980926,9,145455,845730215,1402,0,8845,0,32911424,29810304,3101120,18276352,16252864,16252864
2026-05-13T15:13:43+01:00,server,2983352,9,145485,845732685,1402,0,8846,0,32911424,29810112,3101312,18276160,16252864,16252864
2026-05-13T15:13:44+01:00,server,2985824,9,145500,845735150,1402,0,8846,0,32911424,29810688,3100736,18276736,16252864,16252864
2026-05-13T15:13:45+01:00,server,2988279,9,145509,845737616,1402,0,8847,0,32911424,29811456,3099968,18277504,16252864,16252864
2026-05-13T15:13:46+01:00,server,2990730,9,145525,845740086,1402,0,8847,0,32911424,29808384,3103040,18274432,16252864,16252864
2026-05-13T15:13:47+01:00,server,2993110,9,145538,845742622,1402,0,8848,0,32911424,29811840,3099584,18277888,16252864,16252864
2026-05-13T15:13:48+01:00,server,2995551,9,145554,845745072,1402,0,8848,0,32911424,29808256,3103168,18274304,16252864,16252864
2026-05-13T15:13:49+01:00,server,2998024,9,145564,845747524,1402,0,8849,0,32911424,29814400,3097024,18280448,16252864,16252864
2026-05-13T15:13:50+01:00,server,3000497,9,145577,845749993,1402,0,8849,0,32911424,29810368,3101056,18276416,16252864,16252864
2026-05-13T15:13:51+01:00,server,3002971,9,145588,845752460,1402,0,8849,0,32911424,29812480,3098944,18278528,16252864,16252864
2026-05-13T15:13:52+01:00,server,3005422,9,145598,845754922,1402,0,8850,0,32911424,29811712,3099712,18277760,16252864,16252864
2026-05-13T15:13:54+01:00,server,3007842,9,145614,845757389,1402,0,8850,0,32911424,29809984,3101440,18276032,16252864,16252864
2026-05-13T15:13:55+01:00,server,3010350,9,145621,845759837,1402,0,8850,0,32911424,29807872,3103552,18273920,16252864,16252864
2026-05-13T15:13:56+01:00,server,3012822,9,145638,845762300,1402,0,8850,0,32911424,29806720,3104704,18272768,16252864,16252864
2026-05-13T15:13:57+01:00,server,3015313,9,145647,845764758,1402,0,8850,0,32911424,29804608,3106816,18270656,16252864,16252864
2026-05-13T15:13:58+01:00,server,3017789,9,145659,845767233,1402,0,8850,0,32911424,29805696,3105728,18271744,16252864,16252864
2026-05-13T15:13:59+01:00,server,3020265,9,145671,845769695,1402,0,8851,0,32911424,29802240,3109184,18268288,16252864,16252864
2026-05-13T15:14:00+01:00,server,3022715,9,145682,845772156,1402,0,8851,0,32911424,29806464,3104960,18272512,16252864,16252864
2026-05-13T15:14:01+01:00,server,3025140,9,145699,845774621,1402,0,8851,0,32911424,29806464,3104960,18272512,16252864,16252864
2026-05-13T15:14:02+01:00,server,3027613,9,145714,845777084,1402,0,8852,0,32911424,29806080,3105344,18272128,16252864,16252864
2026-05-13T15:14:03+01:00,server,3030062,9,145728,845779558,1402,0,8852,0,32911424,29805696,3105728,18271744,16252864,16252864
2026-05-13T15:14:04+01:00,server,3032513,9,145736,845782024,1402,0,8852,0,32911424,29806848,3104576,18272896,16252864,16252864
2026-05-13T15:14:05+01:00,server,3034986,9,145747,845784489,1402,0,8852,0,32911424,29803584,3107840,18269632,16252864,16252864
2026-05-13T15:14:06+01:00,server,3037461,9,145760,845786956,1402,0,8853,0,32911424,29806848,3104576,18272896,16252864,16252864
2026-05-13T15:14:07+01:00,server,3039927,9,145773,845789431,1402,0,8853,0,32911424,29802624,3108800,18268672,16252864,16252864
2026-05-13T15:14:08+01:00,server,3042356,9,145783,845791894,1402,0,8853,0,32911424,29803392,3108032,18269440,16252864,16252864
2026-05-13T15:14:09+01:00,server,3044825,9,145801,845794357,1402,0,8853,0,32911424,29804928,3106496,18270976,16252864,16252864
2026-05-13T15:14:10+01:00,server,3047324,9,145823,845796797,1402,0,8854,0,32911424,29805888,3105536,18271936,16252864,16252864
2026-05-13T15:14:11+01:00,server,3049684,9,145832,845799333,1402,0,8854,0,32911424,29804736,3106688,18270784,16252864,16252864
2026-05-13T15:14:12+01:00,server,3052161,9,145842,845801799,1402,0,8854,0,32911424,29805504,3105920,18271552,16252864,16252864
2026-05-13T15:14:13+01:00,server,3054588,9,145850,845804264,1402,0,8854,0,32911424,29807040,3104384,18273088,16252864,16252864
2026-05-13T15:14:14+01:00,server,3057064,9,145858,845806729,1402,0,8854,0,32911424,29808384,3103040,18274432,16252864,16252864
2026-05-13T15:14:15+01:00,server,3059517,9,145868,845809201,1402,0,8854,0,32911424,29805696,3105728,18271744,16252864,16252864
2026-05-13T15:14:16+01:00,server,3061965,9,145883,845811663,1402,0,8854,0,32911424,29808960,3102464,18275008,16252864,16252864
2026-05-13T15:14:17+01:00,server,3064439,9,145895,845814136,1402,0,8854,0,32911424,29809728,3101696,18275776,16252864,16252864
2026-05-13T15:14:18+01:00,server,3066914,9,145905,845816602,1402,0,8854,0,32911424,29809536,3101888,18275584,16252864,16252864
2026-05-13T15:14:19+01:00,server,3069388,9,145912,845819071,1402,0,8854,0,32911424,29808384,3103040,18274432,16252864,16252864
2026-05-13T15:14:20+01:00,server,3071861,9,145917,845821544,1402,0,8854,0,32911424,29808192,3103232,18274240,16252864,16252864
2026-05-13T15:14:21+01:00,server,3074311,9,145929,845824005,1402,0,8854,0,32911424,29808000,3103424,18274048,16252864,16252864
2026-05-13T15:14:22+01:00,server,3076786,9,145942,845826468,1402,0,8855,0,32911424,29806912,3104512,18272960,16252864,16252864
2026-05-13T15:14:23+01:00,server,3079218,9,145948,845828932,1402,0,8855,0,32911424,29806144,3105280,18272192,16252864,16252864
2026-05-13T15:14:24+01:00,server,3081677,9,145968,845831379,1402,0,8855,0,32911424,29809600,3101824,18275648,16252864,16252864
2026-05-13T15:14:25+01:00,server,3084149,9,145982,845833841,1402,0,8855,0,32911424,29808704,3102720,18274752,16252864,16252864
2026-05-13T15:14:26+01:00,server,3086601,9,145991,845836307,1402,0,8856,0,32911424,29808000,3103424,18274048,16252864,16252864
2026-05-13T15:14:27+01:00,server,3089027,9,146002,845838769,1402,0,8856,0,32911424,29809920,3101504,18275968,16252864,16252864
2026-05-13T15:14:28+01:00,server,3091494,9,146016,845841230,1402,0,8856,0,32911424,29805120,3106304,18271168,16252864,16252864
2026-05-13T15:14:30+01:00,server,3093945,9,146027,845843706,1402,0,8856,0,32911424,29807040,3104384,18273088,16252864,16252864
2026-05-13T15:14:31+01:00,server,3096397,9,146037,845846176,1402,0,8856,0,32911424,29805696,3105728,18271744,16252864,16252864
2026-05-13T15:14:32+01:00,server,3098756,9,146050,845848712,1402,0,8856,0,32911424,29806848,3104576,18272896,16252864,16252864
2026-05-13T15:14:33+01:00,server,3101186,9,146054,845851176,1402,0,8857,0,32911424,29804608,3106816,18270656,16252864,16252864
2026-05-13T15:14:34+01:00,server,3103655,9,146065,845853635,1402,0,8857,0,32911424,29806144,3105280,18272192,16252864,16252864
2026-05-13T15:14:35+01:00,server,3106100,9,146075,845856092,1402,0,8857,0,32911424,29804992,3106432,18271040,16252864,16252864
2026-05-13T15:14:36+01:00,server,3108576,9,146084,845858552,1402,0,8857,0,32911424,29807872,3103552,18273920,16252864,16252864
2026-05-13T15:14:37+01:00,server,3111015,9,146096,845861012,1402,0,8858,0,32911424,29807872,3103552,18273920,16252864,16252864
2026-05-13T15:14:38+01:00,server,3113491,9,146106,845863468,1402,0,8858,0,32911424,29809216,3102208,18275264,16252864,16252864
2026-05-13T15:14:39+01:00,server,3115914,9,146116,845865926,1402,0,8858,0,32911424,29810368,3101056,18276416,16252864,16252864
2026-05-13T15:14:40+01:00,server,3118398,9,146132,845868364,1402,0,8858,0,32911424,29812480,3098944,18278528,16252864,16252864
2026-05-13T15:14:41+01:00,server,3120829,9,146140,845870842,1402,0,8858,0,32911424,29812672,3098752,18278720,16252864,16252864
2026-05-13T15:14:42+01:00,server,3123306,9,146150,845873306,1402,0,8858,0,32911424,29810624,3100800,18276672,16252864,16252864
2026-05-13T15:14:43+01:00,server,3125777,9,146166,845875769,1402,0,8859,0,32911424,29807424,3104000,18273472,16252864,16252864
2026-05-13T15:14:44+01:00,server,3128194,9,146188,845878235,1402,0,8859,0,32911424,29812800,3098624,18278848,16252864,16252864
2026-05-13T15:14:45+01:00,server,3130642,9,146200,845880701,1402,0,8859,0,32911424,29813184,3098240,18279232,16252864,16252864
2026-05-13T15:14:46+01:00,server,3133112,9,146204,845883180,1402,0,8859,0,32911424,29812608,3098816,18278656,16252864,16252864
2026-05-13T15:14:47+01:00,server,3135552,9,146225,845885647,1402,0,8859,0,32911424,29813120,3098304,18279168,16252864,16252864
2026-05-13T15:14:48+01:00,server,3138028,9,146233,845888110,1402,0,8859,0,32911424,29811072,3100352,18277120,16252864,16252864
2026-05-13T15:14:49+01:00,server,3140476,9,146250,845890573,1402,0,8861,0,32911424,29812416,3099008,18278464,16252864,16252864
2026-05-13T15:14:50+01:00,server,3142927,9,146261,845893034,1402,0,8861,0,32911424,29812032,3099392,18278080,16252864,16252864
2026-05-13T15:14:51+01:00,server,3145378,9,146273,845895500,1402,0,8862,0,32911424,29813568,3097856,18279616,16252864,16252864
2026-05-13T15:14:52+01:00,server,3147805,9,146284,845897965,1402,0,8862,0,32911424,29814720,3096704,18280768,16252864,16252864
2026-05-13T15:14:53+01:00,server,3150279,9,146297,845900426,1402,0,8862,0,32911424,29815680,3095744,18281728,16252864,16252864
2026-05-13T15:14:54+01:00,server,3152730,9,146314,845902860,1402,0,8862,0,32911424,29813760,3097664,18279808,16252864,16252864
2026-05-13T15:14:55+01:00,server,3155180,9,146328,845905325,1402,0,8862,0,32911424,29815680,3095744,18281728,16252864,16252864
2026-05-13T15:14:56+01:00,server,3157631,9,146340,845907789,1402,0,8862,0,32911424,29815872,3095552,18281920,16252864,16252864
2026-05-13T15:14:57+01:00,server,3160078,9,146358,845910255,1402,0,8863,0,32911424,29816512,3094912,18282560,16252864,16252864
2026-05-13T15:14:58+01:00,server,3162527,9,146370,845912726,1402,0,8863,0,32911424,29816256,3095168,18282304,16252864,16252864
2026-05-13T15:14:59+01:00,server,3164986,9,146381,845915197,1402,0,8863,0,32911424,29816192,3095232,18282240,16252864,16252864
2026-05-13T15:15:00+01:00,server,3167452,9,146393,845917661,1402,0,8863,0,32911424,29816960,3094464,18283008,16252864,16252864
2026-05-13T15:15:01+01:00,server,3169862,9,146408,845920203,1402,0,8863,0,32911424,29814272,3097152,18280320,16252864,16252864
2026-05-13T15:15:02+01:00,server,3172292,9,146428,845922667,1402,0,8863,0,32911424,29809536,3101888,18275392,16252864,16252864
2026-05-13T15:15:03+01:00,server,3174742,9,146440,845925127,1402,0,8863,0,32911424,29808768,3102656,18274624,16252864,16252864
2026-05-13T15:15:04+01:00,server,3177193,9,146451,845927589,1402,0,8864,0,32911424,29812416,3099008,18278272,16252864,16252864
2026-05-13T15:15:05+01:00,server,3179666,9,146462,845930058,1402,0,8865,0,32911424,29811648,3099776,18277504,16252864,16252864
2026-05-13T15:15:07+01:00,server,3182121,9,146473,845932521,1402,0,8866,0,32911424,29811456,3099968,18277312,16252864,16252864
2026-05-13T15:15:08+01:00,server,3184579,9,146488,845934987,1402,0,8866,0,32911424,29810304,3101120,18276160,16252864,16252864
2026-05-13T15:15:09+01:00,server,3187029,9,146500,845937447,1402,0,8866,0,32911424,29810304,3101120,18276160,16252864,16252864
2026-05-13T15:15:10+01:00,server,3189487,9,146520,845939887,1402,0,8866,0,32911424,29808384,3103040,18274240,16252864,16252864
2026-05-13T15:15:11+01:00,server,3191964,9,146530,845942352,1402,0,8866,0,32911424,29802752,3108672,18268544,16252864,16252864
2026-05-13T15:15:12+01:00,server,3194388,9,146536,845944824,1402,0,8866,0,32911424,29805824,3105600,18271616,16252864,16252864
2026-05-13T15:15:13+01:00,server,3196843,9,146546,845947287,1402,0,8866,0,32911424,29805440,3105984,18271232,16252864,16252864
2026-05-13T15:15:14+01:00,server,3199300,9,146553,845949753,1402,0,8866,0,32911424,29807552,3103872,18273344,16252864,16252864
2026-05-13T15:15:15+01:00,server,3201770,9,146568,845952217,1402,0,8866,0,32911424,29805824,3105600,18271616,16252864,16252864
2026-05-13T15:15:16+01:00,server,3204244,9,146586,845954680,1402,0,8866,0,32911424,29805248,3106176,18270976,16252864,16252864
2026-05-13T15:15:17+01:00,server,3206672,9,146596,845957142,1402,0,8867,0,32911424,29807552,3103872,18273152,16252864,16252864
2026-05-13T15:15:18+01:00,server,3209135,9,146613,845959609,1402,0,8868,0,32911424,29806208,3105216,18271808,16252864,16252864
2026-05-13T15:15:19+01:00,server,3211585,9,146630,845962070,1402,0,8868,0,32911424,29806592,3104832,18272192,16252864,16252864
2026-05-13T15:15:20+01:00,server,3214012,9,146644,845964531,1402,0,8868,0,32911424,29806592,3104832,18272192,16252864,16252864
2026-05-13T15:15:21+01:00,server,3216487,9,146657,845966999,1402,0,8868,0,32911424,29806400,3105024,18272000,16252864,16252864
2026-05-13T15:15:22+01:00,server,3218940,9,146669,845969467,1402,0,8868,0,32911424,29805056,3106368,18270656,16252864,16252864
2026-05-13T15:15:23+01:00,server,3221346,9,146679,845971999,1402,0,8868,0,32911424,29806208,3105216,18271808,16252864,16252864
2026-05-13T15:15:24+01:00,server,3223795,9,146682,845974464,1402,0,8868,0,32911424,29805824,3105600,18271424,16252864,16252864
2026-05-13T15:15:25+01:00,server,3226279,9,146692,845976906,1402,0,8868,0,32911424,29807104,3104320,18272704,16252864,16252864
2026-05-13T15:15:26+01:00,server,3228752,9,146704,845979363,1402,0,8868,0,32911424,29805184,3106240,18270784,16252864,16252864
2026-05-13T15:15:27+01:00,server,3231190,9,146715,845981820,1402,0,8868,0,32911424,29802880,3108544,18268480,16252864,16252864
2026-05-13T15:15:28+01:00,server,3233649,9,146725,845984275,1402,0,8868,0,32911424,29802368,3109056,18267968,16252864,16252864
2026-05-13T15:15:29+01:00,server,3236101,9,146733,845986729,1402,0,8868,0,32911424,29800832,3110592,18266432,16252864,16252864
2026-05-13T15:15:30+01:00,server,3238570,9,146741,845989185,1402,0,8868,0,32911424,29797248,3114176,18262784,16252864,16252864
2026-05-13T15:15:31+01:00,server,3241013,9,146754,845991649,1402,0,8868,0,32911424,29798016,3113408,18263552,16252864,16252864
2026-05-13T15:15:32+01:00,server,3243443,9,146764,845994121,1402,0,8868,0,32911424,29801472,3109952,18267008,16252864,16252864
2026-05-13T15:15:33+01:00,server,3245892,9,146777,845996583,1402,0,8868,0,32911424,29799360,3112064,18264896,16252864,16252864
2026-05-13T15:15:34+01:00,server,3248339,9,146792,845999044,1402,0,8869,0,32911424,29798592,3112832,18264128,16252864,16252864
2026-05-13T15:15:35+01:00,server,3250765,9,146803,846001508,1402,0,8869,0,32911424,29797056,3114368,18262592,16252864,16252864
2026-05-13T15:15:36+01:00,server,3253218,9,146816,846003968,1402,0,8869,0,32911424,29797632,3113792,18263168,16252864,16252864
2026-05-13T15:15:37+01:00,server,3255667,9,146822,846006438,1402,0,8870,0,32911424,29795712,3115712,18261248,16252864,16252864
2026-05-13T15:15:38+01:00,server,3258118,9,146832,846008906,1402,0,8870,0,32911424,29798016,3113408,18263552,16252864,16252864
2026-05-13T15:15:39+01:00,server,3260567,9,146852,846011340,1402,0,8870,0,32911424,29798720,3112704,18264256,16252864,16252864
2026-05-13T15:15:40+01:00,server,3263020,9,146863,846013800,1402,0,8870,0,32911424,29801024,3110400,18266560,16252864,16252864
2026-05-13T15:15:41+01:00,server,3265491,9,146877,846016267,1402,0,8871,0,32911424,29801600,3109824,18267136,16252864,16252864
2026-05-13T15:15:42+01:00,server,3267942,9,146891,846018731,1402,0,8871,0,32911424,29802496,3108928,18268032,16252864,16252864
2026-05-13T15:15:43+01:00,server,3270392,9,146901,846021193,1402,0,8871,0,32911424,29800000,3111424,18265536,16252864,16252864
2026-05-13T15:15:45+01:00,server,3272842,9,146913,846023658,1402,0,8871,0,32911424,29802112,3109312,18267648,16252864,16252864
2026-05-13T15:15:46+01:00,server,3275294,9,146925,846026119,1402,0,8871,0,32911424,29802496,3108928,18268032,16252864,16252864
2026-05-13T15:15:47+01:00,server,3277720,9,146937,846028580,1402,0,8871,0,32911424,29801152,3110272,18266688,16252864,16252864
2026-05-13T15:15:48+01:00,server,3280149,9,146968,846031049,1402,0,8873,0,32911424,29801344,3110080,18266880,16252864,16252864
2026-05-13T15:15:49+01:00,server,3282576,9,146981,846033510,1402,0,8873,0,32911424,29797248,3114176,18262784,16252864,16252864
2026-05-13T15:15:50+01:00,server,3285046,9,146995,846035976,1402,0,8873,0,32911424,29798400,3113024,18263936,16252864,16252864
2026-05-13T15:15:51+01:00,server,3287497,9,146996,846038447,1402,0,8873,0,32911424,29797632,3113792,18263168,16252864,16252864
2026-05-13T15:15:52+01:00,server,3289921,9,147012,846040918,1402,0,8873,0,32911424,29797248,3114176,18262784,16252864,16252864
2026-05-13T15:15:53+01:00,server,3292301,9,147027,846043463,1402,0,8873,0,32911424,29790592,3120832,18256128,16252864,16252864
2026-05-13T15:15:54+01:00,server,3294751,9,147037,846045927,1402,0,8875,0,32911424,29790784,3120640,18256320,16252864,16252864
2026-05-13T15:15:55+01:00,server,3297177,9,147058,846048366,1402,0,8877,0,32911424,29791296,3120128,18256832,16252864,16252864
2026-05-13T15:15:56+01:00,server,3299652,9,147070,846050832,1402,0,8877,0,32911424,29791104,3120320,18256640,16252864,16252864
2026-05-13T15:15:57+01:00,server,3302105,9,147082,846053287,1402,0,8878,0,32911424,29793216,3118208,18258752,16252864,16252864
2026-05-13T15:15:58+01:00,server,3304528,9,147096,846055748,1402,0,8879,0,32911424,29791168,3120256,18256704,16252864,16252864
2026-05-13T15:15:59+01:00,server,3306979,9,147108,846058210,1402,0,8881,0,32911424,29787520,3123904,18253056,16252864,16252864
2026-05-13T15:16:00+01:00,server,3309410,9,147123,846060682,1402,0,8881,0,32911424,29790016,3121408,18255552,16252864,16252864
2026-05-13T15:16:01+01:00,server,3311899,9,147147,846063176,1402,0,8881,0,32911424,29788864,3122560,18254400,16252864,16252864
2026-05-13T15:16:02+01:00,server,3314393,9,147161,846065672,1402,0,8882,0,32911424,29787008,3124416,18252480,16252864,16252864
2026-05-13T15:16:03+01:00,server,3316841,9,147168,846068149,1402,0,8882,0,32911424,29787200,3124224,18252672,16252864,16252864
2026-05-13T15:16:04+01:00,server,3319312,9,147179,846070614,1402,0,8883,0,32911424,29786944,3124480,18252416,16252864,16252864
2026-05-13T15:16:05+01:00,server,3321759,9,147191,846073076,1402,0,8883,0,32911424,29784640,3126784,18250112,16252864,16252864
2026-05-13T15:16:06+01:00,server,3324234,9,147203,846075538,1402,0,8883,0,32911424,29785024,3126400,18250496,16252864,16252864
2026-05-13T15:16:07+01:00,server,3326706,9,147214,846078003,1402,0,8884,0,32911424,29786048,3125376,18251520,16252864,16252864
2026-05-13T15:16:08+01:00,server,3329181,9,147225,846080477,1402,0,8884,0,32911424,29786048,3125376,18251520,16252864,16252864
2026-05-13T15:16:09+01:00,server,3331652,9,147240,846082917,1402,0,8884,0,32911424,29788224,3123200,18253696,16252864,16252864
2026-05-13T15:16:10+01:00,server,3334100,9,147253,846085377,1402,0,8884,0,32911424,29788032,3123392,18253504,16252864,16252864
2026-05-13T15:16:11+01:00,server,3336552,9,147265,846087838,1402,0,8884,0,32911424,29785920,3125504,18251328,16252864,16252864
2026-05-13T15:16:12+01:00,server,3338981,9,147299,846090298,1402,0,8884,0,32911424,29787840,3123584,18253248,16252864,16252864
2026-05-13T15:16:13+01:00,server,3341361,9,147313,846092853,1402,0,8885,0,32911424,29788992,3122432,18254400,16252864,16252864
2026-05-13T15:16:14+01:00,server,3343811,9,147335,846095325,1402,0,8886,0,32911424,29786112,3125312,18251520,16252864,16252864
2026-05-13T15:16:15+01:00,server,3346275,9,147355,846097789,1402,0,8886,0,32911424,29786880,3124544,18252224,16252864,16252864
2026-05-13T15:16:16+01:00,server,3348726,9,147356,846100258,1402,0,8886,0,32911424,29788032,3123392,18253376,16252864,16252864
2026-05-13T15:16:17+01:00,server,3351176,9,147367,846102719,1402,0,8886,0,32911424,29787328,3124096,18252672,16252864,16252864
2026-05-13T15:16:18+01:00,server,3353625,9,147380,846105181,1402,0,8886,0,32911424,29788224,3123200,18253568,16252864,16252864
2026-05-13T15:16:19+01:00,server,3356083,9,147385,846107642,1402,0,8886,0,32911424,29788416,3123008,18253760,16252864,16252864
2026-05-13T15:16:21+01:00,server,3358510,9,147398,846110103,1402,0,8886,0,32911424,29787904,3123520,18253248,16252864,16252864
2026-05-13T15:16:22+01:00,server,3360984,9,147411,846112574,1402,0,8886,0,32911424,29789632,3121792,18254976,16252864,16252864
2026-05-13T15:16:23+01:00,server,3363411,9,147422,846115034,1402,0,8886,0,32911424,29788288,3123136,18253632,16252864,16252864
2026-05-13T15:16:24+01:00,server,3365862,9,147435,846117495,1402,0,8886,0,32911424,29789824,3121600,18255168,16252864,16252864
2026-05-13T15:16:25+01:00,server,3368353,9,147455,846119933,1402,0,8886,0,32911424,29788480,3122944,18253824,16252864,16252864
2026-05-13T15:16:26+01:00,server,3370803,9,147467,846122396,1403,0,8886,0,32911424,29787200,3124224,18252224,16252864,16252864
2026-05-13T15:16:27+01:00,server,3373240,9,147484,846124859,1403,0,8887,0,32911424,29784640,3126784,18249664,16252864,16252864
2026-05-13T15:16:28+01:00,server,3375716,9,147492,846127321,1403,0,8887,0,32911424,29784064,3127360,18249088,16252864,16252864
2026-05-13T15:16:29+01:00,server,3378163,9,147500,846129789,1403,0,8887,0,32911424,29786560,3124864,18251584,16252864,16252864
2026-05-13T15:16:30+01:00,server,3380612,9,147508,846132253,1403,0,8887,0,32911424,29784256,3127168,18249280,16252864,16252864
2026-05-13T15:16:31+01:00,server,3383087,9,147520,846134715,1403,0,8887,0,32911424,29784256,3127168,18249280,16252864,16252864
2026-05-13T15:16:32+01:00,server,3385536,9,147536,846137187,1403,0,8887,0,32911424,29786368,3125056,18251392,16252864,16252864
2026-05-13T15:16:33+01:00,server,3388010,9,147548,846139655,1403,0,8887,0,32911424,29786368,3125056,18251392,16252864,16252864
2026-05-13T15:16:34+01:00,server,3390485,9,147557,846142128,1403,0,8887,0,32911424,29786624,3124800,18251648,16252864,16252864
2026-05-13T15:16:35+01:00,server,3392868,9,147567,846144675,1403,0,8887,0,32911424,29781056,3130368,18246080,16252864,16252864
2026-05-13T15:16:36+01:00,server,3395342,9,147578,846147145,1403,0,8889,0,32911424,29780288,3131136,18245312,16252864,16252864
2026-05-13T15:16:37+01:00,server,3397767,9,147595,846149609,1403,0,8889,0,32911424,29779712,3131712,18244736,16252864,16252864
2026-05-13T15:16:38+01:00,server,3400241,9,147608,846152074,1403,0,8889,0,32911424,29781248,3130176,18246272,16252864,16252864
2026-05-13T15:16:39+01:00,server,3402672,9,147617,846154551,1403,0,8889,0,32911424,29778432,3132992,18243456,16252864,16252864
2026-05-13T15:16:40+01:00,server,3405153,9,147641,846156985,1403,0,8889,0,32911424,29782464,3128960,18247488,16252864,16252864
2026-05-13T15:16:41+01:00,server,3407580,9,147657,846159457,1403,0,8889,0,32911424,29782464,3128960,18247488,16252864,16252864
2026-05-13T15:16:42+01:00,server,3410028,9,147662,846161930,1403,0,8889,0,32911424,29779200,3132224,18244224,16252864,16252864
2026-05-13T15:16:43+01:00,server,3412526,9,147676,846164422,1403,0,8889,0,32911424,29777152,3134272,18242176,16252864,16252864
2026-05-13T15:16:44+01:00,server,3415029,9,147680,846166917,1403,0,8889,0,32911424,29778688,3132736,18243712,16252864,16252864
2026-05-13T15:16:45+01:00,server,3417504,9,147690,846169380,1403,0,8889,0,32911424,29779072,3132352,18244096,16252864,16252864
2026-05-13T15:16:46+01:00,server,3419954,9,147700,846171849,1403,0,8891,0,32911424,29778304,3133120,18243328,16252864,16252864
2026-05-13T15:16:47+01:00,server,3422429,9,147713,846174311,1403,0,8891,0,32911424,29778496,3132928,18243520,16252864,16252864
2026-05-13T15:16:48+01:00,server,3424879,9,147726,846176776,1403,0,8891,0,32911424,29778880,3132544,18243904,16252864,16252864
2026-05-13T15:16:49+01:00,server,3427326,9,147740,846179240,1403,0,8891,0,32911424,29780928,3130496,18245952,16252864,16252864
2026-05-13T15:16:50+01:00,server,3429802,9,147751,846181700,1403,0,8891,0,32911424,29780928,3130496,18245952,16252864,16252864
2026-05-13T15:16:51+01:00,server,3432278,9,147765,846184160,1403,0,8892,0,32911424,29782016,3129408,18247040,16252864,16252864
2026-05-13T15:16:52+01:00,server,3434729,9,147776,846186620,1403,0,8892,0,32911424,29780672,3130752,18245568,16252864,16252864
2026-05-13T15:16:53+01:00,server,3437180,9,147783,846189096,1403,0,8892,0,32911424,29779904,3131520,18244800,16252864,16252864
2026-05-13T15:16:54+01:00,server,3439667,9,147796,846191539,1403,0,8892,0,32911424,29782016,3129408,18246912,16252864,16252864
2026-05-13T15:16:55+01:00,server,3442106,9,147820,846194000,1403,0,8892,0,32911424,29780672,3130752,18245568,16252864,16252864
2026-05-13T15:16:57+01:00,server,3444486,9,147834,846196545,1403,0,8892,0,32911424,29782976,3128448,18247872,16252864,16252864
2026-05-13T15:16:58+01:00,server,3446935,9,147845,846199006,1403,0,8892,0,32911424,29782400,3129024,18247296,16252864,16252864
2026-05-13T15:16:59+01:00,server,3449411,9,147857,846201467,1403,0,8892,0,32911424,29780224,3131200,18245056,16252864,16252864
2026-05-13T15:17:00+01:00,server,3451886,9,147869,846203929,1403,0,8892,0,32911424,29780608,3130816,18245440,16252864,16252864
2026-05-13T15:17:01+01:00,server,3454361,9,147880,846206400,1403,0,8893,0,32911424,29781568,3129856,18246400,16252864,16252864
2026-05-13T15:17:02+01:00,server,3456789,9,147888,846208864,1403,0,8894,0,32911424,29782528,3128896,18247360,16252864,16252864
2026-05-13T15:17:03+01:00,server,3459263,9,147899,846211328,1403,0,8894,0,32911424,29783680,3127744,18248512,16252864,16252864
2026-05-13T15:17:04+01:00,server,3461694,9,147908,846213789,1403,0,8895,0,32911424,29784640,3126784,18249472,16252864,16252864
2026-05-13T15:17:05+01:00,server,3464145,9,147917,846216250,1403,0,8895,0,32911424,29782144,3129280,18246976,16252864,16252864
2026-05-13T15:17:06+01:00,server,3466596,9,147928,846218714,1403,0,8895,0,32911424,29784640,3126784,18249472,16252864,16252864
2026-05-13T15:17:07+01:00,server,3469022,9,147937,846221189,1403,0,8896,0,32911424,29786368,3125056,18251200,16252864,16252864
2026-05-13T15:17:08+01:00,server,3471473,9,147944,846223659,1403,0,8896,0,32911424,29786240,3125184,18251072,16252864,16252864
2026-05-13T15:17:09+01:00,server,3473924,9,147957,846226121,1403,0,8897,0,32911424,29784320,3127104,18249152,16252864,16252864
2026-05-13T15:17:10+01:00,server,3476403,9,147976,846228559,1403,0,8897,0,32911424,29784832,3126592,18249664,16252864,16252864
2026-05-13T15:17:11+01:00,server,3478837,9,147984,846231020,1403,0,8897,0,32911424,29785408,3126016,18250240,16252864,16252864
2026-05-13T15:17:12+01:00,server,3481287,9,147996,846233482,1403,0,8897,0,32911424,29785920,3125504,18250752,16252864,16252864
2026-05-13T15:17:13+01:00,server,3483741,9,148004,846235952,1403,0,8899,0,32911424,29787456,3123968,18252288,16252864,16252864
2026-05-13T15:17:14+01:00,server,3486190,9,148014,846238414,1403,0,8900,0,32911424,29786880,3124544,18251712,16252864,16252864
2026-05-13T15:17:15+01:00,server,3488663,9,148026,846240877,1403,0,8900,0,32911424,29785920,3125504,18250752,16252864,16252864
2026-05-13T15:17:16+01:00,server,3491115,9,148036,846243338,1403,0,8900,0,32911424,29787776,3123648,18252608,16252864,16252864
2026-05-13T15:17:17+01:00,server,3493499,9,148042,846245800,1403,0,8902,0,32911424,29786944,3124480,18251840,16252864,16252864
2026-05-13T15:17:18+01:00,server,3495879,9,148056,846248346,1403,0,8902,0,32911424,29781312,3130112,18246272,16252864,16252864
2026-05-13T15:17:19+01:00,server,3498329,9,148066,846250813,1403,0,8903,0,32911424,29783872,3127552,18248768,16252864,16252864
2026-05-13T15:17:20+01:00,server,3500780,9,148070,846253286,1403,0,8904,0,32911424,29782272,3129152,18247232,16252864,16252864
2026-05-13T15:17:21+01:00,server,3503229,9,148086,846255751,1403,0,8904,0,32911424,29778816,3132608,18243776,16252864,16252864
2026-05-13T15:17:22+01:00,server,3505678,9,148099,846258213,1403,0,8904,0,32911424,29779200,3132224,18244160,16252864,16252864
2026-05-13T15:17:23+01:00,server,3508131,9,148109,846260676,1403,0,8904,0,32911424,29779904,3131520,18244864,16252864,16252864
2026-05-13T15:17:24+01:00,server,3510652,9,148126,846263118,1403,0,8904,0,32911424,29780288,3131136,18245248,16252864,16252864
2026-05-13T15:17:25+01:00,server,3513123,9,148141,846265588,1403,0,8904,0,32911424,29778560,3132864,18243520,16252864,16252864
2026-05-13T15:17:26+01:00,server,3515575,9,148152,846268051,1403,0,8905,0,32911424,29779520,3131904,18244480,16252864,16252864
2026-05-13T15:17:27+01:00,server,3518023,9,148165,846270513,1403,0,8905,0,32911424,29779520,3131904,18244480,16252864,16252864
2026-05-13T15:17:28+01:00,server,3520498,9,148174,846272976,1403,0,8905,0,32911424,29779328,3132096,18244288,16252864,16252864
2026-05-13T15:17:29+01:00,server,3522972,9,148188,846275439,1403,0,8905,0,32911424,29775296,3136128,18240256,16252864,16252864
2026-05-13T15:17:30+01:00,server,3525489,9,148228,846277818,1403,0,8906,0,32911424,29767936,3143488,18232896,16252864,16252864
2026-05-13T15:17:31+01:00,server,3528038,9,148250,846280178,1403,0,8907,0,32911424,29768320,3143104,18233280,16252864,16252864
2026-05-13T15:17:32+01:00,server,3530474,9,148261,846282632,1403,0,8908,0,32911424,29773248,3138176,18238144,16252864,16252864
2026-05-13T15:17:34+01:00,server,3532947,9,148267,846285099,1403,0,8909,0,32911424,29772416,3139008,18237312,16252864,16252864
2026-05-13T15:17:35+01:00,server,3535417,9,148280,846287561,1403,0,8911,0,32911424,29772608,3138816,18237504,16252864,16252864
2026-05-13T15:17:36+01:00,server,3537846,9,148291,846290021,1403,0,8911,0,32911424,29774336,3137088,18239232,16252864,16252864
2026-05-13T15:17:37+01:00,server,3540319,9,148300,846292482,1403,0,8912,0,32911424,29774528,3136896,18239424,16252864,16252864
2026-05-13T15:17:38+01:00,server,3542768,9,148317,846294944,1403,0,8912,0,32911424,29775488,3135936,18240384,16252864,16252864
2026-05-13T15:17:39+01:00,server,3545196,9,148327,846297434,1403,0,8912,0,32911424,29772416,3139008,18237312,16252864,16252864
