warning: no usable GPU found, --gpu-layers option will be ignored
warning: one possible reason is that llama.cpp was compiled without GPU support
warning: consult docs/build.md for compilation instructions
build_info: b0-unknown
system_info: n_threads = 24 (n_threads_batch = 24) / 48 | CPU : NEON = 1 | ARM_FMA = 1 | FP16_VA = 1 | SVE = 1 | SVE_CNT = 64 | OPENMP = 1 | REPACK = 1 | 
init: using 47 threads for HTTP server
start: binding port with default address family
main: loading model
srv    load_model: loading model '/projects/F202500010HPCVLABUMINHO/uminhocp006/aded-project-llamacpp/llamacpp-tq/models/gemma-4-E4B-it-OBLITERATED-Q4_K_M.gguf'
llama_model_loader: loaded meta data with 44 key-value pairs and 720 tensors from /projects/F202500010HPCVLABUMINHO/uminhocp006/aded-project-llamacpp/llamacpp-tq/models/gemma-4-E4B-it-OBLITERATED-Q4_K_M.gguf (version GGUF V3 (latest))
llama_model_loader: Dumping metadata keys/values. Note: KV overrides do not apply in this output.
llama_model_loader: - kv   0:                       general.architecture str              = gemma4
llama_model_loader: - kv   1:                               general.type str              = model
llama_model_loader: - kv   2:                     general.sampling.top_k i32              = 64
llama_model_loader: - kv   3:                     general.sampling.top_p f32              = 0.950000
llama_model_loader: - kv   4:                      general.sampling.temp f32              = 1.000000
llama_model_loader: - kv   5:                               general.name str              = Gemma 4 E4B It OBLITERATED v3.1
llama_model_loader: - kv   6:                            general.version str              = v3.1
llama_model_loader: - kv   7:                           general.basename str              = gemma-4-E4B-it-OBLITERATED
llama_model_loader: - kv   8:                         general.size_label str              = 7.5B
llama_model_loader: - kv   9:                         gemma4.block_count u32              = 42
llama_model_loader: - kv  10:                      gemma4.context_length u32              = 131072
llama_model_loader: - kv  11:                    gemma4.embedding_length u32              = 2560
llama_model_loader: - kv  12:                 gemma4.feed_forward_length u32              = 10240
llama_model_loader: - kv  13:                gemma4.attention.head_count u32              = 8
llama_model_loader: - kv  14:             gemma4.attention.head_count_kv u32              = 2
llama_model_loader: - kv  15:                      gemma4.rope.freq_base f32              = 1000000.000000
llama_model_loader: - kv  16:                  gemma4.rope.freq_base_swa f32              = 10000.000000
llama_model_loader: - kv  17:    gemma4.attention.layer_norm_rms_epsilon f32              = 0.000001
llama_model_loader: - kv  18:                gemma4.attention.key_length u32              = 512
llama_model_loader: - kv  19:              gemma4.attention.value_length u32              = 512
llama_model_loader: - kv  20:             gemma4.final_logit_softcapping f32              = 30.000000
llama_model_loader: - kv  21:            gemma4.attention.sliding_window u32              = 512
llama_model_loader: - kv  22:          gemma4.attention.shared_kv_layers u32              = 18
llama_model_loader: - kv  23:    gemma4.embedding_length_per_layer_input u32              = 256
llama_model_loader: - kv  24:    gemma4.attention.sliding_window_pattern arr[bool,42]     = [true, true, true, true, true, false,...
llama_model_loader: - kv  25:            gemma4.attention.key_length_swa u32              = 256
llama_model_loader: - kv  26:          gemma4.attention.value_length_swa u32              = 256
llama_model_loader: - kv  27:                gemma4.rope.dimension_count u32              = 512
llama_model_loader: - kv  28:            gemma4.rope.dimension_count_swa u32              = 256
llama_model_loader: - kv  29:                       tokenizer.ggml.model str              = gemma4
llama_model_loader: - kv  30:                      tokenizer.ggml.tokens arr[str,262144]  = ["<pad>", "<eos>", "<bos>", "<unk>", ...
llama_model_loader: - kv  31:                      tokenizer.ggml.scores arr[f32,262144]  = [-1000.000000, -1000.000000, -1000.00...
llama_model_loader: - kv  32:                  tokenizer.ggml.token_type arr[i32,262144]  = [3, 3, 3, 3, 3, 1, 1, 1, 1, 1, 1, 1, ...
llama_model_loader: - kv  33:                      tokenizer.ggml.merges arr[str,514906]  = ["\n\n\n\n\n\n\n\n\n\n\n\n\n\n\n\n\n\n\n\n\n\n\n\n\n\n\n\n\n\n \n", ...
llama_model_loader: - kv  34:                tokenizer.ggml.bos_token_id u32              = 2
llama_model_loader: - kv  35:                tokenizer.ggml.eos_token_id u32              = 1
llama_model_loader: - kv  36:            tokenizer.ggml.unknown_token_id u32              = 3
llama_model_loader: - kv  37:            tokenizer.ggml.padding_token_id u32              = 0
llama_model_loader: - kv  38:               tokenizer.ggml.mask_token_id u32              = 4
llama_model_loader: - kv  39:                    tokenizer.chat_template str              = {%- macro format_parameters(propertie...
llama_model_loader: - kv  40:            tokenizer.ggml.add_space_prefix bool             = false
llama_model_loader: - kv  41:               tokenizer.ggml.add_bos_token bool             = true
llama_model_loader: - kv  42:               general.quantization_version u32              = 2
llama_model_loader: - kv  43:                          general.file_type u32              = 15
llama_model_loader: - type  f32:  339 tensors
llama_model_loader: - type  f16:    1 tensors
llama_model_loader: - type q4_K:  336 tensors
llama_model_loader: - type q6_K:   44 tensors
print_info: file format = GGUF V3 (latest)
print_info: file type   = Q4_K - Medium
print_info: file size   = 4.95 GiB (5.66 BPW) 
load: 0 unused tokens
load: control-looking token:    212 '</s>' was not control-type; this is probably a bug in the model. its type will be overridden
load: control-looking token:     50 '<|tool_response>' was not control-type; this is probably a bug in the model. its type will be overridden
load: printing all EOG tokens:
load:   - 1 ('<eos>')
load:   - 50 ('<|tool_response>')
load:   - 106 ('<turn|>')
load:   - 212 ('</s>')
load: special_eog_ids contains '<|tool_response>', removing '</s>' token from EOG list
load: special tokens cache size = 24
load: token to piece cache size = 1.9445 MB
print_info: arch                  = gemma4
print_info: vocab_only            = 0
print_info: no_alloc              = 0
print_info: n_ctx_train           = 131072
print_info: n_embd                = 2560
print_info: n_embd_inp            = 2560
print_info: n_layer               = 42
print_info: n_head                = 8
print_info: n_head_kv             = 2
print_info: n_rot                 = 512
print_info: n_swa                 = 512
print_info: is_swa_any            = 1
print_info: n_embd_head_k         = 512
print_info: n_embd_head_v         = 512
print_info: n_gqa                 = 4
print_info: n_embd_k_gqa          = [512, 512, 512, 512, 512, 1024, 512, 512, 512, 512, 512, 1024, 512, 512, 512, 512, 512, 1024, 512, 512, 512, 512, 512, 1024, 512, 512, 512, 512, 512, 1024, 512, 512, 512, 512, 512, 1024, 512, 512, 512, 512, 512, 1024]
print_info: n_embd_v_gqa          = [512, 512, 512, 512, 512, 1024, 512, 512, 512, 512, 512, 1024, 512, 512, 512, 512, 512, 1024, 512, 512, 512, 512, 512, 1024, 512, 512, 512, 512, 512, 1024, 512, 512, 512, 512, 512, 1024, 512, 512, 512, 512, 512, 1024]
print_info: f_norm_eps            = 0.0e+00
print_info: f_norm_rms_eps        = 1.0e-06
print_info: f_clamp_kqv           = 0.0e+00
print_info: f_max_alibi_bias      = 0.0e+00
print_info: f_logit_scale         = 0.0e+00
print_info: f_attn_scale          = 1.0e+00
print_info: n_ff                  = 10240
print_info: n_expert              = 0
print_info: n_expert_used         = 0
print_info: n_expert_groups       = 0
print_info: n_group_used          = 0
print_info: causal attn           = 1
print_info: pooling type          = -1
print_info: rope type             = 2
print_info: rope scaling          = linear
print_info: freq_base_train       = 1000000.0
print_info: freq_scale_train      = 1
print_info: freq_base_swa         = 10000.0
print_info: freq_scale_swa        = 1
print_info: n_embd_head_k_swa     = 256
print_info: n_embd_head_v_swa     = 256
print_info: n_rot_swa             = 256
print_info: n_ctx_orig_yarn       = 131072
print_info: rope_yarn_log_mul     = 0.0000
print_info: rope_finetuned        = unknown
print_info: model type            = E4B
print_info: model params          = 7.52 B
print_info: general.name          = Gemma 4 E4B It OBLITERATED v3.1
print_info: vocab type            = BPE
print_info: n_vocab               = 262144
print_info: n_merges              = 514906
print_info: BOS token             = 2 '<bos>'
print_info: EOS token             = 1 '<eos>'
print_info: UNK token             = 3 '<unk>'
print_info: PAD token             = 0 '<pad>'
print_info: MASK token            = 4 '<mask>'
print_info: LF token              = 107 '
'
print_info: EOG token             = 1 '<eos>'
print_info: EOG token             = 50 '<|tool_response>'
print_info: EOG token             = 106 '<turn|>'
print_info: max token length      = 93
load_tensors: loading model tensors, this can take a while... (mmap = true, direct_io = false)
load_tensors:   CPU_Mapped model buffer size =  5073.04 MiB
.............................................
common_init_result: added <eos> logit bias = -inf
common_init_result: added <|tool_response> logit bias = -inf
common_init_result: added <turn|> logit bias = -inf
llama_init_from_model: turbo cache types require flash_attn — enabling automatically
llama_context: constructing llama_context
llama_context: n_seq_max     = 1
llama_context: n_ctx         = 2048
llama_context: n_ctx_seq     = 2048
llama_context: n_batch       = 2048
llama_context: n_ubatch      = 512
llama_context: causal_attn   = 1
llama_context: flash_attn    = enabled
llama_context: kv_unified    = false
llama_context: freq_base     = 1000000.0
llama_context: freq_scale    = 1
llama_context: n_ctx_seq (2048) < n_ctx_train (131072) -- the full capacity of the model will not be utilized
llama_context:        CPU  output buffer size =     1.00 MiB
llama_kv_cache_iswa: creating non-SWA KV cache, size = 2048 cells
llama_kv_cache:        CPU KV buffer size =     6.38 MiB
llama_kv_cache: TurboQuant rotation matrices initialized (128x128)
llama_kv_cache: size =    6.25 MiB (  2048 cells,   4 layers,  1/1 seqs), K (turbo3):    3.12 MiB, V (turbo3):    3.12 MiB
llama_kv_cache: attn_rot_k = 0, n_embd_head_k_all = 512
llama_kv_cache: attn_rot_v = 0, n_embd_head_k_all = 512
llama_kv_cache_iswa: creating     SWA KV cache, size = 1024 cells
llama_kv_cache:        CPU KV buffer size =     7.94 MiB
llama_kv_cache: TurboQuant rotation matrices initialized (128x128)
llama_kv_cache: size =    7.81 MiB (  1024 cells,  20 layers,  1/1 seqs), K (turbo3):    3.91 MiB, V (turbo3):    3.91 MiB
llama_kv_cache: attn_rot_k = 0, n_embd_head_k_all = 256
llama_kv_cache: attn_rot_v = 0, n_embd_head_k_all = 256
sched_reserve: reserving ...
sched_reserve: resolving fused Gated Delta Net support:
sched_reserve: fused Gated Delta Net (autoregressive) enabled
sched_reserve: fused Gated Delta Net (chunked) enabled
sched_reserve:        CPU compute buffer size =   522.00 MiB
sched_reserve: graph nodes  = 1951
sched_reserve: graph splits = 1
sched_reserve: reserve took 19.45 ms, sched copies = 1
common_init_from_params: warming up the model with an empty run - please wait ... (--no-warmup to disable)
srv    load_model: initializing slots, n_slots = 1
no implementations specified for speculative decoding
slot   load_model: id  0 | task -1 | new slot, n_ctx = 2048
srv    load_model: prompt cache is enabled, size limit: 8192 MiB
srv    load_model: use `--cache-ram 0` to disable the prompt cache
srv    load_model: for more info see https://github.com/ggml-org/llama.cpp/pull/16391
srv          init: init: --cache-idle-slots requires --kv-unified, disabling
init: chat template, example_format: '<|turn>system
<|think|>
You are a helpful assistant<turn|>
<|turn>user
Hello<turn|>
<|turn>model
Hi there<turn|>
<|turn>user
How are you?<turn|>
<|turn>model
'
srv          init: init: chat template, thinking = 1
main: model loaded
main: server is listening on http://127.0.0.1:18080
main: starting the main loop...
srv  update_slots: all slots are idle
srv  params_from_: Chat format: peg-gemma4
slot get_availabl: id  0 | task -1 | selected slot by LRU, t_last = -1
srv  get_availabl: updating prompt cache
srv          load:  - looking for better prompt, base f_keep = -1.000, sim = 0.000
srv        update:  - cache state: 0 prompts, 0.000 MiB (limits: 8192.000 MiB, 2048 tokens, 8589934592 est)
srv  get_availabl: prompt cache update took 0.02 ms
slot launch_slot_: id  0 | task -1 | sampler chain: logits -> ?penalties -> ?dry -> ?top-n-sigma -> top-k -> ?typical -> ?top-p -> min-p -> ?xtc -> temp-ext -> dist 
slot launch_slot_: id  0 | task 0 | processing task, is_child = 0
slot update_slots: id  0 | task 0 | new prompt, n_ctx_slot = 2048, n_keep = 0, task.n_tokens = 23
slot update_slots: id  0 | task 0 | n_tokens = 0, memory_seq_rm [0, end)
slot update_slots: id  0 | task 0 | prompt processing progress, n_tokens = 19, batch.n_tokens = 19, progress = 0.826087
slot update_slots: id  0 | task 0 | n_tokens = 19, memory_seq_rm [19, end)
slot init_sampler: id  0 | task 0 | init sampler, took 0.03 ms, tokens: text = 23, total = 23
slot update_slots: id  0 | task 0 | prompt processing done, n_tokens = 23, batch.n_tokens = 4
srv  log_server_r: done request: POST /v1/chat/completions 127.0.0.1 200
slot print_timing: id  0 | task 0 | 
prompt eval time =    1428.53 ms /    23 tokens (   62.11 ms per token,    16.10 tokens per second)
       eval time =     137.92 ms /     2 tokens (   68.96 ms per token,    14.50 tokens per second)
      total time =    1566.45 ms /    25 tokens
slot      release: id  0 | task 0 | stop processing: n_tokens = 24, truncated = 0
srv  update_slots: all slots are idle
srv  params_from_: Chat format: peg-gemma4
slot get_availabl: id  0 | task -1 | selected slot by LCP similarity, sim_best = 0.234 (> 0.100 thold), f_keep = 0.458
srv  get_availabl: updating prompt cache
srv   prompt_save:  - saving prompt with length 24, total state size = 0.257 MiB
srv          load:  - looking for better prompt, base f_keep = 0.458, sim = 0.234
srv        update:  - cache state: 1 prompts, 0.257 MiB (limits: 8192.000 MiB, 2048 tokens, 763595 est)
srv        update:    - prompt 0xc76370:      24 tokens, checkpoints:  0,     0.257 MiB
srv  get_availabl: prompt cache update took 0.24 ms
slot launch_slot_: id  0 | task -1 | sampler chain: logits -> ?penalties -> ?dry -> ?top-n-sigma -> top-k -> ?typical -> ?top-p -> min-p -> ?xtc -> temp-ext -> dist 
slot launch_slot_: id  0 | task 4 | processing task, is_child = 0
slot update_slots: id  0 | task 4 | new prompt, n_ctx_slot = 2048, n_keep = 0, task.n_tokens = 47
slot update_slots: id  0 | task 4 | n_past = 11, slot.prompt.tokens.size() = 24, seq_id = 0, pos_min = 0, n_swa = 512
slot update_slots: id  0 | task 4 | forcing full prompt re-processing due to lack of cache data (likely due to SWA or hybrid/recurrent memory, see https://github.com/ggml-org/llama.cpp/pull/13194#issuecomment-2868343055)
slot update_slots: id  0 | task 4 | n_tokens = 0, memory_seq_rm [0, end)
slot update_slots: id  0 | task 4 | prompt processing progress, n_tokens = 43, batch.n_tokens = 43, progress = 0.914894
slot update_slots: id  0 | task 4 | n_tokens = 43, memory_seq_rm [43, end)
slot init_sampler: id  0 | task 4 | init sampler, took 0.03 ms, tokens: text = 47, total = 47
slot update_slots: id  0 | task 4 | prompt processing done, n_tokens = 47, batch.n_tokens = 4
srv  log_server_r: done request: POST /v1/chat/completions 127.0.0.1 200
slot print_timing: id  0 | task 4 | 
prompt eval time =    2802.42 ms /    47 tokens (   59.63 ms per token,    16.77 tokens per second)
       eval time =   19569.00 ms /   128 tokens (  152.88 ms per token,     6.54 tokens per second)
      total time =   22371.42 ms /   175 tokens
slot      release: id  0 | task 4 | stop processing: n_tokens = 174, truncated = 0
srv  update_slots: all slots are idle
srv  params_from_: Chat format: peg-gemma4
slot get_availabl: id  0 | task -1 | selected slot by LCP similarity, sim_best = 0.289 (> 0.100 thold), f_keep = 0.063
srv  get_availabl: updating prompt cache
srv   prompt_save:  - saving prompt with length 174, total state size = 1.863 MiB
srv          load:  - looking for better prompt, base f_keep = 0.063, sim = 0.289
srv        update:  - cache state: 2 prompts, 2.121 MiB (limits: 8192.000 MiB, 2048 tokens, 764899 est)
srv        update:    - prompt 0xc76370:      24 tokens, checkpoints:  0,     0.257 MiB
srv        update:    - prompt 0xc7c180:     174 tokens, checkpoints:  0,     1.863 MiB
srv  get_availabl: prompt cache update took 0.75 ms
slot launch_slot_: id  0 | task -1 | sampler chain: logits -> ?penalties -> ?dry -> ?top-n-sigma -> top-k -> ?typical -> ?top-p -> min-p -> ?xtc -> temp-ext -> dist 
slot launch_slot_: id  0 | task 134 | processing task, is_child = 0
slot update_slots: id  0 | task 134 | new prompt, n_ctx_slot = 2048, n_keep = 0, task.n_tokens = 38
slot update_slots: id  0 | task 134 | n_past = 11, slot.prompt.tokens.size() = 174, seq_id = 0, pos_min = 0, n_swa = 512
slot update_slots: id  0 | task 134 | forcing full prompt re-processing due to lack of cache data (likely due to SWA or hybrid/recurrent memory, see https://github.com/ggml-org/llama.cpp/pull/13194#issuecomment-2868343055)
slot update_slots: id  0 | task 134 | n_tokens = 0, memory_seq_rm [0, end)
slot update_slots: id  0 | task 134 | prompt processing progress, n_tokens = 34, batch.n_tokens = 34, progress = 0.894737
slot update_slots: id  0 | task 134 | n_tokens = 34, memory_seq_rm [34, end)
slot init_sampler: id  0 | task 134 | init sampler, took 0.03 ms, tokens: text = 38, total = 38
slot update_slots: id  0 | task 134 | prompt processing done, n_tokens = 38, batch.n_tokens = 4
srv  log_server_r: done request: POST /v1/chat/completions 127.0.0.1 200
slot print_timing: id  0 | task 134 | 
prompt eval time =    2286.59 ms /    38 tokens (   60.17 ms per token,    16.62 tokens per second)
       eval time =   18759.55 ms /   128 tokens (  146.56 ms per token,     6.82 tokens per second)
      total time =   21046.15 ms /   166 tokens
slot      release: id  0 | task 134 | stop processing: n_tokens = 165, truncated = 0
srv  update_slots: all slots are idle
srv  params_from_: Chat format: peg-gemma4
slot get_availabl: id  0 | task -1 | selected slot by LCP similarity, sim_best = 0.324 (> 0.100 thold), f_keep = 0.067
srv  get_availabl: updating prompt cache
srv   prompt_save:  - saving prompt with length 165, total state size = 1.767 MiB
srv          load:  - looking for better prompt, base f_keep = 0.067, sim = 0.324
srv        update:  - cache state: 3 prompts, 3.887 MiB (limits: 8192.000 MiB, 2048 tokens, 764976 est)
srv        update:    - prompt 0xc76370:      24 tokens, checkpoints:  0,     0.257 MiB
srv        update:    - prompt 0xc7c180:     174 tokens, checkpoints:  0,     1.863 MiB
srv        update:    - prompt 0xdf2470:     165 tokens, checkpoints:  0,     1.767 MiB
srv  get_availabl: prompt cache update took 0.75 ms
slot launch_slot_: id  0 | task -1 | sampler chain: logits -> ?penalties -> ?dry -> ?top-n-sigma -> top-k -> ?typical -> ?top-p -> min-p -> ?xtc -> temp-ext -> dist 
slot launch_slot_: id  0 | task 264 | processing task, is_child = 0
slot update_slots: id  0 | task 264 | new prompt, n_ctx_slot = 2048, n_keep = 0, task.n_tokens = 34
slot update_slots: id  0 | task 264 | n_past = 11, slot.prompt.tokens.size() = 165, seq_id = 0, pos_min = 0, n_swa = 512
slot update_slots: id  0 | task 264 | forcing full prompt re-processing due to lack of cache data (likely due to SWA or hybrid/recurrent memory, see https://github.com/ggml-org/llama.cpp/pull/13194#issuecomment-2868343055)
slot update_slots: id  0 | task 264 | n_tokens = 0, memory_seq_rm [0, end)
slot update_slots: id  0 | task 264 | prompt processing progress, n_tokens = 30, batch.n_tokens = 30, progress = 0.882353
slot update_slots: id  0 | task 264 | n_tokens = 30, memory_seq_rm [30, end)
slot init_sampler: id  0 | task 264 | init sampler, took 0.03 ms, tokens: text = 34, total = 34
slot update_slots: id  0 | task 264 | prompt processing done, n_tokens = 34, batch.n_tokens = 4
srv  log_server_r: done request: POST /v1/chat/completions 127.0.0.1 200
slot print_timing: id  0 | task 264 | 
prompt eval time =    2089.00 ms /    34 tokens (   61.44 ms per token,    16.28 tokens per second)
       eval time =   19374.23 ms /   128 tokens (  151.36 ms per token,     6.61 tokens per second)
      total time =   21463.23 ms /   162 tokens
slot      release: id  0 | task 264 | stop processing: n_tokens = 161, truncated = 0
srv  update_slots: all slots are idle
srv  params_from_: Chat format: peg-gemma4
slot get_availabl: id  0 | task -1 | selected slot by LCP similarity, sim_best = 0.117 (> 0.100 thold), f_keep = 0.068
srv  get_availabl: updating prompt cache
srv   prompt_save:  - saving prompt with length 161, total state size = 1.724 MiB
srv          load:  - looking for better prompt, base f_keep = 0.068, sim = 0.117
srv        update:  - cache state: 4 prompts, 5.611 MiB (limits: 8192.000 MiB, 2048 tokens, 765002 est)
srv        update:    - prompt 0xc76370:      24 tokens, checkpoints:  0,     0.257 MiB
srv        update:    - prompt 0xc7c180:     174 tokens, checkpoints:  0,     1.863 MiB
srv        update:    - prompt 0xdf2470:     165 tokens, checkpoints:  0,     1.767 MiB
srv        update:    - prompt 0xfffd98003c20:     161 tokens, checkpoints:  0,     1.724 MiB
srv  get_availabl: prompt cache update took 0.75 ms
slot launch_slot_: id  0 | task -1 | sampler chain: logits -> ?penalties -> ?dry -> ?top-n-sigma -> top-k -> ?typical -> ?top-p -> min-p -> ?xtc -> temp-ext -> dist 
slot launch_slot_: id  0 | task 394 | processing task, is_child = 0
slot update_slots: id  0 | task 394 | new prompt, n_ctx_slot = 2048, n_keep = 0, task.n_tokens = 94
slot update_slots: id  0 | task 394 | n_past = 11, slot.prompt.tokens.size() = 161, seq_id = 0, pos_min = 0, n_swa = 512
slot update_slots: id  0 | task 394 | forcing full prompt re-processing due to lack of cache data (likely due to SWA or hybrid/recurrent memory, see https://github.com/ggml-org/llama.cpp/pull/13194#issuecomment-2868343055)
slot update_slots: id  0 | task 394 | n_tokens = 0, memory_seq_rm [0, end)
slot update_slots: id  0 | task 394 | prompt processing progress, n_tokens = 90, batch.n_tokens = 90, progress = 0.957447
slot update_slots: id  0 | task 394 | n_tokens = 90, memory_seq_rm [90, end)
slot init_sampler: id  0 | task 394 | init sampler, took 0.05 ms, tokens: text = 94, total = 94
slot update_slots: id  0 | task 394 | prompt processing done, n_tokens = 94, batch.n_tokens = 4
slot create_check: id  0 | task 394 | created context checkpoint 1 of 32 (pos_min = 0, pos_max = 89, n_tokens = 90, size = 0.688 MiB)
srv  log_server_r: done request: POST /v1/chat/completions 127.0.0.1 200
slot print_timing: id  0 | task 394 | 
prompt eval time =    5743.63 ms /    94 tokens (   61.10 ms per token,    16.37 tokens per second)
       eval time =   20865.11 ms /   128 tokens (  163.01 ms per token,     6.13 tokens per second)
      total time =   26608.75 ms /   222 tokens
slot      release: id  0 | task 394 | stop processing: n_tokens = 221, truncated = 0
srv  update_slots: all slots are idle
srv  params_from_: Chat format: peg-gemma4
slot get_availabl: id  0 | task -1 | selected slot by LCP similarity, sim_best = 0.138 (> 0.100 thold), f_keep = 0.054
srv  get_availabl: updating prompt cache
srv   prompt_save:  - saving prompt with length 221, total state size = 2.366 MiB
srv          load:  - looking for better prompt, base f_keep = 0.054, sim = 0.138
srv        update:  - cache state: 5 prompts, 8.666 MiB (limits: 8192.000 MiB, 2048 tokens, 704287 est)
srv        update:    - prompt 0xc76370:      24 tokens, checkpoints:  0,     0.257 MiB
srv        update:    - prompt 0xc7c180:     174 tokens, checkpoints:  0,     1.863 MiB
srv        update:    - prompt 0xdf2470:     165 tokens, checkpoints:  0,     1.767 MiB
srv        update:    - prompt 0xfffd98003c20:     161 tokens, checkpoints:  0,     1.724 MiB
srv        update:    - prompt 0xded520:     221 tokens, checkpoints:  1,     3.054 MiB
srv  get_availabl: prompt cache update took 1.04 ms
slot launch_slot_: id  0 | task -1 | sampler chain: logits -> ?penalties -> ?dry -> ?top-n-sigma -> top-k -> ?typical -> ?top-p -> min-p -> ?xtc -> temp-ext -> dist 
slot launch_slot_: id  0 | task 524 | processing task, is_child = 0
slot update_slots: id  0 | task 524 | new prompt, n_ctx_slot = 2048, n_keep = 0, task.n_tokens = 87
slot update_slots: id  0 | task 524 | n_past = 12, slot.prompt.tokens.size() = 221, seq_id = 0, pos_min = 0, n_swa = 512
slot update_slots: id  0 | task 524 | Checking checkpoint with [0, 89] against 0...
slot update_slots: id  0 | task 524 | restored context checkpoint (pos_min = 0, pos_max = 89, n_tokens = 90, n_past = 12, size = 0.688 MiB)
slot update_slots: id  0 | task 524 | erased invalidated context checkpoint (pos_min = 0, pos_max = 89, n_tokens = 90, n_swa = 512, pos_next = 12, size = 0.688 MiB)
slot update_slots: id  0 | task 524 | n_tokens = 12, memory_seq_rm [12, end)
slot update_slots: id  0 | task 524 | prompt processing progress, n_tokens = 83, batch.n_tokens = 71, progress = 0.954023
slot create_check: id  0 | task 524 | created context checkpoint 1 of 32 (pos_min = 0, pos_max = 11, n_tokens = 12, size = 0.092 MiB)
slot update_slots: id  0 | task 524 | n_tokens = 83, memory_seq_rm [83, end)
slot init_sampler: id  0 | task 524 | init sampler, took 0.05 ms, tokens: text = 87, total = 87
slot update_slots: id  0 | task 524 | prompt processing done, n_tokens = 87, batch.n_tokens = 4
slot create_check: id  0 | task 524 | created context checkpoint 2 of 32 (pos_min = 0, pos_max = 82, n_tokens = 83, size = 0.635 MiB)
srv  log_server_r: done request: POST /v1/chat/completions 127.0.0.1 200
slot print_timing: id  0 | task 524 | 
prompt eval time =    4618.97 ms /    75 tokens (   61.59 ms per token,    16.24 tokens per second)
       eval time =   20961.82 ms /   128 tokens (  163.76 ms per token,     6.11 tokens per second)
      total time =   25580.79 ms /   203 tokens
slot      release: id  0 | task 524 | stop processing: n_tokens = 214, truncated = 0
srv  update_slots: all slots are idle
srv  params_from_: Chat format: peg-gemma4
slot get_availabl: id  0 | task -1 | selected slot by LRU, t_last = 124297948786
srv  get_availabl: updating prompt cache
srv   prompt_save:  - saving prompt with length 214, total state size = 2.291 MiB
srv          load:  - looking for better prompt, base f_keep = 0.051, sim = 0.069
srv        update:  - cache state: 6 prompts, 11.684 MiB (limits: 8192.000 MiB, 2048 tokens, 672404 est)
srv        update:    - prompt 0xc76370:      24 tokens, checkpoints:  0,     0.257 MiB
srv        update:    - prompt 0xc7c180:     174 tokens, checkpoints:  0,     1.863 MiB
srv        update:    - prompt 0xdf2470:     165 tokens, checkpoints:  0,     1.767 MiB
srv        update:    - prompt 0xfffd98003c20:     161 tokens, checkpoints:  0,     1.724 MiB
srv        update:    - prompt 0xded520:     221 tokens, checkpoints:  1,     3.054 MiB
srv        update:    - prompt 0xdef0c0:     214 tokens, checkpoints:  2,     3.018 MiB
srv  get_availabl: prompt cache update took 1.03 ms
slot launch_slot_: id  0 | task -1 | sampler chain: logits -> ?penalties -> ?dry -> ?top-n-sigma -> top-k -> ?typical -> ?top-p -> min-p -> ?xtc -> temp-ext -> dist 
slot launch_slot_: id  0 | task 654 | processing task, is_child = 0
slot update_slots: id  0 | task 654 | new prompt, n_ctx_slot = 2048, n_keep = 0, task.n_tokens = 159
slot update_slots: id  0 | task 654 | n_past = 11, slot.prompt.tokens.size() = 214, seq_id = 0, pos_min = 0, n_swa = 512
slot update_slots: id  0 | task 654 | Checking checkpoint with [0, 82] against 0...
slot update_slots: id  0 | task 654 | restored context checkpoint (pos_min = 0, pos_max = 82, n_tokens = 83, n_past = 11, size = 0.635 MiB)
slot update_slots: id  0 | task 654 | erased invalidated context checkpoint (pos_min = 0, pos_max = 82, n_tokens = 83, n_swa = 512, pos_next = 11, size = 0.635 MiB)
slot update_slots: id  0 | task 654 | n_tokens = 11, memory_seq_rm [11, end)
slot update_slots: id  0 | task 654 | prompt processing progress, n_tokens = 155, batch.n_tokens = 144, progress = 0.974843
slot update_slots: id  0 | task 654 | n_tokens = 155, memory_seq_rm [155, end)
slot init_sampler: id  0 | task 654 | init sampler, took 0.09 ms, tokens: text = 159, total = 159
slot update_slots: id  0 | task 654 | prompt processing done, n_tokens = 159, batch.n_tokens = 4
slot create_check: id  0 | task 654 | created context checkpoint 2 of 32 (pos_min = 0, pos_max = 154, n_tokens = 155, size = 1.185 MiB)
srv  log_server_r: done request: POST /v1/chat/completions 127.0.0.1 200
slot print_timing: id  0 | task 654 | 
prompt eval time =    9485.91 ms /   148 tokens (   64.09 ms per token,    15.60 tokens per second)
       eval time =   23270.03 ms /   128 tokens (  181.80 ms per token,     5.50 tokens per second)
      total time =   32755.93 ms /   276 tokens
slot      release: id  0 | task 654 | stop processing: n_tokens = 286, truncated = 0
srv  update_slots: all slots are idle
srv  params_from_: Chat format: peg-gemma4
slot get_availabl: id  0 | task -1 | selected slot by LRU, t_last = 124330715022
srv  get_availabl: updating prompt cache
srv   prompt_save:  - saving prompt with length 286, total state size = 3.062 MiB
srv          load:  - looking for better prompt, base f_keep = 0.038, sim = 0.035
srv        update:  - cache state: 7 prompts, 16.023 MiB (limits: 8192.000 MiB, 2048 tokens, 636543 est)
srv        update:    - prompt 0xc76370:      24 tokens, checkpoints:  0,     0.257 MiB
srv        update:    - prompt 0xc7c180:     174 tokens, checkpoints:  0,     1.863 MiB
srv        update:    - prompt 0xdf2470:     165 tokens, checkpoints:  0,     1.767 MiB
srv        update:    - prompt 0xfffd98003c20:     161 tokens, checkpoints:  0,     1.724 MiB
srv        update:    - prompt 0xded520:     221 tokens, checkpoints:  1,     3.054 MiB
srv        update:    - prompt 0xdef0c0:     214 tokens, checkpoints:  2,     3.018 MiB
srv        update:    - prompt 0xe106e0:     286 tokens, checkpoints:  2,     4.339 MiB
srv  get_availabl: prompt cache update took 1.30 ms
slot launch_slot_: id  0 | task -1 | sampler chain: logits -> ?penalties -> ?dry -> ?top-n-sigma -> top-k -> ?typical -> ?top-p -> min-p -> ?xtc -> temp-ext -> dist 
slot launch_slot_: id  0 | task 784 | processing task, is_child = 0
slot update_slots: id  0 | task 784 | new prompt, n_ctx_slot = 2048, n_keep = 0, task.n_tokens = 312
slot update_slots: id  0 | task 784 | n_past = 11, slot.prompt.tokens.size() = 286, seq_id = 0, pos_min = 0, n_swa = 512
slot update_slots: id  0 | task 784 | Checking checkpoint with [0, 154] against 0...
slot update_slots: id  0 | task 784 | restored context checkpoint (pos_min = 0, pos_max = 154, n_tokens = 155, n_past = 11, size = 1.185 MiB)
slot update_slots: id  0 | task 784 | erased invalidated context checkpoint (pos_min = 0, pos_max = 154, n_tokens = 155, n_swa = 512, pos_next = 11, size = 1.185 MiB)
slot update_slots: id  0 | task 784 | n_tokens = 11, memory_seq_rm [11, end)
slot update_slots: id  0 | task 784 | prompt processing progress, n_tokens = 308, batch.n_tokens = 297, progress = 0.987179
slot update_slots: id  0 | task 784 | n_tokens = 308, memory_seq_rm [308, end)
slot init_sampler: id  0 | task 784 | init sampler, took 0.17 ms, tokens: text = 312, total = 312
slot update_slots: id  0 | task 784 | prompt processing done, n_tokens = 312, batch.n_tokens = 4
slot create_check: id  0 | task 784 | created context checkpoint 2 of 32 (pos_min = 0, pos_max = 307, n_tokens = 308, size = 2.354 MiB)
srv  log_server_r: done request: POST /v1/chat/completions 127.0.0.1 200
slot print_timing: id  0 | task 784 | 
prompt eval time =   21444.21 ms /   301 tokens (   71.24 ms per token,    14.04 tokens per second)
       eval time =   27608.21 ms /   128 tokens (  215.69 ms per token,     4.64 tokens per second)
      total time =   49052.42 ms /   429 tokens
slot      release: id  0 | task 784 | stop processing: n_tokens = 439, truncated = 0
srv  update_slots: all slots are idle
srv  params_from_: Chat format: peg-gemma4
slot get_availabl: id  0 | task -1 | selected slot by LRU, t_last = 124379779651
srv  get_availabl: updating prompt cache
srv   prompt_save:  - saving prompt with length 439, total state size = 4.700 MiB
srv          load:  - looking for better prompt, base f_keep = 0.025, sim = 0.043
srv        update:  - cache state: 8 prompts, 23.168 MiB (limits: 8192.000 MiB, 2048 tokens, 595442 est)
srv        update:    - prompt 0xc76370:      24 tokens, checkpoints:  0,     0.257 MiB
srv        update:    - prompt 0xc7c180:     174 tokens, checkpoints:  0,     1.863 MiB
srv        update:    - prompt 0xdf2470:     165 tokens, checkpoints:  0,     1.767 MiB
srv        update:    - prompt 0xfffd98003c20:     161 tokens, checkpoints:  0,     1.724 MiB
srv        update:    - prompt 0xded520:     221 tokens, checkpoints:  1,     3.054 MiB
srv        update:    - prompt 0xdef0c0:     214 tokens, checkpoints:  2,     3.018 MiB
srv        update:    - prompt 0xe106e0:     286 tokens, checkpoints:  2,     4.339 MiB
srv        update:    - prompt 0xe0a510:     439 tokens, checkpoints:  2,     7.146 MiB
srv  get_availabl: prompt cache update took 2.17 ms
slot launch_slot_: id  0 | task -1 | sampler chain: logits -> ?penalties -> ?dry -> ?top-n-sigma -> top-k -> ?typical -> ?top-p -> min-p -> ?xtc -> temp-ext -> dist 
slot launch_slot_: id  0 | task 914 | processing task, is_child = 0
slot update_slots: id  0 | task 914 | new prompt, n_ctx_slot = 2048, n_keep = 0, task.n_tokens = 254
slot update_slots: id  0 | task 914 | n_past = 11, slot.prompt.tokens.size() = 439, seq_id = 0, pos_min = 0, n_swa = 512
slot update_slots: id  0 | task 914 | Checking checkpoint with [0, 307] against 0...
slot update_slots: id  0 | task 914 | restored context checkpoint (pos_min = 0, pos_max = 307, n_tokens = 308, n_past = 11, size = 2.354 MiB)
slot update_slots: id  0 | task 914 | erased invalidated context checkpoint (pos_min = 0, pos_max = 307, n_tokens = 308, n_swa = 512, pos_next = 11, size = 2.354 MiB)
slot update_slots: id  0 | task 914 | n_tokens = 11, memory_seq_rm [11, end)
slot update_slots: id  0 | task 914 | prompt processing progress, n_tokens = 250, batch.n_tokens = 239, progress = 0.984252
slot update_slots: id  0 | task 914 | n_tokens = 250, memory_seq_rm [250, end)
slot init_sampler: id  0 | task 914 | init sampler, took 0.15 ms, tokens: text = 254, total = 254
slot update_slots: id  0 | task 914 | prompt processing done, n_tokens = 254, batch.n_tokens = 4
slot create_check: id  0 | task 914 | created context checkpoint 2 of 32 (pos_min = 0, pos_max = 249, n_tokens = 250, size = 1.911 MiB)
srv  log_server_r: done request: POST /v1/chat/completions 127.0.0.1 200
slot print_timing: id  0 | task 914 | 
prompt eval time =   16545.18 ms /   243 tokens (   68.09 ms per token,    14.69 tokens per second)
       eval time =   25573.12 ms /   128 tokens (  199.79 ms per token,     5.01 tokens per second)
      total time =   42118.31 ms /   371 tokens
slot      release: id  0 | task 914 | stop processing: n_tokens = 381, truncated = 0
srv  update_slots: all slots are idle
srv  params_from_: Chat format: peg-gemma4
slot get_availabl: id  0 | task -1 | selected slot by LCP similarity, sim_best = 0.478 (> 0.100 thold), f_keep = 0.029
srv  get_availabl: updating prompt cache
srv   prompt_save:  - saving prompt with length 381, total state size = 4.079 MiB
srv          load:  - looking for better prompt, base f_keep = 0.029, sim = 0.478
srv          load:  - found better prompt with f_keep = 0.958, sim = 1.000
srv        update:  - cache state: 8 prompts, 28.992 MiB (limits: 8192.000 MiB, 2048 tokens, 576698 est)
srv        update:    - prompt 0xc7c180:     174 tokens, checkpoints:  0,     1.863 MiB
srv        update:    - prompt 0xdf2470:     165 tokens, checkpoints:  0,     1.767 MiB
srv        update:    - prompt 0xfffd98003c20:     161 tokens, checkpoints:  0,     1.724 MiB
srv        update:    - prompt 0xded520:     221 tokens, checkpoints:  1,     3.054 MiB
srv        update:    - prompt 0xdef0c0:     214 tokens, checkpoints:  2,     3.018 MiB
srv        update:    - prompt 0xe106e0:     286 tokens, checkpoints:  2,     4.339 MiB
srv        update:    - prompt 0xe0a510:     439 tokens, checkpoints:  2,     7.146 MiB
srv        update:    - prompt 0xc6e500:     381 tokens, checkpoints:  2,     6.082 MiB
srv  get_availabl: prompt cache update took 2.72 ms
slot launch_slot_: id  0 | task -1 | sampler chain: logits -> ?penalties -> ?dry -> ?top-n-sigma -> top-k -> ?typical -> ?top-p -> min-p -> ?xtc -> temp-ext -> dist 
slot launch_slot_: id  0 | task 1044 | processing task, is_child = 0
slot update_slots: id  0 | task 1044 | new prompt, n_ctx_slot = 2048, n_keep = 0, task.n_tokens = 23
slot update_slots: id  0 | task 1044 | n_past = 23, slot.prompt.tokens.size() = 24, seq_id = 0, pos_min = 0, n_swa = 512
slot update_slots: id  0 | task 1044 | forcing full prompt re-processing due to lack of cache data (likely due to SWA or hybrid/recurrent memory, see https://github.com/ggml-org/llama.cpp/pull/13194#issuecomment-2868343055)
slot update_slots: id  0 | task 1044 | n_tokens = 0, memory_seq_rm [0, end)
slot update_slots: id  0 | task 1044 | prompt processing progress, n_tokens = 19, batch.n_tokens = 19, progress = 0.826087
slot update_slots: id  0 | task 1044 | n_tokens = 19, memory_seq_rm [19, end)
slot init_sampler: id  0 | task 1044 | init sampler, took 0.02 ms, tokens: text = 23, total = 23
slot update_slots: id  0 | task 1044 | prompt processing done, n_tokens = 23, batch.n_tokens = 4
srv  log_server_r: done request: POST /v1/chat/completions 127.0.0.1 200
slot print_timing: id  0 | task 1044 | 
prompt eval time =    1430.31 ms /    23 tokens (   62.19 ms per token,    16.08 tokens per second)
       eval time =     139.01 ms /     2 tokens (   69.50 ms per token,    14.39 tokens per second)
      total time =    1569.32 ms /    25 tokens
slot      release: id  0 | task 1044 | stop processing: n_tokens = 24, truncated = 0
srv  update_slots: all slots are idle
srv  params_from_: Chat format: peg-gemma4
slot get_availabl: id  0 | task -1 | selected slot by LCP similarity, sim_best = 0.234 (> 0.100 thold), f_keep = 0.458
srv  get_availabl: updating prompt cache
srv   prompt_save:  - saving prompt with length 24, total state size = 0.257 MiB
srv          load:  - looking for better prompt, base f_keep = 0.458, sim = 0.234
srv        update:  - cache state: 9 prompts, 29.250 MiB (limits: 8192.000 MiB, 2048 tokens, 578343 est)
srv        update:    - prompt 0xc7c180:     174 tokens, checkpoints:  0,     1.863 MiB
srv        update:    - prompt 0xdf2470:     165 tokens, checkpoints:  0,     1.767 MiB
srv        update:    - prompt 0xfffd98003c20:     161 tokens, checkpoints:  0,     1.724 MiB
srv        update:    - prompt 0xded520:     221 tokens, checkpoints:  1,     3.054 MiB
srv        update:    - prompt 0xdef0c0:     214 tokens, checkpoints:  2,     3.018 MiB
srv        update:    - prompt 0xe106e0:     286 tokens, checkpoints:  2,     4.339 MiB
srv        update:    - prompt 0xe0a510:     439 tokens, checkpoints:  2,     7.146 MiB
srv        update:    - prompt 0xc6e500:     381 tokens, checkpoints:  2,     6.082 MiB
srv        update:    - prompt 0xc80860:      24 tokens, checkpoints:  0,     0.257 MiB
srv  get_availabl: prompt cache update took 0.28 ms
slot launch_slot_: id  0 | task -1 | sampler chain: logits -> ?penalties -> ?dry -> ?top-n-sigma -> top-k -> ?typical -> ?top-p -> min-p -> ?xtc -> temp-ext -> dist 
slot launch_slot_: id  0 | task 1048 | processing task, is_child = 0
slot update_slots: id  0 | task 1048 | new prompt, n_ctx_slot = 2048, n_keep = 0, task.n_tokens = 47
slot update_slots: id  0 | task 1048 | n_past = 11, slot.prompt.tokens.size() = 24, seq_id = 0, pos_min = 0, n_swa = 512
slot update_slots: id  0 | task 1048 | forcing full prompt re-processing due to lack of cache data (likely due to SWA or hybrid/recurrent memory, see https://github.com/ggml-org/llama.cpp/pull/13194#issuecomment-2868343055)
slot update_slots: id  0 | task 1048 | n_tokens = 0, memory_seq_rm [0, end)
slot update_slots: id  0 | task 1048 | prompt processing progress, n_tokens = 43, batch.n_tokens = 43, progress = 0.914894
slot update_slots: id  0 | task 1048 | n_tokens = 43, memory_seq_rm [43, end)
slot init_sampler: id  0 | task 1048 | init sampler, took 0.03 ms, tokens: text = 47, total = 47
slot update_slots: id  0 | task 1048 | prompt processing done, n_tokens = 47, batch.n_tokens = 4
srv  log_server_r: done request: POST /v1/chat/completions 127.0.0.1 200
slot print_timing: id  0 | task 1048 | 
prompt eval time =    2806.74 ms /    47 tokens (   59.72 ms per token,    16.75 tokens per second)
       eval time =   19554.40 ms /   128 tokens (  152.77 ms per token,     6.55 tokens per second)
      total time =   22361.14 ms /   175 tokens
slot      release: id  0 | task 1048 | stop processing: n_tokens = 174, truncated = 0
srv  update_slots: all slots are idle
srv  params_from_: Chat format: peg-gemma4
slot get_availabl: id  0 | task -1 | selected slot by LCP similarity, sim_best = 0.289 (> 0.100 thold), f_keep = 0.063
srv  get_availabl: updating prompt cache
srv   prompt_save:  - saving prompt with length 174, total state size = 1.863 MiB
srv         alloc:  - prompt is already in the cache, skipping
srv          load:  - looking for better prompt, base f_keep = 0.063, sim = 0.289
srv        update:  - cache state: 9 prompts, 29.250 MiB (limits: 8192.000 MiB, 2048 tokens, 578343 est)
srv        update:    - prompt 0xc7c180:     174 tokens, checkpoints:  0,     1.863 MiB
srv        update:    - prompt 0xdf2470:     165 tokens, checkpoints:  0,     1.767 MiB
srv        update:    - prompt 0xfffd98003c20:     161 tokens, checkpoints:  0,     1.724 MiB
srv        update:    - prompt 0xded520:     221 tokens, checkpoints:  1,     3.054 MiB
srv        update:    - prompt 0xdef0c0:     214 tokens, checkpoints:  2,     3.018 MiB
srv        update:    - prompt 0xe106e0:     286 tokens, checkpoints:  2,     4.339 MiB
srv        update:    - prompt 0xe0a510:     439 tokens, checkpoints:  2,     7.146 MiB
srv        update:    - prompt 0xc6e500:     381 tokens, checkpoints:  2,     6.082 MiB
srv        update:    - prompt 0xc80860:      24 tokens, checkpoints:  0,     0.257 MiB
srv  get_availabl: prompt cache update took 0.16 ms
slot launch_slot_: id  0 | task -1 | sampler chain: logits -> ?penalties -> ?dry -> ?top-n-sigma -> top-k -> ?typical -> ?top-p -> min-p -> ?xtc -> temp-ext -> dist 
slot launch_slot_: id  0 | task 1178 | processing task, is_child = 0
slot update_slots: id  0 | task 1178 | new prompt, n_ctx_slot = 2048, n_keep = 0, task.n_tokens = 38
slot update_slots: id  0 | task 1178 | n_past = 11, slot.prompt.tokens.size() = 174, seq_id = 0, pos_min = 0, n_swa = 512
slot update_slots: id  0 | task 1178 | forcing full prompt re-processing due to lack of cache data (likely due to SWA or hybrid/recurrent memory, see https://github.com/ggml-org/llama.cpp/pull/13194#issuecomment-2868343055)
slot update_slots: id  0 | task 1178 | n_tokens = 0, memory_seq_rm [0, end)
slot update_slots: id  0 | task 1178 | prompt processing progress, n_tokens = 34, batch.n_tokens = 34, progress = 0.894737
slot update_slots: id  0 | task 1178 | n_tokens = 34, memory_seq_rm [34, end)
slot init_sampler: id  0 | task 1178 | init sampler, took 0.03 ms, tokens: text = 38, total = 38
slot update_slots: id  0 | task 1178 | prompt processing done, n_tokens = 38, batch.n_tokens = 4
srv  log_server_r: done request: POST /v1/chat/completions 127.0.0.1 200
slot print_timing: id  0 | task 1178 | 
prompt eval time =    2286.37 ms /    38 tokens (   60.17 ms per token,    16.62 tokens per second)
       eval time =   18715.08 ms /   128 tokens (  146.21 ms per token,     6.84 tokens per second)
      total time =   21001.44 ms /   166 tokens
slot      release: id  0 | task 1178 | stop processing: n_tokens = 165, truncated = 0
srv  update_slots: all slots are idle
srv  params_from_: Chat format: peg-gemma4
slot get_availabl: id  0 | task -1 | selected slot by LCP similarity, sim_best = 0.324 (> 0.100 thold), f_keep = 0.067
srv  get_availabl: updating prompt cache
srv   prompt_save:  - saving prompt with length 165, total state size = 1.767 MiB
srv         alloc:  - prompt is already in the cache, skipping
srv          load:  - looking for better prompt, base f_keep = 0.067, sim = 0.324
srv        update:  - cache state: 9 prompts, 29.250 MiB (limits: 8192.000 MiB, 2048 tokens, 578343 est)
srv        update:    - prompt 0xc7c180:     174 tokens, checkpoints:  0,     1.863 MiB
srv        update:    - prompt 0xdf2470:     165 tokens, checkpoints:  0,     1.767 MiB
srv        update:    - prompt 0xfffd98003c20:     161 tokens, checkpoints:  0,     1.724 MiB
srv        update:    - prompt 0xded520:     221 tokens, checkpoints:  1,     3.054 MiB
srv        update:    - prompt 0xdef0c0:     214 tokens, checkpoints:  2,     3.018 MiB
srv        update:    - prompt 0xe106e0:     286 tokens, checkpoints:  2,     4.339 MiB
srv        update:    - prompt 0xe0a510:     439 tokens, checkpoints:  2,     7.146 MiB
srv        update:    - prompt 0xc6e500:     381 tokens, checkpoints:  2,     6.082 MiB
srv        update:    - prompt 0xc80860:      24 tokens, checkpoints:  0,     0.257 MiB
srv  get_availabl: prompt cache update took 0.15 ms
slot launch_slot_: id  0 | task -1 | sampler chain: logits -> ?penalties -> ?dry -> ?top-n-sigma -> top-k -> ?typical -> ?top-p -> min-p -> ?xtc -> temp-ext -> dist 
slot launch_slot_: id  0 | task 1308 | processing task, is_child = 0
slot update_slots: id  0 | task 1308 | new prompt, n_ctx_slot = 2048, n_keep = 0, task.n_tokens = 34
slot update_slots: id  0 | task 1308 | n_past = 11, slot.prompt.tokens.size() = 165, seq_id = 0, pos_min = 0, n_swa = 512
slot update_slots: id  0 | task 1308 | forcing full prompt re-processing due to lack of cache data (likely due to SWA or hybrid/recurrent memory, see https://github.com/ggml-org/llama.cpp/pull/13194#issuecomment-2868343055)
slot update_slots: id  0 | task 1308 | n_tokens = 0, memory_seq_rm [0, end)
slot update_slots: id  0 | task 1308 | prompt processing progress, n_tokens = 30, batch.n_tokens = 30, progress = 0.882353
slot update_slots: id  0 | task 1308 | n_tokens = 30, memory_seq_rm [30, end)
slot init_sampler: id  0 | task 1308 | init sampler, took 0.03 ms, tokens: text = 34, total = 34
slot update_slots: id  0 | task 1308 | prompt processing done, n_tokens = 34, batch.n_tokens = 4
srv  log_server_r: done request: POST /v1/chat/completions 127.0.0.1 200
slot print_timing: id  0 | task 1308 | 
prompt eval time =    2089.60 ms /    34 tokens (   61.46 ms per token,    16.27 tokens per second)
       eval time =   19338.56 ms /   128 tokens (  151.08 ms per token,     6.62 tokens per second)
      total time =   21428.15 ms /   162 tokens
slot      release: id  0 | task 1308 | stop processing: n_tokens = 161, truncated = 0
srv  update_slots: all slots are idle
srv  params_from_: Chat format: peg-gemma4
slot get_availabl: id  0 | task -1 | selected slot by LCP similarity, sim_best = 0.117 (> 0.100 thold), f_keep = 0.068
srv  get_availabl: updating prompt cache
srv   prompt_save:  - saving prompt with length 161, total state size = 1.724 MiB
srv         alloc:  - prompt is already in the cache, skipping
srv          load:  - looking for better prompt, base f_keep = 0.068, sim = 0.117
srv          load:  - found better prompt with f_keep = 0.425, sim = 1.000
srv        update:  - cache state: 8 prompts, 26.196 MiB (limits: 8192.000 MiB, 2048 tokens, 576664 est)
srv        update:    - prompt 0xc7c180:     174 tokens, checkpoints:  0,     1.863 MiB
srv        update:    - prompt 0xdf2470:     165 tokens, checkpoints:  0,     1.767 MiB
srv        update:    - prompt 0xfffd98003c20:     161 tokens, checkpoints:  0,     1.724 MiB
srv        update:    - prompt 0xdef0c0:     214 tokens, checkpoints:  2,     3.018 MiB
srv        update:    - prompt 0xe106e0:     286 tokens, checkpoints:  2,     4.339 MiB
srv        update:    - prompt 0xe0a510:     439 tokens, checkpoints:  2,     7.146 MiB
srv        update:    - prompt 0xc6e500:     381 tokens, checkpoints:  2,     6.082 MiB
srv        update:    - prompt 0xc80860:      24 tokens, checkpoints:  0,     0.257 MiB
srv  get_availabl: prompt cache update took 1.24 ms
slot launch_slot_: id  0 | task -1 | sampler chain: logits -> ?penalties -> ?dry -> ?top-n-sigma -> top-k -> ?typical -> ?top-p -> min-p -> ?xtc -> temp-ext -> dist 
slot launch_slot_: id  0 | task 1438 | processing task, is_child = 0
slot update_slots: id  0 | task 1438 | new prompt, n_ctx_slot = 2048, n_keep = 0, task.n_tokens = 94
slot update_slots: id  0 | task 1438 | n_past = 94, slot.prompt.tokens.size() = 221, seq_id = 0, pos_min = 0, n_swa = 512
slot update_slots: id  0 | task 1438 | Checking checkpoint with [0, 89] against 0...
slot update_slots: id  0 | task 1438 | restored context checkpoint (pos_min = 0, pos_max = 89, n_tokens = 90, n_past = 89, size = 0.688 MiB)
slot update_slots: id  0 | task 1438 | n_tokens = 89, memory_seq_rm [89, end)
slot update_slots: id  0 | task 1438 | prompt processing progress, n_tokens = 90, batch.n_tokens = 1, progress = 0.957447
slot update_slots: id  0 | task 1438 | n_tokens = 90, memory_seq_rm [90, end)
slot init_sampler: id  0 | task 1438 | init sampler, took 0.06 ms, tokens: text = 94, total = 94
slot update_slots: id  0 | task 1438 | prompt processing done, n_tokens = 94, batch.n_tokens = 4
srv  log_server_r: done request: POST /v1/chat/completions 127.0.0.1 200
slot print_timing: id  0 | task 1438 | 
prompt eval time =     459.20 ms /     5 tokens (   91.84 ms per token,    10.89 tokens per second)
       eval time =   20831.75 ms /   128 tokens (  162.75 ms per token,     6.14 tokens per second)
      total time =   21290.95 ms /   133 tokens
slot      release: id  0 | task 1438 | stop processing: n_tokens = 221, truncated = 0
srv  update_slots: all slots are idle
srv  params_from_: Chat format: peg-gemma4
slot get_availabl: id  0 | task -1 | selected slot by LCP similarity, sim_best = 0.138 (> 0.100 thold), f_keep = 0.054
srv  get_availabl: updating prompt cache
srv   prompt_save:  - saving prompt with length 221, total state size = 2.366 MiB
srv          load:  - looking for better prompt, base f_keep = 0.054, sim = 0.138
srv          load:  - found better prompt with f_keep = 0.407, sim = 1.000
srv        update:  - cache state: 8 prompts, 26.232 MiB (limits: 8192.000 MiB, 2048 tokens, 578054 est)
srv        update:    - prompt 0xc7c180:     174 tokens, checkpoints:  0,     1.863 MiB
srv        update:    - prompt 0xdf2470:     165 tokens, checkpoints:  0,     1.767 MiB
srv        update:    - prompt 0xfffd98003c20:     161 tokens, checkpoints:  0,     1.724 MiB
srv        update:    - prompt 0xe106e0:     286 tokens, checkpoints:  2,     4.339 MiB
srv        update:    - prompt 0xe0a510:     439 tokens, checkpoints:  2,     7.146 MiB
srv        update:    - prompt 0xc6e500:     381 tokens, checkpoints:  2,     6.082 MiB
srv        update:    - prompt 0xc80860:      24 tokens, checkpoints:  0,     0.257 MiB
srv        update:    - prompt 0xded520:     221 tokens, checkpoints:  1,     3.054 MiB
srv  get_availabl: prompt cache update took 1.97 ms
slot launch_slot_: id  0 | task -1 | sampler chain: logits -> ?penalties -> ?dry -> ?top-n-sigma -> top-k -> ?typical -> ?top-p -> min-p -> ?xtc -> temp-ext -> dist 
slot launch_slot_: id  0 | task 1568 | processing task, is_child = 0
slot update_slots: id  0 | task 1568 | new prompt, n_ctx_slot = 2048, n_keep = 0, task.n_tokens = 87
slot update_slots: id  0 | task 1568 | n_past = 87, slot.prompt.tokens.size() = 214, seq_id = 0, pos_min = 0, n_swa = 512
slot update_slots: id  0 | task 1568 | Checking checkpoint with [0, 82] against 0...
slot update_slots: id  0 | task 1568 | restored context checkpoint (pos_min = 0, pos_max = 82, n_tokens = 83, n_past = 82, size = 0.635 MiB)
slot update_slots: id  0 | task 1568 | n_tokens = 82, memory_seq_rm [82, end)
slot update_slots: id  0 | task 1568 | prompt processing progress, n_tokens = 83, batch.n_tokens = 1, progress = 0.954023
slot update_slots: id  0 | task 1568 | n_tokens = 83, memory_seq_rm [83, end)
slot init_sampler: id  0 | task 1568 | init sampler, took 0.05 ms, tokens: text = 87, total = 87
slot update_slots: id  0 | task 1568 | prompt processing done, n_tokens = 87, batch.n_tokens = 4
srv  log_server_r: done request: POST /v1/chat/completions 127.0.0.1 200
slot print_timing: id  0 | task 1568 | 
prompt eval time =     455.15 ms /     5 tokens (   91.03 ms per token,    10.99 tokens per second)
       eval time =   20931.79 ms /   128 tokens (  163.53 ms per token,     6.12 tokens per second)
      total time =   21386.94 ms /   133 tokens
slot      release: id  0 | task 1568 | stop processing: n_tokens = 214, truncated = 0
srv  update_slots: all slots are idle
srv  params_from_: Chat format: peg-gemma4
slot get_availabl: id  0 | task -1 | selected slot by LRU, t_last = 124531005034
srv  get_availabl: updating prompt cache
srv   prompt_save:  - saving prompt with length 214, total state size = 2.291 MiB
srv          load:  - looking for better prompt, base f_keep = 0.051, sim = 0.069
srv          load:  - found better prompt with f_keep = 0.556, sim = 1.000
srv        update:  - cache state: 8 prompts, 24.911 MiB (limits: 8192.000 MiB, 2048 tokens, 585026 est)
srv        update:    - prompt 0xc7c180:     174 tokens, checkpoints:  0,     1.863 MiB
srv        update:    - prompt 0xdf2470:     165 tokens, checkpoints:  0,     1.767 MiB
srv        update:    - prompt 0xfffd98003c20:     161 tokens, checkpoints:  0,     1.724 MiB
srv        update:    - prompt 0xe0a510:     439 tokens, checkpoints:  2,     7.146 MiB
srv        update:    - prompt 0xc6e500:     381 tokens, checkpoints:  2,     6.082 MiB
srv        update:    - prompt 0xc80860:      24 tokens, checkpoints:  0,     0.257 MiB
srv        update:    - prompt 0xded520:     221 tokens, checkpoints:  1,     3.054 MiB
srv        update:    - prompt 0xdef0c0:     214 tokens, checkpoints:  2,     3.018 MiB
srv  get_availabl: prompt cache update took 2.20 ms
slot launch_slot_: id  0 | task -1 | sampler chain: logits -> ?penalties -> ?dry -> ?top-n-sigma -> top-k -> ?typical -> ?top-p -> min-p -> ?xtc -> temp-ext -> dist 
slot launch_slot_: id  0 | task 1698 | processing task, is_child = 0
slot update_slots: id  0 | task 1698 | new prompt, n_ctx_slot = 2048, n_keep = 0, task.n_tokens = 159
slot update_slots: id  0 | task 1698 | n_past = 159, slot.prompt.tokens.size() = 286, seq_id = 0, pos_min = 0, n_swa = 512
slot update_slots: id  0 | task 1698 | Checking checkpoint with [0, 154] against 0...
slot update_slots: id  0 | task 1698 | restored context checkpoint (pos_min = 0, pos_max = 154, n_tokens = 155, n_past = 154, size = 1.185 MiB)
slot update_slots: id  0 | task 1698 | n_tokens = 154, memory_seq_rm [154, end)
slot update_slots: id  0 | task 1698 | prompt processing progress, n_tokens = 155, batch.n_tokens = 1, progress = 0.974843
slot update_slots: id  0 | task 1698 | n_tokens = 155, memory_seq_rm [155, end)
slot init_sampler: id  0 | task 1698 | init sampler, took 0.09 ms, tokens: text = 159, total = 159
slot update_slots: id  0 | task 1698 | prompt processing done, n_tokens = 159, batch.n_tokens = 4
srv  log_server_r: done request: POST /v1/chat/completions 127.0.0.1 200
slot print_timing: id  0 | task 1698 | 
prompt eval time =     504.88 ms /     5 tokens (  100.98 ms per token,     9.90 tokens per second)
       eval time =   23298.89 ms /   128 tokens (  182.02 ms per token,     5.49 tokens per second)
      total time =   23803.77 ms /   133 tokens
slot      release: id  0 | task 1698 | stop processing: n_tokens = 286, truncated = 0
srv  update_slots: all slots are idle
srv  params_from_: Chat format: peg-gemma4
slot get_availabl: id  0 | task -1 | selected slot by LRU, t_last = 124554820355
srv  get_availabl: updating prompt cache
srv   prompt_save:  - saving prompt with length 286, total state size = 3.062 MiB
srv          load:  - looking for better prompt, base f_keep = 0.038, sim = 0.035
srv          load:  - found better prompt with f_keep = 0.711, sim = 1.000
srv        update:  - cache state: 8 prompts, 22.104 MiB (limits: 8192.000 MiB, 2048 tokens, 602609 est)
srv        update:    - prompt 0xc7c180:     174 tokens, checkpoints:  0,     1.863 MiB
srv        update:    - prompt 0xdf2470:     165 tokens, checkpoints:  0,     1.767 MiB
srv        update:    - prompt 0xfffd98003c20:     161 tokens, checkpoints:  0,     1.724 MiB
srv        update:    - prompt 0xc6e500:     381 tokens, checkpoints:  2,     6.082 MiB
srv        update:    - prompt 0xc80860:      24 tokens, checkpoints:  0,     0.257 MiB
srv        update:    - prompt 0xded520:     221 tokens, checkpoints:  1,     3.054 MiB
srv        update:    - prompt 0xdef0c0:     214 tokens, checkpoints:  2,     3.018 MiB
srv        update:    - prompt 0xe106e0:     286 tokens, checkpoints:  2,     4.339 MiB
srv  get_availabl: prompt cache update took 3.02 ms
slot launch_slot_: id  0 | task -1 | sampler chain: logits -> ?penalties -> ?dry -> ?top-n-sigma -> top-k -> ?typical -> ?top-p -> min-p -> ?xtc -> temp-ext -> dist 
slot launch_slot_: id  0 | task 1828 | processing task, is_child = 0
slot update_slots: id  0 | task 1828 | new prompt, n_ctx_slot = 2048, n_keep = 0, task.n_tokens = 312
slot update_slots: id  0 | task 1828 | n_past = 312, slot.prompt.tokens.size() = 439, seq_id = 0, pos_min = 0, n_swa = 512
slot update_slots: id  0 | task 1828 | Checking checkpoint with [0, 307] against 0...
slot update_slots: id  0 | task 1828 | restored context checkpoint (pos_min = 0, pos_max = 307, n_tokens = 308, n_past = 307, size = 2.354 MiB)
slot update_slots: id  0 | task 1828 | n_tokens = 307, memory_seq_rm [307, end)
slot update_slots: id  0 | task 1828 | prompt processing progress, n_tokens = 308, batch.n_tokens = 1, progress = 0.987179
slot update_slots: id  0 | task 1828 | n_tokens = 308, memory_seq_rm [308, end)
slot init_sampler: id  0 | task 1828 | init sampler, took 0.17 ms, tokens: text = 312, total = 312
slot update_slots: id  0 | task 1828 | prompt processing done, n_tokens = 312, batch.n_tokens = 4
srv  log_server_r: done request: POST /v1/chat/completions 127.0.0.1 200
slot print_timing: id  0 | task 1828 | 
prompt eval time =     611.37 ms /     5 tokens (  122.27 ms per token,     8.18 tokens per second)
       eval time =   27573.71 ms /   128 tokens (  215.42 ms per token,     4.64 tokens per second)
      total time =   28185.08 ms /   133 tokens
slot      release: id  0 | task 1828 | stop processing: n_tokens = 439, truncated = 0
srv  update_slots: all slots are idle
srv  params_from_: Chat format: peg-gemma4
slot get_availabl: id  0 | task -1 | selected slot by LRU, t_last = 124583019366
srv  get_availabl: updating prompt cache
srv   prompt_save:  - saving prompt with length 439, total state size = 4.700 MiB
srv          load:  - looking for better prompt, base f_keep = 0.025, sim = 0.043
srv          load:  - found better prompt with f_keep = 0.667, sim = 1.000
srv        update:  - cache state: 8 prompts, 23.168 MiB (limits: 8192.000 MiB, 2048 tokens, 595442 est)
srv        update:    - prompt 0xc7c180:     174 tokens, checkpoints:  0,     1.863 MiB
srv        update:    - prompt 0xdf2470:     165 tokens, checkpoints:  0,     1.767 MiB
srv        update:    - prompt 0xfffd98003c20:     161 tokens, checkpoints:  0,     1.724 MiB
srv        update:    - prompt 0xc80860:      24 tokens, checkpoints:  0,     0.257 MiB
srv        update:    - prompt 0xded520:     221 tokens, checkpoints:  1,     3.054 MiB
srv        update:    - prompt 0xdef0c0:     214 tokens, checkpoints:  2,     3.018 MiB
srv        update:    - prompt 0xe106e0:     286 tokens, checkpoints:  2,     4.339 MiB
srv        update:    - prompt 0xe0a510:     439 tokens, checkpoints:  2,     7.146 MiB
srv  get_availabl: prompt cache update took 3.59 ms
slot launch_slot_: id  0 | task -1 | sampler chain: logits -> ?penalties -> ?dry -> ?top-n-sigma -> top-k -> ?typical -> ?top-p -> min-p -> ?xtc -> temp-ext -> dist 
slot launch_slot_: id  0 | task 1958 | processing task, is_child = 0
slot update_slots: id  0 | task 1958 | new prompt, n_ctx_slot = 2048, n_keep = 0, task.n_tokens = 254
slot update_slots: id  0 | task 1958 | n_past = 254, slot.prompt.tokens.size() = 381, seq_id = 0, pos_min = 0, n_swa = 512
slot update_slots: id  0 | task 1958 | Checking checkpoint with [0, 249] against 0...
slot update_slots: id  0 | task 1958 | restored context checkpoint (pos_min = 0, pos_max = 249, n_tokens = 250, n_past = 249, size = 1.911 MiB)
slot update_slots: id  0 | task 1958 | n_tokens = 249, memory_seq_rm [249, end)
slot update_slots: id  0 | task 1958 | prompt processing progress, n_tokens = 250, batch.n_tokens = 1, progress = 0.984252
slot update_slots: id  0 | task 1958 | n_tokens = 250, memory_seq_rm [250, end)
slot init_sampler: id  0 | task 1958 | init sampler, took 0.14 ms, tokens: text = 254, total = 254
slot update_slots: id  0 | task 1958 | prompt processing done, n_tokens = 254, batch.n_tokens = 4
srv  log_server_r: done request: POST /v1/chat/completions 127.0.0.1 200
slot print_timing: id  0 | task 1958 | 
prompt eval time =     571.86 ms /     5 tokens (  114.37 ms per token,     8.74 tokens per second)
       eval time =   25717.26 ms /   128 tokens (  200.92 ms per token,     4.98 tokens per second)
      total time =   26289.12 ms /   133 tokens
slot      release: id  0 | task 1958 | stop processing: n_tokens = 381, truncated = 0
srv  update_slots: all slots are idle
srv  params_from_: Chat format: peg-gemma4
slot get_availabl: id  0 | task -1 | selected slot by LCP similarity, sim_best = 0.478 (> 0.100 thold), f_keep = 0.029
srv  get_availabl: updating prompt cache
srv   prompt_save:  - saving prompt with length 381, total state size = 4.079 MiB
srv          load:  - looking for better prompt, base f_keep = 0.029, sim = 0.478
srv          load:  - found better prompt with f_keep = 0.958, sim = 1.000
srv        update:  - cache state: 8 prompts, 28.992 MiB (limits: 8192.000 MiB, 2048 tokens, 576698 est)
srv        update:    - prompt 0xc7c180:     174 tokens, checkpoints:  0,     1.863 MiB
srv        update:    - prompt 0xdf2470:     165 tokens, checkpoints:  0,     1.767 MiB
srv        update:    - prompt 0xfffd98003c20:     161 tokens, checkpoints:  0,     1.724 MiB
srv        update:    - prompt 0xded520:     221 tokens, checkpoints:  1,     3.054 MiB
srv        update:    - prompt 0xdef0c0:     214 tokens, checkpoints:  2,     3.018 MiB
srv        update:    - prompt 0xe106e0:     286 tokens, checkpoints:  2,     4.339 MiB
srv        update:    - prompt 0xe0a510:     439 tokens, checkpoints:  2,     7.146 MiB
srv        update:    - prompt 0xc6e500:     381 tokens, checkpoints:  2,     6.082 MiB
srv  get_availabl: prompt cache update took 2.18 ms
slot launch_slot_: id  0 | task -1 | sampler chain: logits -> ?penalties -> ?dry -> ?top-n-sigma -> top-k -> ?typical -> ?top-p -> min-p -> ?xtc -> temp-ext -> dist 
slot launch_slot_: id  0 | task 2088 | processing task, is_child = 0
slot update_slots: id  0 | task 2088 | new prompt, n_ctx_slot = 2048, n_keep = 0, task.n_tokens = 23
slot update_slots: id  0 | task 2088 | n_past = 23, slot.prompt.tokens.size() = 24, seq_id = 0, pos_min = 0, n_swa = 512
slot update_slots: id  0 | task 2088 | forcing full prompt re-processing due to lack of cache data (likely due to SWA or hybrid/recurrent memory, see https://github.com/ggml-org/llama.cpp/pull/13194#issuecomment-2868343055)
slot update_slots: id  0 | task 2088 | n_tokens = 0, memory_seq_rm [0, end)
slot update_slots: id  0 | task 2088 | prompt processing progress, n_tokens = 19, batch.n_tokens = 19, progress = 0.826087
slot update_slots: id  0 | task 2088 | n_tokens = 19, memory_seq_rm [19, end)
slot init_sampler: id  0 | task 2088 | init sampler, took 0.02 ms, tokens: text = 23, total = 23
slot update_slots: id  0 | task 2088 | prompt processing done, n_tokens = 23, batch.n_tokens = 4
srv  log_server_r: done request: POST /v1/chat/completions 127.0.0.1 200
slot print_timing: id  0 | task 2088 | 
prompt eval time =    1431.56 ms /    23 tokens (   62.24 ms per token,    16.07 tokens per second)
       eval time =     139.33 ms /     2 tokens (   69.67 ms per token,    14.35 tokens per second)
      total time =    1570.89 ms /    25 tokens
slot      release: id  0 | task 2088 | stop processing: n_tokens = 24, truncated = 0
srv  update_slots: all slots are idle
srv  params_from_: Chat format: peg-gemma4
slot get_availabl: id  0 | task -1 | selected slot by LCP similarity, sim_best = 0.234 (> 0.100 thold), f_keep = 0.458
srv  get_availabl: updating prompt cache
srv   prompt_save:  - saving prompt with length 24, total state size = 0.257 MiB
srv          load:  - looking for better prompt, base f_keep = 0.458, sim = 0.234
srv        update:  - cache state: 9 prompts, 29.250 MiB (limits: 8192.000 MiB, 2048 tokens, 578343 est)
srv        update:    - prompt 0xc7c180:     174 tokens, checkpoints:  0,     1.863 MiB
srv        update:    - prompt 0xdf2470:     165 tokens, checkpoints:  0,     1.767 MiB
srv        update:    - prompt 0xfffd98003c20:     161 tokens, checkpoints:  0,     1.724 MiB
srv        update:    - prompt 0xded520:     221 tokens, checkpoints:  1,     3.054 MiB
srv        update:    - prompt 0xdef0c0:     214 tokens, checkpoints:  2,     3.018 MiB
srv        update:    - prompt 0xe106e0:     286 tokens, checkpoints:  2,     4.339 MiB
srv        update:    - prompt 0xe0a510:     439 tokens, checkpoints:  2,     7.146 MiB
srv        update:    - prompt 0xc6e500:     381 tokens, checkpoints:  2,     6.082 MiB
srv        update:    - prompt 0xfffd7c003c20:      24 tokens, checkpoints:  0,     0.257 MiB
srv  get_availabl: prompt cache update took 0.28 ms
slot launch_slot_: id  0 | task -1 | sampler chain: logits -> ?penalties -> ?dry -> ?top-n-sigma -> top-k -> ?typical -> ?top-p -> min-p -> ?xtc -> temp-ext -> dist 
slot launch_slot_: id  0 | task 2092 | processing task, is_child = 0
slot update_slots: id  0 | task 2092 | new prompt, n_ctx_slot = 2048, n_keep = 0, task.n_tokens = 47
slot update_slots: id  0 | task 2092 | n_past = 11, slot.prompt.tokens.size() = 24, seq_id = 0, pos_min = 0, n_swa = 512
slot update_slots: id  0 | task 2092 | forcing full prompt re-processing due to lack of cache data (likely due to SWA or hybrid/recurrent memory, see https://github.com/ggml-org/llama.cpp/pull/13194#issuecomment-2868343055)
slot update_slots: id  0 | task 2092 | n_tokens = 0, memory_seq_rm [0, end)
slot update_slots: id  0 | task 2092 | prompt processing progress, n_tokens = 43, batch.n_tokens = 43, progress = 0.914894
slot update_slots: id  0 | task 2092 | n_tokens = 43, memory_seq_rm [43, end)
slot init_sampler: id  0 | task 2092 | init sampler, took 0.03 ms, tokens: text = 47, total = 47
slot update_slots: id  0 | task 2092 | prompt processing done, n_tokens = 47, batch.n_tokens = 4
srv  log_server_r: done request: POST /v1/chat/completions 127.0.0.1 200
slot print_timing: id  0 | task 2092 | 
prompt eval time =    2806.12 ms /    47 tokens (   59.70 ms per token,    16.75 tokens per second)
       eval time =   19626.22 ms /   128 tokens (  153.33 ms per token,     6.52 tokens per second)
      total time =   22432.33 ms /   175 tokens
slot      release: id  0 | task 2092 | stop processing: n_tokens = 174, truncated = 0
srv  update_slots: all slots are idle
srv  params_from_: Chat format: peg-gemma4
slot get_availabl: id  0 | task -1 | selected slot by LCP similarity, sim_best = 0.289 (> 0.100 thold), f_keep = 0.063
srv  get_availabl: updating prompt cache
srv   prompt_save:  - saving prompt with length 174, total state size = 1.863 MiB
srv         alloc:  - prompt is already in the cache, skipping
srv          load:  - looking for better prompt, base f_keep = 0.063, sim = 0.289
srv        update:  - cache state: 9 prompts, 29.250 MiB (limits: 8192.000 MiB, 2048 tokens, 578343 est)
srv        update:    - prompt 0xc7c180:     174 tokens, checkpoints:  0,     1.863 MiB
srv        update:    - prompt 0xdf2470:     165 tokens, checkpoints:  0,     1.767 MiB
srv        update:    - prompt 0xfffd98003c20:     161 tokens, checkpoints:  0,     1.724 MiB
srv        update:    - prompt 0xded520:     221 tokens, checkpoints:  1,     3.054 MiB
srv        update:    - prompt 0xdef0c0:     214 tokens, checkpoints:  2,     3.018 MiB
srv        update:    - prompt 0xe106e0:     286 tokens, checkpoints:  2,     4.339 MiB
srv        update:    - prompt 0xe0a510:     439 tokens, checkpoints:  2,     7.146 MiB
srv        update:    - prompt 0xc6e500:     381 tokens, checkpoints:  2,     6.082 MiB
srv        update:    - prompt 0xfffd7c003c20:      24 tokens, checkpoints:  0,     0.257 MiB
srv  get_availabl: prompt cache update took 0.16 ms
slot launch_slot_: id  0 | task -1 | sampler chain: logits -> ?penalties -> ?dry -> ?top-n-sigma -> top-k -> ?typical -> ?top-p -> min-p -> ?xtc -> temp-ext -> dist 
slot launch_slot_: id  0 | task 2222 | processing task, is_child = 0
slot update_slots: id  0 | task 2222 | new prompt, n_ctx_slot = 2048, n_keep = 0, task.n_tokens = 38
slot update_slots: id  0 | task 2222 | n_past = 11, slot.prompt.tokens.size() = 174, seq_id = 0, pos_min = 0, n_swa = 512
slot update_slots: id  0 | task 2222 | forcing full prompt re-processing due to lack of cache data (likely due to SWA or hybrid/recurrent memory, see https://github.com/ggml-org/llama.cpp/pull/13194#issuecomment-2868343055)
slot update_slots: id  0 | task 2222 | n_tokens = 0, memory_seq_rm [0, end)
slot update_slots: id  0 | task 2222 | prompt processing progress, n_tokens = 34, batch.n_tokens = 34, progress = 0.894737
slot update_slots: id  0 | task 2222 | n_tokens = 34, memory_seq_rm [34, end)
slot init_sampler: id  0 | task 2222 | init sampler, took 0.03 ms, tokens: text = 38, total = 38
slot update_slots: id  0 | task 2222 | prompt processing done, n_tokens = 38, batch.n_tokens = 4
srv  log_server_r: done request: POST /v1/chat/completions 127.0.0.1 200
slot print_timing: id  0 | task 2222 | 
prompt eval time =    2284.72 ms /    38 tokens (   60.12 ms per token,    16.63 tokens per second)
       eval time =   18768.36 ms /   128 tokens (  146.63 ms per token,     6.82 tokens per second)
      total time =   21053.08 ms /   166 tokens
slot      release: id  0 | task 2222 | stop processing: n_tokens = 165, truncated = 0
srv  update_slots: all slots are idle
srv  params_from_: Chat format: peg-gemma4
slot get_availabl: id  0 | task -1 | selected slot by LCP similarity, sim_best = 0.324 (> 0.100 thold), f_keep = 0.067
srv  get_availabl: updating prompt cache
srv   prompt_save:  - saving prompt with length 165, total state size = 1.767 MiB
srv         alloc:  - prompt is already in the cache, skipping
srv          load:  - looking for better prompt, base f_keep = 0.067, sim = 0.324
srv        update:  - cache state: 9 prompts, 29.250 MiB (limits: 8192.000 MiB, 2048 tokens, 578343 est)
srv        update:    - prompt 0xc7c180:     174 tokens, checkpoints:  0,     1.863 MiB
srv        update:    - prompt 0xdf2470:     165 tokens, checkpoints:  0,     1.767 MiB
srv        update:    - prompt 0xfffd98003c20:     161 tokens, checkpoints:  0,     1.724 MiB
srv        update:    - prompt 0xded520:     221 tokens, checkpoints:  1,     3.054 MiB
srv        update:    - prompt 0xdef0c0:     214 tokens, checkpoints:  2,     3.018 MiB
srv        update:    - prompt 0xe106e0:     286 tokens, checkpoints:  2,     4.339 MiB
srv        update:    - prompt 0xe0a510:     439 tokens, checkpoints:  2,     7.146 MiB
srv        update:    - prompt 0xc6e500:     381 tokens, checkpoints:  2,     6.082 MiB
srv        update:    - prompt 0xfffd7c003c20:      24 tokens, checkpoints:  0,     0.257 MiB
srv  get_availabl: prompt cache update took 0.16 ms
slot launch_slot_: id  0 | task -1 | sampler chain: logits -> ?penalties -> ?dry -> ?top-n-sigma -> top-k -> ?typical -> ?top-p -> min-p -> ?xtc -> temp-ext -> dist 
slot launch_slot_: id  0 | task 2352 | processing task, is_child = 0
slot update_slots: id  0 | task 2352 | new prompt, n_ctx_slot = 2048, n_keep = 0, task.n_tokens = 34
slot update_slots: id  0 | task 2352 | n_past = 11, slot.prompt.tokens.size() = 165, seq_id = 0, pos_min = 0, n_swa = 512
slot update_slots: id  0 | task 2352 | forcing full prompt re-processing due to lack of cache data (likely due to SWA or hybrid/recurrent memory, see https://github.com/ggml-org/llama.cpp/pull/13194#issuecomment-2868343055)
slot update_slots: id  0 | task 2352 | n_tokens = 0, memory_seq_rm [0, end)
slot update_slots: id  0 | task 2352 | prompt processing progress, n_tokens = 30, batch.n_tokens = 30, progress = 0.882353
slot update_slots: id  0 | task 2352 | n_tokens = 30, memory_seq_rm [30, end)
slot init_sampler: id  0 | task 2352 | init sampler, took 0.03 ms, tokens: text = 34, total = 34
slot update_slots: id  0 | task 2352 | prompt processing done, n_tokens = 34, batch.n_tokens = 4
srv  log_server_r: done request: POST /v1/chat/completions 127.0.0.1 200
slot print_timing: id  0 | task 2352 | 
prompt eval time =    2090.06 ms /    34 tokens (   61.47 ms per token,    16.27 tokens per second)
       eval time =   19383.19 ms /   128 tokens (  151.43 ms per token,     6.60 tokens per second)
      total time =   21473.25 ms /   162 tokens
slot      release: id  0 | task 2352 | stop processing: n_tokens = 161, truncated = 0
srv  update_slots: all slots are idle
srv  params_from_: Chat format: peg-gemma4
slot get_availabl: id  0 | task -1 | selected slot by LCP similarity, sim_best = 0.117 (> 0.100 thold), f_keep = 0.068
srv  get_availabl: updating prompt cache
srv   prompt_save:  - saving prompt with length 161, total state size = 1.724 MiB
srv         alloc:  - prompt is already in the cache, skipping
srv          load:  - looking for better prompt, base f_keep = 0.068, sim = 0.117
srv          load:  - found better prompt with f_keep = 0.425, sim = 1.000
srv        update:  - cache state: 8 prompts, 26.196 MiB (limits: 8192.000 MiB, 2048 tokens, 576664 est)
srv        update:    - prompt 0xc7c180:     174 tokens, checkpoints:  0,     1.863 MiB
srv        update:    - prompt 0xdf2470:     165 tokens, checkpoints:  0,     1.767 MiB
srv        update:    - prompt 0xfffd98003c20:     161 tokens, checkpoints:  0,     1.724 MiB
srv        update:    - prompt 0xdef0c0:     214 tokens, checkpoints:  2,     3.018 MiB
srv        update:    - prompt 0xe106e0:     286 tokens, checkpoints:  2,     4.339 MiB
srv        update:    - prompt 0xe0a510:     439 tokens, checkpoints:  2,     7.146 MiB
srv        update:    - prompt 0xc6e500:     381 tokens, checkpoints:  2,     6.082 MiB
srv        update:    - prompt 0xfffd7c003c20:      24 tokens, checkpoints:  0,     0.257 MiB
srv  get_availabl: prompt cache update took 1.31 ms
slot launch_slot_: id  0 | task -1 | sampler chain: logits -> ?penalties -> ?dry -> ?top-n-sigma -> top-k -> ?typical -> ?top-p -> min-p -> ?xtc -> temp-ext -> dist 
slot launch_slot_: id  0 | task 2482 | processing task, is_child = 0
slot update_slots: id  0 | task 2482 | new prompt, n_ctx_slot = 2048, n_keep = 0, task.n_tokens = 94
slot update_slots: id  0 | task 2482 | n_past = 94, slot.prompt.tokens.size() = 221, seq_id = 0, pos_min = 0, n_swa = 512
slot update_slots: id  0 | task 2482 | Checking checkpoint with [0, 89] against 0...
slot update_slots: id  0 | task 2482 | restored context checkpoint (pos_min = 0, pos_max = 89, n_tokens = 90, n_past = 89, size = 0.688 MiB)
slot update_slots: id  0 | task 2482 | n_tokens = 89, memory_seq_rm [89, end)
slot update_slots: id  0 | task 2482 | prompt processing progress, n_tokens = 90, batch.n_tokens = 1, progress = 0.957447
slot update_slots: id  0 | task 2482 | n_tokens = 90, memory_seq_rm [90, end)
slot init_sampler: id  0 | task 2482 | init sampler, took 0.06 ms, tokens: text = 94, total = 94
slot update_slots: id  0 | task 2482 | prompt processing done, n_tokens = 94, batch.n_tokens = 4
srv  log_server_r: done request: POST /v1/chat/completions 127.0.0.1 200
slot print_timing: id  0 | task 2482 | 
prompt eval time =     460.33 ms /     5 tokens (   92.07 ms per token,    10.86 tokens per second)
       eval time =   20883.56 ms /   128 tokens (  163.15 ms per token,     6.13 tokens per second)
      total time =   21343.89 ms /   133 tokens
slot      release: id  0 | task 2482 | stop processing: n_tokens = 221, truncated = 0
srv  update_slots: all slots are idle
srv  params_from_: Chat format: peg-gemma4
slot get_availabl: id  0 | task -1 | selected slot by LCP similarity, sim_best = 0.138 (> 0.100 thold), f_keep = 0.054
srv  get_availabl: updating prompt cache
srv   prompt_save:  - saving prompt with length 221, total state size = 2.366 MiB
srv          load:  - looking for better prompt, base f_keep = 0.054, sim = 0.138
srv          load:  - found better prompt with f_keep = 0.407, sim = 1.000
srv        update:  - cache state: 8 prompts, 26.232 MiB (limits: 8192.000 MiB, 2048 tokens, 578054 est)
srv        update:    - prompt 0xc7c180:     174 tokens, checkpoints:  0,     1.863 MiB
srv        update:    - prompt 0xdf2470:     165 tokens, checkpoints:  0,     1.767 MiB
srv        update:    - prompt 0xfffd98003c20:     161 tokens, checkpoints:  0,     1.724 MiB
srv        update:    - prompt 0xe106e0:     286 tokens, checkpoints:  2,     4.339 MiB
srv        update:    - prompt 0xe0a510:     439 tokens, checkpoints:  2,     7.146 MiB
srv        update:    - prompt 0xc6e500:     381 tokens, checkpoints:  2,     6.082 MiB
srv        update:    - prompt 0xfffd7c003c20:      24 tokens, checkpoints:  0,     0.257 MiB
srv        update:    - prompt 0xded520:     221 tokens, checkpoints:  1,     3.054 MiB
srv  get_availabl: prompt cache update took 2.07 ms
slot launch_slot_: id  0 | task -1 | sampler chain: logits -> ?penalties -> ?dry -> ?top-n-sigma -> top-k -> ?typical -> ?top-p -> min-p -> ?xtc -> temp-ext -> dist 
slot launch_slot_: id  0 | task 2612 | processing task, is_child = 0
slot update_slots: id  0 | task 2612 | new prompt, n_ctx_slot = 2048, n_keep = 0, task.n_tokens = 87
slot update_slots: id  0 | task 2612 | n_past = 87, slot.prompt.tokens.size() = 214, seq_id = 0, pos_min = 0, n_swa = 512
slot update_slots: id  0 | task 2612 | Checking checkpoint with [0, 82] against 0...
slot update_slots: id  0 | task 2612 | restored context checkpoint (pos_min = 0, pos_max = 82, n_tokens = 83, n_past = 82, size = 0.635 MiB)
slot update_slots: id  0 | task 2612 | n_tokens = 82, memory_seq_rm [82, end)
slot update_slots: id  0 | task 2612 | prompt processing progress, n_tokens = 83, batch.n_tokens = 1, progress = 0.954023
slot update_slots: id  0 | task 2612 | n_tokens = 83, memory_seq_rm [83, end)
slot init_sampler: id  0 | task 2612 | init sampler, took 0.05 ms, tokens: text = 87, total = 87
slot update_slots: id  0 | task 2612 | prompt processing done, n_tokens = 87, batch.n_tokens = 4
srv  log_server_r: done request: POST /v1/chat/completions 127.0.0.1 200
slot print_timing: id  0 | task 2612 | 
prompt eval time =     455.61 ms /     5 tokens (   91.12 ms per token,    10.97 tokens per second)
       eval time =   20952.66 ms /   128 tokens (  163.69 ms per token,     6.11 tokens per second)
      total time =   21408.27 ms /   133 tokens
slot      release: id  0 | task 2612 | stop processing: n_tokens = 214, truncated = 0
srv  update_slots: all slots are idle
srv  params_from_: Chat format: peg-gemma4
slot get_availabl: id  0 | task -1 | selected slot by LRU, t_last = 124718659271
srv  get_availabl: updating prompt cache
srv   prompt_save:  - saving prompt with length 214, total state size = 2.291 MiB
srv          load:  - looking for better prompt, base f_keep = 0.051, sim = 0.069
srv          load:  - found better prompt with f_keep = 0.556, sim = 1.000
srv        update:  - cache state: 8 prompts, 24.911 MiB (limits: 8192.000 MiB, 2048 tokens, 585026 est)
srv        update:    - prompt 0xc7c180:     174 tokens, checkpoints:  0,     1.863 MiB
srv        update:    - prompt 0xdf2470:     165 tokens, checkpoints:  0,     1.767 MiB
srv        update:    - prompt 0xfffd98003c20:     161 tokens, checkpoints:  0,     1.724 MiB
srv        update:    - prompt 0xe0a510:     439 tokens, checkpoints:  2,     7.146 MiB
srv        update:    - prompt 0xc6e500:     381 tokens, checkpoints:  2,     6.082 MiB
srv        update:    - prompt 0xfffd7c003c20:      24 tokens, checkpoints:  0,     0.257 MiB
srv        update:    - prompt 0xded520:     221 tokens, checkpoints:  1,     3.054 MiB
srv        update:    - prompt 0xdef0c0:     214 tokens, checkpoints:  2,     3.018 MiB
srv  get_availabl: prompt cache update took 2.21 ms
slot launch_slot_: id  0 | task -1 | sampler chain: logits -> ?penalties -> ?dry -> ?top-n-sigma -> top-k -> ?typical -> ?top-p -> min-p -> ?xtc -> temp-ext -> dist 
slot launch_slot_: id  0 | task 2742 | processing task, is_child = 0
slot update_slots: id  0 | task 2742 | new prompt, n_ctx_slot = 2048, n_keep = 0, task.n_tokens = 159
slot update_slots: id  0 | task 2742 | n_past = 159, slot.prompt.tokens.size() = 286, seq_id = 0, pos_min = 0, n_swa = 512
slot update_slots: id  0 | task 2742 | Checking checkpoint with [0, 154] against 0...
slot update_slots: id  0 | task 2742 | restored context checkpoint (pos_min = 0, pos_max = 154, n_tokens = 155, n_past = 154, size = 1.185 MiB)
slot update_slots: id  0 | task 2742 | n_tokens = 154, memory_seq_rm [154, end)
slot update_slots: id  0 | task 2742 | prompt processing progress, n_tokens = 155, batch.n_tokens = 1, progress = 0.974843
slot update_slots: id  0 | task 2742 | n_tokens = 155, memory_seq_rm [155, end)
slot init_sampler: id  0 | task 2742 | init sampler, took 0.09 ms, tokens: text = 159, total = 159
slot update_slots: id  0 | task 2742 | prompt processing done, n_tokens = 159, batch.n_tokens = 4
srv  log_server_r: done request: POST /v1/chat/completions 127.0.0.1 200
slot print_timing: id  0 | task 2742 | 
prompt eval time =     505.61 ms /     5 tokens (  101.12 ms per token,     9.89 tokens per second)
       eval time =   23212.06 ms /   128 tokens (  181.34 ms per token,     5.51 tokens per second)
      total time =   23717.67 ms /   133 tokens
slot      release: id  0 | task 2742 | stop processing: n_tokens = 286, truncated = 0
srv  update_slots: all slots are idle
srv  params_from_: Chat format: peg-gemma4
slot get_availabl: id  0 | task -1 | selected slot by LRU, t_last = 124742388444
srv  get_availabl: updating prompt cache
srv   prompt_save:  - saving prompt with length 286, total state size = 3.062 MiB
srv          load:  - looking for better prompt, base f_keep = 0.038, sim = 0.035
srv          load:  - found better prompt with f_keep = 0.711, sim = 1.000
srv        update:  - cache state: 8 prompts, 22.104 MiB (limits: 8192.000 MiB, 2048 tokens, 602609 est)
srv        update:    - prompt 0xc7c180:     174 tokens, checkpoints:  0,     1.863 MiB
srv        update:    - prompt 0xdf2470:     165 tokens, checkpoints:  0,     1.767 MiB
srv        update:    - prompt 0xfffd98003c20:     161 tokens, checkpoints:  0,     1.724 MiB
srv        update:    - prompt 0xc6e500:     381 tokens, checkpoints:  2,     6.082 MiB
srv        update:    - prompt 0xfffd7c003c20:      24 tokens, checkpoints:  0,     0.257 MiB
srv        update:    - prompt 0xded520:     221 tokens, checkpoints:  1,     3.054 MiB
srv        update:    - prompt 0xdef0c0:     214 tokens, checkpoints:  2,     3.018 MiB
srv        update:    - prompt 0xe106e0:     286 tokens, checkpoints:  2,     4.339 MiB
srv  get_availabl: prompt cache update took 2.99 ms
slot launch_slot_: id  0 | task -1 | sampler chain: logits -> ?penalties -> ?dry -> ?top-n-sigma -> top-k -> ?typical -> ?top-p -> min-p -> ?xtc -> temp-ext -> dist 
slot launch_slot_: id  0 | task 2872 | processing task, is_child = 0
slot update_slots: id  0 | task 2872 | new prompt, n_ctx_slot = 2048, n_keep = 0, task.n_tokens = 312
slot update_slots: id  0 | task 2872 | n_past = 312, slot.prompt.tokens.size() = 439, seq_id = 0, pos_min = 0, n_swa = 512
slot update_slots: id  0 | task 2872 | Checking checkpoint with [0, 307] against 0...
slot update_slots: id  0 | task 2872 | restored context checkpoint (pos_min = 0, pos_max = 307, n_tokens = 308, n_past = 307, size = 2.354 MiB)
slot update_slots: id  0 | task 2872 | n_tokens = 307, memory_seq_rm [307, end)
slot update_slots: id  0 | task 2872 | prompt processing progress, n_tokens = 308, batch.n_tokens = 1, progress = 0.987179
slot update_slots: id  0 | task 2872 | n_tokens = 308, memory_seq_rm [308, end)
slot init_sampler: id  0 | task 2872 | init sampler, took 0.17 ms, tokens: text = 312, total = 312
slot update_slots: id  0 | task 2872 | prompt processing done, n_tokens = 312, batch.n_tokens = 4
srv  log_server_r: done request: POST /v1/chat/completions 127.0.0.1 200
slot print_timing: id  0 | task 2872 | 
prompt eval time =     610.73 ms /     5 tokens (  122.15 ms per token,     8.19 tokens per second)
       eval time =   27389.96 ms /   128 tokens (  213.98 ms per token,     4.67 tokens per second)
      total time =   28000.69 ms /   133 tokens
slot      release: id  0 | task 2872 | stop processing: n_tokens = 439, truncated = 0
srv  update_slots: all slots are idle
srv  params_from_: Chat format: peg-gemma4
slot get_availabl: id  0 | task -1 | selected slot by LRU, t_last = 124770403019
srv  get_availabl: updating prompt cache
srv   prompt_save:  - saving prompt with length 439, total state size = 4.700 MiB
srv          load:  - looking for better prompt, base f_keep = 0.025, sim = 0.043
srv          load:  - found better prompt with f_keep = 0.667, sim = 1.000
srv        update:  - cache state: 8 prompts, 23.168 MiB (limits: 8192.000 MiB, 2048 tokens, 595442 est)
srv        update:    - prompt 0xc7c180:     174 tokens, checkpoints:  0,     1.863 MiB
srv        update:    - prompt 0xdf2470:     165 tokens, checkpoints:  0,     1.767 MiB
srv        update:    - prompt 0xfffd98003c20:     161 tokens, checkpoints:  0,     1.724 MiB
srv        update:    - prompt 0xfffd7c003c20:      24 tokens, checkpoints:  0,     0.257 MiB
srv        update:    - prompt 0xded520:     221 tokens, checkpoints:  1,     3.054 MiB
srv        update:    - prompt 0xdef0c0:     214 tokens, checkpoints:  2,     3.018 MiB
srv        update:    - prompt 0xe106e0:     286 tokens, checkpoints:  2,     4.339 MiB
srv        update:    - prompt 0xe0a510:     439 tokens, checkpoints:  2,     7.146 MiB
srv  get_availabl: prompt cache update took 3.54 ms
slot launch_slot_: id  0 | task -1 | sampler chain: logits -> ?penalties -> ?dry -> ?top-n-sigma -> top-k -> ?typical -> ?top-p -> min-p -> ?xtc -> temp-ext -> dist 
slot launch_slot_: id  0 | task 3002 | processing task, is_child = 0
slot update_slots: id  0 | task 3002 | new prompt, n_ctx_slot = 2048, n_keep = 0, task.n_tokens = 254
slot update_slots: id  0 | task 3002 | n_past = 254, slot.prompt.tokens.size() = 381, seq_id = 0, pos_min = 0, n_swa = 512
slot update_slots: id  0 | task 3002 | Checking checkpoint with [0, 249] against 0...
slot update_slots: id  0 | task 3002 | restored context checkpoint (pos_min = 0, pos_max = 249, n_tokens = 250, n_past = 249, size = 1.911 MiB)
slot update_slots: id  0 | task 3002 | n_tokens = 249, memory_seq_rm [249, end)
slot update_slots: id  0 | task 3002 | prompt processing progress, n_tokens = 250, batch.n_tokens = 1, progress = 0.984252
slot update_slots: id  0 | task 3002 | n_tokens = 250, memory_seq_rm [250, end)
slot init_sampler: id  0 | task 3002 | init sampler, took 0.14 ms, tokens: text = 254, total = 254
slot update_slots: id  0 | task 3002 | prompt processing done, n_tokens = 254, batch.n_tokens = 4
srv  log_server_r: done request: POST /v1/chat/completions 127.0.0.1 200
slot print_timing: id  0 | task 3002 | 
prompt eval time =     571.51 ms /     5 tokens (  114.30 ms per token,     8.75 tokens per second)
       eval time =   25579.86 ms /   128 tokens (  199.84 ms per token,     5.00 tokens per second)
      total time =   26151.37 ms /   133 tokens
slot      release: id  0 | task 3002 | stop processing: n_tokens = 381, truncated = 0
srv  update_slots: all slots are idle
srv  params_from_: Chat format: peg-gemma4
slot get_availabl: id  0 | task -1 | selected slot by LCP similarity, sim_best = 0.478 (> 0.100 thold), f_keep = 0.029
srv  get_availabl: updating prompt cache
srv   prompt_save:  - saving prompt with length 381, total state size = 4.079 MiB
srv          load:  - looking for better prompt, base f_keep = 0.029, sim = 0.478
srv          load:  - found better prompt with f_keep = 0.958, sim = 1.000
srv        update:  - cache state: 8 prompts, 28.992 MiB (limits: 8192.000 MiB, 2048 tokens, 576698 est)
srv        update:    - prompt 0xc7c180:     174 tokens, checkpoints:  0,     1.863 MiB
srv        update:    - prompt 0xdf2470:     165 tokens, checkpoints:  0,     1.767 MiB
srv        update:    - prompt 0xfffd98003c20:     161 tokens, checkpoints:  0,     1.724 MiB
srv        update:    - prompt 0xded520:     221 tokens, checkpoints:  1,     3.054 MiB
srv        update:    - prompt 0xdef0c0:     214 tokens, checkpoints:  2,     3.018 MiB
srv        update:    - prompt 0xe106e0:     286 tokens, checkpoints:  2,     4.339 MiB
srv        update:    - prompt 0xe0a510:     439 tokens, checkpoints:  2,     7.146 MiB
srv        update:    - prompt 0xc6e500:     381 tokens, checkpoints:  2,     6.082 MiB
srv  get_availabl: prompt cache update took 2.27 ms
slot launch_slot_: id  0 | task -1 | sampler chain: logits -> ?penalties -> ?dry -> ?top-n-sigma -> top-k -> ?typical -> ?top-p -> min-p -> ?xtc -> temp-ext -> dist 
slot launch_slot_: id  0 | task 3132 | processing task, is_child = 0
slot update_slots: id  0 | task 3132 | new prompt, n_ctx_slot = 2048, n_keep = 0, task.n_tokens = 23
slot update_slots: id  0 | task 3132 | n_past = 23, slot.prompt.tokens.size() = 24, seq_id = 0, pos_min = 0, n_swa = 512
slot update_slots: id  0 | task 3132 | forcing full prompt re-processing due to lack of cache data (likely due to SWA or hybrid/recurrent memory, see https://github.com/ggml-org/llama.cpp/pull/13194#issuecomment-2868343055)
slot update_slots: id  0 | task 3132 | n_tokens = 0, memory_seq_rm [0, end)
slot update_slots: id  0 | task 3132 | prompt processing progress, n_tokens = 19, batch.n_tokens = 19, progress = 0.826087
slot update_slots: id  0 | task 3132 | n_tokens = 19, memory_seq_rm [19, end)
slot init_sampler: id  0 | task 3132 | init sampler, took 0.02 ms, tokens: text = 23, total = 23
slot update_slots: id  0 | task 3132 | prompt processing done, n_tokens = 23, batch.n_tokens = 4
srv  log_server_r: done request: POST /v1/chat/completions 127.0.0.1 200
slot print_timing: id  0 | task 3132 | 
prompt eval time =    1429.95 ms /    23 tokens (   62.17 ms per token,    16.08 tokens per second)
       eval time =     139.35 ms /     2 tokens (   69.68 ms per token,    14.35 tokens per second)
      total time =    1569.31 ms /    25 tokens
slot      release: id  0 | task 3132 | stop processing: n_tokens = 24, truncated = 0
srv  update_slots: all slots are idle
srv  params_from_: Chat format: peg-gemma4
slot get_availabl: id  0 | task -1 | selected slot by LCP similarity, sim_best = 0.234 (> 0.100 thold), f_keep = 0.458
srv  get_availabl: updating prompt cache
srv   prompt_save:  - saving prompt with length 24, total state size = 0.257 MiB
srv          load:  - looking for better prompt, base f_keep = 0.458, sim = 0.234
srv        update:  - cache state: 9 prompts, 29.250 MiB (limits: 8192.000 MiB, 2048 tokens, 578343 est)
srv        update:    - prompt 0xc7c180:     174 tokens, checkpoints:  0,     1.863 MiB
srv        update:    - prompt 0xdf2470:     165 tokens, checkpoints:  0,     1.767 MiB
srv        update:    - prompt 0xfffd98003c20:     161 tokens, checkpoints:  0,     1.724 MiB
srv        update:    - prompt 0xded520:     221 tokens, checkpoints:  1,     3.054 MiB
srv        update:    - prompt 0xdef0c0:     214 tokens, checkpoints:  2,     3.018 MiB
srv        update:    - prompt 0xe106e0:     286 tokens, checkpoints:  2,     4.339 MiB
srv        update:    - prompt 0xe0a510:     439 tokens, checkpoints:  2,     7.146 MiB
srv        update:    - prompt 0xc6e500:     381 tokens, checkpoints:  2,     6.082 MiB
srv        update:    - prompt 0xfffd50003c20:      24 tokens, checkpoints:  0,     0.257 MiB
srv  get_availabl: prompt cache update took 0.27 ms
slot launch_slot_: id  0 | task -1 | sampler chain: logits -> ?penalties -> ?dry -> ?top-n-sigma -> top-k -> ?typical -> ?top-p -> min-p -> ?xtc -> temp-ext -> dist 
slot launch_slot_: id  0 | task 3136 | processing task, is_child = 0
slot update_slots: id  0 | task 3136 | new prompt, n_ctx_slot = 2048, n_keep = 0, task.n_tokens = 47
slot update_slots: id  0 | task 3136 | n_past = 11, slot.prompt.tokens.size() = 24, seq_id = 0, pos_min = 0, n_swa = 512
slot update_slots: id  0 | task 3136 | forcing full prompt re-processing due to lack of cache data (likely due to SWA or hybrid/recurrent memory, see https://github.com/ggml-org/llama.cpp/pull/13194#issuecomment-2868343055)
slot update_slots: id  0 | task 3136 | n_tokens = 0, memory_seq_rm [0, end)
slot update_slots: id  0 | task 3136 | prompt processing progress, n_tokens = 43, batch.n_tokens = 43, progress = 0.914894
slot update_slots: id  0 | task 3136 | n_tokens = 43, memory_seq_rm [43, end)
slot init_sampler: id  0 | task 3136 | init sampler, took 0.03 ms, tokens: text = 47, total = 47
slot update_slots: id  0 | task 3136 | prompt processing done, n_tokens = 47, batch.n_tokens = 4
srv  log_server_r: done request: POST /v1/chat/completions 127.0.0.1 200
slot print_timing: id  0 | task 3136 | 
prompt eval time =    2805.64 ms /    47 tokens (   59.69 ms per token,    16.75 tokens per second)
       eval time =   19586.72 ms /   128 tokens (  153.02 ms per token,     6.54 tokens per second)
      total time =   22392.36 ms /   175 tokens
slot      release: id  0 | task 3136 | stop processing: n_tokens = 174, truncated = 0
srv  update_slots: all slots are idle
srv  params_from_: Chat format: peg-gemma4
slot get_availabl: id  0 | task -1 | selected slot by LCP similarity, sim_best = 0.289 (> 0.100 thold), f_keep = 0.063
srv  get_availabl: updating prompt cache
srv   prompt_save:  - saving prompt with length 174, total state size = 1.863 MiB
srv         alloc:  - prompt is already in the cache, skipping
srv          load:  - looking for better prompt, base f_keep = 0.063, sim = 0.289
srv        update:  - cache state: 9 prompts, 29.250 MiB (limits: 8192.000 MiB, 2048 tokens, 578343 est)
srv        update:    - prompt 0xc7c180:     174 tokens, checkpoints:  0,     1.863 MiB
srv        update:    - prompt 0xdf2470:     165 tokens, checkpoints:  0,     1.767 MiB
srv        update:    - prompt 0xfffd98003c20:     161 tokens, checkpoints:  0,     1.724 MiB
srv        update:    - prompt 0xded520:     221 tokens, checkpoints:  1,     3.054 MiB
srv        update:    - prompt 0xdef0c0:     214 tokens, checkpoints:  2,     3.018 MiB
srv        update:    - prompt 0xe106e0:     286 tokens, checkpoints:  2,     4.339 MiB
srv        update:    - prompt 0xe0a510:     439 tokens, checkpoints:  2,     7.146 MiB
srv        update:    - prompt 0xc6e500:     381 tokens, checkpoints:  2,     6.082 MiB
srv        update:    - prompt 0xfffd50003c20:      24 tokens, checkpoints:  0,     0.257 MiB
srv  get_availabl: prompt cache update took 0.16 ms
slot launch_slot_: id  0 | task -1 | sampler chain: logits -> ?penalties -> ?dry -> ?top-n-sigma -> top-k -> ?typical -> ?top-p -> min-p -> ?xtc -> temp-ext -> dist 
slot launch_slot_: id  0 | task 3266 | processing task, is_child = 0
slot update_slots: id  0 | task 3266 | new prompt, n_ctx_slot = 2048, n_keep = 0, task.n_tokens = 38
slot update_slots: id  0 | task 3266 | n_past = 11, slot.prompt.tokens.size() = 174, seq_id = 0, pos_min = 0, n_swa = 512
slot update_slots: id  0 | task 3266 | forcing full prompt re-processing due to lack of cache data (likely due to SWA or hybrid/recurrent memory, see https://github.com/ggml-org/llama.cpp/pull/13194#issuecomment-2868343055)
slot update_slots: id  0 | task 3266 | n_tokens = 0, memory_seq_rm [0, end)
slot update_slots: id  0 | task 3266 | prompt processing progress, n_tokens = 34, batch.n_tokens = 34, progress = 0.894737
slot update_slots: id  0 | task 3266 | n_tokens = 34, memory_seq_rm [34, end)
slot init_sampler: id  0 | task 3266 | init sampler, took 0.03 ms, tokens: text = 38, total = 38
slot update_slots: id  0 | task 3266 | prompt processing done, n_tokens = 38, batch.n_tokens = 4
srv  log_server_r: done request: POST /v1/chat/completions 127.0.0.1 200
slot print_timing: id  0 | task 3266 | 
prompt eval time =    2283.81 ms /    38 tokens (   60.10 ms per token,    16.64 tokens per second)
       eval time =   18725.48 ms /   128 tokens (  146.29 ms per token,     6.84 tokens per second)
      total time =   21009.29 ms /   166 tokens
slot      release: id  0 | task 3266 | stop processing: n_tokens = 165, truncated = 0
srv  update_slots: all slots are idle
srv  params_from_: Chat format: peg-gemma4
slot get_availabl: id  0 | task -1 | selected slot by LCP similarity, sim_best = 0.324 (> 0.100 thold), f_keep = 0.067
srv  get_availabl: updating prompt cache
srv   prompt_save:  - saving prompt with length 165, total state size = 1.767 MiB
srv         alloc:  - prompt is already in the cache, skipping
srv          load:  - looking for better prompt, base f_keep = 0.067, sim = 0.324
srv        update:  - cache state: 9 prompts, 29.250 MiB (limits: 8192.000 MiB, 2048 tokens, 578343 est)
srv        update:    - prompt 0xc7c180:     174 tokens, checkpoints:  0,     1.863 MiB
srv        update:    - prompt 0xdf2470:     165 tokens, checkpoints:  0,     1.767 MiB
srv        update:    - prompt 0xfffd98003c20:     161 tokens, checkpoints:  0,     1.724 MiB
srv        update:    - prompt 0xded520:     221 tokens, checkpoints:  1,     3.054 MiB
srv        update:    - prompt 0xdef0c0:     214 tokens, checkpoints:  2,     3.018 MiB
srv        update:    - prompt 0xe106e0:     286 tokens, checkpoints:  2,     4.339 MiB
srv        update:    - prompt 0xe0a510:     439 tokens, checkpoints:  2,     7.146 MiB
srv        update:    - prompt 0xc6e500:     381 tokens, checkpoints:  2,     6.082 MiB
srv        update:    - prompt 0xfffd50003c20:      24 tokens, checkpoints:  0,     0.257 MiB
srv  get_availabl: prompt cache update took 0.15 ms
slot launch_slot_: id  0 | task -1 | sampler chain: logits -> ?penalties -> ?dry -> ?top-n-sigma -> top-k -> ?typical -> ?top-p -> min-p -> ?xtc -> temp-ext -> dist 
slot launch_slot_: id  0 | task 3396 | processing task, is_child = 0
slot update_slots: id  0 | task 3396 | new prompt, n_ctx_slot = 2048, n_keep = 0, task.n_tokens = 34
slot update_slots: id  0 | task 3396 | n_past = 11, slot.prompt.tokens.size() = 165, seq_id = 0, pos_min = 0, n_swa = 512
slot update_slots: id  0 | task 3396 | forcing full prompt re-processing due to lack of cache data (likely due to SWA or hybrid/recurrent memory, see https://github.com/ggml-org/llama.cpp/pull/13194#issuecomment-2868343055)
slot update_slots: id  0 | task 3396 | n_tokens = 0, memory_seq_rm [0, end)
slot update_slots: id  0 | task 3396 | prompt processing progress, n_tokens = 30, batch.n_tokens = 30, progress = 0.882353
slot update_slots: id  0 | task 3396 | n_tokens = 30, memory_seq_rm [30, end)
slot init_sampler: id  0 | task 3396 | init sampler, took 0.03 ms, tokens: text = 34, total = 34
slot update_slots: id  0 | task 3396 | prompt processing done, n_tokens = 34, batch.n_tokens = 4
srv  log_server_r: done request: POST /v1/chat/completions 127.0.0.1 200
slot print_timing: id  0 | task 3396 | 
prompt eval time =    2088.67 ms /    34 tokens (   61.43 ms per token,    16.28 tokens per second)
       eval time =   19336.41 ms /   128 tokens (  151.07 ms per token,     6.62 tokens per second)
      total time =   21425.08 ms /   162 tokens
slot      release: id  0 | task 3396 | stop processing: n_tokens = 161, truncated = 0
srv  update_slots: all slots are idle
srv  params_from_: Chat format: peg-gemma4
slot get_availabl: id  0 | task -1 | selected slot by LCP similarity, sim_best = 0.117 (> 0.100 thold), f_keep = 0.068
srv  get_availabl: updating prompt cache
srv   prompt_save:  - saving prompt with length 161, total state size = 1.724 MiB
srv         alloc:  - prompt is already in the cache, skipping
srv          load:  - looking for better prompt, base f_keep = 0.068, sim = 0.117
srv          load:  - found better prompt with f_keep = 0.425, sim = 1.000
srv        update:  - cache state: 8 prompts, 26.196 MiB (limits: 8192.000 MiB, 2048 tokens, 576664 est)
srv        update:    - prompt 0xc7c180:     174 tokens, checkpoints:  0,     1.863 MiB
srv        update:    - prompt 0xdf2470:     165 tokens, checkpoints:  0,     1.767 MiB
srv        update:    - prompt 0xfffd98003c20:     161 tokens, checkpoints:  0,     1.724 MiB
srv        update:    - prompt 0xdef0c0:     214 tokens, checkpoints:  2,     3.018 MiB
srv        update:    - prompt 0xe106e0:     286 tokens, checkpoints:  2,     4.339 MiB
srv        update:    - prompt 0xe0a510:     439 tokens, checkpoints:  2,     7.146 MiB
srv        update:    - prompt 0xc6e500:     381 tokens, checkpoints:  2,     6.082 MiB
srv        update:    - prompt 0xfffd50003c20:      24 tokens, checkpoints:  0,     0.257 MiB
srv  get_availabl: prompt cache update took 1.31 ms
slot launch_slot_: id  0 | task -1 | sampler chain: logits -> ?penalties -> ?dry -> ?top-n-sigma -> top-k -> ?typical -> ?top-p -> min-p -> ?xtc -> temp-ext -> dist 
slot launch_slot_: id  0 | task 3526 | processing task, is_child = 0
slot update_slots: id  0 | task 3526 | new prompt, n_ctx_slot = 2048, n_keep = 0, task.n_tokens = 94
slot update_slots: id  0 | task 3526 | n_past = 94, slot.prompt.tokens.size() = 221, seq_id = 0, pos_min = 0, n_swa = 512
slot update_slots: id  0 | task 3526 | Checking checkpoint with [0, 89] against 0...
slot update_slots: id  0 | task 3526 | restored context checkpoint (pos_min = 0, pos_max = 89, n_tokens = 90, n_past = 89, size = 0.688 MiB)
slot update_slots: id  0 | task 3526 | n_tokens = 89, memory_seq_rm [89, end)
slot update_slots: id  0 | task 3526 | prompt processing progress, n_tokens = 90, batch.n_tokens = 1, progress = 0.957447
slot update_slots: id  0 | task 3526 | n_tokens = 90, memory_seq_rm [90, end)
slot init_sampler: id  0 | task 3526 | init sampler, took 0.06 ms, tokens: text = 94, total = 94
slot update_slots: id  0 | task 3526 | prompt processing done, n_tokens = 94, batch.n_tokens = 4
srv  log_server_r: done request: POST /v1/chat/completions 127.0.0.1 200
slot print_timing: id  0 | task 3526 | 
prompt eval time =     460.22 ms /     5 tokens (   92.04 ms per token,    10.86 tokens per second)
       eval time =   20824.57 ms /   128 tokens (  162.69 ms per token,     6.15 tokens per second)
      total time =   21284.79 ms /   133 tokens
slot      release: id  0 | task 3526 | stop processing: n_tokens = 221, truncated = 0
srv  update_slots: all slots are idle
srv  params_from_: Chat format: peg-gemma4
slot get_availabl: id  0 | task -1 | selected slot by LCP similarity, sim_best = 0.138 (> 0.100 thold), f_keep = 0.054
srv  get_availabl: updating prompt cache
srv   prompt_save:  - saving prompt with length 221, total state size = 2.366 MiB
srv          load:  - looking for better prompt, base f_keep = 0.054, sim = 0.138
srv          load:  - found better prompt with f_keep = 0.407, sim = 1.000
srv        update:  - cache state: 8 prompts, 26.232 MiB (limits: 8192.000 MiB, 2048 tokens, 578054 est)
srv        update:    - prompt 0xc7c180:     174 tokens, checkpoints:  0,     1.863 MiB
srv        update:    - prompt 0xdf2470:     165 tokens, checkpoints:  0,     1.767 MiB
srv        update:    - prompt 0xfffd98003c20:     161 tokens, checkpoints:  0,     1.724 MiB
srv        update:    - prompt 0xe106e0:     286 tokens, checkpoints:  2,     4.339 MiB
srv        update:    - prompt 0xe0a510:     439 tokens, checkpoints:  2,     7.146 MiB
srv        update:    - prompt 0xc6e500:     381 tokens, checkpoints:  2,     6.082 MiB
srv        update:    - prompt 0xfffd50003c20:      24 tokens, checkpoints:  0,     0.257 MiB
srv        update:    - prompt 0xfffd34003c20:     221 tokens, checkpoints:  1,     3.054 MiB
srv  get_availabl: prompt cache update took 1.97 ms
slot launch_slot_: id  0 | task -1 | sampler chain: logits -> ?penalties -> ?dry -> ?top-n-sigma -> top-k -> ?typical -> ?top-p -> min-p -> ?xtc -> temp-ext -> dist 
slot launch_slot_: id  0 | task 3656 | processing task, is_child = 0
slot update_slots: id  0 | task 3656 | new prompt, n_ctx_slot = 2048, n_keep = 0, task.n_tokens = 87
slot update_slots: id  0 | task 3656 | n_past = 87, slot.prompt.tokens.size() = 214, seq_id = 0, pos_min = 0, n_swa = 512
slot update_slots: id  0 | task 3656 | Checking checkpoint with [0, 82] against 0...
slot update_slots: id  0 | task 3656 | restored context checkpoint (pos_min = 0, pos_max = 82, n_tokens = 83, n_past = 82, size = 0.635 MiB)
slot update_slots: id  0 | task 3656 | n_tokens = 82, memory_seq_rm [82, end)
slot update_slots: id  0 | task 3656 | prompt processing progress, n_tokens = 83, batch.n_tokens = 1, progress = 0.954023
slot update_slots: id  0 | task 3656 | n_tokens = 83, memory_seq_rm [83, end)
slot init_sampler: id  0 | task 3656 | init sampler, took 0.05 ms, tokens: text = 87, total = 87
slot update_slots: id  0 | task 3656 | prompt processing done, n_tokens = 87, batch.n_tokens = 4
srv  log_server_r: done request: POST /v1/chat/completions 127.0.0.1 200
slot print_timing: id  0 | task 3656 | 
prompt eval time =     455.23 ms /     5 tokens (   91.05 ms per token,    10.98 tokens per second)
       eval time =   20920.87 ms /   128 tokens (  163.44 ms per token,     6.12 tokens per second)
      total time =   21376.10 ms /   133 tokens
slot      release: id  0 | task 3656 | stop processing: n_tokens = 214, truncated = 0
srv  update_slots: all slots are idle
srv  params_from_: Chat format: peg-gemma4
slot get_availabl: id  0 | task -1 | selected slot by LRU, t_last = 124905679738
srv  get_availabl: updating prompt cache
srv   prompt_save:  - saving prompt with length 214, total state size = 2.291 MiB
srv          load:  - looking for better prompt, base f_keep = 0.051, sim = 0.069
srv          load:  - found better prompt with f_keep = 0.556, sim = 1.000
srv        update:  - cache state: 8 prompts, 24.911 MiB (limits: 8192.000 MiB, 2048 tokens, 585026 est)
srv        update:    - prompt 0xc7c180:     174 tokens, checkpoints:  0,     1.863 MiB
srv        update:    - prompt 0xdf2470:     165 tokens, checkpoints:  0,     1.767 MiB
srv        update:    - prompt 0xfffd98003c20:     161 tokens, checkpoints:  0,     1.724 MiB
srv        update:    - prompt 0xe0a510:     439 tokens, checkpoints:  2,     7.146 MiB
srv        update:    - prompt 0xc6e500:     381 tokens, checkpoints:  2,     6.082 MiB
srv        update:    - prompt 0xfffd50003c20:      24 tokens, checkpoints:  0,     0.257 MiB
srv        update:    - prompt 0xfffd34003c20:     221 tokens, checkpoints:  1,     3.054 MiB
srv        update:    - prompt 0xdef0c0:     214 tokens, checkpoints:  2,     3.018 MiB
srv  get_availabl: prompt cache update took 2.32 ms
slot launch_slot_: id  0 | task -1 | sampler chain: logits -> ?penalties -> ?dry -> ?top-n-sigma -> top-k -> ?typical -> ?top-p -> min-p -> ?xtc -> temp-ext -> dist 
slot launch_slot_: id  0 | task 3786 | processing task, is_child = 0
slot update_slots: id  0 | task 3786 | new prompt, n_ctx_slot = 2048, n_keep = 0, task.n_tokens = 159
slot update_slots: id  0 | task 3786 | n_past = 159, slot.prompt.tokens.size() = 286, seq_id = 0, pos_min = 0, n_swa = 512
slot update_slots: id  0 | task 3786 | Checking checkpoint with [0, 154] against 0...
slot update_slots: id  0 | task 3786 | restored context checkpoint (pos_min = 0, pos_max = 154, n_tokens = 155, n_past = 154, size = 1.185 MiB)
slot update_slots: id  0 | task 3786 | n_tokens = 154, memory_seq_rm [154, end)
slot update_slots: id  0 | task 3786 | prompt processing progress, n_tokens = 155, batch.n_tokens = 1, progress = 0.974843
slot update_slots: id  0 | task 3786 | n_tokens = 155, memory_seq_rm [155, end)
slot init_sampler: id  0 | task 3786 | init sampler, took 0.09 ms, tokens: text = 159, total = 159
slot update_slots: id  0 | task 3786 | prompt processing done, n_tokens = 159, batch.n_tokens = 4
srv  log_server_r: done request: POST /v1/chat/completions 127.0.0.1 200
slot print_timing: id  0 | task 3786 | 
prompt eval time =     505.82 ms /     5 tokens (  101.16 ms per token,     9.89 tokens per second)
       eval time =   23342.14 ms /   128 tokens (  182.36 ms per token,     5.48 tokens per second)
      total time =   23847.96 ms /   133 tokens
slot      release: id  0 | task 3786 | stop processing: n_tokens = 286, truncated = 0
srv  update_slots: all slots are idle
srv  params_from_: Chat format: peg-gemma4
slot get_availabl: id  0 | task -1 | selected slot by LRU, t_last = 124929539377
srv  get_availabl: updating prompt cache
srv   prompt_save:  - saving prompt with length 286, total state size = 3.062 MiB
srv          load:  - looking for better prompt, base f_keep = 0.038, sim = 0.035
srv          load:  - found better prompt with f_keep = 0.711, sim = 1.000
srv        update:  - cache state: 8 prompts, 22.104 MiB (limits: 8192.000 MiB, 2048 tokens, 602609 est)
srv        update:    - prompt 0xc7c180:     174 tokens, checkpoints:  0,     1.863 MiB
srv        update:    - prompt 0xdf2470:     165 tokens, checkpoints:  0,     1.767 MiB
srv        update:    - prompt 0xfffd98003c20:     161 tokens, checkpoints:  0,     1.724 MiB
srv        update:    - prompt 0xc6e500:     381 tokens, checkpoints:  2,     6.082 MiB
srv        update:    - prompt 0xfffd50003c20:      24 tokens, checkpoints:  0,     0.257 MiB
srv        update:    - prompt 0xfffd34003c20:     221 tokens, checkpoints:  1,     3.054 MiB
srv        update:    - prompt 0xdef0c0:     214 tokens, checkpoints:  2,     3.018 MiB
srv        update:    - prompt 0xe106e0:     286 tokens, checkpoints:  2,     4.339 MiB
srv  get_availabl: prompt cache update took 3.12 ms
slot launch_slot_: id  0 | task -1 | sampler chain: logits -> ?penalties -> ?dry -> ?top-n-sigma -> top-k -> ?typical -> ?top-p -> min-p -> ?xtc -> temp-ext -> dist 
slot launch_slot_: id  0 | task 3916 | processing task, is_child = 0
slot update_slots: id  0 | task 3916 | new prompt, n_ctx_slot = 2048, n_keep = 0, task.n_tokens = 312
slot update_slots: id  0 | task 3916 | n_past = 312, slot.prompt.tokens.size() = 439, seq_id = 0, pos_min = 0, n_swa = 512
slot update_slots: id  0 | task 3916 | Checking checkpoint with [0, 307] against 0...
slot update_slots: id  0 | task 3916 | restored context checkpoint (pos_min = 0, pos_max = 307, n_tokens = 308, n_past = 307, size = 2.354 MiB)
slot update_slots: id  0 | task 3916 | n_tokens = 307, memory_seq_rm [307, end)
slot update_slots: id  0 | task 3916 | prompt processing progress, n_tokens = 308, batch.n_tokens = 1, progress = 0.987179
slot update_slots: id  0 | task 3916 | n_tokens = 308, memory_seq_rm [308, end)
slot init_sampler: id  0 | task 3916 | init sampler, took 0.16 ms, tokens: text = 312, total = 312
slot update_slots: id  0 | task 3916 | prompt processing done, n_tokens = 312, batch.n_tokens = 4
srv  log_server_r: done request: POST /v1/chat/completions 127.0.0.1 200
slot print_timing: id  0 | task 3916 | 
prompt eval time =     611.02 ms /     5 tokens (  122.20 ms per token,     8.18 tokens per second)
       eval time =   27585.37 ms /   128 tokens (  215.51 ms per token,     4.64 tokens per second)
      total time =   28196.39 ms /   133 tokens
slot      release: id  0 | task 3916 | stop processing: n_tokens = 439, truncated = 0
srv  update_slots: all slots are idle
srv  params_from_: Chat format: peg-gemma4
slot get_availabl: id  0 | task -1 | selected slot by LRU, t_last = 124957749843
srv  get_availabl: updating prompt cache
srv   prompt_save:  - saving prompt with length 439, total state size = 4.700 MiB
srv          load:  - looking for better prompt, base f_keep = 0.025, sim = 0.043
srv          load:  - found better prompt with f_keep = 0.667, sim = 1.000
srv        update:  - cache state: 8 prompts, 23.168 MiB (limits: 8192.000 MiB, 2048 tokens, 595442 est)
srv        update:    - prompt 0xc7c180:     174 tokens, checkpoints:  0,     1.863 MiB
srv        update:    - prompt 0xdf2470:     165 tokens, checkpoints:  0,     1.767 MiB
srv        update:    - prompt 0xfffd98003c20:     161 tokens, checkpoints:  0,     1.724 MiB
srv        update:    - prompt 0xfffd50003c20:      24 tokens, checkpoints:  0,     0.257 MiB
srv        update:    - prompt 0xfffd34003c20:     221 tokens, checkpoints:  1,     3.054 MiB
srv        update:    - prompt 0xdef0c0:     214 tokens, checkpoints:  2,     3.018 MiB
srv        update:    - prompt 0xe106e0:     286 tokens, checkpoints:  2,     4.339 MiB
srv        update:    - prompt 0xe0a510:     439 tokens, checkpoints:  2,     7.146 MiB
srv  get_availabl: prompt cache update took 3.66 ms
slot launch_slot_: id  0 | task -1 | sampler chain: logits -> ?penalties -> ?dry -> ?top-n-sigma -> top-k -> ?typical -> ?top-p -> min-p -> ?xtc -> temp-ext -> dist 
slot launch_slot_: id  0 | task 4046 | processing task, is_child = 0
slot update_slots: id  0 | task 4046 | new prompt, n_ctx_slot = 2048, n_keep = 0, task.n_tokens = 254
slot update_slots: id  0 | task 4046 | n_past = 254, slot.prompt.tokens.size() = 381, seq_id = 0, pos_min = 0, n_swa = 512
slot update_slots: id  0 | task 4046 | Checking checkpoint with [0, 249] against 0...
slot update_slots: id  0 | task 4046 | restored context checkpoint (pos_min = 0, pos_max = 249, n_tokens = 250, n_past = 249, size = 1.911 MiB)
slot update_slots: id  0 | task 4046 | n_tokens = 249, memory_seq_rm [249, end)
slot update_slots: id  0 | task 4046 | prompt processing progress, n_tokens = 250, batch.n_tokens = 1, progress = 0.984252
slot update_slots: id  0 | task 4046 | n_tokens = 250, memory_seq_rm [250, end)
slot init_sampler: id  0 | task 4046 | init sampler, took 0.14 ms, tokens: text = 254, total = 254
slot update_slots: id  0 | task 4046 | prompt processing done, n_tokens = 254, batch.n_tokens = 4
srv  log_server_r: done request: POST /v1/chat/completions 127.0.0.1 200
slot print_timing: id  0 | task 4046 | 
prompt eval time =     572.57 ms /     5 tokens (  114.51 ms per token,     8.73 tokens per second)
       eval time =   25747.08 ms /   128 tokens (  201.15 ms per token,     4.97 tokens per second)
      total time =   26319.65 ms /   133 tokens
slot      release: id  0 | task 4046 | stop processing: n_tokens = 381, truncated = 0
srv  update_slots: all slots are idle
srv    operator(): operator(): cleaning up before exit...
common_memory_breakdown_print: | memory breakdown [MiB] | total   free    self   model   context   compute    unaccounted |
common_memory_breakdown_print: |   - Host               |                 5609 =  5073 +      14 +     522                |
