warning: no usable GPU found, --gpu-layers option will be ignored
warning: one possible reason is that llama.cpp was compiled without GPU support
warning: consult docs/build.md for compilation instructions
build_info: b0-unknown
system_info: n_threads = 24 (n_threads_batch = 24) / 48 | CPU : NEON = 1 | ARM_FMA = 1 | FP16_VA = 1 | SVE = 1 | SVE_CNT = 64 | OPENMP = 1 | REPACK = 1 | 
init: using 47 threads for HTTP server
start: binding port with default address family
main: loading model
srv    load_model: loading model 'llamacpp-tq/models/gemma-4-E4B-it-OBLITERATED-Q4_K_M.gguf'
llama_model_loader: loaded meta data with 44 key-value pairs and 720 tensors from llamacpp-tq/models/gemma-4-E4B-it-OBLITERATED-Q4_K_M.gguf (version GGUF V3 (latest))
llama_model_loader: Dumping metadata keys/values. Note: KV overrides do not apply in this output.
llama_model_loader: - kv   0:                       general.architecture str              = gemma4
llama_model_loader: - kv   1:                               general.type str              = model
llama_model_loader: - kv   2:                     general.sampling.top_k i32              = 64
llama_model_loader: - kv   3:                     general.sampling.top_p f32              = 0.950000
llama_model_loader: - kv   4:                      general.sampling.temp f32              = 1.000000
llama_model_loader: - kv   5:                               general.name str              = Gemma 4 E4B It OBLITERATED v3.1
llama_model_loader: - kv   6:                            general.version str              = v3.1
llama_model_loader: - kv   7:                           general.basename str              = gemma-4-E4B-it-OBLITERATED
llama_model_loader: - kv   8:                         general.size_label str              = 7.5B
llama_model_loader: - kv   9:                         gemma4.block_count u32              = 42
llama_model_loader: - kv  10:                      gemma4.context_length u32              = 131072
llama_model_loader: - kv  11:                    gemma4.embedding_length u32              = 2560
llama_model_loader: - kv  12:                 gemma4.feed_forward_length u32              = 10240
llama_model_loader: - kv  13:                gemma4.attention.head_count u32              = 8
llama_model_loader: - kv  14:             gemma4.attention.head_count_kv u32              = 2
llama_model_loader: - kv  15:                      gemma4.rope.freq_base f32              = 1000000.000000
llama_model_loader: - kv  16:                  gemma4.rope.freq_base_swa f32              = 10000.000000
llama_model_loader: - kv  17:    gemma4.attention.layer_norm_rms_epsilon f32              = 0.000001
llama_model_loader: - kv  18:                gemma4.attention.key_length u32              = 512
llama_model_loader: - kv  19:              gemma4.attention.value_length u32              = 512
llama_model_loader: - kv  20:             gemma4.final_logit_softcapping f32              = 30.000000
llama_model_loader: - kv  21:            gemma4.attention.sliding_window u32              = 512
llama_model_loader: - kv  22:          gemma4.attention.shared_kv_layers u32              = 18
llama_model_loader: - kv  23:    gemma4.embedding_length_per_layer_input u32              = 256
llama_model_loader: - kv  24:    gemma4.attention.sliding_window_pattern arr[bool,42]     = [true, true, true, true, true, false,...
llama_model_loader: - kv  25:            gemma4.attention.key_length_swa u32              = 256
llama_model_loader: - kv  26:          gemma4.attention.value_length_swa u32              = 256
llama_model_loader: - kv  27:                gemma4.rope.dimension_count u32              = 512
llama_model_loader: - kv  28:            gemma4.rope.dimension_count_swa u32              = 256
llama_model_loader: - kv  29:                       tokenizer.ggml.model str              = gemma4
llama_model_loader: - kv  30:                      tokenizer.ggml.tokens arr[str,262144]  = ["<pad>", "<eos>", "<bos>", "<unk>", ...
llama_model_loader: - kv  31:                      tokenizer.ggml.scores arr[f32,262144]  = [-1000.000000, -1000.000000, -1000.00...
llama_model_loader: - kv  32:                  tokenizer.ggml.token_type arr[i32,262144]  = [3, 3, 3, 3, 3, 1, 1, 1, 1, 1, 1, 1, ...
llama_model_loader: - kv  33:                      tokenizer.ggml.merges arr[str,514906]  = ["\n\n\n\n\n\n\n\n\n\n\n\n\n\n\n\n\n\n\n\n\n\n\n\n\n\n\n\n\n\n \n", ...
llama_model_loader: - kv  34:                tokenizer.ggml.bos_token_id u32              = 2
llama_model_loader: - kv  35:                tokenizer.ggml.eos_token_id u32              = 1
llama_model_loader: - kv  36:            tokenizer.ggml.unknown_token_id u32              = 3
llama_model_loader: - kv  37:            tokenizer.ggml.padding_token_id u32              = 0
llama_model_loader: - kv  38:               tokenizer.ggml.mask_token_id u32              = 4
llama_model_loader: - kv  39:                    tokenizer.chat_template str              = {%- macro format_parameters(propertie...
llama_model_loader: - kv  40:            tokenizer.ggml.add_space_prefix bool             = false
llama_model_loader: - kv  41:               tokenizer.ggml.add_bos_token bool             = true
llama_model_loader: - kv  42:               general.quantization_version u32              = 2
llama_model_loader: - kv  43:                          general.file_type u32              = 15
llama_model_loader: - type  f32:  339 tensors
llama_model_loader: - type  f16:    1 tensors
llama_model_loader: - type q4_K:  336 tensors
llama_model_loader: - type q6_K:   44 tensors
print_info: file format = GGUF V3 (latest)
print_info: file type   = Q4_K - Medium
print_info: file size   = 4.95 GiB (5.66 BPW) 
load: 0 unused tokens
load: control-looking token:    212 '</s>' was not control-type; this is probably a bug in the model. its type will be overridden
load: control-looking token:     50 '<|tool_response>' was not control-type; this is probably a bug in the model. its type will be overridden
load: printing all EOG tokens:
load:   - 1 ('<eos>')
load:   - 50 ('<|tool_response>')
load:   - 106 ('<turn|>')
load:   - 212 ('</s>')
load: special_eog_ids contains '<|tool_response>', removing '</s>' token from EOG list
load: special tokens cache size = 24
load: token to piece cache size = 1.9445 MB
print_info: arch                  = gemma4
print_info: vocab_only            = 0
print_info: no_alloc              = 0
print_info: n_ctx_train           = 131072
print_info: n_embd                = 2560
print_info: n_embd_inp            = 2560
print_info: n_layer               = 42
print_info: n_head                = 8
print_info: n_head_kv             = 2
print_info: n_rot                 = 512
print_info: n_swa                 = 512
print_info: is_swa_any            = 1
print_info: n_embd_head_k         = 512
print_info: n_embd_head_v         = 512
print_info: n_gqa                 = 4
print_info: n_embd_k_gqa          = [512, 512, 512, 512, 512, 1024, 512, 512, 512, 512, 512, 1024, 512, 512, 512, 512, 512, 1024, 512, 512, 512, 512, 512, 1024, 512, 512, 512, 512, 512, 1024, 512, 512, 512, 512, 512, 1024, 512, 512, 512, 512, 512, 1024]
print_info: n_embd_v_gqa          = [512, 512, 512, 512, 512, 1024, 512, 512, 512, 512, 512, 1024, 512, 512, 512, 512, 512, 1024, 512, 512, 512, 512, 512, 1024, 512, 512, 512, 512, 512, 1024, 512, 512, 512, 512, 512, 1024, 512, 512, 512, 512, 512, 1024]
print_info: f_norm_eps            = 0.0e+00
print_info: f_norm_rms_eps        = 1.0e-06
print_info: f_clamp_kqv           = 0.0e+00
print_info: f_max_alibi_bias      = 0.0e+00
print_info: f_logit_scale         = 0.0e+00
print_info: f_attn_scale          = 1.0e+00
print_info: n_ff                  = 10240
print_info: n_expert              = 0
print_info: n_expert_used         = 0
print_info: n_expert_groups       = 0
print_info: n_group_used          = 0
print_info: causal attn           = 1
print_info: pooling type          = -1
print_info: rope type             = 2
print_info: rope scaling          = linear
print_info: freq_base_train       = 1000000.0
print_info: freq_scale_train      = 1
print_info: freq_base_swa         = 10000.0
print_info: freq_scale_swa        = 1
print_info: n_embd_head_k_swa     = 256
print_info: n_embd_head_v_swa     = 256
print_info: n_rot_swa             = 256
print_info: n_ctx_orig_yarn       = 131072
print_info: rope_yarn_log_mul     = 0.0000
print_info: rope_finetuned        = unknown
print_info: model type            = E4B
print_info: model params          = 7.52 B
print_info: general.name          = Gemma 4 E4B It OBLITERATED v3.1
print_info: vocab type            = BPE
print_info: n_vocab               = 262144
print_info: n_merges              = 514906
print_info: BOS token             = 2 '<bos>'
print_info: EOS token             = 1 '<eos>'
print_info: UNK token             = 3 '<unk>'
print_info: PAD token             = 0 '<pad>'
print_info: MASK token            = 4 '<mask>'
print_info: LF token              = 107 '
'
print_info: EOG token             = 1 '<eos>'
print_info: EOG token             = 50 '<|tool_response>'
print_info: EOG token             = 106 '<turn|>'
print_info: max token length      = 93
load_tensors: loading model tensors, this can take a while... (mmap = true, direct_io = false)
load_tensors:   CPU_Mapped model buffer size =  5073.04 MiB
.............................................
common_init_result: added <eos> logit bias = -inf
common_init_result: added <|tool_response> logit bias = -inf
common_init_result: added <turn|> logit bias = -inf
llama_init_from_model: turbo cache types require flash_attn — enabling automatically
llama_context: constructing llama_context
llama_context: n_seq_max     = 1
llama_context: n_ctx         = 2048
llama_context: n_ctx_seq     = 2048
llama_context: n_batch       = 2048
llama_context: n_ubatch      = 512
llama_context: causal_attn   = 1
llama_context: flash_attn    = enabled
llama_context: kv_unified    = false
llama_context: freq_base     = 1000000.0
llama_context: freq_scale    = 1
llama_context: n_ctx_seq (2048) < n_ctx_train (131072) -- the full capacity of the model will not be utilized
llama_context:        CPU  output buffer size =     1.00 MiB
llama_kv_cache_iswa: creating non-SWA KV cache, size = 2048 cells
llama_kv_cache:        CPU KV buffer size =     6.38 MiB
llama_kv_cache: TurboQuant rotation matrices initialized (128x128)
llama_kv_cache: size =    6.25 MiB (  2048 cells,   4 layers,  1/1 seqs), K (turbo3):    3.12 MiB, V (turbo3):    3.12 MiB
llama_kv_cache: attn_rot_k = 0, n_embd_head_k_all = 512
llama_kv_cache: attn_rot_v = 0, n_embd_head_k_all = 512
llama_kv_cache_iswa: creating     SWA KV cache, size = 1024 cells
llama_kv_cache:        CPU KV buffer size =     7.94 MiB
llama_kv_cache: TurboQuant rotation matrices initialized (128x128)
llama_kv_cache: size =    7.81 MiB (  1024 cells,  20 layers,  1/1 seqs), K (turbo3):    3.91 MiB, V (turbo3):    3.91 MiB
llama_kv_cache: attn_rot_k = 0, n_embd_head_k_all = 256
llama_kv_cache: attn_rot_v = 0, n_embd_head_k_all = 256
sched_reserve: reserving ...
sched_reserve: resolving fused Gated Delta Net support:
sched_reserve: fused Gated Delta Net (autoregressive) enabled
sched_reserve: fused Gated Delta Net (chunked) enabled
sched_reserve:        CPU compute buffer size =   522.00 MiB
sched_reserve: graph nodes  = 1951
sched_reserve: graph splits = 1
sched_reserve: reserve took 19.11 ms, sched copies = 1
common_init_from_params: warming up the model with an empty run - please wait ... (--no-warmup to disable)
srv    load_model: initializing slots, n_slots = 1
no implementations specified for speculative decoding
slot   load_model: id  0 | task -1 | new slot, n_ctx = 2048
srv    load_model: prompt cache is enabled, size limit: 8192 MiB
srv    load_model: use `--cache-ram 0` to disable the prompt cache
srv    load_model: for more info see https://github.com/ggml-org/llama.cpp/pull/16391
srv          init: init: --cache-idle-slots requires --kv-unified, disabling
init: chat template, example_format: '<|turn>system
<|think|>
You are a helpful assistant<turn|>
<|turn>user
Hello<turn|>
<|turn>model
Hi there<turn|>
<|turn>user
How are you?<turn|>
<|turn>model
'
srv          init: init: chat template, thinking = 1
main: model loaded
main: server is listening on http://127.0.0.1:18080
main: starting the main loop...
srv  update_slots: all slots are idle
srv  params_from_: Chat format: peg-gemma4
slot get_availabl: id  0 | task -1 | selected slot by LRU, t_last = -1
srv  get_availabl: updating prompt cache
srv          load:  - looking for better prompt, base f_keep = -1.000, sim = 0.000
srv        update:  - cache state: 0 prompts, 0.000 MiB (limits: 8192.000 MiB, 2048 tokens, 8589934592 est)
srv  get_availabl: prompt cache update took 0.02 ms
slot launch_slot_: id  0 | task -1 | sampler chain: logits -> ?penalties -> ?dry -> ?top-n-sigma -> top-k -> ?typical -> ?top-p -> min-p -> ?xtc -> temp-ext -> dist 
slot launch_slot_: id  0 | task 0 | processing task, is_child = 0
slot update_slots: id  0 | task 0 | new prompt, n_ctx_slot = 2048, n_keep = 0, task.n_tokens = 23
slot update_slots: id  0 | task 0 | n_tokens = 0, memory_seq_rm [0, end)
slot update_slots: id  0 | task 0 | prompt processing progress, n_tokens = 19, batch.n_tokens = 19, progress = 0.826087
slot update_slots: id  0 | task 0 | n_tokens = 19, memory_seq_rm [19, end)
slot init_sampler: id  0 | task 0 | init sampler, took 0.03 ms, tokens: text = 23, total = 23
slot update_slots: id  0 | task 0 | prompt processing done, n_tokens = 23, batch.n_tokens = 4
srv  log_server_r: done request: POST /v1/chat/completions 127.0.0.1 200
slot print_timing: id  0 | task 0 | 
prompt eval time =    1432.93 ms /    23 tokens (   62.30 ms per token,    16.05 tokens per second)
       eval time =     138.78 ms /     2 tokens (   69.39 ms per token,    14.41 tokens per second)
      total time =    1571.71 ms /    25 tokens
slot      release: id  0 | task 0 | stop processing: n_tokens = 24, truncated = 0
srv  update_slots: all slots are idle
srv  params_from_: Chat format: peg-gemma4
slot get_availabl: id  0 | task -1 | selected slot by LCP similarity, sim_best = 0.234 (> 0.100 thold), f_keep = 0.458
srv  get_availabl: updating prompt cache
srv   prompt_save:  - saving prompt with length 24, total state size = 0.257 MiB
srv          load:  - looking for better prompt, base f_keep = 0.458, sim = 0.234
srv        update:  - cache state: 1 prompts, 0.257 MiB (limits: 8192.000 MiB, 2048 tokens, 763595 est)
srv        update:    - prompt 0xe05690:      24 tokens, checkpoints:  0,     0.257 MiB
srv  get_availabl: prompt cache update took 0.24 ms
slot launch_slot_: id  0 | task -1 | sampler chain: logits -> ?penalties -> ?dry -> ?top-n-sigma -> top-k -> ?typical -> ?top-p -> min-p -> ?xtc -> temp-ext -> dist 
slot launch_slot_: id  0 | task 4 | processing task, is_child = 0
slot update_slots: id  0 | task 4 | new prompt, n_ctx_slot = 2048, n_keep = 0, task.n_tokens = 47
slot update_slots: id  0 | task 4 | n_past = 11, slot.prompt.tokens.size() = 24, seq_id = 0, pos_min = 0, n_swa = 512
slot update_slots: id  0 | task 4 | forcing full prompt re-processing due to lack of cache data (likely due to SWA or hybrid/recurrent memory, see https://github.com/ggml-org/llama.cpp/pull/13194#issuecomment-2868343055)
slot update_slots: id  0 | task 4 | n_tokens = 0, memory_seq_rm [0, end)
slot update_slots: id  0 | task 4 | prompt processing progress, n_tokens = 43, batch.n_tokens = 43, progress = 0.914894
slot update_slots: id  0 | task 4 | n_tokens = 43, memory_seq_rm [43, end)
slot init_sampler: id  0 | task 4 | init sampler, took 0.03 ms, tokens: text = 47, total = 47
slot update_slots: id  0 | task 4 | prompt processing done, n_tokens = 47, batch.n_tokens = 4
srv  log_server_r: done request: POST /v1/chat/completions 127.0.0.1 200
slot print_timing: id  0 | task 4 | 
prompt eval time =    2809.70 ms /    47 tokens (   59.78 ms per token,    16.73 tokens per second)
       eval time =   19536.83 ms /   128 tokens (  152.63 ms per token,     6.55 tokens per second)
      total time =   22346.53 ms /   175 tokens
slot      release: id  0 | task 4 | stop processing: n_tokens = 174, truncated = 0
srv  update_slots: all slots are idle
srv  params_from_: Chat format: peg-gemma4
slot get_availabl: id  0 | task -1 | selected slot by LCP similarity, sim_best = 0.289 (> 0.100 thold), f_keep = 0.063
srv  get_availabl: updating prompt cache
srv   prompt_save:  - saving prompt with length 174, total state size = 1.863 MiB
srv          load:  - looking for better prompt, base f_keep = 0.063, sim = 0.289
srv        update:  - cache state: 2 prompts, 2.121 MiB (limits: 8192.000 MiB, 2048 tokens, 764899 est)
srv        update:    - prompt 0xe05690:      24 tokens, checkpoints:  0,     0.257 MiB
srv        update:    - prompt 0xc7c1f0:     174 tokens, checkpoints:  0,     1.863 MiB
srv  get_availabl: prompt cache update took 0.74 ms
slot launch_slot_: id  0 | task -1 | sampler chain: logits -> ?penalties -> ?dry -> ?top-n-sigma -> top-k -> ?typical -> ?top-p -> min-p -> ?xtc -> temp-ext -> dist 
slot launch_slot_: id  0 | task 134 | processing task, is_child = 0
slot update_slots: id  0 | task 134 | new prompt, n_ctx_slot = 2048, n_keep = 0, task.n_tokens = 38
slot update_slots: id  0 | task 134 | n_past = 11, slot.prompt.tokens.size() = 174, seq_id = 0, pos_min = 0, n_swa = 512
slot update_slots: id  0 | task 134 | forcing full prompt re-processing due to lack of cache data (likely due to SWA or hybrid/recurrent memory, see https://github.com/ggml-org/llama.cpp/pull/13194#issuecomment-2868343055)
slot update_slots: id  0 | task 134 | n_tokens = 0, memory_seq_rm [0, end)
slot update_slots: id  0 | task 134 | prompt processing progress, n_tokens = 34, batch.n_tokens = 34, progress = 0.894737
slot update_slots: id  0 | task 134 | n_tokens = 34, memory_seq_rm [34, end)
slot init_sampler: id  0 | task 134 | init sampler, took 0.03 ms, tokens: text = 38, total = 38
slot update_slots: id  0 | task 134 | prompt processing done, n_tokens = 38, batch.n_tokens = 4
srv  log_server_r: done request: POST /v1/chat/completions 127.0.0.1 200
slot print_timing: id  0 | task 134 | 
prompt eval time =    2284.05 ms /    38 tokens (   60.11 ms per token,    16.64 tokens per second)
       eval time =   18746.16 ms /   128 tokens (  146.45 ms per token,     6.83 tokens per second)
      total time =   21030.21 ms /   166 tokens
slot      release: id  0 | task 134 | stop processing: n_tokens = 165, truncated = 0
srv  update_slots: all slots are idle
srv  params_from_: Chat format: peg-gemma4
slot get_availabl: id  0 | task -1 | selected slot by LCP similarity, sim_best = 0.306 (> 0.100 thold), f_keep = 0.067
srv  get_availabl: updating prompt cache
srv   prompt_save:  - saving prompt with length 165, total state size = 1.767 MiB
srv          load:  - looking for better prompt, base f_keep = 0.067, sim = 0.306
srv          load:  - found better prompt with f_keep = 0.583, sim = 0.389
srv        update:  - cache state: 2 prompts, 3.630 MiB (limits: 8192.000 MiB, 2048 tokens, 765074 est)
srv        update:    - prompt 0xc7c1f0:     174 tokens, checkpoints:  0,     1.863 MiB
srv        update:    - prompt 0xc70010:     165 tokens, checkpoints:  0,     1.767 MiB
srv  get_availabl: prompt cache update took 1.24 ms
slot launch_slot_: id  0 | task -1 | sampler chain: logits -> ?penalties -> ?dry -> ?top-n-sigma -> top-k -> ?typical -> ?top-p -> min-p -> ?xtc -> temp-ext -> dist 
slot launch_slot_: id  0 | task 264 | processing task, is_child = 0
slot update_slots: id  0 | task 264 | new prompt, n_ctx_slot = 2048, n_keep = 0, task.n_tokens = 36
slot update_slots: id  0 | task 264 | n_past = 14, slot.prompt.tokens.size() = 24, seq_id = 0, pos_min = 0, n_swa = 512
slot update_slots: id  0 | task 264 | forcing full prompt re-processing due to lack of cache data (likely due to SWA or hybrid/recurrent memory, see https://github.com/ggml-org/llama.cpp/pull/13194#issuecomment-2868343055)
slot update_slots: id  0 | task 264 | n_tokens = 0, memory_seq_rm [0, end)
slot update_slots: id  0 | task 264 | prompt processing progress, n_tokens = 32, batch.n_tokens = 32, progress = 0.888889
slot update_slots: id  0 | task 264 | n_tokens = 32, memory_seq_rm [32, end)
slot init_sampler: id  0 | task 264 | init sampler, took 0.03 ms, tokens: text = 36, total = 36
slot update_slots: id  0 | task 264 | prompt processing done, n_tokens = 36, batch.n_tokens = 4
srv  log_server_r: done request: POST /v1/chat/completions 127.0.0.1 200
slot print_timing: id  0 | task 264 | 
prompt eval time =    2206.98 ms /    36 tokens (   61.31 ms per token,    16.31 tokens per second)
       eval time =   19202.74 ms /   128 tokens (  150.02 ms per token,     6.67 tokens per second)
      total time =   21409.73 ms /   164 tokens
slot      release: id  0 | task 264 | stop processing: n_tokens = 163, truncated = 0
srv  update_slots: all slots are idle
srv  params_from_: Chat format: peg-gemma4
slot get_availabl: id  0 | task -1 | selected slot by LCP similarity, sim_best = 0.282 (> 0.100 thold), f_keep = 0.067
srv  get_availabl: updating prompt cache
srv   prompt_save:  - saving prompt with length 163, total state size = 1.745 MiB
srv          load:  - looking for better prompt, base f_keep = 0.067, sim = 0.282
srv        update:  - cache state: 3 prompts, 5.375 MiB (limits: 8192.000 MiB, 2048 tokens, 765070 est)
srv        update:    - prompt 0xc7c1f0:     174 tokens, checkpoints:  0,     1.863 MiB
srv        update:    - prompt 0xc70010:     165 tokens, checkpoints:  0,     1.767 MiB
srv        update:    - prompt 0xdf9590:     163 tokens, checkpoints:  0,     1.745 MiB
srv  get_availabl: prompt cache update took 0.73 ms
slot launch_slot_: id  0 | task -1 | sampler chain: logits -> ?penalties -> ?dry -> ?top-n-sigma -> top-k -> ?typical -> ?top-p -> min-p -> ?xtc -> temp-ext -> dist 
slot launch_slot_: id  0 | task 394 | processing task, is_child = 0
slot update_slots: id  0 | task 394 | new prompt, n_ctx_slot = 2048, n_keep = 0, task.n_tokens = 39
slot update_slots: id  0 | task 394 | n_past = 11, slot.prompt.tokens.size() = 163, seq_id = 0, pos_min = 0, n_swa = 512
slot update_slots: id  0 | task 394 | forcing full prompt re-processing due to lack of cache data (likely due to SWA or hybrid/recurrent memory, see https://github.com/ggml-org/llama.cpp/pull/13194#issuecomment-2868343055)
slot update_slots: id  0 | task 394 | n_tokens = 0, memory_seq_rm [0, end)
slot update_slots: id  0 | task 394 | prompt processing progress, n_tokens = 35, batch.n_tokens = 35, progress = 0.897436
slot update_slots: id  0 | task 394 | n_tokens = 35, memory_seq_rm [35, end)
slot init_sampler: id  0 | task 394 | init sampler, took 0.03 ms, tokens: text = 39, total = 39
slot update_slots: id  0 | task 394 | prompt processing done, n_tokens = 39, batch.n_tokens = 4
srv  log_server_r: done request: POST /v1/chat/completions 127.0.0.1 200
slot print_timing: id  0 | task 394 | 
prompt eval time =    2343.13 ms /    39 tokens (   60.08 ms per token,    16.64 tokens per second)
       eval time =   19382.38 ms /   128 tokens (  151.42 ms per token,     6.60 tokens per second)
      total time =   21725.50 ms /   167 tokens
slot      release: id  0 | task 394 | stop processing: n_tokens = 166, truncated = 0
srv  update_slots: all slots are idle
srv  params_from_: Chat format: peg-gemma4
slot get_availabl: id  0 | task -1 | selected slot by LCP similarity, sim_best = 0.382 (> 0.100 thold), f_keep = 0.078
srv  get_availabl: updating prompt cache
srv   prompt_save:  - saving prompt with length 166, total state size = 1.777 MiB
srv          load:  - looking for better prompt, base f_keep = 0.078, sim = 0.382
srv        update:  - cache state: 4 prompts, 7.153 MiB (limits: 8192.000 MiB, 2048 tokens, 765070 est)
srv        update:    - prompt 0xc7c1f0:     174 tokens, checkpoints:  0,     1.863 MiB
srv        update:    - prompt 0xc70010:     165 tokens, checkpoints:  0,     1.767 MiB
srv        update:    - prompt 0xdf9590:     163 tokens, checkpoints:  0,     1.745 MiB
srv        update:    - prompt 0xe08f90:     166 tokens, checkpoints:  0,     1.777 MiB
srv  get_availabl: prompt cache update took 0.73 ms
slot launch_slot_: id  0 | task -1 | sampler chain: logits -> ?penalties -> ?dry -> ?top-n-sigma -> top-k -> ?typical -> ?top-p -> min-p -> ?xtc -> temp-ext -> dist 
slot launch_slot_: id  0 | task 524 | processing task, is_child = 0
slot update_slots: id  0 | task 524 | new prompt, n_ctx_slot = 2048, n_keep = 0, task.n_tokens = 34
slot update_slots: id  0 | task 524 | n_past = 13, slot.prompt.tokens.size() = 166, seq_id = 0, pos_min = 0, n_swa = 512
slot update_slots: id  0 | task 524 | forcing full prompt re-processing due to lack of cache data (likely due to SWA or hybrid/recurrent memory, see https://github.com/ggml-org/llama.cpp/pull/13194#issuecomment-2868343055)
slot update_slots: id  0 | task 524 | n_tokens = 0, memory_seq_rm [0, end)
slot update_slots: id  0 | task 524 | prompt processing progress, n_tokens = 30, batch.n_tokens = 30, progress = 0.882353
slot update_slots: id  0 | task 524 | n_tokens = 30, memory_seq_rm [30, end)
slot init_sampler: id  0 | task 524 | init sampler, took 0.02 ms, tokens: text = 34, total = 34
slot update_slots: id  0 | task 524 | prompt processing done, n_tokens = 34, batch.n_tokens = 4
srv  log_server_r: done request: POST /v1/chat/completions 127.0.0.1 200
slot print_timing: id  0 | task 524 | 
prompt eval time =    2089.59 ms /    34 tokens (   61.46 ms per token,    16.27 tokens per second)
       eval time =   19353.94 ms /   128 tokens (  151.20 ms per token,     6.61 tokens per second)
      total time =   21443.53 ms /   162 tokens
slot      release: id  0 | task 524 | stop processing: n_tokens = 161, truncated = 0
srv  update_slots: all slots are idle
srv  params_from_: Chat format: peg-gemma4
slot get_availabl: id  0 | task -1 | selected slot by LCP similarity, sim_best = 0.117 (> 0.100 thold), f_keep = 0.068
srv  get_availabl: updating prompt cache
srv   prompt_save:  - saving prompt with length 161, total state size = 1.724 MiB
srv          load:  - looking for better prompt, base f_keep = 0.068, sim = 0.117
srv        update:  - cache state: 5 prompts, 8.877 MiB (limits: 8192.000 MiB, 2048 tokens, 765068 est)
srv        update:    - prompt 0xc7c1f0:     174 tokens, checkpoints:  0,     1.863 MiB
srv        update:    - prompt 0xc70010:     165 tokens, checkpoints:  0,     1.767 MiB
srv        update:    - prompt 0xdf9590:     163 tokens, checkpoints:  0,     1.745 MiB
srv        update:    - prompt 0xe08f90:     166 tokens, checkpoints:  0,     1.777 MiB
srv        update:    - prompt 0xdf3740:     161 tokens, checkpoints:  0,     1.724 MiB
srv  get_availabl: prompt cache update took 0.71 ms
slot launch_slot_: id  0 | task -1 | sampler chain: logits -> ?penalties -> ?dry -> ?top-n-sigma -> top-k -> ?typical -> ?top-p -> min-p -> ?xtc -> temp-ext -> dist 
slot launch_slot_: id  0 | task 654 | processing task, is_child = 0
slot update_slots: id  0 | task 654 | new prompt, n_ctx_slot = 2048, n_keep = 0, task.n_tokens = 94
slot update_slots: id  0 | task 654 | n_past = 11, slot.prompt.tokens.size() = 161, seq_id = 0, pos_min = 0, n_swa = 512
slot update_slots: id  0 | task 654 | forcing full prompt re-processing due to lack of cache data (likely due to SWA or hybrid/recurrent memory, see https://github.com/ggml-org/llama.cpp/pull/13194#issuecomment-2868343055)
slot update_slots: id  0 | task 654 | n_tokens = 0, memory_seq_rm [0, end)
slot update_slots: id  0 | task 654 | prompt processing progress, n_tokens = 90, batch.n_tokens = 90, progress = 0.957447
slot update_slots: id  0 | task 654 | n_tokens = 90, memory_seq_rm [90, end)
slot init_sampler: id  0 | task 654 | init sampler, took 0.05 ms, tokens: text = 94, total = 94
slot update_slots: id  0 | task 654 | prompt processing done, n_tokens = 94, batch.n_tokens = 4
slot create_check: id  0 | task 654 | created context checkpoint 1 of 32 (pos_min = 0, pos_max = 89, n_tokens = 90, size = 0.688 MiB)
srv  log_server_r: done request: POST /v1/chat/completions 127.0.0.1 200
slot print_timing: id  0 | task 654 | 
prompt eval time =    5741.58 ms /    94 tokens (   61.08 ms per token,    16.37 tokens per second)
       eval time =   20793.95 ms /   128 tokens (  162.45 ms per token,     6.16 tokens per second)
      total time =   26535.53 ms /   222 tokens
slot      release: id  0 | task 654 | stop processing: n_tokens = 221, truncated = 0
srv  update_slots: all slots are idle
srv  params_from_: Chat format: peg-gemma4
slot get_availabl: id  0 | task -1 | selected slot by LCP similarity, sim_best = 0.138 (> 0.100 thold), f_keep = 0.054
srv  get_availabl: updating prompt cache
srv   prompt_save:  - saving prompt with length 221, total state size = 2.366 MiB
srv          load:  - looking for better prompt, base f_keep = 0.054, sim = 0.138
srv        update:  - cache state: 6 prompts, 11.931 MiB (limits: 8192.000 MiB, 2048 tokens, 720953 est)
srv        update:    - prompt 0xc7c1f0:     174 tokens, checkpoints:  0,     1.863 MiB
srv        update:    - prompt 0xc70010:     165 tokens, checkpoints:  0,     1.767 MiB
srv        update:    - prompt 0xdf9590:     163 tokens, checkpoints:  0,     1.745 MiB
srv        update:    - prompt 0xe08f90:     166 tokens, checkpoints:  0,     1.777 MiB
srv        update:    - prompt 0xdf3740:     161 tokens, checkpoints:  0,     1.724 MiB
srv        update:    - prompt 0xc7ea00:     221 tokens, checkpoints:  1,     3.054 MiB
srv  get_availabl: prompt cache update took 1.05 ms
slot launch_slot_: id  0 | task -1 | sampler chain: logits -> ?penalties -> ?dry -> ?top-n-sigma -> top-k -> ?typical -> ?top-p -> min-p -> ?xtc -> temp-ext -> dist 
slot launch_slot_: id  0 | task 784 | processing task, is_child = 0
slot update_slots: id  0 | task 784 | new prompt, n_ctx_slot = 2048, n_keep = 0, task.n_tokens = 87
slot update_slots: id  0 | task 784 | n_past = 12, slot.prompt.tokens.size() = 221, seq_id = 0, pos_min = 0, n_swa = 512
slot update_slots: id  0 | task 784 | Checking checkpoint with [0, 89] against 0...
slot update_slots: id  0 | task 784 | restored context checkpoint (pos_min = 0, pos_max = 89, n_tokens = 90, n_past = 12, size = 0.688 MiB)
slot update_slots: id  0 | task 784 | erased invalidated context checkpoint (pos_min = 0, pos_max = 89, n_tokens = 90, n_swa = 512, pos_next = 12, size = 0.688 MiB)
slot update_slots: id  0 | task 784 | n_tokens = 12, memory_seq_rm [12, end)
slot update_slots: id  0 | task 784 | prompt processing progress, n_tokens = 83, batch.n_tokens = 71, progress = 0.954023
slot create_check: id  0 | task 784 | created context checkpoint 1 of 32 (pos_min = 0, pos_max = 11, n_tokens = 12, size = 0.092 MiB)
slot update_slots: id  0 | task 784 | n_tokens = 83, memory_seq_rm [83, end)
slot init_sampler: id  0 | task 784 | init sampler, took 0.05 ms, tokens: text = 87, total = 87
slot update_slots: id  0 | task 784 | prompt processing done, n_tokens = 87, batch.n_tokens = 4
slot create_check: id  0 | task 784 | created context checkpoint 2 of 32 (pos_min = 0, pos_max = 82, n_tokens = 83, size = 0.635 MiB)
srv  log_server_r: done request: POST /v1/chat/completions 127.0.0.1 200
slot print_timing: id  0 | task 784 | 
prompt eval time =    4619.08 ms /    75 tokens (   61.59 ms per token,    16.24 tokens per second)
       eval time =   20918.98 ms /   128 tokens (  163.43 ms per token,     6.12 tokens per second)
      total time =   25538.06 ms /   203 tokens
slot      release: id  0 | task 784 | stop processing: n_tokens = 214, truncated = 0
srv  update_slots: all slots are idle
srv  params_from_: Chat format: peg-gemma4
slot get_availabl: id  0 | task -1 | selected slot by LCP similarity, sim_best = 0.124 (> 0.100 thold), f_keep = 0.051
srv  get_availabl: updating prompt cache
srv   prompt_save:  - saving prompt with length 214, total state size = 2.291 MiB
srv          load:  - looking for better prompt, base f_keep = 0.051, sim = 0.124
srv        update:  - cache state: 7 prompts, 14.949 MiB (limits: 8192.000 MiB, 2048 tokens, 692670 est)
srv        update:    - prompt 0xc7c1f0:     174 tokens, checkpoints:  0,     1.863 MiB
srv        update:    - prompt 0xc70010:     165 tokens, checkpoints:  0,     1.767 MiB
srv        update:    - prompt 0xdf9590:     163 tokens, checkpoints:  0,     1.745 MiB
srv        update:    - prompt 0xe08f90:     166 tokens, checkpoints:  0,     1.777 MiB
srv        update:    - prompt 0xdf3740:     161 tokens, checkpoints:  0,     1.724 MiB
srv        update:    - prompt 0xc7ea00:     221 tokens, checkpoints:  1,     3.054 MiB
srv        update:    - prompt 0xd6adb0:     214 tokens, checkpoints:  2,     3.018 MiB
srv  get_availabl: prompt cache update took 0.91 ms
slot launch_slot_: id  0 | task -1 | sampler chain: logits -> ?penalties -> ?dry -> ?top-n-sigma -> top-k -> ?typical -> ?top-p -> min-p -> ?xtc -> temp-ext -> dist 
slot launch_slot_: id  0 | task 914 | processing task, is_child = 0
slot update_slots: id  0 | task 914 | new prompt, n_ctx_slot = 2048, n_keep = 0, task.n_tokens = 89
slot update_slots: id  0 | task 914 | n_past = 11, slot.prompt.tokens.size() = 214, seq_id = 0, pos_min = 0, n_swa = 512
slot update_slots: id  0 | task 914 | Checking checkpoint with [0, 82] against 0...
slot update_slots: id  0 | task 914 | restored context checkpoint (pos_min = 0, pos_max = 82, n_tokens = 83, n_past = 11, size = 0.635 MiB)
slot update_slots: id  0 | task 914 | erased invalidated context checkpoint (pos_min = 0, pos_max = 82, n_tokens = 83, n_swa = 512, pos_next = 11, size = 0.635 MiB)
slot update_slots: id  0 | task 914 | n_tokens = 11, memory_seq_rm [11, end)
slot update_slots: id  0 | task 914 | prompt processing progress, n_tokens = 85, batch.n_tokens = 74, progress = 0.955056
slot update_slots: id  0 | task 914 | n_tokens = 85, memory_seq_rm [85, end)
slot init_sampler: id  0 | task 914 | init sampler, took 0.05 ms, tokens: text = 89, total = 89
slot update_slots: id  0 | task 914 | prompt processing done, n_tokens = 89, batch.n_tokens = 4
slot create_check: id  0 | task 914 | created context checkpoint 2 of 32 (pos_min = 0, pos_max = 84, n_tokens = 85, size = 0.650 MiB)
srv  log_server_r: done request: POST /v1/chat/completions 127.0.0.1 200
slot print_timing: id  0 | task 914 | 
prompt eval time =    4834.31 ms /    78 tokens (   61.98 ms per token,    16.13 tokens per second)
       eval time =   20467.32 ms /   128 tokens (  159.90 ms per token,     6.25 tokens per second)
      total time =   25301.63 ms /   206 tokens
slot      release: id  0 | task 914 | stop processing: n_tokens = 216, truncated = 0
srv  update_slots: all slots are idle
srv  params_from_: Chat format: peg-gemma4
slot get_availabl: id  0 | task -1 | selected slot by LCP similarity, sim_best = 0.145 (> 0.100 thold), f_keep = 0.056
srv  get_availabl: updating prompt cache
srv   prompt_save:  - saving prompt with length 216, total state size = 2.313 MiB
srv          load:  - looking for better prompt, base f_keep = 0.056, sim = 0.145
srv        update:  - cache state: 8 prompts, 18.004 MiB (limits: 8192.000 MiB, 2048 tokens, 673426 est)
srv        update:    - prompt 0xc7c1f0:     174 tokens, checkpoints:  0,     1.863 MiB
srv        update:    - prompt 0xc70010:     165 tokens, checkpoints:  0,     1.767 MiB
srv        update:    - prompt 0xdf9590:     163 tokens, checkpoints:  0,     1.745 MiB
srv        update:    - prompt 0xe08f90:     166 tokens, checkpoints:  0,     1.777 MiB
srv        update:    - prompt 0xdf3740:     161 tokens, checkpoints:  0,     1.724 MiB
srv        update:    - prompt 0xc7ea00:     221 tokens, checkpoints:  1,     3.054 MiB
srv        update:    - prompt 0xd6adb0:     214 tokens, checkpoints:  2,     3.018 MiB
srv        update:    - prompt 0xe06410:     216 tokens, checkpoints:  2,     3.055 MiB
srv  get_availabl: prompt cache update took 0.96 ms
slot launch_slot_: id  0 | task -1 | sampler chain: logits -> ?penalties -> ?dry -> ?top-n-sigma -> top-k -> ?typical -> ?top-p -> min-p -> ?xtc -> temp-ext -> dist 
slot launch_slot_: id  0 | task 1044 | processing task, is_child = 0
slot update_slots: id  0 | task 1044 | new prompt, n_ctx_slot = 2048, n_keep = 0, task.n_tokens = 83
slot update_slots: id  0 | task 1044 | n_past = 12, slot.prompt.tokens.size() = 216, seq_id = 0, pos_min = 0, n_swa = 512
slot update_slots: id  0 | task 1044 | Checking checkpoint with [0, 84] against 0...
slot update_slots: id  0 | task 1044 | restored context checkpoint (pos_min = 0, pos_max = 84, n_tokens = 85, n_past = 12, size = 0.650 MiB)
slot update_slots: id  0 | task 1044 | erased invalidated context checkpoint (pos_min = 0, pos_max = 84, n_tokens = 85, n_swa = 512, pos_next = 12, size = 0.650 MiB)
slot update_slots: id  0 | task 1044 | n_tokens = 12, memory_seq_rm [12, end)
slot update_slots: id  0 | task 1044 | prompt processing progress, n_tokens = 79, batch.n_tokens = 67, progress = 0.951807
slot update_slots: id  0 | task 1044 | n_tokens = 79, memory_seq_rm [79, end)
slot init_sampler: id  0 | task 1044 | init sampler, took 0.05 ms, tokens: text = 83, total = 83
slot update_slots: id  0 | task 1044 | prompt processing done, n_tokens = 83, batch.n_tokens = 4
slot create_check: id  0 | task 1044 | created context checkpoint 2 of 32 (pos_min = 0, pos_max = 78, n_tokens = 79, size = 0.604 MiB)
srv  log_server_r: done request: POST /v1/chat/completions 127.0.0.1 200
slot print_timing: id  0 | task 1044 | 
prompt eval time =    4377.86 ms /    71 tokens (   61.66 ms per token,    16.22 tokens per second)
       eval time =   20579.87 ms /   128 tokens (  160.78 ms per token,     6.22 tokens per second)
      total time =   24957.73 ms /   199 tokens
slot      release: id  0 | task 1044 | stop processing: n_tokens = 210, truncated = 0
srv  update_slots: all slots are idle
srv  params_from_: Chat format: peg-gemma4
slot get_availabl: id  0 | task -1 | selected slot by LRU, t_last = 176432711706
srv  get_availabl: updating prompt cache
srv   prompt_save:  - saving prompt with length 210, total state size = 2.248 MiB
srv          load:  - looking for better prompt, base f_keep = 0.052, sim = 0.069
srv        update:  - cache state: 9 prompts, 20.948 MiB (limits: 8192.000 MiB, 2048 tokens, 660885 est)
srv        update:    - prompt 0xc7c1f0:     174 tokens, checkpoints:  0,     1.863 MiB
srv        update:    - prompt 0xc70010:     165 tokens, checkpoints:  0,     1.767 MiB
srv        update:    - prompt 0xdf9590:     163 tokens, checkpoints:  0,     1.745 MiB
srv        update:    - prompt 0xe08f90:     166 tokens, checkpoints:  0,     1.777 MiB
srv        update:    - prompt 0xdf3740:     161 tokens, checkpoints:  0,     1.724 MiB
srv        update:    - prompt 0xc7ea00:     221 tokens, checkpoints:  1,     3.054 MiB
srv        update:    - prompt 0xd6adb0:     214 tokens, checkpoints:  2,     3.018 MiB
srv        update:    - prompt 0xe06410:     216 tokens, checkpoints:  2,     3.055 MiB
srv        update:    - prompt 0xe109b0:     210 tokens, checkpoints:  2,     2.945 MiB
srv  get_availabl: prompt cache update took 1.01 ms
slot launch_slot_: id  0 | task -1 | sampler chain: logits -> ?penalties -> ?dry -> ?top-n-sigma -> top-k -> ?typical -> ?top-p -> min-p -> ?xtc -> temp-ext -> dist 
slot launch_slot_: id  0 | task 1174 | processing task, is_child = 0
slot update_slots: id  0 | task 1174 | new prompt, n_ctx_slot = 2048, n_keep = 0, task.n_tokens = 159
slot update_slots: id  0 | task 1174 | n_past = 11, slot.prompt.tokens.size() = 210, seq_id = 0, pos_min = 0, n_swa = 512
slot update_slots: id  0 | task 1174 | Checking checkpoint with [0, 78] against 0...
slot update_slots: id  0 | task 1174 | restored context checkpoint (pos_min = 0, pos_max = 78, n_tokens = 79, n_past = 11, size = 0.604 MiB)
slot update_slots: id  0 | task 1174 | erased invalidated context checkpoint (pos_min = 0, pos_max = 78, n_tokens = 79, n_swa = 512, pos_next = 11, size = 0.604 MiB)
slot update_slots: id  0 | task 1174 | n_tokens = 11, memory_seq_rm [11, end)
slot update_slots: id  0 | task 1174 | prompt processing progress, n_tokens = 155, batch.n_tokens = 144, progress = 0.974843
slot update_slots: id  0 | task 1174 | n_tokens = 155, memory_seq_rm [155, end)
slot init_sampler: id  0 | task 1174 | init sampler, took 0.09 ms, tokens: text = 159, total = 159
slot update_slots: id  0 | task 1174 | prompt processing done, n_tokens = 159, batch.n_tokens = 4
slot create_check: id  0 | task 1174 | created context checkpoint 2 of 32 (pos_min = 0, pos_max = 154, n_tokens = 155, size = 1.185 MiB)
srv  log_server_r: done request: POST /v1/chat/completions 127.0.0.1 200
slot print_timing: id  0 | task 1174 | 
prompt eval time =    9480.28 ms /   148 tokens (   64.06 ms per token,    15.61 tokens per second)
       eval time =   23291.19 ms /   128 tokens (  181.96 ms per token,     5.50 tokens per second)
      total time =   32771.47 ms /   276 tokens
slot      release: id  0 | task 1174 | stop processing: n_tokens = 286, truncated = 0
srv  update_slots: all slots are idle
srv  params_from_: Chat format: peg-gemma4
slot get_availabl: id  0 | task -1 | selected slot by LRU, t_last = 176465494096
srv  get_availabl: updating prompt cache
srv   prompt_save:  - saving prompt with length 286, total state size = 3.062 MiB
srv          load:  - looking for better prompt, base f_keep = 0.038, sim = 0.035
srv        update:  - cache state: 10 prompts, 25.287 MiB (limits: 8192.000 MiB, 2048 tokens, 640139 est)
srv        update:    - prompt 0xc7c1f0:     174 tokens, checkpoints:  0,     1.863 MiB
srv        update:    - prompt 0xc70010:     165 tokens, checkpoints:  0,     1.767 MiB
srv        update:    - prompt 0xdf9590:     163 tokens, checkpoints:  0,     1.745 MiB
srv        update:    - prompt 0xe08f90:     166 tokens, checkpoints:  0,     1.777 MiB
srv        update:    - prompt 0xdf3740:     161 tokens, checkpoints:  0,     1.724 MiB
srv        update:    - prompt 0xc7ea00:     221 tokens, checkpoints:  1,     3.054 MiB
srv        update:    - prompt 0xd6adb0:     214 tokens, checkpoints:  2,     3.018 MiB
srv        update:    - prompt 0xe06410:     216 tokens, checkpoints:  2,     3.055 MiB
srv        update:    - prompt 0xe109b0:     210 tokens, checkpoints:  2,     2.945 MiB
srv        update:    - prompt 0xe0d590:     286 tokens, checkpoints:  2,     4.339 MiB
srv  get_availabl: prompt cache update took 1.34 ms
slot launch_slot_: id  0 | task -1 | sampler chain: logits -> ?penalties -> ?dry -> ?top-n-sigma -> top-k -> ?typical -> ?top-p -> min-p -> ?xtc -> temp-ext -> dist 
slot launch_slot_: id  0 | task 1304 | processing task, is_child = 0
slot update_slots: id  0 | task 1304 | new prompt, n_ctx_slot = 2048, n_keep = 0, task.n_tokens = 312
slot update_slots: id  0 | task 1304 | n_past = 11, slot.prompt.tokens.size() = 286, seq_id = 0, pos_min = 0, n_swa = 512
slot update_slots: id  0 | task 1304 | Checking checkpoint with [0, 154] against 0...
slot update_slots: id  0 | task 1304 | restored context checkpoint (pos_min = 0, pos_max = 154, n_tokens = 155, n_past = 11, size = 1.185 MiB)
slot update_slots: id  0 | task 1304 | erased invalidated context checkpoint (pos_min = 0, pos_max = 154, n_tokens = 155, n_swa = 512, pos_next = 11, size = 1.185 MiB)
slot update_slots: id  0 | task 1304 | n_tokens = 11, memory_seq_rm [11, end)
slot update_slots: id  0 | task 1304 | prompt processing progress, n_tokens = 308, batch.n_tokens = 297, progress = 0.987179
slot update_slots: id  0 | task 1304 | n_tokens = 308, memory_seq_rm [308, end)
slot init_sampler: id  0 | task 1304 | init sampler, took 0.15 ms, tokens: text = 312, total = 312
slot update_slots: id  0 | task 1304 | prompt processing done, n_tokens = 312, batch.n_tokens = 4
slot create_check: id  0 | task 1304 | created context checkpoint 2 of 32 (pos_min = 0, pos_max = 307, n_tokens = 308, size = 2.354 MiB)
srv  log_server_r: done request: POST /v1/chat/completions 127.0.0.1 200
slot print_timing: id  0 | task 1304 | 
prompt eval time =   21412.00 ms /   301 tokens (   71.14 ms per token,    14.06 tokens per second)
       eval time =   27458.28 ms /   128 tokens (  214.52 ms per token,     4.66 tokens per second)
      total time =   48870.28 ms /   429 tokens
slot      release: id  0 | task 1304 | stop processing: n_tokens = 439, truncated = 0
srv  update_slots: all slots are idle
srv  params_from_: Chat format: peg-gemma4
slot get_availabl: id  0 | task -1 | selected slot by LRU, t_last = 176514376419
srv  get_availabl: updating prompt cache
srv   prompt_save:  - saving prompt with length 439, total state size = 4.700 MiB
srv          load:  - looking for better prompt, base f_keep = 0.025, sim = 0.043
srv        update:  - cache state: 11 prompts, 32.433 MiB (limits: 8192.000 MiB, 2048 tokens, 609986 est)
srv        update:    - prompt 0xc7c1f0:     174 tokens, checkpoints:  0,     1.863 MiB
srv        update:    - prompt 0xc70010:     165 tokens, checkpoints:  0,     1.767 MiB
srv        update:    - prompt 0xdf9590:     163 tokens, checkpoints:  0,     1.745 MiB
srv        update:    - prompt 0xe08f90:     166 tokens, checkpoints:  0,     1.777 MiB
srv        update:    - prompt 0xdf3740:     161 tokens, checkpoints:  0,     1.724 MiB
srv        update:    - prompt 0xc7ea00:     221 tokens, checkpoints:  1,     3.054 MiB
srv        update:    - prompt 0xd6adb0:     214 tokens, checkpoints:  2,     3.018 MiB
srv        update:    - prompt 0xe06410:     216 tokens, checkpoints:  2,     3.055 MiB
srv        update:    - prompt 0xe109b0:     210 tokens, checkpoints:  2,     2.945 MiB
srv        update:    - prompt 0xe0d590:     286 tokens, checkpoints:  2,     4.339 MiB
srv        update:    - prompt 0xc75cc0:     439 tokens, checkpoints:  2,     7.146 MiB
srv  get_availabl: prompt cache update took 2.19 ms
slot launch_slot_: id  0 | task -1 | sampler chain: logits -> ?penalties -> ?dry -> ?top-n-sigma -> top-k -> ?typical -> ?top-p -> min-p -> ?xtc -> temp-ext -> dist 
slot launch_slot_: id  0 | task 1434 | processing task, is_child = 0
slot update_slots: id  0 | task 1434 | new prompt, n_ctx_slot = 2048, n_keep = 0, task.n_tokens = 254
slot update_slots: id  0 | task 1434 | n_past = 11, slot.prompt.tokens.size() = 439, seq_id = 0, pos_min = 0, n_swa = 512
slot update_slots: id  0 | task 1434 | Checking checkpoint with [0, 307] against 0...
slot update_slots: id  0 | task 1434 | restored context checkpoint (pos_min = 0, pos_max = 307, n_tokens = 308, n_past = 11, size = 2.354 MiB)
slot update_slots: id  0 | task 1434 | erased invalidated context checkpoint (pos_min = 0, pos_max = 307, n_tokens = 308, n_swa = 512, pos_next = 11, size = 2.354 MiB)
slot update_slots: id  0 | task 1434 | n_tokens = 11, memory_seq_rm [11, end)
slot update_slots: id  0 | task 1434 | prompt processing progress, n_tokens = 250, batch.n_tokens = 239, progress = 0.984252
slot update_slots: id  0 | task 1434 | n_tokens = 250, memory_seq_rm [250, end)
slot init_sampler: id  0 | task 1434 | init sampler, took 0.13 ms, tokens: text = 254, total = 254
slot update_slots: id  0 | task 1434 | prompt processing done, n_tokens = 254, batch.n_tokens = 4
slot create_check: id  0 | task 1434 | created context checkpoint 2 of 32 (pos_min = 0, pos_max = 249, n_tokens = 250, size = 1.911 MiB)
srv  log_server_r: done request: POST /v1/chat/completions 127.0.0.1 200
slot print_timing: id  0 | task 1434 | 
prompt eval time =   16533.88 ms /   243 tokens (   68.04 ms per token,    14.70 tokens per second)
       eval time =   25617.08 ms /   128 tokens (  200.13 ms per token,     5.00 tokens per second)
      total time =   42150.95 ms /   371 tokens
slot      release: id  0 | task 1434 | stop processing: n_tokens = 381, truncated = 0
srv  update_slots: all slots are idle
srv  params_from_: Chat format: peg-gemma4
slot get_availabl: id  0 | task -1 | selected slot by LRU, t_last = 176556540212
srv  get_availabl: updating prompt cache
srv   prompt_save:  - saving prompt with length 381, total state size = 4.079 MiB
srv          load:  - looking for better prompt, base f_keep = 0.029, sim = 0.046
srv        update:  - cache state: 12 prompts, 38.515 MiB (limits: 8192.000 MiB, 2048 tokens, 594704 est)
srv        update:    - prompt 0xc7c1f0:     174 tokens, checkpoints:  0,     1.863 MiB
srv        update:    - prompt 0xc70010:     165 tokens, checkpoints:  0,     1.767 MiB
srv        update:    - prompt 0xdf9590:     163 tokens, checkpoints:  0,     1.745 MiB
srv        update:    - prompt 0xe08f90:     166 tokens, checkpoints:  0,     1.777 MiB
srv        update:    - prompt 0xdf3740:     161 tokens, checkpoints:  0,     1.724 MiB
srv        update:    - prompt 0xc7ea00:     221 tokens, checkpoints:  1,     3.054 MiB
srv        update:    - prompt 0xd6adb0:     214 tokens, checkpoints:  2,     3.018 MiB
srv        update:    - prompt 0xe06410:     216 tokens, checkpoints:  2,     3.055 MiB
srv        update:    - prompt 0xe109b0:     210 tokens, checkpoints:  2,     2.945 MiB
srv        update:    - prompt 0xe0d590:     286 tokens, checkpoints:  2,     4.339 MiB
srv        update:    - prompt 0xc75cc0:     439 tokens, checkpoints:  2,     7.146 MiB
srv        update:    - prompt 0xe0c040:     381 tokens, checkpoints:  2,     6.082 MiB
srv  get_availabl: prompt cache update took 1.90 ms
slot launch_slot_: id  0 | task -1 | sampler chain: logits -> ?penalties -> ?dry -> ?top-n-sigma -> top-k -> ?typical -> ?top-p -> min-p -> ?xtc -> temp-ext -> dist 
slot launch_slot_: id  0 | task 1564 | processing task, is_child = 0
slot update_slots: id  0 | task 1564 | new prompt, n_ctx_slot = 2048, n_keep = 0, task.n_tokens = 241
slot update_slots: id  0 | task 1564 | n_past = 11, slot.prompt.tokens.size() = 381, seq_id = 0, pos_min = 0, n_swa = 512
slot update_slots: id  0 | task 1564 | Checking checkpoint with [0, 249] against 0...
slot update_slots: id  0 | task 1564 | restored context checkpoint (pos_min = 0, pos_max = 249, n_tokens = 250, n_past = 11, size = 1.911 MiB)
slot update_slots: id  0 | task 1564 | erased invalidated context checkpoint (pos_min = 0, pos_max = 249, n_tokens = 250, n_swa = 512, pos_next = 11, size = 1.911 MiB)
slot update_slots: id  0 | task 1564 | n_tokens = 11, memory_seq_rm [11, end)
slot update_slots: id  0 | task 1564 | prompt processing progress, n_tokens = 237, batch.n_tokens = 226, progress = 0.983402
slot update_slots: id  0 | task 1564 | n_tokens = 237, memory_seq_rm [237, end)
slot init_sampler: id  0 | task 1564 | init sampler, took 0.12 ms, tokens: text = 241, total = 241
slot update_slots: id  0 | task 1564 | prompt processing done, n_tokens = 241, batch.n_tokens = 4
slot create_check: id  0 | task 1564 | created context checkpoint 2 of 32 (pos_min = 0, pos_max = 236, n_tokens = 237, size = 1.811 MiB)
srv  log_server_r: done request: POST /v1/chat/completions 127.0.0.1 200
slot print_timing: id  0 | task 1564 | 
prompt eval time =   15586.66 ms /   230 tokens (   67.77 ms per token,    14.76 tokens per second)
       eval time =   25439.06 ms /   128 tokens (  198.74 ms per token,     5.03 tokens per second)
      total time =   41025.72 ms /   358 tokens
slot      release: id  0 | task 1564 | stop processing: n_tokens = 368, truncated = 0
srv  update_slots: all slots are idle
srv  params_from_: Chat format: peg-gemma4
slot get_availabl: id  0 | task -1 | selected slot by LRU, t_last = 176597578569
srv  get_availabl: updating prompt cache
srv   prompt_save:  - saving prompt with length 368, total state size = 3.940 MiB
srv          load:  - looking for better prompt, base f_keep = 0.030, sim = 0.049
srv        update:  - cache state: 13 prompts, 44.358 MiB (limits: 8192.000 MiB, 2048 tokens, 584327 est)
srv        update:    - prompt 0xc7c1f0:     174 tokens, checkpoints:  0,     1.863 MiB
srv        update:    - prompt 0xc70010:     165 tokens, checkpoints:  0,     1.767 MiB
srv        update:    - prompt 0xdf9590:     163 tokens, checkpoints:  0,     1.745 MiB
srv        update:    - prompt 0xe08f90:     166 tokens, checkpoints:  0,     1.777 MiB
srv        update:    - prompt 0xdf3740:     161 tokens, checkpoints:  0,     1.724 MiB
srv        update:    - prompt 0xc7ea00:     221 tokens, checkpoints:  1,     3.054 MiB
srv        update:    - prompt 0xd6adb0:     214 tokens, checkpoints:  2,     3.018 MiB
srv        update:    - prompt 0xe06410:     216 tokens, checkpoints:  2,     3.055 MiB
srv        update:    - prompt 0xe109b0:     210 tokens, checkpoints:  2,     2.945 MiB
srv        update:    - prompt 0xe0d590:     286 tokens, checkpoints:  2,     4.339 MiB
srv        update:    - prompt 0xc75cc0:     439 tokens, checkpoints:  2,     7.146 MiB
srv        update:    - prompt 0xe0c040:     381 tokens, checkpoints:  2,     6.082 MiB
srv        update:    - prompt 0xe142f0:     368 tokens, checkpoints:  2,     5.843 MiB
srv  get_availabl: prompt cache update took 1.88 ms
slot launch_slot_: id  0 | task -1 | sampler chain: logits -> ?penalties -> ?dry -> ?top-n-sigma -> top-k -> ?typical -> ?top-p -> min-p -> ?xtc -> temp-ext -> dist 
slot launch_slot_: id  0 | task 1694 | processing task, is_child = 0
slot update_slots: id  0 | task 1694 | new prompt, n_ctx_slot = 2048, n_keep = 0, task.n_tokens = 225
slot update_slots: id  0 | task 1694 | n_past = 11, slot.prompt.tokens.size() = 368, seq_id = 0, pos_min = 0, n_swa = 512
slot update_slots: id  0 | task 1694 | Checking checkpoint with [0, 236] against 0...
slot update_slots: id  0 | task 1694 | restored context checkpoint (pos_min = 0, pos_max = 236, n_tokens = 237, n_past = 11, size = 1.811 MiB)
slot update_slots: id  0 | task 1694 | erased invalidated context checkpoint (pos_min = 0, pos_max = 236, n_tokens = 237, n_swa = 512, pos_next = 11, size = 1.811 MiB)
slot update_slots: id  0 | task 1694 | n_tokens = 11, memory_seq_rm [11, end)
slot update_slots: id  0 | task 1694 | prompt processing progress, n_tokens = 221, batch.n_tokens = 210, progress = 0.982222
slot update_slots: id  0 | task 1694 | n_tokens = 221, memory_seq_rm [221, end)
slot init_sampler: id  0 | task 1694 | init sampler, took 0.11 ms, tokens: text = 225, total = 225
slot update_slots: id  0 | task 1694 | prompt processing done, n_tokens = 225, batch.n_tokens = 4
slot create_check: id  0 | task 1694 | created context checkpoint 2 of 32 (pos_min = 0, pos_max = 220, n_tokens = 221, size = 1.689 MiB)
srv  log_server_r: done request: POST /v1/chat/completions 127.0.0.1 200
slot print_timing: id  0 | task 1694 | 
prompt eval time =   14364.05 ms /   214 tokens (   67.12 ms per token,    14.90 tokens per second)
       eval time =   25171.49 ms /   128 tokens (  196.65 ms per token,     5.09 tokens per second)
      total time =   39535.54 ms /   342 tokens
slot      release: id  0 | task 1694 | stop processing: n_tokens = 352, truncated = 0
srv  update_slots: all slots are idle
srv  params_from_: Chat format: peg-gemma4
slot get_availabl: id  0 | task -1 | selected slot by LCP similarity, sim_best = 0.478 (> 0.100 thold), f_keep = 0.031
srv  get_availabl: updating prompt cache
srv   prompt_save:  - saving prompt with length 352, total state size = 3.768 MiB
srv          load:  - looking for better prompt, base f_keep = 0.031, sim = 0.478
srv        update:  - cache state: 14 prompts, 49.907 MiB (limits: 8192.000 MiB, 2048 tokens, 577129 est)
srv        update:    - prompt 0xc7c1f0:     174 tokens, checkpoints:  0,     1.863 MiB
srv        update:    - prompt 0xc70010:     165 tokens, checkpoints:  0,     1.767 MiB
srv        update:    - prompt 0xdf9590:     163 tokens, checkpoints:  0,     1.745 MiB
srv        update:    - prompt 0xe08f90:     166 tokens, checkpoints:  0,     1.777 MiB
srv        update:    - prompt 0xdf3740:     161 tokens, checkpoints:  0,     1.724 MiB
srv        update:    - prompt 0xc7ea00:     221 tokens, checkpoints:  1,     3.054 MiB
srv        update:    - prompt 0xd6adb0:     214 tokens, checkpoints:  2,     3.018 MiB
srv        update:    - prompt 0xe06410:     216 tokens, checkpoints:  2,     3.055 MiB
srv        update:    - prompt 0xe109b0:     210 tokens, checkpoints:  2,     2.945 MiB
srv        update:    - prompt 0xe0d590:     286 tokens, checkpoints:  2,     4.339 MiB
srv        update:    - prompt 0xc75cc0:     439 tokens, checkpoints:  2,     7.146 MiB
srv        update:    - prompt 0xe0c040:     381 tokens, checkpoints:  2,     6.082 MiB
srv        update:    - prompt 0xe142f0:     368 tokens, checkpoints:  2,     5.843 MiB
srv        update:    - prompt 0xe01850:     352 tokens, checkpoints:  2,     5.550 MiB
srv  get_availabl: prompt cache update took 1.75 ms
slot launch_slot_: id  0 | task -1 | sampler chain: logits -> ?penalties -> ?dry -> ?top-n-sigma -> top-k -> ?typical -> ?top-p -> min-p -> ?xtc -> temp-ext -> dist 
slot launch_slot_: id  0 | task 1824 | processing task, is_child = 0
slot update_slots: id  0 | task 1824 | new prompt, n_ctx_slot = 2048, n_keep = 0, task.n_tokens = 23
slot update_slots: id  0 | task 1824 | n_past = 11, slot.prompt.tokens.size() = 352, seq_id = 0, pos_min = 0, n_swa = 512
slot update_slots: id  0 | task 1824 | Checking checkpoint with [0, 220] against 0...
slot update_slots: id  0 | task 1824 | restored context checkpoint (pos_min = 0, pos_max = 220, n_tokens = 221, n_past = 11, size = 1.689 MiB)
slot update_slots: id  0 | task 1824 | erased invalidated context checkpoint (pos_min = 0, pos_max = 220, n_tokens = 221, n_swa = 512, pos_next = 11, size = 1.689 MiB)
slot update_slots: id  0 | task 1824 | n_tokens = 11, memory_seq_rm [11, end)
slot update_slots: id  0 | task 1824 | prompt processing progress, n_tokens = 19, batch.n_tokens = 8, progress = 0.826087
slot update_slots: id  0 | task 1824 | n_tokens = 19, memory_seq_rm [19, end)
slot init_sampler: id  0 | task 1824 | init sampler, took 0.02 ms, tokens: text = 23, total = 23
slot update_slots: id  0 | task 1824 | prompt processing done, n_tokens = 23, batch.n_tokens = 4
srv  log_server_r: done request: POST /v1/chat/completions 127.0.0.1 200
slot print_timing: id  0 | task 1824 | 
prompt eval time =     810.95 ms /    12 tokens (   67.58 ms per token,    14.80 tokens per second)
       eval time =     138.70 ms /     2 tokens (   69.35 ms per token,    14.42 tokens per second)
      total time =     949.64 ms /    14 tokens
slot      release: id  0 | task 1824 | stop processing: n_tokens = 24, truncated = 0
srv  update_slots: all slots are idle
srv  params_from_: Chat format: peg-gemma4
slot get_availabl: id  0 | task -1 | selected slot by LCP similarity, sim_best = 0.234 (> 0.100 thold), f_keep = 0.458
srv  get_availabl: updating prompt cache
srv   prompt_save:  - saving prompt with length 24, total state size = 0.257 MiB
srv          load:  - looking for better prompt, base f_keep = 0.458, sim = 0.234
srv        update:  - cache state: 15 prompts, 50.257 MiB (limits: 8192.000 MiB, 2048 tokens, 577026 est)
srv        update:    - prompt 0xc7c1f0:     174 tokens, checkpoints:  0,     1.863 MiB
srv        update:    - prompt 0xc70010:     165 tokens, checkpoints:  0,     1.767 MiB
srv        update:    - prompt 0xdf9590:     163 tokens, checkpoints:  0,     1.745 MiB
srv        update:    - prompt 0xe08f90:     166 tokens, checkpoints:  0,     1.777 MiB
srv        update:    - prompt 0xdf3740:     161 tokens, checkpoints:  0,     1.724 MiB
srv        update:    - prompt 0xc7ea00:     221 tokens, checkpoints:  1,     3.054 MiB
srv        update:    - prompt 0xd6adb0:     214 tokens, checkpoints:  2,     3.018 MiB
srv        update:    - prompt 0xe06410:     216 tokens, checkpoints:  2,     3.055 MiB
srv        update:    - prompt 0xe109b0:     210 tokens, checkpoints:  2,     2.945 MiB
srv        update:    - prompt 0xe0d590:     286 tokens, checkpoints:  2,     4.339 MiB
srv        update:    - prompt 0xc75cc0:     439 tokens, checkpoints:  2,     7.146 MiB
srv        update:    - prompt 0xe0c040:     381 tokens, checkpoints:  2,     6.082 MiB
srv        update:    - prompt 0xe142f0:     368 tokens, checkpoints:  2,     5.843 MiB
srv        update:    - prompt 0xe01850:     352 tokens, checkpoints:  2,     5.550 MiB
srv        update:    - prompt 0xe1bf70:      24 tokens, checkpoints:  1,     0.350 MiB
srv  get_availabl: prompt cache update took 0.30 ms
slot launch_slot_: id  0 | task -1 | sampler chain: logits -> ?penalties -> ?dry -> ?top-n-sigma -> top-k -> ?typical -> ?top-p -> min-p -> ?xtc -> temp-ext -> dist 
slot launch_slot_: id  0 | task 1828 | processing task, is_child = 0
slot update_slots: id  0 | task 1828 | new prompt, n_ctx_slot = 2048, n_keep = 0, task.n_tokens = 47
slot update_slots: id  0 | task 1828 | n_past = 11, slot.prompt.tokens.size() = 24, seq_id = 0, pos_min = 0, n_swa = 512
slot update_slots: id  0 | task 1828 | Checking checkpoint with [0, 11] against 0...
slot update_slots: id  0 | task 1828 | restored context checkpoint (pos_min = 0, pos_max = 11, n_tokens = 12, n_past = 11, size = 0.092 MiB)
slot update_slots: id  0 | task 1828 | n_tokens = 11, memory_seq_rm [11, end)
slot update_slots: id  0 | task 1828 | prompt processing progress, n_tokens = 43, batch.n_tokens = 32, progress = 0.914894
slot update_slots: id  0 | task 1828 | n_tokens = 43, memory_seq_rm [43, end)
slot init_sampler: id  0 | task 1828 | init sampler, took 0.03 ms, tokens: text = 47, total = 47
slot update_slots: id  0 | task 1828 | prompt processing done, n_tokens = 47, batch.n_tokens = 4
srv  log_server_r: done request: POST /v1/chat/completions 127.0.0.1 200
slot print_timing: id  0 | task 1828 | 
prompt eval time =    2230.91 ms /    36 tokens (   61.97 ms per token,    16.14 tokens per second)
       eval time =   19576.63 ms /   128 tokens (  152.94 ms per token,     6.54 tokens per second)
      total time =   21807.55 ms /   164 tokens
slot      release: id  0 | task 1828 | stop processing: n_tokens = 174, truncated = 0
srv  update_slots: all slots are idle
srv  params_from_: Chat format: peg-gemma4
slot get_availabl: id  0 | task -1 | selected slot by LCP similarity, sim_best = 0.289 (> 0.100 thold), f_keep = 0.063
srv  get_availabl: updating prompt cache
srv   prompt_save:  - saving prompt with length 174, total state size = 1.863 MiB
srv         alloc:  - prompt is already in the cache, skipping
srv          load:  - looking for better prompt, base f_keep = 0.063, sim = 0.289
srv        update:  - cache state: 15 prompts, 50.257 MiB (limits: 8192.000 MiB, 2048 tokens, 577026 est)
srv        update:    - prompt 0xc7c1f0:     174 tokens, checkpoints:  0,     1.863 MiB
srv        update:    - prompt 0xc70010:     165 tokens, checkpoints:  0,     1.767 MiB
srv        update:    - prompt 0xdf9590:     163 tokens, checkpoints:  0,     1.745 MiB
srv        update:    - prompt 0xe08f90:     166 tokens, checkpoints:  0,     1.777 MiB
srv        update:    - prompt 0xdf3740:     161 tokens, checkpoints:  0,     1.724 MiB
srv        update:    - prompt 0xc7ea00:     221 tokens, checkpoints:  1,     3.054 MiB
srv        update:    - prompt 0xd6adb0:     214 tokens, checkpoints:  2,     3.018 MiB
srv        update:    - prompt 0xe06410:     216 tokens, checkpoints:  2,     3.055 MiB
srv        update:    - prompt 0xe109b0:     210 tokens, checkpoints:  2,     2.945 MiB
srv        update:    - prompt 0xe0d590:     286 tokens, checkpoints:  2,     4.339 MiB
srv        update:    - prompt 0xc75cc0:     439 tokens, checkpoints:  2,     7.146 MiB
srv        update:    - prompt 0xe0c040:     381 tokens, checkpoints:  2,     6.082 MiB
srv        update:    - prompt 0xe142f0:     368 tokens, checkpoints:  2,     5.843 MiB
srv        update:    - prompt 0xe01850:     352 tokens, checkpoints:  2,     5.550 MiB
srv        update:    - prompt 0xe1bf70:      24 tokens, checkpoints:  1,     0.350 MiB
srv  get_availabl: prompt cache update took 0.18 ms
slot launch_slot_: id  0 | task -1 | sampler chain: logits -> ?penalties -> ?dry -> ?top-n-sigma -> top-k -> ?typical -> ?top-p -> min-p -> ?xtc -> temp-ext -> dist 
slot launch_slot_: id  0 | task 1958 | processing task, is_child = 0
slot update_slots: id  0 | task 1958 | new prompt, n_ctx_slot = 2048, n_keep = 0, task.n_tokens = 38
slot update_slots: id  0 | task 1958 | n_past = 11, slot.prompt.tokens.size() = 174, seq_id = 0, pos_min = 0, n_swa = 512
slot update_slots: id  0 | task 1958 | Checking checkpoint with [0, 11] against 0...
slot update_slots: id  0 | task 1958 | restored context checkpoint (pos_min = 0, pos_max = 11, n_tokens = 12, n_past = 11, size = 0.092 MiB)
slot update_slots: id  0 | task 1958 | n_tokens = 11, memory_seq_rm [11, end)
slot update_slots: id  0 | task 1958 | prompt processing progress, n_tokens = 34, batch.n_tokens = 23, progress = 0.894737
slot update_slots: id  0 | task 1958 | n_tokens = 34, memory_seq_rm [34, end)
slot init_sampler: id  0 | task 1958 | init sampler, took 0.03 ms, tokens: text = 38, total = 38
slot update_slots: id  0 | task 1958 | prompt processing done, n_tokens = 38, batch.n_tokens = 4
srv  log_server_r: done request: POST /v1/chat/completions 127.0.0.1 200
slot print_timing: id  0 | task 1958 | 
prompt eval time =    1687.50 ms /    27 tokens (   62.50 ms per token,    16.00 tokens per second)
       eval time =   18730.94 ms /   128 tokens (  146.34 ms per token,     6.83 tokens per second)
      total time =   20418.44 ms /   155 tokens
slot      release: id  0 | task 1958 | stop processing: n_tokens = 165, truncated = 0
srv  update_slots: all slots are idle
srv  params_from_: Chat format: peg-gemma4
slot get_availabl: id  0 | task -1 | selected slot by LCP similarity, sim_best = 0.306 (> 0.100 thold), f_keep = 0.067
srv  get_availabl: updating prompt cache
srv   prompt_save:  - saving prompt with length 165, total state size = 1.767 MiB
srv         alloc:  - prompt is already in the cache, skipping
srv          load:  - looking for better prompt, base f_keep = 0.067, sim = 0.306
srv          load:  - found better prompt with f_keep = 0.583, sim = 0.389
srv        update:  - cache state: 14 prompts, 49.907 MiB (limits: 8192.000 MiB, 2048 tokens, 577129 est)
srv        update:    - prompt 0xc7c1f0:     174 tokens, checkpoints:  0,     1.863 MiB
srv        update:    - prompt 0xc70010:     165 tokens, checkpoints:  0,     1.767 MiB
srv        update:    - prompt 0xdf9590:     163 tokens, checkpoints:  0,     1.745 MiB
srv        update:    - prompt 0xe08f90:     166 tokens, checkpoints:  0,     1.777 MiB
srv        update:    - prompt 0xdf3740:     161 tokens, checkpoints:  0,     1.724 MiB
srv        update:    - prompt 0xc7ea00:     221 tokens, checkpoints:  1,     3.054 MiB
srv        update:    - prompt 0xd6adb0:     214 tokens, checkpoints:  2,     3.018 MiB
srv        update:    - prompt 0xe06410:     216 tokens, checkpoints:  2,     3.055 MiB
srv        update:    - prompt 0xe109b0:     210 tokens, checkpoints:  2,     2.945 MiB
srv        update:    - prompt 0xe0d590:     286 tokens, checkpoints:  2,     4.339 MiB
srv        update:    - prompt 0xc75cc0:     439 tokens, checkpoints:  2,     7.146 MiB
srv        update:    - prompt 0xe0c040:     381 tokens, checkpoints:  2,     6.082 MiB
srv        update:    - prompt 0xe142f0:     368 tokens, checkpoints:  2,     5.843 MiB
srv        update:    - prompt 0xe01850:     352 tokens, checkpoints:  2,     5.550 MiB
srv  get_availabl: prompt cache update took 0.72 ms
slot launch_slot_: id  0 | task -1 | sampler chain: logits -> ?penalties -> ?dry -> ?top-n-sigma -> top-k -> ?typical -> ?top-p -> min-p -> ?xtc -> temp-ext -> dist 
slot launch_slot_: id  0 | task 2088 | processing task, is_child = 0
slot update_slots: id  0 | task 2088 | new prompt, n_ctx_slot = 2048, n_keep = 0, task.n_tokens = 36
slot update_slots: id  0 | task 2088 | n_past = 14, slot.prompt.tokens.size() = 24, seq_id = 0, pos_min = 0, n_swa = 512
slot update_slots: id  0 | task 2088 | Checking checkpoint with [0, 11] against 0...
slot update_slots: id  0 | task 2088 | restored context checkpoint (pos_min = 0, pos_max = 11, n_tokens = 12, n_past = 11, size = 0.092 MiB)
slot update_slots: id  0 | task 2088 | n_tokens = 11, memory_seq_rm [11, end)
slot update_slots: id  0 | task 2088 | prompt processing progress, n_tokens = 32, batch.n_tokens = 21, progress = 0.888889
slot update_slots: id  0 | task 2088 | n_tokens = 32, memory_seq_rm [32, end)
slot init_sampler: id  0 | task 2088 | init sampler, took 0.02 ms, tokens: text = 36, total = 36
slot update_slots: id  0 | task 2088 | prompt processing done, n_tokens = 36, batch.n_tokens = 4
srv  log_server_r: done request: POST /v1/chat/completions 127.0.0.1 200
slot print_timing: id  0 | task 2088 | 
prompt eval time =    1570.89 ms /    25 tokens (   62.84 ms per token,    15.91 tokens per second)
       eval time =   19138.15 ms /   128 tokens (  149.52 ms per token,     6.69 tokens per second)
      total time =   20709.04 ms /   153 tokens
slot      release: id  0 | task 2088 | stop processing: n_tokens = 163, truncated = 0
srv  update_slots: all slots are idle
srv  params_from_: Chat format: peg-gemma4
slot get_availabl: id  0 | task -1 | selected slot by LCP similarity, sim_best = 0.282 (> 0.100 thold), f_keep = 0.067
srv  get_availabl: updating prompt cache
srv   prompt_save:  - saving prompt with length 163, total state size = 1.745 MiB
srv         alloc:  - prompt is already in the cache, skipping
srv          load:  - looking for better prompt, base f_keep = 0.067, sim = 0.282
srv        update:  - cache state: 14 prompts, 49.907 MiB (limits: 8192.000 MiB, 2048 tokens, 577129 est)
srv        update:    - prompt 0xc7c1f0:     174 tokens, checkpoints:  0,     1.863 MiB
srv        update:    - prompt 0xc70010:     165 tokens, checkpoints:  0,     1.767 MiB
srv        update:    - prompt 0xdf9590:     163 tokens, checkpoints:  0,     1.745 MiB
srv        update:    - prompt 0xe08f90:     166 tokens, checkpoints:  0,     1.777 MiB
srv        update:    - prompt 0xdf3740:     161 tokens, checkpoints:  0,     1.724 MiB
srv        update:    - prompt 0xc7ea00:     221 tokens, checkpoints:  1,     3.054 MiB
srv        update:    - prompt 0xd6adb0:     214 tokens, checkpoints:  2,     3.018 MiB
srv        update:    - prompt 0xe06410:     216 tokens, checkpoints:  2,     3.055 MiB
srv        update:    - prompt 0xe109b0:     210 tokens, checkpoints:  2,     2.945 MiB
srv        update:    - prompt 0xe0d590:     286 tokens, checkpoints:  2,     4.339 MiB
srv        update:    - prompt 0xc75cc0:     439 tokens, checkpoints:  2,     7.146 MiB
srv        update:    - prompt 0xe0c040:     381 tokens, checkpoints:  2,     6.082 MiB
srv        update:    - prompt 0xe142f0:     368 tokens, checkpoints:  2,     5.843 MiB
srv        update:    - prompt 0xe01850:     352 tokens, checkpoints:  2,     5.550 MiB
srv  get_availabl: prompt cache update took 0.16 ms
slot launch_slot_: id  0 | task -1 | sampler chain: logits -> ?penalties -> ?dry -> ?top-n-sigma -> top-k -> ?typical -> ?top-p -> min-p -> ?xtc -> temp-ext -> dist 
slot launch_slot_: id  0 | task 2218 | processing task, is_child = 0
slot update_slots: id  0 | task 2218 | new prompt, n_ctx_slot = 2048, n_keep = 0, task.n_tokens = 39
slot update_slots: id  0 | task 2218 | n_past = 11, slot.prompt.tokens.size() = 163, seq_id = 0, pos_min = 0, n_swa = 512
slot update_slots: id  0 | task 2218 | Checking checkpoint with [0, 11] against 0...
slot update_slots: id  0 | task 2218 | restored context checkpoint (pos_min = 0, pos_max = 11, n_tokens = 12, n_past = 11, size = 0.092 MiB)
slot update_slots: id  0 | task 2218 | n_tokens = 11, memory_seq_rm [11, end)
slot update_slots: id  0 | task 2218 | prompt processing progress, n_tokens = 35, batch.n_tokens = 24, progress = 0.897436
slot update_slots: id  0 | task 2218 | n_tokens = 35, memory_seq_rm [35, end)
slot init_sampler: id  0 | task 2218 | init sampler, took 0.03 ms, tokens: text = 39, total = 39
slot update_slots: id  0 | task 2218 | prompt processing done, n_tokens = 39, batch.n_tokens = 4
srv  log_server_r: done request: POST /v1/chat/completions 127.0.0.1 200
slot print_timing: id  0 | task 2218 | 
prompt eval time =    1749.09 ms /    28 tokens (   62.47 ms per token,    16.01 tokens per second)
       eval time =   19271.65 ms /   128 tokens (  150.56 ms per token,     6.64 tokens per second)
      total time =   21020.74 ms /   156 tokens
slot      release: id  0 | task 2218 | stop processing: n_tokens = 166, truncated = 0
srv  update_slots: all slots are idle
srv  params_from_: Chat format: peg-gemma4
slot get_availabl: id  0 | task -1 | selected slot by LCP similarity, sim_best = 0.382 (> 0.100 thold), f_keep = 0.078
srv  get_availabl: updating prompt cache
srv   prompt_save:  - saving prompt with length 166, total state size = 1.777 MiB
srv         alloc:  - prompt is already in the cache, skipping
srv          load:  - looking for better prompt, base f_keep = 0.078, sim = 0.382
srv        update:  - cache state: 14 prompts, 49.907 MiB (limits: 8192.000 MiB, 2048 tokens, 577129 est)
srv        update:    - prompt 0xc7c1f0:     174 tokens, checkpoints:  0,     1.863 MiB
srv        update:    - prompt 0xc70010:     165 tokens, checkpoints:  0,     1.767 MiB
srv        update:    - prompt 0xdf9590:     163 tokens, checkpoints:  0,     1.745 MiB
srv        update:    - prompt 0xe08f90:     166 tokens, checkpoints:  0,     1.777 MiB
srv        update:    - prompt 0xdf3740:     161 tokens, checkpoints:  0,     1.724 MiB
srv        update:    - prompt 0xc7ea00:     221 tokens, checkpoints:  1,     3.054 MiB
srv        update:    - prompt 0xd6adb0:     214 tokens, checkpoints:  2,     3.018 MiB
srv        update:    - prompt 0xe06410:     216 tokens, checkpoints:  2,     3.055 MiB
srv        update:    - prompt 0xe109b0:     210 tokens, checkpoints:  2,     2.945 MiB
srv        update:    - prompt 0xe0d590:     286 tokens, checkpoints:  2,     4.339 MiB
srv        update:    - prompt 0xc75cc0:     439 tokens, checkpoints:  2,     7.146 MiB
srv        update:    - prompt 0xe0c040:     381 tokens, checkpoints:  2,     6.082 MiB
srv        update:    - prompt 0xe142f0:     368 tokens, checkpoints:  2,     5.843 MiB
srv        update:    - prompt 0xe01850:     352 tokens, checkpoints:  2,     5.550 MiB
srv  get_availabl: prompt cache update took 0.14 ms
slot launch_slot_: id  0 | task -1 | sampler chain: logits -> ?penalties -> ?dry -> ?top-n-sigma -> top-k -> ?typical -> ?top-p -> min-p -> ?xtc -> temp-ext -> dist 
slot launch_slot_: id  0 | task 2348 | processing task, is_child = 0
slot update_slots: id  0 | task 2348 | new prompt, n_ctx_slot = 2048, n_keep = 0, task.n_tokens = 34
slot update_slots: id  0 | task 2348 | n_past = 13, slot.prompt.tokens.size() = 166, seq_id = 0, pos_min = 0, n_swa = 512
slot update_slots: id  0 | task 2348 | Checking checkpoint with [0, 11] against 0...
slot update_slots: id  0 | task 2348 | restored context checkpoint (pos_min = 0, pos_max = 11, n_tokens = 12, n_past = 11, size = 0.092 MiB)
slot update_slots: id  0 | task 2348 | n_tokens = 11, memory_seq_rm [11, end)
slot update_slots: id  0 | task 2348 | prompt processing progress, n_tokens = 30, batch.n_tokens = 19, progress = 0.882353
slot update_slots: id  0 | task 2348 | n_tokens = 30, memory_seq_rm [30, end)
slot init_sampler: id  0 | task 2348 | init sampler, took 0.02 ms, tokens: text = 34, total = 34
slot update_slots: id  0 | task 2348 | prompt processing done, n_tokens = 34, batch.n_tokens = 4
srv  log_server_r: done request: POST /v1/chat/completions 127.0.0.1 200
slot print_timing: id  0 | task 2348 | 
prompt eval time =    1451.29 ms /    23 tokens (   63.10 ms per token,    15.85 tokens per second)
       eval time =   19253.03 ms /   128 tokens (  150.41 ms per token,     6.65 tokens per second)
      total time =   20704.32 ms /   151 tokens
slot      release: id  0 | task 2348 | stop processing: n_tokens = 161, truncated = 0
srv  update_slots: all slots are idle
srv  params_from_: Chat format: peg-gemma4
slot get_availabl: id  0 | task -1 | selected slot by LCP similarity, sim_best = 0.117 (> 0.100 thold), f_keep = 0.068
srv  get_availabl: updating prompt cache
srv   prompt_save:  - saving prompt with length 161, total state size = 1.724 MiB
srv         alloc:  - prompt is already in the cache, skipping
srv          load:  - looking for better prompt, base f_keep = 0.068, sim = 0.117
srv          load:  - found better prompt with f_keep = 0.425, sim = 1.000
srv        update:  - cache state: 13 prompts, 46.853 MiB (limits: 8192.000 MiB, 2048 tokens, 576111 est)
srv        update:    - prompt 0xc7c1f0:     174 tokens, checkpoints:  0,     1.863 MiB
srv        update:    - prompt 0xc70010:     165 tokens, checkpoints:  0,     1.767 MiB
srv        update:    - prompt 0xdf9590:     163 tokens, checkpoints:  0,     1.745 MiB
srv        update:    - prompt 0xe08f90:     166 tokens, checkpoints:  0,     1.777 MiB
srv        update:    - prompt 0xdf3740:     161 tokens, checkpoints:  0,     1.724 MiB
srv        update:    - prompt 0xd6adb0:     214 tokens, checkpoints:  2,     3.018 MiB
srv        update:    - prompt 0xe06410:     216 tokens, checkpoints:  2,     3.055 MiB
srv        update:    - prompt 0xe109b0:     210 tokens, checkpoints:  2,     2.945 MiB
srv        update:    - prompt 0xe0d590:     286 tokens, checkpoints:  2,     4.339 MiB
srv        update:    - prompt 0xc75cc0:     439 tokens, checkpoints:  2,     7.146 MiB
srv        update:    - prompt 0xe0c040:     381 tokens, checkpoints:  2,     6.082 MiB
srv        update:    - prompt 0xe142f0:     368 tokens, checkpoints:  2,     5.843 MiB
srv        update:    - prompt 0xe01850:     352 tokens, checkpoints:  2,     5.550 MiB
srv  get_availabl: prompt cache update took 1.27 ms
slot launch_slot_: id  0 | task -1 | sampler chain: logits -> ?penalties -> ?dry -> ?top-n-sigma -> top-k -> ?typical -> ?top-p -> min-p -> ?xtc -> temp-ext -> dist 
slot launch_slot_: id  0 | task 2478 | processing task, is_child = 0
slot update_slots: id  0 | task 2478 | new prompt, n_ctx_slot = 2048, n_keep = 0, task.n_tokens = 94
slot update_slots: id  0 | task 2478 | n_past = 94, slot.prompt.tokens.size() = 221, seq_id = 0, pos_min = 0, n_swa = 512
slot update_slots: id  0 | task 2478 | Checking checkpoint with [0, 89] against 0...
slot update_slots: id  0 | task 2478 | restored context checkpoint (pos_min = 0, pos_max = 89, n_tokens = 90, n_past = 89, size = 0.688 MiB)
slot update_slots: id  0 | task 2478 | n_tokens = 89, memory_seq_rm [89, end)
slot update_slots: id  0 | task 2478 | prompt processing progress, n_tokens = 90, batch.n_tokens = 1, progress = 0.957447
slot update_slots: id  0 | task 2478 | n_tokens = 90, memory_seq_rm [90, end)
slot init_sampler: id  0 | task 2478 | init sampler, took 0.05 ms, tokens: text = 94, total = 94
slot update_slots: id  0 | task 2478 | prompt processing done, n_tokens = 94, batch.n_tokens = 4
srv  log_server_r: done request: POST /v1/chat/completions 127.0.0.1 200
slot print_timing: id  0 | task 2478 | 
prompt eval time =     458.82 ms /     5 tokens (   91.76 ms per token,    10.90 tokens per second)
       eval time =   20712.44 ms /   128 tokens (  161.82 ms per token,     6.18 tokens per second)
      total time =   21171.26 ms /   133 tokens
slot      release: id  0 | task 2478 | stop processing: n_tokens = 221, truncated = 0
srv  update_slots: all slots are idle
srv  params_from_: Chat format: peg-gemma4
slot get_availabl: id  0 | task -1 | selected slot by LCP similarity, sim_best = 0.138 (> 0.100 thold), f_keep = 0.054
srv  get_availabl: updating prompt cache
srv   prompt_save:  - saving prompt with length 221, total state size = 2.366 MiB
srv          load:  - looking for better prompt, base f_keep = 0.054, sim = 0.138
srv          load:  - found better prompt with f_keep = 0.407, sim = 1.000
srv        update:  - cache state: 13 prompts, 46.889 MiB (limits: 8192.000 MiB, 2048 tokens, 576889 est)
srv        update:    - prompt 0xc7c1f0:     174 tokens, checkpoints:  0,     1.863 MiB
srv        update:    - prompt 0xc70010:     165 tokens, checkpoints:  0,     1.767 MiB
srv        update:    - prompt 0xdf9590:     163 tokens, checkpoints:  0,     1.745 MiB
srv        update:    - prompt 0xe08f90:     166 tokens, checkpoints:  0,     1.777 MiB
srv        update:    - prompt 0xdf3740:     161 tokens, checkpoints:  0,     1.724 MiB
srv        update:    - prompt 0xe06410:     216 tokens, checkpoints:  2,     3.055 MiB
srv        update:    - prompt 0xe109b0:     210 tokens, checkpoints:  2,     2.945 MiB
srv        update:    - prompt 0xe0d590:     286 tokens, checkpoints:  2,     4.339 MiB
srv        update:    - prompt 0xc75cc0:     439 tokens, checkpoints:  2,     7.146 MiB
srv        update:    - prompt 0xe0c040:     381 tokens, checkpoints:  2,     6.082 MiB
srv        update:    - prompt 0xe142f0:     368 tokens, checkpoints:  2,     5.843 MiB
srv        update:    - prompt 0xe01850:     352 tokens, checkpoints:  2,     5.550 MiB
srv        update:    - prompt 0xfffd70003c20:     221 tokens, checkpoints:  1,     3.054 MiB
srv  get_availabl: prompt cache update took 1.85 ms
slot launch_slot_: id  0 | task -1 | sampler chain: logits -> ?penalties -> ?dry -> ?top-n-sigma -> top-k -> ?typical -> ?top-p -> min-p -> ?xtc -> temp-ext -> dist 
slot launch_slot_: id  0 | task 2608 | processing task, is_child = 0
slot update_slots: id  0 | task 2608 | new prompt, n_ctx_slot = 2048, n_keep = 0, task.n_tokens = 87
slot update_slots: id  0 | task 2608 | n_past = 87, slot.prompt.tokens.size() = 214, seq_id = 0, pos_min = 0, n_swa = 512
slot update_slots: id  0 | task 2608 | Checking checkpoint with [0, 82] against 0...
slot update_slots: id  0 | task 2608 | restored context checkpoint (pos_min = 0, pos_max = 82, n_tokens = 83, n_past = 82, size = 0.635 MiB)
slot update_slots: id  0 | task 2608 | n_tokens = 82, memory_seq_rm [82, end)
slot update_slots: id  0 | task 2608 | prompt processing progress, n_tokens = 83, batch.n_tokens = 1, progress = 0.954023
slot update_slots: id  0 | task 2608 | n_tokens = 83, memory_seq_rm [83, end)
slot init_sampler: id  0 | task 2608 | init sampler, took 0.05 ms, tokens: text = 87, total = 87
slot update_slots: id  0 | task 2608 | prompt processing done, n_tokens = 87, batch.n_tokens = 4
srv  log_server_r: done request: POST /v1/chat/completions 127.0.0.1 200
slot print_timing: id  0 | task 2608 | 
prompt eval time =     452.19 ms /     5 tokens (   90.44 ms per token,    11.06 tokens per second)
       eval time =   20840.48 ms /   128 tokens (  162.82 ms per token,     6.14 tokens per second)
      total time =   21292.68 ms /   133 tokens
slot      release: id  0 | task 2608 | stop processing: n_tokens = 214, truncated = 0
srv  update_slots: all slots are idle
srv  params_from_: Chat format: peg-gemma4
slot get_availabl: id  0 | task -1 | selected slot by LCP similarity, sim_best = 0.124 (> 0.100 thold), f_keep = 0.051
srv  get_availabl: updating prompt cache
srv   prompt_save:  - saving prompt with length 214, total state size = 2.291 MiB
srv          load:  - looking for better prompt, base f_keep = 0.051, sim = 0.124
srv          load:  - found better prompt with f_keep = 0.412, sim = 1.000
srv        update:  - cache state: 13 prompts, 46.853 MiB (limits: 8192.000 MiB, 2048 tokens, 576991 est)
srv        update:    - prompt 0xc7c1f0:     174 tokens, checkpoints:  0,     1.863 MiB
srv        update:    - prompt 0xc70010:     165 tokens, checkpoints:  0,     1.767 MiB
srv        update:    - prompt 0xdf9590:     163 tokens, checkpoints:  0,     1.745 MiB
srv        update:    - prompt 0xe08f90:     166 tokens, checkpoints:  0,     1.777 MiB
srv        update:    - prompt 0xdf3740:     161 tokens, checkpoints:  0,     1.724 MiB
srv        update:    - prompt 0xe109b0:     210 tokens, checkpoints:  2,     2.945 MiB
srv        update:    - prompt 0xe0d590:     286 tokens, checkpoints:  2,     4.339 MiB
srv        update:    - prompt 0xc75cc0:     439 tokens, checkpoints:  2,     7.146 MiB
srv        update:    - prompt 0xe0c040:     381 tokens, checkpoints:  2,     6.082 MiB
srv        update:    - prompt 0xe142f0:     368 tokens, checkpoints:  2,     5.843 MiB
srv        update:    - prompt 0xe01850:     352 tokens, checkpoints:  2,     5.550 MiB
srv        update:    - prompt 0xfffd70003c20:     221 tokens, checkpoints:  1,     3.054 MiB
srv        update:    - prompt 0xd6adb0:     214 tokens, checkpoints:  2,     3.018 MiB
srv  get_availabl: prompt cache update took 1.94 ms
slot launch_slot_: id  0 | task -1 | sampler chain: logits -> ?penalties -> ?dry -> ?top-n-sigma -> top-k -> ?typical -> ?top-p -> min-p -> ?xtc -> temp-ext -> dist 
slot launch_slot_: id  0 | task 2738 | processing task, is_child = 0
slot update_slots: id  0 | task 2738 | new prompt, n_ctx_slot = 2048, n_keep = 0, task.n_tokens = 89
slot update_slots: id  0 | task 2738 | n_past = 89, slot.prompt.tokens.size() = 216, seq_id = 0, pos_min = 0, n_swa = 512
slot update_slots: id  0 | task 2738 | Checking checkpoint with [0, 84] against 0...
slot update_slots: id  0 | task 2738 | restored context checkpoint (pos_min = 0, pos_max = 84, n_tokens = 85, n_past = 84, size = 0.650 MiB)
slot update_slots: id  0 | task 2738 | n_tokens = 84, memory_seq_rm [84, end)
slot update_slots: id  0 | task 2738 | prompt processing progress, n_tokens = 85, batch.n_tokens = 1, progress = 0.955056
slot update_slots: id  0 | task 2738 | n_tokens = 85, memory_seq_rm [85, end)
slot init_sampler: id  0 | task 2738 | init sampler, took 0.05 ms, tokens: text = 89, total = 89
slot update_slots: id  0 | task 2738 | prompt processing done, n_tokens = 89, batch.n_tokens = 4
srv  log_server_r: done request: POST /v1/chat/completions 127.0.0.1 200
slot print_timing: id  0 | task 2738 | 
prompt eval time =     455.64 ms /     5 tokens (   91.13 ms per token,    10.97 tokens per second)
       eval time =   20404.05 ms /   128 tokens (  159.41 ms per token,     6.27 tokens per second)
      total time =   20859.69 ms /   133 tokens
slot      release: id  0 | task 2738 | stop processing: n_tokens = 216, truncated = 0
srv  update_slots: all slots are idle
srv  params_from_: Chat format: peg-gemma4
slot get_availabl: id  0 | task -1 | selected slot by LCP similarity, sim_best = 0.145 (> 0.100 thold), f_keep = 0.056
srv  get_availabl: updating prompt cache
srv   prompt_save:  - saving prompt with length 216, total state size = 2.313 MiB
srv          load:  - looking for better prompt, base f_keep = 0.056, sim = 0.145
srv          load:  - found better prompt with f_keep = 0.395, sim = 1.000
srv        update:  - cache state: 13 prompts, 46.963 MiB (limits: 8192.000 MiB, 2048 tokens, 576685 est)
srv        update:    - prompt 0xc7c1f0:     174 tokens, checkpoints:  0,     1.863 MiB
srv        update:    - prompt 0xc70010:     165 tokens, checkpoints:  0,     1.767 MiB
srv        update:    - prompt 0xdf9590:     163 tokens, checkpoints:  0,     1.745 MiB
srv        update:    - prompt 0xe08f90:     166 tokens, checkpoints:  0,     1.777 MiB
srv        update:    - prompt 0xdf3740:     161 tokens, checkpoints:  0,     1.724 MiB
srv        update:    - prompt 0xe0d590:     286 tokens, checkpoints:  2,     4.339 MiB
srv        update:    - prompt 0xc75cc0:     439 tokens, checkpoints:  2,     7.146 MiB
srv        update:    - prompt 0xe0c040:     381 tokens, checkpoints:  2,     6.082 MiB
srv        update:    - prompt 0xe142f0:     368 tokens, checkpoints:  2,     5.843 MiB
srv        update:    - prompt 0xe01850:     352 tokens, checkpoints:  2,     5.550 MiB
srv        update:    - prompt 0xfffd70003c20:     221 tokens, checkpoints:  1,     3.054 MiB
srv        update:    - prompt 0xd6adb0:     214 tokens, checkpoints:  2,     3.018 MiB
srv        update:    - prompt 0xe06410:     216 tokens, checkpoints:  2,     3.055 MiB
srv  get_availabl: prompt cache update took 1.92 ms
slot launch_slot_: id  0 | task -1 | sampler chain: logits -> ?penalties -> ?dry -> ?top-n-sigma -> top-k -> ?typical -> ?top-p -> min-p -> ?xtc -> temp-ext -> dist 
slot launch_slot_: id  0 | task 2868 | processing task, is_child = 0
slot update_slots: id  0 | task 2868 | new prompt, n_ctx_slot = 2048, n_keep = 0, task.n_tokens = 83
slot update_slots: id  0 | task 2868 | n_past = 83, slot.prompt.tokens.size() = 210, seq_id = 0, pos_min = 0, n_swa = 512
slot update_slots: id  0 | task 2868 | Checking checkpoint with [0, 78] against 0...
slot update_slots: id  0 | task 2868 | restored context checkpoint (pos_min = 0, pos_max = 78, n_tokens = 79, n_past = 78, size = 0.604 MiB)
slot update_slots: id  0 | task 2868 | n_tokens = 78, memory_seq_rm [78, end)
slot update_slots: id  0 | task 2868 | prompt processing progress, n_tokens = 79, batch.n_tokens = 1, progress = 0.951807
slot update_slots: id  0 | task 2868 | n_tokens = 79, memory_seq_rm [79, end)
slot init_sampler: id  0 | task 2868 | init sampler, took 0.05 ms, tokens: text = 83, total = 83
slot update_slots: id  0 | task 2868 | prompt processing done, n_tokens = 83, batch.n_tokens = 4
srv  log_server_r: done request: POST /v1/chat/completions 127.0.0.1 200
slot print_timing: id  0 | task 2868 | 
prompt eval time =     449.89 ms /     5 tokens (   89.98 ms per token,    11.11 tokens per second)
       eval time =   20564.90 ms /   128 tokens (  160.66 ms per token,     6.22 tokens per second)
      total time =   21014.79 ms /   133 tokens
slot      release: id  0 | task 2868 | stop processing: n_tokens = 210, truncated = 0
srv  update_slots: all slots are idle
srv  params_from_: Chat format: peg-gemma4
slot get_availabl: id  0 | task -1 | selected slot by LRU, t_last = 176827162945
srv  get_availabl: updating prompt cache
srv   prompt_save:  - saving prompt with length 210, total state size = 2.248 MiB
srv          load:  - looking for better prompt, base f_keep = 0.052, sim = 0.069
srv          load:  - found better prompt with f_keep = 0.556, sim = 1.000
srv        update:  - cache state: 13 prompts, 45.569 MiB (limits: 8192.000 MiB, 2048 tokens, 580666 est)
srv        update:    - prompt 0xc7c1f0:     174 tokens, checkpoints:  0,     1.863 MiB
srv        update:    - prompt 0xc70010:     165 tokens, checkpoints:  0,     1.767 MiB
srv        update:    - prompt 0xdf9590:     163 tokens, checkpoints:  0,     1.745 MiB
srv        update:    - prompt 0xe08f90:     166 tokens, checkpoints:  0,     1.777 MiB
srv        update:    - prompt 0xdf3740:     161 tokens, checkpoints:  0,     1.724 MiB
srv        update:    - prompt 0xc75cc0:     439 tokens, checkpoints:  2,     7.146 MiB
srv        update:    - prompt 0xe0c040:     381 tokens, checkpoints:  2,     6.082 MiB
srv        update:    - prompt 0xe142f0:     368 tokens, checkpoints:  2,     5.843 MiB
srv        update:    - prompt 0xe01850:     352 tokens, checkpoints:  2,     5.550 MiB
srv        update:    - prompt 0xfffd70003c20:     221 tokens, checkpoints:  1,     3.054 MiB
srv        update:    - prompt 0xd6adb0:     214 tokens, checkpoints:  2,     3.018 MiB
srv        update:    - prompt 0xe06410:     216 tokens, checkpoints:  2,     3.055 MiB
srv        update:    - prompt 0xe109b0:     210 tokens, checkpoints:  2,     2.945 MiB
srv  get_availabl: prompt cache update took 2.13 ms
slot launch_slot_: id  0 | task -1 | sampler chain: logits -> ?penalties -> ?dry -> ?top-n-sigma -> top-k -> ?typical -> ?top-p -> min-p -> ?xtc -> temp-ext -> dist 
slot launch_slot_: id  0 | task 2998 | processing task, is_child = 0
slot update_slots: id  0 | task 2998 | new prompt, n_ctx_slot = 2048, n_keep = 0, task.n_tokens = 159
slot update_slots: id  0 | task 2998 | n_past = 159, slot.prompt.tokens.size() = 286, seq_id = 0, pos_min = 0, n_swa = 512
slot update_slots: id  0 | task 2998 | Checking checkpoint with [0, 154] against 0...
slot update_slots: id  0 | task 2998 | restored context checkpoint (pos_min = 0, pos_max = 154, n_tokens = 155, n_past = 154, size = 1.185 MiB)
slot update_slots: id  0 | task 2998 | n_tokens = 154, memory_seq_rm [154, end)
slot update_slots: id  0 | task 2998 | prompt processing progress, n_tokens = 155, batch.n_tokens = 1, progress = 0.974843
slot update_slots: id  0 | task 2998 | n_tokens = 155, memory_seq_rm [155, end)
slot init_sampler: id  0 | task 2998 | init sampler, took 0.09 ms, tokens: text = 159, total = 159
slot update_slots: id  0 | task 2998 | prompt processing done, n_tokens = 159, batch.n_tokens = 4
srv  log_server_r: done request: POST /v1/chat/completions 127.0.0.1 200
slot print_timing: id  0 | task 2998 | 
prompt eval time =     502.79 ms /     5 tokens (  100.56 ms per token,     9.94 tokens per second)
       eval time =   23294.40 ms /   128 tokens (  181.99 ms per token,     5.49 tokens per second)
      total time =   23797.19 ms /   133 tokens
slot      release: id  0 | task 2998 | stop processing: n_tokens = 286, truncated = 0
srv  update_slots: all slots are idle
srv  params_from_: Chat format: peg-gemma4
slot get_availabl: id  0 | task -1 | selected slot by LRU, t_last = 176850972260
srv  get_availabl: updating prompt cache
srv   prompt_save:  - saving prompt with length 286, total state size = 3.062 MiB
srv          load:  - looking for better prompt, base f_keep = 0.038, sim = 0.035
srv          load:  - found better prompt with f_keep = 0.711, sim = 1.000
srv        update:  - cache state: 13 prompts, 42.762 MiB (limits: 8192.000 MiB, 2048 tokens, 589469 est)
srv        update:    - prompt 0xc7c1f0:     174 tokens, checkpoints:  0,     1.863 MiB
srv        update:    - prompt 0xc70010:     165 tokens, checkpoints:  0,     1.767 MiB
srv        update:    - prompt 0xdf9590:     163 tokens, checkpoints:  0,     1.745 MiB
srv        update:    - prompt 0xe08f90:     166 tokens, checkpoints:  0,     1.777 MiB
srv        update:    - prompt 0xdf3740:     161 tokens, checkpoints:  0,     1.724 MiB
srv        update:    - prompt 0xe0c040:     381 tokens, checkpoints:  2,     6.082 MiB
srv        update:    - prompt 0xe142f0:     368 tokens, checkpoints:  2,     5.843 MiB
srv        update:    - prompt 0xe01850:     352 tokens, checkpoints:  2,     5.550 MiB
srv        update:    - prompt 0xfffd70003c20:     221 tokens, checkpoints:  1,     3.054 MiB
srv        update:    - prompt 0xd6adb0:     214 tokens, checkpoints:  2,     3.018 MiB
srv        update:    - prompt 0xe06410:     216 tokens, checkpoints:  2,     3.055 MiB
srv        update:    - prompt 0xe109b0:     210 tokens, checkpoints:  2,     2.945 MiB
srv        update:    - prompt 0xe0d590:     286 tokens, checkpoints:  2,     4.339 MiB
srv  get_availabl: prompt cache update took 3.03 ms
slot launch_slot_: id  0 | task -1 | sampler chain: logits -> ?penalties -> ?dry -> ?top-n-sigma -> top-k -> ?typical -> ?top-p -> min-p -> ?xtc -> temp-ext -> dist 
slot launch_slot_: id  0 | task 3128 | processing task, is_child = 0
slot update_slots: id  0 | task 3128 | new prompt, n_ctx_slot = 2048, n_keep = 0, task.n_tokens = 312
slot update_slots: id  0 | task 3128 | n_past = 312, slot.prompt.tokens.size() = 439, seq_id = 0, pos_min = 0, n_swa = 512
slot update_slots: id  0 | task 3128 | Checking checkpoint with [0, 307] against 0...
slot update_slots: id  0 | task 3128 | restored context checkpoint (pos_min = 0, pos_max = 307, n_tokens = 308, n_past = 307, size = 2.354 MiB)
slot update_slots: id  0 | task 3128 | n_tokens = 307, memory_seq_rm [307, end)
slot update_slots: id  0 | task 3128 | prompt processing progress, n_tokens = 308, batch.n_tokens = 1, progress = 0.987179
slot update_slots: id  0 | task 3128 | n_tokens = 308, memory_seq_rm [308, end)
slot init_sampler: id  0 | task 3128 | init sampler, took 0.16 ms, tokens: text = 312, total = 312
slot update_slots: id  0 | task 3128 | prompt processing done, n_tokens = 312, batch.n_tokens = 4
srv  log_server_r: done request: POST /v1/chat/completions 127.0.0.1 200
slot print_timing: id  0 | task 3128 | 
prompt eval time =     610.39 ms /     5 tokens (  122.08 ms per token,     8.19 tokens per second)
       eval time =   27562.58 ms /   128 tokens (  215.33 ms per token,     4.64 tokens per second)
      total time =   28172.97 ms /   133 tokens
slot      release: id  0 | task 3128 | stop processing: n_tokens = 439, truncated = 0
srv  update_slots: all slots are idle
srv  params_from_: Chat format: peg-gemma4
slot get_availabl: id  0 | task -1 | selected slot by LRU, t_last = 176879159193
srv  get_availabl: updating prompt cache
srv   prompt_save:  - saving prompt with length 439, total state size = 4.700 MiB
srv          load:  - looking for better prompt, base f_keep = 0.025, sim = 0.043
srv          load:  - found better prompt with f_keep = 0.667, sim = 1.000
srv        update:  - cache state: 13 prompts, 43.826 MiB (limits: 8192.000 MiB, 2048 tokens, 585999 est)
srv        update:    - prompt 0xc7c1f0:     174 tokens, checkpoints:  0,     1.863 MiB
srv        update:    - prompt 0xc70010:     165 tokens, checkpoints:  0,     1.767 MiB
srv        update:    - prompt 0xdf9590:     163 tokens, checkpoints:  0,     1.745 MiB
srv        update:    - prompt 0xe08f90:     166 tokens, checkpoints:  0,     1.777 MiB
srv        update:    - prompt 0xdf3740:     161 tokens, checkpoints:  0,     1.724 MiB
srv        update:    - prompt 0xe142f0:     368 tokens, checkpoints:  2,     5.843 MiB
srv        update:    - prompt 0xe01850:     352 tokens, checkpoints:  2,     5.550 MiB
srv        update:    - prompt 0xfffd70003c20:     221 tokens, checkpoints:  1,     3.054 MiB
srv        update:    - prompt 0xd6adb0:     214 tokens, checkpoints:  2,     3.018 MiB
srv        update:    - prompt 0xe06410:     216 tokens, checkpoints:  2,     3.055 MiB
srv        update:    - prompt 0xe109b0:     210 tokens, checkpoints:  2,     2.945 MiB
srv        update:    - prompt 0xe0d590:     286 tokens, checkpoints:  2,     4.339 MiB
srv        update:    - prompt 0xc75cc0:     439 tokens, checkpoints:  2,     7.146 MiB
srv  get_availabl: prompt cache update took 3.47 ms
slot launch_slot_: id  0 | task -1 | sampler chain: logits -> ?penalties -> ?dry -> ?top-n-sigma -> top-k -> ?typical -> ?top-p -> min-p -> ?xtc -> temp-ext -> dist 
slot launch_slot_: id  0 | task 3258 | processing task, is_child = 0
slot update_slots: id  0 | task 3258 | new prompt, n_ctx_slot = 2048, n_keep = 0, task.n_tokens = 254
slot update_slots: id  0 | task 3258 | n_past = 254, slot.prompt.tokens.size() = 381, seq_id = 0, pos_min = 0, n_swa = 512
slot update_slots: id  0 | task 3258 | Checking checkpoint with [0, 249] against 0...
slot update_slots: id  0 | task 3258 | restored context checkpoint (pos_min = 0, pos_max = 249, n_tokens = 250, n_past = 249, size = 1.911 MiB)
slot update_slots: id  0 | task 3258 | n_tokens = 249, memory_seq_rm [249, end)
slot update_slots: id  0 | task 3258 | prompt processing progress, n_tokens = 250, batch.n_tokens = 1, progress = 0.984252
slot update_slots: id  0 | task 3258 | n_tokens = 250, memory_seq_rm [250, end)
slot init_sampler: id  0 | task 3258 | init sampler, took 0.14 ms, tokens: text = 254, total = 254
slot update_slots: id  0 | task 3258 | prompt processing done, n_tokens = 254, batch.n_tokens = 4
srv  log_server_r: done request: POST /v1/chat/completions 127.0.0.1 200
slot print_timing: id  0 | task 3258 | 
prompt eval time =     571.60 ms /     5 tokens (  114.32 ms per token,     8.75 tokens per second)
       eval time =   25759.23 ms /   128 tokens (  201.24 ms per token,     4.97 tokens per second)
      total time =   26330.83 ms /   133 tokens
slot      release: id  0 | task 3258 | stop processing: n_tokens = 381, truncated = 0
srv  update_slots: all slots are idle
srv  params_from_: Chat format: peg-gemma4
slot get_availabl: id  0 | task -1 | selected slot by LRU, t_last = 176905504432
srv  get_availabl: updating prompt cache
srv   prompt_save:  - saving prompt with length 381, total state size = 4.079 MiB
srv          load:  - looking for better prompt, base f_keep = 0.029, sim = 0.046
srv          load:  - found better prompt with f_keep = 0.655, sim = 1.000
srv        update:  - cache state: 13 prompts, 44.064 MiB (limits: 8192.000 MiB, 2048 tokens, 585245 est)
srv        update:    - prompt 0xc7c1f0:     174 tokens, checkpoints:  0,     1.863 MiB
srv        update:    - prompt 0xc70010:     165 tokens, checkpoints:  0,     1.767 MiB
srv        update:    - prompt 0xdf9590:     163 tokens, checkpoints:  0,     1.745 MiB
srv        update:    - prompt 0xe08f90:     166 tokens, checkpoints:  0,     1.777 MiB
srv        update:    - prompt 0xdf3740:     161 tokens, checkpoints:  0,     1.724 MiB
srv        update:    - prompt 0xe01850:     352 tokens, checkpoints:  2,     5.550 MiB
srv        update:    - prompt 0xfffd70003c20:     221 tokens, checkpoints:  1,     3.054 MiB
srv        update:    - prompt 0xd6adb0:     214 tokens, checkpoints:  2,     3.018 MiB
srv        update:    - prompt 0xe06410:     216 tokens, checkpoints:  2,     3.055 MiB
srv        update:    - prompt 0xe109b0:     210 tokens, checkpoints:  2,     2.945 MiB
srv        update:    - prompt 0xe0d590:     286 tokens, checkpoints:  2,     4.339 MiB
srv        update:    - prompt 0xc75cc0:     439 tokens, checkpoints:  2,     7.146 MiB
srv        update:    - prompt 0xe0c040:     381 tokens, checkpoints:  2,     6.082 MiB
srv  get_availabl: prompt cache update took 3.17 ms
slot launch_slot_: id  0 | task -1 | sampler chain: logits -> ?penalties -> ?dry -> ?top-n-sigma -> top-k -> ?typical -> ?top-p -> min-p -> ?xtc -> temp-ext -> dist 
slot launch_slot_: id  0 | task 3388 | processing task, is_child = 0
slot update_slots: id  0 | task 3388 | new prompt, n_ctx_slot = 2048, n_keep = 0, task.n_tokens = 241
slot update_slots: id  0 | task 3388 | n_past = 241, slot.prompt.tokens.size() = 368, seq_id = 0, pos_min = 0, n_swa = 512
slot update_slots: id  0 | task 3388 | Checking checkpoint with [0, 236] against 0...
slot update_slots: id  0 | task 3388 | restored context checkpoint (pos_min = 0, pos_max = 236, n_tokens = 237, n_past = 236, size = 1.811 MiB)
slot update_slots: id  0 | task 3388 | n_tokens = 236, memory_seq_rm [236, end)
slot update_slots: id  0 | task 3388 | prompt processing progress, n_tokens = 237, batch.n_tokens = 1, progress = 0.983402
slot update_slots: id  0 | task 3388 | n_tokens = 237, memory_seq_rm [237, end)
slot init_sampler: id  0 | task 3388 | init sampler, took 0.13 ms, tokens: text = 241, total = 241
slot update_slots: id  0 | task 3388 | prompt processing done, n_tokens = 241, batch.n_tokens = 4
srv  log_server_r: done request: POST /v1/chat/completions 127.0.0.1 200
slot print_timing: id  0 | task 3388 | 
prompt eval time =     561.96 ms /     5 tokens (  112.39 ms per token,     8.90 tokens per second)
       eval time =   25514.98 ms /   128 tokens (  199.34 ms per token,     5.02 tokens per second)
      total time =   26076.94 ms /   133 tokens
slot      release: id  0 | task 3388 | stop processing: n_tokens = 368, truncated = 0
srv  update_slots: all slots are idle
srv  params_from_: Chat format: peg-gemma4
slot get_availabl: id  0 | task -1 | selected slot by LRU, t_last = 176931595815
srv  get_availabl: updating prompt cache
srv   prompt_save:  - saving prompt with length 368, total state size = 3.940 MiB
srv          load:  - looking for better prompt, base f_keep = 0.030, sim = 0.049
srv          load:  - found better prompt with f_keep = 0.639, sim = 1.000
srv        update:  - cache state: 13 prompts, 44.358 MiB (limits: 8192.000 MiB, 2048 tokens, 584327 est)
srv        update:    - prompt 0xc7c1f0:     174 tokens, checkpoints:  0,     1.863 MiB
srv        update:    - prompt 0xc70010:     165 tokens, checkpoints:  0,     1.767 MiB
srv        update:    - prompt 0xdf9590:     163 tokens, checkpoints:  0,     1.745 MiB
srv        update:    - prompt 0xe08f90:     166 tokens, checkpoints:  0,     1.777 MiB
srv        update:    - prompt 0xdf3740:     161 tokens, checkpoints:  0,     1.724 MiB
srv        update:    - prompt 0xfffd70003c20:     221 tokens, checkpoints:  1,     3.054 MiB
srv        update:    - prompt 0xd6adb0:     214 tokens, checkpoints:  2,     3.018 MiB
srv        update:    - prompt 0xe06410:     216 tokens, checkpoints:  2,     3.055 MiB
srv        update:    - prompt 0xe109b0:     210 tokens, checkpoints:  2,     2.945 MiB
srv        update:    - prompt 0xe0d590:     286 tokens, checkpoints:  2,     4.339 MiB
srv        update:    - prompt 0xc75cc0:     439 tokens, checkpoints:  2,     7.146 MiB
srv        update:    - prompt 0xe0c040:     381 tokens, checkpoints:  2,     6.082 MiB
srv        update:    - prompt 0xe142f0:     368 tokens, checkpoints:  2,     5.843 MiB
srv  get_availabl: prompt cache update took 3.09 ms
slot launch_slot_: id  0 | task -1 | sampler chain: logits -> ?penalties -> ?dry -> ?top-n-sigma -> top-k -> ?typical -> ?top-p -> min-p -> ?xtc -> temp-ext -> dist 
slot launch_slot_: id  0 | task 3518 | processing task, is_child = 0
slot update_slots: id  0 | task 3518 | new prompt, n_ctx_slot = 2048, n_keep = 0, task.n_tokens = 225
slot update_slots: id  0 | task 3518 | n_past = 225, slot.prompt.tokens.size() = 352, seq_id = 0, pos_min = 0, n_swa = 512
slot update_slots: id  0 | task 3518 | Checking checkpoint with [0, 220] against 0...
slot update_slots: id  0 | task 3518 | restored context checkpoint (pos_min = 0, pos_max = 220, n_tokens = 221, n_past = 220, size = 1.689 MiB)
slot update_slots: id  0 | task 3518 | n_tokens = 220, memory_seq_rm [220, end)
slot update_slots: id  0 | task 3518 | prompt processing progress, n_tokens = 221, batch.n_tokens = 1, progress = 0.982222
slot update_slots: id  0 | task 3518 | n_tokens = 221, memory_seq_rm [221, end)
slot init_sampler: id  0 | task 3518 | init sampler, took 0.12 ms, tokens: text = 225, total = 225
slot update_slots: id  0 | task 3518 | prompt processing done, n_tokens = 225, batch.n_tokens = 4
srv  log_server_r: done request: POST /v1/chat/completions 127.0.0.1 200
slot print_timing: id  0 | task 3518 | 
prompt eval time =     551.93 ms /     5 tokens (  110.39 ms per token,     9.06 tokens per second)
       eval time =   25223.99 ms /   128 tokens (  197.06 ms per token,     5.07 tokens per second)
      total time =   25775.92 ms /   133 tokens
slot      release: id  0 | task 3518 | stop processing: n_tokens = 352, truncated = 0
srv  update_slots: all slots are idle
srv    operator(): operator(): cleaning up before exit...
common_memory_breakdown_print: | memory breakdown [MiB] | total   free    self   model   context   compute    unaccounted |
common_memory_breakdown_print: |   - Host               |                 5609 =  5073 +      14 +     522                |
