timestamp,role,cpu_user_jiffies,cpu_nice_jiffies,cpu_system_jiffies,cpu_idle_jiffies,cpu_iowait_jiffies,cpu_irq_jiffies,cpu_softirq_jiffies,cpu_steal_jiffies,mem_total_kb,mem_available_kb,mem_used_kb,mem_free_kb,swap_total_kb,swap_free_kb
2026-05-13T15:23:01+01:00,server,305817246,7806,1310049,1321924706,6721,0,68360,0,32911424,29514304,3397120,24559872,16252864,16236480
2026-05-13T15:23:02+01:00,server,305818746,7806,1310083,1321928136,6723,0,68360,0,32911424,29196928,3714496,24229632,16252864,16236480
2026-05-13T15:23:03+01:00,server,305821118,7806,1310104,1321930676,6723,0,68360,0,32911424,29163968,3747456,24196480,16252864,16236480
2026-05-13T15:23:04+01:00,server,305823452,7806,1310127,1321933205,6723,0,68360,0,32911424,29145920,3765504,24178240,16252864,16236480
2026-05-13T15:23:05+01:00,server,305825767,7806,1310173,1321935734,6723,0,68360,0,32911424,29143872,3767552,24175488,16252864,16236480
2026-05-13T15:23:07+01:00,server,305828133,7806,1310206,1321938253,6723,0,68363,0,32911424,29132352,3779072,24163840,16252864,16236480
2026-05-13T15:23:08+01:00,server,305830451,7806,1310252,1321940782,6723,0,68363,0,32911424,29129280,3782144,24160704,16252864,16236480
2026-05-13T15:23:09+01:00,server,305832794,7806,1310273,1321943325,6723,0,68364,0,32911424,29119872,3791552,24151232,16252864,16236480
2026-05-13T15:23:10+01:00,server,305835229,7806,1310286,1321945864,6723,0,68367,0,32911424,29113600,3797824,24144832,16252864,16236480
2026-05-13T15:23:11+01:00,server,305837614,7806,1310313,1321948394,6723,0,68367,0,32911424,29110528,3800896,24141760,16252864,16236480
2026-05-13T15:23:12+01:00,server,305840023,7806,1310327,1321950874,6723,0,68367,0,32911424,29123072,3788352,24154304,16252864,16236480
2026-05-13T15:23:13+01:00,server,305842338,7806,1310345,1321953466,6723,0,68367,0,32911424,29110464,3800960,24141696,16252864,16236480
2026-05-13T15:23:14+01:00,server,305844679,7806,1310360,1321956008,6723,0,68367,0,32911424,29097920,3813504,24129152,16252864,16236480
2026-05-13T15:23:15+01:00,server,305846908,7806,1310376,1321958552,6723,0,68367,0,32911424,29099072,3812352,24130176,16252864,16236480
2026-05-13T15:23:16+01:00,server,305849220,7806,1310398,1321961095,6723,0,68367,0,32911424,29096320,3815104,24127296,16252864,16236480
2026-05-13T15:23:17+01:00,server,305851576,7806,1310416,1321963628,6724,0,68369,0,32911424,29090048,3821376,24120640,16252864,16236480
2026-05-13T15:23:18+01:00,server,305853831,7806,1310442,1321966173,6724,0,68369,0,32911424,29087808,3823616,24118336,16252864,16236480
2026-05-13T15:23:19+01:00,server,305856078,7806,1310479,1321968721,6724,0,68369,0,32911424,29085632,3825792,24116096,16252864,16236480
2026-05-13T15:23:20+01:00,server,305858430,7806,1310549,1321971248,6724,0,68369,0,32911424,29090496,3820928,24120960,16252864,16236480
2026-05-13T15:23:21+01:00,server,305860786,7806,1310569,1321973768,6724,0,68369,0,32911424,29104000,3807424,24134464,16252864,16236480
2026-05-13T15:23:22+01:00,server,305863282,7806,1310585,1321976201,6724,0,68370,0,32911424,29097088,3814336,24127424,16252864,16236480
2026-05-13T15:23:23+01:00,server,305865733,7806,1310599,1321978657,6724,0,68371,0,32911424,29097472,3813952,24127808,16252864,16236480
2026-05-13T15:23:24+01:00,server,305868182,7806,1310613,1321981115,6724,0,68372,0,32911424,29098240,3813184,24128576,16252864,16236480
2026-05-13T15:23:25+01:00,server,305870630,7806,1310628,1321983573,6724,0,68372,0,32911424,29097856,3813568,24128192,16252864,16236480
2026-05-13T15:23:26+01:00,server,305873103,7806,1310636,1321986037,6724,0,68372,0,32911424,29095040,3816384,24125312,16252864,16236480
2026-05-13T15:23:27+01:00,server,305875551,7806,1310644,1321988498,6724,0,68372,0,32911424,29095488,3815936,24125632,16252864,16236480
2026-05-13T15:23:28+01:00,server,305878004,7806,1310660,1321990954,6724,0,68372,0,32911424,29095168,3816256,24125312,16252864,16236480
2026-05-13T15:23:29+01:00,server,305880475,7806,1310676,1321993413,6724,0,68372,0,32911424,29091328,3820096,24121472,16252864,16236480
2026-05-13T15:23:30+01:00,server,305882919,7806,1310695,1321995870,6724,0,68372,0,32911424,29091008,3820416,24121152,16252864,16236480
2026-05-13T15:23:31+01:00,server,305885395,7806,1310707,1321998325,6724,0,68372,0,32911424,29093696,3817728,24123840,16252864,16236480
2026-05-13T15:23:32+01:00,server,305887865,7806,1310725,1322000786,6724,0,68372,0,32911424,29094016,3817408,24124096,16252864,16236480
2026-05-13T15:23:33+01:00,server,305890342,7806,1310737,1322003247,6724,0,68372,0,32911424,29093632,3817792,24123712,16252864,16236480
2026-05-13T15:23:34+01:00,server,305892767,7806,1310753,1322005704,6724,0,68372,0,32911424,29092288,3819136,24122368,16252864,16236480
2026-05-13T15:23:35+01:00,server,305895239,7806,1310769,1322008160,6724,0,68372,0,32911424,29093824,3817600,24123904,16252864,16236480
2026-05-13T15:23:36+01:00,server,305897690,7806,1310783,1322010617,6724,0,68372,0,32911424,29093248,3818176,24123328,16252864,16236480
2026-05-13T15:23:37+01:00,server,305900176,7806,1310795,1322013047,6724,0,68372,0,32911424,29094336,3817088,24124352,16252864,16236480
2026-05-13T15:23:38+01:00,server,305902603,7806,1310805,1322015508,6724,0,68372,0,32911424,29092480,3818944,24122560,16252864,16236480
2026-05-13T15:23:39+01:00,server,305905047,7806,1310817,1322017967,6724,0,68372,0,32911424,29093120,3818304,24123200,16252864,16236480
2026-05-13T15:23:40+01:00,server,305907523,7806,1310827,1322020421,6724,0,68372,0,32911424,29092736,3818688,24122816,16252864,16236480
2026-05-13T15:23:41+01:00,server,305909972,7806,1310841,1322022877,6724,0,68372,0,32911424,29093824,3817600,24123904,16252864,16236480
2026-05-13T15:23:42+01:00,server,305912443,7806,1310855,1322025332,6724,0,68372,0,32911424,29094208,3817216,24124288,16252864,16236480
2026-05-13T15:23:43+01:00,server,305914892,7806,1310868,1322027787,6724,0,68373,0,32911424,29095616,3815808,24125696,16252864,16236480
2026-05-13T15:23:44+01:00,server,305917201,7806,1310883,1322030241,6724,0,68373,0,32911424,29095616,3815808,24125696,16252864,16236480
2026-05-13T15:23:46+01:00,server,305919631,7806,1310893,1322032700,6724,0,68373,0,32911424,29097216,3814208,24127296,16252864,16236480
2026-05-13T15:23:47+01:00,server,305922100,7806,1310911,1322035154,6724,0,68373,0,32911424,29097536,3813888,24127616,16252864,16236480
2026-05-13T15:23:48+01:00,server,305924434,7806,1310924,1322037706,6724,0,68373,0,32911424,29062336,3849088,24092416,16252864,16236480
2026-05-13T15:23:49+01:00,server,305926914,7806,1310935,1322040151,6724,0,68373,0,32911424,29062080,3849344,24092160,16252864,16236480
2026-05-13T15:23:50+01:00,server,305929350,7806,1310947,1322042605,6724,0,68373,0,32911424,29055680,3855744,24085760,16252864,16236480
2026-05-13T15:23:51+01:00,server,305931827,7806,1310956,1322045068,6724,0,68373,0,32911424,29054656,3856768,24084608,16252864,16236480
2026-05-13T15:23:52+01:00,server,305934277,7806,1310967,1322047509,6724,0,68373,0,32911424,29052992,3858432,24082816,16252864,16236480
2026-05-13T15:23:53+01:00,server,305936751,7806,1310980,1322049971,6724,0,68374,0,32911424,29045248,3866176,24075072,16252864,16236480
2026-05-13T15:23:54+01:00,server,305939176,7806,1311008,1322052428,6724,0,68375,0,32911424,29043264,3868160,24073088,16252864,16236480
2026-05-13T15:23:55+01:00,server,305941653,7806,1311018,1322054886,6724,0,68376,0,32911424,29043392,3868032,24073280,16252864,16236480
2026-05-13T15:23:56+01:00,server,305944103,7806,1311032,1322057344,6724,0,68376,0,32911424,29041152,3870272,24071040,16252864,16236480
2026-05-13T15:23:57+01:00,server,305946553,7806,1311045,1322059799,6724,0,68376,0,32911424,29043392,3868032,24073280,16252864,16236480
2026-05-13T15:23:58+01:00,server,305949006,7806,1311052,1322062256,6724,0,68376,0,32911424,29041472,3869952,24071360,16252864,16236480
2026-05-13T15:23:59+01:00,server,305951483,7806,1311061,1322064714,6724,0,68376,0,32911424,29043072,3868352,24072960,16252864,16236480
2026-05-13T15:24:00+01:00,server,305953931,7806,1311076,1322067169,6724,0,68377,0,32911424,29040896,3870528,24070784,16252864,16236480
2026-05-13T15:24:01+01:00,server,305956392,7806,1311086,1322069627,6724,0,68377,0,32911424,29039168,3872256,24069056,16252864,16236480
2026-05-13T15:24:02+01:00,server,305958856,7806,1311097,1322072084,6724,0,68377,0,32911424,29036672,3874752,24066560,16252864,16236480
2026-05-13T15:24:03+01:00,server,305961331,7806,1311108,1322074543,6724,0,68377,0,32911424,29036160,3875264,24066048,16252864,16236480
2026-05-13T15:24:04+01:00,server,305963776,7806,1311121,1322077013,6724,0,68377,0,32911424,29037312,3874112,24067200,16252864,16236480
2026-05-13T15:24:05+01:00,server,305966221,7806,1311135,1322079471,6724,0,68377,0,32911424,29037504,3873920,24067392,16252864,16236480
2026-05-13T15:24:06+01:00,server,305968672,7806,1311146,1322081928,6724,0,68378,0,32911424,29038080,3873344,24067968,16252864,16236480
2026-05-13T15:24:07+01:00,server,305971187,7806,1311168,1322084360,6724,0,68378,0,32911424,29037312,3874112,24067136,16252864,16236480
2026-05-13T15:24:08+01:00,server,305973616,7806,1311179,1322086817,6724,0,68380,0,32911424,29035584,3875840,24065408,16252864,16236480
2026-05-13T15:24:09+01:00,server,305976087,7806,1311194,1322089273,6724,0,68380,0,32911424,29037312,3874112,24067136,16252864,16236480
2026-05-13T15:24:10+01:00,server,305978528,7806,1311208,1322091730,6724,0,68382,0,32911424,29033280,3878144,24063104,16252864,16236480
2026-05-13T15:24:11+01:00,server,305980984,7810,1311224,1322094181,6724,0,68382,0,32911424,29039744,3871680,24069248,16252864,16236480
2026-05-13T15:24:12+01:00,server,305983369,7810,1311237,1322096638,6724,0,68382,0,32911424,29037824,3873600,24067328,16252864,16236480
2026-05-13T15:24:13+01:00,server,305985818,7810,1311253,1322099093,6724,0,68382,0,32911424,29039104,3872320,24068480,16252864,16236480
2026-05-13T15:24:14+01:00,server,305988293,7810,1311266,1322101551,6724,0,68382,0,32911424,29036416,3875008,24065792,16252864,16236480
2026-05-13T15:24:15+01:00,server,305990770,7810,1311276,1322104009,6724,0,68382,0,32911424,29037184,3874240,24066560,16252864,16236480
2026-05-13T15:24:16+01:00,server,305993219,7810,1311283,1322106482,6724,0,68383,0,32911424,29035584,3875840,24064960,16252864,16236480
2026-05-13T15:24:17+01:00,server,305995648,7810,1311290,1322108940,6724,0,68386,0,32911424,29035456,3875968,24064832,16252864,16236480
2026-05-13T15:24:18+01:00,server,305998124,7810,1311300,1322111395,6724,0,68386,0,32911424,29033344,3878080,24062720,16252864,16236480
2026-05-13T15:24:19+01:00,server,306000594,7810,1311318,1322113853,6724,0,68386,0,32911424,29031424,3880000,24060800,16252864,16236480
2026-05-13T15:24:20+01:00,server,306003020,7810,1311331,1322116310,6724,0,68387,0,32911424,29034688,3876736,24064064,16252864,16236480
2026-05-13T15:24:21+01:00,server,306005518,7811,1311351,1322118743,6724,0,68387,0,32911424,29031296,3880128,24060672,16252864,16236480
2026-05-13T15:24:22+01:00,server,306007993,7811,1311363,1322121199,6724,0,68387,0,32911424,29035136,3876288,24064320,16252864,16236480
2026-05-13T15:24:23+01:00,server,306010443,7811,1311374,1322123655,6724,0,68388,0,32911424,29035712,3875712,24064896,16252864,16236480
2026-05-13T15:24:25+01:00,server,306012877,7811,1311389,1322126110,6724,0,68388,0,32911424,29035328,3876096,24064512,16252864,16236480
2026-05-13T15:24:26+01:00,server,306015349,7811,1311406,1322128568,6724,0,68388,0,32911424,29036480,3874944,24065664,16252864,16236480
2026-05-13T15:24:27+01:00,server,306017798,7811,1311417,1322131024,6724,0,68389,0,32911424,29034368,3877056,24063552,16252864,16236480
2026-05-13T15:24:28+01:00,server,306020257,7811,1311432,1322133481,6724,0,68389,0,32911424,29035200,3876224,24064384,16252864,16236480
2026-05-13T15:24:29+01:00,server,306022730,7811,1311439,1322135947,6724,0,68389,0,32911424,29035648,3875776,24064832,16252864,16236480
2026-05-13T15:24:30+01:00,server,306025181,7811,1311447,1322138407,6724,0,68389,0,32911424,29037120,3874304,24066304,16252864,16236480
2026-05-13T15:24:31+01:00,server,306027655,7811,1311460,1322140862,6724,0,68389,0,32911424,29035008,3876416,24064192,16252864,16236480
2026-05-13T15:24:32+01:00,server,306030084,7811,1311472,1322143319,6724,0,68389,0,32911424,29036352,3875072,24065536,16252864,16236480
2026-05-13T15:24:33+01:00,server,306032558,7811,1311484,1322145775,6724,0,68391,0,32911424,29032512,3878912,24061696,16252864,16236480
2026-05-13T15:24:34+01:00,server,306035009,7811,1311498,1322148232,6724,0,68392,0,32911424,29030016,3881408,24059200,16252864,16236480
2026-05-13T15:24:35+01:00,server,306037460,7811,1311509,1322150689,6724,0,68392,0,32911424,29030784,3880640,24059968,16252864,16236480
2026-05-13T15:24:36+01:00,server,306039937,7811,1311521,1322153145,6724,0,68392,0,32911424,29031488,3879936,24060672,16252864,16236480
2026-05-13T15:24:37+01:00,server,306042427,7811,1311546,1322155578,6724,0,68392,0,32911424,29034560,3876864,24063744,16252864,16236480
2026-05-13T15:24:38+01:00,server,306044899,7811,1311561,1322158038,6724,0,68393,0,32911424,29033600,3877824,24062784,16252864,16236480
2026-05-13T15:24:39+01:00,server,306047349,7811,1311574,1322160495,6724,0,68393,0,32911424,29025152,3886272,24054336,16252864,16236480
2026-05-13T15:24:40+01:00,server,306049801,7811,1311585,1322162954,6724,0,68393,0,32911424,29027712,3883712,24056896,16252864,16236480
2026-05-13T15:24:41+01:00,server,306052273,7811,1311593,1322165419,6724,0,68393,0,32911424,29024640,3886784,24053824,16252864,16236480
2026-05-13T15:24:42+01:00,server,306054697,7811,1311607,1322167879,6724,0,68393,0,32911424,29023104,3888320,24052288,16252864,16236480
2026-05-13T15:24:43+01:00,server,306057149,7811,1311619,1322170335,6724,0,68393,0,32911424,29023104,3888320,24052288,16252864,16236480
2026-05-13T15:24:44+01:00,server,306059600,7811,1311634,1322172793,6724,0,68393,0,32911424,29023296,3888128,24052480,16252864,16236480
2026-05-13T15:24:45+01:00,server,306062024,7811,1311650,1322175249,6724,0,68394,0,32911424,29024512,3886912,24053632,16252864,16236480
2026-05-13T15:24:46+01:00,server,306064470,7811,1311670,1322177705,6724,0,68395,0,32911424,29022784,3888640,24051904,16252864,16236480
2026-05-13T15:24:47+01:00,server,306066938,7811,1311689,1322180161,6724,0,68395,0,32911424,29026304,3885120,24055360,16252864,16236480
2026-05-13T15:24:48+01:00,server,306069365,7811,1311701,1322182614,6724,0,68395,0,32911424,29024256,3887168,24053312,16252864,16236480
2026-05-13T15:24:49+01:00,server,306071813,7811,1311738,1322185071,6724,0,68396,0,32911424,29029312,3882112,24058368,16252864,16236480
2026-05-13T15:24:50+01:00,server,306074258,7811,1311754,1322187526,6724,0,68396,0,32911424,29025856,3885568,24054912,16252864,16236480
2026-05-13T15:24:51+01:00,server,306076732,7811,1311770,1322189988,6724,0,68396,0,32911424,29028928,3882496,24057984,16252864,16236480
2026-05-13T15:24:52+01:00,server,306079237,7811,1311791,1322192414,6724,0,68397,0,32911424,29029120,3882304,24058176,16252864,16236480
2026-05-13T15:24:53+01:00,server,306081655,7811,1311803,1322194877,6724,0,68397,0,32911424,29028736,3882688,24057792,16252864,16236480
2026-05-13T15:24:54+01:00,server,306084107,7811,1311811,1322197337,6724,0,68398,0,32911424,29029312,3882112,24058368,16252864,16236480
2026-05-13T15:24:55+01:00,server,306086583,7811,1311824,1322199791,6724,0,68398,0,32911424,29026048,3885376,24055104,16252864,16236480
2026-05-13T15:24:56+01:00,server,306089009,7811,1311837,1322202247,6724,0,68398,0,32911424,29032192,3879232,24061248,16252864,16236480
2026-05-13T15:24:57+01:00,server,306091479,7811,1311855,1322204701,6724,0,68398,0,32911424,29028736,3882688,24057792,16252864,16236480
2026-05-13T15:24:58+01:00,server,306093765,7811,1311874,1322207285,6724,0,68398,0,32911424,28955200,3956224,23984256,16252864,16236480
2026-05-13T15:24:59+01:00,server,306096241,7811,1311885,1322209738,6724,0,68398,0,32911424,28956608,3954816,23985664,16252864,16236480
2026-05-13T15:25:00+01:00,server,306098693,7811,1311895,1322212192,6724,0,68398,0,32911424,28954688,3956736,23983744,16252864,16236480
2026-05-13T15:25:01+01:00,server,306101147,7811,1311914,1322214643,6725,0,68398,0,32911424,28947072,3964352,23972416,16252864,16236480
2026-05-13T15:25:02+01:00,server,306103601,7811,1311924,1322217100,6725,0,68399,0,32911424,28948096,3963328,23973376,16252864,16236480
2026-05-13T15:25:04+01:00,server,306106073,7811,1311937,1322219557,6725,0,68399,0,32911424,28944448,3966976,23969728,16252864,16236480
2026-05-13T15:25:05+01:00,server,306108521,7811,1311954,1322222015,6725,0,68400,0,32911424,28947328,3964096,23972608,16252864,16236480
2026-05-13T15:25:06+01:00,server,306110994,7811,1311962,1322224484,6725,0,68400,0,32911424,28948672,3962752,23973952,16252864,16236480
2026-05-13T15:25:07+01:00,server,306113431,7811,1311979,1322226919,6725,0,68400,0,32911424,28948992,3962432,23974272,16252864,16236480
2026-05-13T15:25:08+01:00,server,306115908,7811,1311988,1322229377,6725,0,68401,0,32911424,28946880,3964544,23972160,16252864,16236480
2026-05-13T15:25:09+01:00,server,306118353,7811,1312007,1322231835,6725,0,68401,0,32911424,28947456,3963968,23972736,16252864,16236480
2026-05-13T15:25:10+01:00,server,306120800,7811,1312025,1322234290,6725,0,68401,0,32911424,28947328,3964096,23972160,16252864,16236480
2026-05-13T15:25:11+01:00,server,306123253,7811,1312036,1322236747,6725,0,68401,0,32911424,28949952,3961472,23974784,16252864,16236480
2026-05-13T15:25:12+01:00,server,306125707,7811,1312046,1322239205,6725,0,68401,0,32911424,28950528,3960896,23975360,16252864,16236480
2026-05-13T15:25:13+01:00,server,306128161,7811,1312058,1322241662,6725,0,68402,0,32911424,28952768,3958656,23977600,16252864,16236480
2026-05-13T15:25:14+01:00,server,306130590,7811,1312068,1322244118,6725,0,68405,0,32911424,28953280,3958144,23978112,16252864,16236480
2026-05-13T15:25:15+01:00,server,306133042,7811,1312078,1322246575,6725,0,68407,0,32911424,28953728,3957696,23978560,16252864,16236480
2026-05-13T15:25:16+01:00,server,306135491,7811,1312092,1322249031,6725,0,68408,0,32911424,28953792,3957632,23978624,16252864,16236480
2026-05-13T15:25:17+01:00,server,306137943,7811,1312105,1322251490,6725,0,68409,0,32911424,28953408,3958016,23978240,16252864,16236480
2026-05-13T15:25:18+01:00,server,306140389,7811,1312114,1322253958,6725,0,68409,0,32911424,28956288,3955136,23981120,16252864,16236480
2026-05-13T15:25:19+01:00,server,306142859,7811,1312129,1322256415,6725,0,68410,0,32911424,28955072,3956352,23979776,16252864,16236480
2026-05-13T15:25:20+01:00,server,306145269,7811,1312147,1322258870,6725,0,68411,0,32911424,28954112,3957312,23978432,16252864,16236480
2026-05-13T15:25:21+01:00,server,306147748,7811,1312162,1322261325,6725,0,68411,0,32911424,28952128,3959296,23976320,16252864,16236480
2026-05-13T15:25:22+01:00,server,306150247,7811,1312200,1322263754,6725,0,68411,0,32911424,28956672,3954752,23980864,16252864,16236480
2026-05-13T15:25:23+01:00,server,306152698,7811,1312214,1322266207,6725,0,68411,0,32911424,28953344,3958080,23977536,16252864,16236480
2026-05-13T15:25:24+01:00,server,306155169,7811,1312231,1322268663,6725,0,68411,0,32911424,28955840,3955584,23980032,16252864,16236480
2026-05-13T15:25:25+01:00,server,306157644,7811,1312248,1322271116,6725,0,68412,0,32911424,28954112,3957312,23978304,16252864,16236480
2026-05-13T15:25:26+01:00,server,306160091,7811,1312265,1322273570,6725,0,68412,0,32911424,28956608,3954816,23980800,16252864,16236480
2026-05-13T15:25:27+01:00,server,306162564,7811,1312279,1322276032,6725,0,68414,0,32911424,28954688,3956736,23978880,16252864,16236480
2026-05-13T15:25:28+01:00,server,306165015,7811,1312294,1322278486,6725,0,68414,0,32911424,28954304,3957120,23978496,16252864,16236480
2026-05-13T15:25:29+01:00,server,306167445,7811,1312327,1322280940,6725,0,68414,0,32911424,28958464,3952960,23982656,16252864,16236480
2026-05-13T15:25:30+01:00,server,306169914,7811,1312339,1322283402,6725,0,68414,0,32911424,28958848,3952576,23983040,16252864,16236480
2026-05-13T15:25:31+01:00,server,306172334,7811,1312358,1322285858,6725,0,68414,0,32911424,28957888,3953536,23982080,16252864,16236480
2026-05-13T15:25:32+01:00,server,306174783,7811,1312375,1322288313,6725,0,68414,0,32911424,28958592,3952832,23982784,16252864,16236480
2026-05-13T15:25:33+01:00,server,306177236,7811,1312384,1322290766,6725,0,68414,0,32911424,28961088,3950336,23985280,16252864,16236480
2026-05-13T15:25:34+01:00,server,306179685,7811,1312398,1322293220,6725,0,68414,0,32911424,28963200,3948224,23987392,16252864,16236480
2026-05-13T15:25:35+01:00,server,306182157,7811,1312415,1322295672,6725,0,68414,0,32911424,28959744,3951680,23983936,16252864,16236480
2026-05-13T15:25:36+01:00,server,306184653,7811,1312430,1322298104,6725,0,68414,0,32911424,28958400,3953024,23982592,16252864,16236480
2026-05-13T15:25:37+01:00,server,306187104,7811,1312445,1322300556,6725,0,68414,0,32911424,28958592,3952832,23982784,16252864,16236480
2026-05-13T15:25:38+01:00,server,306189579,7811,1312460,1322303008,6725,0,68414,0,32911424,28954368,3957056,23978560,16252864,16236480
2026-05-13T15:25:39+01:00,server,306192032,7811,1312475,1322305465,6725,0,68414,0,32911424,28951488,3959936,23975680,16252864,16236480
2026-05-13T15:25:40+01:00,server,306194482,7811,1312492,1322307919,6725,0,68414,0,32911424,28952064,3959360,23976256,16252864,16236480
2026-05-13T15:25:42+01:00,server,306196932,7811,1312508,1322310375,6725,0,68415,0,32911424,28949888,3961536,23974080,16252864,16236480
2026-05-13T15:25:43+01:00,server,306199403,7811,1312517,1322312841,6725,0,68416,0,32911424,28952576,3958848,23976768,16252864,16236480
2026-05-13T15:25:44+01:00,server,306201855,7811,1312528,1322315301,6725,0,68416,0,32911424,28950080,3961344,23974272,16252864,16236480
2026-05-13T15:25:45+01:00,server,306204302,7811,1312544,1322317756,6725,0,68416,0,32911424,28951040,3960384,23975232,16252864,16236480
2026-05-13T15:25:46+01:00,server,306206774,7811,1312556,1322320216,6725,0,68418,0,32911424,28949952,3961472,23974144,16252864,16236480
2026-05-13T15:25:47+01:00,server,306209250,7811,1312567,1322322671,6725,0,68419,0,32911424,28949248,3962176,23973376,16252864,16236480
2026-05-13T15:25:48+01:00,server,306211726,7811,1312582,1322325128,6725,0,68420,0,32911424,28952128,3959296,23976256,16252864,16236480
2026-05-13T15:25:49+01:00,server,306214182,7811,1312592,1322327577,6725,0,68421,0,32911424,28950848,3960576,23974976,16252864,16236480
2026-05-13T15:25:50+01:00,server,306216655,7811,1312605,1322330030,6725,0,68421,0,32911424,28949568,3961856,23973696,16252864,16236480
2026-05-13T15:25:51+01:00,server,306219105,7811,1312618,1322332484,6725,0,68421,0,32911424,28946496,3964928,23970624,16252864,16236480
2026-05-13T15:25:52+01:00,server,306221589,7811,1312636,1322334911,6725,0,68422,0,32911424,28945984,3965440,23969920,16252864,16236480
2026-05-13T15:25:53+01:00,server,306224059,7811,1312655,1322337367,6725,0,68422,0,32911424,28939200,3972224,23963072,16252864,16236480
2026-05-13T15:25:54+01:00,server,306226510,7811,1312673,1322339823,6725,0,68422,0,32911424,28942656,3968768,23966528,16252864,16236480
2026-05-13T15:25:55+01:00,server,306228931,7811,1312685,1322342286,6725,0,68422,0,32911424,28945920,3965504,23969792,16252864,16236480
2026-05-13T15:25:56+01:00,server,306231404,7811,1312695,1322344746,6725,0,68422,0,32911424,28945536,3965888,23969408,16252864,16236480
2026-05-13T15:25:57+01:00,server,306233860,7811,1312703,1322347202,6725,0,68422,0,32911424,28947264,3964160,23971136,16252864,16236480
2026-05-13T15:25:58+01:00,server,306236287,7811,1312716,1322349660,6725,0,68422,0,32911424,28945536,3965888,23969408,16252864,16236480
2026-05-13T15:25:59+01:00,server,306238741,7811,1312727,1322352116,6725,0,68423,0,32911424,28948224,3963200,23972096,16252864,16236480
2026-05-13T15:26:00+01:00,server,306241194,7811,1312738,1322354573,6725,0,68423,0,32911424,28945728,3965696,23969600,16252864,16236480
2026-05-13T15:26:01+01:00,server,306243648,7811,1312747,1322357029,6725,0,68423,0,32911424,28946368,3965056,23969984,16252864,16236480
2026-05-13T15:26:02+01:00,server,306246099,7811,1312758,1322359490,6725,0,68425,0,32911424,28946752,3964672,23970368,16252864,16236480
2026-05-13T15:26:03+01:00,server,306248551,7811,1312773,1322361945,6725,0,68425,0,32911424,28949696,3961728,23973312,16252864,16236480
2026-05-13T15:26:04+01:00,server,306251003,7811,1312783,1322364401,6725,0,68426,0,32911424,28947584,3963840,23971200,16252864,16236480
2026-05-13T15:26:05+01:00,server,306253453,7811,1312796,1322366857,6725,0,68427,0,32911424,28947392,3964032,23971008,16252864,16236480
2026-05-13T15:26:06+01:00,server,306255904,7811,1312808,1322369314,6725,0,68427,0,32911424,28944896,3966528,23968512,16252864,16236480
2026-05-13T15:26:07+01:00,server,306258374,7811,1312822,1322371753,6725,0,68427,0,32911424,28945472,3965952,23969088,16252864,16236480
2026-05-13T15:26:08+01:00,server,306260822,7811,1312834,1322374210,6725,0,68427,0,32911424,28943232,3968192,23966592,16252864,16236480
2026-05-13T15:26:09+01:00,server,306263157,7811,1312848,1322376799,6725,0,68427,0,32911424,28870848,4040576,23894208,16252864,16236480
2026-05-13T15:26:10+01:00,server,306265608,7811,1312858,1322379255,6725,0,68427,0,32911424,28873920,4037504,23897280,16252864,16236480
2026-05-13T15:26:11+01:00,server,306268076,7811,1312870,1322381712,6725,0,68428,0,32911424,28870464,4040960,23893824,16252864,16236480
2026-05-13T15:26:12+01:00,server,306270512,7811,1312882,1322384171,6725,0,68428,0,32911424,28876736,4034688,23900096,16252864,16236480
2026-05-13T15:26:13+01:00,server,306272963,7811,1312895,1322386630,6725,0,68428,0,32911424,28874240,4037184,23897600,16252864,16236480
2026-05-13T15:26:14+01:00,server,306275440,7811,1312907,1322389086,6725,0,68428,0,32911424,28879040,4032384,23902400,16252864,16236480
2026-05-13T15:26:15+01:00,server,306277867,7811,1312918,1322391543,6725,0,68429,0,32911424,28875904,4035520,23899264,16252864,16236480
2026-05-13T15:26:16+01:00,server,306280340,7811,1312932,1322394000,6725,0,68430,0,32911424,28877632,4033792,23900992,16252864,16236480
2026-05-13T15:26:17+01:00,server,306282789,7811,1312948,1322396472,6725,0,68432,0,32911424,28877824,4033600,23901184,16252864,16236480
2026-05-13T15:26:18+01:00,server,306285240,7811,1312963,1322398929,6725,0,68432,0,32911424,28874752,4036672,23898112,16252864,16236480
2026-05-13T15:26:19+01:00,server,306287685,7811,1312973,1322401394,6725,0,68433,0,32911424,28872640,4038784,23896000,16252864,16236480
2026-05-13T15:26:21+01:00,server,306290161,7811,1312981,1322403854,6725,0,68434,0,32911424,28873600,4037824,23896960,16252864,16236480
2026-05-13T15:26:22+01:00,server,306292676,7811,1313000,1322406287,6725,0,68435,0,32911424,28877376,4034048,23900672,16252864,16236480
2026-05-13T15:26:23+01:00,server,306295104,7811,1313018,1322408745,6725,0,68435,0,32911424,28877696,4033728,23900992,16252864,16236480
2026-05-13T15:26:24+01:00,server,306297555,7811,1313032,1322411201,6725,0,68435,0,32911424,28877696,4033728,23900992,16252864,16236480
2026-05-13T15:26:25+01:00,server,306300006,7811,1313044,1322413658,6725,0,68435,0,32911424,28879616,4031808,23902912,16252864,16236480
2026-05-13T15:26:26+01:00,server,306302427,7811,1313064,1322416115,6725,0,68435,0,32911424,28878400,4033024,23901696,16252864,16236480
2026-05-13T15:26:27+01:00,server,306304902,7811,1313077,1322418572,6725,0,68435,0,32911424,28880320,4031104,23903616,16252864,16236480
2026-05-13T15:26:28+01:00,server,306307373,7811,1313088,1322421030,6725,0,68436,0,32911424,28878784,4032640,23902080,16252864,16236480
2026-05-13T15:26:29+01:00,server,306309816,7811,1313106,1322423486,6725,0,68437,0,32911424,28879168,4032256,23902464,16252864,16236480
2026-05-13T15:26:30+01:00,server,306312269,7811,1313119,1322425940,6725,0,68437,0,32911424,28880640,4030784,23903936,16252864,16236480
2026-05-13T15:26:31+01:00,server,306314741,7811,1313134,1322428399,6725,0,68437,0,32911424,28883520,4027904,23906816,16252864,16236480
2026-05-13T15:26:32+01:00,server,306317189,7811,1313143,1322430868,6725,0,68437,0,32911424,28879872,4031552,23903168,16252864,16236480
2026-05-13T15:26:33+01:00,server,306319633,7811,1313159,1322433329,6725,0,68437,0,32911424,28878144,4033280,23901440,16252864,16236480
2026-05-13T15:26:34+01:00,server,306322109,7811,1313170,1322435786,6725,0,68437,0,32911424,28876992,4034432,23900288,16252864,16236480
2026-05-13T15:26:35+01:00,server,306324585,7811,1313180,1322438244,6725,0,68437,0,32911424,28877376,4034048,23900672,16252864,16236480
2026-05-13T15:26:36+01:00,server,306327035,7811,1313192,1322440701,6725,0,68439,0,32911424,28877184,4034240,23900480,16252864,16236480
2026-05-13T15:26:37+01:00,server,306329537,7811,1313207,1322443138,6725,0,68439,0,32911424,28876672,4034752,23899904,16252864,16236480
2026-05-13T15:26:38+01:00,server,306332012,7811,1313216,1322445598,6725,0,68439,0,32911424,28876608,4034816,23899840,16252864,16236480
2026-05-13T15:26:39+01:00,server,306334457,7811,1313235,1322448055,6725,0,68440,0,32911424,28874880,4036544,23898112,16252864,16236480
2026-05-13T15:26:40+01:00,server,306336897,7811,1313247,1322450512,6725,0,68440,0,32911424,28879808,4031616,23903040,16252864,16236480
2026-05-13T15:26:41+01:00,server,306339347,7811,1313261,1322452969,6725,0,68441,0,32911424,28875200,4036224,23898432,16252864,16236480
2026-05-13T15:26:42+01:00,server,306341799,7811,1313271,1322455425,6725,0,68442,0,32911424,28877568,4033856,23900800,16252864,16236480
2026-05-13T15:26:43+01:00,server,306344273,7811,1313284,1322457883,6725,0,68442,0,32911424,28877184,4034240,23900416,16252864,16236480
2026-05-13T15:26:44+01:00,server,306346743,7811,1313294,1322460348,6725,0,68442,0,32911424,28873920,4037504,23897152,16252864,16236480
2026-05-13T15:26:45+01:00,server,306349189,7811,1313310,1322462806,6725,0,68442,0,32911424,28874432,4036992,23897664,16252864,16236480
2026-05-13T15:26:46+01:00,server,306351662,7811,1313326,1322465263,6725,0,68442,0,32911424,28876224,4035200,23899392,16252864,16236480
2026-05-13T15:26:47+01:00,server,306354139,7811,1313336,1322467721,6725,0,68442,0,32911424,28873728,4037696,23896896,16252864,16236480
2026-05-13T15:26:48+01:00,server,306356565,7811,1313353,1322470177,6725,0,68442,0,32911424,28873536,4037888,23896704,16252864,16236480
2026-05-13T15:26:49+01:00,server,306359041,7811,1313364,1322472635,6725,0,68443,0,32911424,28871808,4039616,23894976,16252864,16236480
2026-05-13T15:26:50+01:00,server,306361487,7811,1313383,1322475090,6725,0,68443,0,32911424,28872192,4039232,23895360,16252864,16236480
2026-05-13T15:26:51+01:00,server,306363935,7811,1313399,1322477544,6726,0,68444,0,32911424,28870720,4040704,23892928,16252864,16236480
2026-05-13T15:26:52+01:00,server,306366418,7811,1313416,1322479977,6726,0,68444,0,32911424,28869184,4042240,23891392,16252864,16236480
2026-05-13T15:26:53+01:00,server,306368892,7811,1313428,1322482433,6726,0,68445,0,32911424,28870720,4040704,23892928,16252864,16236480
2026-05-13T15:26:54+01:00,server,306371320,7811,1313441,1322484890,6726,0,68446,0,32911424,28868416,4043008,23890624,16252864,16236480
2026-05-13T15:26:55+01:00,server,306373791,7811,1313452,1322487350,6726,0,68447,0,32911424,28869376,4042048,23891584,16252864,16236480
2026-05-13T15:26:56+01:00,server,306376259,7811,1313462,1322489814,6726,0,68448,0,32911424,28870336,4041088,23892544,16252864,16236480
2026-05-13T15:26:57+01:00,server,306378707,7811,1313478,1322492273,6726,0,68448,0,32911424,28870528,4040896,23892736,16252864,16236480
2026-05-13T15:26:59+01:00,server,306381185,7811,1313487,1322494729,6726,0,68448,0,32911424,28869568,4041856,23891776,16252864,16236480
2026-05-13T15:27:00+01:00,server,306383642,7811,1313505,1322497185,6726,0,68448,0,32911424,28872832,4038592,23895040,16252864,16236480
2026-05-13T15:27:01+01:00,server,306386093,7811,1313514,1322499645,6726,0,68448,0,32911424,28874304,4037120,23896512,16252864,16236480
2026-05-13T15:27:02+01:00,server,306388565,7811,1313530,1322502101,6726,0,68449,0,32911424,28870720,4040704,23892864,16252864,16236480
2026-05-13T15:27:03+01:00,server,306391015,7811,1313544,1322504558,6726,0,68450,0,32911424,28870336,4041088,23892480,16252864,16236480
2026-05-13T15:27:04+01:00,server,306393443,7811,1313556,1322507014,6726,0,68450,0,32911424,28872064,4039360,23894208,16252864,16236480
2026-05-13T15:27:05+01:00,server,306395921,7811,1313565,1322509471,6726,0,68450,0,32911424,28870144,4041280,23892288,16252864,16236480
2026-05-13T15:27:06+01:00,server,306398371,7811,1313579,1322511927,6726,0,68450,0,32911424,28871104,4040320,23893248,16252864,16236480
2026-05-13T15:27:07+01:00,server,306400830,7811,1313598,1322514360,6726,0,68450,0,32911424,28873920,4037504,23896064,16252864,16236480
2026-05-13T15:27:08+01:00,server,306403302,7811,1313611,1322516819,6726,0,68450,0,32911424,28871616,4039808,23893760,16252864,16236480
2026-05-13T15:27:09+01:00,server,306405770,7811,1313621,1322519286,6726,0,68450,0,32911424,28872192,4039232,23894336,16252864,16236480
2026-05-13T15:27:10+01:00,server,306408216,7811,1313636,1322521745,6726,0,68450,0,32911424,28871232,4040192,23893376,16252864,16236480
2026-05-13T15:27:11+01:00,server,306410689,7811,1313648,1322524201,6726,0,68451,0,32911424,28870272,4041152,23892416,16252864,16236480
2026-05-13T15:27:12+01:00,server,306413162,7811,1313664,1322526661,6726,0,68452,0,32911424,28870656,4040768,23892800,16252864,16236480
2026-05-13T15:27:13+01:00,server,306415587,7811,1313678,1322529117,6726,0,68452,0,32911424,28869120,4042304,23891264,16252864,16236480
2026-05-13T15:27:14+01:00,server,306418060,7811,1313693,1322531573,6726,0,68452,0,32911424,28869312,4042112,23891456,16252864,16236480
2026-05-13T15:27:15+01:00,server,306420541,7811,1313700,1322534029,6726,0,68453,0,32911424,28870464,4040960,23892608,16252864,16236480
2026-05-13T15:27:16+01:00,server,306422965,7811,1313715,1322536484,6726,0,68453,0,32911424,28870656,4040768,23892800,16252864,16236480
2026-05-13T15:27:17+01:00,server,306425416,7811,1313727,1322538942,6726,0,68454,0,32911424,28869120,4042304,23891264,16252864,16236480
2026-05-13T15:27:18+01:00,server,306427855,7811,1313747,1322541397,6726,0,68456,0,32911424,28869504,4041920,23891648,16252864,16236480
2026-05-13T15:27:19+01:00,server,306430309,7811,1313756,1322543853,6726,0,68457,0,32911424,28869504,4041920,23891648,16252864,16236480
2026-05-13T15:27:20+01:00,server,306432650,7811,1313766,1322546438,6726,0,68457,0,32911424,28798272,4113152,23820416,16252864,16236480
2026-05-13T15:27:21+01:00,server,306435083,7811,1313767,1322548897,6726,0,68457,0,32911424,28796736,4114688,23818880,16252864,16236480
2026-05-13T15:27:22+01:00,server,306437535,7811,1313784,1322551339,6726,0,68457,0,32911424,28797312,4114112,23819456,16252864,16236480
2026-05-13T15:27:23+01:00,server,306439962,7811,1313822,1322553796,6726,0,68457,0,32911424,28799424,4112000,23821568,16252864,16236480
2026-05-13T15:27:24+01:00,server,306442415,7811,1313832,1322556253,6726,0,68458,0,32911424,28800064,4111360,23822208,16252864,16236480
2026-05-13T15:27:25+01:00,server,306444865,7811,1313846,1322558711,6726,0,68458,0,32911424,28798336,4113088,23820480,16252864,16236480
2026-05-13T15:27:26+01:00,server,306447291,7811,1313883,1322561168,6726,0,68458,0,32911424,28798784,4112640,23820928,16252864,16236480
2026-05-13T15:27:27+01:00,server,306449764,7811,1313897,1322563625,6726,0,68458,0,32911424,28795520,4115904,23817664,16252864,16236480
2026-05-13T15:27:28+01:00,server,306452238,7811,1313909,1322566083,6726,0,68459,0,32911424,28799040,4112384,23821120,16252864,16236480
2026-05-13T15:27:29+01:00,server,306454685,7811,1313925,1322568540,6726,0,68459,0,32911424,28798080,4113344,23820160,16252864,16236480
2026-05-13T15:27:30+01:00,server,306457206,7811,1313965,1322570913,6726,0,68460,0,32911424,28787200,4124224,23809280,16252864,16236480
2026-05-13T15:27:31+01:00,server,306459757,7811,1313982,1322573268,6726,0,68462,0,32911424,28786496,4124928,23807488,16252864,16236480
2026-05-13T15:27:32+01:00,server,306462232,7811,1314001,1322575692,6726,0,68462,0,32911424,28794496,4116928,23813632,16252864,16236480
2026-05-13T15:27:33+01:00,server,306464681,7811,1314008,1322578156,6726,0,68464,0,32911424,28791168,4120256,23810304,16252864,16236480
2026-05-13T15:27:34+01:00,server,306467136,7811,1314022,1322580622,6726,0,68464,0,32911424,28795776,4115648,23814912,16252864,16236480
2026-05-13T15:27:35+01:00,server,306469591,7811,1314029,1322583079,6726,0,68464,0,32911424,28796544,4114880,23815680,16252864,16236480
2026-05-13T15:27:36+01:00,server,306472069,7811,1314046,1322585511,6726,0,68467,0,32911424,28793408,4118016,23812544,16252864,16236480
2026-05-13T15:27:38+01:00,server,306474546,7811,1314056,1322587967,6726,0,68467,0,32911424,28794176,4117248,23813312,16252864,16236480
2026-05-13T15:27:39+01:00,server,306476990,7811,1314071,1322590422,6726,0,68469,0,32911424,28793792,4117632,23812928,16252864,16236480
2026-05-13T15:27:40+01:00,server,306479464,7811,1314087,1322592878,6726,0,68470,0,32911424,28794176,4117248,23813312,16252864,16236480
2026-05-13T15:27:41+01:00,server,306481911,7811,1314103,1322595334,6726,0,68470,0,32911424,28793792,4117632,23812928,16252864,16236480
2026-05-13T15:27:42+01:00,server,306484385,7811,1314118,1322597794,6726,0,68470,0,32911424,28793600,4117824,23812736,16252864,16236480
2026-05-13T15:27:43+01:00,server,306486788,7811,1314135,1322600250,6726,0,68470,0,32911424,28793408,4118016,23812544,16252864,16236480
2026-05-13T15:27:44+01:00,server,306489235,7811,1314149,1322602708,6726,0,68472,0,32911424,28792640,4118784,23811776,16252864,16236480
2026-05-13T15:27:45+01:00,server,306491685,7811,1314163,1322605164,6726,0,68472,0,32911424,28797440,4113984,23816576,16252864,16236480
2026-05-13T15:27:46+01:00,server,306494160,7811,1314171,1322607626,6726,0,68472,0,32911424,28795520,4115904,23814656,16252864,16236480
2026-05-13T15:27:47+01:00,server,306496608,7811,1314177,1322610089,6726,0,68472,0,32911424,28793984,4117440,23813120,16252864,16236480
2026-05-13T15:27:48+01:00,server,306499075,7811,1314194,1322612551,6726,0,68473,0,32911424,28794368,4117056,23813504,16252864,16236480
2026-05-13T15:27:49+01:00,server,306501529,7811,1314209,1322615002,6726,0,68473,0,32911424,28794752,4116672,23813888,16252864,16236480
2026-05-13T15:27:50+01:00,server,306503982,7811,1314218,1322617458,6726,0,68473,0,32911424,28795712,4115712,23814848,16252864,16236480
2026-05-13T15:27:51+01:00,server,306506457,7811,1314233,1322619917,6726,0,68473,0,32911424,28795328,4116096,23814464,16252864,16236480
2026-05-13T15:27:52+01:00,server,306508933,7811,1314248,1322622348,6726,0,68473,0,32911424,28795136,4116288,23814272,16252864,16236480
2026-05-13T15:27:53+01:00,server,306511380,7811,1314261,1322624806,6726,0,68474,0,32911424,28791680,4119744,23810816,16252864,16236480
2026-05-13T15:27:54+01:00,server,306513811,7811,1314271,1322627264,6726,0,68475,0,32911424,28788032,4123392,23807168,16252864,16236480
2026-05-13T15:27:55+01:00,server,306516283,7811,1314283,1322629720,6726,0,68477,0,32911424,28793792,4117632,23812928,16252864,16236480
2026-05-13T15:27:56+01:00,server,306518729,7811,1314300,1322632177,6726,0,68478,0,32911424,28794368,4117056,23813504,16252864,16236480
2026-05-13T15:27:57+01:00,server,306521179,7811,1314312,1322634633,6726,0,68479,0,32911424,28793792,4117632,23812928,16252864,16236480
2026-05-13T15:27:58+01:00,server,306523627,7811,1314326,1322637091,6726,0,68479,0,32911424,28794560,4116864,23813696,16252864,16236480
2026-05-13T15:27:59+01:00,server,306526075,7811,1314328,1322639557,6726,0,68479,0,32911424,28794432,4116992,23813504,16252864,16236480
2026-05-13T15:28:00+01:00,server,306528525,7811,1314347,1322642013,6726,0,68479,0,32911424,28795392,4116032,23814464,16252864,16236480
2026-05-13T15:28:01+01:00,server,306530974,7811,1314361,1322644468,6726,0,68480,0,32911424,28794240,4117184,23813312,16252864,16236480
2026-05-13T15:28:02+01:00,server,306533448,7811,1314374,1322646925,6726,0,68480,0,32911424,28794432,4116992,23813504,16252864,16236480
2026-05-13T15:28:03+01:00,server,306535917,7811,1314394,1322649381,6726,0,68480,0,32911424,28795968,4115456,23815040,16252864,16236480
2026-05-13T15:28:04+01:00,server,306538362,7811,1314412,1322651840,6726,0,68480,0,32911424,28797312,4114112,23816384,16252864,16236480
2026-05-13T15:28:05+01:00,server,306540838,7811,1314425,1322654296,6726,0,68480,0,32911424,28798208,4113216,23817280,16252864,16236480
2026-05-13T15:28:06+01:00,server,306543287,7811,1314442,1322656753,6726,0,68480,0,32911424,28797952,4113472,23817024,16252864,16236480
2026-05-13T15:28:07+01:00,server,306545761,7811,1314464,1322659184,6726,0,68481,0,32911424,28796480,4114944,23815552,16252864,16236480
2026-05-13T15:28:08+01:00,server,306548211,7811,1314485,1322661639,6726,0,68481,0,32911424,28795712,4115712,23814784,16252864,16236480
2026-05-13T15:28:09+01:00,server,306550656,7811,1314498,1322664096,6726,0,68483,0,32911424,28796480,4114944,23815552,16252864,16236480
2026-05-13T15:28:10+01:00,server,306553105,7811,1314511,1322666555,6726,0,68483,0,32911424,28799744,4111680,23818816,16252864,16236480
2026-05-13T15:28:11+01:00,server,306555553,7811,1314518,1322669023,6726,0,68483,0,32911424,28796928,4114496,23816000,16252864,16236480
2026-05-13T15:28:12+01:00,server,306558025,7811,1314534,1322671481,6726,0,68483,0,32911424,28799168,4112256,23818240,16252864,16236480
2026-05-13T15:28:13+01:00,server,306560475,7811,1314546,1322673936,6726,0,68483,0,32911424,28797824,4113600,23816896,16252864,16236480
2026-05-13T15:28:14+01:00,server,306562927,7811,1314556,1322676395,6726,0,68484,0,32911424,28796672,4114752,23815744,16252864,16236480
2026-05-13T15:28:15+01:00,server,306565350,7811,1314573,1322678851,6726,0,68485,0,32911424,28795712,4115712,23814784,16252864,16236480
2026-05-13T15:28:17+01:00,server,306567825,7811,1314585,1322681306,6726,0,68485,0,32911424,28797504,4113920,23816448,16252864,16236480
2026-05-13T15:28:18+01:00,server,306570297,7811,1314600,1322683762,6726,0,68485,0,32911424,28796352,4115072,23815296,16252864,16236480
2026-05-13T15:28:19+01:00,server,306572722,7811,1314615,1322686219,6726,0,68485,0,32911424,28796736,4114688,23815680,16252864,16236480
2026-05-13T15:28:20+01:00,server,306575172,7811,1314630,1322688676,6726,0,68485,0,32911424,28796736,4114688,23815680,16252864,16236480
2026-05-13T15:28:21+01:00,server,306577623,7811,1314645,1322691133,6726,0,68485,0,32911424,28795776,4115648,23814720,16252864,16236480
2026-05-13T15:28:22+01:00,server,306580079,7811,1314672,1322693564,6726,0,68486,0,32911424,28798272,4113152,23817152,16252864,16236480
2026-05-13T15:28:23+01:00,server,306582529,7811,1314687,1322696025,6726,0,68486,0,32911424,28797888,4113536,23816768,16252864,16236480
2026-05-13T15:28:24+01:00,server,306585002,7811,1314692,1322698493,6726,0,68486,0,32911424,28799040,4112384,23817920,16252864,16236480
2026-05-13T15:28:25+01:00,server,306587449,7811,1314705,1322700952,6726,0,68486,0,32911424,28798336,4113088,23817216,16252864,16236480
2026-05-13T15:28:26+01:00,server,306589921,7811,1314718,1322703408,6726,0,68487,0,32911424,28796288,4115136,23815104,16252864,16236480
2026-05-13T15:28:27+01:00,server,306592370,7811,1314732,1322705865,6726,0,68489,0,32911424,28793600,4117824,23812416,16252864,16236480
2026-05-13T15:28:28+01:00,server,306594822,7811,1314743,1322708321,6727,0,68490,0,32911424,28795072,4116352,23813888,16252864,16236480
2026-05-13T15:28:29+01:00,server,306597292,7811,1314757,1322710777,6727,0,68491,0,32911424,28795136,4116288,23813888,16252864,16236480
2026-05-13T15:28:30+01:00,server,306599608,7811,1314766,1322713382,6727,0,68492,0,32911424,28716032,4195392,23734784,16252864,16236480
2026-05-13T15:28:31+01:00,server,306601907,7811,1314793,1322715912,6727,0,68492,0,32911424,28702848,4208576,23721600,16252864,16236480
2026-05-13T15:28:32+01:00,server,306604285,7811,1314813,1322718448,6727,0,68492,0,32911424,28688896,4222528,23707648,16252864,16236480
2026-05-13T15:28:33+01:00,server,306606651,7811,1314839,1322720981,6727,0,68492,0,32911424,28695808,4215616,23714560,16252864,16236480
2026-05-13T15:28:34+01:00,server,306609074,7811,1314852,1322723511,6727,0,68493,0,32911424,28701440,4209984,23720192,16252864,16236480
2026-05-13T15:28:35+01:00,server,306611377,7811,1314878,1322726048,6727,0,68493,0,32911424,28703680,4207744,23722432,16252864,16236480
2026-05-13T15:28:36+01:00,server,306613756,7811,1314896,1322728586,6727,0,68493,0,32911424,28705216,4206208,23723968,16252864,16236480
2026-05-13T15:28:37+01:00,server,306616147,7811,1314921,1322731105,6727,0,68493,0,32911424,28698368,4213056,23717120,16252864,16236480
2026-05-13T15:28:38+01:00,server,306618509,7811,1314951,1322733636,6727,0,68494,0,32911424,28706176,4205248,23724928,16252864,16236480
2026-05-13T15:28:39+01:00,server,306620867,7811,1314978,1322736177,6727,0,68495,0,32911424,28685824,4225600,23704576,16252864,16236480
2026-05-13T15:28:40+01:00,server,306623335,7811,1314995,1322738642,6727,0,68496,0,32911424,28705536,4205888,23724288,16252864,16236480
2026-05-13T15:28:41+01:00,server,306625780,7811,1315012,1322741102,6727,0,68497,0,32911424,28707648,4203776,23726400,16252864,16236480
2026-05-13T15:28:42+01:00,server,306628231,7811,1315024,1322743563,6727,0,68497,0,32911424,28710912,4200512,23729664,16252864,16236480
2026-05-13T15:28:43+01:00,server,306630681,7811,1315036,1322746023,6727,0,68498,0,32911424,28712448,4198976,23731200,16252864,16236480
2026-05-13T15:28:44+01:00,server,306633113,7811,1315044,1322748482,6727,0,68499,0,32911424,28713856,4197568,23732608,16252864,16236480
2026-05-13T15:28:45+01:00,server,306635562,7811,1315055,1322750941,6727,0,68500,0,32911424,28716544,4194880,23735296,16252864,16236480
2026-05-13T15:28:46+01:00,server,306638039,7811,1315063,1322753403,6727,0,68502,0,32911424,28715392,4196032,23734144,16252864,16236480
2026-05-13T15:28:47+01:00,server,306640511,7811,1315076,1322755863,6727,0,68502,0,32911424,28712704,4198720,23731456,16252864,16236480
2026-05-13T15:28:48+01:00,server,306642915,7811,1315088,1322758329,6727,0,68502,0,32911424,28717248,4194176,23736000,16252864,16236480
2026-05-13T15:28:49+01:00,server,306645386,7811,1315096,1322760794,6727,0,68502,0,32911424,28718720,4192704,23737472,16252864,16236480
2026-05-13T15:28:50+01:00,server,306647858,7811,1315113,1322763254,6727,0,68502,0,32911424,28719104,4192320,23737856,16252864,16236480
2026-05-13T15:28:51+01:00,server,306650327,7811,1315132,1322765688,6727,0,68503,0,32911424,28721344,4190080,23740096,16252864,16236480
2026-05-13T15:28:52+01:00,server,306652665,7811,1315149,1322768148,6727,0,68504,0,32911424,28719744,4191680,23738432,16252864,16236480
2026-05-13T15:28:53+01:00,server,306655118,7811,1315163,1322770609,6727,0,68504,0,32911424,28721088,4190336,23739776,16252864,16236480
2026-05-13T15:28:54+01:00,server,306657567,7811,1315173,1322773069,6727,0,68505,0,32911424,28717248,4194176,23735936,16252864,16236480
2026-05-13T15:28:56+01:00,server,306659995,7811,1315186,1322775527,6727,0,68507,0,32911424,28718656,4192768,23737344,16252864,16236480
2026-05-13T15:28:57+01:00,server,306662472,7811,1315198,1322777984,6727,0,68507,0,32911424,28716544,4194880,23735232,16252864,16236480
2026-05-13T15:28:58+01:00,server,306664898,7811,1315232,1322780443,6727,0,68507,0,32911424,28718080,4193344,23736768,16252864,16236480
2026-05-13T15:28:59+01:00,server,306667369,7811,1315250,1322782903,6727,0,68507,0,32911424,28719040,4192384,23737728,16252864,16236480
2026-05-13T15:29:00+01:00,server,306669834,7811,1315267,1322785360,6727,0,68507,0,32911424,28717952,4193472,23736576,16252864,16236480
2026-05-13T15:29:01+01:00,server,306672295,7811,1315276,1322787824,6727,0,68508,0,32911424,28718336,4193088,23736960,16252864,16236480
2026-05-13T15:29:02+01:00,server,306674743,7811,1315287,1322790290,6727,0,68508,0,32911424,28715264,4196160,23733888,16252864,16236480
2026-05-13T15:29:03+01:00,server,306677213,7811,1315304,1322792747,6727,0,68511,0,32911424,28718528,4192896,23737152,16252864,16236480
2026-05-13T15:29:04+01:00,server,306679642,7811,1315314,1322795202,6727,0,68512,0,32911424,28718656,4192768,23737344,16252864,16236480
2026-05-13T15:29:05+01:00,server,306682113,7811,1315330,1322797659,6727,0,68513,0,32911424,28718656,4192768,23737344,16252864,16236480
2026-05-13T15:29:06+01:00,server,306684547,7811,1315342,1322800116,6727,0,68515,0,32911424,28719552,4191872,23738240,16252864,16236480
2026-05-13T15:29:07+01:00,server,306687038,7811,1315363,1322802546,6727,0,68515,0,32911424,28721920,4189504,23740544,16252864,16236480
2026-05-13T15:29:08+01:00,server,306689516,7811,1315375,1322805005,6727,0,68515,0,32911424,28721344,4190080,23739968,16252864,16236480
2026-05-13T15:29:09+01:00,server,306691940,7811,1315395,1322807466,6727,0,68515,0,32911424,28721408,4190016,23740032,16252864,16236480
2026-05-13T15:29:10+01:00,server,306694343,7811,1315411,1322809923,6727,0,68516,0,32911424,28723904,4187520,23742528,16252864,16236480
2026-05-13T15:29:11+01:00,server,306696748,7816,1315427,1322812375,6727,0,68516,0,32911424,28720448,4190976,23739072,16252864,16236480
2026-05-13T15:29:12+01:00,server,306699180,7816,1315441,1322814833,6727,0,68516,0,32911424,28719040,4192384,23737664,16252864,16236480
2026-05-13T15:29:13+01:00,server,306701565,7816,1315455,1322817298,6727,0,68518,0,32911424,28720576,4190848,23739200,16252864,16236480
2026-05-13T15:29:14+01:00,server,306703925,7816,1315459,1322819767,6727,0,68518,0,32911424,28718016,4193408,23736576,16252864,16236480
2026-05-13T15:29:15+01:00,server,306706399,7816,1315474,1322822225,6727,0,68519,0,32911424,28717312,4194112,23735872,16252864,16236480
2026-05-13T15:29:16+01:00,server,306708875,7816,1315489,1322824685,6727,0,68520,0,32911424,28716864,4194560,23735424,16252864,16236480
2026-05-13T15:29:17+01:00,server,306711325,7816,1315510,1322827144,6727,0,68521,0,32911424,28718784,4192640,23737344,16252864,16236480
2026-05-13T15:29:18+01:00,server,306713777,7816,1315528,1322829605,6727,0,68522,0,32911424,28718848,4192576,23737408,16252864,16236480
2026-05-13T15:29:19+01:00,server,306716231,7816,1315538,1322832062,6727,0,68522,0,32911424,28723136,4188288,23741696,16252864,16236480
2026-05-13T15:29:20+01:00,server,306718706,7816,1315553,1322834518,6727,0,68522,0,32911424,28716608,4194816,23735168,16252864,16236480
2026-05-13T15:29:21+01:00,server,306721157,7816,1315570,1322836975,6727,0,68522,0,32911424,28716288,4195136,23734784,16252864,16236480
2026-05-13T15:29:22+01:00,server,306723646,7817,1315592,1322839405,6727,0,68522,0,32911424,28715584,4195840,23734016,16252864,16236480
2026-05-13T15:29:23+01:00,server,306726118,7817,1315609,1322841862,6727,0,68522,0,32911424,28715008,4196416,23733440,16252864,16236480
2026-05-13T15:29:24+01:00,server,306728566,7817,1315630,1322844317,6727,0,68522,0,32911424,28717120,4194304,23735552,16252864,16236480
2026-05-13T15:29:25+01:00,server,306731037,7817,1315643,1322846778,6727,0,68522,0,32911424,28714560,4196864,23732992,16252864,16236480
2026-05-13T15:29:26+01:00,server,306733462,7817,1315651,1322849244,6727,0,68522,0,32911424,28719360,4192064,23737728,16252864,16236480
2026-05-13T15:29:27+01:00,server,306735916,7817,1315660,1322851702,6727,0,68522,0,32911424,28716608,4194816,23734976,16252864,16236480
2026-05-13T15:29:28+01:00,server,306738384,7817,1315681,1322854160,6727,0,68522,0,32911424,28719168,4192256,23737536,16252864,16236480
2026-05-13T15:29:29+01:00,server,306740834,7817,1315695,1322856616,6727,0,68523,0,32911424,28717824,4193600,23736192,16252864,16236480
2026-05-13T15:29:30+01:00,server,306743256,7817,1315713,1322859076,6727,0,68524,0,32911424,28715648,4195776,23734016,16252864,16236480
2026-05-13T15:29:31+01:00,server,306745729,7817,1315727,1322861534,6727,0,68524,0,32911424,28717696,4193728,23736064,16252864,16236480
2026-05-13T15:29:32+01:00,server,306748175,7817,1315747,1322864001,6727,0,68524,0,32911424,28719232,4192192,23737600,16252864,16236480
2026-05-13T15:29:34+01:00,server,306750649,7817,1315758,1322866459,6727,0,68525,0,32911424,28718656,4192768,23737024,16252864,16236480
2026-05-13T15:29:35+01:00,server,306753076,7817,1315769,1322868917,6727,0,68526,0,32911424,28720064,4191360,23738432,16252864,16236480
2026-05-13T15:29:36+01:00,server,306755552,7817,1315782,1322871377,6727,0,68527,0,32911424,28714944,4196480,23733312,16252864,16236480
2026-05-13T15:29:37+01:00,server,306758056,7817,1315804,1322873813,6727,0,68527,0,32911424,28718400,4193024,23736768,16252864,16236480
2026-05-13T15:29:38+01:00,server,306760506,7817,1315813,1322876273,6727,0,68527,0,32911424,28717056,4194368,23735424,16252864,16236480
2026-05-13T15:29:39+01:00,server,306762889,7817,1315821,1322878745,6727,0,68528,0,32911424,28713280,4198144,23731648,16252864,16236480
2026-05-13T15:29:40+01:00,server,306765360,7817,1315840,1322881208,6727,0,68528,0,32911424,28712128,4199296,23730496,16252864,16236480
2026-05-13T15:29:41+01:00,server,306767836,7817,1315851,1322883668,6727,0,68528,0,32911424,28713664,4197760,23732032,16252864,16236480
2026-05-13T15:29:42+01:00,server,306770282,7817,1315866,1322886130,6727,0,68528,0,32911424,28714112,4197312,23732416,16252864,16236480
2026-05-13T15:29:43+01:00,server,306772753,7817,1315877,1322888593,6727,0,68529,0,32911424,28711552,4199872,23729792,16252864,16236480
2026-05-13T15:29:44+01:00,server,306775226,7817,1315891,1322891052,6727,0,68530,0,32911424,28712512,4198912,23730752,16252864,16236480
2026-05-13T15:29:45+01:00,server,306777701,7817,1315904,1322893513,6727,0,68531,0,32911424,28710208,4201216,23728448,16252864,16236480
2026-05-13T15:29:46+01:00,server,306780151,7817,1315916,1322895970,6727,0,68532,0,32911424,28709248,4202176,23727488,16252864,16236480
2026-05-13T15:29:47+01:00,server,306782580,7817,1315932,1322898428,6727,0,68532,0,32911424,28709824,4201600,23728064,16252864,16236480
2026-05-13T15:29:48+01:00,server,306785031,7817,1315942,1322900887,6727,0,68532,0,32911424,28711360,4200064,23729600,16252864,16236480
2026-05-13T15:29:49+01:00,server,306787260,7817,1315959,1322903575,6727,0,68532,0,32911424,28614016,4297408,23632128,16252864,16236480
2026-05-13T15:29:50+01:00,server,306789603,7817,1315995,1322906121,6727,0,68532,0,32911424,28612480,4298944,23630592,16252864,16236480
2026-05-13T15:29:51+01:00,server,306791985,7817,1316016,1322908672,6727,0,68533,0,32911424,28616768,4294656,23634880,16252864,16236480
2026-05-13T15:29:52+01:00,server,306794347,7817,1316040,1322911190,6727,0,68533,0,32911424,28611968,4299456,23630016,16252864,16236480
2026-05-13T15:29:53+01:00,server,306796647,7817,1316069,1322913728,6727,0,68534,0,32911424,28608960,4302464,23627008,16252864,16236480
2026-05-13T15:29:54+01:00,server,306798967,7817,1316108,1322916265,6727,0,68534,0,32911424,28615360,4296064,23633408,16252864,16236480
2026-05-13T15:29:55+01:00,server,306801301,7817,1316127,1322918804,6727,0,68534,0,32911424,28615616,4295808,23633664,16252864,16236480
2026-05-13T15:29:56+01:00,server,306803715,7817,1316143,1322921341,6727,0,68534,0,32911424,28623552,4287872,23641600,16252864,16236480
2026-05-13T15:29:57+01:00,server,306806097,7817,1316187,1322923887,6727,0,68534,0,32911424,28619008,4292416,23637056,16252864,16236480
2026-05-13T15:29:58+01:00,server,306808527,7817,1316201,1322926371,6727,0,68534,0,32911424,28639808,4271616,23657856,16252864,16236480
2026-05-13T15:29:59+01:00,server,306810978,7817,1316217,1322928830,6727,0,68535,0,32911424,28641920,4269504,23659968,16252864,16236480
2026-05-13T15:30:00+01:00,server,306813407,7817,1316237,1322931287,6727,0,68535,0,32911424,28639936,4271488,23657984,16252864,16236480
2026-05-13T15:30:01+01:00,server,306815859,7817,1316254,1322933741,6727,0,68535,0,32911424,28623744,4287680,23641600,16252864,16236480
2026-05-13T15:30:02+01:00,server,306818333,7817,1316267,1322936201,6727,0,68536,0,32911424,28628544,4282880,23646400,16252864,16236480
2026-05-13T15:30:03+01:00,server,306820755,7817,1316277,1322938668,6727,0,68536,0,32911424,28629696,4281728,23647552,16252864,16236480
2026-05-13T15:30:04+01:00,server,306823227,7817,1316286,1322941136,6727,0,68537,0,32911424,28631616,4279808,23649472,16252864,16236480
2026-05-13T15:30:05+01:00,server,306825653,7817,1316302,1322943595,6727,0,68537,0,32911424,28629696,4281728,23647552,16252864,16236480
2026-05-13T15:30:06+01:00,server,306828151,7817,1316320,1322946029,6727,0,68538,0,32911424,28629504,4281920,23647360,16252864,16236480
2026-05-13T15:30:07+01:00,server,306830599,7817,1316336,1322948487,6727,0,68539,0,32911424,28629376,4282048,23647104,16252864,16236480
2026-05-13T15:30:08+01:00,server,306833070,7817,1316352,1322950946,6727,0,68539,0,32911424,28622848,4288576,23640576,16252864,16236480
2026-05-13T15:30:09+01:00,server,306835520,7817,1316363,1322953404,6727,0,68539,0,32911424,28623168,4288256,23640896,16252864,16236480
2026-05-13T15:30:10+01:00,server,306837993,7817,1316376,1322955864,6727,0,68539,0,32911424,28621056,4290368,23638784,16252864,16236480
2026-05-13T15:30:11+01:00,server,306840465,7817,1316392,1322958322,6727,0,68539,0,32911424,28623360,4288064,23641088,16252864,16236480
2026-05-13T15:30:13+01:00,server,306842914,7817,1316406,1322960783,6727,0,68539,0,32911424,28622208,4289216,23639936,16252864,16236480
2026-05-13T15:30:14+01:00,server,306845245,7817,1316427,1322963243,6727,0,68539,0,32911424,28620096,4291328,23637824,16252864,16236480
2026-05-13T15:30:15+01:00,server,306847693,7817,1316444,1322965702,6727,0,68539,0,32911424,28624320,4287104,23642048,16252864,16236480
2026-05-13T15:30:16+01:00,server,306850142,7817,1316452,1322968167,6727,0,68539,0,32911424,28623680,4287744,23641408,16252864,16236480
2026-05-13T15:30:17+01:00,server,306852615,7817,1316461,1322970631,6727,0,68539,0,32911424,28623552,4287872,23641280,16252864,16236480
2026-05-13T15:30:18+01:00,server,306855018,7817,1316478,1322973090,6727,0,68539,0,32911424,28624512,4286912,23642240,16252864,16236480
2026-05-13T15:30:19+01:00,server,306857471,7817,1316489,1322975554,6727,0,68539,0,32911424,28626240,4285184,23643968,16252864,16236480
2026-05-13T15:30:20+01:00,server,306859921,7817,1316503,1322978013,6727,0,68539,0,32911424,28622976,4288448,23640704,16252864,16236480
2026-05-13T15:30:21+01:00,server,306862348,7817,1316516,1322980469,6727,0,68539,0,32911424,28623168,4288256,23640896,16252864,16236480
2026-05-13T15:30:22+01:00,server,306864867,7817,1316532,1322982903,6727,0,68540,0,32911424,28626880,4284544,23644608,16252864,16236480
2026-05-13T15:30:23+01:00,server,306867336,7817,1316551,1322985363,6727,0,68540,0,32911424,28627904,4283520,23645632,16252864,16236480
2026-05-13T15:30:24+01:00,server,306869762,7817,1316564,1322987820,6727,0,68541,0,32911424,28627200,4284224,23644928,16252864,16236480
2026-05-13T15:30:25+01:00,server,306872236,7817,1316577,1322990279,6727,0,68541,0,32911424,28625664,4285760,23643392,16252864,16236480
2026-05-13T15:30:26+01:00,server,306874661,7817,1316592,1322992738,6727,0,68541,0,32911424,28625856,4285568,23643584,16252864,16236480
2026-05-13T15:30:27+01:00,server,306877107,7817,1316609,1322995194,6727,0,68542,0,32911424,28625088,4286336,23642816,16252864,16236480
2026-05-13T15:30:28+01:00,server,306879576,7817,1316623,1322997660,6727,0,68542,0,32911424,28623168,4288256,23640896,16252864,16236480
2026-05-13T15:30:29+01:00,server,306882020,7817,1316635,1323000126,6727,0,68542,0,32911424,28619264,4292160,23636928,16252864,16236480
2026-05-13T15:30:30+01:00,server,306884471,7817,1316647,1323002586,6727,0,68543,0,32911424,28620992,4290432,23638656,16252864,16236480
2026-05-13T15:30:31+01:00,server,306886938,7817,1316664,1323005045,6727,0,68544,0,32911424,28617344,4294080,23635008,16252864,16236480
2026-05-13T15:30:32+01:00,server,306889387,7817,1316677,1323007503,6727,0,68544,0,32911424,28619840,4291584,23637504,16252864,16236480
2026-05-13T15:30:33+01:00,server,306891861,7817,1316691,1323009962,6727,0,68544,0,32911424,28621632,4289792,23639232,16252864,16236480
2026-05-13T15:30:34+01:00,server,306894338,7817,1316702,1323012421,6727,0,68544,0,32911424,28621440,4289984,23639040,16252864,16236480
2026-05-13T15:30:35+01:00,server,306896783,7817,1316720,1323014879,6727,0,68544,0,32911424,28623360,4288064,23640960,16252864,16236480
2026-05-13T15:30:36+01:00,server,306899233,7817,1316732,1323017338,6727,0,68544,0,32911424,28619008,4292416,23636608,16252864,16236480
2026-05-13T15:30:37+01:00,server,306901721,7817,1316754,1323019770,6727,0,68544,0,32911424,28621120,4290304,23638720,16252864,16236480
2026-05-13T15:30:38+01:00,server,306904169,7817,1316772,1323022233,6727,0,68544,0,32911424,28617280,4294144,23634880,16252864,16236480
2026-05-13T15:30:39+01:00,server,306906644,7817,1316784,1323024692,6727,0,68544,0,32911424,28620736,4290688,23638336,16252864,16236480
2026-05-13T15:30:40+01:00,server,306909122,7817,1316790,1323027154,6727,0,68545,0,32911424,28616896,4294528,23634496,16252864,16236480
2026-05-13T15:30:41+01:00,server,306911548,7817,1316793,1323029624,6727,0,68547,0,32911424,28621248,4290176,23638848,16252864,16236480
2026-05-13T15:30:42+01:00,server,306914020,7817,1316809,1323032084,6727,0,68547,0,32911424,28616448,4294976,23634048,16252864,16236480
2026-05-13T15:30:43+01:00,server,306916471,7817,1316824,1323034543,6727,0,68547,0,32911424,28616064,4295360,23633664,16252864,16236480
2026-05-13T15:30:44+01:00,server,306918875,7817,1316839,1323037001,6727,0,68547,0,32911424,28615680,4295744,23633280,16252864,16236480
2026-05-13T15:30:45+01:00,server,306921326,7817,1316854,1323039460,6727,0,68547,0,32911424,28620864,4290560,23638464,16252864,16236480
2026-05-13T15:30:46+01:00,server,306923733,7817,1316867,1323041916,6727,0,68548,0,32911424,28620096,4291328,23637696,16252864,16236480
2026-05-13T15:30:47+01:00,server,306926208,7817,1316878,1323044376,6727,0,68548,0,32911424,28621504,4289920,23639104,16252864,16236480
2026-05-13T15:30:48+01:00,server,306928683,7817,1316888,1323046836,6727,0,68549,0,32911424,28620160,4291264,23637760,16252864,16236480
2026-05-13T15:30:49+01:00,server,306931157,7817,1316902,1323049296,6727,0,68550,0,32911424,28619264,4292160,23636864,16252864,16236480
2026-05-13T15:30:51+01:00,server,306933584,7817,1316916,1323051756,6727,0,68550,0,32911424,28618880,4292544,23636480,16252864,16236480
2026-05-13T15:30:52+01:00,server,306936062,7817,1316944,1323054187,6727,0,68550,0,32911424,28623808,4287616,23641408,16252864,16236480
2026-05-13T15:30:53+01:00,server,306938536,7817,1316956,1323056654,6727,0,68550,0,32911424,28619584,4291840,23637184,16252864,16236480
2026-05-13T15:30:54+01:00,server,306940982,7817,1316961,1323059120,6727,0,68550,0,32911424,28621376,4290048,23638976,16252864,16236480
2026-05-13T15:30:55+01:00,server,306943429,7817,1316978,1323061579,6727,0,68550,0,32911424,28623296,4288128,23640896,16252864,16236480
2026-05-13T15:30:56+01:00,server,306945879,7817,1316990,1323064038,6727,0,68550,0,32911424,28621952,4289472,23639552,16252864,16236480
2026-05-13T15:30:57+01:00,server,306948332,7817,1317001,1323066494,6727,0,68550,0,32911424,28623232,4288192,23640832,16252864,16236480
2026-05-13T15:30:58+01:00,server,306950808,7817,1317012,1323068951,6727,0,68551,0,32911424,28623104,4288320,23640704,16252864,16236480
2026-05-13T15:30:59+01:00,server,306953259,7817,1317021,1323071411,6727,0,68551,0,32911424,28624512,4286912,23642048,16252864,16236480
2026-05-13T15:31:00+01:00,server,306955733,7817,1317031,1323073867,6727,0,68551,0,32911424,28626048,4285376,23643584,16252864,16236480
2026-05-13T15:31:01+01:00,server,306958183,7817,1317042,1323076323,6727,0,68551,0,32911424,28625408,4286016,23642944,16252864,16236480
2026-05-13T15:31:02+01:00,server,306960658,7817,1317053,1323078782,6727,0,68551,0,32911424,28625664,4285760,23643136,16252864,16236480
2026-05-13T15:31:03+01:00,server,306963129,7817,1317069,1323081239,6727,0,68552,0,32911424,28625472,4285952,23642944,16252864,16236480
2026-05-13T15:31:04+01:00,server,306965583,7817,1317077,1323083697,6727,0,68553,0,32911424,28630080,4281344,23647552,16252864,16236480
2026-05-13T15:31:05+01:00,server,306968058,7817,1317091,1323086157,6727,0,68553,0,32911424,28624000,4287424,23641472,16252864,16236480
2026-05-13T15:31:06+01:00,server,306970531,7817,1317096,1323088625,6727,0,68553,0,32911424,28626496,4284928,23643968,16252864,16236480
2026-05-13T15:31:07+01:00,server,306972826,7817,1317110,1323091288,6727,0,68553,0,32911424,28532928,4378496,23550336,16252864,16236480
2026-05-13T15:31:08+01:00,server,306975199,7817,1317136,1323093822,6727,0,68553,0,32911424,28532160,4379264,23549568,16252864,16236480
2026-05-13T15:31:09+01:00,server,306977627,7817,1317149,1323096366,6727,0,68553,0,32911424,28529920,4381504,23547328,16252864,16236480
2026-05-13T15:31:10+01:00,server,306979953,7817,1317180,1323098896,6728,0,68553,0,32911424,28531456,4379968,23548864,16252864,16236480
2026-05-13T15:31:11+01:00,server,306982340,7817,1317201,1323101434,6728,0,68553,0,32911424,28529792,4381632,23545792,16252864,16236480
2026-05-13T15:31:12+01:00,server,306984757,7817,1317232,1323103964,6728,0,68553,0,32911424,28530944,4380480,23545792,16252864,16236480
2026-05-13T15:31:13+01:00,server,306987122,7817,1317269,1323106514,6728,0,68555,0,32911424,28530432,4380992,23545216,16252864,16236480
2026-05-13T15:31:14+01:00,server,306989478,7817,1317294,1323109054,6728,0,68555,0,32911424,28527552,4383872,23542336,16252864,16236480
2026-05-13T15:31:15+01:00,server,306991828,7817,1317315,1323111603,6728,0,68555,0,32911424,28530176,4381248,23544960,16252864,16236480
2026-05-13T15:31:16+01:00,server,306994256,7817,1317327,1323114093,6728,0,68556,0,32911424,28539264,4372160,23554048,16252864,16236480
2026-05-13T15:31:17+01:00,server,306996705,7817,1317340,1323116552,6728,0,68559,0,32911424,28537536,4373888,23552320,16252864,16236480
2026-05-13T15:31:18+01:00,server,306999155,7817,1317350,1323119018,6728,0,68559,0,32911424,28540608,4370816,23555328,16252864,16236480
2026-05-13T15:31:19+01:00,server,307001605,7817,1317355,1323121484,6728,0,68560,0,32911424,28539264,4372160,23553984,16252864,16236480
2026-05-13T15:31:20+01:00,server,307004029,7817,1317374,1323123944,6728,0,68560,0,32911424,28537408,4374016,23552128,16252864,16236480
2026-05-13T15:31:21+01:00,server,307006505,7817,1317386,1323126403,6728,0,68560,0,32911424,28543360,4368064,23558080,16252864,16236480
2026-05-13T15:31:22+01:00,server,307008977,7817,1317403,1323128837,6728,0,68560,0,32911424,28544576,4366848,23559232,16252864,16236480
2026-05-13T15:31:23+01:00,server,307011405,7817,1317415,1323131298,6728,0,68560,0,32911424,28545920,4365504,23560576,16252864,16236480
2026-05-13T15:31:24+01:00,server,307013788,7817,1317430,1323133760,6728,0,68561,0,32911424,28545984,4365440,23560640,16252864,16236480
2026-05-13T15:31:25+01:00,server,307016234,7817,1317447,1323136221,6728,0,68561,0,32911424,28542784,4368640,23557440,16252864,16236480
2026-05-13T15:31:26+01:00,server,307018708,7817,1317460,1323138682,6728,0,68561,0,32911424,28543552,4367872,23558208,16252864,16236480
2026-05-13T15:31:27+01:00,server,307021180,7817,1317477,1323141142,6728,0,68561,0,32911424,28541888,4369536,23556544,16252864,16236480
2026-05-13T15:31:28+01:00,server,307023633,7817,1317487,1323143602,6728,0,68561,0,32911424,28542272,4369152,23556928,16252864,16236480
2026-05-13T15:31:30+01:00,server,307026088,7817,1317498,1323146060,6728,0,68561,0,32911424,28543424,4368000,23558080,16252864,16236480
2026-05-13T15:31:31+01:00,server,307028556,7817,1317513,1323148526,6728,0,68561,0,32911424,28540928,4370496,23555584,16252864,16236480
2026-05-13T15:31:32+01:00,server,307031002,7817,1317519,1323150995,6728,0,68562,0,32911424,28544064,4367360,23558720,16252864,16236480
2026-05-13T15:31:33+01:00,server,307033471,7817,1317536,1323153453,6728,0,68563,0,32911424,28544512,4366912,23559168,16252864,16236480
2026-05-13T15:31:34+01:00,server,307035895,7817,1317550,1323155912,6728,0,68564,0,32911424,28546432,4364992,23561088,16252864,16236480
2026-05-13T15:31:35+01:00,server,307038369,7817,1317563,1323158372,6728,0,68565,0,32911424,28548480,4362944,23563136,16252864,16236480
2026-05-13T15:31:36+01:00,server,307040820,7817,1317579,1323160836,6728,0,68565,0,32911424,28545792,4365632,23560448,16252864,16236480
2026-05-13T15:31:37+01:00,server,307043276,7817,1317595,1323163272,6728,0,68565,0,32911424,28546944,4364480,23561536,16252864,16236480
2026-05-13T15:31:38+01:00,server,307045751,7817,1317606,1323165728,6728,0,68565,0,32911424,28546176,4365248,23560768,16252864,16236480
2026-05-13T15:31:39+01:00,server,307048204,7817,1317619,1323168188,6728,0,68565,0,32911424,28546880,4364544,23561472,16252864,16236480
2026-05-13T15:31:40+01:00,server,307050653,7817,1317630,1323170646,6728,0,68566,0,32911424,28550272,4361152,23564864,16252864,16236480
2026-05-13T15:31:41+01:00,server,307053098,7817,1317650,1323173108,6728,0,68566,0,32911424,28550848,4360576,23565440,16252864,16236480
2026-05-13T15:31:42+01:00,server,307055571,7817,1317666,1323175570,6728,0,68566,0,32911424,28548544,4362880,23563136,16252864,16236480
2026-05-13T15:31:43+01:00,server,307058020,7817,1317676,1323178032,6728,0,68566,0,32911424,28550464,4360960,23565056,16252864,16236480
2026-05-13T15:31:44+01:00,server,307060467,7817,1317682,1323180503,6728,0,68566,0,32911424,28545152,4366272,23559680,16252864,16236480
2026-05-13T15:31:45+01:00,server,307062937,7817,1317700,1323182964,6728,0,68566,0,32911424,28546304,4365120,23560832,16252864,16236480
2026-05-13T15:31:46+01:00,server,307065387,7817,1317714,1323185423,6728,0,68566,0,32911424,28545344,4366080,23559872,16252864,16236480
2026-05-13T15:31:47+01:00,server,307067864,7817,1317723,1323187883,6728,0,68566,0,32911424,28545728,4365696,23560256,16252864,16236480
2026-05-13T15:31:48+01:00,server,307070341,7817,1317733,1323190341,6728,0,68566,0,32911424,28545536,4365888,23560064,16252864,16236480
2026-05-13T15:31:49+01:00,server,307072772,7817,1317743,1323192795,6728,0,68566,0,32911424,28546112,4365312,23560640,16252864,16236480
2026-05-13T15:31:50+01:00,server,307075215,7817,1317761,1323195255,6728,0,68567,0,32911424,28547456,4363968,23561984,16252864,16236480
2026-05-13T15:31:51+01:00,server,307077683,7817,1317779,1323197716,6728,0,68567,0,32911424,28548224,4363200,23562752,16252864,16236480
2026-05-13T15:31:52+01:00,server,307080260,7817,1317797,1323200247,6728,0,68568,0,32911424,28547840,4363584,23562304,16252864,16236480
2026-05-13T15:31:53+01:00,server,307082688,7817,1317809,1323202708,6728,0,68568,0,32911424,28545920,4365504,23560384,16252864,16236480
2026-05-13T15:31:54+01:00,server,307085136,7817,1317825,1323205168,6728,0,68569,0,32911424,28546688,4364736,23561152,16252864,16236480
2026-05-13T15:31:55+01:00,server,307087585,7817,1317841,1323207629,6728,0,68569,0,32911424,28548032,4363392,23562496,16252864,16236480
2026-05-13T15:31:56+01:00,server,307090010,7817,1317850,1323210094,6728,0,68569,0,32911424,28547008,4364416,23561472,16252864,16236480
2026-05-13T15:31:57+01:00,server,307092458,7817,1317859,1323212560,6728,0,68570,0,32911424,28547712,4363712,23562176,16252864,16236480
2026-05-13T15:31:58+01:00,server,307094887,7817,1317868,1323215018,6728,0,68571,0,32911424,28548416,4363008,23562880,16252864,16236480
2026-05-13T15:31:59+01:00,server,307097358,7817,1317880,1323217478,6728,0,68573,0,32911424,28550464,4360960,23564928,16252864,16236480
2026-05-13T15:32:00+01:00,server,307099810,7817,1317891,1323219935,6728,0,68573,0,32911424,28549312,4362112,23563776,16252864,16236480
2026-05-13T15:32:01+01:00,server,307102246,7817,1317909,1323222398,6728,0,68574,0,32911424,28545920,4365504,23560384,16252864,16236480
2026-05-13T15:32:02+01:00,server,307104673,7817,1317941,1323224857,6728,0,68574,0,32911424,28547264,4364160,23561728,16252864,16236480
2026-05-13T15:32:03+01:00,server,307107147,7817,1317954,1323227319,6728,0,68574,0,32911424,28549568,4361856,23564032,16252864,16236480
2026-05-13T15:32:04+01:00,server,307109598,7817,1317971,1323229780,6728,0,68574,0,32911424,28548032,4363392,23562496,16252864,16236480
2026-05-13T15:32:05+01:00,server,307112040,7817,1317990,1323232240,6728,0,68575,0,32911424,28548992,4362432,23563456,16252864,16236480
2026-05-13T15:32:07+01:00,server,307114532,7817,1318020,1323234676,6728,0,68575,0,32911424,28545280,4366144,23559680,16252864,16236480
2026-05-13T15:32:08+01:00,server,307117005,7817,1318032,1323237135,6728,0,68575,0,32911424,28544320,4367104,23558720,16252864,16236480
2026-05-13T15:32:09+01:00,server,307119407,7817,1318041,1323239601,6728,0,68576,0,32911424,28542016,4369408,23556416,16252864,16236480
2026-05-13T15:32:10+01:00,server,307121881,7817,1318047,1323242068,6728,0,68576,0,32911424,28544768,4366656,23559168,16252864,16236480
2026-05-13T15:32:11+01:00,server,307124355,7817,1318062,1323244534,6728,0,68576,0,32911424,28543680,4367744,23558080,16252864,16236480
2026-05-13T15:32:12+01:00,server,307126782,7817,1318075,1323246994,6728,0,68576,0,32911424,28544064,4367360,23558464,16252864,16236480
2026-05-13T15:32:13+01:00,server,307129254,7817,1318083,1323249453,6729,0,68579,0,32911424,28545600,4365824,23560000,16252864,16236480
2026-05-13T15:32:14+01:00,server,307131727,7817,1318095,1323251913,6729,0,68580,0,32911424,28547008,4364416,23561408,16252864,16236480
2026-05-13T15:32:15+01:00,server,307134174,7817,1318109,1323254371,6729,0,68581,0,32911424,28545536,4365888,23559936,16252864,16236480
2026-05-13T15:32:16+01:00,server,307136645,7817,1318125,1323256830,6729,0,68581,0,32911424,28546816,4364608,23561216,16252864,16236480
2026-05-13T15:32:17+01:00,server,307139116,7817,1318140,1323259290,6729,0,68582,0,32911424,28547264,4364160,23561600,16252864,16236480
2026-05-13T15:32:18+01:00,server,307141569,7817,1318149,1323261749,6729,0,68582,0,32911424,28547456,4363968,23561792,16252864,16236480
2026-05-13T15:32:19+01:00,server,307144046,7817,1318160,1323264208,6729,0,68582,0,32911424,28545280,4366144,23559616,16252864,16236480
2026-05-13T15:32:20+01:00,server,307146521,7817,1318174,1323266669,6729,0,68582,0,32911424,28546816,4364608,23561152,16252864,16236480
2026-05-13T15:32:21+01:00,server,307148964,7817,1318190,1323269133,6729,0,68582,0,32911424,28547776,4363648,23562112,16252864,16236480
2026-05-13T15:32:22+01:00,server,307151408,7817,1318199,1323271572,6729,0,68582,0,32911424,28549056,4362368,23563392,16252864,16236480
2026-05-13T15:32:23+01:00,server,307153881,7817,1318211,1323274033,6729,0,68583,0,32911424,28549056,4362368,23563392,16252864,16236480
2026-05-13T15:32:24+01:00,server,307156358,7817,1318221,1323276493,6729,0,68583,0,32911424,28551168,4360256,23565504,16252864,16236480
2026-05-13T15:32:25+01:00,server,307158561,7817,1318254,1323279161,6729,0,68583,0,32911424,28459008,4452416,23473344,16252864,16236480
2026-05-13T15:32:26+01:00,server,307160957,7817,1318286,1323281710,6729,0,68583,0,32911424,28452032,4459392,23466368,16252864,16236480
2026-05-13T15:32:27+01:00,server,307163343,7817,1318299,1323284245,6729,0,68583,0,32911424,28454080,4457344,23468416,16252864,16236480
2026-05-13T15:32:28+01:00,server,307165585,7817,1318348,1323286791,6729,0,68583,0,32911424,28454144,4457280,23468480,16252864,16236480
2026-05-13T15:32:29+01:00,server,307167926,7817,1318367,1323289326,6729,0,68583,0,32911424,28457216,4454208,23471552,16252864,16236480
2026-05-13T15:32:30+01:00,server,307170241,7817,1318437,1323291813,6729,0,68584,0,32911424,28435520,4475904,23449856,16252864,16236480
2026-05-13T15:32:31+01:00,server,307172658,7817,1318463,1323294247,6729,0,68585,0,32911424,28442304,4469120,23456576,16252864,16236480
2026-05-13T15:32:32+01:00,server,307175052,7817,1318493,1323296754,6729,0,68585,0,32911424,28449728,4461696,23463936,16252864,16236480
2026-05-13T15:32:33+01:00,server,307177425,7817,1318511,1323299290,6729,0,68585,0,32911424,28448832,4462592,23463040,16252864,16236480
2026-05-13T15:32:34+01:00,server,307179828,7817,1318521,1323301802,6729,0,68585,0,32911424,28464064,4447360,23478272,16252864,16236480
2026-05-13T15:32:35+01:00,server,307182278,7817,1318534,1323304281,6729,0,68586,0,32911424,28462400,4449024,23476608,16252864,16236480
2026-05-13T15:32:36+01:00,server,307184750,7817,1318551,1323306739,6729,0,68586,0,32911424,28462848,4448576,23477056,16252864,16236480
2026-05-13T15:32:37+01:00,server,307187249,7817,1318584,1323309168,6729,0,68586,0,32911424,28464768,4446656,23478976,16252864,16236480
2026-05-13T15:32:38+01:00,server,307189696,7817,1318595,1323311626,6729,0,68587,0,32911424,28467328,4444096,23481536,16252864,16236480
2026-05-13T15:32:39+01:00,server,307192169,7817,1318610,1323314086,6729,0,68588,0,32911424,28464768,4446656,23478912,16252864,16236480
2026-05-13T15:32:40+01:00,server,307194616,7817,1318635,1323316544,6729,0,68590,0,32911424,28464064,4447360,23478208,16252864,16236480
2026-05-13T15:32:41+01:00,server,307197021,7817,1318650,1323319001,6729,0,68590,0,32911424,28463872,4447552,23478016,16252864,16236480
2026-05-13T15:32:42+01:00,server,307199492,7817,1318667,1323321458,6729,0,68591,0,32911424,28465152,4446272,23479296,16252864,16236480
2026-05-13T15:32:43+01:00,server,307201921,7817,1318683,1323323915,6729,0,68591,0,32911424,28462656,4448768,23476800,16252864,16236480
2026-05-13T15:32:44+01:00,server,307204357,7817,1318696,1323326372,6729,0,68591,0,32911424,28465728,4445696,23479872,16252864,16236480
2026-05-13T15:32:46+01:00,server,307206813,7817,1318711,1323328829,6729,0,68592,0,32911424,28463616,4447808,23477760,16252864,16236480
2026-05-13T15:32:47+01:00,server,307209106,7817,1318718,1323331294,6729,0,68592,0,32911424,28462144,4449280,23476288,16252864,16236480
2026-05-13T15:32:48+01:00,server,307211581,7817,1318730,1323333755,6729,0,68592,0,32911424,28465024,4446400,23479168,16252864,16236480
2026-05-13T15:32:49+01:00,server,307214052,7817,1318751,1323336213,6729,0,68592,0,32911424,28465600,4445824,23479744,16252864,16236480
2026-05-13T15:32:50+01:00,server,307216502,7817,1318766,1323338671,6729,0,68592,0,32911424,28465216,4446208,23479360,16252864,16236480
2026-05-13T15:32:51+01:00,server,307218974,7817,1318779,1323341128,6729,0,68594,0,32911424,28464704,4446720,23478848,16252864,16236480
2026-05-13T15:32:52+01:00,server,307221468,7817,1318799,1323343557,6729,0,68595,0,32911424,28465920,4445504,23480064,16252864,16236480
2026-05-13T15:32:53+01:00,server,307223893,7817,1318811,1323346015,6729,0,68595,0,32911424,28461696,4449728,23475840,16252864,16236480
2026-05-13T15:32:54+01:00,server,307226342,7817,1318829,1323348472,6729,0,68595,0,32911424,28459712,4451712,23473920,16252864,16236480
2026-05-13T15:32:55+01:00,server,307228816,7817,1318846,1323350933,6729,0,68595,0,32911424,28458176,4453248,23472384,16252864,16236480
2026-05-13T15:32:56+01:00,server,307231270,7817,1318855,1323353390,6729,0,68595,0,32911424,28460672,4450752,23474880,16252864,16236480
2026-05-13T15:32:57+01:00,server,307233723,7817,1318867,1323355847,6729,0,68595,0,32911424,28457408,4454016,23471552,16252864,16236480
2026-05-13T15:32:58+01:00,server,307236161,7817,1318888,1323358305,6729,0,68595,0,32911424,28454144,4457280,23468288,16252864,16236480
2026-05-13T15:32:59+01:00,server,307238633,7817,1318896,1323360770,6729,0,68596,0,32911424,28456448,4454976,23470592,16252864,16236480
2026-05-13T15:33:00+01:00,server,307241084,7817,1318906,1323363229,6729,0,68598,0,32911424,28457280,4454144,23471424,16252864,16236480
2026-05-13T15:33:01+01:00,server,307243529,7817,1318925,1323365689,6729,0,68598,0,32911424,28457408,4454016,23471552,16252864,16236480
2026-05-13T15:33:02+01:00,server,307246005,7817,1318939,1323368146,6729,0,68598,0,32911424,28459712,4451712,23473856,16252864,16236480
2026-05-13T15:33:03+01:00,server,307248481,7817,1318955,1323370603,6729,0,68598,0,32911424,28458688,4452736,23472832,16252864,16236480
2026-05-13T15:33:04+01:00,server,307250933,7817,1318964,1323373061,6729,0,68600,0,32911424,28457728,4453696,23471872,16252864,16236480
2026-05-13T15:33:05+01:00,server,307253408,7817,1318977,1323375517,6729,0,68600,0,32911424,28456768,4454656,23470912,16252864,16236480
2026-05-13T15:33:06+01:00,server,307255878,7817,1319000,1323377975,6729,0,68600,0,32911424,28459840,4451584,23473984,16252864,16236480
2026-05-13T15:33:07+01:00,server,307258285,7817,1319038,1323380408,6729,0,68600,0,32911424,28460544,4450880,23474688,16252864,16236480
2026-05-13T15:33:08+01:00,server,307260760,7817,1319051,1323382866,6729,0,68600,0,32911424,28460928,4450496,23475072,16252864,16236480
2026-05-13T15:33:09+01:00,server,307263210,7817,1319067,1323385326,6729,0,68600,0,32911424,28456512,4454912,23470656,16252864,16236480
2026-05-13T15:33:10+01:00,server,307265656,7817,1319078,1323387784,6729,0,68602,0,32911424,28460608,4450816,23474752,16252864,16236480
2026-05-13T15:33:11+01:00,server,307268106,7817,1319086,1323390250,6729,0,68602,0,32911424,28460608,4450816,23474752,16252864,16236480
2026-05-13T15:33:12+01:00,server,307270528,7817,1319096,1323392715,6729,0,68603,0,32911424,28461376,4450048,23475520,16252864,16236480
2026-05-13T15:33:13+01:00,server,307272980,7817,1319109,1323395177,6729,0,68603,0,32911424,28463296,4448128,23477440,16252864,16236480
2026-05-13T15:33:14+01:00,server,307275448,7817,1319126,1323397637,6729,0,68604,0,32911424,28460992,4450432,23475136,16252864,16236480
2026-05-13T15:33:15+01:00,server,307277898,7817,1319139,1323400096,6729,0,68604,0,32911424,28461568,4449856,23475712,16252864,16236480
2026-05-13T15:33:16+01:00,server,307280345,7817,1319154,1323402555,6729,0,68606,0,32911424,28461760,4449664,23475904,16252864,16236480
2026-05-13T15:33:17+01:00,server,307282816,7817,1319171,1323405014,6729,0,68606,0,32911424,28462144,4449280,23476160,16252864,16236480
2026-05-13T15:33:18+01:00,server,307285241,7817,1319185,1323407474,6729,0,68606,0,32911424,28461952,4449472,23475968,16252864,16236480
2026-05-13T15:33:19+01:00,server,307287693,7817,1319198,1323409930,6729,0,68606,0,32911424,28462016,4449408,23476032,16252864,16236480
2026-05-13T15:33:20+01:00,server,307290121,7817,1319212,1323412389,6729,0,68607,0,32911424,28462016,4449408,23476032,16252864,16236480
2026-05-13T15:33:21+01:00,server,307292589,7817,1319229,1323414820,6729,0,68608,0,32911424,28463232,4448192,23477184,16252864,16236480
2026-05-13T15:33:22+01:00,server,307295043,7817,1319239,1323417280,6729,0,68609,0,32911424,28461696,4449728,23475648,16252864,16236480
2026-05-13T15:33:23+01:00,server,307297489,7817,1319253,1323419743,6729,0,68609,0,32911424,28460928,4450496,23474880,16252864,16236480
2026-05-13T15:33:25+01:00,server,307299931,7817,1319266,1323422209,6729,0,68609,0,32911424,28460032,4451392,23473984,16252864,16236480
2026-05-13T15:33:26+01:00,server,307302402,7817,1319280,1323424668,6729,0,68610,0,32911424,28459648,4451776,23473600,16252864,16236480
2026-05-13T15:33:27+01:00,server,307304832,7817,1319299,1323427128,6729,0,68610,0,32911424,28460416,4451008,23474368,16252864,16236480
2026-05-13T15:33:28+01:00,server,307307211,7817,1319312,1323429586,6729,0,68612,0,32911424,28461248,4450176,23475136,16252864,16236480
2026-05-13T15:33:29+01:00,server,307309663,7817,1319322,1323432051,6729,0,68613,0,32911424,28459904,4451520,23473792,16252864,16236480
2026-05-13T15:33:30+01:00,server,307312141,7817,1319335,1323434509,6729,0,68615,0,32911424,28459072,4452352,23472960,16252864,16236480
2026-05-13T15:33:31+01:00,server,307314589,7817,1319350,1323436971,6729,0,68615,0,32911424,28458880,4452544,23472768,16252864,16236480
2026-05-13T15:33:32+01:00,server,307316971,7817,1319365,1323439429,6729,0,68615,0,32911424,28458880,4452544,23472768,16252864,16236480
2026-05-13T15:33:33+01:00,server,307319423,7817,1319379,1323441888,6729,0,68616,0,32911424,28457152,4454272,23471040,16252864,16236480
2026-05-13T15:33:34+01:00,server,307321876,7817,1319389,1323444349,6729,0,68616,0,32911424,28456192,4455232,23470080,16252864,16236480
2026-05-13T15:33:35+01:00,server,307324345,7817,1319407,1323446807,6729,0,68617,0,32911424,28458880,4452544,23472768,16252864,16236480
2026-05-13T15:33:36+01:00,server,307326792,7817,1319416,1323449271,6729,0,68618,0,32911424,28461184,4450240,23475072,16252864,16236480
2026-05-13T15:33:37+01:00,server,307329300,7817,1319428,1323451714,6729,0,68618,0,32911424,28461888,4449536,23475776,16252864,16236480
2026-05-13T15:33:38+01:00,server,307331773,7817,1319442,1323454172,6729,0,68618,0,32911424,28461504,4449920,23475392,16252864,16236480
2026-05-13T15:33:39+01:00,server,307334197,7817,1319455,1323456631,6729,0,68619,0,32911424,28462400,4449024,23476288,16252864,16236480
2026-05-13T15:33:40+01:00,server,307336672,7817,1319466,1323459092,6729,0,68619,0,32911424,28461632,4449792,23475520,16252864,16236480
2026-05-13T15:33:41+01:00,server,307339144,7817,1319481,1323461550,6729,0,68620,0,32911424,28461632,4449792,23475520,16252864,16236480
2026-05-13T15:33:42+01:00,server,307341530,7817,1319491,1323464008,6729,0,68621,0,32911424,28464512,4446912,23478400,16252864,16236480
2026-05-13T15:33:43+01:00,server,307343804,7817,1319505,1323466673,6729,0,68621,0,32911424,28368704,4542720,23382528,16252864,16236480
2026-05-13T15:33:44+01:00,server,307346165,7817,1319528,1323469204,6729,0,68621,0,32911424,28365056,4546368,23378752,16252864,16236480
2026-05-13T15:33:45+01:00,server,307348464,7817,1319554,1323471735,6729,0,68623,0,32911424,28364160,4547264,23377856,16252864,16236480
2026-05-13T15:33:46+01:00,server,307350812,7817,1319575,1323474267,6729,0,68623,0,32911424,28357696,4553728,23371392,16252864,16236480
2026-05-13T15:33:47+01:00,server,307353096,7817,1319616,1323476807,6729,0,68623,0,32911424,28355584,4555840,23369280,16252864,16236480
2026-05-13T15:33:48+01:00,server,307355407,7817,1319641,1323479339,6729,0,68624,0,32911424,28355264,4556160,23368960,16252864,16236480
2026-05-13T15:33:49+01:00,server,307357774,7817,1319650,1323481876,6729,0,68624,0,32911424,28364352,4547072,23378048,16252864,16236480
2026-05-13T15:33:50+01:00,server,307360208,7817,1319665,1323484411,6729,0,68626,0,32911424,28359552,4551872,23373248,16252864,16236480
2026-05-13T15:33:51+01:00,server,307362570,7817,1319684,1323486946,6729,0,68626,0,32911424,28352960,4558464,23366656,16252864,16236480
2026-05-13T15:33:52+01:00,server,307364946,7817,1319713,1323489454,6729,0,68627,0,32911424,28360512,4550912,23374208,16252864,16236480
2026-05-13T15:33:53+01:00,server,307367333,7817,1319742,1323491941,6729,0,68627,0,32911424,28372928,4538496,23386624,16252864,16236480
2026-05-13T15:33:54+01:00,server,307369783,7817,1319754,1323494400,6729,0,68627,0,32911424,28373312,4538112,23386944,16252864,16236480
2026-05-13T15:33:55+01:00,server,307372256,7817,1319765,1323496860,6729,0,68628,0,32911424,28371712,4539712,23385344,16252864,16236480
2026-05-13T15:33:56+01:00,server,307374704,7817,1319780,1323499318,6729,0,68628,0,32911424,28374720,4536704,23388352,16252864,16236480
2026-05-13T15:33:57+01:00,server,307377117,7817,1319795,1323501778,6729,0,68632,0,32911424,28372096,4539328,23385728,16252864,16236480
2026-05-13T15:33:58+01:00,server,307379591,7817,1319806,1323504239,6729,0,68632,0,32911424,28371904,4539520,23385536,16252864,16236480
2026-05-13T15:33:59+01:00,server,307382064,7817,1319823,1323506700,6729,0,68632,0,32911424,28372288,4539136,23385920,16252864,16236480
2026-05-13T15:34:00+01:00,server,307384468,7817,1319838,1323509160,6729,0,68632,0,32911424,28370816,4540608,23384448,16252864,16236480
2026-05-13T15:34:01+01:00,server,307386939,7817,1319844,1323511628,6729,0,68633,0,32911424,28370624,4540800,23384256,16252864,16236480
2026-05-13T15:34:02+01:00,server,307389342,7817,1319856,1323514090,6729,0,68633,0,32911424,28370624,4540800,23384256,16252864,16236480
2026-05-13T15:34:04+01:00,server,307391809,7817,1319872,1323516554,6729,0,68634,0,32911424,28369472,4541952,23383104,16252864,16236480
2026-05-13T15:34:05+01:00,server,307394258,7817,1319888,1323519015,6729,0,68635,0,32911424,28370624,4540800,23384256,16252864,16236480
2026-05-13T15:34:06+01:00,server,307396682,7817,1319904,1323521474,6729,0,68635,0,32911424,28369856,4541568,23383488,16252864,16236480
2026-05-13T15:34:07+01:00,server,307399201,7817,1319918,1323523906,6729,0,68636,0,32911424,28373696,4537728,23387328,16252864,16236480
2026-05-13T15:34:08+01:00,server,307401640,7817,1319938,1323526366,6729,0,68636,0,32911424,28373120,4538304,23386752,16252864,16236480
2026-05-13T15:34:09+01:00,server,307404087,7817,1319952,1323528827,6729,0,68638,0,32911424,28373120,4538304,23386752,16252864,16236480
2026-05-13T15:34:10+01:00,server,307406561,7817,1319965,1323531286,6729,0,68638,0,32911424,28373952,4537472,23387584,16252864,16236480
2026-05-13T15:34:11+01:00,server,307409001,7822,1319982,1323533741,6729,0,68639,0,32911424,28372736,4538688,23386368,16252864,16236480
2026-05-13T15:34:12+01:00,server,307411440,7822,1319996,1323536200,6729,0,68640,0,32911424,28374656,4536768,23388288,16252864,16236480
2026-05-13T15:34:13+01:00,server,307413911,7822,1320009,1323538663,6729,0,68642,0,32911424,28366208,4545216,23379840,16252864,16236480
2026-05-13T15:34:14+01:00,server,307416378,7822,1320022,1323541134,6729,0,68642,0,32911424,28373696,4537728,23387328,16252864,16236480
2026-05-13T15:34:15+01:00,server,307418850,7822,1320035,1323543598,6729,0,68643,0,32911424,28373504,4537920,23387136,16252864,16236480
2026-05-13T15:34:16+01:00,server,307421296,7822,1320053,1323546058,6729,0,68643,0,32911424,28373696,4537728,23387328,16252864,16236480
2026-05-13T15:34:17+01:00,server,307423727,7822,1320068,1323548516,6729,0,68643,0,32911424,28374272,4537152,23387904,16252864,16236480
2026-05-13T15:34:18+01:00,server,307426197,7822,1320086,1323550977,6729,0,68643,0,32911424,28373056,4538368,23386688,16252864,16236480
2026-05-13T15:34:19+01:00,server,307428624,7822,1320099,1323553438,6729,0,68643,0,32911424,28375168,4536256,23388800,16252864,16236480
2026-05-13T15:34:20+01:00,server,307431095,7822,1320113,1323555897,6729,0,68644,0,32911424,28375232,4536192,23388800,16252864,16236480
2026-05-13T15:34:21+01:00,server,307433517,7822,1320134,1323558357,6729,0,68644,0,32911424,28377216,4534208,23390784,16252864,16236480
2026-05-13T15:34:22+01:00,server,307435963,7822,1320153,1323560792,6729,0,68644,0,32911424,28378304,4533120,23391872,16252864,16236480
2026-05-13T15:34:23+01:00,server,307438439,7822,1320162,1323563252,6729,0,68644,0,32911424,28377728,4533696,23391296,16252864,16236480
2026-05-13T15:34:24+01:00,server,307440889,7822,1320179,1323565711,6729,0,68645,0,32911424,28376768,4534656,23390336,16252864,16236480
2026-05-13T15:34:25+01:00,server,307443341,7822,1320191,1323568171,6729,0,68645,0,32911424,28373312,4538112,23386880,16252864,16236480
2026-05-13T15:34:26+01:00,server,307445792,7822,1320196,1323570638,6729,0,68646,0,32911424,28375040,4536384,23388608,16252864,16236480
2026-05-13T15:34:27+01:00,server,307448261,7822,1320209,1323573104,6729,0,68646,0,32911424,28373504,4537920,23387072,16252864,16236480
2026-05-13T15:34:28+01:00,server,307450707,7822,1320221,1323575566,6729,0,68646,0,32911424,28374848,4536576,23388416,16252864,16236480
2026-05-13T15:34:29+01:00,server,307453183,7822,1320232,1323578025,6729,0,68646,0,32911424,28375424,4536000,23388992,16252864,16236480
2026-05-13T15:34:30+01:00,server,307455635,7822,1320246,1323580483,6729,0,68646,0,32911424,28376192,4535232,23389760,16252864,16236480
2026-05-13T15:34:31+01:00,server,307458087,7822,1320256,1323582943,6729,0,68646,0,32911424,28377344,4534080,23390912,16252864,16236480
2026-05-13T15:34:32+01:00,server,307460561,7822,1320265,1323585402,6729,0,68648,0,32911424,28377152,4534272,23390720,16252864,16236480
2026-05-13T15:34:33+01:00,server,307462990,7822,1320278,1323587863,6729,0,68649,0,32911424,28374400,4537024,23387968,16252864,16236480
2026-05-13T15:34:34+01:00,server,307465413,7822,1320294,1323590324,6729,0,68650,0,32911424,28371776,4539648,23385344,16252864,16236480
2026-05-13T15:34:35+01:00,server,307467865,7822,1320304,1323592782,6729,0,68652,0,32911424,28375616,4535808,23389184,16252864,16236480
2026-05-13T15:34:36+01:00,server,307470361,7822,1320319,1323595216,6729,0,68653,0,32911424,28372416,4539008,23385984,16252864,16236480
2026-05-13T15:34:37+01:00,server,307472797,7822,1320331,1323597674,6729,0,68653,0,32911424,28374016,4537408,23387584,16252864,16236480
2026-05-13T15:34:38+01:00,server,307475178,7822,1320342,1323600145,6729,0,68655,0,32911424,28370816,4540608,23384384,16252864,16236480
2026-05-13T15:34:39+01:00,server,307477602,7822,1320349,1323602612,6729,0,68657,0,32911424,28373888,4537536,23387456,16252864,16236480
2026-05-13T15:34:40+01:00,server,307480055,7822,1320359,1323605070,6729,0,68657,0,32911424,28373312,4538112,23386880,16252864,16236480
2026-05-13T15:34:42+01:00,server,307482525,7822,1320375,1323607530,6729,0,68659,0,32911424,28372160,4539264,23385728,16252864,16236480
2026-05-13T15:34:43+01:00,server,307484998,7822,1320390,1323609988,6729,0,68660,0,32911424,28375040,4536384,23388608,16252864,16236480
2026-05-13T15:34:44+01:00,server,307487449,7822,1320401,1323612447,6729,0,68660,0,32911424,28376128,4535296,23389632,16252864,16236480
2026-05-13T15:34:45+01:00,server,307489922,7822,1320417,1323614906,6729,0,68660,0,32911424,28377152,4534272,23390656,16252864,16236480
2026-05-13T15:34:46+01:00,server,307492373,7822,1320429,1323617364,6729,0,68660,0,32911424,28378752,4532672,23392256,16252864,16236480
2026-05-13T15:34:47+01:00,server,307494851,7822,1320438,1323619822,6729,0,68661,0,32911424,28380096,4531328,23393536,16252864,16236480
2026-05-13T15:34:48+01:00,server,307497322,7822,1320454,1323622282,6729,0,68662,0,32911424,28376448,4534976,23389888,16252864,16236480
2026-05-13T15:34:49+01:00,server,307499769,7822,1320466,1323624740,6729,0,68662,0,32911424,28374976,4536448,23388416,16252864,16236480
2026-05-13T15:34:50+01:00,server,307502172,7822,1320485,1323627198,6729,0,68662,0,32911424,28375936,4535488,23389376,16252864,16236480
2026-05-13T15:34:51+01:00,server,307504644,7822,1320498,1323629663,6729,0,68662,0,32911424,28374976,4536448,23388416,16252864,16236480
2026-05-13T15:34:52+01:00,server,307506844,7822,1320566,1323632286,6729,0,68662,0,32911424,28270144,4641280,23283520,16252864,16236480
2026-05-13T15:34:53+01:00,server,307509241,7822,1320579,1323634810,6729,0,68663,0,32911424,28250240,4661184,23263616,16252864,16236480
2026-05-13T15:34:54+01:00,server,307511609,7822,1320603,1323637331,6729,0,68663,0,32911424,28245632,4665792,23259008,16252864,16236480
2026-05-13T15:34:55+01:00,server,307514010,7822,1320622,1323639844,6729,0,68663,0,32911424,28251584,4659840,23264960,16252864,16236480
2026-05-13T15:34:56+01:00,server,307516443,7822,1320641,1323642368,6729,0,68664,0,32911424,28250752,4660672,23264128,16252864,16236480
2026-05-13T15:34:57+01:00,server,307518778,7822,1320665,1323644881,6729,0,68664,0,32911424,28250880,4660544,23264256,16252864,16236480
2026-05-13T15:34:58+01:00,server,307521215,7822,1320674,1323647401,6729,0,68666,0,32911424,28250112,4661312,23263488,16252864,16236480
2026-05-13T15:34:59+01:00,server,307523615,7822,1320698,1323649917,6729,0,68666,0,32911424,28255680,4655744,23269056,16252864,16236480
2026-05-13T15:35:00+01:00,server,307525905,7822,1320721,1323652434,6729,0,68667,0,32911424,28255552,4655872,23268928,16252864,16236480
2026-05-13T15:35:01+01:00,server,307528299,7822,1320757,1323654953,6729,0,68667,0,32911424,28254656,4656768,23268032,16252864,16236480
2026-05-13T15:35:02+01:00,server,307530597,7822,1320781,1323657457,6729,0,68667,0,32911424,28245568,4665856,23258880,16252864,16236480
2026-05-13T15:35:03+01:00,server,307532925,7822,1320801,1323659982,6729,0,68667,0,32911424,28239232,4672192,23252544,16252864,16236480
2026-05-13T15:35:04+01:00,server,307535344,7822,1320808,1323662502,6729,0,68667,0,32911424,28244928,4666496,23258240,16252864,16236480
2026-05-13T15:35:05+01:00,server,307537774,7822,1320821,1323664963,6729,0,68667,0,32911424,28246336,4665088,23259648,16252864,16236480
2026-05-13T15:35:06+01:00,server,307540251,7822,1320833,1323667421,6729,0,68667,0,32911424,28246784,4664640,23260096,16252864,16236480
2026-05-13T15:35:07+01:00,server,307542731,7822,1320861,1323669859,6729,0,68667,0,32911424,28247680,4663744,23260992,16252864,16236480
2026-05-13T15:35:08+01:00,server,307545180,7822,1320873,1323672320,6729,0,68667,0,32911424,28246848,4664576,23260160,16252864,16236480
2026-05-13T15:35:09+01:00,server,307547584,7822,1320891,1323674779,6729,0,68667,0,32911424,28247104,4664320,23260416,16252864,16236480
2026-05-13T15:35:10+01:00,server,307550036,7822,1320908,1323677239,6729,0,68667,0,32911424,28245248,4666176,23258560,16252864,16236480
2026-05-13T15:35:11+01:00,server,307552482,7822,1320925,1323679697,6729,0,68667,0,32911424,28246400,4665024,23259712,16252864,16236480
2026-05-13T15:35:12+01:00,server,307554934,7822,1320938,1323682156,6729,0,68667,0,32911424,28247232,4664192,23260544,16252864,16236480
2026-05-13T15:35:13+01:00,server,307557381,7822,1320953,1323684615,6730,0,68667,0,32911424,28243968,4667456,23257280,16252864,16236480
2026-05-13T15:35:14+01:00,server,307559835,7822,1320963,1323687076,6730,0,68668,0,32911424,28240384,4671040,23253696,16252864,16236480
2026-05-13T15:35:15+01:00,server,307562289,7822,1320973,1323689538,6730,0,68668,0,32911424,28241216,4670208,23254528,16252864,16236480
2026-05-13T15:35:16+01:00,server,307564738,7822,1320982,1323692010,6730,0,68668,0,32911424,28238912,4672512,23252224,16252864,16236480
2026-05-13T15:35:17+01:00,server,307567186,7822,1320995,1323694472,6730,0,68668,0,32911424,28239552,4671872,23252800,16252864,16236480
2026-05-13T15:35:18+01:00,server,307569633,7822,1321008,1323696930,6730,0,68670,0,32911424,28240512,4670912,23253760,16252864,16236480
2026-05-13T15:35:19+01:00,server,307572059,7822,1321021,1323699390,6730,0,68670,0,32911424,28241408,4670016,23254656,16252864,16236480
2026-05-13T15:35:21+01:00,server,307574532,7822,1321033,1323701849,6730,0,68671,0,32911424,28240448,4670976,23253696,16252864,16236480
2026-05-13T15:35:22+01:00,server,307576975,7822,1321058,1323704282,6730,0,68672,0,32911424,28244096,4667328,23257344,16252864,16236480
2026-05-13T15:35:23+01:00,server,307579426,7822,1321070,1323706740,6730,0,68672,0,32911424,28241984,4669440,23255232,16252864,16236480
2026-05-13T15:35:24+01:00,server,307581906,7822,1321078,1323709200,6730,0,68672,0,32911424,28243072,4668352,23256320,16252864,16236480
2026-05-13T15:35:25+01:00,server,307584381,7822,1321088,1323711659,6730,0,68673,0,32911424,28241088,4670336,23254336,16252864,16236480
2026-05-13T15:35:26+01:00,server,307586812,7822,1321094,1323714119,6730,0,68673,0,32911424,28240128,4671296,23253376,16252864,16236480
2026-05-13T15:35:27+01:00,server,307589265,7822,1321105,1323716578,6730,0,68673,0,32911424,28239808,4671616,23253056,16252864,16236480
2026-05-13T15:35:28+01:00,server,307591741,7822,1321115,1323719037,6730,0,68673,0,32911424,28238400,4673024,23251648,16252864,16236480
2026-05-13T15:35:29+01:00,server,307594189,7822,1321119,1323721507,6730,0,68673,0,32911424,28234752,4676672,23248000,16252864,16236480
2026-05-13T15:35:30+01:00,server,307596662,7822,1321131,1323723970,6730,0,68673,0,32911424,28237376,4674048,23250624,16252864,16236480
2026-05-13T15:35:31+01:00,server,307599088,7822,1321145,1323726429,6730,0,68673,0,32911424,28235264,4676160,23248512,16252864,16236480
2026-05-13T15:35:32+01:00,server,307601560,7822,1321161,1323728891,6730,0,68673,0,32911424,28235904,4675520,23249152,16252864,16236480
2026-05-13T15:35:33+01:00,server,307604012,7822,1321173,1323731349,6730,0,68673,0,32911424,28237056,4674368,23250304,16252864,16236480
2026-05-13T15:35:34+01:00,server,307606462,7822,1321185,1323733807,6730,0,68673,0,32911424,28239040,4672384,23252224,16252864,16236480
2026-05-13T15:35:35+01:00,server,307608936,7822,1321195,1323736268,6730,0,68674,0,32911424,28237888,4673536,23251072,16252864,16236480
2026-05-13T15:35:36+01:00,server,307611411,7822,1321208,1323738727,6730,0,68674,0,32911424,28238272,4673152,23251456,16252864,16236480
2026-05-13T15:35:37+01:00,server,307613767,7822,1321230,1323741160,6730,0,68675,0,32911424,28238400,4673024,23251520,16252864,16236480
2026-05-13T15:35:38+01:00,server,307616241,7822,1321244,1323743621,6730,0,68676,0,32911424,28240128,4671296,23253248,16252864,16236480
2026-05-13T15:35:39+01:00,server,307618714,7822,1321258,1323746081,6730,0,68677,0,32911424,28237440,4673984,23250560,16252864,16236480
2026-05-13T15:35:40+01:00,server,307621168,7822,1321267,1323748540,6730,0,68677,0,32911424,28232640,4678784,23245760,16252864,16236480
2026-05-13T15:35:41+01:00,server,307623643,7822,1321270,1323751008,6730,0,68677,0,32911424,28235968,4675456,23249088,16252864,16236480
2026-05-13T15:35:42+01:00,server,307626117,7822,1321279,1323753471,6730,0,68677,0,32911424,28234944,4676480,23248064,16252864,16236480
2026-05-13T15:35:43+01:00,server,307628563,7822,1321296,1323755930,6730,0,68677,0,32911424,28232832,4678592,23245888,16252864,16236480
2026-05-13T15:35:44+01:00,server,307631014,7822,1321307,1323758391,6730,0,68679,0,32911424,28233856,4677568,23246912,16252864,16236480
2026-05-13T15:35:45+01:00,server,307633484,7822,1321325,1323760849,6730,0,68680,0,32911424,28233920,4677504,23246976,16252864,16236480
2026-05-13T15:35:46+01:00,server,307635937,7822,1321335,1323763307,6730,0,68680,0,32911424,28232768,4678656,23245824,16252864,16236480
2026-05-13T15:35:47+01:00,server,307638411,7822,1321348,1323765766,6730,0,68681,0,32911424,28232960,4678464,23246016,16252864,16236480
2026-05-13T15:35:48+01:00,server,307640840,7822,1321359,1323768224,6730,0,68683,0,32911424,28233152,4678272,23246208,16252864,16236480
2026-05-13T15:35:49+01:00,server,307643293,7822,1321372,1323770677,6730,0,68683,0,32911424,28230656,4680768,23243712,16252864,16236480
2026-05-13T15:35:50+01:00,server,307645738,7822,1321392,1323773137,6730,0,68684,0,32911424,28231040,4680384,23244096,16252864,16236480
2026-05-13T15:35:51+01:00,server,307648163,7822,1321408,1323775596,6730,0,68684,0,32911424,28231040,4680384,23244096,16252864,16236480
2026-05-13T15:35:52+01:00,server,307650644,7822,1321424,1323778028,6730,0,68684,0,32911424,28235520,4675904,23248576,16252864,16236480
2026-05-13T15:35:53+01:00,server,307653091,7822,1321435,1323780493,6730,0,68684,0,32911424,28235200,4676224,23248256,16252864,16236480
2026-05-13T15:35:54+01:00,server,307655518,7822,1321445,1323782956,6730,0,68684,0,32911424,28233088,4678336,23246144,16252864,16236480
2026-05-13T15:35:55+01:00,server,307657993,7822,1321454,1323785415,6730,0,68685,0,32911424,28233472,4677952,23246528,16252864,16236480
2026-05-13T15:35:56+01:00,server,307660441,7822,1321470,1323787873,6730,0,68685,0,32911424,28231744,4679680,23244800,16252864,16236480
2026-05-13T15:35:57+01:00,server,307662867,7822,1321486,1323790334,6730,0,68685,0,32911424,28234624,4676800,23247680,16252864,16236480
2026-05-13T15:35:58+01:00,server,307665337,7822,1321505,1323792793,6730,0,68685,0,32911424,28233664,4677760,23246720,16252864,16236480
2026-05-13T15:36:00+01:00,server,307667791,7822,1321518,1323795251,6730,0,68685,0,32911424,28233536,4677888,23246592,16252864,16236480
2026-05-13T15:36:01+01:00,server,307670240,7822,1321529,1323797710,6730,0,68686,0,32911424,28234368,4677056,23247360,16252864,16236480
2026-05-13T15:36:02+01:00,server,307672710,7822,1321544,1323800172,6730,0,68686,0,32911424,28233600,4677824,23246592,16252864,16236480
2026-05-13T15:36:03+01:00,server,307675161,7822,1321559,1323802631,6730,0,68686,0,32911424,28234752,4676672,23247744,16252864,16236480
2026-05-13T15:36:04+01:00,server,307677609,7822,1321573,1323805089,6730,0,68686,0,32911424,28234368,4677056,23247360,16252864,16236480
2026-05-13T15:36:05+01:00,server,307680060,7822,1321587,1323807548,6730,0,68686,0,32911424,28235456,4675968,23248448,16252864,16236480
2026-05-13T15:36:06+01:00,server,307682498,7822,1321597,1323810018,6730,0,68686,0,32911424,28237952,4673472,23250944,16252864,16236480
2026-05-13T15:36:07+01:00,server,307685012,7822,1321609,1323812456,6730,0,68686,0,32911424,28237632,4673792,23250560,16252864,16236480
2026-05-13T15:36:08+01:00,server,307687488,7822,1321620,1323814916,6730,0,68686,0,32911424,28235392,4676032,23248256,16252864,16236480
2026-05-13T15:36:09+01:00,server,307689959,7822,1321635,1323817375,6730,0,68686,0,32911424,28234304,4677120,23247104,16252864,16236480
2026-05-13T15:36:10+01:00,server,307692380,7822,1321645,1323819834,6730,0,68688,0,32911424,28237376,4674048,23250176,16252864,16236480
2026-05-13T15:36:11+01:00,server,307694852,7822,1321657,1323822291,6730,0,68689,0,32911424,28234304,4677120,23247104,16252864,16236480
2026-05-13T15:36:12+01:00,server,307697325,7822,1321672,1323824750,6730,0,68690,0,32911424,28233920,4677504,23246720,16252864,16236480
2026-05-13T15:36:13+01:00,server,307699767,7822,1321686,1323827208,6730,0,68691,0,32911424,28235264,4676160,23248064,16252864,16236480
2026-05-13T15:36:14+01:00,server,307702214,7822,1321704,1323829667,6730,0,68691,0,32911424,28235136,4676288,23247872,16252864,16236480
2026-05-13T15:36:15+01:00,server,307704644,7822,1321721,1323832121,6730,0,68691,0,32911424,28236800,4674624,23249472,16252864,16236480
2026-05-13T15:36:16+01:00,server,307706885,7822,1321737,1323834814,6730,0,68692,0,32911424,28117888,4793536,23130496,16252864,16236480
2026-05-13T15:36:17+01:00,server,307709298,7822,1321756,1323837336,6730,0,68692,0,32911424,28117632,4793792,23130240,16252864,16236480
2026-05-13T15:36:18+01:00,server,307711662,7822,1321791,1323839870,6730,0,68692,0,32911424,28115456,4795968,23128064,16252864,16236480
2026-05-13T15:36:19+01:00,server,307714044,7822,1321800,1323842390,6730,0,68692,0,32911424,28114688,4796736,23127296,16252864,16236480
2026-05-13T15:36:20+01:00,server,307716397,7822,1321824,1323844914,6730,0,68692,0,32911424,28118976,4792448,23131584,16252864,16236480
2026-05-13T15:36:21+01:00,server,307718728,7822,1321849,1323847441,6730,0,68692,0,32911424,28118144,4793280,23130752,16252864,16236480
2026-05-13T15:36:22+01:00,server,307721100,7822,1321874,1323849934,6730,0,68694,0,32911424,28114560,4796864,23127168,16252864,16236480
2026-05-13T15:36:23+01:00,server,307723516,7822,1321893,1323852449,6730,0,68694,0,32911424,28117248,4794176,23129856,16252864,16236480
2026-05-13T15:36:24+01:00,server,307725840,7822,1321909,1323854972,6730,0,68695,0,32911424,28113472,4797952,23126080,16252864,16236480
2026-05-13T15:36:25+01:00,server,307728136,7822,1321937,1323857495,6730,0,68697,0,32911424,28113856,4797568,23126400,16252864,16236480
2026-05-13T15:36:26+01:00,server,307730485,7822,1321956,1323860017,6730,0,68697,0,32911424,28105664,4805760,23118208,16252864,16236480
2026-05-13T15:36:27+01:00,server,307732880,7822,1321973,1323862525,6730,0,68697,0,32911424,28123072,4788352,23135616,16252864,16236480
2026-05-13T15:36:28+01:00,server,307735332,7822,1321985,1323864983,6730,0,68697,0,32911424,28122432,4788992,23134976,16252864,16236480
2026-05-13T15:36:29+01:00,server,307737779,7822,1322001,1323867440,6730,0,68697,0,32911424,28119936,4791488,23132480,16252864,16236480
2026-05-13T15:36:30+01:00,server,307740233,7822,1322013,1323869897,6730,0,68698,0,32911424,28122304,4789120,23134784,16252864,16236480
2026-05-13T15:36:31+01:00,server,307742682,7822,1322022,1323872364,6730,0,68698,0,32911424,28122304,4789120,23134784,16252864,16236480
2026-05-13T15:36:32+01:00,server,307745112,7822,1322034,1323874822,6730,0,68698,0,32911424,28123328,4788096,23135808,16252864,16236480
2026-05-13T15:36:33+01:00,server,307747591,7822,1322046,1323877280,6730,0,68698,0,32911424,28123072,4788352,23135552,16252864,16236480
2026-05-13T15:36:34+01:00,server,307749997,7822,1322060,1323879740,6730,0,68698,0,32911424,28123648,4787776,23136128,16252864,16236480
2026-05-13T15:36:35+01:00,server,307752403,7822,1322075,1323882206,6730,0,68698,0,32911424,28124032,4787392,23136512,16252864,16236480
2026-05-13T15:36:36+01:00,server,307754876,7822,1322092,1323884640,6730,0,68698,0,32911424,28124928,4786496,23137408,16252864,16236480
2026-05-13T15:36:38+01:00,server,307757323,7822,1322107,1323887098,6730,0,68699,0,32911424,28124224,4787200,23136704,16252864,16236480
2026-05-13T15:36:39+01:00,server,307759800,7822,1322121,1323889557,6730,0,68699,0,32911424,28124544,4786880,23136960,16252864,16236480
2026-05-13T15:36:40+01:00,server,307762223,7822,1322142,1323892030,6730,0,68701,0,32911424,28122048,4789376,23134464,16252864,16236480
2026-05-13T15:36:41+01:00,server,307764692,7822,1322160,1323894486,6730,0,68702,0,32911424,28124160,4787264,23136576,16252864,16236480
2026-05-13T15:36:42+01:00,server,307767163,7822,1322175,1323896947,6730,0,68703,0,32911424,28119360,4792064,23131776,16252864,16236480
2026-05-13T15:36:43+01:00,server,307769583,7822,1322187,1323899408,6730,0,68703,0,32911424,28123136,4788288,23135616,16252864,16236480
2026-05-13T15:36:44+01:00,server,307772053,7822,1322195,1323901879,6730,0,68703,0,32911424,28124096,4787328,23136576,16252864,16236480
2026-05-13T15:36:45+01:00,server,307774526,7822,1322207,1323904339,6730,0,68703,0,32911424,28125120,4786304,23137536,16252864,16236480
2026-05-13T15:36:46+01:00,server,307776947,7822,1322227,1323906798,6730,0,68703,0,32911424,28123584,4787840,23136000,16252864,16236480
2026-05-13T15:36:47+01:00,server,307779379,7822,1322242,1323909258,6730,0,68703,0,32911424,28123392,4788032,23135808,16252864,16236480
2026-05-13T15:36:48+01:00,server,307781855,7822,1322255,1323911717,6730,0,68703,0,32911424,28121536,4789888,23133888,16252864,16236480
2026-05-13T15:36:49+01:00,server,307784302,7822,1322267,1323914176,6730,0,68703,0,32911424,28123072,4788352,23135424,16252864,16236480
2026-05-13T15:36:50+01:00,server,307786775,7822,1322281,1323916636,6730,0,68704,0,32911424,28125760,4785664,23138176,16252864,16236480
2026-05-13T15:36:51+01:00,server,307789274,7822,1322297,1323919160,6730,0,68704,0,32911424,28122688,4788736,23135104,16252864,16236480
2026-05-13T15:36:52+01:00,server,307791768,7822,1322318,1323921595,6730,0,68704,0,32911424,28128704,4782720,23141056,16252864,16236480
2026-05-13T15:36:53+01:00,server,307794240,7822,1322334,1323924054,6730,0,68704,0,32911424,28129280,4782144,23141632,16252864,16236480
2026-05-13T15:36:54+01:00,server,307796645,7822,1322345,1323926514,6730,0,68704,0,32911424,28122560,4788864,23134912,16252864,16236480
2026-05-13T15:36:55+01:00,server,307799077,7822,1322352,1323928973,6730,0,68704,0,32911424,28126080,4785344,23138432,16252864,16236480
2026-05-13T15:36:56+01:00,server,307801524,7822,1322361,1323931439,6730,0,68704,0,32911424,28128192,4783232,23140544,16252864,16236480
2026-05-13T15:36:57+01:00,server,307803995,7822,1322370,1323933907,6730,0,68705,0,32911424,28126912,4784512,23139264,16252864,16236480
2026-05-13T15:36:58+01:00,server,307806420,7822,1322387,1323936367,6730,0,68705,0,32911424,28127104,4784320,23139456,16252864,16236480
2026-05-13T15:36:59+01:00,server,307808884,7822,1322407,1323938827,6730,0,68705,0,32911424,28128576,4782848,23140864,16252864,16236480
2026-05-13T15:37:00+01:00,server,307811330,7822,1322427,1323941288,6730,0,68705,0,32911424,28128064,4783360,23140352,16252864,16236480
2026-05-13T15:37:01+01:00,server,307813781,7822,1322440,1323943746,6730,0,68705,0,32911424,28123264,4788160,23135552,16252864,16236480
2026-05-13T15:37:02+01:00,server,307816209,7822,1322454,1323946206,6730,0,68705,0,32911424,28122496,4788928,23134784,16252864,16236480
2026-05-13T15:37:03+01:00,server,307818682,7822,1322467,1323948664,6730,0,68705,0,32911424,28123264,4788160,23135552,16252864,16236480
2026-05-13T15:37:04+01:00,server,307821124,7822,1322482,1323951125,6730,0,68707,0,32911424,28125184,4786240,23137472,16252864,16236480
2026-05-13T15:37:05+01:00,server,307823574,7822,1322492,1323953584,6730,0,68708,0,32911424,28125568,4785856,23137856,16252864,16236480
2026-05-13T15:37:06+01:00,server,307826050,7822,1322504,1323956042,6730,0,68708,0,32911424,28122304,4789120,23134592,16252864,16236480
2026-05-13T15:37:07+01:00,server,307828542,7822,1322526,1323958476,6730,0,68708,0,32911424,28124160,4787264,23136448,16252864,16236480
2026-05-13T15:37:08+01:00,server,307830987,7822,1322536,1323960942,6730,0,68709,0,32911424,28129536,4781888,23141824,16252864,16236480
2026-05-13T15:37:09+01:00,server,307833460,7822,1322545,1323963411,6730,0,68709,0,32911424,28127808,4783616,23140096,16252864,16236480
2026-05-13T15:37:10+01:00,server,307835932,7822,1322560,1323965868,6730,0,68709,0,32911424,28128384,4783040,23140736,16252864,16236480
2026-05-13T15:37:11+01:00,server,307838378,7822,1322577,1323968329,6730,0,68709,0,32911424,28127808,4783616,23140160,16252864,16236480
2026-05-13T15:37:12+01:00,server,307840786,7822,1322592,1323970786,6730,0,68710,0,32911424,28127040,4784384,23139392,16252864,16236480
2026-05-13T15:37:13+01:00,server,307843167,7822,1322609,1323973247,6730,0,68710,0,32911424,28125696,4785728,23138048,16252864,16236480
2026-05-13T15:37:14+01:00,server,307845594,7822,1322637,1323975707,6730,0,68710,0,32911424,28127424,4784000,23139776,16252864,16236480
2026-05-13T15:37:16+01:00,server,307848070,7822,1322646,1323978166,6730,0,68710,0,32911424,28125504,4785920,23137792,16252864,16236480
2026-05-13T15:37:17+01:00,server,307850545,7822,1322661,1323980623,6730,0,68711,0,32911424,28125120,4786304,23137408,16252864,16236480
2026-05-13T15:37:18+01:00,server,307852994,7822,1322675,1323983084,6730,0,68711,0,32911424,28127424,4784000,23139712,16252864,16236480
2026-05-13T15:37:19+01:00,server,307855467,7822,1322690,1323985542,6730,0,68711,0,32911424,28124288,4787136,23136576,16252864,16236480
2026-05-13T15:37:20+01:00,server,307857945,7822,1322699,1323988000,6730,0,68711,0,32911424,28122944,4788480,23135232,16252864,16236480
2026-05-13T15:37:21+01:00,server,307860372,7822,1322710,1323990464,6730,0,68711,0,32911424,28126656,4784768,23138944,16252864,16236480
2026-05-13T15:37:22+01:00,server,307862849,7822,1322721,1323992909,6730,0,68711,0,32911424,28123328,4788096,23135616,16252864,16236480
2026-05-13T15:37:23+01:00,server,307865320,7822,1322736,1323995370,6730,0,68711,0,32911424,28120832,4790592,23133120,16252864,16236480
2026-05-13T15:37:24+01:00,server,307867748,7822,1322747,1323997830,6730,0,68711,0,32911424,28121856,4789568,23134144,16252864,16236480
2026-05-13T15:37:25+01:00,server,307870198,7822,1322760,1324000288,6730,0,68711,0,32911424,28120320,4791104,23132608,16252864,16236480
2026-05-13T15:37:26+01:00,server,307872670,7822,1322775,1324002745,6730,0,68711,0,32911424,28119744,4791680,23132032,16252864,16236480
2026-05-13T15:37:27+01:00,server,307875093,7822,1322792,1324005203,6730,0,68711,0,32911424,28119744,4791680,23132032,16252864,16236480
2026-05-13T15:37:28+01:00,server,307877568,7822,1322805,1324007661,6731,0,68711,0,32911424,28120512,4790912,23132800,16252864,16236480
2026-05-13T15:37:29+01:00,server,307880015,7822,1322821,1324010118,6731,0,68711,0,32911424,28121280,4790144,23133568,16252864,16236480
2026-05-13T15:37:30+01:00,server,307882517,7822,1322845,1324012537,6731,0,68712,0,32911424,28120640,4790784,23132864,16252864,16236480
2026-05-13T15:37:31+01:00,server,307885083,7822,1322873,1324014895,6731,0,68712,0,32911424,28104832,4806592,23116928,16252864,16236480
2026-05-13T15:37:32+01:00,server,307887578,7822,1322894,1324017273,6731,0,68715,0,32911424,28101824,4809600,23113920,16252864,16236480
2026-05-13T15:37:33+01:00,server,307890030,7822,1322905,1324019732,6731,0,68715,0,32911424,28112064,4799360,23124160,16252864,16236480
2026-05-13T15:37:34+01:00,server,307892497,7822,1322916,1324022200,6731,0,68715,0,32911424,28111104,4800320,23123200,16252864,16236480
2026-05-13T15:37:35+01:00,server,307894921,7822,1322927,1324024660,6731,0,68716,0,32911424,28112448,4798976,23124544,16252864,16236480
2026-05-13T15:37:36+01:00,server,307897389,7822,1322946,1324027123,6731,0,68716,0,32911424,28112576,4798848,23124672,16252864,16236480
2026-05-13T15:37:37+01:00,server,307899851,7822,1322963,1324029560,6731,0,68716,0,32911424,28112960,4798464,23125056,16252864,16236480
2026-05-13T15:37:38+01:00,server,307902106,7822,1322984,1324032228,6731,0,68717,0,32911424,28000640,4910784,23012736,16252864,16236480
2026-05-13T15:37:39+01:00,server,307904539,7822,1323001,1324034751,6731,0,68717,0,32911424,27996480,4914944,23008512,16252864,16236480
2026-05-13T15:37:40+01:00,server,307906850,7822,1323026,1324037277,6731,0,68718,0,32911424,27996416,4915008,23008448,16252864,16236480
2026-05-13T15:37:41+01:00,server,307909257,7822,1323045,1324039803,6731,0,68718,0,32911424,28000000,4911424,23012032,16252864,16236480
2026-05-13T15:37:42+01:00,server,307911653,7822,1323066,1324042330,6731,0,68718,0,32911424,28002944,4908480,23014976,16252864,16236480
2026-05-13T15:37:43+01:00,server,307913990,7822,1323087,1324044863,6731,0,68718,0,32911424,28002048,4909376,23014016,16252864,16236480
2026-05-13T15:37:44+01:00,server,307916418,7822,1323109,1324047397,6731,0,68718,0,32911424,27999808,4911616,23011776,16252864,16236480
2026-05-13T15:37:45+01:00,server,307918710,7822,1323129,1324049925,6731,0,68718,0,32911424,28006272,4905152,23018240,16252864,16236480
2026-05-13T15:37:46+01:00,server,307921094,7822,1323142,1324052464,6731,0,68718,0,32911424,28007936,4903488,23019904,16252864,16236480
2026-05-13T15:37:47+01:00,server,307923468,7822,1323159,1324055001,6731,0,68718,0,32911424,28005056,4906368,23017024,16252864,16236480
2026-05-13T15:37:48+01:00,server,307925902,7822,1323179,1324057530,6731,0,68718,0,32911424,28010112,4901312,23022080,16252864,16236480
2026-05-13T15:37:49+01:00,server,307928350,7822,1323194,1324060015,6731,0,68719,0,32911424,28018624,4892800,23030592,16252864,16236480
2026-05-13T15:37:50+01:00,server,307930824,7822,1323205,1324062478,6731,0,68720,0,32911424,28023040,4888384,23035008,16252864,16236480
2026-05-13T15:37:51+01:00,server,307933278,7822,1323220,1324064910,6731,0,68721,0,32911424,28021888,4889536,23033856,16252864,16236480
2026-05-13T15:37:52+01:00,server,307935730,7822,1323231,1324067370,6731,0,68721,0,32911424,28017856,4893568,23029824,16252864,16236480
2026-05-13T15:37:54+01:00,server,307938201,7822,1323243,1324069828,6731,0,68722,0,32911424,28017920,4893504,23029888,16252864,16236480
2026-05-13T15:37:55+01:00,server,307940651,7822,1323260,1324072288,6731,0,68722,0,32911424,28021568,4889856,23033536,16252864,16236480
2026-05-13T15:37:56+01:00,server,307943101,7822,1323272,1324074748,6731,0,68722,0,32911424,28017728,4893696,23029696,16252864,16236480
2026-05-13T15:37:57+01:00,server,307945527,7822,1323286,1324077210,6731,0,68722,0,32911424,28020224,4891200,23032192,16252864,16236480
2026-05-13T15:37:58+01:00,server,307948001,7822,1323298,1324079671,6731,0,68722,0,32911424,28017920,4893504,23029888,16252864,16236480
2026-05-13T15:37:59+01:00,server,307950424,7822,1323308,1324082136,6731,0,68722,0,32911424,28020032,4891392,23032000,16252864,16236480
2026-05-13T15:38:00+01:00,server,307952875,7822,1323319,1324084602,6731,0,68722,0,32911424,28020992,4890432,23032960,16252864,16236480
2026-05-13T15:38:01+01:00,server,307955303,7822,1323335,1324087062,6731,0,68722,0,32911424,28021376,4890048,23033344,16252864,16236480
2026-05-13T15:38:02+01:00,server,307957732,7822,1323344,1324089519,6731,0,68723,0,32911424,28022144,4889280,23034112,16252864,16236480
2026-05-13T15:38:03+01:00,server,307960206,7822,1323359,1324091979,6731,0,68723,0,32911424,28021504,4889920,23033472,16252864,16236480
2026-05-13T15:38:04+01:00,server,307962609,7822,1323390,1324094437,6731,0,68724,0,32911424,28021888,4889536,23033856,16252864,16236480
2026-05-13T15:38:05+01:00,server,307965061,7822,1323399,1324096898,6731,0,68725,0,32911424,28022080,4889344,23034048,16252864,16236480
2026-05-13T15:38:06+01:00,server,307967537,7822,1323415,1324099357,6731,0,68725,0,32911424,28021760,4889664,23033664,16252864,16236480
2026-05-13T15:38:07+01:00,server,307969993,7822,1323436,1324101793,6731,0,68725,0,32911424,28025472,4885952,23037376,16252864,16236480
2026-05-13T15:38:08+01:00,server,307972440,7822,1323452,1324104253,6731,0,68725,0,32911424,28027584,4883840,23039488,16252864,16236480
2026-05-13T15:38:09+01:00,server,307974894,7822,1323464,1324106712,6731,0,68725,0,32911424,28022784,4888640,23034688,16252864,16236480
2026-05-13T15:38:10+01:00,server,307977347,7822,1323479,1324109173,6731,0,68725,0,32911424,28020288,4891136,23032192,16252864,16236480
2026-05-13T15:38:11+01:00,server,307979795,7822,1323484,1324111637,6731,0,68726,0,32911424,28019648,4891776,23031552,16252864,16236480
2026-05-13T15:38:12+01:00,server,307982216,7822,1323497,1324114106,6731,0,68727,0,32911424,28020032,4891392,23031936,16252864,16236480
2026-05-13T15:38:13+01:00,server,307984688,7822,1323512,1324116565,6731,0,68727,0,32911424,28021056,4890368,23032896,16252864,16236480
2026-05-13T15:38:14+01:00,server,307987117,7822,1323524,1324119024,6731,0,68727,0,32911424,28022144,4889280,23033984,16252864,16236480
2026-05-13T15:38:15+01:00,server,307989591,7822,1323539,1324121484,6731,0,68727,0,32911424,28024064,4887360,23035904,16252864,16236480
2026-05-13T15:38:16+01:00,server,307991992,7822,1323554,1324123943,6731,0,68728,0,32911424,28023296,4888128,23035136,16252864,16236480
2026-05-13T15:38:17+01:00,server,307994445,7822,1323567,1324126402,6731,0,68728,0,32911424,28021632,4889792,23033408,16252864,16236480
2026-05-13T15:38:18+01:00,server,307996917,7822,1323583,1324128862,6731,0,68728,0,32911424,28021056,4890368,23032832,16252864,16236480
2026-05-13T15:38:19+01:00,server,307999351,7822,1323590,1324131323,6731,0,68728,0,32911424,28018752,4892672,23030528,16252864,16236480
2026-05-13T15:38:20+01:00,server,308001798,7822,1323607,1324133782,6731,0,68728,0,32911424,28019328,4892096,23031104,16252864,16236480
2026-05-13T15:38:21+01:00,server,308004203,7822,1323624,1324136242,6731,0,68728,0,32911424,28016448,4894976,23028224,16252864,16236480
2026-05-13T15:38:22+01:00,server,308006665,7822,1323646,1324138673,6731,0,68729,0,32911424,28020416,4891008,23032064,16252864,16236480
2026-05-13T15:38:23+01:00,server,308009117,7822,1323655,1324141139,6731,0,68729,0,32911424,28018432,4892992,23030080,16252864,16236480
2026-05-13T15:38:24+01:00,server,308011585,7822,1323663,1324143609,6731,0,68731,0,32911424,28019648,4891776,23031296,16252864,16236480
2026-05-13T15:38:25+01:00,server,308014013,7822,1323674,1324146071,6731,0,68731,0,32911424,28018752,4892672,23030400,16252864,16236480
2026-05-13T15:38:26+01:00,server,308016489,7822,1323685,1324148529,6731,0,68731,0,32911424,28017344,4894080,23028992,16252864,16236480
2026-05-13T15:38:27+01:00,server,308018961,7822,1323696,1324150988,6731,0,68731,0,32911424,28016384,4895040,23028032,16252864,16236480
2026-05-13T15:38:28+01:00,server,308021349,7822,1323712,1324153448,6731,0,68732,0,32911424,28015808,4895616,23027456,16252864,16236480
2026-05-13T15:38:29+01:00,server,308023826,7822,1323721,1324155909,6731,0,68732,0,32911424,28016192,4895232,23027840,16252864,16236480
2026-05-13T15:38:30+01:00,server,308026297,7822,1323734,1324158371,6731,0,68733,0,32911424,28020032,4891392,23031680,16252864,16236480
2026-05-13T15:38:31+01:00,server,308028766,7822,1323751,1324160832,6731,0,68733,0,32911424,28018496,4892928,23030144,16252864,16236480
2026-05-13T15:38:33+01:00,server,308031150,7822,1323760,1324163292,6731,0,68733,0,32911424,28021184,4890240,23032832,16252864,16236480
2026-05-13T15:38:34+01:00,server,308033596,7822,1323777,1324165753,6731,0,68734,0,32911424,28014464,4896960,23026112,16252864,16236480
2026-05-13T15:38:35+01:00,server,308036040,7822,1323793,1324168212,6731,0,68735,0,32911424,28018880,4892544,23030528,16252864,16236480
2026-05-13T15:38:36+01:00,server,308038487,7822,1323806,1324170674,6731,0,68735,0,32911424,28020992,4890432,23032640,16252864,16236480
2026-05-13T15:38:37+01:00,server,308040995,7822,1323814,1324173121,6731,0,68736,0,32911424,28021888,4889536,23033472,16252864,16236480
2026-05-13T15:38:38+01:00,server,308043471,7822,1323825,1324175581,6731,0,68736,0,32911424,28019200,4892224,23030784,16252864,16236480
2026-05-13T15:38:39+01:00,server,308045946,7822,1323838,1324178044,6731,0,68737,0,32911424,28016128,4895296,23027712,16252864,16236480
2026-05-13T15:38:40+01:00,server,308048371,7822,1323851,1324180503,6731,0,68737,0,32911424,28017280,4894144,23028864,16252864,16236480
2026-05-13T15:38:41+01:00,server,308050798,7822,1323864,1324182964,6731,0,68739,0,32911424,28015744,4895680,23027328,16252864,16236480
2026-05-13T15:38:42+01:00,server,308053246,7822,1323878,1324185423,6731,0,68739,0,32911424,28018432,4892992,23030016,16252864,16236480
2026-05-13T15:38:43+01:00,server,308055698,7822,1323891,1324187883,6731,0,68739,0,32911424,28020416,4891008,23032000,16252864,16236480
2026-05-13T15:38:44+01:00,server,308058170,7822,1323907,1324190345,6731,0,68739,0,32911424,28017344,4894080,23028928,16252864,16236480
2026-05-13T15:38:45+01:00,server,308060622,7822,1323921,1324192804,6731,0,68739,0,32911424,28011968,4899456,23023552,16252864,16236480
2026-05-13T15:38:46+01:00,server,308063075,7822,1323933,1324195262,6731,0,68739,0,32911424,28013504,4897920,23025088,16252864,16236480
2026-05-13T15:38:47+01:00,server,308065552,7822,1323944,1324197722,6731,0,68740,0,32911424,28014656,4896768,23026240,16252864,16236480
2026-05-13T15:38:48+01:00,server,308067998,7822,1323957,1324200184,6731,0,68740,0,32911424,28017408,4894016,23028992,16252864,16236480
2026-05-13T15:38:49+01:00,server,308070469,7822,1323962,1324202656,6731,0,68740,0,32911424,28014720,4896704,23026304,16252864,16236480
2026-05-13T15:38:50+01:00,server,308072921,7822,1323970,1324205119,6731,0,68741,0,32911424,28015680,4895744,23027264,16252864,16236480
2026-05-13T15:38:51+01:00,server,308075371,7822,1323985,1324207580,6731,0,68741,0,32911424,28012288,4899136,23023872,16252864,16236480
2026-05-13T15:38:52+01:00,server,308077817,7822,1324001,1324210009,6731,0,68742,0,32911424,28015552,4895872,23027136,16252864,16236480
2026-05-13T15:38:53+01:00,server,308080270,7822,1324012,1324212467,6731,0,68742,0,32911424,28015552,4895872,23027136,16252864,16236480
2026-05-13T15:38:54+01:00,server,308082720,7822,1324024,1324214928,6731,0,68743,0,32911424,28014272,4897152,23025856,16252864,16236480
2026-05-13T15:38:55+01:00,server,308085169,7822,1324038,1324217388,6731,0,68743,0,32911424,28017280,4894144,23028864,16252864,16236480
2026-05-13T15:38:56+01:00,server,308087638,7822,1324054,1324219847,6731,0,68744,0,32911424,28016000,4895424,23027584,16252864,16236480
2026-05-13T15:38:57+01:00,server,308090088,7822,1324068,1324222307,6731,0,68744,0,32911424,28013440,4897984,23025024,16252864,16236480
2026-05-13T15:38:58+01:00,server,308092539,7822,1324083,1324224766,6731,0,68744,0,32911424,28015040,4896384,23026560,16252864,16236480
2026-05-13T15:38:59+01:00,server,308094966,7822,1324096,1324227279,6731,0,68744,0,32911424,27918848,4992576,22930368,16252864,16236480
2026-05-13T15:39:00+01:00,server,308097226,7822,1324119,1324229938,6731,0,68744,0,32911424,27903168,5008256,22914688,16252864,16236480
2026-05-13T15:39:01+01:00,server,308099567,7822,1324146,1324232483,6731,0,68744,0,32911424,27904448,5006976,22915968,16252864,16236480
2026-05-13T15:39:02+01:00,server,308101949,7822,1324159,1324235018,6731,0,68744,0,32911424,27904000,5007424,22915520,16252864,16236480
2026-05-13T15:39:03+01:00,server,308104298,7822,1324206,1324237553,6731,0,68744,0,32911424,27902528,5008896,22914048,16252864,16236480
2026-05-13T15:39:04+01:00,server,308106690,7822,1324239,1324240087,6731,0,68745,0,32911424,27901696,5009728,22913216,16252864,16236480
2026-05-13T15:39:05+01:00,server,308109105,7822,1324251,1324242616,6731,0,68745,0,32911424,27907392,5004032,22918912,16252864,16236480
2026-05-13T15:39:06+01:00,server,308111430,7822,1324285,1324245125,6731,0,68746,0,32911424,27911616,4999808,22923136,16252864,16236480
2026-05-13T15:39:07+01:00,server,308113752,7822,1324300,1324247661,6731,0,68747,0,32911424,27912448,4998976,22923968,16252864,16236480
2026-05-13T15:39:08+01:00,server,308116135,7822,1324320,1324250192,6731,0,68749,0,32911424,27908608,5002816,22920128,16252864,16236480
2026-05-13T15:39:09+01:00,server,308118559,7822,1324336,1324252722,6731,0,68749,0,32911424,27904192,5007232,22915712,16252864,16236480
2026-05-13T15:39:11+01:00,server,308120955,7823,1324370,1324255232,6731,0,68749,0,32911424,27917760,4993664,22929280,16252864,16236480
2026-05-13T15:39:12+01:00,server,308123429,7826,1324385,1324257693,6731,0,68749,0,32911424,27919424,4992000,22930944,16252864,16236480
2026-05-13T15:39:13+01:00,server,308125879,7826,1324398,1324260161,6731,0,68750,0,32911424,27917376,4994048,22928832,16252864,16236480
2026-05-13T15:39:14+01:00,server,308128349,7826,1324405,1324262630,6731,0,68750,0,32911424,27917568,4993856,22929024,16252864,16236480
2026-05-13T15:39:15+01:00,server,308130778,7826,1324414,1324265092,6731,0,68750,0,32911424,27918912,4992512,22930368,16252864,16236480
2026-05-13T15:39:16+01:00,server,308133225,7826,1324431,1324267552,6731,0,68750,0,32911424,27919296,4992128,22930752,16252864,16236480
2026-05-13T15:39:17+01:00,server,308135699,7826,1324445,1324270014,6731,0,68751,0,32911424,27919168,4992256,22930624,16252864,16236480
2026-05-13T15:39:18+01:00,server,308138128,7826,1324464,1324272474,6731,0,68751,0,32911424,27920320,4991104,22931776,16252864,16236480
2026-05-13T15:39:19+01:00,server,308140597,7826,1324482,1324274935,6731,0,68752,0,32911424,27919360,4992064,22930816,16252864,16236480
2026-05-13T15:39:20+01:00,server,308143047,7826,1324498,1324277396,6731,0,68752,0,32911424,27918592,4992832,22930048,16252864,16236480
2026-05-13T15:39:21+01:00,server,308145470,7826,1324518,1324279857,6731,0,68752,0,32911424,27918976,4992448,22930432,16252864,16236480
2026-05-13T15:39:22+01:00,server,308147972,7826,1324543,1324282286,6731,0,68753,0,32911424,27919488,4991936,22930944,16252864,16236480
2026-05-13T15:39:23+01:00,server,308150449,7826,1324553,1324284746,6731,0,68754,0,32911424,27917760,4993664,22929216,16252864,16236480
2026-05-13T15:39:24+01:00,server,308152898,7826,1324567,1324287205,6731,0,68754,0,32911424,27916992,4994432,22928448,16252864,16236480
2026-05-13T15:39:25+01:00,server,308155372,7826,1324579,1324289665,6731,0,68754,0,32911424,27916416,4995008,22927872,16252864,16236480
2026-05-13T15:39:26+01:00,server,308157840,7826,1324589,1324292133,6731,0,68755,0,32911424,27915456,4995968,22926912,16252864,16236480
2026-05-13T15:39:27+01:00,server,308160288,7826,1324598,1324294595,6731,0,68755,0,32911424,27915648,4995776,22927104,16252864,16236480
2026-05-13T15:39:28+01:00,server,308162762,7826,1324610,1324297054,6731,0,68755,0,32911424,27914880,4996544,22926336,16252864,16236480
2026-05-13T15:39:29+01:00,server,308165191,7826,1324623,1324299513,6731,0,68755,0,32911424,27914752,4996672,22926208,16252864,16236480
2026-05-13T15:39:30+01:00,server,308167639,7826,1324633,1324301972,6731,0,68757,0,32911424,27916096,4995328,22927488,16252864,16236480
2026-05-13T15:39:31+01:00,server,308170092,7826,1324644,1324304434,6731,0,68757,0,32911424,27916864,4994560,22928256,16252864,16236480
2026-05-13T15:39:32+01:00,server,308172562,7826,1324660,1324306892,6731,0,68758,0,32911424,27915328,4996096,22926720,16252864,16236480
2026-05-13T15:39:33+01:00,server,308174982,7826,1324678,1324309352,6731,0,68759,0,32911424,27916864,4994560,22928256,16252864,16236480
2026-05-13T15:39:34+01:00,server,308177454,7826,1324692,1324311809,6731,0,68759,0,32911424,27914944,4996480,22926336,16252864,16236480
2026-05-13T15:39:35+01:00,server,308179904,7826,1324705,1324314269,6731,0,68759,0,32911424,27913600,4997824,22924992,16252864,16236480
2026-05-13T15:39:36+01:00,server,308182383,7826,1324714,1324316727,6731,0,68759,0,32911424,27919744,4991680,22931136,16252864,16236480
2026-05-13T15:39:37+01:00,server,308184877,7826,1324729,1324319163,6731,0,68759,0,32911424,27919232,4992192,22930624,16252864,16236480
2026-05-13T15:39:38+01:00,server,308187324,7826,1324738,1324321628,6731,0,68759,0,32911424,27919296,4992128,22930624,16252864,16236480
2026-05-13T15:39:39+01:00,server,308189795,7826,1324749,1324324090,6731,0,68759,0,32911424,27916800,4994624,22928128,16252864,16236480
2026-05-13T15:39:40+01:00,server,308192244,7826,1324763,1324326550,6731,0,68759,0,32911424,27914752,4996672,22926080,16252864,16236480
2026-05-13T15:39:41+01:00,server,308194718,7826,1324777,1324329006,6731,0,68759,0,32911424,27916288,4995136,22927616,16252864,16236480
2026-05-13T15:39:42+01:00,server,308197172,7826,1324789,1324331464,6731,0,68759,0,32911424,27917632,4993792,22928960,16252864,16236480
2026-05-13T15:39:43+01:00,server,308199574,7826,1324815,1324333918,6731,0,68760,0,32911424,27915712,4995712,22927040,16252864,16236480
2026-05-13T15:39:44+01:00,server,308202046,7826,1324829,1324336376,6731,0,68760,0,32911424,27913216,4998208,22924544,16252864,16236480
2026-05-13T15:39:45+01:00,server,308204490,7826,1324845,1324338832,6731,0,68762,0,32911424,27911488,4999936,22922816,16252864,16236480
2026-05-13T15:39:46+01:00,server,308206938,7826,1324864,1324341290,6731,0,68762,0,32911424,27910656,5000768,22921984,16252864,16236480
2026-05-13T15:39:47+01:00,server,308209411,7826,1324881,1324343750,6731,0,68762,0,32911424,27906944,5004480,22918208,16252864,16236480
2026-05-13T15:39:48+01:00,server,308211836,7826,1324894,1324346211,6731,0,68763,0,32911424,27910976,5000448,22922240,16252864,16236480
2026-05-13T15:39:50+01:00,server,308214312,7826,1324907,1324348662,6731,0,68763,0,32911424,27908288,5003136,22919552,16252864,16236480
2026-05-13T15:39:51+01:00,server,308216762,7826,1324918,1324351125,6731,0,68763,0,32911424,27910656,5000768,22921920,16252864,16236480
2026-05-13T15:39:52+01:00,server,308219206,7826,1324929,1324353566,6731,0,68763,0,32911424,27911360,5000064,22922624,16252864,16236480
2026-05-13T15:39:53+01:00,server,308221684,7826,1324941,1324356022,6731,0,68763,0,32911424,27908864,5002560,22920128,16252864,16236480
2026-05-13T15:39:54+01:00,server,308224160,7826,1324954,1324358478,6731,0,68763,0,32911424,27909120,5002304,22920320,16252864,16236480
2026-05-13T15:39:55+01:00,server,308226604,7826,1324975,1324360936,6731,0,68763,0,32911424,27908928,5002496,22920128,16252864,16236480
2026-05-13T15:39:56+01:00,server,308229078,7826,1324988,1324363392,6731,0,68764,0,32911424,27910208,5001216,22921408,16252864,16236480
2026-05-13T15:39:57+01:00,server,308231556,7826,1324999,1324365849,6731,0,68764,0,32911424,27908096,5003328,22919296,16252864,16236480
2026-05-13T15:39:58+01:00,server,308234006,7826,1325012,1324368307,6731,0,68765,0,32911424,27912192,4999232,22923392,16252864,16236480
2026-05-13T15:39:59+01:00,server,308236476,7826,1325029,1324370764,6731,0,68766,0,32911424,27912960,4998464,22924160,16252864,16236480
2026-05-13T15:40:00+01:00,server,308238902,7826,1325043,1324373219,6731,0,68767,0,32911424,27914496,4996928,22925696,16252864,16236480
2026-05-13T15:40:01+01:00,server,308241302,7826,1325084,1324375679,6731,0,68770,0,32911424,27913344,4998080,22924544,16252864,16236480
2026-05-13T15:40:02+01:00,server,308243777,7826,1325101,1324378128,6731,0,68770,0,32911424,27901696,5009728,22912832,16252864,16236480
2026-05-13T15:40:03+01:00,server,308246204,7826,1325111,1324380589,6731,0,68770,0,32911424,27908032,5003392,22919168,16252864,16236480
2026-05-13T15:40:04+01:00,server,308248678,7826,1325118,1324383052,6732,0,68770,0,32911424,27907072,5004352,22918208,16252864,16236480
2026-05-13T15:40:05+01:00,server,308251151,7826,1325132,1324385510,6732,0,68771,0,32911424,27907520,5003904,22918592,16252864,16236480
2026-05-13T15:40:06+01:00,server,308253577,7826,1325145,1324387966,6732,0,68772,0,32911424,27909248,5002176,22920320,16252864,16236480
2026-05-13T15:40:07+01:00,server,308256074,7826,1325165,1324390399,6732,0,68772,0,32911424,27910912,5000512,22921984,16252864,16236480
2026-05-13T15:40:08+01:00,server,308258549,7826,1325179,1324392859,6732,0,68772,0,32911424,27910528,5000896,22921600,16252864,16236480
2026-05-13T15:40:09+01:00,server,308260973,7826,1325195,1324395315,6732,0,68772,0,32911424,27909248,5002176,22920320,16252864,16236480
2026-05-13T15:40:10+01:00,server,308263445,7826,1325210,1324397771,6732,0,68772,0,32911424,27909248,5002176,22920320,16252864,16236480
2026-05-13T15:40:11+01:00,server,308265918,7826,1325227,1324400227,6732,0,68773,0,32911424,27906944,5004480,22918016,16252864,16236480
2026-05-13T15:40:12+01:00,server,308268346,7826,1325240,1324402684,6732,0,68773,0,32911424,27904640,5006784,22915712,16252864,16236480
2026-05-13T15:40:13+01:00,server,308270792,7826,1325258,1324405139,6732,0,68773,0,32911424,27901696,5009728,22912768,16252864,16236480
2026-05-13T15:40:14+01:00,server,308273219,7826,1325268,1324407596,6732,0,68774,0,32911424,27899968,5011456,22911040,16252864,16236480
2026-05-13T15:40:15+01:00,server,308275669,7826,1325283,1324410058,6732,0,68774,0,32911424,27903616,5007808,22914688,16252864,16236480
2026-05-13T15:40:16+01:00,server,308278141,7826,1325293,1324412520,6732,0,68774,0,32911424,27906112,5005312,22917184,16252864,16236480
2026-05-13T15:40:17+01:00,server,308280588,7826,1325310,1324414976,6732,0,68774,0,32911424,27905728,5005696,22916800,16252864,16236480
2026-05-13T15:40:18+01:00,server,308283040,7826,1325324,1324417435,6732,0,68774,0,32911424,27908480,5002944,22919552,16252864,16236480
2026-05-13T15:40:19+01:00,server,308285514,7826,1325338,1324419895,6732,0,68774,0,32911424,27907712,5003712,22918784,16252864,16236480
2026-05-13T15:40:20+01:00,server,308287940,7826,1325353,1324422355,6732,0,68775,0,32911424,27909632,5001792,22920704,16252864,16236480
2026-05-13T15:40:21+01:00,server,308290261,7826,1325373,1324424972,6732,0,68776,0,32911424,27815488,5095936,22826560,16252864,16236480
2026-05-13T15:40:22+01:00,server,308292707,7826,1325388,1324427427,6732,0,68776,0,32911424,27816000,5095424,22827072,16252864,16236480
2026-05-13T15:40:23+01:00,server,308295019,7826,1325406,1324429994,6732,0,68776,0,32911424,27795712,5115712,22806784,16252864,16236480
2026-05-13T15:40:24+01:00,server,308297389,7826,1325422,1324432535,6732,0,68777,0,32911424,27803136,5108288,22814208,16252864,16236480
2026-05-13T15:40:25+01:00,server,308299637,7826,1325461,1324435086,6732,0,68777,0,32911424,27796992,5114432,22808000,16252864,16236480
2026-05-13T15:40:26+01:00,server,308302021,7826,1325480,1324437626,6732,0,68778,0,32911424,27796928,5114496,22807936,16252864,16236480
2026-05-13T15:40:27+01:00,server,308304369,7826,1325503,1324440175,6732,0,68778,0,32911424,27795584,5115840,22806784,16252864,16236480
2026-05-13T15:40:29+01:00,server,308306753,7826,1325526,1324442731,6732,0,68778,0,32911424,27799744,5111680,22810752,16252864,16236480
2026-05-13T15:40:30+01:00,server,308309125,7826,1325542,1324445273,6732,0,68778,0,32911424,27801344,5110080,22812288,16252864,16236480
2026-05-13T15:40:31+01:00,server,308311459,7826,1325557,1324447820,6732,0,68778,0,32911424,27803456,5107968,22814400,16252864,16236480
2026-05-13T15:40:32+01:00,server,308313809,7826,1325582,1324450355,6732,0,68778,0,32911424,27807872,5103552,22818816,16252864,16236480
2026-05-13T15:40:33+01:00,server,308316206,7826,1325596,1324452834,6732,0,68779,0,32911424,27811648,5099776,22822464,16252864,16236480
2026-05-13T15:40:34+01:00,server,308318654,7826,1325612,1324455294,6732,0,68780,0,32911424,27814400,5097024,22825216,16252864,16236480
2026-05-13T15:40:35+01:00,server,308321080,7826,1325626,1324457752,6732,0,68780,0,32911424,27815552,5095872,22826368,16252864,16236480
2026-05-13T15:40:36+01:00,server,308323551,7826,1325642,1324460212,6732,0,68780,0,32911424,27816384,5095040,22827264,16252864,16236480
2026-05-13T15:40:37+01:00,server,308326028,7826,1325661,1324462648,6732,0,68780,0,32911424,27814528,5096896,22825408,16252864,16236480
2026-05-13T15:40:38+01:00,server,308328500,7826,1325675,1324465108,6732,0,68781,0,32911424,27809920,5101504,22820800,16252864,16236480
2026-05-13T15:40:39+01:00,server,308330928,7826,1325693,1324467566,6732,0,68781,0,32911424,27817088,5094336,22827968,16252864,16236480
2026-05-13T15:40:40+01:00,server,308333402,7826,1325705,1324470029,6732,0,68782,0,32911424,27817664,5093760,22828544,16252864,16236480
2026-05-13T15:40:41+01:00,server,308335851,7826,1325713,1324472498,6732,0,68782,0,32911424,27817280,5094144,22828160,16252864,16236480
2026-05-13T15:40:42+01:00,server,308338302,7826,1325721,1324474962,6732,0,68782,0,32911424,27819264,5092160,22830144,16252864,16236480
2026-05-13T15:40:43+01:00,server,308340752,7826,1325736,1324477423,6732,0,68782,0,32911424,27818816,5092608,22829696,16252864,16236480
2026-05-13T15:40:44+01:00,server,308343227,7826,1325748,1324479883,6732,0,68782,0,32911424,27816128,5095296,22827008,16252864,16236480
2026-05-13T15:40:45+01:00,server,308345651,7826,1325760,1324482342,6732,0,68785,0,32911424,27816128,5095296,22827008,16252864,16236480
2026-05-13T15:40:46+01:00,server,308348100,7826,1325773,1324484802,6732,0,68786,0,32911424,27817280,5094144,22828160,16252864,16236480
2026-05-13T15:40:47+01:00,server,308350551,7826,1325783,1324487262,6732,0,68787,0,32911424,27817216,5094208,22828096,16252864,16236480
2026-05-13T15:40:48+01:00,server,308353021,7826,1325800,1324489723,6732,0,68787,0,32911424,27818752,5092672,22829632,16252864,16236480
2026-05-13T15:40:49+01:00,server,308355492,7826,1325817,1324492182,6732,0,68787,0,32911424,27819328,5092096,22830208,16252864,16236480
2026-05-13T15:40:50+01:00,server,308357941,7826,1325830,1324494642,6732,0,68787,0,32911424,27815744,5095680,22826560,16252864,16236480
2026-05-13T15:40:51+01:00,server,308360412,7826,1325843,1324497103,6732,0,68789,0,32911424,27816512,5094912,22827328,16252864,16236480
2026-05-13T15:40:52+01:00,server,308362975,7826,1325861,1324499585,6732,0,68789,0,32911424,27820352,5091072,22831168,16252864,16236480
2026-05-13T15:40:53+01:00,server,308365423,7826,1325865,1324502057,6732,0,68789,0,32911424,27820544,5090880,22831360,16252864,16236480
2026-05-13T15:40:54+01:00,server,308367896,7826,1325880,1324504519,6732,0,68789,0,32911424,27819712,5091712,22830528,16252864,16236480
2026-05-13T15:40:55+01:00,server,308370318,7826,1325901,1324506980,6732,0,68789,0,32911424,27820096,5091328,22830912,16252864,16236480
2026-05-13T15:40:56+01:00,server,308372768,7826,1325914,1324509441,6732,0,68789,0,32911424,27820096,5091328,22830912,16252864,16236480
2026-05-13T15:40:57+01:00,server,308375239,7826,1325931,1324511905,6732,0,68790,0,32911424,27820672,5090752,22831488,16252864,16236480
2026-05-13T15:40:58+01:00,server,308377682,7826,1325953,1324514365,6732,0,68790,0,32911424,27819904,5091520,22830720,16252864,16236480
2026-05-13T15:40:59+01:00,server,308380087,7826,1325969,1324516878,6732,0,68791,0,32911424,27822016,5089408,22832832,16252864,16236480
2026-05-13T15:41:00+01:00,server,308382538,7826,1325979,1324519331,6732,0,68792,0,32911424,27822272,5089152,22833216,16252864,16236480
2026-05-13T15:41:01+01:00,server,308384971,7826,1325990,1324521787,6732,0,68792,0,32911424,27822848,5088576,22833664,16252864,16236480
2026-05-13T15:41:02+01:00,server,308387445,7826,1326001,1324524248,6732,0,68794,0,32911424,27816000,5095424,22826752,16252864,16236480
2026-05-13T15:41:03+01:00,server,308389897,7826,1326011,1324526708,6732,0,68795,0,32911424,27819264,5092160,22830016,16252864,16236480
2026-05-13T15:41:04+01:00,server,308392323,7826,1326025,1324529168,6732,0,68796,0,32911424,27820032,5091392,22830784,16252864,16236480
2026-05-13T15:41:05+01:00,server,308394773,7826,1326030,1324531640,6732,0,68796,0,32911424,27819456,5091968,22830208,16252864,16236480
2026-05-13T15:41:07+01:00,server,308397245,7826,1326047,1324534079,6732,0,68796,0,32911424,27822528,5088896,22833280,16252864,16236480
2026-05-13T15:41:08+01:00,server,308399673,7826,1326058,1324536539,6732,0,68796,0,32911424,27821760,5089664,22832512,16252864,16236480
2026-05-13T15:41:09+01:00,server,308402119,7826,1326075,1324539000,6732,0,68797,0,32911424,27822912,5088512,22833664,16252864,16236480
2026-05-13T15:41:10+01:00,server,308404565,7826,1326093,1324541459,6732,0,68797,0,32911424,27822528,5088896,22833280,16252864,16236480
2026-05-13T15:41:11+01:00,server,308407013,7826,1326107,1324543918,6732,0,68798,0,32911424,27821632,5089792,22832256,16252864,16236480
2026-05-13T15:41:12+01:00,server,308409466,7826,1326121,1324546378,6732,0,68798,0,32911424,27820288,5091136,22830912,16252864,16236480
2026-05-13T15:41:13+01:00,server,308411937,7826,1326138,1324548837,6732,0,68798,0,32911424,27819136,5092288,22829760,16252864,16236480
2026-05-13T15:41:14+01:00,server,308414366,7826,1326151,1324551298,6732,0,68798,0,32911424,27820096,5091328,22830720,16252864,16236480
2026-05-13T15:41:15+01:00,server,308416840,7826,1326165,1324553757,6732,0,68798,0,32911424,27818752,5092672,22829376,16252864,16236480
2026-05-13T15:41:16+01:00,server,308419264,7826,1326181,1324556216,6732,0,68798,0,32911424,27817856,5093568,22828480,16252864,16236480
2026-05-13T15:41:17+01:00,server,308421738,7826,1326194,1324558676,6732,0,68798,0,32911424,27819392,5092032,22830016,16252864,16236480
2026-05-13T15:41:18+01:00,server,308424206,7826,1326204,1324561145,6732,0,68799,0,32911424,27820928,5090496,22831552,16252864,16236480
2026-05-13T15:41:19+01:00,server,308426654,7826,1326215,1324563608,6732,0,68799,0,32911424,27819584,5091840,22830208,16252864,16236480
2026-05-13T15:41:20+01:00,server,308429129,7826,1326227,1324566069,6732,0,68799,0,32911424,27821696,5089728,22832320,16252864,16236480
2026-05-13T15:41:21+01:00,server,308431603,7826,1326241,1324568530,6732,0,68799,0,32911424,27822464,5088960,22833088,16252864,16236480
2026-05-13T15:41:22+01:00,server,308434099,7826,1326260,1324570967,6732,0,68799,0,32911424,27824768,5086656,22835392,16252864,16236480
2026-05-13T15:41:23+01:00,server,308436549,7826,1326271,1324573427,6732,0,68799,0,32911424,27823616,5087808,22834240,16252864,16236480
2026-05-13T15:41:24+01:00,server,308439024,7826,1326282,1324575888,6732,0,68800,0,32911424,27822912,5088512,22833536,16252864,16236480
2026-05-13T15:41:25+01:00,server,308441472,7826,1326295,1324578348,6732,0,68800,0,32911424,27822336,5089088,22832960,16252864,16236480
2026-05-13T15:41:26+01:00,server,308443880,7826,1326307,1324580806,6732,0,68800,0,32911424,27823552,5087872,22834176,16252864,16236480
2026-05-13T15:41:27+01:00,server,308446353,7826,1326320,1324583271,6732,0,68800,0,32911424,27820480,5090944,22831104,16252864,16236480
2026-05-13T15:41:28+01:00,server,308448804,7826,1326330,1324585730,6732,0,68801,0,32911424,27822336,5089088,22832960,16252864,16236480
2026-05-13T15:41:29+01:00,server,308451254,7826,1326344,1324588190,6732,0,68801,0,32911424,27819520,5091904,22830144,16252864,16236480
2026-05-13T15:41:30+01:00,server,308453701,7826,1326354,1324590658,6732,0,68801,0,32911424,27820672,5090752,22831296,16252864,16236480
2026-05-13T15:41:31+01:00,server,308456125,7826,1326366,1324593123,6732,0,68801,0,32911424,27819136,5092288,22829760,16252864,16236480
2026-05-13T15:41:32+01:00,server,308458576,7826,1326389,1324595583,6732,0,68801,0,32911424,27818944,5092480,22829568,16252864,16236480
2026-05-13T15:41:33+01:00,server,308461004,7826,1326427,1324598042,6732,0,68801,0,32911424,27817024,5094400,22827648,16252864,16236480
2026-05-13T15:41:34+01:00,server,308463432,7826,1326440,1324600503,6732,0,68801,0,32911424,27819712,5091712,22830336,16252864,16236480
2026-05-13T15:41:35+01:00,server,308465877,7826,1326460,1324602965,6732,0,68802,0,32911424,27817472,5093952,22828096,16252864,16236480
2026-05-13T15:41:36+01:00,server,308468349,7826,1326472,1324605425,6732,0,68803,0,32911424,27817856,5093568,22828480,16252864,16236480
2026-05-13T15:41:37+01:00,server,308470819,7826,1326487,1324607858,6732,0,68803,0,32911424,27820544,5090880,22831168,16252864,16236480
2026-05-13T15:41:38+01:00,server,308473269,7826,1326520,1324610318,6732,0,68803,0,32911424,27819584,5091840,22830208,16252864,16236480
2026-05-13T15:41:39+01:00,server,308475744,7826,1326532,1324612777,6732,0,68803,0,32911424,27816704,5094720,22827328,16252864,16236480
2026-05-13T15:41:40+01:00,server,308478192,7826,1326547,1324615238,6732,0,68803,0,32911424,27820992,5090432,22831616,16252864,16236480
2026-05-13T15:41:41+01:00,server,308480667,7826,1326558,1324617696,6732,0,68803,0,32911424,27816832,5094592,22827456,16252864,16236480
2026-05-13T15:41:42+01:00,server,308483140,7826,1326564,1324620164,6732,0,68804,0,32911424,27820288,5091136,22830912,16252864,16236480
2026-05-13T15:41:43+01:00,server,308485498,7826,1326569,1324622631,6732,0,68804,0,32911424,27819008,5092416,22829632,16252864,16236480
2026-05-13T15:41:45+01:00,server,308487971,7826,1326582,1324625091,6732,0,68804,0,32911424,27819200,5092224,22829824,16252864,16236480
2026-05-13T15:41:46+01:00,server,308490444,7826,1326596,1324627552,6732,0,68805,0,32911424,27819008,5092416,22829632,16252864,16236480
2026-05-13T15:41:47+01:00,server,308492894,7826,1326609,1324630010,6732,0,68805,0,32911424,27820352,5091072,22830976,16252864,16236480
2026-05-13T15:41:48+01:00,server,308495346,7826,1326620,1324632471,6732,0,68806,0,32911424,27819584,5091840,22830208,16252864,16236480
2026-05-13T15:41:49+01:00,server,308497824,7826,1326627,1324634930,6732,0,68806,0,32911424,27821312,5090112,22831936,16252864,16236480
2026-05-13T15:41:50+01:00,server,308500266,7826,1326637,1324637383,6732,0,68806,0,32911424,27821888,5089536,22832512,16252864,16236480
2026-05-13T15:41:51+01:00,server,308502691,7826,1326654,1324639845,6732,0,68806,0,32911424,27822080,5089344,22832704,16252864,16236480
2026-05-13T15:41:52+01:00,server,308505175,7826,1326666,1324642282,6732,0,68806,0,32911424,27817280,5094144,22827904,16252864,16236480
2026-05-13T15:41:53+01:00,server,308507625,7826,1326677,1324644745,6732,0,68806,0,32911424,27818240,5093184,22828864,16252864,16236480
2026-05-13T15:41:54+01:00,server,308510076,7826,1326687,1324647203,6732,0,68806,0,32911424,27817536,5093888,22828160,16252864,16236480
2026-05-13T15:41:55+01:00,server,308512545,7826,1326699,1324649672,6732,0,68806,0,32911424,27823872,5087552,22834496,16252864,16236480
2026-05-13T15:41:56+01:00,server,308514943,7826,1326712,1324652137,6732,0,68807,0,32911424,27821376,5090048,22832000,16252864,16236480
2026-05-13T15:41:57+01:00,server,308517414,7826,1326727,1324654600,6732,0,68807,0,32911424,27822144,5089280,22832768,16252864,16236480
2026-05-13T15:41:58+01:00,server,308519865,7826,1326741,1324657062,6732,0,68807,0,32911424,27823616,5087808,22834240,16252864,16236480
2026-05-13T15:41:59+01:00,server,308522342,7826,1326751,1324659523,6732,0,68807,0,32911424,27818432,5092992,22829056,16252864,16236480
2026-05-13T15:42:00+01:00,server,308524770,7826,1326764,1324661982,6732,0,68807,0,32911424,27820928,5090496,22831552,16252864,16236480
2026-05-13T15:42:01+01:00,server,308527245,7826,1326774,1324664441,6732,0,68809,0,32911424,27818816,5092608,22829440,16252864,16236480
2026-05-13T15:42:02+01:00,server,308529725,7826,1326783,1324666905,6732,0,68809,0,32911424,27820352,5091072,22830976,16252864,16236480
2026-05-13T15:42:03+01:00,server,308532148,7826,1326799,1324669365,6732,0,68809,0,32911424,27818816,5092608,22829440,16252864,16236480
2026-05-13T15:42:04+01:00,server,308534617,7826,1326814,1324671826,6732,0,68811,0,32911424,27821120,5090304,22831744,16252864,16236480
2026-05-13T15:42:05+01:00,server,308537045,7826,1326830,1324674286,6732,0,68811,0,32911424,27819776,5091648,22830400,16252864,16236480
2026-05-13T15:42:06+01:00,server,308539495,7826,1326843,1324676745,6732,0,68812,0,32911424,27821632,5089792,22832256,16252864,16236480
2026-05-13T15:42:07+01:00,server,308542009,7826,1326859,1324679182,6732,0,68812,0,32911424,27823424,5088000,22834048,16252864,16236480
2026-05-13T15:42:08+01:00,server,308544411,7826,1326866,1324681649,6732,0,68812,0,32911424,27824576,5086848,22835200,16252864,16236480
2026-05-13T15:42:09+01:00,server,308546857,7826,1326884,1324684108,6732,0,68812,0,32911424,27826240,5085184,22836864,16252864,16236480
2026-05-13T15:42:10+01:00,server,308549261,7826,1326898,1324686618,6732,0,68812,0,32911424,27826432,5084992,22837056,16252864,16236480
2026-05-13T15:42:11+01:00,server,308551696,7826,1326910,1324689074,6732,0,68812,0,32911424,27825472,5085952,22836096,16252864,16236480
2026-05-13T15:42:12+01:00,server,308554171,7826,1326921,1324691537,6732,0,68812,0,32911424,27822592,5088832,22833216,16252864,16236480
2026-05-13T15:42:13+01:00,server,308556623,7826,1326932,1324693997,6732,0,68812,0,32911424,27825088,5086336,22835712,16252864,16236480
2026-05-13T15:42:14+01:00,server,308559096,7826,1326945,1324696458,6732,0,68814,0,32911424,27825088,5086336,22835712,16252864,16236480
2026-05-13T15:42:15+01:00,server,308561546,7826,1326958,1324698917,6732,0,68814,0,32911424,27830592,5080832,22841216,16252864,16236480
2026-05-13T15:42:16+01:00,server,308563975,7826,1326969,1324701377,6732,0,68814,0,32911424,27829056,5082368,22839680,16252864,16236480
2026-05-13T15:42:17+01:00,server,308566401,7826,1326982,1324703835,6732,0,68814,0,32911424,27829632,5081792,22840256,16252864,16236480
2026-05-13T15:42:18+01:00,server,308568872,7826,1326997,1324706296,6732,0,68814,0,32911424,27823616,5087808,22834112,16252864,16236480
2026-05-13T15:42:19+01:00,server,308571300,7826,1327006,1324708763,6732,0,68814,0,32911424,27823040,5088384,22833536,16252864,16236480
2026-05-13T15:42:20+01:00,server,308573763,7826,1327019,1324711233,6732,0,68815,0,32911424,27822848,5088576,22833344,16252864,16236480
2026-05-13T15:42:21+01:00,server,308576233,7826,1327043,1324713669,6732,0,68815,0,32911424,27823424,5088000,22833920,16252864,16236480
2026-05-13T15:42:22+01:00,server,308578655,7826,1327061,1324716130,6732,0,68815,0,32911424,27822272,5089152,22832768,16252864,16236480
2026-05-13T15:42:24+01:00,server,308581132,7826,1327072,1324718590,6732,0,68815,0,32911424,27822464,5088960,22832960,16252864,16236480
2026-05-13T15:42:25+01:00,server,308583602,7826,1327088,1324721051,6732,0,68815,0,32911424,27821696,5089728,22832192,16252864,16236480
2026-05-13T15:42:26+01:00,server,308586054,7826,1327096,1324723512,6732,0,68816,0,32911424,27820352,5091072,22830848,16252864,16236480
2026-05-13T15:42:27+01:00,server,308588484,7826,1327107,1324725972,6732,0,68816,0,32911424,27820928,5090496,22831424,16252864,16236480
2026-05-13T15:42:28+01:00,server,308590960,7826,1327117,1324728432,6732,0,68817,0,32911424,27818176,5093248,22828672,16252864,16236480
2026-05-13T15:42:29+01:00,server,308593386,7826,1327130,1324730893,6732,0,68818,0,32911424,27819200,5092224,22829696,16252864,16236480
2026-05-13T15:42:30+01:00,server,308595875,7826,1327144,1324733337,6732,0,68818,0,32911424,27806912,5104512,22817408,16252864,16236480
2026-05-13T15:42:31+01:00,server,308598429,7826,1327182,1324735693,6732,0,68818,0,32911424,27805568,5105856,22816064,16252864,16236480
2026-05-13T15:42:32+01:00,server,308600918,7826,1327203,1324738057,6732,0,68820,0,32911424,27810944,5100480,22821440,16252864,16236480
2026-05-13T15:42:33+01:00,server,308603389,7826,1327209,1324740528,6732,0,68820,0,32911424,27814848,5096576,22825280,16252864,16236480
2026-05-13T15:42:34+01:00,server,308605865,7826,1327220,1324742991,6732,0,68821,0,32911424,27814656,5096768,22825088,16252864,16236480
2026-05-13T15:42:35+01:00,server,308608336,7826,1327236,1324745451,6732,0,68821,0,32911424,27813696,5097728,22824128,16252864,16236480
2026-05-13T15:42:36+01:00,server,308610785,7826,1327248,1324747910,6732,0,68822,0,32911424,27814528,5096896,22824960,16252864,16236480
2026-05-13T15:42:37+01:00,server,308613283,7826,1327267,1324750337,6732,0,68822,0,32911424,27816640,5094784,22827008,16252864,16236480
2026-05-13T15:42:38+01:00,server,308615758,7826,1327279,1324752798,6732,0,68822,0,32911424,27815296,5096128,22825664,16252864,16236480
2026-05-13T15:42:39+01:00,server,308618156,7826,1327297,1324755261,6732,0,68822,0,32911424,27816256,5095168,22826624,16252864,16236480
2026-05-13T15:42:40+01:00,server,308620604,7826,1327314,1324757719,6732,0,68822,0,32911424,27816256,5095168,22826624,16252864,16236480
2026-05-13T15:42:41+01:00,server,308623053,7826,1327327,1324760176,6732,0,68822,0,32911424,27817792,5093632,22828160,16252864,16236480
2026-05-13T15:42:42+01:00,server,308625526,7826,1327341,1324762635,6732,0,68822,0,32911424,27818560,5092864,22828928,16252864,16236480
2026-05-13T15:42:43+01:00,server,308627999,7826,1327353,1324765091,6732,0,68823,0,32911424,27818176,5093248,22828544,16252864,16236480
2026-05-13T15:42:44+01:00,server,308630426,7826,1327365,1324767551,6732,0,68824,0,32911424,27815424,5096000,22825792,16252864,16236480
2026-05-13T15:42:45+01:00,server,308632854,7826,1327371,1324770022,6732,0,68824,0,32911424,27819456,5091968,22829824,16252864,16236480
2026-05-13T15:42:46+01:00,server,308635308,7826,1327380,1324772484,6732,0,68825,0,32911424,27816192,5095232,22826560,16252864,16236480
2026-05-13T15:42:47+01:00,server,308637757,7826,1327395,1324774944,6732,0,68825,0,32911424,27814784,5096640,22825152,16252864,16236480
2026-05-13T15:42:48+01:00,server,308640210,7826,1327413,1324777403,6732,0,68825,0,32911424,27815936,5095488,22826304,16252864,16236480
2026-05-13T15:42:49+01:00,server,308642687,7826,1327425,1324779862,6732,0,68825,0,32911424,27814976,5096448,22825344,16252864,16236480
2026-05-13T15:42:50+01:00,server,308645111,7826,1327439,1324782322,6732,0,68825,0,32911424,27816960,5094464,22827328,16252864,16236480
2026-05-13T15:42:51+01:00,server,308647581,7826,1327454,1324784781,6732,0,68826,0,32911424,27818688,5092736,22829056,16252864,16236480
2026-05-13T15:42:52+01:00,server,308650076,7826,1327469,1324787214,6732,0,68826,0,32911424,27819776,5091648,22830144,16252864,16236480
2026-05-13T15:42:53+01:00,server,308652523,7826,1327485,1324789674,6732,0,68826,0,32911424,27815936,5095488,22826304,16252864,16236480
2026-05-13T15:42:54+01:00,server,308654997,7826,1327499,1324792148,6733,0,68826,0,32911424,27818048,5093376,22828416,16252864,16236480
2026-05-13T15:42:55+01:00,server,308657471,7826,1327512,1324794608,6733,0,68826,0,32911424,27816640,5094784,22827008,16252864,16236480
2026-05-13T15:42:56+01:00,server,308659944,7826,1327528,1324797068,6733,0,68826,0,32911424,27815104,5096320,22825472,16252864,16236480
2026-05-13T15:42:57+01:00,server,308662392,7826,1327535,1324799534,6733,0,68826,0,32911424,27819712,5091712,22830080,16252864,16236480
2026-05-13T15:42:58+01:00,server,308664845,7826,1327544,1324801997,6733,0,68826,0,32911424,27818048,5093376,22828352,16252864,16236480
2026-05-13T15:42:59+01:00,server,308667297,7826,1327558,1324804458,6733,0,68826,0,32911424,27818688,5092736,22828992,16252864,16236480
2026-05-13T15:43:00+01:00,server,308669747,7826,1327571,1324806918,6733,0,68826,0,32911424,27819648,5091776,22829952,16252864,16236480
2026-05-13T15:43:02+01:00,server,308672198,7826,1327586,1324809378,6733,0,68826,0,32911424,27820352,5091072,22830656,16252864,16236480
2026-05-13T15:43:03+01:00,server,308674652,7826,1327615,1324811837,6733,0,68827,0,32911424,27819776,5091648,22830080,16252864,16236480
2026-05-13T15:43:04+01:00,server,308677076,7826,1327632,1324814297,6733,0,68827,0,32911424,27819200,5092224,22829504,16252864,16236480
2026-05-13T15:43:05+01:00,server,308679553,7826,1327643,1324816756,6733,0,68827,0,32911424,27817280,5094144,22827584,16252864,16236480
2026-05-13T15:43:06+01:00,server,308682006,7826,1327651,1324819217,6733,0,68828,0,32911424,27816576,5094848,22826880,16252864,16236480
2026-05-13T15:43:07+01:00,server,308684457,7826,1327666,1324821653,6733,0,68828,0,32911424,27815424,5096000,22825728,16252864,16236480
2026-05-13T15:43:08+01:00,server,308686928,7826,1327682,1324824114,6733,0,68828,0,32911424,27813504,5097920,22823808,16252864,16236480
2026-05-13T15:43:09+01:00,server,308689377,7826,1327698,1324826571,6733,0,68828,0,32911424,27815488,5095936,22825792,16252864,16236480
2026-05-13T15:43:10+01:00,server,308691802,7826,1327706,1324829038,6733,0,68828,0,32911424,27816640,5094784,22826944,16252864,16236480
2026-05-13T15:43:11+01:00,server,308694252,7826,1327714,1324831501,6733,0,68828,0,32911424,27818560,5092864,22828864,16252864,16236480
2026-05-13T15:43:12+01:00,server,308696678,7826,1327725,1324833961,6733,0,68829,0,32911424,27818944,5092480,22829248,16252864,16236480
2026-05-13T15:43:13+01:00,server,308699156,7826,1327735,1324836420,6733,0,68829,0,32911424,27819776,5091648,22830080,16252864,16236480
2026-05-13T15:43:14+01:00,server,308701584,7826,1327749,1324838886,6733,0,68829,0,32911424,27819520,5091904,22829824,16252864,16236480
2026-05-13T15:43:15+01:00,server,308704033,7826,1327763,1324841344,6733,0,68829,0,32911424,27820992,5090432,22831296,16252864,16236480
2026-05-13T15:43:16+01:00,server,308706508,7826,1327775,1324843802,6733,0,68829,0,32911424,27819520,5091904,22829824,16252864,16236480
2026-05-13T15:43:17+01:00,server,308708955,7826,1327795,1324846256,6733,0,68829,0,32911424,27820096,5091328,22830400,16252864,16236480
2026-05-13T15:43:18+01:00,server,308711403,7826,1327806,1324848712,6733,0,68830,0,32911424,27814528,5096896,22824768,16252864,16236480
2026-05-13T15:43:19+01:00,server,308713834,7826,1327824,1324851170,6733,0,68830,0,32911424,27814976,5096448,22825216,16252864,16236480
2026-05-13T15:43:20+01:00,server,308716286,7826,1327837,1324853626,6733,0,68830,0,32911424,27815872,5095552,22825984,16252864,16236480
2026-05-13T15:43:21+01:00,server,308718685,7826,1327848,1324856134,6733,0,68830,0,32911424,27813376,5098048,22823488,16252864,16236480
2026-05-13T15:43:22+01:00,server,308721141,7826,1327864,1324858570,6733,0,68830,0,32911424,27816192,5095232,22826304,16252864,16236480
2026-05-13T15:43:23+01:00,server,308723587,7826,1327869,1324861030,6733,0,68831,0,32911424,27816896,5094528,22827008,16252864,16236480
2026-05-13T15:43:24+01:00,server,308726040,7826,1327879,1324863493,6733,0,68831,0,32911424,27816128,5095296,22826176,16252864,16236480
2026-05-13T15:43:25+01:00,server,308728468,7826,1327892,1324865950,6733,0,68831,0,32911424,27818624,5092800,22828672,16252864,16236480
2026-05-13T15:43:26+01:00,server,308730921,7826,1327906,1324868407,6733,0,68831,0,32911424,27817664,5093760,22827712,16252864,16236480
2026-05-13T15:43:27+01:00,server,308733369,7826,1327921,1324870865,6733,0,68832,0,32911424,27818304,5093120,22828352,16252864,16236480
2026-05-13T15:43:28+01:00,server,308735819,7826,1327936,1324873323,6733,0,68832,0,32911424,27818112,5093312,22828160,16252864,16236480
2026-05-13T15:43:29+01:00,server,308738269,7826,1327953,1324875781,6733,0,68832,0,32911424,27821376,5090048,22831424,16252864,16236480
2026-05-13T15:43:30+01:00,server,308740701,7826,1327960,1324878237,6733,0,68832,0,32911424,27816960,5094464,22827008,16252864,16236480
2026-05-13T15:43:31+01:00,server,308743149,7826,1327979,1324880694,6733,0,68832,0,32911424,27822720,5088704,22832768,16252864,16236480
2026-05-13T15:43:32+01:00,server,308745627,7826,1327989,1324883151,6733,0,68833,0,32911424,27823872,5087552,22833920,16252864,16236480
2026-05-13T15:43:33+01:00,server,308748053,7826,1328004,1324885608,6733,0,68833,0,32911424,27817984,5093440,22828032,16252864,16236480
2026-05-13T15:43:34+01:00,server,308750504,7826,1328013,1324888071,6733,0,68833,0,32911424,27819392,5092032,22829440,16252864,16236480
2026-05-13T15:43:35+01:00,server,308752975,7826,1328024,1324890537,6733,0,68833,0,32911424,27817216,5094208,22827264,16252864,16236480
2026-05-13T15:43:36+01:00,server,308755434,7826,1328044,1324892971,6733,0,68834,0,32911424,27817984,5093440,22828032,16252864,16236480
2026-05-13T15:43:37+01:00,server,308757905,7826,1328059,1324895428,6733,0,68834,0,32911424,27815936,5095488,22825920,16252864,16236480
2026-05-13T15:43:38+01:00,server,308760353,7826,1328077,1324897885,6733,0,68835,0,32911424,27815552,5095872,22825536,16252864,16236480
2026-05-13T15:43:39+01:00,server,308762805,7826,1328091,1324900342,6733,0,68835,0,32911424,27816128,5095296,22826112,16252864,16236480
2026-05-13T15:43:41+01:00,server,308765254,7826,1328107,1324902800,6733,0,68836,0,32911424,27814016,5097408,22824000,16252864,16236480
2026-05-13T15:43:42+01:00,server,308767683,7826,1328124,1324905258,6733,0,68837,0,32911424,27813312,5098112,22823296,16252864,16236480
2026-05-13T15:43:43+01:00,server,308770130,7826,1328140,1324907715,6733,0,68838,0,32911424,27814272,5097152,22824256,16252864,16236480
2026-05-13T15:43:44+01:00,server,308772605,7826,1328154,1324910173,6733,0,68838,0,32911424,27812160,5099264,22822144,16252864,16236480
2026-05-13T15:43:45+01:00,server,308775078,7826,1328170,1324912629,6733,0,68839,0,32911424,27812544,5098880,22822528,16252864,16236480
2026-05-13T15:43:46+01:00,server,308777530,7826,1328183,1324915087,6733,0,68839,0,32911424,27813696,5097728,22823680,16252864,16236480
2026-05-13T15:43:47+01:00,server,308780001,7826,1328196,1324917548,6733,0,68839,0,32911424,27812928,5098496,22822912,16252864,16236480
2026-05-13T15:43:48+01:00,server,308782449,7826,1328205,1324920012,6733,0,68840,0,32911424,27812608,5098816,22822592,16252864,16236480
2026-05-13T15:43:49+01:00,server,308784835,7826,1328218,1324922475,6733,0,68841,0,32911424,27814144,5097280,22824128,16252864,16236480
2026-05-13T15:43:50+01:00,server,308787266,7826,1328236,1324924924,6733,0,68842,0,32911424,27813760,5097664,22823744,16252864,16236480
2026-05-13T15:43:51+01:00,server,308789719,7826,1328250,1324927381,6733,0,68842,0,32911424,27814720,5096704,22824704,16252864,16236480
2026-05-13T15:43:52+01:00,server,308792229,7826,1328275,1324929809,6733,0,68842,0,32911424,27818048,5093376,22827968,16252864,16236480
2026-05-13T15:43:53+01:00,server,308794663,7826,1328289,1324932269,6733,0,68842,0,32911424,27814912,5096512,22824704,16252864,16236480
2026-05-13T15:43:54+01:00,server,308797113,7826,1328304,1324934728,6733,0,68842,0,32911424,27812032,5099392,22821824,16252864,16236480
2026-05-13T15:43:55+01:00,server,308799587,7826,1328319,1324937187,6733,0,68843,0,32911424,27812032,5099392,22821824,16252864,16236480
2026-05-13T15:43:56+01:00,server,308802057,7826,1328336,1324939647,6733,0,68844,0,32911424,27814720,5096704,22824512,16252864,16236480
2026-05-13T15:43:57+01:00,server,308804505,7826,1328347,1324942107,6733,0,68844,0,32911424,27812736,5098688,22822528,16252864,16236480
2026-05-13T15:43:58+01:00,server,308806976,7826,1328363,1324944566,6733,0,68845,0,32911424,27813504,5097920,22823296,16252864,16236480
2026-05-13T15:43:59+01:00,server,308809427,7826,1328372,1324947032,6733,0,68845,0,32911424,27815808,5095616,22825600,16252864,16236480
2026-05-13T15:44:00+01:00,server,308811875,7826,1328380,1324949496,6733,0,68845,0,32911424,27814464,5096960,22824256,16252864,16236480
2026-05-13T15:44:01+01:00,server,308814325,7826,1328394,1324951955,6733,0,68847,0,32911424,27814656,5096768,22824448,16252864,16236480
2026-05-13T15:44:02+01:00,server,308816798,7826,1328408,1324954415,6733,0,68847,0,32911424,27819200,5092224,22828992,16252864,16236480
2026-05-13T15:44:03+01:00,server,308819254,7826,1328415,1324956874,6733,0,68847,0,32911424,27818496,5092928,22828288,16252864,16236480
2026-05-13T15:44:04+01:00,server,308821728,7826,1328429,1324959334,6733,0,68847,0,32911424,27818944,5092480,22828736,16252864,16236480
2026-05-13T15:44:05+01:00,server,308824202,7826,1328443,1324961794,6733,0,68847,0,32911424,27818176,5093248,22827968,16252864,16236480
2026-05-13T15:44:06+01:00,server,308826607,7826,1328453,1324964253,6733,0,68849,0,32911424,27817600,5093824,22827392,16252864,16236480
2026-05-13T15:44:07+01:00,server,308829083,7826,1328469,1324966689,6733,0,68849,0,32911424,27816128,5095296,22825856,16252864,16236480
2026-05-13T15:44:08+01:00,server,308831524,7826,1328485,1324969147,6733,0,68849,0,32911424,27815744,5095680,22825472,16252864,16236480
2026-05-13T15:44:09+01:00,server,308833983,7826,1328495,1324971609,6733,0,68849,0,32911424,27816576,5094848,22826304,16252864,16236480
2026-05-13T15:44:10+01:00,server,308836413,7826,1328506,1324974069,6733,0,68849,0,32911424,27817280,5094144,22827008,16252864,16236480
2026-05-13T15:44:11+01:00,server,308838860,7831,1328515,1324976527,6733,0,68849,0,32911424,27811520,5099904,22821248,16252864,16236480
2026-05-13T15:44:12+01:00,server,308841311,7831,1328520,1324978993,6734,0,68850,0,32911424,27817472,5093952,22827200,16252864,16236480
2026-05-13T15:44:13+01:00,server,308843762,7831,1328533,1324981452,6734,0,68852,0,32911424,27818240,5093184,22827968,16252864,16236480
2026-05-13T15:44:14+01:00,server,308846165,7831,1328549,1324983912,6734,0,68852,0,32911424,27817856,5093568,22827584,16252864,16236480
2026-05-13T15:44:15+01:00,server,308848636,7831,1328566,1324986370,6734,0,68852,0,32911424,27815744,5095680,22825472,16252864,16236480
2026-05-13T15:44:16+01:00,server,308851085,7831,1328583,1324988831,6734,0,68853,0,32911424,27817536,5093888,22827264,16252864,16236480
2026-05-13T15:44:17+01:00,server,308853536,7831,1328594,1324991289,6734,0,68853,0,32911424,27817600,5093824,22827328,16252864,16236480
2026-05-13T15:44:18+01:00,server,308855988,7831,1328606,1324993749,6734,0,68853,0,32911424,27813952,5097472,22823680,16252864,16236480
2026-05-13T15:44:20+01:00,server,308858415,7831,1328620,1324996207,6734,0,68855,0,32911424,27812544,5098880,22822272,16252864,16236480
2026-05-13T15:44:21+01:00,server,308860864,7831,1328633,1324998667,6734,0,68855,0,32911424,27817728,5093696,22827456,16252864,16236480
2026-05-13T15:44:22+01:00,server,308863332,7832,1328659,1325001099,6734,0,68856,0,32911424,27817792,5093632,22827456,16252864,16236480
2026-05-13T15:44:23+01:00,server,308865734,7832,1328674,1325003559,6734,0,68856,0,32911424,27814528,5096896,22824192,16252864,16236480
2026-05-13T15:44:24+01:00,server,308868186,7832,1328683,1325006027,6734,0,68856,0,32911424,27811648,5099776,22821312,16252864,16236480
2026-05-13T15:44:25+01:00,server,308870638,7832,1328688,1325008494,6734,0,68856,0,32911424,27812992,5098432,22822656,16252864,16236480
2026-05-13T15:44:26+01:00,server,308873088,7832,1328701,1325010952,6734,0,68856,0,32911424,27814848,5096576,22824512,16252864,16236480
2026-05-13T15:44:27+01:00,server,308875538,7832,1328716,1325013412,6734,0,68857,0,32911424,27814080,5097344,22823744,16252864,16236480
2026-05-13T15:44:28+01:00,server,308878015,7832,1328728,1325015871,6734,0,68857,0,32911424,27813888,5097536,22823552,16252864,16236480
2026-05-13T15:44:29+01:00,server,308880462,7832,1328747,1325018330,6734,0,68857,0,32911424,27814400,5097024,22824128,16252864,16236480
2026-05-13T15:44:30+01:00,server,308882936,7832,1328760,1325020793,6734,0,68858,0,32911424,27814336,5097088,22824000,16252864,16236480
2026-05-13T15:44:31+01:00,server,308885410,7832,1328771,1325023252,6734,0,68858,0,32911424,27813888,5097536,22823552,16252864,16236480
2026-05-13T15:44:32+01:00,server,308887728,7832,1328784,1325025762,6734,0,68859,0,32911424,27813696,5097728,22823360,16252864,16236480
2026-05-13T15:44:33+01:00,server,308890190,7832,1328797,1325028215,6734,0,68859,0,32911424,27812736,5098688,22822400,16252864,16236480
2026-05-13T15:44:34+01:00,server,308892626,7832,1328806,1325030677,6734,0,68859,0,32911424,27812928,5098496,22822592,16252864,16236480
2026-05-13T15:44:35+01:00,server,308895075,7832,1328818,1325033137,6734,0,68859,0,32911424,27813504,5097920,22823168,16252864,16236480
2026-05-13T15:44:36+01:00,server,308897549,7832,1328827,1325035602,6734,0,68859,0,32911424,27817728,5093696,22827392,16252864,16236480
2026-05-13T15:44:37+01:00,server,308900002,7832,1328837,1325038044,6734,0,68860,0,32911424,27817792,5093632,22827392,16252864,16236480
2026-05-13T15:44:38+01:00,server,308902477,7832,1328849,1325040504,6734,0,68860,0,32911424,27816064,5095360,22825664,16252864,16236480
2026-05-13T15:44:39+01:00,server,308904927,7832,1328868,1325042966,6734,0,68860,0,32911424,27816064,5095360,22825664,16252864,16236480
2026-05-13T15:44:40+01:00,server,308907378,7832,1328880,1325045426,6734,0,68860,0,32911424,27816256,5095168,22825856,16252864,16236480
2026-05-13T15:44:41+01:00,server,308909850,7832,1328895,1325047886,6734,0,68861,0,32911424,27816640,5094784,22826240,16252864,16236480
2026-05-13T15:44:42+01:00,server,308912305,7832,1328905,1325050347,6734,0,68861,0,32911424,27817792,5093632,22827392,16252864,16236480
2026-05-13T15:44:43+01:00,server,308914753,7832,1328917,1325052808,6734,0,68862,0,32911424,27818752,5092672,22828352,16252864,16236480
2026-05-13T15:44:44+01:00,server,308917206,7832,1328925,1325055268,6734,0,68863,0,32911424,27816320,5095104,22825856,16252864,16236480
2026-05-13T15:44:45+01:00,server,308919680,7832,1328941,1325057727,6734,0,68863,0,32911424,27815616,5095808,22825152,16252864,16236480
2026-05-13T15:44:46+01:00,server,308922125,7832,1328959,1325060189,6734,0,68863,0,32911424,27814720,5096704,22824256,16252864,16236480
2026-05-13T15:44:47+01:00,server,308924575,7832,1328980,1325062650,6734,0,68863,0,32911424,27810688,5100736,22820224,16252864,16236480
2026-05-13T15:44:48+01:00,server,308927047,7832,1328992,1325065111,6734,0,68863,0,32911424,27810880,5100544,22820416,16252864,16236480
2026-05-13T15:44:49+01:00,server,308929518,7832,1329000,1325067584,6734,0,68863,0,32911424,27811904,5099520,22821440,16252864,16236480
2026-05-13T15:44:50+01:00,server,308931921,7832,1329014,1325070045,6734,0,68864,0,32911424,27809984,5101440,22819520,16252864,16236480
2026-05-13T15:44:51+01:00,server,308934371,7832,1329025,1325072500,6734,0,68864,0,32911424,27812096,5099328,22821632,16252864,16236480
2026-05-13T15:44:52+01:00,server,308936846,7832,1329045,1325074944,6734,0,68864,0,32911424,27810240,5101184,22819776,16252864,16236480
2026-05-13T15:44:53+01:00,server,308939299,7832,1329053,1325077404,6734,0,68865,0,32911424,27814272,5097152,22823808,16252864,16236480
2026-05-13T15:44:54+01:00,server,308941776,7832,1329060,1325079864,6734,0,68865,0,32911424,27811968,5099456,22821504,16252864,16236480
2026-05-13T15:44:55+01:00,server,308944250,7832,1329072,1325082324,6734,0,68866,0,32911424,27811520,5099904,22821056,16252864,16236480
2026-05-13T15:44:56+01:00,server,308946635,7832,1329084,1325084785,6734,0,68866,0,32911424,27807296,5104128,22816832,16252864,16236480
2026-05-13T15:44:57+01:00,server,308949112,7832,1329092,1325087245,6734,0,68867,0,32911424,27812352,5099072,22821888,16252864,16236480
2026-05-13T15:44:59+01:00,server,308951586,7832,1329105,1325089703,6734,0,68867,0,32911424,27809280,5102144,22818816,16252864,16236480
2026-05-13T15:45:00+01:00,server,308954038,7832,1329118,1325092166,6734,0,68867,0,32911424,27812096,5099328,22821632,16252864,16236480
2026-05-13T15:45:01+01:00,server,308956491,7832,1329129,1325094636,6734,0,68867,0,32911424,27814080,5097344,22823616,16252864,16236480
2026-05-13T15:45:02+01:00,server,308958960,7832,1329140,1325097099,6734,0,68868,0,32911424,27799552,5111872,22809024,16252864,16236480
2026-05-13T15:45:03+01:00,server,308961412,7832,1329149,1325099559,6734,0,68868,0,32911424,27803392,5108032,22812864,16252864,16236480
2026-05-13T15:45:04+01:00,server,308963888,7832,1329161,1325102020,6734,0,68868,0,32911424,27803584,5107840,22813056,16252864,16236480
2026-05-13T15:45:05+01:00,server,308966346,7832,1329179,1325104479,6734,0,68868,0,32911424,27801728,5109696,22811200,16252864,16236480
2026-05-13T15:45:06+01:00,server,308968749,7832,1329195,1325106939,6734,0,68868,0,32911424,27803840,5107584,22813312,16252864,16236480
2026-05-13T15:45:07+01:00,server,308971225,7832,1329212,1325109375,6734,0,68868,0,32911424,27805248,5106176,22814656,16252864,16236480
2026-05-13T15:45:08+01:00,server,308973677,7832,1329223,1325111834,6734,0,68869,0,32911424,27804096,5107328,22813504,16252864,16236480
2026-05-13T15:45:09+01:00,server,308976126,7832,1329236,1325114294,6734,0,68869,0,32911424,27806592,5104832,22816000,16252864,16236480
2026-05-13T15:45:10+01:00,server,308978575,7832,1329254,1325116754,6734,0,68869,0,32911424,27804096,5107328,22813504,16252864,16236480
2026-05-13T15:45:11+01:00,server,308981003,7832,1329268,1325119212,6734,0,68870,0,32911424,27805056,5106368,22814464,16252864,16236480
2026-05-13T15:45:12+01:00,server,308983430,7832,1329282,1325121672,6734,0,68870,0,32911424,27805056,5106368,22814464,16252864,16236480
2026-05-13T15:45:13+01:00,server,308985904,7832,1329292,1325124134,6734,0,68870,0,32911424,27803904,5107520,22813312,16252864,16236480
2026-05-13T15:45:14+01:00,server,308988377,7832,1329297,1325126604,6734,0,68870,0,32911424,27803904,5107520,22813312,16252864,16236480
2026-05-13T15:45:15+01:00,server,308990828,7832,1329306,1325129064,6734,0,68871,0,32911424,27805312,5106112,22814656,16252864,16236480
2026-05-13T15:45:16+01:00,server,308993302,7832,1329316,1325131521,6734,0,68872,0,32911424,27804736,5106688,22814080,16252864,16236480
2026-05-13T15:45:17+01:00,server,308995773,7832,1329330,1325133982,6734,0,68872,0,32911424,27805696,5105728,22815040,16252864,16236480
2026-05-13T15:45:18+01:00,server,308998197,7832,1329341,1325136443,6734,0,68874,0,32911424,27806528,5104896,22815872,16252864,16236480
2026-05-13T15:45:19+01:00,server,309000670,7832,1329354,1325138902,6734,0,68875,0,32911424,27806720,5104704,22816064,16252864,16236480
2026-05-13T15:45:20+01:00,server,309003118,7832,1329369,1325141362,6734,0,68876,0,32911424,27805760,5105664,22815104,16252864,16236480
2026-05-13T15:45:21+01:00,server,309005543,7832,1329381,1325143821,6734,0,68878,0,32911424,27805760,5105664,22815104,16252864,16236480
2026-05-13T15:45:22+01:00,server,309008021,7832,1329397,1325146254,6734,0,68878,0,32911424,27809024,5102400,22818368,16252864,16236480
2026-05-13T15:45:23+01:00,server,309010466,7832,1329412,1325148712,6734,0,68879,0,32911424,27807104,5104320,22816448,16252864,16236480
2026-05-13T15:45:24+01:00,server,309012919,7832,1329422,1325151173,6734,0,68879,0,32911424,27808448,5102976,22817792,16252864,16236480
2026-05-13T15:45:25+01:00,server,309015375,7832,1329441,1325153637,6734,0,68879,0,32911424,27809984,5101440,22819328,16252864,16236480
2026-05-13T15:45:26+01:00,server,309017822,7832,1329449,1325156106,6734,0,68879,0,32911424,27810560,5100864,22819904,16252864,16236480
2026-05-13T15:45:27+01:00,server,309020227,7832,1329462,1325158566,6734,0,68879,0,32911424,27806656,5104768,22816000,16252864,16236480
2026-05-13T15:45:28+01:00,server,309022702,7832,1329476,1325161025,6734,0,68879,0,32911424,27806592,5104832,22815936,16252864,16236480
2026-05-13T15:45:29+01:00,server,309025155,7832,1329486,1325163486,6734,0,68879,0,32911424,27806016,5105408,22815360,16252864,16236480
2026-05-13T15:45:30+01:00,server,309027630,7832,1329499,1325165945,6734,0,68879,0,32911424,27805248,5106176,22814592,16252864,16236480
2026-05-13T15:45:31+01:00,server,309030054,7832,1329518,1325168405,6734,0,68879,0,32911424,27806976,5104448,22816320,16252864,16236480
2026-05-13T15:45:32+01:00,server,309032502,7832,1329531,1325170864,6734,0,68880,0,32911424,27806784,5104640,22816128,16252864,16236480
2026-05-13T15:45:33+01:00,server,309034976,7832,1329542,1325173324,6734,0,68880,0,32911424,27806784,5104640,22816128,16252864,16236480
2026-05-13T15:45:34+01:00,server,309037427,7832,1329557,1325175788,6734,0,68880,0,32911424,27806016,5105408,22815360,16252864,16236480
2026-05-13T15:45:35+01:00,server,309039878,7832,1329568,1325178248,6734,0,68881,0,32911424,27807744,5103680,22817088,16252864,16236480
2026-05-13T15:45:37+01:00,server,309042369,7832,1329586,1325180682,6734,0,68883,0,32911424,27805120,5106304,22814464,16252864,16236480
2026-05-13T15:45:38+01:00,server,309044838,7832,1329602,1325183143,6734,0,68884,0,32911424,27808192,5103232,22817536,16252864,16236480
2026-05-13T15:45:39+01:00,server,309047262,7832,1329607,1325185612,6734,0,68884,0,32911424,27805312,5106112,22814656,16252864,16236480
2026-05-13T15:45:40+01:00,server,309049712,7832,1329622,1325188073,6734,0,68884,0,32911424,27804224,5107200,22813504,16252864,16236480
2026-05-13T15:45:41+01:00,server,309052181,7832,1329640,1325190533,6734,0,68884,0,32911424,27805568,5105856,22814848,16252864,16236480
2026-05-13T15:45:42+01:00,server,309054569,7832,1329651,1325193051,6734,0,68884,0,32911424,27805952,5105472,22815232,16252864,16236480
2026-05-13T15:45:43+01:00,server,309056905,7832,1329676,1325195596,6734,0,68885,0,32911424,27790016,5121408,22799232,16252864,16236480
2026-05-13T15:45:44+01:00,server,309059234,7832,1329714,1325198134,6734,0,68885,0,32911424,27786368,5125056,22795584,16252864,16236480
2026-05-13T15:45:45+01:00,server,309061555,7832,1329749,1325200680,6734,0,68885,0,32911424,27779840,5131584,22789056,16252864,16236480
2026-05-13T15:45:46+01:00,server,309063808,7832,1329777,1325203217,6734,0,68886,0,32911424,27784448,5126976,22793664,16252864,16236480
2026-05-13T15:45:47+01:00,server,309066157,7832,1329823,1325205763,6734,0,68886,0,32911424,27781184,5130240,22790400,16252864,16236480
2026-05-13T15:45:48+01:00,server,309068495,7832,1329843,1325208307,6734,0,68887,0,32911424,27785088,5126336,22794304,16252864,16236480
2026-05-13T15:45:49+01:00,server,309070866,7832,1329859,1325210845,6734,0,68888,0,32911424,27788800,5122624,22798016,16252864,16236480
2026-05-13T15:45:50+01:00,server,309073264,7832,1329886,1325213390,6734,0,68888,0,32911424,27794304,5117120,22803520,16252864,16236480
2026-05-13T15:45:51+01:00,server,309075608,7832,1329898,1325215932,6734,0,68888,0,32911424,27792832,5118592,22802048,16252864,16236480
2026-05-13T15:45:52+01:00,server,309078079,7832,1329940,1325218392,6734,0,68888,0,32911424,27804160,5107264,22813376,16252864,16236480
2026-05-13T15:45:53+01:00,server,309080530,7832,1329954,1325220852,6734,0,68888,0,32911424,27803840,5107584,22813056,16252864,16236480
2026-05-13T15:45:54+01:00,server,309082980,7832,1329966,1325223312,6734,0,68889,0,32911424,27803456,5107968,22812672,16252864,16236480
2026-05-13T15:45:55+01:00,server,309085432,7832,1329981,1325225772,6734,0,68890,0,32911424,27803456,5107968,22812672,16252864,16236480
2026-05-13T15:45:56+01:00,server,309087907,7832,1329995,1325228232,6734,0,68890,0,32911424,27804416,5107008,22813632,16252864,16236480
2026-05-13T15:45:57+01:00,server,309090309,7832,1330007,1325230692,6734,0,68891,0,32911424,27804800,5106624,22814016,16252864,16236480
2026-05-13T15:45:58+01:00,server,309092784,7832,1330016,1325233152,6734,0,68891,0,32911424,27808256,5103168,22817472,16252864,16236480
2026-05-13T15:45:59+01:00,server,309095255,7832,1330030,1325235613,6734,0,68893,0,32911424,27806144,5105280,22815360,16252864,16236480
2026-05-13T15:46:00+01:00,server,309097705,7832,1330043,1325238072,6734,0,68893,0,32911424,27809024,5102400,22818240,16252864,16236480
2026-05-13T15:46:01+01:00,server,309100158,7832,1330055,1325240532,6734,0,68895,0,32911424,27808256,5103168,22817472,16252864,16236480
2026-05-13T15:46:02+01:00,server,309102632,7832,1330070,1325242992,6734,0,68895,0,32911424,27807296,5104128,22816512,16252864,16236480
2026-05-13T15:46:03+01:00,server,309105080,7832,1330076,1325245464,6734,0,68895,0,32911424,27806208,5105216,22815360,16252864,16236480
2026-05-13T15:46:04+01:00,server,309107552,7832,1330089,1325247931,6734,0,68895,0,32911424,27805440,5105984,22814592,16252864,16236480
2026-05-13T15:46:05+01:00,server,309110020,7832,1330110,1325250392,6734,0,68896,0,32911424,27805248,5106176,22814400,16252864,16236480
2026-05-13T15:46:06+01:00,server,309112496,7832,1330122,1325252853,6734,0,68896,0,32911424,27802560,5108864,22811712,16252864,16236480
2026-05-13T15:46:07+01:00,server,309114914,7832,1330137,1325255288,6734,0,68896,0,32911424,27803712,5107712,22812864,16252864,16236480
2026-05-13T15:46:08+01:00,server,309117386,7832,1330151,1325257749,6734,0,68897,0,32911424,27807040,5104384,22816128,16252864,16236480
2026-05-13T15:46:09+01:00,server,309119860,7832,1330166,1325260211,6734,0,68897,0,32911424,27803136,5108288,22812224,16252864,16236480
2026-05-13T15:46:10+01:00,server,309122260,7832,1330184,1325262673,6734,0,68899,0,32911424,27806592,5104832,22815680,16252864,16236480
2026-05-13T15:46:11+01:00,server,309124729,7832,1330201,1325265133,6734,0,68900,0,32911424,27806464,5104960,22815488,16252864,16236480
2026-05-13T15:46:12+01:00,server,309127179,7832,1330213,1325267593,6734,0,68900,0,32911424,27806016,5105408,22815040,16252864,16236480
2026-05-13T15:46:13+01:00,server,309129649,7832,1330230,1325270051,6734,0,68901,0,32911424,27802688,5108736,22811712,16252864,16236480
2026-05-13T15:46:14+01:00,server,309132096,7832,1330246,1325272512,6734,0,68901,0,32911424,27801920,5109504,22810944,16252864,16236480
2026-05-13T15:46:16+01:00,server,309134515,7832,1330255,1325274982,6734,0,68903,0,32911424,27805056,5106368,22814080,16252864,16236480
2026-05-13T15:46:17+01:00,server,309136962,7832,1330269,1325277443,6734,0,68903,0,32911424,27802752,5108672,22811776,16252864,16236480
2026-05-13T15:46:18+01:00,server,309139431,7832,1330290,1325279904,6734,0,68904,0,32911424,27803520,5107904,22812544,16252864,16236480
2026-05-13T15:46:19+01:00,server,309141884,7832,1330299,1325282363,6734,0,68905,0,32911424,27802944,5108480,22811968,16252864,16236480
2026-05-13T15:46:20+01:00,server,309144362,7832,1330307,1325284824,6734,0,68905,0,32911424,27803328,5108096,22812352,16252864,16236480
2026-05-13T15:46:21+01:00,server,309146835,7832,1330323,1325287284,6734,0,68905,0,32911424,27801216,5110208,22810240,16252864,16236480
2026-05-13T15:46:22+01:00,server,309149307,7832,1330341,1325289718,6734,0,68907,0,32911424,27805440,5105984,22814464,16252864,16236480
2026-05-13T15:46:23+01:00,server,309151781,7832,1330354,1325292178,6734,0,68907,0,32911424,27805440,5105984,22814464,16252864,16236480
2026-05-13T15:46:24+01:00,server,309154233,7832,1330366,1325294638,6734,0,68907,0,32911424,27806784,5104640,22815808,16252864,16236480
2026-05-13T15:46:25+01:00,server,309156678,7832,1330382,1325297098,6734,0,68907,0,32911424,27802560,5108864,22811584,16252864,16236480
2026-05-13T15:46:26+01:00,server,309159153,7832,1330394,1325299560,6734,0,68908,0,32911424,27805248,5106176,22814272,16252864,16236480
2026-05-13T15:46:27+01:00,server,309161630,7832,1330405,1325302019,6734,0,68908,0,32911424,27807744,5103680,22816768,16252864,16236480
2026-05-13T15:46:28+01:00,server,309164077,7832,1330411,1325304489,6734,0,68908,0,32911424,27807744,5103680,22816768,16252864,16236480
2026-05-13T15:46:29+01:00,server,309166550,7832,1330422,1325306949,6734,0,68909,0,32911424,27807360,5104064,22816384,16252864,16236480
2026-05-13T15:46:30+01:00,server,309168978,7832,1330441,1325309409,6734,0,68909,0,32911424,27805824,5105600,22814848,16252864,16236480
2026-05-13T15:46:31+01:00,server,309171425,7832,1330454,1325311869,6734,0,68910,0,32911424,27806784,5104640,22815808,16252864,16236480
2026-05-13T15:46:32+01:00,server,309173875,7832,1330468,1325314329,6734,0,68910,0,32911424,27804544,5106880,22813568,16252864,16236480
2026-05-13T15:46:33+01:00,server,309176352,7832,1330479,1325316789,6734,0,68910,0,32911424,27803904,5107520,22812928,16252864,16236480
2026-05-13T15:46:34+01:00,server,309178807,7832,1330489,1325319248,6734,0,68910,0,32911424,27801600,5109824,22810624,16252864,16236480
2026-05-13T15:46:35+01:00,server,309181280,7832,1330503,1325321708,6734,0,68910,0,32911424,27801024,5110400,22810048,16252864,16236480
2026-05-13T15:46:36+01:00,server,309183752,7832,1330518,1325324168,6734,0,68911,0,32911424,27802752,5108672,22811776,16252864,16236480
2026-05-13T15:46:37+01:00,server,309186237,7832,1330546,1325326602,6734,0,68912,0,32911424,27804736,5106688,22813696,16252864,16236480
2026-05-13T15:46:38+01:00,server,309188691,7832,1330558,1325329064,6734,0,68912,0,32911424,27804928,5106496,22813888,16252864,16236480
2026-05-13T15:46:39+01:00,server,309191143,7832,1330572,1325331524,6734,0,68913,0,32911424,27804736,5106688,22813696,16252864,16236480
2026-05-13T15:46:40+01:00,server,309193571,7832,1330575,1325333992,6734,0,68914,0,32911424,27803200,5108224,22812160,16252864,16236480
2026-05-13T15:46:41+01:00,server,309196018,7832,1330589,1325336454,6734,0,68915,0,32911424,27804160,5107264,22813056,16252864,16236480
2026-05-13T15:46:42+01:00,server,309198467,7832,1330603,1325338914,6734,0,68915,0,32911424,27802048,5109376,22810944,16252864,16236480
2026-05-13T15:46:43+01:00,server,309200921,7832,1330615,1325341373,6734,0,68916,0,32911424,27801664,5109760,22810560,16252864,16236480
2026-05-13T15:46:44+01:00,server,309203390,7832,1330633,1325343834,6734,0,68917,0,32911424,27800320,5111104,22809216,16252864,16236480
2026-05-13T15:46:45+01:00,server,309205818,7832,1330645,1325346296,6734,0,68918,0,32911424,27804608,5106816,22813504,16252864,16236480
2026-05-13T15:46:46+01:00,server,309208271,7832,1330658,1325348755,6734,0,68918,0,32911424,27801152,5110272,22810048,16252864,16236480
2026-05-13T15:46:47+01:00,server,309210746,7832,1330669,1325351216,6734,0,68918,0,32911424,27800768,5110656,22809664,16252864,16236480
2026-05-13T15:46:48+01:00,server,309213174,7832,1330681,1325353674,6734,0,68918,0,32911424,27798848,5112576,22807744,16252864,16236480
2026-05-13T15:46:49+01:00,server,309215645,7832,1330694,1325356135,6734,0,68919,0,32911424,27800768,5110656,22809664,16252864,16236480
2026-05-13T15:46:50+01:00,server,309218122,7832,1330706,1325358594,6734,0,68919,0,32911424,27799616,5111808,22808512,16252864,16236480
2026-05-13T15:46:51+01:00,server,309220586,7832,1330721,1325361026,6734,0,68920,0,32911424,27801536,5109888,22810432,16252864,16236480
2026-05-13T15:46:52+01:00,server,309223036,7832,1330729,1325363492,6734,0,68920,0,32911424,27799488,5111936,22808384,16252864,16236480
2026-05-13T15:46:53+01:00,server,309225509,7832,1330745,1325365954,6734,0,68920,0,32911424,27798336,5113088,22807232,16252864,16236480
2026-05-13T15:46:55+01:00,server,309227959,7832,1330758,1325368411,6734,0,68920,0,32911424,27797568,5113856,22806464,16252864,16236480
2026-05-13T15:46:56+01:00,server,309230435,7832,1330770,1325370870,6734,0,68920,0,32911424,27798336,5113088,22807232,16252864,16236480
2026-05-13T15:46:57+01:00,server,309232908,7832,1330784,1325373327,6734,0,68920,0,32911424,27798528,5112896,22807424,16252864,16236480
2026-05-13T15:46:58+01:00,server,309235355,7832,1330798,1325375784,6734,0,68921,0,32911424,27798656,5112768,22807488,16252864,16236480
2026-05-13T15:46:59+01:00,server,309237744,7832,1330809,1325378240,6734,0,68922,0,32911424,27800384,5111040,22809216,16252864,16236480
2026-05-13T15:47:00+01:00,server,309240214,7832,1330825,1325380695,6734,0,68923,0,32911424,27799424,5112000,22808256,16252864,16236480
2026-05-13T15:47:01+01:00,server,309242506,7832,1330850,1325383281,6734,0,68923,0,32911424,27782208,5129216,22791040,16252864,16236480
2026-05-13T15:47:02+01:00,server,309244868,7832,1330878,1325385816,6734,0,68923,0,32911424,27783872,5127552,22792704,16252864,16236480
2026-05-13T15:47:03+01:00,server,309247136,7832,1330936,1325388364,6734,0,68923,0,32911424,27780608,5130816,22789440,16252864,16236480
2026-05-13T15:47:04+01:00,server,309249502,7832,1330968,1325390900,6734,0,68923,0,32911424,27780800,5130624,22789632,16252864,16236480
2026-05-13T15:47:05+01:00,server,309251802,7832,1330981,1325393452,6734,0,68924,0,32911424,27785280,5126144,22794112,16252864,16236480
2026-05-13T15:47:06+01:00,server,309254165,7832,1330994,1325395988,6734,0,68924,0,32911424,27788352,5123072,22797184,16252864,16236480
2026-05-13T15:47:07+01:00,server,309256566,7832,1331020,1325398514,6734,0,68924,0,32911424,27785216,5126208,22794048,16252864,16236480
2026-05-13T15:47:08+01:00,server,309258975,7832,1331036,1325401048,6734,0,68924,0,32911424,27783296,5128128,22792128,16252864,16236480
2026-05-13T15:47:09+01:00,server,309261304,7832,1331060,1325403588,6734,0,68925,0,32911424,27779968,5131456,22788800,16252864,16236480
2026-05-13T15:47:10+01:00,server,309263721,7832,1331076,1325406076,6734,0,68925,0,32911424,27794688,5116736,22803520,16252864,16236480
2026-05-13T15:47:11+01:00,server,309266195,7832,1331091,1325408530,6734,0,68925,0,32911424,27804480,5106944,22813312,16252864,16236480
2026-05-13T15:47:12+01:00,server,309268668,7832,1331103,1325411000,6734,0,68925,0,32911424,27804928,5106496,22813760,16252864,16236480
2026-05-13T15:47:13+01:00,server,309271140,7832,1331119,1325413456,6734,0,68925,0,32911424,27807552,5103872,22816384,16252864,16236480
2026-05-13T15:47:14+01:00,server,309273566,7832,1331134,1325415913,6734,0,68925,0,32911424,27807360,5104064,22816192,16252864,16236480
2026-05-13T15:47:15+01:00,server,309276018,7832,1331147,1325418370,6734,0,68925,0,32911424,27808704,5102720,22817536,16252864,16236480
2026-05-13T15:47:16+01:00,server,309278469,7832,1331161,1325420829,6734,0,68925,0,32911424,27804224,5107200,22813056,16252864,16236480
2026-05-13T15:47:17+01:00,server,309280914,7832,1331173,1325423293,6734,0,68925,0,32911424,27805888,5105536,22814720,16252864,16236480
2026-05-13T15:47:18+01:00,server,309283366,7832,1331181,1325425756,6734,0,68925,0,32911424,27808320,5103104,22817152,16252864,16236480
2026-05-13T15:47:19+01:00,server,309285841,7832,1331197,1325428215,6734,0,68925,0,32911424,27809280,5102144,22818112,16252864,16236480
2026-05-13T15:47:20+01:00,server,309288254,7832,1331215,1325430673,6734,0,68925,0,32911424,27805632,5105792,22814464,16252864,16236480
2026-05-13T15:47:21+01:00,server,309290729,7832,1331233,1325433130,6734,0,68926,0,32911424,27806208,5105216,22815040,16252864,16236480
2026-05-13T15:47:22+01:00,server,309293223,7832,1331256,1325435559,6734,0,68926,0,32911424,27809920,5101504,22818688,16252864,16236480
2026-05-13T15:47:23+01:00,server,309295673,7832,1331267,1325438017,6734,0,68926,0,32911424,27808128,5103296,22816896,16252864,16236480
2026-05-13T15:47:24+01:00,server,309298143,7832,1331283,1325440474,6734,0,68926,0,32911424,27811008,5100416,22819712,16252864,16236480
2026-05-13T15:47:25+01:00,server,309300612,7832,1331296,1325442930,6734,0,68927,0,32911424,27808320,5103104,22817024,16252864,16236480
2026-05-13T15:47:26+01:00,server,309303069,7832,1331309,1325445388,6734,0,68927,0,32911424,27806080,5105344,22814784,16252864,16236480
2026-05-13T15:47:27+01:00,server,309305424,7832,1331330,1325447845,6734,0,68927,0,32911424,27805952,5105472,22814656,16252864,16236480
2026-05-13T15:47:28+01:00,server,309307874,7832,1331344,1325450305,6734,0,68927,0,32911424,27806400,5105024,22815104,16252864,16236480
2026-05-13T15:47:29+01:00,server,309310348,7832,1331353,1325452772,6735,0,68928,0,32911424,27808832,5102592,22817536,16252864,16236480
2026-05-13T15:47:30+01:00,server,309312815,7832,1331366,1325455238,6735,0,68928,0,32911424,27810304,5101120,22819008,16252864,16236480
2026-05-13T15:47:31+01:00,server,309315313,7832,1331407,1325457602,6735,0,68928,0,32911424,27802624,5108800,22811328,16252864,16236480
2026-05-13T15:47:32+01:00,server,309317883,7832,1331428,1325459958,6735,0,68930,0,32911424,27798464,5112960,22807104,16252864,16236480
2026-05-13T15:47:34+01:00,server,309320378,7832,1331444,1325462393,6735,0,68932,0,32911424,27806400,5105024,22815040,16252864,16236480
2026-05-13T15:47:35+01:00,server,309322834,7832,1331464,1325464854,6735,0,68933,0,32911424,27806784,5104640,22815424,16252864,16236480
2026-05-13T15:47:36+01:00,server,309325238,7832,1331477,1325467313,6735,0,68933,0,32911424,27808576,5102848,22817216,16252864,16236480
2026-05-13T15:47:37+01:00,server,309327710,7832,1331492,1325469746,6735,0,68934,0,32911424,27811456,5099968,22820096,16252864,16236480
2026-05-13T15:47:38+01:00,server,309330161,7832,1331501,1325472206,6735,0,68935,0,32911424,27811520,5099904,22820160,16252864,16236480
2026-05-13T15:47:39+01:00,server,309332602,7832,1331514,1325474664,6735,0,68943,0,32911424,27808896,5102528,22817536,16252864,16236480
2026-05-13T15:47:40+01:00,server,309335071,7832,1331532,1325477123,6735,0,68943,0,32911424,27814336,5097088,22822976,16252864,16236480
2026-05-13T15:47:41+01:00,server,309337515,7832,1331552,1325479582,6735,0,68945,0,32911424,27812032,5099392,22820672,16252864,16236480
2026-05-13T15:47:42+01:00,server,309339985,7832,1331564,1325482048,6735,0,68945,0,32911424,27814336,5097088,22822976,16252864,16236480
2026-05-13T15:47:43+01:00,server,309342457,7832,1331572,1325484520,6735,0,68945,0,32911424,27814592,5096832,22823232,16252864,16236480
2026-05-13T15:47:44+01:00,server,309344932,7832,1331585,1325486980,6735,0,68945,0,32911424,27814208,5097216,22822848,16252864,16236480
2026-05-13T15:47:45+01:00,server,309347316,7832,1331600,1325489442,6735,0,68945,0,32911424,27815040,5096384,22823680,16252864,16236480
2026-05-13T15:47:46+01:00,server,309349789,7832,1331613,1325491902,6735,0,68945,0,32911424,27814656,5096768,22823296,16252864,16236480
2026-05-13T15:47:47+01:00,server,309352260,7832,1331629,1325494363,6735,0,68945,0,32911424,27815424,5096000,22824064,16252864,16236480
2026-05-13T15:47:48+01:00,server,309354677,7832,1331642,1325496825,6735,0,68945,0,32911424,27815040,5096384,22823680,16252864,16236480
2026-05-13T15:47:49+01:00,server,309357131,7832,1331650,1325499286,6735,0,68945,0,32911424,27817536,5093888,22826176,16252864,16236480
2026-05-13T15:47:50+01:00,server,309359608,7832,1331660,1325501738,6735,0,68946,0,32911424,27814272,5097152,22822912,16252864,16236480
2026-05-13T15:47:51+01:00,server,309362057,7832,1331673,1325504196,6735,0,68946,0,32911424,27818880,5092544,22827520,16252864,16236480
2026-05-13T15:47:52+01:00,server,309364588,7832,1331693,1325506631,6735,0,68946,0,32911424,27813120,5098304,22821696,16252864,16236480
2026-05-13T15:47:53+01:00,server,309367037,7832,1331709,1325509091,6735,0,68946,0,32911424,27818688,5092736,22827264,16252864,16236480
2026-05-13T15:47:54+01:00,server,309369460,7832,1331727,1325511555,6735,0,68947,0,32911424,27813056,5098368,22821632,16252864,16236480
2026-05-13T15:47:55+01:00,server,309371907,7832,1331735,1325514023,6735,0,68948,0,32911424,27814464,5096960,22822976,16252864,16236480
2026-05-13T15:47:56+01:00,server,309374382,7832,1331747,1325516482,6735,0,68948,0,32911424,27815488,5095936,22823936,16252864,16236480
2026-05-13T15:47:57+01:00,server,309376813,7832,1331757,1325518943,6735,0,68948,0,32911424,27813376,5098048,22821824,16252864,16236480
2026-05-13T15:47:58+01:00,server,309379263,7832,1331771,1325521402,6735,0,68950,0,32911424,27813504,5097920,22821952,16252864,16236480
2026-05-13T15:47:59+01:00,server,309381715,7832,1331785,1325523863,6735,0,68950,0,32911424,27817152,5094272,22825600,16252864,16236480
2026-05-13T15:48:00+01:00,server,309384141,7832,1331797,1325526319,6735,0,68952,0,32911424,27819648,5091776,22828096,16252864,16236480
2026-05-13T15:48:01+01:00,server,309386568,7832,1331811,1325528780,6735,0,68953,0,32911424,27818304,5093120,22826752,16252864,16236480
2026-05-13T15:48:02+01:00,server,309388995,7832,1331827,1325531240,6735,0,68954,0,32911424,27814080,5097344,22822528,16252864,16236480
2026-05-13T15:48:03+01:00,server,309391446,7832,1331839,1325533701,6735,0,68954,0,32911424,27820032,5091392,22828480,16252864,16236480
2026-05-13T15:48:04+01:00,server,309393919,7832,1331852,1325536165,6735,0,68954,0,32911424,27819072,5092352,22827520,16252864,16236480
2026-05-13T15:48:05+01:00,server,309396362,7832,1331871,1325538625,6735,0,68954,0,32911424,27818688,5092736,22827136,16252864,16236480
2026-05-13T15:48:06+01:00,server,309398838,7832,1331886,1325541063,6735,0,68954,0,32911424,27817920,5093504,22826368,16252864,16236480
2026-05-13T15:48:07+01:00,server,309401306,7832,1331893,1325543531,6735,0,68955,0,32911424,27813440,5097984,22821888,16252864,16236480
2026-05-13T15:48:08+01:00,server,309403762,7832,1331906,1325545995,6735,0,68955,0,32911424,27812928,5098496,22821376,16252864,16236480
2026-05-13T15:48:09+01:00,server,309406213,7832,1331916,1325548453,6735,0,68955,0,32911424,27811968,5099456,22820416,16252864,16236480
2026-05-13T15:48:10+01:00,server,309408688,7832,1331929,1325550911,6735,0,68955,0,32911424,27812224,5099200,22820608,16252864,16236480
2026-05-13T15:48:12+01:00,server,309411162,7832,1331941,1325553373,6735,0,68956,0,32911424,27811648,5099776,22820032,16252864,16236480
2026-05-13T15:48:13+01:00,server,309413612,7832,1331955,1325555831,6735,0,68956,0,32911424,27813568,5097856,22821952,16252864,16236480
2026-05-13T15:48:14+01:00,server,309416086,7832,1331968,1325558289,6735,0,68956,0,32911424,27811584,5099840,22819968,16252864,16236480
2026-05-13T15:48:15+01:00,server,309418559,7832,1331982,1325560751,6735,0,68956,0,32911424,27809664,5101760,22818048,16252864,16236480
2026-05-13T15:48:16+01:00,server,309421007,7832,1331997,1325563209,6735,0,68956,0,32911424,27809728,5101696,22818112,16252864,16236480
2026-05-13T15:48:17+01:00,server,309423484,7832,1332010,1325565667,6735,0,68956,0,32911424,27808384,5103040,22816768,16252864,16236480
2026-05-13T15:48:18+01:00,server,309425959,7832,1332026,1325568128,6735,0,68956,0,32911424,27812096,5099328,22820480,16252864,16236480
2026-05-13T15:48:19+01:00,server,309428245,7832,1332040,1325570711,6735,0,68958,0,32911424,27793024,5118400,22801280,16252864,16236480
2026-05-13T15:48:20+01:00,server,309430655,7832,1332052,1325573259,6735,0,68958,0,32911424,27792000,5119424,22800256,16252864,16236480
2026-05-13T15:48:21+01:00,server,309433013,7832,1332070,1325575811,6735,0,68958,0,32911424,27792448,5118976,22800704,16252864,16236480
2026-05-13T15:48:22+01:00,server,309435435,7832,1332114,1325578320,6735,0,68958,0,32911424,27798400,5113024,22806592,16252864,16236480
2026-05-13T15:48:23+01:00,server,309437765,7832,1332159,1325580863,6735,0,68960,0,32911424,27795072,5116352,22803392,16252864,16236480
2026-05-13T15:48:24+01:00,server,309440163,7832,1332180,1325583490,6735,0,68960,0,32911424,27796608,5114816,22804736,16252864,16236480
2026-05-13T15:48:25+01:00,server,309442515,7832,1332198,1325586033,6735,0,68961,0,32911424,27801152,5110272,22809280,16252864,16236480
2026-05-13T15:48:26+01:00,server,309444816,7832,1332219,1325588574,6735,0,68961,0,32911424,27796416,5115008,22804544,16252864,16236480
2026-05-13T15:48:27+01:00,server,309447227,7832,1332238,1325591107,6735,0,68961,0,32911424,27808768,5102656,22816896,16252864,16236480
2026-05-13T15:48:28+01:00,server,309449620,7832,1332255,1325593609,6735,0,68961,0,32911424,27811200,5100224,22819328,16252864,16236480
2026-05-13T15:48:29+01:00,server,309452071,7832,1332275,1325596070,6735,0,68961,0,32911424,27809856,5101568,22817984,16252864,16236480
2026-05-13T15:48:30+01:00,server,309454522,7832,1332287,1325598528,6735,0,68961,0,32911424,27810816,5100608,22818944,16252864,16236480
2026-05-13T15:48:31+01:00,server,309456990,7832,1332303,1325600988,6735,0,68963,0,32911424,27811200,5100224,22819328,16252864,16236480
2026-05-13T15:48:32+01:00,server,309459440,7832,1332313,1325603454,6735,0,68963,0,32911424,27813440,5097984,22821568,16252864,16236480
2026-05-13T15:48:33+01:00,server,309461889,7832,1332318,1325605924,6735,0,68963,0,32911424,27811328,5100096,22819456,16252864,16236480
2026-05-13T15:48:34+01:00,server,309464341,7832,1332328,1325608385,6735,0,68964,0,32911424,27812096,5099328,22820224,16252864,16236480
2026-05-13T15:48:35+01:00,server,309466771,7832,1332342,1325610846,6735,0,68964,0,32911424,27812288,5099136,22820416,16252864,16236480
2026-05-13T15:48:36+01:00,server,309469222,7832,1332351,1325613308,6735,0,68964,0,32911424,27813440,5097984,22821568,16252864,16236480
2026-05-13T15:48:37+01:00,server,309471737,7832,1332369,1325615743,6735,0,68964,0,32911424,27813888,5097536,22822016,16252864,16236480
2026-05-13T15:48:38+01:00,server,309474165,7832,1332382,1325618204,6735,0,68965,0,32911424,27816768,5094656,22824896,16252864,16236480
2026-05-13T15:48:39+01:00,server,309476593,7832,1332396,1325620664,6735,0,68966,0,32911424,27816128,5095296,22824256,16252864,16236480
2026-05-13T15:48:40+01:00,server,309479064,7832,1332411,1325623125,6735,0,68967,0,32911424,27816192,5095232,22824320,16252864,16236480
2026-05-13T15:48:41+01:00,server,309481537,7832,1332425,1325625584,6735,0,68967,0,32911424,27816448,5094976,22824576,16252864,16236480
2026-05-13T15:48:42+01:00,server,309483991,7832,1332434,1325628044,6735,0,68967,0,32911424,27814272,5097152,22822464,16252864,16236480
2026-05-13T15:48:43+01:00,server,309486467,7832,1332446,1325630504,6735,0,68967,0,32911424,27812160,5099264,22820352,16252864,16236480
2026-05-13T15:48:44+01:00,server,309488918,7832,1332457,1325632968,6735,0,68967,0,32911424,27813376,5098048,22821504,16252864,16236480
2026-05-13T15:48:45+01:00,server,309491367,7832,1332462,1325635437,6735,0,68967,0,32911424,27814720,5096704,22822848,16252864,16236480
2026-05-13T15:48:46+01:00,server,309493840,7832,1332476,1325637897,6735,0,68967,0,32911424,27813568,5097856,22821696,16252864,16236480
2026-05-13T15:48:47+01:00,server,309496267,7832,1332489,1325640360,6735,0,68967,0,32911424,27813952,5097472,22822080,16252864,16236480
2026-05-13T15:48:48+01:00,server,309498698,7832,1332499,1325642820,6735,0,68967,0,32911424,27813568,5097856,22821696,16252864,16236480
2026-05-13T15:48:50+01:00,server,309501146,7832,1332514,1325645280,6735,0,68968,0,32911424,27813568,5097856,22821696,16252864,16236480
2026-05-13T15:48:51+01:00,server,309503600,7832,1332523,1325647739,6735,0,68968,0,32911424,27813760,5097664,22821888,16252864,16236480
2026-05-13T15:48:52+01:00,server,309506048,7832,1332552,1325650177,6735,0,68969,0,32911424,27817856,5093568,22825984,16252864,16236480
2026-05-13T15:48:53+01:00,server,309508500,7832,1332566,1325652637,6735,0,68969,0,32911424,27815168,5096256,22823296,16252864,16236480
2026-05-13T15:48:54+01:00,server,309510903,7832,1332584,1325655094,6735,0,68969,0,32911424,27812992,5098432,22820480,16252864,16236480
2026-05-13T15:48:55+01:00,server,309513375,7832,1332598,1325657554,6735,0,68969,0,32911424,27813568,5097856,22821056,16252864,16236480
2026-05-13T15:48:56+01:00,server,309515850,7832,1332611,1325660012,6735,0,68969,0,32911424,27813376,5098048,22820864,16252864,16236480
2026-05-13T15:48:57+01:00,server,309518255,7832,1332618,1325662477,6735,0,68969,0,32911424,27815488,5095936,22822976,16252864,16236480
2026-05-13T15:48:58+01:00,server,309520706,7832,1332621,1325664947,6735,0,68969,0,32911424,27808768,5102656,22816256,16252864,16236480
2026-05-13T15:48:59+01:00,server,309523176,7832,1332637,1325667409,6735,0,68969,0,32911424,27806144,5105280,22813568,16252864,16236480
2026-05-13T15:49:00+01:00,server,309525626,7832,1332650,1325669868,6735,0,68969,0,32911424,27805952,5105472,22813376,16252864,16236480
2026-05-13T15:49:01+01:00,server,309528100,7832,1332664,1325672328,6735,0,68969,0,32911424,27805376,5106048,22812800,16252864,16236480
2026-05-13T15:49:02+01:00,server,309530553,7832,1332678,1325674787,6735,0,68969,0,32911424,27808320,5103104,22815680,16252864,16236480
2026-05-13T15:49:03+01:00,server,309532997,7832,1332690,1325677247,6735,0,68971,0,32911424,27807936,5103488,22815296,16252864,16236480
2026-05-13T15:49:04+01:00,server,309535423,7832,1332704,1325679704,6735,0,68972,0,32911424,27808192,5103232,22815552,16252864,16236480
2026-05-13T15:49:05+01:00,server,309537849,7832,1332718,1325682165,6735,0,68972,0,32911424,27810112,5101312,22817472,16252864,16236480
2026-05-13T15:49:06+01:00,server,309540303,7832,1332728,1325684623,6735,0,68972,0,32911424,27812032,5099392,22819392,16252864,16236480
2026-05-13T15:49:07+01:00,server,309542766,7832,1332752,1325687059,6735,0,68972,0,32911424,27808000,5103424,22815360,16252864,16236480
2026-05-13T15:49:08+01:00,server,309545193,7832,1332763,1325689520,6735,0,68973,0,32911424,27803968,5107456,22811328,16252864,16236480
2026-05-13T15:49:09+01:00,server,309547643,7832,1332777,1325691981,6735,0,68973,0,32911424,27806272,5105152,22813632,16252864,16236480
2026-05-13T15:49:10+01:00,server,309550112,7832,1332787,1325694449,6735,0,68974,0,32911424,27804352,5107072,22811712,16252864,16236480
2026-05-13T15:49:11+01:00,server,309552562,7836,1332798,1325696904,6735,0,68974,0,32911424,27807424,5104000,22814784,16252864,16236480
2026-05-13T15:49:12+01:00,server,309555013,7836,1332814,1325699365,6735,0,68974,0,32911424,27807680,5103744,22815040,16252864,16236480
2026-05-13T15:49:13+01:00,server,309557464,7836,1332828,1325701824,6735,0,68974,0,32911424,27806336,5105088,22813696,16252864,16236480
2026-05-13T15:49:14+01:00,server,309559912,7836,1332842,1325704285,6735,0,68974,0,32911424,27808256,5103168,22815616,16252864,16236480
2026-05-13T15:49:15+01:00,server,309562393,7836,1332850,1325706742,6735,0,68974,0,32911424,27809984,5101440,22817344,16252864,16236480
2026-05-13T15:49:16+01:00,server,309564863,7836,1332866,1325709201,6735,0,68974,0,32911424,27808896,5102528,22816256,16252864,16236480
2026-05-13T15:49:17+01:00,server,309567311,7836,1332879,1325711659,6735,0,68975,0,32911424,27806144,5105280,22813504,16252864,16236480
2026-05-13T15:49:18+01:00,server,309569763,7836,1332892,1325714119,6735,0,68975,0,32911424,27807872,5103552,22815232,16252864,16236480
2026-05-13T15:49:19+01:00,server,309572236,7836,1332906,1325716580,6735,0,68975,0,32911424,27805760,5105664,22813120,16252864,16236480
2026-05-13T15:49:20+01:00,server,309574687,7836,1332914,1325719039,6735,0,68975,0,32911424,27804800,5106624,22812160,16252864,16236480
2026-05-13T15:49:21+01:00,server,309577153,7836,1332935,1325721486,6735,0,68975,0,32911424,27806528,5104896,22813888,16252864,16236480
2026-05-13T15:49:22+01:00,server,309579607,7837,1332947,1325723944,6735,0,68977,0,32911424,27811264,5100160,22818624,16252864,16236480
2026-05-13T15:49:23+01:00,server,309582030,7837,1332958,1325726408,6735,0,68979,0,32911424,27809728,5101696,22817088,16252864,16236480
2026-05-13T15:49:24+01:00,server,309584481,7837,1332971,1325728869,6735,0,68979,0,32911424,27812032,5099392,22819392,16252864,16236480
2026-05-13T15:49:25+01:00,server,309586951,7837,1332986,1325731329,6735,0,68980,0,32911424,27810112,5101312,22817472,16252864,16236480
2026-05-13T15:49:26+01:00,server,309589379,7837,1332997,1325733788,6735,0,68981,0,32911424,27811264,5100160,22818624,16252864,16236480
2026-05-13T15:49:28+01:00,server,309591853,7837,1333008,1325736247,6735,0,68981,0,32911424,27811840,5099584,22819200,16252864,16236480
2026-05-13T15:49:29+01:00,server,309594329,7837,1333017,1325738706,6735,0,68982,0,32911424,27812288,5099136,22819648,16252864,16236480
2026-05-13T15:49:30+01:00,server,309596736,7837,1333025,1325741164,6735,0,68984,0,32911424,27812672,5098752,22820032,16252864,16236480
2026-05-13T15:49:31+01:00,server,309599211,7837,1333036,1325743622,6735,0,68984,0,32911424,27812864,5098560,22820224,16252864,16236480
2026-05-13T15:49:32+01:00,server,309601658,7837,1333052,1325746080,6735,0,68984,0,32911424,27813248,5098176,22820608,16252864,16236480
2026-05-13T15:49:33+01:00,server,309604139,7837,1333061,1325748538,6735,0,68984,0,32911424,27811136,5100288,22818432,16252864,16236480
2026-05-13T15:49:34+01:00,server,309606524,7837,1333074,1325750996,6735,0,68985,0,32911424,27812288,5099136,22819584,16252864,16236480
2026-05-13T15:49:35+01:00,server,309608970,7837,1333085,1325753459,6735,0,68985,0,32911424,27813440,5097984,22820736,16252864,16236480
2026-05-13T15:49:36+01:00,server,309611440,7837,1333094,1325755927,6735,0,68985,0,32911424,27809024,5102400,22816320,16252864,16236480
2026-05-13T15:49:37+01:00,server,309613887,7837,1333111,1325758462,6735,0,68987,0,32911424,27800384,5111040,22807680,16252864,16236480
2026-05-13T15:49:38+01:00,server,309616219,7837,1333125,1325761009,6735,0,68988,0,32911424,27792896,5118528,22800192,16252864,16236480
2026-05-13T15:49:39+01:00,server,309618569,7837,1333188,1325763544,6735,0,68988,0,32911424,27800384,5111040,22807680,16252864,16236480
2026-05-13T15:49:40+01:00,server,309620853,7837,1333210,1325766093,6735,0,68988,0,32911424,27797952,5113472,22805248,16252864,16236480
2026-05-13T15:49:41+01:00,server,309623169,7837,1333233,1325768631,6735,0,68988,0,32911424,27800128,5111296,22807424,16252864,16236480
2026-05-13T15:49:42+01:00,server,309625512,7837,1333250,1325771173,6735,0,68988,0,32911424,27795904,5115520,22803200,16252864,16236480
2026-05-13T15:49:43+01:00,server,309627878,7837,1333282,1325773709,6735,0,68989,0,32911424,27793664,5117760,22800960,16252864,16236480
2026-05-13T15:49:44+01:00,server,309630208,7837,1333317,1325776249,6735,0,68989,0,32911424,27798016,5113408,22805312,16252864,16236480
2026-05-13T15:49:45+01:00,server,309632581,7837,1333337,1325778790,6735,0,68989,0,32911424,27801280,5110144,22808576,16252864,16236480
2026-05-13T15:49:46+01:00,server,309634996,7837,1333351,1325781306,6735,0,68989,0,32911424,27810048,5101376,22817344,16252864,16236480
2026-05-13T15:49:47+01:00,server,309637473,7837,1333357,1325783801,6735,0,68989,0,32911424,27809664,5101760,22816960,16252864,16236480
2026-05-13T15:49:48+01:00,server,309639921,7837,1333368,1325786273,6735,0,68989,0,32911424,27810240,5101184,22817536,16252864,16236480
2026-05-13T15:49:49+01:00,server,309642374,7837,1333384,1325788739,6735,0,68990,0,32911424,27809088,5102336,22816384,16252864,16236480
2026-05-13T15:49:50+01:00,server,309644843,7837,1333400,1325791196,6735,0,68991,0,32911424,27809280,5102144,22816576,16252864,16236480
2026-05-13T15:49:51+01:00,server,309647291,7837,1333413,1325793659,6735,0,68991,0,32911424,27807936,5103488,22815232,16252864,16236480
2026-05-13T15:49:52+01:00,server,309649796,7837,1333430,1325796160,6735,0,68992,0,32911424,27811136,5100288,22818368,16252864,16236480
2026-05-13T15:49:53+01:00,server,309652267,7837,1333447,1325798626,6735,0,68992,0,32911424,27810048,5101376,22817280,16252864,16236480
2026-05-13T15:49:54+01:00,server,309654696,7837,1333463,1325801090,6735,0,68992,0,32911424,27814464,5096960,22821696,16252864,16236480
2026-05-13T15:49:55+01:00,server,309657169,7837,1333479,1325803555,6735,0,68995,0,32911424,27809856,5101568,22817088,16252864,16236480
2026-05-13T15:49:56+01:00,server,309659621,7837,1333493,1325806018,6735,0,68998,0,32911424,27810816,5100608,22818048,16252864,16236480
2026-05-13T15:49:57+01:00,server,309662095,7837,1333506,1325808483,6735,0,68998,0,32911424,27810240,5101184,22817472,16252864,16236480
2026-05-13T15:49:58+01:00,server,309664565,7837,1333525,1325810946,6736,0,68998,0,32911424,27806976,5104448,22814208,16252864,16236480
2026-05-13T15:49:59+01:00,server,309667012,7837,1333539,1325813412,6736,0,68998,0,32911424,27809664,5101760,22816896,16252864,16236480
2026-05-13T15:50:00+01:00,server,309669417,7837,1333545,1325815882,6736,0,68999,0,32911424,27810240,5101184,22817472,16252864,16236480
2026-05-13T15:50:01+01:00,server,309671889,7837,1333563,1325818341,6736,0,69000,0,32911424,27798528,5112896,22805760,16252864,16236480
2026-05-13T15:50:02+01:00,server,309674362,7837,1333578,1325820806,6736,0,69000,0,32911424,27798016,5113408,22805248,16252864,16236480
2026-05-13T15:50:03+01:00,server,309676833,7837,1333595,1325823271,6736,0,69000,0,32911424,27804352,5107072,22811584,16252864,16236480
2026-05-13T15:50:05+01:00,server,309679236,7837,1333614,1325825734,6736,0,69001,0,32911424,27805888,5105536,22813120,16252864,16236480
2026-05-13T15:50:06+01:00,server,309681639,7837,1333626,1325828198,6736,0,69001,0,32911424,27807616,5103808,22814848,16252864,16236480
2026-05-13T15:50:07+01:00,server,309684154,7837,1333647,1325830639,6736,0,69001,0,32911424,27807680,5103744,22814848,16252864,16236480
2026-05-13T15:50:08+01:00,server,309686632,7837,1333658,1325833105,6736,0,69001,0,32911424,27805376,5106048,22812544,16252864,16236480
2026-05-13T15:50:09+01:00,server,309689084,7837,1333671,1325835570,6736,0,69001,0,32911424,27801536,5109888,22808704,16252864,16236480
2026-05-13T15:50:10+01:00,server,309691537,7837,1333683,1325838035,6736,0,69001,0,32911424,27799040,5112384,22806208,16252864,16236480
2026-05-13T15:50:11+01:00,server,309694012,7837,1333694,1325840502,6736,0,69002,0,32911424,27798080,5113344,22805248,16252864,16236480
2026-05-13T15:50:12+01:00,server,309696459,7837,1333707,1325842971,6736,0,69002,0,32911424,27800128,5111296,22807296,16252864,16236480
2026-05-13T15:50:13+01:00,server,309698931,7837,1333713,1325845444,6736,0,69002,0,32911424,27798400,5113024,22805568,16252864,16236480
2026-05-13T15:50:14+01:00,server,309701360,7837,1333726,1325847908,6736,0,69003,0,32911424,27798016,5113408,22805184,16252864,16236480
2026-05-13T15:50:15+01:00,server,309703804,7837,1333743,1325850372,6736,0,69003,0,32911424,27801152,5110272,22808256,16252864,16236480
2026-05-13T15:50:16+01:00,server,309706280,7837,1333752,1325852834,6736,0,69004,0,32911424,27800512,5110912,22807616,16252864,16236480
2026-05-13T15:50:17+01:00,server,309708733,7837,1333766,1325855300,6736,0,69005,0,32911424,27802368,5109056,22809472,16252864,16236480
2026-05-13T15:50:18+01:00,server,309711186,7837,1333779,1325857764,6736,0,69005,0,32911424,27804864,5106560,22811968,16252864,16236480
2026-05-13T15:50:19+01:00,server,309713658,7837,1333793,1325860230,6736,0,69006,0,32911424,27802368,5109056,22809472,16252864,16236480
2026-05-13T15:50:20+01:00,server,309716135,7837,1333806,1325862696,6736,0,69006,0,32911424,27802176,5109248,22809280,16252864,16236480
2026-05-13T15:50:21+01:00,server,309718492,7837,1333820,1325865160,6736,0,69007,0,32911424,27801792,5109632,22808896,16252864,16236480
2026-05-13T15:50:22+01:00,server,309720969,7837,1333834,1325867599,6736,0,69008,0,32911424,27804224,5107200,22811328,16252864,16236480
2026-05-13T15:50:23+01:00,server,309723442,7837,1333845,1325870065,6736,0,69008,0,32911424,27805760,5105664,22812864,16252864,16236480
2026-05-13T15:50:24+01:00,server,309725912,7837,1333856,1325872530,6736,0,69008,0,32911424,27806528,5104896,22813632,16252864,16236480
2026-05-13T15:50:25+01:00,server,309728360,7837,1333865,1325875002,6736,0,69008,0,32911424,27804544,5106880,22811648,16252864,16236480
2026-05-13T15:50:26+01:00,server,309730831,7837,1333881,1325877465,6736,0,69009,0,32911424,27803840,5107584,22810944,16252864,16236480
2026-05-13T15:50:27+01:00,server,309733237,7837,1333893,1325879928,6736,0,69010,0,32911424,27803968,5107456,22811072,16252864,16236480
2026-05-13T15:50:28+01:00,server,309735712,7837,1333905,1325882393,6736,0,69011,0,32911424,27804160,5107264,22811264,16252864,16236480
2026-05-13T15:50:29+01:00,server,309738165,7837,1333914,1325884857,6736,0,69012,0,32911424,27807296,5104128,22814400,16252864,16236480
2026-05-13T15:50:30+01:00,server,309740640,7837,1333924,1325887319,6736,0,69012,0,32911424,27806528,5104896,22813632,16252864,16236480
2026-05-13T15:50:31+01:00,server,309743091,7837,1333939,1325889781,6736,0,69012,0,32911424,27803840,5107584,22810944,16252864,16236480
2026-05-13T15:50:32+01:00,server,309745543,7837,1333953,1325892244,6736,0,69012,0,32911424,27803072,5108352,22810176,16252864,16236480
2026-05-13T15:50:33+01:00,server,309748013,7837,1333973,1325894704,6736,0,69013,0,32911424,27799424,5112000,22806528,16252864,16236480
2026-05-13T15:50:34+01:00,server,309750464,7837,1333987,1325897167,6736,0,69013,0,32911424,27801536,5109888,22808640,16252864,16236480
2026-05-13T15:50:35+01:00,server,309752916,7837,1334001,1325899630,6736,0,69013,0,32911424,27800000,5111424,22807104,16252864,16236480
2026-05-13T15:50:36+01:00,server,309755432,7837,1334008,1325902071,6736,0,69013,0,32911424,27798464,5112960,22805568,16252864,16236480
2026-05-13T15:50:37+01:00,server,309757902,7837,1334020,1325904538,6736,0,69015,0,32911424,27798016,5113408,22805120,16252864,16236480
2026-05-13T15:50:38+01:00,server,309760353,7837,1334037,1325907000,6736,0,69015,0,32911424,27794752,5116672,22801856,16252864,16236480
2026-05-13T15:50:39+01:00,server,309762807,7837,1334049,1325909463,6736,0,69016,0,32911424,27798976,5112448,22806080,16252864,16236480
2026-05-13T15:50:41+01:00,server,309765282,7837,1334064,1325911930,6736,0,69017,0,32911424,27799360,5112064,22806464,16252864,16236480
2026-05-13T15:50:42+01:00,server,309767735,7837,1334080,1325914392,6736,0,69017,0,32911424,27796032,5115392,22803072,16252864,16236480
2026-05-13T15:50:43+01:00,server,309770187,7837,1334092,1325916853,6736,0,69018,0,32911424,27796416,5115008,22803456,16252864,16236480
2026-05-13T15:50:44+01:00,server,309772639,7837,1334106,1325919317,6736,0,69019,0,32911424,27796992,5114432,22804032,16252864,16236480
2026-05-13T15:50:45+01:00,server,309775113,7837,1334123,1325921778,6736,0,69020,0,32911424,27794496,5116928,22801536,16252864,16236480
2026-05-13T15:50:46+01:00,server,309777565,7837,1334139,1325924239,6736,0,69020,0,32911424,27797376,5114048,22804416,16252864,16236480
2026-05-13T15:50:47+01:00,server,309780036,7837,1334153,1325926699,6736,0,69021,0,32911424,27790720,5120704,22797760,16252864,16236480
2026-05-13T15:50:48+01:00,server,309782488,7837,1334165,1325929155,6736,0,69021,0,32911424,27798016,5113408,22805056,16252864,16236480
2026-05-13T15:50:49+01:00,server,309784913,7837,1334181,1325931617,6736,0,69022,0,32911424,27797632,5113792,22804672,16252864,16236480
2026-05-13T15:50:50+01:00,server,309787386,7837,1334191,1325934078,6736,0,69022,0,32911424,27795712,5115712,22802752,16252864,16236480
2026-05-13T15:50:51+01:00,server,309789836,7837,1334207,1325936535,6736,0,69022,0,32911424,27799552,5111872,22806592,16252864,16236480
2026-05-13T15:50:52+01:00,server,309792352,7837,1334228,1325938963,6736,0,69022,0,32911424,27799744,5111680,22806784,16252864,16236480
2026-05-13T15:50:53+01:00,server,309794825,7837,1334243,1325941430,6736,0,69022,0,32911424,27796864,5114560,22803904,16252864,16236480
2026-05-13T15:50:54+01:00,server,309797302,7837,1334254,1325943895,6736,0,69022,0,32911424,27796672,5114752,22803712,16252864,16236480
2026-05-13T15:50:55+01:00,server,309799636,7837,1334272,1325946498,6736,0,69024,0,32911424,27875968,5035456,22883008,16252864,16236480
2026-05-13T15:50:56+01:00,server,309802081,7837,1334293,1325948957,6736,0,69024,0,32911424,27877120,5034304,22884160,16252864,16236480
2026-05-13T15:50:57+01:00,server,309804520,7837,1334313,1325951413,6736,0,69024,0,32911424,27876416,5035008,22883456,16252864,16236480
2026-05-13T15:50:58+01:00,server,309806989,7837,1334331,1325953871,6736,0,69024,0,32911424,27875712,5035712,22882752,16252864,16236480
2026-05-13T15:50:59+01:00,server,309809439,7837,1334348,1325956328,6736,0,69024,0,32911424,27879808,5031616,22886784,16252864,16236480
2026-05-13T15:51:00+01:00,server,309811913,7837,1334364,1325958788,6736,0,69025,0,32911424,27877696,5033728,22884672,16252864,16236480
2026-05-13T15:51:01+01:00,server,309814383,7837,1334374,1325961261,6736,0,69025,0,32911424,27875776,5035648,22882624,16252864,16236480
2026-05-13T15:51:02+01:00,server,309816856,7837,1334387,1325963726,6736,0,69025,0,32911424,27872704,5038720,22879552,16252864,16236480
2026-05-13T15:51:03+01:00,server,309819326,7837,1334406,1325966183,6736,0,69025,0,32911424,27874240,5037184,22881088,16252864,16236480
2026-05-13T15:51:04+01:00,server,309821710,7837,1334418,1325968641,6736,0,69026,0,32911424,27874048,5037376,22880896,16252864,16236480
2026-05-13T15:51:05+01:00,server,309824159,7837,1334446,1325971104,6736,0,69027,0,32911424,27874240,5037184,22881088,16252864,16236480
2026-05-13T15:51:06+01:00,server,309826604,7837,1334464,1325973564,6736,0,69027,0,32911424,27872512,5038912,22879360,16252864,16236480
2026-05-13T15:51:07+01:00,server,309829069,7837,1334485,1325975999,6736,0,69027,0,32911424,27874240,5037184,22881088,16252864,16236480
2026-05-13T15:51:08+01:00,server,309831542,7837,1334499,1325978457,6736,0,69027,0,32911424,27872576,5038848,22879360,16252864,16236480
2026-05-13T15:51:09+01:00,server,309833994,7837,1334510,1325980917,6736,0,69027,0,32911424,27876800,5034624,22883584,16252864,16236480
2026-05-13T15:51:10+01:00,server,309836445,7837,1334524,1325983377,6736,0,69027,0,32911424,27876736,5034688,22883520,16252864,16236480
2026-05-13T15:51:11+01:00,server,309838895,7837,1334541,1325985835,6736,0,69027,0,32911424,27875584,5035840,22882368,16252864,16236480
2026-05-13T15:51:12+01:00,server,309841341,7837,1334556,1325988297,6736,0,69028,0,32911424,27874432,5036992,22881216,16252864,16236480
2026-05-13T15:51:13+01:00,server,309843792,7837,1334560,1325990767,6736,0,69029,0,32911424,27873600,5037824,22880384,16252864,16236480
2026-05-13T15:51:14+01:00,server,309846243,7837,1334574,1325993230,6736,0,69029,0,32911424,27874944,5036480,22881728,16252864,16236480
2026-05-13T15:51:15+01:00,server,309848693,7837,1334588,1325995692,6736,0,69029,0,32911424,27876480,5034944,22883264,16252864,16236480
2026-05-13T15:51:16+01:00,server,309851145,7837,1334598,1325998152,6736,0,69030,0,32911424,27876096,5035328,22882880,16252864,16236480
2026-05-13T15:51:18+01:00,server,309853597,7837,1334612,1326000616,6736,0,69030,0,32911424,27878208,5033216,22884992,16252864,16236480
2026-05-13T15:51:19+01:00,server,309856069,7837,1334626,1326003080,6736,0,69030,0,32911424,27875712,5035712,22882496,16252864,16236480
2026-05-13T15:51:20+01:00,server,309858546,7837,1334639,1326005541,6736,0,69031,0,32911424,27875456,5035968,22882240,16252864,16236480
2026-05-13T15:51:21+01:00,server,309860938,7837,1334660,1326008002,6736,0,69032,0,32911424,27877632,5033792,22884352,16252864,16236480
2026-05-13T15:51:22+01:00,server,309863448,7837,1334685,1326010436,6736,0,69033,0,32911424,27876352,5035072,22883008,16252864,16236480
2026-05-13T15:51:23+01:00,server,309865920,7837,1334699,1326012899,6736,0,69033,0,32911424,27873088,5038336,22879744,16252864,16236480
2026-05-13T15:51:24+01:00,server,309868350,7837,1334713,1326015362,6736,0,69033,0,32911424,27876928,5034496,22883584,16252864,16236480
2026-05-13T15:51:25+01:00,server,309870800,7837,1334725,1326017824,6736,0,69033,0,32911424,27875968,5035456,22882624,16252864,16236480
2026-05-13T15:51:26+01:00,server,309873254,7837,1334731,1326020294,6736,0,69033,0,32911424,27872512,5038912,22879168,16252864,16236480
2026-05-13T15:51:27+01:00,server,309875704,7837,1334744,1326022757,6736,0,69033,0,32911424,27875008,5036416,22881664,16252864,16236480
2026-05-13T15:51:28+01:00,server,309878132,7837,1334756,1326025217,6736,0,69034,0,32911424,27874752,5036672,22881408,16252864,16236480
2026-05-13T15:51:29+01:00,server,309880585,7837,1334767,1326027678,6736,0,69034,0,32911424,27875776,5035648,22882432,16252864,16236480
2026-05-13T15:51:30+01:00,server,309883057,7837,1334780,1326030136,6736,0,69035,0,32911424,27873088,5038336,22879744,16252864,16236480
2026-05-13T15:51:31+01:00,server,309885509,7837,1334788,1326032596,6736,0,69035,0,32911424,27872128,5039296,22878784,16252864,16236480
2026-05-13T15:51:32+01:00,server,309887936,7837,1334802,1326035055,6736,0,69035,0,32911424,27874048,5037376,22880704,16252864,16236480
2026-05-13T15:51:33+01:00,server,309890407,7837,1334815,1326037515,6736,0,69036,0,32911424,27874496,5036928,22881152,16252864,16236480
2026-05-13T15:51:34+01:00,server,309892839,7837,1334822,1326039973,6736,0,69037,0,32911424,27873984,5037440,22880640,16252864,16236480
2026-05-13T15:51:35+01:00,server,309895268,7837,1334834,1326042433,6736,0,69037,0,32911424,27876096,5035328,22882752,16252864,16236480
2026-05-13T15:51:36+01:00,server,309897718,7837,1334851,1326044892,6736,0,69038,0,32911424,27874176,5037248,22880832,16252864,16236480
2026-05-13T15:51:37+01:00,server,309900178,7837,1334868,1326047325,6736,0,69038,0,32911424,27877120,5034304,22883776,16252864,16236480
2026-05-13T15:51:38+01:00,server,309902629,7837,1334873,1326049793,6736,0,69038,0,32911424,27876928,5034496,22883584,16252864,16236480
2026-05-13T15:51:39+01:00,server,309905073,7837,1334891,1326052256,6736,0,69039,0,32911424,27876928,5034496,22883584,16252864,16236480
2026-05-13T15:51:40+01:00,server,309907522,7837,1334905,1326054718,6736,0,69039,0,32911424,27875008,5036416,22881664,16252864,16236480
2026-05-13T15:51:41+01:00,server,309909973,7837,1334918,1326057179,6736,0,69039,0,32911424,27873856,5037568,22880512,16252864,16236480
2026-05-13T15:51:42+01:00,server,309912448,7837,1334929,1326059639,6736,0,69040,0,32911424,27874624,5036800,22881280,16252864,16236480
2026-05-13T15:51:43+01:00,server,309914881,7837,1334937,1326062099,6736,0,69040,0,32911424,27873536,5037888,22880192,16252864,16236480
2026-05-13T15:51:44+01:00,server,309917352,7837,1334949,1326064558,6736,0,69041,0,32911424,27877184,5034240,22883840,16252864,16236480
2026-05-13T15:51:45+01:00,server,309919801,7837,1334964,1326067015,6736,0,69041,0,32911424,27872384,5039040,22879040,16252864,16236480
2026-05-13T15:51:46+01:00,server,309922225,7837,1334981,1326069475,6736,0,69042,0,32911424,27873984,5037440,22880576,16252864,16236480
2026-05-13T15:51:47+01:00,server,309924695,7837,1334998,1326071933,6736,0,69042,0,32911424,27878592,5032832,22885184,16252864,16236480
2026-05-13T15:51:48+01:00,server,309927169,7837,1335013,1326074390,6736,0,69042,0,32911424,27878144,5033280,22884736,16252864,16236480
2026-05-13T15:51:49+01:00,server,309929570,7837,1335027,1326076851,6736,0,69042,0,32911424,27876608,5034816,22883200,16252864,16236480
2026-05-13T15:51:50+01:00,server,309931887,7837,1335040,1326079308,6736,0,69042,0,32911424,27879360,5032064,22885952,16252864,16236480
2026-05-13T15:51:51+01:00,server,309934083,7837,1335054,1326082015,6736,0,69042,0,32911424,27909120,5002304,22915712,16252864,16236480
2026-05-13T15:51:52+01:00,server,309936539,7837,1335063,1326084474,6736,0,69042,0,32911424,27907392,5004032,22913984,16252864,16236480
2026-05-13T15:51:53+01:00,server,309939014,7837,1335073,1326086934,6736,0,69042,0,32911424,27906816,5004608,22913408,16252864,16236480
2026-05-13T15:51:54+01:00,server,309941440,7837,1335087,1326089393,6736,0,69042,0,32911424,27907008,5004416,22913600,16252864,16236480
2026-05-13T15:51:55+01:00,server,309943911,7837,1335101,1326091851,6736,0,69042,0,32911424,27904512,5006912,22911104,16252864,16236480
2026-05-13T15:51:57+01:00,server,309946389,7837,1335113,1326094310,6736,0,69043,0,32911424,27905600,5005824,22912192,16252864,16236480
2026-05-13T15:51:58+01:00,server,309948836,7837,1335129,1326096767,6736,0,69044,0,32911424,27906944,5004480,22913536,16252864,16236480
2026-05-13T15:51:59+01:00,server,309951312,7837,1335142,1326099227,6736,0,69044,0,32911424,27908672,5002752,22915264,16252864,16236480
2026-05-13T15:52:00+01:00,server,309953765,7837,1335154,1326101687,6736,0,69044,0,32911424,27909248,5002176,22915840,16252864,16236480
2026-05-13T15:52:01+01:00,server,309956194,7837,1335185,1326104145,6736,0,69044,0,32911424,27905792,5005632,22912384,16252864,16236480
2026-05-13T15:52:02+01:00,server,309958667,7837,1335199,1326106604,6736,0,69044,0,32911424,27903872,5007552,22910464,16252864,16236480
2026-05-13T15:52:03+01:00,server,309961115,7837,1335207,1326109068,6736,0,69044,0,32911424,27905664,5005760,22912256,16252864,16236480
2026-05-13T15:52:04+01:00,server,309963565,7837,1335214,1326111534,6736,0,69045,0,32911424,27906624,5004800,22913216,16252864,16236480
2026-05-13T15:52:05+01:00,server,309966017,7837,1335238,1326113993,6736,0,69045,0,32911424,27906048,5005376,22912640,16252864,16236480
2026-05-13T15:52:06+01:00,server,309968445,7837,1335250,1326116449,6736,0,69046,0,32911424,27904128,5007296,22910720,16252864,16236480
2026-05-13T15:52:07+01:00,server,309970903,7837,1335269,1326118885,6736,0,69046,0,32911424,27907776,5003648,22914368,16252864,16236480
2026-05-13T15:52:08+01:00,server,309973332,7837,1335280,1326121343,6736,0,69046,0,32911424,27907392,5004032,22913984,16252864,16236480
2026-05-13T15:52:09+01:00,server,309975806,7837,1335292,1326123803,6736,0,69046,0,32911424,27908928,5002496,22915520,16252864,16236480
2026-05-13T15:52:10+01:00,server,309978282,7837,1335303,1326126261,6736,0,69046,0,32911424,27910272,5001152,22916864,16252864,16236480
2026-05-13T15:52:11+01:00,server,309980682,7837,1335320,1326128721,6736,0,69046,0,32911424,27906240,5005184,22912832,16252864,16236480
2026-05-13T15:52:12+01:00,server,309983152,7837,1335338,1326131178,6736,0,69047,0,32911424,27911552,4999872,22918144,16252864,16236480
2026-05-13T15:52:13+01:00,server,309985606,7837,1335352,1326133638,6736,0,69047,0,32911424,27911360,5000064,22917952,16252864,16236480
2026-05-13T15:52:14+01:00,server,309988033,7837,1335365,1326136096,6736,0,69048,0,32911424,27907776,5003648,22914304,16252864,16236480
2026-05-13T15:52:15+01:00,server,309990483,7837,1335375,1326138562,6736,0,69048,0,32911424,27909120,5002304,22915648,16252864,16236480
2026-05-13T15:52:16+01:00,server,309992933,7837,1335384,1326141035,6736,0,69048,0,32911424,27905856,5005568,22912384,16252864,16236480
2026-05-13T15:52:17+01:00,server,309995380,7837,1335401,1326143492,6736,0,69048,0,32911424,27908928,5002496,22915648,16252864,16236480
2026-05-13T15:52:18+01:00,server,309997843,7837,1335415,1326145990,6736,0,69048,0,32911424,27906240,5005184,22912768,16252864,16236480
2026-05-13T15:52:19+01:00,server,310000294,7837,1335430,1326148451,6736,0,69048,0,32911424,27906624,5004800,22913152,16252864,16236480
2026-05-13T15:52:20+01:00,server,310002766,7837,1335447,1326150920,6736,0,69048,0,32911424,27908352,5003072,22914880,16252864,16236480
2026-05-13T15:52:21+01:00,server,310005221,7837,1335459,1326153403,6736,0,69049,0,32911424,27905856,5005568,22912384,16252864,16236480
2026-05-13T15:52:22+01:00,server,310007761,7837,1335477,1326155861,6736,0,69049,0,32911424,27907456,5003968,22913984,16252864,16236480
2026-05-13T15:52:23+01:00,server,310010233,7837,1335488,1326158343,6736,0,69050,0,32911424,27906304,5005120,22912832,16252864,16236480
2026-05-13T15:52:24+01:00,server,310012662,7837,1335501,1326160803,6736,0,69050,0,32911424,27904576,5006848,22911168,16252864,16236480
2026-05-13T15:52:25+01:00,server,310015134,7837,1335517,1326163264,6736,0,69050,0,32911424,27906304,5005120,22912896,16252864,16236480
2026-05-13T15:52:26+01:00,server,310017584,7837,1335530,1326165724,6736,0,69050,0,32911424,27907072,5004352,22913664,16252864,16236480
2026-05-13T15:52:27+01:00,server,310020059,7837,1335541,1326168184,6736,0,69050,0,32911424,27907392,5004032,22913984,16252864,16236480
2026-05-13T15:52:28+01:00,server,310022531,7837,1335551,1326170650,6736,0,69050,0,32911424,27907584,5003840,22914240,16252864,16236480
2026-05-13T15:52:29+01:00,server,310024979,7837,1335561,1326173113,6736,0,69050,0,32911424,27909952,5001472,22916480,16252864,16236480
2026-05-13T15:52:30+01:00,server,310027524,7837,1335596,1326175478,6736,0,69050,0,32911424,27902848,5008576,22909376,16252864,16236480
2026-05-13T15:52:31+01:00,server,310030096,7837,1335613,1326177831,6736,0,69050,0,32911424,27899648,5011776,22906304,16252864,16236480
2026-05-13T15:52:32+01:00,server,310032553,7837,1335630,1326180274,6736,0,69054,0,32911424,27907328,5004096,22913984,16252864,16236480
2026-05-13T15:52:34+01:00,server,310034999,7837,1335649,1326182734,6736,0,69056,0,32911424,27906944,5004480,22913600,16252864,16236480
2026-05-13T15:52:35+01:00,server,310037426,7837,1335664,1326185192,6736,0,69057,0,32911424,27910016,5001408,22916672,16252864,16236480
2026-05-13T15:52:36+01:00,server,310039875,7837,1335677,1326187651,6736,0,69057,0,32911424,27910208,5001216,22916864,16252864,16236480
2026-05-13T15:52:37+01:00,server,310042364,7837,1335695,1326190083,6736,0,69059,0,32911424,27908864,5002560,22915520,16252864,16236480
2026-05-13T15:52:38+01:00,server,310044837,7837,1335709,1326192540,6736,0,69060,0,32911424,27909056,5002368,22915712,16252864,16236480
2026-05-13T15:52:39+01:00,server,310047261,7837,1335726,1326194998,6736,0,69060,0,32911424,27909056,5002368,22915712,16252864,16236480
2026-05-13T15:52:40+01:00,server,310049735,7837,1335740,1326197457,6736,0,69060,0,32911424,27907072,5004352,22913728,16252864,16236480
2026-05-13T15:52:41+01:00,server,310052185,7837,1335748,1326199924,6736,0,69060,0,32911424,27909760,5001664,22916416,16252864,16236480
2026-05-13T15:52:42+01:00,server,310054610,7837,1335759,1326202387,6736,0,69060,0,32911424,27910912,5000512,22917568,16252864,16236480
2026-05-13T15:52:43+01:00,server,310057084,7837,1335774,1326204846,6737,0,69060,0,32911424,27911872,4999552,22918528,16252864,16236480
2026-05-13T15:52:44+01:00,server,310059560,7837,1335785,1326207308,6737,0,69060,0,32911424,27910528,5000896,22917184,16252864,16236480
2026-05-13T15:52:45+01:00,server,310062012,7837,1335793,1326209765,6737,0,69061,0,32911424,27911232,5000192,22917888,16252864,16236480
2026-05-13T15:52:46+01:00,server,310064462,7837,1335806,1326212223,6737,0,69061,0,32911424,27912000,4999424,22918656,16252864,16236480
2026-05-13T15:52:47+01:00,server,310066909,7837,1335824,1326214684,6737,0,69061,0,32911424,27913152,4998272,22919808,16252864,16236480
2026-05-13T15:52:48+01:00,server,310069361,7837,1335834,1326217147,6737,0,69061,0,32911424,27911616,4999808,22918272,16252864,16236480
2026-05-13T15:52:49+01:00,server,310071834,7837,1335848,1326219608,6737,0,69061,0,32911424,27913408,4998016,22920000,16252864,16236480
2026-05-13T15:52:50+01:00,server,310074281,7837,1335867,1326222067,6737,0,69061,0,32911424,27908416,5003008,22915008,16252864,16236480
2026-05-13T15:52:51+01:00,server,310076752,7837,1335884,1326224528,6737,0,69061,0,32911424,27906688,5004736,22913280,16252864,16236480
2026-05-13T15:52:52+01:00,server,310079216,7837,1335900,1326226967,6737,0,69061,0,32911424,27911872,4999552,22918464,16252864,16236480
2026-05-13T15:52:53+01:00,server,310081667,7837,1335906,1326229434,6737,0,69061,0,32911424,27906688,5004736,22913280,16252864,16236480
2026-05-13T15:52:54+01:00,server,310084135,7837,1335916,1326231899,6737,0,69062,0,32911424,27908800,5002624,22915392,16252864,16236480
2026-05-13T15:52:55+01:00,server,310086561,7837,1335931,1326234359,6737,0,69062,0,32911424,27908800,5002624,22915392,16252864,16236480
2026-05-13T15:52:56+01:00,server,310089010,7837,1335944,1326236817,6737,0,69064,0,32911424,27910592,5000832,22917184,16252864,16236480
2026-05-13T15:52:57+01:00,server,310091483,7837,1335957,1326239276,6737,0,69067,0,32911424,27906560,5004864,22913152,16252864,16236480
2026-05-13T15:52:58+01:00,server,310093932,7837,1335970,1326241735,6737,0,69067,0,32911424,27909312,5002112,22915904,16252864,16236480
2026-05-13T15:52:59+01:00,server,310096382,7837,1335984,1326244194,6737,0,69068,0,32911424,27908928,5002496,22915520,16252864,16236480
2026-05-13T15:53:00+01:00,server,310098809,7837,1335997,1326246652,6737,0,69069,0,32911424,27909696,5001728,22916288,16252864,16236480
2026-05-13T15:53:01+01:00,server,310101281,7837,1336007,1326249110,6737,0,69069,0,32911424,27909312,5002112,22915904,16252864,16236480
2026-05-13T15:53:02+01:00,server,310103454,7837,1336022,1326251860,6737,0,69070,0,32911424,27902208,5009216,22908800,16252864,16236480
2026-05-13T15:53:03+01:00,server,310105882,7837,1336033,1326254319,6737,0,69071,0,32911424,27901632,5009792,22908032,16252864,16236480
2026-05-13T15:53:04+01:00,server,310108355,7837,1336048,1326256779,6737,0,69071,0,32911424,27898944,5012480,22905344,16252864,16236480
2026-05-13T15:53:05+01:00,server,310110784,7837,1336055,1326259241,6737,0,69072,0,32911424,27902784,5008640,22909184,16252864,16236480
2026-05-13T15:53:06+01:00,server,310113257,7837,1336066,1326261683,6737,0,69073,0,32911424,27904896,5006528,22911296,16252864,16236480
2026-05-13T15:53:07+01:00,server,310115680,7837,1336088,1326264142,6737,0,69073,0,32911424,27903168,5008256,22909504,16252864,16236480
2026-05-13T15:53:08+01:00,server,310118109,7837,1336098,1326266603,6737,0,69073,0,32911424,27903744,5007680,22910080,16252864,16236480
2026-05-13T15:53:09+01:00,server,310120583,7837,1336107,1326269065,6737,0,69073,0,32911424,27902784,5008640,22909120,16252864,16236480
2026-05-13T15:53:10+01:00,server,310123010,7837,1336126,1326271526,6737,0,69075,0,32911424,27902208,5009216,22908544,16252864,16236480
2026-05-13T15:53:12+01:00,server,310125483,7837,1336141,1326273985,6737,0,69075,0,32911424,27902016,5009408,22908352,16252864,16236480
2026-05-13T15:53:13+01:00,server,310127910,7837,1336154,1326276445,6737,0,69075,0,32911424,27904128,5007296,22910464,16252864,16236480
2026-05-13T15:53:14+01:00,server,310130383,7837,1336168,1326278905,6737,0,69075,0,32911424,27904320,5007104,22910656,16252864,16236480
2026-05-13T15:53:15+01:00,server,310132831,7837,1336183,1326281364,6737,0,69075,0,32911424,27904512,5006912,22910848,16252864,16236480
2026-05-13T15:53:16+01:00,server,310135305,7837,1336197,1326283823,6737,0,69076,0,32911424,27903680,5007744,22910016,16252864,16236480
2026-05-13T15:53:17+01:00,server,310137756,7837,1336208,1326286280,6737,0,69076,0,32911424,27905984,5005440,22912320,16252864,16236480
2026-05-13T15:53:18+01:00,server,310140118,7837,1336216,1326288743,6737,0,69076,0,32911424,27905600,5005824,22911936,16252864,16236480
2026-05-13T15:53:19+01:00,server,310142568,7837,1336227,1326291211,6737,0,69076,0,32911424,27907264,5004160,22913600,16252864,16236480
2026-05-13T15:53:20+01:00,server,310145041,7837,1336242,1326293669,6737,0,69076,0,32911424,27907648,5003776,22913984,16252864,16236480
2026-05-13T15:53:21+01:00,server,310147470,7837,1336253,1326296128,6737,0,69076,0,32911424,27910144,5001280,22916352,16252864,16236480
2026-05-13T15:53:22+01:00,server,310149973,7837,1336288,1326298561,6737,0,69076,0,32911424,27911872,4999552,22918080,16252864,16236480
2026-05-13T15:53:23+01:00,server,310152423,7837,1336300,1326301019,6737,0,69076,0,32911424,27910528,5000896,22916736,16252864,16236480
2026-05-13T15:53:24+01:00,server,310154874,7837,1336316,1326303477,6737,0,69077,0,32911424,27912256,4999168,22918464,16252864,16236480
2026-05-13T15:53:25+01:00,server,310157347,7837,1336329,1326305937,6737,0,69077,0,32911424,27908608,5002816,22914816,16252864,16236480
2026-05-13T15:53:26+01:00,server,310159776,7837,1336340,1326308398,6737,0,69078,0,32911424,27908992,5002432,22915200,16252864,16236480
2026-05-13T15:53:27+01:00,server,310162227,7837,1336354,1326310856,6737,0,69078,0,32911424,27907008,5004416,22913216,16252864,16236480
2026-05-13T15:53:28+01:00,server,310164696,7837,1336373,1326313315,6737,0,69078,0,32911424,27908352,5003072,22914560,16252864,16236480
2026-05-13T15:53:29+01:00,server,310167147,7837,1336385,1326315773,6737,0,69079,0,32911424,27909696,5001728,22915904,16252864,16236480
2026-05-13T15:53:30+01:00,server,310169595,7837,1336400,1326318234,6737,0,69080,0,32911424,27909888,5001536,22916096,16252864,16236480
2026-05-13T15:53:31+01:00,server,310172060,7837,1336413,1326320703,6737,0,69080,0,32911424,27905536,5005888,22911680,16252864,16236480
2026-05-13T15:53:32+01:00,server,310174488,7837,1336425,1326323164,6737,0,69080,0,32911424,27904960,5006464,22911104,16252864,16236480
2026-05-13T15:53:33+01:00,server,310176938,7837,1336442,1326325624,6737,0,69080,0,32911424,27904640,5006784,22910784,16252864,16236480
2026-05-13T15:53:34+01:00,server,310179390,7837,1336456,1326328084,6737,0,69080,0,32911424,27905024,5006400,22911168,16252864,16236480
2026-05-13T15:53:35+01:00,server,310181815,7837,1336469,1326330546,6737,0,69080,0,32911424,27905600,5005824,22911744,16252864,16236480
2026-05-13T15:53:36+01:00,server,310184265,7837,1336482,1326333006,6737,0,69080,0,32911424,27906240,5005184,22912384,16252864,16236480
2026-05-13T15:53:37+01:00,server,310186752,7837,1336524,1326335435,6737,0,69081,0,32911424,27911360,5000064,22917504,16252864,16236480
2026-05-13T15:53:38+01:00,server,310189199,7837,1336539,1326337894,6737,0,69082,0,32911424,27912320,4999104,22918464,16252864,16236480
2026-05-13T15:53:39+01:00,server,310191651,7837,1336550,1326340352,6737,0,69082,0,32911424,27909248,5002176,22915392,16252864,16236480
2026-05-13T15:53:40+01:00,server,310194099,7837,1336563,1326342811,6737,0,69083,0,32911424,27910912,5000512,22917056,16252864,16236480
2026-05-13T15:53:41+01:00,server,310196552,7837,1336573,1326345271,6737,0,69083,0,32911424,27912640,4998784,22918784,16252864,16236480
2026-05-13T15:53:42+01:00,server,310199009,7837,1336588,1326347730,6737,0,69084,0,32911424,27910208,5001216,22916288,16252864,16236480
2026-05-13T15:53:43+01:00,server,310201453,7837,1336596,1326350198,6737,0,69084,0,32911424,27909888,5001536,22915968,16252864,16236480
2026-05-13T15:53:44+01:00,server,310203930,7837,1336605,1326352660,6737,0,69085,0,32911424,27909120,5002304,22915200,16252864,16236480
2026-05-13T15:53:45+01:00,server,310206281,7837,1336638,1326355118,6737,0,69085,0,32911424,27906816,5004608,22912896,16252864,16236480
2026-05-13T15:53:46+01:00,server,310208735,7837,1336644,1326357576,6737,0,69086,0,32911424,27908160,5003264,22914240,16252864,16236480
2026-05-13T15:53:47+01:00,server,310211210,7837,1336655,1326360037,6737,0,69087,0,32911424,27909312,5002112,22915392,16252864,16236480
2026-05-13T15:53:48+01:00,server,310213677,7837,1336673,1326362493,6737,0,69088,0,32911424,27909248,5002176,22915264,16252864,16236480
2026-05-13T15:53:49+01:00,server,310216125,7837,1336688,1326364951,6737,0,69088,0,32911424,27909696,5001728,22915712,16252864,16236480
2026-05-13T15:53:51+01:00,server,310218609,7837,1336701,1326367405,6737,0,69088,0,32911424,27910656,5000768,22916672,16252864,16236480
2026-05-13T15:53:52+01:00,server,310221081,7837,1336716,1326369836,6737,0,69088,0,32911424,27909696,5001728,22915712,16252864,16236480
2026-05-13T15:53:53+01:00,server,310223556,7837,1336727,1326372293,6737,0,69089,0,32911424,27908352,5003072,22914368,16252864,16236480
2026-05-13T15:53:54+01:00,server,310226027,7837,1336744,1326374753,6737,0,69089,0,32911424,27907968,5003456,22913984,16252864,16236480
2026-05-13T15:53:55+01:00,server,310228476,7837,1336757,1326377212,6737,0,69089,0,32911424,27912064,4999360,22918080,16252864,16236480
2026-05-13T15:53:56+01:00,server,310230900,7837,1336764,1326379679,6737,0,69090,0,32911424,27909120,5002304,22915136,16252864,16236480
2026-05-13T15:53:57+01:00,server,310233373,7837,1336774,1326382144,6737,0,69091,0,32911424,27911424,5000000,22917440,16252864,16236480
2026-05-13T15:53:58+01:00,server,310235801,7837,1336787,1326384603,6737,0,69092,0,32911424,27911296,5000128,22917312,16252864,16236480
2026-05-13T15:53:59+01:00,server,310238276,7837,1336796,1326387062,6737,0,69093,0,32911424,27909376,5002048,22915392,16252864,16236480
2026-05-13T15:54:00+01:00,server,310240730,7837,1336812,1326389518,6737,0,69093,0,32911424,27914112,4997312,22920128,16252864,16236480
2026-05-13T15:54:01+01:00,server,310243202,7837,1336827,1326391980,6737,0,69094,0,32911424,27912384,4999040,22918400,16252864,16236480
2026-05-13T15:54:02+01:00,server,310245633,7837,1336836,1326394438,6737,0,69094,0,32911424,27911936,4999488,22917952,16252864,16236480
2026-05-13T15:54:03+01:00,server,310248080,7837,1336854,1326396897,6737,0,69095,0,32911424,27910400,5001024,22916416,16252864,16236480
2026-05-13T15:54:04+01:00,server,310250534,7837,1336868,1326399357,6737,0,69095,0,32911424,27911936,4999488,22917952,16252864,16236480
2026-05-13T15:54:05+01:00,server,310252990,7837,1336878,1326401812,6737,0,69095,0,32911424,27909952,5001472,22915968,16252864,16236480
2026-05-13T15:54:06+01:00,server,310255464,7837,1336892,1326404268,6737,0,69096,0,32911424,27909760,5001664,22915776,16252864,16236480
2026-05-13T15:54:07+01:00,server,310257918,7837,1336916,1326406700,6737,0,69096,0,32911424,27906112,5005312,22912128,16252864,16236480
2026-05-13T15:54:08+01:00,server,310260391,7837,1336924,1326409166,6737,0,69097,0,32911424,27905728,5005696,22911744,16252864,16236480
2026-05-13T15:54:09+01:00,server,310262817,7837,1336936,1326411627,6737,0,69098,0,32911424,27906112,5005312,22912128,16252864,16236480
2026-05-13T15:54:10+01:00,server,310265269,7837,1336956,1326414084,6737,0,69098,0,32911424,27904960,5006464,22910976,16252864,16236480
2026-05-13T15:54:11+01:00,server,310267694,7841,1336973,1326416540,6737,0,69098,0,32911424,27905728,5005696,22911744,16252864,16236480
2026-05-13T15:54:12+01:00,server,310270139,7841,1336993,1326418997,6737,0,69099,0,32911424,27903552,5007872,22909504,16252864,16236480
2026-05-13T15:54:13+01:00,server,310272289,7841,1337005,1326421741,6737,0,69099,0,32911424,27894592,5016832,22900544,16252864,16236480
2026-05-13T15:54:14+01:00,server,310274763,7841,1337018,1326424202,6737,0,69099,0,32911424,27899328,5012096,22905280,16252864,16236480
2026-05-13T15:54:15+01:00,server,310277222,7841,1337034,1326426659,6737,0,69099,0,32911424,27898368,5013056,22904320,16252864,16236480
2026-05-13T15:54:16+01:00,server,310279651,7841,1337047,1326429116,6737,0,69099,0,32911424,27893184,5018240,22899136,16252864,16236480
2026-05-13T15:54:17+01:00,server,310282105,7841,1337064,1326431571,6737,0,69100,0,32911424,27893760,5017664,22899712,16252864,16236480
2026-05-13T15:54:18+01:00,server,310284563,7841,1337081,1326434027,6737,0,69100,0,32911424,27888000,5023424,22893952,16252864,16236480
2026-05-13T15:54:19+01:00,server,310287012,7841,1337097,1326436485,6737,0,69100,0,32911424,27892032,5019392,22897984,16252864,16236480
2026-05-13T15:54:20+01:00,server,310289484,7841,1337108,1326438947,6737,0,69100,0,32911424,27891392,5020032,22897344,16252864,16236480
2026-05-13T15:54:21+01:00,server,310291935,7841,1337121,1326441411,6737,0,69100,0,32911424,27893568,5017856,22899520,16252864,16236480
2026-05-13T15:54:22+01:00,server,310294385,7841,1337137,1326443843,6737,0,69100,0,32911424,27892992,5018432,22898944,16252864,16236480
2026-05-13T15:54:23+01:00,server,310296857,7841,1337153,1326446300,6737,0,69101,0,32911424,27890688,5020736,22896640,16252864,16236480
2026-05-13T15:54:24+01:00,server,310299313,7841,1337173,1326448758,6737,0,69101,0,32911424,27889408,5022016,22895360,16252864,16236480
2026-05-13T15:54:25+01:00,server,310301744,7841,1337188,1326451215,6737,0,69101,0,32911424,27892288,5019136,22898240,16252864,16236480
2026-05-13T15:54:26+01:00,server,310304194,7841,1337203,1326453670,6737,0,69102,0,32911424,27893056,5018368,22899008,16252864,16236480
2026-05-13T15:54:27+01:00,server,310306669,7841,1337217,1326456127,6737,0,69102,0,32911424,27894976,5016448,22900928,16252864,16236480
2026-05-13T15:54:28+01:00,server,310309119,7841,1337231,1326458584,6737,0,69102,0,32911424,27895936,5015488,22901888,16252864,16236480
2026-05-13T15:54:30+01:00,server,310311596,7841,1337243,1326461061,6737,0,69103,0,32911424,27898048,5013376,22904000,16252864,16236480
2026-05-13T15:54:31+01:00,server,310314023,7841,1337258,1326463520,6737,0,69103,0,32911424,27896704,5014720,22902656,16252864,16236480
2026-05-13T15:54:32+01:00,server,310316492,7841,1337278,1326465976,6737,0,69103,0,32911424,27893056,5018368,22899008,16252864,16236480
2026-05-13T15:54:33+01:00,server,310318969,7841,1337288,1326468437,6737,0,69103,0,32911424,27894080,5017344,22899968,16252864,16236480
2026-05-13T15:54:34+01:00,server,310321419,7841,1337294,1326470902,6737,0,69103,0,32911424,27896576,5014848,22902464,16252864,16236480
2026-05-13T15:54:35+01:00,server,310323893,7841,1337307,1326473359,6737,0,69103,0,32911424,27893312,5018112,22899200,16252864,16236480
2026-05-13T15:54:36+01:00,server,310326303,7841,1337316,1326475817,6737,0,69103,0,32911424,27897408,5014016,22903296,16252864,16236480
2026-05-13T15:54:37+01:00,server,310328802,7841,1337346,1326478247,6737,0,69103,0,32911424,27901056,5010368,22906944,16252864,16236480
2026-05-13T15:54:38+01:00,server,310331253,7841,1337360,1326480705,6737,0,69103,0,32911424,27897216,5014208,22903104,16252864,16236480
2026-05-13T15:54:39+01:00,server,310333682,7841,1337370,1326483161,6737,0,69103,0,32911424,27897216,5014208,22903104,16252864,16236480
2026-05-13T15:54:40+01:00,server,310336159,7841,1337382,1326485617,6737,0,69104,0,32911424,27897600,5013824,22903488,16252864,16236480
2026-05-13T15:54:41+01:00,server,310338612,7841,1337394,1326488075,6737,0,69104,0,32911424,27898048,5013376,22903936,16252864,16236480
2026-05-13T15:54:42+01:00,server,310341039,7841,1337409,1326490531,6737,0,69104,0,32911424,27896640,5014784,22902528,16252864,16236480
2026-05-13T15:54:43+01:00,server,310343492,7841,1337421,1326492991,6737,0,69105,0,32911424,27893312,5018112,22899136,16252864,16236480
2026-05-13T15:54:44+01:00,server,310345942,7841,1337438,1326495449,6737,0,69106,0,32911424,27894400,5017024,22900224,16252864,16236480
2026-05-13T15:54:45+01:00,server,310348374,7841,1337449,1326497910,6737,0,69107,0,32911424,27901312,5010112,22907136,16252864,16236480
2026-05-13T15:54:46+01:00,server,310350846,7841,1337455,1326500381,6737,0,69108,0,32911424,27896704,5014720,22902528,16252864,16236480
2026-05-13T15:54:47+01:00,server,310353299,7841,1337464,1326502846,6737,0,69109,0,32911424,27894976,5016448,22900800,16252864,16236480
2026-05-13T15:54:48+01:00,server,310355745,7841,1337484,1326505305,6737,0,69110,0,32911424,27894784,5016640,22900608,16252864,16236480
2026-05-13T15:54:49+01:00,server,310358196,7841,1337494,1326507769,6737,0,69110,0,32911424,27893632,5017792,22899456,16252864,16236480
2026-05-13T15:54:50+01:00,server,310360641,7841,1337517,1326510227,6737,0,69110,0,32911424,27892864,5018560,22898688,16252864,16236480
2026-05-13T15:54:51+01:00,server,310363094,7841,1337526,1326512686,6737,0,69110,0,32911424,27895232,5016192,22901056,16252864,16236480
2026-05-13T15:54:52+01:00,server,310365565,7841,1337549,1326515119,6737,0,69110,0,32911424,27898880,5012544,22904704,16252864,16236480
2026-05-13T15:54:53+01:00,server,310368036,7841,1337564,1326517577,6737,0,69110,0,32911424,27892928,5018496,22898752,16252864,16236480
2026-05-13T15:54:54+01:00,server,310370459,7841,1337580,1326520038,6737,0,69111,0,32911424,27890816,5020608,22896640,16252864,16236480
2026-05-13T15:54:55+01:00,server,310372929,7841,1337599,1326522496,6737,0,69111,0,32911424,27893504,5017920,22899328,16252864,16236480
2026-05-13T15:54:56+01:00,server,310375399,7841,1337617,1326524954,6737,0,69111,0,32911424,27890624,5020800,22896448,16252864,16236480
2026-05-13T15:54:57+01:00,server,310377822,7841,1337632,1326527415,6737,0,69111,0,32911424,27892736,5018688,22898560,16252864,16236480
2026-05-13T15:54:58+01:00,server,310380291,7841,1337642,1326529881,6737,0,69111,0,32911424,27890688,5020736,22896512,16252864,16236480
2026-05-13T15:54:59+01:00,server,310382738,7841,1337654,1326532342,6737,0,69111,0,32911424,27891264,5020160,22897088,16252864,16236480
2026-05-13T15:55:00+01:00,server,310385210,7841,1337668,1326534800,6737,0,69111,0,32911424,27894528,5016896,22900352,16252864,16236480
2026-05-13T15:55:01+01:00,server,310387684,7841,1337687,1326537252,6737,0,69111,0,32911424,27893568,5017856,22899392,16252864,16236480
2026-05-13T15:55:02+01:00,server,310390133,7841,1337699,1326539710,6737,0,69112,0,32911424,27886848,5024576,22892608,16252864,16236480
2026-05-13T15:55:03+01:00,server,310392605,7841,1337715,1326542169,6737,0,69113,0,32911424,27888832,5022592,22894592,16252864,16236480
2026-05-13T15:55:04+01:00,server,310395075,7841,1337734,1326544627,6737,0,69113,0,32911424,27888256,5023168,22894016,16252864,16236480
2026-05-13T15:55:05+01:00,server,310397528,7841,1337744,1326547083,6737,0,69113,0,32911424,27891904,5019520,22897664,16252864,16236480
2026-05-13T15:55:06+01:00,server,310400033,7841,1337756,1326549519,6737,0,69113,0,32911424,27898240,5013184,22904000,16252864,16236480
2026-05-13T15:55:08+01:00,server,310402466,7841,1337763,1326551979,6737,0,69115,0,32911424,27891328,5020096,22897088,16252864,16236480
2026-05-13T15:55:09+01:00,server,310404918,7841,1337773,1326554438,6737,0,69115,0,32911424,27896896,5014528,22902656,16252864,16236480
2026-05-13T15:55:10+01:00,server,310407348,7841,1337806,1326556898,6737,0,69115,0,32911424,27894208,5017216,22899968,16252864,16236480
2026-05-13T15:55:11+01:00,server,310409818,7841,1337816,1326559365,6737,0,69115,0,32911424,27895360,5016064,22901120,16252864,16236480
2026-05-13T15:55:12+01:00,server,310412246,7841,1337823,1326561828,6737,0,69115,0,32911424,27892736,5018688,22898432,16252864,16236480
2026-05-13T15:55:13+01:00,server,310414719,7841,1337838,1326564287,6737,0,69116,0,32911424,27893376,5018048,22899072,16252864,16236480
2026-05-13T15:55:14+01:00,server,310417169,7841,1337854,1326566746,6737,0,69116,0,32911424,27893760,5017664,22899456,16252864,16236480
2026-05-13T15:55:15+01:00,server,310419618,7841,1337868,1326569203,6737,0,69116,0,32911424,27894144,5017280,22899840,16252864,16236480
2026-05-13T15:55:16+01:00,server,310422068,7841,1337883,1326571662,6737,0,69116,0,32911424,27894144,5017280,22899840,16252864,16236480
2026-05-13T15:55:17+01:00,server,310424516,7841,1337895,1326574122,6737,0,69117,0,32911424,27892800,5018624,22898496,16252864,16236480
2026-05-13T15:55:18+01:00,server,310426984,7841,1337911,1326576581,6737,0,69117,0,32911424,27893056,5018368,22898752,16252864,16236480
2026-05-13T15:55:19+01:00,server,310429434,7841,1337934,1326579040,6737,0,69117,0,32911424,27892224,5019200,22897920,16252864,16236480
2026-05-13T15:55:20+01:00,server,310431886,7841,1337946,1326581500,6737,0,69117,0,32911424,27889664,5021760,22895360,16252864,16236480
2026-05-13T15:55:21+01:00,server,310434310,7841,1337961,1326583961,6737,0,69117,0,32911424,27884096,5027328,22889792,16252864,16236480
2026-05-13T15:55:22+01:00,server,310436762,7841,1337974,1326586393,6737,0,69117,0,32911424,27887616,5023808,22893312,16252864,16236480
2026-05-13T15:55:23+01:00,server,310439186,7841,1337980,1326588858,6737,0,69117,0,32911424,27884544,5026880,22890240,16252864,16236480
2026-05-13T15:55:24+01:00,server,310441361,7841,1337988,1326591605,6737,0,69117,0,32911424,27887040,5024384,22892736,16252864,16236480
2026-05-13T15:55:25+01:00,server,310443833,7841,1338002,1326594064,6737,0,69117,0,32911424,27887808,5023616,22893504,16252864,16236480
2026-05-13T15:55:26+01:00,server,310446276,7841,1338022,1326596529,6737,0,69117,0,32911424,27886144,5025280,22891840,16252864,16236480
2026-05-13T15:55:27+01:00,server,310448728,7841,1338035,1326598987,6737,0,69118,0,32911424,27886784,5024640,22892480,16252864,16236480
2026-05-13T15:55:28+01:00,server,310451158,7841,1338046,1326601446,6738,0,69118,0,32911424,27890624,5020800,22896320,16252864,16236480
2026-05-13T15:55:29+01:00,server,310453613,7841,1338062,1326603905,6738,0,69118,0,32911424,27889280,5022144,22894976,16252864,16236480
2026-05-13T15:55:30+01:00,server,310456086,7841,1338080,1326606363,6738,0,69118,0,32911424,27888896,5022528,22894592,16252864,16236480
2026-05-13T15:55:31+01:00,server,310458538,7841,1338094,1326608821,6738,0,69118,0,32911424,27892864,5018560,22898560,16252864,16236480
2026-05-13T15:55:32+01:00,server,310460996,7841,1338105,1326611280,6738,0,69118,0,32911424,27890368,5021056,22896064,16252864,16236480
2026-05-13T15:55:33+01:00,server,310463449,7841,1338119,1326613740,6738,0,69118,0,32911424,27887872,5023552,22893568,16252864,16236480
2026-05-13T15:55:34+01:00,server,310465877,7841,1338132,1326616200,6738,0,69119,0,32911424,27887296,5024128,22892992,16252864,16236480
2026-05-13T15:55:35+01:00,server,310468330,7841,1338138,1326618665,6738,0,69120,0,32911424,27887296,5024128,22892992,16252864,16236480
2026-05-13T15:55:36+01:00,server,310470800,7841,1338151,1326621132,6738,0,69121,0,32911424,27888256,5023168,22893952,16252864,16236480
2026-05-13T15:55:37+01:00,server,310473259,7841,1338173,1326623566,6738,0,69121,0,32911424,27891072,5020352,22896704,16252864,16236480
2026-05-13T15:55:38+01:00,server,310475707,7841,1338190,1326626024,6738,0,69121,0,32911424,27889600,5021824,22895232,16252864,16236480
2026-05-13T15:55:39+01:00,server,310478184,7841,1338201,1326628483,6738,0,69121,0,32911424,27893824,5017600,22899456,16252864,16236480
2026-05-13T15:55:40+01:00,server,310480614,7841,1338209,1326630942,6738,0,69121,0,32911424,27890560,5020864,22896192,16252864,16236480
2026-05-13T15:55:41+01:00,server,310483088,7841,1338221,1326633401,6738,0,69121,0,32911424,27890688,5020736,22896320,16252864,16236480
2026-05-13T15:55:42+01:00,server,310485560,7841,1338236,1326635861,6738,0,69121,0,32911424,27891328,5020096,22896896,16252864,16236480
2026-05-13T15:55:43+01:00,server,310487965,7841,1338246,1326638319,6738,0,69122,0,32911424,27885376,5026048,22890944,16252864,16236480
2026-05-13T15:55:44+01:00,server,310490436,7841,1338263,1326640779,6738,0,69123,0,32911424,27883264,5028160,22888832,16252864,16236480
2026-05-13T15:55:45+01:00,server,310492886,7841,1338277,1326643239,6738,0,69123,0,32911424,27888448,5022976,22894016,16252864,16236480
2026-05-13T15:55:47+01:00,server,310495361,7841,1338289,1326645697,6738,0,69123,0,32911424,27888832,5022592,22894400,16252864,16236480
2026-05-13T15:55:48+01:00,server,310497815,7841,1338296,1326648162,6738,0,69123,0,32911424,27890176,5021248,22895744,16252864,16236480
2026-05-13T15:55:49+01:00,server,310500266,7841,1338299,1326650629,6738,0,69124,0,32911424,27885120,5026304,22890688,16252864,16236480
2026-05-13T15:55:50+01:00,server,310502718,7841,1338307,1326653090,6738,0,69126,0,32911424,27885696,5025728,22891264,16252864,16236480
2026-05-13T15:55:51+01:00,server,310505206,7841,1338322,1326655541,6738,0,69127,0,32911424,27886272,5025152,22891840,16252864,16236480
2026-05-13T15:55:52+01:00,server,310507665,7841,1338346,1326657976,6738,0,69128,0,32911424,27890432,5020992,22896000,16252864,16236480
2026-05-13T15:55:53+01:00,server,310510120,7841,1338355,1326660437,6738,0,69128,0,32911424,27889856,5021568,22895424,16252864,16236480
2026-05-13T15:55:54+01:00,server,310512570,7841,1338370,1326662897,6738,0,69128,0,32911424,27889280,5022144,22894848,16252864,16236480
2026-05-13T15:55:55+01:00,server,310514997,7841,1338385,1326665357,6738,0,69128,0,32911424,27887552,5023872,22893120,16252864,16236480
2026-05-13T15:55:56+01:00,server,310517448,7841,1338399,1326667816,6738,0,69128,0,32911424,27890624,5020800,22896192,16252864,16236480
2026-05-13T15:55:57+01:00,server,310519922,7841,1338413,1326670273,6738,0,69128,0,32911424,27889472,5021952,22895040,16252864,16236480
2026-05-13T15:55:58+01:00,server,310522331,7841,1338443,1326672731,6738,0,69128,0,32911424,27888768,5022656,22894336,16252864,16236480
2026-05-13T15:55:59+01:00,server,310524809,7841,1338453,1326675192,6738,0,69128,0,32911424,27891648,5019776,22897216,16252864,16236480
2026-05-13T15:56:00+01:00,server,310527260,7841,1338463,1326677652,6738,0,69129,0,32911424,27887808,5023616,22893376,16252864,16236480
2026-05-13T15:56:01+01:00,server,310529686,7841,1338466,1326680125,6738,0,69129,0,32911424,27889344,5022080,22894912,16252864,16236480
2026-05-13T15:56:02+01:00,server,310532157,7841,1338479,1326682586,6738,0,69130,0,32911424,27889216,5022208,22894720,16252864,16236480
2026-05-13T15:56:03+01:00,server,310534607,7841,1338494,1326685045,6738,0,69130,0,32911424,27889792,5021632,22895296,16252864,16236480
2026-05-13T15:56:04+01:00,server,310537058,7841,1338505,1326687503,6738,0,69130,0,32911424,27890176,5021248,22895680,16252864,16236480
2026-05-13T15:56:05+01:00,server,310539502,7841,1338528,1326689960,6738,0,69130,0,32911424,27890368,5021056,22895872,16252864,16236480
2026-05-13T15:56:06+01:00,server,310541955,7841,1338537,1326692419,6738,0,69131,0,32911424,27890944,5020480,22896448,16252864,16236480
2026-05-13T15:56:07+01:00,server,310544441,7841,1338555,1326694851,6738,0,69131,0,32911424,27891904,5019520,22897408,16252864,16236480
2026-05-13T15:56:08+01:00,server,310546867,7841,1338569,1326697309,6738,0,69131,0,32911424,27889792,5021632,22895296,16252864,16236480
2026-05-13T15:56:09+01:00,server,310549320,7841,1338577,1326699769,6738,0,69131,0,32911424,27894272,5017152,22899776,16252864,16236480
2026-05-13T15:56:10+01:00,server,310551796,7841,1338589,1326702226,6738,0,69131,0,32911424,27888704,5022720,22894208,16252864,16236480
2026-05-13T15:56:11+01:00,server,310554247,7841,1338600,1326704685,6738,0,69131,0,32911424,27893184,5018240,22898624,16252864,16236480
2026-05-13T15:56:12+01:00,server,310556721,7841,1338615,1326707145,6738,0,69131,0,32911424,27893184,5018240,22898624,16252864,16236480
2026-05-13T15:56:13+01:00,server,310559193,7841,1338620,1326709615,6738,0,69131,0,32911424,27893568,5017856,22899008,16252864,16236480
2026-05-13T15:56:14+01:00,server,310561668,7841,1338633,1326712075,6738,0,69131,0,32911424,27892800,5018624,22898112,16252864,16236480
2026-05-13T15:56:15+01:00,server,310564117,7841,1338646,1326714534,6738,0,69131,0,32911424,27890880,5020544,22896192,16252864,16236480
2026-05-13T15:56:16+01:00,server,310566593,7841,1338655,1326716992,6738,0,69132,0,32911424,27893120,5018304,22898432,16252864,16236480
2026-05-13T15:56:17+01:00,server,310569043,7841,1338670,1326719451,6738,0,69132,0,32911424,27889280,5022144,22894592,16252864,16236480
2026-05-13T15:56:18+01:00,server,310571512,7841,1338685,1326721910,6738,0,69133,0,32911424,27891584,5019840,22896896,16252864,16236480
2026-05-13T15:56:19+01:00,server,310573937,7841,1338702,1326724368,6738,0,69133,0,32911424,27889088,5022336,22894400,16252864,16236480
2026-05-13T15:56:20+01:00,server,310576387,7841,1338713,1326726825,6738,0,69134,0,32911424,27894272,5017152,22899584,16252864,16236480
2026-05-13T15:56:21+01:00,server,310578882,7841,1338730,1326729258,6738,0,69136,0,32911424,27886592,5024832,22891904,16252864,16236480
2026-05-13T15:56:22+01:00,server,310581331,7841,1338742,1326731713,6738,0,69137,0,32911424,27893184,5018240,22898624,16252864,16236480
2026-05-13T15:56:23+01:00,server,310583778,7841,1338756,1326734170,6738,0,69139,0,32911424,27892224,5019200,22897664,16252864,16236480
2026-05-13T15:56:24+01:00,server,310586228,7841,1338769,1326736630,6738,0,69140,0,32911424,27891456,5019968,22896896,16252864,16236480
2026-05-13T15:56:26+01:00,server,310588664,7841,1338798,1326739102,6738,0,69140,0,32911424,27891264,5020160,22896704,16252864,16236480
2026-05-13T15:56:27+01:00,server,310591113,7841,1338809,1326741562,6738,0,69140,0,32911424,27890112,5021312,22895552,16252864,16236480
2026-05-13T15:56:28+01:00,server,310593566,7841,1338821,1326744022,6738,0,69140,0,32911424,27886080,5025344,22891520,16252864,16236480
2026-05-13T15:56:29+01:00,server,310596022,7841,1338839,1326746483,6738,0,69140,0,32911424,27889408,5022016,22894848,16252864,16236480
2026-05-13T15:56:30+01:00,server,310598448,7841,1338856,1326748942,6738,0,69141,0,32911424,27891712,5019712,22897088,16252864,16236480
2026-05-13T15:56:31+01:00,server,310600901,7841,1338867,1326751401,6738,0,69141,0,32911424,27891520,5019904,22896896,16252864,16236480
2026-05-13T15:56:32+01:00,server,310603374,7841,1338881,1326753861,6738,0,69142,0,32911424,27887872,5023552,22893248,16252864,16236480
2026-05-13T15:56:33+01:00,server,310605801,7841,1338895,1326756322,6738,0,69142,0,32911424,27885952,5025472,22891328,16252864,16236480
