warning: no usable GPU found, --gpu-layers option will be ignored
warning: one possible reason is that llama.cpp was compiled without GPU support
warning: consult docs/build.md for compilation instructions
system info: n_threads = 32, n_threads_batch = 32, total_threads = 128

system_info: n_threads = 32 (n_threads_batch = 32) / 128 | CPU : SSE3 = 1 | SSSE3 = 1 | AVX = 1 | AVX2 = 1 | F16C = 1 | FMA = 1 | BMI2 = 1 | LLAMAFILE = 1 | OPENMP = 1 | REPACK = 1 | 

init: using 127 threads for HTTP server
start: binding port with default address family
main: loading model
srv    load_model: loading model '/projects/F202500010HPCVLABUMINHO/uminhocp006/aded-project-llamacpp/llamacpp-tq/models/gemma-4-E4B-it-OBLITERATED-Q4_K_M.gguf'
llama_model_loader: loaded meta data with 44 key-value pairs and 720 tensors from /projects/F202500010HPCVLABUMINHO/uminhocp006/aded-project-llamacpp/llamacpp-tq/models/gemma-4-E4B-it-OBLITERATED-Q4_K_M.gguf (version GGUF V3 (latest))
llama_model_loader: Dumping metadata keys/values. Note: KV overrides do not apply in this output.
llama_model_loader: - kv   0:                       general.architecture str              = gemma4
llama_model_loader: - kv   1:                               general.type str              = model
llama_model_loader: - kv   2:                     general.sampling.top_k i32              = 64
llama_model_loader: - kv   3:                     general.sampling.top_p f32              = 0.950000
llama_model_loader: - kv   4:                      general.sampling.temp f32              = 1.000000
llama_model_loader: - kv   5:                               general.name str              = Gemma 4 E4B It OBLITERATED v3.1
llama_model_loader: - kv   6:                            general.version str              = v3.1
llama_model_loader: - kv   7:                           general.basename str              = gemma-4-E4B-it-OBLITERATED
llama_model_loader: - kv   8:                         general.size_label str              = 7.5B
llama_model_loader: - kv   9:                         gemma4.block_count u32              = 42
llama_model_loader: - kv  10:                      gemma4.context_length u32              = 131072
llama_model_loader: - kv  11:                    gemma4.embedding_length u32              = 2560
llama_model_loader: - kv  12:                 gemma4.feed_forward_length u32              = 10240
llama_model_loader: - kv  13:                gemma4.attention.head_count u32              = 8
llama_model_loader: - kv  14:             gemma4.attention.head_count_kv u32              = 2
llama_model_loader: - kv  15:                      gemma4.rope.freq_base f32              = 1000000.000000
llama_model_loader: - kv  16:                  gemma4.rope.freq_base_swa f32              = 10000.000000
llama_model_loader: - kv  17:    gemma4.attention.layer_norm_rms_epsilon f32              = 0.000001
llama_model_loader: - kv  18:                gemma4.attention.key_length u32              = 512
llama_model_loader: - kv  19:              gemma4.attention.value_length u32              = 512
llama_model_loader: - kv  20:             gemma4.final_logit_softcapping f32              = 30.000000
llama_model_loader: - kv  21:            gemma4.attention.sliding_window u32              = 512
llama_model_loader: - kv  22:          gemma4.attention.shared_kv_layers u32              = 18
llama_model_loader: - kv  23:    gemma4.embedding_length_per_layer_input u32              = 256
llama_model_loader: - kv  24:    gemma4.attention.sliding_window_pattern arr[bool,42]     = [true, true, true, true, true, false,...
llama_model_loader: - kv  25:            gemma4.attention.key_length_swa u32              = 256
llama_model_loader: - kv  26:          gemma4.attention.value_length_swa u32              = 256
llama_model_loader: - kv  27:                gemma4.rope.dimension_count u32              = 512
llama_model_loader: - kv  28:            gemma4.rope.dimension_count_swa u32              = 256
llama_model_loader: - kv  29:                       tokenizer.ggml.model str              = gemma4
llama_model_loader: - kv  30:                      tokenizer.ggml.tokens arr[str,262144]  = ["<pad>", "<eos>", "<bos>", "<unk>", ...
llama_model_loader: - kv  31:                      tokenizer.ggml.scores arr[f32,262144]  = [-1000.000000, -1000.000000, -1000.00...
llama_model_loader: - kv  32:                  tokenizer.ggml.token_type arr[i32,262144]  = [3, 3, 3, 3, 3, 1, 1, 1, 1, 1, 1, 1, ...
llama_model_loader: - kv  33:                      tokenizer.ggml.merges arr[str,514906]  = ["\n\n\n\n\n\n\n\n\n\n\n\n\n\n\n\n\n\n\n\n\n\n\n\n\n\n\n\n\n\n \n", ...
llama_model_loader: - kv  34:                tokenizer.ggml.bos_token_id u32              = 2
llama_model_loader: - kv  35:                tokenizer.ggml.eos_token_id u32              = 1
llama_model_loader: - kv  36:            tokenizer.ggml.unknown_token_id u32              = 3
llama_model_loader: - kv  37:            tokenizer.ggml.padding_token_id u32              = 0
llama_model_loader: - kv  38:               tokenizer.ggml.mask_token_id u32              = 4
llama_model_loader: - kv  39:                    tokenizer.chat_template str              = {%- macro format_parameters(propertie...
llama_model_loader: - kv  40:            tokenizer.ggml.add_space_prefix bool             = false
llama_model_loader: - kv  41:               tokenizer.ggml.add_bos_token bool             = true
llama_model_loader: - kv  42:               general.quantization_version u32              = 2
llama_model_loader: - kv  43:                          general.file_type u32              = 15
llama_model_loader: - type  f32:  339 tensors
llama_model_loader: - type  f16:    1 tensors
llama_model_loader: - type q4_K:  336 tensors
llama_model_loader: - type q6_K:   44 tensors
print_info: file format = GGUF V3 (latest)
print_info: file type   = Q4_K - Medium
print_info: file size   = 4.95 GiB (5.66 BPW) 
load: 0 unused tokens
load: control-looking token:    212 '</s>' was not control-type; this is probably a bug in the model. its type will be overridden
load: special_eos_id is not in special_eog_ids - the tokenizer config may be incorrect
load: printing all EOG tokens:
load:   - 1 ('<eos>')
load:   - 106 ('<turn|>')
load:   - 212 ('</s>')
load: special tokens cache size = 25
load: token to piece cache size = 1.9443 MB
print_info: arch                  = gemma4
print_info: vocab_only            = 0
print_info: no_alloc              = 0
print_info: n_ctx_train           = 131072
print_info: n_embd                = 2560
print_info: n_embd_inp            = 2560
print_info: n_layer               = 42
print_info: n_head                = 8
print_info: n_head_kv             = 2
print_info: n_rot                 = 512
print_info: n_swa                 = 512
print_info: is_swa_any            = 1
print_info: n_embd_head_k         = 512
print_info: n_embd_head_v         = 512
print_info: n_gqa                 = 4
print_info: n_embd_k_gqa          = [512, 512, 512, 512, 512, 1024, 512, 512, 512, 512, 512, 1024, 512, 512, 512, 512, 512, 1024, 512, 512, 512, 512, 512, 1024, 512, 512, 512, 512, 512, 1024, 512, 512, 512, 512, 512, 1024, 512, 512, 512, 512, 512, 1024]
print_info: n_embd_v_gqa          = [512, 512, 512, 512, 512, 1024, 512, 512, 512, 512, 512, 1024, 512, 512, 512, 512, 512, 1024, 512, 512, 512, 512, 512, 1024, 512, 512, 512, 512, 512, 1024, 512, 512, 512, 512, 512, 1024, 512, 512, 512, 512, 512, 1024]
print_info: f_norm_eps            = 0.0e+00
print_info: f_norm_rms_eps        = 1.0e-06
print_info: f_clamp_kqv           = 0.0e+00
print_info: f_max_alibi_bias      = 0.0e+00
print_info: f_logit_scale         = 0.0e+00
print_info: f_attn_scale          = 1.0e+00
print_info: n_ff                  = 10240
print_info: n_expert              = 0
print_info: n_expert_used         = 0
print_info: n_expert_groups       = 0
print_info: n_group_used          = 0
print_info: causal attn           = 1
print_info: pooling type          = -1
print_info: rope type             = 2
print_info: rope scaling          = linear
print_info: freq_base_train       = 1000000.0
print_info: freq_scale_train      = 1
print_info: freq_base_swa         = 10000.0
print_info: freq_scale_swa        = 1
print_info: n_embd_head_k_swa     = 256
print_info: n_embd_head_v_swa     = 256
print_info: n_rot_swa             = 256
print_info: n_ctx_orig_yarn       = 131072
print_info: rope_yarn_log_mul     = 0.0000
print_info: rope_finetuned        = unknown
print_info: model type            = E4B
print_info: model params          = 7.52 B
print_info: general.name          = Gemma 4 E4B It OBLITERATED v3.1
print_info: vocab type            = BPE
print_info: n_vocab               = 262144
print_info: n_merges              = 514906
print_info: BOS token             = 2 '<bos>'
print_info: EOS token             = 1 '<eos>'
print_info: UNK token             = 3 '<unk>'
print_info: PAD token             = 0 '<pad>'
print_info: MASK token            = 4 '<mask>'
print_info: LF token              = 107 '
'
print_info: EOG token             = 1 '<eos>'
print_info: EOG token             = 106 '<turn|>'
print_info: EOG token             = 212 '</s>'
print_info: max token length      = 93
load_tensors: loading model tensors, this can take a while... (mmap = true, direct_io = false)
str: cannot properly format tensor name output with suffix=weight bid=-1 xid=-1
load_tensors:   CPU_Mapped model buffer size =  5072.69 MiB
load_tensors:   CPU_REPACK model buffer size =  1835.16 MiB
.............................................
common_init_result: added <eos> logit bias = -inf
common_init_result: added <turn|> logit bias = -inf
common_init_result: added </s> logit bias = -inf
llama_init_from_model: turbo cache types require flash_attn — enabling automatically
llama_context: constructing llama_context
llama_context: n_seq_max     = 1
llama_context: n_ctx         = 2048
llama_context: n_ctx_seq     = 2048
llama_context: n_batch       = 2048
llama_context: n_ubatch      = 512
llama_context: causal_attn   = 1
llama_context: flash_attn    = enabled
llama_context: kv_unified    = false
llama_context: freq_base     = 1000000.0
llama_context: freq_scale    = 1
llama_context: n_ctx_seq (2048) < n_ctx_train (131072) -- the full capacity of the model will not be utilized
llama_context:        CPU  output buffer size =     1.00 MiB
llama_kv_cache_iswa: creating non-SWA KV cache, size = 2048 cells
llama_kv_cache:        CPU KV buffer size =     8.63 MiB
llama_kv_cache: TurboQuant rotation matrices initialized (128x128)
llama_kv_cache: size =    8.50 MiB (  2048 cells,   4 layers,  1/1 seqs), K (turbo4):    4.25 MiB, V (turbo4):    4.25 MiB
llama_kv_cache: upstream attention rotation disabled (TurboQuant uses kernel-level WHT)
llama_kv_cache: attn_rot_k = 0
llama_kv_cache: attn_rot_v = 0
llama_kv_cache_iswa: creating     SWA KV cache, size = 1024 cells
llama_kv_cache:        CPU KV buffer size =    10.75 MiB
llama_kv_cache: TurboQuant rotation matrices initialized (128x128)
llama_kv_cache: size =   10.62 MiB (  1024 cells,  20 layers,  1/1 seqs), K (turbo4):    5.31 MiB, V (turbo4):    5.31 MiB
llama_kv_cache: upstream attention rotation disabled (TurboQuant uses kernel-level WHT)
llama_kv_cache: attn_rot_k = 0
llama_kv_cache: attn_rot_v = 0
sched_reserve: reserving ...
sched_reserve: resolving fused Gated Delta Net support:
sched_reserve: fused Gated Delta Net (autoregressive) enabled
sched_reserve: fused Gated Delta Net (chunked) enabled
sched_reserve:        CPU compute buffer size =   569.02 MiB
sched_reserve: graph nodes  = 1951
sched_reserve: graph splits = 1
sched_reserve: reserve took 9.41 ms, sched copies = 1
common_init_from_params: warming up the model with an empty run - please wait ... (--no-warmup to disable)
srv    load_model: initializing slots, n_slots = 1
no implementations specified for speculative decoding
slot   load_model: id  0 | task -1 | speculative decoding context not initialized
slot   load_model: id  0 | task -1 | new slot, n_ctx = 2048
srv    load_model: prompt cache is enabled, size limit: 8192 MiB
srv    load_model: use `--cache-ram 0` to disable the prompt cache
srv    load_model: for more info see https://github.com/ggml-org/llama.cpp/pull/16391
srv          init: init: --clear-idle requires --kv-unified, disabling
init: chat template, example_format: '<|turn>system
<|think|>
You are a helpful assistant<turn|>
<|turn>user
Hello<turn|>
<|turn>model
Hi there<turn|>
<|turn>user
How are you?<turn|>
<|turn>model
'
srv          init: init: chat template, thinking = 1
main: model loaded
main: server is listening on http://127.0.0.1:18080
main: starting the main loop...
srv  update_slots: all slots are idle
srv  params_from_: Chat format: peg-gemma4
slot get_availabl: id  0 | task -1 | selected slot by LRU, t_last = -1
srv  get_availabl: updating prompt cache
srv          load:  - looking for better prompt, base f_keep = -1.000, sim = 0.000
srv        update:  - cache state: 0 prompts, 0.000 MiB (limits: 8192.000 MiB, 2048 tokens, 8589934592 est)
srv  get_availabl: prompt cache update took 0.03 ms
slot launch_slot_: id  0 | task -1 | sampler chain: logits -> ?penalties -> ?dry -> ?top-n-sigma -> top-k -> ?typical -> ?top-p -> min-p -> ?xtc -> temp-ext -> dist 
slot launch_slot_: id  0 | task 0 | processing task, is_child = 0
slot update_slots: id  0 | task 0 | new prompt, n_ctx_slot = 2048, n_keep = 0, task.n_tokens = 23
slot update_slots: id  0 | task 0 | n_tokens = 0, memory_seq_rm [0, end)
slot update_slots: id  0 | task 0 | prompt processing progress, n_tokens = 19, batch.n_tokens = 19, progress = 0.826087
slot update_slots: id  0 | task 0 | n_tokens = 19, memory_seq_rm [19, end)
slot init_sampler: id  0 | task 0 | init sampler, took 0.01 ms, tokens: text = 23, total = 23
slot update_slots: id  0 | task 0 | prompt processing done, n_tokens = 23, batch.n_tokens = 4
srv  log_server_r: done request: POST /v1/chat/completions 127.0.0.1 200
slot print_timing: id  0 | task 0 | 
prompt eval time =     244.23 ms /    23 tokens (   10.62 ms per token,    94.18 tokens per second)
       eval time =     890.47 ms /    10 tokens (   89.05 ms per token,    11.23 tokens per second)
      total time =    1134.70 ms /    33 tokens
slot      release: id  0 | task 0 | stop processing: n_tokens = 32, truncated = 0
srv  update_slots: all slots are idle
srv  params_from_: Chat format: peg-gemma4
slot get_availabl: id  0 | task -1 | selected slot by LCP similarity, sim_best = 0.234 (> 0.100 thold), f_keep = 0.344
srv  get_availabl: updating prompt cache
srv   prompt_save:  - saving prompt with length 32, total state size = 0.466 MiB
srv          load:  - looking for better prompt, base f_keep = 0.344, sim = 0.234
srv        update:  - cache state: 1 prompts, 0.466 MiB (limits: 8192.000 MiB, 2048 tokens, 562352 est)
srv        update:    - prompt 0x22c8ee0:      32 tokens, checkpoints:  0,     0.466 MiB
srv  get_availabl: prompt cache update took 0.20 ms
slot launch_slot_: id  0 | task -1 | sampler chain: logits -> ?penalties -> ?dry -> ?top-n-sigma -> top-k -> ?typical -> ?top-p -> min-p -> ?xtc -> temp-ext -> dist 
slot launch_slot_: id  0 | task 12 | processing task, is_child = 0
slot update_slots: id  0 | task 12 | new prompt, n_ctx_slot = 2048, n_keep = 0, task.n_tokens = 47
slot update_slots: id  0 | task 12 | n_past = 11, slot.prompt.tokens.size() = 32, seq_id = 0, pos_min = 0, n_swa = 512
slot update_slots: id  0 | task 12 | forcing full prompt re-processing due to lack of cache data (likely due to SWA or hybrid/recurrent memory, see https://github.com/ggml-org/llama.cpp/pull/13194#issuecomment-2868343055)
slot update_slots: id  0 | task 12 | n_tokens = 0, memory_seq_rm [0, end)
slot update_slots: id  0 | task 12 | prompt processing progress, n_tokens = 43, batch.n_tokens = 43, progress = 0.914894
slot update_slots: id  0 | task 12 | n_tokens = 43, memory_seq_rm [43, end)
slot init_sampler: id  0 | task 12 | init sampler, took 0.01 ms, tokens: text = 47, total = 47
slot update_slots: id  0 | task 12 | prompt processing done, n_tokens = 47, batch.n_tokens = 4
srv  log_server_r: done request: POST /v1/chat/completions 127.0.0.1 200
reasoning-budget: activated, budget=2147483647 tokens
slot print_timing: id  0 | task 12 | 
prompt eval time =     371.06 ms /    47 tokens (    7.89 ms per token,   126.66 tokens per second)
       eval time =   11880.59 ms /   128 tokens (   92.82 ms per token,    10.77 tokens per second)
      total time =   12251.65 ms /   175 tokens
slot      release: id  0 | task 12 | stop processing: n_tokens = 174, truncated = 0
srv  update_slots: all slots are idle
srv  params_from_: Chat format: peg-gemma4
slot get_availabl: id  0 | task -1 | selected slot by LCP similarity, sim_best = 0.289 (> 0.100 thold), f_keep = 0.063
srv  get_availabl: updating prompt cache
srv   prompt_save:  - saving prompt with length 174, total state size = 2.532 MiB
srv          load:  - looking for better prompt, base f_keep = 0.063, sim = 0.289
srv        update:  - cache state: 2 prompts, 2.998 MiB (limits: 8192.000 MiB, 2048 tokens, 562835 est)
srv        update:    - prompt 0x22c8ee0:      32 tokens, checkpoints:  0,     0.466 MiB
srv        update:    - prompt 0x22ae140:     174 tokens, checkpoints:  0,     2.532 MiB
srv  get_availabl: prompt cache update took 0.74 ms
slot launch_slot_: id  0 | task -1 | sampler chain: logits -> ?penalties -> ?dry -> ?top-n-sigma -> top-k -> ?typical -> ?top-p -> min-p -> ?xtc -> temp-ext -> dist 
slot launch_slot_: id  0 | task 142 | processing task, is_child = 0
slot update_slots: id  0 | task 142 | new prompt, n_ctx_slot = 2048, n_keep = 0, task.n_tokens = 38
slot update_slots: id  0 | task 142 | n_past = 11, slot.prompt.tokens.size() = 174, seq_id = 0, pos_min = 0, n_swa = 512
slot update_slots: id  0 | task 142 | forcing full prompt re-processing due to lack of cache data (likely due to SWA or hybrid/recurrent memory, see https://github.com/ggml-org/llama.cpp/pull/13194#issuecomment-2868343055)
slot update_slots: id  0 | task 142 | n_tokens = 0, memory_seq_rm [0, end)
slot update_slots: id  0 | task 142 | prompt processing progress, n_tokens = 34, batch.n_tokens = 34, progress = 0.894737
slot update_slots: id  0 | task 142 | n_tokens = 34, memory_seq_rm [34, end)
slot init_sampler: id  0 | task 142 | init sampler, took 0.01 ms, tokens: text = 38, total = 38
slot update_slots: id  0 | task 142 | prompt processing done, n_tokens = 38, batch.n_tokens = 4
srv  log_server_r: done request: POST /v1/chat/completions 127.0.0.1 200
slot print_timing: id  0 | task 142 | 
prompt eval time =     320.87 ms /    38 tokens (    8.44 ms per token,   118.43 tokens per second)
       eval time =   11216.38 ms /   128 tokens (   87.63 ms per token,    11.41 tokens per second)
      total time =   11537.24 ms /   166 tokens
slot      release: id  0 | task 142 | stop processing: n_tokens = 165, truncated = 0
srv  update_slots: all slots are idle
srv  params_from_: Chat format: peg-gemma4
slot get_availabl: id  0 | task -1 | selected slot by LCP similarity, sim_best = 0.324 (> 0.100 thold), f_keep = 0.067
srv  get_availabl: updating prompt cache
srv   prompt_save:  - saving prompt with length 165, total state size = 2.401 MiB
srv          load:  - looking for better prompt, base f_keep = 0.067, sim = 0.324
srv        update:  - cache state: 3 prompts, 5.400 MiB (limits: 8192.000 MiB, 2048 tokens, 562871 est)
srv        update:    - prompt 0x22c8ee0:      32 tokens, checkpoints:  0,     0.466 MiB
srv        update:    - prompt 0x22ae140:     174 tokens, checkpoints:  0,     2.532 MiB
srv        update:    - prompt 0x22e44f0:     165 tokens, checkpoints:  0,     2.401 MiB
srv  get_availabl: prompt cache update took 1.04 ms
slot launch_slot_: id  0 | task -1 | sampler chain: logits -> ?penalties -> ?dry -> ?top-n-sigma -> top-k -> ?typical -> ?top-p -> min-p -> ?xtc -> temp-ext -> dist 
slot launch_slot_: id  0 | task 272 | processing task, is_child = 0
slot update_slots: id  0 | task 272 | new prompt, n_ctx_slot = 2048, n_keep = 0, task.n_tokens = 34
slot update_slots: id  0 | task 272 | n_past = 11, slot.prompt.tokens.size() = 165, seq_id = 0, pos_min = 0, n_swa = 512
slot update_slots: id  0 | task 272 | forcing full prompt re-processing due to lack of cache data (likely due to SWA or hybrid/recurrent memory, see https://github.com/ggml-org/llama.cpp/pull/13194#issuecomment-2868343055)
slot update_slots: id  0 | task 272 | n_tokens = 0, memory_seq_rm [0, end)
slot update_slots: id  0 | task 272 | prompt processing progress, n_tokens = 30, batch.n_tokens = 30, progress = 0.882353
slot update_slots: id  0 | task 272 | n_tokens = 30, memory_seq_rm [30, end)
slot init_sampler: id  0 | task 272 | init sampler, took 0.01 ms, tokens: text = 34, total = 34
slot update_slots: id  0 | task 272 | prompt processing done, n_tokens = 34, batch.n_tokens = 4
srv  log_server_r: done request: POST /v1/chat/completions 127.0.0.1 200
reasoning-budget: activated, budget=2147483647 tokens
slot print_timing: id  0 | task 272 | 
prompt eval time =     294.95 ms /    34 tokens (    8.67 ms per token,   115.27 tokens per second)
       eval time =   11107.30 ms /   128 tokens (   86.78 ms per token,    11.52 tokens per second)
      total time =   11402.25 ms /   162 tokens
slot      release: id  0 | task 272 | stop processing: n_tokens = 161, truncated = 0
srv  update_slots: all slots are idle
srv  params_from_: Chat format: peg-gemma4
slot get_availabl: id  0 | task -1 | selected slot by LCP similarity, sim_best = 0.117 (> 0.100 thold), f_keep = 0.068
srv  get_availabl: updating prompt cache
srv   prompt_save:  - saving prompt with length 161, total state size = 2.343 MiB
srv          load:  - looking for better prompt, base f_keep = 0.068, sim = 0.117
srv        update:  - cache state: 4 prompts, 7.743 MiB (limits: 8192.000 MiB, 2048 tokens, 562884 est)
srv        update:    - prompt 0x22c8ee0:      32 tokens, checkpoints:  0,     0.466 MiB
srv        update:    - prompt 0x22ae140:     174 tokens, checkpoints:  0,     2.532 MiB
srv        update:    - prompt 0x22e44f0:     165 tokens, checkpoints:  0,     2.401 MiB
srv        update:    - prompt 0x7fbe7c003ac0:     161 tokens, checkpoints:  0,     2.343 MiB
srv  get_availabl: prompt cache update took 1.00 ms
slot launch_slot_: id  0 | task -1 | sampler chain: logits -> ?penalties -> ?dry -> ?top-n-sigma -> top-k -> ?typical -> ?top-p -> min-p -> ?xtc -> temp-ext -> dist 
slot launch_slot_: id  0 | task 402 | processing task, is_child = 0
slot update_slots: id  0 | task 402 | new prompt, n_ctx_slot = 2048, n_keep = 0, task.n_tokens = 94
slot update_slots: id  0 | task 402 | n_past = 11, slot.prompt.tokens.size() = 161, seq_id = 0, pos_min = 0, n_swa = 512
slot update_slots: id  0 | task 402 | forcing full prompt re-processing due to lack of cache data (likely due to SWA or hybrid/recurrent memory, see https://github.com/ggml-org/llama.cpp/pull/13194#issuecomment-2868343055)
slot update_slots: id  0 | task 402 | n_tokens = 0, memory_seq_rm [0, end)
slot update_slots: id  0 | task 402 | prompt processing progress, n_tokens = 90, batch.n_tokens = 90, progress = 0.957447
slot update_slots: id  0 | task 402 | n_tokens = 90, memory_seq_rm [90, end)
slot init_sampler: id  0 | task 402 | init sampler, took 0.01 ms, tokens: text = 94, total = 94
slot update_slots: id  0 | task 402 | prompt processing done, n_tokens = 94, batch.n_tokens = 4
slot update_slots: id  0 | task 402 | created context checkpoint 1 of 32 (pos_min = 0, pos_max = 89, n_tokens = 90, size = 0.935 MiB)
srv  log_server_r: done request: POST /v1/chat/completions 127.0.0.1 200
reasoning-budget: activated, budget=2147483647 tokens
reasoning-budget: deactivated (natural end)
slot print_timing: id  0 | task 402 | 
prompt eval time =     664.52 ms /    94 tokens (    7.07 ms per token,   141.46 tokens per second)
       eval time =   11419.70 ms /   128 tokens (   89.22 ms per token,    11.21 tokens per second)
      total time =   12084.22 ms /   222 tokens
slot      release: id  0 | task 402 | stop processing: n_tokens = 221, truncated = 0
srv  update_slots: all slots are idle
srv  params_from_: Chat format: peg-gemma4
slot get_availabl: id  0 | task -1 | selected slot by LCP similarity, sim_best = 0.138 (> 0.100 thold), f_keep = 0.054
srv  get_availabl: updating prompt cache
srv   prompt_save:  - saving prompt with length 221, total state size = 3.216 MiB
srv          load:  - looking for better prompt, base f_keep = 0.054, sim = 0.138
srv        update:  - cache state: 5 prompts, 11.894 MiB (limits: 8192.000 MiB, 2048 tokens, 518636 est)
srv        update:    - prompt 0x22c8ee0:      32 tokens, checkpoints:  0,     0.466 MiB
srv        update:    - prompt 0x22ae140:     174 tokens, checkpoints:  0,     2.532 MiB
srv        update:    - prompt 0x22e44f0:     165 tokens, checkpoints:  0,     2.401 MiB
srv        update:    - prompt 0x7fbe7c003ac0:     161 tokens, checkpoints:  0,     2.343 MiB
srv        update:    - prompt 0x22da460:     221 tokens, checkpoints:  1,     4.151 MiB
srv  get_availabl: prompt cache update took 1.11 ms
slot launch_slot_: id  0 | task -1 | sampler chain: logits -> ?penalties -> ?dry -> ?top-n-sigma -> top-k -> ?typical -> ?top-p -> min-p -> ?xtc -> temp-ext -> dist 
slot launch_slot_: id  0 | task 532 | processing task, is_child = 0
slot update_slots: id  0 | task 532 | new prompt, n_ctx_slot = 2048, n_keep = 0, task.n_tokens = 87
slot update_slots: id  0 | task 532 | n_past = 12, slot.prompt.tokens.size() = 221, seq_id = 0, pos_min = 0, n_swa = 512
slot update_slots: id  0 | task 532 | Checking checkpoint with [0, 89] against 0...
slot update_slots: id  0 | task 532 | forcing full prompt re-processing due to lack of cache data (likely due to SWA or hybrid/recurrent memory, see https://github.com/ggml-org/llama.cpp/pull/13194#issuecomment-2868343055)
slot update_slots: id  0 | task 532 | erased invalidated context checkpoint (pos_min = 0, pos_max = 89, n_tokens = 90, n_swa = 512, pos_next = 0, size = 0.935 MiB)
slot update_slots: id  0 | task 532 | n_tokens = 0, memory_seq_rm [0, end)
slot update_slots: id  0 | task 532 | prompt processing progress, n_tokens = 83, batch.n_tokens = 83, progress = 0.954023
slot update_slots: id  0 | task 532 | n_tokens = 83, memory_seq_rm [83, end)
slot init_sampler: id  0 | task 532 | init sampler, took 0.01 ms, tokens: text = 87, total = 87
slot update_slots: id  0 | task 532 | prompt processing done, n_tokens = 87, batch.n_tokens = 4
slot update_slots: id  0 | task 532 | created context checkpoint 1 of 32 (pos_min = 0, pos_max = 82, n_tokens = 83, size = 0.863 MiB)
srv  log_server_r: done request: POST /v1/chat/completions 127.0.0.1 200
reasoning-budget: activated, budget=2147483647 tokens
slot print_timing: id  0 | task 532 | 
prompt eval time =     614.68 ms /    87 tokens (    7.07 ms per token,   141.54 tokens per second)
       eval time =   11322.74 ms /   128 tokens (   88.46 ms per token,    11.30 tokens per second)
      total time =   11937.43 ms /   215 tokens
slot      release: id  0 | task 532 | stop processing: n_tokens = 214, truncated = 0
srv  update_slots: all slots are idle
srv  params_from_: Chat format: peg-gemma4
slot get_availabl: id  0 | task -1 | selected slot by LRU, t_last = 244531407744
srv  get_availabl: updating prompt cache
srv   prompt_save:  - saving prompt with length 214, total state size = 3.114 MiB
srv          load:  - looking for better prompt, base f_keep = 0.051, sim = 0.069
srv        update:  - cache state: 6 prompts, 15.871 MiB (limits: 8192.000 MiB, 2048 tokens, 499141 est)
srv        update:    - prompt 0x22c8ee0:      32 tokens, checkpoints:  0,     0.466 MiB
srv        update:    - prompt 0x22ae140:     174 tokens, checkpoints:  0,     2.532 MiB
srv        update:    - prompt 0x22e44f0:     165 tokens, checkpoints:  0,     2.401 MiB
srv        update:    - prompt 0x7fbe7c003ac0:     161 tokens, checkpoints:  0,     2.343 MiB
srv        update:    - prompt 0x22da460:     221 tokens, checkpoints:  1,     4.151 MiB
srv        update:    - prompt 0x22e5320:     214 tokens, checkpoints:  1,     3.977 MiB
srv  get_availabl: prompt cache update took 1.12 ms
slot launch_slot_: id  0 | task -1 | sampler chain: logits -> ?penalties -> ?dry -> ?top-n-sigma -> top-k -> ?typical -> ?top-p -> min-p -> ?xtc -> temp-ext -> dist 
slot launch_slot_: id  0 | task 662 | processing task, is_child = 0
slot update_slots: id  0 | task 662 | new prompt, n_ctx_slot = 2048, n_keep = 0, task.n_tokens = 159
slot update_slots: id  0 | task 662 | n_past = 11, slot.prompt.tokens.size() = 214, seq_id = 0, pos_min = 0, n_swa = 512
slot update_slots: id  0 | task 662 | Checking checkpoint with [0, 82] against 0...
slot update_slots: id  0 | task 662 | forcing full prompt re-processing due to lack of cache data (likely due to SWA or hybrid/recurrent memory, see https://github.com/ggml-org/llama.cpp/pull/13194#issuecomment-2868343055)
slot update_slots: id  0 | task 662 | erased invalidated context checkpoint (pos_min = 0, pos_max = 82, n_tokens = 83, n_swa = 512, pos_next = 0, size = 0.863 MiB)
slot update_slots: id  0 | task 662 | n_tokens = 0, memory_seq_rm [0, end)
slot update_slots: id  0 | task 662 | prompt processing progress, n_tokens = 155, batch.n_tokens = 155, progress = 0.974843
slot update_slots: id  0 | task 662 | n_tokens = 155, memory_seq_rm [155, end)
slot init_sampler: id  0 | task 662 | init sampler, took 0.03 ms, tokens: text = 159, total = 159
slot update_slots: id  0 | task 662 | prompt processing done, n_tokens = 159, batch.n_tokens = 4
slot update_slots: id  0 | task 662 | created context checkpoint 1 of 32 (pos_min = 0, pos_max = 154, n_tokens = 155, size = 1.611 MiB)
srv  log_server_r: done request: POST /v1/chat/completions 127.0.0.1 200
reasoning-budget: activated, budget=2147483647 tokens
slot print_timing: id  0 | task 662 | 
prompt eval time =    1118.10 ms /   159 tokens (    7.03 ms per token,   142.21 tokens per second)
       eval time =   15646.19 ms /   128 tokens (  122.24 ms per token,     8.18 tokens per second)
      total time =   16764.29 ms /   287 tokens
slot      release: id  0 | task 662 | stop processing: n_tokens = 286, truncated = 0
srv  update_slots: all slots are idle
srv  params_from_: Chat format: peg-gemma4
slot get_availabl: id  0 | task -1 | selected slot by LRU, t_last = 244548209955
srv  get_availabl: updating prompt cache
srv   prompt_save:  - saving prompt with length 286, total state size = 4.162 MiB
srv          load:  - looking for better prompt, base f_keep = 0.038, sim = 0.035
srv        update:  - cache state: 7 prompts, 21.643 MiB (limits: 8192.000 MiB, 2048 tokens, 474272 est)
srv        update:    - prompt 0x22c8ee0:      32 tokens, checkpoints:  0,     0.466 MiB
srv        update:    - prompt 0x22ae140:     174 tokens, checkpoints:  0,     2.532 MiB
srv        update:    - prompt 0x22e44f0:     165 tokens, checkpoints:  0,     2.401 MiB
srv        update:    - prompt 0x7fbe7c003ac0:     161 tokens, checkpoints:  0,     2.343 MiB
srv        update:    - prompt 0x22da460:     221 tokens, checkpoints:  1,     4.151 MiB
srv        update:    - prompt 0x22e5320:     214 tokens, checkpoints:  1,     3.977 MiB
srv        update:    - prompt 0x22d0050:     286 tokens, checkpoints:  1,     5.772 MiB
srv  get_availabl: prompt cache update took 2.12 ms
slot launch_slot_: id  0 | task -1 | sampler chain: logits -> ?penalties -> ?dry -> ?top-n-sigma -> top-k -> ?typical -> ?top-p -> min-p -> ?xtc -> temp-ext -> dist 
slot launch_slot_: id  0 | task 792 | processing task, is_child = 0
slot update_slots: id  0 | task 792 | new prompt, n_ctx_slot = 2048, n_keep = 0, task.n_tokens = 312
slot update_slots: id  0 | task 792 | n_past = 11, slot.prompt.tokens.size() = 286, seq_id = 0, pos_min = 0, n_swa = 512
slot update_slots: id  0 | task 792 | Checking checkpoint with [0, 154] against 0...
slot update_slots: id  0 | task 792 | forcing full prompt re-processing due to lack of cache data (likely due to SWA or hybrid/recurrent memory, see https://github.com/ggml-org/llama.cpp/pull/13194#issuecomment-2868343055)
slot update_slots: id  0 | task 792 | erased invalidated context checkpoint (pos_min = 0, pos_max = 154, n_tokens = 155, n_swa = 512, pos_next = 0, size = 1.611 MiB)
slot update_slots: id  0 | task 792 | n_tokens = 0, memory_seq_rm [0, end)
slot update_slots: id  0 | task 792 | prompt processing progress, n_tokens = 308, batch.n_tokens = 308, progress = 0.987179
slot update_slots: id  0 | task 792 | n_tokens = 308, memory_seq_rm [308, end)
slot init_sampler: id  0 | task 792 | init sampler, took 0.04 ms, tokens: text = 312, total = 312
slot update_slots: id  0 | task 792 | prompt processing done, n_tokens = 312, batch.n_tokens = 4
slot update_slots: id  0 | task 792 | created context checkpoint 1 of 32 (pos_min = 0, pos_max = 307, n_tokens = 308, size = 3.200 MiB)
srv  log_server_r: done request: POST /v1/chat/completions 127.0.0.1 200
reasoning-budget: activated, budget=2147483647 tokens
slot print_timing: id  0 | task 792 | 
prompt eval time =    2319.00 ms /   312 tokens (    7.43 ms per token,   134.54 tokens per second)
       eval time =   17340.29 ms /   128 tokens (  135.47 ms per token,     7.38 tokens per second)
      total time =   19659.29 ms /   440 tokens
slot      release: id  0 | task 792 | stop processing: n_tokens = 439, truncated = 0
srv  update_slots: all slots are idle
srv  params_from_: Chat format: peg-gemma4
slot get_availabl: id  0 | task -1 | selected slot by LRU, t_last = 244567910373
srv  get_availabl: updating prompt cache
srv   prompt_save:  - saving prompt with length 439, total state size = 6.388 MiB
srv          load:  - looking for better prompt, base f_keep = 0.025, sim = 0.043
srv        update:  - cache state: 8 prompts, 31.230 MiB (limits: 8192.000 MiB, 2048 tokens, 443827 est)
srv        update:    - prompt 0x22c8ee0:      32 tokens, checkpoints:  0,     0.466 MiB
srv        update:    - prompt 0x22ae140:     174 tokens, checkpoints:  0,     2.532 MiB
srv        update:    - prompt 0x22e44f0:     165 tokens, checkpoints:  0,     2.401 MiB
srv        update:    - prompt 0x7fbe7c003ac0:     161 tokens, checkpoints:  0,     2.343 MiB
srv        update:    - prompt 0x22da460:     221 tokens, checkpoints:  1,     4.151 MiB
srv        update:    - prompt 0x22e5320:     214 tokens, checkpoints:  1,     3.977 MiB
srv        update:    - prompt 0x22d0050:     286 tokens, checkpoints:  1,     5.772 MiB
srv        update:    - prompt 0x22171e0:     439 tokens, checkpoints:  1,     9.588 MiB
srv  get_availabl: prompt cache update took 2.90 ms
slot launch_slot_: id  0 | task -1 | sampler chain: logits -> ?penalties -> ?dry -> ?top-n-sigma -> top-k -> ?typical -> ?top-p -> min-p -> ?xtc -> temp-ext -> dist 
slot launch_slot_: id  0 | task 922 | processing task, is_child = 0
slot update_slots: id  0 | task 922 | new prompt, n_ctx_slot = 2048, n_keep = 0, task.n_tokens = 254
slot update_slots: id  0 | task 922 | n_past = 11, slot.prompt.tokens.size() = 439, seq_id = 0, pos_min = 0, n_swa = 512
slot update_slots: id  0 | task 922 | Checking checkpoint with [0, 307] against 0...
slot update_slots: id  0 | task 922 | forcing full prompt re-processing due to lack of cache data (likely due to SWA or hybrid/recurrent memory, see https://github.com/ggml-org/llama.cpp/pull/13194#issuecomment-2868343055)
slot update_slots: id  0 | task 922 | erased invalidated context checkpoint (pos_min = 0, pos_max = 307, n_tokens = 308, n_swa = 512, pos_next = 0, size = 3.200 MiB)
slot update_slots: id  0 | task 922 | n_tokens = 0, memory_seq_rm [0, end)
slot update_slots: id  0 | task 922 | prompt processing progress, n_tokens = 250, batch.n_tokens = 250, progress = 0.984252
slot update_slots: id  0 | task 922 | n_tokens = 250, memory_seq_rm [250, end)
slot init_sampler: id  0 | task 922 | init sampler, took 0.04 ms, tokens: text = 254, total = 254
slot update_slots: id  0 | task 922 | prompt processing done, n_tokens = 254, batch.n_tokens = 4
slot update_slots: id  0 | task 922 | created context checkpoint 1 of 32 (pos_min = 0, pos_max = 249, n_tokens = 250, size = 2.597 MiB)
srv  log_server_r: done request: POST /v1/chat/completions 127.0.0.1 200
reasoning-budget: activated, budget=2147483647 tokens
slot print_timing: id  0 | task 922 | 
prompt eval time =    1859.62 ms /   254 tokens (    7.32 ms per token,   136.59 tokens per second)
       eval time =   16969.91 ms /   128 tokens (  132.58 ms per token,     7.54 tokens per second)
      total time =   18829.53 ms /   382 tokens
slot      release: id  0 | task 922 | stop processing: n_tokens = 381, truncated = 0
srv  update_slots: all slots are idle
srv  params_from_: Chat format: peg-gemma4
slot get_availabl: id  0 | task -1 | selected slot by LCP similarity, sim_best = 0.478 (> 0.100 thold), f_keep = 0.029
srv  get_availabl: updating prompt cache
srv   prompt_save:  - saving prompt with length 381, total state size = 5.544 MiB
srv          load:  - looking for better prompt, base f_keep = 0.029, sim = 0.478
srv          load:  - found better prompt with f_keep = 0.719, sim = 1.000
srv        update:  - cache state: 8 prompts, 38.905 MiB (limits: 8192.000 MiB, 2048 tokens, 429758 est)
srv        update:    - prompt 0x22ae140:     174 tokens, checkpoints:  0,     2.532 MiB
srv        update:    - prompt 0x22e44f0:     165 tokens, checkpoints:  0,     2.401 MiB
srv        update:    - prompt 0x7fbe7c003ac0:     161 tokens, checkpoints:  0,     2.343 MiB
srv        update:    - prompt 0x22da460:     221 tokens, checkpoints:  1,     4.151 MiB
srv        update:    - prompt 0x22e5320:     214 tokens, checkpoints:  1,     3.977 MiB
srv        update:    - prompt 0x22d0050:     286 tokens, checkpoints:  1,     5.772 MiB
srv        update:    - prompt 0x22171e0:     439 tokens, checkpoints:  1,     9.588 MiB
srv        update:    - prompt 0x22d0150:     381 tokens, checkpoints:  1,     8.141 MiB
srv  get_availabl: prompt cache update took 2.68 ms
slot launch_slot_: id  0 | task -1 | sampler chain: logits -> ?penalties -> ?dry -> ?top-n-sigma -> top-k -> ?typical -> ?top-p -> min-p -> ?xtc -> temp-ext -> dist 
slot launch_slot_: id  0 | task 1052 | processing task, is_child = 0
slot update_slots: id  0 | task 1052 | new prompt, n_ctx_slot = 2048, n_keep = 0, task.n_tokens = 23
slot update_slots: id  0 | task 1052 | n_past = 23, slot.prompt.tokens.size() = 32, seq_id = 0, pos_min = 0, n_swa = 512
slot update_slots: id  0 | task 1052 | forcing full prompt re-processing due to lack of cache data (likely due to SWA or hybrid/recurrent memory, see https://github.com/ggml-org/llama.cpp/pull/13194#issuecomment-2868343055)
slot update_slots: id  0 | task 1052 | n_tokens = 0, memory_seq_rm [0, end)
slot update_slots: id  0 | task 1052 | prompt processing progress, n_tokens = 19, batch.n_tokens = 19, progress = 0.826087
slot update_slots: id  0 | task 1052 | n_tokens = 19, memory_seq_rm [19, end)
slot init_sampler: id  0 | task 1052 | init sampler, took 0.01 ms, tokens: text = 23, total = 23
slot update_slots: id  0 | task 1052 | prompt processing done, n_tokens = 23, batch.n_tokens = 4
srv  log_server_r: done request: POST /v1/chat/completions 127.0.0.1 200
slot print_timing: id  0 | task 1052 | 
prompt eval time =     348.79 ms /    23 tokens (   15.16 ms per token,    65.94 tokens per second)
       eval time =    1087.25 ms /    10 tokens (  108.72 ms per token,     9.20 tokens per second)
      total time =    1436.04 ms /    33 tokens
slot      release: id  0 | task 1052 | stop processing: n_tokens = 32, truncated = 0
srv  update_slots: all slots are idle
srv  params_from_: Chat format: peg-gemma4
slot get_availabl: id  0 | task -1 | selected slot by LCP similarity, sim_best = 0.234 (> 0.100 thold), f_keep = 0.344
srv  get_availabl: updating prompt cache
srv   prompt_save:  - saving prompt with length 32, total state size = 0.466 MiB
srv          load:  - looking for better prompt, base f_keep = 0.344, sim = 0.234
srv        update:  - cache state: 9 prompts, 39.371 MiB (limits: 8192.000 MiB, 2048 tokens, 431328 est)
srv        update:    - prompt 0x22ae140:     174 tokens, checkpoints:  0,     2.532 MiB
srv        update:    - prompt 0x22e44f0:     165 tokens, checkpoints:  0,     2.401 MiB
srv        update:    - prompt 0x7fbe7c003ac0:     161 tokens, checkpoints:  0,     2.343 MiB
srv        update:    - prompt 0x22da460:     221 tokens, checkpoints:  1,     4.151 MiB
srv        update:    - prompt 0x22e5320:     214 tokens, checkpoints:  1,     3.977 MiB
srv        update:    - prompt 0x22d0050:     286 tokens, checkpoints:  1,     5.772 MiB
srv        update:    - prompt 0x22171e0:     439 tokens, checkpoints:  1,     9.588 MiB
srv        update:    - prompt 0x22d0150:     381 tokens, checkpoints:  1,     8.141 MiB
srv        update:    - prompt 0x230c8b0:      32 tokens, checkpoints:  0,     0.466 MiB
srv  get_availabl: prompt cache update took 0.18 ms
slot launch_slot_: id  0 | task -1 | sampler chain: logits -> ?penalties -> ?dry -> ?top-n-sigma -> top-k -> ?typical -> ?top-p -> min-p -> ?xtc -> temp-ext -> dist 
slot launch_slot_: id  0 | task 1064 | processing task, is_child = 0
slot update_slots: id  0 | task 1064 | new prompt, n_ctx_slot = 2048, n_keep = 0, task.n_tokens = 47
slot update_slots: id  0 | task 1064 | n_past = 11, slot.prompt.tokens.size() = 32, seq_id = 0, pos_min = 0, n_swa = 512
slot update_slots: id  0 | task 1064 | forcing full prompt re-processing due to lack of cache data (likely due to SWA or hybrid/recurrent memory, see https://github.com/ggml-org/llama.cpp/pull/13194#issuecomment-2868343055)
slot update_slots: id  0 | task 1064 | n_tokens = 0, memory_seq_rm [0, end)
slot update_slots: id  0 | task 1064 | prompt processing progress, n_tokens = 43, batch.n_tokens = 43, progress = 0.914894
slot update_slots: id  0 | task 1064 | n_tokens = 43, memory_seq_rm [43, end)
slot init_sampler: id  0 | task 1064 | init sampler, took 0.01 ms, tokens: text = 47, total = 47
slot update_slots: id  0 | task 1064 | prompt processing done, n_tokens = 47, batch.n_tokens = 4
srv  log_server_r: done request: POST /v1/chat/completions 127.0.0.1 200
reasoning-budget: activated, budget=2147483647 tokens
slot print_timing: id  0 | task 1064 | 
prompt eval time =     502.05 ms /    47 tokens (   10.68 ms per token,    93.62 tokens per second)
       eval time =   15831.25 ms /   128 tokens (  123.68 ms per token,     8.09 tokens per second)
      total time =   16333.30 ms /   175 tokens
slot      release: id  0 | task 1064 | stop processing: n_tokens = 174, truncated = 0
srv  update_slots: all slots are idle
srv  params_from_: Chat format: peg-gemma4
slot get_availabl: id  0 | task -1 | selected slot by LCP similarity, sim_best = 0.289 (> 0.100 thold), f_keep = 0.063
srv  get_availabl: updating prompt cache
srv   prompt_save:  - saving prompt with length 174, total state size = 2.532 MiB
srv         alloc:  - prompt is already in the cache, skipping
srv          load:  - looking for better prompt, base f_keep = 0.063, sim = 0.289
srv        update:  - cache state: 9 prompts, 39.371 MiB (limits: 8192.000 MiB, 2048 tokens, 431328 est)
srv        update:    - prompt 0x22ae140:     174 tokens, checkpoints:  0,     2.532 MiB
srv        update:    - prompt 0x22e44f0:     165 tokens, checkpoints:  0,     2.401 MiB
srv        update:    - prompt 0x7fbe7c003ac0:     161 tokens, checkpoints:  0,     2.343 MiB
srv        update:    - prompt 0x22da460:     221 tokens, checkpoints:  1,     4.151 MiB
srv        update:    - prompt 0x22e5320:     214 tokens, checkpoints:  1,     3.977 MiB
srv        update:    - prompt 0x22d0050:     286 tokens, checkpoints:  1,     5.772 MiB
srv        update:    - prompt 0x22171e0:     439 tokens, checkpoints:  1,     9.588 MiB
srv        update:    - prompt 0x22d0150:     381 tokens, checkpoints:  1,     8.141 MiB
srv        update:    - prompt 0x230c8b0:      32 tokens, checkpoints:  0,     0.466 MiB
srv  get_availabl: prompt cache update took 0.07 ms
slot launch_slot_: id  0 | task -1 | sampler chain: logits -> ?penalties -> ?dry -> ?top-n-sigma -> top-k -> ?typical -> ?top-p -> min-p -> ?xtc -> temp-ext -> dist 
slot launch_slot_: id  0 | task 1194 | processing task, is_child = 0
slot update_slots: id  0 | task 1194 | new prompt, n_ctx_slot = 2048, n_keep = 0, task.n_tokens = 38
slot update_slots: id  0 | task 1194 | n_past = 11, slot.prompt.tokens.size() = 174, seq_id = 0, pos_min = 0, n_swa = 512
slot update_slots: id  0 | task 1194 | forcing full prompt re-processing due to lack of cache data (likely due to SWA or hybrid/recurrent memory, see https://github.com/ggml-org/llama.cpp/pull/13194#issuecomment-2868343055)
slot update_slots: id  0 | task 1194 | n_tokens = 0, memory_seq_rm [0, end)
slot update_slots: id  0 | task 1194 | prompt processing progress, n_tokens = 34, batch.n_tokens = 34, progress = 0.894737
slot update_slots: id  0 | task 1194 | n_tokens = 34, memory_seq_rm [34, end)
slot init_sampler: id  0 | task 1194 | init sampler, took 0.01 ms, tokens: text = 38, total = 38
slot update_slots: id  0 | task 1194 | prompt processing done, n_tokens = 38, batch.n_tokens = 4
srv  log_server_r: done request: POST /v1/chat/completions 127.0.0.1 200
slot print_timing: id  0 | task 1194 | 
prompt eval time =     441.97 ms /    38 tokens (   11.63 ms per token,    85.98 tokens per second)
       eval time =   15764.88 ms /   128 tokens (  123.16 ms per token,     8.12 tokens per second)
      total time =   16206.85 ms /   166 tokens
slot      release: id  0 | task 1194 | stop processing: n_tokens = 165, truncated = 0
srv  update_slots: all slots are idle
srv  params_from_: Chat format: peg-gemma4
slot get_availabl: id  0 | task -1 | selected slot by LCP similarity, sim_best = 0.324 (> 0.100 thold), f_keep = 0.067
srv  get_availabl: updating prompt cache
srv   prompt_save:  - saving prompt with length 165, total state size = 2.401 MiB
srv         alloc:  - prompt is already in the cache, skipping
srv          load:  - looking for better prompt, base f_keep = 0.067, sim = 0.324
srv        update:  - cache state: 9 prompts, 39.371 MiB (limits: 8192.000 MiB, 2048 tokens, 431328 est)
srv        update:    - prompt 0x22ae140:     174 tokens, checkpoints:  0,     2.532 MiB
srv        update:    - prompt 0x22e44f0:     165 tokens, checkpoints:  0,     2.401 MiB
srv        update:    - prompt 0x7fbe7c003ac0:     161 tokens, checkpoints:  0,     2.343 MiB
srv        update:    - prompt 0x22da460:     221 tokens, checkpoints:  1,     4.151 MiB
srv        update:    - prompt 0x22e5320:     214 tokens, checkpoints:  1,     3.977 MiB
srv        update:    - prompt 0x22d0050:     286 tokens, checkpoints:  1,     5.772 MiB
srv        update:    - prompt 0x22171e0:     439 tokens, checkpoints:  1,     9.588 MiB
srv        update:    - prompt 0x22d0150:     381 tokens, checkpoints:  1,     8.141 MiB
srv        update:    - prompt 0x230c8b0:      32 tokens, checkpoints:  0,     0.466 MiB
srv  get_availabl: prompt cache update took 0.05 ms
slot launch_slot_: id  0 | task -1 | sampler chain: logits -> ?penalties -> ?dry -> ?top-n-sigma -> top-k -> ?typical -> ?top-p -> min-p -> ?xtc -> temp-ext -> dist 
slot launch_slot_: id  0 | task 1324 | processing task, is_child = 0
slot update_slots: id  0 | task 1324 | new prompt, n_ctx_slot = 2048, n_keep = 0, task.n_tokens = 34
slot update_slots: id  0 | task 1324 | n_past = 11, slot.prompt.tokens.size() = 165, seq_id = 0, pos_min = 0, n_swa = 512
slot update_slots: id  0 | task 1324 | forcing full prompt re-processing due to lack of cache data (likely due to SWA or hybrid/recurrent memory, see https://github.com/ggml-org/llama.cpp/pull/13194#issuecomment-2868343055)
slot update_slots: id  0 | task 1324 | n_tokens = 0, memory_seq_rm [0, end)
slot update_slots: id  0 | task 1324 | prompt processing progress, n_tokens = 30, batch.n_tokens = 30, progress = 0.882353
slot update_slots: id  0 | task 1324 | n_tokens = 30, memory_seq_rm [30, end)
slot init_sampler: id  0 | task 1324 | init sampler, took 0.01 ms, tokens: text = 34, total = 34
slot update_slots: id  0 | task 1324 | prompt processing done, n_tokens = 34, batch.n_tokens = 4
srv  log_server_r: done request: POST /v1/chat/completions 127.0.0.1 200
reasoning-budget: activated, budget=2147483647 tokens
slot print_timing: id  0 | task 1324 | 
prompt eval time =     404.66 ms /    34 tokens (   11.90 ms per token,    84.02 tokens per second)
       eval time =   15498.14 ms /   128 tokens (  121.08 ms per token,     8.26 tokens per second)
      total time =   15902.81 ms /   162 tokens
slot      release: id  0 | task 1324 | stop processing: n_tokens = 161, truncated = 0
srv  update_slots: all slots are idle
srv  params_from_: Chat format: peg-gemma4
slot get_availabl: id  0 | task -1 | selected slot by LCP similarity, sim_best = 0.117 (> 0.100 thold), f_keep = 0.068
srv  get_availabl: updating prompt cache
srv   prompt_save:  - saving prompt with length 161, total state size = 2.343 MiB
srv         alloc:  - prompt is already in the cache, skipping
srv          load:  - looking for better prompt, base f_keep = 0.068, sim = 0.117
srv          load:  - found better prompt with f_keep = 0.425, sim = 1.000
srv        update:  - cache state: 8 prompts, 35.220 MiB (limits: 8192.000 MiB, 2048 tokens, 430764 est)
srv        update:    - prompt 0x22ae140:     174 tokens, checkpoints:  0,     2.532 MiB
srv        update:    - prompt 0x22e44f0:     165 tokens, checkpoints:  0,     2.401 MiB
srv        update:    - prompt 0x7fbe7c003ac0:     161 tokens, checkpoints:  0,     2.343 MiB
srv        update:    - prompt 0x22e5320:     214 tokens, checkpoints:  1,     3.977 MiB
srv        update:    - prompt 0x22d0050:     286 tokens, checkpoints:  1,     5.772 MiB
srv        update:    - prompt 0x22171e0:     439 tokens, checkpoints:  1,     9.588 MiB
srv        update:    - prompt 0x22d0150:     381 tokens, checkpoints:  1,     8.141 MiB
srv        update:    - prompt 0x230c8b0:      32 tokens, checkpoints:  0,     0.466 MiB
srv  get_availabl: prompt cache update took 1.01 ms
slot launch_slot_: id  0 | task -1 | sampler chain: logits -> ?penalties -> ?dry -> ?top-n-sigma -> top-k -> ?typical -> ?top-p -> min-p -> ?xtc -> temp-ext -> dist 
slot launch_slot_: id  0 | task 1454 | processing task, is_child = 0
slot update_slots: id  0 | task 1454 | new prompt, n_ctx_slot = 2048, n_keep = 0, task.n_tokens = 94
slot update_slots: id  0 | task 1454 | n_past = 94, slot.prompt.tokens.size() = 221, seq_id = 0, pos_min = 0, n_swa = 512
slot update_slots: id  0 | task 1454 | Checking checkpoint with [0, 89] against 0...
slot update_slots: id  0 | task 1454 | forcing full prompt re-processing due to lack of cache data (likely due to SWA or hybrid/recurrent memory, see https://github.com/ggml-org/llama.cpp/pull/13194#issuecomment-2868343055)
slot update_slots: id  0 | task 1454 | erased invalidated context checkpoint (pos_min = 0, pos_max = 89, n_tokens = 90, n_swa = 512, pos_next = 0, size = 0.935 MiB)
slot update_slots: id  0 | task 1454 | n_tokens = 0, memory_seq_rm [0, end)
slot update_slots: id  0 | task 1454 | prompt processing progress, n_tokens = 90, batch.n_tokens = 90, progress = 0.957447
slot update_slots: id  0 | task 1454 | n_tokens = 90, memory_seq_rm [90, end)
slot init_sampler: id  0 | task 1454 | init sampler, took 0.01 ms, tokens: text = 94, total = 94
slot update_slots: id  0 | task 1454 | prompt processing done, n_tokens = 94, batch.n_tokens = 4
slot update_slots: id  0 | task 1454 | created context checkpoint 1 of 32 (pos_min = 0, pos_max = 89, n_tokens = 90, size = 0.935 MiB)
srv  log_server_r: done request: POST /v1/chat/completions 127.0.0.1 200
reasoning-budget: activated, budget=2147483647 tokens
reasoning-budget: deactivated (natural end)
slot print_timing: id  0 | task 1454 | 
prompt eval time =     741.97 ms /    94 tokens (    7.89 ms per token,   126.69 tokens per second)
       eval time =   15642.13 ms /   128 tokens (  122.20 ms per token,     8.18 tokens per second)
      total time =   16384.11 ms /   222 tokens
slot      release: id  0 | task 1454 | stop processing: n_tokens = 221, truncated = 0
srv  update_slots: all slots are idle
srv  params_from_: Chat format: peg-gemma4
slot get_availabl: id  0 | task -1 | selected slot by LCP similarity, sim_best = 0.138 (> 0.100 thold), f_keep = 0.054
srv  get_availabl: updating prompt cache
srv   prompt_save:  - saving prompt with length 221, total state size = 3.216 MiB
srv          load:  - looking for better prompt, base f_keep = 0.054, sim = 0.138
srv          load:  - found better prompt with f_keep = 0.407, sim = 1.000
srv        update:  - cache state: 8 prompts, 35.395 MiB (limits: 8192.000 MiB, 2048 tokens, 430260 est)
srv        update:    - prompt 0x22ae140:     174 tokens, checkpoints:  0,     2.532 MiB
srv        update:    - prompt 0x22e44f0:     165 tokens, checkpoints:  0,     2.401 MiB
srv        update:    - prompt 0x7fbe7c003ac0:     161 tokens, checkpoints:  0,     2.343 MiB
srv        update:    - prompt 0x22d0050:     286 tokens, checkpoints:  1,     5.772 MiB
srv        update:    - prompt 0x22171e0:     439 tokens, checkpoints:  1,     9.588 MiB
srv        update:    - prompt 0x22d0150:     381 tokens, checkpoints:  1,     8.141 MiB
srv        update:    - prompt 0x230c8b0:      32 tokens, checkpoints:  0,     0.466 MiB
srv        update:    - prompt 0x22da460:     221 tokens, checkpoints:  1,     4.151 MiB
srv  get_availabl: prompt cache update took 1.60 ms
slot launch_slot_: id  0 | task -1 | sampler chain: logits -> ?penalties -> ?dry -> ?top-n-sigma -> top-k -> ?typical -> ?top-p -> min-p -> ?xtc -> temp-ext -> dist 
slot launch_slot_: id  0 | task 1584 | processing task, is_child = 0
slot update_slots: id  0 | task 1584 | new prompt, n_ctx_slot = 2048, n_keep = 0, task.n_tokens = 87
slot update_slots: id  0 | task 1584 | n_past = 87, slot.prompt.tokens.size() = 214, seq_id = 0, pos_min = 0, n_swa = 512
slot update_slots: id  0 | task 1584 | Checking checkpoint with [0, 82] against 0...
slot update_slots: id  0 | task 1584 | forcing full prompt re-processing due to lack of cache data (likely due to SWA or hybrid/recurrent memory, see https://github.com/ggml-org/llama.cpp/pull/13194#issuecomment-2868343055)
slot update_slots: id  0 | task 1584 | erased invalidated context checkpoint (pos_min = 0, pos_max = 82, n_tokens = 83, n_swa = 512, pos_next = 0, size = 0.863 MiB)
slot update_slots: id  0 | task 1584 | n_tokens = 0, memory_seq_rm [0, end)
slot update_slots: id  0 | task 1584 | prompt processing progress, n_tokens = 83, batch.n_tokens = 83, progress = 0.954023
slot update_slots: id  0 | task 1584 | n_tokens = 83, memory_seq_rm [83, end)
slot init_sampler: id  0 | task 1584 | init sampler, took 0.01 ms, tokens: text = 87, total = 87
slot update_slots: id  0 | task 1584 | prompt processing done, n_tokens = 87, batch.n_tokens = 4
slot update_slots: id  0 | task 1584 | created context checkpoint 1 of 32 (pos_min = 0, pos_max = 82, n_tokens = 83, size = 0.863 MiB)
srv  log_server_r: done request: POST /v1/chat/completions 127.0.0.1 200
reasoning-budget: activated, budget=2147483647 tokens
slot print_timing: id  0 | task 1584 | 
prompt eval time =     687.97 ms /    87 tokens (    7.91 ms per token,   126.46 tokens per second)
       eval time =   15465.46 ms /   128 tokens (  120.82 ms per token,     8.28 tokens per second)
      total time =   16153.42 ms /   215 tokens
slot      release: id  0 | task 1584 | stop processing: n_tokens = 214, truncated = 0
srv  update_slots: all slots are idle
srv  params_from_: Chat format: peg-gemma4
slot get_availabl: id  0 | task -1 | selected slot by LRU, t_last = 244669415893
srv  get_availabl: updating prompt cache
srv   prompt_save:  - saving prompt with length 214, total state size = 3.114 MiB
srv          load:  - looking for better prompt, base f_keep = 0.051, sim = 0.069
srv          load:  - found better prompt with f_keep = 0.556, sim = 1.000
srv        update:  - cache state: 8 prompts, 33.599 MiB (limits: 8192.000 MiB, 2048 tokens, 435697 est)
srv        update:    - prompt 0x22ae140:     174 tokens, checkpoints:  0,     2.532 MiB
srv        update:    - prompt 0x22e44f0:     165 tokens, checkpoints:  0,     2.401 MiB
srv        update:    - prompt 0x7fbe7c003ac0:     161 tokens, checkpoints:  0,     2.343 MiB
srv        update:    - prompt 0x22171e0:     439 tokens, checkpoints:  1,     9.588 MiB
srv        update:    - prompt 0x22d0150:     381 tokens, checkpoints:  1,     8.141 MiB
srv        update:    - prompt 0x230c8b0:      32 tokens, checkpoints:  0,     0.466 MiB
srv        update:    - prompt 0x22da460:     221 tokens, checkpoints:  1,     4.151 MiB
srv        update:    - prompt 0x22e5320:     214 tokens, checkpoints:  1,     3.977 MiB
srv  get_availabl: prompt cache update took 1.95 ms
slot launch_slot_: id  0 | task -1 | sampler chain: logits -> ?penalties -> ?dry -> ?top-n-sigma -> top-k -> ?typical -> ?top-p -> min-p -> ?xtc -> temp-ext -> dist 
slot launch_slot_: id  0 | task 1714 | processing task, is_child = 0
slot update_slots: id  0 | task 1714 | new prompt, n_ctx_slot = 2048, n_keep = 0, task.n_tokens = 159
slot update_slots: id  0 | task 1714 | n_past = 159, slot.prompt.tokens.size() = 286, seq_id = 0, pos_min = 0, n_swa = 512
slot update_slots: id  0 | task 1714 | Checking checkpoint with [0, 154] against 0...
slot update_slots: id  0 | task 1714 | forcing full prompt re-processing due to lack of cache data (likely due to SWA or hybrid/recurrent memory, see https://github.com/ggml-org/llama.cpp/pull/13194#issuecomment-2868343055)
slot update_slots: id  0 | task 1714 | erased invalidated context checkpoint (pos_min = 0, pos_max = 154, n_tokens = 155, n_swa = 512, pos_next = 0, size = 1.611 MiB)
slot update_slots: id  0 | task 1714 | n_tokens = 0, memory_seq_rm [0, end)
slot update_slots: id  0 | task 1714 | prompt processing progress, n_tokens = 155, batch.n_tokens = 155, progress = 0.974843
slot update_slots: id  0 | task 1714 | n_tokens = 155, memory_seq_rm [155, end)
slot init_sampler: id  0 | task 1714 | init sampler, took 0.03 ms, tokens: text = 159, total = 159
slot update_slots: id  0 | task 1714 | prompt processing done, n_tokens = 159, batch.n_tokens = 4
slot update_slots: id  0 | task 1714 | created context checkpoint 1 of 32 (pos_min = 0, pos_max = 154, n_tokens = 155, size = 1.611 MiB)
srv  log_server_r: done request: POST /v1/chat/completions 127.0.0.1 200
reasoning-budget: activated, budget=2147483647 tokens
slot print_timing: id  0 | task 1714 | 
prompt eval time =    1177.47 ms /   159 tokens (    7.41 ms per token,   135.04 tokens per second)
       eval time =   16299.89 ms /   128 tokens (  127.34 ms per token,     7.85 tokens per second)
      total time =   17477.36 ms /   287 tokens
slot      release: id  0 | task 1714 | stop processing: n_tokens = 286, truncated = 0
srv  update_slots: all slots are idle
srv  params_from_: Chat format: peg-gemma4
slot get_availabl: id  0 | task -1 | selected slot by LRU, t_last = 244686930814
srv  get_availabl: updating prompt cache
srv   prompt_save:  - saving prompt with length 286, total state size = 4.162 MiB
srv          load:  - looking for better prompt, base f_keep = 0.038, sim = 0.035
srv          load:  - found better prompt with f_keep = 0.711, sim = 1.000
srv        update:  - cache state: 8 prompts, 29.784 MiB (limits: 8192.000 MiB, 2048 tokens, 449427 est)
srv        update:    - prompt 0x22ae140:     174 tokens, checkpoints:  0,     2.532 MiB
srv        update:    - prompt 0x22e44f0:     165 tokens, checkpoints:  0,     2.401 MiB
srv        update:    - prompt 0x7fbe7c003ac0:     161 tokens, checkpoints:  0,     2.343 MiB
srv        update:    - prompt 0x22d0150:     381 tokens, checkpoints:  1,     8.141 MiB
srv        update:    - prompt 0x230c8b0:      32 tokens, checkpoints:  0,     0.466 MiB
srv        update:    - prompt 0x22da460:     221 tokens, checkpoints:  1,     4.151 MiB
srv        update:    - prompt 0x22e5320:     214 tokens, checkpoints:  1,     3.977 MiB
srv        update:    - prompt 0x22d0050:     286 tokens, checkpoints:  1,     5.772 MiB
srv  get_availabl: prompt cache update took 2.89 ms
slot launch_slot_: id  0 | task -1 | sampler chain: logits -> ?penalties -> ?dry -> ?top-n-sigma -> top-k -> ?typical -> ?top-p -> min-p -> ?xtc -> temp-ext -> dist 
slot launch_slot_: id  0 | task 1844 | processing task, is_child = 0
slot update_slots: id  0 | task 1844 | new prompt, n_ctx_slot = 2048, n_keep = 0, task.n_tokens = 312
slot update_slots: id  0 | task 1844 | n_past = 312, slot.prompt.tokens.size() = 439, seq_id = 0, pos_min = 0, n_swa = 512
slot update_slots: id  0 | task 1844 | Checking checkpoint with [0, 307] against 0...
slot update_slots: id  0 | task 1844 | forcing full prompt re-processing due to lack of cache data (likely due to SWA or hybrid/recurrent memory, see https://github.com/ggml-org/llama.cpp/pull/13194#issuecomment-2868343055)
slot update_slots: id  0 | task 1844 | erased invalidated context checkpoint (pos_min = 0, pos_max = 307, n_tokens = 308, n_swa = 512, pos_next = 0, size = 3.200 MiB)
slot update_slots: id  0 | task 1844 | n_tokens = 0, memory_seq_rm [0, end)
slot update_slots: id  0 | task 1844 | prompt processing progress, n_tokens = 308, batch.n_tokens = 308, progress = 0.987179
slot update_slots: id  0 | task 1844 | n_tokens = 308, memory_seq_rm [308, end)
slot init_sampler: id  0 | task 1844 | init sampler, took 0.06 ms, tokens: text = 312, total = 312
slot update_slots: id  0 | task 1844 | prompt processing done, n_tokens = 312, batch.n_tokens = 4
slot update_slots: id  0 | task 1844 | created context checkpoint 1 of 32 (pos_min = 0, pos_max = 307, n_tokens = 308, size = 3.200 MiB)
srv  log_server_r: done request: POST /v1/chat/completions 127.0.0.1 200
reasoning-budget: activated, budget=2147483647 tokens
slot print_timing: id  0 | task 1844 | 
prompt eval time =    2396.92 ms /   312 tokens (    7.68 ms per token,   130.17 tokens per second)
       eval time =   17280.06 ms /   128 tokens (  135.00 ms per token,     7.41 tokens per second)
      total time =   19676.98 ms /   440 tokens
slot      release: id  0 | task 1844 | stop processing: n_tokens = 439, truncated = 0
srv  update_slots: all slots are idle
srv  params_from_: Chat format: peg-gemma4
slot get_availabl: id  0 | task -1 | selected slot by LRU, t_last = 244706647504
srv  get_availabl: updating prompt cache
srv   prompt_save:  - saving prompt with length 439, total state size = 6.388 MiB
srv          load:  - looking for better prompt, base f_keep = 0.025, sim = 0.043
srv          load:  - found better prompt with f_keep = 0.667, sim = 1.000
srv        update:  - cache state: 8 prompts, 31.230 MiB (limits: 8192.000 MiB, 2048 tokens, 443827 est)
srv        update:    - prompt 0x22ae140:     174 tokens, checkpoints:  0,     2.532 MiB
srv        update:    - prompt 0x22e44f0:     165 tokens, checkpoints:  0,     2.401 MiB
srv        update:    - prompt 0x7fbe7c003ac0:     161 tokens, checkpoints:  0,     2.343 MiB
srv        update:    - prompt 0x230c8b0:      32 tokens, checkpoints:  0,     0.466 MiB
srv        update:    - prompt 0x22da460:     221 tokens, checkpoints:  1,     4.151 MiB
srv        update:    - prompt 0x22e5320:     214 tokens, checkpoints:  1,     3.977 MiB
srv        update:    - prompt 0x22d0050:     286 tokens, checkpoints:  1,     5.772 MiB
srv        update:    - prompt 0x22171e0:     439 tokens, checkpoints:  1,     9.588 MiB
srv  get_availabl: prompt cache update took 4.02 ms
slot launch_slot_: id  0 | task -1 | sampler chain: logits -> ?penalties -> ?dry -> ?top-n-sigma -> top-k -> ?typical -> ?top-p -> min-p -> ?xtc -> temp-ext -> dist 
slot launch_slot_: id  0 | task 1974 | processing task, is_child = 0
slot update_slots: id  0 | task 1974 | new prompt, n_ctx_slot = 2048, n_keep = 0, task.n_tokens = 254
slot update_slots: id  0 | task 1974 | n_past = 254, slot.prompt.tokens.size() = 381, seq_id = 0, pos_min = 0, n_swa = 512
slot update_slots: id  0 | task 1974 | Checking checkpoint with [0, 249] against 0...
slot update_slots: id  0 | task 1974 | forcing full prompt re-processing due to lack of cache data (likely due to SWA or hybrid/recurrent memory, see https://github.com/ggml-org/llama.cpp/pull/13194#issuecomment-2868343055)
slot update_slots: id  0 | task 1974 | erased invalidated context checkpoint (pos_min = 0, pos_max = 249, n_tokens = 250, n_swa = 512, pos_next = 0, size = 2.597 MiB)
slot update_slots: id  0 | task 1974 | n_tokens = 0, memory_seq_rm [0, end)
slot update_slots: id  0 | task 1974 | prompt processing progress, n_tokens = 250, batch.n_tokens = 250, progress = 0.984252
slot update_slots: id  0 | task 1974 | n_tokens = 250, memory_seq_rm [250, end)
slot init_sampler: id  0 | task 1974 | init sampler, took 0.04 ms, tokens: text = 254, total = 254
slot update_slots: id  0 | task 1974 | prompt processing done, n_tokens = 254, batch.n_tokens = 4
slot update_slots: id  0 | task 1974 | created context checkpoint 1 of 32 (pos_min = 0, pos_max = 249, n_tokens = 250, size = 2.597 MiB)
srv  log_server_r: done request: POST /v1/chat/completions 127.0.0.1 200
reasoning-budget: activated, budget=2147483647 tokens
slot print_timing: id  0 | task 1974 | 
prompt eval time =    1918.71 ms /   254 tokens (    7.55 ms per token,   132.38 tokens per second)
       eval time =   16948.82 ms /   128 tokens (  132.41 ms per token,     7.55 tokens per second)
      total time =   18867.53 ms /   382 tokens
slot      release: id  0 | task 1974 | stop processing: n_tokens = 381, truncated = 0
srv  update_slots: all slots are idle
srv  params_from_: Chat format: peg-gemma4
slot get_availabl: id  0 | task -1 | selected slot by LCP similarity, sim_best = 0.478 (> 0.100 thold), f_keep = 0.029
srv  get_availabl: updating prompt cache
srv   prompt_save:  - saving prompt with length 381, total state size = 5.544 MiB
srv          load:  - looking for better prompt, base f_keep = 0.029, sim = 0.478
srv          load:  - found better prompt with f_keep = 0.719, sim = 1.000
srv        update:  - cache state: 8 prompts, 38.905 MiB (limits: 8192.000 MiB, 2048 tokens, 429758 est)
srv        update:    - prompt 0x22ae140:     174 tokens, checkpoints:  0,     2.532 MiB
srv        update:    - prompt 0x22e44f0:     165 tokens, checkpoints:  0,     2.401 MiB
srv        update:    - prompt 0x7fbe7c003ac0:     161 tokens, checkpoints:  0,     2.343 MiB
srv        update:    - prompt 0x22da460:     221 tokens, checkpoints:  1,     4.151 MiB
srv        update:    - prompt 0x22e5320:     214 tokens, checkpoints:  1,     3.977 MiB
srv        update:    - prompt 0x22d0050:     286 tokens, checkpoints:  1,     5.772 MiB
srv        update:    - prompt 0x22171e0:     439 tokens, checkpoints:  1,     9.588 MiB
srv        update:    - prompt 0x22d0150:     381 tokens, checkpoints:  1,     8.141 MiB
srv  get_availabl: prompt cache update took 1.93 ms
slot launch_slot_: id  0 | task -1 | sampler chain: logits -> ?penalties -> ?dry -> ?top-n-sigma -> top-k -> ?typical -> ?top-p -> min-p -> ?xtc -> temp-ext -> dist 
slot launch_slot_: id  0 | task 2104 | processing task, is_child = 0
slot update_slots: id  0 | task 2104 | new prompt, n_ctx_slot = 2048, n_keep = 0, task.n_tokens = 23
slot update_slots: id  0 | task 2104 | n_past = 23, slot.prompt.tokens.size() = 32, seq_id = 0, pos_min = 0, n_swa = 512
slot update_slots: id  0 | task 2104 | forcing full prompt re-processing due to lack of cache data (likely due to SWA or hybrid/recurrent memory, see https://github.com/ggml-org/llama.cpp/pull/13194#issuecomment-2868343055)
slot update_slots: id  0 | task 2104 | n_tokens = 0, memory_seq_rm [0, end)
slot update_slots: id  0 | task 2104 | prompt processing progress, n_tokens = 19, batch.n_tokens = 19, progress = 0.826087
slot update_slots: id  0 | task 2104 | n_tokens = 19, memory_seq_rm [19, end)
slot init_sampler: id  0 | task 2104 | init sampler, took 0.01 ms, tokens: text = 23, total = 23
slot update_slots: id  0 | task 2104 | prompt processing done, n_tokens = 23, batch.n_tokens = 4
srv  log_server_r: done request: POST /v1/chat/completions 127.0.0.1 200
slot print_timing: id  0 | task 2104 | 
prompt eval time =     334.52 ms /    23 tokens (   14.54 ms per token,    68.75 tokens per second)
       eval time =    1088.94 ms /    10 tokens (  108.89 ms per token,     9.18 tokens per second)
      total time =    1423.47 ms /    33 tokens
slot      release: id  0 | task 2104 | stop processing: n_tokens = 32, truncated = 0
srv  update_slots: all slots are idle
srv  params_from_: Chat format: peg-gemma4
slot get_availabl: id  0 | task -1 | selected slot by LCP similarity, sim_best = 0.234 (> 0.100 thold), f_keep = 0.344
srv  get_availabl: updating prompt cache
srv   prompt_save:  - saving prompt with length 32, total state size = 0.466 MiB
srv          load:  - looking for better prompt, base f_keep = 0.344, sim = 0.234
srv        update:  - cache state: 9 prompts, 39.371 MiB (limits: 8192.000 MiB, 2048 tokens, 431328 est)
srv        update:    - prompt 0x22ae140:     174 tokens, checkpoints:  0,     2.532 MiB
srv        update:    - prompt 0x22e44f0:     165 tokens, checkpoints:  0,     2.401 MiB
srv        update:    - prompt 0x7fbe7c003ac0:     161 tokens, checkpoints:  0,     2.343 MiB
srv        update:    - prompt 0x22da460:     221 tokens, checkpoints:  1,     4.151 MiB
srv        update:    - prompt 0x22e5320:     214 tokens, checkpoints:  1,     3.977 MiB
srv        update:    - prompt 0x22d0050:     286 tokens, checkpoints:  1,     5.772 MiB
srv        update:    - prompt 0x22171e0:     439 tokens, checkpoints:  1,     9.588 MiB
srv        update:    - prompt 0x22d0150:     381 tokens, checkpoints:  1,     8.141 MiB
srv        update:    - prompt 0x7fbe60003ac0:      32 tokens, checkpoints:  0,     0.466 MiB
srv  get_availabl: prompt cache update took 0.17 ms
slot launch_slot_: id  0 | task -1 | sampler chain: logits -> ?penalties -> ?dry -> ?top-n-sigma -> top-k -> ?typical -> ?top-p -> min-p -> ?xtc -> temp-ext -> dist 
slot launch_slot_: id  0 | task 2116 | processing task, is_child = 0
slot update_slots: id  0 | task 2116 | new prompt, n_ctx_slot = 2048, n_keep = 0, task.n_tokens = 47
slot update_slots: id  0 | task 2116 | n_past = 11, slot.prompt.tokens.size() = 32, seq_id = 0, pos_min = 0, n_swa = 512
slot update_slots: id  0 | task 2116 | forcing full prompt re-processing due to lack of cache data (likely due to SWA or hybrid/recurrent memory, see https://github.com/ggml-org/llama.cpp/pull/13194#issuecomment-2868343055)
slot update_slots: id  0 | task 2116 | n_tokens = 0, memory_seq_rm [0, end)
slot update_slots: id  0 | task 2116 | prompt processing progress, n_tokens = 43, batch.n_tokens = 43, progress = 0.914894
slot update_slots: id  0 | task 2116 | n_tokens = 43, memory_seq_rm [43, end)
slot init_sampler: id  0 | task 2116 | init sampler, took 0.01 ms, tokens: text = 47, total = 47
slot update_slots: id  0 | task 2116 | prompt processing done, n_tokens = 47, batch.n_tokens = 4
srv  log_server_r: done request: POST /v1/chat/completions 127.0.0.1 200
reasoning-budget: activated, budget=2147483647 tokens
slot print_timing: id  0 | task 2116 | 
prompt eval time =     498.63 ms /    47 tokens (   10.61 ms per token,    94.26 tokens per second)
       eval time =   15499.13 ms /   128 tokens (  121.09 ms per token,     8.26 tokens per second)
      total time =   15997.77 ms /   175 tokens
slot      release: id  0 | task 2116 | stop processing: n_tokens = 174, truncated = 0
srv  update_slots: all slots are idle
srv  params_from_: Chat format: peg-gemma4
slot get_availabl: id  0 | task -1 | selected slot by LCP similarity, sim_best = 0.289 (> 0.100 thold), f_keep = 0.063
srv  get_availabl: updating prompt cache
srv   prompt_save:  - saving prompt with length 174, total state size = 2.532 MiB
srv         alloc:  - prompt is already in the cache, skipping
srv          load:  - looking for better prompt, base f_keep = 0.063, sim = 0.289
srv        update:  - cache state: 9 prompts, 39.371 MiB (limits: 8192.000 MiB, 2048 tokens, 431328 est)
srv        update:    - prompt 0x22ae140:     174 tokens, checkpoints:  0,     2.532 MiB
srv        update:    - prompt 0x22e44f0:     165 tokens, checkpoints:  0,     2.401 MiB
srv        update:    - prompt 0x7fbe7c003ac0:     161 tokens, checkpoints:  0,     2.343 MiB
srv        update:    - prompt 0x22da460:     221 tokens, checkpoints:  1,     4.151 MiB
srv        update:    - prompt 0x22e5320:     214 tokens, checkpoints:  1,     3.977 MiB
srv        update:    - prompt 0x22d0050:     286 tokens, checkpoints:  1,     5.772 MiB
srv        update:    - prompt 0x22171e0:     439 tokens, checkpoints:  1,     9.588 MiB
srv        update:    - prompt 0x22d0150:     381 tokens, checkpoints:  1,     8.141 MiB
srv        update:    - prompt 0x7fbe60003ac0:      32 tokens, checkpoints:  0,     0.466 MiB
srv  get_availabl: prompt cache update took 0.05 ms
slot launch_slot_: id  0 | task -1 | sampler chain: logits -> ?penalties -> ?dry -> ?top-n-sigma -> top-k -> ?typical -> ?top-p -> min-p -> ?xtc -> temp-ext -> dist 
slot launch_slot_: id  0 | task 2246 | processing task, is_child = 0
slot update_slots: id  0 | task 2246 | new prompt, n_ctx_slot = 2048, n_keep = 0, task.n_tokens = 38
slot update_slots: id  0 | task 2246 | n_past = 11, slot.prompt.tokens.size() = 174, seq_id = 0, pos_min = 0, n_swa = 512
slot update_slots: id  0 | task 2246 | forcing full prompt re-processing due to lack of cache data (likely due to SWA or hybrid/recurrent memory, see https://github.com/ggml-org/llama.cpp/pull/13194#issuecomment-2868343055)
slot update_slots: id  0 | task 2246 | n_tokens = 0, memory_seq_rm [0, end)
slot update_slots: id  0 | task 2246 | prompt processing progress, n_tokens = 34, batch.n_tokens = 34, progress = 0.894737
slot update_slots: id  0 | task 2246 | n_tokens = 34, memory_seq_rm [34, end)
slot init_sampler: id  0 | task 2246 | init sampler, took 0.01 ms, tokens: text = 38, total = 38
slot update_slots: id  0 | task 2246 | prompt processing done, n_tokens = 38, batch.n_tokens = 4
srv  log_server_r: done request: POST /v1/chat/completions 127.0.0.1 200
slot print_timing: id  0 | task 2246 | 
prompt eval time =     436.62 ms /    38 tokens (   11.49 ms per token,    87.03 tokens per second)
       eval time =   15411.80 ms /   128 tokens (  120.40 ms per token,     8.31 tokens per second)
      total time =   15848.43 ms /   166 tokens
slot      release: id  0 | task 2246 | stop processing: n_tokens = 165, truncated = 0
srv  update_slots: all slots are idle
srv  params_from_: Chat format: peg-gemma4
slot get_availabl: id  0 | task -1 | selected slot by LCP similarity, sim_best = 0.324 (> 0.100 thold), f_keep = 0.067
srv  get_availabl: updating prompt cache
srv   prompt_save:  - saving prompt with length 165, total state size = 2.401 MiB
srv         alloc:  - prompt is already in the cache, skipping
srv          load:  - looking for better prompt, base f_keep = 0.067, sim = 0.324
srv        update:  - cache state: 9 prompts, 39.371 MiB (limits: 8192.000 MiB, 2048 tokens, 431328 est)
srv        update:    - prompt 0x22ae140:     174 tokens, checkpoints:  0,     2.532 MiB
srv        update:    - prompt 0x22e44f0:     165 tokens, checkpoints:  0,     2.401 MiB
srv        update:    - prompt 0x7fbe7c003ac0:     161 tokens, checkpoints:  0,     2.343 MiB
srv        update:    - prompt 0x22da460:     221 tokens, checkpoints:  1,     4.151 MiB
srv        update:    - prompt 0x22e5320:     214 tokens, checkpoints:  1,     3.977 MiB
srv        update:    - prompt 0x22d0050:     286 tokens, checkpoints:  1,     5.772 MiB
srv        update:    - prompt 0x22171e0:     439 tokens, checkpoints:  1,     9.588 MiB
srv        update:    - prompt 0x22d0150:     381 tokens, checkpoints:  1,     8.141 MiB
srv        update:    - prompt 0x7fbe60003ac0:      32 tokens, checkpoints:  0,     0.466 MiB
srv  get_availabl: prompt cache update took 0.06 ms
slot launch_slot_: id  0 | task -1 | sampler chain: logits -> ?penalties -> ?dry -> ?top-n-sigma -> top-k -> ?typical -> ?top-p -> min-p -> ?xtc -> temp-ext -> dist 
slot launch_slot_: id  0 | task 2376 | processing task, is_child = 0
slot update_slots: id  0 | task 2376 | new prompt, n_ctx_slot = 2048, n_keep = 0, task.n_tokens = 34
slot update_slots: id  0 | task 2376 | n_past = 11, slot.prompt.tokens.size() = 165, seq_id = 0, pos_min = 0, n_swa = 512
slot update_slots: id  0 | task 2376 | forcing full prompt re-processing due to lack of cache data (likely due to SWA or hybrid/recurrent memory, see https://github.com/ggml-org/llama.cpp/pull/13194#issuecomment-2868343055)
slot update_slots: id  0 | task 2376 | n_tokens = 0, memory_seq_rm [0, end)
slot update_slots: id  0 | task 2376 | prompt processing progress, n_tokens = 30, batch.n_tokens = 30, progress = 0.882353
slot update_slots: id  0 | task 2376 | n_tokens = 30, memory_seq_rm [30, end)
slot init_sampler: id  0 | task 2376 | init sampler, took 0.01 ms, tokens: text = 34, total = 34
slot update_slots: id  0 | task 2376 | prompt processing done, n_tokens = 34, batch.n_tokens = 4
srv  log_server_r: done request: POST /v1/chat/completions 127.0.0.1 200
reasoning-budget: activated, budget=2147483647 tokens
slot print_timing: id  0 | task 2376 | 
prompt eval time =     396.78 ms /    34 tokens (   11.67 ms per token,    85.69 tokens per second)
       eval time =   15274.31 ms /   128 tokens (  119.33 ms per token,     8.38 tokens per second)
      total time =   15671.08 ms /   162 tokens
slot      release: id  0 | task 2376 | stop processing: n_tokens = 161, truncated = 0
srv  update_slots: all slots are idle
srv  params_from_: Chat format: peg-gemma4
slot get_availabl: id  0 | task -1 | selected slot by LCP similarity, sim_best = 0.117 (> 0.100 thold), f_keep = 0.068
srv  get_availabl: updating prompt cache
srv   prompt_save:  - saving prompt with length 161, total state size = 2.343 MiB
srv         alloc:  - prompt is already in the cache, skipping
srv          load:  - looking for better prompt, base f_keep = 0.068, sim = 0.117
srv          load:  - found better prompt with f_keep = 0.425, sim = 1.000
srv        update:  - cache state: 8 prompts, 35.220 MiB (limits: 8192.000 MiB, 2048 tokens, 430764 est)
srv        update:    - prompt 0x22ae140:     174 tokens, checkpoints:  0,     2.532 MiB
srv        update:    - prompt 0x22e44f0:     165 tokens, checkpoints:  0,     2.401 MiB
srv        update:    - prompt 0x7fbe7c003ac0:     161 tokens, checkpoints:  0,     2.343 MiB
srv        update:    - prompt 0x22e5320:     214 tokens, checkpoints:  1,     3.977 MiB
srv        update:    - prompt 0x22d0050:     286 tokens, checkpoints:  1,     5.772 MiB
srv        update:    - prompt 0x22171e0:     439 tokens, checkpoints:  1,     9.588 MiB
srv        update:    - prompt 0x22d0150:     381 tokens, checkpoints:  1,     8.141 MiB
srv        update:    - prompt 0x7fbe60003ac0:      32 tokens, checkpoints:  0,     0.466 MiB
srv  get_availabl: prompt cache update took 0.92 ms
slot launch_slot_: id  0 | task -1 | sampler chain: logits -> ?penalties -> ?dry -> ?top-n-sigma -> top-k -> ?typical -> ?top-p -> min-p -> ?xtc -> temp-ext -> dist 
slot launch_slot_: id  0 | task 2506 | processing task, is_child = 0
slot update_slots: id  0 | task 2506 | new prompt, n_ctx_slot = 2048, n_keep = 0, task.n_tokens = 94
slot update_slots: id  0 | task 2506 | n_past = 94, slot.prompt.tokens.size() = 221, seq_id = 0, pos_min = 0, n_swa = 512
slot update_slots: id  0 | task 2506 | Checking checkpoint with [0, 89] against 0...
slot update_slots: id  0 | task 2506 | forcing full prompt re-processing due to lack of cache data (likely due to SWA or hybrid/recurrent memory, see https://github.com/ggml-org/llama.cpp/pull/13194#issuecomment-2868343055)
slot update_slots: id  0 | task 2506 | erased invalidated context checkpoint (pos_min = 0, pos_max = 89, n_tokens = 90, n_swa = 512, pos_next = 0, size = 0.935 MiB)
slot update_slots: id  0 | task 2506 | n_tokens = 0, memory_seq_rm [0, end)
slot update_slots: id  0 | task 2506 | prompt processing progress, n_tokens = 90, batch.n_tokens = 90, progress = 0.957447
slot update_slots: id  0 | task 2506 | n_tokens = 90, memory_seq_rm [90, end)
slot init_sampler: id  0 | task 2506 | init sampler, took 0.01 ms, tokens: text = 94, total = 94
slot update_slots: id  0 | task 2506 | prompt processing done, n_tokens = 94, batch.n_tokens = 4
slot update_slots: id  0 | task 2506 | created context checkpoint 1 of 32 (pos_min = 0, pos_max = 89, n_tokens = 90, size = 0.935 MiB)
srv  log_server_r: done request: POST /v1/chat/completions 127.0.0.1 200
reasoning-budget: activated, budget=2147483647 tokens
reasoning-budget: deactivated (natural end)
slot print_timing: id  0 | task 2506 | 
prompt eval time =     744.36 ms /    94 tokens (    7.92 ms per token,   126.28 tokens per second)
       eval time =   15551.05 ms /   128 tokens (  121.49 ms per token,     8.23 tokens per second)
      total time =   16295.41 ms /   222 tokens
slot      release: id  0 | task 2506 | stop processing: n_tokens = 221, truncated = 0
srv  update_slots: all slots are idle
srv  params_from_: Chat format: peg-gemma4
slot get_availabl: id  0 | task -1 | selected slot by LCP similarity, sim_best = 0.138 (> 0.100 thold), f_keep = 0.054
srv  get_availabl: updating prompt cache
srv   prompt_save:  - saving prompt with length 221, total state size = 3.216 MiB
srv          load:  - looking for better prompt, base f_keep = 0.054, sim = 0.138
srv          load:  - found better prompt with f_keep = 0.407, sim = 1.000
srv        update:  - cache state: 8 prompts, 35.395 MiB (limits: 8192.000 MiB, 2048 tokens, 430260 est)
srv        update:    - prompt 0x22ae140:     174 tokens, checkpoints:  0,     2.532 MiB
srv        update:    - prompt 0x22e44f0:     165 tokens, checkpoints:  0,     2.401 MiB
srv        update:    - prompt 0x7fbe7c003ac0:     161 tokens, checkpoints:  0,     2.343 MiB
srv        update:    - prompt 0x22d0050:     286 tokens, checkpoints:  1,     5.772 MiB
srv        update:    - prompt 0x22171e0:     439 tokens, checkpoints:  1,     9.588 MiB
srv        update:    - prompt 0x22d0150:     381 tokens, checkpoints:  1,     8.141 MiB
srv        update:    - prompt 0x7fbe60003ac0:      32 tokens, checkpoints:  0,     0.466 MiB
srv        update:    - prompt 0x22da460:     221 tokens, checkpoints:  1,     4.151 MiB
srv  get_availabl: prompt cache update took 1.43 ms
slot launch_slot_: id  0 | task -1 | sampler chain: logits -> ?penalties -> ?dry -> ?top-n-sigma -> top-k -> ?typical -> ?top-p -> min-p -> ?xtc -> temp-ext -> dist 
slot launch_slot_: id  0 | task 2636 | processing task, is_child = 0
slot update_slots: id  0 | task 2636 | new prompt, n_ctx_slot = 2048, n_keep = 0, task.n_tokens = 87
slot update_slots: id  0 | task 2636 | n_past = 87, slot.prompt.tokens.size() = 214, seq_id = 0, pos_min = 0, n_swa = 512
slot update_slots: id  0 | task 2636 | Checking checkpoint with [0, 82] against 0...
slot update_slots: id  0 | task 2636 | forcing full prompt re-processing due to lack of cache data (likely due to SWA or hybrid/recurrent memory, see https://github.com/ggml-org/llama.cpp/pull/13194#issuecomment-2868343055)
slot update_slots: id  0 | task 2636 | erased invalidated context checkpoint (pos_min = 0, pos_max = 82, n_tokens = 83, n_swa = 512, pos_next = 0, size = 0.863 MiB)
slot update_slots: id  0 | task 2636 | n_tokens = 0, memory_seq_rm [0, end)
slot update_slots: id  0 | task 2636 | prompt processing progress, n_tokens = 83, batch.n_tokens = 83, progress = 0.954023
slot update_slots: id  0 | task 2636 | n_tokens = 83, memory_seq_rm [83, end)
slot init_sampler: id  0 | task 2636 | init sampler, took 0.01 ms, tokens: text = 87, total = 87
slot update_slots: id  0 | task 2636 | prompt processing done, n_tokens = 87, batch.n_tokens = 4
slot update_slots: id  0 | task 2636 | created context checkpoint 1 of 32 (pos_min = 0, pos_max = 82, n_tokens = 83, size = 0.863 MiB)
srv  log_server_r: done request: POST /v1/chat/completions 127.0.0.1 200
reasoning-budget: activated, budget=2147483647 tokens
slot print_timing: id  0 | task 2636 | 
prompt eval time =     701.74 ms /    87 tokens (    8.07 ms per token,   123.98 tokens per second)
       eval time =   15489.51 ms /   128 tokens (  121.01 ms per token,     8.26 tokens per second)
      total time =   16191.24 ms /   215 tokens
slot      release: id  0 | task 2636 | stop processing: n_tokens = 214, truncated = 0
srv  update_slots: all slots are idle
srv  params_from_: Chat format: peg-gemma4
slot get_availabl: id  0 | task -1 | selected slot by LRU, t_last = 244807197948
srv  get_availabl: updating prompt cache
srv   prompt_save:  - saving prompt with length 214, total state size = 3.114 MiB
srv          load:  - looking for better prompt, base f_keep = 0.051, sim = 0.069
srv          load:  - found better prompt with f_keep = 0.556, sim = 1.000
srv        update:  - cache state: 8 prompts, 33.599 MiB (limits: 8192.000 MiB, 2048 tokens, 435697 est)
srv        update:    - prompt 0x22ae140:     174 tokens, checkpoints:  0,     2.532 MiB
srv        update:    - prompt 0x22e44f0:     165 tokens, checkpoints:  0,     2.401 MiB
srv        update:    - prompt 0x7fbe7c003ac0:     161 tokens, checkpoints:  0,     2.343 MiB
srv        update:    - prompt 0x22171e0:     439 tokens, checkpoints:  1,     9.588 MiB
srv        update:    - prompt 0x22d0150:     381 tokens, checkpoints:  1,     8.141 MiB
srv        update:    - prompt 0x7fbe60003ac0:      32 tokens, checkpoints:  0,     0.466 MiB
srv        update:    - prompt 0x22da460:     221 tokens, checkpoints:  1,     4.151 MiB
srv        update:    - prompt 0x22e5320:     214 tokens, checkpoints:  1,     3.977 MiB
srv  get_availabl: prompt cache update took 1.65 ms
slot launch_slot_: id  0 | task -1 | sampler chain: logits -> ?penalties -> ?dry -> ?top-n-sigma -> top-k -> ?typical -> ?top-p -> min-p -> ?xtc -> temp-ext -> dist 
slot launch_slot_: id  0 | task 2766 | processing task, is_child = 0
slot update_slots: id  0 | task 2766 | new prompt, n_ctx_slot = 2048, n_keep = 0, task.n_tokens = 159
slot update_slots: id  0 | task 2766 | n_past = 159, slot.prompt.tokens.size() = 286, seq_id = 0, pos_min = 0, n_swa = 512
slot update_slots: id  0 | task 2766 | Checking checkpoint with [0, 154] against 0...
slot update_slots: id  0 | task 2766 | forcing full prompt re-processing due to lack of cache data (likely due to SWA or hybrid/recurrent memory, see https://github.com/ggml-org/llama.cpp/pull/13194#issuecomment-2868343055)
slot update_slots: id  0 | task 2766 | erased invalidated context checkpoint (pos_min = 0, pos_max = 154, n_tokens = 155, n_swa = 512, pos_next = 0, size = 1.611 MiB)
slot update_slots: id  0 | task 2766 | n_tokens = 0, memory_seq_rm [0, end)
slot update_slots: id  0 | task 2766 | prompt processing progress, n_tokens = 155, batch.n_tokens = 155, progress = 0.974843
slot update_slots: id  0 | task 2766 | n_tokens = 155, memory_seq_rm [155, end)
slot init_sampler: id  0 | task 2766 | init sampler, took 0.02 ms, tokens: text = 159, total = 159
slot update_slots: id  0 | task 2766 | prompt processing done, n_tokens = 159, batch.n_tokens = 4
slot update_slots: id  0 | task 2766 | created context checkpoint 1 of 32 (pos_min = 0, pos_max = 154, n_tokens = 155, size = 1.611 MiB)
srv  log_server_r: done request: POST /v1/chat/completions 127.0.0.1 200
reasoning-budget: activated, budget=2147483647 tokens
slot print_timing: id  0 | task 2766 | 
prompt eval time =    1178.84 ms /   159 tokens (    7.41 ms per token,   134.88 tokens per second)
       eval time =   16318.69 ms /   128 tokens (  127.49 ms per token,     7.84 tokens per second)
      total time =   17497.53 ms /   287 tokens
slot      release: id  0 | task 2766 | stop processing: n_tokens = 286, truncated = 0
srv  update_slots: all slots are idle
srv  params_from_: Chat format: peg-gemma4
slot get_availabl: id  0 | task -1 | selected slot by LRU, t_last = 244824733313
srv  get_availabl: updating prompt cache
srv   prompt_save:  - saving prompt with length 286, total state size = 4.162 MiB
srv          load:  - looking for better prompt, base f_keep = 0.038, sim = 0.035
srv          load:  - found better prompt with f_keep = 0.711, sim = 1.000
srv        update:  - cache state: 8 prompts, 29.784 MiB (limits: 8192.000 MiB, 2048 tokens, 449427 est)
srv        update:    - prompt 0x22ae140:     174 tokens, checkpoints:  0,     2.532 MiB
srv        update:    - prompt 0x22e44f0:     165 tokens, checkpoints:  0,     2.401 MiB
srv        update:    - prompt 0x7fbe7c003ac0:     161 tokens, checkpoints:  0,     2.343 MiB
srv        update:    - prompt 0x22d0150:     381 tokens, checkpoints:  1,     8.141 MiB
srv        update:    - prompt 0x7fbe60003ac0:      32 tokens, checkpoints:  0,     0.466 MiB
srv        update:    - prompt 0x22da460:     221 tokens, checkpoints:  1,     4.151 MiB
srv        update:    - prompt 0x22e5320:     214 tokens, checkpoints:  1,     3.977 MiB
srv        update:    - prompt 0x22d0050:     286 tokens, checkpoints:  1,     5.772 MiB
srv  get_availabl: prompt cache update took 2.34 ms
slot launch_slot_: id  0 | task -1 | sampler chain: logits -> ?penalties -> ?dry -> ?top-n-sigma -> top-k -> ?typical -> ?top-p -> min-p -> ?xtc -> temp-ext -> dist 
slot launch_slot_: id  0 | task 2896 | processing task, is_child = 0
slot update_slots: id  0 | task 2896 | new prompt, n_ctx_slot = 2048, n_keep = 0, task.n_tokens = 312
slot update_slots: id  0 | task 2896 | n_past = 312, slot.prompt.tokens.size() = 439, seq_id = 0, pos_min = 0, n_swa = 512
slot update_slots: id  0 | task 2896 | Checking checkpoint with [0, 307] against 0...
slot update_slots: id  0 | task 2896 | forcing full prompt re-processing due to lack of cache data (likely due to SWA or hybrid/recurrent memory, see https://github.com/ggml-org/llama.cpp/pull/13194#issuecomment-2868343055)
slot update_slots: id  0 | task 2896 | erased invalidated context checkpoint (pos_min = 0, pos_max = 307, n_tokens = 308, n_swa = 512, pos_next = 0, size = 3.200 MiB)
slot update_slots: id  0 | task 2896 | n_tokens = 0, memory_seq_rm [0, end)
slot update_slots: id  0 | task 2896 | prompt processing progress, n_tokens = 308, batch.n_tokens = 308, progress = 0.987179
slot update_slots: id  0 | task 2896 | n_tokens = 308, memory_seq_rm [308, end)
slot init_sampler: id  0 | task 2896 | init sampler, took 0.04 ms, tokens: text = 312, total = 312
slot update_slots: id  0 | task 2896 | prompt processing done, n_tokens = 312, batch.n_tokens = 4
slot update_slots: id  0 | task 2896 | created context checkpoint 1 of 32 (pos_min = 0, pos_max = 307, n_tokens = 308, size = 3.200 MiB)
srv  log_server_r: done request: POST /v1/chat/completions 127.0.0.1 200
reasoning-budget: activated, budget=2147483647 tokens
slot print_timing: id  0 | task 2896 | 
prompt eval time =    2390.16 ms /   312 tokens (    7.66 ms per token,   130.54 tokens per second)
       eval time =   17250.58 ms /   128 tokens (  134.77 ms per token,     7.42 tokens per second)
      total time =   19640.73 ms /   440 tokens
slot      release: id  0 | task 2896 | stop processing: n_tokens = 439, truncated = 0
srv  update_slots: all slots are idle
srv  params_from_: Chat format: peg-gemma4
slot get_availabl: id  0 | task -1 | selected slot by LRU, t_last = 244844412587
srv  get_availabl: updating prompt cache
srv   prompt_save:  - saving prompt with length 439, total state size = 6.388 MiB
srv          load:  - looking for better prompt, base f_keep = 0.025, sim = 0.043
srv          load:  - found better prompt with f_keep = 0.667, sim = 1.000
srv        update:  - cache state: 8 prompts, 31.230 MiB (limits: 8192.000 MiB, 2048 tokens, 443827 est)
srv        update:    - prompt 0x22ae140:     174 tokens, checkpoints:  0,     2.532 MiB
srv        update:    - prompt 0x22e44f0:     165 tokens, checkpoints:  0,     2.401 MiB
srv        update:    - prompt 0x7fbe7c003ac0:     161 tokens, checkpoints:  0,     2.343 MiB
srv        update:    - prompt 0x7fbe60003ac0:      32 tokens, checkpoints:  0,     0.466 MiB
srv        update:    - prompt 0x22da460:     221 tokens, checkpoints:  1,     4.151 MiB
srv        update:    - prompt 0x22e5320:     214 tokens, checkpoints:  1,     3.977 MiB
srv        update:    - prompt 0x22d0050:     286 tokens, checkpoints:  1,     5.772 MiB
srv        update:    - prompt 0x22171e0:     439 tokens, checkpoints:  1,     9.588 MiB
srv  get_availabl: prompt cache update took 2.94 ms
slot launch_slot_: id  0 | task -1 | sampler chain: logits -> ?penalties -> ?dry -> ?top-n-sigma -> top-k -> ?typical -> ?top-p -> min-p -> ?xtc -> temp-ext -> dist 
slot launch_slot_: id  0 | task 3026 | processing task, is_child = 0
slot update_slots: id  0 | task 3026 | new prompt, n_ctx_slot = 2048, n_keep = 0, task.n_tokens = 254
slot update_slots: id  0 | task 3026 | n_past = 254, slot.prompt.tokens.size() = 381, seq_id = 0, pos_min = 0, n_swa = 512
slot update_slots: id  0 | task 3026 | Checking checkpoint with [0, 249] against 0...
slot update_slots: id  0 | task 3026 | forcing full prompt re-processing due to lack of cache data (likely due to SWA or hybrid/recurrent memory, see https://github.com/ggml-org/llama.cpp/pull/13194#issuecomment-2868343055)
slot update_slots: id  0 | task 3026 | erased invalidated context checkpoint (pos_min = 0, pos_max = 249, n_tokens = 250, n_swa = 512, pos_next = 0, size = 2.597 MiB)
slot update_slots: id  0 | task 3026 | n_tokens = 0, memory_seq_rm [0, end)
slot update_slots: id  0 | task 3026 | prompt processing progress, n_tokens = 250, batch.n_tokens = 250, progress = 0.984252
slot update_slots: id  0 | task 3026 | n_tokens = 250, memory_seq_rm [250, end)
slot init_sampler: id  0 | task 3026 | init sampler, took 0.04 ms, tokens: text = 254, total = 254
slot update_slots: id  0 | task 3026 | prompt processing done, n_tokens = 254, batch.n_tokens = 4
slot update_slots: id  0 | task 3026 | created context checkpoint 1 of 32 (pos_min = 0, pos_max = 249, n_tokens = 250, size = 2.597 MiB)
srv  log_server_r: done request: POST /v1/chat/completions 127.0.0.1 200
reasoning-budget: activated, budget=2147483647 tokens
slot print_timing: id  0 | task 3026 | 
prompt eval time =    1922.25 ms /   254 tokens (    7.57 ms per token,   132.14 tokens per second)
       eval time =   17034.67 ms /   128 tokens (  133.08 ms per token,     7.51 tokens per second)
      total time =   18956.92 ms /   382 tokens
slot      release: id  0 | task 3026 | stop processing: n_tokens = 381, truncated = 0
srv  update_slots: all slots are idle
srv  params_from_: Chat format: peg-gemma4
slot get_availabl: id  0 | task -1 | selected slot by LCP similarity, sim_best = 0.478 (> 0.100 thold), f_keep = 0.029
srv  get_availabl: updating prompt cache
srv   prompt_save:  - saving prompt with length 381, total state size = 5.544 MiB
srv          load:  - looking for better prompt, base f_keep = 0.029, sim = 0.478
srv          load:  - found better prompt with f_keep = 0.719, sim = 1.000
srv        update:  - cache state: 8 prompts, 38.905 MiB (limits: 8192.000 MiB, 2048 tokens, 429758 est)
srv        update:    - prompt 0x22ae140:     174 tokens, checkpoints:  0,     2.532 MiB
srv        update:    - prompt 0x22e44f0:     165 tokens, checkpoints:  0,     2.401 MiB
srv        update:    - prompt 0x7fbe7c003ac0:     161 tokens, checkpoints:  0,     2.343 MiB
srv        update:    - prompt 0x22da460:     221 tokens, checkpoints:  1,     4.151 MiB
srv        update:    - prompt 0x22e5320:     214 tokens, checkpoints:  1,     3.977 MiB
srv        update:    - prompt 0x22d0050:     286 tokens, checkpoints:  1,     5.772 MiB
srv        update:    - prompt 0x22171e0:     439 tokens, checkpoints:  1,     9.588 MiB
srv        update:    - prompt 0x22d0150:     381 tokens, checkpoints:  1,     8.141 MiB
srv  get_availabl: prompt cache update took 1.90 ms
slot launch_slot_: id  0 | task -1 | sampler chain: logits -> ?penalties -> ?dry -> ?top-n-sigma -> top-k -> ?typical -> ?top-p -> min-p -> ?xtc -> temp-ext -> dist 
slot launch_slot_: id  0 | task 3156 | processing task, is_child = 0
slot update_slots: id  0 | task 3156 | new prompt, n_ctx_slot = 2048, n_keep = 0, task.n_tokens = 23
slot update_slots: id  0 | task 3156 | n_past = 23, slot.prompt.tokens.size() = 32, seq_id = 0, pos_min = 0, n_swa = 512
slot update_slots: id  0 | task 3156 | forcing full prompt re-processing due to lack of cache data (likely due to SWA or hybrid/recurrent memory, see https://github.com/ggml-org/llama.cpp/pull/13194#issuecomment-2868343055)
slot update_slots: id  0 | task 3156 | n_tokens = 0, memory_seq_rm [0, end)
slot update_slots: id  0 | task 3156 | prompt processing progress, n_tokens = 19, batch.n_tokens = 19, progress = 0.826087
slot update_slots: id  0 | task 3156 | n_tokens = 19, memory_seq_rm [19, end)
slot init_sampler: id  0 | task 3156 | init sampler, took 0.01 ms, tokens: text = 23, total = 23
slot update_slots: id  0 | task 3156 | prompt processing done, n_tokens = 23, batch.n_tokens = 4
srv  log_server_r: done request: POST /v1/chat/completions 127.0.0.1 200
slot print_timing: id  0 | task 3156 | 
prompt eval time =     329.54 ms /    23 tokens (   14.33 ms per token,    69.79 tokens per second)
       eval time =    1072.52 ms /    10 tokens (  107.25 ms per token,     9.32 tokens per second)
      total time =    1402.06 ms /    33 tokens
slot      release: id  0 | task 3156 | stop processing: n_tokens = 32, truncated = 0
srv  update_slots: all slots are idle
srv  params_from_: Chat format: peg-gemma4
slot get_availabl: id  0 | task -1 | selected slot by LCP similarity, sim_best = 0.234 (> 0.100 thold), f_keep = 0.344
srv  get_availabl: updating prompt cache
srv   prompt_save:  - saving prompt with length 32, total state size = 0.466 MiB
srv          load:  - looking for better prompt, base f_keep = 0.344, sim = 0.234
srv        update:  - cache state: 9 prompts, 39.371 MiB (limits: 8192.000 MiB, 2048 tokens, 431328 est)
srv        update:    - prompt 0x22ae140:     174 tokens, checkpoints:  0,     2.532 MiB
srv        update:    - prompt 0x22e44f0:     165 tokens, checkpoints:  0,     2.401 MiB
srv        update:    - prompt 0x7fbe7c003ac0:     161 tokens, checkpoints:  0,     2.343 MiB
srv        update:    - prompt 0x22da460:     221 tokens, checkpoints:  1,     4.151 MiB
srv        update:    - prompt 0x22e5320:     214 tokens, checkpoints:  1,     3.977 MiB
srv        update:    - prompt 0x22d0050:     286 tokens, checkpoints:  1,     5.772 MiB
srv        update:    - prompt 0x22171e0:     439 tokens, checkpoints:  1,     9.588 MiB
srv        update:    - prompt 0x22d0150:     381 tokens, checkpoints:  1,     8.141 MiB
srv        update:    - prompt 0x7fbe34003ac0:      32 tokens, checkpoints:  0,     0.466 MiB
srv  get_availabl: prompt cache update took 0.17 ms
slot launch_slot_: id  0 | task -1 | sampler chain: logits -> ?penalties -> ?dry -> ?top-n-sigma -> top-k -> ?typical -> ?top-p -> min-p -> ?xtc -> temp-ext -> dist 
slot launch_slot_: id  0 | task 3168 | processing task, is_child = 0
slot update_slots: id  0 | task 3168 | new prompt, n_ctx_slot = 2048, n_keep = 0, task.n_tokens = 47
slot update_slots: id  0 | task 3168 | n_past = 11, slot.prompt.tokens.size() = 32, seq_id = 0, pos_min = 0, n_swa = 512
slot update_slots: id  0 | task 3168 | forcing full prompt re-processing due to lack of cache data (likely due to SWA or hybrid/recurrent memory, see https://github.com/ggml-org/llama.cpp/pull/13194#issuecomment-2868343055)
slot update_slots: id  0 | task 3168 | n_tokens = 0, memory_seq_rm [0, end)
slot update_slots: id  0 | task 3168 | prompt processing progress, n_tokens = 43, batch.n_tokens = 43, progress = 0.914894
slot update_slots: id  0 | task 3168 | n_tokens = 43, memory_seq_rm [43, end)
slot init_sampler: id  0 | task 3168 | init sampler, took 0.01 ms, tokens: text = 47, total = 47
slot update_slots: id  0 | task 3168 | prompt processing done, n_tokens = 47, batch.n_tokens = 4
srv  log_server_r: done request: POST /v1/chat/completions 127.0.0.1 200
reasoning-budget: activated, budget=2147483647 tokens
slot print_timing: id  0 | task 3168 | 
prompt eval time =     492.51 ms /    47 tokens (   10.48 ms per token,    95.43 tokens per second)
       eval time =   15503.86 ms /   128 tokens (  121.12 ms per token,     8.26 tokens per second)
      total time =   15996.38 ms /   175 tokens
slot      release: id  0 | task 3168 | stop processing: n_tokens = 174, truncated = 0
srv  update_slots: all slots are idle
srv  params_from_: Chat format: peg-gemma4
slot get_availabl: id  0 | task -1 | selected slot by LCP similarity, sim_best = 0.289 (> 0.100 thold), f_keep = 0.063
srv  get_availabl: updating prompt cache
srv   prompt_save:  - saving prompt with length 174, total state size = 2.532 MiB
srv         alloc:  - prompt is already in the cache, skipping
srv          load:  - looking for better prompt, base f_keep = 0.063, sim = 0.289
srv        update:  - cache state: 9 prompts, 39.371 MiB (limits: 8192.000 MiB, 2048 tokens, 431328 est)
srv        update:    - prompt 0x22ae140:     174 tokens, checkpoints:  0,     2.532 MiB
srv        update:    - prompt 0x22e44f0:     165 tokens, checkpoints:  0,     2.401 MiB
srv        update:    - prompt 0x7fbe7c003ac0:     161 tokens, checkpoints:  0,     2.343 MiB
srv        update:    - prompt 0x22da460:     221 tokens, checkpoints:  1,     4.151 MiB
srv        update:    - prompt 0x22e5320:     214 tokens, checkpoints:  1,     3.977 MiB
srv        update:    - prompt 0x22d0050:     286 tokens, checkpoints:  1,     5.772 MiB
srv        update:    - prompt 0x22171e0:     439 tokens, checkpoints:  1,     9.588 MiB
srv        update:    - prompt 0x22d0150:     381 tokens, checkpoints:  1,     8.141 MiB
srv        update:    - prompt 0x7fbe34003ac0:      32 tokens, checkpoints:  0,     0.466 MiB
srv  get_availabl: prompt cache update took 0.12 ms
slot launch_slot_: id  0 | task -1 | sampler chain: logits -> ?penalties -> ?dry -> ?top-n-sigma -> top-k -> ?typical -> ?top-p -> min-p -> ?xtc -> temp-ext -> dist 
slot launch_slot_: id  0 | task 3298 | processing task, is_child = 0
slot update_slots: id  0 | task 3298 | new prompt, n_ctx_slot = 2048, n_keep = 0, task.n_tokens = 38
slot update_slots: id  0 | task 3298 | n_past = 11, slot.prompt.tokens.size() = 174, seq_id = 0, pos_min = 0, n_swa = 512
slot update_slots: id  0 | task 3298 | forcing full prompt re-processing due to lack of cache data (likely due to SWA or hybrid/recurrent memory, see https://github.com/ggml-org/llama.cpp/pull/13194#issuecomment-2868343055)
slot update_slots: id  0 | task 3298 | n_tokens = 0, memory_seq_rm [0, end)
slot update_slots: id  0 | task 3298 | prompt processing progress, n_tokens = 34, batch.n_tokens = 34, progress = 0.894737
slot update_slots: id  0 | task 3298 | n_tokens = 34, memory_seq_rm [34, end)
slot init_sampler: id  0 | task 3298 | init sampler, took 0.01 ms, tokens: text = 38, total = 38
slot update_slots: id  0 | task 3298 | prompt processing done, n_tokens = 38, batch.n_tokens = 4
srv  log_server_r: done request: POST /v1/chat/completions 127.0.0.1 200
slot print_timing: id  0 | task 3298 | 
prompt eval time =     427.32 ms /    38 tokens (   11.25 ms per token,    88.93 tokens per second)
       eval time =   15482.62 ms /   128 tokens (  120.96 ms per token,     8.27 tokens per second)
      total time =   15909.94 ms /   166 tokens
slot      release: id  0 | task 3298 | stop processing: n_tokens = 165, truncated = 0
srv  update_slots: all slots are idle
srv  params_from_: Chat format: peg-gemma4
slot get_availabl: id  0 | task -1 | selected slot by LCP similarity, sim_best = 0.324 (> 0.100 thold), f_keep = 0.067
srv  get_availabl: updating prompt cache
srv   prompt_save:  - saving prompt with length 165, total state size = 2.401 MiB
srv         alloc:  - prompt is already in the cache, skipping
srv          load:  - looking for better prompt, base f_keep = 0.067, sim = 0.324
srv        update:  - cache state: 9 prompts, 39.371 MiB (limits: 8192.000 MiB, 2048 tokens, 431328 est)
srv        update:    - prompt 0x22ae140:     174 tokens, checkpoints:  0,     2.532 MiB
srv        update:    - prompt 0x22e44f0:     165 tokens, checkpoints:  0,     2.401 MiB
srv        update:    - prompt 0x7fbe7c003ac0:     161 tokens, checkpoints:  0,     2.343 MiB
srv        update:    - prompt 0x22da460:     221 tokens, checkpoints:  1,     4.151 MiB
srv        update:    - prompt 0x22e5320:     214 tokens, checkpoints:  1,     3.977 MiB
srv        update:    - prompt 0x22d0050:     286 tokens, checkpoints:  1,     5.772 MiB
srv        update:    - prompt 0x22171e0:     439 tokens, checkpoints:  1,     9.588 MiB
srv        update:    - prompt 0x22d0150:     381 tokens, checkpoints:  1,     8.141 MiB
srv        update:    - prompt 0x7fbe34003ac0:      32 tokens, checkpoints:  0,     0.466 MiB
srv  get_availabl: prompt cache update took 0.07 ms
slot launch_slot_: id  0 | task -1 | sampler chain: logits -> ?penalties -> ?dry -> ?top-n-sigma -> top-k -> ?typical -> ?top-p -> min-p -> ?xtc -> temp-ext -> dist 
slot launch_slot_: id  0 | task 3428 | processing task, is_child = 0
slot update_slots: id  0 | task 3428 | new prompt, n_ctx_slot = 2048, n_keep = 0, task.n_tokens = 34
slot update_slots: id  0 | task 3428 | n_past = 11, slot.prompt.tokens.size() = 165, seq_id = 0, pos_min = 0, n_swa = 512
slot update_slots: id  0 | task 3428 | forcing full prompt re-processing due to lack of cache data (likely due to SWA or hybrid/recurrent memory, see https://github.com/ggml-org/llama.cpp/pull/13194#issuecomment-2868343055)
slot update_slots: id  0 | task 3428 | n_tokens = 0, memory_seq_rm [0, end)
slot update_slots: id  0 | task 3428 | prompt processing progress, n_tokens = 30, batch.n_tokens = 30, progress = 0.882353
slot update_slots: id  0 | task 3428 | n_tokens = 30, memory_seq_rm [30, end)
slot init_sampler: id  0 | task 3428 | init sampler, took 0.01 ms, tokens: text = 34, total = 34
slot update_slots: id  0 | task 3428 | prompt processing done, n_tokens = 34, batch.n_tokens = 4
srv  log_server_r: done request: POST /v1/chat/completions 127.0.0.1 200
reasoning-budget: activated, budget=2147483647 tokens
slot print_timing: id  0 | task 3428 | 
prompt eval time =     400.17 ms /    34 tokens (   11.77 ms per token,    84.96 tokens per second)
       eval time =   15334.86 ms /   128 tokens (  119.80 ms per token,     8.35 tokens per second)
      total time =   15735.03 ms /   162 tokens
slot      release: id  0 | task 3428 | stop processing: n_tokens = 161, truncated = 0
srv  update_slots: all slots are idle
srv  params_from_: Chat format: peg-gemma4
slot get_availabl: id  0 | task -1 | selected slot by LCP similarity, sim_best = 0.117 (> 0.100 thold), f_keep = 0.068
srv  get_availabl: updating prompt cache
srv   prompt_save:  - saving prompt with length 161, total state size = 2.343 MiB
srv         alloc:  - prompt is already in the cache, skipping
srv          load:  - looking for better prompt, base f_keep = 0.068, sim = 0.117
srv          load:  - found better prompt with f_keep = 0.425, sim = 1.000
srv        update:  - cache state: 8 prompts, 35.220 MiB (limits: 8192.000 MiB, 2048 tokens, 430764 est)
srv        update:    - prompt 0x22ae140:     174 tokens, checkpoints:  0,     2.532 MiB
srv        update:    - prompt 0x22e44f0:     165 tokens, checkpoints:  0,     2.401 MiB
srv        update:    - prompt 0x7fbe7c003ac0:     161 tokens, checkpoints:  0,     2.343 MiB
srv        update:    - prompt 0x22e5320:     214 tokens, checkpoints:  1,     3.977 MiB
srv        update:    - prompt 0x22d0050:     286 tokens, checkpoints:  1,     5.772 MiB
srv        update:    - prompt 0x22171e0:     439 tokens, checkpoints:  1,     9.588 MiB
srv        update:    - prompt 0x22d0150:     381 tokens, checkpoints:  1,     8.141 MiB
srv        update:    - prompt 0x7fbe34003ac0:      32 tokens, checkpoints:  0,     0.466 MiB
srv  get_availabl: prompt cache update took 0.98 ms
slot launch_slot_: id  0 | task -1 | sampler chain: logits -> ?penalties -> ?dry -> ?top-n-sigma -> top-k -> ?typical -> ?top-p -> min-p -> ?xtc -> temp-ext -> dist 
slot launch_slot_: id  0 | task 3558 | processing task, is_child = 0
slot update_slots: id  0 | task 3558 | new prompt, n_ctx_slot = 2048, n_keep = 0, task.n_tokens = 94
slot update_slots: id  0 | task 3558 | n_past = 94, slot.prompt.tokens.size() = 221, seq_id = 0, pos_min = 0, n_swa = 512
slot update_slots: id  0 | task 3558 | Checking checkpoint with [0, 89] against 0...
slot update_slots: id  0 | task 3558 | forcing full prompt re-processing due to lack of cache data (likely due to SWA or hybrid/recurrent memory, see https://github.com/ggml-org/llama.cpp/pull/13194#issuecomment-2868343055)
slot update_slots: id  0 | task 3558 | erased invalidated context checkpoint (pos_min = 0, pos_max = 89, n_tokens = 90, n_swa = 512, pos_next = 0, size = 0.935 MiB)
slot update_slots: id  0 | task 3558 | n_tokens = 0, memory_seq_rm [0, end)
slot update_slots: id  0 | task 3558 | prompt processing progress, n_tokens = 90, batch.n_tokens = 90, progress = 0.957447
slot update_slots: id  0 | task 3558 | n_tokens = 90, memory_seq_rm [90, end)
slot init_sampler: id  0 | task 3558 | init sampler, took 0.02 ms, tokens: text = 94, total = 94
slot update_slots: id  0 | task 3558 | prompt processing done, n_tokens = 94, batch.n_tokens = 4
slot update_slots: id  0 | task 3558 | created context checkpoint 1 of 32 (pos_min = 0, pos_max = 89, n_tokens = 90, size = 0.935 MiB)
srv  log_server_r: done request: POST /v1/chat/completions 127.0.0.1 200
reasoning-budget: activated, budget=2147483647 tokens
reasoning-budget: deactivated (natural end)
slot print_timing: id  0 | task 3558 | 
prompt eval time =     740.61 ms /    94 tokens (    7.88 ms per token,   126.92 tokens per second)
       eval time =   15604.48 ms /   128 tokens (  121.91 ms per token,     8.20 tokens per second)
      total time =   16345.09 ms /   222 tokens
slot      release: id  0 | task 3558 | stop processing: n_tokens = 221, truncated = 0
srv  update_slots: all slots are idle
srv  params_from_: Chat format: peg-gemma4
slot get_availabl: id  0 | task -1 | selected slot by LCP similarity, sim_best = 0.138 (> 0.100 thold), f_keep = 0.054
srv  get_availabl: updating prompt cache
srv   prompt_save:  - saving prompt with length 221, total state size = 3.216 MiB
srv          load:  - looking for better prompt, base f_keep = 0.054, sim = 0.138
srv          load:  - found better prompt with f_keep = 0.407, sim = 1.000
srv        update:  - cache state: 8 prompts, 35.395 MiB (limits: 8192.000 MiB, 2048 tokens, 430260 est)
srv        update:    - prompt 0x22ae140:     174 tokens, checkpoints:  0,     2.532 MiB
srv        update:    - prompt 0x22e44f0:     165 tokens, checkpoints:  0,     2.401 MiB
srv        update:    - prompt 0x7fbe7c003ac0:     161 tokens, checkpoints:  0,     2.343 MiB
srv        update:    - prompt 0x22d0050:     286 tokens, checkpoints:  1,     5.772 MiB
srv        update:    - prompt 0x22171e0:     439 tokens, checkpoints:  1,     9.588 MiB
srv        update:    - prompt 0x22d0150:     381 tokens, checkpoints:  1,     8.141 MiB
srv        update:    - prompt 0x7fbe34003ac0:      32 tokens, checkpoints:  0,     0.466 MiB
srv        update:    - prompt 0x22da460:     221 tokens, checkpoints:  1,     4.151 MiB
srv  get_availabl: prompt cache update took 1.40 ms
slot launch_slot_: id  0 | task -1 | sampler chain: logits -> ?penalties -> ?dry -> ?top-n-sigma -> top-k -> ?typical -> ?top-p -> min-p -> ?xtc -> temp-ext -> dist 
slot launch_slot_: id  0 | task 3688 | processing task, is_child = 0
slot update_slots: id  0 | task 3688 | new prompt, n_ctx_slot = 2048, n_keep = 0, task.n_tokens = 87
slot update_slots: id  0 | task 3688 | n_past = 87, slot.prompt.tokens.size() = 214, seq_id = 0, pos_min = 0, n_swa = 512
slot update_slots: id  0 | task 3688 | Checking checkpoint with [0, 82] against 0...
slot update_slots: id  0 | task 3688 | forcing full prompt re-processing due to lack of cache data (likely due to SWA or hybrid/recurrent memory, see https://github.com/ggml-org/llama.cpp/pull/13194#issuecomment-2868343055)
slot update_slots: id  0 | task 3688 | erased invalidated context checkpoint (pos_min = 0, pos_max = 82, n_tokens = 83, n_swa = 512, pos_next = 0, size = 0.863 MiB)
slot update_slots: id  0 | task 3688 | n_tokens = 0, memory_seq_rm [0, end)
slot update_slots: id  0 | task 3688 | prompt processing progress, n_tokens = 83, batch.n_tokens = 83, progress = 0.954023
slot update_slots: id  0 | task 3688 | n_tokens = 83, memory_seq_rm [83, end)
slot init_sampler: id  0 | task 3688 | init sampler, took 0.01 ms, tokens: text = 87, total = 87
slot update_slots: id  0 | task 3688 | prompt processing done, n_tokens = 87, batch.n_tokens = 4
slot update_slots: id  0 | task 3688 | created context checkpoint 1 of 32 (pos_min = 0, pos_max = 82, n_tokens = 83, size = 0.863 MiB)
srv  log_server_r: done request: POST /v1/chat/completions 127.0.0.1 200
reasoning-budget: activated, budget=2147483647 tokens
slot print_timing: id  0 | task 3688 | 
prompt eval time =     689.39 ms /    87 tokens (    7.92 ms per token,   126.20 tokens per second)
       eval time =   15577.46 ms /   128 tokens (  121.70 ms per token,     8.22 tokens per second)
      total time =   16266.85 ms /   215 tokens
slot      release: id  0 | task 3688 | stop processing: n_tokens = 214, truncated = 0
srv  update_slots: all slots are idle
srv  params_from_: Chat format: peg-gemma4
slot get_availabl: id  0 | task -1 | selected slot by LRU, t_last = 244945281687
srv  get_availabl: updating prompt cache
srv   prompt_save:  - saving prompt with length 214, total state size = 3.114 MiB
srv          load:  - looking for better prompt, base f_keep = 0.051, sim = 0.069
srv          load:  - found better prompt with f_keep = 0.556, sim = 1.000
srv        update:  - cache state: 8 prompts, 33.599 MiB (limits: 8192.000 MiB, 2048 tokens, 435697 est)
srv        update:    - prompt 0x22ae140:     174 tokens, checkpoints:  0,     2.532 MiB
srv        update:    - prompt 0x22e44f0:     165 tokens, checkpoints:  0,     2.401 MiB
srv        update:    - prompt 0x7fbe7c003ac0:     161 tokens, checkpoints:  0,     2.343 MiB
srv        update:    - prompt 0x22171e0:     439 tokens, checkpoints:  1,     9.588 MiB
srv        update:    - prompt 0x22d0150:     381 tokens, checkpoints:  1,     8.141 MiB
srv        update:    - prompt 0x7fbe34003ac0:      32 tokens, checkpoints:  0,     0.466 MiB
srv        update:    - prompt 0x22da460:     221 tokens, checkpoints:  1,     4.151 MiB
srv        update:    - prompt 0x22e5320:     214 tokens, checkpoints:  1,     3.977 MiB
srv  get_availabl: prompt cache update took 1.66 ms
slot launch_slot_: id  0 | task -1 | sampler chain: logits -> ?penalties -> ?dry -> ?top-n-sigma -> top-k -> ?typical -> ?top-p -> min-p -> ?xtc -> temp-ext -> dist 
slot launch_slot_: id  0 | task 3818 | processing task, is_child = 0
slot update_slots: id  0 | task 3818 | new prompt, n_ctx_slot = 2048, n_keep = 0, task.n_tokens = 159
slot update_slots: id  0 | task 3818 | n_past = 159, slot.prompt.tokens.size() = 286, seq_id = 0, pos_min = 0, n_swa = 512
slot update_slots: id  0 | task 3818 | Checking checkpoint with [0, 154] against 0...
slot update_slots: id  0 | task 3818 | forcing full prompt re-processing due to lack of cache data (likely due to SWA or hybrid/recurrent memory, see https://github.com/ggml-org/llama.cpp/pull/13194#issuecomment-2868343055)
slot update_slots: id  0 | task 3818 | erased invalidated context checkpoint (pos_min = 0, pos_max = 154, n_tokens = 155, n_swa = 512, pos_next = 0, size = 1.611 MiB)
slot update_slots: id  0 | task 3818 | n_tokens = 0, memory_seq_rm [0, end)
slot update_slots: id  0 | task 3818 | prompt processing progress, n_tokens = 155, batch.n_tokens = 155, progress = 0.974843
slot update_slots: id  0 | task 3818 | n_tokens = 155, memory_seq_rm [155, end)
slot init_sampler: id  0 | task 3818 | init sampler, took 0.03 ms, tokens: text = 159, total = 159
slot update_slots: id  0 | task 3818 | prompt processing done, n_tokens = 159, batch.n_tokens = 4
slot update_slots: id  0 | task 3818 | created context checkpoint 1 of 32 (pos_min = 0, pos_max = 154, n_tokens = 155, size = 1.611 MiB)
srv  log_server_r: done request: POST /v1/chat/completions 127.0.0.1 200
reasoning-budget: activated, budget=2147483647 tokens
slot print_timing: id  0 | task 3818 | 
prompt eval time =    1158.98 ms /   159 tokens (    7.29 ms per token,   137.19 tokens per second)
       eval time =   16416.41 ms /   128 tokens (  128.25 ms per token,     7.80 tokens per second)
      total time =   17575.39 ms /   287 tokens
slot      release: id  0 | task 3818 | stop processing: n_tokens = 286, truncated = 0
srv  update_slots: all slots are idle
srv  params_from_: Chat format: peg-gemma4
slot get_availabl: id  0 | task -1 | selected slot by LRU, t_last = 244962894561
srv  get_availabl: updating prompt cache
srv   prompt_save:  - saving prompt with length 286, total state size = 4.162 MiB
srv          load:  - looking for better prompt, base f_keep = 0.038, sim = 0.035
srv          load:  - found better prompt with f_keep = 0.711, sim = 1.000
srv        update:  - cache state: 8 prompts, 29.784 MiB (limits: 8192.000 MiB, 2048 tokens, 449427 est)
srv        update:    - prompt 0x22ae140:     174 tokens, checkpoints:  0,     2.532 MiB
srv        update:    - prompt 0x22e44f0:     165 tokens, checkpoints:  0,     2.401 MiB
srv        update:    - prompt 0x7fbe7c003ac0:     161 tokens, checkpoints:  0,     2.343 MiB
srv        update:    - prompt 0x22d0150:     381 tokens, checkpoints:  1,     8.141 MiB
srv        update:    - prompt 0x7fbe34003ac0:      32 tokens, checkpoints:  0,     0.466 MiB
srv        update:    - prompt 0x22da460:     221 tokens, checkpoints:  1,     4.151 MiB
srv        update:    - prompt 0x22e5320:     214 tokens, checkpoints:  1,     3.977 MiB
srv        update:    - prompt 0x22d0050:     286 tokens, checkpoints:  1,     5.772 MiB
srv  get_availabl: prompt cache update took 2.25 ms
slot launch_slot_: id  0 | task -1 | sampler chain: logits -> ?penalties -> ?dry -> ?top-n-sigma -> top-k -> ?typical -> ?top-p -> min-p -> ?xtc -> temp-ext -> dist 
slot launch_slot_: id  0 | task 3948 | processing task, is_child = 0
slot update_slots: id  0 | task 3948 | new prompt, n_ctx_slot = 2048, n_keep = 0, task.n_tokens = 312
slot update_slots: id  0 | task 3948 | n_past = 312, slot.prompt.tokens.size() = 439, seq_id = 0, pos_min = 0, n_swa = 512
slot update_slots: id  0 | task 3948 | Checking checkpoint with [0, 307] against 0...
slot update_slots: id  0 | task 3948 | forcing full prompt re-processing due to lack of cache data (likely due to SWA or hybrid/recurrent memory, see https://github.com/ggml-org/llama.cpp/pull/13194#issuecomment-2868343055)
slot update_slots: id  0 | task 3948 | erased invalidated context checkpoint (pos_min = 0, pos_max = 307, n_tokens = 308, n_swa = 512, pos_next = 0, size = 3.200 MiB)
slot update_slots: id  0 | task 3948 | n_tokens = 0, memory_seq_rm [0, end)
slot update_slots: id  0 | task 3948 | prompt processing progress, n_tokens = 308, batch.n_tokens = 308, progress = 0.987179
slot update_slots: id  0 | task 3948 | n_tokens = 308, memory_seq_rm [308, end)
slot init_sampler: id  0 | task 3948 | init sampler, took 0.05 ms, tokens: text = 312, total = 312
slot update_slots: id  0 | task 3948 | prompt processing done, n_tokens = 312, batch.n_tokens = 4
slot update_slots: id  0 | task 3948 | created context checkpoint 1 of 32 (pos_min = 0, pos_max = 307, n_tokens = 308, size = 3.200 MiB)
srv  log_server_r: done request: POST /v1/chat/completions 127.0.0.1 200
reasoning-budget: activated, budget=2147483647 tokens
slot print_timing: id  0 | task 3948 | 
prompt eval time =    2386.21 ms /   312 tokens (    7.65 ms per token,   130.75 tokens per second)
       eval time =   17362.05 ms /   128 tokens (  135.64 ms per token,     7.37 tokens per second)
      total time =   19748.27 ms /   440 tokens
slot      release: id  0 | task 3948 | stop processing: n_tokens = 439, truncated = 0
srv  update_slots: all slots are idle
srv  params_from_: Chat format: peg-gemma4
slot get_availabl: id  0 | task -1 | selected slot by LRU, t_last = 244982682140
srv  get_availabl: updating prompt cache
srv   prompt_save:  - saving prompt with length 439, total state size = 6.388 MiB
srv          load:  - looking for better prompt, base f_keep = 0.025, sim = 0.043
srv          load:  - found better prompt with f_keep = 0.667, sim = 1.000
srv        update:  - cache state: 8 prompts, 31.230 MiB (limits: 8192.000 MiB, 2048 tokens, 443827 est)
srv        update:    - prompt 0x22ae140:     174 tokens, checkpoints:  0,     2.532 MiB
srv        update:    - prompt 0x22e44f0:     165 tokens, checkpoints:  0,     2.401 MiB
srv        update:    - prompt 0x7fbe7c003ac0:     161 tokens, checkpoints:  0,     2.343 MiB
srv        update:    - prompt 0x7fbe34003ac0:      32 tokens, checkpoints:  0,     0.466 MiB
srv        update:    - prompt 0x22da460:     221 tokens, checkpoints:  1,     4.151 MiB
srv        update:    - prompt 0x22e5320:     214 tokens, checkpoints:  1,     3.977 MiB
srv        update:    - prompt 0x22d0050:     286 tokens, checkpoints:  1,     5.772 MiB
srv        update:    - prompt 0x22171e0:     439 tokens, checkpoints:  1,     9.588 MiB
srv  get_availabl: prompt cache update took 3.09 ms
slot launch_slot_: id  0 | task -1 | sampler chain: logits -> ?penalties -> ?dry -> ?top-n-sigma -> top-k -> ?typical -> ?top-p -> min-p -> ?xtc -> temp-ext -> dist 
slot launch_slot_: id  0 | task 4078 | processing task, is_child = 0
slot update_slots: id  0 | task 4078 | new prompt, n_ctx_slot = 2048, n_keep = 0, task.n_tokens = 254
slot update_slots: id  0 | task 4078 | n_past = 254, slot.prompt.tokens.size() = 381, seq_id = 0, pos_min = 0, n_swa = 512
slot update_slots: id  0 | task 4078 | Checking checkpoint with [0, 249] against 0...
slot update_slots: id  0 | task 4078 | forcing full prompt re-processing due to lack of cache data (likely due to SWA or hybrid/recurrent memory, see https://github.com/ggml-org/llama.cpp/pull/13194#issuecomment-2868343055)
slot update_slots: id  0 | task 4078 | erased invalidated context checkpoint (pos_min = 0, pos_max = 249, n_tokens = 250, n_swa = 512, pos_next = 0, size = 2.597 MiB)
slot update_slots: id  0 | task 4078 | n_tokens = 0, memory_seq_rm [0, end)
slot update_slots: id  0 | task 4078 | prompt processing progress, n_tokens = 250, batch.n_tokens = 250, progress = 0.984252
slot update_slots: id  0 | task 4078 | n_tokens = 250, memory_seq_rm [250, end)
slot init_sampler: id  0 | task 4078 | init sampler, took 0.04 ms, tokens: text = 254, total = 254
slot update_slots: id  0 | task 4078 | prompt processing done, n_tokens = 254, batch.n_tokens = 4
slot update_slots: id  0 | task 4078 | created context checkpoint 1 of 32 (pos_min = 0, pos_max = 249, n_tokens = 250, size = 2.597 MiB)
srv  log_server_r: done request: POST /v1/chat/completions 127.0.0.1 200
reasoning-budget: activated, budget=2147483647 tokens
slot print_timing: id  0 | task 4078 | 
prompt eval time =    1917.24 ms /   254 tokens (    7.55 ms per token,   132.48 tokens per second)
       eval time =   17000.69 ms /   128 tokens (  132.82 ms per token,     7.53 tokens per second)
      total time =   18917.93 ms /   382 tokens
slot      release: id  0 | task 4078 | stop processing: n_tokens = 381, truncated = 0
srv  update_slots: all slots are idle
srv    operator(): operator(): cleaning up before exit...
llama_memory_breakdown_print: | memory breakdown [MiB] | total   free    self   model   context   compute    unaccounted |
llama_memory_breakdown_print: |   - Host               |                 5661 =  5072 +      19 +     569                |
llama_memory_breakdown_print: |   - CPU_REPACK         |                 1835 =  1835 +       0 +       0                |
