timestamp,role,cpu_user_jiffies,cpu_nice_jiffies,cpu_system_jiffies,cpu_idle_jiffies,cpu_iowait_jiffies,cpu_irq_jiffies,cpu_softirq_jiffies,cpu_steal_jiffies,mem_total_kb,mem_available_kb,mem_used_kb,mem_free_kb,swap_total_kb,swap_free_kb
2026-05-14T11:29:18+01:00,rpc-worker,4899766,221,436194,1193330495,43920,0,76497,0,32911424,30308416,2603008,30193600,16252864,16252864
2026-05-14T11:29:19+01:00,rpc-worker,4899772,221,436218,1193335381,43921,0,76501,0,32911424,30302464,2608960,30176448,16252864,16252864
2026-05-14T11:29:20+01:00,rpc-worker,4899777,221,436228,1193340273,43921,0,76502,0,32911424,30300288,2611136,30171456,16252864,16252864
2026-05-14T11:29:21+01:00,rpc-worker,4899779,221,436238,1193345165,43921,0,76502,0,32911424,30299648,2611776,30170688,16252864,16252864
2026-05-14T11:29:22+01:00,rpc-worker,4899821,221,436257,1193350018,43921,0,76503,0,32911424,30289536,2621888,30160576,16252864,16252864
2026-05-14T11:29:23+01:00,rpc-worker,4899823,221,436267,1193354909,43921,0,76503,0,32911424,30274176,2637248,30145152,16252864,16252864
2026-05-14T11:29:24+01:00,rpc-worker,4899825,221,436278,1193359802,43921,0,76504,0,32911424,30273408,2638016,30144384,16252864,16252864
2026-05-14T11:29:25+01:00,rpc-worker,4899829,221,436288,1193364693,43921,0,76504,0,32911424,30272960,2638464,30143872,16252864,16252864
2026-05-14T11:29:26+01:00,rpc-worker,4899832,221,436296,1193369587,43921,0,76505,0,32911424,30271616,2639808,30142528,16252864,16252864
2026-05-14T11:29:28+01:00,rpc-worker,4899836,221,436305,1193374479,43921,0,76505,0,32911424,30271360,2640064,30142272,16252864,16252864
2026-05-14T11:29:29+01:00,rpc-worker,4899838,221,436314,1193379372,43921,0,76505,0,32911424,30269824,2641600,30140736,16252864,16252864
2026-05-14T11:29:30+01:00,rpc-worker,4899841,221,436327,1193384265,43921,0,76505,0,32911424,30266752,2644672,30137664,16252864,16252864
2026-05-14T11:29:31+01:00,rpc-worker,4899843,221,436338,1193389161,43921,0,76505,0,32911424,30268416,2643008,30139328,16252864,16252864
2026-05-14T11:29:32+01:00,rpc-worker,4899844,221,436340,1193394066,43921,0,76506,0,32911424,30269632,2641792,30140544,16252864,16252864
2026-05-14T11:29:33+01:00,rpc-worker,4899850,221,436346,1193398960,43921,0,76507,0,32911424,30270272,2641152,30141120,16252864,16252864
2026-05-14T11:29:34+01:00,rpc-worker,4899852,221,436358,1193403853,43921,0,76508,0,32911424,30268928,2642496,30139776,16252864,16252864
2026-05-14T11:29:35+01:00,rpc-worker,4899857,221,436373,1193408735,43921,0,76510,0,32911424,30270464,2640960,30141312,16252864,16252864
2026-05-14T11:29:36+01:00,rpc-worker,4899860,221,436383,1193413625,43921,0,76511,0,32911424,30270720,2640704,30141568,16252864,16252864
2026-05-14T11:29:37+01:00,rpc-worker,4899864,221,436394,1193418518,43921,0,76512,0,32911424,30270656,2640768,30141504,16252864,16252864
2026-05-14T11:29:38+01:00,rpc-worker,4899896,221,436411,1193423382,43921,0,76512,0,32911424,30258432,2652992,30129216,16252864,16252864
2026-05-14T11:29:39+01:00,rpc-worker,4899902,221,436421,1193428274,43921,0,76512,0,32911424,30257664,2653760,30128448,16252864,16252864
2026-05-14T11:29:40+01:00,rpc-worker,4899904,221,436433,1193433167,43921,0,76513,0,32911424,30258688,2652736,30129472,16252864,16252864
2026-05-14T11:29:41+01:00,rpc-worker,4899907,221,436445,1193438061,43921,0,76513,0,32911424,30258752,2652672,30129536,16252864,16252864
2026-05-14T11:29:42+01:00,rpc-worker,4899910,221,436458,1193442958,43921,0,76513,0,32911424,30257792,2653632,30128576,16252864,16252864
2026-05-14T11:29:43+01:00,rpc-worker,4899911,221,436470,1193447851,43921,0,76514,0,32911424,30259776,2651648,30130496,16252864,16252864
2026-05-14T11:29:44+01:00,rpc-worker,4899914,221,436481,1193452743,43921,0,76514,0,32911424,30258944,2652480,30129664,16252864,16252864
2026-05-14T11:29:45+01:00,rpc-worker,4899916,221,436485,1193457642,43921,0,76514,0,32911424,30257536,2653888,30128320,16252864,16252864
2026-05-14T11:29:46+01:00,rpc-worker,4899919,221,436493,1193462539,43921,0,76514,0,32911424,30259072,2652352,30129856,16252864,16252864
2026-05-14T11:29:47+01:00,rpc-worker,4899927,221,436496,1193467432,43921,0,76514,0,32911424,30258880,2652544,30129664,16252864,16252864
2026-05-14T11:29:48+01:00,rpc-worker,4899929,221,436510,1193472339,43921,0,76515,0,32911424,30259072,2652352,30129856,16252864,16252864
2026-05-14T11:29:49+01:00,rpc-worker,4899935,221,436517,1193477232,43921,0,76515,0,32911424,30259520,2651904,30130304,16252864,16252864
2026-05-14T11:29:50+01:00,rpc-worker,4899935,221,436531,1193482125,43921,0,76515,0,32911424,30257408,2654016,30128192,16252864,16252864
2026-05-14T11:29:51+01:00,rpc-worker,4899939,221,436540,1193487018,43921,0,76515,0,32911424,30259264,2652160,30129984,16252864,16252864
2026-05-14T11:29:52+01:00,rpc-worker,4899990,221,436561,1193491882,43921,0,76516,0,32911424,30256320,2655104,30127040,16252864,16252864
2026-05-14T11:29:53+01:00,rpc-worker,4899995,221,436569,1193496775,43921,0,76517,0,32911424,30254592,2656832,30125248,16252864,16252864
2026-05-14T11:29:54+01:00,rpc-worker,4900000,221,436575,1193501668,43921,0,76517,0,32911424,30250816,2660608,30121408,16252864,16252864
2026-05-14T11:29:55+01:00,rpc-worker,4900003,221,436586,1193506559,43921,0,76517,0,32911424,30252672,2658752,30123264,16252864,16252864
2026-05-14T11:29:56+01:00,rpc-worker,4900008,221,436591,1193511452,43921,0,76517,0,32911424,30250176,2661248,30120768,16252864,16252864
2026-05-14T11:29:57+01:00,rpc-worker,4900010,221,436602,1193516347,43921,0,76517,0,32911424,30251008,2660416,30121600,16252864,16252864
2026-05-14T11:29:58+01:00,rpc-worker,4900012,221,436608,1193521245,43921,0,76517,0,32911424,30249088,2662336,30119680,16252864,16252864
2026-05-14T11:29:59+01:00,rpc-worker,4900016,221,436612,1193526142,43921,0,76517,0,32911424,30252544,2658880,30123072,16252864,16252864
2026-05-14T11:30:00+01:00,rpc-worker,4900022,221,436620,1193531033,43921,0,76517,0,32911424,30251264,2660160,30121792,16252864,16252864
2026-05-14T11:30:01+01:00,rpc-worker,4900025,221,436630,1193535927,43921,0,76517,0,32911424,30249280,2662144,30119616,16252864,16252864
2026-05-14T11:30:02+01:00,rpc-worker,4900032,221,436642,1193540816,43922,0,76517,0,32911424,30245184,2666240,30111104,16252864,16252864
2026-05-14T11:30:03+01:00,rpc-worker,4900035,221,436650,1193545708,43922,0,76517,0,32911424,30244096,2667328,30109952,16252864,16252864
2026-05-14T11:30:04+01:00,rpc-worker,4900038,221,436661,1193550601,43922,0,76517,0,32911424,30246016,2665408,30111872,16252864,16252864
2026-05-14T11:30:05+01:00,rpc-worker,4900038,221,436675,1193555495,43922,0,76518,0,32911424,30244736,2666688,30110592,16252864,16252864
2026-05-14T11:30:06+01:00,rpc-worker,4900041,221,436685,1193560388,43922,0,76518,0,32911424,30245696,2665728,30111552,16252864,16252864
2026-05-14T11:30:07+01:00,rpc-worker,4900085,221,436698,1193565249,43922,0,76518,0,32911424,30243072,2668352,30108928,16252864,16252864
2026-05-14T11:30:08+01:00,rpc-worker,4900086,221,436709,1193570143,43922,0,76519,0,32911424,30238336,2673088,30104128,16252864,16252864
2026-05-14T11:30:09+01:00,rpc-worker,4900090,221,436719,1193575040,43922,0,76519,0,32911424,30238080,2673344,30103872,16252864,16252864
2026-05-14T11:30:10+01:00,rpc-worker,4900092,221,436731,1193579933,43922,0,76519,0,32911424,30234944,2676480,30100736,16252864,16252864
2026-05-14T11:30:11+01:00,rpc-worker,4900094,221,436738,1193584833,43922,0,76519,0,32911424,30239296,2672128,30105088,16252864,16252864
2026-05-14T11:30:12+01:00,rpc-worker,4900095,221,436744,1193589733,43922,0,76519,0,32911424,30237888,2673536,30103680,16252864,16252864
2026-05-14T11:30:14+01:00,rpc-worker,4900101,221,436749,1193594624,43922,0,76519,0,32911424,30237888,2673536,30103680,16252864,16252864
2026-05-14T11:30:15+01:00,rpc-worker,4900104,221,436760,1193599516,43922,0,76519,0,32911424,30237888,2673536,30103680,16252864,16252864
2026-05-14T11:30:16+01:00,rpc-worker,4900108,221,436767,1193604410,43922,0,76519,0,32911424,30237440,2673984,30103232,16252864,16252864
2026-05-14T11:30:17+01:00,rpc-worker,4900109,221,436779,1193609304,43922,0,76519,0,32911424,30237248,2674176,30103040,16252864,16252864
2026-05-14T11:30:18+01:00,rpc-worker,4900111,221,436790,1193614198,43922,0,76519,0,32911424,30234816,2676608,30100608,16252864,16252864
2026-05-14T11:30:19+01:00,rpc-worker,4900115,221,436797,1193619093,43922,0,76519,0,32911424,30235968,2675456,30101760,16252864,16252864
2026-05-14T11:30:20+01:00,rpc-worker,4900119,221,436806,1193623987,43922,0,76519,0,32911424,30235968,2675456,30101760,16252864,16252864
2026-05-14T11:30:21+01:00,rpc-worker,4900124,221,436814,1193628881,43922,0,76519,0,32911424,30235584,2675840,30101376,16252864,16252864
2026-05-14T11:30:22+01:00,rpc-worker,4900127,221,436824,1193633773,43922,0,76519,0,32911424,30235968,2675456,30101760,16252864,16252864
2026-05-14T11:30:23+01:00,rpc-worker,4900160,221,436837,1193638635,43922,0,76520,0,32911424,30232192,2679232,30097920,16252864,16252864
2026-05-14T11:30:24+01:00,rpc-worker,4900166,221,436843,1193643528,43922,0,76520,0,32911424,30229312,2682112,30095040,16252864,16252864
2026-05-14T11:30:25+01:00,rpc-worker,4900167,221,436852,1193648423,43922,0,76520,0,32911424,30230656,2680768,30096384,16252864,16252864
2026-05-14T11:30:26+01:00,rpc-worker,4900167,221,436858,1193653326,43922,0,76520,0,32911424,30229824,2681600,30095552,16252864,16252864
2026-05-14T11:30:27+01:00,rpc-worker,4900169,221,436867,1193658221,43922,0,76520,0,32911424,30228096,2683328,30093824,16252864,16252864
2026-05-14T11:30:28+01:00,rpc-worker,4900174,221,436877,1193663114,43922,0,76521,0,32911424,30226752,2684672,30092480,16252864,16252864
2026-05-14T11:30:29+01:00,rpc-worker,4900178,221,436893,1193667997,43922,0,76521,0,32911424,30225792,2685632,30089728,16252864,16252864
2026-05-14T11:30:30+01:00,rpc-worker,4900180,221,436903,1193672890,43922,0,76521,0,32911424,30226112,2685312,30089984,16252864,16252864
2026-05-14T11:30:31+01:00,rpc-worker,4900183,221,436912,1193677782,43922,0,76521,0,32911424,30226176,2685248,30090048,16252864,16252864
2026-05-14T11:30:32+01:00,rpc-worker,4900186,221,436921,1193682674,43922,0,76521,0,32911424,30225472,2685952,30089344,16252864,16252864
2026-05-14T11:30:33+01:00,rpc-worker,4900189,221,436934,1193687567,43922,0,76521,0,32911424,30226368,2685056,30090240,16252864,16252864
2026-05-14T11:30:34+01:00,rpc-worker,4900194,221,436942,1193692459,43922,0,76521,0,32911424,30228288,2683136,30092160,16252864,16252864
2026-05-14T11:30:35+01:00,rpc-worker,4900197,221,436953,1193697353,43922,0,76521,0,32911424,30226752,2684672,30090624,16252864,16252864
2026-05-14T11:30:36+01:00,rpc-worker,4900200,221,436962,1193702247,43922,0,76522,0,32911424,30228672,2682752,30092544,16252864,16252864
2026-05-14T11:30:37+01:00,rpc-worker,4900234,221,436975,1193707114,43922,0,76522,0,32911424,30221888,2689536,30085632,16252864,16252864
2026-05-14T11:30:38+01:00,rpc-worker,4900238,221,436986,1193712009,43922,0,76522,0,32911424,30220224,2691200,30083968,16252864,16252864
2026-05-14T11:30:39+01:00,rpc-worker,4900238,221,436990,1193716910,43922,0,76522,0,32911424,30223104,2688320,30086848,16252864,16252864
2026-05-14T11:30:40+01:00,rpc-worker,4900240,221,436996,1193721809,43922,0,76522,0,32911424,30224256,2687168,30088000,16252864,16252864
2026-05-14T11:30:41+01:00,rpc-worker,4900241,221,437007,1193726702,43922,0,76522,0,32911424,30223360,2688064,30087104,16252864,16252864
2026-05-14T11:30:42+01:00,rpc-worker,4900244,221,437017,1193731597,43922,0,76522,0,32911424,30222848,2688576,30086592,16252864,16252864
2026-05-14T11:30:43+01:00,rpc-worker,4900247,221,437029,1193736493,43922,0,76522,0,32911424,30223424,2688000,30087168,16252864,16252864
2026-05-14T11:30:44+01:00,rpc-worker,4900253,221,437037,1193741386,43922,0,76522,0,32911424,30221696,2689728,30085440,16252864,16252864
2026-05-14T11:30:45+01:00,rpc-worker,4900254,221,437049,1193746280,43922,0,76522,0,32911424,30225216,2686208,30088960,16252864,16252864
2026-05-14T11:30:46+01:00,rpc-worker,4900260,221,437055,1193751172,43922,0,76522,0,32911424,30221760,2689664,30085504,16252864,16252864
2026-05-14T11:30:47+01:00,rpc-worker,4900260,221,437068,1193756066,43922,0,76523,0,32911424,30226752,2684672,30090496,16252864,16252864
2026-05-14T11:30:48+01:00,rpc-worker,4900262,221,437079,1193760960,43922,0,76523,0,32911424,30220800,2690624,30084544,16252864,16252864
2026-05-14T11:30:49+01:00,rpc-worker,4900265,221,437093,1193765855,43922,0,76523,0,32911424,30225984,2685440,30089728,16252864,16252864
2026-05-14T11:30:50+01:00,rpc-worker,4900269,221,437100,1193770750,43922,0,76523,0,32911424,30223488,2687936,30087232,16252864,16252864
2026-05-14T11:30:51+01:00,rpc-worker,4900271,221,437113,1193775643,43922,0,76523,0,32911424,30222144,2689280,30085888,16252864,16252864
2026-05-14T11:30:52+01:00,rpc-worker,4900317,221,437134,1193780508,43922,0,76523,0,32911424,30222016,2689408,30085696,16252864,16252864
2026-05-14T11:30:53+01:00,rpc-worker,4900320,221,437134,1193785417,43922,0,76524,0,32911424,30221120,2690304,30084800,16252864,16252864
2026-05-14T11:30:54+01:00,rpc-worker,4900324,221,437145,1193790317,43922,0,76524,0,32911424,30221952,2689472,30085632,16252864,16252864
2026-05-14T11:30:55+01:00,rpc-worker,4900331,221,437155,1193795204,43922,0,76524,0,32911424,30222144,2689280,30085824,16252864,16252864
2026-05-14T11:30:56+01:00,rpc-worker,4900334,221,437167,1193800100,43922,0,76524,0,32911424,30225664,2685760,30089344,16252864,16252864
2026-05-14T11:30:57+01:00,rpc-worker,4900338,221,437175,1193804994,43922,0,76525,0,32911424,30223360,2688064,30087040,16252864,16252864
2026-05-14T11:30:59+01:00,rpc-worker,4900341,221,437186,1193809891,43922,0,76525,0,32911424,30222272,2689152,30085888,16252864,16252864
2026-05-14T11:31:00+01:00,rpc-worker,4900344,221,437196,1193814783,43922,0,76527,0,32911424,30219456,2691968,30083072,16252864,16252864
2026-05-14T11:31:01+01:00,rpc-worker,4900347,221,437206,1193819679,43922,0,76528,0,32911424,30220416,2691008,30084032,16252864,16252864
2026-05-14T11:31:02+01:00,rpc-worker,4900350,221,437219,1193824574,43922,0,76528,0,32911424,30219008,2692416,30082624,16252864,16252864
2026-05-14T11:31:03+01:00,rpc-worker,4900353,221,437229,1193829469,43922,0,76528,0,32911424,30217920,2693504,30081536,16252864,16252864
2026-05-14T11:31:04+01:00,rpc-worker,4900355,221,437241,1193834363,43922,0,76528,0,32911424,30218368,2693056,30081984,16252864,16252864
2026-05-14T11:31:05+01:00,rpc-worker,4900360,221,437248,1193839255,43922,0,76528,0,32911424,30214528,2696896,30078144,16252864,16252864
2026-05-14T11:31:06+01:00,rpc-worker,4900361,221,437262,1193844150,43922,0,76528,0,32911424,30218304,2693120,30081920,16252864,16252864
2026-05-14T11:31:07+01:00,rpc-worker,4900363,221,437266,1193849054,43922,0,76528,0,32911424,30215424,2696000,30079040,16252864,16252864
2026-05-14T11:31:08+01:00,rpc-worker,4900400,221,437282,1193853921,43922,0,76528,0,32911424,30216448,2694976,30080064,16252864,16252864
2026-05-14T11:31:09+01:00,rpc-worker,4900401,221,437296,1193858818,43922,0,76528,0,32911424,30216128,2695296,30079744,16252864,16252864
2026-05-14T11:31:10+01:00,rpc-worker,4900407,221,437304,1193863711,43922,0,76529,0,32911424,30214144,2697280,30077760,16252864,16252864
2026-05-14T11:31:11+01:00,rpc-worker,4900411,221,437315,1193868605,43922,0,76529,0,32911424,30214144,2697280,30077760,16252864,16252864
2026-05-14T11:31:12+01:00,rpc-worker,4900414,221,437324,1193873500,43922,0,76529,0,32911424,30214528,2696896,30078144,16252864,16252864
2026-05-14T11:31:13+01:00,rpc-worker,4900417,221,437334,1193878394,43922,0,76529,0,32911424,30214400,2697024,30078016,16252864,16252864
2026-05-14T11:31:14+01:00,rpc-worker,4900420,221,437344,1193883289,43922,0,76529,0,32911424,30214208,2697216,30077824,16252864,16252864
2026-05-14T11:31:15+01:00,rpc-worker,4900425,221,437352,1193888182,43922,0,76529,0,32911424,30214656,2696768,30078272,16252864,16252864
2026-05-14T11:31:16+01:00,rpc-worker,4900426,221,437362,1193893076,43922,0,76530,0,32911424,30216320,2695104,30079936,16252864,16252864
2026-05-14T11:31:17+01:00,rpc-worker,4900430,221,437371,1193897970,43922,0,76530,0,32911424,30214784,2696640,30078400,16252864,16252864
2026-05-14T11:31:18+01:00,rpc-worker,4900432,221,437382,1193902864,43922,0,76532,0,32911424,30217088,2694336,30080704,16252864,16252864
2026-05-14T11:31:19+01:00,rpc-worker,4900437,221,437389,1193907760,43922,0,76532,0,32911424,30211456,2699968,30075072,16252864,16252864
2026-05-14T11:31:20+01:00,rpc-worker,4900437,221,437400,1193912657,43922,0,76532,0,32911424,30211648,2699776,30075264,16252864,16252864
2026-05-14T11:31:21+01:00,rpc-worker,4900440,221,437401,1193917560,43922,0,76532,0,32911424,30211072,2700352,30074624,16252864,16252864
2026-05-14T11:31:22+01:00,rpc-worker,4900470,221,437423,1193922428,43922,0,76532,0,32911424,30210624,2700800,30074176,16252864,16252864
2026-05-14T11:31:23+01:00,rpc-worker,4900472,221,437434,1193927320,43922,0,76532,0,32911424,30211264,2700160,30074816,16252864,16252864
2026-05-14T11:31:24+01:00,rpc-worker,4900475,221,437443,1193932216,43922,0,76533,0,32911424,30211200,2700224,30074752,16252864,16252864
2026-05-14T11:31:25+01:00,rpc-worker,4900479,221,437451,1193937109,43922,0,76534,0,32911424,30210560,2700864,30074112,16252864,16252864
2026-05-14T11:31:26+01:00,rpc-worker,4900482,221,437460,1193942001,43922,0,76534,0,32911424,30211200,2700224,30074752,16252864,16252864
2026-05-14T11:31:27+01:00,rpc-worker,4900485,221,437468,1193946895,43922,0,76534,0,32911424,30214464,2696960,30078016,16252864,16252864
2026-05-14T11:31:28+01:00,rpc-worker,4900487,221,437478,1193951790,43922,0,76534,0,32911424,30210240,2701184,30073792,16252864,16252864
2026-05-14T11:31:29+01:00,rpc-worker,4900489,221,437490,1193956685,43922,0,76534,0,32911424,30211776,2699648,30075328,16252864,16252864
2026-05-14T11:31:30+01:00,rpc-worker,4900494,221,437499,1193961576,43922,0,76534,0,32911424,30210432,2700992,30073984,16252864,16252864
2026-05-14T11:31:31+01:00,rpc-worker,4900497,221,437510,1193966471,43922,0,76534,0,32911424,30213120,2698304,30076352,16252864,16252864
2026-05-14T11:31:32+01:00,rpc-worker,4900498,221,437521,1193971366,43922,0,76535,0,32911424,30210624,2700800,30073856,16252864,16252864
2026-05-14T11:31:33+01:00,rpc-worker,4900502,221,437532,1193976258,43922,0,76535,0,32911424,30207616,2703808,30070848,16252864,16252864
2026-05-14T11:31:34+01:00,rpc-worker,4900503,221,437536,1193981161,43922,0,76535,0,32911424,30209152,2702272,30072384,16252864,16252864
2026-05-14T11:31:35+01:00,rpc-worker,4900504,221,437545,1193986059,43922,0,76535,0,32911424,30208960,2702464,30072192,16252864,16252864
2026-05-14T11:31:36+01:00,rpc-worker,4900509,221,437556,1193990954,43922,0,76535,0,32911424,30209920,2701504,30073152,16252864,16252864
2026-05-14T11:31:37+01:00,rpc-worker,4900528,221,437570,1193995819,43922,0,76536,0,32911424,30207936,2703488,30071168,16252864,16252864
2026-05-14T11:31:38+01:00,rpc-worker,4900530,221,437584,1194000715,43922,0,76536,0,32911424,30210624,2700800,30073792,16252864,16252864
2026-05-14T11:31:39+01:00,rpc-worker,4900533,221,437592,1194005609,43922,0,76536,0,32911424,30206976,2704448,30070144,16252864,16252864
2026-05-14T11:31:40+01:00,rpc-worker,4900537,221,437601,1194010504,43922,0,76537,0,32911424,30208192,2703232,30071360,16252864,16252864
2026-05-14T11:31:41+01:00,rpc-worker,4900544,221,437606,1194015397,43922,0,76537,0,32911424,30208256,2703168,30071424,16252864,16252864
2026-05-14T11:31:42+01:00,rpc-worker,4900546,221,437616,1194020293,43922,0,76538,0,32911424,30209024,2702400,30072192,16252864,16252864
2026-05-14T11:31:44+01:00,rpc-worker,4900550,221,437623,1194025187,43922,0,76538,0,32911424,30209024,2702400,30072192,16252864,16252864
2026-05-14T11:31:45+01:00,rpc-worker,4900554,221,437633,1194030080,43922,0,76539,0,32911424,30209728,2701696,30072832,16252864,16252864
2026-05-14T11:31:46+01:00,rpc-worker,4900557,221,437643,1194034974,43922,0,76539,0,32911424,30208512,2702912,30071616,16252864,16252864
2026-05-14T11:31:47+01:00,rpc-worker,4900559,221,437656,1194039871,43922,0,76539,0,32911424,30207616,2703808,30070592,16252864,16252864
2026-05-14T11:31:48+01:00,rpc-worker,4900562,221,437663,1194044772,43922,0,76539,0,32911424,30202688,2708736,30065664,16252864,16252864
2026-05-14T11:31:49+01:00,rpc-worker,4900563,221,437668,1194049674,43922,0,76539,0,32911424,30209216,2702208,30072192,16252864,16252864
2026-05-14T11:31:50+01:00,rpc-worker,4900564,221,437681,1194054568,43923,0,76539,0,32911424,30207872,2703552,30070848,16252864,16252864
2026-05-14T11:31:51+01:00,rpc-worker,4900568,221,437691,1194059463,43923,0,76539,0,32911424,30209024,2702400,30072000,16252864,16252864
2026-05-14T11:31:52+01:00,rpc-worker,4900570,221,437702,1194064376,43923,0,76539,0,32911424,30208256,2703168,30071232,16252864,16252864
2026-05-14T11:31:53+01:00,rpc-worker,4900610,221,437715,1194069237,43923,0,76539,0,32911424,30207552,2703872,30070528,16252864,16252864
2026-05-14T11:31:54+01:00,rpc-worker,4900616,221,437723,1194074134,43923,0,76540,0,32911424,30207744,2703680,30070720,16252864,16252864
2026-05-14T11:31:55+01:00,rpc-worker,4900619,221,437731,1194079035,43923,0,76540,0,32911424,30207936,2703488,30070912,16252864,16252864
2026-05-14T11:31:56+01:00,rpc-worker,4900620,221,437743,1194083935,43923,0,76540,0,32911424,30207936,2703488,30070912,16252864,16252864
2026-05-14T11:31:57+01:00,rpc-worker,4900623,221,437753,1194088836,43923,0,76540,0,32911424,30207872,2703552,30070848,16252864,16252864
2026-05-14T11:31:58+01:00,rpc-worker,4900624,221,437764,1194093733,43923,0,76540,0,32911424,30208448,2702976,30071424,16252864,16252864
2026-05-14T11:31:59+01:00,rpc-worker,4900626,221,437776,1194098631,43923,0,76542,0,32911424,30211328,2700096,30074304,16252864,16252864
2026-05-14T11:32:00+01:00,rpc-worker,4900630,221,437786,1194103527,43923,0,76542,0,32911424,30204608,2706816,30067584,16252864,16252864
2026-05-14T11:32:01+01:00,rpc-worker,4900630,221,437796,1194108426,43923,0,76542,0,32911424,30207424,2704000,30070400,16252864,16252864
2026-05-14T11:32:02+01:00,rpc-worker,4900632,221,437799,1194113336,43923,0,76542,0,32911424,30206528,2704896,30069376,16252864,16252864
2026-05-14T11:32:03+01:00,rpc-worker,4900633,221,437810,1194118236,43923,0,76542,0,32911424,30208448,2702976,30071296,16252864,16252864
2026-05-14T11:32:04+01:00,rpc-worker,4900637,221,437817,1194123130,43923,0,76542,0,32911424,30207552,2703872,30070400,16252864,16252864
2026-05-14T11:32:05+01:00,rpc-worker,4900638,221,437830,1194128024,43923,0,76542,0,32911424,30207744,2703680,30070592,16252864,16252864
2026-05-14T11:32:06+01:00,rpc-worker,4900643,221,437837,1194132919,43923,0,76542,0,32911424,30208000,2703424,30070848,16252864,16252864
2026-05-14T11:32:07+01:00,rpc-worker,4900647,221,437852,1194137789,43923,0,76542,0,32911424,30206272,2705152,30069120,16252864,16252864
2026-05-14T11:32:08+01:00,rpc-worker,4900652,221,437859,1194142686,43923,0,76544,0,32911424,30203712,2707712,30066432,16252864,16252864
2026-05-14T11:32:09+01:00,rpc-worker,4900652,221,437872,1194147583,43923,0,76544,0,32911424,30205952,2705472,30068672,16252864,16252864
2026-05-14T11:32:10+01:00,rpc-worker,4900655,221,437882,1194152480,43923,0,76544,0,32911424,30205760,2705664,30068480,16252864,16252864
2026-05-14T11:32:11+01:00,rpc-worker,4900658,221,437893,1194157376,43923,0,76544,0,32911424,30205504,2705920,30068224,16252864,16252864
2026-05-14T11:32:12+01:00,rpc-worker,4900661,221,437902,1194162273,43923,0,76544,0,32911424,30204800,2706624,30067456,16252864,16252864
2026-05-14T11:32:13+01:00,rpc-worker,4900666,221,437908,1194167168,43923,0,76544,0,32911424,30207616,2703808,30070272,16252864,16252864
2026-05-14T11:32:14+01:00,rpc-worker,4900671,221,437916,1194172066,43923,0,76544,0,32911424,30203392,2708032,30066048,16252864,16252864
2026-05-14T11:32:15+01:00,rpc-worker,4900674,221,437921,1194176967,43923,0,76544,0,32911424,30203200,2708224,30065856,16252864,16252864
2026-05-14T11:32:16+01:00,rpc-worker,4900676,221,437927,1194181868,43923,0,76544,0,32911424,30205632,2705792,30068224,16252864,16252864
2026-05-14T11:32:17+01:00,rpc-worker,4900680,221,437936,1194186764,43923,0,76544,0,32911424,30204928,2706496,30067520,16252864,16252864
2026-05-14T11:32:18+01:00,rpc-worker,4900683,221,437948,1194191661,43923,0,76544,0,32911424,30204736,2706688,30067328,16252864,16252864
2026-05-14T11:32:19+01:00,rpc-worker,4900685,221,437959,1194196557,43923,0,76546,0,32911424,30205696,2705728,30068288,16252864,16252864
2026-05-14T11:32:20+01:00,rpc-worker,4900689,221,437970,1194201454,43923,0,76547,0,32911424,30203584,2707840,30066176,16252864,16252864
2026-05-14T11:32:21+01:00,rpc-worker,4900692,221,437980,1194206349,43923,0,76547,0,32911424,30204160,2707264,30066752,16252864,16252864
2026-05-14T11:32:22+01:00,rpc-worker,4900736,221,438001,1194211209,43923,0,76547,0,32911424,30203392,2708032,30065984,16252864,16252864
2026-05-14T11:32:23+01:00,rpc-worker,4900738,221,438012,1194216105,43923,0,76547,0,32911424,30205952,2705472,30068544,16252864,16252864
2026-05-14T11:32:24+01:00,rpc-worker,4900744,221,438020,1194221003,43923,0,76547,0,32911424,30209472,2701952,30072064,16252864,16252864
2026-05-14T11:32:25+01:00,rpc-worker,4900747,221,438030,1194225902,43923,0,76547,0,32911424,30204736,2706688,30067328,16252864,16252864
2026-05-14T11:32:26+01:00,rpc-worker,4900752,221,438040,1194230799,43923,0,76547,0,32911424,30206848,2704576,30069440,16252864,16252864
2026-05-14T11:32:28+01:00,rpc-worker,4900752,221,438053,1194235697,43923,0,76547,0,32911424,30204736,2706688,30067328,16252864,16252864
2026-05-14T11:32:29+01:00,rpc-worker,4900758,221,438057,1194240604,43923,0,76547,0,32911424,30204928,2706496,30067520,16252864,16252864
2026-05-14T11:32:30+01:00,rpc-worker,4900758,221,438062,1194245510,43923,0,76547,0,32911424,30206848,2704576,30069440,16252864,16252864
2026-05-14T11:32:31+01:00,rpc-worker,4900763,221,438069,1194250410,43923,0,76547,0,32911424,30207808,2703616,30070400,16252864,16252864
2026-05-14T11:32:32+01:00,rpc-worker,4900774,221,438081,1194255296,43923,0,76548,0,32911424,30206272,2705152,30068800,16252864,16252864
2026-05-14T11:32:33+01:00,rpc-worker,4900858,221,438109,1194260091,43923,0,76549,0,32911424,30198272,2713152,30059776,16252864,16252864
2026-05-14T11:32:34+01:00,rpc-worker,4900934,221,438129,1194264901,43923,0,76550,0,32911424,30205056,2706368,30064640,16252864,16252864
2026-05-14T11:32:35+01:00,rpc-worker,4900937,221,438138,1194269795,43923,0,76550,0,32911424,30203776,2707648,30063296,16252864,16252864
2026-05-14T11:32:36+01:00,rpc-worker,4900938,221,438148,1194274689,43923,0,76550,0,32911424,30205504,2705920,30065024,16252864,16252864
2026-05-14T11:32:37+01:00,rpc-worker,4900942,221,438159,1194279587,43923,0,76550,0,32911424,30205120,2706304,30064640,16252864,16252864
2026-05-14T11:32:38+01:00,rpc-worker,4900985,221,438169,1194284452,43923,0,76550,0,32911424,30205632,2705792,30065152,16252864,16252864
2026-05-14T11:32:39+01:00,rpc-worker,4900986,221,438181,1194289349,43923,0,76550,0,32911424,30203904,2707520,30063424,16252864,16252864
2026-05-14T11:32:40+01:00,rpc-worker,4900991,221,438193,1194294244,43923,0,76550,0,32911424,30205248,2706176,30064768,16252864,16252864
2026-05-14T11:32:41+01:00,rpc-worker,4900994,221,438204,1194299139,43923,0,76550,0,32911424,30204480,2706944,30064000,16252864,16252864
2026-05-14T11:32:42+01:00,rpc-worker,4900998,221,438212,1194304033,43923,0,76550,0,32911424,30201792,2709632,30061312,16252864,16252864
2026-05-14T11:32:43+01:00,rpc-worker,4900998,221,438219,1194308934,43923,0,76550,0,32911424,30203712,2707712,30063232,16252864,16252864
2026-05-14T11:32:44+01:00,rpc-worker,4901001,221,438228,1194313832,43923,0,76550,0,32911424,30202880,2708544,30062400,16252864,16252864
2026-05-14T11:32:45+01:00,rpc-worker,4901006,221,438238,1194318726,43923,0,76550,0,32911424,30205312,2706112,30064832,16252864,16252864
2026-05-14T11:32:46+01:00,rpc-worker,4901010,221,438248,1194323621,43923,0,76550,0,32911424,30205120,2706304,30064640,16252864,16252864
2026-05-14T11:32:47+01:00,rpc-worker,4901010,221,438262,1194328521,43923,0,76550,0,32911424,30205120,2706304,30064640,16252864,16252864
2026-05-14T11:32:48+01:00,rpc-worker,4901014,221,438270,1194333419,43923,0,76550,0,32911424,30205696,2705728,30065216,16252864,16252864
2026-05-14T11:32:49+01:00,rpc-worker,4901018,221,438279,1194338314,43923,0,76550,0,32911424,30204928,2706496,30064448,16252864,16252864
2026-05-14T11:32:50+01:00,rpc-worker,4901020,221,438290,1194343209,43923,0,76550,0,32911424,30204928,2706496,30064448,16252864,16252864
2026-05-14T11:32:51+01:00,rpc-worker,4901023,221,438299,1194348105,43923,0,76551,0,32911424,30206848,2704576,30066368,16252864,16252864
2026-05-14T11:32:52+01:00,rpc-worker,4901085,221,438317,1194352971,43923,0,76551,0,32911424,30205760,2705664,30065280,16252864,16252864
2026-05-14T11:32:53+01:00,rpc-worker,4901087,221,438328,1194357877,43923,0,76551,0,32911424,30202624,2708800,30062144,16252864,16252864
2026-05-14T11:32:54+01:00,rpc-worker,4901090,221,438337,1194362773,43923,0,76551,0,32911424,30203968,2707456,30063488,16252864,16252864
2026-05-14T11:32:55+01:00,rpc-worker,4901093,221,438348,1194367666,43923,0,76551,0,32911424,30204160,2707264,30063680,16252864,16252864
2026-05-14T11:32:56+01:00,rpc-worker,4901097,221,438358,1194372560,43923,0,76551,0,32911424,30201600,2709824,30061120,16252864,16252864
2026-05-14T11:32:57+01:00,rpc-worker,4901098,221,438362,1194377467,43923,0,76551,0,32911424,30206272,2705152,30065792,16252864,16252864
2026-05-14T11:32:58+01:00,rpc-worker,4901102,221,438370,1194382366,43923,0,76552,0,32911424,30204160,2707264,30063680,16252864,16252864
2026-05-14T11:32:59+01:00,rpc-worker,4901105,221,438380,1194387263,43923,0,76553,0,32911424,30204544,2706880,30064064,16252864,16252864
2026-05-14T11:33:00+01:00,rpc-worker,4901108,221,438389,1194392163,43923,0,76553,0,32911424,30203968,2707456,30063488,16252864,16252864
2026-05-14T11:33:01+01:00,rpc-worker,4901110,221,438400,1194397061,43923,0,76553,0,32911424,30203328,2708096,30062848,16252864,16252864
2026-05-14T11:33:02+01:00,rpc-worker,4901115,221,438408,1194401960,43923,0,76553,0,32911424,30206592,2704832,30066112,16252864,16252864
2026-05-14T11:33:03+01:00,rpc-worker,4901117,221,438417,1194406855,43923,0,76554,0,32911424,30203328,2708096,30062848,16252864,16252864
2026-05-14T11:33:04+01:00,rpc-worker,4901119,221,438426,1194411749,43923,0,76554,0,32911424,30205632,2705792,30065152,16252864,16252864
2026-05-14T11:33:05+01:00,rpc-worker,4901124,221,438435,1194416642,43923,0,76554,0,32911424,30204736,2706688,30064256,16252864,16252864
2026-05-14T11:33:06+01:00,rpc-worker,4901126,221,438446,1194421536,43923,0,76554,0,32911424,30204736,2706688,30064256,16252864,16252864
2026-05-14T11:33:07+01:00,rpc-worker,4901152,221,438458,1194426405,43923,0,76555,0,32911424,30203200,2708224,30062720,16252864,16252864
2026-05-14T11:33:08+01:00,rpc-worker,4901153,221,438471,1194431303,43923,0,76555,0,32911424,30202880,2708544,30062400,16252864,16252864
2026-05-14T11:33:09+01:00,rpc-worker,4901155,221,438483,1194436203,43923,0,76555,0,32911424,30198912,2712512,30058432,16252864,16252864
2026-05-14T11:33:10+01:00,rpc-worker,4901155,221,438488,1194441116,43923,0,76555,0,32911424,30201408,2710016,30060928,16252864,16252864
2026-05-14T11:33:12+01:00,rpc-worker,4901159,221,438498,1194446022,43923,0,76555,0,32911424,30203520,2707904,30063040,16252864,16252864
2026-05-14T11:33:13+01:00,rpc-worker,4901161,221,438508,1194450920,43923,0,76555,0,32911424,30204096,2707328,30063616,16252864,16252864
2026-05-14T11:33:14+01:00,rpc-worker,4901164,221,438520,1194455818,43923,0,76555,0,32911424,30204096,2707328,30063616,16252864,16252864
2026-05-14T11:33:15+01:00,rpc-worker,4901167,221,438528,1194460717,43923,0,76555,0,32911424,30203520,2707904,30063040,16252864,16252864
2026-05-14T11:33:16+01:00,rpc-worker,4901168,221,438542,1194465618,43923,0,76555,0,32911424,30204864,2706560,30064384,16252864,16252864
2026-05-14T11:33:17+01:00,rpc-worker,4901172,221,438553,1194470516,43923,0,76555,0,32911424,30204864,2706560,30064384,16252864,16252864
2026-05-14T11:33:18+01:00,rpc-worker,4901176,221,438562,1194475412,43923,0,76555,0,32911424,30203712,2707712,30063232,16252864,16252864
2026-05-14T11:33:19+01:00,rpc-worker,4901177,221,438575,1194480309,43923,0,76555,0,32911424,30203904,2707520,30063424,16252864,16252864
2026-05-14T11:33:20+01:00,rpc-worker,4901181,221,438584,1194485205,43923,0,76555,0,32911424,30204096,2707328,30063616,16252864,16252864
2026-05-14T11:33:21+01:00,rpc-worker,4901184,221,438592,1194490101,43923,0,76555,0,32911424,30203520,2707904,30063040,16252864,16252864
2026-05-14T11:33:22+01:00,rpc-worker,4901187,221,438603,1194495001,43923,0,76555,0,32911424,30204288,2707136,30063808,16252864,16252864
2026-05-14T11:33:23+01:00,rpc-worker,4901230,221,438619,1194499870,43923,0,76555,0,32911424,30203648,2707776,30063168,16252864,16252864
2026-05-14T11:33:24+01:00,rpc-worker,4901235,221,438624,1194504773,43923,0,76556,0,32911424,30202496,2708928,30062016,16252864,16252864
2026-05-14T11:33:25+01:00,rpc-worker,4901235,221,438629,1194509680,43923,0,76556,0,32911424,30202752,2708672,30062208,16252864,16252864
2026-05-14T11:33:26+01:00,rpc-worker,4901237,221,438639,1194514581,43923,0,76556,0,32911424,30203712,2707712,30063168,16252864,16252864
2026-05-14T11:33:27+01:00,rpc-worker,4901239,221,438650,1194519479,43923,0,76556,0,32911424,30203520,2707904,30062976,16252864,16252864
2026-05-14T11:33:28+01:00,rpc-worker,4901241,221,438661,1194524374,43923,0,76556,0,32911424,30204224,2707200,30063680,16252864,16252864
2026-05-14T11:33:29+01:00,rpc-worker,4901243,221,438672,1194529268,43923,0,76556,0,32911424,30201920,2709504,30061376,16252864,16252864
2026-05-14T11:33:30+01:00,rpc-worker,4901247,221,438682,1194534163,43923,0,76556,0,32911424,30202688,2708736,30062144,16252864,16252864
2026-05-14T11:33:31+01:00,rpc-worker,4901251,221,438691,1194539059,43923,0,76556,0,32911424,30204032,2707392,30063488,16252864,16252864
2026-05-14T11:33:32+01:00,rpc-worker,4901253,221,438702,1194543955,43923,0,76557,0,32911424,30203648,2707776,30063104,16252864,16252864
2026-05-14T11:33:33+01:00,rpc-worker,4901255,221,438712,1194548853,43923,0,76558,0,32911424,30203456,2707968,30062912,16252864,16252864
2026-05-14T11:33:34+01:00,rpc-worker,4901257,221,438725,1194553752,43923,0,76558,0,32911424,30204800,2706624,30064256,16252864,16252864
2026-05-14T11:33:35+01:00,rpc-worker,4901263,221,438734,1194558649,43923,0,76558,0,32911424,30204416,2707008,30063872,16252864,16252864
2026-05-14T11:33:36+01:00,rpc-worker,4901266,221,438743,1194563547,43923,0,76558,0,32911424,30201920,2709504,30061376,16252864,16252864
2026-05-14T11:33:37+01:00,rpc-worker,4901297,221,438776,1194568412,43923,0,76559,0,32911424,30203264,2708160,30062720,16252864,16252864
2026-05-14T11:33:38+01:00,rpc-worker,4901300,221,438781,1194573318,43923,0,76559,0,32911424,30202112,2709312,30061568,16252864,16252864
2026-05-14T11:33:39+01:00,rpc-worker,4901302,221,438788,1194578220,43923,0,76559,0,32911424,30204608,2706816,30064064,16252864,16252864
2026-05-14T11:33:40+01:00,rpc-worker,4901303,221,438800,1194583119,43923,0,76559,0,32911424,30204416,2707008,30063872,16252864,16252864
2026-05-14T11:33:41+01:00,rpc-worker,4901306,221,438808,1194588017,43923,0,76559,0,32911424,30205056,2706368,30064512,16252864,16252864
2026-05-14T11:33:42+01:00,rpc-worker,4901310,221,438818,1194592916,43923,0,76559,0,32911424,30204864,2706560,30064320,16252864,16252864
2026-05-14T11:33:43+01:00,rpc-worker,4901311,221,438831,1194597813,43923,0,76560,0,32911424,30202944,2708480,30062400,16252864,16252864
2026-05-14T11:33:44+01:00,rpc-worker,4901313,221,438842,1194602712,43923,0,76560,0,32911424,30205056,2706368,30064512,16252864,16252864
2026-05-14T11:33:45+01:00,rpc-worker,4901319,221,438849,1194607608,43923,0,76560,0,32911424,30203776,2707648,30063232,16252864,16252864
2026-05-14T11:33:46+01:00,rpc-worker,4901322,221,438859,1194612505,43923,0,76560,0,32911424,30204736,2706688,30064192,16252864,16252864
2026-05-14T11:33:47+01:00,rpc-worker,4901323,221,438870,1194617402,43923,0,76561,0,32911424,30203008,2708416,30062464,16252864,16252864
2026-05-14T11:33:48+01:00,rpc-worker,4901327,221,438880,1194622300,43923,0,76561,0,32911424,30204544,2706880,30064000,16252864,16252864
2026-05-14T11:33:49+01:00,rpc-worker,4901329,221,438893,1194627198,43923,0,76561,0,32911424,30204352,2707072,30063808,16252864,16252864
2026-05-14T11:33:50+01:00,rpc-worker,4901334,221,438900,1194632096,43923,0,76561,0,32911424,30202240,2709184,30061696,16252864,16252864
2026-05-14T11:33:51+01:00,rpc-worker,4901337,221,438906,1194637000,43923,0,76561,0,32911424,30200128,2711296,30059584,16252864,16252864
2026-05-14T11:33:52+01:00,rpc-worker,4901376,221,438919,1194641877,43923,0,76561,0,32911424,30202880,2708544,30062336,16252864,16252864
2026-05-14T11:33:53+01:00,rpc-worker,4901380,221,438929,1194646776,43923,0,76561,0,32911424,30205504,2705920,30064960,16252864,16252864
2026-05-14T11:33:55+01:00,rpc-worker,4901381,221,438940,1194651673,43923,0,76562,0,32911424,30204736,2706688,30064192,16252864,16252864
2026-05-14T11:33:56+01:00,rpc-worker,4901384,221,438953,1194656572,43923,0,76562,0,32911424,30205376,2706048,30064832,16252864,16252864
2026-05-14T11:33:57+01:00,rpc-worker,4901388,221,438961,1194661472,43923,0,76563,0,32911424,30204992,2706432,30064448,16252864,16252864
2026-05-14T11:33:58+01:00,rpc-worker,4901392,221,438971,1194666370,43923,0,76564,0,32911424,30204416,2707008,30063872,16252864,16252864
2026-05-14T11:33:59+01:00,rpc-worker,4901397,221,438980,1194671267,43923,0,76564,0,32911424,30205760,2705664,30065216,16252864,16252864
2026-05-14T11:34:00+01:00,rpc-worker,4901400,221,438989,1194676162,43923,0,76565,0,32911424,30204416,2707008,30063872,16252864,16252864
2026-05-14T11:34:01+01:00,rpc-worker,4901400,221,439001,1194681062,43923,0,76567,0,32911424,30204608,2706816,30064064,16252864,16252864
2026-05-14T11:34:02+01:00,rpc-worker,4901405,221,439009,1194685962,43923,0,76568,0,32911424,30204288,2707136,30063744,16252864,16252864
2026-05-14T11:34:03+01:00,rpc-worker,4901408,221,439020,1194690864,43923,0,76568,0,32911424,30204480,2706944,30063936,16252864,16252864
2026-05-14T11:34:04+01:00,rpc-worker,4901411,221,439030,1194695764,43923,0,76568,0,32911424,30205632,2705792,30065088,16252864,16252864
2026-05-14T11:34:05+01:00,rpc-worker,4901411,221,439043,1194700668,43923,0,76568,0,32911424,30202944,2708480,30062400,16252864,16252864
2026-05-14T11:34:06+01:00,rpc-worker,4901411,221,439050,1194705574,43923,0,76568,0,32911424,30200640,2710784,30060096,16252864,16252864
2026-05-14T11:34:07+01:00,rpc-worker,4901414,221,439055,1194710481,43923,0,76569,0,32911424,30204096,2707328,30063552,16252864,16252864
2026-05-14T11:34:08+01:00,rpc-worker,4901446,221,439072,1194715346,43923,0,76569,0,32911424,30204416,2707008,30063872,16252864,16252864
2026-05-14T11:34:09+01:00,rpc-worker,4901451,221,439081,1194720240,43923,0,76571,0,32911424,30205376,2706048,30064832,16252864,16252864
2026-05-14T11:34:10+01:00,rpc-worker,4901456,221,439093,1194725133,43923,0,76572,0,32911424,30204864,2706560,30064320,16252864,16252864
2026-05-14T11:34:11+01:00,rpc-worker,4901458,221,439104,1194730026,43923,0,76572,0,32911424,30206272,2705152,30065728,16252864,16252864
2026-05-14T11:34:12+01:00,rpc-worker,4901462,221,439115,1194734919,43923,0,76572,0,32911424,30204736,2706688,30064192,16252864,16252864
2026-05-14T11:34:13+01:00,rpc-worker,4901465,221,439126,1194739811,43923,0,76572,0,32911424,30204928,2706496,30064384,16252864,16252864
2026-05-14T11:34:14+01:00,rpc-worker,4901470,221,439134,1194744703,43923,0,76572,0,32911424,30204352,2707072,30063808,16252864,16252864
2026-05-14T11:34:15+01:00,rpc-worker,4901470,221,439146,1194749595,43923,0,76573,0,32911424,30204928,2706496,30064384,16252864,16252864
2026-05-14T11:34:16+01:00,rpc-worker,4901477,221,439153,1194754486,43923,0,76574,0,32911424,30203008,2708416,30062464,16252864,16252864
2026-05-14T11:34:17+01:00,rpc-worker,4901479,221,439164,1194759379,43923,0,76574,0,32911424,30202816,2708608,30062272,16252864,16252864
2026-05-14T11:34:18+01:00,rpc-worker,4901483,221,439177,1194764276,43923,0,76574,0,32911424,30200704,2710720,30060160,16252864,16252864
2026-05-14T11:34:19+01:00,rpc-worker,4901483,221,439183,1194769179,43923,0,76576,0,32911424,30202240,2709184,30061696,16252864,16252864
2026-05-14T11:34:20+01:00,rpc-worker,4901486,221,439191,1194774081,43923,0,76576,0,32911424,30203008,2708416,30062464,16252864,16252864
2026-05-14T11:34:21+01:00,rpc-worker,4901492,221,439198,1194778976,43923,0,76576,0,32911424,30203392,2708032,30062848,16252864,16252864
2026-05-14T11:34:22+01:00,rpc-worker,4901520,221,439213,1194783838,43923,0,76577,0,32911424,30203648,2707776,30063104,16252864,16252864
2026-05-14T11:34:23+01:00,rpc-worker,4901520,221,439225,1194788732,43923,0,76577,0,32911424,30203328,2708096,30062784,16252864,16252864
2026-05-14T11:34:24+01:00,rpc-worker,4901523,221,439235,1194793627,43923,0,76577,0,32911424,30202752,2708672,30062208,16252864,16252864
2026-05-14T11:34:25+01:00,rpc-worker,4901525,221,439246,1194798521,43923,0,76577,0,32911424,30203072,2708352,30062528,16252864,16252864
2026-05-14T11:34:26+01:00,rpc-worker,4901526,221,439255,1194803413,43923,0,76578,0,32911424,30201536,2709888,30060992,16252864,16252864
2026-05-14T11:34:27+01:00,rpc-worker,4901527,221,439267,1194808305,43923,0,76578,0,32911424,30203328,2708096,30062784,16252864,16252864
2026-05-14T11:34:28+01:00,rpc-worker,4901531,221,439274,1194813198,43923,0,76579,0,32911424,30203328,2708096,30062784,16252864,16252864
2026-05-14T11:34:29+01:00,rpc-worker,4901533,221,439284,1194818091,43923,0,76579,0,32911424,30203328,2708096,30062784,16252864,16252864
2026-05-14T11:34:30+01:00,rpc-worker,4901534,221,439295,1194822986,43923,0,76579,0,32911424,30202944,2708480,30062400,16252864,16252864
2026-05-14T11:34:31+01:00,rpc-worker,4901537,221,439304,1194827884,43923,0,76580,0,32911424,30203072,2708352,30062528,16252864,16252864
2026-05-14T11:34:32+01:00,rpc-worker,4901538,221,439315,1194832785,43923,0,76580,0,32911424,30200768,2710656,30060224,16252864,16252864
2026-05-14T11:34:33+01:00,rpc-worker,4901538,221,439320,1194837691,43923,0,76580,0,32911424,30202496,2708928,30061952,16252864,16252864
2026-05-14T11:34:34+01:00,rpc-worker,4901541,221,439331,1194842588,43923,0,76580,0,32911424,30202176,2709248,30061632,16252864,16252864
2026-05-14T11:34:35+01:00,rpc-worker,4901546,221,439339,1194847484,43923,0,76580,0,32911424,30203136,2708288,30062592,16252864,16252864
2026-05-14T11:34:36+01:00,rpc-worker,4901551,221,439345,1194852377,43923,0,76581,0,32911424,30204096,2707328,30063552,16252864,16252864
2026-05-14T11:34:37+01:00,rpc-worker,4901564,221,439359,1194857244,43923,0,76581,0,32911424,30202624,2708800,30062080,16252864,16252864
2026-05-14T11:34:38+01:00,rpc-worker,4901567,221,439367,1194862137,43923,0,76582,0,32911424,30201664,2709760,30061120,16252864,16252864
2026-05-14T11:34:40+01:00,rpc-worker,4901572,221,439376,1194867031,43923,0,76582,0,32911424,30198976,2712448,30058432,16252864,16252864
2026-05-14T11:34:41+01:00,rpc-worker,4901577,221,439383,1194871924,43923,0,76582,0,32911424,30200000,2711424,30059456,16252864,16252864
2026-05-14T11:34:42+01:00,rpc-worker,4901580,221,439395,1194876816,43923,0,76582,0,32911424,30198720,2712704,30058176,16252864,16252864
2026-05-14T11:34:43+01:00,rpc-worker,4901583,221,439405,1194881711,43923,0,76582,0,32911424,30198720,2712704,30058176,16252864,16252864
2026-05-14T11:34:44+01:00,rpc-worker,4901586,221,439415,1194886607,43923,0,76582,0,32911424,30199552,2711872,30059008,16252864,16252864
2026-05-14T11:34:45+01:00,rpc-worker,4901589,221,439426,1194891501,43923,0,76582,0,32911424,30196480,2714944,30055936,16252864,16252864
2026-05-14T11:34:46+01:00,rpc-worker,4901591,221,439434,1194896395,43923,0,76582,0,32911424,30198080,2713344,30057664,16252864,16252864
2026-05-14T11:34:47+01:00,rpc-worker,4901593,221,439439,1194901295,43923,0,76582,0,32911424,30197120,2714304,30056704,16252864,16252864
2026-05-14T11:34:48+01:00,rpc-worker,4901594,221,439445,1194906191,43923,0,76583,0,32911424,30199232,2712192,30058816,16252864,16252864
2026-05-14T11:34:49+01:00,rpc-worker,4901597,221,439456,1194911085,43923,0,76583,0,32911424,30198848,2712576,30058432,16252864,16252864
2026-05-14T11:34:50+01:00,rpc-worker,4901599,221,439467,1194915978,43923,0,76583,0,32911424,30200192,2711232,30059776,16252864,16252864
2026-05-14T11:34:51+01:00,rpc-worker,4901602,221,439479,1194920870,43923,0,76583,0,32911424,30198720,2712704,30058304,16252864,16252864
2026-05-14T11:34:52+01:00,rpc-worker,4901602,221,439493,1194925763,43923,0,76583,0,32911424,30199296,2712128,30058880,16252864,16252864
2026-05-14T11:34:53+01:00,rpc-worker,4901616,221,439506,1194930625,43923,0,76583,0,32911424,30198976,2712448,30058560,16252864,16252864
2026-05-14T11:34:54+01:00,rpc-worker,4901617,221,439518,1194935518,43923,0,76584,0,32911424,30199744,2711680,30059328,16252864,16252864
2026-05-14T11:34:55+01:00,rpc-worker,4901621,221,439527,1194940408,43923,0,76585,0,32911424,30199552,2711872,30059136,16252864,16252864
2026-05-14T11:34:56+01:00,rpc-worker,4901628,221,439537,1194945294,43923,0,76585,0,32911424,30198528,2712896,30058112,16252864,16252864
2026-05-14T11:34:57+01:00,rpc-worker,4901628,221,439549,1194950187,43923,0,76585,0,32911424,30199744,2711680,30059328,16252864,16252864
2026-05-14T11:34:58+01:00,rpc-worker,4901629,221,439562,1194955082,43923,0,76585,0,32911424,30198464,2712960,30058048,16252864,16252864
2026-05-14T11:34:59+01:00,rpc-worker,4901630,221,439575,1194959978,43923,0,76585,0,32911424,30197376,2714048,30056960,16252864,16252864
2026-05-14T11:35:00+01:00,rpc-worker,4901631,221,439583,1194964877,43923,0,76585,0,32911424,30199488,2711936,30059072,16252864,16252864
2026-05-14T11:35:01+01:00,rpc-worker,4901632,221,439589,1194969775,43923,0,76585,0,32911424,30198464,2712960,30058048,16252864,16252864
2026-05-14T11:35:02+01:00,rpc-worker,4901639,221,439599,1194974662,43923,0,76585,0,32911424,30192128,2719296,30051776,16252864,16252864
2026-05-14T11:35:03+01:00,rpc-worker,4901643,221,439610,1194979555,43923,0,76585,0,32911424,30192128,2719296,30051776,16252864,16252864
2026-05-14T11:35:04+01:00,rpc-worker,4901644,221,439622,1194984449,43923,0,76585,0,32911424,30192704,2718720,30052352,16252864,16252864
2026-05-14T11:35:05+01:00,rpc-worker,4901647,221,439631,1194989342,43923,0,76585,0,32911424,30192128,2719296,30051776,16252864,16252864
2026-05-14T11:35:06+01:00,rpc-worker,4901649,221,439642,1194994236,43923,0,76585,0,32911424,30192704,2718720,30052352,16252864,16252864
2026-05-14T11:35:07+01:00,rpc-worker,4901662,221,439655,1194999102,43923,0,76585,0,32911424,30191744,2719680,30051392,16252864,16252864
2026-05-14T11:35:08+01:00,rpc-worker,4901666,221,439668,1195003995,43923,0,76586,0,32911424,30192256,2719168,30051904,16252864,16252864
2026-05-14T11:35:09+01:00,rpc-worker,4901669,221,439677,1195008890,43923,0,76586,0,32911424,30193024,2718400,30052672,16252864,16252864
2026-05-14T11:35:10+01:00,rpc-worker,4901672,221,439687,1195013788,43923,0,76586,0,32911424,30192448,2718976,30052096,16252864,16252864
2026-05-14T11:35:11+01:00,rpc-worker,4901678,221,439693,1195018685,43923,0,76586,0,32911424,30190848,2720576,30050496,16252864,16252864
2026-05-14T11:35:12+01:00,rpc-worker,4901680,221,439705,1195023582,43923,0,76586,0,32911424,30193024,2718400,30052672,16252864,16252864
2026-05-14T11:35:13+01:00,rpc-worker,4901683,221,439710,1195028483,43923,0,76586,0,32911424,30189888,2721536,30049536,16252864,16252864
2026-05-14T11:35:14+01:00,rpc-worker,4901685,221,439714,1195033387,43923,0,76586,0,32911424,30194112,2717312,30053760,16252864,16252864
2026-05-14T11:35:15+01:00,rpc-worker,4901688,221,439721,1195038282,43923,0,76587,0,32911424,30193536,2717888,30053184,16252864,16252864
2026-05-14T11:35:16+01:00,rpc-worker,4901692,221,439731,1195043177,43923,0,76587,0,32911424,30193728,2717696,30053376,16252864,16252864
2026-05-14T11:35:17+01:00,rpc-worker,4901693,221,439746,1195048072,43923,0,76587,0,32911424,30193216,2718208,30052864,16252864,16252864
2026-05-14T11:35:18+01:00,rpc-worker,4901697,221,439754,1195052967,43923,0,76587,0,32911424,30192256,2719168,30051904,16252864,16252864
2026-05-14T11:35:19+01:00,rpc-worker,4901701,221,439763,1195057861,43923,0,76588,0,32911424,30194752,2716672,30054400,16252864,16252864
2026-05-14T11:35:20+01:00,rpc-worker,4901704,221,439774,1195062755,43923,0,76588,0,32911424,30193408,2718016,30053056,16252864,16252864
2026-05-14T11:35:21+01:00,rpc-worker,4901707,221,439784,1195067650,43923,0,76589,0,32911424,30195584,2715840,30055232,16252864,16252864
2026-05-14T11:35:22+01:00,rpc-worker,4901751,221,439796,1195072512,43923,0,76589,0,32911424,30193792,2717632,30053440,16252864,16252864
2026-05-14T11:35:23+01:00,rpc-worker,4901754,221,439803,1195077406,43923,0,76589,0,32911424,30193088,2718336,30052736,16252864,16252864
2026-05-14T11:35:25+01:00,rpc-worker,4901756,221,439816,1195082302,43923,0,76589,0,32911424,30194048,2717376,30053696,16252864,16252864
2026-05-14T11:35:26+01:00,rpc-worker,4901759,221,439826,1195087195,43923,0,76589,0,32911424,30190912,2720512,30050560,16252864,16252864
2026-05-14T11:35:27+01:00,rpc-worker,4901763,221,439832,1195092092,43923,0,76589,0,32911424,30190912,2720512,30050560,16252864,16252864
2026-05-14T11:35:28+01:00,rpc-worker,4901763,221,439838,1195096998,43923,0,76589,0,32911424,30192320,2719104,30051968,16252864,16252864
2026-05-14T11:35:29+01:00,rpc-worker,4901766,221,439848,1195101891,43923,0,76589,0,32911424,30193088,2718336,30052736,16252864,16252864
2026-05-14T11:35:30+01:00,rpc-worker,4901766,221,439863,1195106785,43923,0,76589,0,32911424,30194240,2717184,30053888,16252864,16252864
2026-05-14T11:35:31+01:00,rpc-worker,4901770,221,439874,1195111676,43923,0,76589,0,32911424,30195392,2716032,30055040,16252864,16252864
2026-05-14T11:35:32+01:00,rpc-worker,4901771,221,439884,1195116567,43923,0,76589,0,32911424,30195392,2716032,30055040,16252864,16252864
2026-05-14T11:35:33+01:00,rpc-worker,4901775,221,439895,1195121457,43923,0,76589,0,32911424,30196032,2715392,30055616,16252864,16252864
2026-05-14T11:35:34+01:00,rpc-worker,4901777,221,439906,1195126347,43923,0,76589,0,32911424,30195072,2716352,30054656,16252864,16252864
2026-05-14T11:35:35+01:00,rpc-worker,4901779,221,439917,1195131238,43923,0,76589,0,32911424,30195456,2715968,30055040,16252864,16252864
2026-05-14T11:35:36+01:00,rpc-worker,4901783,221,439926,1195136129,43923,0,76589,0,32911424,30196032,2715392,30055616,16252864,16252864
2026-05-14T11:35:37+01:00,rpc-worker,4901786,221,439937,1195141022,43923,0,76589,0,32911424,30195840,2715584,30055424,16252864,16252864
2026-05-14T11:35:38+01:00,rpc-worker,4901821,221,439952,1195145884,43923,0,76589,0,32911424,30198272,2713152,30057856,16252864,16252864
2026-05-14T11:35:39+01:00,rpc-worker,4901823,221,439961,1195150781,43923,0,76589,0,32911424,30195776,2715648,30055360,16252864,16252864
2026-05-14T11:35:40+01:00,rpc-worker,4901826,221,439967,1195155680,43923,0,76589,0,32911424,30195904,2715520,30055488,16252864,16252864
2026-05-14T11:35:41+01:00,rpc-worker,4901828,221,439972,1195160582,43923,0,76589,0,32911424,30194816,2716608,30054400,16252864,16252864
2026-05-14T11:35:42+01:00,rpc-worker,4901831,221,439984,1195165475,43923,0,76589,0,32911424,30195200,2716224,30054784,16252864,16252864
2026-05-14T11:35:43+01:00,rpc-worker,4901834,221,439993,1195170366,43923,0,76589,0,32911424,30195392,2716032,30055040,16252864,16252864
2026-05-14T11:35:44+01:00,rpc-worker,4901838,221,440002,1195175258,43923,0,76590,0,32911424,30196288,2715136,30055936,16252864,16252864
2026-05-14T11:35:45+01:00,rpc-worker,4901841,221,440014,1195180151,43923,0,76591,0,32911424,30194944,2716480,30054592,16252864,16252864
2026-05-14T11:35:46+01:00,rpc-worker,4901844,221,440024,1195185040,43923,0,76591,0,32911424,30194368,2717056,30054016,16252864,16252864
2026-05-14T11:35:47+01:00,rpc-worker,4901848,221,440032,1195189931,43923,0,76591,0,32911424,30194560,2716864,30054208,16252864,16252864
2026-05-14T11:35:48+01:00,rpc-worker,4901849,221,440044,1195194823,43923,0,76591,0,32911424,30194368,2717056,30054016,16252864,16252864
2026-05-14T11:35:49+01:00,rpc-worker,4901854,221,440052,1195199715,43923,0,76591,0,32911424,30193984,2717440,30053632,16252864,16252864
2026-05-14T11:35:50+01:00,rpc-worker,4901855,221,440066,1195204608,43923,0,76592,0,32911424,30193856,2717568,30053504,16252864,16252864
2026-05-14T11:35:51+01:00,rpc-worker,4901858,221,440075,1195209502,43923,0,76592,0,32911424,30193280,2718144,30052928,16252864,16252864
2026-05-14T11:35:52+01:00,rpc-worker,4901903,221,440092,1195214364,43923,0,76592,0,32911424,30192704,2718720,30052352,16252864,16252864
2026-05-14T11:35:53+01:00,rpc-worker,4901905,221,440104,1195219262,43923,0,76592,0,32911424,30189120,2722304,30048768,16252864,16252864
2026-05-14T11:35:54+01:00,rpc-worker,4901905,221,440108,1195224166,43923,0,76593,0,32911424,30190464,2720960,30050112,16252864,16252864
2026-05-14T11:35:55+01:00,rpc-worker,4901906,221,440120,1195229066,43923,0,76593,0,32911424,30194112,2717312,30053760,16252864,16252864
2026-05-14T11:35:56+01:00,rpc-worker,4901908,221,440130,1195233962,43923,0,76593,0,32911424,30193856,2717568,30053440,16252864,16252864
2026-05-14T11:35:57+01:00,rpc-worker,4901913,221,440139,1195238859,43923,0,76593,0,32911424,30192832,2718592,30052416,16252864,16252864
2026-05-14T11:35:58+01:00,rpc-worker,4901915,221,440147,1195243756,43923,0,76596,0,32911424,30194112,2717312,30053696,16252864,16252864
2026-05-14T11:35:59+01:00,rpc-worker,4901919,221,440157,1195248653,43923,0,76596,0,32911424,30194624,2716800,30054208,16252864,16252864
2026-05-14T11:36:00+01:00,rpc-worker,4901925,221,440165,1195253550,43923,0,76596,0,32911424,30194880,2716544,30054464,16252864,16252864
2026-05-14T11:36:01+01:00,rpc-worker,4901931,221,440174,1195258446,43923,0,76596,0,32911424,30195072,2716352,30054656,16252864,16252864
2026-05-14T11:36:02+01:00,rpc-worker,4901935,221,440180,1195263343,43923,0,76597,0,32911424,30193728,2717696,30053312,16252864,16252864
2026-05-14T11:36:03+01:00,rpc-worker,4901937,221,440192,1195268239,43923,0,76598,0,32911424,30195136,2716288,30054720,16252864,16252864
2026-05-14T11:36:04+01:00,rpc-worker,4901940,221,440203,1195273134,43923,0,76598,0,32911424,30196672,2714752,30056256,16252864,16252864
2026-05-14T11:36:05+01:00,rpc-worker,4901941,221,440214,1195278030,43923,0,76598,0,32911424,30193216,2718208,30052800,16252864,16252864
2026-05-14T11:36:06+01:00,rpc-worker,4901944,221,440225,1195282923,43923,0,76600,0,32911424,30192832,2718592,30052416,16252864,16252864
2026-05-14T11:36:07+01:00,rpc-worker,4901977,221,440242,1195287788,43923,0,76600,0,32911424,30194368,2717056,30053952,16252864,16252864
2026-05-14T11:36:08+01:00,rpc-worker,4901977,221,440249,1195292689,43923,0,76600,0,32911424,30196672,2714752,30056256,16252864,16252864
2026-05-14T11:36:10+01:00,rpc-worker,4901979,221,440258,1195297584,43923,0,76600,0,32911424,30195200,2716224,30054784,16252864,16252864
2026-05-14T11:36:11+01:00,rpc-worker,4901982,221,440268,1195302480,43923,0,76600,0,32911424,30195200,2716224,30054784,16252864,16252864
2026-05-14T11:36:12+01:00,rpc-worker,4901986,221,440278,1195307373,43923,0,76600,0,32911424,30195520,2715904,30055104,16252864,16252864
2026-05-14T11:36:13+01:00,rpc-worker,4901989,221,440288,1195312267,43923,0,76600,0,32911424,30196288,2715136,30055872,16252864,16252864
2026-05-14T11:36:14+01:00,rpc-worker,4901992,221,440299,1195317161,43923,0,76600,0,32911424,30196288,2715136,30055872,16252864,16252864
2026-05-14T11:36:15+01:00,rpc-worker,4901997,221,440310,1195322055,43923,0,76600,0,32911424,30197440,2713984,30057024,16252864,16252864
2026-05-14T11:36:16+01:00,rpc-worker,4901997,221,440322,1195326949,43923,0,76600,0,32911424,30200768,2710656,30060288,16252864,16252864
2026-05-14T11:36:17+01:00,rpc-worker,4902000,221,440330,1195331843,43923,0,76601,0,32911424,30201152,2710272,30060672,16252864,16252864
2026-05-14T11:36:18+01:00,rpc-worker,4902001,221,440344,1195336738,43923,0,76601,0,32911424,30200576,2710848,30060096,16252864,16252864
2026-05-14T11:36:19+01:00,rpc-worker,4902006,221,440353,1195341631,43923,0,76601,0,32911424,30200704,2710720,30060224,16252864,16252864
2026-05-14T11:36:20+01:00,rpc-worker,4902009,221,440361,1195346526,43923,0,76603,0,32911424,30200896,2710528,30060416,16252864,16252864
2026-05-14T11:36:21+01:00,rpc-worker,4902010,221,440371,1195351423,43923,0,76604,0,32911424,30198784,2712640,30058304,16252864,16252864
2026-05-14T11:36:22+01:00,rpc-worker,4902010,221,440377,1195356326,43923,0,76605,0,32911424,30200960,2710464,30060480,16252864,16252864
2026-05-14T11:36:23+01:00,rpc-worker,4902028,221,440390,1195361186,43923,0,76605,0,32911424,30199488,2711936,30059008,16252864,16252864
2026-05-14T11:36:24+01:00,rpc-worker,4902028,221,440404,1195366078,43923,0,76605,0,32911424,30201408,2710016,30060928,16252864,16252864
2026-05-14T11:36:25+01:00,rpc-worker,4902030,221,440414,1195370969,43923,0,76605,0,32911424,30199936,2711488,30059456,16252864,16252864
2026-05-14T11:36:26+01:00,rpc-worker,4902033,221,440426,1195375860,43923,0,76605,0,32911424,30200192,2711232,30059712,16252864,16252864
2026-05-14T11:36:27+01:00,rpc-worker,4902036,221,440437,1195380751,43923,0,76605,0,32911424,30201024,2710400,30060544,16252864,16252864
2026-05-14T11:36:28+01:00,rpc-worker,4902042,221,440443,1195385641,43923,0,76605,0,32911424,30201408,2710016,30060928,16252864,16252864
2026-05-14T11:36:29+01:00,rpc-worker,4902044,221,440453,1195390533,43923,0,76606,0,32911424,30201152,2710272,30060672,16252864,16252864
2026-05-14T11:36:30+01:00,rpc-worker,4902047,221,440462,1195395426,43923,0,76606,0,32911424,30200256,2711168,30059776,16252864,16252864
2026-05-14T11:36:31+01:00,rpc-worker,4902050,221,440472,1195400320,43924,0,76606,0,32911424,30200896,2710528,30060224,16252864,16252864
2026-05-14T11:36:32+01:00,rpc-worker,4902052,221,440482,1195405213,43924,0,76606,0,32911424,30200832,2710592,30060160,16252864,16252864
2026-05-14T11:36:33+01:00,rpc-worker,4902053,221,440494,1195410106,43924,0,76606,0,32911424,30198720,2712704,30058048,16252864,16252864
2026-05-14T11:36:34+01:00,rpc-worker,4902057,221,440500,1195414999,43924,0,76606,0,32911424,30198144,2713280,30057472,16252864,16252864
2026-05-14T11:36:35+01:00,rpc-worker,4902058,221,440505,1195419912,43924,0,76607,0,32911424,30200256,2711168,30059584,16252864,16252864
2026-05-14T11:36:36+01:00,rpc-worker,4902062,221,440512,1195424812,43924,0,76608,0,32911424,30200640,2710784,30059968,16252864,16252864
2026-05-14T11:36:37+01:00,rpc-worker,4902123,221,440528,1195429670,43924,0,76608,0,32911424,30200256,2711168,30059584,16252864,16252864
2026-05-14T11:36:38+01:00,rpc-worker,4902126,221,440538,1195434566,43924,0,76608,0,32911424,30198528,2712896,30057856,16252864,16252864
2026-05-14T11:36:39+01:00,rpc-worker,4902130,221,440545,1195439461,43924,0,76608,0,32911424,30199552,2711872,30058880,16252864,16252864
2026-05-14T11:36:40+01:00,rpc-worker,4902130,221,440558,1195444358,43924,0,76609,0,32911424,30199936,2711488,30059264,16252864,16252864
2026-05-14T11:36:41+01:00,rpc-worker,4902134,221,440568,1195449255,43924,0,76609,0,32911424,30199040,2712384,30058368,16252864,16252864
2026-05-14T11:36:42+01:00,rpc-worker,4902135,221,440580,1195454153,43924,0,76610,0,32911424,30199424,2712000,30058752,16252864,16252864
2026-05-14T11:36:43+01:00,rpc-worker,4902139,221,440590,1195459049,43924,0,76611,0,32911424,30198336,2713088,30057664,16252864,16252864
2026-05-14T11:36:44+01:00,rpc-worker,4902145,221,440598,1195463944,43924,0,76612,0,32911424,30199744,2711680,30058880,16252864,16252864
2026-05-14T11:36:45+01:00,rpc-worker,4902147,221,440609,1195468838,43924,0,76612,0,32911424,30200896,2710528,30059840,16252864,16252864
2026-05-14T11:36:46+01:00,rpc-worker,4902151,221,440619,1195473731,43924,0,76612,0,32911424,30195136,2716288,30054080,16252864,16252864
2026-05-14T11:36:47+01:00,rpc-worker,4902153,221,440629,1195478624,43924,0,76613,0,32911424,30198208,2713216,30057152,16252864,16252864
2026-05-14T11:36:48+01:00,rpc-worker,4902154,221,440638,1195483522,43924,0,76613,0,32911424,30198976,2712448,30057920,16252864,16252864
2026-05-14T11:36:49+01:00,rpc-worker,4902157,221,440643,1195488419,43924,0,76614,0,32911424,30199552,2711872,30058496,16252864,16252864
2026-05-14T11:36:50+01:00,rpc-worker,4902158,221,440653,1195493310,43924,0,76614,0,32911424,30197824,2713600,30056768,16252864,16252864
2026-05-14T11:36:51+01:00,rpc-worker,4902160,221,440666,1195498203,43924,0,76614,0,32911424,30200128,2711296,30059072,16252864,16252864
2026-05-14T11:36:52+01:00,rpc-worker,4902175,221,440681,1195503058,43924,0,76615,0,32911424,30198400,2713024,30057344,16252864,16252864
2026-05-14T11:36:53+01:00,rpc-worker,4902178,221,440691,1195507949,43924,0,76616,0,32911424,30199552,2711872,30058496,16252864,16252864
2026-05-14T11:36:55+01:00,rpc-worker,4902184,221,440698,1195512839,43924,0,76617,0,32911424,30199744,2711680,30058688,16252864,16252864
2026-05-14T11:36:56+01:00,rpc-worker,4902192,221,440707,1195517725,43924,0,76617,0,32911424,30199936,2711488,30058880,16252864,16252864
2026-05-14T11:36:57+01:00,rpc-worker,4902193,221,440718,1195522620,43924,0,76617,0,32911424,30200192,2711232,30059136,16252864,16252864
2026-05-14T11:36:58+01:00,rpc-worker,4902195,221,440730,1195527514,43924,0,76617,0,32911424,30200384,2711040,30059328,16252864,16252864
2026-05-14T11:36:59+01:00,rpc-worker,4902199,221,440737,1195532407,43924,0,76618,0,32911424,30200576,2710848,30059520,16252864,16252864
2026-05-14T11:37:00+01:00,rpc-worker,4902199,221,440748,1195537302,43924,0,76618,0,32911424,30203136,2708288,30062080,16252864,16252864
2026-05-14T11:37:01+01:00,rpc-worker,4902201,221,440757,1195542196,43924,0,76618,0,32911424,30198528,2712896,30057472,16252864,16252864
2026-05-14T11:37:02+01:00,rpc-worker,4902206,221,440762,1195547094,43924,0,76618,0,32911424,30198912,2712512,30057856,16252864,16252864
2026-05-14T11:37:03+01:00,rpc-worker,4902209,221,440765,1195551990,43924,0,76618,0,32911424,30200832,2710592,30059776,16252864,16252864
2026-05-14T11:37:04+01:00,rpc-worker,4902214,221,440772,1195556882,43924,0,76618,0,32911424,30200832,2710592,30059776,16252864,16252864
2026-05-14T11:37:05+01:00,rpc-worker,4902218,221,440781,1195561774,43924,0,76618,0,32911424,30200448,2710976,30059392,16252864,16252864
2026-05-14T11:37:06+01:00,rpc-worker,4902224,221,440790,1195566666,43924,0,76618,0,32911424,30200256,2711168,30059200,16252864,16252864
2026-05-14T11:37:07+01:00,rpc-worker,4902227,221,440800,1195571560,43924,0,76618,0,32911424,30200448,2710976,30059392,16252864,16252864
2026-05-14T11:37:08+01:00,rpc-worker,4902249,221,440811,1195576425,43924,0,76618,0,32911424,30200768,2710656,30059712,16252864,16252864
2026-05-14T11:37:09+01:00,rpc-worker,4902253,221,440820,1195581322,43924,0,76619,0,32911424,30201088,2710336,30060096,16252864,16252864
2026-05-14T11:37:10+01:00,rpc-worker,4902258,221,440830,1195586218,43924,0,76619,0,32911424,30201088,2710336,30060096,16252864,16252864
2026-05-14T11:37:11+01:00,rpc-worker,4902262,221,440838,1195591112,43924,0,76619,0,32911424,30201280,2710144,30060288,16252864,16252864
2026-05-14T11:37:12+01:00,rpc-worker,4902262,221,440849,1195596010,43924,0,76619,0,32911424,30198208,2713216,30057216,16252864,16252864
2026-05-14T11:37:13+01:00,rpc-worker,4902265,221,440862,1195600905,43924,0,76619,0,32911424,30199168,2712256,30058176,16252864,16252864
2026-05-14T11:37:14+01:00,rpc-worker,4902267,221,440872,1195605801,43924,0,76620,0,32911424,30197632,2713792,30056640,16252864,16252864
2026-05-14T11:37:15+01:00,rpc-worker,4902270,221,440881,1195610698,43924,0,76620,0,32911424,30195968,2715456,30054976,16252864,16252864
2026-05-14T11:37:16+01:00,rpc-worker,4902272,221,440885,1195615606,43924,0,76620,0,32911424,30198080,2713344,30057088,16252864,16252864
2026-05-14T11:37:17+01:00,rpc-worker,4902272,221,440896,1195620505,43924,0,76620,0,32911424,30200384,2711040,30059392,16252864,16252864
2026-05-14T11:37:18+01:00,rpc-worker,4902277,221,440901,1195625400,43924,0,76621,0,32911424,30200384,2711040,30059392,16252864,16252864
2026-05-14T11:37:19+01:00,rpc-worker,4902280,221,440911,1195630294,43924,0,76621,0,32911424,30199040,2712384,30058048,16252864,16252864
2026-05-14T11:37:20+01:00,rpc-worker,4902284,221,440919,1195635186,43924,0,76622,0,32911424,30199616,2711808,30058624,16252864,16252864
2026-05-14T11:37:21+01:00,rpc-worker,4902285,221,440930,1195640078,43924,0,76622,0,32911424,30200000,2711424,30059008,16252864,16252864
2026-05-14T11:37:22+01:00,rpc-worker,4902335,221,440949,1195644939,43924,0,76622,0,32911424,30198848,2712576,30057856,16252864,16252864
2026-05-14T11:37:23+01:00,rpc-worker,4902338,221,440959,1195649836,43924,0,76623,0,32911424,30200576,2710848,30059584,16252864,16252864
2026-05-14T11:37:24+01:00,rpc-worker,4902341,221,440967,1195654733,43924,0,76623,0,32911424,30196544,2714880,30055552,16252864,16252864
2026-05-14T11:37:25+01:00,rpc-worker,4902343,221,440979,1195659629,43924,0,76623,0,32911424,30197824,2713600,30056832,16252864,16252864
2026-05-14T11:37:26+01:00,rpc-worker,4902345,221,440990,1195664528,43924,0,76623,0,32911424,30198208,2713216,30057216,16252864,16252864
2026-05-14T11:37:27+01:00,rpc-worker,4902349,221,440999,1195669427,43924,0,76624,0,32911424,30196736,2714688,30055744,16252864,16252864
2026-05-14T11:37:28+01:00,rpc-worker,4902354,221,441008,1195674324,43924,0,76624,0,32911424,30192512,2718912,30051520,16252864,16252864
2026-05-14T11:37:29+01:00,rpc-worker,4902356,221,441013,1195679235,43924,0,76624,0,32911424,30196160,2715264,30055168,16252864,16252864
2026-05-14T11:37:30+01:00,rpc-worker,4902359,221,441020,1195684136,43924,0,76624,0,32911424,30199040,2712384,30058048,16252864,16252864
2026-05-14T11:37:31+01:00,rpc-worker,4902361,221,441031,1195689035,43924,0,76624,0,32911424,30197952,2713472,30056896,16252864,16252864
2026-05-14T11:37:32+01:00,rpc-worker,4902425,221,441066,1195693849,43924,0,76625,0,32911424,30192256,2719168,30051136,16252864,16252864
2026-05-14T11:37:33+01:00,rpc-worker,4902528,221,441077,1195698643,43924,0,76625,0,32911424,30189568,2721856,30048448,16252864,16252864
2026-05-14T11:37:34+01:00,rpc-worker,4902542,221,441093,1195703519,43924,0,76625,0,32911424,30197440,2713984,30056320,16252864,16252864
2026-05-14T11:37:35+01:00,rpc-worker,4902543,221,441104,1195708411,43924,0,76625,0,32911424,30199040,2712384,30057856,16252864,16252864
2026-05-14T11:37:36+01:00,rpc-worker,4902546,221,441115,1195713305,43924,0,76625,0,32911424,30198656,2712768,30057472,16252864,16252864
2026-05-14T11:37:37+01:00,rpc-worker,4902560,221,441128,1195718163,43924,0,76625,0,32911424,30196416,2715008,30055232,16252864,16252864
2026-05-14T11:37:38+01:00,rpc-worker,4902568,221,441132,1195723056,43924,0,76625,0,32911424,30195456,2715968,30054272,16252864,16252864
2026-05-14T11:37:40+01:00,rpc-worker,4902569,221,441146,1195727948,43924,0,76625,0,32911424,30196672,2714752,30055488,16252864,16252864
2026-05-14T11:37:41+01:00,rpc-worker,4902570,221,441156,1195732844,43924,0,76627,0,32911424,30192064,2719360,30050880,16252864,16252864
2026-05-14T11:37:42+01:00,rpc-worker,4902572,221,441168,1195737742,43924,0,76627,0,32911424,30191680,2719744,30050496,16252864,16252864
2026-05-14T11:37:43+01:00,rpc-worker,4902573,221,441176,1195742649,43924,0,76628,0,32911424,30195520,2715904,30054336,16252864,16252864
2026-05-14T11:37:44+01:00,rpc-worker,4902576,221,441182,1195747553,43924,0,76628,0,32911424,30196480,2714944,30055296,16252864,16252864
2026-05-14T11:37:45+01:00,rpc-worker,4902577,221,441194,1195752454,43924,0,76629,0,32911424,30197056,2714368,30055872,16252864,16252864
2026-05-14T11:37:46+01:00,rpc-worker,4902582,221,441202,1195757350,43924,0,76629,0,32911424,30197504,2713920,30056320,16252864,16252864
2026-05-14T11:37:47+01:00,rpc-worker,4902584,221,441212,1195762243,43924,0,76630,0,32911424,30197312,2714112,30056128,16252864,16252864
2026-05-14T11:37:48+01:00,rpc-worker,4902587,221,441222,1195767136,43924,0,76631,0,32911424,30197888,2713536,30056704,16252864,16252864
2026-05-14T11:37:49+01:00,rpc-worker,4902590,221,441232,1195772029,43924,0,76632,0,32911424,30197120,2714304,30055936,16252864,16252864
2026-05-14T11:37:50+01:00,rpc-worker,4902593,221,441241,1195776921,43924,0,76633,0,32911424,30197568,2713856,30056384,16252864,16252864
2026-05-14T11:37:51+01:00,rpc-worker,4902597,221,441249,1195781814,43924,0,76633,0,32911424,30196800,2714624,30055616,16252864,16252864
2026-05-14T11:37:52+01:00,rpc-worker,4902598,221,441262,1195786706,43924,0,76633,0,32911424,30197952,2713472,30056768,16252864,16252864
2026-05-14T11:37:53+01:00,rpc-worker,4902638,221,441288,1195791568,43924,0,76633,0,32911424,30197120,2714304,30055936,16252864,16252864
2026-05-14T11:37:54+01:00,rpc-worker,4902640,221,441301,1195796467,43924,0,76633,0,32911424,30197120,2714304,30055936,16252864,16252864
2026-05-14T11:37:55+01:00,rpc-worker,4902642,221,441310,1195801367,43924,0,76633,0,32911424,30196352,2715072,30055168,16252864,16252864
2026-05-14T11:37:56+01:00,rpc-worker,4902643,221,441319,1195806270,43924,0,76634,0,32911424,30195648,2715776,30054464,16252864,16252864
2026-05-14T11:37:57+01:00,rpc-worker,4902643,221,441322,1195811179,43924,0,76634,0,32911424,30198912,2712512,30057728,16252864,16252864
2026-05-14T11:37:58+01:00,rpc-worker,4902648,221,441332,1195816082,43924,0,76635,0,32911424,30198272,2713152,30057088,16252864,16252864
2026-05-14T11:37:59+01:00,rpc-worker,4902652,221,441341,1195820979,43924,0,76635,0,32911424,30197824,2713600,30056640,16252864,16252864
2026-05-14T11:38:00+01:00,rpc-worker,4902656,221,441349,1195825872,43924,0,76636,0,32911424,30197632,2713792,30056448,16252864,16252864
2026-05-14T11:38:01+01:00,rpc-worker,4902657,221,441357,1195830765,43924,0,76636,0,32911424,30198592,2712832,30057408,16252864,16252864
2026-05-14T11:38:02+01:00,rpc-worker,4902661,221,441367,1195835657,43924,0,76636,0,32911424,30197824,2713600,30056640,16252864,16252864
2026-05-14T11:38:03+01:00,rpc-worker,4902662,221,441379,1195840550,43924,0,76636,0,32911424,30197440,2713984,30056256,16252864,16252864
2026-05-14T11:38:04+01:00,rpc-worker,4902663,221,441390,1195845442,43924,0,76636,0,32911424,30198016,2713408,30056832,16252864,16252864
2026-05-14T11:38:05+01:00,rpc-worker,4902663,221,441403,1195850334,43924,0,76636,0,32911424,30196352,2715072,30055104,16252864,16252864
2026-05-14T11:38:06+01:00,rpc-worker,4902664,221,441413,1195855225,43924,0,76638,0,32911424,30195200,2716224,30053952,16252864,16252864
2026-05-14T11:38:07+01:00,rpc-worker,4902693,221,441440,1195860085,43924,0,76639,0,32911424,30193728,2717696,30052480,16252864,16252864
2026-05-14T11:38:08+01:00,rpc-worker,4902697,221,441450,1195864981,43924,0,76639,0,32911424,30192000,2719424,30050752,16252864,16252864
2026-05-14T11:38:09+01:00,rpc-worker,4902700,221,441461,1195869881,43924,0,76639,0,32911424,30193152,2718272,30051904,16252864,16252864
2026-05-14T11:38:10+01:00,rpc-worker,4902704,221,441466,1195874787,43924,0,76639,0,32911424,30195648,2715776,30054400,16252864,16252864
2026-05-14T11:38:11+01:00,rpc-worker,4902705,221,441473,1195879693,43924,0,76639,0,32911424,30195776,2715648,30054528,16252864,16252864
2026-05-14T11:38:12+01:00,rpc-worker,4902709,221,441483,1195884593,43924,0,76639,0,32911424,30194240,2717184,30052992,16252864,16252864
2026-05-14T11:38:13+01:00,rpc-worker,4902712,221,441493,1195889490,43924,0,76639,0,32911424,30192704,2718720,30051456,16252864,16252864
2026-05-14T11:38:14+01:00,rpc-worker,4902714,221,441501,1195894382,43924,0,76639,0,32911424,30193472,2717952,30052224,16252864,16252864
2026-05-14T11:38:15+01:00,rpc-worker,4902717,221,441512,1195899274,43924,0,76639,0,32911424,30193856,2717568,30052608,16252864,16252864
2026-05-14T11:38:16+01:00,rpc-worker,4902721,221,441521,1195904166,43924,0,76639,0,32911424,30192320,2719104,30051072,16252864,16252864
2026-05-14T11:38:17+01:00,rpc-worker,4902722,221,441532,1195909058,43924,0,76640,0,32911424,30191360,2720064,30050112,16252864,16252864
2026-05-14T11:38:18+01:00,rpc-worker,4902725,221,441542,1195913952,43924,0,76640,0,32911424,30193088,2718336,30051840,16252864,16252864
2026-05-14T11:38:19+01:00,rpc-worker,4902731,221,441550,1195918842,43924,0,76640,0,32911424,30192512,2718912,30051264,16252864,16252864
2026-05-14T11:38:20+01:00,rpc-worker,4902736,221,441560,1195923737,43924,0,76640,0,32911424,30192704,2718720,30051456,16252864,16252864
2026-05-14T11:38:21+01:00,rpc-worker,4902736,221,441573,1195928637,43924,0,76640,0,32911424,30192320,2719104,30051072,16252864,16252864
2026-05-14T11:38:22+01:00,rpc-worker,4902777,221,441587,1195933502,43924,0,76640,0,32911424,30191040,2720384,30049792,16252864,16252864
2026-05-14T11:38:24+01:00,rpc-worker,4902779,221,441596,1195938407,43924,0,76642,0,32911424,30192064,2719360,30050816,16252864,16252864
2026-05-14T11:38:25+01:00,rpc-worker,4902782,221,441598,1195943316,43924,0,76642,0,32911424,30193664,2717760,30052416,16252864,16252864
2026-05-14T11:38:26+01:00,rpc-worker,4902787,221,441607,1195948214,43924,0,76643,0,32911424,30194240,2717184,30052992,16252864,16252864
2026-05-14T11:38:27+01:00,rpc-worker,4902792,221,441615,1195953106,43924,0,76643,0,32911424,30193280,2718144,30052032,16252864,16252864
2026-05-14T11:38:28+01:00,rpc-worker,4902793,221,441624,1195957999,43924,0,76646,0,32911424,30194048,2717376,30052800,16252864,16252864
2026-05-14T11:38:29+01:00,rpc-worker,4902798,221,441632,1195962892,43924,0,76646,0,32911424,30194048,2717376,30052800,16252864,16252864
2026-05-14T11:38:30+01:00,rpc-worker,4902799,221,441643,1195967785,43924,0,76646,0,32911424,30193280,2718144,30052032,16252864,16252864
2026-05-14T11:38:31+01:00,rpc-worker,4902804,221,441652,1195972678,43924,0,76646,0,32911424,30193472,2717952,30052224,16252864,16252864
2026-05-14T11:38:32+01:00,rpc-worker,4902806,221,441663,1195977570,43924,0,76646,0,32911424,30194048,2717376,30052800,16252864,16252864
2026-05-14T11:38:33+01:00,rpc-worker,4902806,221,441673,1195982466,43924,0,76647,0,32911424,30193280,2718144,30052032,16252864,16252864
2026-05-14T11:38:34+01:00,rpc-worker,4902809,221,441684,1195987368,43924,0,76647,0,32911424,30192128,2719296,30050880,16252864,16252864
2026-05-14T11:38:35+01:00,rpc-worker,4902814,221,441691,1195992269,43924,0,76647,0,32911424,30190592,2720832,30049344,16252864,16252864
2026-05-14T11:38:36+01:00,rpc-worker,4902817,221,441701,1195997167,43924,0,76647,0,32911424,30192128,2719296,30050880,16252864,16252864
2026-05-14T11:38:37+01:00,rpc-worker,4902822,221,441711,1196002067,43924,0,76647,0,32911424,30192512,2718912,30051264,16252864,16252864
2026-05-14T11:38:38+01:00,rpc-worker,4902842,221,441732,1196006942,43924,0,76647,0,32911424,30191488,2719936,30050240,16252864,16252864
2026-05-14T11:38:39+01:00,rpc-worker,4902844,221,441738,1196011841,43924,0,76649,0,32911424,30193984,2717440,30052736,16252864,16252864
2026-05-14T11:38:40+01:00,rpc-worker,4902849,221,441749,1196016733,43924,0,76649,0,32911424,30193792,2717632,30052544,16252864,16252864
2026-05-14T11:38:41+01:00,rpc-worker,4902849,221,441765,1196021626,43924,0,76649,0,32911424,30194176,2717248,30052928,16252864,16252864
2026-05-14T11:38:42+01:00,rpc-worker,4902853,221,441775,1196026518,43924,0,76649,0,32911424,30194368,2717056,30053120,16252864,16252864
2026-05-14T11:38:43+01:00,rpc-worker,4902857,221,441784,1196031410,43924,0,76649,0,32911424,30193600,2717824,30052352,16252864,16252864
2026-05-14T11:38:44+01:00,rpc-worker,4902859,221,441796,1196036302,43924,0,76649,0,32911424,30193984,2717440,30052736,16252864,16252864
2026-05-14T11:38:45+01:00,rpc-worker,4902864,221,441805,1196041192,43924,0,76649,0,32911424,30193984,2717440,30052736,16252864,16252864
2026-05-14T11:38:46+01:00,rpc-worker,4902867,221,441816,1196046085,43924,0,76650,0,32911424,30193216,2718208,30051968,16252864,16252864
2026-05-14T11:38:47+01:00,rpc-worker,4902869,221,441827,1196050978,43924,0,76650,0,32911424,30193856,2717568,30052608,16252864,16252864
2026-05-14T11:38:48+01:00,rpc-worker,4902870,221,441838,1196055873,43924,0,76650,0,32911424,30194240,2717184,30052992,16252864,16252864
2026-05-14T11:38:49+01:00,rpc-worker,4902871,221,441852,1196060773,43924,0,76650,0,32911424,30191168,2720256,30049920,16252864,16252864
2026-05-14T11:38:50+01:00,rpc-worker,4902872,221,441863,1196065673,43924,0,76650,0,32911424,30190016,2721408,30048768,16252864,16252864
2026-05-14T11:38:51+01:00,rpc-worker,4902874,221,441872,1196070576,43924,0,76651,0,32911424,30189632,2721792,30048384,16252864,16252864
2026-05-14T11:38:52+01:00,rpc-worker,4902895,221,441889,1196075455,43924,0,76651,0,32911424,30193856,2717568,30052608,16252864,16252864
2026-05-14T11:38:53+01:00,rpc-worker,4902901,221,441896,1196080355,43924,0,76651,0,32911424,30194624,2716800,30053376,16252864,16252864
2026-05-14T11:38:54+01:00,rpc-worker,4902904,221,441906,1196085248,43924,0,76652,0,32911424,30194816,2716608,30053568,16252864,16252864
2026-05-14T11:38:55+01:00,rpc-worker,4902908,221,441914,1196090140,43924,0,76653,0,32911424,30194432,2716992,30053184,16252864,16252864
2026-05-14T11:38:56+01:00,rpc-worker,4902912,221,441928,1196095025,43924,0,76654,0,32911424,30194240,2717184,30052992,16252864,16252864
2026-05-14T11:38:57+01:00,rpc-worker,4902915,221,441937,1196099918,43924,0,76654,0,32911424,30194816,2716608,30053568,16252864,16252864
2026-05-14T11:38:58+01:00,rpc-worker,4902918,221,441949,1196104810,43924,0,76655,0,32911424,30193088,2718336,30051840,16252864,16252864
2026-05-14T11:38:59+01:00,rpc-worker,4902921,221,441959,1196109703,43924,0,76656,0,32911424,30193472,2717952,30052224,16252864,16252864
2026-05-14T11:39:00+01:00,rpc-worker,4902924,221,441970,1196114598,43924,0,76656,0,32911424,30194816,2716608,30053568,16252864,16252864
2026-05-14T11:39:01+01:00,rpc-worker,4902927,221,441979,1196119498,43924,0,76656,0,32911424,30197120,2714304,30055872,16252864,16252864
2026-05-14T11:39:02+01:00,rpc-worker,4902930,221,441988,1196124399,43924,0,76656,0,32911424,30194624,2716800,30053376,16252864,16252864
2026-05-14T11:39:03+01:00,rpc-worker,4902932,221,441999,1196129299,43924,0,76657,0,32911424,30196544,2714880,30055296,16252864,16252864
2026-05-14T11:39:04+01:00,rpc-worker,4902934,221,442008,1196134203,43924,0,76658,0,32911424,30189248,2722176,30048000,16252864,16252864
2026-05-14T11:39:05+01:00,rpc-worker,4902936,221,442011,1196139107,43924,0,76658,0,32911424,30192512,2718912,30051264,16252864,16252864
2026-05-14T11:39:06+01:00,rpc-worker,4902937,221,442019,1196144005,43924,0,76658,0,32911424,30194624,2716800,30053376,16252864,16252864
2026-05-14T11:39:07+01:00,rpc-worker,4902960,221,442043,1196148863,43924,0,76658,0,32911424,30193216,2718208,30051968,16252864,16252864
2026-05-14T11:39:09+01:00,rpc-worker,4902965,221,442051,1196153758,43924,0,76659,0,32911424,30193792,2717632,30052544,16252864,16252864
2026-05-14T11:39:10+01:00,rpc-worker,4902965,221,442065,1196158651,43924,0,76660,0,32911424,30195712,2715712,30054464,16252864,16252864
2026-05-14T11:39:11+01:00,rpc-worker,4902970,221,442073,1196163541,43924,0,76660,0,32911424,30194176,2717248,30052928,16252864,16252864
2026-05-14T11:39:12+01:00,rpc-worker,4902973,221,442084,1196168433,43924,0,76660,0,32911424,30195712,2715712,30054464,16252864,16252864
2026-05-14T11:39:13+01:00,rpc-worker,4902975,221,442094,1196173328,43924,0,76660,0,32911424,30194944,2716480,30053696,16252864,16252864
2026-05-14T11:39:14+01:00,rpc-worker,4902978,221,442105,1196178228,43924,0,76660,0,32911424,30195136,2716288,30053888,16252864,16252864
2026-05-14T11:39:15+01:00,rpc-worker,4902981,221,442116,1196183378,43924,0,76661,0,32911424,30194560,2716864,30053312,16252864,16252864
2026-05-14T11:39:16+01:00,rpc-worker,4902983,221,442126,1196188378,43924,0,76661,0,32911424,30194944,2716480,30053504,16252864,16252864
2026-05-14T11:39:17+01:00,rpc-worker,4902989,221,442136,1196193277,43924,0,76661,0,32911424,30193600,2717824,30052160,16252864,16252864
2026-05-14T11:39:18+01:00,rpc-worker,4902992,221,442147,1196198177,43924,0,76661,0,32911424,30194368,2717056,30052928,16252864,16252864
2026-05-14T11:39:19+01:00,rpc-worker,4902994,221,442157,1196203074,43924,0,76661,0,32911424,30193792,2717632,30052352,16252864,16252864
2026-05-14T11:39:20+01:00,rpc-worker,4902995,221,442166,1196207972,43924,0,76661,0,32911424,30195136,2716288,30053696,16252864,16252864
2026-05-14T11:39:21+01:00,rpc-worker,4902995,221,442170,1196212871,43924,0,76661,0,32911424,30193792,2717632,30052352,16252864,16252864
2026-05-14T11:39:22+01:00,rpc-worker,4902998,221,442180,1196217763,43924,0,76662,0,32911424,30195136,2716288,30053696,16252864,16252864
2026-05-14T11:39:23+01:00,rpc-worker,4903009,221,442209,1196222625,43924,0,76662,0,32911424,30194304,2717120,30052864,16252864,16252864
2026-05-14T11:39:24+01:00,rpc-worker,4903013,221,442218,1196227618,43924,0,76662,0,32911424,30194048,2717376,30052608,16252864,16252864
2026-05-14T11:39:25+01:00,rpc-worker,4903017,221,442227,1196232614,43924,0,76664,0,32911424,30193088,2718336,30051648,16252864,16252864
2026-05-14T11:39:26+01:00,rpc-worker,4903022,221,442232,1196237506,43924,0,76664,0,32911424,30194432,2716992,30052992,16252864,16252864
2026-05-14T11:39:27+01:00,rpc-worker,4903026,221,442244,1196242399,43924,0,76665,0,32911424,30195136,2716288,30053696,16252864,16252864
2026-05-14T11:39:28+01:00,rpc-worker,4903030,221,442254,1196247294,43924,0,76665,0,32911424,30192256,2719168,30050816,16252864,16252864
2026-05-14T11:39:29+01:00,rpc-worker,4903032,221,442265,1196252194,43924,0,76665,0,32911424,30194368,2717056,30052928,16252864,16252864
2026-05-14T11:39:30+01:00,rpc-worker,4903033,221,442278,1196257095,43924,0,76665,0,32911424,30192832,2718592,30051392,16252864,16252864
2026-05-14T11:39:31+01:00,rpc-worker,4903036,221,442288,1196261994,43924,0,76666,0,32911424,30197824,2713600,30056384,16252864,16252864
2026-05-14T11:39:32+01:00,rpc-worker,4903037,221,442299,1196266894,43924,0,76666,0,32911424,30193024,2718400,30051584,16252864,16252864
2026-05-14T11:39:33+01:00,rpc-worker,4903042,221,442309,1196271791,43924,0,76666,0,32911424,30191872,2719552,30050432,16252864,16252864
2026-05-14T11:39:34+01:00,rpc-worker,4903042,221,442317,1196276690,43924,0,76666,0,32911424,30194368,2717056,30052928,16252864,16252864
2026-05-14T11:39:35+01:00,rpc-worker,4903042,221,442323,1196281590,43924,0,76666,0,32911424,30195328,2716096,30053888,16252864,16252864
2026-05-14T11:39:36+01:00,rpc-worker,4903047,221,442330,1196286480,43924,0,76666,0,32911424,30195520,2715904,30054080,16252864,16252864
2026-05-14T11:39:37+01:00,rpc-worker,4903087,221,442348,1196291339,43924,0,76666,0,32911424,30195520,2715904,30054080,16252864,16252864
2026-05-14T11:39:38+01:00,rpc-worker,4903090,221,442357,1196296233,43924,0,76666,0,32911424,30194624,2716800,30053184,16252864,16252864
2026-05-14T11:39:39+01:00,rpc-worker,4903091,221,442370,1196301123,43924,0,76666,0,32911424,30193728,2717696,30052288,16252864,16252864
2026-05-14T11:39:40+01:00,rpc-worker,4903094,221,442378,1196306020,43924,0,76666,0,32911424,30194560,2716864,30053120,16252864,16252864
2026-05-14T11:39:41+01:00,rpc-worker,4903098,221,442390,1196310919,43924,0,76666,0,32911424,30193600,2717824,30052160,16252864,16252864
2026-05-14T11:39:42+01:00,rpc-worker,4903102,221,442398,1196315819,43924,0,76666,0,32911424,30194944,2716480,30053504,16252864,16252864
2026-05-14T11:39:43+01:00,rpc-worker,4903104,221,442409,1196320719,43924,0,76667,0,32911424,30192064,2719360,30050624,16252864,16252864
2026-05-14T11:39:44+01:00,rpc-worker,4903108,221,442421,1196325617,43924,0,76667,0,32911424,30193984,2717440,30052544,16252864,16252864
2026-05-14T11:39:45+01:00,rpc-worker,4903111,221,442429,1196330514,43924,0,76667,0,32911424,30190336,2721088,30048832,16252864,16252864
2026-05-14T11:39:46+01:00,rpc-worker,4903114,221,442440,1196335407,43924,0,76668,0,32911424,30191168,2720256,30049664,16252864,16252864
2026-05-14T11:39:48+01:00,rpc-worker,4903118,221,442447,1196340302,43924,0,76668,0,32911424,30188288,2723136,30046784,16252864,16252864
2026-05-14T11:39:49+01:00,rpc-worker,4903118,221,442452,1196345204,43924,0,76668,0,32911424,30189440,2721984,30047936,16252864,16252864
2026-05-14T11:39:50+01:00,rpc-worker,4903123,221,442458,1196350098,43924,0,76668,0,32911424,30191744,2719680,30050240,16252864,16252864
2026-05-14T11:39:51+01:00,rpc-worker,4903124,221,442468,1196354990,43924,0,76669,0,32911424,30192320,2719104,30050816,16252864,16252864
2026-05-14T11:39:52+01:00,rpc-worker,4903127,221,442479,1196359880,43924,0,76669,0,32911424,30192512,2718912,30051008,16252864,16252864
2026-05-14T11:39:53+01:00,rpc-worker,4903174,221,442493,1196364744,43924,0,76670,0,32911424,30193728,2717696,30052160,16252864,16252864
2026-05-14T11:39:54+01:00,rpc-worker,4903178,221,442502,1196369643,43924,0,76670,0,32911424,30192960,2718464,30051392,16252864,16252864
2026-05-14T11:39:55+01:00,rpc-worker,4903180,221,442513,1196374543,43924,0,76670,0,32911424,30192384,2719040,30050816,16252864,16252864
2026-05-14T11:39:56+01:00,rpc-worker,4903182,221,442524,1196379444,43924,0,76671,0,32911424,30192960,2718464,30051392,16252864,16252864
2026-05-14T11:39:57+01:00,rpc-worker,4903184,221,442538,1196384344,43924,0,76671,0,32911424,30192960,2718464,30051392,16252864,16252864
2026-05-14T11:39:58+01:00,rpc-worker,4903187,221,442548,1196389239,43924,0,76672,0,32911424,30192192,2719232,30050624,16252864,16252864
2026-05-14T11:39:59+01:00,rpc-worker,4903190,221,442558,1196394132,43924,0,76673,0,32911424,30192192,2719232,30050624,16252864,16252864
2026-05-14T11:40:00+01:00,rpc-worker,4903193,221,442568,1196399023,43924,0,76673,0,32911424,30188224,2723200,30046656,16252864,16252864
2026-05-14T11:40:01+01:00,rpc-worker,4903200,221,442574,1196403916,43924,0,76673,0,32911424,30188224,2723200,30046656,16252864,16252864
2026-05-14T11:40:02+01:00,rpc-worker,4903206,221,442582,1196408808,43924,0,76673,0,32911424,30175168,2736256,30033664,16252864,16252864
2026-05-14T11:40:03+01:00,rpc-worker,4903207,221,442587,1196413707,43924,0,76673,0,32911424,30183616,2727808,30042112,16252864,16252864
2026-05-14T11:40:04+01:00,rpc-worker,4903211,221,442596,1196418599,43924,0,76673,0,32911424,30185344,2726080,30043840,16252864,16252864
2026-05-14T11:40:05+01:00,rpc-worker,4903215,221,442603,1196423493,43924,0,76673,0,32911424,30186304,2725120,30044800,16252864,16252864
2026-05-14T11:40:06+01:00,rpc-worker,4903218,221,442614,1196428386,43924,0,76673,0,32911424,30185152,2726272,30043648,16252864,16252864
2026-05-14T11:40:07+01:00,rpc-worker,4903222,221,442622,1196433277,43924,0,76673,0,32911424,30185728,2725696,30044224,16252864,16252864
2026-05-14T11:40:08+01:00,rpc-worker,4903258,221,442647,1196438141,43924,0,76673,0,32911424,30185600,2725824,30044032,16252864,16252864
2026-05-14T11:40:09+01:00,rpc-worker,4903260,221,442658,1196443040,43924,0,76673,0,32911424,30185600,2725824,30044032,16252864,16252864
2026-05-14T11:40:10+01:00,rpc-worker,4903266,221,442664,1196447940,43924,0,76673,0,32911424,30185024,2726400,30043456,16252864,16252864
2026-05-14T11:40:11+01:00,rpc-worker,4903269,221,442674,1196452840,43924,0,76673,0,32911424,30184576,2726848,30043008,16252864,16252864
2026-05-14T11:40:12+01:00,rpc-worker,4903272,221,442686,1196457740,43924,0,76673,0,32911424,30185600,2725824,30044032,16252864,16252864
2026-05-14T11:40:13+01:00,rpc-worker,4903276,221,442694,1196462635,43924,0,76673,0,32911424,30184256,2727168,30042688,16252864,16252864
2026-05-14T11:40:14+01:00,rpc-worker,4903278,221,442705,1196467527,43924,0,76673,0,32911424,30185216,2726208,30043648,16252864,16252864
2026-05-14T11:40:15+01:00,rpc-worker,4903282,221,442712,1196472424,43924,0,76673,0,32911424,30182528,2728896,30040960,16252864,16252864
2026-05-14T11:40:16+01:00,rpc-worker,4903283,221,442717,1196477324,43924,0,76673,0,32911424,30186176,2725248,30044608,16252864,16252864
2026-05-14T11:40:17+01:00,rpc-worker,4903289,221,442724,1196482216,43924,0,76673,0,32911424,30186368,2725056,30044800,16252864,16252864
2026-05-14T11:40:18+01:00,rpc-worker,4903294,221,442732,1196487108,43924,0,76673,0,32911424,30186304,2725120,30044736,16252864,16252864
2026-05-14T11:40:19+01:00,rpc-worker,4903296,221,442743,1196491999,43924,0,76674,0,32911424,30185344,2726080,30043776,16252864,16252864
2026-05-14T11:40:20+01:00,rpc-worker,4903300,221,442754,1196496895,43924,0,76674,0,32911424,30185344,2726080,30043776,16252864,16252864
2026-05-14T11:40:21+01:00,rpc-worker,4903302,221,442764,1196501796,43924,0,76674,0,32911424,30184576,2726848,30043008,16252864,16252864
2026-05-14T11:40:22+01:00,rpc-worker,4903327,221,442776,1196506663,43924,0,76674,0,32911424,30183424,2728000,30041856,16252864,16252864
2026-05-14T11:40:23+01:00,rpc-worker,4903329,221,442787,1196511562,43924,0,76674,0,32911424,30187712,2723712,30046144,16252864,16252864
2026-05-14T11:40:24+01:00,rpc-worker,4903332,221,442799,1196516462,43924,0,76675,0,32911424,30184832,2726592,30043264,16252864,16252864
2026-05-14T11:40:25+01:00,rpc-worker,4903333,221,442811,1196521356,43924,0,76676,0,32911424,30187712,2723712,30046144,16252864,16252864
2026-05-14T11:40:26+01:00,rpc-worker,4903337,221,442822,1196526251,43924,0,76676,0,32911424,30188096,2723328,30046528,16252864,16252864
2026-05-14T11:40:27+01:00,rpc-worker,4903337,221,442834,1196531142,43924,0,76676,0,32911424,30190080,2721344,30048512,16252864,16252864
2026-05-14T11:40:28+01:00,rpc-worker,4903340,221,442843,1196536038,43924,0,76676,0,32911424,30187008,2724416,30045440,16252864,16252864
2026-05-14T11:40:29+01:00,rpc-worker,4903343,221,442848,1196540942,43924,0,76676,0,32911424,30188736,2722688,30047168,16252864,16252864
2026-05-14T11:40:30+01:00,rpc-worker,4903345,221,442855,1196545838,43924,0,76676,0,32911424,30189120,2722304,30047552,16252864,16252864
2026-05-14T11:40:31+01:00,rpc-worker,4903348,221,442865,1196550731,43924,0,76676,0,32911424,30190720,2720704,30049152,16252864,16252864
2026-05-14T11:40:33+01:00,rpc-worker,4903352,221,442873,1196555627,43924,0,76676,0,32911424,30189568,2721856,30048000,16252864,16252864
2026-05-14T11:40:34+01:00,rpc-worker,4903357,221,442881,1196560528,43924,0,76676,0,32911424,30190336,2721088,30048768,16252864,16252864
2026-05-14T11:40:35+01:00,rpc-worker,4903362,221,442892,1196565434,43924,0,76676,0,32911424,30189760,2721664,30048192,16252864,16252864
2026-05-14T11:40:36+01:00,rpc-worker,4903368,221,442899,1196570335,43924,0,76676,0,32911424,30190144,2721280,30048576,16252864,16252864
2026-05-14T11:40:37+01:00,rpc-worker,4903371,221,442912,1196575234,43924,0,76676,0,32911424,30190336,2721088,30048768,16252864,16252864
2026-05-14T11:40:38+01:00,rpc-worker,4903426,221,442924,1196580099,43924,0,76676,0,32911424,30191552,2719872,30049984,16252864,16252864
2026-05-14T11:40:39+01:00,rpc-worker,4903431,221,442934,1196584991,43924,0,76676,0,32911424,30190208,2721216,30048640,16252864,16252864
2026-05-14T11:40:40+01:00,rpc-worker,4903432,221,442946,1196589883,43924,0,76676,0,32911424,30190336,2721088,30048768,16252864,16252864
2026-05-14T11:40:41+01:00,rpc-worker,4903433,221,442957,1196594774,43924,0,76676,0,32911424,30190720,2720704,30049152,16252864,16252864
2026-05-14T11:40:42+01:00,rpc-worker,4903436,221,442966,1196599667,43924,0,76676,0,32911424,30188864,2722560,30047296,16252864,16252864
2026-05-14T11:40:43+01:00,rpc-worker,4903438,221,442973,1196604564,43924,0,76676,0,32911424,30187968,2723456,30046400,16252864,16252864
2026-05-14T11:40:44+01:00,rpc-worker,4903438,221,442979,1196609463,43924,0,76676,0,32911424,30189888,2721536,30048320,16252864,16252864
2026-05-14T11:40:45+01:00,rpc-worker,4903442,221,442987,1196614354,43924,0,76676,0,32911424,30190336,2721088,30048768,16252864,16252864
2026-05-14T11:40:46+01:00,rpc-worker,4903445,221,442999,1196619244,43924,0,76676,0,32911424,30191488,2719936,30049920,16252864,16252864
2026-05-14T11:40:47+01:00,rpc-worker,4903447,221,443007,1196624136,43924,0,76677,0,32911424,30191680,2719744,30050112,16252864,16252864
2026-05-14T11:40:48+01:00,rpc-worker,4903453,221,443015,1196629031,43924,0,76677,0,32911424,30191680,2719744,30050112,16252864,16252864
2026-05-14T11:40:49+01:00,rpc-worker,4903458,221,443022,1196633931,43924,0,76678,0,32911424,30191488,2719936,30049920,16252864,16252864
2026-05-14T11:40:50+01:00,rpc-worker,4903462,221,443028,1196638830,43924,0,76678,0,32911424,30191296,2720128,30049728,16252864,16252864
2026-05-14T11:40:51+01:00,rpc-worker,4903463,221,443044,1196643729,43924,0,76678,0,32911424,30191488,2719936,30049920,16252864,16252864
2026-05-14T11:40:52+01:00,rpc-worker,4903465,221,443055,1196648630,43924,0,76678,0,32911424,30191104,2720320,30049536,16252864,16252864
2026-05-14T11:40:53+01:00,rpc-worker,4903521,221,443073,1196653493,43924,0,76680,0,32911424,30189952,2721472,30048320,16252864,16252864
2026-05-14T11:40:54+01:00,rpc-worker,4903524,221,443085,1196658389,43924,0,76680,0,32911424,30191104,2720320,30049472,16252864,16252864
2026-05-14T11:40:55+01:00,rpc-worker,4903525,221,443096,1196663280,43924,0,76680,0,32911424,30191680,2719744,30050048,16252864,16252864
2026-05-14T11:40:56+01:00,rpc-worker,4903528,221,443106,1196668171,43924,0,76681,0,32911424,30190528,2720896,30048896,16252864,16252864
2026-05-14T11:40:57+01:00,rpc-worker,4903530,221,443110,1196673080,43924,0,76681,0,32911424,30190208,2721216,30048576,16252864,16252864
2026-05-14T11:40:58+01:00,rpc-worker,4903530,221,443122,1196677979,43924,0,76681,0,32911424,30192192,2719232,30050560,16252864,16252864
2026-05-14T11:40:59+01:00,rpc-worker,4903532,221,443134,1196682871,43924,0,76681,0,32911424,30191104,2720320,30049472,16252864,16252864
2026-05-14T11:41:00+01:00,rpc-worker,4903535,221,443146,1196687766,43924,0,76681,0,32911424,30191680,2719744,30050048,16252864,16252864
2026-05-14T11:41:01+01:00,rpc-worker,4903540,221,443155,1196692664,43924,0,76681,0,32911424,30191808,2719616,30050176,16252864,16252864
2026-05-14T11:41:02+01:00,rpc-worker,4903545,221,443161,1196697564,43924,0,76682,0,32911424,30189888,2721536,30048256,16252864,16252864
2026-05-14T11:41:03+01:00,rpc-worker,4903546,221,443173,1196702464,43924,0,76682,0,32911424,30191040,2720384,30049408,16252864,16252864
2026-05-14T11:41:04+01:00,rpc-worker,4903548,221,443184,1196707364,43924,0,76683,0,32911424,30192000,2719424,30050368,16252864,16252864
2026-05-14T11:41:05+01:00,rpc-worker,4903551,221,443191,1196712259,43924,0,76685,0,32911424,30192192,2719232,30050560,16252864,16252864
2026-05-14T11:41:06+01:00,rpc-worker,4903553,221,443204,1196717151,43924,0,76685,0,32911424,30191040,2720384,30049408,16252864,16252864
2026-05-14T11:41:07+01:00,rpc-worker,4903596,221,443217,1196722015,43924,0,76685,0,32911424,30190656,2720768,30049024,16252864,16252864
2026-05-14T11:41:08+01:00,rpc-worker,4903601,221,443226,1196726906,43924,0,76685,0,32911424,30187456,2723968,30045824,16252864,16252864
2026-05-14T11:41:09+01:00,rpc-worker,4903601,221,443239,1196731798,43924,0,76685,0,32911424,30187264,2724160,30045632,16252864,16252864
2026-05-14T11:41:10+01:00,rpc-worker,4903602,221,443242,1196736695,43924,0,76685,0,32911424,30187136,2724288,30045504,16252864,16252864
2026-05-14T11:41:11+01:00,rpc-worker,4903604,221,443252,1196741591,43924,0,76685,0,32911424,30188864,2722560,30047232,16252864,16252864
2026-05-14T11:41:12+01:00,rpc-worker,4903608,221,443260,1196746487,43924,0,76685,0,32911424,30189888,2721536,30048256,16252864,16252864
2026-05-14T11:41:13+01:00,rpc-worker,4903610,221,443273,1196751385,43924,0,76685,0,32911424,30192960,2718464,30051328,16252864,16252864
2026-05-14T11:41:14+01:00,rpc-worker,4903612,221,443287,1196756284,43924,0,76685,0,32911424,30188736,2722688,30047104,16252864,16252864
2026-05-14T11:41:15+01:00,rpc-worker,4903615,221,443296,1196761182,43924,0,76685,0,32911424,30189760,2721664,30048128,16252864,16252864
2026-05-14T11:41:17+01:00,rpc-worker,4903617,221,443305,1196766082,43924,0,76685,0,32911424,30190144,2721280,30048512,16252864,16252864
2026-05-14T11:41:18+01:00,rpc-worker,4903621,221,443314,1196770979,43924,0,76685,0,32911424,30189568,2721856,30047936,16252864,16252864
2026-05-14T11:41:19+01:00,rpc-worker,4903623,221,443324,1196775869,43924,0,76685,0,32911424,30191680,2719744,30050048,16252864,16252864
2026-05-14T11:41:20+01:00,rpc-worker,4903624,221,443336,1196780762,43924,0,76685,0,32911424,30190912,2720512,30049280,16252864,16252864
2026-05-14T11:41:21+01:00,rpc-worker,4903630,221,443343,1196785652,43924,0,76686,0,32911424,30191872,2719552,30050240,16252864,16252864
2026-05-14T11:41:22+01:00,rpc-worker,4903634,221,443355,1196790544,43924,0,76686,0,32911424,30190720,2720704,30049088,16252864,16252864
2026-05-14T11:41:23+01:00,rpc-worker,4903665,221,443373,1196795403,43924,0,76687,0,32911424,30187328,2724096,30045696,16252864,16252864
2026-05-14T11:41:24+01:00,rpc-worker,4903668,221,443379,1196800297,43924,0,76688,0,32911424,30185216,2726208,30043584,16252864,16252864
2026-05-14T11:41:25+01:00,rpc-worker,4903669,221,443383,1196805199,43924,0,76688,0,32911424,30191168,2720256,30049536,16252864,16252864
2026-05-14T11:41:26+01:00,rpc-worker,4903672,221,443392,1196810094,43924,0,76688,0,32911424,30188096,2723328,30046464,16252864,16252864
2026-05-14T11:41:27+01:00,rpc-worker,4903674,221,443404,1196814986,43924,0,76689,0,32911424,30190016,2721408,30048384,16252864,16252864
2026-05-14T11:41:28+01:00,rpc-worker,4903679,221,443411,1196819881,43924,0,76689,0,32911424,30189696,2721728,30048064,16252864,16252864
2026-05-14T11:41:29+01:00,rpc-worker,4903682,221,443421,1196824781,43924,0,76691,0,32911424,30190912,2720512,30049280,16252864,16252864
2026-05-14T11:41:30+01:00,rpc-worker,4903684,221,443433,1196829680,43924,0,76691,0,32911424,30191232,2720192,30049600,16252864,16252864
2026-05-14T11:41:31+01:00,rpc-worker,4903685,221,443444,1196834578,43924,0,76692,0,32911424,30190208,2721216,30048448,16252864,16252864
2026-05-14T11:41:32+01:00,rpc-worker,4903688,221,443455,1196839474,43924,0,76694,0,32911424,30190848,2720576,30049024,16252864,16252864
2026-05-14T11:41:33+01:00,rpc-worker,4903692,221,443464,1196844367,43924,0,76694,0,32911424,30190784,2720640,30048960,16252864,16252864
2026-05-14T11:41:34+01:00,rpc-worker,4903696,221,443473,1196849258,43924,0,76694,0,32911424,30191552,2719872,30049728,16252864,16252864
2026-05-14T11:41:35+01:00,rpc-worker,4903697,221,443484,1196854149,43924,0,76694,0,32911424,30190976,2720448,30049152,16252864,16252864
2026-05-14T11:41:36+01:00,rpc-worker,4903700,221,443494,1196859039,43924,0,76694,0,32911424,30189632,2721792,30047808,16252864,16252864
2026-05-14T11:41:37+01:00,rpc-worker,4903704,221,443502,1196863930,43924,0,76695,0,32911424,30186560,2724864,30044736,16252864,16252864
2026-05-14T11:41:38+01:00,rpc-worker,4903709,221,443510,1196868801,43924,0,76696,0,32911424,30187648,2723776,30045824,16252864,16252864
2026-05-14T11:41:39+01:00,rpc-worker,4903713,221,443514,1196873699,43924,0,76696,0,32911424,30189632,2721792,30047808,16252864,16252864
2026-05-14T11:41:40+01:00,rpc-worker,4903716,221,443525,1196878595,43924,0,76696,0,32911424,30188864,2722560,30047040,16252864,16252864
2026-05-14T11:41:41+01:00,rpc-worker,4903720,221,443537,1196883496,43924,0,76696,0,32911424,30187712,2723712,30045888,16252864,16252864
2026-05-14T11:41:42+01:00,rpc-worker,4903723,221,443544,1196888395,43924,0,76696,0,32911424,30187904,2723520,30046080,16252864,16252864
2026-05-14T11:41:43+01:00,rpc-worker,4903725,221,443555,1196893296,43924,0,76696,0,32911424,30188864,2722560,30047040,16252864,16252864
2026-05-14T11:41:44+01:00,rpc-worker,4903729,221,443565,1196898195,43924,0,76696,0,32911424,30187904,2723520,30046080,16252864,16252864
2026-05-14T11:41:45+01:00,rpc-worker,4903733,221,443576,1196903089,43925,0,76696,0,32911424,30188160,2723264,30046272,16252864,16252864
2026-05-14T11:41:46+01:00,rpc-worker,4903736,221,443587,1196907982,43925,0,76696,0,32911424,30188544,2722880,30046656,16252864,16252864
2026-05-14T11:41:47+01:00,rpc-worker,4903738,221,443599,1196912874,43925,0,76696,0,32911424,30187008,2724416,30045120,16252864,16252864
2026-05-14T11:41:48+01:00,rpc-worker,4903742,221,443609,1196917768,43925,0,76697,0,32911424,30187328,2724096,30045440,16252864,16252864
2026-05-14T11:41:49+01:00,rpc-worker,4903744,221,443623,1196922662,43925,0,76697,0,32911424,30188288,2723136,30046400,16252864,16252864
2026-05-14T11:41:50+01:00,rpc-worker,4903746,221,443633,1196927556,43925,0,76697,0,32911424,30186432,2724992,30044480,16252864,16252864
2026-05-14T11:41:51+01:00,rpc-worker,4903746,221,443645,1196932453,43925,0,76698,0,32911424,30184512,2726912,30042560,16252864,16252864
2026-05-14T11:41:52+01:00,rpc-worker,4903759,221,443652,1196937327,43925,0,76698,0,32911424,30187264,2724160,30045312,16252864,16252864
2026-05-14T11:41:53+01:00,rpc-worker,4903762,221,443662,1196942230,43925,0,76698,0,32911424,30186944,2724480,30044992,16252864,16252864
2026-05-14T11:41:54+01:00,rpc-worker,4903768,221,443671,1196947130,43925,0,76698,0,32911424,30188480,2722944,30046528,16252864,16252864
2026-05-14T11:41:55+01:00,rpc-worker,4903770,221,443680,1196952031,43925,0,76698,0,32911424,30188672,2722752,30046720,16252864,16252864
2026-05-14T11:41:56+01:00,rpc-worker,4903770,221,443695,1196956931,43925,0,76698,0,32911424,30188480,2722944,30046528,16252864,16252864
2026-05-14T11:41:57+01:00,rpc-worker,4903773,221,443705,1196961827,43925,0,76698,0,32911424,30189248,2722176,30047296,16252864,16252864
2026-05-14T11:41:58+01:00,rpc-worker,4903777,221,443716,1196966721,43925,0,76698,0,32911424,30189056,2722368,30047104,16252864,16252864
2026-05-14T11:41:59+01:00,rpc-worker,4903780,221,443726,1196971613,43925,0,76698,0,32911424,30187520,2723904,30045568,16252864,16252864
2026-05-14T11:42:00+01:00,rpc-worker,4903782,221,443737,1196976505,43925,0,76699,0,32911424,30187520,2723904,30045568,16252864,16252864
2026-05-14T11:42:02+01:00,rpc-worker,4903786,221,443745,1196981398,43925,0,76699,0,32911424,30188480,2722944,30046528,16252864,16252864
2026-05-14T11:42:03+01:00,rpc-worker,4903787,221,443757,1196986291,43925,0,76699,0,32911424,30187840,2723584,30045888,16252864,16252864
2026-05-14T11:42:04+01:00,rpc-worker,4903789,221,443769,1196991183,43925,0,76699,0,32911424,30187456,2723968,30045504,16252864,16252864
2026-05-14T11:42:05+01:00,rpc-worker,4903796,221,443775,1196996075,43925,0,76699,0,32911424,30184960,2726464,30043008,16252864,16252864
2026-05-14T11:42:06+01:00,rpc-worker,4903799,221,443782,1197000972,43925,0,76699,0,32911424,30187648,2723776,30045696,16252864,16252864
2026-05-14T11:42:07+01:00,rpc-worker,4903800,221,443786,1197005871,43925,0,76700,0,32911424,30187456,2723968,30045504,16252864,16252864
2026-05-14T11:42:08+01:00,rpc-worker,4903819,221,443805,1197010743,43925,0,76700,0,32911424,30185600,2725824,30043648,16252864,16252864
2026-05-14T11:42:09+01:00,rpc-worker,4903824,221,443814,1197015644,43925,0,76700,0,32911424,30186368,2725056,30044416,16252864,16252864
2026-05-14T11:42:10+01:00,rpc-worker,4903827,221,443826,1197020544,43925,0,76701,0,32911424,30186624,2724800,30044672,16252864,16252864
2026-05-14T11:42:11+01:00,rpc-worker,4903830,221,443836,1197025443,43925,0,76701,0,32911424,30187776,2723648,30045824,16252864,16252864
2026-05-14T11:42:12+01:00,rpc-worker,4903836,221,443842,1197030340,43925,0,76701,0,32911424,30186240,2725184,30044288,16252864,16252864
2026-05-14T11:42:13+01:00,rpc-worker,4903839,221,443853,1197035234,43925,0,76702,0,32911424,30187648,2723776,30045696,16252864,16252864
2026-05-14T11:42:14+01:00,rpc-worker,4903841,221,443862,1197040128,43925,0,76702,0,32911424,30186304,2725120,30044352,16252864,16252864
2026-05-14T11:42:15+01:00,rpc-worker,4903843,221,443876,1197045020,43925,0,76702,0,32911424,30188608,2722816,30046656,16252864,16252864
2026-05-14T11:42:16+01:00,rpc-worker,4903846,221,443887,1197049912,43925,0,76702,0,32911424,30185344,2726080,30043392,16252864,16252864
2026-05-14T11:42:17+01:00,rpc-worker,4903849,221,443895,1197054807,43925,0,76703,0,32911424,30186048,2725376,30044032,16252864,16252864
2026-05-14T11:42:18+01:00,rpc-worker,4903852,221,443903,1197059702,43925,0,76703,0,32911424,30178560,2732864,30036544,16252864,16252864
2026-05-14T11:42:19+01:00,rpc-worker,4903856,221,443914,1197064596,43925,0,76703,0,32911424,30183360,2728064,30041344,16252864,16252864
2026-05-14T11:42:20+01:00,rpc-worker,4903858,221,443915,1197069500,43925,0,76703,0,32911424,30184704,2726720,30042688,16252864,16252864
2026-05-14T11:42:21+01:00,rpc-worker,4903861,221,443924,1197074404,43925,0,76703,0,32911424,30185856,2725568,30043840,16252864,16252864
2026-05-14T11:42:22+01:00,rpc-worker,4903864,221,443935,1197079306,43925,0,76703,0,32911424,30185472,2725952,30043456,16252864,16252864
2026-05-14T11:42:23+01:00,rpc-worker,4903888,221,443956,1197084175,43925,0,76703,0,32911424,30187712,2723712,30045696,16252864,16252864
2026-05-14T11:42:24+01:00,rpc-worker,4903891,221,443967,1197089074,43925,0,76703,0,32911424,30185600,2725824,30043584,16252864,16252864
2026-05-14T11:42:25+01:00,rpc-worker,4903892,221,443979,1197093968,43925,0,76703,0,32911424,30186368,2725056,30044352,16252864,16252864
2026-05-14T11:42:26+01:00,rpc-worker,4903893,221,443990,1197098861,43925,0,76703,0,32911424,30186560,2724864,30044544,16252864,16252864
2026-05-14T11:42:27+01:00,rpc-worker,4903896,221,443998,1197103754,43925,0,76703,0,32911424,30185792,2725632,30043776,16252864,16252864
2026-05-14T11:42:28+01:00,rpc-worker,4903898,221,444012,1197108647,43925,0,76703,0,32911424,30185024,2726400,30043008,16252864,16252864
2026-05-14T11:42:29+01:00,rpc-worker,4903899,221,444025,1197113541,43925,0,76703,0,32911424,30185088,2726336,30043072,16252864,16252864
2026-05-14T11:42:30+01:00,rpc-worker,4903904,221,444032,1197118434,43925,0,76703,0,32911424,30185472,2725952,30043456,16252864,16252864
2026-05-14T11:42:31+01:00,rpc-worker,4903905,221,444044,1197123326,43925,0,76703,0,32911424,30185664,2725760,30043648,16252864,16252864
2026-05-14T11:42:32+01:00,rpc-worker,4903956,221,444074,1197128152,43925,0,76703,0,32911424,30177408,2734016,30035392,16252864,16252864
2026-05-14T11:42:33+01:00,rpc-worker,4904057,221,444084,1197132953,43925,0,76703,0,32911424,30173760,2737664,30031744,16252864,16252864
2026-05-14T11:42:34+01:00,rpc-worker,4904077,221,444092,1197137836,43925,0,76704,0,32911424,30182912,2728512,30040896,16252864,16252864
2026-05-14T11:42:35+01:00,rpc-worker,4904084,221,444101,1197142737,43925,0,76704,0,32911424,30183296,2728128,30041280,16252864,16252864
2026-05-14T11:42:36+01:00,rpc-worker,4904087,221,444111,1197147637,43925,0,76704,0,32911424,30183872,2727552,30041856,16252864,16252864
2026-05-14T11:42:37+01:00,rpc-worker,4904130,221,444138,1197152502,43925,0,76704,0,32911424,30183104,2728320,30041088,16252864,16252864
2026-05-14T11:42:38+01:00,rpc-worker,4904134,221,444145,1197157396,43925,0,76705,0,32911424,30181184,2730240,30039168,16252864,16252864
2026-05-14T11:42:39+01:00,rpc-worker,4904137,221,444156,1197162289,43925,0,76705,0,32911424,30182720,2728704,30040704,16252864,16252864
2026-05-14T11:42:40+01:00,rpc-worker,4904139,221,444168,1197167182,43925,0,76706,0,32911424,30182528,2728896,30040512,16252864,16252864
2026-05-14T11:42:41+01:00,rpc-worker,4904146,221,444179,1197172076,43925,0,76707,0,32911424,30183232,2728192,30041216,16252864,16252864
2026-05-14T11:42:42+01:00,rpc-worker,4904149,221,444189,1197176972,43925,0,76707,0,32911424,30179200,2732224,30037184,16252864,16252864
2026-05-14T11:42:43+01:00,rpc-worker,4904151,221,444201,1197181867,43925,0,76707,0,32911424,30178496,2732928,30036480,16252864,16252864
2026-05-14T11:42:44+01:00,rpc-worker,4904153,221,444213,1197186761,43925,0,76707,0,32911424,30176832,2734592,30034752,16252864,16252864
2026-05-14T11:42:46+01:00,rpc-worker,4904158,221,444224,1197191652,43925,0,76707,0,32911424,30175168,2736256,30033088,16252864,16252864
2026-05-14T11:42:47+01:00,rpc-worker,4904160,221,444234,1197196545,43925,0,76707,0,32911424,30175744,2735680,30033664,16252864,16252864
2026-05-14T11:42:48+01:00,rpc-worker,4904161,221,444238,1197201446,43925,0,76708,0,32911424,30176512,2734912,30034432,16252864,16252864
2026-05-14T11:42:49+01:00,rpc-worker,4904163,221,444246,1197206343,43925,0,76709,0,32911424,30179072,2732352,30036992,16252864,16252864
2026-05-14T11:42:50+01:00,rpc-worker,4904166,221,444256,1197211238,43925,0,76709,0,32911424,30177856,2733568,30035776,16252864,16252864
2026-05-14T11:42:51+01:00,rpc-worker,4904167,221,444269,1197216135,43925,0,76709,0,32911424,30180160,2731264,30038080,16252864,16252864
2026-05-14T11:42:52+01:00,rpc-worker,4904170,221,444279,1197221033,43925,0,76709,0,32911424,30177728,2733696,30035648,16252864,16252864
2026-05-14T11:42:53+01:00,rpc-worker,4904204,221,444290,1197225896,43925,0,76710,0,32911424,30179776,2731648,30037696,16252864,16252864
2026-05-14T11:42:54+01:00,rpc-worker,4904207,221,444300,1197230799,43925,0,76710,0,32911424,30180224,2731200,30038144,16252864,16252864
2026-05-14T11:42:55+01:00,rpc-worker,4904212,221,444308,1197235698,43925,0,76710,0,32911424,30178624,2732800,30036544,16252864,16252864
2026-05-14T11:42:56+01:00,rpc-worker,4904216,221,444319,1197240589,43925,0,76710,0,32911424,30179200,2732224,30037120,16252864,16252864
2026-05-14T11:42:57+01:00,rpc-worker,4904218,221,444330,1197245484,43925,0,76710,0,32911424,30180608,2730816,30038528,16252864,16252864
2026-05-14T11:42:58+01:00,rpc-worker,4904223,221,444340,1197250378,43925,0,76710,0,32911424,30180992,2730432,30038912,16252864,16252864
2026-05-14T11:42:59+01:00,rpc-worker,4904225,221,444352,1197255271,43925,0,76710,0,32911424,30178496,2732928,30036416,16252864,16252864
2026-05-14T11:43:00+01:00,rpc-worker,4904227,221,444362,1197260163,43925,0,76710,0,32911424,30180736,2730688,30038656,16252864,16252864
2026-05-14T11:43:01+01:00,rpc-worker,4904230,221,444367,1197265060,43925,0,76710,0,32911424,30178624,2732800,30036544,16252864,16252864
2026-05-14T11:43:02+01:00,rpc-worker,4904234,221,444370,1197269958,43925,0,76710,0,32911424,30180736,2730688,30038656,16252864,16252864
2026-05-14T11:43:03+01:00,rpc-worker,4904237,221,444379,1197274849,43925,0,76712,0,32911424,30179200,2732224,30037120,16252864,16252864
2026-05-14T11:43:04+01:00,rpc-worker,4904241,221,444389,1197279741,43925,0,76712,0,32911424,30181376,2730048,30039296,16252864,16252864
2026-05-14T11:43:05+01:00,rpc-worker,4904242,221,444402,1197284634,43925,0,76713,0,32911424,30181952,2729472,30039872,16252864,16252864
2026-05-14T11:43:06+01:00,rpc-worker,4904244,221,444414,1197289528,43925,0,76713,0,32911424,30181056,2730368,30038976,16252864,16252864
2026-05-14T11:43:07+01:00,rpc-worker,4904247,221,444424,1197294424,43925,0,76713,0,32911424,30180096,2731328,30038016,16252864,16252864
2026-05-14T11:43:08+01:00,rpc-worker,4904274,221,444444,1197299288,43925,0,76713,0,32911424,30180416,2731008,30038336,16252864,16252864
2026-05-14T11:43:09+01:00,rpc-worker,4904276,221,444453,1197304181,43925,0,76713,0,32911424,30177920,2733504,30035840,16252864,16252864
2026-05-14T11:43:10+01:00,rpc-worker,4904278,221,444465,1197309073,43925,0,76713,0,32911424,30179264,2732160,30037184,16252864,16252864
2026-05-14T11:43:11+01:00,rpc-worker,4904283,221,444473,1197313965,43925,0,76713,0,32911424,30180224,2731200,30038144,16252864,16252864
2026-05-14T11:43:12+01:00,rpc-worker,4904285,221,444485,1197318857,43925,0,76713,0,32911424,30178752,2732672,30036672,16252864,16252864
2026-05-14T11:43:13+01:00,rpc-worker,4904288,221,444496,1197323749,43925,0,76713,0,32911424,30175872,2735552,30033792,16252864,16252864
2026-05-14T11:43:14+01:00,rpc-worker,4904290,221,444505,1197328642,43925,0,76713,0,32911424,30179328,2732096,30037248,16252864,16252864
2026-05-14T11:43:15+01:00,rpc-worker,4904291,221,444509,1197333545,43925,0,76713,0,32911424,30178944,2732480,30036864,16252864,16252864
2026-05-14T11:43:16+01:00,rpc-worker,4904295,221,444517,1197338440,43925,0,76713,0,32911424,30180480,2730944,30038400,16252864,16252864
2026-05-14T11:43:17+01:00,rpc-worker,4904296,221,444530,1197343331,43925,0,76714,0,32911424,30181632,2729792,30039552,16252864,16252864
2026-05-14T11:43:18+01:00,rpc-worker,4904298,221,444541,1197348223,43925,0,76714,0,32911424,30180864,2730560,30038784,16252864,16252864
2026-05-14T11:43:19+01:00,rpc-worker,4904303,221,444550,1197353117,43925,0,76714,0,32911424,30180224,2731200,30038144,16252864,16252864
2026-05-14T11:43:20+01:00,rpc-worker,4904303,221,444563,1197358012,43925,0,76716,0,32911424,30181376,2730048,30039296,16252864,16252864
2026-05-14T11:43:21+01:00,rpc-worker,4904305,221,444573,1197362907,43925,0,76716,0,32911424,30180800,2730624,30038720,16252864,16252864
2026-05-14T11:43:22+01:00,rpc-worker,4904341,221,444594,1197367771,43925,0,76716,0,32911424,30180608,2730816,30038528,16252864,16252864
2026-05-14T11:43:23+01:00,rpc-worker,4904344,221,444605,1197372666,43925,0,76716,0,32911424,30179712,2731712,30037632,16252864,16252864
2026-05-14T11:43:24+01:00,rpc-worker,4904350,221,444611,1197377562,43925,0,76717,0,32911424,30181056,2730368,30038976,16252864,16252864
2026-05-14T11:43:25+01:00,rpc-worker,4904352,221,444621,1197382456,43925,0,76717,0,32911424,30180864,2730560,30038784,16252864,16252864
2026-05-14T11:43:26+01:00,rpc-worker,4904356,221,444630,1197387349,43925,0,76717,0,32911424,30179200,2732224,30037120,16252864,16252864
2026-05-14T11:43:27+01:00,rpc-worker,4904358,221,444643,1197392240,43925,0,76717,0,32911424,30179200,2732224,30037120,16252864,16252864
2026-05-14T11:43:28+01:00,rpc-worker,4904359,221,444647,1197397140,43925,0,76718,0,32911424,30177280,2734144,30035200,16252864,16252864
2026-05-14T11:43:29+01:00,rpc-worker,4904359,221,444656,1197402038,43925,0,76718,0,32911424,30180544,2730880,30038464,16252864,16252864
2026-05-14T11:43:30+01:00,rpc-worker,4904362,221,444666,1197406930,43925,0,76718,0,32911424,30179776,2731648,30037696,16252864,16252864
2026-05-14T11:43:32+01:00,rpc-worker,4904364,221,444675,1197411823,43925,0,76718,0,32911424,30181504,2729920,30039424,16252864,16252864
2026-05-14T11:43:33+01:00,rpc-worker,4904367,221,444687,1197416718,43925,0,76718,0,32911424,30180160,2731264,30038080,16252864,16252864
2026-05-14T11:43:34+01:00,rpc-worker,4904370,221,444698,1197421614,43925,0,76718,0,32911424,30181120,2730304,30039040,16252864,16252864
2026-05-14T11:43:35+01:00,rpc-worker,4904372,221,444710,1197426511,43925,0,76718,0,32911424,30181504,2729920,30039424,16252864,16252864
2026-05-14T11:43:36+01:00,rpc-worker,4904373,221,444722,1197431407,43925,0,76718,0,32911424,30180544,2730880,30038464,16252864,16252864
2026-05-14T11:43:37+01:00,rpc-worker,4904377,221,444731,1197436302,43925,0,76718,0,32911424,30181696,2729728,30039616,16252864,16252864
2026-05-14T11:43:38+01:00,rpc-worker,4904419,221,444742,1197441161,43925,0,76719,0,32911424,30182336,2729088,30040256,16252864,16252864
2026-05-14T11:43:39+01:00,rpc-worker,4904423,221,444748,1197446054,43925,0,76720,0,32911424,30182144,2729280,30040064,16252864,16252864
2026-05-14T11:43:40+01:00,rpc-worker,4904425,221,444760,1197450946,43925,0,76720,0,32911424,30182208,2729216,30040128,16252864,16252864
2026-05-14T11:43:41+01:00,rpc-worker,4904429,221,444768,1197455839,43925,0,76720,0,32911424,30181056,2730368,30038976,16252864,16252864
2026-05-14T11:43:42+01:00,rpc-worker,4904432,221,444777,1197460736,43925,0,76720,0,32911424,30180352,2731072,30038272,16252864,16252864
2026-05-14T11:43:43+01:00,rpc-worker,4904434,221,444780,1197465636,43925,0,76720,0,32911424,30181888,2729536,30039808,16252864,16252864
2026-05-14T11:43:44+01:00,rpc-worker,4904438,221,444788,1197470530,43925,0,76721,0,32911424,30182848,2728576,30040768,16252864,16252864
2026-05-14T11:43:45+01:00,rpc-worker,4904440,221,444797,1197475425,43925,0,76721,0,32911424,30183616,2727808,30041536,16252864,16252864
2026-05-14T11:43:46+01:00,rpc-worker,4904446,221,444806,1197480321,43925,0,76721,0,32911424,30181696,2729728,30039616,16252864,16252864
2026-05-14T11:43:47+01:00,rpc-worker,4904446,221,444820,1197485217,43925,0,76721,0,32911424,30182080,2729344,30040000,16252864,16252864
2026-05-14T11:43:48+01:00,rpc-worker,4904448,221,444831,1197490113,43925,0,76722,0,32911424,30181312,2730112,30039232,16252864,16252864
2026-05-14T11:43:49+01:00,rpc-worker,4904454,221,444837,1197495008,43925,0,76724,0,32911424,30181888,2729536,30039808,16252864,16252864
2026-05-14T11:43:50+01:00,rpc-worker,4904457,221,444847,1197499901,43925,0,76724,0,32911424,30181888,2729536,30039808,16252864,16252864
2026-05-14T11:43:51+01:00,rpc-worker,4904459,221,444859,1197504796,43925,0,76724,0,32911424,30181504,2729920,30039424,16252864,16252864
2026-05-14T11:43:52+01:00,rpc-worker,4904461,221,444868,1197509689,43925,0,76725,0,32911424,30178624,2732800,30036544,16252864,16252864
2026-05-14T11:43:53+01:00,rpc-worker,4904540,221,444883,1197514545,43925,0,76725,0,32911424,30181504,2729920,30039424,16252864,16252864
2026-05-14T11:43:54+01:00,rpc-worker,4904544,221,444892,1197519439,43925,0,76726,0,32911424,30181312,2730112,30039232,16252864,16252864
2026-05-14T11:43:55+01:00,rpc-worker,4904547,221,444902,1197524334,43925,0,76726,0,32911424,30180544,2730880,30038464,16252864,16252864
2026-05-14T11:43:56+01:00,rpc-worker,4904547,221,444908,1197529242,43925,0,76726,0,32911424,30181696,2729728,30039616,16252864,16252864
2026-05-14T11:43:57+01:00,rpc-worker,4904549,221,444918,1197534138,43925,0,76726,0,32911424,30182720,2728704,30040640,16252864,16252864
2026-05-14T11:43:58+01:00,rpc-worker,4904552,221,444929,1197539032,43925,0,76726,0,32911424,30182784,2728640,30040704,16252864,16252864
2026-05-14T11:43:59+01:00,rpc-worker,4904554,221,444939,1197543926,43925,0,76726,0,32911424,30181632,2729792,30039552,16252864,16252864
2026-05-14T11:44:00+01:00,rpc-worker,4904559,221,444948,1197548820,43925,0,76726,0,32911424,30181440,2729984,30039360,16252864,16252864
2026-05-14T11:44:01+01:00,rpc-worker,4904562,221,444956,1197553716,43925,0,76727,0,32911424,30182016,2729408,30039936,16252864,16252864
2026-05-14T11:44:02+01:00,rpc-worker,4904567,221,444965,1197558612,43925,0,76727,0,32911424,30181824,2729600,30039744,16252864,16252864
2026-05-14T11:44:03+01:00,rpc-worker,4904570,221,444976,1197563509,43925,0,76727,0,32911424,30179136,2732288,30037056,16252864,16252864
2026-05-14T11:44:04+01:00,rpc-worker,4904574,221,444986,1197568403,43925,0,76727,0,32911424,30182016,2729408,30039936,16252864,16252864
2026-05-14T11:44:05+01:00,rpc-worker,4904578,221,444995,1197573296,43925,0,76727,0,32911424,30181632,2729792,30039552,16252864,16252864
2026-05-14T11:44:06+01:00,rpc-worker,4904581,221,445005,1197578189,43925,0,76727,0,32911424,30180480,2730944,30038400,16252864,16252864
2026-05-14T11:44:07+01:00,rpc-worker,4904618,221,445021,1197583049,43925,0,76727,0,32911424,30177984,2733440,30035904,16252864,16252864
2026-05-14T11:44:08+01:00,rpc-worker,4904619,221,445034,1197587942,43925,0,76727,0,32911424,30172160,2739264,30030080,16252864,16252864
2026-05-14T11:44:09+01:00,rpc-worker,4904619,221,445038,1197592841,43925,0,76727,0,32911424,30174336,2737088,30032256,16252864,16252864
2026-05-14T11:44:10+01:00,rpc-worker,4904622,221,445043,1197597741,43925,0,76727,0,32911424,30178816,2732608,30036736,16252864,16252864
2026-05-14T11:44:11+01:00,rpc-worker,4904624,221,445057,1197602637,43925,0,76727,0,32911424,30180160,2731264,30038080,16252864,16252864
2026-05-14T11:44:12+01:00,rpc-worker,4904628,221,445063,1197607533,43925,0,76727,0,32911424,30182464,2728960,30040384,16252864,16252864
2026-05-14T11:44:13+01:00,rpc-worker,4904630,221,445074,1197612429,43925,0,76727,0,32911424,30179008,2732416,30036928,16252864,16252864
2026-05-14T11:44:14+01:00,rpc-worker,4904633,221,445083,1197617325,43925,0,76727,0,32911424,30181312,2730112,30039232,16252864,16252864
2026-05-14T11:44:16+01:00,rpc-worker,4904636,221,445094,1197622219,43925,0,76727,0,32911424,30179776,2731648,30037696,16252864,16252864
2026-05-14T11:44:17+01:00,rpc-worker,4904642,221,445101,1197627116,43925,0,76727,0,32911424,30179392,2732032,30037312,16252864,16252864
2026-05-14T11:44:18+01:00,rpc-worker,4904647,221,445108,1197632009,43925,0,76727,0,32911424,30179584,2731840,30037504,16252864,16252864
2026-05-14T11:44:19+01:00,rpc-worker,4904653,221,445118,1197636900,43925,0,76727,0,32911424,30179200,2732224,30037120,16252864,16252864
2026-05-14T11:44:20+01:00,rpc-worker,4904654,221,445130,1197641793,43925,0,76727,0,32911424,30179392,2732032,30037312,16252864,16252864
2026-05-14T11:44:21+01:00,rpc-worker,4904655,221,445143,1197646686,43925,0,76728,0,32911424,30178432,2732992,30036352,16252864,16252864
2026-05-14T11:44:22+01:00,rpc-worker,4904655,221,445156,1197651578,43925,0,76729,0,32911424,30179776,2731648,30037696,16252864,16252864
2026-05-14T11:44:23+01:00,rpc-worker,4904726,221,445164,1197656447,43925,0,76730,0,32911424,30178432,2732992,30036352,16252864,16252864
2026-05-14T11:44:24+01:00,rpc-worker,4904727,221,445168,1197661348,43925,0,76731,0,32911424,30181184,2730240,30039104,16252864,16252864
2026-05-14T11:44:25+01:00,rpc-worker,4904729,221,445178,1197666243,43925,0,76731,0,32911424,30182336,2729088,30040256,16252864,16252864
2026-05-14T11:44:26+01:00,rpc-worker,4904732,221,445190,1197671139,43925,0,76731,0,32911424,30180800,2730624,30038720,16252864,16252864
2026-05-14T11:44:27+01:00,rpc-worker,4904735,221,445200,1197676035,43925,0,76731,0,32911424,30181376,2730048,30039296,16252864,16252864
2026-05-14T11:44:28+01:00,rpc-worker,4904736,221,445213,1197680933,43925,0,76731,0,32911424,30182144,2729280,30040064,16252864,16252864
2026-05-14T11:44:29+01:00,rpc-worker,4904737,221,445224,1197685828,43925,0,76731,0,32911424,30181760,2729664,30039680,16252864,16252864
2026-05-14T11:44:30+01:00,rpc-worker,4904740,221,445235,1197690721,43925,0,76731,0,32911424,30181376,2730048,30039296,16252864,16252864
2026-05-14T11:44:31+01:00,rpc-worker,4904743,221,445244,1197695613,43925,0,76731,0,32911424,30182208,2729216,30040128,16252864,16252864
2026-05-14T11:44:32+01:00,rpc-worker,4904745,221,445255,1197700507,43925,0,76731,0,32911424,30181952,2729472,30039872,16252864,16252864
2026-05-14T11:44:33+01:00,rpc-worker,4904749,221,445265,1197705401,43925,0,76731,0,32911424,30182144,2729280,30040064,16252864,16252864
2026-05-14T11:44:34+01:00,rpc-worker,4904756,221,445273,1197710293,43925,0,76731,0,32911424,30184064,2727360,30041984,16252864,16252864
2026-05-14T11:44:35+01:00,rpc-worker,4904760,221,445282,1197715186,43925,0,76731,0,32911424,30182336,2729088,30040256,16252864,16252864
2026-05-14T11:44:36+01:00,rpc-worker,4904762,221,445293,1197720082,43925,0,76731,0,32911424,30182720,2728704,30040640,16252864,16252864
2026-05-14T11:44:37+01:00,rpc-worker,4904763,221,445299,1197724988,43925,0,76731,0,32911424,30181184,2730240,30039104,16252864,16252864
2026-05-14T11:44:38+01:00,rpc-worker,4904803,221,445313,1197729851,43925,0,76731,0,32911424,30183488,2727936,30041408,16252864,16252864
2026-05-14T11:44:39+01:00,rpc-worker,4904806,221,445320,1197734745,43925,0,76732,0,32911424,30183680,2727744,30041600,16252864,16252864
2026-05-14T11:44:40+01:00,rpc-worker,4904808,221,445331,1197739641,43925,0,76732,0,32911424,30182720,2728704,30040640,16252864,16252864
2026-05-14T11:44:41+01:00,rpc-worker,4904812,221,445342,1197744536,43925,0,76733,0,32911424,30183424,2728000,30041344,16252864,16252864
2026-05-14T11:44:42+01:00,rpc-worker,4904815,221,445351,1197749432,43925,0,76733,0,32911424,30182656,2728768,30040576,16252864,16252864
2026-05-14T11:44:43+01:00,rpc-worker,4904816,221,445362,1197754326,43925,0,76733,0,32911424,30183616,2727808,30041536,16252864,16252864
2026-05-14T11:44:44+01:00,rpc-worker,4904819,221,445371,1197759218,43925,0,76734,0,32911424,30183424,2728000,30041344,16252864,16252864
2026-05-14T11:44:45+01:00,rpc-worker,4904824,221,445380,1197764110,43925,0,76734,0,32911424,30184256,2727168,30042176,16252864,16252864
2026-05-14T11:44:46+01:00,rpc-worker,4904828,221,445388,1197769001,43925,0,76735,0,32911424,30183680,2727744,30041600,16252864,16252864
2026-05-14T11:44:47+01:00,rpc-worker,4904831,221,445399,1197773894,43925,0,76735,0,32911424,30184640,2726784,30042560,16252864,16252864
2026-05-14T11:44:48+01:00,rpc-worker,4904832,221,445411,1197778785,43925,0,76735,0,32911424,30183680,2727744,30041600,16252864,16252864
2026-05-14T11:44:49+01:00,rpc-worker,4904837,221,445418,1197783677,43925,0,76735,0,32911424,30182144,2729280,30040064,16252864,16252864
2026-05-14T11:44:50+01:00,rpc-worker,4904839,221,445423,1197788577,43925,0,76735,0,32911424,30182912,2728512,30040832,16252864,16252864
2026-05-14T11:44:51+01:00,rpc-worker,4904840,221,445429,1197793475,43925,0,76735,0,32911424,30185024,2726400,30042944,16252864,16252864
2026-05-14T11:44:52+01:00,rpc-worker,4904874,221,445441,1197798338,43925,0,76735,0,32911424,30185024,2726400,30042944,16252864,16252864
2026-05-14T11:44:53+01:00,rpc-worker,4904878,221,445454,1197803233,43925,0,76735,0,32911424,30184832,2726592,30042752,16252864,16252864
2026-05-14T11:44:54+01:00,rpc-worker,4904880,221,445466,1197808126,43925,0,76735,0,32911424,30184128,2727296,30042048,16252864,16252864
2026-05-14T11:44:55+01:00,rpc-worker,4904886,221,445473,1197813021,43925,0,76735,0,32911424,30185408,2726016,30043328,16252864,16252864
2026-05-14T11:44:56+01:00,rpc-worker,4904890,221,445482,1197817908,43925,0,76736,0,32911424,30184576,2726848,30042496,16252864,16252864
2026-05-14T11:44:57+01:00,rpc-worker,4904898,221,445489,1197822801,43925,0,76736,0,32911424,30184960,2726464,30042880,16252864,16252864
2026-05-14T11:44:58+01:00,rpc-worker,4904903,221,445497,1197827693,43925,0,76736,0,32911424,30183040,2728384,30040960,16252864,16252864
2026-05-14T11:44:59+01:00,rpc-worker,4904904,221,445510,1197832586,43925,0,76736,0,32911424,30185728,2725696,30043648,16252864,16252864
2026-05-14T11:45:00+01:00,rpc-worker,4904907,221,445520,1197837477,43925,0,76736,0,32911424,30184000,2727424,30041920,16252864,16252864
2026-05-14T11:45:02+01:00,rpc-worker,4904912,221,445537,1197842365,43925,0,76736,0,32911424,30180544,2730880,30038464,16252864,16252864
2026-05-14T11:45:03+01:00,rpc-worker,4904918,221,445543,1197847257,43925,0,76736,0,32911424,30178048,2733376,30035840,16252864,16252864
2026-05-14T11:45:04+01:00,rpc-worker,4904919,221,445551,1197852156,43925,0,76736,0,32911424,30178432,2732992,30036224,16252864,16252864
2026-05-14T11:45:05+01:00,rpc-worker,4904920,221,445557,1197857058,43925,0,76736,0,32911424,30179200,2732224,30036992,16252864,16252864
2026-05-14T11:45:06+01:00,rpc-worker,4904925,221,445566,1197861955,43925,0,76736,0,32911424,30178816,2732608,30036608,16252864,16252864
2026-05-14T11:45:07+01:00,rpc-worker,4904928,221,445576,1197866851,43925,0,76736,0,32911424,30180160,2731264,30037952,16252864,16252864
2026-05-14T11:45:08+01:00,rpc-worker,4904953,221,445587,1197871718,43925,0,76737,0,32911424,30177792,2733632,30035584,16252864,16252864
2026-05-14T11:45:09+01:00,rpc-worker,4904955,221,445599,1197876614,43925,0,76737,0,32911424,30178240,2733184,30035968,16252864,16252864
2026-05-14T11:45:10+01:00,rpc-worker,4904960,221,445606,1197881507,43925,0,76738,0,32911424,30178048,2733376,30035776,16252864,16252864
2026-05-14T11:45:11+01:00,rpc-worker,4904964,221,445617,1197886401,43925,0,76738,0,32911424,30178304,2733120,30036032,16252864,16252864
2026-05-14T11:45:12+01:00,rpc-worker,4904967,221,445626,1197891294,43925,0,76738,0,32911424,30178688,2732736,30036416,16252864,16252864
2026-05-14T11:45:13+01:00,rpc-worker,4904970,221,445635,1197896187,43925,0,76739,0,32911424,30179072,2732352,30036800,16252864,16252864
2026-05-14T11:45:14+01:00,rpc-worker,4904971,221,445646,1197901080,43925,0,76740,0,32911424,30178752,2732672,30036480,16252864,16252864
2026-05-14T11:45:15+01:00,rpc-worker,4904972,221,445657,1197905972,43925,0,76740,0,32911424,30180672,2730752,30038400,16252864,16252864
2026-05-14T11:45:16+01:00,rpc-worker,4904974,221,445669,1197910864,43925,0,76740,0,32911424,30177856,2733568,30035584,16252864,16252864
2026-05-14T11:45:17+01:00,rpc-worker,4904978,221,445676,1197915761,43925,0,76740,0,32911424,30177280,2734144,30035008,16252864,16252864
2026-05-14T11:45:18+01:00,rpc-worker,4904980,221,445678,1197920662,43925,0,76741,0,32911424,30178624,2732800,30036352,16252864,16252864
2026-05-14T11:45:19+01:00,rpc-worker,4904984,221,445687,1197925560,43925,0,76742,0,32911424,30180736,2730688,30038464,16252864,16252864
2026-05-14T11:45:20+01:00,rpc-worker,4904988,221,445697,1197930455,43925,0,76742,0,32911424,30178432,2732992,30036160,16252864,16252864
2026-05-14T11:45:21+01:00,rpc-worker,4904991,221,445706,1197935351,43925,0,76744,0,32911424,30179584,2731840,30037312,16252864,16252864
2026-05-14T11:45:22+01:00,rpc-worker,4904994,221,445717,1197940247,43925,0,76744,0,32911424,30179200,2732224,30036928,16252864,16252864
2026-05-14T11:45:23+01:00,rpc-worker,4905007,221,445727,1197945110,43925,0,76744,0,32911424,30178688,2732736,30036416,16252864,16252864
2026-05-14T11:45:24+01:00,rpc-worker,4905008,221,445738,1197950005,43925,0,76744,0,32911424,30178688,2732736,30036416,16252864,16252864
2026-05-14T11:45:25+01:00,rpc-worker,4905011,221,445748,1197954898,43925,0,76744,0,32911424,30177344,2734080,30035072,16252864,16252864
2026-05-14T11:45:26+01:00,rpc-worker,4905014,221,445758,1197959791,43925,0,76745,0,32911424,30178496,2732928,30036224,16252864,16252864
2026-05-14T11:45:27+01:00,rpc-worker,4905018,221,445768,1197964685,43925,0,76746,0,32911424,30178944,2732480,30036672,16252864,16252864
2026-05-14T11:45:28+01:00,rpc-worker,4905020,221,445779,1197969579,43925,0,76746,0,32911424,30177792,2733632,30035520,16252864,16252864
2026-05-14T11:45:29+01:00,rpc-worker,4905021,221,445790,1197974472,43925,0,76747,0,32911424,30179328,2732096,30037056,16252864,16252864
2026-05-14T11:45:30+01:00,rpc-worker,4905023,221,445801,1197979366,43925,0,76747,0,32911424,30176896,2734528,30034624,16252864,16252864
2026-05-14T11:45:31+01:00,rpc-worker,4905024,221,445806,1197984271,43925,0,76747,0,32911424,30177664,2733760,30035392,16252864,16252864
2026-05-14T11:45:32+01:00,rpc-worker,4905028,221,445813,1197989173,43925,0,76747,0,32911424,30178624,2732800,30036352,16252864,16252864
2026-05-14T11:45:33+01:00,rpc-worker,4905029,221,445826,1197994071,43925,0,76747,0,32911424,30179008,2732416,30036736,16252864,16252864
2026-05-14T11:45:34+01:00,rpc-worker,4905033,221,445837,1197998968,43925,0,76747,0,32911424,30178240,2733184,30035968,16252864,16252864
2026-05-14T11:45:35+01:00,rpc-worker,4905035,221,445847,1198003862,43925,0,76747,0,32911424,30177472,2733952,30035200,16252864,16252864
2026-05-14T11:45:36+01:00,rpc-worker,4905038,221,445858,1198008756,43925,0,76747,0,32911424,30179200,2732224,30036928,16252864,16252864
2026-05-14T11:45:37+01:00,rpc-worker,4905082,221,445867,1198013618,43925,0,76748,0,32911424,30176512,2734912,30034240,16252864,16252864
2026-05-14T11:45:38+01:00,rpc-worker,4905085,221,445876,1198018515,43925,0,76748,0,32911424,30176064,2735360,30033728,16252864,16252864
2026-05-14T11:45:39+01:00,rpc-worker,4905085,221,445890,1198023410,43925,0,76749,0,32911424,30178240,2733184,30035904,16252864,16252864
2026-05-14T11:45:40+01:00,rpc-worker,4905087,221,445900,1198028304,43925,0,76749,0,32911424,30178496,2732928,30036160,16252864,16252864
2026-05-14T11:45:41+01:00,rpc-worker,4905091,221,445911,1198033198,43925,0,76749,0,32911424,30177344,2734080,30035008,16252864,16252864
2026-05-14T11:45:42+01:00,rpc-worker,4905094,221,445922,1198038092,43925,0,76749,0,32911424,30176384,2735040,30034048,16252864,16252864
2026-05-14T11:45:43+01:00,rpc-worker,4905095,221,445932,1198042989,43925,0,76749,0,32911424,30175360,2736064,30032960,16252864,16252864
2026-05-14T11:45:44+01:00,rpc-worker,4905097,221,445940,1198047892,43925,0,76749,0,32911424,30174400,2737024,30032000,16252864,16252864
2026-05-14T11:45:46+01:00,rpc-worker,4905098,221,445946,1198052792,43925,0,76750,0,32911424,30178048,2733376,30035648,16252864,16252864
2026-05-14T11:45:47+01:00,rpc-worker,4905101,221,445955,1198057688,43925,0,76750,0,32911424,30179200,2732224,30036800,16252864,16252864
2026-05-14T11:45:48+01:00,rpc-worker,4905104,221,445964,1198062583,43925,0,76750,0,32911424,30178432,2732992,30036032,16252864,16252864
2026-05-14T11:45:49+01:00,rpc-worker,4905111,221,445973,1198067480,43925,0,76750,0,32911424,30178240,2733184,30035840,16252864,16252864
2026-05-14T11:45:50+01:00,rpc-worker,4905112,221,445984,1198072374,43925,0,76750,0,32911424,30179776,2731648,30037376,16252864,16252864
2026-05-14T11:45:51+01:00,rpc-worker,4905115,221,445992,1198077267,43925,0,76750,0,32911424,30177856,2733568,30035456,16252864,16252864
2026-05-14T11:45:52+01:00,rpc-worker,4905121,221,446001,1198082161,43925,0,76751,0,32911424,30179008,2732416,30036608,16252864,16252864
2026-05-14T11:45:53+01:00,rpc-worker,4905148,221,446015,1198087020,43925,0,76751,0,32911424,30178368,2733056,30035968,16252864,16252864
2026-05-14T11:45:54+01:00,rpc-worker,4905151,221,446023,1198091914,43925,0,76753,0,32911424,30179136,2732288,30036736,16252864,16252864
2026-05-14T11:45:55+01:00,rpc-worker,4905153,221,446033,1198096807,43925,0,76753,0,32911424,30179136,2732288,30036736,16252864,16252864
2026-05-14T11:45:56+01:00,rpc-worker,4905157,221,446044,1198101700,43925,0,76753,0,32911424,30175296,2736128,30032896,16252864,16252864
2026-05-14T11:45:57+01:00,rpc-worker,4905159,221,446056,1198106593,43925,0,76753,0,32911424,30176064,2735360,30033664,16252864,16252864
2026-05-14T11:45:58+01:00,rpc-worker,4905161,221,446064,1198111492,43925,0,76753,0,32911424,30177408,2734016,30035008,16252864,16252864
2026-05-14T11:45:59+01:00,rpc-worker,4905161,221,446071,1198116398,43925,0,76753,0,32911424,30179136,2732288,30036736,16252864,16252864
2026-05-14T11:46:00+01:00,rpc-worker,4905164,221,446079,1198121294,43925,0,76754,0,32911424,30178944,2732480,30036544,16252864,16252864
2026-05-14T11:46:01+01:00,rpc-worker,4905164,221,446091,1198126188,43925,0,76754,0,32911424,30180288,2731136,30037888,16252864,16252864
2026-05-14T11:46:02+01:00,rpc-worker,4905166,221,446103,1198131084,43925,0,76754,0,32911424,30179328,2732096,30036928,16252864,16252864
2026-05-14T11:46:03+01:00,rpc-worker,4905169,221,446113,1198135981,43925,0,76754,0,32911424,30178944,2732480,30036544,16252864,16252864
2026-05-14T11:46:04+01:00,rpc-worker,4905172,221,446122,1198140877,43925,0,76754,0,32911424,30178560,2732864,30036160,16252864,16252864
2026-05-14T11:46:05+01:00,rpc-worker,4905176,221,446133,1198145772,43925,0,76754,0,32911424,30178944,2732480,30036544,16252864,16252864
2026-05-14T11:46:06+01:00,rpc-worker,4905177,221,446144,1198150667,43925,0,76754,0,32911424,30178176,2733248,30035776,16252864,16252864
2026-05-14T11:46:07+01:00,rpc-worker,4905181,221,446153,1198155562,43925,0,76754,0,32911424,30177984,2733440,30035584,16252864,16252864
2026-05-14T11:46:08+01:00,rpc-worker,4905216,221,446168,1198160426,43925,0,76754,0,32911424,30179904,2731520,30037504,16252864,16252864
2026-05-14T11:46:09+01:00,rpc-worker,4905218,221,446179,1198165320,43925,0,76754,0,32911424,30180672,2730752,30038272,16252864,16252864
2026-05-14T11:46:10+01:00,rpc-worker,4905225,221,446186,1198170214,43925,0,76754,0,32911424,30175488,2735936,30033088,16252864,16252864
2026-05-14T11:46:11+01:00,rpc-worker,4905225,221,446194,1198175112,43925,0,76755,0,32911424,30178944,2732480,30036544,16252864,16252864
2026-05-14T11:46:12+01:00,rpc-worker,4905227,221,446200,1198180017,43925,0,76755,0,32911424,30178752,2732672,30036352,16252864,16252864
2026-05-14T11:46:13+01:00,rpc-worker,4905230,221,446211,1198184913,43925,0,76755,0,32911424,30177600,2733824,30035200,16252864,16252864
2026-05-14T11:46:14+01:00,rpc-worker,4905233,221,446218,1198189810,43925,0,76756,0,32911424,30179328,2732096,30036928,16252864,16252864
2026-05-14T11:46:15+01:00,rpc-worker,4905235,221,446234,1198194707,43925,0,76756,0,32911424,30178560,2732864,30036160,16252864,16252864
2026-05-14T11:46:16+01:00,rpc-worker,4905239,221,446244,1198199600,43925,0,76756,0,32911424,30176064,2735360,30033664,16252864,16252864
2026-05-14T11:46:17+01:00,rpc-worker,4905242,221,446255,1198204494,43925,0,76756,0,32911424,30177024,2734400,30034624,16252864,16252864
2026-05-14T11:46:18+01:00,rpc-worker,4905246,221,446264,1198209388,43925,0,76756,0,32911424,30178368,2733056,30035968,16252864,16252864
2026-05-14T11:46:19+01:00,rpc-worker,4905250,221,446272,1198214281,43925,0,76756,0,32911424,30177600,2733824,30035200,16252864,16252864
2026-05-14T11:46:20+01:00,rpc-worker,4905254,221,446283,1198219175,43925,0,76756,0,32911424,30176512,2734912,30034112,16252864,16252864
2026-05-14T11:46:21+01:00,rpc-worker,4905258,221,446294,1198224067,43925,0,76756,0,32911424,30180352,2731072,30037952,16252864,16252864
2026-05-14T11:46:22+01:00,rpc-worker,4905301,221,446310,1198228928,43925,0,76757,0,32911424,30176192,2735232,30033792,16252864,16252864
2026-05-14T11:46:23+01:00,rpc-worker,4905303,221,446321,1198233822,43925,0,76757,0,32911424,30176000,2735424,30033600,16252864,16252864
2026-05-14T11:46:24+01:00,rpc-worker,4905309,221,446331,1198238716,43925,0,76757,0,32911424,30176896,2734528,30034560,16252864,16252864
2026-05-14T11:46:25+01:00,rpc-worker,4905310,221,446333,1198243623,43925,0,76758,0,32911424,30182336,2729088,30039872,16252864,16252864
2026-05-14T11:46:26+01:00,rpc-worker,4905312,221,446343,1198248521,43925,0,76758,0,32911424,30183488,2727936,30041024,16252864,16252864
2026-05-14T11:46:27+01:00,rpc-worker,4905316,221,446353,1198253418,43925,0,76758,0,32911424,30184000,2727424,30041536,16252864,16252864
2026-05-14T11:46:28+01:00,rpc-worker,4905317,221,446362,1198258315,43925,0,76758,0,32911424,30183936,2727488,30041472,16252864,16252864
2026-05-14T11:46:29+01:00,rpc-worker,4905319,221,446375,1198263210,43925,0,76758,0,32911424,30183616,2727808,30041152,16252864,16252864
2026-05-14T11:46:31+01:00,rpc-worker,4905324,221,446384,1198268106,43925,0,76758,0,32911424,30183424,2728000,30040960,16252864,16252864
2026-05-14T11:46:32+01:00,rpc-worker,4905327,221,446394,1198273001,43925,0,76758,0,32911424,30183616,2727808,30041152,16252864,16252864
2026-05-14T11:46:33+01:00,rpc-worker,4905334,221,446402,1198277894,43925,0,76758,0,32911424,30184768,2726656,30042304,16252864,16252864
2026-05-14T11:46:34+01:00,rpc-worker,4905337,221,446413,1198282786,43925,0,76758,0,32911424,30184000,2727424,30041536,16252864,16252864
2026-05-14T11:46:35+01:00,rpc-worker,4905339,221,446425,1198287679,43925,0,76758,0,32911424,30184768,2726656,30042304,16252864,16252864
2026-05-14T11:46:36+01:00,rpc-worker,4905344,221,446434,1198292571,43925,0,76758,0,32911424,30184960,2726464,30042496,16252864,16252864
2026-05-14T11:46:37+01:00,rpc-worker,4905346,221,446444,1198297465,43925,0,76759,0,32911424,30185152,2726272,30042688,16252864,16252864
2026-05-14T11:46:38+01:00,rpc-worker,4905371,221,446481,1198302323,43925,0,76759,0,32911424,30183232,2728192,30040768,16252864,16252864
2026-05-14T11:46:39+01:00,rpc-worker,4905372,221,446489,1198307224,43925,0,76759,0,32911424,30181312,2730112,30038848,16252864,16252864
2026-05-14T11:46:40+01:00,rpc-worker,4905374,221,446494,1198312128,43925,0,76759,0,32911424,30186112,2725312,30043648,16252864,16252864
2026-05-14T11:46:41+01:00,rpc-worker,4905378,221,446506,1198317025,43925,0,76759,0,32911424,30183424,2728000,30040960,16252864,16252864
2026-05-14T11:46:42+01:00,rpc-worker,4905380,221,446516,1198321922,43925,0,76759,0,32911424,30184768,2726656,30042304,16252864,16252864
2026-05-14T11:46:43+01:00,rpc-worker,4905382,221,446527,1198326820,43925,0,76759,0,32911424,30184960,2726464,30042496,16252864,16252864
2026-05-14T11:46:44+01:00,rpc-worker,4905384,221,446542,1198331716,43925,0,76759,0,32911424,30184896,2726528,30042432,16252864,16252864
2026-05-14T11:46:45+01:00,rpc-worker,4905388,221,446551,1198336611,43925,0,76760,0,32911424,30184896,2726528,30042432,16252864,16252864
2026-05-14T11:46:46+01:00,rpc-worker,4905391,221,446561,1198341503,43925,0,76760,0,32911424,30185088,2726336,30042624,16252864,16252864
2026-05-14T11:46:47+01:00,rpc-worker,4905396,221,446568,1198346397,43925,0,76760,0,32911424,30185472,2725952,30043008,16252864,16252864
2026-05-14T11:46:48+01:00,rpc-worker,4905399,221,446578,1198351290,43925,0,76760,0,32911424,30187200,2724224,30044736,16252864,16252864
2026-05-14T11:46:49+01:00,rpc-worker,4905405,221,446588,1198356183,43925,0,76760,0,32911424,30184320,2727104,30041856,16252864,16252864
2026-05-14T11:46:50+01:00,rpc-worker,4905407,221,446599,1198361078,43925,0,76760,0,32911424,30185664,2725760,30043200,16252864,16252864
2026-05-14T11:46:51+01:00,rpc-worker,4905409,221,446609,1198365974,43925,0,76760,0,32911424,30183360,2728064,30040896,16252864,16252864
2026-05-14T11:46:52+01:00,rpc-worker,4905410,221,446617,1198370875,43925,0,76760,0,32911424,30183744,2727680,30041280,16252864,16252864
2026-05-14T11:46:53+01:00,rpc-worker,4905449,221,446626,1198375750,43925,0,76760,0,32911424,30185280,2726144,30042816,16252864,16252864
2026-05-14T11:46:54+01:00,rpc-worker,4905452,221,446637,1198380645,43925,0,76760,0,32911424,30185088,2726336,30042624,16252864,16252864
2026-05-14T11:46:55+01:00,rpc-worker,4905457,221,446646,1198385542,43925,0,76760,0,32911424,30186624,2724800,30044160,16252864,16252864
2026-05-14T11:46:56+01:00,rpc-worker,4905464,221,446654,1198390431,43925,0,76761,0,32911424,30185536,2725888,30043072,16252864,16252864
2026-05-14T11:46:57+01:00,rpc-worker,4905465,221,446666,1198395326,43925,0,76761,0,32911424,30185536,2725888,30043072,16252864,16252864
2026-05-14T11:46:58+01:00,rpc-worker,4905469,221,446675,1198400218,43925,0,76761,0,32911424,30184960,2726464,30042496,16252864,16252864
2026-05-14T11:46:59+01:00,rpc-worker,4905471,221,446687,1198405109,43925,0,76761,0,32911424,30188032,2723392,30045568,16252864,16252864
2026-05-14T11:47:00+01:00,rpc-worker,4905472,221,446698,1198410001,43925,0,76761,0,32911424,30182656,2728768,30040192,16252864,16252864
2026-05-14T11:47:01+01:00,rpc-worker,4905476,221,446706,1198414893,43925,0,76761,0,32911424,30188032,2723392,30045568,16252864,16252864
2026-05-14T11:47:02+01:00,rpc-worker,4905477,221,446716,1198419786,43925,0,76762,0,32911424,30184384,2727040,30041920,16252864,16252864
2026-05-14T11:47:03+01:00,rpc-worker,4905480,221,446726,1198424683,43925,0,76762,0,32911424,30187584,2723840,30045120,16252864,16252864
2026-05-14T11:47:04+01:00,rpc-worker,4905486,221,446750,1198429560,43925,0,76779,0,32911424,29584704,3326720,29442240,16252864,16252864
2026-05-14T11:47:05+01:00,rpc-worker,4905491,221,446771,1198434447,43925,0,76797,0,32911424,29581312,3330112,29438848,16252864,16252864
2026-05-14T11:47:06+01:00,rpc-worker,4905493,221,446791,1198439337,43925,0,76818,0,32911424,29578240,3333184,29435776,16252864,16252864
2026-05-14T11:47:07+01:00,rpc-worker,4905516,221,446819,1198444184,43925,0,76832,0,32911424,29582080,3329344,29439616,16252864,16252864
2026-05-14T11:47:08+01:00,rpc-worker,4905520,221,446843,1198449059,43925,0,76851,0,32911424,29581184,3330240,29438528,16252864,16252864
2026-05-14T11:47:09+01:00,rpc-worker,4905585,221,446856,1198453890,43925,0,76860,0,32911424,29580800,3330624,29438144,16252864,16252864
2026-05-14T11:47:10+01:00,rpc-worker,4905691,221,446863,1198458685,43925,0,76860,0,32911424,29582144,3329280,29439488,16252864,16252864
2026-05-14T11:47:12+01:00,rpc-worker,4905779,221,446903,1198464370,43932,0,76869,0,32911424,29568064,3343360,28824384,16252864,16252864
2026-05-14T11:47:13+01:00,rpc-worker,4905784,221,446928,1198470974,44022,0,76911,0,32911424,29572736,3338688,28829056,16252864,16252864
2026-05-14T11:47:14+01:00,rpc-worker,4905785,221,446961,1198477581,44113,0,76948,0,32911424,29572992,3338432,28829312,16252864,16252864
2026-05-14T11:47:16+01:00,rpc-worker,4905786,221,446988,1198484222,44204,0,76993,0,32911424,29569728,3341696,28826048,16252864,16252864
2026-05-14T11:47:17+01:00,rpc-worker,4905801,221,447020,1198490020,44262,0,77018,0,32911424,29560960,3350464,28804928,16252864,16252864
2026-05-14T11:47:18+01:00,rpc-worker,4905810,221,447037,1198494901,44268,0,77023,0,32911424,29538368,3373056,28770048,16252864,16252864
2026-05-14T11:47:19+01:00,rpc-worker,4905813,221,447045,1198499795,44268,0,77023,0,32911424,29539136,3372288,28770816,16252864,16252864
2026-05-14T11:47:20+01:00,rpc-worker,4905819,221,447059,1198504681,44268,0,77024,0,32911424,28989120,3922304,28220800,16252864,16252864
2026-05-14T11:47:21+01:00,rpc-worker,4905824,221,447081,1198509556,44268,0,77037,0,32911424,28990016,3921408,28221696,16252864,16252864
2026-05-14T11:47:22+01:00,rpc-worker,4905842,221,447111,1198514399,44268,0,77057,0,32911424,28987136,3924288,28218816,16252864,16252864
2026-05-14T11:47:23+01:00,rpc-worker,4905844,221,447137,1198519273,44268,0,77077,0,32911424,28984256,3927168,28215936,16252864,16252864
2026-05-14T11:47:24+01:00,rpc-worker,4905847,221,447167,1198524147,44268,0,77094,0,32911424,28983296,3928128,28214976,16252864,16252864
2026-05-14T11:47:25+01:00,rpc-worker,4905918,221,447182,1198528973,44268,0,77098,0,32911424,28983872,3927552,28215552,16252864,16252864
2026-05-14T11:47:26+01:00,rpc-worker,4906020,221,447186,1198533777,44268,0,77098,0,32911424,28985344,3926080,28217024,16252864,16252864
2026-05-14T11:47:28+01:00,rpc-worker,4906079,221,447230,1198539487,44296,0,77118,0,32911424,28972032,3939392,27652864,16252864,16252864
2026-05-14T11:47:29+01:00,rpc-worker,4906083,221,447259,1198546067,44387,0,77154,0,32911424,28976576,3934848,27657408,16252864,16252864
2026-05-14T11:47:30+01:00,rpc-worker,4906085,221,447294,1198552669,44477,0,77178,0,32911424,28980352,3931072,27661184,16252864,16252864
2026-05-14T11:47:32+01:00,rpc-worker,4906091,221,447317,1198559280,44567,0,77196,0,32911424,28947840,3963584,27628672,16252864,16252864
2026-05-14T11:47:33+01:00,rpc-worker,4906122,221,447359,1198564371,44571,0,77209,0,32911424,28430976,4480448,27111808,16252864,16252864
2026-05-14T11:47:34+01:00,rpc-worker,4906218,221,447392,1198569142,44571,0,77229,0,32911424,28424832,4486592,27105664,16252864,16252864
2026-05-14T11:47:35+01:00,rpc-worker,4906273,221,447425,1198573954,44571,0,77254,0,32911424,28431616,4479808,27112448,16252864,16252864
2026-05-14T11:47:36+01:00,rpc-worker,4906277,221,447448,1198578828,44571,0,77268,0,32911424,28432576,4478848,27113408,16252864,16252864
2026-05-14T11:47:37+01:00,rpc-worker,4906284,221,447473,1198583692,44571,0,77279,0,32911424,28431232,4480192,27112064,16252864,16252864
2026-05-14T11:47:38+01:00,rpc-worker,4906410,221,447494,1198588452,44571,0,77280,0,32911424,28430848,4480576,27111680,16252864,16252864
2026-05-14T11:47:39+01:00,rpc-worker,4906515,221,447504,1198593245,44571,0,77280,0,32911424,28431808,4479616,27112640,16252864,16252864
2026-05-14T11:47:40+01:00,rpc-worker,4906535,221,447552,1198598941,44622,0,77300,0,32911424,28424768,4486656,26554688,16252864,16252864
2026-05-14T11:47:42+01:00,rpc-worker,4906538,221,447581,1198605533,44712,0,77347,0,32911424,28427904,4483520,26557824,16252864,16252864
2026-05-14T11:47:43+01:00,rpc-worker,4906541,221,447605,1198612145,44803,0,77384,0,32911424,28427392,4484032,26557312,16252864,16252864
2026-05-14T11:47:44+01:00,rpc-worker,4906549,221,447643,1198617845,44873,0,77417,0,32911424,28427584,4483840,26557504,16252864,16252864
2026-05-14T11:47:45+01:00,rpc-worker,4906555,221,447666,1198622709,44873,0,77428,0,32911424,27879744,5031680,26009664,16252864,16252864
2026-05-14T11:47:46+01:00,rpc-worker,4906558,221,447689,1198627588,44873,0,77441,0,32911424,27881792,5029632,26011712,16252864,16252864
2026-05-14T11:47:47+01:00,rpc-worker,4906561,221,447711,1198632475,44873,0,77456,0,32911424,27882752,5028672,26012672,16252864,16252864
2026-05-14T11:47:48+01:00,rpc-worker,4906565,221,447733,1198637350,44873,0,77466,0,32911424,27882176,5029248,26012096,16252864,16252864
2026-05-14T11:47:49+01:00,rpc-worker,4906584,221,447757,1198642205,44873,0,77479,0,32911424,27882176,5029248,26012096,16252864,16252864
2026-05-14T11:47:50+01:00,rpc-worker,4906687,221,447770,1198646998,44873,0,77479,0,32911424,27875648,5035776,26005568,16252864,16252864
2026-05-14T11:47:51+01:00,rpc-worker,4906795,221,447776,1198651793,44873,0,77479,0,32911424,27876992,5034432,26006912,16252864,16252864
2026-05-14T11:47:53+01:00,rpc-worker,4906854,221,447829,1198657451,44933,0,77515,0,32911424,27851264,5060160,25430208,16252864,16252864
2026-05-14T11:47:54+01:00,rpc-worker,4906855,221,447843,1198664063,45024,0,77554,0,32911424,27851456,5059968,25430400,16252864,16252864
2026-05-14T11:47:56+01:00,rpc-worker,4906859,221,447871,1198670675,45114,0,77585,0,32911424,27855872,5055552,25434816,16252864,16252864
2026-05-14T11:47:57+01:00,rpc-worker,4906871,221,447900,1198676356,45175,0,77612,0,32911424,27875648,5035776,25454592,16252864,16252864
2026-05-14T11:47:58+01:00,rpc-worker,4906883,221,447914,1198681211,45188,0,77624,0,32911424,27849408,5062016,25403776,16252864,16252864
2026-05-14T11:47:59+01:00,rpc-worker,4906884,221,447926,1198686104,45188,0,77624,0,32911424,27847680,5063744,25402048,16252864,16252864
2026-05-14T11:48:00+01:00,rpc-worker,4906887,221,447946,1198690991,45188,0,77629,0,32911424,27300736,5610688,24855104,16252864,16252864
2026-05-14T11:48:01+01:00,rpc-worker,4906888,221,447971,1198695873,45188,0,77648,0,32911424,27297920,5613504,24852288,16252864,16252864
2026-05-14T11:48:02+01:00,rpc-worker,4906890,221,447995,1198700753,45188,0,77664,0,32911424,27298304,5613120,24852672,16252864,16252864
2026-05-14T11:48:03+01:00,rpc-worker,4906892,221,448022,1198705627,45188,0,77680,0,32911424,27298496,5612928,24852864,16252864,16252864
2026-05-14T11:48:04+01:00,rpc-worker,4906893,221,448047,1198710501,45188,0,77694,0,32911424,27297408,5614016,24851776,16252864,16252864
2026-05-14T11:48:05+01:00,rpc-worker,4906952,221,448070,1198715330,45188,0,77704,0,32911424,27296640,5614784,24851008,16252864,16252864
2026-05-14T11:48:06+01:00,rpc-worker,4907058,221,448079,1198720122,45188,0,77704,0,32911424,27297024,5614400,24851392,16252864,16252864
2026-05-14T11:48:07+01:00,rpc-worker,4907165,221,448120,1198725761,45209,0,77725,0,32911424,27289728,5621696,24294656,16252864,16252864
2026-05-14T11:48:09+01:00,rpc-worker,4907169,221,448148,1198732363,45300,0,77767,0,32911424,27289024,5622400,24292480,16252864,16252864
2026-05-14T11:48:10+01:00,rpc-worker,4907171,221,448183,1198738974,45391,0,77818,0,32911424,27287360,5624064,24290816,16252864,16252864
2026-05-14T11:48:11+01:00,rpc-worker,4907173,221,448201,1198745564,45481,0,77862,0,32911424,27261056,5650368,24264512,16252864,16252864
2026-05-14T11:48:13+01:00,rpc-worker,4907186,221,448228,1198751162,45492,0,77884,0,32911424,26740352,6171072,23743808,16252864,16252864
2026-05-14T11:48:14+01:00,rpc-worker,4907191,221,448255,1198756037,45492,0,77903,0,32911424,26741504,6169920,23744960,16252864,16252864
2026-05-14T11:48:15+01:00,rpc-worker,4907193,221,448278,1198760909,45492,0,77918,0,32911424,26741504,6169920,23744960,16252864,16252864
2026-05-14T11:48:16+01:00,rpc-worker,4907195,221,448303,1198765781,45492,0,77935,0,32911424,26742848,6168576,23746304,16252864,16252864
2026-05-14T11:48:17+01:00,rpc-worker,4907201,221,448330,1198770644,45492,0,77955,0,32911424,26740352,6171072,23743808,16252864,16252864
2026-05-14T11:48:18+01:00,rpc-worker,4907303,221,448342,1198775436,45492,0,77956,0,32911424,26740352,6171072,23743808,16252864,16252864
2026-05-14T11:48:19+01:00,rpc-worker,4907409,221,448352,1198780227,45492,0,77957,0,32911424,26738880,6172544,23742336,16252864,16252864
2026-05-14T11:48:20+01:00,rpc-worker,4907433,221,448394,1198785926,45542,0,77983,0,32911424,26722496,6188928,23175040,16252864,16252864
2026-05-14T11:48:21+01:00,rpc-worker,4907436,221,448416,1198792516,45633,0,78019,0,32911424,26730112,6181312,23182656,16252864,16252864
2026-05-14T11:48:23+01:00,rpc-worker,4907473,221,448452,1198799068,45721,0,78058,0,32911424,26731008,6180416,23183552,16252864,16252864
2026-05-14T11:48:24+01:00,rpc-worker,4907479,221,448480,1198804773,45793,0,78094,0,32911424,26202560,6708864,22655104,16252864,16252864
2026-05-14T11:48:25+01:00,rpc-worker,4907486,221,448507,1198809640,45793,0,78112,0,32911424,26176704,6734720,22629248,16252864,16252864
2026-05-14T11:48:26+01:00,rpc-worker,4907487,221,448528,1198814520,45793,0,78135,0,32911424,26182720,6728704,22635264,16252864,16252864
2026-05-14T11:48:27+01:00,rpc-worker,4907490,221,448554,1198819395,45793,0,78158,0,32911424,26185984,6725440,22638528,16252864,16252864
2026-05-14T11:48:28+01:00,rpc-worker,4907496,221,448571,1198824268,45793,0,78174,0,32911424,26181184,6730240,22633728,16252864,16252864
2026-05-14T11:48:29+01:00,rpc-worker,4907516,221,448588,1198829125,45793,0,78190,0,32911424,26176192,6735232,22628736,16252864,16252864
2026-05-14T11:48:30+01:00,rpc-worker,4907618,221,448597,1198833916,45793,0,78193,0,32911424,26175232,6736192,22627712,16252864,16252864
2026-05-14T11:48:31+01:00,rpc-worker,4907723,221,448608,1198838708,45793,0,78193,0,32911424,26174272,6737152,22626752,16252864,16252864
2026-05-14T11:48:32+01:00,rpc-worker,4907738,221,448644,1198844398,45839,0,78234,0,32911424,26153344,6758080,22054912,16252864,16252864
2026-05-14T11:48:34+01:00,rpc-worker,4907738,221,448666,1198850983,45905,0,78300,0,32911424,26144896,6766528,22046464,16252864,16252864
2026-05-14T11:48:35+01:00,rpc-worker,4907738,221,448694,1198857571,45972,0,78353,0,32911424,26147776,6763648,22049344,16252864,16252864
2026-05-14T11:48:36+01:00,rpc-worker,4907749,221,448725,1198863254,46021,0,78409,0,32911424,26157248,6754176,22058816,16252864,16252864
2026-05-14T11:48:37+01:00,rpc-worker,4907795,221,448741,1198868082,46034,0,78427,0,32911424,26137216,6774208,22014208,16252864,16252864
2026-05-14T11:48:38+01:00,rpc-worker,4907797,221,448752,1198872975,46034,0,78427,0,32911424,26130048,6781376,22007040,16252864,16252864
2026-05-14T11:48:39+01:00,rpc-worker,4907798,221,448768,1198877871,46034,0,78431,0,32911424,25577280,7334144,21454272,16252864,16252864
2026-05-14T11:48:40+01:00,rpc-worker,4907798,221,448789,1198882753,46034,0,78451,0,32911424,25583808,7327616,21460800,16252864,16252864
2026-05-14T11:48:42+01:00,rpc-worker,4907801,221,448814,1198887631,46034,0,78465,0,32911424,25586112,7325312,21463104,16252864,16252864
2026-05-14T11:48:43+01:00,rpc-worker,4907803,221,448839,1198892503,46034,0,78491,0,32911424,25584576,7326848,21461568,16252864,16252864
2026-05-14T11:48:44+01:00,rpc-worker,4907807,221,448865,1198897370,46034,0,78516,0,32911424,25586880,7324544,21463872,16252864,16252864
2026-05-14T11:48:45+01:00,rpc-worker,4907856,221,448889,1198902205,46034,0,78531,0,32911424,25586496,7324928,21463488,16252864,16252864
2026-05-14T11:48:46+01:00,rpc-worker,4907960,221,448897,1198906998,46034,0,78531,0,32911424,25587712,7323712,21464704,16252864,16252864
2026-05-14T11:48:47+01:00,rpc-worker,4908040,221,448933,1198912684,46045,0,78539,0,32911424,25575488,7335936,20901632,16252864,16252864
2026-05-14T11:48:48+01:00,rpc-worker,4908043,221,448971,1198919269,46126,0,78581,0,32911424,25576384,7335040,20902528,16252864,16252864
2026-05-14T11:48:50+01:00,rpc-worker,4908045,221,449000,1198925877,46206,0,78621,0,32911424,25580160,7331264,20906304,16252864,16252864
2026-05-14T11:48:51+01:00,rpc-worker,4908048,221,449028,1198932464,46290,0,78661,0,32911424,25581568,7329856,20907712,16252864,16252864
2026-05-14T11:48:52+01:00,rpc-worker,4908106,221,449065,1198938172,46308,0,78680,0,32911424,25036608,7874816,20362752,16252864,16252864
2026-05-14T11:48:53+01:00,rpc-worker,4908108,221,449091,1198943037,46308,0,78704,0,32911424,25034496,7876928,20360640,16252864,16252864
2026-05-14T11:48:54+01:00,rpc-worker,4908112,221,449119,1198947903,46308,0,78720,0,32911424,25033792,7877632,20359936,16252864,16252864
2026-05-14T11:48:55+01:00,rpc-worker,4908115,221,449148,1198952767,46308,0,78742,0,32911424,25037312,7874112,20363456,16252864,16252864
2026-05-14T11:48:56+01:00,rpc-worker,4908131,221,449178,1198957625,46308,0,78774,0,32911424,25034304,7877120,20360448,16252864,16252864
2026-05-14T11:48:57+01:00,rpc-worker,4908228,221,449188,1198962430,46308,0,78776,0,32911424,25036096,7875328,20362240,16252864,16252864
2026-05-14T11:48:58+01:00,rpc-worker,4908330,221,449197,1198967223,46308,0,78777,0,32911424,25039936,7871488,20366080,16252864,16252864
2026-05-14T11:49:00+01:00,rpc-worker,4908363,221,449239,1198972903,46349,0,78803,0,32911424,25024256,7887168,19799488,16252864,16252864
2026-05-14T11:49:01+01:00,rpc-worker,4908366,221,449263,1198979513,46436,0,78842,0,32911424,25028928,7882496,19804160,16252864,16252864
2026-05-14T11:49:02+01:00,rpc-worker,4908367,221,449289,1198986115,46523,0,78883,0,32911424,25030336,7881088,19805568,16252864,16252864
2026-05-14T11:49:04+01:00,rpc-worker,4908371,221,449318,1198991801,46598,0,78917,0,32911424,24962752,7948672,19737984,16252864,16252864
2026-05-14T11:49:05+01:00,rpc-worker,4908382,221,449345,1198996660,46598,0,78932,0,32911424,24482816,8428608,19258048,16252864,16252864
2026-05-14T11:49:06+01:00,rpc-worker,4908387,221,449371,1199001529,46598,0,78951,0,32911424,24483584,8427840,19258816,16252864,16252864
2026-05-14T11:49:07+01:00,rpc-worker,4908388,221,449392,1199006391,46598,0,78980,0,32911424,24482304,8429120,19257536,16252864,16252864
2026-05-14T11:49:08+01:00,rpc-worker,4908416,221,449420,1199011222,46598,0,79005,0,32911424,24482624,8428800,19257856,16252864,16252864
2026-05-14T11:49:09+01:00,rpc-worker,4908423,221,449446,1199016073,46598,0,79036,0,32911424,24470720,8440704,19245952,16252864,16252864
2026-05-14T11:49:10+01:00,rpc-worker,4908525,221,449458,1199020864,46598,0,79037,0,32911424,24429248,8482176,19204480,16252864,16252864
2026-05-14T11:49:11+01:00,rpc-worker,4908627,221,449470,1199025654,46598,0,79038,0,32911424,24428864,8482560,19204096,16252864,16252864
2026-05-14T11:49:12+01:00,rpc-worker,4908651,221,449511,1199031319,46637,0,79072,0,32911424,24404544,8506880,18628864,16252864,16252864
2026-05-14T11:49:13+01:00,rpc-worker,4908652,221,449530,1199037944,46704,0,79131,0,32911424,24407296,8504128,18631616,16252864,16252864
2026-05-14T11:49:15+01:00,rpc-worker,4908657,221,449556,1199044726,46773,0,79193,0,32911424,24410816,8500608,18635072,16252864,16252864
2026-05-14T11:49:16+01:00,rpc-worker,4908666,221,449580,1199050403,46824,0,79243,0,32911424,24378944,8532480,18603200,16252864,16252864
2026-05-14T11:49:17+01:00,rpc-worker,4908682,221,449598,1199055250,46837,0,79261,0,32911424,24445504,8465920,18646592,16252864,16252864
2026-05-14T11:49:18+01:00,rpc-worker,4908685,221,449609,1199060143,46837,0,79261,0,32911424,24445184,8466240,18644864,16252864,16252864
2026-05-14T11:49:19+01:00,rpc-worker,4908689,221,449621,1199065038,46837,0,79263,0,32911424,23900736,9010688,18100416,16252864,16252864
2026-05-14T11:49:20+01:00,rpc-worker,4908690,221,449641,1199069919,46837,0,79284,0,32911424,23896064,9015360,18095744,16252864,16252864
2026-05-14T11:49:21+01:00,rpc-worker,4908691,221,449671,1199074794,46837,0,79306,0,32911424,23891712,9019712,18091392,16252864,16252864
2026-05-14T11:49:22+01:00,rpc-worker,4908704,221,449693,1199079633,46837,0,79330,0,32911424,23895552,9015872,18095232,16252864,16252864
2026-05-14T11:49:23+01:00,rpc-worker,4908707,221,449720,1199084508,46837,0,79355,0,32911424,23895936,9015488,18095616,16252864,16252864
2026-05-14T11:49:24+01:00,rpc-worker,4908750,221,449739,1199089348,46837,0,79370,0,32911424,23896448,9014976,18096128,16252864,16252864
2026-05-14T11:49:25+01:00,rpc-worker,4908857,221,449748,1199094141,46837,0,79370,0,32911424,23896384,9015040,18096064,16252864,16252864
2026-05-14T11:49:27+01:00,rpc-worker,4908943,221,449784,1199099833,46846,0,79377,0,32911424,23885888,9025536,17534656,16252864,16252864
2026-05-14T11:49:28+01:00,rpc-worker,4908946,221,449828,1199106549,46937,0,79413,0,32911424,23891520,9019904,17540352,16252864,16252864
2026-05-14T11:49:29+01:00,rpc-worker,4908951,221,449852,1199113190,47026,0,79462,0,32911424,23895680,9015744,17544512,16252864,16252864
2026-05-14T11:49:31+01:00,rpc-worker,4908953,221,449874,1199119817,47117,0,79509,0,32911424,23892736,9018688,17541568,16252864,16252864
2026-05-14T11:49:32+01:00,rpc-worker,4908961,221,449905,1199125527,47135,0,79527,0,32911424,23349056,9562368,16997824,16252864,16252864
2026-05-14T11:49:33+01:00,rpc-worker,4908969,221,449930,1199130389,47135,0,79552,0,32911424,23346176,9565248,16994944,16252864,16252864
2026-05-14T11:49:34+01:00,rpc-worker,4908971,221,449954,1199135251,47135,0,79582,0,32911424,23346560,9564864,16995328,16252864,16252864
2026-05-14T11:49:35+01:00,rpc-worker,4908973,221,449982,1199140119,47135,0,79607,0,32911424,23352256,9559168,17001024,16252864,16252864
2026-05-14T11:49:36+01:00,rpc-worker,4908978,221,450007,1199144987,47135,0,79634,0,32911424,23345856,9565568,16994624,16252864,16252864
2026-05-14T11:49:37+01:00,rpc-worker,4909080,221,450023,1199149767,47135,0,79637,0,32911424,23349760,9561664,16998528,16252864,16252864
2026-05-14T11:49:38+01:00,rpc-worker,4909185,221,450035,1199154558,47135,0,79637,0,32911424,23348160,9563264,16996928,16252864,16252864
2026-05-14T11:49:39+01:00,rpc-worker,4909218,221,450074,1199160291,47175,0,79665,0,32911424,23337280,9574144,16435136,16252864,16252864
2026-05-14T11:49:41+01:00,rpc-worker,4909218,221,450100,1199166982,47260,0,79713,0,32911424,23336448,9574976,16434304,16252864,16252864
2026-05-14T11:49:42+01:00,rpc-worker,4909219,221,450131,1199173489,47344,0,79767,0,32911424,23347072,9564352,16444928,16252864,16252864
2026-05-14T11:49:44+01:00,rpc-worker,4909221,221,450163,1199179220,47417,0,79801,0,32911424,23272576,9638848,16370432,16252864,16252864
2026-05-14T11:49:45+01:00,rpc-worker,4909231,221,450188,1199184089,47417,0,79818,0,32911424,22790208,10121216,15888064,16252864,16252864
2026-05-14T11:49:46+01:00,rpc-worker,4909233,221,450212,1199188964,47417,0,79839,0,32911424,22794624,10116800,15892480,16252864,16252864
2026-05-14T11:49:47+01:00,rpc-worker,4909239,221,450239,1199193834,47417,0,79858,0,32911424,22793472,10117952,15891328,16252864,16252864
2026-05-14T11:49:48+01:00,rpc-worker,4909242,221,450265,1199198705,47417,0,79882,0,32911424,22792256,10119168,15890112,16252864,16252864
2026-05-14T11:49:49+01:00,rpc-worker,4909246,221,450286,1199203565,47417,0,79911,0,32911424,22792192,10119232,15889984,16252864,16252864
2026-05-14T11:49:50+01:00,rpc-worker,4909351,221,450298,1199208357,47417,0,79911,0,32911424,22723968,10187456,15821760,16252864,16252864
2026-05-14T11:49:51+01:00,rpc-worker,4909456,221,450310,1199213148,47417,0,79911,0,32911424,22721280,10190144,15819072,16252864,16252864
2026-05-14T11:49:52+01:00,rpc-worker,4909479,221,450359,1199218819,47450,0,79945,0,32911424,22705024,10206400,15251968,16252864,16252864
2026-05-14T11:49:53+01:00,rpc-worker,4909488,221,450384,1199225513,47517,0,79983,0,32911424,22711360,10200064,15258304,16252864,16252864
2026-05-14T11:49:55+01:00,rpc-worker,4909491,221,450415,1199232211,47590,0,80025,0,32911424,22716736,10194688,15263680,16252864,16252864
2026-05-14T11:49:56+01:00,rpc-worker,4909496,221,450449,1199237915,47644,0,80057,0,32911424,22721408,10190016,15268352,16252864,16252864
2026-05-14T11:49:57+01:00,rpc-worker,4909509,221,450465,1199242771,47657,0,80071,0,32911424,22752960,10158464,15275328,16252864,16252864
2026-05-14T11:49:58+01:00,rpc-worker,4909509,221,450474,1199247670,47657,0,80071,0,32911424,22754112,10157312,15276480,16252864,16252864
2026-05-14T11:49:59+01:00,rpc-worker,4909512,221,450484,1199252575,47657,0,80073,0,32911424,22205440,10705984,14727808,16252864,16252864
2026-05-14T11:50:00+01:00,rpc-worker,4909516,221,450509,1199257453,47657,0,80091,0,32911424,22204160,10707264,14726464,16252864,16252864
2026-05-14T11:50:01+01:00,rpc-worker,4909522,221,450535,1199262328,47657,0,80102,0,32911424,22193216,10718208,14715584,16252864,16252864
2026-05-14T11:50:02+01:00,rpc-worker,4909522,221,450563,1199267203,47657,0,80113,0,32911424,22197824,10713600,14720192,16252864,16252864
2026-05-14T11:50:03+01:00,rpc-worker,4909526,221,450587,1199272082,47657,0,80121,0,32911424,22198464,10712960,14720832,16252864,16252864
2026-05-14T11:50:04+01:00,rpc-worker,4909571,221,450607,1199276924,47657,0,80123,0,32911424,22193472,10717952,14715840,16252864,16252864
2026-05-14T11:50:05+01:00,rpc-worker,4909675,221,450619,1199281717,47657,0,80123,0,32911424,22198592,10712832,14720960,16252864,16252864
2026-05-14T11:50:06+01:00,rpc-worker,4909759,221,450662,1199287462,47668,0,80134,0,32911424,22186688,10724736,14158144,16252864,16252864
2026-05-14T11:50:08+01:00,rpc-worker,4909830,221,450709,1199294075,47757,0,80183,0,32911424,22183296,10728128,14154688,16252864,16252864
2026-05-14T11:50:09+01:00,rpc-worker,4909834,221,450740,1199300898,47848,0,80218,0,32911424,22184832,10726592,14156224,16252864,16252864
2026-05-14T11:50:11+01:00,rpc-worker,4909834,221,450756,1199307441,47934,0,80251,0,32911424,22182592,10728832,14153984,16252864,16252864
2026-05-14T11:50:12+01:00,rpc-worker,4909844,221,450788,1199313281,47951,0,80256,0,32911424,21637120,11274304,13608512,16252864,16252864
2026-05-14T11:50:13+01:00,rpc-worker,4909845,221,450811,1199318163,47951,0,80274,0,32911424,21635712,11275712,13607104,16252864,16252864
2026-05-14T11:50:14+01:00,rpc-worker,4909851,221,450837,1199323036,47951,0,80299,0,32911424,21636032,11275392,13607424,16252864,16252864
2026-05-14T11:50:15+01:00,rpc-worker,4909856,221,450862,1199327907,47951,0,80320,0,32911424,21637760,11273664,13609152,16252864,16252864
2026-05-14T11:50:16+01:00,rpc-worker,4909859,221,450891,1199332773,47951,0,80345,0,32911424,21635328,11276096,13606720,16252864,16252864
2026-05-14T11:50:17+01:00,rpc-worker,4909961,221,450901,1199337580,47951,0,80348,0,32911424,21639744,11271680,13611136,16252864,16252864
2026-05-14T11:50:18+01:00,rpc-worker,4910068,221,450911,1199342378,47951,0,80348,0,32911424,21636864,11274560,13608256,16252864,16252864
2026-05-14T11:50:19+01:00,rpc-worker,4910098,221,450947,1199348094,47994,0,80383,0,32911424,21622016,11289408,13042560,16252864,16252864
2026-05-14T11:50:21+01:00,rpc-worker,4910098,221,450965,1199354910,48081,0,80431,0,32911424,21629888,11281536,13050432,16252864,16252864
2026-05-14T11:50:22+01:00,rpc-worker,4910133,221,450998,1199361574,48164,0,80467,0,32911424,21635200,11276224,13055744,16252864,16252864
2026-05-14T11:50:23+01:00,rpc-worker,4910141,221,451029,1199367250,48234,0,80491,0,32911424,21146304,11765120,12566784,16252864,16252864
2026-05-14T11:50:24+01:00,rpc-worker,4910148,221,451057,1199372112,48234,0,80516,0,32911424,21077248,11834176,12497728,16252864,16252864
2026-05-14T11:50:25+01:00,rpc-worker,4910149,221,451076,1199376994,48234,0,80539,0,32911424,21077888,11833536,12498368,16252864,16252864
2026-05-14T11:50:27+01:00,rpc-worker,4910149,221,451104,1199381867,48234,0,80562,0,32911424,21084288,11827136,12504768,16252864,16252864
2026-05-14T11:50:28+01:00,rpc-worker,4910152,221,451130,1199386735,48234,0,80582,0,32911424,21082816,11828608,12503296,16252864,16252864
2026-05-14T11:50:29+01:00,rpc-worker,4910166,221,451148,1199391586,48234,0,80605,0,32911424,21084544,11826880,12505024,16252864,16252864
2026-05-14T11:50:30+01:00,rpc-worker,4910272,221,451158,1199396378,48234,0,80605,0,32911424,21083200,11828224,12503680,16252864,16252864
2026-05-14T11:50:31+01:00,rpc-worker,4910381,221,451165,1199401170,48234,0,80606,0,32911424,21083712,11827712,12504192,16252864,16252864
2026-05-14T11:50:32+01:00,rpc-worker,4910395,221,451218,1199406828,48275,0,80647,0,32911424,21061376,11850048,11930944,16252864,16252864
2026-05-14T11:50:33+01:00,rpc-worker,4910396,221,451240,1199413487,48341,0,80709,0,32911424,21062720,11848704,11932288,16252864,16252864
2026-05-14T11:50:35+01:00,rpc-worker,4910398,221,451279,1199420141,48408,0,80781,0,32911424,21064576,11846848,11934144,16252864,16252864
2026-05-14T11:50:36+01:00,rpc-worker,4910406,221,451312,1199425920,48455,0,80829,0,32911424,21074560,11836864,11944128,16252864,16252864
2026-05-14T11:50:37+01:00,rpc-worker,4910418,221,451327,1199430781,48468,0,80835,0,32911424,21047104,11864320,11892096,16252864,16252864
2026-05-14T11:50:38+01:00,rpc-worker,4910433,221,451346,1199435642,48468,0,80835,0,32911424,21046400,11865024,11891392,16252864,16252864
2026-05-14T11:50:39+01:00,rpc-worker,4910435,221,451365,1199440534,48468,0,80840,0,32911424,20500032,12411392,11345024,16252864,16252864
2026-05-14T11:50:40+01:00,rpc-worker,4910436,221,451389,1199445408,48468,0,80865,0,32911424,20494976,12416448,11339968,16252864,16252864
2026-05-14T11:50:41+01:00,rpc-worker,4910440,221,451413,1199450276,48468,0,80891,0,32911424,20495488,12415936,11340480,16252864,16252864
2026-05-14T11:50:42+01:00,rpc-worker,4910442,221,451441,1199455134,48468,0,80918,0,32911424,20491520,12419904,11336512,16252864,16252864
2026-05-14T11:50:43+01:00,rpc-worker,4910442,221,451473,1199459999,48468,0,80947,0,32911424,20494912,12416512,11339904,16252864,16252864
2026-05-14T11:50:44+01:00,rpc-worker,4910496,221,451487,1199464826,48468,0,80966,0,32911424,20496256,12415168,11341248,16252864,16252864
2026-05-14T11:50:45+01:00,rpc-worker,4910602,221,451499,1199469617,48468,0,80966,0,32911424,20494848,12416576,11339840,16252864,16252864
2026-05-14T11:50:46+01:00,rpc-worker,4910674,221,451535,1199475432,48484,0,80981,0,32911424,20486016,12425408,10780160,16252864,16252864
2026-05-14T11:50:48+01:00,rpc-worker,4910677,221,451570,1199482124,48568,0,81025,0,32911424,20489472,12421952,10783616,16252864,16252864
2026-05-14T11:50:49+01:00,rpc-worker,4910680,221,451605,1199488815,48658,0,81062,0,32911424,20494464,12416960,10788608,16252864,16252864
2026-05-14T11:50:51+01:00,rpc-worker,4910681,221,451637,1199495460,48749,0,81102,0,32911424,20468992,12442432,10763136,16252864,16252864
2026-05-14T11:50:52+01:00,rpc-worker,4910692,221,451665,1199501001,48758,0,81117,0,32911424,19950592,12960832,10244736,16252864,16252864
2026-05-14T11:50:53+01:00,rpc-worker,4910745,221,451690,1199505837,48758,0,81136,0,32911424,19950208,12961216,10244352,16252864,16252864
2026-05-14T11:50:54+01:00,rpc-worker,4910750,221,451711,1199510707,48758,0,81151,0,32911424,19949376,12962048,10243520,16252864,16252864
2026-05-14T11:50:55+01:00,rpc-worker,4910751,221,451737,1199515579,48758,0,81172,0,32911424,19949568,12961856,10243712,16252864,16252864
2026-05-14T11:50:56+01:00,rpc-worker,4910753,221,451766,1199520452,48758,0,81195,0,32911424,19948672,12962752,10242816,16252864,16252864
2026-05-14T11:50:57+01:00,rpc-worker,4910862,221,451777,1199525238,48758,0,81195,0,32911424,19949248,12962176,10243392,16252864,16252864
2026-05-14T11:50:58+01:00,rpc-worker,4910967,221,451788,1199530031,48758,0,81195,0,32911424,19948224,12963200,10242368,16252864,16252864
2026-05-14T11:50:59+01:00,rpc-worker,4910991,221,451836,1199535804,48806,0,81223,0,32911424,19941568,12969856,9684800,16252864,16252864
2026-05-14T11:51:01+01:00,rpc-worker,4910992,221,451863,1199542580,48890,0,81262,0,32911424,19944448,12966976,9687680,16252864,16252864
2026-05-14T11:51:02+01:00,rpc-worker,4910996,221,451893,1199549384,48975,0,81313,0,32911424,19954560,12956864,9697792,16252864,16252864
2026-05-14T11:51:03+01:00,rpc-worker,4911004,221,451920,1199555142,49038,0,81342,0,32911424,19941952,12969472,9685184,16252864,16252864
2026-05-14T11:51:04+01:00,rpc-worker,4911007,221,451944,1199560004,49038,0,81361,0,32911424,19404352,13507072,9147584,16252864,16252864
2026-05-14T11:51:05+01:00,rpc-worker,4911011,221,451963,1199564878,49038,0,81389,0,32911424,19400512,13510912,9143744,16252864,16252864
2026-05-14T11:51:06+01:00,rpc-worker,4911012,221,451990,1199569756,49038,0,81411,0,32911424,19393024,13518400,9136256,16252864,16252864
2026-05-14T11:51:07+01:00,rpc-worker,4911038,221,452013,1199574596,49038,0,81435,0,32911424,19403392,13508032,9146624,16252864,16252864
2026-05-14T11:51:08+01:00,rpc-worker,4911059,221,452033,1199579449,49038,0,81452,0,32911424,19291456,13619968,9034688,16252864,16252864
2026-05-14T11:51:10+01:00,rpc-worker,4911162,221,452046,1199584243,49038,0,81452,0,32911424,19291456,13619968,9034688,16252864,16252864
2026-05-14T11:51:11+01:00,rpc-worker,4911267,221,452055,1199589036,49038,0,81452,0,32911424,19291200,13620224,9034432,16252864,16252864
2026-05-14T11:51:12+01:00,rpc-worker,4911274,221,452112,1199594830,49080,0,81493,0,32911424,19281472,13629952,8473792,16252864,16252864
2026-05-14T11:51:13+01:00,rpc-worker,4911275,221,452136,1199601461,49146,0,81547,0,32911424,19278592,13632832,8470912,16252864,16252864
2026-05-14T11:51:15+01:00,rpc-worker,4911280,221,452161,1199608174,49212,0,81601,0,32911424,19286720,13624704,8479040,16252864,16252864
2026-05-14T11:51:16+01:00,rpc-worker,4911291,221,452191,1199614024,49255,0,81638,0,32911424,19389440,13521984,8581760,16252864,16252864
2026-05-14T11:51:17+01:00,rpc-worker,4911295,221,452204,1199618911,49255,0,81642,0,32911424,19389120,13522304,8581440,16252864,16252864
2026-05-14T11:51:18+01:00,rpc-worker,4911297,221,452215,1199623804,49255,0,81642,0,32911424,19389120,13522304,8581440,16252864,16252864
2026-05-14T11:51:19+01:00,rpc-worker,4911300,221,452225,1199628696,49255,0,81643,0,32911424,19389504,13521920,8581824,16252864,16252864
2026-05-14T11:51:20+01:00,rpc-worker,4911302,221,452235,1199633588,49255,0,81643,0,32911424,19385920,13525504,8578240,16252864,16252864
2026-05-14T11:51:21+01:00,rpc-worker,4911302,221,452240,1199638488,49255,0,81644,0,32911424,19388608,13522816,8580928,16252864,16252864
2026-05-14T11:51:22+01:00,rpc-worker,4912421,221,452255,1199642344,49256,0,81644,0,32911424,19380608,13530816,8572928,16252864,16252864
2026-05-14T11:51:23+01:00,rpc-worker,4915522,221,452268,1199644237,49256,0,81646,0,32911424,19365248,13546176,8557504,16252864,16252864
2026-05-14T11:51:24+01:00,rpc-worker,4915524,221,452279,1199649131,49256,0,81646,0,32911424,19363712,13547712,8555904,16252864,16252864
2026-05-14T11:51:25+01:00,rpc-worker,4915525,221,452290,1199654025,49256,0,81646,0,32911424,19364864,13546560,8557056,16252864,16252864
2026-05-14T11:51:26+01:00,rpc-worker,4915529,221,452302,1199658918,49256,0,81646,0,32911424,19364096,13547328,8556288,16252864,16252864
2026-05-14T11:51:27+01:00,rpc-worker,4915532,221,452310,1199663811,49256,0,81646,0,32911424,19364928,13546496,8557120,16252864,16252864
2026-05-14T11:51:28+01:00,rpc-worker,4916268,221,452319,1199667991,49256,0,81646,0,32911424,19367552,13543872,8559744,16252864,16252864
2026-05-14T11:51:29+01:00,rpc-worker,4919705,221,452327,1199669589,49256,0,81646,0,32911424,19366208,13545216,8558400,16252864,16252864
2026-05-14T11:51:30+01:00,rpc-worker,4919709,221,452337,1199674479,49256,0,81646,0,32911424,19365568,13545856,8557760,16252864,16252864
2026-05-14T11:51:31+01:00,rpc-worker,4919712,221,452350,1199679371,49256,0,81646,0,32911424,19362304,13549120,8554496,16252864,16252864
2026-05-14T11:51:32+01:00,rpc-worker,4919714,221,452358,1199684265,49256,0,81646,0,32911424,19360768,13550656,8552960,16252864,16252864
2026-05-14T11:51:33+01:00,rpc-worker,4919714,221,452364,1199689166,49256,0,81646,0,32911424,19363840,13547584,8556032,16252864,16252864
2026-05-14T11:51:34+01:00,rpc-worker,4919717,221,452374,1199694060,49256,0,81646,0,32911424,19365376,13546048,8557568,16252864,16252864
2026-05-14T11:51:35+01:00,rpc-worker,4919723,221,452382,1199698954,49256,0,81647,0,32911424,19364672,13546752,8556864,16252864,16252864
2026-05-14T11:51:36+01:00,rpc-worker,4919724,221,452393,1199703845,49256,0,81647,0,32911424,19363776,13547648,8555968,16252864,16252864
2026-05-14T11:51:37+01:00,rpc-worker,4922632,221,452411,1199705912,49256,0,81649,0,32911424,19363136,13548288,8555328,16252864,16252864
2026-05-14T11:51:39+01:00,rpc-worker,4924802,221,452421,1199708951,49256,0,81651,0,32911424,19359168,13552256,8551232,16252864,16252864
2026-05-14T11:51:40+01:00,rpc-worker,4925359,221,452432,1199713272,49256,0,81653,0,32911424,19358400,13553024,8550464,16252864,16252864
2026-05-14T11:51:41+01:00,rpc-worker,4926284,221,452440,1199717428,49256,0,81654,0,32911424,19356352,13555072,8548416,16252864,16252864
2026-05-14T11:51:42+01:00,rpc-worker,4926901,221,452461,1199721635,49256,0,81655,0,32911424,19352768,13558656,8544832,16252864,16252864
2026-05-14T11:51:43+01:00,rpc-worker,4927639,221,452468,1199725730,49256,0,81655,0,32911424,19353792,13557632,8545856,16252864,16252864
2026-05-14T11:51:44+01:00,rpc-worker,4928471,221,452480,1199729812,49256,0,81656,0,32911424,19354112,13557312,8546176,16252864,16252864
2026-05-14T11:51:45+01:00,rpc-worker,4929072,221,452491,1199734134,49256,0,81657,0,32911424,19353792,13557632,8545664,16252864,16252864
2026-05-14T11:51:46+01:00,rpc-worker,4929073,221,452494,1199739036,49256,0,81659,0,32911424,19350784,13560640,8542592,16252864,16252864
2026-05-14T11:51:47+01:00,rpc-worker,4930172,221,452505,1199742852,49256,0,81659,0,32911424,19355648,13555776,8547456,16252864,16252864
2026-05-14T11:51:48+01:00,rpc-worker,4930817,221,452519,1199746974,49256,0,81662,0,32911424,19357440,13553984,8549248,16252864,16252864
2026-05-14T11:51:49+01:00,rpc-worker,4931519,221,452530,1199751140,49256,0,81663,0,32911424,19358016,13553408,8549760,16252864,16252864
2026-05-14T11:51:50+01:00,rpc-worker,4932350,221,452540,1199755239,49256,0,81663,0,32911424,19359360,13552064,8551104,16252864,16252864
2026-05-14T11:51:51+01:00,rpc-worker,4933179,221,452551,1199759391,49256,0,81663,0,32911424,19359040,13552384,8550784,16252864,16252864
2026-05-14T11:51:52+01:00,rpc-worker,4933931,221,452592,1199763486,49256,0,81664,0,32911424,19361088,13550336,8552832,16252864,16252864
2026-05-14T11:51:53+01:00,rpc-worker,4934594,221,452604,1199767656,49256,0,81666,0,32911424,19358336,13553088,8550080,16252864,16252864
2026-05-14T11:51:54+01:00,rpc-worker,4935607,221,452617,1199771847,49256,0,81666,0,32911424,19353600,13557824,8545344,16252864,16252864
2026-05-14T11:51:55+01:00,rpc-worker,4936468,221,452629,1199775992,49256,0,81668,0,32911424,19357888,13553536,8549632,16252864,16252864
2026-05-14T11:51:56+01:00,rpc-worker,4937212,221,452637,1199780186,49256,0,81669,0,32911424,19356160,13555264,8547904,16252864,16252864
2026-05-14T11:51:57+01:00,rpc-worker,4937674,221,452650,1199784626,49256,0,81670,0,32911424,19355200,13556224,8546944,16252864,16252864
2026-05-14T11:51:58+01:00,rpc-worker,4937674,221,452654,1199789530,49256,0,81671,0,32911424,19355840,13555584,8547584,16252864,16252864
2026-05-14T11:51:59+01:00,rpc-worker,4937676,221,452664,1199794424,49256,0,81671,0,32911424,19356864,13554560,8548608,16252864,16252864
2026-05-14T11:52:00+01:00,rpc-worker,4937680,221,452674,1199799315,49256,0,81671,0,32911424,19358912,13552512,8550656,16252864,16252864
2026-05-14T11:52:01+01:00,rpc-worker,4937680,221,452687,1199804207,49256,0,81672,0,32911424,19359872,13551552,8551616,16252864,16252864
2026-05-14T11:52:02+01:00,rpc-worker,4937685,221,452696,1199809100,49256,0,81672,0,32911424,19360576,13550848,8552320,16252864,16252864
2026-05-14T11:52:03+01:00,rpc-worker,4937688,221,452706,1199813992,49256,0,81673,0,32911424,19363008,13548416,8554752,16252864,16252864
2026-05-14T11:52:04+01:00,rpc-worker,4937693,221,452714,1199818884,49256,0,81673,0,32911424,19362496,13548928,8554240,16252864,16252864
2026-05-14T11:52:05+01:00,rpc-worker,4937694,221,452724,1199823778,49256,0,81673,0,32911424,19363264,13548160,8555008,16252864,16252864
2026-05-14T11:52:06+01:00,rpc-worker,4937694,221,452736,1199828672,49256,0,81673,0,32911424,19361344,13550080,8553088,16252864,16252864
2026-05-14T11:52:07+01:00,rpc-worker,4937712,221,452751,1199833538,49256,0,81673,0,32911424,19362240,13549184,8553984,16252864,16252864
2026-05-14T11:52:08+01:00,rpc-worker,4937716,221,452761,1199838431,49256,0,81673,0,32911424,19361664,13549760,8553408,16252864,16252864
2026-05-14T11:52:09+01:00,rpc-worker,4937719,221,452770,1199843325,49256,0,81673,0,32911424,19362240,13549184,8553984,16252864,16252864
2026-05-14T11:52:10+01:00,rpc-worker,4939611,221,452779,1199846517,49256,0,81675,0,32911424,19361024,13550400,8552768,16252864,16252864
2026-05-14T11:52:12+01:00,rpc-worker,4944461,221,452782,1199846918,49256,0,81675,0,32911424,19353152,13558272,8544832,16252864,16252864
2026-05-14T11:52:13+01:00,rpc-worker,4947504,221,452794,1199849061,49256,0,81675,0,32911424,19347520,13563904,8539072,16252864,16252864
2026-05-14T11:52:14+01:00,rpc-worker,4948151,221,452805,1199853295,49256,0,81676,0,32911424,19344832,13566592,8536384,16252864,16252864
2026-05-14T11:52:15+01:00,rpc-worker,4949025,221,452819,1199857382,49256,0,81677,0,32911424,19346560,13564864,8538112,16252864,16252864
2026-05-14T11:52:16+01:00,rpc-worker,4949807,221,452832,1199861468,49256,0,81677,0,32911424,19347904,13563520,8539456,16252864,16252864
2026-05-14T11:52:17+01:00,rpc-worker,4950639,221,452841,1199865668,49256,0,81677,0,32911424,19346432,13564992,8537984,16252864,16252864
2026-05-14T11:52:18+01:00,rpc-worker,4951424,221,452853,1199869836,49256,0,81678,0,32911424,19347904,13563520,8539456,16252864,16252864
2026-05-14T11:52:19+01:00,rpc-worker,4952120,221,452863,1199874037,49256,0,81678,0,32911424,19346368,13565056,8537920,16252864,16252864
2026-05-14T11:52:20+01:00,rpc-worker,4952903,221,452875,1199878116,49256,0,81679,0,32911424,19347392,13564032,8538944,16252864,16252864
2026-05-14T11:52:21+01:00,rpc-worker,4953617,221,452889,1199882384,49256,0,81681,0,32911424,19348224,13563200,8539776,16252864,16252864
2026-05-14T11:52:22+01:00,rpc-worker,4954446,221,452890,1199886573,49256,0,81681,0,32911424,19346880,13564544,8538432,16252864,16252864
2026-05-14T11:52:23+01:00,rpc-worker,4955343,221,452908,1199890722,49256,0,81682,0,32911424,19349184,13562240,8540736,16252864,16252864
