timestamp,role,cpu_user_jiffies,cpu_nice_jiffies,cpu_system_jiffies,cpu_idle_jiffies,cpu_iowait_jiffies,cpu_irq_jiffies,cpu_softirq_jiffies,cpu_steal_jiffies,mem_total_kb,mem_available_kb,mem_used_kb,mem_free_kb,swap_total_kb,swap_free_kb
2026-05-13T15:03:22+01:00,server,2268514,9,208879,843296077,60507,0,9843,0,32911424,30246592,2664832,25302272,16252864,16228288
2026-05-13T15:03:23+01:00,server,2269301,9,208897,843300187,60509,0,9843,0,32911424,30216896,2694528,25260736,16252864,16228288
2026-05-13T15:03:24+01:00,server,2270518,9,208908,843303862,60509,0,9845,0,32911424,30216832,2694592,25260672,16252864,16228288
2026-05-13T15:03:25+01:00,server,2271782,9,208933,843307506,60509,0,9846,0,32911424,30204736,2706688,25248512,16252864,16228288
2026-05-13T15:03:26+01:00,server,2273002,9,208944,843311183,60509,0,9846,0,32911424,30202560,2708864,25246272,16252864,16228288
2026-05-13T15:03:27+01:00,server,2274242,9,208955,843314858,60509,0,9846,0,32911424,30202752,2708672,25246464,16252864,16228288
2026-05-13T15:03:28+01:00,server,2275469,9,208965,843318536,60509,0,9848,0,32911424,30203776,2707648,25247488,16252864,16228288
2026-05-13T15:03:29+01:00,server,2276705,9,208972,843322215,60509,0,9849,0,32911424,30198976,2712448,25242688,16252864,16228288
2026-05-13T15:03:30+01:00,server,2277931,9,208984,843325892,60509,0,9849,0,32911424,30194944,2716480,25238656,16252864,16228288
2026-05-13T15:03:31+01:00,server,2279159,9,208996,843329573,60509,0,9849,0,32911424,30193792,2717632,25237440,16252864,16228288
2026-05-13T15:03:32+01:00,server,2280362,9,209009,843333275,60509,0,9849,0,32911424,30191872,2719552,25235520,16252864,16228288
2026-05-13T15:03:33+01:00,server,2281601,9,209021,843336954,60509,0,9849,0,32911424,30192640,2718784,25236288,16252864,16228288
2026-05-13T15:03:34+01:00,server,2282810,9,209026,843340643,60509,0,9849,0,32911424,30190912,2720512,25234560,16252864,16228288
2026-05-13T15:03:35+01:00,server,2284037,9,209031,843344330,60509,0,9849,0,32911424,30194304,2717120,25237952,16252864,16228288
2026-05-13T15:03:36+01:00,server,2285263,9,209042,843348010,60509,0,9849,0,32911424,30196032,2715392,25239680,16252864,16228288
2026-05-13T15:03:37+01:00,server,2286489,9,209050,843351690,60509,0,9850,0,32911424,30197056,2714368,25240704,16252864,16228288
2026-05-13T15:03:38+01:00,server,2287715,9,209061,843355371,60509,0,9850,0,32911424,30195968,2715456,25239616,16252864,16228288
2026-05-13T15:03:39+01:00,server,2288931,9,209075,843359053,60509,0,9850,0,32911424,30196416,2715008,25240064,16252864,16228288
2026-05-13T15:03:40+01:00,server,2290168,9,209093,843362699,60509,0,9850,0,32911424,30186944,2724480,25230336,16252864,16228288
2026-05-13T15:03:41+01:00,server,2291397,9,209105,843366377,60509,0,9850,0,32911424,30185792,2725632,25229184,16252864,16228288
2026-05-13T15:03:42+01:00,server,2292638,9,209116,843370055,60509,0,9850,0,32911424,30186752,2724672,25230144,16252864,16228288
2026-05-13T15:03:43+01:00,server,2293864,9,209129,843373735,60509,0,9850,0,32911424,30187520,2723904,25230912,16252864,16228288
2026-05-13T15:03:44+01:00,server,2295102,9,209141,843377416,60509,0,9851,0,32911424,30186944,2724480,25230336,16252864,16228288
2026-05-13T15:03:45+01:00,server,2296314,9,209155,843381094,60509,0,9851,0,32911424,30185920,2725504,25229312,16252864,16228288
2026-05-13T15:03:46+01:00,server,2297551,9,209162,843384775,60509,0,9852,0,32911424,30183424,2728000,25226816,16252864,16228288
2026-05-13T15:03:47+01:00,server,2298776,9,209165,843388462,60509,0,9853,0,32911424,30186304,2725120,25229696,16252864,16228288
2026-05-13T15:03:48+01:00,server,2300004,9,209180,843392142,60509,0,9855,0,32911424,30187136,2724288,25230528,16252864,16228288
2026-05-13T15:03:49+01:00,server,2301231,9,209193,843395821,60509,0,9855,0,32911424,30186368,2725056,25229760,16252864,16228288
2026-05-13T15:03:50+01:00,server,2302454,9,209207,843399500,60509,0,9855,0,32911424,30187584,2723840,25230976,16252864,16228288
2026-05-13T15:03:51+01:00,server,2303691,9,209219,843403182,60509,0,9856,0,32911424,30187200,2724224,25230592,16252864,16228288
2026-05-13T15:03:52+01:00,server,2304918,9,209232,843406861,60509,0,9856,0,32911424,30188288,2723136,25231680,16252864,16228288
2026-05-13T15:03:54+01:00,server,2306157,9,209244,843410541,60509,0,9856,0,32911424,30186944,2724480,25230336,16252864,16228288
2026-05-13T15:03:55+01:00,server,2307394,9,209264,843414190,60509,0,9856,0,32911424,30182144,2729280,25225472,16252864,16228288
2026-05-13T15:03:56+01:00,server,2308622,9,209276,843417870,60509,0,9856,0,32911424,30182272,2729152,25225600,16252864,16228288
2026-05-13T15:03:57+01:00,server,2309864,9,209287,843421549,60509,0,9856,0,32911424,30181696,2729728,25225024,16252864,16228288
2026-05-13T15:03:58+01:00,server,2311092,9,209295,843425229,60509,0,9856,0,32911424,30179840,2731584,25223168,16252864,16228288
2026-05-13T15:03:59+01:00,server,2312331,9,209303,843428912,60509,0,9856,0,32911424,30181376,2730048,25224704,16252864,16228288
2026-05-13T15:04:00+01:00,server,2313568,9,209308,843432600,60509,0,9856,0,32911424,30182144,2729280,25225472,16252864,16228288
2026-05-13T15:04:01+01:00,server,2314798,9,209318,843436327,60509,0,9856,0,32911424,30182720,2728704,25226048,16252864,16228288
2026-05-13T15:04:02+01:00,server,2316049,9,209326,843440043,60509,0,9856,0,32911424,30182912,2728512,25226240,16252864,16228288
2026-05-13T15:04:03+01:00,server,2317289,9,209334,843443724,60509,0,9856,0,32911424,30182528,2728896,25225856,16252864,16228288
2026-05-13T15:04:04+01:00,server,2318516,9,209349,843447409,60509,0,9856,0,32911424,30182208,2729216,25225536,16252864,16228288
2026-05-13T15:04:05+01:00,server,2319733,9,209363,843451089,60509,0,9856,0,32911424,30183872,2727552,25227200,16252864,16228288
2026-05-13T15:04:06+01:00,server,2320973,9,209376,843454770,60509,0,9856,0,32911424,30183488,2727936,25226816,16252864,16228288
2026-05-13T15:04:07+01:00,server,2322203,9,209387,843458445,60509,0,9856,0,32911424,30184448,2726976,25227776,16252864,16228288
2026-05-13T15:04:08+01:00,server,2323444,9,209399,843462126,60509,0,9856,0,32911424,30184064,2727360,25227392,16252864,16228288
2026-05-13T15:04:09+01:00,server,2324671,9,209409,843465805,60509,0,9856,0,32911424,30182720,2728704,25226048,16252864,16228288
2026-05-13T15:04:10+01:00,server,2325915,9,209420,843469458,60509,0,9859,0,32911424,30182848,2728576,25226112,16252864,16228288
2026-05-13T15:04:11+01:00,server,2327153,9,209427,843473142,60509,0,9859,0,32911424,30180800,2730624,25224064,16252864,16228288
2026-05-13T15:04:12+01:00,server,2328356,9,209432,843476852,60509,0,9860,0,32911424,30182144,2729280,25225408,16252864,16228288
2026-05-13T15:04:13+01:00,server,2329592,9,209443,843480529,60509,0,9860,0,32911424,30178816,2732608,25222080,16252864,16228288
2026-05-13T15:04:14+01:00,server,2330817,9,209451,843484207,60509,0,9860,0,32911424,30177920,2733504,25221184,16252864,16228288
2026-05-13T15:04:15+01:00,server,2332055,9,209461,843487883,60509,0,9861,0,32911424,30177152,2734272,25220416,16252864,16228288
2026-05-13T15:04:16+01:00,server,2333278,9,209470,843491563,60509,0,9862,0,32911424,30176384,2735040,25219648,16252864,16228288
2026-05-13T15:04:17+01:00,server,2334512,9,209482,843495243,60509,0,9862,0,32911424,30177216,2734208,25220480,16252864,16228288
2026-05-13T15:04:18+01:00,server,2335726,9,209493,843498923,60509,0,9864,0,32911424,30176064,2735360,25219328,16252864,16228288
2026-05-13T15:04:19+01:00,server,2336963,9,209504,843502603,60509,0,9864,0,32911424,30175680,2735744,25218944,16252864,16228288
2026-05-13T15:04:20+01:00,server,2338190,9,209515,843506283,60509,0,9864,0,32911424,30175680,2735744,25218944,16252864,16228288
2026-05-13T15:04:21+01:00,server,2339429,9,209525,843509964,60509,0,9864,0,32911424,30173952,2737472,25217216,16252864,16228288
2026-05-13T15:04:22+01:00,server,2340658,9,209535,843513646,60509,0,9864,0,32911424,30173568,2737856,25216832,16252864,16228288
2026-05-13T15:04:23+01:00,server,2341894,9,209551,843517334,60509,0,9864,0,32911424,30174464,2736960,25217728,16252864,16228288
2026-05-13T15:04:24+01:00,server,2343132,9,209558,843520999,60509,0,9864,0,32911424,30172608,2738816,25215808,16252864,16228288
2026-05-13T15:04:25+01:00,server,2344371,9,209571,843524682,60509,0,9864,0,32911424,30174656,2736768,25217856,16252864,16228288
2026-05-13T15:04:26+01:00,server,2345612,9,209581,843528364,60509,0,9864,0,32911424,30171392,2740032,25214592,16252864,16228288
2026-05-13T15:04:27+01:00,server,2346838,9,209594,843532044,60509,0,9864,0,32911424,30173440,2737984,25216576,16252864,16228288
2026-05-13T15:04:28+01:00,server,2348070,9,209602,843535725,60509,0,9864,0,32911424,30173376,2738048,25216512,16252864,16228288
2026-05-13T15:04:29+01:00,server,2349306,9,209613,843539405,60509,0,9864,0,32911424,30173376,2738048,25216512,16252864,16228288
2026-05-13T15:04:30+01:00,server,2350529,9,209627,843543085,60509,0,9864,0,32911424,30173376,2738048,25216512,16252864,16228288
2026-05-13T15:04:32+01:00,server,2351765,9,209642,843546766,60509,0,9864,0,32911424,30174336,2737088,25217472,16252864,16228288
2026-05-13T15:04:33+01:00,server,2352990,9,209655,843550446,60509,0,9866,0,32911424,30172416,2739008,25215552,16252864,16228288
2026-05-13T15:04:34+01:00,server,2354223,9,209674,843554127,60509,0,9866,0,32911424,30174336,2737088,25217472,16252864,16228288
2026-05-13T15:04:35+01:00,server,2355456,9,209692,843557807,60509,0,9867,0,32911424,30171456,2739968,25214592,16252864,16228288
2026-05-13T15:04:36+01:00,server,2356679,9,209705,843561490,60509,0,9867,0,32911424,30172160,2739264,25215360,16252864,16228288
2026-05-13T15:04:37+01:00,server,2357919,9,209711,843565179,60509,0,9868,0,32911424,30173504,2737920,25216704,16252864,16228288
2026-05-13T15:04:38+01:00,server,2359160,9,209723,843568857,60509,0,9868,0,32911424,30174528,2736896,25217664,16252864,16228288
2026-05-13T15:04:39+01:00,server,2360389,9,209732,843572538,60509,0,9868,0,32911424,30173888,2737536,25217024,16252864,16228288
2026-05-13T15:04:40+01:00,server,2361648,9,209748,843576186,60509,0,9869,0,32911424,30174528,2736896,25217600,16252864,16228288
2026-05-13T15:04:41+01:00,server,2362868,9,209756,843579865,60509,0,9869,0,32911424,30174720,2736704,25217792,16252864,16228288
2026-05-13T15:04:42+01:00,server,2364097,9,209777,843583544,60509,0,9869,0,32911424,30174528,2736896,25217600,16252864,16228288
2026-05-13T15:04:43+01:00,server,2365339,9,209787,843587224,60509,0,9869,0,32911424,30174144,2737280,25217216,16252864,16228288
2026-05-13T15:04:44+01:00,server,2366564,9,209801,843590905,60509,0,9869,0,32911424,30174528,2736896,25217600,16252864,16228288
2026-05-13T15:04:45+01:00,server,2367805,9,209810,843594584,60509,0,9869,0,32911424,30175680,2735744,25218752,16252864,16228288
2026-05-13T15:04:46+01:00,server,2369030,9,209820,843598265,60509,0,9870,0,32911424,30171264,2740160,25214336,16252864,16228288
2026-05-13T15:04:47+01:00,server,2370257,9,209831,843601943,60509,0,9870,0,32911424,30173888,2737536,25216960,16252864,16228288
2026-05-13T15:04:48+01:00,server,2371488,9,209846,843605629,60509,0,9870,0,32911424,30173888,2737536,25216960,16252864,16228288
2026-05-13T15:04:49+01:00,server,2372702,9,209851,843609316,60509,0,9871,0,32911424,30174272,2737152,25217344,16252864,16228288
2026-05-13T15:04:50+01:00,server,2373937,9,209868,843612996,60509,0,9871,0,32911424,30173696,2737728,25216768,16252864,16228288
2026-05-13T15:04:51+01:00,server,2375120,9,209879,843616701,60509,0,9873,0,32911424,30171008,2740416,25214080,16252864,16228288
2026-05-13T15:04:52+01:00,server,2376353,9,209888,843620383,60509,0,9873,0,32911424,30171392,2740032,25214464,16252864,16228288
2026-05-13T15:04:53+01:00,server,2377587,9,209898,843624066,60509,0,9873,0,32911424,30171392,2740032,25214464,16252864,16228288
2026-05-13T15:04:54+01:00,server,2378808,9,209909,843627746,60509,0,9874,0,32911424,30170432,2740992,25213504,16252864,16228288
2026-05-13T15:04:55+01:00,server,2380076,9,209923,843631397,60509,0,9874,0,32911424,30173440,2737984,25216512,16252864,16228288
2026-05-13T15:04:56+01:00,server,2381306,9,209933,843635080,60509,0,9875,0,32911424,30170944,2740480,25214016,16252864,16228288
2026-05-13T15:04:57+01:00,server,2382544,9,209945,843638759,60509,0,9875,0,32911424,30171712,2739712,25214784,16252864,16228288
2026-05-13T15:04:58+01:00,server,2383782,9,209958,843642439,60509,0,9876,0,32911424,30168448,2742976,25211520,16252864,16228288
2026-05-13T15:04:59+01:00,server,2384998,9,209971,843646118,60509,0,9876,0,32911424,30167872,2743552,25210944,16252864,16228288
2026-05-13T15:05:00+01:00,server,2386225,9,209981,843649800,60509,0,9876,0,32911424,30169920,2741504,25212992,16252864,16228288
2026-05-13T15:05:01+01:00,server,2387465,9,209989,843653485,60510,0,9876,0,32911424,30164288,2747136,25206528,16252864,16228288
2026-05-13T15:05:02+01:00,server,2388688,9,210003,843657169,60510,0,9877,0,32911424,30164928,2746496,25204480,16252864,16228288
2026-05-13T15:05:03+01:00,server,2389929,9,210013,843660848,60510,0,9877,0,32911424,30164544,2746880,25204096,16252864,16228288
2026-05-13T15:05:04+01:00,server,2391156,9,210026,843664532,60510,0,9878,0,32911424,30163776,2747648,25203328,16252864,16228288
2026-05-13T15:05:05+01:00,server,2392378,9,210041,843668213,60510,0,9878,0,32911424,30163456,2747968,25203008,16252864,16228288
2026-05-13T15:05:06+01:00,server,2393614,9,210056,843671893,60510,0,9878,0,32911424,30164608,2746816,25204160,16252864,16228288
2026-05-13T15:05:07+01:00,server,2394851,9,210070,843675575,60510,0,9878,0,32911424,30164608,2746816,25204160,16252864,16228288
2026-05-13T15:05:08+01:00,server,2396080,9,210080,843679254,60510,0,9878,0,32911424,30165056,2746368,25204608,16252864,16228288
2026-05-13T15:05:09+01:00,server,2397328,9,210094,843682902,60510,0,9878,0,32911424,30163648,2747776,25203136,16252864,16228288
2026-05-13T15:05:10+01:00,server,2398546,9,210106,843686582,60510,0,9878,0,32911424,30165888,2745536,25205376,16252864,16228288
2026-05-13T15:05:12+01:00,server,2399786,9,210117,843690263,60510,0,9878,0,32911424,30164160,2747264,25203648,16252864,16228288
2026-05-13T15:05:13+01:00,server,2401010,9,210131,843693947,60510,0,9878,0,32911424,30162048,2749376,25201536,16252864,16228288
2026-05-13T15:05:14+01:00,server,2402235,9,210135,843697641,60510,0,9878,0,32911424,30163264,2748160,25202752,16252864,16228288
2026-05-13T15:05:15+01:00,server,2403472,9,210149,843701323,60510,0,9878,0,32911424,30164096,2747328,25203584,16252864,16228288
2026-05-13T15:05:16+01:00,server,2404710,9,210163,843705003,60510,0,9878,0,32911424,30163712,2747712,25203200,16252864,16228288
2026-05-13T15:05:17+01:00,server,2405939,9,210172,843708683,60510,0,9878,0,32911424,30164480,2746944,25203968,16252864,16228288
2026-05-13T15:05:18+01:00,server,2407169,9,210182,843712362,60510,0,9879,0,32911424,30162560,2748864,25202048,16252864,16228288
2026-05-13T15:05:19+01:00,server,2408393,9,210198,843716042,60510,0,9879,0,32911424,30164288,2747136,25203776,16252864,16228288
2026-05-13T15:05:20+01:00,server,2409634,9,210208,843719723,60510,0,9879,0,32911424,30165056,2746368,25204544,16252864,16228288
2026-05-13T15:05:21+01:00,server,2410874,9,210220,843723403,60510,0,9879,0,32911424,30163712,2747712,25203200,16252864,16228288
2026-05-13T15:05:22+01:00,server,2412098,9,210235,843727083,60510,0,9879,0,32911424,30166016,2745408,25205504,16252864,16228288
2026-05-13T15:05:23+01:00,server,2413329,9,210246,843730764,60510,0,9879,0,32911424,30159680,2751744,25199168,16252864,16228288
2026-05-13T15:05:24+01:00,server,2414567,9,210258,843734448,60510,0,9879,0,32911424,30159488,2751936,25198976,16252864,16228288
2026-05-13T15:05:25+01:00,server,2415815,9,210264,843738108,60510,0,9879,0,32911424,30162816,2748608,25202304,16252864,16228288
2026-05-13T15:05:26+01:00,server,2417043,9,210280,843741790,60510,0,9879,0,32911424,30162816,2748608,25202304,16252864,16228288
2026-05-13T15:05:27+01:00,server,2418271,9,210291,843745470,60510,0,9879,0,32911424,30162688,2748736,25202176,16252864,16228288
2026-05-13T15:05:28+01:00,server,2419477,9,210298,843749173,60510,0,9880,0,32911424,30161920,2749504,25201408,16252864,16228288
2026-05-13T15:05:29+01:00,server,2420715,9,210306,843752853,60510,0,9880,0,32911424,30159616,2751808,25199104,16252864,16228288
2026-05-13T15:05:30+01:00,server,2421938,9,210320,843756536,60510,0,9880,0,32911424,30159232,2752192,25198720,16252864,16228288
2026-05-13T15:05:31+01:00,server,2423168,9,210332,843760217,60510,0,9882,0,32911424,30159424,2752000,25198912,16252864,16228288
2026-05-13T15:05:32+01:00,server,2424393,9,210342,843763896,60510,0,9882,0,32911424,30158464,2752960,25197952,16252864,16228288
2026-05-13T15:05:33+01:00,server,2425612,9,210357,843767573,60510,0,9882,0,32911424,30158272,2753152,25197760,16252864,16228288
2026-05-13T15:05:34+01:00,server,2426840,9,210365,843771253,60510,0,9882,0,32911424,30156544,2754880,25196032,16252864,16228288
2026-05-13T15:05:35+01:00,server,2428080,9,210374,843774932,60510,0,9882,0,32911424,30152320,2759104,25191808,16252864,16228288
2026-05-13T15:05:36+01:00,server,2429305,9,210388,843778611,60510,0,9883,0,32911424,30158080,2753344,25197568,16252864,16228288
2026-05-13T15:05:37+01:00,server,2430520,9,210392,843782300,60510,0,9883,0,32911424,30156928,2754496,25196416,16252864,16228288
2026-05-13T15:05:38+01:00,server,2431757,9,210401,843785983,60510,0,9883,0,32911424,30157696,2753728,25197184,16252864,16228288
2026-05-13T15:05:39+01:00,server,2432980,9,210418,843789664,60510,0,9883,0,32911424,30158464,2752960,25197952,16252864,16228288
2026-05-13T15:05:40+01:00,server,2434224,9,210436,843793311,60510,0,9884,0,32911424,30159552,2751872,25198656,16252864,16228288
2026-05-13T15:05:41+01:00,server,2435460,9,210452,843796990,60510,0,9884,0,32911424,30163712,2747712,25202624,16252864,16228288
2026-05-13T15:05:42+01:00,server,2436685,9,210466,843800670,60510,0,9884,0,32911424,30159872,2751552,25198784,16252864,16228288
2026-05-13T15:05:43+01:00,server,2437925,9,210473,843804351,60510,0,9885,0,32911424,30160832,2750592,25199744,16252864,16228288
2026-05-13T15:05:44+01:00,server,2439163,9,210487,843808032,60510,0,9885,0,32911424,30162368,2749056,25201280,16252864,16228288
2026-05-13T15:05:45+01:00,server,2440374,9,210501,843811713,60510,0,9886,0,32911424,30161600,2749824,25200512,16252864,16228288
2026-05-13T15:05:46+01:00,server,2441611,9,210511,843815392,60510,0,9889,0,32911424,30162112,2749312,25201024,16252864,16228288
2026-05-13T15:05:47+01:00,server,2442838,9,210523,843819073,60510,0,9889,0,32911424,30160576,2750848,25199488,16252864,16228288
2026-05-13T15:05:48+01:00,server,2444075,9,210537,843822753,60510,0,9890,0,32911424,30160768,2750656,25199680,16252864,16228288
2026-05-13T15:05:49+01:00,server,2445312,9,210542,843826444,60510,0,9890,0,32911424,30157184,2754240,25196032,16252864,16228288
2026-05-13T15:05:51+01:00,server,2446528,9,210548,843830131,60510,0,9890,0,32911424,30160832,2750592,25199680,16252864,16228288
2026-05-13T15:05:52+01:00,server,2447760,9,210564,843833811,60510,0,9891,0,32911424,30160768,2750656,25199680,16252864,16228288
2026-05-13T15:05:53+01:00,server,2448973,9,210582,843837494,60510,0,9892,0,32911424,30161024,2750400,25199872,16252864,16228288
2026-05-13T15:05:54+01:00,server,2450196,9,210598,843841173,60510,0,9892,0,32911424,30161472,2749952,25200320,16252864,16228288
2026-05-13T15:05:55+01:00,server,2451431,9,210615,843844820,60510,0,9892,0,32911424,30161664,2749760,25200576,16252864,16228288
2026-05-13T15:05:56+01:00,server,2452667,9,210628,843848501,60510,0,9892,0,32911424,30161408,2750016,25200320,16252864,16228288
2026-05-13T15:05:57+01:00,server,2453895,9,210638,843852181,60510,0,9892,0,32911424,30160640,2750784,25199552,16252864,16228288
2026-05-13T15:05:58+01:00,server,2455135,9,210649,843855862,60510,0,9892,0,32911424,30162304,2749120,25201216,16252864,16228288
2026-05-13T15:05:59+01:00,server,2456341,9,210662,843859542,60510,0,9892,0,32911424,30164672,2746752,25203584,16252864,16228288
2026-05-13T15:06:00+01:00,server,2457580,9,210672,843863228,60510,0,9892,0,32911424,30160064,2751360,25198976,16252864,16228288
2026-05-13T15:06:01+01:00,server,2458816,9,210684,843866913,60510,0,9894,0,32911424,30159872,2751552,25198784,16252864,16228288
2026-05-13T15:06:02+01:00,server,2460055,9,210692,843870599,60510,0,9894,0,32911424,30157184,2754240,25196096,16252864,16228288
2026-05-13T15:06:03+01:00,server,2461270,9,210699,843874287,60510,0,9894,0,32911424,30160448,2750976,25199360,16252864,16228288
2026-05-13T15:06:04+01:00,server,2462507,9,210712,843877969,60510,0,9896,0,32911424,30159168,2752256,25198016,16252864,16228288
2026-05-13T15:06:05+01:00,server,2463722,9,210724,843881650,60510,0,9896,0,32911424,30160064,2751360,25198976,16252864,16228288
2026-05-13T15:06:06+01:00,server,2464938,9,210738,843885354,60510,0,9896,0,32911424,30160448,2750976,25199360,16252864,16228288
2026-05-13T15:06:07+01:00,server,2466175,9,210749,843889027,60510,0,9896,0,32911424,30157120,2754304,25195968,16252864,16228288
2026-05-13T15:06:08+01:00,server,2467394,9,210757,843892706,60510,0,9896,0,32911424,30157888,2753536,25196736,16252864,16228288
2026-05-13T15:06:09+01:00,server,2468628,9,210768,843896385,60510,0,9896,0,32911424,30156352,2755072,25195200,16252864,16228288
2026-05-13T15:06:10+01:00,server,2469874,9,210785,843900035,60510,0,9896,0,32911424,30156288,2755136,25195136,16252864,16228288
2026-05-13T15:06:11+01:00,server,2471110,9,210802,843903718,60510,0,9896,0,32911424,30156096,2755328,25194944,16252864,16228288
2026-05-13T15:06:12+01:00,server,2472333,9,210817,843907401,60510,0,9896,0,32911424,30154944,2756480,25193792,16252864,16228288
2026-05-13T15:06:13+01:00,server,2473570,9,210832,843911082,60510,0,9896,0,32911424,30151296,2760128,25190144,16252864,16228288
2026-05-13T15:06:14+01:00,server,2474808,9,210841,843914765,60510,0,9897,0,32911424,30151104,2760320,25189952,16252864,16228288
2026-05-13T15:06:15+01:00,server,2476023,9,210846,843918457,60510,0,9897,0,32911424,30155328,2756096,25194176,16252864,16228288
2026-05-13T15:06:16+01:00,server,2477262,9,210855,843922141,60510,0,9897,0,32911424,30155712,2755712,25194560,16252864,16228288
2026-05-13T15:06:17+01:00,server,2478496,9,210870,843925821,60510,0,9897,0,32911424,30155520,2755904,25194368,16252864,16228288
2026-05-13T15:06:18+01:00,server,2479724,9,210884,843929502,60510,0,9897,0,32911424,30155968,2755456,25194816,16252864,16228288
2026-05-13T15:06:19+01:00,server,2480952,9,210898,843933182,60510,0,9897,0,32911424,30156672,2754752,25195328,16252864,16228288
2026-05-13T15:06:20+01:00,server,2482179,9,210912,843936868,60510,0,9897,0,32911424,30155136,2756288,25193792,16252864,16228288
2026-05-13T15:06:21+01:00,server,2483419,9,210920,843940555,60510,0,9897,0,32911424,30154752,2756672,25193408,16252864,16228288
2026-05-13T15:06:22+01:00,server,2484633,9,210928,843944236,60510,0,9899,0,32911424,30155328,2756096,25193984,16252864,16228288
2026-05-13T15:06:23+01:00,server,2485871,9,210945,843947917,60510,0,9899,0,32911424,30155136,2756288,25193792,16252864,16228288
2026-05-13T15:06:24+01:00,server,2487127,9,210959,843951564,60510,0,9899,0,32911424,30154304,2757120,25192704,16252864,16228288
2026-05-13T15:06:25+01:00,server,2488346,9,210967,843955246,60510,0,9899,0,32911424,30149760,2761664,25188160,16252864,16228288
2026-05-13T15:06:26+01:00,server,2489587,9,210978,843958931,60511,0,9899,0,32911424,30150784,2760640,25189184,16252864,16228288
2026-05-13T15:06:27+01:00,server,2490823,9,210985,843962624,60511,0,9899,0,32911424,30149184,2762240,25187584,16252864,16228288
2026-05-13T15:06:28+01:00,server,2492051,9,210993,843966311,60511,0,9899,0,32911424,30152384,2759040,25190784,16252864,16228288
2026-05-13T15:06:30+01:00,server,2493290,9,211001,843969995,60511,0,9900,0,32911424,30152512,2758912,25190912,16252864,16228288
2026-05-13T15:06:31+01:00,server,2494517,9,211015,843973683,60511,0,9900,0,32911424,30151744,2759680,25190144,16252864,16228288
2026-05-13T15:06:32+01:00,server,2495755,9,211028,843977369,60511,0,9900,0,32911424,30152192,2759232,25190016,16252864,16228288
2026-05-13T15:06:33+01:00,server,2496975,9,211036,843981052,60511,0,9900,0,32911424,30150720,2760704,25188480,16252864,16228288
2026-05-13T15:06:34+01:00,server,2498216,9,211044,843984735,60511,0,9900,0,32911424,30152768,2758656,25190464,16252864,16228288
2026-05-13T15:06:35+01:00,server,2499452,9,211059,843988416,60511,0,9900,0,32911424,30151232,2760192,25188928,16252864,16228288
2026-05-13T15:06:36+01:00,server,2500673,9,211076,843992099,60511,0,9900,0,32911424,30152768,2758656,25190464,16252864,16228288
2026-05-13T15:06:37+01:00,server,2501902,9,211088,843995782,60511,0,9900,0,32911424,30152832,2758592,25190528,16252864,16228288
2026-05-13T15:06:38+01:00,server,2503139,9,211098,843999465,60511,0,9900,0,32911424,30150080,2761344,25187776,16252864,16228288
2026-05-13T15:06:39+01:00,server,2504376,9,211112,844003149,60511,0,9900,0,32911424,30151360,2760064,25189056,16252864,16228288
2026-05-13T15:06:40+01:00,server,2505620,9,211129,844006807,60511,0,9900,0,32911424,30149056,2762368,25186688,16252864,16228288
2026-05-13T15:06:41+01:00,server,2506857,9,211136,844010500,60511,0,9900,0,32911424,30151616,2759808,25189248,16252864,16228288
2026-05-13T15:06:42+01:00,server,2508085,9,211148,844014188,60511,0,9900,0,32911424,30151424,2760000,25189056,16252864,16228288
2026-05-13T15:06:43+01:00,server,2509291,9,211159,844017896,60511,0,9900,0,32911424,30151808,2759616,25189440,16252864,16228288
2026-05-13T15:06:44+01:00,server,2510504,9,211168,844021576,60511,0,9900,0,32911424,30134720,2776704,25172352,16252864,16228288
2026-05-13T15:06:45+01:00,server,2511743,9,211177,844025256,60511,0,9900,0,32911424,30135040,2776384,25172672,16252864,16228288
2026-05-13T15:06:46+01:00,server,2512969,9,211186,844028933,60511,0,9901,0,32911424,30135232,2776192,25172800,16252864,16228288
2026-05-13T15:06:47+01:00,server,2514206,9,211197,844032613,60511,0,9901,0,32911424,30134336,2777088,25171904,16252864,16228288
2026-05-13T15:06:48+01:00,server,2515426,9,211208,844036294,60511,0,9901,0,32911424,30136064,2775360,25173632,16252864,16228288
2026-05-13T15:06:49+01:00,server,2516651,9,211217,844039972,60511,0,9901,0,32911424,30135488,2775936,25173056,16252864,16228288
2026-05-13T15:06:50+01:00,server,2517892,9,211230,844043702,60511,0,9901,0,32911424,30134912,2776512,25172480,16252864,16228288
2026-05-13T15:06:51+01:00,server,2519118,9,211238,844047383,60511,0,9902,0,32911424,30133376,2778048,25170944,16252864,16228288
2026-05-13T15:06:52+01:00,server,2520357,9,211250,844051062,60511,0,9902,0,32911424,30132992,2778432,25170560,16252864,16228288
2026-05-13T15:06:53+01:00,server,2521581,9,211256,844054748,60511,0,9902,0,32911424,30132800,2778624,25170368,16252864,16228288
2026-05-13T15:06:54+01:00,server,2522834,9,211267,844058534,60511,0,9902,0,32911424,30136448,2774976,25174016,16252864,16228288
2026-05-13T15:06:55+01:00,server,2524069,9,211282,844062184,60511,0,9902,0,32911424,30136576,2774848,25172800,16252864,16228288
2026-05-13T15:06:56+01:00,server,2525302,9,211290,844065865,60511,0,9902,0,32911424,30135488,2775936,25171712,16252864,16228288
2026-05-13T15:06:57+01:00,server,2526530,9,211297,844069545,60511,0,9902,0,32911424,30137792,2773632,25174016,16252864,16228288
2026-05-13T15:06:58+01:00,server,2527768,9,211307,844073225,60511,0,9902,0,32911424,30137024,2774400,25173184,16252864,16228288
2026-05-13T15:06:59+01:00,server,2528974,9,211316,844076912,60511,0,9903,0,32911424,30137408,2774016,25173568,16252864,16228288
2026-05-13T15:07:00+01:00,server,2530209,9,211328,844080593,60511,0,9905,0,32911424,30136896,2774528,25173056,16252864,16228288
2026-05-13T15:07:01+01:00,server,2531425,9,211342,844084273,60511,0,9905,0,32911424,30137216,2774208,25173312,16252864,16228288
2026-05-13T15:07:02+01:00,server,2532663,9,211356,844087956,60511,0,9905,0,32911424,30138944,2772480,25175040,16252864,16228288
2026-05-13T15:07:03+01:00,server,2533892,9,211369,844091639,60511,0,9905,0,32911424,30138112,2773312,25174208,16252864,16228288
2026-05-13T15:07:04+01:00,server,2535121,9,211378,844095321,60511,0,9905,0,32911424,30134464,2776960,25170560,16252864,16228288
2026-05-13T15:07:05+01:00,server,2536362,9,211389,844099006,60511,0,9905,0,32911424,30136768,2774656,25172864,16252864,16228288
2026-05-13T15:07:07+01:00,server,2537600,9,211394,844102700,60511,0,9905,0,32911424,30135488,2775936,25171584,16252864,16228288
2026-05-13T15:07:08+01:00,server,2538826,9,211405,844106390,60511,0,9905,0,32911424,30136256,2775168,25172352,16252864,16228288
2026-05-13T15:07:09+01:00,server,2540068,9,211415,844110073,60511,0,9906,0,32911424,30136128,2775296,25172224,16252864,16228288
2026-05-13T15:07:10+01:00,server,2541294,9,211424,844113721,60511,0,9908,0,32911424,30137344,2774080,25173440,16252864,16228288
2026-05-13T15:07:11+01:00,server,2542522,9,211435,844117402,60511,0,9908,0,32911424,30137152,2774272,25173248,16252864,16228288
2026-05-13T15:07:12+01:00,server,2543750,9,211447,844121082,60511,0,9908,0,32911424,30135424,2776000,25171520,16252864,16228288
2026-05-13T15:07:13+01:00,server,2544978,9,211455,844124765,60511,0,9908,0,32911424,30137216,2774208,25173312,16252864,16228288
2026-05-13T15:07:14+01:00,server,2546202,9,211468,844128448,60511,0,9909,0,32911424,30137216,2774208,25173312,16252864,16228288
2026-05-13T15:07:15+01:00,server,2547439,9,211482,844132130,60511,0,9909,0,32911424,30135296,2776128,25171392,16252864,16228288
2026-05-13T15:07:16+01:00,server,2548665,9,211494,844135812,60511,0,9909,0,32911424,30135488,2775936,25171584,16252864,16228288
2026-05-13T15:07:17+01:00,server,2549905,9,211504,844139497,60511,0,9909,0,32911424,30135168,2776256,25171264,16252864,16228288
2026-05-13T15:07:18+01:00,server,2551137,9,211510,844143179,60511,0,9909,0,32911424,30133440,2777984,25169536,16252864,16228288
2026-05-13T15:07:19+01:00,server,2552359,9,211518,844146867,60511,0,9909,0,32911424,30136320,2775104,25172416,16252864,16228288
2026-05-13T15:07:20+01:00,server,2553597,9,211523,844150555,60511,0,9909,0,32911424,30137280,2774144,25173376,16252864,16228288
2026-05-13T15:07:21+01:00,server,2554837,9,211535,844154237,60511,0,9909,0,32911424,30137088,2774336,25173184,16252864,16228288
2026-05-13T15:07:22+01:00,server,2556065,9,211548,844157920,60511,0,9909,0,32911424,30136320,2775104,25172416,16252864,16228288
2026-05-13T15:07:23+01:00,server,2557303,9,211562,844161603,60511,0,9909,0,32911424,30137088,2774336,25173184,16252864,16228288
2026-05-13T15:07:24+01:00,server,2558541,9,211573,844165287,60511,0,9909,0,32911424,30137472,2773952,25173568,16252864,16228288
2026-05-13T15:07:25+01:00,server,2559772,9,211593,844168938,60511,0,9909,0,32911424,30134080,2777344,25170176,16252864,16228288
2026-05-13T15:07:26+01:00,server,2561012,9,211603,844172621,60511,0,9909,0,32911424,30137152,2774272,25173248,16252864,16228288
2026-05-13T15:07:27+01:00,server,2562249,9,211617,844176306,60511,0,9909,0,32911424,30136384,2775040,25172480,16252864,16228288
2026-05-13T15:07:28+01:00,server,2563487,9,211628,844179988,60511,0,9910,0,32911424,30134208,2777216,25170304,16252864,16228288
2026-05-13T15:07:29+01:00,server,2564714,9,211635,844183670,60511,0,9910,0,32911424,30136000,2775424,25172032,16252864,16228288
2026-05-13T15:07:30+01:00,server,2565938,9,211647,844187352,60511,0,9910,0,32911424,30133760,2777664,25169792,16252864,16228288
2026-05-13T15:07:31+01:00,server,2567214,9,211681,844190974,60511,0,9910,0,32911424,30127360,2784064,25163328,16252864,16228288
2026-05-13T15:07:32+01:00,server,2568535,9,211689,844194561,60511,0,9910,0,32911424,30128320,2783104,25163328,16252864,16228288
2026-05-13T15:07:33+01:00,server,2569764,9,211704,844198225,60511,0,9912,0,32911424,30133120,2778304,25166400,16252864,16228288
2026-05-13T15:07:34+01:00,server,2570985,9,211714,844201908,60511,0,9913,0,32911424,30131584,2779840,25164864,16252864,16228288
2026-05-13T15:07:35+01:00,server,2572217,9,211722,844205596,60511,0,9913,0,32911424,30130816,2780608,25164096,16252864,16228288
2026-05-13T15:07:36+01:00,server,2573434,9,211734,844209278,60511,0,9913,0,32911424,30130624,2780800,25163904,16252864,16228288
2026-05-13T15:07:37+01:00,server,2574674,9,211740,844212959,60511,0,9913,0,32911424,30131200,2780224,25164480,16252864,16228288
2026-05-13T15:07:38+01:00,server,2575881,9,211754,844216638,60511,0,9913,0,32911424,30130432,2780992,25163712,16252864,16228288
2026-05-13T15:07:39+01:00,server,2577137,9,211767,844220289,60511,0,9914,0,32911424,30131008,2780416,25164288,16252864,16228288
2026-05-13T15:07:40+01:00,server,2578368,9,211777,844223971,60511,0,9914,0,32911424,30129536,2781888,25162816,16252864,16228288
2026-05-13T15:07:41+01:00,server,2579593,9,211787,844227654,60511,0,9915,0,32911424,30127424,2784000,25160704,16252864,16228288
2026-05-13T15:07:42+01:00,server,2580826,9,211799,844231338,60511,0,9915,0,32911424,30125504,2785920,25158784,16252864,16228288
2026-05-13T15:07:43+01:00,server,2582041,9,211806,844235019,60511,0,9915,0,32911424,30128384,2783040,25161664,16252864,16228288
2026-05-13T15:07:44+01:00,server,2583267,9,211814,844238706,60511,0,9915,0,32911424,30127104,2784320,25160384,16252864,16228288
2026-05-13T15:07:46+01:00,server,2584481,9,211819,844242396,60511,0,9915,0,32911424,30129216,2782208,25162496,16252864,16228288
2026-05-13T15:07:47+01:00,server,2585705,9,211829,844246076,60511,0,9915,0,32911424,30128512,2782912,25161792,16252864,16228288
2026-05-13T15:07:48+01:00,server,2586924,9,211839,844249761,60511,0,9915,0,32911424,30129856,2781568,25163136,16252864,16228288
2026-05-13T15:07:49+01:00,server,2588163,9,211853,844253439,60511,0,9915,0,32911424,30127424,2784000,25160704,16252864,16228288
2026-05-13T15:07:50+01:00,server,2589390,9,211860,844257118,60511,0,9915,0,32911424,30129920,2781504,25163200,16252864,16228288
2026-05-13T15:07:51+01:00,server,2590629,9,211870,844260798,60511,0,9915,0,32911424,30128448,2782976,25161728,16252864,16228288
2026-05-13T15:07:52+01:00,server,2591857,9,211883,844264478,60511,0,9915,0,32911424,30130048,2781376,25163328,16252864,16228288
2026-05-13T15:07:53+01:00,server,2593096,9,211895,844268158,60511,0,9915,0,32911424,30130432,2780992,25163712,16252864,16228288
2026-05-13T15:07:54+01:00,server,2594333,9,211909,844271840,60511,0,9916,0,32911424,30130048,2781376,25163328,16252864,16228288
2026-05-13T15:07:55+01:00,server,2595555,9,211931,844275488,60511,0,9918,0,32911424,30125760,2785664,25159040,16252864,16228288
2026-05-13T15:07:56+01:00,server,2596795,9,211941,844279169,60511,0,9918,0,32911424,30126912,2784512,25160192,16252864,16228288
2026-05-13T15:07:57+01:00,server,2598032,9,211952,844282855,60511,0,9918,0,32911424,30127616,2783808,25160896,16252864,16228288
2026-05-13T15:07:58+01:00,server,2599257,9,211957,844286542,60511,0,9918,0,32911424,30128960,2782464,25162240,16252864,16228288
2026-05-13T15:07:59+01:00,server,2600496,9,211970,844290224,60511,0,9918,0,32911424,30130048,2781376,25163328,16252864,16228288
2026-05-13T15:08:00+01:00,server,2601734,9,211985,844293905,60511,0,9918,0,32911424,30129664,2781760,25162944,16252864,16228288
2026-05-13T15:08:01+01:00,server,2602948,9,211996,844297584,60511,0,9919,0,32911424,30128896,2782528,25162176,16252864,16228288
2026-05-13T15:08:02+01:00,server,2604185,9,212006,844301265,60511,0,9919,0,32911424,30128704,2782720,25161984,16252864,16228288
2026-05-13T15:08:03+01:00,server,2605413,9,212014,844304945,60511,0,9919,0,32911424,30128192,2783232,25161472,16252864,16228288
2026-05-13T15:08:04+01:00,server,2606648,9,212026,844308630,60511,0,9920,0,32911424,30130752,2780672,25164032,16252864,16228288
2026-05-13T15:08:05+01:00,server,2607883,9,212040,844312314,60511,0,9920,0,32911424,30129792,2781632,25163072,16252864,16228288
2026-05-13T15:08:06+01:00,server,2609108,9,212054,844315993,60511,0,9920,0,32911424,30128832,2782592,25162112,16252864,16228288
2026-05-13T15:08:07+01:00,server,2610340,9,212066,844319664,60511,0,9920,0,32911424,30129792,2781632,25163072,16252864,16228288
2026-05-13T15:08:08+01:00,server,2611564,9,212082,844323344,60511,0,9920,0,32911424,30124032,2787392,25157312,16252864,16228288
2026-05-13T15:08:09+01:00,server,2612779,9,212089,844327028,60511,0,9921,0,32911424,30125952,2785472,25159232,16252864,16228288
2026-05-13T15:08:10+01:00,server,2614025,9,212100,844330684,60511,0,9921,0,32911424,30128704,2782720,25161984,16252864,16228288
2026-05-13T15:08:11+01:00,server,2615250,9,212110,844334363,60511,0,9921,0,32911424,30128896,2782528,25162176,16252864,16228288
2026-05-13T15:08:12+01:00,server,2616489,9,212121,844338041,60511,0,9922,0,32911424,30128960,2782464,25162240,16252864,16228288
2026-05-13T15:08:13+01:00,server,2617725,9,212133,844341720,60511,0,9922,0,32911424,30127040,2784384,25160320,16252864,16228288
2026-05-13T15:08:14+01:00,server,2618941,9,212146,844345401,60511,0,9922,0,32911424,30128768,2782656,25162048,16252864,16228288
2026-05-13T15:08:15+01:00,server,2620177,9,212160,844349080,60511,0,9922,0,32911424,30128448,2782976,25161728,16252864,16228288
2026-05-13T15:08:16+01:00,server,2621405,9,212173,844352760,60511,0,9922,0,32911424,30128256,2783168,25161536,16252864,16228288
2026-05-13T15:08:17+01:00,server,2622630,9,212183,844356439,60511,0,9923,0,32911424,30129792,2781632,25163072,16252864,16228288
2026-05-13T15:08:18+01:00,server,2623866,9,212195,844360118,60511,0,9923,0,32911424,30128256,2783168,25161536,16252864,16228288
2026-05-13T15:08:19+01:00,server,2625088,9,212211,844363797,60511,0,9924,0,32911424,30128448,2782976,25161728,16252864,16228288
2026-05-13T15:08:20+01:00,server,2626291,9,212231,844367490,60511,0,9924,0,32911424,30126720,2784704,25160000,16252864,16228288
2026-05-13T15:08:21+01:00,server,2627493,9,212242,844371181,60511,0,9924,0,32911424,30121344,2790080,25154624,16252864,16228288
2026-05-13T15:08:22+01:00,server,2628714,9,212245,844374871,60511,0,9925,0,32911424,30122112,2789312,25155392,16252864,16228288
2026-05-13T15:08:23+01:00,server,2629933,9,212251,844378553,60511,0,9926,0,32911424,30123648,2787776,25156928,16252864,16228288
2026-05-13T15:08:25+01:00,server,2631164,9,212266,844382203,60511,0,9927,0,32911424,30124224,2787200,25157504,16252864,16228288
2026-05-13T15:08:26+01:00,server,2632383,9,212276,844385884,60511,0,9927,0,32911424,30124416,2787008,25157696,16252864,16228288
2026-05-13T15:08:27+01:00,server,2633615,9,212288,844389565,60511,0,9927,0,32911424,30124224,2787200,25157504,16252864,16228288
2026-05-13T15:08:28+01:00,server,2634840,9,212297,844393244,60511,0,9927,0,32911424,30124288,2787136,25157568,16252864,16228288
2026-05-13T15:08:29+01:00,server,2636079,9,212304,844396922,60511,0,9929,0,32911424,30124928,2786496,25158208,16252864,16228288
2026-05-13T15:08:30+01:00,server,2637317,9,212314,844400600,60511,0,9929,0,32911424,30125504,2785920,25158784,16252864,16228288
2026-05-13T15:08:31+01:00,server,2638547,9,212326,844404279,60511,0,9929,0,32911424,30125312,2786112,25158592,16252864,16228288
2026-05-13T15:08:32+01:00,server,2639772,9,212338,844407958,60511,0,9929,0,32911424,30125312,2786112,25158592,16252864,16228288
2026-05-13T15:08:33+01:00,server,2641010,9,212348,844411636,60511,0,9930,0,32911424,30123200,2788224,25156480,16252864,16228288
2026-05-13T15:08:34+01:00,server,2642237,9,212358,844415315,60511,0,9930,0,32911424,30123392,2788032,25156672,16252864,16228288
2026-05-13T15:08:35+01:00,server,2643471,9,212368,844418996,60511,0,9930,0,32911424,30122624,2788800,25155904,16252864,16228288
2026-05-13T15:08:36+01:00,server,2644693,9,212376,844422686,60511,0,9930,0,32911424,30124928,2786496,25158208,16252864,16228288
2026-05-13T15:08:37+01:00,server,2645928,9,212392,844426365,60511,0,9930,0,32911424,30125312,2786112,25158592,16252864,16228288
2026-05-13T15:08:38+01:00,server,2647166,9,212405,844430044,60511,0,9930,0,32911424,30125632,2785792,25158912,16252864,16228288
2026-05-13T15:08:39+01:00,server,2648392,9,212413,844433722,60511,0,9930,0,32911424,30126208,2785216,25159488,16252864,16228288
2026-05-13T15:08:40+01:00,server,2649666,9,212431,844437373,60511,0,9930,0,32911424,30123456,2787968,25156736,16252864,16228288
2026-05-13T15:08:41+01:00,server,2650881,9,212445,844441053,60511,0,9930,0,32911424,30123072,2788352,25156352,16252864,16228288
2026-05-13T15:08:42+01:00,server,2652108,9,212457,844444732,60511,0,9931,0,32911424,30123136,2788288,25156416,16252864,16228288
2026-05-13T15:08:43+01:00,server,2653346,9,212470,844448411,60511,0,9931,0,32911424,30121984,2789440,25155264,16252864,16228288
2026-05-13T15:08:44+01:00,server,2654570,9,212483,844452090,60511,0,9931,0,32911424,30123904,2787520,25157184,16252864,16228288
2026-05-13T15:08:45+01:00,server,2655808,9,212496,844455770,60511,0,9931,0,32911424,30123904,2787520,25157184,16252864,16228288
2026-05-13T15:08:46+01:00,server,2657032,9,212511,844459449,60511,0,9931,0,32911424,30120064,2791360,25153344,16252864,16228288
2026-05-13T15:08:47+01:00,server,2658269,9,212523,844463133,60511,0,9931,0,32911424,30123648,2787776,25156928,16252864,16228288
2026-05-13T15:08:48+01:00,server,2659507,9,212527,844466828,60511,0,9931,0,32911424,30122880,2788544,25156160,16252864,16228288
2026-05-13T15:08:49+01:00,server,2660723,9,212540,844470510,60511,0,9932,0,32911424,30124032,2787392,25157312,16252864,16228288
2026-05-13T15:08:50+01:00,server,2661951,9,212550,844474190,60511,0,9932,0,32911424,30124608,2786816,25157888,16252864,16228288
2026-05-13T15:08:51+01:00,server,2663179,9,212559,844477870,60511,0,9932,0,32911424,30122688,2788736,25155968,16252864,16228288
2026-05-13T15:08:52+01:00,server,2664394,9,212571,844481550,60511,0,9932,0,32911424,30124864,2786560,25158144,16252864,16228288
2026-05-13T15:08:53+01:00,server,2665631,9,212586,844485230,60511,0,9932,0,32911424,30125632,2785792,25158912,16252864,16228288
2026-05-13T15:08:54+01:00,server,2666869,9,212599,844488912,60511,0,9932,0,32911424,30123328,2788096,25156608,16252864,16228288
2026-05-13T15:08:55+01:00,server,2668106,9,212612,844492556,60511,0,9932,0,32911424,30129088,2782336,25162368,16252864,16228288
2026-05-13T15:08:56+01:00,server,2669346,9,212620,844496236,60511,0,9933,0,32911424,30121792,2789632,25155072,16252864,16228288
2026-05-13T15:08:57+01:00,server,2670575,9,212631,844499916,60511,0,9933,0,32911424,30123136,2788288,25156416,16252864,16228288
2026-05-13T15:08:58+01:00,server,2671814,9,212644,844503595,60511,0,9933,0,32911424,30122048,2789376,25155328,16252864,16228288
2026-05-13T15:08:59+01:00,server,2673057,9,212649,844507278,60511,0,9933,0,32911424,30122816,2788608,25156096,16252864,16228288
2026-05-13T15:09:00+01:00,server,2674269,9,212653,844510969,60511,0,9933,0,32911424,30125504,2785920,25158784,16252864,16228288
2026-05-13T15:09:01+01:00,server,2675503,9,212662,844514651,60511,0,9934,0,32911424,30124736,2786688,25158016,16252864,16228288
2026-05-13T15:09:02+01:00,server,2676714,9,212677,844518331,60511,0,9935,0,32911424,30125504,2785920,25158784,16252864,16228288
2026-05-13T15:09:03+01:00,server,2677948,9,212690,844522011,60511,0,9935,0,32911424,30125888,2785536,25159168,16252864,16228288
2026-05-13T15:09:05+01:00,server,2679189,9,212701,844525690,60511,0,9935,0,32911424,30126656,2784768,25159936,16252864,16228288
2026-05-13T15:09:06+01:00,server,2680413,9,212712,844529371,60511,0,9937,0,32911424,30125696,2785728,25158976,16252864,16228288
2026-05-13T15:09:07+01:00,server,2681652,9,212724,844533052,60511,0,9937,0,32911424,30126848,2784576,25160128,16252864,16228288
2026-05-13T15:09:08+01:00,server,2682878,9,212735,844536732,60511,0,9937,0,32911424,30125696,2785728,25158976,16252864,16228288
2026-05-13T15:09:09+01:00,server,2684114,9,212751,844540412,60511,0,9937,0,32911424,30126848,2784576,25160128,16252864,16228288
2026-05-13T15:09:10+01:00,server,2685357,9,212766,844544090,60511,0,9938,0,32911424,30121664,2789760,25154944,16252864,16228288
2026-05-13T15:09:11+01:00,server,2686581,9,212775,844547774,60511,0,9938,0,32911424,30118592,2792832,25151872,16252864,16228288
2026-05-13T15:09:12+01:00,server,2687800,9,212783,844551455,60511,0,9938,0,32911424,30119424,2792000,25152704,16252864,16228288
2026-05-13T15:09:13+01:00,server,2689031,9,212791,844555141,60511,0,9938,0,32911424,30119936,2791488,25153216,16252864,16228288
2026-05-13T15:09:14+01:00,server,2690256,9,212794,844558831,60511,0,9938,0,32911424,30121280,2790144,25154560,16252864,16228288
2026-05-13T15:09:15+01:00,server,2691480,9,212806,844562511,60511,0,9938,0,32911424,30121920,2789504,25155200,16252864,16228288
2026-05-13T15:09:16+01:00,server,2692699,9,212814,844566193,60511,0,9938,0,32911424,30122752,2788672,25156032,16252864,16228288
2026-05-13T15:09:17+01:00,server,2693930,9,212821,844569878,60511,0,9939,0,32911424,30121792,2789632,25155072,16252864,16228288
2026-05-13T15:09:18+01:00,server,2695155,9,212833,844573558,60511,0,9939,0,32911424,30122432,2788992,25155712,16252864,16228288
2026-05-13T15:09:19+01:00,server,2696384,9,212841,844577238,60511,0,9939,0,32911424,30122240,2789184,25155520,16252864,16228288
2026-05-13T15:09:20+01:00,server,2697598,9,212852,844580922,60511,0,9939,0,32911424,30121664,2789760,25154944,16252864,16228288
2026-05-13T15:09:21+01:00,server,2698837,9,212861,844584605,60511,0,9940,0,32911424,30122112,2789312,25155392,16252864,16228288
2026-05-13T15:09:22+01:00,server,2700053,9,212871,844588287,60511,0,9941,0,32911424,30122880,2788544,25156160,16252864,16228288
2026-05-13T15:09:23+01:00,server,2701281,9,212887,844591971,60511,0,9941,0,32911424,30120384,2791040,25153664,16252864,16228288
2026-05-13T15:09:24+01:00,server,2702522,9,212898,844595651,60511,0,9941,0,32911424,30118528,2792896,25151808,16252864,16228288
2026-05-13T15:09:25+01:00,server,2703767,9,212914,844599300,60511,0,9941,0,32911424,30121344,2790080,25154624,16252864,16228288
2026-05-13T15:09:26+01:00,server,2705004,9,212919,844602992,60511,0,9942,0,32911424,30120000,2791424,25153280,16252864,16228288
2026-05-13T15:09:27+01:00,server,2706242,9,212930,844606679,60511,0,9942,0,32911424,30119808,2791616,25153088,16252864,16228288
2026-05-13T15:09:28+01:00,server,2707459,9,212943,844610362,60511,0,9943,0,32911424,30120768,2790656,25154048,16252864,16228288
2026-05-13T15:09:29+01:00,server,2708698,9,212956,844614044,60511,0,9943,0,32911424,30120000,2791424,25153280,16252864,16228288
2026-05-13T15:09:30+01:00,server,2709936,9,212971,844617726,60511,0,9943,0,32911424,30118528,2792896,25151808,16252864,16228288
2026-05-13T15:09:31+01:00,server,2711151,9,212983,844621407,60511,0,9943,0,32911424,30119488,2791936,25152768,16252864,16228288
2026-05-13T15:09:32+01:00,server,2712389,9,212995,844625088,60511,0,9943,0,32911424,30119488,2791936,25152768,16252864,16228288
2026-05-13T15:09:33+01:00,server,2713617,9,213010,844628771,60511,0,9943,0,32911424,30118976,2792448,25152256,16252864,16228288
2026-05-13T15:09:34+01:00,server,2714838,9,213027,844632450,60511,0,9943,0,32911424,30118400,2793024,25151680,16252864,16228288
2026-05-13T15:09:35+01:00,server,2716077,9,213039,844636129,60511,0,9944,0,32911424,30116160,2795264,25149440,16252864,16228288
2026-05-13T15:09:36+01:00,server,2717305,9,213047,844639810,60511,0,9945,0,32911424,30116736,2794688,25150016,16252864,16228288
2026-05-13T15:09:37+01:00,server,2718545,9,213057,844643488,60511,0,9945,0,32911424,30116608,2794816,25149824,16252864,16228288
2026-05-13T15:09:38+01:00,server,2719782,9,213066,844647175,60511,0,9945,0,32911424,30118272,2793152,25151488,16252864,16228288
2026-05-13T15:09:39+01:00,server,2721042,9,213079,844650830,60511,0,9945,0,32911424,30120576,2790848,25153792,16252864,16228288
2026-05-13T15:09:40+01:00,server,2722282,9,213090,844654512,60511,0,9945,0,32911424,30118720,2792704,25151936,16252864,16228288
2026-05-13T15:09:41+01:00,server,2723516,9,213098,844658191,60511,0,9945,0,32911424,30120256,2791168,25153472,16252864,16228288
2026-05-13T15:09:42+01:00,server,2724754,9,213110,844661870,60511,0,9945,0,32911424,30120128,2791296,25153344,16252864,16228288
2026-05-13T15:09:43+01:00,server,2725983,9,213122,844665549,60511,0,9946,0,32911424,30119744,2791680,25152960,16252864,16228288
2026-05-13T15:09:45+01:00,server,2727210,9,213133,844669227,60511,0,9946,0,32911424,30119936,2791488,25153216,16252864,16228288
2026-05-13T15:09:46+01:00,server,2728448,9,213145,844672908,60511,0,9947,0,32911424,30120192,2791232,25153472,16252864,16228288
2026-05-13T15:09:47+01:00,server,2729673,9,213159,844676588,60511,0,9948,0,32911424,30120640,2790784,25153856,16252864,16228288
2026-05-13T15:09:48+01:00,server,2730912,9,213171,844680266,60511,0,9949,0,32911424,30122560,2788864,25155776,16252864,16228288
2026-05-13T15:09:49+01:00,server,2732151,9,213182,844683946,60511,0,9949,0,32911424,30118720,2792704,25151936,16252864,16228288
2026-05-13T15:09:50+01:00,server,2733376,9,213191,844687625,60511,0,9951,0,32911424,30117376,2794048,25150592,16252864,16228288
2026-05-13T15:09:51+01:00,server,2734600,9,213204,844691309,60511,0,9952,0,32911424,30117376,2794048,25150592,16252864,16228288
2026-05-13T15:09:52+01:00,server,2735826,9,213210,844694994,60511,0,9952,0,32911424,30120448,2790976,25153664,16252864,16228288
2026-05-13T15:09:53+01:00,server,2737065,9,213222,844698674,60511,0,9952,0,32911424,30120064,2791360,25153280,16252864,16228288
2026-05-13T15:09:54+01:00,server,2738303,9,213235,844702353,60511,0,9953,0,32911424,30119680,2791744,25152896,16252864,16228288
2026-05-13T15:09:55+01:00,server,2739538,9,213249,844706003,60511,0,9954,0,32911424,30119680,2791744,25152896,16252864,16228288
2026-05-13T15:09:56+01:00,server,2740775,9,213263,844709682,60511,0,9954,0,32911424,30119488,2791936,25152704,16252864,16228288
2026-05-13T15:09:57+01:00,server,2741976,9,213273,844713397,60511,0,9954,0,32911424,30111488,2799936,25144704,16252864,16228288
2026-05-13T15:09:58+01:00,server,2743206,9,213281,844717083,60511,0,9954,0,32911424,30099712,2811712,25132864,16252864,16228288
2026-05-13T15:09:59+01:00,server,2744432,9,213290,844720764,60511,0,9954,0,32911424,30091584,2819840,25124736,16252864,16228288
2026-05-13T15:10:00+01:00,server,2745667,9,213297,844724447,60511,0,9954,0,32911424,30092352,2819072,25125504,16252864,16228288
2026-05-13T15:10:01+01:00,server,2746906,9,213307,844728157,60511,0,9955,0,32911424,30081984,2829440,25115136,16252864,16228288
2026-05-13T15:10:02+01:00,server,2748147,9,213323,844731892,60511,0,9956,0,32911424,30084608,2826816,25117760,16252864,16228288
2026-05-13T15:10:03+01:00,server,2749380,9,213333,844735581,60511,0,9956,0,32911424,30080064,2831360,25113152,16252864,16228288
2026-05-13T15:10:04+01:00,server,2750598,9,213340,844739268,60511,0,9956,0,32911424,30081792,2829632,25114880,16252864,16228288
2026-05-13T15:10:05+01:00,server,2751825,9,213348,844742956,60511,0,9956,0,32911424,30084736,2826688,25117824,16252864,16228288
2026-05-13T15:10:06+01:00,server,2753048,9,213359,844746638,60511,0,9956,0,32911424,30083392,2828032,25116480,16252864,16228288
2026-05-13T15:10:07+01:00,server,2754295,9,213370,844750314,60512,0,9956,0,32911424,30083776,2827648,25116864,16252864,16228288
2026-05-13T15:10:08+01:00,server,2755523,9,213384,844753998,60512,0,9957,0,32911424,30083456,2827968,25116544,16252864,16228288
2026-05-13T15:10:09+01:00,server,2756749,9,213392,844757678,60512,0,9957,0,32911424,30086016,2825408,25119104,16252864,16228288
2026-05-13T15:10:10+01:00,server,2758007,9,213406,844761324,60512,0,9957,0,32911424,30085440,2825984,25118528,16252864,16228288
2026-05-13T15:10:11+01:00,server,2759229,9,213414,844765007,60512,0,9957,0,32911424,30085056,2826368,25118144,16252864,16228288
2026-05-13T15:10:12+01:00,server,2760454,9,213425,844768689,60512,0,9957,0,32911424,30083456,2827968,25116544,16252864,16228288
2026-05-13T15:10:13+01:00,server,2761680,9,213433,844772369,60512,0,9958,0,32911424,30086272,2825152,25119360,16252864,16228288
2026-05-13T15:10:14+01:00,server,2762915,9,213441,844776053,60512,0,9959,0,32911424,30088832,2822592,25121920,16252864,16228288
2026-05-13T15:10:15+01:00,server,2764133,9,213453,844779735,60512,0,9959,0,32911424,30081152,2830272,25114240,16252864,16228288
2026-05-13T15:10:16+01:00,server,2765361,9,213462,844783415,60512,0,9960,0,32911424,30083136,2828288,25116224,16252864,16228288
2026-05-13T15:10:17+01:00,server,2766579,9,213466,844787103,60512,0,9962,0,32911424,30084672,2826752,25117760,16252864,16228288
2026-05-13T15:10:18+01:00,server,2767802,9,213473,844790794,60512,0,9963,0,32911424,30085888,2825536,25118976,16252864,16228288
2026-05-13T15:10:19+01:00,server,2769025,9,213482,844794474,60512,0,9964,0,32911424,30086080,2825344,25119168,16252864,16228288
2026-05-13T15:10:20+01:00,server,2770254,9,213491,844798153,60512,0,9964,0,32911424,30086272,2825152,25119360,16252864,16228288
2026-05-13T15:10:21+01:00,server,2771478,9,213502,844801834,60512,0,9964,0,32911424,30086464,2824960,25119552,16252864,16228288
2026-05-13T15:10:22+01:00,server,2772705,9,213513,844805515,60512,0,9964,0,32911424,30085504,2825920,25118592,16252864,16228288
2026-05-13T15:10:24+01:00,server,2773942,9,213524,844809195,60512,0,9964,0,32911424,30087232,2824192,25120320,16252864,16228288
2026-05-13T15:10:25+01:00,server,2775170,9,213540,844812846,60512,0,9964,0,32911424,30087040,2824384,25120128,16252864,16228288
2026-05-13T15:10:26+01:00,server,2776405,9,213551,844816530,60512,0,9964,0,32911424,30085312,2826112,25118400,16252864,16228288
2026-05-13T15:10:27+01:00,server,2777629,9,213565,844820219,60512,0,9964,0,32911424,30084736,2826688,25117824,16252864,16228288
2026-05-13T15:10:28+01:00,server,2778847,9,213576,844823899,60512,0,9964,0,32911424,30082240,2829184,25115328,16252864,16228288
2026-05-13T15:10:29+01:00,server,2780087,9,213586,844827579,60512,0,9964,0,32911424,30082048,2829376,25115136,16252864,16228288
2026-05-13T15:10:30+01:00,server,2781304,9,213596,844831260,60512,0,9964,0,32911424,30082432,2828992,25115520,16252864,16228288
2026-05-13T15:10:31+01:00,server,2782541,9,213601,844834949,60512,0,9965,0,32911424,30082816,2828608,25115904,16252864,16228288
2026-05-13T15:10:32+01:00,server,2783767,9,213611,844838629,60512,0,9965,0,32911424,30083968,2827456,25117056,16252864,16228288
2026-05-13T15:10:33+01:00,server,2785007,9,213622,844842308,60512,0,9965,0,32911424,30084544,2826880,25117632,16252864,16228288
2026-05-13T15:10:34+01:00,server,2786248,9,213630,844845988,60512,0,9965,0,32911424,30084352,2827072,25117440,16252864,16228288
2026-05-13T15:10:35+01:00,server,2787472,9,213640,844849671,60512,0,9966,0,32911424,30085312,2826112,25118400,16252864,16228288
2026-05-13T15:10:36+01:00,server,2788699,9,213655,844853349,60512,0,9966,0,32911424,30083584,2827840,25116672,16252864,16228288
2026-05-13T15:10:37+01:00,server,2789937,9,213668,844857028,60512,0,9966,0,32911424,30083968,2827456,25117056,16252864,16228288
2026-05-13T15:10:38+01:00,server,2791155,9,213677,844860708,60512,0,9969,0,32911424,30085696,2825728,25118784,16252864,16228288
2026-05-13T15:10:39+01:00,server,2792394,9,213689,844864387,60512,0,9969,0,32911424,30084544,2826880,25117632,16252864,16228288
2026-05-13T15:10:40+01:00,server,2793618,9,213700,844868035,60512,0,9970,0,32911424,30082752,2828672,25115840,16252864,16228288
2026-05-13T15:10:41+01:00,server,2794854,9,213712,844871714,60512,0,9970,0,32911424,30081216,2830208,25114304,16252864,16228288
2026-05-13T15:10:42+01:00,server,2796079,9,213724,844875395,60512,0,9970,0,32911424,30083520,2827904,25116608,16252864,16228288
2026-05-13T15:10:43+01:00,server,2797299,9,213734,844879085,60512,0,9970,0,32911424,30082624,2828800,25115712,16252864,16228288
2026-05-13T15:10:44+01:00,server,2798529,9,213744,844882773,60512,0,9970,0,32911424,30085120,2826304,25118208,16252864,16228288
2026-05-13T15:10:45+01:00,server,2799751,9,213754,844886455,60512,0,9970,0,32911424,30083200,2828224,25116288,16252864,16228288
2026-05-13T15:10:46+01:00,server,2800989,9,213766,844890136,60512,0,9971,0,32911424,30084736,2826688,25117824,16252864,16228288
2026-05-13T15:10:47+01:00,server,2802215,9,213779,844893817,60512,0,9971,0,32911424,30084544,2826880,25117632,16252864,16228288
2026-05-13T15:10:48+01:00,server,2803441,9,213788,844897502,60512,0,9971,0,32911424,30083008,2828416,25116096,16252864,16228288
2026-05-13T15:10:49+01:00,server,2804675,9,213804,844901183,60512,0,9971,0,32911424,30084736,2826688,25117824,16252864,16228288
2026-05-13T15:10:50+01:00,server,2805896,9,213817,844904865,60512,0,9971,0,32911424,30084736,2826688,25117824,16252864,16228288
2026-05-13T15:10:51+01:00,server,2807107,9,213832,844908548,60512,0,9971,0,32911424,30084352,2827072,25117440,16252864,16228288
2026-05-13T15:10:52+01:00,server,2808345,9,213842,844912234,60512,0,9972,0,32911424,30083008,2828416,25116096,16252864,16228288
2026-05-13T15:10:53+01:00,server,2809551,9,213855,844915921,60512,0,9972,0,32911424,30083584,2827840,25116672,16252864,16228288
2026-05-13T15:10:54+01:00,server,2810770,9,213873,844919586,60512,0,9973,0,32911424,30081472,2829952,25114560,16252864,16228288
2026-05-13T15:10:55+01:00,server,2812003,9,213886,844923271,60512,0,9974,0,32911424,30079616,2831808,25112576,16252864,16228288
2026-05-13T15:10:56+01:00,server,2813216,9,213895,844926965,60512,0,9974,0,32911424,30081920,2829504,25114880,16252864,16228288
2026-05-13T15:10:57+01:00,server,2814439,9,213910,844930650,60512,0,9975,0,32911424,30085824,2825600,25118784,16252864,16228288
2026-05-13T15:10:58+01:00,server,2815678,9,213918,844934338,60512,0,9976,0,32911424,30084288,2827136,25117248,16252864,16228288
2026-05-13T15:10:59+01:00,server,2816905,9,213927,844938026,60512,0,9976,0,32911424,30086400,2825024,25119360,16252864,16228288
2026-05-13T15:11:00+01:00,server,2818139,9,213939,844941714,60512,0,9976,0,32911424,30086784,2824640,25119744,16252864,16228288
2026-05-13T15:11:01+01:00,server,2819342,9,213955,844945425,60512,0,9978,0,32911424,30080896,2830528,25113856,16252864,16228288
2026-05-13T15:11:02+01:00,server,2820539,9,213966,844949127,60512,0,9978,0,32911424,30073536,2837888,25106496,16252864,16228288
2026-05-13T15:11:04+01:00,server,2821776,9,213979,844952803,60512,0,9978,0,32911424,30070336,2841088,25103296,16252864,16228288
2026-05-13T15:11:05+01:00,server,2822968,9,213987,844956513,60512,0,9978,0,32911424,30066048,2845376,25099008,16252864,16228288
2026-05-13T15:11:06+01:00,server,2824206,9,213997,844960189,60512,0,9978,0,32911424,30049152,2862272,25082112,16252864,16228288
2026-05-13T15:11:07+01:00,server,2825397,9,214008,844963898,60512,0,9978,0,32911424,30044096,2867328,25077824,16252864,16228288
2026-05-13T15:11:08+01:00,server,2826635,9,214017,844967574,60512,0,9978,0,32911424,30044672,2866752,25077632,16252864,16228288
2026-05-13T15:11:09+01:00,server,2827826,9,214020,844971289,60512,0,9978,0,32911424,30045632,2865792,25078592,16252864,16228288
2026-05-13T15:11:10+01:00,server,2829092,9,214034,844974933,60512,0,9979,0,32911424,30046656,2864768,25079616,16252864,16228288
2026-05-13T15:11:11+01:00,server,2830287,9,214045,844978641,60512,0,9979,0,32911424,30045312,2866112,25078272,16252864,16228288
2026-05-13T15:11:12+01:00,server,2831528,9,214054,844982316,60512,0,9980,0,32911424,30045504,2865920,25078464,16252864,16228288
2026-05-13T15:11:13+01:00,server,2832724,9,214064,844986024,60512,0,9980,0,32911424,30044736,2866688,25077696,16252864,16228288
2026-05-13T15:11:14+01:00,server,2833963,9,214075,844989699,60512,0,9981,0,32911424,30045376,2866048,25078336,16252864,16228288
2026-05-13T15:11:15+01:00,server,2835156,9,214086,844993407,60512,0,9981,0,32911424,30043264,2868160,25076224,16252864,16228288
2026-05-13T15:11:16+01:00,server,2836396,9,214096,844997082,60512,0,9981,0,32911424,30045376,2866048,25078336,16252864,16228288
2026-05-13T15:11:17+01:00,server,2837598,9,214105,845000790,60512,0,9981,0,32911424,30044800,2866624,25077760,16252864,16228288
2026-05-13T15:11:18+01:00,server,2838838,9,214116,845004466,60512,0,9981,0,32911424,30045440,2865984,25078400,16252864,16228288
2026-05-13T15:11:19+01:00,server,2840040,9,214126,845008174,60512,0,9981,0,32911424,30043520,2867904,25076480,16252864,16228288
2026-05-13T15:11:20+01:00,server,2841280,9,214137,845011849,60512,0,9982,0,32911424,30044096,2867328,25077056,16252864,16228288
2026-05-13T15:11:21+01:00,server,2842480,9,214147,845015555,60512,0,9982,0,32911424,30043200,2868224,25076096,16252864,16228288
2026-05-13T15:11:22+01:00,server,2843718,9,214151,845019238,60512,0,9982,0,32911424,30043840,2867584,25076736,16252864,16228288
2026-05-13T15:11:23+01:00,server,2844929,9,214156,845022954,60512,0,9983,0,32911424,30044416,2867008,25077312,16252864,16228288
2026-05-13T15:11:24+01:00,server,2846157,9,214163,845026630,60512,0,9984,0,32911424,30045376,2866048,25078272,16252864,16228288
2026-05-13T15:11:25+01:00,server,2847365,9,214173,845030307,60512,0,9984,0,32911424,30043584,2867840,25076480,16252864,16228288
2026-05-13T15:11:26+01:00,server,2848591,9,214181,845033983,60512,0,9984,0,32911424,30045888,2865536,25078784,16252864,16228288
2026-05-13T15:11:27+01:00,server,2849795,9,214191,845037691,60512,0,9984,0,32911424,30043968,2867456,25076864,16252864,16228288
2026-05-13T15:11:28+01:00,server,2851022,9,214200,845041369,60512,0,9985,0,32911424,30047616,2863808,25080512,16252864,16228288
2026-05-13T15:11:29+01:00,server,2852224,9,214208,845045083,60512,0,9985,0,32911424,30043584,2867840,25076480,16252864,16228288
2026-05-13T15:11:30+01:00,server,2853461,9,214219,845048761,60512,0,9985,0,32911424,30043584,2867840,25076352,16252864,16228288
2026-05-13T15:11:31+01:00,server,2854648,9,214225,845052473,60512,0,9985,0,32911424,30044864,2866560,25077568,16252864,16228288
2026-05-13T15:11:32+01:00,server,2855887,9,214235,845056150,60512,0,9986,0,32911424,30045248,2866176,25077952,16252864,16228288
2026-05-13T15:11:33+01:00,server,2857077,9,214244,845059860,60512,0,9987,0,32911424,30045248,2866176,25077824,16252864,16228288
2026-05-13T15:11:34+01:00,server,2858317,9,214252,845063539,60512,0,9988,0,32911424,30040704,2870720,25073280,16252864,16228288
2026-05-13T15:11:35+01:00,server,2859507,9,214258,845067257,60512,0,9988,0,32911424,30043008,2868416,25075584,16252864,16228288
2026-05-13T15:11:36+01:00,server,2860745,9,214265,845070938,60512,0,9988,0,32911424,30044352,2867072,25076928,16252864,16228288
2026-05-13T15:11:37+01:00,server,2861934,9,214274,845074650,60512,0,9988,0,32911424,30043584,2867840,25076160,16252864,16228288
2026-05-13T15:11:38+01:00,server,2863175,9,214282,845078325,60512,0,9989,0,32911424,30045248,2866176,25077824,16252864,16228288
2026-05-13T15:11:39+01:00,server,2864393,9,214299,845082007,60512,0,9990,0,32911424,30045760,2865664,25078336,16252864,16228288
2026-05-13T15:11:40+01:00,server,2865633,9,214308,845085683,60512,0,9990,0,32911424,30045376,2866048,25077952,16252864,16228288
2026-05-13T15:11:41+01:00,server,2866827,9,214319,845089395,60512,0,9990,0,32911424,30044416,2867008,25076992,16252864,16228288
2026-05-13T15:11:42+01:00,server,2868068,9,214326,845093071,60512,0,9990,0,32911424,30045248,2866176,25077824,16252864,16228288
2026-05-13T15:11:44+01:00,server,2869262,9,214335,845096785,60512,0,9990,0,32911424,30045568,2865856,25078144,16252864,16228288
2026-05-13T15:11:45+01:00,server,2870496,9,214347,845100461,60512,0,9990,0,32911424,30044992,2866432,25077568,16252864,16228288
2026-05-13T15:11:46+01:00,server,2871700,9,214359,845104173,60512,0,9990,0,32911424,30045184,2866240,25077760,16252864,16228288
2026-05-13T15:11:47+01:00,server,2872927,9,214368,845107848,60512,0,9991,0,32911424,30043840,2867584,25076416,16252864,16228288
2026-05-13T15:11:48+01:00,server,2874126,9,214379,845111560,60512,0,9991,0,32911424,30041792,2869632,25074368,16252864,16228288
2026-05-13T15:11:49+01:00,server,2875354,9,214383,845115241,60512,0,9992,0,32911424,30043328,2868096,25075904,16252864,16228288
2026-05-13T15:11:50+01:00,server,2876546,9,214390,845118966,60512,0,9992,0,32911424,30045440,2865984,25078016,16252864,16228288
2026-05-13T15:11:51+01:00,server,2877774,9,214398,845122642,60512,0,9994,0,32911424,30045056,2866368,25077632,16252864,16228288
2026-05-13T15:11:52+01:00,server,2878974,9,214409,845126351,60512,0,9994,0,32911424,30046016,2865408,25078592,16252864,16228288
2026-05-13T15:11:53+01:00,server,2880198,9,214420,845130027,60512,0,9994,0,32911424,30045248,2866176,25077824,16252864,16228288
2026-05-13T15:11:54+01:00,server,2881403,9,214431,845133740,60512,0,9995,0,32911424,30043904,2867520,25076480,16252864,16228288
2026-05-13T15:11:55+01:00,server,2882647,9,214444,845137383,60512,0,9996,0,32911424,30044736,2866688,25077312,16252864,16228288
2026-05-13T15:11:56+01:00,server,2883848,9,214453,845141095,60512,0,9996,0,32911424,30043776,2867648,25076352,16252864,16228288
2026-05-13T15:11:57+01:00,server,2885075,9,214467,845144770,60512,0,9996,0,32911424,30044928,2866496,25077504,16252864,16228288
2026-05-13T15:11:58+01:00,server,2886279,9,214476,845148483,60512,0,9996,0,32911424,30043968,2867456,25076544,16252864,16228288
2026-05-13T15:11:59+01:00,server,2887506,9,214485,845152158,60512,0,9997,0,32911424,30044928,2866496,25077504,16252864,16228288
2026-05-13T15:12:00+01:00,server,2888712,9,214495,845155871,60512,0,9997,0,32911424,30042688,2868736,25075264,16252864,16228288
2026-05-13T15:12:01+01:00,server,2889936,9,214505,845159546,60512,0,9998,0,32911424,30043712,2867712,25076288,16252864,16228288
2026-05-13T15:12:02+01:00,server,2891135,9,214512,845163264,60512,0,9998,0,32911424,30043328,2868096,25075904,16252864,16228288
2026-05-13T15:12:03+01:00,server,2892373,9,214515,845166951,60512,0,9998,0,32911424,30043520,2867904,25076096,16252864,16228288
2026-05-13T15:12:04+01:00,server,2893578,9,214525,845170652,60512,0,9998,0,32911424,30044672,2866752,25077248,16252864,16228288
2026-05-13T15:12:05+01:00,server,2894817,9,214537,845174327,60512,0,9998,0,32911424,30043904,2867520,25076480,16252864,16228288
2026-05-13T15:12:06+01:00,server,2896013,9,214545,845178036,60512,0,9998,0,32911424,30045760,2865664,25078272,16252864,16228288
2026-05-13T15:12:07+01:00,server,2897255,9,214556,845181721,60512,0,9998,0,32911424,30045696,2865728,25078208,16252864,16228288
2026-05-13T15:12:08+01:00,server,2898485,9,214564,845185411,60512,0,9999,0,32911424,30044800,2866624,25077312,16252864,16228288
2026-05-13T15:12:09+01:00,server,2899703,9,214578,845189103,60512,0,9999,0,32911424,30045760,2865664,25078272,16252864,16228288
2026-05-13T15:12:10+01:00,server,2900938,9,214591,845192763,60512,0,10000,0,32911424,30046400,2865024,25078912,16252864,16228288
2026-05-13T15:12:11+01:00,server,2902165,9,214603,845196456,60512,0,10001,0,32911424,30045440,2865984,25077952,16252864,16228288
2026-05-13T15:12:12+01:00,server,2903390,9,214616,845200147,60512,0,10002,0,32911424,30046848,2864576,25079360,16252864,16228288
2026-05-13T15:12:13+01:00,server,2904630,9,214622,845203839,60512,0,10003,0,32911424,30046528,2864896,25079040,16252864,16228288
2026-05-13T15:12:14+01:00,server,2905859,9,214634,845207532,60512,0,10004,0,32911424,30044224,2867200,25076736,16252864,16228288
2026-05-13T15:12:15+01:00,server,2907075,9,214644,845211232,60512,0,10004,0,32911424,30044416,2867008,25076928,16252864,16228288
2026-05-13T15:12:16+01:00,server,2908302,9,214652,845214931,60512,0,10004,0,32911424,30046912,2864512,25079424,16252864,16228288
2026-05-13T15:12:17+01:00,server,2909534,9,214663,845218623,60512,0,10005,0,32911424,30043456,2867968,25075968,16252864,16228288
2026-05-13T15:12:18+01:00,server,2910753,9,214676,845222315,60512,0,10005,0,32911424,30046080,2865344,25078592,16252864,16228288
2026-05-13T15:12:19+01:00,server,2911980,9,214693,845226008,60512,0,10005,0,32911424,30045696,2865728,25078208,16252864,16228288
2026-05-13T15:12:20+01:00,server,2913200,9,214703,845229702,60512,0,10005,0,32911424,30047040,2864384,25079552,16252864,16228288
2026-05-13T15:12:21+01:00,server,2914408,9,214715,845233400,60512,0,10005,0,32911424,30045888,2865536,25078400,16252864,16228288
2026-05-13T15:12:22+01:00,server,2915623,9,214729,845237097,60512,0,10005,0,32911424,30047232,2864192,25079744,16252864,16228288
2026-05-13T15:12:24+01:00,server,2916845,9,214751,845240794,60512,0,10005,0,32911424,30046080,2865344,25078592,16252864,16228288
2026-05-13T15:12:25+01:00,server,2918110,9,214768,845244454,60512,0,10005,0,32911424,30046272,2865152,25078784,16252864,16228288
2026-05-13T15:12:26+01:00,server,2919324,9,214782,845248150,60512,0,10005,0,32911424,30045696,2865728,25078208,16252864,16228288
2026-05-13T15:12:27+01:00,server,2920518,9,214795,845251847,60512,0,10005,0,32911424,30044352,2867072,25076864,16252864,16228288
2026-05-13T15:12:28+01:00,server,2921741,9,214807,845255546,60512,0,10005,0,32911424,30044352,2867072,25076864,16252864,16228288
2026-05-13T15:12:29+01:00,server,2922966,9,214812,845259252,60512,0,10005,0,32911424,30045120,2866304,25077632,16252864,16228288
2026-05-13T15:12:30+01:00,server,2924182,9,214825,845262951,60512,0,10005,0,32911424,30045760,2865664,25078272,16252864,16228288
2026-05-13T15:12:31+01:00,server,2925423,9,214838,845266625,60512,0,10005,0,32911424,30046208,2865216,25078720,16252864,16228288
2026-05-13T15:12:32+01:00,server,2926715,9,214875,845270218,60512,0,10005,0,32911424,30038656,2872768,25071168,16252864,16228288
2026-05-13T15:12:33+01:00,server,2928004,9,214896,845273828,60512,0,10006,0,32911424,30043584,2867840,25076096,16252864,16228288
2026-05-13T15:12:34+01:00,server,2929230,9,214908,845277524,60512,0,10006,0,32911424,30042816,2868608,25075328,16252864,16228288
2026-05-13T15:12:35+01:00,server,2930451,9,214917,845281221,60512,0,10006,0,32911424,30040896,2870528,25073408,16252864,16228288
2026-05-13T15:12:36+01:00,server,2931663,9,214932,845284917,60512,0,10006,0,32911424,30042048,2869376,25074560,16252864,16228288
2026-05-13T15:12:37+01:00,server,2932888,9,214939,845288613,60512,0,10007,0,32911424,30042432,2868992,25074944,16252864,16228288
2026-05-13T15:12:38+01:00,server,2934112,9,214956,845292308,60512,0,10007,0,32911424,30040128,2871296,25072640,16252864,16228288
2026-05-13T15:12:39+01:00,server,2935331,9,214969,845296006,60512,0,10008,0,32911424,30037504,2873920,25070016,16252864,16228288
2026-05-13T15:12:40+01:00,server,2936573,9,214983,845299670,60512,0,10008,0,32911424,30041280,2870144,25073792,16252864,16228288
2026-05-13T15:12:41+01:00,server,2937803,9,214988,845303376,60512,0,10009,0,32911424,30040320,2871104,25072832,16252864,16228288
2026-05-13T15:12:42+01:00,server,2939023,9,214998,845307080,60512,0,10009,0,32911424,30041152,2870272,25073664,16252864,16228288
2026-05-13T15:12:43+01:00,server,2940233,9,215011,845310776,60512,0,10011,0,32911424,30041536,2869888,25074048,16252864,16228288
2026-05-13T15:12:44+01:00,server,2941455,9,215023,845314472,60512,0,10012,0,32911424,30042688,2868736,25075200,16252864,16228288
2026-05-13T15:12:45+01:00,server,2942630,9,215033,845318211,60512,0,10013,0,32911424,30036288,2875136,25068800,16252864,16228288
2026-05-13T15:12:46+01:00,server,2943858,9,215042,845321887,60512,0,10014,0,32911424,30031744,2879680,25064256,16252864,16228288
2026-05-13T15:12:47+01:00,server,2945077,9,215052,845325587,60512,0,10014,0,32911424,30031936,2879488,25064448,16252864,16228288
2026-05-13T15:12:48+01:00,server,2946267,9,215061,845329296,60512,0,10016,0,32911424,30032704,2878720,25065216,16252864,16228288
2026-05-13T15:12:49+01:00,server,2947505,9,215073,845332971,60512,0,10016,0,32911424,30032704,2878720,25065216,16252864,16228288
2026-05-13T15:12:50+01:00,server,2948697,9,215082,845336681,60512,0,10018,0,32911424,30031360,2880064,25063872,16252864,16228288
2026-05-13T15:12:51+01:00,server,2949936,9,215091,845340358,60512,0,10019,0,32911424,30031168,2880256,25063680,16252864,16228288
2026-05-13T15:12:52+01:00,server,2951125,9,215104,845344068,60512,0,10019,0,32911424,30030784,2880640,25063296,16252864,16228288
2026-05-13T15:12:53+01:00,server,2952335,9,215117,845347783,60512,0,10019,0,32911424,30028288,2883136,25060800,16252864,16228288
2026-05-13T15:12:54+01:00,server,2953590,9,215122,845351439,60512,0,10019,0,32911424,30033472,2877952,25065984,16252864,16228288
2026-05-13T15:12:55+01:00,server,2954781,9,215130,845355152,60512,0,10019,0,32911424,30031680,2879744,25064192,16252864,16228288
2026-05-13T15:12:56+01:00,server,2955984,9,215140,845358862,60512,0,10019,0,32911424,30031872,2879552,25064384,16252864,16228288
2026-05-13T15:12:57+01:00,server,2957208,9,215151,845362537,60512,0,10020,0,32911424,30031808,2879616,25064320,16252864,16228288
2026-05-13T15:12:58+01:00,server,2958420,9,215159,845366249,60512,0,10020,0,32911424,30032832,2878592,25065344,16252864,16228288
2026-05-13T15:12:59+01:00,server,2959646,9,215171,845369925,60512,0,10020,0,32911424,30032256,2879168,25064768,16252864,16228288
2026-05-13T15:13:00+01:00,server,2960851,9,215180,845373635,60512,0,10021,0,32911424,30032576,2878848,25065088,16252864,16228288
2026-05-13T15:13:01+01:00,server,2962040,9,215190,845377345,60512,0,10022,0,32911424,30031808,2879616,25064320,16252864,16228288
2026-05-13T15:13:03+01:00,server,2963278,9,215201,845381021,60512,0,10022,0,32911424,30031616,2879808,25064128,16252864,16228288
2026-05-13T15:13:04+01:00,server,2964478,9,215210,845384731,60512,0,10022,0,32911424,30034432,2876992,25066880,16252864,16228288
2026-05-13T15:13:05+01:00,server,2965719,9,215218,845388405,60512,0,10022,0,32911424,30025792,2885632,25058240,16252864,16228288
2026-05-13T15:13:06+01:00,server,2966913,9,215226,845392113,60512,0,10022,0,32911424,30029504,2881920,25061568,16252864,16228288
2026-05-13T15:13:07+01:00,server,2968115,9,215235,845395825,60512,0,10022,0,32911424,30031040,2880384,25063488,16252864,16228288
2026-05-13T15:13:08+01:00,server,2969344,9,215239,845399511,60512,0,10022,0,32911424,30027584,2883840,25060032,16252864,16228288
2026-05-13T15:13:09+01:00,server,2970546,9,215247,845403226,60512,0,10022,0,32911424,30033216,2878208,25065664,16252864,16228288
2026-05-13T15:13:10+01:00,server,2971792,9,215259,845406904,60512,0,10023,0,32911424,30030272,2881152,25062720,16252864,16228288
2026-05-13T15:13:11+01:00,server,2973016,9,215272,845410579,60512,0,10023,0,32911424,30029824,2881600,25062272,16252864,16228288
2026-05-13T15:13:12+01:00,server,2974216,9,215283,845414290,60512,0,10023,0,32911424,30029952,2881472,25062400,16252864,16228288
2026-05-13T15:13:13+01:00,server,2975442,9,215293,845417965,60512,0,10023,0,32911424,30030400,2881024,25062848,16252864,16228288
2026-05-13T15:13:14+01:00,server,2976648,9,215303,845421675,60512,0,10023,0,32911424,30030592,2880832,25063040,16252864,16228288
2026-05-13T15:13:15+01:00,server,2977842,9,215313,845425388,60512,0,10023,0,32911424,30030208,2881216,25062656,16252864,16228288
2026-05-13T15:13:16+01:00,server,2979082,9,215321,845429067,60512,0,10023,0,32911424,30031936,2879488,25064384,16252864,16228288
2026-05-13T15:13:17+01:00,server,2980287,9,215330,845432779,60512,0,10023,0,32911424,30030400,2881024,25062848,16252864,16228288
2026-05-13T15:13:18+01:00,server,2981483,9,215338,845436489,60512,0,10023,0,32911424,30032704,2878720,25065152,16252864,16228288
2026-05-13T15:13:19+01:00,server,2982721,9,215349,845440166,60512,0,10023,0,32911424,30028672,2882752,25061120,16252864,16228288
2026-05-13T15:13:20+01:00,server,2983913,9,215358,845443878,60512,0,10023,0,32911424,30028928,2882496,25061376,16252864,16228288
2026-05-13T15:13:21+01:00,server,2985151,9,215359,845447563,60512,0,10025,0,32911424,30027584,2883840,25060032,16252864,16228288
2026-05-13T15:13:22+01:00,server,2986341,9,215366,845451279,60512,0,10025,0,32911424,30031424,2880000,25063872,16252864,16228288
2026-05-13T15:13:23+01:00,server,2987548,9,215374,845454989,60512,0,10025,0,32911424,30031232,2880192,25063680,16252864,16228288
2026-05-13T15:13:24+01:00,server,2988789,9,215388,845458668,60512,0,10025,0,32911424,30030016,2881408,25062528,16252864,16228288
2026-05-13T15:13:25+01:00,server,2990028,9,215402,845462356,60512,0,10026,0,32911424,30031360,2880064,25063872,16252864,16228288
2026-05-13T15:13:26+01:00,server,2991267,9,215413,845466037,60512,0,10026,0,32911424,30030848,2880576,25063296,16252864,16228288
2026-05-13T15:13:27+01:00,server,2992468,9,215423,845469748,60512,0,10026,0,32911424,30029440,2881984,25061888,16252864,16228288
2026-05-13T15:13:28+01:00,server,2993660,9,215432,845473460,60512,0,10026,0,32911424,30033408,2878016,25065856,16252864,16228288
2026-05-13T15:13:29+01:00,server,2994899,9,215444,845477138,60512,0,10026,0,32911424,30029824,2881600,25062272,16252864,16228288
2026-05-13T15:13:30+01:00,server,2996090,9,215454,845480850,60512,0,10026,0,32911424,30030912,2880512,25063360,16252864,16228288
2026-05-13T15:13:31+01:00,server,2997295,9,215462,845484566,60512,0,10027,0,32911424,30032832,2878592,25065280,16252864,16228288
2026-05-13T15:13:32+01:00,server,2998531,9,215475,845488244,60512,0,10027,0,32911424,30031104,2880320,25063552,16252864,16228288
2026-05-13T15:13:33+01:00,server,2999724,9,215485,845491959,60512,0,10028,0,32911424,30028992,2882432,25061440,16252864,16228288
2026-05-13T15:13:34+01:00,server,3000962,9,215487,845495648,60512,0,10028,0,32911424,30028864,2882560,25061376,16252864,16228288
2026-05-13T15:13:35+01:00,server,3002166,9,215495,845499348,60512,0,10028,0,32911424,30030784,2880640,25063296,16252864,16228288
2026-05-13T15:13:36+01:00,server,3003383,9,215509,845503058,60512,0,10028,0,32911424,30031552,2879872,25064064,16252864,16228288
2026-05-13T15:13:37+01:00,server,3004609,9,215521,845506747,60512,0,10028,0,32911424,30031360,2880064,25063872,16252864,16228288
2026-05-13T15:13:38+01:00,server,3005842,9,215537,845510437,60512,0,10028,0,32911424,30031168,2880256,25063680,16252864,16228288
2026-05-13T15:13:39+01:00,server,3007113,9,215556,845514091,60512,0,10028,0,32911424,30031360,2880064,25063808,16252864,16228288
2026-05-13T15:13:40+01:00,server,3008341,9,215560,845517781,60512,0,10028,0,32911424,30030848,2880576,25063296,16252864,16228288
2026-05-13T15:13:42+01:00,server,3009561,9,215572,845521472,60512,0,10029,0,32911424,30031232,2880192,25063680,16252864,16228288
2026-05-13T15:13:43+01:00,server,3010793,9,215584,845525162,60512,0,10029,0,32911424,30031040,2880384,25063488,16252864,16228288
2026-05-13T15:13:44+01:00,server,3012010,9,215600,845528853,60512,0,10029,0,32911424,30031680,2879744,25064128,16252864,16228288
2026-05-13T15:13:45+01:00,server,3013239,9,215609,845532544,60512,0,10029,0,32911424,30029184,2882240,25061632,16252864,16228288
2026-05-13T15:13:46+01:00,server,3014469,9,215621,845536238,60512,0,10029,0,32911424,30029632,2881792,25062080,16252864,16228288
2026-05-13T15:13:47+01:00,server,3015703,9,215627,845539934,60512,0,10030,0,32911424,30030208,2881216,25062656,16252864,16228288
2026-05-13T15:13:48+01:00,server,3016917,9,215633,845543633,60512,0,10030,0,32911424,30031168,2880256,25063616,16252864,16228288
2026-05-13T15:13:49+01:00,server,3018148,9,215641,845547324,60512,0,10031,0,32911424,30030784,2880640,25063232,16252864,16228288
2026-05-13T15:13:50+01:00,server,3019372,9,215651,845551016,60512,0,10031,0,32911424,30031360,2880064,25063808,16252864,16228288
2026-05-13T15:13:51+01:00,server,3020606,9,215665,845554709,60512,0,10031,0,32911424,30030784,2880640,25063232,16252864,16228288
2026-05-13T15:13:52+01:00,server,3021816,9,215680,845558403,60512,0,10031,0,32911424,30031744,2879680,25064192,16252864,16228288
2026-05-13T15:13:53+01:00,server,3023048,9,215694,845562096,60512,0,10031,0,32911424,30031360,2880064,25063808,16252864,16228288
2026-05-13T15:13:54+01:00,server,3024263,9,215712,845565790,60512,0,10033,0,32911424,30031232,2880192,25063680,16252864,16228288
2026-05-13T15:13:55+01:00,server,3025510,9,215735,845569451,60512,0,10033,0,32911424,30029504,2881920,25061952,16252864,16228288
2026-05-13T15:13:56+01:00,server,3026732,9,215753,845573156,60512,0,10033,0,32911424,30030272,2881152,25062720,16252864,16228288
2026-05-13T15:13:57+01:00,server,3027955,9,215765,845576849,60512,0,10033,0,32911424,30029696,2881728,25062144,16252864,16228288
2026-05-13T15:13:58+01:00,server,3029188,9,215776,845580544,60512,0,10033,0,32911424,30029952,2881472,25062400,16252864,16228288
2026-05-13T15:13:59+01:00,server,3030418,9,215786,845584243,60512,0,10033,0,32911424,30028672,2882752,25061120,16252864,16228288
2026-05-13T15:14:00+01:00,server,3031634,9,215790,845587949,60512,0,10033,0,32911424,30029056,2882368,25061504,16252864,16228288
2026-05-13T15:14:01+01:00,server,3032853,9,215798,845591646,60512,0,10034,0,32911424,30029824,2881600,25062272,16252864,16228288
2026-05-13T15:14:02+01:00,server,3034062,9,215813,845595343,60512,0,10034,0,32911424,30030976,2880448,25063424,16252864,16228288
2026-05-13T15:14:03+01:00,server,3035287,9,215825,845599041,60512,0,10035,0,32911424,30030592,2880832,25063040,16252864,16228288
2026-05-13T15:14:04+01:00,server,3036518,9,215834,845602737,60512,0,10037,0,32911424,30029440,2881984,25061888,16252864,16228288
2026-05-13T15:14:05+01:00,server,3037753,9,215847,845606435,60512,0,10037,0,32911424,30028672,2882752,25061120,16252864,16228288
2026-05-13T15:14:06+01:00,server,3038973,9,215866,845610133,60512,0,10037,0,32911424,30028480,2882944,25060928,16252864,16228288
2026-05-13T15:14:07+01:00,server,3040200,9,215879,845613827,60512,0,10038,0,32911424,30029376,2882048,25061824,16252864,16228288
2026-05-13T15:14:08+01:00,server,3041414,9,215892,845617525,60512,0,10039,0,32911424,30030144,2881280,25062592,16252864,16228288
2026-05-13T15:14:09+01:00,server,3042636,9,215904,845621221,60512,0,10040,0,32911424,30028992,2882432,25061440,16252864,16228288
2026-05-13T15:14:10+01:00,server,3043876,9,215924,845624893,60512,0,10041,0,32911424,30026176,2885248,25058624,16252864,16228288
2026-05-13T15:14:11+01:00,server,3045101,9,215934,845628597,60512,0,10041,0,32911424,30028096,2883328,25060544,16252864,16228288
2026-05-13T15:14:12+01:00,server,3046325,9,215943,845632309,60512,0,10042,0,32911424,30030016,2881408,25062464,16252864,16228288
2026-05-13T15:14:13+01:00,server,3047557,9,215952,845636012,60512,0,10042,0,32911424,30029056,2882368,25061504,16252864,16228288
2026-05-13T15:14:14+01:00,server,3048734,9,215959,845639741,60515,0,10042,0,32911424,30021824,2889600,25054272,16252864,16228288
2026-05-13T15:14:15+01:00,server,3049958,9,215967,845643440,60515,0,10044,0,32911424,30021632,2889792,25054080,16252864,16228288
2026-05-13T15:14:16+01:00,server,3051196,9,215978,845647125,60515,0,10044,0,32911424,30020864,2890560,25053312,16252864,16228288
2026-05-13T15:14:17+01:00,server,3052394,9,215988,845650830,60515,0,10044,0,32911424,30021248,2890176,25053696,16252864,16228288
2026-05-13T15:14:19+01:00,server,3053604,9,215995,845654534,60515,0,10044,0,32911424,30021824,2889600,25054272,16252864,16228288
2026-05-13T15:14:20+01:00,server,3054842,9,216008,845658210,60515,0,10044,0,32911424,30021632,2889792,25054080,16252864,16228288
2026-05-13T15:14:21+01:00,server,3056041,9,216016,845661914,60515,0,10044,0,32911424,30022208,2889216,25054656,16252864,16228288
2026-05-13T15:14:22+01:00,server,3057257,9,216026,845665624,60515,0,10044,0,32911424,30020480,2890944,25052928,16252864,16228288
2026-05-13T15:14:23+01:00,server,3058496,9,216037,845669308,60515,0,10044,0,32911424,30019136,2892288,25051584,16252864,16228288
2026-05-13T15:14:24+01:00,server,3059695,9,216046,845673013,60515,0,10044,0,32911424,30018944,2892480,25051392,16252864,16228288
2026-05-13T15:14:25+01:00,server,3060914,9,216055,845676690,60515,0,10044,0,32911424,30019776,2891648,25052224,16252864,16228288
2026-05-13T15:14:26+01:00,server,3062140,9,216059,845680376,60515,0,10045,0,32911424,30020160,2891264,25052608,16252864,16228288
2026-05-13T15:14:27+01:00,server,3063350,9,216068,845684080,60515,0,10045,0,32911424,30020160,2891264,25052608,16252864,16228288
2026-05-13T15:14:28+01:00,server,3064558,9,216079,845687786,60515,0,10045,0,32911424,30020736,2890688,25053184,16252864,16228288
2026-05-13T15:14:29+01:00,server,3065760,9,216089,845691493,60515,0,10045,0,32911424,30020608,2890816,25053056,16252864,16228288
2026-05-13T15:14:30+01:00,server,3066999,9,216097,845695172,60515,0,10045,0,32911424,30020800,2890624,25053248,16252864,16228288
2026-05-13T15:14:31+01:00,server,3068216,9,216108,845698877,60515,0,10047,0,32911424,30019264,2892160,25051712,16252864,16228288
2026-05-13T15:14:32+01:00,server,3069418,9,216115,845702586,60515,0,10047,0,32911424,30020800,2890624,25053248,16252864,16228288
2026-05-13T15:14:33+01:00,server,3070657,9,216124,845706267,60515,0,10047,0,32911424,30015808,2895616,25048256,16252864,16228288
2026-05-13T15:14:34+01:00,server,3071859,9,216135,845709975,60515,0,10047,0,32911424,30019328,2892096,25051776,16252864,16228288
2026-05-13T15:14:35+01:00,server,3073055,9,216145,845713679,60515,0,10047,0,32911424,30019904,2891520,25052352,16252864,16228288
2026-05-13T15:14:36+01:00,server,3074295,9,216156,845717356,60515,0,10047,0,32911424,30015168,2896256,25047616,16252864,16228288
2026-05-13T15:14:37+01:00,server,3075501,9,216165,845721059,60515,0,10047,0,32911424,30017792,2893632,25050176,16252864,16228288
2026-05-13T15:14:38+01:00,server,3076710,9,216173,845724785,60515,0,10047,0,32911424,30018752,2892672,25051136,16252864,16228288
2026-05-13T15:14:39+01:00,server,3077947,9,216178,845728475,60515,0,10047,0,32911424,30020864,2890560,25053248,16252864,16228288
2026-05-13T15:14:40+01:00,server,3079168,9,216188,845732152,60515,0,10048,0,32911424,30020096,2891328,25052480,16252864,16228288
2026-05-13T15:14:41+01:00,server,3080360,9,216196,845735856,60515,0,10048,0,32911424,30020160,2891264,25052544,16252864,16228288
2026-05-13T15:14:42+01:00,server,3081600,9,216206,845739532,60515,0,10048,0,32911424,30019200,2892224,25051584,16252864,16228288
2026-05-13T15:14:43+01:00,server,3082805,9,216218,845743235,60515,0,10049,0,32911424,30020160,2891264,25052544,16252864,16228288
2026-05-13T15:14:44+01:00,server,3084021,9,216228,845746938,60515,0,10050,0,32911424,30021184,2890240,25053568,16252864,16228288
2026-05-13T15:14:45+01:00,server,3085243,9,216239,845750623,60515,0,10050,0,32911424,30024192,2887232,25056576,16252864,16228288
2026-05-13T15:14:46+01:00,server,3086463,9,216248,845754314,60515,0,10050,0,32911424,30020160,2891264,25052544,16252864,16228288
2026-05-13T15:14:47+01:00,server,3087663,9,216258,845758017,60515,0,10050,0,32911424,30019264,2892160,25051648,16252864,16228288
2026-05-13T15:14:48+01:00,server,3088869,9,216264,845761723,60515,0,10050,0,32911424,30021760,2889664,25054144,16252864,16228288
2026-05-13T15:14:49+01:00,server,3090110,9,216274,845765403,60515,0,10050,0,32911424,30016192,2895232,25048576,16252864,16228288
2026-05-13T15:14:50+01:00,server,3091306,9,216285,845769109,60515,0,10050,0,32911424,30015424,2896000,25047808,16252864,16228288
2026-05-13T15:14:51+01:00,server,3092513,9,216294,845772818,60515,0,10050,0,32911424,30019264,2892160,25051648,16252864,16228288
2026-05-13T15:14:52+01:00,server,3093738,9,216299,845776499,60515,0,10050,0,32911424,30020800,2890624,25053184,16252864,16228288
2026-05-13T15:14:53+01:00,server,3094946,9,216309,845780206,60515,0,10050,0,32911424,30020416,2891008,25052800,16252864,16228288
2026-05-13T15:14:54+01:00,server,3096178,9,216333,845783883,60515,0,10052,0,32911424,30020736,2890688,25053120,16252864,16228288
2026-05-13T15:14:55+01:00,server,3097405,9,216341,845787567,60515,0,10053,0,32911424,30019584,2891840,25051968,16252864,16228288
2026-05-13T15:14:56+01:00,server,3098617,9,216351,845791270,60515,0,10053,0,32911424,30020544,2890880,25052928,16252864,16228288
2026-05-13T15:14:58+01:00,server,3099829,9,216360,845794975,60515,0,10053,0,32911424,30021312,2890112,25053696,16252864,16228288
2026-05-13T15:14:59+01:00,server,3101057,9,216369,845798660,60515,0,10053,0,32911424,30020288,2891136,25052672,16252864,16228288
2026-05-13T15:15:00+01:00,server,3102276,9,216378,845802367,60515,0,10053,0,32911424,30021824,2889600,25054208,16252864,16228288
2026-05-13T15:15:01+01:00,server,3103482,9,216389,845806078,60515,0,10053,0,32911424,30021440,2889984,25053824,16252864,16228288
2026-05-13T15:15:02+01:00,server,3104705,9,216411,845809757,60515,0,10053,0,32911424,30014464,2896960,25046720,16252864,16228288
2026-05-13T15:15:03+01:00,server,3105916,9,216420,845813444,60515,0,10053,0,32911424,30013952,2897472,25046208,16252864,16228288
2026-05-13T15:15:04+01:00,server,3107151,9,216431,845817129,60515,0,10053,0,32911424,30012224,2899200,25044480,16252864,16228288
2026-05-13T15:15:05+01:00,server,3108365,9,216435,845820823,60515,0,10054,0,32911424,30015104,2896320,25047360,16252864,16228288
2026-05-13T15:15:06+01:00,server,3109605,9,216442,845824511,60515,0,10054,0,32911424,30017152,2894272,25049408,16252864,16228288
2026-05-13T15:15:07+01:00,server,3110843,9,216455,845828195,60516,0,10054,0,32911424,30017152,2894272,25049408,16252864,16228288
2026-05-13T15:15:08+01:00,server,3112063,9,216470,845831880,60516,0,10055,0,32911424,30017536,2893888,25049792,16252864,16228288
2026-05-13T15:15:09+01:00,server,3113299,9,216481,845835566,60516,0,10055,0,32911424,30016768,2894656,25049024,16252864,16228288
2026-05-13T15:15:10+01:00,server,3114521,9,216496,845839222,60516,0,10056,0,32911424,30014528,2896896,25046784,16252864,16228288
2026-05-13T15:15:11+01:00,server,3115756,9,216506,845842908,60516,0,10057,0,32911424,30015296,2896128,25047552,16252864,16228288
2026-05-13T15:15:12+01:00,server,3116986,9,216518,845846594,60516,0,10057,0,32911424,30012416,2899008,25044672,16252864,16228288
2026-05-13T15:15:13+01:00,server,3118205,9,216530,845850279,60516,0,10058,0,32911424,30015104,2896320,25047360,16252864,16228288
2026-05-13T15:15:14+01:00,server,3119445,9,216539,845853964,60516,0,10058,0,32911424,30013632,2897792,25045888,16252864,16228288
2026-05-13T15:15:15+01:00,server,3120653,9,216548,845857651,60516,0,10058,0,32911424,30010304,2901120,25042560,16252864,16228288
2026-05-13T15:15:16+01:00,server,3121892,9,216561,845861338,60516,0,10058,0,32911424,30011648,2899776,25043904,16252864,16228288
2026-05-13T15:15:17+01:00,server,3123114,9,216567,845865031,60516,0,10058,0,32911424,30013568,2897856,25045824,16252864,16228288
2026-05-13T15:15:18+01:00,server,3124332,9,216573,845868721,60516,0,10058,0,32911424,30014784,2896640,25047040,16252864,16228288
2026-05-13T15:15:19+01:00,server,3125550,9,216592,845872407,60516,0,10058,0,32911424,30014784,2896640,25047040,16252864,16228288
2026-05-13T15:15:20+01:00,server,3126773,9,216606,845876095,60516,0,10058,0,32911424,30014400,2897024,25046656,16252864,16228288
2026-05-13T15:15:21+01:00,server,3127993,9,216617,845879785,60516,0,10059,0,32911424,30013824,2897600,25046080,16252864,16228288
2026-05-13T15:15:22+01:00,server,3129234,9,216628,845883477,60516,0,10059,0,32911424,30013440,2897984,25045696,16252864,16228288
2026-05-13T15:15:23+01:00,server,3130433,9,216639,845887166,60516,0,10059,0,32911424,30013056,2898368,25045312,16252864,16228288
2026-05-13T15:15:24+01:00,server,3131664,9,216647,845890858,60516,0,10060,0,32911424,30011520,2899904,25043776,16252864,16228288
2026-05-13T15:15:25+01:00,server,3132904,9,216664,845894524,60516,0,10061,0,32911424,30014464,2896960,25046592,16252864,16228288
2026-05-13T15:15:26+01:00,server,3134117,9,216675,845898213,60516,0,10061,0,32911424,30013312,2898112,25045440,16252864,16228288
2026-05-13T15:15:27+01:00,server,3135334,9,216688,845901903,60516,0,10061,0,32911424,30011840,2899584,25043968,16252864,16228288
2026-05-13T15:15:28+01:00,server,3136563,9,216699,845905593,60516,0,10062,0,32911424,30008896,2902528,25041024,16252864,16228288
2026-05-13T15:15:29+01:00,server,3137783,9,216708,845909286,60516,0,10062,0,32911424,30011264,2900160,25043392,16252864,16228288
2026-05-13T15:15:30+01:00,server,3139001,9,216714,845912985,60516,0,10062,0,32911424,30012416,2899008,25044544,16252864,16228288
2026-05-13T15:15:31+01:00,server,3140216,9,216726,845916676,60516,0,10062,0,32911424,30014528,2896896,25046656,16252864,16228288
2026-05-13T15:15:32+01:00,server,3141441,9,216739,845920367,60516,0,10062,0,32911424,30013760,2897664,25045888,16252864,16228288
2026-05-13T15:15:33+01:00,server,3142672,9,216749,845924057,60516,0,10062,0,32911424,30014144,2897280,25046272,16252864,16228288
2026-05-13T15:15:34+01:00,server,3143894,9,216758,845927748,60516,0,10062,0,32911424,30013568,2897856,25045696,16252864,16228288
2026-05-13T15:15:35+01:00,server,3145121,9,216771,845931439,60516,0,10063,0,32911424,30013952,2897472,25046080,16252864,16228288
2026-05-13T15:15:37+01:00,server,3146330,9,216784,845935131,60516,0,10063,0,32911424,30013184,2898240,25045312,16252864,16228288
2026-05-13T15:15:38+01:00,server,3147514,9,216793,845938861,60516,0,10064,0,32911424,30005312,2906112,25037440,16252864,16228288
2026-05-13T15:15:39+01:00,server,3148740,9,216804,845942535,60516,0,10064,0,32911424,30003392,2908032,25035520,16252864,16228288
2026-05-13T15:15:40+01:00,server,3149988,9,216822,845946194,60516,0,10065,0,32911424,30001664,2909760,25033792,16252864,16228288
2026-05-13T15:15:41+01:00,server,3151200,9,216832,845949887,60516,0,10065,0,32911424,30001216,2910208,25033344,16252864,16228288
2026-05-13T15:15:42+01:00,server,3152438,9,216843,845953562,60516,0,10066,0,32911424,30001728,2909696,25033856,16252864,16228288
2026-05-13T15:15:43+01:00,server,3153652,9,216850,845957267,60516,0,10067,0,32911424,30002880,2908544,25035008,16252864,16228288
2026-05-13T15:15:44+01:00,server,3154861,9,216856,845960960,60516,0,10068,0,32911424,30003648,2907776,25035776,16252864,16228288
2026-05-13T15:15:45+01:00,server,3156084,9,216867,845964652,60516,0,10068,0,32911424,30004288,2907136,25036416,16252864,16228288
2026-05-13T15:15:46+01:00,server,3157312,9,216874,845968327,60516,0,10069,0,32911424,30003328,2908096,25035456,16252864,16228288
2026-05-13T15:15:47+01:00,server,3158537,9,216885,845972018,60516,0,10069,0,32911424,30003904,2907520,25036032,16252864,16228288
2026-05-13T15:15:48+01:00,server,3159743,9,216894,845975711,60516,0,10069,0,32911424,30003520,2907904,25035648,16252864,16228288
2026-05-13T15:15:49+01:00,server,3160970,9,216904,845979384,60516,0,10069,0,32911424,30003008,2908416,25035136,16252864,16228288
2026-05-13T15:15:50+01:00,server,3162190,9,216913,845983076,60516,0,10069,0,32911424,30002432,2908992,25034560,16252864,16228288
2026-05-13T15:15:51+01:00,server,3163400,9,216925,845986769,60516,0,10069,0,32911424,30003840,2907584,25035968,16252864,16228288
2026-05-13T15:15:52+01:00,server,3164626,9,216933,845990462,60516,0,10069,0,32911424,30005440,2905984,25037568,16252864,16228288
2026-05-13T15:15:53+01:00,server,3165852,9,216944,845994136,60516,0,10069,0,32911424,30003392,2908032,25035520,16252864,16228288
2026-05-13T15:15:54+01:00,server,3167069,9,216954,845997831,60516,0,10069,0,32911424,30000768,2910656,25032896,16252864,16228288
2026-05-13T15:15:55+01:00,server,3168304,9,216975,846001496,60516,0,10069,0,32911424,29999424,2912000,25031552,16252864,16228288
2026-05-13T15:15:56+01:00,server,3169530,9,216976,846005181,60516,0,10069,0,32911424,30002112,2909312,25034240,16252864,16228288
2026-05-13T15:15:57+01:00,server,3170751,9,216986,846008875,60516,0,10069,0,32911424,30003904,2907520,25036032,16252864,16228288
2026-05-13T15:15:58+01:00,server,3171966,9,216994,846012569,60516,0,10069,0,32911424,30004928,2906496,25037056,16252864,16228288
2026-05-13T15:15:59+01:00,server,3173187,9,217000,846016262,60516,0,10070,0,32911424,30004992,2906432,25037120,16252864,16228288
2026-05-13T15:16:00+01:00,server,3174415,9,217009,846019937,60516,0,10070,0,32911424,30003648,2907776,25035776,16252864,16228288
2026-05-13T15:16:01+01:00,server,3175644,9,217021,846023664,60516,0,10070,0,32911424,30003392,2908032,25035520,16252864,16228288
2026-05-13T15:16:02+01:00,server,3176871,9,217029,846027390,60516,0,10074,0,32911424,30006464,2904960,25038592,16252864,16228288
2026-05-13T15:16:03+01:00,server,3178110,9,217041,846031067,60516,0,10074,0,32911424,30011072,2900352,25043136,16252864,16228288
2026-05-13T15:16:04+01:00,server,3179324,9,217052,846034761,60516,0,10074,0,32911424,30008448,2902976,25040512,16252864,16228288
2026-05-13T15:16:05+01:00,server,3180549,9,217065,846038454,60516,0,10074,0,32911424,30008704,2902720,25040768,16252864,16228288
2026-05-13T15:16:06+01:00,server,3181756,9,217074,846042148,60516,0,10074,0,32911424,30011008,2900416,25043072,16252864,16228288
2026-05-13T15:16:07+01:00,server,3182998,9,217083,846045817,60516,0,10074,0,32911424,30005248,2906176,25037312,16252864,16228288
2026-05-13T15:16:08+01:00,server,3184203,9,217093,846049512,60516,0,10074,0,32911424,30007744,2903680,25039808,16252864,16228288
2026-05-13T15:16:09+01:00,server,3185438,9,217102,846053190,60516,0,10076,0,32911424,30011008,2900416,25043072,16252864,16228288
2026-05-13T15:16:10+01:00,server,3186670,9,217113,846056871,60516,0,10076,0,32911424,30009920,2901504,25041984,16252864,16228288
2026-05-13T15:16:11+01:00,server,3187881,9,217121,846060560,60516,0,10076,0,32911424,30009344,2902080,25041408,16252864,16228288
2026-05-13T15:16:12+01:00,server,3189085,9,217132,846064251,60516,0,10076,0,32911424,30009728,2901696,25041792,16252864,16228288
2026-05-13T15:16:13+01:00,server,3190311,9,217142,846067944,60516,0,10076,0,32911424,30009536,2901888,25041600,16252864,16228288
2026-05-13T15:16:14+01:00,server,3191538,9,217155,846071619,60516,0,10077,0,32911424,30009920,2901504,25041984,16252864,16228288
2026-05-13T15:16:15+01:00,server,3192768,9,217164,846075312,60516,0,10078,0,32911424,30008448,2902976,25040512,16252864,16228288
2026-05-13T15:16:17+01:00,server,3193984,9,217172,846079004,60516,0,10078,0,32911424,30008832,2902592,25040896,16252864,16228288
2026-05-13T15:16:18+01:00,server,3195204,9,217180,846082698,60516,0,10078,0,32911424,30009984,2901440,25042048,16252864,16228288
2026-05-13T15:16:19+01:00,server,3196434,9,217187,846086374,60516,0,10079,0,32911424,30009792,2901632,25041856,16252864,16228288
2026-05-13T15:16:20+01:00,server,3197657,9,217198,846090066,60516,0,10079,0,32911424,30011328,2900096,25043392,16252864,16228288
2026-05-13T15:16:21+01:00,server,3198864,9,217208,846093757,60516,0,10079,0,32911424,30007488,2903936,25039552,16252864,16228288
2026-05-13T15:16:22+01:00,server,3200103,9,217216,846097434,60516,0,10081,0,32911424,30008832,2902592,25040896,16252864,16228288
2026-05-13T15:16:23+01:00,server,3201323,9,217224,846101145,60516,0,10081,0,32911424,30005760,2905664,25037824,16252864,16228288
2026-05-13T15:16:24+01:00,server,3202544,9,217236,846104831,60516,0,10081,0,32911424,30009216,2902208,25041280,16252864,16228288
2026-05-13T15:16:25+01:00,server,3203817,9,217250,846108481,60516,0,10081,0,32911424,30009408,2902016,25041472,16252864,16228288
2026-05-13T15:16:26+01:00,server,3205041,9,217261,846112166,60516,0,10082,0,32911424,30009024,2902400,25041088,16252864,16228288
2026-05-13T15:16:27+01:00,server,3206252,9,217272,846115855,60516,0,10082,0,32911424,30009216,2902208,25041280,16252864,16228288
2026-05-13T15:16:28+01:00,server,3207471,9,217279,846119540,60516,0,10082,0,32911424,30010112,2901312,25042176,16252864,16228288
2026-05-13T15:16:29+01:00,server,3208704,9,217289,846123225,60516,0,10082,0,32911424,30010304,2901120,25042368,16252864,16228288
2026-05-13T15:16:30+01:00,server,3209926,9,217298,846126911,60516,0,10082,0,32911424,30010304,2901120,25042368,16252864,16228288
2026-05-13T15:16:31+01:00,server,3211161,9,217311,846130598,60516,0,10084,0,32911424,30009152,2902272,25041216,16252864,16228288
2026-05-13T15:16:32+01:00,server,3212388,9,217319,846134282,60516,0,10084,0,32911424,30007424,2904000,25039488,16252864,16228288
2026-05-13T15:16:33+01:00,server,3213625,9,217324,846137969,60516,0,10084,0,32911424,30007104,2904320,25039168,16252864,16228288
2026-05-13T15:16:34+01:00,server,3214854,9,217338,846141656,60516,0,10084,0,32911424,30007104,2904320,25039168,16252864,16228288
2026-05-13T15:16:35+01:00,server,3216067,9,217346,846145348,60516,0,10084,0,32911424,30006592,2904832,25038656,16252864,16228288
2026-05-13T15:16:36+01:00,server,3217292,9,217360,846149038,60516,0,10084,0,32911424,30009856,2901568,25041920,16252864,16228288
2026-05-13T15:16:37+01:00,server,3218520,9,217376,846152726,60516,0,10084,0,32911424,30009856,2901568,25041920,16252864,16228288
2026-05-13T15:16:38+01:00,server,3219728,9,217389,846156414,60516,0,10084,0,32911424,30010048,2901376,25042112,16252864,16228288
2026-05-13T15:16:39+01:00,server,3220959,9,217401,846160102,60516,0,10084,0,32911424,30008960,2902464,25041024,16252864,16228288
2026-05-13T15:16:40+01:00,server,3222203,9,217424,846163759,60516,0,10084,0,32911424,30010624,2900800,25042688,16252864,16228288
2026-05-13T15:16:41+01:00,server,3223430,9,217430,846167446,60516,0,10085,0,32911424,30008832,2902592,25040896,16252864,16228288
2026-05-13T15:16:42+01:00,server,3224650,9,217446,846171135,60516,0,10085,0,32911424,30008832,2902592,25040896,16252864,16228288
2026-05-13T15:16:43+01:00,server,3225868,9,217456,846174824,60516,0,10085,0,32911424,30006912,2904512,25038976,16252864,16228288
2026-05-13T15:16:44+01:00,server,3227096,9,217468,846178514,60516,0,10086,0,32911424,30007680,2903744,25039744,16252864,16228288
2026-05-13T15:16:45+01:00,server,3228321,9,217475,846182210,60516,0,10086,0,32911424,30006720,2904704,25038784,16252864,16228288
2026-05-13T15:16:46+01:00,server,3229539,9,217482,846185903,60516,0,10086,0,32911424,30009024,2902400,25041088,16252864,16228288
2026-05-13T15:16:47+01:00,server,3230780,9,217497,846189633,60516,0,10086,0,32911424,30007872,2903552,25039936,16252864,16228288
2026-05-13T15:16:48+01:00,server,3232017,9,217511,846193361,60516,0,10086,0,32911424,30008256,2903168,25040320,16252864,16228288
2026-05-13T15:16:49+01:00,server,3233228,9,217523,846197051,60516,0,10086,0,32911424,30009472,2901952,25041536,16252864,16228288
2026-05-13T15:16:50+01:00,server,3234456,9,217538,846200740,60516,0,10086,0,32911424,30009088,2902336,25041152,16252864,16228288
2026-05-13T15:16:51+01:00,server,3235680,9,217548,846204432,60516,0,10088,0,32911424,30010752,2900672,25042816,16252864,16228288
2026-05-13T15:16:52+01:00,server,3236888,9,217559,846208122,60516,0,10089,0,32911424,30008832,2902592,25040896,16252864,16228288
2026-05-13T15:16:53+01:00,server,3238120,9,217565,846211815,60516,0,10090,0,32911424,30009216,2902208,25041280,16252864,16228288
2026-05-13T15:16:54+01:00,server,3239356,9,217585,846215479,60516,0,10090,0,32911424,30003328,2908096,25035392,16252864,16228288
2026-05-13T15:16:56+01:00,server,3240572,9,217597,846219172,60516,0,10090,0,32911424,30001024,2910400,25032832,16252864,16228288
2026-05-13T15:16:57+01:00,server,3241793,9,217609,846222863,60516,0,10090,0,32911424,30001216,2910208,25033024,16252864,16228288
2026-05-13T15:16:58+01:00,server,3243019,9,217621,846226559,60516,0,10090,0,32911424,29999360,2912064,25031168,16252864,16228288
2026-05-13T15:16:59+01:00,server,3244227,9,217631,846230257,60516,0,10090,0,32911424,30002816,2908608,25034624,16252864,16228288
2026-05-13T15:17:00+01:00,server,3245428,9,217648,846233965,60516,0,10091,0,32911424,29994048,2917376,25025856,16252864,16228288
2026-05-13T15:17:01+01:00,server,3246653,9,217659,846237649,60516,0,10091,0,32911424,29996096,2915328,25027904,16252864,16228288
2026-05-13T15:17:02+01:00,server,3247892,9,217666,846241338,60516,0,10092,0,32911424,29996416,2915008,25028224,16252864,16228288
2026-05-13T15:17:03+01:00,server,3249135,9,217671,846245018,60516,0,10092,0,32911424,29996544,2914880,25028352,16252864,16228288
2026-05-13T15:17:04+01:00,server,3250317,9,217681,846248723,60516,0,10092,0,32911424,29995072,2916352,25026816,16252864,16228288
2026-05-13T15:17:05+01:00,server,3251553,9,217694,846252403,60516,0,10092,0,32911424,29994304,2917120,25025984,16252864,16228288
2026-05-13T15:17:06+01:00,server,3252779,9,217704,846256081,60516,0,10093,0,32911424,29994944,2916480,25026624,16252864,16228288
2026-05-13T15:17:07+01:00,server,3254014,9,217719,846259761,60516,0,10093,0,32911424,29995136,2916288,25026816,16252864,16228288
2026-05-13T15:17:08+01:00,server,3255238,9,217728,846263440,60516,0,10093,0,32911424,29994816,2916608,25026496,16252864,16228288
2026-05-13T15:17:09+01:00,server,3256480,9,217735,846267120,60516,0,10093,0,32911424,29994432,2916992,25026112,16252864,16228288
2026-05-13T15:17:10+01:00,server,3257718,9,217749,846270765,60516,0,10093,0,32911424,29995072,2916352,25026752,16252864,16228288
2026-05-13T15:17:11+01:00,server,3258954,9,217755,846274454,60516,0,10093,0,32911424,29994880,2916544,25026560,16252864,16228288
2026-05-13T15:17:12+01:00,server,3260181,9,217761,846278141,60516,0,10093,0,32911424,29996608,2914816,25028288,16252864,16228288
2026-05-13T15:17:13+01:00,server,3261409,9,217772,846281821,60516,0,10093,0,32911424,29997440,2913984,25029120,16252864,16228288
2026-05-13T15:17:14+01:00,server,3262648,9,217785,846285503,60516,0,10093,0,32911424,29997440,2913984,25029120,16252864,16228288
2026-05-13T15:17:15+01:00,server,3263864,9,217794,846289184,60516,0,10094,0,32911424,29997504,2913920,25029184,16252864,16228288
2026-05-13T15:17:16+01:00,server,3265103,9,217802,846292864,60516,0,10094,0,32911424,29995968,2915456,25027648,16252864,16228288
2026-05-13T15:17:17+01:00,server,3266326,9,217816,846296544,60516,0,10094,0,32911424,29995968,2915456,25027648,16252864,16228288
2026-05-13T15:17:18+01:00,server,3267561,9,217832,846300224,60516,0,10094,0,32911424,29996032,2915392,25027712,16252864,16228288
2026-05-13T15:17:19+01:00,server,3268791,9,217842,846303908,60516,0,10094,0,32911424,29996608,2914816,25028288,16252864,16228288
2026-05-13T15:17:20+01:00,server,3270020,9,217850,846307587,60516,0,10095,0,32911424,29995840,2915584,25027520,16252864,16228288
2026-05-13T15:17:21+01:00,server,3271258,9,217861,846311268,60516,0,10096,0,32911424,29994496,2916928,25026176,16252864,16228288
2026-05-13T15:17:22+01:00,server,3272495,9,217874,846314947,60516,0,10096,0,32911424,29994752,2916672,25026432,16252864,16228288
2026-05-13T15:17:23+01:00,server,3273720,9,217881,846318634,60516,0,10096,0,32911424,29995584,2915840,25027264,16252864,16228288
2026-05-13T15:17:24+01:00,server,3274957,9,217889,846322323,60516,0,10096,0,32911424,29996224,2915200,25027904,16252864,16228288
2026-05-13T15:17:25+01:00,server,3276203,9,217908,846325973,60516,0,10096,0,32911424,29994944,2916480,25026688,16252864,16228288
2026-05-13T15:17:26+01:00,server,3277417,9,217922,846329659,60516,0,10096,0,32911424,29994112,2917312,25025920,16252864,16228288
2026-05-13T15:17:27+01:00,server,3278659,9,217929,846333344,60516,0,10098,0,32911424,29994944,2916480,25026752,16252864,16228288
2026-05-13T15:17:28+01:00,server,3279895,9,217940,846337029,60516,0,10098,0,32911424,29995904,2915520,25027712,16252864,16228288
2026-05-13T15:17:29+01:00,server,3281131,9,217953,846340713,60516,0,10098,0,32911424,29994816,2916608,25026624,16252864,16228288
2026-05-13T15:17:30+01:00,server,3282422,9,217990,846344307,60516,0,10098,0,32911424,29995264,2916160,25027008,16252864,16228288
2026-05-13T15:17:31+01:00,server,3283756,9,218010,846347889,60516,0,10099,0,32911424,29990592,2920832,25022336,16252864,16228288
2026-05-13T15:17:32+01:00,server,3284991,9,218028,846351560,60516,0,10102,0,32911424,29995584,2915840,25027328,16252864,16228288
2026-05-13T15:17:34+01:00,server,3286228,9,218041,846355245,60516,0,10102,0,32911424,29994624,2916800,25026368,16252864,16228288
2026-05-13T15:17:35+01:00,server,3287463,9,218054,846358931,60516,0,10103,0,32911424,29996288,2915136,25028032,16252864,16228288
2026-05-13T15:17:36+01:00,server,3288686,9,218066,846362619,60516,0,10105,0,32911424,29994752,2916672,25026496,16252864,16228288
2026-05-13T15:17:37+01:00,server,3289912,9,218069,846366312,60516,0,10105,0,32911424,29994560,2916864,25026304,16252864,16228288
2026-05-13T15:17:38+01:00,server,3291152,9,218084,846370001,60516,0,10105,0,32911424,29995520,2915904,25027264,16252864,16228288
2026-05-13T15:17:39+01:00,server,3292393,9,218095,846373686,60516,0,10105,0,32911424,29993920,2917504,25025600,16252864,16228288
2026-05-13T15:17:40+01:00,server,3293630,9,218108,846377340,60516,0,10105,0,32911424,29993856,2917568,25025536,16252864,16228288
2026-05-13T15:17:41+01:00,server,3294854,9,218123,846381023,60516,0,10105,0,32911424,29994624,2916800,25026304,16252864,16228288
2026-05-13T15:17:42+01:00,server,3296089,9,218140,846384707,60516,0,10105,0,32911424,29995200,2916224,25026880,16252864,16228288
2026-05-13T15:17:43+01:00,server,3297327,9,218152,846388394,60516,0,10106,0,32911424,29994688,2916736,25026368,16252864,16228288
2026-05-13T15:17:44+01:00,server,3298544,9,218165,846392101,60516,0,10107,0,32911424,29995456,2915968,25027136,16252864,16228288
2026-05-13T15:17:45+01:00,server,3299771,9,218176,846395787,60516,0,10107,0,32911424,29994880,2916544,25026560,16252864,16228288
2026-05-13T15:17:46+01:00,server,3301008,9,218185,846399472,60516,0,10107,0,32911424,29995648,2915776,25027328,16252864,16228288
2026-05-13T15:17:47+01:00,server,3302247,9,218197,846403157,60516,0,10108,0,32911424,29992576,2918848,25024256,16252864,16228288
2026-05-13T15:17:48+01:00,server,3303483,9,218212,846406843,60516,0,10109,0,32911424,29993536,2917888,25025216,16252864,16228288
2026-05-13T15:17:49+01:00,server,3304708,9,218216,846410537,60516,0,10109,0,32911424,29994752,2916672,25026432,16252864,16228288
2026-05-13T15:17:50+01:00,server,3305947,9,218226,846414225,60516,0,10109,0,32911424,29995968,2915456,25027648,16252864,16228288
2026-05-13T15:17:51+01:00,server,3307185,9,218240,846417910,60516,0,10109,0,32911424,29995584,2915840,25027264,16252864,16228288
2026-05-13T15:17:52+01:00,server,3308424,9,218253,846421599,60516,0,10110,0,32911424,29995392,2916032,25027072,16252864,16228288
2026-05-13T15:17:53+01:00,server,3309654,9,218265,846425286,60516,0,10110,0,32911424,29994752,2916672,25026432,16252864,16228288
2026-05-13T15:17:54+01:00,server,3310882,9,218280,846428974,60516,0,10110,0,32911424,29999104,2912320,25030784,16252864,16228288
2026-05-13T15:17:55+01:00,server,3312140,9,218292,846432627,60516,0,10111,0,32911424,29994112,2917312,25025792,16252864,16228288
2026-05-13T15:17:56+01:00,server,3313379,9,218300,846436313,60516,0,10111,0,32911424,29991872,2919552,25023552,16252864,16228288
2026-05-13T15:17:57+01:00,server,3314615,9,218315,846439998,60516,0,10111,0,32911424,29994368,2917056,25026048,16252864,16228288
2026-05-13T15:17:58+01:00,server,3315854,9,218328,846443683,60516,0,10111,0,32911424,29993856,2917568,25025536,16252864,16228288
2026-05-13T15:17:59+01:00,server,3317078,9,218343,846447367,60516,0,10111,0,32911424,29993344,2918080,25025024,16252864,16228288
2026-05-13T15:18:00+01:00,server,3318317,9,218353,846451052,60516,0,10111,0,32911424,29990592,2920832,25022272,16252864,16228288
2026-05-13T15:18:01+01:00,server,3319545,9,218362,846454744,60516,0,10111,0,32911424,29990976,2920448,25022656,16252864,16228288
2026-05-13T15:18:02+01:00,server,3320781,9,218370,846458440,60516,0,10111,0,32911424,29994048,2917376,25025728,16252864,16228288
2026-05-13T15:18:03+01:00,server,3322015,9,218385,846462127,60516,0,10111,0,32911424,29990400,2921024,25022080,16252864,16228288
2026-05-13T15:18:04+01:00,server,3323241,9,218394,846465813,60516,0,10112,0,32911424,29993856,2917568,25025536,16252864,16228288
2026-05-13T15:18:05+01:00,server,3324478,9,218407,846469498,60516,0,10112,0,32911424,29991744,2919680,25023424,16252864,16228288
2026-05-13T15:18:06+01:00,server,3325708,9,218419,846473183,60516,0,10113,0,32911424,29992128,2919296,25023808,16252864,16228288
2026-05-13T15:18:07+01:00,server,3326931,9,218440,846476861,60516,0,10113,0,32911424,29992192,2919232,25023872,16252864,16228288
2026-05-13T15:18:08+01:00,server,3328157,9,218454,846480547,60516,0,10113,0,32911424,29992384,2919040,25024064,16252864,16228288
2026-05-13T15:18:09+01:00,server,3329409,9,218463,846484201,60516,0,10114,0,32911424,29990336,2921088,25021952,16252864,16228288
2026-05-13T15:18:11+01:00,server,3330645,9,218476,846487887,60516,0,10114,0,32911424,29988800,2922624,25020352,16252864,16228288
2026-05-13T15:18:12+01:00,server,3331882,9,218490,846491574,60516,0,10114,0,32911424,29987456,2923968,25019008,16252864,16228288
2026-05-13T15:18:13+01:00,server,3333120,9,218503,846495261,60516,0,10114,0,32911424,29987392,2924032,25018944,16252864,16228288
2026-05-13T15:18:14+01:00,server,3334335,9,218513,846498949,60516,0,10114,0,32911424,29987008,2924416,25018560,16252864,16228288
2026-05-13T15:18:15+01:00,server,3335571,9,218519,846502648,60516,0,10114,0,32911424,29989184,2922240,25020736,16252864,16228288
2026-05-13T15:18:16+01:00,server,3336807,9,218533,846506335,60516,0,10114,0,32911424,29990336,2921088,25021888,16252864,16228288
2026-05-13T15:18:17+01:00,server,3338023,9,218547,846510043,60516,0,10115,0,32911424,29991616,2919808,25023168,16252864,16228288
2026-05-13T15:18:18+01:00,server,3339263,9,218558,846513731,60516,0,10116,0,32911424,29990464,2920960,25022016,16252864,16228288
2026-05-13T15:18:19+01:00,server,3340500,9,218572,846517417,60516,0,10117,0,32911424,29990272,2921152,25021824,16252864,16228288
2026-05-13T15:18:20+01:00,server,3341714,9,218585,846521103,60516,0,10118,0,32911424,29991424,2920000,25022976,16252864,16228288
2026-05-13T15:18:21+01:00,server,3342954,9,218596,846524788,60516,0,10118,0,32911424,29992000,2919424,25023552,16252864,16228288
2026-05-13T15:18:22+01:00,server,3344195,9,218610,846528473,60516,0,10118,0,32911424,29991232,2920192,25022784,16252864,16228288
2026-05-13T15:18:23+01:00,server,3345433,9,218627,846532160,60516,0,10118,0,32911424,29991040,2920384,25022592,16252864,16228288
2026-05-13T15:18:24+01:00,server,3346659,9,218636,846535847,60516,0,10118,0,32911424,29989120,2922304,25020672,16252864,16228288
2026-05-13T15:18:25+01:00,server,3347901,9,218655,846539502,60516,0,10120,0,32911424,29988992,2922432,25020544,16252864,16228288
2026-05-13T15:18:26+01:00,server,3349129,9,218662,846543190,60516,0,10123,0,32911424,29986496,2924928,25018048,16252864,16228288
2026-05-13T15:18:27+01:00,server,3350366,9,218668,846546886,60516,0,10123,0,32911424,29991104,2920320,25022656,16252864,16228288
2026-05-13T15:18:28+01:00,server,3351595,9,218677,846550574,60516,0,10123,0,32911424,29990976,2920448,25022528,16252864,16228288
2026-05-13T15:18:29+01:00,server,3352822,9,218691,846554259,60516,0,10123,0,32911424,29990976,2920448,25022528,16252864,16228288
2026-05-13T15:18:30+01:00,server,3354056,9,218701,846557943,60516,0,10124,0,32911424,29992384,2919040,25023936,16252864,16228288
2026-05-13T15:18:31+01:00,server,3355283,9,218713,846561629,60516,0,10124,0,32911424,29991296,2920128,25022848,16252864,16228288
2026-05-13T15:18:32+01:00,server,3356519,9,218726,846565317,60516,0,10124,0,32911424,29988992,2922432,25020544,16252864,16228288
2026-05-13T15:18:33+01:00,server,3357756,9,218742,846569003,60516,0,10124,0,32911424,29991680,2919744,25023232,16252864,16228288
2026-05-13T15:18:34+01:00,server,3358981,9,218754,846572687,60516,0,10126,0,32911424,29989952,2921472,25021504,16252864,16228288
2026-05-13T15:18:35+01:00,server,3360217,9,218770,846576372,60516,0,10126,0,32911424,29992640,2918784,25024192,16252864,16228288
2026-05-13T15:18:36+01:00,server,3361447,9,218781,846580059,60516,0,10126,0,32911424,29991104,2920320,25022656,16252864,16228288
2026-05-13T15:18:37+01:00,server,3362682,9,218796,846583746,60516,0,10126,0,32911424,29990336,2921088,25021888,16252864,16228288
2026-05-13T15:18:38+01:00,server,3363922,9,218808,846587433,60516,0,10126,0,32911424,29989056,2922368,25020608,16252864,16228288
2026-05-13T15:18:39+01:00,server,3365153,9,218819,846591101,60516,0,10127,0,32911424,29991744,2919680,25023296,16252864,16228288
2026-05-13T15:18:40+01:00,server,3366393,9,218825,846594788,60516,0,10127,0,32911424,29992064,2919360,25023552,16252864,16228288
2026-05-13T15:18:41+01:00,server,3367634,9,218837,846598473,60516,0,10127,0,32911424,29989952,2921472,25021440,16252864,16228288
2026-05-13T15:18:42+01:00,server,3368867,9,218852,846602158,60516,0,10127,0,32911424,29991296,2920128,25022784,16252864,16228288
2026-05-13T15:18:43+01:00,server,3370106,9,218861,846605846,60516,0,10127,0,32911424,29992832,2918592,25024320,16252864,16228288
2026-05-13T15:18:44+01:00,server,3371334,9,218868,846609530,60516,0,10127,0,32911424,29992192,2919232,25023680,16252864,16228288
2026-05-13T15:18:45+01:00,server,3372571,9,218880,846613217,60516,0,10127,0,32911424,29992960,2918464,25024448,16252864,16228288
2026-05-13T15:18:46+01:00,server,3373806,9,218896,846616903,60516,0,10128,0,32911424,29991616,2919808,25023104,16252864,16228288
2026-05-13T15:18:48+01:00,server,3375046,9,218909,846620590,60516,0,10128,0,32911424,29994176,2917248,25025664,16252864,16228288
2026-05-13T15:18:49+01:00,server,3376251,9,218921,846624291,60516,0,10128,0,32911424,29993472,2917952,25024960,16252864,16228288
2026-05-13T15:18:50+01:00,server,3377479,9,218929,846627978,60516,0,10129,0,32911424,29990208,2921216,25021696,16252864,16228288
2026-05-13T15:18:51+01:00,server,3378709,9,218939,846631664,60516,0,10130,0,32911424,29992704,2918720,25024192,16252864,16228288
2026-05-13T15:18:52+01:00,server,3379934,9,218946,846635351,60516,0,10131,0,32911424,29989248,2922176,25020736,16252864,16228288
2026-05-13T15:18:53+01:00,server,3381172,9,218948,846639047,60516,0,10132,0,32911424,29993472,2917952,25024960,16252864,16228288
2026-05-13T15:18:54+01:00,server,3382410,9,218960,846642735,60516,0,10132,0,32911424,29993152,2918272,25024640,16252864,16228288
2026-05-13T15:18:55+01:00,server,3383689,9,218978,846646389,60516,0,10132,0,32911424,29993344,2918080,25024832,16252864,16228288
2026-05-13T15:18:56+01:00,server,3384927,9,218991,846650076,60516,0,10132,0,32911424,29992256,2919168,25023744,16252864,16228288
2026-05-13T15:18:57+01:00,server,3386153,9,219007,846653766,60516,0,10132,0,32911424,29993408,2918016,25024896,16252864,16228288
2026-05-13T15:18:58+01:00,server,3387378,9,219017,846657452,60516,0,10132,0,32911424,29993472,2917952,25024960,16252864,16228288
2026-05-13T15:18:59+01:00,server,3388618,9,219025,846661137,60516,0,10132,0,32911424,29993920,2917504,25025408,16252864,16228288
2026-05-13T15:19:00+01:00,server,3389851,9,219040,846664821,60516,0,10132,0,32911424,29992768,2918656,25024256,16252864,16228288
2026-05-13T15:19:01+01:00,server,3391089,9,219050,846668507,60516,0,10133,0,32911424,29993792,2917632,25025280,16252864,16228288
2026-05-13T15:19:02+01:00,server,3392294,9,219058,846672193,60516,0,10133,0,32911424,29991296,2920128,25022784,16252864,16228288
2026-05-13T15:19:03+01:00,server,3393531,9,219071,846675878,60516,0,10135,0,32911424,29992832,2918592,25024320,16252864,16228288
2026-05-13T15:19:04+01:00,server,3394756,9,219086,846679566,60516,0,10135,0,32911424,29992064,2919360,25023552,16252864,16228288
2026-05-13T15:19:05+01:00,server,3395980,9,219094,846683263,60516,0,10136,0,32911424,29991488,2919936,25022976,16252864,16228288
2026-05-13T15:19:06+01:00,server,3397221,9,219102,846686954,60516,0,10136,0,32911424,29992448,2918976,25023936,16252864,16228288
2026-05-13T15:19:07+01:00,server,3398450,9,219112,846690640,60516,0,10136,0,32911424,29993472,2917952,25024960,16252864,16228288
2026-05-13T15:19:08+01:00,server,3399686,9,219126,846694326,60516,0,10136,0,32911424,29993664,2917760,25025152,16252864,16228288
2026-05-13T15:19:09+01:00,server,3400920,9,219141,846698011,60516,0,10136,0,32911424,29994112,2917312,25025600,16252864,16228288
2026-05-13T15:19:10+01:00,server,3402186,9,219160,846701663,60516,0,10136,0,32911424,29992256,2919168,25023744,16252864,16228288
2026-05-13T15:19:11+01:00,server,3403422,9,219176,846705348,60516,0,10136,0,32911424,29990528,2920896,25022016,16252864,16228288
2026-05-13T15:19:12+01:00,server,3404649,9,219189,846709035,60516,0,10136,0,32911424,29992640,2918784,25024128,16252864,16228288
2026-05-13T15:19:13+01:00,server,3405891,9,219200,846712720,60516,0,10137,0,32911424,29995264,2916160,25026752,16252864,16228288
2026-05-13T15:19:14+01:00,server,3407130,9,219209,846716407,60516,0,10137,0,32911424,29991104,2920320,25022592,16252864,16228288
2026-05-13T15:19:15+01:00,server,3408372,9,219215,846720092,60516,0,10137,0,32911424,29990144,2921280,25021632,16252864,16228288
2026-05-13T15:19:16+01:00,server,3409597,9,219225,846723773,60516,0,10139,0,32911424,29990912,2920512,25022400,16252864,16228288
2026-05-13T15:19:17+01:00,server,3410833,9,219231,846727464,60516,0,10140,0,32911424,29991616,2919808,25023104,16252864,16228288
2026-05-13T15:19:18+01:00,server,3412067,9,219241,846731155,60516,0,10141,0,32911424,29992768,2918656,25024256,16252864,16228288
2026-05-13T15:19:19+01:00,server,3413304,9,219256,846734840,60516,0,10142,0,32911424,29992960,2918464,25024448,16252864,16228288
2026-05-13T15:19:20+01:00,server,3414531,9,219268,846738525,60516,0,10143,0,32911424,29993024,2918400,25024512,16252864,16228288
2026-05-13T15:19:21+01:00,server,3415759,9,219280,846742209,60516,0,10143,0,32911424,29993344,2918080,25024832,16252864,16228288
2026-05-13T15:19:22+01:00,server,3416975,9,219293,846745918,60516,0,10143,0,32911424,29992960,2918464,25024448,16252864,16228288
2026-05-13T15:19:23+01:00,server,3418204,9,219303,846749607,60516,0,10143,0,32911424,29992576,2918848,25024064,16252864,16228288
2026-05-13T15:19:25+01:00,server,3419466,9,219317,846753261,60516,0,10143,0,32911424,29993280,2918144,25024768,16252864,16228288
2026-05-13T15:19:26+01:00,server,3420694,9,219327,846756947,60516,0,10144,0,32911424,29991936,2919488,25023424,16252864,16228288
2026-05-13T15:19:27+01:00,server,3421933,9,219339,846760632,60516,0,10145,0,32911424,29992704,2918720,25024192,16252864,16228288
2026-05-13T15:19:28+01:00,server,3423163,9,219358,846764317,60516,0,10145,0,32911424,29992896,2918528,25024384,16252864,16228288
2026-05-13T15:19:29+01:00,server,3424365,9,219377,846768003,60516,0,10145,0,32911424,29989824,2921600,25021312,16252864,16228288
2026-05-13T15:19:30+01:00,server,3425569,9,219387,846771694,60516,0,10145,0,32911424,29990208,2921216,25021696,16252864,16228288
2026-05-13T15:19:31+01:00,server,3426806,9,219394,846775391,60516,0,10145,0,32911424,29991936,2919488,25023424,16252864,16228288
2026-05-13T15:19:32+01:00,server,3428037,9,219403,846779077,60516,0,10146,0,32911424,29992896,2918528,25024384,16252864,16228288
2026-05-13T15:19:33+01:00,server,3429274,9,219413,846782763,60516,0,10147,0,32911424,29991168,2920256,25022656,16252864,16228288
2026-05-13T15:19:34+01:00,server,3430516,9,219421,846786446,60516,0,10148,0,32911424,29992128,2919296,25023616,16252864,16228288
2026-05-13T15:19:35+01:00,server,3431729,9,219435,846790131,60516,0,10148,0,32911424,29993728,2917696,25025216,16252864,16228288
2026-05-13T15:19:36+01:00,server,3432970,9,219445,846793817,60516,0,10148,0,32911424,29993152,2918272,25024640,16252864,16228288
2026-05-13T15:19:37+01:00,server,3434210,9,219456,846797504,60516,0,10148,0,32911424,29992896,2918528,25024384,16252864,16228288
2026-05-13T15:19:38+01:00,server,3435440,9,219467,846801190,60516,0,10148,0,32911424,29993856,2917568,25025344,16252864,16228288
2026-05-13T15:19:39+01:00,server,3436666,9,219482,846804879,60516,0,10148,0,32911424,29991936,2919488,25023424,16252864,16228288
2026-05-13T15:19:40+01:00,server,3437903,9,219504,846808533,60516,0,10148,0,32911424,29994816,2916608,25026304,16252864,16228288
2026-05-13T15:19:41+01:00,server,3439139,9,219519,846812221,60516,0,10148,0,32911424,29990016,2921408,25021504,16252864,16228288
2026-05-13T15:19:42+01:00,server,3440380,9,219525,846815915,60516,0,10149,0,32911424,29990784,2920640,25022272,16252864,16228288
2026-05-13T15:19:43+01:00,server,3441616,9,219529,846819614,60516,0,10149,0,32911424,29991680,2919744,25023168,16252864,16228288
2026-05-13T15:19:44+01:00,server,3442856,9,219543,846823301,60516,0,10149,0,32911424,29993856,2917568,25025344,16252864,16228288
2026-05-13T15:19:45+01:00,server,3444094,9,219557,846826988,60516,0,10149,0,32911424,29992000,2919424,25023488,16252864,16228288
2026-05-13T15:19:46+01:00,server,3445320,9,219569,846830673,60516,0,10149,0,32911424,29993536,2917888,25025024,16252864,16228288
2026-05-13T15:19:47+01:00,server,3446560,9,219580,846834360,60516,0,10149,0,32911424,29990656,2920768,25022144,16252864,16228288
2026-05-13T15:19:48+01:00,server,3447792,9,219587,846838047,60516,0,10150,0,32911424,29996608,2914816,25028096,16252864,16228288
2026-05-13T15:19:49+01:00,server,3449022,9,219600,846841732,60516,0,10151,0,32911424,29990912,2920512,25022400,16252864,16228288
2026-05-13T15:19:50+01:00,server,3450259,9,219614,846845416,60516,0,10151,0,32911424,29992832,2918592,25024320,16252864,16228288
2026-05-13T15:19:51+01:00,server,3451484,9,219627,846849101,60516,0,10151,0,32911424,29992256,2919168,25023744,16252864,16228288
2026-05-13T15:19:52+01:00,server,3452711,9,219638,846852790,60516,0,10151,0,32911424,29996480,2914944,25027968,16252864,16228288
2026-05-13T15:19:53+01:00,server,3453952,9,219644,846856479,60516,0,10153,0,32911424,29991680,2919744,25023168,16252864,16228288
2026-05-13T15:19:54+01:00,server,3455188,9,219670,846860157,60516,0,10153,0,32911424,29989248,2922176,25020672,16252864,16228288
2026-05-13T15:19:55+01:00,server,3456415,9,219676,846863851,60516,0,10153,0,32911424,29989760,2921664,25021184,16252864,16228288
2026-05-13T15:19:56+01:00,server,3457639,9,219686,846867540,60516,0,10153,0,32911424,29990720,2920704,25022144,16252864,16228288
2026-05-13T15:19:57+01:00,server,3458878,9,219697,846871225,60516,0,10153,0,32911424,29990720,2920704,25022144,16252864,16228288
2026-05-13T15:19:58+01:00,server,3460116,9,219710,846874912,60516,0,10153,0,32911424,29991040,2920384,25022464,16252864,16228288
2026-05-13T15:19:59+01:00,server,3461342,9,219724,846878597,60516,0,10153,0,32911424,29992384,2919040,25023808,16252864,16228288
2026-05-13T15:20:00+01:00,server,3462581,9,219737,846882284,60516,0,10153,0,32911424,29991040,2920384,25022464,16252864,16228288
2026-05-13T15:20:02+01:00,server,3463813,9,219751,846885966,60516,0,10153,0,32911424,29983680,2927744,25015104,16252864,16228288
2026-05-13T15:20:03+01:00,server,3465051,9,219767,846889656,60516,0,10153,0,32911424,29984576,2926848,25016000,16252864,16228288
2026-05-13T15:20:04+01:00,server,3466291,9,219778,846893346,60516,0,10153,0,32911424,29984192,2927232,25015616,16252864,16228288
2026-05-13T15:20:05+01:00,server,3467530,9,219790,846897032,60516,0,10153,0,32911424,29981888,2929536,25013312,16252864,16228288
2026-05-13T15:20:06+01:00,server,3468769,9,219801,846900718,60516,0,10153,0,32911424,29981632,2929792,25013056,16252864,16228288
2026-05-13T15:20:07+01:00,server,3470007,9,219811,846904401,60516,0,10153,0,32911424,29984320,2927104,25015744,16252864,16228288
2026-05-13T15:20:08+01:00,server,3471231,9,219816,846908091,60516,0,10153,0,32911424,29984384,2927040,25015808,16252864,16228288
2026-05-13T15:20:09+01:00,server,3472454,9,219832,846911775,60516,0,10153,0,32911424,29985344,2926080,25016768,16252864,16228288
2026-05-13T15:20:10+01:00,server,3473687,9,219849,846915427,60516,0,10153,0,32911424,29983872,2927552,25015168,16252864,16228288
2026-05-13T15:20:11+01:00,server,3474913,9,219864,846919113,60516,0,10153,0,32911424,29984064,2927360,25015360,16252864,16228288
2026-05-13T15:20:12+01:00,server,3476126,9,219878,846922798,60516,0,10153,0,32911424,29984768,2926656,25016064,16252864,16228288
2026-05-13T15:20:13+01:00,server,3477365,9,219892,846926487,60516,0,10153,0,32911424,29984640,2926784,25015936,16252864,16228288
2026-05-13T15:20:14+01:00,server,3478606,9,219902,846930171,60516,0,10154,0,32911424,29984640,2926784,25015936,16252864,16228288
2026-05-13T15:20:15+01:00,server,3479845,9,219911,846933857,60516,0,10154,0,32911424,29985088,2926336,25016384,16252864,16228288
2026-05-13T15:20:16+01:00,server,3481070,9,219922,846937542,60516,0,10154,0,32911424,29983552,2927872,25014848,16252864,16228288
2026-05-13T15:20:17+01:00,server,3482310,9,219929,846941227,60516,0,10155,0,32911424,29983360,2928064,25014656,16252864,16228288
2026-05-13T15:20:18+01:00,server,3483549,9,219939,846944917,60516,0,10157,0,32911424,29985280,2926144,25016576,16252864,16228288
2026-05-13T15:20:19+01:00,server,3484784,9,219951,846948606,60516,0,10157,0,32911424,29982784,2928640,25014080,16252864,16228288
2026-05-13T15:20:20+01:00,server,3486008,9,219957,846952305,60516,0,10158,0,32911424,29982592,2928832,25013888,16252864,16228288
2026-05-13T15:20:21+01:00,server,3487246,9,219971,846955994,60516,0,10158,0,32911424,29984512,2926912,25015808,16252864,16228288
2026-05-13T15:20:22+01:00,server,3488467,9,219988,846959685,60516,0,10158,0,32911424,29985088,2926336,25016384,16252864,16228288
2026-05-13T15:20:23+01:00,server,3489701,9,220001,846963377,60516,0,10158,0,32911424,29984768,2926656,25016064,16252864,16228288
2026-05-13T15:20:24+01:00,server,3490936,9,220011,846967065,60516,0,10158,0,32911424,29985152,2926272,25016448,16252864,16228288
2026-05-13T15:20:25+01:00,server,3492170,9,220028,846970718,60516,0,10160,0,32911424,29983680,2927744,25014976,16252864,16228288
2026-05-13T15:20:26+01:00,server,3493397,9,220042,846974407,60516,0,10160,0,32911424,29980800,2930624,25012096,16252864,16228288
2026-05-13T15:20:27+01:00,server,3494623,9,220054,846978094,60516,0,10160,0,32911424,29983104,2928320,25014400,16252864,16228288
2026-05-13T15:20:28+01:00,server,3495847,9,220068,846981781,60516,0,10161,0,32911424,29984640,2926784,25015936,16252864,16228288
2026-05-13T15:20:29+01:00,server,3497052,9,220080,846985489,60516,0,10161,0,32911424,29982336,2929088,25013632,16252864,16228288
2026-05-13T15:20:30+01:00,server,3498292,9,220092,846989174,60516,0,10161,0,32911424,29979648,2931776,25010944,16252864,16228288
2026-05-13T15:20:31+01:00,server,3499520,9,220101,846992860,60516,0,10161,0,32911424,29979648,2931776,25010944,16252864,16228288
2026-05-13T15:20:32+01:00,server,3500757,9,220105,846996559,60516,0,10161,0,32911424,29982720,2928704,25014016,16252864,16228288
2026-05-13T15:20:33+01:00,server,3501993,9,220120,847000246,60516,0,10161,0,32911424,29983104,2928320,25014400,16252864,16228288
2026-05-13T15:20:34+01:00,server,3503234,9,220131,847003930,60516,0,10162,0,32911424,29982912,2928512,25014208,16252864,16228288
2026-05-13T15:20:35+01:00,server,3504475,9,220142,847007615,60516,0,10162,0,32911424,29984448,2926976,25015744,16252864,16228288
2026-05-13T15:20:36+01:00,server,3505704,9,220153,847011299,60516,0,10162,0,32911424,29983872,2927552,25015168,16252864,16228288
2026-05-13T15:20:37+01:00,server,3506941,9,220166,847014983,60516,0,10163,0,32911424,29983296,2928128,25014592,16252864,16228288
2026-05-13T15:20:39+01:00,server,3508179,9,220176,847018669,60517,0,10164,0,32911424,29983104,2928320,25014400,16252864,16228288
2026-05-13T15:20:40+01:00,server,3509425,9,220199,847022320,60517,0,10164,0,32911424,29982784,2928640,25014080,16252864,16228288
2026-05-13T15:20:41+01:00,server,3510653,9,220210,847026005,60517,0,10164,0,32911424,29981632,2929792,25012928,16252864,16228288
2026-05-13T15:20:42+01:00,server,3511881,9,220222,847029689,60517,0,10164,0,32911424,29982400,2929024,25013696,16252864,16228288
2026-05-13T15:20:43+01:00,server,3513122,9,220228,847033375,60517,0,10165,0,32911424,29983744,2927680,25015040,16252864,16228288
2026-05-13T15:20:44+01:00,server,3514360,9,220239,847037063,60517,0,10165,0,32911424,29979520,2931904,25010816,16252864,16228288
2026-05-13T15:20:45+01:00,server,3515597,9,220244,847040760,60517,0,10165,0,32911424,29982400,2929024,25013696,16252864,16228288
2026-05-13T15:20:46+01:00,server,3516812,9,220253,847044451,60517,0,10165,0,32911424,29983168,2928256,25014464,16252864,16228288
2026-05-13T15:20:47+01:00,server,3518039,9,220271,847048136,60517,0,10166,0,32911424,29983936,2927488,25015232,16252864,16228288
2026-05-13T15:20:48+01:00,server,3519278,9,220279,847051822,60517,0,10166,0,32911424,29983488,2927936,25014720,16252864,16228288
2026-05-13T15:20:49+01:00,server,3520516,9,220291,847055507,60517,0,10168,0,32911424,29983552,2927872,25014784,16252864,16228288
2026-05-13T15:20:50+01:00,server,3521743,9,220300,847059192,60517,0,10168,0,32911424,29983744,2927680,25014976,16252864,16228288
2026-05-13T15:20:51+01:00,server,3522981,9,220314,847062877,60517,0,10168,0,32911424,29983744,2927680,25014976,16252864,16228288
2026-05-13T15:20:52+01:00,server,3524220,9,220323,847066561,60517,0,10168,0,32911424,29983168,2928256,25014400,16252864,16228288
2026-05-13T15:20:53+01:00,server,3525459,9,220331,847070246,60517,0,10169,0,32911424,29981824,2929600,25013056,16252864,16228288
2026-05-13T15:20:54+01:00,server,3526696,9,220342,847073931,60517,0,10169,0,32911424,29986240,2925184,25017472,16252864,16228288
2026-05-13T15:20:55+01:00,server,3527927,9,220361,847077583,60517,0,10169,0,32911424,29984000,2927424,25015232,16252864,16228288
2026-05-13T15:20:56+01:00,server,3529164,9,220376,847081269,60517,0,10169,0,32911424,29979392,2932032,25010624,16252864,16228288
2026-05-13T15:20:57+01:00,server,3530395,9,220385,847084963,60517,0,10169,0,32911424,29981504,2929920,25012736,16252864,16228288
2026-05-13T15:20:58+01:00,server,3531633,9,220394,847088656,60517,0,10169,0,32911424,29983360,2928064,25014592,16252864,16228288
2026-05-13T15:20:59+01:00,server,3532859,9,220408,847092344,60517,0,10170,0,32911424,29982784,2928640,25014016,16252864,16228288
2026-05-13T15:21:00+01:00,server,3534085,9,220420,847096030,60517,0,10170,0,32911424,29982976,2928448,25014208,16252864,16228288
2026-05-13T15:21:01+01:00,server,3535318,9,220433,847099715,60517,0,10171,0,32911424,29982592,2928832,25013824,16252864,16228288
2026-05-13T15:21:02+01:00,server,3536538,9,220449,847103404,60517,0,10171,0,32911424,29982592,2928832,25013824,16252864,16228288
2026-05-13T15:21:03+01:00,server,3537742,9,220464,847107118,60517,0,10171,0,32911424,29982592,2928832,25013824,16252864,16228288
2026-05-13T15:21:04+01:00,server,3538978,9,220476,847110805,60517,0,10171,0,32911424,29982080,2929344,25013248,16252864,16228288
2026-05-13T15:21:05+01:00,server,3540220,9,220484,847114496,60517,0,10173,0,32911424,29982080,2929344,25013248,16252864,16228288
2026-05-13T15:21:06+01:00,server,3541444,9,220496,847118182,60517,0,10174,0,32911424,29981888,2929536,25013056,16252864,16228288
2026-05-13T15:21:07+01:00,server,3542682,9,220506,847121872,60517,0,10174,0,32911424,29982656,2928768,25013824,16252864,16228288
2026-05-13T15:21:08+01:00,server,3543914,9,220519,847125558,60517,0,10174,0,32911424,29977280,2934144,25008448,16252864,16228288
2026-05-13T15:21:09+01:00,server,3545179,9,220532,847129218,60517,0,10175,0,32911424,29982848,2928576,25014016,16252864,16228288
2026-05-13T15:21:10+01:00,server,3546416,9,220541,847132912,60517,0,10175,0,32911424,29981440,2929984,25012672,16252864,16228288
2026-05-13T15:21:11+01:00,server,3547653,9,220556,847136603,60517,0,10175,0,32911424,29980096,2931328,25011200,16252864,16228288
2026-05-13T15:21:12+01:00,server,3548879,9,220569,847140288,60517,0,10175,0,32911424,29982720,2928704,25013824,16252864,16228288
2026-05-13T15:21:13+01:00,server,3550117,9,220581,847143980,60517,0,10175,0,32911424,29981568,2929856,25012672,16252864,16228288
2026-05-13T15:21:15+01:00,server,3551353,9,220595,847147676,60517,0,10175,0,32911424,29982592,2928832,25013696,16252864,16228288
2026-05-13T15:21:16+01:00,server,3552592,9,220605,847151367,60517,0,10176,0,32911424,29981440,2929984,25012544,16252864,16228288
2026-05-13T15:21:17+01:00,server,3553818,9,220622,847155057,60517,0,10179,0,32911424,29982592,2928832,25013760,16252864,16228288
2026-05-13T15:21:18+01:00,server,3555048,9,220633,847158745,60517,0,10179,0,32911424,29982976,2928448,25014144,16252864,16228288
2026-05-13T15:21:19+01:00,server,3556285,9,220646,847162435,60517,0,10179,0,32911424,29986048,2925376,25017216,16252864,16228288
2026-05-13T15:21:20+01:00,server,3557500,9,220661,847166121,60517,0,10179,0,32911424,29981440,2929984,25012608,16252864,16228288
2026-05-13T15:21:21+01:00,server,3558737,9,220673,847169809,60517,0,10179,0,32911424,29979712,2931712,25010880,16252864,16228288
2026-05-13T15:21:22+01:00,server,3559962,9,220680,847173498,60517,0,10180,0,32911424,29980288,2931136,25011456,16252864,16228288
2026-05-13T15:21:23+01:00,server,3561198,9,220690,847177198,60517,0,10181,0,32911424,29982208,2929216,25013376,16252864,16228288
2026-05-13T15:21:24+01:00,server,3562426,9,220699,847180887,60517,0,10182,0,32911424,29982016,2929408,25013184,16252864,16228288
2026-05-13T15:21:25+01:00,server,3563665,9,220719,847184547,60517,0,10182,0,32911424,29980736,2930688,25011840,16252864,16228288
2026-05-13T15:21:26+01:00,server,3564902,9,220730,847188243,60517,0,10184,0,32911424,29980928,2930496,25012032,16252864,16228288
2026-05-13T15:21:27+01:00,server,3566142,9,220740,847191936,60517,0,10184,0,32911424,29981120,2930304,25012224,16252864,16228288
2026-05-13T15:21:28+01:00,server,3567367,9,220757,847195623,60517,0,10184,0,32911424,29980032,2931392,25011136,16252864,16228288
2026-05-13T15:21:29+01:00,server,3568600,9,220773,847199313,60517,0,10184,0,32911424,29980608,2930816,25011712,16252864,16228288
2026-05-13T15:21:30+01:00,server,3569825,9,220786,847203005,60517,0,10185,0,32911424,29983104,2928320,25014208,16252864,16228288
2026-05-13T15:21:31+01:00,server,3571051,9,220800,847206694,60517,0,10186,0,32911424,29980928,2930496,25012032,16252864,16228288
2026-05-13T15:21:32+01:00,server,3572277,9,220813,847210382,60517,0,10186,0,32911424,29979648,2931776,25010688,16252864,16228288
2026-05-13T15:21:33+01:00,server,3573515,9,220827,847214072,60517,0,10186,0,32911424,29977280,2934144,25008320,16252864,16228288
2026-05-13T15:21:34+01:00,server,3574752,9,220835,847217766,60517,0,10186,0,32911424,29980928,2930496,25011968,16252864,16228288
2026-05-13T15:21:35+01:00,server,3575975,9,220844,847221460,60517,0,10186,0,32911424,29980928,2930496,25011968,16252864,16228288
2026-05-13T15:21:36+01:00,server,3577200,9,220860,847225150,60517,0,10186,0,32911424,29981376,2930048,25012416,16252864,16228288
2026-05-13T15:21:37+01:00,server,3578404,9,220876,847228867,60517,0,10186,0,32911424,29980032,2931392,25011072,16252864,16228288
2026-05-13T15:21:38+01:00,server,3579635,9,220880,847232552,60517,0,10187,0,32911424,29981120,2930304,25012160,16252864,16228288
2026-05-13T15:21:39+01:00,server,3580871,9,220894,847236240,60517,0,10187,0,32911424,29979584,2931840,25010624,16252864,16228288
2026-05-13T15:21:40+01:00,server,3582128,9,220912,847239894,60517,0,10187,0,32911424,29981824,2929600,25012864,16252864,16228288
2026-05-13T15:21:41+01:00,server,3583369,9,220921,847243580,60517,0,10188,0,32911424,29981440,2929984,25012480,16252864,16228288
2026-05-13T15:21:42+01:00,server,3584603,9,220938,847247269,60517,0,10188,0,32911424,29981248,2930176,25012288,16252864,16228288
2026-05-13T15:21:43+01:00,server,3585843,9,220947,847250958,60517,0,10188,0,32911424,29981376,2930048,25012416,16252864,16228288
2026-05-13T15:21:44+01:00,server,3587081,9,220960,847254656,60517,0,10188,0,32911424,29979264,2932160,25010304,16252864,16228288
2026-05-13T15:21:45+01:00,server,3588319,9,220976,847258348,60517,0,10188,0,32911424,29976768,2934656,25007808,16252864,16228288
2026-05-13T15:21:46+01:00,server,3589567,9,220986,847262078,60517,0,10188,0,32911424,29981888,2929536,25012928,16252864,16228288
2026-05-13T15:21:47+01:00,server,3590802,9,220994,847265797,60517,0,10188,0,32911424,29981312,2930112,25012352,16252864,16228288
2026-05-13T15:21:48+01:00,server,3592027,9,221006,847269493,60517,0,10188,0,32911424,29982848,2928576,25013888,16252864,16228288
2026-05-13T15:21:50+01:00,server,3593263,9,221019,847273179,60517,0,10188,0,32911424,29981120,2930304,25012160,16252864,16228288
2026-05-13T15:21:51+01:00,server,3594492,9,221033,847276865,60517,0,10188,0,32911424,29981696,2929728,25012736,16252864,16228288
2026-05-13T15:21:52+01:00,server,3595733,9,221044,847280555,60517,0,10188,0,32911424,29982080,2929344,25013120,16252864,16228288
2026-05-13T15:21:53+01:00,server,3596973,9,221058,847284246,60517,0,10188,0,32911424,29981312,2930112,25012352,16252864,16228288
2026-05-13T15:21:54+01:00,server,3598199,9,221071,847287936,60517,0,10188,0,32911424,29981888,2929536,25012928,16252864,16228288
2026-05-13T15:21:55+01:00,server,3599500,9,221092,847291600,60517,0,10189,0,32911424,29981568,2929856,25012608,16252864,16228288
2026-05-13T15:21:56+01:00,server,3600737,9,221108,847295289,60517,0,10189,0,32911424,29981376,2930048,25012416,16252864,16228288
2026-05-13T15:21:57+01:00,server,3601961,9,221121,847298977,60517,0,10190,0,32911424,29985472,2925952,25016512,16252864,16228288
2026-05-13T15:21:58+01:00,server,3603201,9,221133,847302670,60517,0,10190,0,32911424,29981248,2930176,25012288,16252864,16228288
2026-05-13T15:21:59+01:00,server,3604438,9,221142,847306360,60517,0,10190,0,32911424,29982080,2929344,25013120,16252864,16228288
2026-05-13T15:22:00+01:00,server,3605665,9,221147,847310058,60517,0,10191,0,32911424,29982976,2928448,25014016,16252864,16228288
2026-05-13T15:22:01+01:00,server,3606902,9,221158,847313748,60517,0,10192,0,32911424,29982976,2928448,25014016,16252864,16228288
2026-05-13T15:22:02+01:00,server,3608139,9,221170,847317435,60517,0,10192,0,32911424,29982976,2928448,25014016,16252864,16228288
2026-05-13T15:22:03+01:00,server,3609377,9,221180,847321130,60517,0,10192,0,32911424,29983360,2928064,25014400,16252864,16228288
2026-05-13T15:22:04+01:00,server,3610613,9,221193,847324818,60517,0,10192,0,32911424,29983296,2928128,25014336,16252864,16228288
2026-05-13T15:22:05+01:00,server,3611827,9,221205,847328507,60517,0,10192,0,32911424,29983488,2927936,25014528,16252864,16228288
2026-05-13T15:22:06+01:00,server,3613043,9,221216,847332196,60517,0,10193,0,32911424,29983104,2928320,25014144,16252864,16228288
2026-05-13T15:22:07+01:00,server,3614292,9,221226,847335875,60517,0,10193,0,32911424,29986112,2925312,25017152,16252864,16228288
2026-05-13T15:22:08+01:00,server,3615515,9,221244,847339561,60517,0,10193,0,32911424,29983424,2928000,25014464,16252864,16228288
2026-05-13T15:22:09+01:00,server,3616734,9,221261,847343255,60517,0,10193,0,32911424,29980928,2930496,25011840,16252864,16228288
2026-05-13T15:22:10+01:00,server,3617991,9,221282,847346918,60517,0,10193,0,32911424,29977472,2933952,25008384,16252864,16228288
2026-05-13T15:22:11+01:00,server,3619195,9,221291,847350636,60517,0,10193,0,32911424,29978048,2933376,25008960,16252864,16228288
2026-05-13T15:22:12+01:00,server,3620432,9,221298,847354342,60517,0,10193,0,32911424,29977280,2934144,25008192,16252864,16228288
2026-05-13T15:22:13+01:00,server,3621649,9,221312,847358030,60517,0,10193,0,32911424,29977280,2934144,25008192,16252864,16228288
2026-05-13T15:22:14+01:00,server,3622884,9,221324,847361718,60517,0,10193,0,32911424,29979200,2932224,25010112,16252864,16228288
2026-05-13T15:22:15+01:00,server,3624122,9,221336,847365408,60517,0,10193,0,32911424,29978624,2932800,25009536,16252864,16228288
2026-05-13T15:22:16+01:00,server,3625359,9,221349,847369094,60517,0,10193,0,32911424,29977728,2933696,25008640,16252864,16228288
2026-05-13T15:22:17+01:00,server,3626596,9,221361,847372789,60517,0,10193,0,32911424,29978816,2932608,25009728,16252864,16228288
2026-05-13T15:22:18+01:00,server,3627833,9,221373,847376476,60517,0,10193,0,32911424,29979968,2931456,25010880,16252864,16228288
2026-05-13T15:22:19+01:00,server,3629058,9,221386,847380175,60517,0,10194,0,32911424,29978816,2932608,25009728,16252864,16228288
2026-05-13T15:22:20+01:00,server,3630294,9,221403,847383864,60517,0,10194,0,32911424,29979008,2932416,25009920,16252864,16228288
2026-05-13T15:22:21+01:00,server,3631518,9,221416,847387560,60517,0,10194,0,32911424,29979264,2932160,25010176,16252864,16228288
2026-05-13T15:22:22+01:00,server,3632757,9,221429,847391248,60517,0,10194,0,32911424,29978688,2932736,25009600,16252864,16228288
2026-05-13T15:22:23+01:00,server,3633964,9,221440,847394941,60517,0,10195,0,32911424,29976768,2934656,25007680,16252864,16228288
2026-05-13T15:22:24+01:00,server,3635238,9,221450,847398619,60517,0,10195,0,32911424,29975616,2935808,25006464,16252864,16228288
2026-05-13T15:22:26+01:00,server,3636458,9,221460,847402310,60517,0,10195,0,32911424,29975040,2936384,25005888,16252864,16228288
2026-05-13T15:22:27+01:00,server,3637687,9,221470,847406001,60517,0,10195,0,32911424,29976192,2935232,25007040,16252864,16228288
2026-05-13T15:22:28+01:00,server,3638917,9,221482,847409690,60517,0,10195,0,32911424,29978112,2933312,25008960,16252864,16228288
2026-05-13T15:22:29+01:00,server,3640141,9,221502,847413380,60517,0,10195,0,32911424,29977984,2933440,25008832,16252864,16228288
2026-05-13T15:22:30+01:00,server,3641378,9,221517,847417076,60517,0,10195,0,32911424,29975680,2935744,25006528,16252864,16228288
2026-05-13T15:22:31+01:00,server,3642690,9,221556,847420670,60517,0,10195,0,32911424,29971456,2939968,25002304,16252864,16228288
2026-05-13T15:22:32+01:00,server,3644000,9,221586,847424258,60517,0,10197,0,32911424,29970112,2941312,25000960,16252864,16228288
2026-05-13T15:22:33+01:00,server,3645229,9,221602,847427947,60517,0,10197,0,32911424,29977216,2934208,25008064,16252864,16228288
2026-05-13T15:22:34+01:00,server,3646452,9,221619,847431641,60517,0,10198,0,32911424,29977216,2934208,25008064,16252864,16228288
2026-05-13T15:22:35+01:00,server,3647667,9,221631,847435337,60517,0,10198,0,32911424,29976320,2935104,25007168,16252864,16228288
2026-05-13T15:22:36+01:00,server,3648898,9,221645,847439030,60517,0,10198,0,32911424,29975552,2935872,25006400,16252864,16228288
2026-05-13T15:22:37+01:00,server,3650126,9,221653,847442727,60517,0,10198,0,32911424,29977920,2933504,25008768,16252864,16228288
2026-05-13T15:22:38+01:00,server,3651357,9,221660,847446418,60517,0,10199,0,32911424,29976768,2934656,25007616,16252864,16228288
2026-05-13T15:22:39+01:00,server,3652573,9,221673,847450109,60517,0,10199,0,32911424,29977472,2933952,25008320,16252864,16228288
2026-05-13T15:22:40+01:00,server,3653814,9,221686,847453770,60517,0,10200,0,32911424,29978688,2932736,25009536,16252864,16228288
2026-05-13T15:22:41+01:00,server,3655049,9,221695,847457464,60517,0,10200,0,32911424,29977920,2933504,25008768,16252864,16228288
2026-05-13T15:22:42+01:00,server,3656276,9,221714,847461158,60517,0,10200,0,32911424,29978496,2932928,25009344,16252864,16228288
2026-05-13T15:22:43+01:00,server,3657494,9,221722,847464858,60517,0,10201,0,32911424,29977344,2934080,25008192,16252864,16228288
2026-05-13T15:22:44+01:00,server,3658717,9,221731,847468559,60517,0,10202,0,32911424,29978496,2932928,25009344,16252864,16228288
2026-05-13T15:22:45+01:00,server,3659942,9,221749,847472260,60517,0,10202,0,32911424,29977536,2933888,25008384,16252864,16228288
2026-05-13T15:22:46+01:00,server,3661131,9,221757,847475984,60517,0,10202,0,32911424,29984896,2926528,25015744,16252864,16228288
2026-05-13T15:22:47+01:00,server,3662355,9,221766,847479682,60517,0,10202,0,32911424,29987520,2923904,25018368,16252864,16228288
2026-05-13T15:22:48+01:00,server,3663589,9,221775,847483381,60517,0,10204,0,32911424,29986176,2925248,25017024,16252864,16228288
2026-05-13T15:22:49+01:00,server,3664816,9,221781,847487079,60517,0,10204,0,32911424,29984832,2926592,25015680,16252864,16228288
2026-05-13T15:22:50+01:00,server,3666026,9,221789,847490781,60517,0,10204,0,32911424,29988992,2922432,25019840,16252864,16228288
2026-05-13T15:22:51+01:00,server,3667255,9,221801,847494485,60517,0,10206,0,32911424,29990336,2921088,25021056,16252864,16228288
2026-05-13T15:22:52+01:00,server,3668473,9,221816,847498188,60517,0,10206,0,32911424,29989184,2922240,25019904,16252864,16228288
2026-05-13T15:22:53+01:00,server,3669697,9,221836,847501892,60517,0,10207,0,32911424,29989184,2922240,25019904,16252864,16228288
2026-05-13T15:22:54+01:00,server,3670938,9,221851,847505559,60517,0,10207,0,32911424,29987520,2923904,25018240,16252864,16228288
2026-05-13T15:22:55+01:00,server,3672161,9,221863,847509259,60517,0,10207,0,32911424,29987008,2924416,25017728,16252864,16228288
2026-05-13T15:22:56+01:00,server,3673369,9,221877,847512959,60517,0,10207,0,32911424,29988032,2923392,25018752,16252864,16228288
2026-05-13T15:22:57+01:00,server,3674597,9,221892,847516658,60517,0,10207,0,32911424,29989120,2922304,25019840,16252864,16228288
2026-05-13T15:22:58+01:00,server,3675821,9,221901,847520357,60517,0,10209,0,32911424,29988608,2922816,25019328,16252864,16228288
2026-05-13T15:22:59+01:00,server,3677012,9,221913,847524059,60517,0,10211,0,32911424,29988608,2922816,25019328,16252864,16228288
2026-05-13T15:23:01+01:00,server,3678240,9,221928,847527761,60517,0,10212,0,32911424,29986304,2925120,25017024,16252864,16228288
2026-05-13T15:23:02+01:00,server,3679461,9,221942,847531460,60517,0,10213,0,32911424,29986496,2924928,25017216,16252864,16228288
2026-05-13T15:23:03+01:00,server,3680667,9,221947,847535167,60517,0,10214,0,32911424,29985536,2925888,25016192,16252864,16228288
2026-05-13T15:23:04+01:00,server,3681878,9,221961,847538869,60517,0,10217,0,32911424,29988224,2923200,25018880,16252864,16228288
2026-05-13T15:23:05+01:00,server,3683095,9,221975,847542571,60517,0,10218,0,32911424,29986880,2924544,25017536,16252864,16228288
2026-05-13T15:23:06+01:00,server,3684313,9,221988,847546274,60517,0,10218,0,32911424,29987456,2923968,25018112,16252864,16228288
2026-05-13T15:23:07+01:00,server,3685530,9,222001,847549976,60517,0,10218,0,32911424,29986304,2925120,25016960,16252864,16228288
2026-05-13T15:23:08+01:00,server,3686752,9,222016,847553675,60517,0,10218,0,32911424,29986560,2924864,25017216,16252864,16228288
2026-05-13T15:23:09+01:00,server,3687984,9,222024,847557378,60517,0,10218,0,32911424,29988288,2923136,25018944,16252864,16228288
2026-05-13T15:23:10+01:00,server,3689204,9,222038,847561054,60517,0,10218,0,32911424,29985792,2925632,25016448,16252864,16228288
2026-05-13T15:23:11+01:00,server,3690431,9,222048,847564758,60517,0,10219,0,32911424,29984704,2926720,25015360,16252864,16228288
2026-05-13T15:23:12+01:00,server,3691663,9,222056,847568463,60517,0,10219,0,32911424,29988480,2922944,25019136,16252864,16228288
2026-05-13T15:23:13+01:00,server,3692892,9,222065,847572164,60517,0,10219,0,32911424,29984064,2927360,25014720,16252864,16228288
2026-05-13T15:23:14+01:00,server,3694099,9,222076,847575867,60517,0,10219,0,32911424,29985664,2925760,25016320,16252864,16228288
2026-05-13T15:23:15+01:00,server,3695324,9,222085,847579575,60517,0,10219,0,32911424,29985280,2926144,25015936,16252864,16228288
2026-05-13T15:23:16+01:00,server,3696554,9,222092,847583281,60517,0,10219,0,32911424,29985280,2926144,25015936,16252864,16228288
2026-05-13T15:23:17+01:00,server,3697762,9,222105,847586990,60517,0,10221,0,32911424,29986304,2925120,25016960,16252864,16228288
2026-05-13T15:23:18+01:00,server,3698968,9,222119,847590690,60517,0,10221,0,32911424,29985920,2925504,25016576,16252864,16228288
2026-05-13T15:23:19+01:00,server,3700177,9,222134,847594390,60517,0,10223,0,32911424,29985536,2925888,25016192,16252864,16228288
2026-05-13T15:23:20+01:00,server,3701396,9,222143,847598097,60517,0,10223,0,32911424,29985344,2926080,25016000,16252864,16228288
2026-05-13T15:23:21+01:00,server,3702601,9,222154,847601797,60517,0,10223,0,32911424,29987712,2923712,25018368,16252864,16228288
2026-05-13T15:23:22+01:00,server,3703821,9,222166,847605499,60517,0,10223,0,32911424,29984256,2927168,25014912,16252864,16228288
2026-05-13T15:23:23+01:00,server,3705042,9,222180,847609208,60517,0,10224,0,32911424,29985600,2925824,25016256,16252864,16228288
2026-05-13T15:23:24+01:00,server,3706268,9,222189,847612913,60517,0,10224,0,32911424,29984128,2927296,25014784,16252864,16228288
2026-05-13T15:23:25+01:00,server,3707466,9,222214,847616607,60517,0,10224,0,32911424,29980032,2931392,25010688,16252864,16228288
2026-05-13T15:23:26+01:00,server,3708689,9,222224,847620296,60517,0,10225,0,32911424,29975040,2936384,25005696,16252864,16228288
2026-05-13T15:23:27+01:00,server,3709916,9,222232,847623996,60517,0,10226,0,32911424,29977152,2934272,25007808,16252864,16228288
2026-05-13T15:23:28+01:00,server,3711131,9,222238,847627697,60517,0,10227,0,32911424,29975872,2935552,25006528,16252864,16228288
2026-05-13T15:23:29+01:00,server,3712349,9,222247,847631389,60517,0,10229,0,32911424,29976448,2934976,25007104,16252864,16228288
2026-05-13T15:23:30+01:00,server,3713569,9,222263,847635089,60517,0,10229,0,32911424,29975296,2936128,25005952,16252864,16228288
2026-05-13T15:23:31+01:00,server,3714810,9,222271,847638788,60517,0,10229,0,32911424,29976768,2934656,25007424,16252864,16228288
2026-05-13T15:23:32+01:00,server,3716025,9,222283,847642481,60517,0,10231,0,32911424,29977152,2934272,25007808,16252864,16228288
2026-05-13T15:23:33+01:00,server,3717262,9,222297,847646183,60517,0,10231,0,32911424,29977152,2934272,25007808,16252864,16228288
2026-05-13T15:23:34+01:00,server,3718483,9,222313,847649878,60517,0,10231,0,32911424,29976768,2934656,25007424,16252864,16228288
2026-05-13T15:23:35+01:00,server,3719714,9,222325,847653575,60517,0,10231,0,32911424,29976576,2934848,25007232,16252864,16228288
2026-05-13T15:23:37+01:00,server,3720945,9,222335,847657269,60517,0,10231,0,32911424,29976576,2934848,25007232,16252864,16228288
2026-05-13T15:23:38+01:00,server,3722181,9,222346,847660966,60517,0,10231,0,32911424,29977920,2933504,25008576,16252864,16228288
2026-05-13T15:23:39+01:00,server,3723409,9,222356,847664670,60517,0,10231,0,32911424,29977152,2934272,25007808,16252864,16228288
2026-05-13T15:23:40+01:00,server,3724650,9,222377,847668337,60517,0,10233,0,32911424,29976064,2935360,25006720,16252864,16228288
2026-05-13T15:23:41+01:00,server,3725874,9,222385,847672042,60517,0,10233,0,32911424,29977280,2934144,25007936,16252864,16228288
2026-05-13T15:23:42+01:00,server,3727101,9,222398,847675743,60517,0,10233,0,32911424,29978368,2933056,25009024,16252864,16228288
2026-05-13T15:23:43+01:00,server,3728306,9,222411,847679439,60517,0,10233,0,32911424,29977600,2933824,25008256,16252864,16228288
2026-05-13T15:23:44+01:00,server,3729536,9,222423,847683135,60517,0,10233,0,32911424,29978560,2932864,25009216,16252864,16228288
2026-05-13T15:23:45+01:00,server,3730774,9,222432,847686834,60517,0,10233,0,32911424,29978752,2932672,25009408,16252864,16228288
2026-05-13T15:23:46+01:00,server,3731992,9,222450,847690531,60517,0,10233,0,32911424,29978176,2933248,25008832,16252864,16228288
2026-05-13T15:23:47+01:00,server,3733224,9,222461,847694230,60517,0,10234,0,32911424,29977728,2933696,25008384,16252864,16228288
2026-05-13T15:23:48+01:00,server,3734457,9,222475,847697926,60517,0,10234,0,32911424,29975616,2935808,25006272,16252864,16228288
2026-05-13T15:23:49+01:00,server,3735679,9,222488,847701623,60517,0,10234,0,32911424,29976512,2934912,25007168,16252864,16228288
2026-05-13T15:23:50+01:00,server,3736912,9,222500,847705318,60517,0,10235,0,32911424,29975040,2936384,25005696,16252864,16228288
2026-05-13T15:23:51+01:00,server,3738130,9,222513,847709014,60517,0,10236,0,32911424,29977920,2933504,25008576,16252864,16228288
2026-05-13T15:23:52+01:00,server,3739351,9,222526,847712711,60517,0,10236,0,32911424,29976192,2935232,25006848,16252864,16228288
2026-05-13T15:23:53+01:00,server,3740571,9,222539,847716414,60517,0,10236,0,32911424,29977536,2933888,25008192,16252864,16228288
2026-05-13T15:23:54+01:00,server,3741784,9,222546,847720121,60517,0,10236,0,32911424,29977600,2933824,25008256,16252864,16228288
2026-05-13T15:23:55+01:00,server,3743014,9,222558,847723788,60517,0,10236,0,32911424,29978176,2933248,25008768,16252864,16228288
2026-05-13T15:23:56+01:00,server,3744238,9,222568,847727485,60517,0,10238,0,32911424,29977728,2933696,25008320,16252864,16228288
2026-05-13T15:23:57+01:00,server,3745465,9,222578,847731183,60517,0,10238,0,32911424,29978240,2933184,25008832,16252864,16228288
2026-05-13T15:23:58+01:00,server,3746673,9,222590,847734881,60517,0,10239,0,32911424,29976192,2935232,25006784,16252864,16228288
2026-05-13T15:23:59+01:00,server,3747893,9,222601,847738580,60517,0,10239,0,32911424,29974336,2937088,25004928,16252864,16228288
2026-05-13T15:24:00+01:00,server,3749132,9,222611,847742279,60517,0,10240,0,32911424,29976256,2935168,25006848,16252864,16228288
2026-05-13T15:24:01+01:00,server,3750358,9,222625,847745983,60517,0,10240,0,32911424,29976000,2935424,25006592,16252864,16228288
2026-05-13T15:24:02+01:00,server,3751588,9,222636,847749685,60517,0,10240,0,32911424,29977408,2934016,25008000,16252864,16228288
2026-05-13T15:24:03+01:00,server,3752785,9,222654,847753411,60517,0,10240,0,32911424,29975296,2936128,25005888,16252864,16228288
2026-05-13T15:24:04+01:00,server,3754018,9,222668,847757102,60517,0,10240,0,32911424,29973376,2938048,25003968,16252864,16228288
2026-05-13T15:24:05+01:00,server,3755252,9,222682,847760799,60517,0,10240,0,32911424,29973952,2937472,25004544,16252864,16228288
2026-05-13T15:24:06+01:00,server,3756476,9,222687,847764497,60517,0,10240,0,32911424,29978176,2933248,25008768,16252864,16228288
2026-05-13T15:24:07+01:00,server,3757708,9,222705,847768183,60517,0,10241,0,32911424,29979776,2931648,25010368,16252864,16228288
2026-05-13T15:24:08+01:00,server,3758942,9,222714,847771884,60517,0,10242,0,32911424,29979584,2931840,25010176,16252864,16228288
2026-05-13T15:24:09+01:00,server,3760208,9,222734,847775536,60517,0,10242,0,32911424,29980608,2930816,25011200,16252864,16228288
2026-05-13T15:24:10+01:00,server,3761443,9,222748,847779225,60517,0,10242,0,32911424,29979072,2932352,25009664,16252864,16228288
2026-05-13T15:24:11+01:00,server,3762676,9,222760,847782916,60517,0,10242,0,32911424,29979264,2932160,25009856,16252864,16228288
2026-05-13T15:24:12+01:00,server,3763896,9,222773,847786606,60517,0,10243,0,32911424,29979968,2931456,25010560,16252864,16228288
2026-05-13T15:24:14+01:00,server,3765121,9,222782,847790296,60517,0,10243,0,32911424,29980224,2931200,25010816,16252864,16228288
2026-05-13T15:24:15+01:00,server,3766357,9,222796,847793990,60517,0,10243,0,32911424,29980352,2931072,25010944,16252864,16228288
2026-05-13T15:24:16+01:00,server,3767577,9,222811,847797680,60517,0,10243,0,32911424,29977280,2934144,25007872,16252864,16228288
2026-05-13T15:24:17+01:00,server,3768819,9,222823,847801374,60517,0,10243,0,32911424,29975936,2935488,25006528,16252864,16228288
2026-05-13T15:24:18+01:00,server,3770034,9,222837,847805066,60517,0,10244,0,32911424,29977856,2933568,25008448,16252864,16228288
2026-05-13T15:24:19+01:00,server,3771252,9,222843,847808769,60517,0,10244,0,32911424,29979776,2931648,25010368,16252864,16228288
2026-05-13T15:24:20+01:00,server,3772481,9,222853,847812465,60517,0,10245,0,32911424,29980736,2930688,25011328,16252864,16228288
2026-05-13T15:24:21+01:00,server,3773706,9,222862,847816157,60517,0,10245,0,32911424,29979968,2931456,25010560,16252864,16228288
2026-05-13T15:24:22+01:00,server,3774931,9,222875,847819849,60517,0,10246,0,32911424,29979008,2932416,25009600,16252864,16228288
2026-05-13T15:24:23+01:00,server,3776149,9,222888,847823542,60517,0,10248,0,32911424,29980544,2930880,25011136,16252864,16228288
2026-05-13T15:24:24+01:00,server,3777385,9,222900,847827236,60517,0,10249,0,32911424,29980544,2930880,25011136,16252864,16228288
2026-05-13T15:24:25+01:00,server,3778626,9,222916,847830897,60517,0,10249,0,32911424,29979072,2932352,25009664,16252864,16228288
2026-05-13T15:24:26+01:00,server,3779851,9,222932,847834591,60517,0,10249,0,32911424,29978496,2932928,25009088,16252864,16228288
2026-05-13T15:24:27+01:00,server,3781057,9,222944,847838285,60517,0,10249,0,32911424,29977792,2933632,25008384,16252864,16228288
2026-05-13T15:24:28+01:00,server,3782279,9,222953,847841979,60517,0,10250,0,32911424,29979392,2932032,25009984,16252864,16228288
2026-05-13T15:24:29+01:00,server,3783517,9,222965,847845673,60517,0,10252,0,32911424,29979008,2932416,25009600,16252864,16228288
2026-05-13T15:24:30+01:00,server,3784745,9,222978,847849368,60517,0,10252,0,32911424,29976768,2934656,25007360,16252864,16228288
2026-05-13T15:24:31+01:00,server,3785956,9,222985,847853068,60517,0,10253,0,32911424,29976960,2934464,25007552,16252864,16228288
2026-05-13T15:24:32+01:00,server,3787177,9,222998,847856773,60517,0,10254,0,32911424,29978304,2933120,25008896,16252864,16228288
2026-05-13T15:24:33+01:00,server,3788392,9,223018,847860471,60517,0,10254,0,32911424,29978688,2932736,25009280,16252864,16228288
2026-05-13T15:24:34+01:00,server,3789619,9,223031,847864168,60517,0,10255,0,32911424,29979456,2931968,25010048,16252864,16228288
2026-05-13T15:24:35+01:00,server,3790837,9,223043,847867866,60517,0,10255,0,32911424,29978688,2932736,25009280,16252864,16228288
2026-05-13T15:24:36+01:00,server,3792064,9,223056,847871568,60517,0,10255,0,32911424,29979264,2932160,25009856,16252864,16228288
2026-05-13T15:24:37+01:00,server,3793286,9,223069,847875266,60517,0,10255,0,32911424,29978368,2933056,25008960,16252864,16228288
2026-05-13T15:24:38+01:00,server,3794510,9,223080,847878964,60517,0,10257,0,32911424,29979328,2932096,25009920,16252864,16228288
2026-05-13T15:24:39+01:00,server,3795731,9,223089,847882660,60517,0,10258,0,32911424,29978944,2932480,25009536,16252864,16228288
2026-05-13T15:24:40+01:00,server,3796952,9,223102,847886354,60517,0,10259,0,32911424,29979776,2931648,25010368,16252864,16228288
2026-05-13T15:24:41+01:00,server,3798184,9,223117,847890044,60517,0,10261,0,32911424,29980736,2930688,25011328,16252864,16228288
2026-05-13T15:24:42+01:00,server,3799400,9,223132,847893732,60517,0,10261,0,32911424,29975616,2935808,25006208,16252864,16228288
2026-05-13T15:24:43+01:00,server,3800625,9,223142,847897423,60517,0,10261,0,32911424,29975424,2936000,25006016,16252864,16228288
2026-05-13T15:24:44+01:00,server,3801850,9,223145,847901127,60517,0,10261,0,32911424,29978304,2933120,25008896,16252864,16228288
2026-05-13T15:24:45+01:00,server,3803083,9,223157,847904819,60517,0,10261,0,32911424,29979072,2932352,25009664,16252864,16228288
2026-05-13T15:24:46+01:00,server,3804309,9,223166,847908509,60517,0,10263,0,32911424,29979456,2931968,25010048,16252864,16228288
2026-05-13T15:24:47+01:00,server,3805543,9,223178,847912218,60517,0,10263,0,32911424,29979264,2932160,25009856,16252864,16228288
2026-05-13T15:24:48+01:00,server,3806782,9,223191,847915906,60517,0,10263,0,32911424,29978880,2932544,25009472,16252864,16228288
2026-05-13T15:24:50+01:00,server,3808007,9,223209,847919598,60517,0,10263,0,32911424,29979264,2932160,25009856,16252864,16228288
2026-05-13T15:24:51+01:00,server,3809242,9,223220,847923287,60517,0,10264,0,32911424,29978688,2932736,25009280,16252864,16228288
2026-05-13T15:24:52+01:00,server,3810448,9,223245,847926976,60517,0,10264,0,32911424,29979840,2931584,25010432,16252864,16228288
2026-05-13T15:24:53+01:00,server,3811678,9,223261,847930666,60517,0,10264,0,32911424,29979456,2931968,25010048,16252864,16228288
2026-05-13T15:24:54+01:00,server,3812918,9,223270,847934359,60517,0,10265,0,32911424,29979648,2931776,25010240,16252864,16228288
2026-05-13T15:24:55+01:00,server,3814153,9,223287,847938017,60517,0,10265,0,32911424,29980032,2931392,25010624,16252864,16228288
2026-05-13T15:24:56+01:00,server,3815391,9,223298,847941709,60517,0,10266,0,32911424,29976000,2935424,25006592,16252864,16228288
2026-05-13T15:24:57+01:00,server,3816614,9,223304,847945404,60517,0,10266,0,32911424,29976832,2934592,25007424,16252864,16228288
2026-05-13T15:24:58+01:00,server,3817843,9,223313,847949104,60517,0,10266,0,32911424,29979328,2932096,25009920,16252864,16228288
2026-05-13T15:24:59+01:00,server,3819071,9,223327,847952797,60517,0,10267,0,32911424,29978304,2933120,25008896,16252864,16228288
2026-05-13T15:25:00+01:00,server,3820299,9,223342,847956488,60517,0,10267,0,32911424,29978496,2932928,25009088,16252864,16228288
2026-05-13T15:25:01+01:00,server,3821510,9,223358,847960183,60517,0,10267,0,32911424,29978496,2932928,25009088,16252864,16228288
2026-05-13T15:25:02+01:00,server,3822741,9,223372,847963872,60517,0,10267,0,32911424,29974464,2936960,25005056,16252864,16228288
2026-05-13T15:25:03+01:00,server,3823973,9,223387,847967566,60517,0,10267,0,32911424,29974592,2936832,25005248,16252864,16228288
2026-05-13T15:25:04+01:00,server,3825189,9,223404,847971260,60517,0,10267,0,32911424,29973632,2937792,25004288,16252864,16228288
2026-05-13T15:25:05+01:00,server,3826402,9,223424,847974956,60517,0,10267,0,32911424,29975936,2935488,25006592,16252864,16228288
2026-05-13T15:25:06+01:00,server,3827628,9,223440,847978652,60517,0,10268,0,32911424,29974208,2937216,25004864,16252864,16228288
2026-05-13T15:25:07+01:00,server,3828858,9,223451,847982350,60517,0,10268,0,32911424,29975232,2936192,25006016,16252864,16228288
2026-05-13T15:25:08+01:00,server,3830086,9,223459,847986048,60517,0,10270,0,32911424,29970880,2940544,25001600,16252864,16228288
2026-05-13T15:25:09+01:00,server,3831317,9,223467,847989750,60517,0,10270,0,32911424,29971648,2939776,25002368,16252864,16228288
2026-05-13T15:25:10+01:00,server,3832595,9,223472,847993427,60517,0,10270,0,32911424,29972800,2938624,25003520,16252864,16228288
2026-05-13T15:25:11+01:00,server,3833826,9,223476,847997128,60517,0,10270,0,32911424,29974912,2936512,25005632,16252864,16228288
2026-05-13T15:25:12+01:00,server,3835061,9,223486,848000825,60517,0,10270,0,32911424,29975872,2935552,25006592,16252864,16228288
2026-05-13T15:25:13+01:00,server,3836279,9,223497,848004522,60517,0,10271,0,32911424,29975808,2935616,25006528,16252864,16228288
2026-05-13T15:25:14+01:00,server,3837504,9,223511,848008222,60517,0,10271,0,32911424,29974080,2937344,25004800,16252864,16228288
2026-05-13T15:25:15+01:00,server,3838721,9,223526,848011918,60517,0,10271,0,32911424,29972928,2938496,25003648,16252864,16228288
2026-05-13T15:25:16+01:00,server,3839948,9,223538,848015617,60517,0,10272,0,32911424,29974720,2936704,25005440,16252864,16228288
