timestamp,cpu_percent,rss_kb,vmhwm_kb
2026-05-12T19:24:44+01:00,6316,8437948,8437948
2026-05-12T19:24:45+01:00,6637,8455240,8455240
2026-05-12T19:24:47+01:00,8094,8455624,8455624
2026-05-12T19:24:49+01:00,8087,8455664,8455664
2026-05-12T19:24:50+01:00,8485,8455772,8455772
2026-05-12T19:24:51+01:00,8783,8455772,8455772
2026-05-12T19:24:52+01:00,9038,8455772,8455772
2026-05-12T19:24:53+01:00,9240,8455772,8455772
2026-05-12T19:24:54+01:00,9450,8455772,8455772
2026-05-12T19:24:55+01:00,9669,8455772,8455772
2026-05-12T19:24:56+01:00,9837,8455772,8455772
2026-05-12T19:24:57+01:00,9977,8455772,8455772
2026-05-12T19:24:58+01:00,10081,8455772,8455772
2026-05-12T19:24:59+01:00,10140,8455772,8455772
2026-05-12T19:25:00+01:00,10234,8455772,8455772
2026-05-12T19:25:01+01:00,10330,8455772,8455772
2026-05-12T19:25:03+01:00,10399,8455772,8455772
2026-05-12T19:25:04+01:00,10069,8455772,8455772
2026-05-12T19:25:05+01:00,10115,8455772,8455772
2026-05-12T19:25:06+01:00,10159,8455772,8455772
2026-05-12T19:25:07+01:00,10215,8455772,8455772
2026-05-12T19:25:08+01:00,10280,8455772,8455772
2026-05-12T19:25:09+01:00,10306,8455772,8455772
2026-05-12T19:25:10+01:00,10297,8455772,8455772
2026-05-12T19:25:11+01:00,10294,8455772,8455772
2026-05-12T19:25:12+01:00,10279,8455772,8455772
2026-05-12T19:25:13+01:00,10284,8455772,8455772
2026-05-12T19:25:14+01:00,10307,8455772,8455772
2026-05-12T19:25:15+01:00,10342,8455772,8455772
2026-05-12T19:25:16+01:00,10337,8455772,8455772
2026-05-12T19:25:17+01:00,10313,8455772,8455772
2026-05-12T19:25:18+01:00,10287,8455772,8455772
2026-05-12T19:25:19+01:00,10258,8455772,8455772
2026-05-12T19:25:20+01:00,10246,8455772,8455772
2026-05-12T19:25:22+01:00,10235,8455772,8455772
2026-05-12T19:25:23+01:00,10013,8455772,8455772
2026-05-12T19:25:24+01:00,9996,8455772,8455772
2026-05-12T19:25:25+01:00,9984,8455772,8455772
2026-05-12T19:25:26+01:00,9975,8455772,8455772
2026-05-12T19:25:27+01:00,9996,8455772,8455772
2026-05-12T19:25:28+01:00,10004,8455772,8455772
2026-05-12T19:25:29+01:00,10030,8455772,8455772
2026-05-12T19:25:30+01:00,10039,8455772,8455772
2026-05-12T19:25:31+01:00,10034,8455772,8455772
2026-05-12T19:25:32+01:00,10006,8455772,8455772
2026-05-12T19:25:33+01:00,9982,8455772,8455772
2026-05-12T19:25:34+01:00,9956,8455772,8455772
2026-05-12T19:25:35+01:00,9926,8455772,8455772
2026-05-12T19:25:36+01:00,9895,8455772,8455772
2026-05-12T19:25:37+01:00,9884,8455772,8455772
2026-05-12T19:25:38+01:00,9880,8455772,8455772
2026-05-12T19:25:39+01:00,9868,8455772,8455772
2026-05-12T19:25:41+01:00,9855,8455772,8455772
2026-05-12T19:25:42+01:00,9681,8455772,8455772
2026-05-12T19:25:43+01:00,9676,8455772,8455772
2026-05-12T19:25:44+01:00,9659,8455772,8455772
2026-05-12T19:25:45+01:00,9661,8455772,8455772
2026-05-12T19:25:46+01:00,9678,8455772,8455772
2026-05-12T19:25:47+01:00,9692,8455772,8455772
2026-05-12T19:25:48+01:00,9701,8455772,8455772
2026-05-12T19:25:49+01:00,9688,8455772,8455772
2026-05-12T19:25:50+01:00,9671,8455772,8455772
2026-05-12T19:25:51+01:00,9666,8455772,8455772
2026-05-12T19:25:52+01:00,9666,8455772,8455772
2026-05-12T19:25:53+01:00,9667,8455772,8455772
2026-05-12T19:25:54+01:00,9674,8455772,8455772
2026-05-12T19:25:55+01:00,9669,8455772,8455772
2026-05-12T19:25:56+01:00,9664,8455772,8455772
2026-05-12T19:25:57+01:00,9665,8455772,8455772
2026-05-12T19:25:58+01:00,9656,8455772,8455772
2026-05-12T19:26:00+01:00,9645,8455772,8455772
2026-05-12T19:26:01+01:00,9531,8455772,8455772
2026-05-12T19:26:02+01:00,9523,8455772,8455772
2026-05-12T19:26:03+01:00,9519,8455772,8455772
2026-05-12T19:26:04+01:00,9507,8455772,8455772
2026-05-12T19:26:05+01:00,9497,8455772,8455772
2026-05-12T19:26:06+01:00,9483,8455772,8455772
2026-05-12T19:26:07+01:00,9474,8455772,8455772
2026-05-12T19:26:08+01:00,9477,8455772,8455772
2026-05-12T19:26:09+01:00,9484,8455772,8455772
2026-05-12T19:26:10+01:00,9491,8455772,8455772
2026-05-12T19:26:11+01:00,9478,8455772,8455772
2026-05-12T19:26:12+01:00,9462,8455772,8455772
2026-05-12T19:26:13+01:00,9450,8455772,8455772
2026-05-12T19:26:14+01:00,9438,8455772,8455772
2026-05-12T19:26:15+01:00,9428,8455772,8455772
2026-05-12T19:26:16+01:00,9424,8455772,8455772
2026-05-12T19:26:17+01:00,9418,8455772,8455772
2026-05-12T19:26:19+01:00,9318,8455772,8455772
2026-05-12T19:26:20+01:00,9311,8455772,8455772
2026-05-12T19:26:21+01:00,9312,8455772,8455772
2026-05-12T19:26:22+01:00,9310,8455772,8455772
2026-05-12T19:26:23+01:00,9313,8455772,8455772
2026-05-12T19:26:24+01:00,9309,8455772,8455772
2026-05-12T19:26:25+01:00,9302,8455772,8455772
2026-05-12T19:26:26+01:00,9293,8455840,8455840
2026-05-12T19:26:27+01:00,9291,8455840,8455840
2026-05-12T19:26:28+01:00,9301,8455840,8455840
2026-05-12T19:26:29+01:00,9304,8455840,8455840
2026-05-12T19:26:30+01:00,9299,8455840,8455840
2026-05-12T19:26:31+01:00,9301,8455840,8455840
2026-05-12T19:26:32+01:00,9312,8455840,8455840
2026-05-12T19:26:33+01:00,9317,8455840,8455840
2026-05-12T19:26:34+01:00,9314,8455840,8455840
2026-05-12T19:26:35+01:00,9320,8455840,8455840
2026-05-12T19:26:36+01:00,9316,8455840,8455840
2026-05-12T19:26:38+01:00,9239,8455840,8455840
2026-05-12T19:26:39+01:00,9240,8455840,8455840
2026-05-12T19:26:40+01:00,9241,8455840,8455840
2026-05-12T19:26:41+01:00,9232,8455840,8455840
2026-05-12T19:26:42+01:00,9224,8455840,8455840
2026-05-12T19:26:43+01:00,9211,8455840,8455840
2026-05-12T19:26:44+01:00,9198,8455840,8455840
2026-05-12T19:26:45+01:00,9190,8455840,8455840
2026-05-12T19:26:46+01:00,9176,8455840,8455840
2026-05-12T19:26:47+01:00,9168,8455840,8455840
2026-05-12T19:26:48+01:00,9161,8455840,8455840
2026-05-12T19:26:49+01:00,9156,8455840,8455840
2026-05-12T19:26:50+01:00,9147,8455840,8455840
2026-05-12T19:26:51+01:00,9135,8455840,8455840
2026-05-12T19:26:52+01:00,9126,8455840,8455840
2026-05-12T19:26:53+01:00,9118,8455840,8455840
2026-05-12T19:26:54+01:00,9113,8455840,8455840
2026-05-12T19:26:55+01:00,9109,8455840,8455840
2026-05-12T19:26:57+01:00,9100,8455840,8455840
2026-05-12T19:26:58+01:00,9031,8455840,8455840
2026-05-12T19:26:59+01:00,9027,8455840,8455840
2026-05-12T19:27:00+01:00,9025,8455840,8455840
2026-05-12T19:27:01+01:00,9031,8455840,8455840
2026-05-12T19:27:02+01:00,9037,8455840,8455840
2026-05-12T19:27:03+01:00,9040,8455840,8455840
2026-05-12T19:27:04+01:00,9038,8455840,8455840
2026-05-12T19:27:05+01:00,9028,8455840,8455840
2026-05-12T19:27:06+01:00,9022,8455840,8455840
2026-05-12T19:27:07+01:00,9016,8455840,8455840
2026-05-12T19:27:08+01:00,9010,8455840,8455840
2026-05-12T19:27:09+01:00,9006,8455840,8455840
2026-05-12T19:27:10+01:00,9005,8455840,8455840
2026-05-12T19:27:11+01:00,9010,8455840,8455840
2026-05-12T19:27:12+01:00,9020,8455840,8455840
2026-05-12T19:27:13+01:00,9025,8455840,8455840
2026-05-12T19:27:15+01:00,8971,8455840,8455840
2026-05-12T19:27:16+01:00,8969,8455840,8455840
2026-05-12T19:27:17+01:00,8967,8455840,8455840
2026-05-12T19:27:18+01:00,8968,8455840,8455840
2026-05-12T19:27:19+01:00,8969,8455840,8455840
2026-05-12T19:27:20+01:00,8966,8455840,8455840
2026-05-12T19:27:21+01:00,8968,8455840,8455840
2026-05-12T19:27:22+01:00,8972,8455840,8455840
2026-05-12T19:27:23+01:00,8974,8455840,8455840
2026-05-12T19:27:24+01:00,8977,8455840,8455840
2026-05-12T19:27:25+01:00,8977,8455840,8455840
2026-05-12T19:27:26+01:00,8970,8455840,8455840
2026-05-12T19:27:27+01:00,8961,8455840,8455840
2026-05-12T19:27:28+01:00,8955,8455840,8455840
2026-05-12T19:27:29+01:00,8952,8455840,8455840
2026-05-12T19:27:30+01:00,8948,8455840,8455840
2026-05-12T19:27:31+01:00,8946,8455840,8455840
2026-05-12T19:27:32+01:00,8943,8455840,8455840
2026-05-12T19:27:34+01:00,8944,8455840,8455840
2026-05-12T19:27:35+01:00,8888,8455840,8455840
2026-05-12T19:27:36+01:00,8879,8455840,8455840
2026-05-12T19:27:37+01:00,8870,8455840,8455840
2026-05-12T19:27:38+01:00,8864,8455840,8455840
2026-05-12T19:27:39+01:00,8856,8455840,8455840
2026-05-12T19:27:40+01:00,8850,8455840,8455840
2026-05-12T19:27:41+01:00,8843,8455840,8455840
2026-05-12T19:27:42+01:00,8836,8455840,8455840
2026-05-12T19:27:43+01:00,8839,8455840,8455840
2026-05-12T19:27:44+01:00,8841,8455840,8455840
2026-05-12T19:27:45+01:00,8839,8455840,8455840
2026-05-12T19:27:46+01:00,8836,8455840,8455840
2026-05-12T19:27:47+01:00,8835,8455840,8455840
2026-05-12T19:27:48+01:00,8832,8455840,8455840
2026-05-12T19:27:49+01:00,8831,8455840,8455840
2026-05-12T19:27:50+01:00,8826,8455840,8455840
2026-05-12T19:27:51+01:00,8822,8455840,8455840
2026-05-12T19:27:53+01:00,8822,8455840,8455840
2026-05-12T19:27:54+01:00,8779,8455840,8455840
2026-05-12T19:27:55+01:00,8783,8455840,8455840
2026-05-12T19:27:56+01:00,8787,8455840,8455840
2026-05-12T19:27:57+01:00,8790,8455840,8455840
2026-05-12T19:27:58+01:00,8785,8455840,8455840
2026-05-12T19:27:59+01:00,8780,8455840,8455840
2026-05-12T19:28:00+01:00,8780,8455840,8455840
2026-05-12T19:28:01+01:00,8777,8455840,8455840
2026-05-12T19:28:02+01:00,8776,8455840,8455840
2026-05-12T19:28:03+01:00,8780,8455840,8455840
2026-05-12T19:28:04+01:00,8788,8455840,8455840
2026-05-12T19:28:05+01:00,8797,8455840,8455840
2026-05-12T19:28:06+01:00,8807,8455840,8455840
2026-05-12T19:28:07+01:00,8817,8455840,8455840
2026-05-12T19:28:08+01:00,8827,8455840,8455840
2026-05-12T19:28:09+01:00,8833,8455840,8455840
2026-05-12T19:28:10+01:00,8838,8455840,8455840
2026-05-12T19:28:11+01:00,8844,8455840,8455840
2026-05-12T19:28:13+01:00,8844,8455840,8455840
2026-05-12T19:28:14+01:00,8800,8455840,8455840
2026-05-12T19:28:15+01:00,8795,8455840,8455840
2026-05-12T19:28:16+01:00,8792,8455840,8455840
2026-05-12T19:28:17+01:00,8795,8455840,8455840
2026-05-12T19:28:18+01:00,8793,8455840,8455840
2026-05-12T19:28:19+01:00,8794,8455840,8455840
2026-05-12T19:28:20+01:00,8803,8455840,8455840
2026-05-12T19:28:21+01:00,8815,8455840,8455840
2026-05-12T19:28:22+01:00,8825,8455840,8455840
2026-05-12T19:28:23+01:00,8836,8455840,8455840
2026-05-12T19:28:24+01:00,8848,8455840,8455840
2026-05-12T19:28:25+01:00,8861,8455840,8455840
2026-05-12T19:28:26+01:00,8868,8455840,8455840
2026-05-12T19:28:27+01:00,8870,8455840,8455840
2026-05-12T19:28:28+01:00,8871,8455840,8455840
2026-05-12T19:28:29+01:00,8870,8455840,8455840
2026-05-12T19:28:30+01:00,8865,8455840,8455840
2026-05-12T19:28:32+01:00,8825,8455840,8455840
2026-05-12T19:28:33+01:00,8821,8455840,8455840
2026-05-12T19:28:34+01:00,8818,8455840,8455840
2026-05-12T19:28:35+01:00,8816,8455840,8455840
2026-05-12T19:28:36+01:00,8816,8455840,8455840
2026-05-12T19:28:37+01:00,8816,8455840,8455840
2026-05-12T19:28:38+01:00,8818,8455840,8455840
2026-05-12T19:28:39+01:00,8818,8455840,8455840
2026-05-12T19:28:40+01:00,8817,8455840,8455840
2026-05-12T19:28:41+01:00,8815,8455840,8455840
2026-05-12T19:28:42+01:00,8813,8455840,8455840
2026-05-12T19:28:43+01:00,8816,8455840,8455840
2026-05-12T19:28:44+01:00,8823,8455840,8455840
2026-05-12T19:28:45+01:00,8830,8455840,8455840
2026-05-12T19:28:46+01:00,8834,8455840,8455840
2026-05-12T19:28:47+01:00,8835,8455840,8455840
2026-05-12T19:28:48+01:00,8838,8455840,8455840
2026-05-12T19:28:49+01:00,8843,8455840,8455840
2026-05-12T19:28:51+01:00,8849,8455840,8455840
2026-05-12T19:28:52+01:00,8826,8455840,8455840
2026-05-12T19:28:53+01:00,8836,8455840,8455840
2026-05-12T19:28:54+01:00,8849,8455840,8455840
2026-05-12T19:28:55+01:00,8862,8455840,8455840
2026-05-12T19:28:56+01:00,8875,8455840,8455840
2026-05-12T19:28:57+01:00,8882,8455840,8455840
2026-05-12T19:28:58+01:00,8881,8455840,8455840
2026-05-12T19:28:59+01:00,8883,8455840,8455840
2026-05-12T19:29:00+01:00,8881,8455840,8455840
2026-05-12T19:29:01+01:00,8880,8455840,8455840
2026-05-12T19:29:02+01:00,8879,8455840,8455840
2026-05-12T19:29:03+01:00,8880,8455840,8455840
2026-05-12T19:29:04+01:00,8881,8455840,8455840
2026-05-12T19:29:05+01:00,8879,8455840,8455840
2026-05-12T19:29:06+01:00,8876,8455840,8455840
2026-05-12T19:29:07+01:00,8871,8455840,8455840
2026-05-12T19:29:08+01:00,8871,8455840,8455840
2026-05-12T19:29:10+01:00,8838,8455840,8455840
2026-05-12T19:29:11+01:00,8836,8455840,8455840
2026-05-12T19:29:12+01:00,8836,8455840,8455840
2026-05-12T19:29:13+01:00,8836,8455840,8455840
2026-05-12T19:29:14+01:00,8837,8455840,8455840
2026-05-12T19:29:15+01:00,8838,8455840,8455840
2026-05-12T19:29:16+01:00,8843,8455840,8455840
2026-05-12T19:29:17+01:00,8848,8455840,8455840
2026-05-12T19:29:18+01:00,8848,8455840,8455840
2026-05-12T19:29:19+01:00,8848,8455840,8455840
2026-05-12T19:29:20+01:00,8851,8455840,8455840
2026-05-12T19:29:21+01:00,8857,8455840,8455840
2026-05-12T19:29:22+01:00,8864,8455840,8455840
2026-05-12T19:29:23+01:00,8874,8455840,8455840
2026-05-12T19:29:24+01:00,8883,8455840,8455840
2026-05-12T19:29:25+01:00,8895,8455840,8455840
2026-05-12T19:29:26+01:00,8907,8455840,8455840
2026-05-12T19:29:28+01:00,8922,8455840,8455840
2026-05-12T19:29:29+01:00,8916,8455840,8455840
2026-05-12T19:29:30+01:00,8953,8455840,8455840
2026-05-12T19:29:32+01:00,8956,8455840,8455840
2026-05-12T19:29:33+01:00,8987,8455840,8455840
2026-05-12T19:29:34+01:00,9002,8455840,8455840
2026-05-12T19:29:35+01:00,9016,8455840,8455840
2026-05-12T19:29:37+01:00,9015,8455840,8455840
2026-05-12T19:29:38+01:00,9042,8455840,8455840
2026-05-12T19:29:39+01:00,9052,8455840,8455840
2026-05-12T19:29:40+01:00,9063,8455840,8455840
2026-05-12T19:29:41+01:00,9074,8455840,8455840
2026-05-12T19:29:43+01:00,9086,8455840,8455840
2026-05-12T19:29:44+01:00,9066,8455840,8455840
2026-05-12T19:29:45+01:00,9070,8455840,8455840
2026-05-12T19:29:46+01:00,9072,8455840,8455840
2026-05-12T19:29:47+01:00,9070,8455840,8455840
2026-05-12T19:29:48+01:00,9069,8455840,8455840
2026-05-12T19:29:49+01:00,9069,8455840,8455840
2026-05-12T19:29:50+01:00,9071,8455840,8455840
2026-05-12T19:29:51+01:00,9075,8455840,8455840
2026-05-12T19:29:52+01:00,9078,8455840,8455840
2026-05-12T19:29:53+01:00,9083,8455840,8455840
2026-05-12T19:29:54+01:00,9089,8455840,8455840
2026-05-12T19:29:55+01:00,9093,8455840,8455840
2026-05-12T19:29:57+01:00,9099,8455840,8455840
2026-05-12T19:29:58+01:00,9079,8455840,8455840
2026-05-12T19:29:59+01:00,9085,8455840,8455840
2026-05-12T19:30:00+01:00,9089,8455840,8455840
2026-05-12T19:30:01+01:00,9092,8455840,8455840
2026-05-12T19:30:02+01:00,9095,8455840,8455840
2026-05-12T19:30:03+01:00,9096,8455840,8455840
2026-05-12T19:30:04+01:00,9100,8455840,8455840
2026-05-12T19:30:06+01:00,9082,8455840,8455840
2026-05-12T19:30:07+01:00,9094,8455840,8455840
2026-05-12T19:30:08+01:00,9106,8455840,8455840
2026-05-12T19:30:09+01:00,9117,8455840,8455840
2026-05-12T19:30:10+01:00,9129,8455840,8455840
2026-05-12T19:30:11+01:00,9135,8455840,8455840
2026-05-12T19:30:12+01:00,9137,8455840,8455840
2026-05-12T19:30:13+01:00,9135,8455840,8455840
2026-05-12T19:30:15+01:00,9106,8455840,8455840
2026-05-12T19:30:16+01:00,9105,8455840,8455840
2026-05-12T19:30:17+01:00,9104,8455840,8455840
2026-05-12T19:30:18+01:00,9107,8455840,8455840
2026-05-12T19:30:19+01:00,9110,8455840,8455840
2026-05-12T19:30:20+01:00,9113,8455840,8455840
2026-05-12T19:30:21+01:00,9121,8455840,8455840
2026-05-12T19:30:22+01:00,9129,8455840,8455840
2026-05-12T19:30:23+01:00,9140,8455840,8455840
2026-05-12T19:30:24+01:00,9150,8455840,8455840
2026-05-12T19:30:25+01:00,9164,8455840,8455840
2026-05-12T19:30:27+01:00,9165,8455840,8455840
2026-05-12T19:30:28+01:00,9176,8455840,8455840
2026-05-12T19:30:29+01:00,9183,8455840,8455840
2026-05-12T19:30:30+01:00,9188,8455840,8455840
2026-05-12T19:30:31+01:00,9192,8455840,8455840
2026-05-12T19:30:32+01:00,9197,8455840,8455840
2026-05-12T19:30:33+01:00,9198,8455840,8455840
2026-05-12T19:30:34+01:00,9197,8455840,8455840
2026-05-12T19:30:35+01:00,9195,8455840,8455840
2026-05-12T19:30:37+01:00,9196,8455840,8455840
2026-05-12T19:30:38+01:00,9173,8455840,8455840
2026-05-12T19:30:39+01:00,9177,8455840,8455840
2026-05-12T19:30:40+01:00,9174,8480716,8480716
2026-05-12T19:30:41+01:00,9172,8480716,8480716
2026-05-12T19:30:42+01:00,9171,8480716,8480716
2026-05-12T19:30:43+01:00,9172,8480716,8480716
2026-05-12T19:30:44+01:00,9172,8480716,8480716
2026-05-12T19:30:45+01:00,9174,8480716,8480716
2026-05-12T19:30:46+01:00,9176,8480716,8480716
2026-05-12T19:30:47+01:00,9175,8480716,8480716
2026-05-12T19:30:48+01:00,9170,8480716,8480716
2026-05-12T19:30:49+01:00,9165,8480716,8480716
2026-05-12T19:30:50+01:00,9163,8480716,8480716
2026-05-12T19:30:51+01:00,9162,8480716,8480716
2026-05-12T19:30:52+01:00,9162,8480716,8480716
2026-05-12T19:30:53+01:00,9163,8480716,8480716
2026-05-12T19:30:54+01:00,9165,8480716,8480716
2026-05-12T19:30:56+01:00,9165,8480716,8480716
2026-05-12T19:30:57+01:00,9142,8480716,8480716
2026-05-12T19:30:58+01:00,9143,8480716,8480716
2026-05-12T19:30:59+01:00,9142,8480716,8480716
2026-05-12T19:31:00+01:00,9138,8480716,8480716
2026-05-12T19:31:01+01:00,9132,8480716,8480716
2026-05-12T19:31:02+01:00,9128,8480716,8480716
2026-05-12T19:31:03+01:00,9126,8480716,8480716
2026-05-12T19:31:04+01:00,9122,8480716,8480716
2026-05-12T19:31:05+01:00,9123,8480716,8480716
2026-05-12T19:31:06+01:00,9124,8480716,8480716
2026-05-12T19:31:07+01:00,9128,8480716,8480716
2026-05-12T19:31:08+01:00,9134,8480716,8480716
2026-05-12T19:31:09+01:00,9138,8480716,8480716
2026-05-12T19:31:10+01:00,9142,8480716,8480716
2026-05-12T19:31:11+01:00,9144,8480716,8480716
2026-05-12T19:31:12+01:00,9144,8480716,8480716
2026-05-12T19:31:13+01:00,9145,8480716,8480716
2026-05-12T19:31:15+01:00,9146,8480716,8480716
2026-05-12T19:31:16+01:00,9123,8480716,8480716
2026-05-12T19:31:17+01:00,9123,8480716,8480716
2026-05-12T19:31:18+01:00,9124,8480716,8480716
2026-05-12T19:31:19+01:00,9126,8480716,8480716
2026-05-12T19:31:20+01:00,9128,8480716,8480716
2026-05-12T19:31:21+01:00,9130,8480716,8480716
2026-05-12T19:31:22+01:00,9133,8480716,8480716
2026-05-12T19:31:23+01:00,9136,8480716,8480716
2026-05-12T19:31:24+01:00,9141,8480716,8480716
2026-05-12T19:31:25+01:00,9147,8480716,8480716
2026-05-12T19:31:26+01:00,9153,8480716,8480716
2026-05-12T19:31:27+01:00,9160,8480716,8480716
2026-05-12T19:31:28+01:00,9168,8480716,8480716
2026-05-12T19:31:29+01:00,9176,8480716,8480716
2026-05-12T19:31:30+01:00,9184,8480716,8480716
2026-05-12T19:31:31+01:00,9192,8480716,8480716
2026-05-12T19:31:32+01:00,9200,8480716,8480716
2026-05-12T19:31:34+01:00,9209,8480716,8480716
2026-05-12T19:31:35+01:00,9195,8480716,8480716
2026-05-12T19:31:36+01:00,9206,8480716,8480716
2026-05-12T19:31:37+01:00,9225,8480716,8480716
2026-05-12T19:31:38+01:00,9243,8480716,8480716
2026-05-12T19:31:40+01:00,9251,8480716,8480716
2026-05-12T19:31:41+01:00,9238,8480716,8480716
2026-05-12T19:31:42+01:00,9254,8480716,8480716
2026-05-12T19:31:43+01:00,9274,8480716,8480716
2026-05-12T19:31:45+01:00,9278,8480716,8480716
2026-05-12T19:31:46+01:00,9287,8480716,8480716
2026-05-12T19:31:47+01:00,9296,8480716,8480716
2026-05-12T19:31:48+01:00,9302,8480716,8480716
2026-05-12T19:31:49+01:00,9308,8480716,8480716
2026-05-12T19:31:50+01:00,9314,8480716,8480716
2026-05-12T19:31:51+01:00,9322,8480716,8480716
2026-05-12T19:31:52+01:00,9330,8480716,8480716
2026-05-12T19:31:53+01:00,9338,8480716,8480716
2026-05-12T19:31:54+01:00,9347,8480716,8480716
2026-05-12T19:31:56+01:00,9354,8480716,8480716
2026-05-12T19:31:57+01:00,9340,8480716,8480716
2026-05-12T19:31:58+01:00,9349,8480716,8480716
2026-05-12T19:31:59+01:00,9358,8480716,8480716
2026-05-12T19:32:00+01:00,9366,8480716,8480716
2026-05-12T19:32:01+01:00,9374,8480716,8480716
2026-05-12T19:32:02+01:00,9380,8480716,8480716
2026-05-12T19:32:03+01:00,9386,8480716,8480716
2026-05-12T19:32:04+01:00,9392,8480716,8480716
2026-05-12T19:32:05+01:00,9399,8480716,8480716
2026-05-12T19:32:06+01:00,9403,8480716,8480716
2026-05-12T19:32:07+01:00,9409,8482680,8482680
2026-05-12T19:32:08+01:00,9415,8482680,8482680
2026-05-12T19:32:09+01:00,9421,8482680,8482680
2026-05-12T19:32:10+01:00,9427,8482680,8482680
2026-05-12T19:32:11+01:00,9432,8482680,8482680
2026-05-12T19:32:13+01:00,9438,8482680,8482680
2026-05-12T19:32:14+01:00,9423,8482680,8482680
2026-05-12T19:32:15+01:00,9431,8482680,8482680
2026-05-12T19:32:16+01:00,9442,8482680,8482680
2026-05-12T19:32:17+01:00,9459,8482680,8482680
2026-05-12T19:32:18+01:00,9467,8482680,8482680
2026-05-12T19:32:19+01:00,9476,8482680,8482680
2026-05-12T19:32:20+01:00,9482,8482680,8482680
2026-05-12T19:32:22+01:00,9489,8482680,8482680
2026-05-12T19:32:23+01:00,9484,8482680,8482680
2026-05-12T19:32:24+01:00,9489,8482680,8482680
2026-05-12T19:32:26+01:00,9502,8482680,8482680
2026-05-12T19:32:27+01:00,9519,8482680,8482680
2026-05-12T19:32:29+01:00,9516,8482680,8482680
2026-05-12T19:32:30+01:00,9525,8482680,8482680
2026-05-12T19:32:31+01:00,9533,8482680,8482680
2026-05-12T19:32:32+01:00,9541,8482680,8482680
2026-05-12T19:32:33+01:00,9549,8482680,8482680
2026-05-12T19:32:34+01:00,9556,8482680,8482680
2026-05-12T19:32:35+01:00,9562,8482680,8482680
2026-05-12T19:32:36+01:00,9566,8482680,8482680
2026-05-12T19:32:37+01:00,9568,8482680,8482680
2026-05-12T19:32:38+01:00,9568,8482680,8482680
2026-05-12T19:32:39+01:00,9569,8482680,8482680
2026-05-12T19:32:40+01:00,9572,8482680,8482680
2026-05-12T19:32:41+01:00,9574,8482680,8482680
2026-05-12T19:32:43+01:00,9578,8482680,8482680
2026-05-12T19:32:44+01:00,9562,8482680,8482680
2026-05-12T19:32:45+01:00,9567,8482680,8482680
2026-05-12T19:32:46+01:00,9572,8482680,8482680
2026-05-12T19:32:47+01:00,9578,8482680,8482680
2026-05-12T19:32:48+01:00,9584,8482680,8482680
2026-05-12T19:32:49+01:00,9590,8482680,8482680
2026-05-12T19:32:50+01:00,9597,8482680,8482680
2026-05-12T19:32:51+01:00,9601,8482680,8482680
2026-05-12T19:32:52+01:00,9604,8482680,8482680
2026-05-12T19:32:53+01:00,9606,8482680,8482680
2026-05-12T19:32:54+01:00,9606,8482680,8482680
2026-05-12T19:32:55+01:00,9607,8482680,8482680
2026-05-12T19:32:56+01:00,9610,8482680,8482680
2026-05-12T19:32:57+01:00,9613,8482680,8482680
2026-05-12T19:32:58+01:00,9615,8482680,8482680
2026-05-12T19:32:59+01:00,9615,8482680,8482680
2026-05-12T19:33:00+01:00,9617,8482680,8482680
2026-05-12T19:33:02+01:00,9601,8482680,8482680
2026-05-12T19:33:03+01:00,9606,8482680,8482680
2026-05-12T19:33:04+01:00,9611,8482680,8482680
2026-05-12T19:33:05+01:00,9616,8482680,8482680
2026-05-12T19:33:06+01:00,9623,8482680,8482680
2026-05-12T19:33:07+01:00,9630,8482680,8482680
2026-05-12T19:33:08+01:00,9636,8482680,8482680
2026-05-12T19:33:09+01:00,9643,8482680,8482680
2026-05-12T19:33:10+01:00,9652,8482680,8482680
2026-05-12T19:33:11+01:00,9659,8482680,8482680
2026-05-12T19:33:12+01:00,9665,8482680,8482680
2026-05-12T19:33:14+01:00,9662,8482680,8482680
2026-05-12T19:33:15+01:00,9665,8482680,8482680
2026-05-12T19:33:16+01:00,9669,8482680,8482680
2026-05-12T19:33:17+01:00,9673,8482680,8482680
2026-05-12T19:33:18+01:00,9678,8482680,8482680
2026-05-12T19:33:19+01:00,9684,8482680,8482680
2026-05-12T19:33:20+01:00,9690,8482680,8482680
2026-05-12T19:33:21+01:00,9697,8482680,8482680
2026-05-12T19:33:22+01:00,9704,8482680,8482680
2026-05-12T19:33:23+01:00,9709,8482680,8482680
2026-05-12T19:33:24+01:00,9715,8482680,8482680
2026-05-12T19:33:25+01:00,9721,8482680,8482680
2026-05-12T19:33:26+01:00,9726,8482680,8482680
2026-05-12T19:33:28+01:00,9732,8482680,8482680
2026-05-12T19:33:29+01:00,9719,8482680,8482680
2026-05-12T19:33:30+01:00,9725,8482680,8482680
2026-05-12T19:33:31+01:00,9733,8482680,8482680
2026-05-12T19:33:32+01:00,9739,8482680,8482680
2026-05-12T19:33:33+01:00,9744,8482680,8482680
2026-05-12T19:33:34+01:00,9750,8482680,8482680
2026-05-12T19:33:35+01:00,9756,8482680,8482680
2026-05-12T19:33:36+01:00,9762,8482680,8482680
2026-05-12T19:33:37+01:00,9768,8482680,8482680
2026-05-12T19:33:38+01:00,9775,8482680,8482680
2026-05-12T19:33:39+01:00,9781,8482680,8482680
2026-05-12T19:33:40+01:00,9785,8482680,8482680
2026-05-12T19:33:41+01:00,9787,8482680,8482680
2026-05-12T19:33:42+01:00,9787,8482680,8482680
2026-05-12T19:33:44+01:00,9769,8482680,8482680
2026-05-12T19:33:45+01:00,9769,8482680,8482680
2026-05-12T19:33:46+01:00,9767,8482680,8482680
2026-05-12T19:33:47+01:00,9764,8482680,8482680
2026-05-12T19:33:48+01:00,9763,8482680,8482680
2026-05-12T19:33:49+01:00,9762,8482680,8482680
2026-05-12T19:33:50+01:00,9762,8482680,8482680
2026-05-12T19:33:51+01:00,9763,8482680,8482680
2026-05-12T19:33:52+01:00,9765,8482680,8482680
2026-05-12T19:33:53+01:00,9769,8482680,8482680
2026-05-12T19:33:54+01:00,9772,8482680,8482680
2026-05-12T19:33:55+01:00,9776,8482680,8482680
2026-05-12T19:33:56+01:00,9780,8482680,8482680
2026-05-12T19:33:57+01:00,9785,8482680,8482680
2026-05-12T19:33:58+01:00,9791,8482680,8482680
2026-05-12T19:33:59+01:00,9797,8506524,8506524
2026-05-12T19:34:01+01:00,9797,8506524,8506524
2026-05-12T19:34:02+01:00,9782,8506524,8506524
2026-05-12T19:34:03+01:00,9784,8506524,8506524
2026-05-12T19:34:04+01:00,9788,8506524,8506524
2026-05-12T19:34:05+01:00,9793,8506524,8506524
2026-05-12T19:34:06+01:00,9798,8506524,8506524
2026-05-12T19:34:07+01:00,9803,8506524,8506524
2026-05-12T19:34:08+01:00,9807,8506524,8506524
2026-05-12T19:34:09+01:00,9813,8506524,8506524
2026-05-12T19:34:10+01:00,9818,8506524,8506524
2026-05-12T19:34:11+01:00,9823,8506524,8506524
2026-05-12T19:34:12+01:00,9829,8506524,8506524
2026-05-12T19:34:13+01:00,9836,8506524,8506524
2026-05-12T19:34:14+01:00,9841,8506524,8506524
2026-05-12T19:34:15+01:00,9847,8506524,8506524
2026-05-12T19:34:17+01:00,9852,8506524,8506524
2026-05-12T19:34:18+01:00,9839,8506524,8506524
2026-05-12T19:34:19+01:00,9842,8506524,8506524
2026-05-12T19:34:20+01:00,9841,8506524,8506524
2026-05-12T19:34:21+01:00,9840,8506524,8506524
2026-05-12T19:34:22+01:00,9840,8506524,8506524
2026-05-12T19:34:23+01:00,9841,8506524,8506524
2026-05-12T19:34:24+01:00,9841,8506524,8506524
2026-05-12T19:34:25+01:00,9842,8506524,8506524
2026-05-12T19:34:26+01:00,9842,8506524,8506524
2026-05-12T19:34:27+01:00,9842,8506524,8506524
2026-05-12T19:34:28+01:00,9844,8506524,8506524
2026-05-12T19:34:29+01:00,9846,8506524,8506524
2026-05-12T19:34:30+01:00,9847,8506524,8506524
2026-05-12T19:34:31+01:00,9849,8506524,8506524
2026-05-12T19:34:32+01:00,9849,8506524,8506524
2026-05-12T19:34:33+01:00,9851,8506524,8506524
2026-05-12T19:34:34+01:00,9854,8506524,8506524
2026-05-12T19:34:36+01:00,9840,8506524,8506524
2026-05-12T19:34:37+01:00,9845,8506524,8506524
2026-05-12T19:34:38+01:00,9850,8506524,8506524
2026-05-12T19:34:39+01:00,9857,8506524,8506524
2026-05-12T19:34:40+01:00,9867,8506524,8506524
2026-05-12T19:34:41+01:00,9867,8506524,8506524
2026-05-12T19:34:43+01:00,9883,8506524,8506524
2026-05-12T19:34:44+01:00,9890,8506524,8506524
2026-05-12T19:34:45+01:00,9896,8506524,8506524
2026-05-12T19:34:46+01:00,9901,8506524,8506524
2026-05-12T19:34:48+01:00,9891,8506524,8506524
2026-05-12T19:34:49+01:00,9896,8506524,8506524
2026-05-12T19:34:50+01:00,9898,8506524,8506524
2026-05-12T19:34:51+01:00,9900,8506524,8506524
2026-05-12T19:34:52+01:00,9902,8506524,8506524
2026-05-12T19:34:53+01:00,9905,8506524,8506524
2026-05-12T19:34:54+01:00,9909,8506524,8506524
2026-05-12T19:34:55+01:00,9913,8506524,8506524
2026-05-12T19:34:56+01:00,9921,8506524,8506524
2026-05-12T19:34:57+01:00,9927,8506524,8506524
2026-05-12T19:34:58+01:00,9928,8506524,8506524
2026-05-12T19:34:59+01:00,9929,8506524,8506524
2026-05-12T19:35:00+01:00,9929,8506524,8506524
2026-05-12T19:35:02+01:00,9914,8506524,8506524
2026-05-12T19:35:03+01:00,9913,8506524,8506524
2026-05-12T19:35:04+01:00,9911,8506524,8506524
2026-05-12T19:35:05+01:00,9908,8506524,8506524
2026-05-12T19:35:06+01:00,9906,8506524,8506524
2026-05-12T19:35:07+01:00,9903,8506524,8506524
2026-05-12T19:35:08+01:00,9901,8506524,8506524
2026-05-12T19:35:09+01:00,9899,8506524,8506524
2026-05-12T19:35:10+01:00,9897,8506524,8506524
2026-05-12T19:35:11+01:00,9897,8506524,8506524
2026-05-12T19:35:12+01:00,9897,8506524,8506524
2026-05-12T19:35:13+01:00,9898,8506524,8506524
2026-05-12T19:35:14+01:00,9901,8506524,8506524
2026-05-12T19:35:15+01:00,9905,8506524,8506524
2026-05-12T19:35:16+01:00,9909,8506524,8506524
2026-05-12T19:35:17+01:00,9914,8506524,8506524
2026-05-12T19:35:19+01:00,9905,8506524,8506524
2026-05-12T19:35:20+01:00,9909,8506524,8506524
2026-05-12T19:35:21+01:00,9913,8506524,8506524
2026-05-12T19:35:22+01:00,9917,8506524,8506524
2026-05-12T19:35:23+01:00,9920,8506524,8506524
2026-05-12T19:35:24+01:00,9922,8506524,8506524
2026-05-12T19:35:25+01:00,9924,8506524,8506524
2026-05-12T19:35:26+01:00,9926,8506524,8506524
2026-05-12T19:35:27+01:00,9928,8506524,8506524
2026-05-12T19:35:28+01:00,9930,8506524,8506524
2026-05-12T19:35:29+01:00,9934,8506524,8506524
2026-05-12T19:35:30+01:00,9938,8506524,8506524
2026-05-12T19:35:31+01:00,9942,8506524,8506524
2026-05-12T19:35:32+01:00,9945,8506524,8506524
2026-05-12T19:35:33+01:00,9948,8506524,8506524
2026-05-12T19:35:34+01:00,9950,8506524,8506524
2026-05-12T19:35:36+01:00,9952,8506524,8506524
2026-05-12T19:35:37+01:00,9939,8506524,8506524
2026-05-12T19:35:38+01:00,9943,8506524,8506524
2026-05-12T19:35:39+01:00,9947,8506524,8506524
2026-05-12T19:35:40+01:00,9951,8506524,8506524
2026-05-12T19:35:41+01:00,9956,8506524,8506524
2026-05-12T19:35:42+01:00,9967,8506524,8506524
2026-05-12T19:35:44+01:00,9967,8506524,8506524
2026-05-12T19:35:45+01:00,9981,8506524,8506524
2026-05-12T19:35:47+01:00,9978,8506524,8506524
2026-05-12T19:35:48+01:00,9992,8506524,8506524
2026-05-12T19:35:49+01:00,10000,8506524,8506524
2026-05-12T19:35:51+01:00,9990,8530044,8530044
2026-05-12T19:35:52+01:00,9988,8536188,8536188
2026-05-12T19:35:53+01:00,9986,8536188,8536188
2026-05-12T19:35:54+01:00,9984,8536188,8536188
2026-05-12T19:35:55+01:00,9983,8536188,8536188
2026-05-12T19:35:56+01:00,9982,8536188,8536188
2026-05-12T19:35:57+01:00,9982,8536188,8536188
2026-05-12T19:35:58+01:00,9982,8536188,8536188
2026-05-12T19:35:59+01:00,9983,8536188,8536188
2026-05-12T19:36:00+01:00,9985,8536188,8536188
2026-05-12T19:36:01+01:00,9987,8536188,8536188
2026-05-12T19:36:02+01:00,9989,8536188,8536188
2026-05-12T19:36:03+01:00,9993,8536188,8536188
2026-05-12T19:36:04+01:00,9997,8536188,8536188
2026-05-12T19:36:05+01:00,10001,8536188,8536188
2026-05-12T19:36:06+01:00,10005,8536220,8536220
2026-05-12T19:36:08+01:00,9995,8536220,8536220
2026-05-12T19:36:09+01:00,9997,8536220,8536220
2026-05-12T19:36:10+01:00,10000,8536220,8536220
2026-05-12T19:36:11+01:00,10003,8536220,8536220
2026-05-12T19:36:12+01:00,10005,8536220,8536220
2026-05-12T19:36:13+01:00,10007,8536220,8536220
2026-05-12T19:36:14+01:00,10008,8536220,8536220
2026-05-12T19:36:15+01:00,10006,8536220,8536220
2026-05-12T19:36:16+01:00,10004,8536220,8536220
2026-05-12T19:36:17+01:00,10002,8536220,8536220
2026-05-12T19:36:18+01:00,10000,8536220,8536220
2026-05-12T19:36:19+01:00,9998,8536220,8536220
2026-05-12T19:36:20+01:00,9997,8536220,8536220
2026-05-12T19:36:21+01:00,9995,8536220,8536220
2026-05-12T19:36:22+01:00,9993,8536220,8536220
2026-05-12T19:36:23+01:00,9993,8536220,8536220
2026-05-12T19:36:24+01:00,9993,8536608,8536608
2026-05-12T19:36:26+01:00,9993,8536608,8536608
2026-05-12T19:36:27+01:00,9978,8536608,8536608
2026-05-12T19:36:28+01:00,9978,8536608,8536608
2026-05-12T19:36:29+01:00,9980,8536608,8536608
2026-05-12T19:36:30+01:00,9981,8536608,8536608
2026-05-12T19:36:31+01:00,9982,8536608,8536608
2026-05-12T19:36:32+01:00,9985,8536608,8536608
2026-05-12T19:36:33+01:00,9988,8536608,8536608
2026-05-12T19:36:34+01:00,9991,8536608,8536608
2026-05-12T19:36:35+01:00,9995,8536608,8536608
2026-05-12T19:36:36+01:00,9999,8536608,8536608
2026-05-12T19:36:37+01:00,10003,8536608,8536608
2026-05-12T19:36:38+01:00,10005,8536672,8536672
2026-05-12T19:36:39+01:00,10007,8536672,8536672
2026-05-12T19:36:40+01:00,10010,8536672,8536672
2026-05-12T19:36:41+01:00,10012,8536672,8536672
2026-05-12T19:36:42+01:00,10014,8536672,8536672
2026-05-12T19:36:44+01:00,10016,8536672,8536672
2026-05-12T19:36:45+01:00,10005,8536672,8536672
2026-05-12T19:36:46+01:00,10008,8536672,8536672
2026-05-12T19:36:47+01:00,10011,8536672,8536672
2026-05-12T19:36:48+01:00,10015,8536672,8536672
2026-05-12T19:36:49+01:00,10017,8536672,8536672
2026-05-12T19:36:50+01:00,10020,8536672,8536672
2026-05-12T19:36:51+01:00,10021,8536672,8536672
2026-05-12T19:36:52+01:00,10024,8536672,8536672
2026-05-12T19:36:53+01:00,10026,8536672,8536672
2026-05-12T19:36:54+01:00,10027,8536672,8536672
2026-05-12T19:36:55+01:00,10028,8536672,8536672
2026-05-12T19:36:56+01:00,10031,8536672,8536672
2026-05-12T19:36:57+01:00,10033,8536672,8536672
2026-05-12T19:36:58+01:00,10036,8536672,8536672
2026-05-12T19:36:59+01:00,10039,8536672,8536672
2026-05-12T19:37:00+01:00,10043,8536672,8536672
2026-05-12T19:37:02+01:00,10046,8536672,8536672
2026-05-12T19:37:03+01:00,10035,8536672,8536672
2026-05-12T19:37:04+01:00,10037,8536672,8536672
2026-05-12T19:37:05+01:00,10040,8536672,8536672
2026-05-12T19:37:06+01:00,10043,8536672,8536672
2026-05-12T19:37:07+01:00,10047,8536672,8536672
2026-05-12T19:37:08+01:00,10052,8536672,8536672
2026-05-12T19:37:09+01:00,10057,8536672,8536672
2026-05-12T19:37:10+01:00,10063,8536672,8536672
2026-05-12T19:37:11+01:00,10067,8536672,8536672
2026-05-12T19:37:12+01:00,10073,8536672,8536672
2026-05-12T19:37:14+01:00,10070,8536672,8536672
2026-05-12T19:37:15+01:00,10075,8536672,8536672
2026-05-12T19:37:16+01:00,10081,8536672,8536672
2026-05-12T19:37:17+01:00,10085,8536672,8536672
2026-05-12T19:37:18+01:00,10089,8536672,8536672
2026-05-12T19:37:19+01:00,10093,8536672,8536672
2026-05-12T19:37:20+01:00,10097,8536672,8536672
2026-05-12T19:37:22+01:00,10086,8536672,8536672
2026-05-12T19:37:23+01:00,10085,8536672,8536672
2026-05-12T19:37:24+01:00,10086,8536672,8536672
2026-05-12T19:37:25+01:00,10086,8536672,8536672
2026-05-12T19:37:26+01:00,10087,8536672,8536672
2026-05-12T19:37:27+01:00,10088,8536740,8536740
2026-05-12T19:37:28+01:00,10090,8536740,8536740
2026-05-12T19:37:29+01:00,10092,8536740,8536740
2026-05-12T19:37:30+01:00,10094,8536740,8536740
2026-05-12T19:37:31+01:00,10096,8536740,8536740
2026-05-12T19:37:32+01:00,10099,8536740,8536740
2026-05-12T19:37:33+01:00,10103,8536740,8536740
2026-05-12T19:37:34+01:00,10107,8536740,8536740
2026-05-12T19:37:35+01:00,10111,8536740,8536740
2026-05-12T19:37:36+01:00,10115,8536740,8536740
2026-05-12T19:37:38+01:00,10118,8536740,8536740
2026-05-12T19:37:39+01:00,10109,8536740,8536740
2026-05-12T19:37:40+01:00,10112,8536740,8536740
2026-05-12T19:37:41+01:00,10117,8536740,8536740
2026-05-12T19:37:42+01:00,10120,8536740,8536740
2026-05-12T19:37:43+01:00,10124,8536740,8536740
2026-05-12T19:37:44+01:00,10126,8536740,8536740
2026-05-12T19:37:45+01:00,10128,8536740,8536740
2026-05-12T19:37:46+01:00,10128,8536740,8536740
2026-05-12T19:37:47+01:00,10130,8536740,8536740
2026-05-12T19:37:48+01:00,10132,8536740,8536740
2026-05-12T19:37:49+01:00,10134,8536740,8536740
2026-05-12T19:37:50+01:00,10136,8536740,8536740
2026-05-12T19:37:51+01:00,10139,8536740,8536740
2026-05-12T19:37:52+01:00,10143,8536740,8536740
2026-05-12T19:37:53+01:00,10146,8536740,8536740
2026-05-12T19:37:55+01:00,10135,8536740,8536740
2026-05-12T19:37:56+01:00,10137,8536740,8536740
2026-05-12T19:37:57+01:00,10139,8536740,8536740
2026-05-12T19:37:58+01:00,10141,8536740,8536740
2026-05-12T19:37:59+01:00,10143,8536740,8536740
2026-05-12T19:38:00+01:00,10146,8536740,8536740
2026-05-12T19:38:01+01:00,10148,8536740,8536740
2026-05-12T19:38:02+01:00,10149,8536740,8536740
2026-05-12T19:38:03+01:00,10150,8536740,8536740
2026-05-12T19:38:04+01:00,10153,8536740,8536740
2026-05-12T19:38:05+01:00,10155,8536740,8536740
2026-05-12T19:38:06+01:00,10158,8536740,8536740
2026-05-12T19:38:07+01:00,10161,8536740,8536740
2026-05-12T19:38:08+01:00,10164,8536740,8536740
2026-05-12T19:38:10+01:00,10159,8536740,8536740
2026-05-12T19:38:11+01:00,10166,8536740,8536740
2026-05-12T19:38:12+01:00,10167,8536740,8536740
2026-05-12T19:38:13+01:00,10169,8536740,8536740
2026-05-12T19:38:14+01:00,10171,8536740,8536740
2026-05-12T19:38:15+01:00,10174,8536740,8536740
2026-05-12T19:38:16+01:00,10176,8536740,8536740
2026-05-12T19:38:17+01:00,10179,8536740,8536740
2026-05-12T19:38:18+01:00,10184,8536740,8536740
2026-05-12T19:38:20+01:00,10187,8536740,8536740
2026-05-12T19:38:21+01:00,10178,8536740,8536740
2026-05-12T19:38:22+01:00,10182,8536740,8536740
2026-05-12T19:38:23+01:00,10182,8536740,8536740
2026-05-12T19:38:24+01:00,10184,8536740,8536740
2026-05-12T19:38:25+01:00,10185,8536740,8536740
2026-05-12T19:38:26+01:00,10187,8536740,8536740
2026-05-12T19:38:27+01:00,10189,8536740,8536740
2026-05-12T19:38:28+01:00,10192,8536740,8536740
2026-05-12T19:38:29+01:00,10195,8536740,8536740
2026-05-12T19:38:30+01:00,10199,8536740,8536740
2026-05-12T19:38:31+01:00,10203,8536740,8536740
2026-05-12T19:38:32+01:00,10207,8536740,8536740
2026-05-12T19:38:33+01:00,10210,8536740,8536740
2026-05-12T19:38:35+01:00,10201,8536740,8536740
2026-05-12T19:38:36+01:00,10201,8536740,8536740
2026-05-12T19:38:37+01:00,10202,8536740,8536740
2026-05-12T19:38:38+01:00,10203,8536740,8536740
2026-05-12T19:38:39+01:00,10203,8536740,8536740
2026-05-12T19:38:40+01:00,10204,8536740,8536740
2026-05-12T19:38:41+01:00,10204,8536740,8536740
2026-05-12T19:38:42+01:00,10204,8536740,8536740
2026-05-12T19:38:43+01:00,10204,8536740,8536740
2026-05-12T19:38:44+01:00,10203,8536740,8536740
2026-05-12T19:38:45+01:00,10201,8536740,8536740
2026-05-12T19:38:46+01:00,10199,8536740,8536740
2026-05-12T19:38:47+01:00,10198,8536740,8536740
2026-05-12T19:38:48+01:00,10197,8536740,8536740
2026-05-12T19:38:49+01:00,10195,8536740,8536740
2026-05-12T19:38:50+01:00,10193,8536740,8536740
2026-05-12T19:38:51+01:00,10192,8536740,8536740
2026-05-12T19:38:52+01:00,10193,8536740,8536740
2026-05-12T19:38:54+01:00,10193,8536740,8536740
2026-05-12T19:38:55+01:00,10182,8536740,8536740
2026-05-12T19:38:56+01:00,10183,8536740,8536740
2026-05-12T19:38:57+01:00,10185,8536740,8536740
2026-05-12T19:38:58+01:00,10187,8536740,8536740
2026-05-12T19:38:59+01:00,10189,8536740,8536740
2026-05-12T19:39:00+01:00,10193,8536740,8536740
2026-05-12T19:39:01+01:00,10196,8536740,8536740
2026-05-12T19:39:02+01:00,10198,8536740,8536740
2026-05-12T19:39:03+01:00,10200,8536740,8536740
2026-05-12T19:39:04+01:00,10203,8536740,8536740
2026-05-12T19:39:05+01:00,10206,8536740,8536740
2026-05-12T19:39:06+01:00,10210,8536740,8536740
2026-05-12T19:39:07+01:00,10213,8536740,8536740
2026-05-12T19:39:08+01:00,10217,8536740,8536740
2026-05-12T19:39:10+01:00,10212,8536740,8536740
2026-05-12T19:39:11+01:00,10221,8536740,8536740
2026-05-12T19:39:12+01:00,10223,8536740,8536740
2026-05-12T19:39:13+01:00,10227,8536740,8536740
2026-05-12T19:39:14+01:00,10230,8536740,8536740
2026-05-12T19:39:15+01:00,10233,8536740,8536740
2026-05-12T19:39:16+01:00,10235,8536740,8536740
2026-05-12T19:39:17+01:00,10239,8536740,8536740
2026-05-12T19:39:19+01:00,10230,8536740,8536740
2026-05-12T19:39:20+01:00,10233,8536740,8536740
2026-05-12T19:39:21+01:00,10237,8536740,8536740
2026-05-12T19:39:22+01:00,10240,8536740,8536740
2026-05-12T19:39:23+01:00,10243,8536740,8536740
2026-05-12T19:39:24+01:00,10245,8536740,8536740
2026-05-12T19:39:25+01:00,10245,8536740,8536740
2026-05-12T19:39:26+01:00,10244,8536740,8536740
2026-05-12T19:39:27+01:00,10244,8536740,8536740
2026-05-12T19:39:28+01:00,10245,8536740,8536740
2026-05-12T19:39:29+01:00,10246,8536740,8536740
2026-05-12T19:39:30+01:00,10247,8536740,8536740
2026-05-12T19:39:31+01:00,10249,8536740,8536740
2026-05-12T19:39:32+01:00,10252,8536740,8536740
2026-05-12T19:39:33+01:00,10253,8536740,8536740
2026-05-12T19:39:35+01:00,10254,8536740,8536740
2026-05-12T19:39:36+01:00,10242,8536740,8536740
2026-05-12T19:39:37+01:00,10242,8536740,8536740
2026-05-12T19:39:38+01:00,10242,8538756,8538756
2026-05-12T19:39:39+01:00,10243,8538756,8538756
2026-05-12T19:39:40+01:00,10244,8538756,8538756
2026-05-12T19:39:41+01:00,10246,8538756,8538756
2026-05-12T19:39:42+01:00,10248,8538756,8538756
2026-05-12T19:39:43+01:00,10251,8538756,8538756
2026-05-12T19:39:44+01:00,10253,8538756,8538756
2026-05-12T19:39:45+01:00,10256,8538756,8538756
2026-05-12T19:39:46+01:00,10259,8538756,8538756
2026-05-12T19:39:47+01:00,10259,8538756,8538756
2026-05-12T19:39:48+01:00,10260,8538756,8538756
2026-05-12T19:39:49+01:00,10262,8538756,8538756
2026-05-12T19:39:50+01:00,10264,8538756,8538756
2026-05-12T19:39:51+01:00,10267,8538756,8538756
2026-05-12T19:39:53+01:00,10270,8538756,8538756
2026-05-12T19:39:54+01:00,10262,8538756,8538756
2026-05-12T19:39:55+01:00,10267,8538756,8538756
2026-05-12T19:39:56+01:00,10273,8538756,8538756
2026-05-12T19:39:57+01:00,10281,8538756,8538756
2026-05-12T19:39:59+01:00,10282,8538756,8538756
2026-05-12T19:40:00+01:00,10273,8538756,8538756
2026-05-12T19:40:01+01:00,10276,8538756,8538756
2026-05-12T19:40:02+01:00,10278,8538756,8538756
2026-05-12T19:40:03+01:00,10280,8538756,8538756
2026-05-12T19:40:04+01:00,10283,8538756,8538756
2026-05-12T19:40:05+01:00,10285,8538756,8538756
2026-05-12T19:40:06+01:00,10288,8538756,8538756
2026-05-12T19:40:07+01:00,10290,8538756,8538756
2026-05-12T19:40:08+01:00,10293,8538756,8538756
2026-05-12T19:40:09+01:00,10301,8538756,8538756
2026-05-12T19:40:11+01:00,10293,8538756,8538756
2026-05-12T19:40:12+01:00,10297,8538756,8538756
2026-05-12T19:40:13+01:00,10299,8538756,8538756
2026-05-12T19:40:14+01:00,10300,8538756,8538756
2026-05-12T19:40:15+01:00,10298,8538756,8538756
2026-05-12T19:40:16+01:00,10298,8538756,8538756
2026-05-12T19:40:17+01:00,10298,8538756,8538756
2026-05-12T19:40:18+01:00,10297,8538756,8538756
2026-05-12T19:40:19+01:00,10296,8538756,8538756
2026-05-12T19:40:20+01:00,10296,8538756,8538756
2026-05-12T19:40:21+01:00,10297,8538756,8538756
2026-05-12T19:40:22+01:00,10296,8538756,8538756
2026-05-12T19:40:23+01:00,10297,8538756,8538756
2026-05-12T19:40:24+01:00,10297,8538756,8538756
2026-05-12T19:40:25+01:00,10298,8569500,8569500
2026-05-12T19:40:26+01:00,10299,8569500,8569500
2026-05-12T19:40:28+01:00,10300,8569500,8569500
2026-05-12T19:40:29+01:00,10292,8569500,8569500
2026-05-12T19:40:30+01:00,10294,8569500,8569500
2026-05-12T19:40:31+01:00,10297,8569500,8569500
2026-05-12T19:40:32+01:00,10299,8569500,8569500
2026-05-12T19:40:33+01:00,10303,8569500,8569500
2026-05-12T19:40:34+01:00,10306,8569500,8569500
2026-05-12T19:40:35+01:00,10310,8569500,8569500
2026-05-12T19:40:36+01:00,10312,8569500,8569500
2026-05-12T19:40:37+01:00,10313,8569500,8569500
2026-05-12T19:40:38+01:00,10314,8569500,8569500
2026-05-12T19:40:39+01:00,10315,8569500,8569500
2026-05-12T19:40:40+01:00,10318,8569500,8569500
2026-05-12T19:40:42+01:00,10320,8569516,8569516
2026-05-12T19:40:43+01:00,10311,8569516,8569516
2026-05-12T19:40:44+01:00,10314,8569516,8569516
2026-05-12T19:40:45+01:00,10317,8569516,8569516
2026-05-12T19:40:46+01:00,10320,8569516,8569516
2026-05-12T19:40:47+01:00,10323,8569516,8569516
2026-05-12T19:40:48+01:00,10326,8569516,8569516
2026-05-12T19:40:49+01:00,10330,8569516,8569516
2026-05-12T19:40:50+01:00,10332,8569516,8569516
2026-05-12T19:40:51+01:00,10335,8569516,8569516
2026-05-12T19:40:52+01:00,10337,8569516,8569516
2026-05-12T19:40:53+01:00,10339,8569516,8569516
2026-05-12T19:40:54+01:00,10339,8569516,8569516
2026-05-12T19:40:55+01:00,10337,8569516,8569516
2026-05-12T19:40:56+01:00,10336,8569516,8569516
2026-05-12T19:40:58+01:00,10335,8569516,8569516
2026-05-12T19:40:59+01:00,10323,8569516,8569516
2026-05-12T19:41:00+01:00,10321,8569516,8569516
2026-05-12T19:41:01+01:00,10319,8569516,8569516
2026-05-12T19:41:02+01:00,10317,8569516,8569516
2026-05-12T19:41:03+01:00,10315,8569516,8569516
2026-05-12T19:41:04+01:00,10314,8569516,8569516
2026-05-12T19:41:05+01:00,10313,8569516,8569516
2026-05-12T19:41:06+01:00,10313,8569516,8569516
2026-05-12T19:41:07+01:00,10314,8569516,8569516
2026-05-12T19:41:08+01:00,10316,8569516,8569516
2026-05-12T19:41:09+01:00,10317,8569516,8569516
2026-05-12T19:41:10+01:00,10319,8569516,8569516
2026-05-12T19:41:11+01:00,10322,8569516,8569516
2026-05-12T19:41:12+01:00,10327,8569516,8569516
2026-05-12T19:41:14+01:00,10325,8569516,8569516
2026-05-12T19:41:15+01:00,10326,8569516,8569516
2026-05-12T19:41:16+01:00,10325,8569516,8569516
2026-05-12T19:41:17+01:00,10326,8569516,8569516
2026-05-12T19:41:18+01:00,10328,8569516,8569516
2026-05-12T19:41:19+01:00,10329,8569516,8569516
2026-05-12T19:41:20+01:00,10331,8569516,8569516
2026-05-12T19:41:21+01:00,10334,8569516,8569516
2026-05-12T19:41:23+01:00,10336,8569516,8569516
2026-05-12T19:41:24+01:00,10328,8569516,8569516
2026-05-12T19:41:25+01:00,10330,8569516,8569516
2026-05-12T19:41:26+01:00,10333,8569516,8569516
2026-05-12T19:41:27+01:00,10335,8569516,8569516
2026-05-12T19:41:28+01:00,10336,8569516,8569516
2026-05-12T19:41:29+01:00,10338,8569516,8569516
2026-05-12T19:41:30+01:00,10341,8569516,8569516
2026-05-12T19:41:31+01:00,10343,8569516,8569516
2026-05-12T19:41:32+01:00,10346,8569516,8569516
2026-05-12T19:41:33+01:00,10350,8569516,8569516
2026-05-12T19:41:34+01:00,10352,8569516,8569516
2026-05-12T19:41:35+01:00,10355,8569516,8569516
2026-05-12T19:41:36+01:00,10358,8569516,8569516
2026-05-12T19:41:38+01:00,10360,8569516,8569516
2026-05-12T19:41:39+01:00,10353,8569516,8569516
2026-05-12T19:41:40+01:00,10355,8569516,8569516
2026-05-12T19:41:41+01:00,10358,8569516,8569516
2026-05-12T19:41:42+01:00,10360,8569516,8569516
2026-05-12T19:41:43+01:00,10362,8569516,8569516
2026-05-12T19:41:44+01:00,10363,8569516,8569516
2026-05-12T19:41:45+01:00,10362,8569516,8569516
2026-05-12T19:41:46+01:00,10360,8569516,8569516
2026-05-12T19:41:47+01:00,10359,8569516,8569516
2026-05-12T19:41:48+01:00,10358,8569516,8569516
2026-05-12T19:41:49+01:00,10357,8569516,8569516
2026-05-12T19:41:50+01:00,10356,8569516,8569516
2026-05-12T19:41:51+01:00,10357,8569516,8569516
2026-05-12T19:41:52+01:00,10358,8569516,8569516
2026-05-12T19:41:53+01:00,10360,8569516,8569516
2026-05-12T19:41:54+01:00,10362,8569516,8569516
2026-05-12T19:41:56+01:00,10364,8569516,8569516
2026-05-12T19:41:57+01:00,10356,8569516,8569516
2026-05-12T19:41:58+01:00,10360,8569516,8569516
2026-05-12T19:41:59+01:00,10363,8569516,8569516
2026-05-12T19:42:00+01:00,10365,8569516,8569516
2026-05-12T19:42:01+01:00,10370,8569516,8569516
2026-05-12T19:42:02+01:00,10371,8569516,8569516
2026-05-12T19:42:03+01:00,10370,8569516,8569516
2026-05-12T19:42:04+01:00,10371,8569516,8569516
2026-05-12T19:42:05+01:00,10372,8569516,8569516
2026-05-12T19:42:06+01:00,10373,8569516,8569516
2026-05-12T19:42:08+01:00,10375,8569516,8569516
2026-05-12T19:42:09+01:00,10368,8569516,8569516
2026-05-12T19:42:10+01:00,10370,8569516,8569516
2026-05-12T19:42:11+01:00,10373,8569516,8569516
2026-05-12T19:42:12+01:00,10375,8569516,8569516
2026-05-12T19:42:13+01:00,10378,8569516,8569516
2026-05-12T19:42:14+01:00,10381,8569516,8569516
2026-05-12T19:42:15+01:00,10382,8569516,8569516
2026-05-12T19:42:16+01:00,10383,8569516,8569516
2026-05-12T19:42:17+01:00,10385,8569516,8569516
2026-05-12T19:42:18+01:00,10387,8569516,8569516
2026-05-12T19:42:19+01:00,10389,8569516,8569516
2026-05-12T19:42:20+01:00,10392,8569516,8569516
2026-05-12T19:42:21+01:00,10395,8569516,8569516
2026-05-12T19:42:23+01:00,10391,8569516,8569516
2026-05-12T19:42:24+01:00,10398,8569516,8569516
2026-05-12T19:42:25+01:00,10401,8569516,8569516
2026-05-12T19:42:26+01:00,10403,8569516,8569516
2026-05-12T19:42:27+01:00,10404,8569516,8569516
2026-05-12T19:42:28+01:00,10405,8569516,8569516
2026-05-12T19:42:30+01:00,10396,8569516,8569516
2026-05-12T19:42:31+01:00,10395,8569516,8569516
2026-05-12T19:42:32+01:00,10394,8571560,8571560
2026-05-12T19:42:33+01:00,10392,8571560,8571560
2026-05-12T19:42:34+01:00,10391,8571560,8571560
2026-05-12T19:42:35+01:00,10390,8571560,8571560
2026-05-12T19:42:36+01:00,10388,8571560,8571560
2026-05-12T19:42:37+01:00,10388,8571560,8571560
2026-05-12T19:42:38+01:00,10387,8571560,8571560
2026-05-12T19:42:39+01:00,10387,8571560,8571560
2026-05-12T19:42:40+01:00,10388,8571560,8571560
2026-05-12T19:42:41+01:00,10389,8571560,8571560
2026-05-12T19:42:42+01:00,10390,8571560,8571560
2026-05-12T19:42:43+01:00,10392,8571560,8571560
2026-05-12T19:42:44+01:00,10394,8571560,8571560
2026-05-12T19:42:45+01:00,10397,8571560,8571560
2026-05-12T19:42:46+01:00,10399,8571560,8571560
2026-05-12T19:42:48+01:00,10392,8571560,8571560
2026-05-12T19:42:49+01:00,10393,8571560,8571560
2026-05-12T19:42:50+01:00,10395,8571560,8571560
2026-05-12T19:42:51+01:00,10397,8571560,8571560
2026-05-12T19:42:52+01:00,10402,8571560,8571560
2026-05-12T19:42:53+01:00,10402,8571560,8571560
2026-05-12T19:42:55+01:00,10409,8571560,8571560
2026-05-12T19:42:56+01:00,10415,8571560,8571560
2026-05-12T19:42:58+01:00,10414,8571560,8571560
2026-05-12T19:42:59+01:00,10419,8571560,8571560
2026-05-12T19:43:00+01:00,10419,8571560,8571560
2026-05-12T19:43:01+01:00,10420,8571560,8571560
2026-05-12T19:43:03+01:00,10421,8571560,8571560
2026-05-12T19:43:04+01:00,10413,8571560,8571560
2026-05-12T19:43:05+01:00,10415,8571560,8571560
2026-05-12T19:43:06+01:00,10417,8571560,8571560
2026-05-12T19:43:07+01:00,10419,8571560,8571560
2026-05-12T19:43:08+01:00,10421,8571560,8571560
2026-05-12T19:43:09+01:00,10423,8571560,8571560
2026-05-12T19:43:10+01:00,10428,8571560,8571560
2026-05-12T19:43:12+01:00,10432,8613016,8613016
2026-05-12T19:43:13+01:00,10423,8613080,8613080
2026-05-12T19:43:14+01:00,10424,8613080,8613080
2026-05-12T19:43:15+01:00,10424,8613080,8613080
2026-05-12T19:43:16+01:00,10424,8613080,8613080
2026-05-12T19:43:17+01:00,10424,8613080,8613080
2026-05-12T19:43:18+01:00,10424,8613080,8613080
2026-05-12T19:43:19+01:00,10425,8613080,8613080
2026-05-12T19:43:20+01:00,10426,8613080,8613080
2026-05-12T19:43:21+01:00,10427,8613080,8613080
2026-05-12T19:43:22+01:00,10427,8613080,8613080
2026-05-12T19:43:23+01:00,10427,8613080,8613080
2026-05-12T19:43:24+01:00,10428,8613080,8613080
2026-05-12T19:43:25+01:00,10428,8613080,8613080
2026-05-12T19:43:27+01:00,10419,8613080,8613080
2026-05-12T19:43:28+01:00,10418,8613080,8613080
2026-05-12T19:43:29+01:00,10418,8613080,8613080
2026-05-12T19:43:30+01:00,10416,8613080,8613080
2026-05-12T19:43:31+01:00,10415,8613080,8613080
2026-05-12T19:43:32+01:00,10414,8613080,8613080
2026-05-12T19:43:33+01:00,10412,8613080,8613080
2026-05-12T19:43:34+01:00,10411,8613080,8613080
2026-05-12T19:43:35+01:00,10410,8613080,8613080
2026-05-12T19:43:36+01:00,10409,8613080,8613080
2026-05-12T19:43:37+01:00,10408,8613080,8613080
2026-05-12T19:43:38+01:00,10407,8613080,8613080
2026-05-12T19:43:39+01:00,10406,8613080,8613080
2026-05-12T19:43:40+01:00,10405,8613080,8613080
2026-05-12T19:43:41+01:00,10404,8613080,8613080
2026-05-12T19:43:42+01:00,10403,8613080,8613080
2026-05-12T19:43:43+01:00,10403,8613080,8613080
2026-05-12T19:43:45+01:00,10403,8613080,8613080
2026-05-12T19:43:46+01:00,10395,8613980,8613980
2026-05-12T19:43:47+01:00,10396,8613980,8613980
2026-05-12T19:43:48+01:00,10397,8614040,8614040
2026-05-12T19:43:49+01:00,10398,8614040,8614040
2026-05-12T19:43:50+01:00,10398,8614040,8614040
2026-05-12T19:43:51+01:00,10398,8614040,8614040
2026-05-12T19:43:52+01:00,10397,8614040,8614040
2026-05-12T19:43:53+01:00,10398,8614040,8614040
2026-05-12T19:43:54+01:00,10399,8614040,8614040
2026-05-12T19:43:55+01:00,10400,8614040,8614040
2026-05-12T19:43:56+01:00,10402,8614040,8614040
2026-05-12T19:43:57+01:00,10404,8614040,8614040
2026-05-12T19:43:58+01:00,10405,8614040,8614040
2026-05-12T19:43:59+01:00,10407,8614040,8614040
2026-05-12T19:44:00+01:00,10408,8614040,8614040
2026-05-12T19:44:01+01:00,10408,8614040,8614040
2026-05-12T19:44:02+01:00,10409,8614040,8614040
2026-05-12T19:44:04+01:00,10402,8614040,8614040
2026-05-12T19:44:05+01:00,10404,8614040,8614040
2026-05-12T19:44:06+01:00,10406,8614040,8614040
2026-05-12T19:44:07+01:00,10408,8614040,8614040
2026-05-12T19:44:08+01:00,10410,8614040,8614040
2026-05-12T19:44:09+01:00,10413,8614040,8614040
2026-05-12T19:44:10+01:00,10415,8614040,8614040
2026-05-12T19:44:11+01:00,10417,8614040,8614040
2026-05-12T19:44:12+01:00,10419,8614040,8614040
2026-05-12T19:44:13+01:00,10420,8614040,8614040
2026-05-12T19:44:14+01:00,10422,8614040,8614040
2026-05-12T19:44:15+01:00,10424,8614040,8614040
2026-05-12T19:44:16+01:00,10426,8614040,8614040
2026-05-12T19:44:17+01:00,10428,8614040,8614040
2026-05-12T19:44:18+01:00,10429,8614040,8614040
2026-05-12T19:44:19+01:00,10430,8614040,8614040
2026-05-12T19:44:21+01:00,10431,8614040,8614040
2026-05-12T19:44:22+01:00,10424,8614040,8614040
2026-05-12T19:44:23+01:00,10427,8614040,8614040
2026-05-12T19:44:24+01:00,10430,8614040,8614040
2026-05-12T19:44:25+01:00,10438,8614040,8614040
2026-05-12T19:44:27+01:00,10437,8614040,8614040
2026-05-12T19:44:28+01:00,10437,8614040,8614040
2026-05-12T19:44:30+01:00,10440,8614040,8614040
2026-05-12T19:44:31+01:00,10444,8614040,8614040
2026-05-12T19:44:32+01:00,10446,8614108,8614108
2026-05-12T19:44:33+01:00,10448,8614108,8614108
2026-05-12T19:44:34+01:00,10450,8614108,8614108
2026-05-12T19:44:35+01:00,10452,8614108,8614108
2026-05-12T19:44:36+01:00,10454,8614108,8614108
2026-05-12T19:44:37+01:00,10456,8614108,8614108
2026-05-12T19:44:38+01:00,10458,8614108,8614108
2026-05-12T19:44:40+01:00,10461,8614108,8614108
2026-05-12T19:44:41+01:00,10455,8614108,8614108
2026-05-12T19:44:42+01:00,10457,8614108,8614108
2026-05-12T19:44:43+01:00,10460,8614108,8614108
2026-05-12T19:44:44+01:00,10462,8614108,8614108
2026-05-12T19:44:45+01:00,10464,8614108,8614108
2026-05-12T19:44:46+01:00,10465,8614108,8614108
2026-05-12T19:44:47+01:00,10465,8614108,8614108
2026-05-12T19:44:48+01:00,10466,8614108,8614108
2026-05-12T19:44:49+01:00,10468,8614108,8614108
2026-05-12T19:44:50+01:00,10469,8614108,8614108
2026-05-12T19:44:51+01:00,10471,8614108,8614108
2026-05-12T19:44:52+01:00,10475,8614108,8614108
2026-05-12T19:44:54+01:00,10473,8614108,8614108
2026-05-12T19:44:55+01:00,10479,8614108,8614108
2026-05-12T19:44:56+01:00,10481,8614108,8614108
2026-05-12T19:44:58+01:00,10475,8614108,8614108
2026-05-12T19:44:59+01:00,10477,8614108,8614108
2026-05-12T19:45:00+01:00,10479,8614108,8614108
2026-05-12T19:45:01+01:00,10480,8614108,8614108
2026-05-12T19:45:02+01:00,10482,8614108,8614108
2026-05-12T19:45:03+01:00,10484,8614108,8614108
2026-05-12T19:45:04+01:00,10486,8614108,8614108
2026-05-12T19:45:05+01:00,10488,8614108,8614108
2026-05-12T19:45:06+01:00,10491,8614108,8614108
2026-05-12T19:45:07+01:00,10492,8614108,8614108
2026-05-12T19:45:08+01:00,10492,8614108,8614108
2026-05-12T19:45:09+01:00,10492,8614108,8614108
2026-05-12T19:45:10+01:00,10492,8614108,8614108
2026-05-12T19:45:11+01:00,10492,8614108,8614108
2026-05-12T19:45:13+01:00,10493,8614108,8614108
2026-05-12T19:45:14+01:00,10484,8614108,8614108
2026-05-12T19:45:15+01:00,10484,8614108,8614108
2026-05-12T19:45:16+01:00,10483,8614108,8614108
2026-05-12T19:45:17+01:00,10484,8614108,8614108
2026-05-12T19:45:18+01:00,10485,8614108,8614108
2026-05-12T19:45:19+01:00,10486,8614108,8614108
2026-05-12T19:45:20+01:00,10488,8614108,8614108
2026-05-12T19:45:21+01:00,10490,8614108,8614108
2026-05-12T19:45:22+01:00,10492,8614108,8614108
2026-05-12T19:45:23+01:00,10494,8614108,8614108
2026-05-12T19:45:24+01:00,10498,8614108,8614108
2026-05-12T19:45:25+01:00,10500,8614108,8614108
2026-05-12T19:45:27+01:00,10501,8614108,8614108
2026-05-12T19:45:28+01:00,10493,8614108,8614108
2026-05-12T19:45:29+01:00,10495,8614108,8614108
2026-05-12T19:45:30+01:00,10497,8614108,8614108
2026-05-12T19:45:31+01:00,10499,8614108,8614108
2026-05-12T19:45:32+01:00,10501,8614108,8614108
2026-05-12T19:45:33+01:00,10505,8614108,8614108
2026-05-12T19:45:34+01:00,10508,8614108,8614108
2026-05-12T19:45:35+01:00,10510,8614108,8614108
2026-05-12T19:45:36+01:00,10512,8614108,8614108
2026-05-12T19:45:37+01:00,10515,8614108,8614108
2026-05-12T19:45:39+01:00,10510,8614108,8614108
2026-05-12T19:45:40+01:00,10514,8614108,8614108
2026-05-12T19:45:41+01:00,10519,8669484,8669484
2026-05-12T19:45:42+01:00,10518,8696880,8696880
2026-05-12T19:45:44+01:00,10508,8696880,8696880
2026-05-12T19:45:45+01:00,10508,8696900,8696900
2026-05-12T19:45:46+01:00,10508,8696900,8696900
2026-05-12T19:45:47+01:00,10508,8698916,8698916
2026-05-12T19:45:48+01:00,10509,8698916,8698916
2026-05-12T19:45:49+01:00,10508,8699168,8699168
2026-05-12T19:45:50+01:00,10506,8699168,8699168
2026-05-12T19:45:51+01:00,10504,8699168,8699168
2026-05-12T19:45:52+01:00,10502,8699168,8699168
2026-05-12T19:45:53+01:00,10501,8699328,8699328
2026-05-12T19:45:54+01:00,10499,8699328,8699328
2026-05-12T19:45:55+01:00,10500,8699364,8699364
2026-05-12T19:45:56+01:00,10500,8699364,8699364
2026-05-12T19:45:57+01:00,10501,8699388,8699388
2026-05-12T19:45:58+01:00,10501,8699388,8699388
2026-05-12T19:45:59+01:00,10500,8699388,8699388
2026-05-12T19:46:00+01:00,10498,8699388,8699388
2026-05-12T19:46:01+01:00,10497,8699388,8699388
2026-05-12T19:46:03+01:00,10488,8699388,8699388
2026-05-12T19:46:04+01:00,10486,8699408,8699408
2026-05-12T19:46:05+01:00,10485,8699408,8699408
2026-05-12T19:46:06+01:00,10483,8699408,8699408
2026-05-12T19:46:07+01:00,10481,8699408,8699408
2026-05-12T19:46:08+01:00,10480,8699408,8699408
2026-05-12T19:46:09+01:00,10479,8699408,8699408
2026-05-12T19:46:10+01:00,10478,8699408,8699408
2026-05-12T19:46:11+01:00,10476,8699408,8699408
2026-05-12T19:46:12+01:00,10474,8699408,8699408
2026-05-12T19:46:13+01:00,10473,8699408,8699408
2026-05-12T19:46:14+01:00,10471,8699408,8699408
2026-05-12T19:46:15+01:00,10469,8699408,8699408
2026-05-12T19:46:16+01:00,10468,8699408,8699408
2026-05-12T19:46:17+01:00,10467,8701452,8701452
2026-05-12T19:46:18+01:00,10466,8701452,8701452
2026-05-12T19:46:19+01:00,10466,8701452,8701452
2026-05-12T19:46:20+01:00,10465,8701452,8701452
2026-05-12T19:46:22+01:00,10464,8701452,8701452
2026-05-12T19:46:23+01:00,10456,8701452,8701452
2026-05-12T19:46:24+01:00,10455,8701452,8701452
2026-05-12T19:46:25+01:00,10455,8701452,8701452
2026-05-12T19:46:26+01:00,10456,8701452,8701452
2026-05-12T19:46:27+01:00,10457,8701452,8701452
2026-05-12T19:46:28+01:00,10458,8701452,8701452
2026-05-12T19:46:29+01:00,10460,8701452,8701452
2026-05-12T19:46:30+01:00,10461,8701452,8701452
2026-05-12T19:46:31+01:00,10460,8701452,8701452
2026-05-12T19:46:32+01:00,10459,8701452,8701452
2026-05-12T19:46:33+01:00,10459,8701452,8701452
2026-05-12T19:46:34+01:00,10460,8701452,8701452
2026-05-12T19:46:35+01:00,10460,8701452,8701452
2026-05-12T19:46:36+01:00,10462,8701452,8701452
2026-05-12T19:46:37+01:00,10463,8701452,8701452
2026-05-12T19:46:39+01:00,10464,8701452,8701452
2026-05-12T19:46:40+01:00,10457,8701452,8701452
2026-05-12T19:46:41+01:00,10459,8701452,8701452
2026-05-12T19:46:42+01:00,10461,8701452,8701452
2026-05-12T19:46:43+01:00,10462,8701452,8701452
2026-05-12T19:46:44+01:00,10463,8701452,8701452
2026-05-12T19:46:45+01:00,10465,8701452,8701452
2026-05-12T19:46:46+01:00,10466,8701452,8701452
2026-05-12T19:46:47+01:00,10466,8701452,8701452
2026-05-12T19:46:48+01:00,10467,8701452,8701452
2026-05-12T19:46:49+01:00,10469,8701452,8701452
2026-05-12T19:46:50+01:00,10470,8701452,8701452
2026-05-12T19:46:51+01:00,10471,8701452,8701452
2026-05-12T19:46:52+01:00,10472,8701452,8701452
2026-05-12T19:46:53+01:00,10473,8701452,8701452
2026-05-12T19:46:54+01:00,10473,8701452,8701452
2026-05-12T19:46:55+01:00,10473,8701452,8701452
2026-05-12T19:46:57+01:00,10473,8701452,8701452
2026-05-12T19:46:58+01:00,10464,8701452,8701452
2026-05-12T19:46:59+01:00,10464,8701452,8701452
2026-05-12T19:47:00+01:00,10464,8701452,8701452
2026-05-12T19:47:01+01:00,10464,8701452,8701452
2026-05-12T19:47:02+01:00,10465,8701452,8701452
2026-05-12T19:47:03+01:00,10466,8701452,8701452
2026-05-12T19:47:04+01:00,10467,8701452,8701452
2026-05-12T19:47:05+01:00,10469,8701452,8701452
2026-05-12T19:47:06+01:00,10471,8701452,8701452
2026-05-12T19:47:07+01:00,10473,8701452,8701452
2026-05-12T19:47:08+01:00,10476,8701452,8701452
2026-05-12T19:47:09+01:00,10478,8701452,8701452
2026-05-12T19:47:10+01:00,10480,8701452,8701452
2026-05-12T19:47:12+01:00,10474,8701452,8701452
2026-05-12T19:47:13+01:00,10475,8701452,8701452
2026-05-12T19:47:14+01:00,10476,8701452,8701452
2026-05-12T19:47:15+01:00,10477,8701452,8701452
2026-05-12T19:47:16+01:00,10479,8701452,8701452
2026-05-12T19:47:17+01:00,10481,8701452,8701452
2026-05-12T19:47:18+01:00,10482,8701452,8701452
2026-05-12T19:47:19+01:00,10484,8701452,8701452
2026-05-12T19:47:20+01:00,10486,8701452,8701452
2026-05-12T19:47:21+01:00,10488,8701452,8701452
2026-05-12T19:47:22+01:00,10490,8701452,8701452
2026-05-12T19:47:23+01:00,10491,8701452,8701452
2026-05-12T19:47:24+01:00,10493,8701452,8701452
2026-05-12T19:47:25+01:00,10494,8701452,8701452
2026-05-12T19:47:26+01:00,10496,8701452,8701452
2026-05-12T19:47:27+01:00,10498,8701452,8701452
2026-05-12T19:47:29+01:00,10494,8701452,8701452
2026-05-12T19:47:30+01:00,10496,8701452,8701452
2026-05-12T19:47:31+01:00,10499,8701452,8701452
2026-05-12T19:47:32+01:00,10501,8701452,8701452
2026-05-12T19:47:33+01:00,10503,8701452,8701452
2026-05-12T19:47:34+01:00,10504,8701452,8701452
2026-05-12T19:47:35+01:00,10506,8701452,8701452
2026-05-12T19:47:36+01:00,10507,8701452,8701452
2026-05-12T19:47:37+01:00,10508,8701452,8701452
2026-05-12T19:47:38+01:00,10509,8701452,8701452
2026-05-12T19:47:39+01:00,10511,8701452,8701452
2026-05-12T19:47:41+01:00,10512,8701452,8701452
2026-05-12T19:47:42+01:00,10506,8701452,8701452
2026-05-12T19:47:43+01:00,10508,8701452,8701452
2026-05-12T19:47:44+01:00,10510,8701452,8701452
2026-05-12T19:47:45+01:00,10512,8701452,8701452
2026-05-12T19:47:46+01:00,10516,8701452,8701452
2026-05-12T19:47:47+01:00,10515,8701452,8701452
2026-05-12T19:47:49+01:00,10520,8701452,8701452
2026-05-12T19:47:50+01:00,10522,8701452,8701452
2026-05-12T19:47:51+01:00,10524,8701452,8701452
2026-05-12T19:47:52+01:00,10526,8701452,8701452
2026-05-12T19:47:53+01:00,10527,8701452,8701452
2026-05-12T19:47:54+01:00,10528,8701452,8701452
2026-05-12T19:47:55+01:00,10529,8701452,8701452
2026-05-12T19:47:56+01:00,10530,8701452,8701452
2026-05-12T19:47:58+01:00,10523,8701452,8701452
2026-05-12T19:47:59+01:00,10525,8701452,8701452
2026-05-12T19:48:00+01:00,10526,8701452,8701452
2026-05-12T19:48:01+01:00,10527,8701452,8701452
2026-05-12T19:48:02+01:00,10529,8701452,8701452
2026-05-12T19:48:03+01:00,10530,8701452,8701452
2026-05-12T19:48:04+01:00,10532,8701452,8701452
2026-05-12T19:48:05+01:00,10534,8701452,8701452
2026-05-12T19:48:06+01:00,10534,8701452,8701452
2026-05-12T19:48:08+01:00,10538,8701452,8701452
2026-05-12T19:48:09+01:00,10541,8701452,8701452
2026-05-12T19:48:10+01:00,10545,8701452,8701452
2026-05-12T19:48:12+01:00,10543,8701452,8701452
2026-05-12T19:48:13+01:00,10548,8701452,8701452
2026-05-12T19:48:15+01:00,10540,8701452,8701452
2026-05-12T19:48:16+01:00,10540,8701452,8701452
2026-05-12T19:48:17+01:00,10539,8701452,8701452
2026-05-12T19:48:18+01:00,10539,8701452,8701452
2026-05-12T19:48:19+01:00,10540,8701452,8701452
2026-05-12T19:48:20+01:00,10540,8701452,8701452
2026-05-12T19:48:21+01:00,10541,8701452,8701452
2026-05-12T19:48:22+01:00,10541,8701452,8701452
2026-05-12T19:48:23+01:00,10542,8701452,8701452
2026-05-12T19:48:24+01:00,10544,8701452,8701452
2026-05-12T19:48:25+01:00,10546,8701452,8701452
2026-05-12T19:48:26+01:00,10547,8701452,8701452
2026-05-12T19:48:27+01:00,10549,8701452,8701452
2026-05-12T19:48:28+01:00,10552,8701452,8701452
2026-05-12T19:48:29+01:00,10553,8701452,8701452
2026-05-12T19:48:31+01:00,10547,8701452,8701452
2026-05-12T19:48:32+01:00,10549,8701452,8701452
2026-05-12T19:48:33+01:00,10551,8701452,8701452
2026-05-12T19:48:34+01:00,10552,8701452,8701452
2026-05-12T19:48:35+01:00,10557,8701452,8701452
2026-05-12T19:48:36+01:00,10561,8701452,8701452
2026-05-12T19:48:37+01:00,10563,8701452,8701452
2026-05-12T19:48:39+01:00,10564,8701452,8701452
2026-05-12T19:48:40+01:00,10559,8701452,8701452
2026-05-12T19:48:41+01:00,10560,8701452,8701452
2026-05-12T19:48:42+01:00,10562,8701452,8701452
2026-05-12T19:48:43+01:00,10564,8701452,8701452
2026-05-12T19:48:44+01:00,10566,8701452,8701452
2026-05-12T19:48:45+01:00,10567,8701452,8701452
2026-05-12T19:48:46+01:00,10569,8701452,8701452
2026-05-12T19:48:47+01:00,10570,8701452,8701452
2026-05-12T19:48:48+01:00,10572,8701452,8701452
2026-05-12T19:48:49+01:00,10575,8701452,8701452
2026-05-12T19:48:51+01:00,10578,8701452,8701452
2026-05-12T19:48:52+01:00,10574,8701452,8701452
2026-05-12T19:48:53+01:00,10576,8701452,8701452
2026-05-12T19:48:54+01:00,10578,8701452,8701452
2026-05-12T19:48:55+01:00,10581,8701452,8701452
2026-05-12T19:48:56+01:00,10583,8701452,8701452
2026-05-12T19:48:57+01:00,10585,8701452,8701452
2026-05-12T19:48:58+01:00,10587,8701452,8701452
2026-05-12T19:48:59+01:00,10588,8701452,8701452
2026-05-12T19:49:01+01:00,10590,8701452,8701452
2026-05-12T19:49:02+01:00,10583,8701452,8701452
2026-05-12T19:49:03+01:00,10583,8701452,8701452
2026-05-12T19:49:04+01:00,10583,8701452,8701452
2026-05-12T19:49:05+01:00,10584,8701452,8701452
2026-05-12T19:49:06+01:00,10584,8701452,8701452
2026-05-12T19:49:07+01:00,10586,8701452,8701452
2026-05-12T19:49:08+01:00,10587,8701452,8701452
2026-05-12T19:49:09+01:00,10589,8701452,8701452
2026-05-12T19:49:10+01:00,10591,8701452,8701452
2026-05-12T19:49:11+01:00,10594,8701452,8701452
2026-05-12T19:49:13+01:00,10589,8759624,8759624
2026-05-12T19:49:14+01:00,10590,8759624,8759624
2026-05-12T19:49:15+01:00,10591,8759624,8759624
2026-05-12T19:49:16+01:00,10592,8759624,8759624
2026-05-12T19:49:17+01:00,10593,8759624,8759624
2026-05-12T19:49:18+01:00,10594,8759624,8759624
2026-05-12T19:49:19+01:00,10595,8759624,8759624
2026-05-12T19:49:20+01:00,10597,8759624,8759624
2026-05-12T19:49:21+01:00,10598,8759624,8759624
2026-05-12T19:49:22+01:00,10599,8759624,8759624
2026-05-12T19:49:23+01:00,10599,8759624,8759624
2026-05-12T19:49:24+01:00,10599,8759624,8759624
2026-05-12T19:49:25+01:00,10600,8759624,8759624
2026-05-12T19:49:27+01:00,10601,8759624,8759624
2026-05-12T19:49:28+01:00,10595,8759624,8759624
2026-05-12T19:49:29+01:00,10597,8759624,8759624
2026-05-12T19:49:30+01:00,10601,8759624,8759624
2026-05-12T19:49:31+01:00,10604,8759624,8759624
2026-05-12T19:49:32+01:00,10604,8759624,8759624
2026-05-12T19:49:33+01:00,10604,8759624,8759624
2026-05-12T19:49:35+01:00,10603,8759624,8759624
2026-05-12T19:49:36+01:00,10596,8759624,8759624
2026-05-12T19:49:37+01:00,10596,8759624,8759624
2026-05-12T19:49:38+01:00,10596,8759624,8759624
2026-05-12T19:49:39+01:00,10597,8759624,8759624
2026-05-12T19:49:40+01:00,10597,8759624,8759624
2026-05-12T19:49:41+01:00,10597,8759624,8759624
2026-05-12T19:49:42+01:00,10597,8759624,8759624
2026-05-12T19:49:43+01:00,10598,8759624,8759624
2026-05-12T19:49:44+01:00,10599,8759624,8759624
2026-05-12T19:49:45+01:00,10600,8759624,8759624
2026-05-12T19:49:46+01:00,10601,8759624,8759624
2026-05-12T19:49:47+01:00,10603,8759624,8759624
2026-05-12T19:49:48+01:00,10604,8759624,8759624
2026-05-12T19:49:49+01:00,10606,8759624,8759624
2026-05-12T19:49:50+01:00,10608,8759624,8759624
2026-05-12T19:49:51+01:00,10610,8759624,8759624
2026-05-12T19:49:53+01:00,10606,8759624,8759624
2026-05-12T19:49:54+01:00,10607,8759624,8759624
2026-05-12T19:49:55+01:00,10609,8759624,8759624
2026-05-12T19:49:56+01:00,10610,8759624,8759624
2026-05-12T19:49:57+01:00,10612,8759624,8759624
2026-05-12T19:49:58+01:00,10613,8759624,8759624
2026-05-12T19:49:59+01:00,10615,8759624,8759624
2026-05-12T19:50:00+01:00,10616,8759624,8759624
2026-05-12T19:50:01+01:00,10617,8759624,8759624
2026-05-12T19:50:02+01:00,10618,8759624,8759624
2026-05-12T19:50:03+01:00,10620,8759624,8759624
2026-05-12T19:50:04+01:00,10621,8759624,8759624
2026-05-12T19:50:05+01:00,10623,8759624,8759624
2026-05-12T19:50:07+01:00,10624,8759624,8759624
2026-05-12T19:50:08+01:00,10618,8759624,8759624
2026-05-12T19:50:09+01:00,10619,8759624,8759624
2026-05-12T19:50:10+01:00,10619,8759624,8759624
2026-05-12T19:50:11+01:00,10619,8759624,8759624
2026-05-12T19:50:12+01:00,10620,8759624,8759624
2026-05-12T19:50:13+01:00,10620,8759624,8759624
2026-05-12T19:50:14+01:00,10621,8759624,8759624
2026-05-12T19:50:15+01:00,10622,8759624,8759624
2026-05-12T19:50:16+01:00,10623,8759624,8759624
2026-05-12T19:50:17+01:00,10624,8759624,8759624
2026-05-12T19:50:18+01:00,10625,8759624,8759624
2026-05-12T19:50:19+01:00,10627,8759624,8759624
2026-05-12T19:50:20+01:00,10629,8759624,8759624
2026-05-12T19:50:21+01:00,10630,8759624,8759624
2026-05-12T19:50:22+01:00,10632,8759624,8759624
2026-05-12T19:50:24+01:00,10633,8759624,8759624
2026-05-12T19:50:25+01:00,10628,8759624,8759624
2026-05-12T19:50:26+01:00,10629,8759624,8759624
2026-05-12T19:50:27+01:00,10631,8759624,8759624
2026-05-12T19:50:28+01:00,10633,8759624,8759624
2026-05-12T19:50:29+01:00,10634,8759624,8759624
2026-05-12T19:50:30+01:00,10635,8759624,8759624
2026-05-12T19:50:31+01:00,10636,8759624,8759624
2026-05-12T19:50:32+01:00,10637,8759624,8759624
2026-05-12T19:50:33+01:00,10638,8759624,8759624
2026-05-12T19:50:34+01:00,10639,8759624,8759624
2026-05-12T19:50:35+01:00,10640,8759624,8759624
2026-05-12T19:50:36+01:00,10641,8759624,8759624
2026-05-12T19:50:37+01:00,10643,8759624,8759624
2026-05-12T19:50:39+01:00,10639,8759624,8759624
2026-05-12T19:50:40+01:00,10643,8759624,8759624
2026-05-12T19:50:41+01:00,10643,8759624,8759624
2026-05-12T19:50:43+01:00,10645,8759624,8759624
2026-05-12T19:50:44+01:00,10648,8759624,8759624
2026-05-12T19:50:46+01:00,10648,8759624,8759624
2026-05-12T19:50:47+01:00,10654,8759624,8759624
2026-05-12T19:50:48+01:00,10657,8759624,8759624
2026-05-12T19:50:50+01:00,10655,8759624,8759624
2026-05-12T19:50:51+01:00,10657,8759624,8759624
2026-05-12T19:50:52+01:00,10656,8759624,8759624
2026-05-12T19:50:53+01:00,10655,8759624,8759624
2026-05-12T19:50:54+01:00,10655,8759624,8759624
2026-05-12T19:50:56+01:00,10656,8759624,8759624
2026-05-12T19:50:57+01:00,10650,8759624,8759624
2026-05-12T19:50:58+01:00,10650,8759624,8759624
2026-05-12T19:50:59+01:00,10652,8759624,8759624
2026-05-12T19:51:00+01:00,10653,8759624,8759624
2026-05-12T19:51:01+01:00,10656,8759624,8759624
2026-05-12T19:51:02+01:00,10657,8759624,8759624
2026-05-12T19:51:03+01:00,10659,8759624,8759624
2026-05-12T19:51:04+01:00,10661,8759624,8759624
2026-05-12T19:51:05+01:00,10662,8759624,8759624
2026-05-12T19:51:06+01:00,10663,8759624,8759624
2026-05-12T19:51:07+01:00,10664,8759624,8759624
2026-05-12T19:51:09+01:00,10666,8759624,8759624
2026-05-12T19:51:10+01:00,10661,8759624,8759624
2026-05-12T19:51:11+01:00,10663,8759624,8759624
2026-05-12T19:51:12+01:00,10664,8759624,8759624
2026-05-12T19:51:13+01:00,10666,8759624,8759624
2026-05-12T19:51:14+01:00,10668,8759624,8759624
2026-05-12T19:51:15+01:00,10671,8759624,8759624
2026-05-12T19:51:17+01:00,10669,8759624,8759624
2026-05-12T19:51:18+01:00,10674,8759624,8759624
2026-05-12T19:51:19+01:00,10676,8759624,8759624
2026-05-12T19:51:20+01:00,10677,8759624,8759624
2026-05-12T19:51:21+01:00,10678,8759624,8759624
2026-05-12T19:51:22+01:00,10679,8759624,8759624
2026-05-12T19:51:24+01:00,10681,8759624,8759624
2026-05-12T19:51:25+01:00,10675,8759624,8759624
2026-05-12T19:51:26+01:00,10677,8759624,8759624
2026-05-12T19:51:27+01:00,10678,8759624,8759624
2026-05-12T19:51:28+01:00,10679,8759624,8759624
2026-05-12T19:51:29+01:00,10683,8759624,8759624
2026-05-12T19:51:30+01:00,10685,8810740,8810740
2026-05-12T19:51:31+01:00,10686,8810740,8810740
2026-05-12T19:51:32+01:00,10687,8810740,8810740
2026-05-12T19:51:34+01:00,10683,8810740,8810740
2026-05-12T19:51:35+01:00,10685,8810740,8810740
2026-05-12T19:51:36+01:00,10687,8810740,8810740
2026-05-12T19:51:37+01:00,10689,8810740,8810740
2026-05-12T19:51:38+01:00,10692,8810740,8810740
2026-05-12T19:51:40+01:00,10691,8810740,8810740
2026-05-12T19:51:41+01:00,10694,8810740,8810740
2026-05-12T19:51:42+01:00,10696,8810740,8810740
2026-05-12T19:51:43+01:00,10697,8810740,8810740
2026-05-12T19:51:44+01:00,10698,8810740,8810740
2026-05-12T19:51:45+01:00,10700,8810740,8810740
2026-05-12T19:51:47+01:00,10701,8810740,8810740
2026-05-12T19:51:48+01:00,10696,8810740,8810740
2026-05-12T19:51:49+01:00,10698,8810740,8810740
2026-05-12T19:51:50+01:00,10699,8810740,8810740
2026-05-12T19:51:51+01:00,10700,8810740,8810740
2026-05-12T19:51:52+01:00,10701,8810740,8810740
2026-05-12T19:51:53+01:00,10702,8810740,8810740
2026-05-12T19:51:54+01:00,10703,8810740,8810740
2026-05-12T19:51:55+01:00,10707,8810740,8810740
2026-05-12T19:51:57+01:00,10703,8810740,8810740
2026-05-12T19:51:58+01:00,10704,8810740,8810740
2026-05-12T19:51:59+01:00,10705,8810740,8810740
2026-05-12T19:52:00+01:00,10705,8810740,8810740
2026-05-12T19:52:01+01:00,10706,8810740,8810740
2026-05-12T19:52:02+01:00,10707,8810740,8810740
2026-05-12T19:52:03+01:00,10708,8810740,8810740
2026-05-12T19:52:04+01:00,10708,8810740,8810740
2026-05-12T19:52:05+01:00,10710,8810740,8810740
2026-05-12T19:52:06+01:00,10712,8810740,8810740
2026-05-12T19:52:07+01:00,10714,8810740,8810740
2026-05-12T19:52:08+01:00,10715,8810740,8810740
2026-05-12T19:52:10+01:00,10717,8810740,8810740
2026-05-12T19:52:11+01:00,10712,8810740,8810740
2026-05-12T19:52:12+01:00,10714,8810740,8810740
2026-05-12T19:52:13+01:00,10719,8810740,8810740
2026-05-12T19:52:15+01:00,10718,8810740,8810740
2026-05-12T19:52:16+01:00,10724,8810740,8810740
2026-05-12T19:52:18+01:00,10722,8810740,8810740
2026-05-12T19:52:19+01:00,10723,8810904,8810904
2026-05-12T19:52:20+01:00,10724,8810904,8810904
2026-05-12T19:52:21+01:00,10725,8810904,8810904
2026-05-12T19:52:22+01:00,10727,8810904,8810904
2026-05-12T19:52:23+01:00,10728,8810904,8810904
2026-05-12T19:52:24+01:00,10729,8810904,8810904
2026-05-12T19:52:25+01:00,10731,8810904,8810904
2026-05-12T19:52:26+01:00,10733,8810904,8810904
2026-05-12T19:52:27+01:00,10734,8810904,8810904
2026-05-12T19:52:29+01:00,10730,8810904,8810904
2026-05-12T19:52:30+01:00,10732,8810904,8810904
2026-05-12T19:52:31+01:00,10735,8810904,8810904
2026-05-12T19:52:33+01:00,10739,8810904,8810904
2026-05-12T19:52:34+01:00,10733,8810904,8810904
2026-05-12T19:52:35+01:00,10734,8810904,8810904
2026-05-12T19:52:36+01:00,10734,8810904,8810904
2026-05-12T19:52:37+01:00,10735,8810904,8810904
2026-05-12T19:52:38+01:00,10736,8810904,8810904
2026-05-12T19:52:39+01:00,10737,8810904,8810904
2026-05-12T19:52:40+01:00,10738,8810904,8810904
2026-05-12T19:52:41+01:00,10740,8810904,8810904
2026-05-12T19:52:42+01:00,10744,8810904,8810904
2026-05-12T19:52:44+01:00,10743,8810904,8810904
2026-05-12T19:52:45+01:00,10747,8810904,8810904
2026-05-12T19:52:47+01:00,10750,8787388,8811072
2026-05-12T19:52:48+01:00,10747,8787388,8811072
2026-05-12T19:52:49+01:00,10749,8787388,8811072
2026-05-12T19:52:50+01:00,10749,8787388,8811072
2026-05-12T19:52:51+01:00,10750,8787388,8811072
2026-05-12T19:52:52+01:00,10752,8787388,8811072
2026-05-12T19:52:53+01:00,10753,8787388,8811072
2026-05-12T19:52:55+01:00,10749,8787388,8811072
2026-05-12T19:52:56+01:00,10750,8787388,8811072
2026-05-12T19:52:57+01:00,10752,8787388,8811072
2026-05-12T19:52:58+01:00,10755,8787388,8811072
2026-05-12T19:52:59+01:00,10757,8787388,8811072
2026-05-12T19:53:00+01:00,10760,8787388,8811072
2026-05-12T19:53:02+01:00,10757,8787388,8811072
2026-05-12T19:53:03+01:00,10759,8787388,8811072
2026-05-12T19:53:04+01:00,10759,8787388,8811072
2026-05-12T19:53:05+01:00,10761,8787388,8811072
2026-05-12T19:53:06+01:00,10763,8787388,8811072
2026-05-12T19:53:07+01:00,10765,8787388,8811072
2026-05-12T19:53:08+01:00,10766,8787388,8811072
2026-05-12T19:53:09+01:00,10768,8787388,8811072
2026-05-12T19:53:11+01:00,10765,8787388,8811072
2026-05-12T19:53:12+01:00,10770,8787388,8811072
2026-05-12T19:53:14+01:00,10768,8787388,8811072
2026-05-12T19:53:15+01:00,10770,8787388,8811072
2026-05-12T19:53:16+01:00,10773,8787388,8811072
2026-05-12T19:53:17+01:00,10774,8787388,8811072
2026-05-12T19:53:18+01:00,10775,8787388,8811072
2026-05-12T19:53:19+01:00,10776,8787388,8811072
2026-05-12T19:53:20+01:00,10778,8787388,8811072
2026-05-12T19:53:21+01:00,10779,8787388,8811072
2026-05-12T19:53:23+01:00,10774,8787388,8811072
2026-05-12T19:53:24+01:00,10775,8787388,8811072
2026-05-12T19:53:25+01:00,10777,8787388,8811072
2026-05-12T19:53:26+01:00,10779,8787388,8811072
2026-05-12T19:53:27+01:00,10782,8787388,8811072
2026-05-12T19:53:28+01:00,10784,8787388,8811072
2026-05-12T19:53:29+01:00,10785,8787388,8811072
2026-05-12T19:53:31+01:00,10781,8787388,8811072
2026-05-12T19:53:32+01:00,10783,8787388,8811072
2026-05-12T19:53:33+01:00,10785,8787388,8811072
2026-05-12T19:53:34+01:00,10789,8787388,8811072
2026-05-12T19:53:36+01:00,10786,8787388,8811072
2026-05-12T19:53:37+01:00,10787,8787388,8811072
2026-05-12T19:53:38+01:00,10787,8787388,8811072
2026-05-12T19:53:39+01:00,10788,8787388,8811072
2026-05-12T19:53:40+01:00,10789,8787388,8811072
2026-05-12T19:53:41+01:00,10790,8787388,8811072
2026-05-12T19:53:42+01:00,10791,8787388,8811072
2026-05-12T19:53:44+01:00,10787,8787388,8811072
2026-05-12T19:53:45+01:00,10788,8787388,8811072
2026-05-12T19:53:46+01:00,10788,8787388,8811072
2026-05-12T19:53:47+01:00,10788,8787388,8811072
2026-05-12T19:53:48+01:00,10787,8787388,8811072
2026-05-12T19:53:49+01:00,10788,8787388,8811072
2026-05-12T19:53:50+01:00,10787,8787388,8811072
2026-05-12T19:53:52+01:00,10782,8787388,8811072
2026-05-12T19:53:53+01:00,10782,8787388,8811072
2026-05-12T19:53:54+01:00,10782,8787392,8811072
2026-05-12T19:53:55+01:00,10782,8787392,8811072
2026-05-12T19:53:56+01:00,10782,8787392,8811072
2026-05-12T19:53:57+01:00,10781,8787392,8811072
2026-05-12T19:53:58+01:00,10781,8787392,8811072
2026-05-12T19:53:59+01:00,10782,8787392,8811072
2026-05-12T19:54:00+01:00,10782,8787392,8811072
2026-05-12T19:54:02+01:00,10777,8787392,8811072
2026-05-12T19:54:03+01:00,10778,8787392,8811072
2026-05-12T19:54:04+01:00,10779,8787392,8811072
2026-05-12T19:54:05+01:00,10781,8787392,8811072
2026-05-12T19:54:06+01:00,10782,8787392,8811072
2026-05-12T19:54:07+01:00,10783,8787392,8811072
2026-05-12T19:54:08+01:00,10784,8787392,8811072
2026-05-12T19:54:09+01:00,10785,8787392,8811072
2026-05-12T19:54:10+01:00,10787,8787392,8811072
2026-05-12T19:54:11+01:00,10788,8787392,8811072
2026-05-12T19:54:12+01:00,10790,8787392,8811072
2026-05-12T19:54:13+01:00,10791,8787392,8811072
2026-05-12T19:54:15+01:00,10792,8787392,8811072
2026-05-12T19:54:16+01:00,10786,8787392,8811072
2026-05-12T19:54:17+01:00,10787,8787392,8811072
2026-05-12T19:54:18+01:00,10789,8787392,8811072
2026-05-12T19:54:19+01:00,10790,8787392,8811072
2026-05-12T19:54:20+01:00,10791,8787392,8811072
2026-05-12T19:54:21+01:00,10791,8787392,8811072
2026-05-12T19:54:22+01:00,10791,8787392,8811072
2026-05-12T19:54:23+01:00,10791,8787392,8811072
2026-05-12T19:54:24+01:00,10790,8787392,8811072
2026-05-12T19:54:25+01:00,10789,8787392,8811072
2026-05-12T19:54:26+01:00,10789,8787392,8811072
2026-05-12T19:54:27+01:00,10789,8787392,8811072
2026-05-12T19:54:28+01:00,10789,8787392,8811072
2026-05-12T19:54:29+01:00,10789,8787392,8811072
2026-05-12T19:54:30+01:00,10789,8787392,8811072
2026-05-12T19:54:31+01:00,10790,8787392,8811072
2026-05-12T19:54:32+01:00,10791,8787392,8811072
2026-05-12T19:54:34+01:00,10785,8787392,8811072
2026-05-12T19:54:35+01:00,10786,8787392,8811072
2026-05-12T19:54:36+01:00,10787,8787392,8811072
2026-05-12T19:54:37+01:00,10789,8787392,8811072
2026-05-12T19:54:38+01:00,10790,8787392,8811072
2026-05-12T19:54:39+01:00,10791,8787392,8811072
2026-05-12T19:54:40+01:00,10792,8787392,8811072
2026-05-12T19:54:41+01:00,10794,8787392,8811072
2026-05-12T19:54:42+01:00,10798,8787392,8811072
2026-05-12T19:54:44+01:00,10794,8787392,8811072
2026-05-12T19:54:45+01:00,10795,8787392,8811072
2026-05-12T19:54:46+01:00,10798,8787392,8811072
2026-05-12T19:54:47+01:00,10799,8787392,8811072
2026-05-12T19:54:48+01:00,10800,8787392,8811072
2026-05-12T19:54:49+01:00,10801,8787392,8811072
2026-05-12T19:54:50+01:00,10801,8787392,8811072
2026-05-12T19:54:51+01:00,10801,8787392,8811072
2026-05-12T19:54:52+01:00,10802,8787392,8811072
2026-05-12T19:54:53+01:00,10803,8787392,8811072
2026-05-12T19:54:54+01:00,10804,8787392,8811072
2026-05-12T19:54:55+01:00,10805,8787392,8811072
2026-05-12T19:54:57+01:00,10800,8787392,8811072
2026-05-12T19:54:58+01:00,10801,8787392,8811072
2026-05-12T19:54:59+01:00,10803,8787392,8811072
2026-05-12T19:55:00+01:00,10806,8785712,8811072
2026-05-12T19:55:01+01:00,10809,8785712,8811072
2026-05-12T19:55:02+01:00,10809,8785712,8811072
2026-05-12T19:55:03+01:00,10810,8785712,8811072
2026-05-12T19:55:05+01:00,10810,8785712,8811072
2026-05-12T19:55:06+01:00,10805,8785712,8811072
2026-05-12T19:55:07+01:00,10806,8785712,8811072
2026-05-12T19:55:08+01:00,10807,8785712,8811072
2026-05-12T19:55:09+01:00,10808,8785712,8811072
2026-05-12T19:55:10+01:00,10810,8785712,8811072
2026-05-12T19:55:11+01:00,10811,8785712,8811072
2026-05-12T19:55:12+01:00,10812,8785712,8811072
2026-05-12T19:55:13+01:00,10813,8785712,8811072
2026-05-12T19:55:14+01:00,10814,8785712,8811072
2026-05-12T19:55:15+01:00,10816,8785712,8811072
2026-05-12T19:55:16+01:00,10817,8785712,8811072
2026-05-12T19:55:17+01:00,10818,8785712,8811072
2026-05-12T19:55:18+01:00,10819,8785712,8811072
2026-05-12T19:55:19+01:00,10820,8785712,8811072
2026-05-12T19:55:21+01:00,10821,8785712,8811072
2026-05-12T19:55:22+01:00,10816,8785712,8811072
2026-05-12T19:55:23+01:00,10817,8785712,8811072
2026-05-12T19:55:24+01:00,10818,8785712,8811072
2026-05-12T19:55:25+01:00,10819,8785712,8811072
2026-05-12T19:55:26+01:00,10820,8785712,8811072
2026-05-12T19:55:27+01:00,10821,8785712,8811072
2026-05-12T19:55:28+01:00,10822,8785712,8811072
2026-05-12T19:55:29+01:00,10823,8785712,8811072
2026-05-12T19:55:30+01:00,10823,8785712,8811072
2026-05-12T19:55:31+01:00,10823,8785712,8811072
2026-05-12T19:55:32+01:00,10823,8785712,8811072
2026-05-12T19:55:33+01:00,10823,8785712,8811072
2026-05-12T19:55:34+01:00,10822,8785712,8811072
2026-05-12T19:55:35+01:00,10822,8785712,8811072
2026-05-12T19:55:36+01:00,10821,8785712,8811072
2026-05-12T19:55:37+01:00,10821,8785712,8811072
2026-05-12T19:55:39+01:00,10821,8785712,8811072
2026-05-12T19:55:40+01:00,10816,8785712,8811072
2026-05-12T19:55:41+01:00,10816,8785712,8811072
2026-05-12T19:55:42+01:00,10817,8785712,8811072
2026-05-12T19:55:43+01:00,10818,8785712,8811072
2026-05-12T19:55:44+01:00,10819,8785712,8811072
2026-05-12T19:55:45+01:00,10821,8785712,8811072
2026-05-12T19:55:46+01:00,10825,8785712,8811072
2026-05-12T19:55:48+01:00,10823,8785712,8811072
2026-05-12T19:55:49+01:00,10826,8785712,8811072
2026-05-12T19:55:50+01:00,10827,8785712,8811072
2026-05-12T19:55:51+01:00,10828,8785712,8811072
2026-05-12T19:55:52+01:00,10829,8785712,8811072
2026-05-12T19:55:53+01:00,10829,8785712,8811072
2026-05-12T19:55:54+01:00,10830,8785712,8811072
2026-05-12T19:55:55+01:00,10830,8785712,8811072
2026-05-12T19:55:57+01:00,10825,8785712,8811072
2026-05-12T19:55:58+01:00,10825,8785712,8811072
2026-05-12T19:55:59+01:00,10826,8785712,8811072
2026-05-12T19:56:00+01:00,10829,8785712,8811072
2026-05-12T19:56:01+01:00,10829,8785712,8811072
2026-05-12T19:56:03+01:00,10833,8785712,8811072
2026-05-12T19:56:04+01:00,10836,8785712,8811072
2026-05-12T19:56:05+01:00,10833,8785712,8811072
2026-05-12T19:56:07+01:00,10837,8785712,8811072
2026-05-12T19:56:08+01:00,10838,8785712,8811072
2026-05-12T19:56:09+01:00,10839,8785712,8811072
2026-05-12T19:56:10+01:00,10839,8785712,8811072
2026-05-12T19:56:11+01:00,10840,8785712,8811072
2026-05-12T19:56:12+01:00,10842,8785712,8811072
2026-05-12T19:56:14+01:00,10839,8785712,8811072
2026-05-12T19:56:15+01:00,10841,8778448,8811072
2026-05-12T19:56:16+01:00,10846,8778448,8811072
2026-05-12T19:56:18+01:00,10841,8778448,8811072
2026-05-12T19:56:19+01:00,10842,8778448,8811072
2026-05-12T19:56:20+01:00,10843,8778448,8811072
2026-05-12T19:56:21+01:00,10844,8778448,8811072
2026-05-12T19:56:22+01:00,10845,8778448,8811072
2026-05-12T19:56:23+01:00,10846,8778448,8811072
2026-05-12T19:56:24+01:00,10848,8778448,8811072
2026-05-12T19:56:25+01:00,10849,8778448,8811072
2026-05-12T19:56:26+01:00,10852,8778448,8811072
2026-05-12T19:56:28+01:00,10850,8778448,8811072
2026-05-12T19:56:29+01:00,10851,8778448,8811072
2026-05-12T19:56:30+01:00,10854,8778448,8811072
2026-05-12T19:56:32+01:00,10852,8778448,8811072
2026-05-12T19:56:33+01:00,10853,8778448,8811072
2026-05-12T19:56:34+01:00,10854,8778448,8811072
2026-05-12T19:56:35+01:00,10854,8778516,8811072
2026-05-12T19:56:36+01:00,10855,8778516,8811072
2026-05-12T19:56:37+01:00,10856,8778516,8811072
2026-05-12T19:56:38+01:00,10857,8778516,8811072
2026-05-12T19:56:39+01:00,10858,8778516,8811072
2026-05-12T19:56:40+01:00,10859,8778516,8811072
2026-05-12T19:56:41+01:00,10860,8778516,8811072
2026-05-12T19:56:42+01:00,10861,8778516,8811072
2026-05-12T19:56:43+01:00,10862,8778516,8811072
2026-05-12T19:56:44+01:00,10863,8778516,8811072
2026-05-12T19:56:45+01:00,10865,8778516,8811072
2026-05-12T19:56:47+01:00,10860,8778516,8811072
2026-05-12T19:56:48+01:00,10862,8778516,8811072
2026-05-12T19:56:49+01:00,10863,8778516,8811072
2026-05-12T19:56:50+01:00,10864,8778516,8811072
2026-05-12T19:56:51+01:00,10865,8778516,8811072
2026-05-12T19:56:52+01:00,10866,8778516,8811072
2026-05-12T19:56:53+01:00,10868,8778516,8811072
2026-05-12T19:56:54+01:00,10869,8778516,8811072
2026-05-12T19:56:55+01:00,10871,8778516,8811072
2026-05-12T19:56:56+01:00,10868,8778516,8811072
2026-05-12T19:56:58+01:00,10873,8778516,8811072
2026-05-12T19:56:59+01:00,10876,8778516,8811072
2026-05-12T19:57:01+01:00,10871,8778516,8811072
2026-05-12T19:57:02+01:00,10873,8778516,8811072
2026-05-12T19:57:03+01:00,10874,8778516,8811072
2026-05-12T19:57:04+01:00,10875,8778516,8811072
2026-05-12T19:57:05+01:00,10876,8778516,8811072
2026-05-12T19:57:06+01:00,10876,8778516,8811072
2026-05-12T19:57:07+01:00,10876,8778516,8811072
2026-05-12T19:57:08+01:00,10876,8778516,8811072
2026-05-12T19:57:09+01:00,10875,8778516,8811072
2026-05-12T19:57:10+01:00,10874,8778516,8811072
2026-05-12T19:57:11+01:00,10872,8778516,8811072
2026-05-12T19:57:12+01:00,10871,8778516,8811072
2026-05-12T19:57:13+01:00,10870,8778516,8811072
2026-05-12T19:57:14+01:00,10870,8778516,8811072
2026-05-12T19:57:15+01:00,10869,8778516,8811072
2026-05-12T19:57:17+01:00,10869,8778516,8811072
2026-05-12T19:57:18+01:00,10864,8778516,8811072
2026-05-12T19:57:19+01:00,10865,8778516,8811072
2026-05-12T19:57:20+01:00,10865,8778516,8811072
2026-05-12T19:57:21+01:00,10866,8778516,8811072
2026-05-12T19:57:22+01:00,10868,8778516,8811072
2026-05-12T19:57:23+01:00,10869,8778516,8811072
2026-05-12T19:57:24+01:00,10872,8778516,8811072
2026-05-12T19:57:25+01:00,10873,8778516,8811072
2026-05-12T19:57:27+01:00,10875,8778516,8811072
2026-05-12T19:57:28+01:00,10870,8778516,8811072
2026-05-12T19:57:29+01:00,10871,8778516,8811072
2026-05-12T19:57:30+01:00,10874,8778528,8811072
2026-05-12T19:57:31+01:00,10876,8778528,8811072
2026-05-12T19:57:32+01:00,10878,8778528,8811072
2026-05-12T19:57:34+01:00,10879,8778528,8811072
2026-05-12T19:57:35+01:00,10875,8778528,8811072
2026-05-12T19:57:36+01:00,10876,8778528,8811072
2026-05-12T19:57:37+01:00,10877,8778528,8811072
2026-05-12T19:57:38+01:00,10879,8778528,8811072
2026-05-12T19:57:39+01:00,10880,8778528,8811072
2026-05-12T19:57:40+01:00,10883,8778528,8811072
2026-05-12T19:57:41+01:00,10884,8778528,8811072
2026-05-12T19:57:42+01:00,10884,8778528,8811072
2026-05-12T19:57:44+01:00,10885,8778528,8811072
2026-05-12T19:57:45+01:00,10881,8778528,8811072
2026-05-12T19:57:46+01:00,10883,8778528,8811072
2026-05-12T19:57:47+01:00,10883,8778528,8811072
2026-05-12T19:57:49+01:00,10886,8780160,8811072
2026-05-12T19:57:50+01:00,10887,8780160,8811072
2026-05-12T19:57:51+01:00,10887,8780160,8811072
2026-05-12T19:57:52+01:00,10888,8780160,8811072
2026-05-12T19:57:53+01:00,10888,8780160,8811072
2026-05-12T19:57:54+01:00,10889,8780160,8811072
2026-05-12T19:57:55+01:00,10890,8780160,8811072
2026-05-12T19:57:56+01:00,10891,8780160,8811072
2026-05-12T19:57:57+01:00,10888,8780160,8811072
2026-05-12T19:57:59+01:00,10890,8780160,8811072
2026-05-12T19:58:00+01:00,10895,8780160,8811072
2026-05-12T19:58:02+01:00,10894,8780160,8811072
2026-05-12T19:58:03+01:00,10897,8780160,8811072
2026-05-12T19:58:05+01:00,10898,8780160,8811072
2026-05-12T19:58:06+01:00,10893,8780160,8811072
2026-05-12T19:58:07+01:00,10894,8780160,8811072
2026-05-12T19:58:08+01:00,10895,8780160,8811072
2026-05-12T19:58:09+01:00,10897,8780160,8811072
2026-05-12T19:58:10+01:00,10901,8780160,8811072
2026-05-12T19:58:11+01:00,10898,8780160,8811072
2026-05-12T19:58:13+01:00,10902,8780160,8811072
2026-05-12T19:58:15+01:00,10901,8780160,8811072
2026-05-12T19:58:16+01:00,10904,8780160,8811072
2026-05-12T19:58:17+01:00,10903,8780160,8811072
2026-05-12T19:58:19+01:00,10905,8780160,8811072
2026-05-12T19:58:20+01:00,10906,8780160,8811072
2026-05-12T19:58:21+01:00,10907,8780160,8811072
2026-05-12T19:58:22+01:00,10908,8780160,8811072
2026-05-12T19:58:23+01:00,10909,8780224,8811072
2026-05-12T19:58:24+01:00,10909,8770604,8811072
2026-05-12T19:58:25+01:00,10909,8770604,8811072
2026-05-12T19:58:26+01:00,10909,8770604,8811072
2026-05-12T19:58:27+01:00,10908,8770604,8811072
2026-05-12T19:58:28+01:00,10907,8770604,8811072
2026-05-12T19:58:29+01:00,10905,8770604,8811072
2026-05-12T19:58:31+01:00,10904,8770604,8811072
2026-05-12T19:58:32+01:00,10898,8770604,8811072
2026-05-12T19:58:33+01:00,10898,8770604,8811072
2026-05-12T19:58:34+01:00,10898,8770604,8811072
2026-05-12T19:58:35+01:00,10898,8770604,8811072
2026-05-12T19:58:36+01:00,10898,8770604,8811072
2026-05-12T19:58:37+01:00,10899,8770604,8811072
2026-05-12T19:58:38+01:00,10899,8770604,8811072
2026-05-12T19:58:39+01:00,10900,8770604,8811072
2026-05-12T19:58:40+01:00,10901,8770604,8811072
2026-05-12T19:58:41+01:00,10902,8770604,8811072
2026-05-12T19:58:42+01:00,10904,8770604,8811072
2026-05-12T19:58:44+01:00,10903,8770604,8811072
2026-05-12T19:58:45+01:00,10906,8770604,8811072
2026-05-12T19:58:46+01:00,10906,8770604,8811072
2026-05-12T19:58:47+01:00,10907,8770604,8811072
2026-05-12T19:58:48+01:00,10908,8770604,8811072
2026-05-12T19:58:49+01:00,10908,8770604,8811072
2026-05-12T19:58:50+01:00,10910,8770668,8811072
2026-05-12T19:58:52+01:00,10906,8770668,8811072
2026-05-12T19:58:53+01:00,10908,8770668,8811072
2026-05-12T19:58:54+01:00,10909,8770668,8811072
2026-05-12T19:58:55+01:00,10911,8770668,8811072
2026-05-12T19:58:56+01:00,10913,8770668,8811072
2026-05-12T19:58:57+01:00,10915,8770668,8811072
2026-05-12T19:58:59+01:00,10914,8770668,8811072
2026-05-12T19:59:00+01:00,10915,8770668,8811072
2026-05-12T19:59:01+01:00,10916,8770668,8811072
2026-05-12T19:59:02+01:00,10917,8770668,8811072
2026-05-12T19:59:03+01:00,10917,8770668,8811072
2026-05-12T19:59:04+01:00,10917,8770668,8811072
2026-05-12T19:59:05+01:00,10918,8770668,8811072
2026-05-12T19:59:07+01:00,10913,8770668,8811072
2026-05-12T19:59:08+01:00,10913,8770668,8811072
2026-05-12T19:59:09+01:00,10914,8770668,8811072
2026-05-12T19:59:10+01:00,10915,8770668,8811072
2026-05-12T19:59:11+01:00,10916,8770668,8811072
2026-05-12T19:59:12+01:00,10916,8770668,8811072
2026-05-12T19:59:13+01:00,10917,8770668,8811072
2026-05-12T19:59:14+01:00,10918,8770668,8811072
2026-05-12T19:59:15+01:00,10919,8770668,8811072
2026-05-12T19:59:16+01:00,10920,8770668,8811072
2026-05-12T19:59:17+01:00,10921,8770668,8811072
2026-05-12T19:59:18+01:00,10922,8770668,8811072
2026-05-12T19:59:19+01:00,10923,8770668,8811072
2026-05-12T19:59:20+01:00,10924,8770668,8811072
2026-05-12T19:59:21+01:00,10925,8770668,8811072
2026-05-12T19:59:23+01:00,10921,8770668,8811072
2026-05-12T19:59:24+01:00,10922,8770668,8811072
2026-05-12T19:59:25+01:00,10923,8770668,8811072
2026-05-12T19:59:26+01:00,10923,8770668,8811072
2026-05-12T19:59:27+01:00,10924,8770668,8811072
2026-05-12T19:59:28+01:00,10925,8770668,8811072
2026-05-12T19:59:29+01:00,10926,8770668,8811072
2026-05-12T19:59:30+01:00,10928,8770668,8811072
2026-05-12T19:59:31+01:00,10929,8770668,8811072
2026-05-12T19:59:32+01:00,10930,8770668,8811072
2026-05-12T19:59:33+01:00,10931,8770668,8811072
2026-05-12T19:59:34+01:00,10932,8770668,8811072
2026-05-12T19:59:35+01:00,10933,8770668,8811072
2026-05-12T19:59:37+01:00,10933,8770668,8811072
2026-05-12T19:59:38+01:00,10929,8770668,8811072
2026-05-12T19:59:39+01:00,10929,8770668,8811072
2026-05-12T19:59:40+01:00,10928,8770668,8811072
2026-05-12T19:59:41+01:00,10928,8770668,8811072
2026-05-12T19:59:42+01:00,10927,8770668,8811072
2026-05-12T19:59:43+01:00,10927,8770668,8811072
2026-05-12T19:59:44+01:00,10928,8770668,8811072
2026-05-12T19:59:45+01:00,10929,8770668,8811072
2026-05-12T19:59:46+01:00,10930,8770668,8811072
2026-05-12T19:59:47+01:00,10932,8770668,8811072
2026-05-12T19:59:48+01:00,10934,8770668,8811072
2026-05-12T19:59:50+01:00,10932,8770668,8811072
2026-05-12T19:59:51+01:00,10933,8770668,8811072
2026-05-12T19:59:52+01:00,10934,8770668,8811072
2026-05-12T19:59:53+01:00,10936,8770668,8811072
2026-05-12T19:59:55+01:00,10933,8770668,8811072
2026-05-12T19:59:56+01:00,10933,8770668,8811072
2026-05-12T19:59:57+01:00,10934,8770668,8811072
2026-05-12T19:59:58+01:00,10934,8770668,8811072
2026-05-12T19:59:59+01:00,10935,8770668,8811072
2026-05-12T20:00:00+01:00,10938,8770668,8811072
2026-05-12T20:00:01+01:00,10939,8770668,8811072
2026-05-12T20:00:02+01:00,10941,8770668,8811072
2026-05-12T20:00:04+01:00,10940,8770668,8811072
2026-05-12T20:00:05+01:00,10941,8770668,8811072
2026-05-12T20:00:06+01:00,10942,8770668,8811072
2026-05-12T20:00:07+01:00,10943,8770668,8811072
2026-05-12T20:00:08+01:00,10940,8751664,8811072
2026-05-12T20:00:10+01:00,10941,8751664,8811072
2026-05-12T20:00:11+01:00,10942,8751664,8811072
2026-05-12T20:00:12+01:00,10942,8751664,8811072
2026-05-12T20:00:13+01:00,10943,8751664,8811072
2026-05-12T20:00:14+01:00,10943,8751664,8811072
2026-05-12T20:00:15+01:00,10944,8751664,8811072
2026-05-12T20:00:16+01:00,10945,8751664,8811072
2026-05-12T20:00:17+01:00,10946,8751664,8811072
2026-05-12T20:00:18+01:00,10946,8751664,8811072
2026-05-12T20:00:19+01:00,10947,8751664,8811072
2026-05-12T20:00:20+01:00,10948,8751664,8811072
2026-05-12T20:00:21+01:00,10949,8751664,8811072
2026-05-12T20:00:22+01:00,10950,8751664,8811072
2026-05-12T20:00:23+01:00,10951,8751664,8811072
2026-05-12T20:00:25+01:00,10947,8751664,8811072
2026-05-12T20:00:26+01:00,10949,8751664,8811072
2026-05-12T20:00:27+01:00,10952,8751664,8811072
2026-05-12T20:00:28+01:00,10953,8751664,8811072
2026-05-12T20:00:29+01:00,10954,8751664,8811072
2026-05-12T20:00:30+01:00,10955,8751664,8811072
2026-05-12T20:00:31+01:00,10956,8751664,8811072
2026-05-12T20:00:32+01:00,10957,8751664,8811072
2026-05-12T20:00:34+01:00,10953,8751664,8811072
2026-05-12T20:00:35+01:00,10954,8751664,8811072
2026-05-12T20:00:36+01:00,10956,8751664,8811072
2026-05-12T20:00:37+01:00,10958,8751664,8811072
2026-05-12T20:00:38+01:00,10959,8751664,8811072
2026-05-12T20:00:39+01:00,10960,8751664,8811072
2026-05-12T20:00:40+01:00,10962,8751664,8811072
2026-05-12T20:00:41+01:00,10963,8751664,8811072
2026-05-12T20:00:42+01:00,10964,8751664,8811072
2026-05-12T20:00:44+01:00,10960,8751664,8811072
2026-05-12T20:00:45+01:00,10961,8751664,8811072
2026-05-12T20:00:46+01:00,10961,8751664,8811072
2026-05-12T20:00:47+01:00,10962,8751664,8811072
2026-05-12T20:00:48+01:00,10963,8751664,8811072
2026-05-12T20:00:49+01:00,10964,8751664,8811072
2026-05-12T20:00:50+01:00,10965,8751664,8811072
2026-05-12T20:00:51+01:00,10965,8751664,8811072
2026-05-12T20:00:52+01:00,10966,8751664,8811072
2026-05-12T20:00:53+01:00,10967,8751664,8811072
2026-05-12T20:00:54+01:00,10967,8751664,8811072
2026-05-12T20:00:55+01:00,10968,8751664,8811072
2026-05-12T20:00:56+01:00,10969,8751664,8811072
2026-05-12T20:00:57+01:00,10970,8751664,8811072
2026-05-12T20:00:59+01:00,10966,8751664,8811072
2026-05-12T20:01:00+01:00,10967,8751664,8811072
2026-05-12T20:01:01+01:00,10967,8751664,8811072
2026-05-12T20:01:02+01:00,10968,8751664,8811072
2026-05-12T20:01:03+01:00,10970,8751664,8811072
2026-05-12T20:01:04+01:00,10970,8751664,8811072
2026-05-12T20:01:05+01:00,10971,8751664,8811072
2026-05-12T20:01:06+01:00,10971,8751664,8811072
2026-05-12T20:01:07+01:00,10970,8751664,8811072
2026-05-12T20:01:08+01:00,10970,8751664,8811072
2026-05-12T20:01:09+01:00,10969,8751664,8811072
2026-05-12T20:01:10+01:00,10969,8751664,8811072
2026-05-12T20:01:11+01:00,10969,8751664,8811072
2026-05-12T20:01:12+01:00,10969,8751664,8811072
2026-05-12T20:01:13+01:00,10970,8751664,8811072
2026-05-12T20:01:14+01:00,10970,8751664,8811072
2026-05-12T20:01:16+01:00,10971,8751664,8811072
2026-05-12T20:01:17+01:00,10968,8751664,8811072
2026-05-12T20:01:18+01:00,10971,8751664,8811072
2026-05-12T20:01:19+01:00,10972,8751664,8811072
2026-05-12T20:01:20+01:00,10973,8751664,8811072
2026-05-12T20:01:22+01:00,10971,8751664,8811072
2026-05-12T20:01:23+01:00,10976,8751664,8811072
2026-05-12T20:01:25+01:00,10972,8751664,8811072
2026-05-12T20:01:26+01:00,10972,8751664,8811072
2026-05-12T20:01:27+01:00,10973,8751664,8811072
2026-05-12T20:01:28+01:00,10973,8751664,8811072
2026-05-12T20:01:29+01:00,10974,8751664,8811072
2026-05-12T20:01:30+01:00,10975,8751664,8811072
2026-05-12T20:01:31+01:00,10976,8751664,8811072
2026-05-12T20:01:32+01:00,10977,8751664,8811072
2026-05-12T20:01:33+01:00,10978,8751664,8811072
2026-05-12T20:01:34+01:00,10979,8751664,8811072
2026-05-12T20:01:35+01:00,10980,8751664,8811072
2026-05-12T20:01:36+01:00,10981,8751664,8811072
2026-05-12T20:01:37+01:00,10982,8751664,8811072
2026-05-12T20:01:39+01:00,10978,8751664,8811072
2026-05-12T20:01:40+01:00,10979,8751664,8811072
2026-05-12T20:01:41+01:00,10979,8751664,8811072
2026-05-12T20:01:42+01:00,10980,8751664,8811072
2026-05-12T20:01:43+01:00,10981,8751664,8811072
2026-05-12T20:01:44+01:00,10982,8751664,8811072
2026-05-12T20:01:45+01:00,10982,8751664,8811072
2026-05-12T20:01:46+01:00,10985,8751664,8811072
2026-05-12T20:01:47+01:00,10987,8751664,8811072
2026-05-12T20:01:49+01:00,10983,8751664,8811072
2026-05-12T20:01:50+01:00,10984,8751664,8811072
2026-05-12T20:01:51+01:00,10985,8751664,8811072
2026-05-12T20:01:52+01:00,10988,8751664,8811072
2026-05-12T20:01:53+01:00,10991,8758884,8811072
2026-05-12T20:01:55+01:00,10988,8758884,8811072
2026-05-12T20:01:56+01:00,10989,8758884,8811072
2026-05-12T20:01:57+01:00,10989,8758884,8811072
2026-05-12T20:01:58+01:00,10992,8758884,8811072
2026-05-12T20:01:59+01:00,10994,8758884,8811072
2026-05-12T20:02:01+01:00,10993,8758884,8811072
2026-05-12T20:02:02+01:00,10992,8758884,8811072
2026-05-12T20:02:04+01:00,10996,8758884,8811072
2026-05-12T20:02:06+01:00,10995,8758884,8811072
2026-05-12T20:02:07+01:00,10997,8758884,8811072
2026-05-12T20:02:08+01:00,10999,8758884,8811072
2026-05-12T20:02:10+01:00,10998,8758884,8811072
2026-05-12T20:02:11+01:00,10999,8758884,8811072
2026-05-12T20:02:12+01:00,11000,8758884,8811072
2026-05-12T20:02:13+01:00,11001,8758884,8811072
2026-05-12T20:02:14+01:00,11002,8758884,8811072
2026-05-12T20:02:15+01:00,11004,8758884,8811072
2026-05-12T20:02:16+01:00,11005,8758884,8811072
2026-05-12T20:02:17+01:00,11006,8758884,8811072
2026-05-12T20:02:19+01:00,11007,8758884,8811072
2026-05-12T20:02:20+01:00,11003,8758884,8811072
2026-05-12T20:02:21+01:00,11004,8758884,8811072
2026-05-12T20:02:22+01:00,11005,8758884,8811072
2026-05-12T20:02:23+01:00,11008,8758884,8811072
2026-05-12T20:02:24+01:00,11006,8758884,8811072
2026-05-12T20:02:26+01:00,11009,8758884,8811072
2026-05-12T20:02:27+01:00,11010,8809836,8811072
2026-05-12T20:02:28+01:00,11010,8809836,8811072
2026-05-12T20:02:29+01:00,11010,8809836,8811072
2026-05-12T20:02:31+01:00,11010,8809836,8811072
2026-05-12T20:02:32+01:00,11006,8809836,8811072
2026-05-12T20:02:33+01:00,11006,8809836,8811072
2026-05-12T20:02:34+01:00,11007,8809836,8811072
2026-05-12T20:02:35+01:00,11007,8809836,8811072
2026-05-12T20:02:36+01:00,11007,8809836,8811072
2026-05-12T20:02:37+01:00,11008,8809836,8811072
2026-05-12T20:02:38+01:00,11008,8809836,8811072
2026-05-12T20:02:39+01:00,11008,8809836,8811072
2026-05-12T20:02:40+01:00,11009,8809836,8811072
2026-05-12T20:02:41+01:00,11009,8809836,8811072
2026-05-12T20:02:42+01:00,11008,8809836,8811072
2026-05-12T20:02:43+01:00,11008,8809836,8811072
2026-05-12T20:02:44+01:00,11007,8809836,8811072
2026-05-12T20:02:45+01:00,11007,8809836,8811072
2026-05-12T20:02:46+01:00,11006,8809836,8811072
2026-05-12T20:02:47+01:00,11006,8809836,8811072
2026-05-12T20:02:48+01:00,11006,8809836,8811072
2026-05-12T20:02:49+01:00,11006,8809836,8811072
2026-05-12T20:02:51+01:00,11001,8809836,8811072
2026-05-12T20:02:52+01:00,11000,8809836,8811072
2026-05-12T20:02:53+01:00,11000,8809836,8811072
2026-05-12T20:02:54+01:00,11000,8809836,8811072
2026-05-12T20:02:55+01:00,11000,8809836,8811072
2026-05-12T20:02:56+01:00,11000,8809836,8811072
2026-05-12T20:02:57+01:00,11000,8809836,8811072
2026-05-12T20:02:58+01:00,11000,8809836,8811072
2026-05-12T20:02:59+01:00,11000,8810000,8811072
2026-05-12T20:03:00+01:00,11001,8810000,8811072
2026-05-12T20:03:01+01:00,11002,8810000,8811072
2026-05-12T20:03:02+01:00,11004,8810164,8811072
2026-05-12T20:03:03+01:00,11005,8810232,8811072
2026-05-12T20:03:05+01:00,11005,8810232,8811072
2026-05-12T20:03:06+01:00,11001,8810232,8811072
2026-05-12T20:03:07+01:00,11001,8810232,8811072
2026-05-12T20:03:08+01:00,11002,8810232,8811072
2026-05-12T20:03:09+01:00,11003,8810232,8811072
2026-05-12T20:03:10+01:00,11004,8810232,8811072
2026-05-12T20:03:11+01:00,11005,8810232,8811072
2026-05-12T20:03:12+01:00,11005,8810232,8811072
2026-05-12T20:03:13+01:00,11006,8810232,8811072
2026-05-12T20:03:14+01:00,11007,8810232,8811072
2026-05-12T20:03:15+01:00,11008,8810232,8811072
2026-05-12T20:03:16+01:00,11009,8810232,8811072
2026-05-12T20:03:17+01:00,11010,8810232,8811072
2026-05-12T20:03:18+01:00,11011,8810232,8811072
2026-05-12T20:03:19+01:00,11012,8810232,8811072
2026-05-12T20:03:21+01:00,11013,8810232,8811072
2026-05-12T20:03:22+01:00,11009,8810232,8811072
2026-05-12T20:03:23+01:00,11010,8811600,8811600
2026-05-12T20:03:24+01:00,11011,8811600,8811600
2026-05-12T20:03:25+01:00,11011,8811600,8811600
2026-05-12T20:03:26+01:00,11012,8811600,8811600
2026-05-12T20:03:27+01:00,11012,8811600,8811600
2026-05-12T20:03:28+01:00,11012,8811600,8811600
2026-05-12T20:03:29+01:00,11013,8811600,8811600
2026-05-12T20:03:30+01:00,11014,8811600,8811600
2026-05-12T20:03:32+01:00,11010,8811600,8811600
2026-05-12T20:03:33+01:00,11011,8811600,8811600
2026-05-12T20:03:34+01:00,11011,8811600,8811600
2026-05-12T20:03:35+01:00,11012,8811604,8811604
2026-05-12T20:03:36+01:00,11013,8811604,8811604
2026-05-12T20:03:37+01:00,11014,8811604,8811604
2026-05-12T20:03:38+01:00,11015,8811604,8811604
2026-05-12T20:03:39+01:00,11016,8811604,8811604
2026-05-12T20:03:40+01:00,11017,8811604,8811604
2026-05-12T20:03:41+01:00,11017,8811604,8811604
2026-05-12T20:03:43+01:00,11014,8811604,8811604
2026-05-12T20:03:44+01:00,11016,8811604,8811604
2026-05-12T20:03:45+01:00,11019,8811604,8811604
2026-05-12T20:03:46+01:00,11016,8811604,8811604
2026-05-12T20:03:48+01:00,11019,8811604,8811604
2026-05-12T20:03:49+01:00,11018,8811604,8811604
2026-05-12T20:03:51+01:00,11021,8811604,8811604
2026-05-12T20:03:52+01:00,11020,8811604,8811604
2026-05-12T20:03:54+01:00,11021,8811604,8811604
2026-05-12T20:03:55+01:00,11023,8811604,8811604
2026-05-12T20:03:56+01:00,11024,8811604,8811604
2026-05-12T20:03:57+01:00,11025,8811604,8811604
2026-05-12T20:03:58+01:00,11025,8811604,8811604
2026-05-12T20:03:59+01:00,11026,8811604,8811604
2026-05-12T20:04:00+01:00,11027,8811604,8811604
2026-05-12T20:04:01+01:00,11028,8811604,8811604
2026-05-12T20:04:02+01:00,11025,8811604,8811604
2026-05-12T20:04:04+01:00,11029,8811604,8811604
2026-05-12T20:04:06+01:00,11032,8811604,8811604
2026-05-12T20:04:07+01:00,11028,8811604,8811604
2026-05-12T20:04:08+01:00,11029,8811604,8811604
2026-05-12T20:04:09+01:00,11030,8811604,8811604
2026-05-12T20:04:10+01:00,11031,8811604,8811604
2026-05-12T20:04:11+01:00,11032,8811604,8811604
2026-05-12T20:04:12+01:00,11033,8811604,8811604
2026-05-12T20:04:13+01:00,11034,8811604,8811604
2026-05-12T20:04:14+01:00,11035,8811604,8811604
2026-05-12T20:04:15+01:00,11036,8811604,8811604
2026-05-12T20:04:16+01:00,11037,8811604,8811604
2026-05-12T20:04:17+01:00,11037,8811604,8811604
2026-05-12T20:04:19+01:00,11038,8811604,8811604
2026-05-12T20:04:20+01:00,11033,8811604,8811604
2026-05-12T20:04:21+01:00,11033,8811604,8811604
2026-05-12T20:04:22+01:00,11034,8811604,8811604
2026-05-12T20:04:23+01:00,11034,8811604,8811604
2026-05-12T20:04:24+01:00,11035,8811604,8811604
2026-05-12T20:04:25+01:00,11036,8811604,8811604
2026-05-12T20:04:26+01:00,11037,8811604,8811604
2026-05-12T20:04:27+01:00,11038,8811604,8811604
2026-05-12T20:04:28+01:00,11039,8811604,8811604
2026-05-12T20:04:30+01:00,11038,8811604,8811604
2026-05-12T20:04:31+01:00,11042,8811764,8811764
2026-05-12T20:04:33+01:00,11041,8811764,8811764
2026-05-12T20:04:34+01:00,11041,8811764,8811764
2026-05-12T20:04:35+01:00,11041,8811764,8811764
2026-05-12T20:04:36+01:00,11041,8811764,8811764
2026-05-12T20:04:37+01:00,11042,8811764,8811764
2026-05-12T20:04:38+01:00,11042,8811764,8811764
2026-05-12T20:04:39+01:00,11043,8811764,8811764
2026-05-12T20:04:40+01:00,11044,8811764,8811764
2026-05-12T20:04:41+01:00,11044,8811764,8811764
2026-05-12T20:04:43+01:00,11046,8811764,8811764
2026-05-12T20:04:44+01:00,11042,8811764,8811764
2026-05-12T20:04:45+01:00,11043,8811764,8811764
2026-05-12T20:04:46+01:00,11044,8811764,8811764
2026-05-12T20:04:47+01:00,11047,8811764,8811764
2026-05-12T20:04:49+01:00,11046,8811764,8811764
2026-05-12T20:04:50+01:00,11050,8811764,8811764
2026-05-12T20:04:52+01:00,11048,8811764,8811764
2026-05-12T20:04:53+01:00,11048,8811764,8811764
2026-05-12T20:04:54+01:00,11049,8811764,8811764
2026-05-12T20:04:55+01:00,11049,8811764,8811764
2026-05-12T20:04:56+01:00,11050,8811764,8811764
2026-05-12T20:04:57+01:00,11051,8811764,8811764
2026-05-12T20:04:58+01:00,11051,8811764,8811764
2026-05-12T20:04:59+01:00,11052,8811764,8811764
2026-05-12T20:05:00+01:00,11053,8811764,8811764
2026-05-12T20:05:01+01:00,11054,8811764,8811764
2026-05-12T20:05:02+01:00,11055,8811764,8811764
2026-05-12T20:05:04+01:00,11056,8811764,8811764
2026-05-12T20:05:05+01:00,11052,8811764,8811764
2026-05-12T20:05:06+01:00,11053,8811764,8811764
2026-05-12T20:05:07+01:00,11054,8811764,8811764
2026-05-12T20:05:08+01:00,11055,8811764,8811764
2026-05-12T20:05:09+01:00,11055,8811764,8811764
2026-05-12T20:05:10+01:00,11056,8811764,8811764
2026-05-12T20:05:11+01:00,11057,8811764,8811764
2026-05-12T20:05:12+01:00,11058,8811764,8811764
2026-05-12T20:05:13+01:00,11059,8811764,8811764
2026-05-12T20:05:14+01:00,11059,8811764,8811764
2026-05-12T20:05:15+01:00,11058,8811764,8811764
2026-05-12T20:05:16+01:00,11058,8811764,8811764
2026-05-12T20:05:17+01:00,11058,8811764,8811764
2026-05-12T20:05:18+01:00,11058,8811764,8811764
2026-05-12T20:05:19+01:00,11058,8811764,8811764
2026-05-12T20:05:20+01:00,11058,8811764,8811764
2026-05-12T20:05:22+01:00,11054,8811764,8811764
2026-05-12T20:05:23+01:00,11055,8811764,8811764
2026-05-12T20:05:24+01:00,11056,8811764,8811764
2026-05-12T20:05:25+01:00,11056,8811764,8811764
2026-05-12T20:05:26+01:00,11056,8811764,8811764
2026-05-12T20:05:27+01:00,11056,8811764,8811764
2026-05-12T20:05:28+01:00,11056,8811764,8811764
2026-05-12T20:05:29+01:00,11056,8811764,8811764
2026-05-12T20:05:30+01:00,11057,8811764,8811764
2026-05-12T20:05:31+01:00,11057,8811768,8811768
2026-05-12T20:05:32+01:00,11058,8811768,8811768
2026-05-12T20:05:33+01:00,11059,8811768,8811768
2026-05-12T20:05:34+01:00,11057,8811768,8811768
2026-05-12T20:05:36+01:00,11060,8811768,8811768
2026-05-12T20:05:37+01:00,11062,8811768,8811768
2026-05-12T20:05:39+01:00,11061,8811768,8811768
2026-05-12T20:05:40+01:00,11061,8811768,8811924
2026-05-12T20:05:42+01:00,11064,8834104,8834104
2026-05-12T20:05:43+01:00,11065,8834104,8834104
2026-05-12T20:05:44+01:00,11066,8834104,8834104
2026-05-12T20:05:45+01:00,11067,8834104,8834104
2026-05-12T20:05:47+01:00,11064,8834104,8834104
2026-05-12T20:05:48+01:00,11065,8834104,8834104
2026-05-12T20:05:49+01:00,11066,8834104,8834104
2026-05-12T20:05:50+01:00,11067,8834104,8834104
2026-05-12T20:05:51+01:00,11069,8834104,8834104
2026-05-12T20:05:53+01:00,11068,8834104,8834104
2026-05-12T20:05:54+01:00,11072,8834104,8834104
2026-05-12T20:05:56+01:00,11071,8834104,8834104
2026-05-12T20:05:57+01:00,11073,8834104,8834104
2026-05-12T20:05:59+01:00,11072,8834104,8834104
2026-05-12T20:06:00+01:00,11074,8834104,8834104
2026-05-12T20:06:01+01:00,11074,8834104,8834104
2026-05-12T20:06:02+01:00,11075,8834104,8834104
2026-05-12T20:06:03+01:00,11072,8834104,8834104
2026-05-12T20:06:05+01:00,11076,8834104,8834104
2026-05-12T20:06:07+01:00,11075,8834104,8834104
2026-05-12T20:06:08+01:00,11076,8834104,8834104
2026-05-12T20:06:09+01:00,11078,8834104,8834104
2026-05-12T20:06:10+01:00,11080,8834104,8834104
2026-05-12T20:06:12+01:00,11078,8834104,8834104
2026-05-12T20:06:13+01:00,11080,8834104,8834104
2026-05-12T20:06:14+01:00,11080,8834104,8834104
2026-05-12T20:06:15+01:00,11080,8834104,8834104
2026-05-12T20:06:16+01:00,11081,8834104,8834104
2026-05-12T20:06:17+01:00,11081,8834104,8834104
2026-05-12T20:06:18+01:00,11082,8834104,8834104
2026-05-12T20:06:19+01:00,11083,8834104,8834104
2026-05-12T20:06:21+01:00,11080,8834104,8834104
2026-05-12T20:06:22+01:00,11082,8834104,8834104
2026-05-12T20:06:23+01:00,11081,8834104,8834104
2026-05-12T20:06:25+01:00,11083,8834104,8834104
2026-05-12T20:06:26+01:00,11086,8834104,8834104
2026-05-12T20:06:28+01:00,11084,8834104,8834104
2026-05-12T20:06:29+01:00,11087,8834104,8834104
2026-05-12T20:06:30+01:00,11088,8834104,8834104
2026-05-12T20:06:31+01:00,11088,8834104,8834104
2026-05-12T20:06:32+01:00,11089,8834104,8834104
2026-05-12T20:06:33+01:00,11089,8834104,8834104
2026-05-12T20:06:35+01:00,11086,8834104,8834104
2026-05-12T20:06:36+01:00,11086,8834104,8834104
2026-05-12T20:06:37+01:00,11087,8834104,8834104
2026-05-12T20:06:38+01:00,11088,8834104,8834104
2026-05-12T20:06:39+01:00,11088,8834104,8834104
2026-05-12T20:06:40+01:00,11089,8834104,8834104
2026-05-12T20:06:41+01:00,11090,8834104,8834104
2026-05-12T20:06:42+01:00,11091,8834104,8834104
2026-05-12T20:06:43+01:00,11091,8834104,8834104
2026-05-12T20:06:44+01:00,11092,8834104,8834104
2026-05-12T20:06:45+01:00,11093,8834104,8834104
2026-05-12T20:06:46+01:00,11094,8834104,8834104
2026-05-12T20:06:47+01:00,11095,8834104,8834104
2026-05-12T20:06:48+01:00,11095,8834104,8834104
2026-05-12T20:06:49+01:00,11096,8834104,8834104
2026-05-12T20:06:50+01:00,11096,8834104,8834104
2026-05-12T20:06:52+01:00,11093,8834104,8834104
2026-05-12T20:06:53+01:00,11094,8834104,8834104
2026-05-12T20:06:54+01:00,11095,8834104,8834104
2026-05-12T20:06:55+01:00,11096,8834104,8834104
2026-05-12T20:06:56+01:00,11096,8834104,8834104
2026-05-12T20:06:57+01:00,11098,8834104,8834104
2026-05-12T20:06:59+01:00,11097,8834104,8834104
2026-05-12T20:07:00+01:00,11100,8834104,8834104
2026-05-12T20:07:02+01:00,11099,8834104,8834104
2026-05-12T20:07:03+01:00,11101,8834104,8834104
2026-05-12T20:07:04+01:00,11102,8834104,8834104
2026-05-12T20:07:05+01:00,11103,8834104,8834104
2026-05-12T20:07:06+01:00,11103,8834104,8834104
2026-05-12T20:07:07+01:00,11104,8834104,8834104
2026-05-12T20:07:08+01:00,11105,8834104,8834104
2026-05-12T20:07:09+01:00,11106,8834104,8834104
2026-05-12T20:07:11+01:00,11103,8834104,8834104
2026-05-12T20:07:12+01:00,11104,8834104,8834104
2026-05-12T20:07:13+01:00,11104,8834104,8834104
2026-05-12T20:07:14+01:00,11105,8834104,8834104
2026-05-12T20:07:15+01:00,11106,8834104,8834104
2026-05-12T20:07:16+01:00,11107,8834104,8834104
2026-05-12T20:07:17+01:00,11108,8834104,8834104
2026-05-12T20:07:18+01:00,11109,8834104,8834104
2026-05-12T20:07:19+01:00,11109,8834104,8834104
2026-05-12T20:07:20+01:00,11110,8834104,8834104
2026-05-12T20:07:22+01:00,11111,8834104,8834104
2026-05-12T20:07:23+01:00,11107,8834104,8834104
2026-05-12T20:07:24+01:00,11108,8834104,8834104
2026-05-12T20:07:25+01:00,11108,8834104,8834104
2026-05-12T20:07:26+01:00,11109,8834104,8834104
2026-05-12T20:07:27+01:00,11110,8834104,8834104
2026-05-12T20:07:28+01:00,11111,8834104,8834104
2026-05-12T20:07:29+01:00,11113,8834104,8834104
2026-05-12T20:07:30+01:00,11114,8834104,8834104
2026-05-12T20:07:32+01:00,11110,8834104,8834104
2026-05-12T20:07:33+01:00,11111,8834104,8834104
2026-05-12T20:07:34+01:00,11111,8834104,8834104
2026-05-12T20:07:35+01:00,11111,8834104,8834104
2026-05-12T20:07:36+01:00,11111,8834104,8834104
2026-05-12T20:07:37+01:00,11112,8834104,8834104
2026-05-12T20:07:38+01:00,11113,8834104,8834104
2026-05-12T20:07:39+01:00,11113,8834104,8834104
2026-05-12T20:07:40+01:00,11114,8834104,8834104
2026-05-12T20:07:41+01:00,11115,8834104,8834104
2026-05-12T20:07:42+01:00,11115,8834104,8834104
2026-05-12T20:07:43+01:00,11115,8834104,8834104
2026-05-12T20:07:44+01:00,11116,8834104,8834104
2026-05-12T20:07:45+01:00,11117,8834104,8834104
2026-05-12T20:07:46+01:00,11117,8834268,8834268
2026-05-12T20:07:47+01:00,11118,8834268,8834268
2026-05-12T20:07:49+01:00,11115,8834268,8834268
2026-05-12T20:07:50+01:00,11117,8834268,8834268
2026-05-12T20:07:51+01:00,11120,8834268,8834268
2026-05-12T20:07:53+01:00,11119,8834268,8834268
2026-05-12T20:07:54+01:00,11118,8834268,8834268
2026-05-12T20:07:56+01:00,11121,8834268,8834268
2026-05-12T20:07:57+01:00,11123,8834268,8834268
2026-05-12T20:07:58+01:00,11123,8834268,8834268
2026-05-12T20:08:00+01:00,11123,8834268,8834268
2026-05-12T20:08:01+01:00,11120,8834268,8834268
2026-05-12T20:08:02+01:00,11120,8834268,8834268
2026-05-12T20:08:03+01:00,11121,8834268,8834268
2026-05-12T20:08:04+01:00,11121,8834268,8834268
2026-05-12T20:08:05+01:00,11122,8834268,8834268
2026-05-12T20:08:06+01:00,11122,8834268,8834268
2026-05-12T20:08:07+01:00,11123,8834268,8834268
2026-05-12T20:08:08+01:00,11125,8834268,8834268
2026-05-12T20:08:09+01:00,11127,8834268,8834268
2026-05-12T20:08:11+01:00,11126,8834268,8834268
2026-05-12T20:08:12+01:00,11128,8795640,8834432
2026-05-12T20:08:13+01:00,11129,8795640,8834432
2026-05-12T20:08:14+01:00,11129,8795640,8834432
2026-05-12T20:08:16+01:00,11129,8795640,8834432
2026-05-12T20:08:17+01:00,11125,8795640,8834432
2026-05-12T20:08:18+01:00,11125,8795640,8834432
2026-05-12T20:08:19+01:00,11126,8795640,8834432
2026-05-12T20:08:20+01:00,11126,8795640,8834432
2026-05-12T20:08:21+01:00,11126,8795640,8834432
2026-05-12T20:08:22+01:00,11127,8795640,8834432
2026-05-12T20:08:23+01:00,11128,8795640,8834432
2026-05-12T20:08:24+01:00,11129,8795640,8834432
2026-05-12T20:08:25+01:00,11129,8795640,8834432
2026-05-12T20:08:26+01:00,11130,8795640,8834432
2026-05-12T20:08:27+01:00,11131,8795640,8834432
2026-05-12T20:08:28+01:00,11132,8795640,8834432
2026-05-12T20:08:29+01:00,11133,8795640,8834432
2026-05-12T20:08:30+01:00,11133,8795640,8834432
2026-05-12T20:08:32+01:00,11130,8795640,8834432
2026-05-12T20:08:33+01:00,11130,8795640,8834432
2026-05-12T20:08:34+01:00,11131,8795640,8834432
2026-05-12T20:08:35+01:00,11131,8795640,8834432
2026-05-12T20:08:36+01:00,11132,8795640,8834432
2026-05-12T20:08:37+01:00,11133,8795640,8834432
2026-05-12T20:08:38+01:00,11134,8795640,8834432
2026-05-12T20:08:39+01:00,11137,8795640,8834432
2026-05-12T20:08:41+01:00,11133,8795640,8834432
2026-05-12T20:08:42+01:00,11134,8795640,8834432
2026-05-12T20:08:43+01:00,11135,8795640,8834432
2026-05-12T20:08:44+01:00,11137,8795640,8834432
2026-05-12T20:08:45+01:00,11137,8795640,8834432
2026-05-12T20:08:46+01:00,11138,8795640,8834432
2026-05-12T20:08:47+01:00,11139,8795640,8834432
2026-05-12T20:08:48+01:00,11140,8795640,8834432
2026-05-12T20:08:49+01:00,11141,8795640,8834432
2026-05-12T20:08:50+01:00,11141,8795640,8834432
2026-05-12T20:08:52+01:00,11142,8795640,8834432
2026-05-12T20:08:53+01:00,11138,8795640,8834432
2026-05-12T20:08:54+01:00,11139,8795640,8834432
2026-05-12T20:08:55+01:00,11139,8795640,8834432
2026-05-12T20:08:56+01:00,11141,8795640,8834432
2026-05-12T20:08:57+01:00,11141,8795640,8834432
2026-05-12T20:08:59+01:00,11143,8795640,8834432
2026-05-12T20:09:00+01:00,11146,8795640,8834432
2026-05-12T20:09:02+01:00,11145,8795640,8834432
2026-05-12T20:09:03+01:00,11147,8795640,8834432
2026-05-12T20:09:05+01:00,11145,8795640,8834432
2026-05-12T20:09:06+01:00,11147,8795640,8834432
2026-05-12T20:09:07+01:00,11147,8795640,8834432
2026-05-12T20:09:08+01:00,11148,8795640,8834432
2026-05-12T20:09:09+01:00,11149,8795640,8834432
2026-05-12T20:09:10+01:00,11149,8795640,8834432
2026-05-12T20:09:11+01:00,11150,8795640,8834432
2026-05-12T20:09:12+01:00,11151,8795640,8834432
2026-05-12T20:09:14+01:00,11149,8795640,8834432
2026-05-12T20:09:15+01:00,11149,8795640,8834432
2026-05-12T20:09:16+01:00,11151,8795640,8834432
2026-05-12T20:09:17+01:00,11152,8795640,8834432
2026-05-12T20:09:18+01:00,11152,8795640,8834432
2026-05-12T20:09:19+01:00,11152,8795640,8834432
2026-05-12T20:09:20+01:00,11152,8795640,8834432
2026-05-12T20:09:21+01:00,11152,8795640,8834432
2026-05-12T20:09:22+01:00,11152,8795640,8834432
2026-05-12T20:09:23+01:00,11152,8795640,8834432
2026-05-12T20:09:25+01:00,11151,8795640,8834432
2026-05-12T20:09:26+01:00,11148,8795640,8834432
2026-05-12T20:09:27+01:00,11148,8795640,8834432
2026-05-12T20:09:28+01:00,11148,8795640,8834432
2026-05-12T20:09:29+01:00,11149,8795640,8834432
2026-05-12T20:09:30+01:00,11149,8795640,8834432
2026-05-12T20:09:31+01:00,11149,8795640,8834432
2026-05-12T20:09:32+01:00,11150,8795640,8834432
2026-05-12T20:09:33+01:00,11151,8795640,8834432
2026-05-12T20:09:34+01:00,11151,8795640,8834432
2026-05-12T20:09:35+01:00,11152,8795640,8834432
2026-05-12T20:09:36+01:00,11153,8795640,8834432
2026-05-12T20:09:37+01:00,11154,8795640,8834432
2026-05-12T20:09:38+01:00,11155,8795640,8834432
2026-05-12T20:09:39+01:00,11155,8795640,8834432
2026-05-12T20:09:41+01:00,11156,8795640,8834432
2026-05-12T20:09:42+01:00,11153,8795640,8834432
2026-05-12T20:09:43+01:00,11154,8795640,8834432
2026-05-12T20:09:44+01:00,11155,8795640,8834432
2026-05-12T20:09:45+01:00,11155,8795640,8834432
2026-05-12T20:09:46+01:00,11156,8795640,8834432
2026-05-12T20:09:47+01:00,11157,8795640,8834432
2026-05-12T20:09:48+01:00,11158,8795652,8834432
2026-05-12T20:09:49+01:00,11159,8795652,8834432
2026-05-12T20:09:50+01:00,11160,8795652,8834432
2026-05-12T20:09:51+01:00,11160,8795652,8834432
2026-05-12T20:09:53+01:00,11156,8795652,8834432
2026-05-12T20:09:54+01:00,11158,8795652,8834432
2026-05-12T20:09:55+01:00,11161,8776648,8834640
2026-05-12T20:09:57+01:00,11160,8776648,8834640
2026-05-12T20:09:58+01:00,11160,8776648,8834640
2026-05-12T20:09:59+01:00,11160,8776648,8834640
2026-05-12T20:10:00+01:00,11161,8776648,8834640
2026-05-12T20:10:01+01:00,11161,8776648,8834640
2026-05-12T20:10:02+01:00,11162,8776648,8834640
2026-05-12T20:10:03+01:00,11162,8776648,8834640
2026-05-12T20:10:04+01:00,11164,8776648,8834640
2026-05-12T20:10:06+01:00,11161,8776648,8834640
2026-05-12T20:10:07+01:00,11163,8776648,8834640
2026-05-12T20:10:08+01:00,11166,8776648,8834640
2026-05-12T20:10:10+01:00,11165,8776648,8834640
2026-05-12T20:10:11+01:00,11167,8776648,8834640
2026-05-12T20:10:12+01:00,11168,8776648,8834640
2026-05-12T20:10:14+01:00,11168,8776648,8834640
2026-05-12T20:10:15+01:00,11164,8776648,8834640
2026-05-12T20:10:16+01:00,11164,8776648,8834640
2026-05-12T20:10:17+01:00,11164,8776648,8834640
2026-05-12T20:10:18+01:00,11164,8776648,8834640
2026-05-12T20:10:19+01:00,11165,8776648,8834640
2026-05-12T20:10:20+01:00,11165,8776648,8834640
2026-05-12T20:10:21+01:00,11166,8776648,8834640
2026-05-12T20:10:22+01:00,11166,8776648,8834640
2026-05-12T20:10:23+01:00,11167,8776648,8834640
2026-05-12T20:10:24+01:00,11168,8776648,8834640
2026-05-12T20:10:25+01:00,11168,8776648,8834640
2026-05-12T20:10:26+01:00,11169,8776648,8834640
2026-05-12T20:10:27+01:00,11170,8776648,8834640
2026-05-12T20:10:29+01:00,11168,8776648,8834640
2026-05-12T20:10:30+01:00,11170,8776648,8834640
2026-05-12T20:10:31+01:00,11172,8776648,8834640
2026-05-12T20:10:32+01:00,11172,8776648,8834640
2026-05-12T20:10:33+01:00,11172,8776648,8834640
2026-05-12T20:10:34+01:00,11173,8776648,8834640
2026-05-12T20:10:36+01:00,11169,8776648,8834640
2026-05-12T20:10:37+01:00,11169,8776648,8834640
2026-05-12T20:10:38+01:00,11171,8776648,8834640
2026-05-12T20:10:39+01:00,11174,8776648,8834640
2026-05-12T20:10:41+01:00,11172,8776648,8834640
2026-05-12T20:10:42+01:00,11173,8776648,8834640
2026-05-12T20:10:43+01:00,11174,8776648,8834640
2026-05-12T20:10:44+01:00,11174,8776648,8834640
2026-05-12T20:10:45+01:00,11175,8776648,8834640
2026-05-12T20:10:46+01:00,11177,8776648,8834640
2026-05-12T20:10:48+01:00,11177,8776648,8834640
2026-05-12T20:10:49+01:00,11174,8776648,8834640
2026-05-12T20:10:50+01:00,11175,8776648,8834640
2026-05-12T20:10:51+01:00,11176,8776648,8834640
2026-05-12T20:10:52+01:00,11176,8776648,8834640
2026-05-12T20:10:53+01:00,11176,8776648,8834640
2026-05-12T20:10:54+01:00,11176,8776648,8834640
2026-05-12T20:10:55+01:00,11176,8776648,8834640
2026-05-12T20:10:56+01:00,11177,8776648,8834640
2026-05-12T20:10:57+01:00,11177,8776648,8834640
2026-05-12T20:10:58+01:00,11178,8776648,8834640
2026-05-12T20:10:59+01:00,11178,8776648,8834640
2026-05-12T20:11:00+01:00,11178,8776648,8834640
2026-05-12T20:11:01+01:00,11178,8776648,8834640
2026-05-12T20:11:02+01:00,11178,8776648,8834640
2026-05-12T20:11:03+01:00,11178,8776648,8834640
2026-05-12T20:11:05+01:00,11178,8776648,8834640
2026-05-12T20:11:06+01:00,11175,8776648,8834640
2026-05-12T20:11:07+01:00,11175,8776648,8834640
2026-05-12T20:11:08+01:00,11176,8776648,8834640
2026-05-12T20:11:09+01:00,11177,8776648,8834640
2026-05-12T20:11:10+01:00,11177,8776648,8834640
2026-05-12T20:11:11+01:00,11178,8776648,8834640
2026-05-12T20:11:12+01:00,11181,8776648,8834640
2026-05-12T20:11:14+01:00,11179,8776648,8834640
2026-05-12T20:11:15+01:00,11179,8776648,8834640
2026-05-12T20:11:16+01:00,11180,8776648,8834640
2026-05-12T20:11:17+01:00,11180,8783868,8834820
2026-05-12T20:11:18+01:00,11181,8783868,8834820
2026-05-12T20:11:19+01:00,11182,8783868,8834820
2026-05-12T20:11:20+01:00,11182,8783868,8834820
2026-05-12T20:11:21+01:00,11182,8783868,8834820
2026-05-12T20:11:22+01:00,11183,8783868,8834820
2026-05-12T20:11:23+01:00,11183,8783868,8834820
2026-05-12T20:11:24+01:00,11184,8783868,8834820
2026-05-12T20:11:26+01:00,11180,8783868,8834820
2026-05-12T20:11:27+01:00,11181,8783868,8834820
2026-05-12T20:11:28+01:00,11182,8783868,8834820
2026-05-12T20:11:29+01:00,11182,8783868,8834820
2026-05-12T20:11:30+01:00,11183,8783868,8834820
2026-05-12T20:11:31+01:00,11184,8783868,8834820
2026-05-12T20:11:32+01:00,11185,8783868,8834820
2026-05-12T20:11:33+01:00,11186,8783868,8834820
2026-05-12T20:11:34+01:00,11187,8783868,8834820
2026-05-12T20:11:35+01:00,11188,8783868,8834820
2026-05-12T20:11:36+01:00,11188,8783868,8834820
2026-05-12T20:11:38+01:00,11186,8783868,8834820
2026-05-12T20:11:39+01:00,11187,8783868,8834820
2026-05-12T20:11:40+01:00,11187,8783868,8834820
2026-05-12T20:11:41+01:00,11188,8783868,8834820
2026-05-12T20:11:42+01:00,11188,8783868,8834820
2026-05-12T20:11:43+01:00,11189,8783868,8834820
2026-05-12T20:11:44+01:00,11190,8783868,8834820
2026-05-12T20:11:45+01:00,11190,8783868,8834820
2026-05-12T20:11:46+01:00,11191,8783868,8834820
2026-05-12T20:11:47+01:00,11192,8783868,8834820
2026-05-12T20:11:49+01:00,11189,8783868,8834820
2026-05-12T20:11:50+01:00,11189,8783868,8834820
2026-05-12T20:11:51+01:00,11190,8783868,8834820
2026-05-12T20:11:52+01:00,11191,8783868,8834820
2026-05-12T20:11:53+01:00,11191,8783868,8834820
2026-05-12T20:11:54+01:00,11192,8783868,8834820
2026-05-12T20:11:55+01:00,11192,8783868,8834820
2026-05-12T20:11:56+01:00,11193,8783868,8834820
2026-05-12T20:11:57+01:00,11193,8783868,8834820
2026-05-12T20:11:58+01:00,11194,8783868,8834820
2026-05-12T20:11:59+01:00,11194,8783868,8834820
2026-05-12T20:12:00+01:00,11195,8783868,8834820
2026-05-12T20:12:01+01:00,11196,8783868,8834820
2026-05-12T20:12:03+01:00,11197,8783868,8834820
2026-05-12T20:12:04+01:00,11195,8783868,8834820
2026-05-12T20:12:05+01:00,11196,8783868,8834820
2026-05-12T20:12:06+01:00,11197,8783868,8834820
2026-05-12T20:12:07+01:00,11195,8783868,8834820
2026-05-12T20:12:09+01:00,11198,8783868,8834820
2026-05-12T20:12:11+01:00,11197,8783868,8834820
2026-05-12T20:12:12+01:00,11197,8783868,8834820
2026-05-12T20:12:13+01:00,11197,8783868,8834820
2026-05-12T20:12:14+01:00,11198,8783868,8834820
2026-05-12T20:12:15+01:00,11198,8783868,8834820
2026-05-12T20:12:16+01:00,11199,8783868,8834820
2026-05-12T20:12:17+01:00,11199,8783868,8834820
2026-05-12T20:12:18+01:00,11200,8783868,8834820
2026-05-12T20:12:19+01:00,11201,8783868,8834820
2026-05-12T20:12:20+01:00,11201,8783868,8834820
2026-05-12T20:12:21+01:00,11202,8783868,8834820
2026-05-12T20:12:22+01:00,11203,8783868,8834820
2026-05-12T20:12:23+01:00,11204,8783868,8834820
2026-05-12T20:12:25+01:00,11204,8783868,8834820
2026-05-12T20:12:26+01:00,11202,8783868,8834820
2026-05-12T20:12:27+01:00,11204,8783868,8834820
2026-05-12T20:12:28+01:00,11205,8783868,8834820
2026-05-12T20:12:29+01:00,11206,8783868,8834820
2026-05-12T20:12:30+01:00,11206,8783868,8834820
2026-05-12T20:12:32+01:00,11207,8783868,8834820
2026-05-12T20:12:33+01:00,11203,8783868,8834820
2026-05-12T20:12:34+01:00,11204,8783868,8834820
2026-05-12T20:12:35+01:00,11204,8783868,8834820
2026-05-12T20:12:36+01:00,11204,8783868,8834820
2026-05-12T20:12:37+01:00,11204,8783868,8834820
2026-05-12T20:12:38+01:00,11204,8783868,8834820
2026-05-12T20:12:39+01:00,11204,8783868,8834820
2026-05-12T20:12:40+01:00,11205,8783868,8834820
2026-05-12T20:12:41+01:00,11205,8783868,8834820
2026-05-12T20:12:42+01:00,11206,8783868,8834820
2026-05-12T20:12:43+01:00,11206,8783868,8834820
2026-05-12T20:12:44+01:00,11207,8783868,8834820
2026-05-12T20:12:45+01:00,11207,8783868,8834820
2026-05-12T20:12:46+01:00,11208,8783868,8834820
2026-05-12T20:12:48+01:00,11206,8783868,8834820
2026-05-12T20:12:49+01:00,11207,8783868,8834820
2026-05-12T20:12:50+01:00,11208,8783868,8834820
2026-05-12T20:12:52+01:00,11208,8783868,8834820
2026-05-12T20:12:53+01:00,11210,8783868,8834820
2026-05-12T20:12:54+01:00,11211,8783868,8834820
2026-05-12T20:12:55+01:00,11212,8783868,8834820
2026-05-12T20:12:57+01:00,11210,8783868,8834820
2026-05-12T20:12:58+01:00,11212,8783868,8834820
2026-05-12T20:12:59+01:00,11213,8834984,8834984
2026-05-12T20:13:00+01:00,11212,8834984,8834984
2026-05-12T20:13:02+01:00,11212,8834984,8834984
2026-05-12T20:13:03+01:00,11207,8834984,8834984
2026-05-12T20:13:04+01:00,11207,8834984,8834984
2026-05-12T20:13:05+01:00,11207,8834984,8834984
2026-05-12T20:13:06+01:00,11207,8834984,8834984
2026-05-12T20:13:07+01:00,11207,8834984,8834984
2026-05-12T20:13:08+01:00,11208,8834984,8834984
2026-05-12T20:13:09+01:00,11208,8834984,8834984
2026-05-12T20:13:10+01:00,11208,8834984,8834984
2026-05-12T20:13:11+01:00,11209,8834984,8834984
2026-05-12T20:13:12+01:00,11210,8834984,8834984
2026-05-12T20:13:13+01:00,11211,8834984,8834984
2026-05-12T20:13:14+01:00,11212,8834984,8834984
2026-05-12T20:13:15+01:00,11212,8834984,8834984
2026-05-12T20:13:16+01:00,11212,8834984,8834984
2026-05-12T20:13:18+01:00,11212,8834984,8834984
2026-05-12T20:13:19+01:00,11209,8834984,8834984
2026-05-12T20:13:20+01:00,11209,8834984,8834984
2026-05-12T20:13:21+01:00,11210,8834984,8834984
2026-05-12T20:13:22+01:00,11210,8834984,8834984
2026-05-12T20:13:23+01:00,11211,8834984,8834984
2026-05-12T20:13:24+01:00,11211,8834984,8834984
2026-05-12T20:13:25+01:00,11212,8834984,8834984
2026-05-12T20:13:26+01:00,11212,8834984,8834984
2026-05-12T20:13:27+01:00,11213,8834984,8834984
2026-05-12T20:13:28+01:00,11214,8834984,8834984
2026-05-12T20:13:29+01:00,11214,8834984,8834984
2026-05-12T20:13:30+01:00,11215,8834984,8834984
2026-05-12T20:13:31+01:00,11216,8834984,8834984
2026-05-12T20:13:33+01:00,11213,8834984,8834984
2026-05-12T20:13:34+01:00,11214,8834984,8834984
2026-05-12T20:13:35+01:00,11214,8834984,8834984
2026-05-12T20:13:36+01:00,11215,8834984,8834984
2026-05-12T20:13:37+01:00,11215,8834984,8834984
2026-05-12T20:13:38+01:00,11216,8834984,8834984
2026-05-12T20:13:39+01:00,11217,8834984,8834984
2026-05-12T20:13:40+01:00,11218,8834984,8834984
2026-05-12T20:13:41+01:00,11218,8834984,8834984
2026-05-12T20:13:42+01:00,11218,8834984,8834984
2026-05-12T20:13:43+01:00,11219,8834984,8834984
2026-05-12T20:13:44+01:00,11220,8834984,8834984
2026-05-12T20:13:45+01:00,11220,8834984,8834984
2026-05-12T20:13:46+01:00,11221,8834984,8834984
2026-05-12T20:13:48+01:00,11221,8834984,8834984
2026-05-12T20:13:49+01:00,11218,8834984,8834984
2026-05-12T20:13:50+01:00,11218,8834984,8834984
2026-05-12T20:13:51+01:00,11218,8834984,8834984
2026-05-12T20:13:52+01:00,11218,8834984,8834984
2026-05-12T20:13:53+01:00,11218,8834984,8834984
2026-05-12T20:13:54+01:00,11218,8834984,8834984
2026-05-12T20:13:55+01:00,11218,8835148,8835148
2026-05-12T20:13:56+01:00,11218,8835148,8835148
2026-05-12T20:13:57+01:00,11218,8835148,8835148
2026-05-12T20:13:58+01:00,11219,8835148,8835148
2026-05-12T20:13:59+01:00,11219,8835148,8835148
2026-05-12T20:14:00+01:00,11220,8835148,8835148
2026-05-12T20:14:02+01:00,11218,8835148,8835148
2026-05-12T20:14:03+01:00,11220,8835148,8835148
2026-05-12T20:14:04+01:00,11222,8835148,8835148
2026-05-12T20:14:05+01:00,11220,8835148,8835148
2026-05-12T20:14:07+01:00,11223,8835148,8835148
2026-05-12T20:14:09+01:00,11222,8835148,8835148
2026-05-12T20:14:10+01:00,11225,8835148,8835148
2026-05-12T20:14:11+01:00,11226,8835148,8835148
2026-05-12T20:14:13+01:00,11225,8835148,8835148
2026-05-12T20:14:14+01:00,11228,8835148,8835148
2026-05-12T20:14:16+01:00,11224,8835148,8835148
2026-05-12T20:14:17+01:00,11225,8835148,8835148
2026-05-12T20:14:18+01:00,11225,8835148,8835148
2026-05-12T20:14:19+01:00,11226,8835148,8835148
2026-05-12T20:14:20+01:00,11227,8835148,8835148
2026-05-12T20:14:21+01:00,11229,8835148,8835148
2026-05-12T20:14:23+01:00,11228,8835312,8835312
2026-05-12T20:14:24+01:00,11228,8835312,8835312
2026-05-12T20:14:25+01:00,11229,8835312,8835312
2026-05-12T20:14:26+01:00,11229,8835312,8835312
2026-05-12T20:14:27+01:00,11230,8835312,8835312
2026-05-12T20:14:28+01:00,11231,8835312,8835312
2026-05-12T20:14:29+01:00,11231,8835312,8835312
2026-05-12T20:14:30+01:00,11232,8835312,8835312
2026-05-12T20:14:31+01:00,11230,8835312,8835312
2026-05-12T20:14:33+01:00,11233,8835312,8835312
2026-05-12T20:14:34+01:00,11231,8835312,8835312
2026-05-12T20:14:36+01:00,11233,8835312,8835312
2026-05-12T20:14:37+01:00,11234,8835312,8835312
2026-05-12T20:14:38+01:00,11233,8835312,8835312
2026-05-12T20:14:40+01:00,11234,8835312,8835312
2026-05-12T20:14:41+01:00,11235,8835312,8835312
2026-05-12T20:14:42+01:00,11235,8835312,8835312
2026-05-12T20:14:43+01:00,11234,8835312,8835312
2026-05-12T20:14:44+01:00,11235,8835312,8835312
2026-05-12T20:14:45+01:00,11235,8835312,8835312
2026-05-12T20:14:46+01:00,11235,8835312,8835312
2026-05-12T20:14:47+01:00,11236,8835312,8835312
2026-05-12T20:14:49+01:00,11233,8835312,8835312
2026-05-12T20:14:50+01:00,11235,8835312,8835312
2026-05-12T20:14:51+01:00,11237,8835312,8835312
2026-05-12T20:14:52+01:00,11238,8835312,8835312
2026-05-12T20:14:54+01:00,11239,8835312,8835312
2026-05-12T20:14:55+01:00,11236,8835312,8835312
2026-05-12T20:14:56+01:00,11237,8835312,8835312
2026-05-12T20:14:57+01:00,11238,8835312,8835312
2026-05-12T20:14:58+01:00,11239,8835312,8835312
2026-05-12T20:14:59+01:00,11241,8835312,8835312
2026-05-12T20:15:01+01:00,11239,8835312,8835312
2026-05-12T20:15:02+01:00,11242,8835312,8835312
2026-05-12T20:15:04+01:00,11241,8835312,8835312
2026-05-12T20:15:05+01:00,11243,8835312,8835312
2026-05-12T20:15:06+01:00,11244,8835312,8835312
2026-05-12T20:15:08+01:00,11245,8835312,8835312
2026-05-12T20:15:09+01:00,11242,8835312,8835312
2026-05-12T20:15:10+01:00,11242,8835312,8835312
2026-05-12T20:15:11+01:00,11243,8835312,8835312
2026-05-12T20:15:12+01:00,11243,8835312,8835312
2026-05-12T20:15:13+01:00,11244,8835312,8835312
2026-05-12T20:15:14+01:00,11245,8835312,8835312
2026-05-12T20:15:15+01:00,11246,8835312,8835312
2026-05-12T20:15:17+01:00,11245,8835312,8835312
2026-05-12T20:15:18+01:00,11248,8835312,8835312
2026-05-12T20:15:19+01:00,11248,8835312,8835312
2026-05-12T20:15:20+01:00,11249,8835312,8835312
2026-05-12T20:15:21+01:00,11249,8835312,8835312
2026-05-12T20:15:23+01:00,11247,8835312,8835312
2026-05-12T20:15:24+01:00,11247,8835312,8835312
2026-05-12T20:15:25+01:00,11248,8835312,8835312
2026-05-12T20:15:26+01:00,11248,8835312,8835312
2026-05-12T20:15:27+01:00,11249,8835312,8835312
2026-05-12T20:15:28+01:00,11250,8835312,8835312
2026-05-12T20:15:29+01:00,11250,8835312,8835312
2026-05-12T20:15:30+01:00,11251,8835312,8835312
2026-05-12T20:15:31+01:00,11252,8835312,8835312
2026-05-12T20:15:32+01:00,11252,8835312,8835312
2026-05-12T20:15:33+01:00,11253,8835312,8835312
2026-05-12T20:15:35+01:00,11251,8835312,8835312
2026-05-12T20:15:36+01:00,11251,8835312,8835312
2026-05-12T20:15:37+01:00,11252,8835312,8835312
2026-05-12T20:15:38+01:00,11252,8835312,8835312
2026-05-12T20:15:39+01:00,11252,8835312,8835312
2026-05-12T20:15:40+01:00,11253,8835312,8835312
2026-05-12T20:15:41+01:00,11255,8835312,8835312
2026-05-12T20:15:43+01:00,11253,8835312,8835312
2026-05-12T20:15:44+01:00,11257,8835312,8835312
2026-05-12T20:15:45+01:00,11254,8835312,8835312
2026-05-12T20:15:47+01:00,11257,8835312,8835312
2026-05-12T20:15:48+01:00,11258,8835312,8835312
2026-05-12T20:15:49+01:00,11256,8835312,8835312
2026-05-12T20:15:51+01:00,11257,8835312,8835312
2026-05-12T20:15:52+01:00,11259,8835312,8835312
2026-05-12T20:15:53+01:00,11260,8835312,8835312
2026-05-12T20:15:54+01:00,11261,8835312,8835312
2026-05-12T20:15:55+01:00,11261,8835312,8835312
2026-05-12T20:15:57+01:00,11258,8835312,8835312
2026-05-12T20:15:58+01:00,11259,8835312,8835312
2026-05-12T20:15:59+01:00,11260,8835312,8835312
2026-05-12T20:16:00+01:00,11260,8835312,8835312
2026-05-12T20:16:01+01:00,11261,8835312,8835312
2026-05-12T20:16:02+01:00,11262,8835312,8835312
2026-05-12T20:16:03+01:00,11262,8835312,8835312
2026-05-12T20:16:04+01:00,11263,8835312,8835312
2026-05-12T20:16:05+01:00,11263,8835312,8835312
2026-05-12T20:16:06+01:00,11264,8835312,8835312
2026-05-12T20:16:07+01:00,11264,8835312,8835312
2026-05-12T20:16:08+01:00,11264,8835312,8835312
2026-05-12T20:16:09+01:00,11264,8835312,8835312
2026-05-12T20:16:10+01:00,11265,8835312,8835312
2026-05-12T20:16:12+01:00,11261,8835312,8835312
2026-05-12T20:16:13+01:00,11262,8835312,8835312
2026-05-12T20:16:14+01:00,11262,8835312,8835312
2026-05-12T20:16:15+01:00,11263,8835312,8835312
2026-05-12T20:16:16+01:00,11263,8835312,8835312
2026-05-12T20:16:17+01:00,11264,8835312,8835312
2026-05-12T20:16:18+01:00,11265,8835312,8835312
2026-05-12T20:16:19+01:00,11266,8835312,8835312
2026-05-12T20:16:20+01:00,11267,8835312,8835312
2026-05-12T20:16:21+01:00,11267,8835312,8835312
2026-05-12T20:16:22+01:00,11268,8835312,8835312
2026-05-12T20:16:24+01:00,11268,8835312,8835312
2026-05-12T20:16:25+01:00,11266,8835312,8835312
2026-05-12T20:16:26+01:00,11267,8835312,8835312
2026-05-12T20:16:27+01:00,11267,8835312,8835312
2026-05-12T20:16:28+01:00,11268,8835312,8835312
2026-05-12T20:16:29+01:00,11269,8835312,8835312
2026-05-12T20:16:30+01:00,11270,8835312,8835312
2026-05-12T20:16:31+01:00,11271,8835312,8835312
2026-05-12T20:16:32+01:00,11271,8835312,8835312
2026-05-12T20:16:34+01:00,11272,8835312,8835312
2026-05-12T20:16:35+01:00,11269,8835472,8835472
2026-05-12T20:16:36+01:00,11269,8835472,8835472
2026-05-12T20:16:37+01:00,11270,8835472,8835472
2026-05-12T20:16:38+01:00,11271,8835472,8835472
2026-05-12T20:16:39+01:00,11272,8835472,8835472
2026-05-12T20:16:40+01:00,11273,8835472,8835472
2026-05-12T20:16:41+01:00,11274,8835472,8835472
2026-05-12T20:16:42+01:00,11275,8835472,8835472
2026-05-12T20:16:44+01:00,11272,8835628,8835628
2026-05-12T20:16:45+01:00,11274,8835628,8835628
2026-05-12T20:16:46+01:00,11274,8835628,8835628
2026-05-12T20:16:47+01:00,11275,8835628,8835628
2026-05-12T20:16:48+01:00,11275,8835628,8835628
2026-05-12T20:16:49+01:00,11275,8835628,8835628
2026-05-12T20:16:50+01:00,11275,8835628,8835628
2026-05-12T20:16:51+01:00,11275,8835628,8835628
2026-05-12T20:16:53+01:00,11272,8835628,8835628
2026-05-12T20:16:54+01:00,11273,8835628,8835628
2026-05-12T20:16:55+01:00,11273,8835628,8835628
2026-05-12T20:16:56+01:00,11273,8835628,8835628
2026-05-12T20:16:57+01:00,11274,8835628,8835628
2026-05-12T20:16:58+01:00,11275,8835628,8835628
2026-05-12T20:16:59+01:00,11276,8835628,8835628
2026-05-12T20:17:00+01:00,11276,8835628,8835628
2026-05-12T20:17:01+01:00,11277,8835628,8835628
2026-05-12T20:17:02+01:00,11278,8835628,8835628
2026-05-12T20:17:03+01:00,11278,8835628,8835628
2026-05-12T20:17:04+01:00,11278,8835628,8835628
2026-05-12T20:17:05+01:00,11278,8835628,8835628
2026-05-12T20:17:06+01:00,11278,8835628,8835628
2026-05-12T20:17:08+01:00,11278,8835628,8835628
2026-05-12T20:17:09+01:00,11275,8835628,8835628
2026-05-12T20:17:10+01:00,11275,8835628,8835628
2026-05-12T20:17:11+01:00,11276,8835628,8835628
2026-05-12T20:17:12+01:00,11276,8835628,8835628
2026-05-12T20:17:13+01:00,11278,8835628,8835628
2026-05-12T20:17:14+01:00,11277,8835628,8835628
2026-05-12T20:17:16+01:00,11278,8835628,8835628
2026-05-12T20:17:17+01:00,11281,8835628,8835628
2026-05-12T20:17:19+01:00,11279,8835628,8835628
2026-05-12T20:17:20+01:00,11280,8835628,8835628
2026-05-12T20:17:21+01:00,11283,8835628,8835628
2026-05-12T20:17:23+01:00,11280,8835628,8835628
2026-05-12T20:17:24+01:00,11280,8835628,8835628
2026-05-12T20:17:25+01:00,11281,8835628,8835628
2026-05-12T20:17:26+01:00,11282,8835628,8835628
2026-05-12T20:17:27+01:00,11283,8835628,8835628
2026-05-12T20:17:28+01:00,11284,8835628,8835628
2026-05-12T20:17:29+01:00,11284,8835628,8835628
2026-05-12T20:17:30+01:00,11285,8835628,8835628
2026-05-12T20:17:31+01:00,11285,8835628,8835628
2026-05-12T20:17:32+01:00,11286,8835628,8835628
2026-05-12T20:17:33+01:00,11286,8835628,8835628
2026-05-12T20:17:35+01:00,11284,8835628,8835628
2026-05-12T20:17:36+01:00,11285,8835628,8835628
2026-05-12T20:17:37+01:00,11288,8835628,8835628
2026-05-12T20:17:39+01:00,11287,8835628,8835628
2026-05-12T20:17:40+01:00,11288,8835628,8835628
2026-05-12T20:17:41+01:00,11288,8835628,8835628
2026-05-12T20:17:42+01:00,11289,8835628,8835628
2026-05-12T20:17:43+01:00,11289,8835628,8835628
2026-05-12T20:17:45+01:00,11286,8835628,8835628
2026-05-12T20:17:46+01:00,11287,8835628,8835628
2026-05-12T20:17:47+01:00,11287,8835628,8835628
2026-05-12T20:17:48+01:00,11288,8835628,8835628
2026-05-12T20:17:49+01:00,11289,8835628,8835628
2026-05-12T20:17:50+01:00,11289,8835628,8835628
2026-05-12T20:17:51+01:00,11290,8835628,8835628
2026-05-12T20:17:52+01:00,11291,8835628,8835628
2026-05-12T20:17:53+01:00,11291,8835628,8835628
2026-05-12T20:17:54+01:00,11292,8835628,8835628
2026-05-12T20:17:55+01:00,11292,8835628,8835628
2026-05-12T20:17:56+01:00,11293,8835628,8835628
2026-05-12T20:17:58+01:00,11293,8835628,8835628
2026-05-12T20:17:59+01:00,11290,8835628,8835628
2026-05-12T20:18:00+01:00,11290,8835628,8835628
2026-05-12T20:18:01+01:00,11290,8835628,8835628
2026-05-12T20:18:02+01:00,11290,8835628,8835628
2026-05-12T20:18:03+01:00,11289,8835628,8835628
2026-05-12T20:18:04+01:00,11288,8835628,8835628
2026-05-12T20:18:05+01:00,11288,8835628,8835628
2026-05-12T20:18:06+01:00,11287,8835628,8835628
2026-05-12T20:18:07+01:00,11287,8835628,8835628
2026-05-12T20:18:08+01:00,11287,8835628,8835628
2026-05-12T20:18:09+01:00,11287,8835628,8835628
2026-05-12T20:18:10+01:00,11287,8835628,8835628
2026-05-12T20:18:11+01:00,11287,8835628,8835628
2026-05-12T20:18:12+01:00,11287,8835628,8835628
2026-05-12T20:18:13+01:00,11287,8835628,8835628
2026-05-12T20:18:14+01:00,11288,8835628,8835628
2026-05-12T20:18:15+01:00,11288,8835628,8835628
2026-05-12T20:18:17+01:00,11289,8835628,8835628
2026-05-12T20:18:18+01:00,11286,8835628,8835628
2026-05-12T20:18:19+01:00,11287,8835628,8835628
2026-05-12T20:18:20+01:00,11289,8835628,8835628
2026-05-12T20:18:22+01:00,11289,8835628,8835628
2026-05-12T20:18:23+01:00,11288,8835628,8835628
2026-05-12T20:18:25+01:00,11291,8835628,8835628
2026-05-12T20:18:27+01:00,11290,8835628,8835628
2026-05-12T20:18:28+01:00,11292,8835628,8835628
2026-05-12T20:18:29+01:00,11294,8835628,8835628
2026-05-12T20:18:31+01:00,11291,8835628,8835628
2026-05-12T20:18:32+01:00,11292,8835792,8835792
2026-05-12T20:18:33+01:00,11294,8835792,8835792
2026-05-12T20:18:34+01:00,11292,8835792,8835792
2026-05-12T20:18:36+01:00,11293,8835792,8835792
2026-05-12T20:18:37+01:00,11294,8835792,8835792
2026-05-12T20:18:38+01:00,11294,8835792,8835792
2026-05-12T20:18:39+01:00,11295,8835792,8835792
2026-05-12T20:18:40+01:00,11295,8835792,8835792
2026-05-12T20:18:41+01:00,11296,8797168,8835960
2026-05-12T20:18:42+01:00,11297,8797168,8835960
2026-05-12T20:18:43+01:00,11297,8797168,8835960
2026-05-12T20:18:44+01:00,11298,8797168,8835960
2026-05-12T20:18:45+01:00,11298,8797168,8835960
2026-05-12T20:18:46+01:00,11298,8797168,8835960
2026-05-12T20:18:47+01:00,11298,8797168,8835960
2026-05-12T20:18:49+01:00,11298,8797168,8835960
2026-05-12T20:18:50+01:00,11294,8797168,8835960
2026-05-12T20:18:51+01:00,11294,8797168,8835960
2026-05-12T20:18:52+01:00,11294,8797168,8835960
2026-05-12T20:18:53+01:00,11295,8797168,8835960
2026-05-12T20:18:54+01:00,11296,8797168,8835960
2026-05-12T20:18:55+01:00,11296,8797168,8835960
2026-05-12T20:18:56+01:00,11297,8797168,8835960
2026-05-12T20:18:57+01:00,11298,8797168,8835960
2026-05-12T20:18:58+01:00,11298,8797168,8835960
2026-05-12T20:18:59+01:00,11299,8797168,8835960
2026-05-12T20:19:00+01:00,11299,8797168,8835960
2026-05-12T20:19:02+01:00,11297,8797168,8835960
2026-05-12T20:19:03+01:00,11299,8797168,8835960
2026-05-12T20:19:04+01:00,11300,8797168,8835960
2026-05-12T20:19:05+01:00,11301,8797168,8835960
2026-05-12T20:19:07+01:00,11299,8797168,8835960
2026-05-12T20:19:08+01:00,11300,8797168,8835960
2026-05-12T20:19:09+01:00,11301,8797168,8835960
2026-05-12T20:19:10+01:00,11301,8797168,8835960
2026-05-12T20:19:11+01:00,11302,8797168,8835960
2026-05-12T20:19:12+01:00,11303,8797168,8835960
2026-05-12T20:19:13+01:00,11303,8797168,8835960
2026-05-12T20:19:15+01:00,11301,8797168,8835960
2026-05-12T20:19:16+01:00,11302,8797168,8835960
2026-05-12T20:19:17+01:00,11305,8797168,8835960
2026-05-12T20:19:19+01:00,11303,8797168,8835960
2026-05-12T20:19:20+01:00,11304,8797168,8835960
2026-05-12T20:19:21+01:00,11306,8797168,8835960
2026-05-12T20:19:22+01:00,11307,8797168,8835960
2026-05-12T20:19:24+01:00,11307,8797168,8835960
2026-05-12T20:19:25+01:00,11304,8797168,8835960
2026-05-12T20:19:26+01:00,11305,8797168,8835960
2026-05-12T20:19:27+01:00,11306,8797168,8835960
2026-05-12T20:19:28+01:00,11306,8797168,8835960
2026-05-12T20:19:29+01:00,11307,8797168,8835960
2026-05-12T20:19:30+01:00,11308,8797168,8835960
2026-05-12T20:19:31+01:00,11310,8797168,8835960
2026-05-12T20:19:33+01:00,11307,8797168,8835960
2026-05-12T20:19:34+01:00,11308,8797168,8835960
2026-05-12T20:19:35+01:00,11308,8797168,8835960
2026-05-12T20:19:36+01:00,11311,8797168,8835960
2026-05-12T20:19:38+01:00,11310,8797168,8835960
2026-05-12T20:19:39+01:00,11312,8797168,8835960
2026-05-12T20:19:40+01:00,11313,8797168,8835960
2026-05-12T20:19:41+01:00,11313,8797168,8835960
2026-05-12T20:19:43+01:00,11310,8797168,8835960
2026-05-12T20:19:44+01:00,11311,8797168,8835960
2026-05-12T20:19:45+01:00,11311,8797168,8835960
2026-05-12T20:19:46+01:00,11312,8797168,8835960
2026-05-12T20:19:47+01:00,11312,8797168,8835960
2026-05-12T20:19:48+01:00,11313,8797168,8835960
2026-05-12T20:19:49+01:00,11314,8797168,8835960
2026-05-12T20:19:50+01:00,11314,8797168,8835960
2026-05-12T20:19:51+01:00,11314,8797168,8835960
2026-05-12T20:19:52+01:00,11315,8797168,8835960
2026-05-12T20:19:53+01:00,11315,8797168,8835960
2026-05-12T20:19:54+01:00,11316,8797168,8835960
2026-05-12T20:19:56+01:00,11314,8797168,8835960
2026-05-12T20:19:57+01:00,11314,8797168,8835960
2026-05-12T20:19:58+01:00,11315,8797168,8835960
2026-05-12T20:19:59+01:00,11315,8797168,8835960
2026-05-12T20:20:00+01:00,11315,8797168,8835960
2026-05-12T20:20:01+01:00,11315,8797168,8835960
2026-05-12T20:20:02+01:00,11315,8797168,8835960
2026-05-12T20:20:03+01:00,11316,8797168,8835960
2026-05-12T20:20:04+01:00,11316,8797168,8835960
2026-05-12T20:20:05+01:00,11316,8797168,8835960
2026-05-12T20:20:06+01:00,11317,8797168,8835960
2026-05-12T20:20:07+01:00,11317,8797168,8835960
2026-05-12T20:20:08+01:00,11318,8797168,8835960
2026-05-12T20:20:10+01:00,11315,8797168,8835960
2026-05-12T20:20:11+01:00,11316,8797168,8835960
2026-05-12T20:20:12+01:00,11316,8797168,8835960
2026-05-12T20:20:13+01:00,11317,8797168,8835960
2026-05-12T20:20:14+01:00,11317,8797168,8835960
2026-05-12T20:20:15+01:00,11318,8797168,8835960
2026-05-12T20:20:16+01:00,11319,8797168,8835960
2026-05-12T20:20:17+01:00,11320,8797168,8835960
2026-05-12T20:20:18+01:00,11320,8797168,8835960
2026-05-12T20:20:20+01:00,11317,8797168,8835960
2026-05-12T20:20:21+01:00,11317,8797168,8835960
2026-05-12T20:20:22+01:00,11317,8797168,8835960
2026-05-12T20:20:23+01:00,11317,8797168,8835960
2026-05-12T20:20:24+01:00,11318,8797168,8835960
2026-05-12T20:20:25+01:00,11318,8797168,8835960
2026-05-12T20:20:26+01:00,11319,8797168,8835960
2026-05-12T20:20:27+01:00,11319,8797168,8835960
2026-05-12T20:20:28+01:00,11320,8797168,8835960
2026-05-12T20:20:29+01:00,11320,8797168,8835960
2026-05-12T20:20:30+01:00,11320,8797168,8835960
2026-05-12T20:20:31+01:00,11320,8797176,8835960
2026-05-12T20:20:32+01:00,11321,8797176,8835960
2026-05-12T20:20:34+01:00,11321,8778172,8836164
2026-05-12T20:20:35+01:00,11318,8778172,8836164
2026-05-12T20:20:36+01:00,11319,8778172,8836164
2026-05-12T20:20:37+01:00,11319,8778172,8836164
2026-05-12T20:20:38+01:00,11319,8778172,8836164
2026-05-12T20:20:39+01:00,11320,8778172,8836164
2026-05-12T20:20:40+01:00,11320,8778172,8836164
2026-05-12T20:20:41+01:00,11321,8778172,8836164
2026-05-12T20:20:42+01:00,11321,8778172,8836164
2026-05-12T20:20:43+01:00,11322,8778172,8836164
2026-05-12T20:20:44+01:00,11323,8778172,8836164
2026-05-12T20:20:46+01:00,11321,8778172,8836164
2026-05-12T20:20:47+01:00,11324,8778172,8836164
2026-05-12T20:20:49+01:00,11322,8778172,8836164
2026-05-12T20:20:50+01:00,11323,8778172,8836164
2026-05-12T20:20:51+01:00,11324,8778172,8836164
2026-05-12T20:20:52+01:00,11324,8778172,8836164
2026-05-12T20:20:53+01:00,11324,8778172,8836164
2026-05-12T20:20:54+01:00,11324,8778172,8836164
2026-05-12T20:20:55+01:00,11325,8778172,8836164
2026-05-12T20:20:56+01:00,11326,8778172,8836164
2026-05-12T20:20:58+01:00,11326,8778172,8836164
2026-05-12T20:20:59+01:00,11328,8778172,8836164
2026-05-12T20:21:01+01:00,11326,8778172,8836164
2026-05-12T20:21:02+01:00,11327,8778172,8836164
2026-05-12T20:21:03+01:00,11328,8778172,8836164
2026-05-12T20:21:04+01:00,11329,8778172,8836164
2026-05-12T20:21:05+01:00,11327,8778172,8836164
2026-05-12T20:21:07+01:00,11329,8778172,8836164
2026-05-12T20:21:08+01:00,11330,8778172,8836164
2026-05-12T20:21:09+01:00,11331,8778172,8836164
2026-05-12T20:21:11+01:00,11331,8778172,8836164
2026-05-12T20:21:12+01:00,11329,8778172,8836164
2026-05-12T20:21:13+01:00,11332,8778172,8836164
2026-05-12T20:21:15+01:00,11331,8785212,8836164
2026-05-12T20:21:16+01:00,11332,8785212,8836164
2026-05-12T20:21:17+01:00,11333,8785212,8836164
2026-05-12T20:21:18+01:00,11333,8785212,8836164
2026-05-12T20:21:19+01:00,11333,8785212,8836164
2026-05-12T20:21:20+01:00,11334,8785212,8836164
2026-05-12T20:21:22+01:00,11331,8785212,8836164
2026-05-12T20:21:23+01:00,11332,8785212,8836164
2026-05-12T20:21:24+01:00,11332,8785212,8836164
2026-05-12T20:21:25+01:00,11332,8785212,8836164
2026-05-12T20:21:26+01:00,11333,8785212,8836164
2026-05-12T20:21:27+01:00,11334,8785212,8836164
2026-05-12T20:21:28+01:00,11334,8785212,8836164
2026-05-12T20:21:29+01:00,11335,8785212,8836164
2026-05-12T20:21:30+01:00,11336,8785212,8836164
2026-05-12T20:21:32+01:00,11334,8785212,8836164
2026-05-12T20:21:33+01:00,11336,8785212,8836164
2026-05-12T20:21:34+01:00,11337,8785212,8836164
2026-05-12T20:21:35+01:00,11337,8785212,8836164
2026-05-12T20:21:36+01:00,11337,8785392,8836164
2026-05-12T20:21:37+01:00,11336,8785392,8836164
2026-05-12T20:21:39+01:00,11336,8785392,8836164
2026-05-12T20:21:40+01:00,11331,8785392,8836164
2026-05-12T20:21:41+01:00,11331,8785392,8836164
2026-05-12T20:21:42+01:00,11330,8785392,8836164
2026-05-12T20:21:43+01:00,11330,8785392,8836164
2026-05-12T20:21:44+01:00,11330,8785392,8836164
2026-05-12T20:21:45+01:00,11330,8785392,8836164
2026-05-12T20:21:46+01:00,11330,8785392,8836164
2026-05-12T20:21:47+01:00,11330,8785392,8836164
2026-05-12T20:21:48+01:00,11330,8785392,8836164
2026-05-12T20:21:49+01:00,11330,8785392,8836164
2026-05-12T20:21:50+01:00,11331,8785392,8836164
2026-05-12T20:21:51+01:00,11332,8785392,8836164
2026-05-12T20:21:53+01:00,11331,8785392,8836164
2026-05-12T20:21:54+01:00,11333,8785392,8836164
2026-05-12T20:21:56+01:00,11332,8785392,8836164
2026-05-12T20:21:57+01:00,11335,8785392,8836164
2026-05-12T20:21:59+01:00,11332,8785392,8836164
2026-05-12T20:22:00+01:00,11333,8785392,8836164
2026-05-12T20:22:01+01:00,11335,8785392,8836164
2026-05-12T20:22:03+01:00,11334,8785392,8836164
2026-05-12T20:22:04+01:00,11336,8785392,8836164
2026-05-12T20:22:05+01:00,11336,8785392,8836164
2026-05-12T20:22:06+01:00,11337,8785392,8836164
2026-05-12T20:22:07+01:00,11338,8785392,8836164
2026-05-12T20:22:08+01:00,11338,8785392,8836164
2026-05-12T20:22:10+01:00,11336,8785392,8836164
2026-05-12T20:22:11+01:00,11337,8785392,8836164
