warning: no usable GPU found, --gpu-layers option will be ignored
warning: one possible reason is that llama.cpp was compiled without GPU support
warning: consult docs/build.md for compilation instructions
system info: n_threads = 32, n_threads_batch = 32, total_threads = 128

system_info: n_threads = 32 (n_threads_batch = 32) / 128 | CPU : SSE3 = 1 | SSSE3 = 1 | AVX = 1 | AVX2 = 1 | F16C = 1 | FMA = 1 | BMI2 = 1 | LLAMAFILE = 1 | OPENMP = 1 | REPACK = 1 | 

init: using 127 threads for HTTP server
start: binding port with default address family
main: loading model
srv    load_model: loading model '/projects/F202500010HPCVLABUMINHO/uminhocp006/aded-project-llamacpp/llamacpp-tq/models/gemma-4-E4B-it-OBLITERATED-Q4_K_M.gguf'
llama_model_loader: loaded meta data with 44 key-value pairs and 720 tensors from /projects/F202500010HPCVLABUMINHO/uminhocp006/aded-project-llamacpp/llamacpp-tq/models/gemma-4-E4B-it-OBLITERATED-Q4_K_M.gguf (version GGUF V3 (latest))
llama_model_loader: Dumping metadata keys/values. Note: KV overrides do not apply in this output.
llama_model_loader: - kv   0:                       general.architecture str              = gemma4
llama_model_loader: - kv   1:                               general.type str              = model
llama_model_loader: - kv   2:                     general.sampling.top_k i32              = 64
llama_model_loader: - kv   3:                     general.sampling.top_p f32              = 0.950000
llama_model_loader: - kv   4:                      general.sampling.temp f32              = 1.000000
llama_model_loader: - kv   5:                               general.name str              = Gemma 4 E4B It OBLITERATED v3.1
llama_model_loader: - kv   6:                            general.version str              = v3.1
llama_model_loader: - kv   7:                           general.basename str              = gemma-4-E4B-it-OBLITERATED
llama_model_loader: - kv   8:                         general.size_label str              = 7.5B
llama_model_loader: - kv   9:                         gemma4.block_count u32              = 42
llama_model_loader: - kv  10:                      gemma4.context_length u32              = 131072
llama_model_loader: - kv  11:                    gemma4.embedding_length u32              = 2560
llama_model_loader: - kv  12:                 gemma4.feed_forward_length u32              = 10240
llama_model_loader: - kv  13:                gemma4.attention.head_count u32              = 8
llama_model_loader: - kv  14:             gemma4.attention.head_count_kv u32              = 2
llama_model_loader: - kv  15:                      gemma4.rope.freq_base f32              = 1000000.000000
llama_model_loader: - kv  16:                  gemma4.rope.freq_base_swa f32              = 10000.000000
llama_model_loader: - kv  17:    gemma4.attention.layer_norm_rms_epsilon f32              = 0.000001
llama_model_loader: - kv  18:                gemma4.attention.key_length u32              = 512
llama_model_loader: - kv  19:              gemma4.attention.value_length u32              = 512
llama_model_loader: - kv  20:             gemma4.final_logit_softcapping f32              = 30.000000
llama_model_loader: - kv  21:            gemma4.attention.sliding_window u32              = 512
llama_model_loader: - kv  22:          gemma4.attention.shared_kv_layers u32              = 18
llama_model_loader: - kv  23:    gemma4.embedding_length_per_layer_input u32              = 256
llama_model_loader: - kv  24:    gemma4.attention.sliding_window_pattern arr[bool,42]     = [true, true, true, true, true, false,...
llama_model_loader: - kv  25:            gemma4.attention.key_length_swa u32              = 256
llama_model_loader: - kv  26:          gemma4.attention.value_length_swa u32              = 256
llama_model_loader: - kv  27:                gemma4.rope.dimension_count u32              = 512
llama_model_loader: - kv  28:            gemma4.rope.dimension_count_swa u32              = 256
llama_model_loader: - kv  29:                       tokenizer.ggml.model str              = gemma4
llama_model_loader: - kv  30:                      tokenizer.ggml.tokens arr[str,262144]  = ["<pad>", "<eos>", "<bos>", "<unk>", ...
llama_model_loader: - kv  31:                      tokenizer.ggml.scores arr[f32,262144]  = [-1000.000000, -1000.000000, -1000.00...
llama_model_loader: - kv  32:                  tokenizer.ggml.token_type arr[i32,262144]  = [3, 3, 3, 3, 3, 1, 1, 1, 1, 1, 1, 1, ...
llama_model_loader: - kv  33:                      tokenizer.ggml.merges arr[str,514906]  = ["\n\n\n\n\n\n\n\n\n\n\n\n\n\n\n\n\n\n\n\n\n\n\n\n\n\n\n\n\n\n \n", ...
llama_model_loader: - kv  34:                tokenizer.ggml.bos_token_id u32              = 2
llama_model_loader: - kv  35:                tokenizer.ggml.eos_token_id u32              = 1
llama_model_loader: - kv  36:            tokenizer.ggml.unknown_token_id u32              = 3
llama_model_loader: - kv  37:            tokenizer.ggml.padding_token_id u32              = 0
llama_model_loader: - kv  38:               tokenizer.ggml.mask_token_id u32              = 4
llama_model_loader: - kv  39:                    tokenizer.chat_template str              = {%- macro format_parameters(propertie...
llama_model_loader: - kv  40:            tokenizer.ggml.add_space_prefix bool             = false
llama_model_loader: - kv  41:               tokenizer.ggml.add_bos_token bool             = true
llama_model_loader: - kv  42:               general.quantization_version u32              = 2
llama_model_loader: - kv  43:                          general.file_type u32              = 15
llama_model_loader: - type  f32:  339 tensors
llama_model_loader: - type  f16:    1 tensors
llama_model_loader: - type q4_K:  336 tensors
llama_model_loader: - type q6_K:   44 tensors
print_info: file format = GGUF V3 (latest)
print_info: file type   = Q4_K - Medium
print_info: file size   = 4.95 GiB (5.66 BPW) 
load: 0 unused tokens
load: control-looking token:    212 '</s>' was not control-type; this is probably a bug in the model. its type will be overridden
load: special_eos_id is not in special_eog_ids - the tokenizer config may be incorrect
load: printing all EOG tokens:
load:   - 1 ('<eos>')
load:   - 106 ('<turn|>')
load:   - 212 ('</s>')
load: special tokens cache size = 25
load: token to piece cache size = 1.9443 MB
print_info: arch                  = gemma4
print_info: vocab_only            = 0
print_info: no_alloc              = 0
print_info: n_ctx_train           = 131072
print_info: n_embd                = 2560
print_info: n_embd_inp            = 2560
print_info: n_layer               = 42
print_info: n_head                = 8
print_info: n_head_kv             = 2
print_info: n_rot                 = 512
print_info: n_swa                 = 512
print_info: is_swa_any            = 1
print_info: n_embd_head_k         = 512
print_info: n_embd_head_v         = 512
print_info: n_gqa                 = 4
print_info: n_embd_k_gqa          = [512, 512, 512, 512, 512, 1024, 512, 512, 512, 512, 512, 1024, 512, 512, 512, 512, 512, 1024, 512, 512, 512, 512, 512, 1024, 512, 512, 512, 512, 512, 1024, 512, 512, 512, 512, 512, 1024, 512, 512, 512, 512, 512, 1024]
print_info: n_embd_v_gqa          = [512, 512, 512, 512, 512, 1024, 512, 512, 512, 512, 512, 1024, 512, 512, 512, 512, 512, 1024, 512, 512, 512, 512, 512, 1024, 512, 512, 512, 512, 512, 1024, 512, 512, 512, 512, 512, 1024, 512, 512, 512, 512, 512, 1024]
print_info: f_norm_eps            = 0.0e+00
print_info: f_norm_rms_eps        = 1.0e-06
print_info: f_clamp_kqv           = 0.0e+00
print_info: f_max_alibi_bias      = 0.0e+00
print_info: f_logit_scale         = 0.0e+00
print_info: f_attn_scale          = 1.0e+00
print_info: n_ff                  = 10240
print_info: n_expert              = 0
print_info: n_expert_used         = 0
print_info: n_expert_groups       = 0
print_info: n_group_used          = 0
print_info: causal attn           = 1
print_info: pooling type          = -1
print_info: rope type             = 2
print_info: rope scaling          = linear
print_info: freq_base_train       = 1000000.0
print_info: freq_scale_train      = 1
print_info: freq_base_swa         = 10000.0
print_info: freq_scale_swa        = 1
print_info: n_embd_head_k_swa     = 256
print_info: n_embd_head_v_swa     = 256
print_info: n_rot_swa             = 256
print_info: n_ctx_orig_yarn       = 131072
print_info: rope_yarn_log_mul     = 0.0000
print_info: rope_finetuned        = unknown
print_info: model type            = E4B
print_info: model params          = 7.52 B
print_info: general.name          = Gemma 4 E4B It OBLITERATED v3.1
print_info: vocab type            = BPE
print_info: n_vocab               = 262144
print_info: n_merges              = 514906
print_info: BOS token             = 2 '<bos>'
print_info: EOS token             = 1 '<eos>'
print_info: UNK token             = 3 '<unk>'
print_info: PAD token             = 0 '<pad>'
print_info: MASK token            = 4 '<mask>'
print_info: LF token              = 107 '
'
print_info: EOG token             = 1 '<eos>'
print_info: EOG token             = 106 '<turn|>'
print_info: EOG token             = 212 '</s>'
print_info: max token length      = 93
load_tensors: loading model tensors, this can take a while... (mmap = true, direct_io = false)
str: cannot properly format tensor name output with suffix=weight bid=-1 xid=-1
load_tensors:   CPU_Mapped model buffer size =  5072.69 MiB
load_tensors:   CPU_REPACK model buffer size =  1835.16 MiB
.............................................
common_init_result: added <eos> logit bias = -inf
common_init_result: added <turn|> logit bias = -inf
common_init_result: added </s> logit bias = -inf
llama_init_from_model: turbo cache types require flash_attn — enabling automatically
llama_context: constructing llama_context
llama_context: n_seq_max     = 1
llama_context: n_ctx         = 2048
llama_context: n_ctx_seq     = 2048
llama_context: n_batch       = 2048
llama_context: n_ubatch      = 512
llama_context: causal_attn   = 1
llama_context: flash_attn    = enabled
llama_context: kv_unified    = false
llama_context: freq_base     = 1000000.0
llama_context: freq_scale    = 1
llama_context: n_ctx_seq (2048) < n_ctx_train (131072) -- the full capacity of the model will not be utilized
llama_context:        CPU  output buffer size =     1.00 MiB
llama_kv_cache_iswa: creating non-SWA KV cache, size = 2048 cells
llama_kv_cache:        CPU KV buffer size =     6.38 MiB
llama_kv_cache: TurboQuant rotation matrices initialized (128x128)
llama_kv_cache: size =    6.25 MiB (  2048 cells,   4 layers,  1/1 seqs), K (turbo3):    3.12 MiB, V (turbo3):    3.12 MiB
llama_kv_cache: upstream attention rotation disabled (TurboQuant uses kernel-level WHT)
llama_kv_cache: attn_rot_k = 0
llama_kv_cache: attn_rot_v = 0
llama_kv_cache_iswa: creating     SWA KV cache, size = 1024 cells
llama_kv_cache:        CPU KV buffer size =     7.94 MiB
llama_kv_cache: TurboQuant rotation matrices initialized (128x128)
llama_kv_cache: size =    7.81 MiB (  1024 cells,  20 layers,  1/1 seqs), K (turbo3):    3.91 MiB, V (turbo3):    3.91 MiB
llama_kv_cache: upstream attention rotation disabled (TurboQuant uses kernel-level WHT)
llama_kv_cache: attn_rot_k = 0
llama_kv_cache: attn_rot_v = 0
sched_reserve: reserving ...
sched_reserve: resolving fused Gated Delta Net support:
sched_reserve: fused Gated Delta Net (autoregressive) enabled
sched_reserve: fused Gated Delta Net (chunked) enabled
sched_reserve:        CPU compute buffer size =   569.02 MiB
sched_reserve: graph nodes  = 1951
sched_reserve: graph splits = 1
sched_reserve: reserve took 7.43 ms, sched copies = 1
common_init_from_params: warming up the model with an empty run - please wait ... (--no-warmup to disable)
srv    load_model: initializing slots, n_slots = 1
no implementations specified for speculative decoding
slot   load_model: id  0 | task -1 | speculative decoding context not initialized
slot   load_model: id  0 | task -1 | new slot, n_ctx = 2048
srv    load_model: prompt cache is enabled, size limit: 8192 MiB
srv    load_model: use `--cache-ram 0` to disable the prompt cache
srv    load_model: for more info see https://github.com/ggml-org/llama.cpp/pull/16391
srv          init: init: --clear-idle requires --kv-unified, disabling
init: chat template, example_format: '<|turn>system
<|think|>
You are a helpful assistant<turn|>
<|turn>user
Hello<turn|>
<|turn>model
Hi there<turn|>
<|turn>user
How are you?<turn|>
<|turn>model
'
srv          init: init: chat template, thinking = 1
main: model loaded
main: server is listening on http://127.0.0.1:18080
main: starting the main loop...
srv  update_slots: all slots are idle
srv  params_from_: Chat format: peg-gemma4
slot get_availabl: id  0 | task -1 | selected slot by LRU, t_last = -1
srv  get_availabl: updating prompt cache
srv          load:  - looking for better prompt, base f_keep = -1.000, sim = 0.000
srv        update:  - cache state: 0 prompts, 0.000 MiB (limits: 8192.000 MiB, 2048 tokens, 8589934592 est)
srv  get_availabl: prompt cache update took 0.02 ms
slot launch_slot_: id  0 | task -1 | sampler chain: logits -> ?penalties -> ?dry -> ?top-n-sigma -> top-k -> ?typical -> ?top-p -> min-p -> ?xtc -> temp-ext -> dist 
slot launch_slot_: id  0 | task 0 | processing task, is_child = 0
slot update_slots: id  0 | task 0 | new prompt, n_ctx_slot = 2048, n_keep = 0, task.n_tokens = 23
slot update_slots: id  0 | task 0 | n_tokens = 0, memory_seq_rm [0, end)
slot update_slots: id  0 | task 0 | prompt processing progress, n_tokens = 19, batch.n_tokens = 19, progress = 0.826087
slot update_slots: id  0 | task 0 | n_tokens = 19, memory_seq_rm [19, end)
slot init_sampler: id  0 | task 0 | init sampler, took 0.01 ms, tokens: text = 23, total = 23
slot update_slots: id  0 | task 0 | prompt processing done, n_tokens = 23, batch.n_tokens = 4
srv  log_server_r: done request: POST /v1/chat/completions 127.0.0.1 200
slot print_timing: id  0 | task 0 | 
prompt eval time =     269.77 ms /    23 tokens (   11.73 ms per token,    85.26 tokens per second)
       eval time =    1514.52 ms /    16 tokens (   94.66 ms per token,    10.56 tokens per second)
      total time =    1784.28 ms /    39 tokens
slot      release: id  0 | task 0 | stop processing: n_tokens = 38, truncated = 0
srv  update_slots: all slots are idle
srv  params_from_: Chat format: peg-gemma4
slot get_availabl: id  0 | task -1 | selected slot by LCP similarity, sim_best = 0.234 (> 0.100 thold), f_keep = 0.289
srv  get_availabl: updating prompt cache
srv   prompt_save:  - saving prompt with length 38, total state size = 0.407 MiB
srv          load:  - looking for better prompt, base f_keep = 0.289, sim = 0.234
srv        update:  - cache state: 1 prompts, 0.407 MiB (limits: 8192.000 MiB, 2048 tokens, 764229 est)
srv        update:    - prompt 0x128bee0:      38 tokens, checkpoints:  0,     0.407 MiB
srv  get_availabl: prompt cache update took 0.18 ms
slot launch_slot_: id  0 | task -1 | sampler chain: logits -> ?penalties -> ?dry -> ?top-n-sigma -> top-k -> ?typical -> ?top-p -> min-p -> ?xtc -> temp-ext -> dist 
slot launch_slot_: id  0 | task 18 | processing task, is_child = 0
slot update_slots: id  0 | task 18 | new prompt, n_ctx_slot = 2048, n_keep = 0, task.n_tokens = 47
slot update_slots: id  0 | task 18 | n_past = 11, slot.prompt.tokens.size() = 38, seq_id = 0, pos_min = 0, n_swa = 512
slot update_slots: id  0 | task 18 | forcing full prompt re-processing due to lack of cache data (likely due to SWA or hybrid/recurrent memory, see https://github.com/ggml-org/llama.cpp/pull/13194#issuecomment-2868343055)
slot update_slots: id  0 | task 18 | n_tokens = 0, memory_seq_rm [0, end)
slot update_slots: id  0 | task 18 | prompt processing progress, n_tokens = 43, batch.n_tokens = 43, progress = 0.914894
slot update_slots: id  0 | task 18 | n_tokens = 43, memory_seq_rm [43, end)
slot init_sampler: id  0 | task 18 | init sampler, took 0.01 ms, tokens: text = 47, total = 47
slot update_slots: id  0 | task 18 | prompt processing done, n_tokens = 47, batch.n_tokens = 4
srv  log_server_r: done request: POST /v1/chat/completions 127.0.0.1 200
reasoning-budget: activated, budget=2147483647 tokens
slot print_timing: id  0 | task 18 | 
prompt eval time =     407.60 ms /    47 tokens (    8.67 ms per token,   115.31 tokens per second)
       eval time =   12456.96 ms /   128 tokens (   97.32 ms per token,    10.28 tokens per second)
      total time =   12864.56 ms /   175 tokens
slot      release: id  0 | task 18 | stop processing: n_tokens = 174, truncated = 0
srv  update_slots: all slots are idle
srv  params_from_: Chat format: peg-gemma4
slot get_availabl: id  0 | task -1 | selected slot by LCP similarity, sim_best = 0.289 (> 0.100 thold), f_keep = 0.063
srv  get_availabl: updating prompt cache
srv   prompt_save:  - saving prompt with length 174, total state size = 1.863 MiB
srv          load:  - looking for better prompt, base f_keep = 0.063, sim = 0.289
srv        update:  - cache state: 2 prompts, 2.270 MiB (limits: 8192.000 MiB, 2048 tokens, 764927 est)
srv        update:    - prompt 0x128bee0:      38 tokens, checkpoints:  0,     0.407 MiB
srv        update:    - prompt 0x129d460:     174 tokens, checkpoints:  0,     1.863 MiB
srv  get_availabl: prompt cache update took 0.75 ms
slot launch_slot_: id  0 | task -1 | sampler chain: logits -> ?penalties -> ?dry -> ?top-n-sigma -> top-k -> ?typical -> ?top-p -> min-p -> ?xtc -> temp-ext -> dist 
slot launch_slot_: id  0 | task 148 | processing task, is_child = 0
slot update_slots: id  0 | task 148 | new prompt, n_ctx_slot = 2048, n_keep = 0, task.n_tokens = 38
slot update_slots: id  0 | task 148 | n_past = 11, slot.prompt.tokens.size() = 174, seq_id = 0, pos_min = 0, n_swa = 512
slot update_slots: id  0 | task 148 | forcing full prompt re-processing due to lack of cache data (likely due to SWA or hybrid/recurrent memory, see https://github.com/ggml-org/llama.cpp/pull/13194#issuecomment-2868343055)
slot update_slots: id  0 | task 148 | n_tokens = 0, memory_seq_rm [0, end)
slot update_slots: id  0 | task 148 | prompt processing progress, n_tokens = 34, batch.n_tokens = 34, progress = 0.894737
slot update_slots: id  0 | task 148 | n_tokens = 34, memory_seq_rm [34, end)
slot init_sampler: id  0 | task 148 | init sampler, took 0.01 ms, tokens: text = 38, total = 38
slot update_slots: id  0 | task 148 | prompt processing done, n_tokens = 38, batch.n_tokens = 4
srv  log_server_r: done request: POST /v1/chat/completions 127.0.0.1 200
reasoning-budget: activated, budget=2147483647 tokens
slot print_timing: id  0 | task 148 | 
prompt eval time =     336.01 ms /    38 tokens (    8.84 ms per token,   113.09 tokens per second)
       eval time =   11952.53 ms /   128 tokens (   93.38 ms per token,    10.71 tokens per second)
      total time =   12288.54 ms /   166 tokens
slot      release: id  0 | task 148 | stop processing: n_tokens = 165, truncated = 0
srv  update_slots: all slots are idle
srv  params_from_: Chat format: peg-gemma4
slot get_availabl: id  0 | task -1 | selected slot by LCP similarity, sim_best = 0.324 (> 0.100 thold), f_keep = 0.067
srv  get_availabl: updating prompt cache
srv   prompt_save:  - saving prompt with length 165, total state size = 1.767 MiB
srv          load:  - looking for better prompt, base f_keep = 0.067, sim = 0.324
srv        update:  - cache state: 3 prompts, 4.037 MiB (limits: 8192.000 MiB, 2048 tokens, 764988 est)
srv        update:    - prompt 0x128bee0:      38 tokens, checkpoints:  0,     0.407 MiB
srv        update:    - prompt 0x129d460:     174 tokens, checkpoints:  0,     1.863 MiB
srv        update:    - prompt 0x12a8320:     165 tokens, checkpoints:  0,     1.767 MiB
srv  get_availabl: prompt cache update took 1.01 ms
slot launch_slot_: id  0 | task -1 | sampler chain: logits -> ?penalties -> ?dry -> ?top-n-sigma -> top-k -> ?typical -> ?top-p -> min-p -> ?xtc -> temp-ext -> dist 
slot launch_slot_: id  0 | task 278 | processing task, is_child = 0
slot update_slots: id  0 | task 278 | new prompt, n_ctx_slot = 2048, n_keep = 0, task.n_tokens = 34
slot update_slots: id  0 | task 278 | n_past = 11, slot.prompt.tokens.size() = 165, seq_id = 0, pos_min = 0, n_swa = 512
slot update_slots: id  0 | task 278 | forcing full prompt re-processing due to lack of cache data (likely due to SWA or hybrid/recurrent memory, see https://github.com/ggml-org/llama.cpp/pull/13194#issuecomment-2868343055)
slot update_slots: id  0 | task 278 | n_tokens = 0, memory_seq_rm [0, end)
slot update_slots: id  0 | task 278 | prompt processing progress, n_tokens = 30, batch.n_tokens = 30, progress = 0.882353
slot update_slots: id  0 | task 278 | n_tokens = 30, memory_seq_rm [30, end)
slot init_sampler: id  0 | task 278 | init sampler, took 0.01 ms, tokens: text = 34, total = 34
slot update_slots: id  0 | task 278 | prompt processing done, n_tokens = 34, batch.n_tokens = 4
srv  log_server_r: done request: POST /v1/chat/completions 127.0.0.1 200
reasoning-budget: activated, budget=2147483647 tokens
slot print_timing: id  0 | task 278 | 
prompt eval time =     309.06 ms /    34 tokens (    9.09 ms per token,   110.01 tokens per second)
       eval time =   11842.31 ms /   128 tokens (   92.52 ms per token,    10.81 tokens per second)
      total time =   12151.37 ms /   162 tokens
slot      release: id  0 | task 278 | stop processing: n_tokens = 161, truncated = 0
srv  update_slots: all slots are idle
srv  params_from_: Chat format: peg-gemma4
slot get_availabl: id  0 | task -1 | selected slot by LCP similarity, sim_best = 0.117 (> 0.100 thold), f_keep = 0.068
srv  get_availabl: updating prompt cache
srv   prompt_save:  - saving prompt with length 161, total state size = 1.724 MiB
srv          load:  - looking for better prompt, base f_keep = 0.068, sim = 0.117
srv        update:  - cache state: 4 prompts, 5.761 MiB (limits: 8192.000 MiB, 2048 tokens, 765010 est)
srv        update:    - prompt 0x128bee0:      38 tokens, checkpoints:  0,     0.407 MiB
srv        update:    - prompt 0x129d460:     174 tokens, checkpoints:  0,     1.863 MiB
srv        update:    - prompt 0x12a8320:     165 tokens, checkpoints:  0,     1.767 MiB
srv        update:    - prompt 0x7f7b54003ac0:     161 tokens, checkpoints:  0,     1.724 MiB
srv  get_availabl: prompt cache update took 0.69 ms
slot launch_slot_: id  0 | task -1 | sampler chain: logits -> ?penalties -> ?dry -> ?top-n-sigma -> top-k -> ?typical -> ?top-p -> min-p -> ?xtc -> temp-ext -> dist 
slot launch_slot_: id  0 | task 408 | processing task, is_child = 0
slot update_slots: id  0 | task 408 | new prompt, n_ctx_slot = 2048, n_keep = 0, task.n_tokens = 94
slot update_slots: id  0 | task 408 | n_past = 11, slot.prompt.tokens.size() = 161, seq_id = 0, pos_min = 0, n_swa = 512
slot update_slots: id  0 | task 408 | forcing full prompt re-processing due to lack of cache data (likely due to SWA or hybrid/recurrent memory, see https://github.com/ggml-org/llama.cpp/pull/13194#issuecomment-2868343055)
slot update_slots: id  0 | task 408 | n_tokens = 0, memory_seq_rm [0, end)
slot update_slots: id  0 | task 408 | prompt processing progress, n_tokens = 90, batch.n_tokens = 90, progress = 0.957447
slot update_slots: id  0 | task 408 | n_tokens = 90, memory_seq_rm [90, end)
slot init_sampler: id  0 | task 408 | init sampler, took 0.01 ms, tokens: text = 94, total = 94
slot update_slots: id  0 | task 408 | prompt processing done, n_tokens = 94, batch.n_tokens = 4
slot update_slots: id  0 | task 408 | created context checkpoint 1 of 32 (pos_min = 0, pos_max = 89, n_tokens = 90, size = 0.688 MiB)
srv  log_server_r: done request: POST /v1/chat/completions 127.0.0.1 200
reasoning-budget: activated, budget=2147483647 tokens
slot print_timing: id  0 | task 408 | 
prompt eval time =     692.77 ms /    94 tokens (    7.37 ms per token,   135.69 tokens per second)
       eval time =   12190.06 ms /   128 tokens (   95.23 ms per token,    10.50 tokens per second)
      total time =   12882.83 ms /   222 tokens
slot      release: id  0 | task 408 | stop processing: n_tokens = 221, truncated = 0
srv  update_slots: all slots are idle
srv  params_from_: Chat format: peg-gemma4
slot get_availabl: id  0 | task -1 | selected slot by LCP similarity, sim_best = 0.138 (> 0.100 thold), f_keep = 0.054
srv  get_availabl: updating prompt cache
srv   prompt_save:  - saving prompt with length 221, total state size = 2.366 MiB
srv          load:  - looking for better prompt, base f_keep = 0.054, sim = 0.138
srv        update:  - cache state: 5 prompts, 8.815 MiB (limits: 8192.000 MiB, 2048 tokens, 705324 est)
srv        update:    - prompt 0x128bee0:      38 tokens, checkpoints:  0,     0.407 MiB
srv        update:    - prompt 0x129d460:     174 tokens, checkpoints:  0,     1.863 MiB
srv        update:    - prompt 0x12a8320:     165 tokens, checkpoints:  0,     1.767 MiB
srv        update:    - prompt 0x7f7b54003ac0:     161 tokens, checkpoints:  0,     1.724 MiB
srv        update:    - prompt 0x1293050:     221 tokens, checkpoints:  1,     3.054 MiB
srv  get_availabl: prompt cache update took 1.07 ms
slot launch_slot_: id  0 | task -1 | sampler chain: logits -> ?penalties -> ?dry -> ?top-n-sigma -> top-k -> ?typical -> ?top-p -> min-p -> ?xtc -> temp-ext -> dist 
slot launch_slot_: id  0 | task 538 | processing task, is_child = 0
slot update_slots: id  0 | task 538 | new prompt, n_ctx_slot = 2048, n_keep = 0, task.n_tokens = 87
slot update_slots: id  0 | task 538 | n_past = 12, slot.prompt.tokens.size() = 221, seq_id = 0, pos_min = 0, n_swa = 512
slot update_slots: id  0 | task 538 | Checking checkpoint with [0, 89] against 0...
slot update_slots: id  0 | task 538 | forcing full prompt re-processing due to lack of cache data (likely due to SWA or hybrid/recurrent memory, see https://github.com/ggml-org/llama.cpp/pull/13194#issuecomment-2868343055)
slot update_slots: id  0 | task 538 | erased invalidated context checkpoint (pos_min = 0, pos_max = 89, n_tokens = 90, n_swa = 512, pos_next = 0, size = 0.688 MiB)
slot update_slots: id  0 | task 538 | n_tokens = 0, memory_seq_rm [0, end)
slot update_slots: id  0 | task 538 | prompt processing progress, n_tokens = 83, batch.n_tokens = 83, progress = 0.954023
slot update_slots: id  0 | task 538 | n_tokens = 83, memory_seq_rm [83, end)
slot init_sampler: id  0 | task 538 | init sampler, took 0.01 ms, tokens: text = 87, total = 87
slot update_slots: id  0 | task 538 | prompt processing done, n_tokens = 87, batch.n_tokens = 4
slot update_slots: id  0 | task 538 | created context checkpoint 1 of 32 (pos_min = 0, pos_max = 82, n_tokens = 83, size = 0.635 MiB)
srv  log_server_r: done request: POST /v1/chat/completions 127.0.0.1 200
reasoning-budget: activated, budget=2147483647 tokens
slot print_timing: id  0 | task 538 | 
prompt eval time =     647.41 ms /    87 tokens (    7.44 ms per token,   134.38 tokens per second)
       eval time =   12196.78 ms /   128 tokens (   95.29 ms per token,    10.49 tokens per second)
      total time =   12844.19 ms /   215 tokens
slot      release: id  0 | task 538 | stop processing: n_tokens = 214, truncated = 0
srv  update_slots: all slots are idle
srv  params_from_: Chat format: peg-gemma4
slot get_availabl: id  0 | task -1 | selected slot by LRU, t_last = 47014888689
srv  get_availabl: updating prompt cache
srv   prompt_save:  - saving prompt with length 214, total state size = 2.291 MiB
srv          load:  - looking for better prompt, base f_keep = 0.051, sim = 0.069
srv        update:  - cache state: 6 prompts, 11.741 MiB (limits: 8192.000 MiB, 2048 tokens, 678868 est)
srv        update:    - prompt 0x128bee0:      38 tokens, checkpoints:  0,     0.407 MiB
srv        update:    - prompt 0x129d460:     174 tokens, checkpoints:  0,     1.863 MiB
srv        update:    - prompt 0x12a8320:     165 tokens, checkpoints:  0,     1.767 MiB
srv        update:    - prompt 0x7f7b54003ac0:     161 tokens, checkpoints:  0,     1.724 MiB
srv        update:    - prompt 0x1293050:     221 tokens, checkpoints:  1,     3.054 MiB
srv        update:    - prompt 0x11da1e0:     214 tokens, checkpoints:  1,     2.926 MiB
srv  get_availabl: prompt cache update took 1.46 ms
slot launch_slot_: id  0 | task -1 | sampler chain: logits -> ?penalties -> ?dry -> ?top-n-sigma -> top-k -> ?typical -> ?top-p -> min-p -> ?xtc -> temp-ext -> dist 
slot launch_slot_: id  0 | task 668 | processing task, is_child = 0
slot update_slots: id  0 | task 668 | new prompt, n_ctx_slot = 2048, n_keep = 0, task.n_tokens = 159
slot update_slots: id  0 | task 668 | n_past = 11, slot.prompt.tokens.size() = 214, seq_id = 0, pos_min = 0, n_swa = 512
slot update_slots: id  0 | task 668 | Checking checkpoint with [0, 82] against 0...
slot update_slots: id  0 | task 668 | forcing full prompt re-processing due to lack of cache data (likely due to SWA or hybrid/recurrent memory, see https://github.com/ggml-org/llama.cpp/pull/13194#issuecomment-2868343055)
slot update_slots: id  0 | task 668 | erased invalidated context checkpoint (pos_min = 0, pos_max = 82, n_tokens = 83, n_swa = 512, pos_next = 0, size = 0.635 MiB)
slot update_slots: id  0 | task 668 | n_tokens = 0, memory_seq_rm [0, end)
slot update_slots: id  0 | task 668 | prompt processing progress, n_tokens = 155, batch.n_tokens = 155, progress = 0.974843
slot update_slots: id  0 | task 668 | n_tokens = 155, memory_seq_rm [155, end)
slot init_sampler: id  0 | task 668 | init sampler, took 0.02 ms, tokens: text = 159, total = 159
slot update_slots: id  0 | task 668 | prompt processing done, n_tokens = 159, batch.n_tokens = 4
slot update_slots: id  0 | task 668 | created context checkpoint 1 of 32 (pos_min = 0, pos_max = 154, n_tokens = 155, size = 1.185 MiB)
srv  log_server_r: done request: POST /v1/chat/completions 127.0.0.1 200
reasoning-budget: activated, budget=2147483647 tokens
slot print_timing: id  0 | task 668 | 
prompt eval time =    1202.37 ms /   159 tokens (    7.56 ms per token,   132.24 tokens per second)
       eval time =   13351.94 ms /   128 tokens (  104.31 ms per token,     9.59 tokens per second)
      total time =   14554.31 ms /   287 tokens
slot      release: id  0 | task 668 | stop processing: n_tokens = 286, truncated = 0
srv  update_slots: all slots are idle
srv  params_from_: Chat format: peg-gemma4
slot get_availabl: id  0 | task -1 | selected slot by LRU, t_last = 47029482133
srv  get_availabl: updating prompt cache
srv   prompt_save:  - saving prompt with length 286, total state size = 3.062 MiB
srv          load:  - looking for better prompt, base f_keep = 0.038, sim = 0.035
srv        update:  - cache state: 7 prompts, 15.988 MiB (limits: 8192.000 MiB, 2048 tokens, 645089 est)
srv        update:    - prompt 0x128bee0:      38 tokens, checkpoints:  0,     0.407 MiB
srv        update:    - prompt 0x129d460:     174 tokens, checkpoints:  0,     1.863 MiB
srv        update:    - prompt 0x12a8320:     165 tokens, checkpoints:  0,     1.767 MiB
srv        update:    - prompt 0x7f7b54003ac0:     161 tokens, checkpoints:  0,     1.724 MiB
srv        update:    - prompt 0x1293050:     221 tokens, checkpoints:  1,     3.054 MiB
srv        update:    - prompt 0x11da1e0:     214 tokens, checkpoints:  1,     2.926 MiB
srv        update:    - prompt 0x1293150:     286 tokens, checkpoints:  1,     4.247 MiB
srv  get_availabl: prompt cache update took 1.48 ms
slot launch_slot_: id  0 | task -1 | sampler chain: logits -> ?penalties -> ?dry -> ?top-n-sigma -> top-k -> ?typical -> ?top-p -> min-p -> ?xtc -> temp-ext -> dist 
slot launch_slot_: id  0 | task 798 | processing task, is_child = 0
slot update_slots: id  0 | task 798 | new prompt, n_ctx_slot = 2048, n_keep = 0, task.n_tokens = 312
slot update_slots: id  0 | task 798 | n_past = 11, slot.prompt.tokens.size() = 286, seq_id = 0, pos_min = 0, n_swa = 512
slot update_slots: id  0 | task 798 | Checking checkpoint with [0, 154] against 0...
slot update_slots: id  0 | task 798 | forcing full prompt re-processing due to lack of cache data (likely due to SWA or hybrid/recurrent memory, see https://github.com/ggml-org/llama.cpp/pull/13194#issuecomment-2868343055)
slot update_slots: id  0 | task 798 | erased invalidated context checkpoint (pos_min = 0, pos_max = 154, n_tokens = 155, n_swa = 512, pos_next = 0, size = 1.185 MiB)
slot update_slots: id  0 | task 798 | n_tokens = 0, memory_seq_rm [0, end)
slot update_slots: id  0 | task 798 | prompt processing progress, n_tokens = 308, batch.n_tokens = 308, progress = 0.987179
slot update_slots: id  0 | task 798 | n_tokens = 308, memory_seq_rm [308, end)
slot init_sampler: id  0 | task 798 | init sampler, took 0.04 ms, tokens: text = 312, total = 312
slot update_slots: id  0 | task 798 | prompt processing done, n_tokens = 312, batch.n_tokens = 4
slot update_slots: id  0 | task 798 | created context checkpoint 1 of 32 (pos_min = 0, pos_max = 307, n_tokens = 308, size = 2.354 MiB)
srv  log_server_r: done request: POST /v1/chat/completions 127.0.0.1 200
reasoning-budget: activated, budget=2147483647 tokens
slot print_timing: id  0 | task 798 | 
prompt eval time =    2635.19 ms /   312 tokens (    8.45 ms per token,   118.40 tokens per second)
       eval time =   14472.42 ms /   128 tokens (  113.07 ms per token,     8.84 tokens per second)
      total time =   17107.61 ms /   440 tokens
slot      release: id  0 | task 798 | stop processing: n_tokens = 439, truncated = 0
srv  update_slots: all slots are idle
srv  params_from_: Chat format: peg-gemma4
slot get_availabl: id  0 | task -1 | selected slot by LRU, t_last = 47046629322
srv  get_availabl: updating prompt cache
srv   prompt_save:  - saving prompt with length 439, total state size = 4.700 MiB
srv          load:  - looking for better prompt, base f_keep = 0.025, sim = 0.043
srv        update:  - cache state: 8 prompts, 23.042 MiB (limits: 8192.000 MiB, 2048 tokens, 603692 est)
srv        update:    - prompt 0x128bee0:      38 tokens, checkpoints:  0,     0.407 MiB
srv        update:    - prompt 0x129d460:     174 tokens, checkpoints:  0,     1.863 MiB
srv        update:    - prompt 0x12a8320:     165 tokens, checkpoints:  0,     1.767 MiB
srv        update:    - prompt 0x7f7b54003ac0:     161 tokens, checkpoints:  0,     1.724 MiB
srv        update:    - prompt 0x1293050:     221 tokens, checkpoints:  1,     3.054 MiB
srv        update:    - prompt 0x11da1e0:     214 tokens, checkpoints:  1,     2.926 MiB
srv        update:    - prompt 0x1293150:     286 tokens, checkpoints:  1,     4.247 MiB
srv        update:    - prompt 0x129a190:     439 tokens, checkpoints:  1,     7.054 MiB
srv  get_availabl: prompt cache update took 2.15 ms
slot launch_slot_: id  0 | task -1 | sampler chain: logits -> ?penalties -> ?dry -> ?top-n-sigma -> top-k -> ?typical -> ?top-p -> min-p -> ?xtc -> temp-ext -> dist 
slot launch_slot_: id  0 | task 928 | processing task, is_child = 0
slot update_slots: id  0 | task 928 | new prompt, n_ctx_slot = 2048, n_keep = 0, task.n_tokens = 254
slot update_slots: id  0 | task 928 | n_past = 11, slot.prompt.tokens.size() = 439, seq_id = 0, pos_min = 0, n_swa = 512
slot update_slots: id  0 | task 928 | Checking checkpoint with [0, 307] against 0...
slot update_slots: id  0 | task 928 | forcing full prompt re-processing due to lack of cache data (likely due to SWA or hybrid/recurrent memory, see https://github.com/ggml-org/llama.cpp/pull/13194#issuecomment-2868343055)
slot update_slots: id  0 | task 928 | erased invalidated context checkpoint (pos_min = 0, pos_max = 307, n_tokens = 308, n_swa = 512, pos_next = 0, size = 2.354 MiB)
slot update_slots: id  0 | task 928 | n_tokens = 0, memory_seq_rm [0, end)
slot update_slots: id  0 | task 928 | prompt processing progress, n_tokens = 250, batch.n_tokens = 250, progress = 0.984252
slot update_slots: id  0 | task 928 | n_tokens = 250, memory_seq_rm [250, end)
slot init_sampler: id  0 | task 928 | init sampler, took 0.04 ms, tokens: text = 254, total = 254
slot update_slots: id  0 | task 928 | prompt processing done, n_tokens = 254, batch.n_tokens = 4
slot update_slots: id  0 | task 928 | created context checkpoint 1 of 32 (pos_min = 0, pos_max = 249, n_tokens = 250, size = 1.911 MiB)
srv  log_server_r: done request: POST /v1/chat/completions 127.0.0.1 200
reasoning-budget: activated, budget=2147483647 tokens
slot print_timing: id  0 | task 928 | 
prompt eval time =    2070.48 ms /   254 tokens (    8.15 ms per token,   122.68 tokens per second)
       eval time =   14055.28 ms /   128 tokens (  109.81 ms per token,     9.11 tokens per second)
      total time =   16125.77 ms /   382 tokens
slot      release: id  0 | task 928 | stop processing: n_tokens = 381, truncated = 0
srv  update_slots: all slots are idle
srv  params_from_: Chat format: peg-gemma4
slot get_availabl: id  0 | task -1 | selected slot by LCP similarity, sim_best = 0.478 (> 0.100 thold), f_keep = 0.029
srv  get_availabl: updating prompt cache
srv   prompt_save:  - saving prompt with length 381, total state size = 4.079 MiB
srv          load:  - looking for better prompt, base f_keep = 0.029, sim = 0.478
srv          load:  - found better prompt with f_keep = 0.605, sim = 1.000
srv        update:  - cache state: 8 prompts, 28.624 MiB (limits: 8192.000 MiB, 2048 tokens, 584126 est)
srv        update:    - prompt 0x129d460:     174 tokens, checkpoints:  0,     1.863 MiB
srv        update:    - prompt 0x12a8320:     165 tokens, checkpoints:  0,     1.767 MiB
srv        update:    - prompt 0x7f7b54003ac0:     161 tokens, checkpoints:  0,     1.724 MiB
srv        update:    - prompt 0x1293050:     221 tokens, checkpoints:  1,     3.054 MiB
srv        update:    - prompt 0x11da1e0:     214 tokens, checkpoints:  1,     2.926 MiB
srv        update:    - prompt 0x1293150:     286 tokens, checkpoints:  1,     4.247 MiB
srv        update:    - prompt 0x129a190:     439 tokens, checkpoints:  1,     7.054 MiB
srv        update:    - prompt 0x12abf80:     381 tokens, checkpoints:  1,     5.990 MiB
srv  get_availabl: prompt cache update took 2.57 ms
slot launch_slot_: id  0 | task -1 | sampler chain: logits -> ?penalties -> ?dry -> ?top-n-sigma -> top-k -> ?typical -> ?top-p -> min-p -> ?xtc -> temp-ext -> dist 
slot launch_slot_: id  0 | task 1058 | processing task, is_child = 0
slot update_slots: id  0 | task 1058 | new prompt, n_ctx_slot = 2048, n_keep = 0, task.n_tokens = 23
slot update_slots: id  0 | task 1058 | n_past = 23, slot.prompt.tokens.size() = 38, seq_id = 0, pos_min = 0, n_swa = 512
slot update_slots: id  0 | task 1058 | forcing full prompt re-processing due to lack of cache data (likely due to SWA or hybrid/recurrent memory, see https://github.com/ggml-org/llama.cpp/pull/13194#issuecomment-2868343055)
slot update_slots: id  0 | task 1058 | n_tokens = 0, memory_seq_rm [0, end)
slot update_slots: id  0 | task 1058 | prompt processing progress, n_tokens = 19, batch.n_tokens = 19, progress = 0.826087
slot update_slots: id  0 | task 1058 | n_tokens = 19, memory_seq_rm [19, end)
slot init_sampler: id  0 | task 1058 | init sampler, took 0.01 ms, tokens: text = 23, total = 23
slot update_slots: id  0 | task 1058 | prompt processing done, n_tokens = 23, batch.n_tokens = 4
srv  log_server_r: done request: POST /v1/chat/completions 127.0.0.1 200
slot print_timing: id  0 | task 1058 | 
prompt eval time =     257.31 ms /    23 tokens (   11.19 ms per token,    89.39 tokens per second)
       eval time =    1383.66 ms /    16 tokens (   86.48 ms per token,    11.56 tokens per second)
      total time =    1640.96 ms /    39 tokens
slot      release: id  0 | task 1058 | stop processing: n_tokens = 38, truncated = 0
srv  update_slots: all slots are idle
srv  params_from_: Chat format: peg-gemma4
slot get_availabl: id  0 | task -1 | selected slot by LCP similarity, sim_best = 0.234 (> 0.100 thold), f_keep = 0.289
srv  get_availabl: updating prompt cache
srv   prompt_save:  - saving prompt with length 38, total state size = 0.407 MiB
srv          load:  - looking for better prompt, base f_keep = 0.289, sim = 0.234
srv        update:  - cache state: 9 prompts, 29.031 MiB (limits: 8192.000 MiB, 2048 tokens, 586653 est)
srv        update:    - prompt 0x129d460:     174 tokens, checkpoints:  0,     1.863 MiB
srv        update:    - prompt 0x12a8320:     165 tokens, checkpoints:  0,     1.767 MiB
srv        update:    - prompt 0x7f7b54003ac0:     161 tokens, checkpoints:  0,     1.724 MiB
srv        update:    - prompt 0x1293050:     221 tokens, checkpoints:  1,     3.054 MiB
srv        update:    - prompt 0x11da1e0:     214 tokens, checkpoints:  1,     2.926 MiB
srv        update:    - prompt 0x1293150:     286 tokens, checkpoints:  1,     4.247 MiB
srv        update:    - prompt 0x129a190:     439 tokens, checkpoints:  1,     7.054 MiB
srv        update:    - prompt 0x12abf80:     381 tokens, checkpoints:  1,     5.990 MiB
srv        update:    - prompt 0x12cf980:      38 tokens, checkpoints:  0,     0.407 MiB
srv  get_availabl: prompt cache update took 0.28 ms
slot launch_slot_: id  0 | task -1 | sampler chain: logits -> ?penalties -> ?dry -> ?top-n-sigma -> top-k -> ?typical -> ?top-p -> min-p -> ?xtc -> temp-ext -> dist 
slot launch_slot_: id  0 | task 1076 | processing task, is_child = 0
slot update_slots: id  0 | task 1076 | new prompt, n_ctx_slot = 2048, n_keep = 0, task.n_tokens = 47
slot update_slots: id  0 | task 1076 | n_past = 11, slot.prompt.tokens.size() = 38, seq_id = 0, pos_min = 0, n_swa = 512
slot update_slots: id  0 | task 1076 | forcing full prompt re-processing due to lack of cache data (likely due to SWA or hybrid/recurrent memory, see https://github.com/ggml-org/llama.cpp/pull/13194#issuecomment-2868343055)
slot update_slots: id  0 | task 1076 | n_tokens = 0, memory_seq_rm [0, end)
slot update_slots: id  0 | task 1076 | prompt processing progress, n_tokens = 43, batch.n_tokens = 43, progress = 0.914894
slot update_slots: id  0 | task 1076 | n_tokens = 43, memory_seq_rm [43, end)
slot init_sampler: id  0 | task 1076 | init sampler, took 0.01 ms, tokens: text = 47, total = 47
slot update_slots: id  0 | task 1076 | prompt processing done, n_tokens = 47, batch.n_tokens = 4
srv  log_server_r: done request: POST /v1/chat/completions 127.0.0.1 200
reasoning-budget: activated, budget=2147483647 tokens
slot print_timing: id  0 | task 1076 | 
prompt eval time =     415.56 ms /    47 tokens (    8.84 ms per token,   113.10 tokens per second)
       eval time =   12234.45 ms /   128 tokens (   95.58 ms per token,    10.46 tokens per second)
      total time =   12650.01 ms /   175 tokens
slot      release: id  0 | task 1076 | stop processing: n_tokens = 174, truncated = 0
srv  update_slots: all slots are idle
srv  params_from_: Chat format: peg-gemma4
slot get_availabl: id  0 | task -1 | selected slot by LCP similarity, sim_best = 0.289 (> 0.100 thold), f_keep = 0.063
srv  get_availabl: updating prompt cache
srv   prompt_save:  - saving prompt with length 174, total state size = 1.863 MiB
srv         alloc:  - prompt is already in the cache, skipping
srv          load:  - looking for better prompt, base f_keep = 0.063, sim = 0.289
srv        update:  - cache state: 9 prompts, 29.031 MiB (limits: 8192.000 MiB, 2048 tokens, 586653 est)
srv        update:    - prompt 0x129d460:     174 tokens, checkpoints:  0,     1.863 MiB
srv        update:    - prompt 0x12a8320:     165 tokens, checkpoints:  0,     1.767 MiB
srv        update:    - prompt 0x7f7b54003ac0:     161 tokens, checkpoints:  0,     1.724 MiB
srv        update:    - prompt 0x1293050:     221 tokens, checkpoints:  1,     3.054 MiB
srv        update:    - prompt 0x11da1e0:     214 tokens, checkpoints:  1,     2.926 MiB
srv        update:    - prompt 0x1293150:     286 tokens, checkpoints:  1,     4.247 MiB
srv        update:    - prompt 0x129a190:     439 tokens, checkpoints:  1,     7.054 MiB
srv        update:    - prompt 0x12abf80:     381 tokens, checkpoints:  1,     5.990 MiB
srv        update:    - prompt 0x12cf980:      38 tokens, checkpoints:  0,     0.407 MiB
srv  get_availabl: prompt cache update took 0.05 ms
slot launch_slot_: id  0 | task -1 | sampler chain: logits -> ?penalties -> ?dry -> ?top-n-sigma -> top-k -> ?typical -> ?top-p -> min-p -> ?xtc -> temp-ext -> dist 
slot launch_slot_: id  0 | task 1206 | processing task, is_child = 0
slot update_slots: id  0 | task 1206 | new prompt, n_ctx_slot = 2048, n_keep = 0, task.n_tokens = 38
slot update_slots: id  0 | task 1206 | n_past = 11, slot.prompt.tokens.size() = 174, seq_id = 0, pos_min = 0, n_swa = 512
slot update_slots: id  0 | task 1206 | forcing full prompt re-processing due to lack of cache data (likely due to SWA or hybrid/recurrent memory, see https://github.com/ggml-org/llama.cpp/pull/13194#issuecomment-2868343055)
slot update_slots: id  0 | task 1206 | n_tokens = 0, memory_seq_rm [0, end)
slot update_slots: id  0 | task 1206 | prompt processing progress, n_tokens = 34, batch.n_tokens = 34, progress = 0.894737
slot update_slots: id  0 | task 1206 | n_tokens = 34, memory_seq_rm [34, end)
slot init_sampler: id  0 | task 1206 | init sampler, took 0.01 ms, tokens: text = 38, total = 38
slot update_slots: id  0 | task 1206 | prompt processing done, n_tokens = 38, batch.n_tokens = 4
srv  log_server_r: done request: POST /v1/chat/completions 127.0.0.1 200
reasoning-budget: activated, budget=2147483647 tokens
slot print_timing: id  0 | task 1206 | 
prompt eval time =     350.20 ms /    38 tokens (    9.22 ms per token,   108.51 tokens per second)
       eval time =   12175.62 ms /   128 tokens (   95.12 ms per token,    10.51 tokens per second)
      total time =   12525.82 ms /   166 tokens
slot      release: id  0 | task 1206 | stop processing: n_tokens = 165, truncated = 0
srv  update_slots: all slots are idle
srv  params_from_: Chat format: peg-gemma4
slot get_availabl: id  0 | task -1 | selected slot by LCP similarity, sim_best = 0.324 (> 0.100 thold), f_keep = 0.067
srv  get_availabl: updating prompt cache
srv   prompt_save:  - saving prompt with length 165, total state size = 1.767 MiB
srv         alloc:  - prompt is already in the cache, skipping
srv          load:  - looking for better prompt, base f_keep = 0.067, sim = 0.324
srv        update:  - cache state: 9 prompts, 29.031 MiB (limits: 8192.000 MiB, 2048 tokens, 586653 est)
srv        update:    - prompt 0x129d460:     174 tokens, checkpoints:  0,     1.863 MiB
srv        update:    - prompt 0x12a8320:     165 tokens, checkpoints:  0,     1.767 MiB
srv        update:    - prompt 0x7f7b54003ac0:     161 tokens, checkpoints:  0,     1.724 MiB
srv        update:    - prompt 0x1293050:     221 tokens, checkpoints:  1,     3.054 MiB
srv        update:    - prompt 0x11da1e0:     214 tokens, checkpoints:  1,     2.926 MiB
srv        update:    - prompt 0x1293150:     286 tokens, checkpoints:  1,     4.247 MiB
srv        update:    - prompt 0x129a190:     439 tokens, checkpoints:  1,     7.054 MiB
srv        update:    - prompt 0x12abf80:     381 tokens, checkpoints:  1,     5.990 MiB
srv        update:    - prompt 0x12cf980:      38 tokens, checkpoints:  0,     0.407 MiB
srv  get_availabl: prompt cache update took 0.12 ms
slot launch_slot_: id  0 | task -1 | sampler chain: logits -> ?penalties -> ?dry -> ?top-n-sigma -> top-k -> ?typical -> ?top-p -> min-p -> ?xtc -> temp-ext -> dist 
slot launch_slot_: id  0 | task 1336 | processing task, is_child = 0
slot update_slots: id  0 | task 1336 | new prompt, n_ctx_slot = 2048, n_keep = 0, task.n_tokens = 34
slot update_slots: id  0 | task 1336 | n_past = 11, slot.prompt.tokens.size() = 165, seq_id = 0, pos_min = 0, n_swa = 512
slot update_slots: id  0 | task 1336 | forcing full prompt re-processing due to lack of cache data (likely due to SWA or hybrid/recurrent memory, see https://github.com/ggml-org/llama.cpp/pull/13194#issuecomment-2868343055)
slot update_slots: id  0 | task 1336 | n_tokens = 0, memory_seq_rm [0, end)
slot update_slots: id  0 | task 1336 | prompt processing progress, n_tokens = 30, batch.n_tokens = 30, progress = 0.882353
slot update_slots: id  0 | task 1336 | n_tokens = 30, memory_seq_rm [30, end)
slot init_sampler: id  0 | task 1336 | init sampler, took 0.01 ms, tokens: text = 34, total = 34
slot update_slots: id  0 | task 1336 | prompt processing done, n_tokens = 34, batch.n_tokens = 4
srv  log_server_r: done request: POST /v1/chat/completions 127.0.0.1 200
reasoning-budget: activated, budget=2147483647 tokens
slot print_timing: id  0 | task 1336 | 
prompt eval time =     317.67 ms /    34 tokens (    9.34 ms per token,   107.03 tokens per second)
       eval time =   12119.03 ms /   128 tokens (   94.68 ms per token,    10.56 tokens per second)
      total time =   12436.70 ms /   162 tokens
slot      release: id  0 | task 1336 | stop processing: n_tokens = 161, truncated = 0
srv  update_slots: all slots are idle
srv  params_from_: Chat format: peg-gemma4
slot get_availabl: id  0 | task -1 | selected slot by LCP similarity, sim_best = 0.117 (> 0.100 thold), f_keep = 0.068
srv  get_availabl: updating prompt cache
srv   prompt_save:  - saving prompt with length 161, total state size = 1.724 MiB
srv         alloc:  - prompt is already in the cache, skipping
srv          load:  - looking for better prompt, base f_keep = 0.068, sim = 0.117
srv          load:  - found better prompt with f_keep = 0.425, sim = 1.000
srv        update:  - cache state: 8 prompts, 25.977 MiB (limits: 8192.000 MiB, 2048 tokens, 585937 est)
srv        update:    - prompt 0x129d460:     174 tokens, checkpoints:  0,     1.863 MiB
srv        update:    - prompt 0x12a8320:     165 tokens, checkpoints:  0,     1.767 MiB
srv        update:    - prompt 0x7f7b54003ac0:     161 tokens, checkpoints:  0,     1.724 MiB
srv        update:    - prompt 0x11da1e0:     214 tokens, checkpoints:  1,     2.926 MiB
srv        update:    - prompt 0x1293150:     286 tokens, checkpoints:  1,     4.247 MiB
srv        update:    - prompt 0x129a190:     439 tokens, checkpoints:  1,     7.054 MiB
srv        update:    - prompt 0x12abf80:     381 tokens, checkpoints:  1,     5.990 MiB
srv        update:    - prompt 0x12cf980:      38 tokens, checkpoints:  0,     0.407 MiB
srv  get_availabl: prompt cache update took 0.66 ms
slot launch_slot_: id  0 | task -1 | sampler chain: logits -> ?penalties -> ?dry -> ?top-n-sigma -> top-k -> ?typical -> ?top-p -> min-p -> ?xtc -> temp-ext -> dist 
slot launch_slot_: id  0 | task 1466 | processing task, is_child = 0
slot update_slots: id  0 | task 1466 | new prompt, n_ctx_slot = 2048, n_keep = 0, task.n_tokens = 94
slot update_slots: id  0 | task 1466 | n_past = 94, slot.prompt.tokens.size() = 221, seq_id = 0, pos_min = 0, n_swa = 512
slot update_slots: id  0 | task 1466 | Checking checkpoint with [0, 89] against 0...
slot update_slots: id  0 | task 1466 | forcing full prompt re-processing due to lack of cache data (likely due to SWA or hybrid/recurrent memory, see https://github.com/ggml-org/llama.cpp/pull/13194#issuecomment-2868343055)
slot update_slots: id  0 | task 1466 | erased invalidated context checkpoint (pos_min = 0, pos_max = 89, n_tokens = 90, n_swa = 512, pos_next = 0, size = 0.688 MiB)
slot update_slots: id  0 | task 1466 | n_tokens = 0, memory_seq_rm [0, end)
slot update_slots: id  0 | task 1466 | prompt processing progress, n_tokens = 90, batch.n_tokens = 90, progress = 0.957447
slot update_slots: id  0 | task 1466 | n_tokens = 90, memory_seq_rm [90, end)
slot init_sampler: id  0 | task 1466 | init sampler, took 0.01 ms, tokens: text = 94, total = 94
slot update_slots: id  0 | task 1466 | prompt processing done, n_tokens = 94, batch.n_tokens = 4
slot update_slots: id  0 | task 1466 | created context checkpoint 1 of 32 (pos_min = 0, pos_max = 89, n_tokens = 90, size = 0.688 MiB)
srv  log_server_r: done request: POST /v1/chat/completions 127.0.0.1 200
reasoning-budget: activated, budget=2147483647 tokens
slot print_timing: id  0 | task 1466 | 
prompt eval time =     699.40 ms /    94 tokens (    7.44 ms per token,   134.40 tokens per second)
       eval time =   12483.46 ms /   128 tokens (   97.53 ms per token,    10.25 tokens per second)
      total time =   13182.86 ms /   222 tokens
slot      release: id  0 | task 1466 | stop processing: n_tokens = 221, truncated = 0
srv  update_slots: all slots are idle
srv  params_from_: Chat format: peg-gemma4
slot get_availabl: id  0 | task -1 | selected slot by LCP similarity, sim_best = 0.138 (> 0.100 thold), f_keep = 0.054
srv  get_availabl: updating prompt cache
srv   prompt_save:  - saving prompt with length 221, total state size = 2.366 MiB
srv          load:  - looking for better prompt, base f_keep = 0.054, sim = 0.138
srv          load:  - found better prompt with f_keep = 0.407, sim = 1.000
srv        update:  - cache state: 8 prompts, 26.105 MiB (limits: 8192.000 MiB, 2048 tokens, 585251 est)
srv        update:    - prompt 0x129d460:     174 tokens, checkpoints:  0,     1.863 MiB
srv        update:    - prompt 0x12a8320:     165 tokens, checkpoints:  0,     1.767 MiB
srv        update:    - prompt 0x7f7b54003ac0:     161 tokens, checkpoints:  0,     1.724 MiB
srv        update:    - prompt 0x1293150:     286 tokens, checkpoints:  1,     4.247 MiB
srv        update:    - prompt 0x129a190:     439 tokens, checkpoints:  1,     7.054 MiB
srv        update:    - prompt 0x12abf80:     381 tokens, checkpoints:  1,     5.990 MiB
srv        update:    - prompt 0x12cf980:      38 tokens, checkpoints:  0,     0.407 MiB
srv        update:    - prompt 0x7f7b28003ac0:     221 tokens, checkpoints:  1,     3.054 MiB
srv  get_availabl: prompt cache update took 1.14 ms
slot launch_slot_: id  0 | task -1 | sampler chain: logits -> ?penalties -> ?dry -> ?top-n-sigma -> top-k -> ?typical -> ?top-p -> min-p -> ?xtc -> temp-ext -> dist 
slot launch_slot_: id  0 | task 1596 | processing task, is_child = 0
slot update_slots: id  0 | task 1596 | new prompt, n_ctx_slot = 2048, n_keep = 0, task.n_tokens = 87
slot update_slots: id  0 | task 1596 | n_past = 87, slot.prompt.tokens.size() = 214, seq_id = 0, pos_min = 0, n_swa = 512
slot update_slots: id  0 | task 1596 | Checking checkpoint with [0, 82] against 0...
slot update_slots: id  0 | task 1596 | forcing full prompt re-processing due to lack of cache data (likely due to SWA or hybrid/recurrent memory, see https://github.com/ggml-org/llama.cpp/pull/13194#issuecomment-2868343055)
slot update_slots: id  0 | task 1596 | erased invalidated context checkpoint (pos_min = 0, pos_max = 82, n_tokens = 83, n_swa = 512, pos_next = 0, size = 0.635 MiB)
slot update_slots: id  0 | task 1596 | n_tokens = 0, memory_seq_rm [0, end)
slot update_slots: id  0 | task 1596 | prompt processing progress, n_tokens = 83, batch.n_tokens = 83, progress = 0.954023
slot update_slots: id  0 | task 1596 | n_tokens = 83, memory_seq_rm [83, end)
slot init_sampler: id  0 | task 1596 | init sampler, took 0.01 ms, tokens: text = 87, total = 87
slot update_slots: id  0 | task 1596 | prompt processing done, n_tokens = 87, batch.n_tokens = 4
slot update_slots: id  0 | task 1596 | created context checkpoint 1 of 32 (pos_min = 0, pos_max = 82, n_tokens = 83, size = 0.635 MiB)
srv  log_server_r: done request: POST /v1/chat/completions 127.0.0.1 200
reasoning-budget: activated, budget=2147483647 tokens
slot print_timing: id  0 | task 1596 | 
prompt eval time =     647.95 ms /    87 tokens (    7.45 ms per token,   134.27 tokens per second)
       eval time =   12446.74 ms /   128 tokens (   97.24 ms per token,    10.28 tokens per second)
      total time =   13094.69 ms /   215 tokens
slot      release: id  0 | task 1596 | stop processing: n_tokens = 214, truncated = 0
srv  update_slots: all slots are idle
srv  params_from_: Chat format: peg-gemma4
slot get_availabl: id  0 | task -1 | selected slot by LRU, t_last = 47128541912
srv  get_availabl: updating prompt cache
srv   prompt_save:  - saving prompt with length 214, total state size = 2.291 MiB
srv          load:  - looking for better prompt, base f_keep = 0.051, sim = 0.069
srv          load:  - found better prompt with f_keep = 0.556, sim = 1.000
srv        update:  - cache state: 8 prompts, 24.784 MiB (limits: 8192.000 MiB, 2048 tokens, 592642 est)
srv        update:    - prompt 0x129d460:     174 tokens, checkpoints:  0,     1.863 MiB
srv        update:    - prompt 0x12a8320:     165 tokens, checkpoints:  0,     1.767 MiB
srv        update:    - prompt 0x7f7b54003ac0:     161 tokens, checkpoints:  0,     1.724 MiB
srv        update:    - prompt 0x129a190:     439 tokens, checkpoints:  1,     7.054 MiB
srv        update:    - prompt 0x12abf80:     381 tokens, checkpoints:  1,     5.990 MiB
srv        update:    - prompt 0x12cf980:      38 tokens, checkpoints:  0,     0.407 MiB
srv        update:    - prompt 0x7f7b28003ac0:     221 tokens, checkpoints:  1,     3.054 MiB
srv        update:    - prompt 0x11da1e0:     214 tokens, checkpoints:  1,     2.926 MiB
srv  get_availabl: prompt cache update took 1.19 ms
slot launch_slot_: id  0 | task -1 | sampler chain: logits -> ?penalties -> ?dry -> ?top-n-sigma -> top-k -> ?typical -> ?top-p -> min-p -> ?xtc -> temp-ext -> dist 
slot launch_slot_: id  0 | task 1726 | processing task, is_child = 0
slot update_slots: id  0 | task 1726 | new prompt, n_ctx_slot = 2048, n_keep = 0, task.n_tokens = 159
slot update_slots: id  0 | task 1726 | n_past = 159, slot.prompt.tokens.size() = 286, seq_id = 0, pos_min = 0, n_swa = 512
slot update_slots: id  0 | task 1726 | Checking checkpoint with [0, 154] against 0...
slot update_slots: id  0 | task 1726 | forcing full prompt re-processing due to lack of cache data (likely due to SWA or hybrid/recurrent memory, see https://github.com/ggml-org/llama.cpp/pull/13194#issuecomment-2868343055)
slot update_slots: id  0 | task 1726 | erased invalidated context checkpoint (pos_min = 0, pos_max = 154, n_tokens = 155, n_swa = 512, pos_next = 0, size = 1.185 MiB)
slot update_slots: id  0 | task 1726 | n_tokens = 0, memory_seq_rm [0, end)
slot update_slots: id  0 | task 1726 | prompt processing progress, n_tokens = 155, batch.n_tokens = 155, progress = 0.974843
slot update_slots: id  0 | task 1726 | n_tokens = 155, memory_seq_rm [155, end)
slot init_sampler: id  0 | task 1726 | init sampler, took 0.02 ms, tokens: text = 159, total = 159
slot update_slots: id  0 | task 1726 | prompt processing done, n_tokens = 159, batch.n_tokens = 4
slot update_slots: id  0 | task 1726 | created context checkpoint 1 of 32 (pos_min = 0, pos_max = 154, n_tokens = 155, size = 1.185 MiB)
srv  log_server_r: done request: POST /v1/chat/completions 127.0.0.1 200
reasoning-budget: activated, budget=2147483647 tokens
slot print_timing: id  0 | task 1726 | 
prompt eval time =    1195.94 ms /   159 tokens (    7.52 ms per token,   132.95 tokens per second)
       eval time =   13395.39 ms /   128 tokens (  104.65 ms per token,     9.56 tokens per second)
      total time =   14591.33 ms /   287 tokens
slot      release: id  0 | task 1726 | stop processing: n_tokens = 286, truncated = 0
srv  update_slots: all slots are idle
srv  params_from_: Chat format: peg-gemma4
slot get_availabl: id  0 | task -1 | selected slot by LRU, t_last = 47143170638
srv  get_availabl: updating prompt cache
srv   prompt_save:  - saving prompt with length 286, total state size = 3.062 MiB
srv          load:  - looking for better prompt, base f_keep = 0.038, sim = 0.035
srv          load:  - found better prompt with f_keep = 0.711, sim = 1.000
srv        update:  - cache state: 8 prompts, 21.978 MiB (limits: 8192.000 MiB, 2048 tokens, 611299 est)
srv        update:    - prompt 0x129d460:     174 tokens, checkpoints:  0,     1.863 MiB
srv        update:    - prompt 0x12a8320:     165 tokens, checkpoints:  0,     1.767 MiB
srv        update:    - prompt 0x7f7b54003ac0:     161 tokens, checkpoints:  0,     1.724 MiB
srv        update:    - prompt 0x12abf80:     381 tokens, checkpoints:  1,     5.990 MiB
srv        update:    - prompt 0x12cf980:      38 tokens, checkpoints:  0,     0.407 MiB
srv        update:    - prompt 0x7f7b28003ac0:     221 tokens, checkpoints:  1,     3.054 MiB
srv        update:    - prompt 0x11da1e0:     214 tokens, checkpoints:  1,     2.926 MiB
srv        update:    - prompt 0x1293150:     286 tokens, checkpoints:  1,     4.247 MiB
srv  get_availabl: prompt cache update took 2.29 ms
slot launch_slot_: id  0 | task -1 | sampler chain: logits -> ?penalties -> ?dry -> ?top-n-sigma -> top-k -> ?typical -> ?top-p -> min-p -> ?xtc -> temp-ext -> dist 
slot launch_slot_: id  0 | task 1856 | processing task, is_child = 0
slot update_slots: id  0 | task 1856 | new prompt, n_ctx_slot = 2048, n_keep = 0, task.n_tokens = 312
slot update_slots: id  0 | task 1856 | n_past = 312, slot.prompt.tokens.size() = 439, seq_id = 0, pos_min = 0, n_swa = 512
slot update_slots: id  0 | task 1856 | Checking checkpoint with [0, 307] against 0...
slot update_slots: id  0 | task 1856 | forcing full prompt re-processing due to lack of cache data (likely due to SWA or hybrid/recurrent memory, see https://github.com/ggml-org/llama.cpp/pull/13194#issuecomment-2868343055)
slot update_slots: id  0 | task 1856 | erased invalidated context checkpoint (pos_min = 0, pos_max = 307, n_tokens = 308, n_swa = 512, pos_next = 0, size = 2.354 MiB)
slot update_slots: id  0 | task 1856 | n_tokens = 0, memory_seq_rm [0, end)
slot update_slots: id  0 | task 1856 | prompt processing progress, n_tokens = 308, batch.n_tokens = 308, progress = 0.987179
slot update_slots: id  0 | task 1856 | n_tokens = 308, memory_seq_rm [308, end)
slot init_sampler: id  0 | task 1856 | init sampler, took 0.04 ms, tokens: text = 312, total = 312
slot update_slots: id  0 | task 1856 | prompt processing done, n_tokens = 312, batch.n_tokens = 4
slot update_slots: id  0 | task 1856 | created context checkpoint 1 of 32 (pos_min = 0, pos_max = 307, n_tokens = 308, size = 2.354 MiB)
srv  log_server_r: done request: POST /v1/chat/completions 127.0.0.1 200
reasoning-budget: activated, budget=2147483647 tokens
slot print_timing: id  0 | task 1856 | 
prompt eval time =    2589.09 ms /   312 tokens (    8.30 ms per token,   120.51 tokens per second)
       eval time =   14570.69 ms /   128 tokens (  113.83 ms per token,     8.78 tokens per second)
      total time =   17159.78 ms /   440 tokens
slot      release: id  0 | task 1856 | stop processing: n_tokens = 439, truncated = 0
srv  update_slots: all slots are idle
srv  params_from_: Chat format: peg-gemma4
slot get_availabl: id  0 | task -1 | selected slot by LRU, t_last = 47160369673
srv  get_availabl: updating prompt cache
srv   prompt_save:  - saving prompt with length 439, total state size = 4.700 MiB
srv          load:  - looking for better prompt, base f_keep = 0.025, sim = 0.043
srv          load:  - found better prompt with f_keep = 0.667, sim = 1.000
srv        update:  - cache state: 8 prompts, 23.042 MiB (limits: 8192.000 MiB, 2048 tokens, 603692 est)
srv        update:    - prompt 0x129d460:     174 tokens, checkpoints:  0,     1.863 MiB
srv        update:    - prompt 0x12a8320:     165 tokens, checkpoints:  0,     1.767 MiB
srv        update:    - prompt 0x7f7b54003ac0:     161 tokens, checkpoints:  0,     1.724 MiB
srv        update:    - prompt 0x12cf980:      38 tokens, checkpoints:  0,     0.407 MiB
srv        update:    - prompt 0x7f7b28003ac0:     221 tokens, checkpoints:  1,     3.054 MiB
srv        update:    - prompt 0x11da1e0:     214 tokens, checkpoints:  1,     2.926 MiB
srv        update:    - prompt 0x1293150:     286 tokens, checkpoints:  1,     4.247 MiB
srv        update:    - prompt 0x129a190:     439 tokens, checkpoints:  1,     7.054 MiB
srv  get_availabl: prompt cache update took 2.08 ms
slot launch_slot_: id  0 | task -1 | sampler chain: logits -> ?penalties -> ?dry -> ?top-n-sigma -> top-k -> ?typical -> ?top-p -> min-p -> ?xtc -> temp-ext -> dist 
slot launch_slot_: id  0 | task 1986 | processing task, is_child = 0
slot update_slots: id  0 | task 1986 | new prompt, n_ctx_slot = 2048, n_keep = 0, task.n_tokens = 254
slot update_slots: id  0 | task 1986 | n_past = 254, slot.prompt.tokens.size() = 381, seq_id = 0, pos_min = 0, n_swa = 512
slot update_slots: id  0 | task 1986 | Checking checkpoint with [0, 249] against 0...
slot update_slots: id  0 | task 1986 | forcing full prompt re-processing due to lack of cache data (likely due to SWA or hybrid/recurrent memory, see https://github.com/ggml-org/llama.cpp/pull/13194#issuecomment-2868343055)
slot update_slots: id  0 | task 1986 | erased invalidated context checkpoint (pos_min = 0, pos_max = 249, n_tokens = 250, n_swa = 512, pos_next = 0, size = 1.911 MiB)
slot update_slots: id  0 | task 1986 | n_tokens = 0, memory_seq_rm [0, end)
slot update_slots: id  0 | task 1986 | prompt processing progress, n_tokens = 250, batch.n_tokens = 250, progress = 0.984252
slot update_slots: id  0 | task 1986 | n_tokens = 250, memory_seq_rm [250, end)
slot init_sampler: id  0 | task 1986 | init sampler, took 0.04 ms, tokens: text = 254, total = 254
slot update_slots: id  0 | task 1986 | prompt processing done, n_tokens = 254, batch.n_tokens = 4
slot update_slots: id  0 | task 1986 | created context checkpoint 1 of 32 (pos_min = 0, pos_max = 249, n_tokens = 250, size = 1.911 MiB)
srv  log_server_r: done request: POST /v1/chat/completions 127.0.0.1 200
reasoning-budget: activated, budget=2147483647 tokens
slot print_timing: id  0 | task 1986 | 
prompt eval time =    2035.58 ms /   254 tokens (    8.01 ms per token,   124.78 tokens per second)
       eval time =   14104.93 ms /   128 tokens (  110.19 ms per token,     9.07 tokens per second)
      total time =   16140.51 ms /   382 tokens
slot      release: id  0 | task 1986 | stop processing: n_tokens = 381, truncated = 0
srv  update_slots: all slots are idle
srv  params_from_: Chat format: peg-gemma4
slot get_availabl: id  0 | task -1 | selected slot by LCP similarity, sim_best = 0.478 (> 0.100 thold), f_keep = 0.029
srv  get_availabl: updating prompt cache
srv   prompt_save:  - saving prompt with length 381, total state size = 4.079 MiB
srv          load:  - looking for better prompt, base f_keep = 0.029, sim = 0.478
srv          load:  - found better prompt with f_keep = 0.605, sim = 1.000
srv        update:  - cache state: 8 prompts, 28.624 MiB (limits: 8192.000 MiB, 2048 tokens, 584126 est)
srv        update:    - prompt 0x129d460:     174 tokens, checkpoints:  0,     1.863 MiB
srv        update:    - prompt 0x12a8320:     165 tokens, checkpoints:  0,     1.767 MiB
srv        update:    - prompt 0x7f7b54003ac0:     161 tokens, checkpoints:  0,     1.724 MiB
srv        update:    - prompt 0x7f7b28003ac0:     221 tokens, checkpoints:  1,     3.054 MiB
srv        update:    - prompt 0x11da1e0:     214 tokens, checkpoints:  1,     2.926 MiB
srv        update:    - prompt 0x1293150:     286 tokens, checkpoints:  1,     4.247 MiB
srv        update:    - prompt 0x129a190:     439 tokens, checkpoints:  1,     7.054 MiB
srv        update:    - prompt 0x12abf80:     381 tokens, checkpoints:  1,     5.990 MiB
srv  get_availabl: prompt cache update took 1.71 ms
slot launch_slot_: id  0 | task -1 | sampler chain: logits -> ?penalties -> ?dry -> ?top-n-sigma -> top-k -> ?typical -> ?top-p -> min-p -> ?xtc -> temp-ext -> dist 
slot launch_slot_: id  0 | task 2116 | processing task, is_child = 0
slot update_slots: id  0 | task 2116 | new prompt, n_ctx_slot = 2048, n_keep = 0, task.n_tokens = 23
slot update_slots: id  0 | task 2116 | n_past = 23, slot.prompt.tokens.size() = 38, seq_id = 0, pos_min = 0, n_swa = 512
slot update_slots: id  0 | task 2116 | forcing full prompt re-processing due to lack of cache data (likely due to SWA or hybrid/recurrent memory, see https://github.com/ggml-org/llama.cpp/pull/13194#issuecomment-2868343055)
slot update_slots: id  0 | task 2116 | n_tokens = 0, memory_seq_rm [0, end)
slot update_slots: id  0 | task 2116 | prompt processing progress, n_tokens = 19, batch.n_tokens = 19, progress = 0.826087
slot update_slots: id  0 | task 2116 | n_tokens = 19, memory_seq_rm [19, end)
slot init_sampler: id  0 | task 2116 | init sampler, took 0.01 ms, tokens: text = 23, total = 23
slot update_slots: id  0 | task 2116 | prompt processing done, n_tokens = 23, batch.n_tokens = 4
srv  log_server_r: done request: POST /v1/chat/completions 127.0.0.1 200
slot print_timing: id  0 | task 2116 | 
prompt eval time =     253.62 ms /    23 tokens (   11.03 ms per token,    90.69 tokens per second)
       eval time =    1408.38 ms /    16 tokens (   88.02 ms per token,    11.36 tokens per second)
      total time =    1662.00 ms /    39 tokens
slot      release: id  0 | task 2116 | stop processing: n_tokens = 38, truncated = 0
srv  update_slots: all slots are idle
srv  params_from_: Chat format: peg-gemma4
slot get_availabl: id  0 | task -1 | selected slot by LCP similarity, sim_best = 0.234 (> 0.100 thold), f_keep = 0.289
srv  get_availabl: updating prompt cache
srv   prompt_save:  - saving prompt with length 38, total state size = 0.407 MiB
srv          load:  - looking for better prompt, base f_keep = 0.289, sim = 0.234
srv        update:  - cache state: 9 prompts, 29.031 MiB (limits: 8192.000 MiB, 2048 tokens, 586653 est)
srv        update:    - prompt 0x129d460:     174 tokens, checkpoints:  0,     1.863 MiB
srv        update:    - prompt 0x12a8320:     165 tokens, checkpoints:  0,     1.767 MiB
srv        update:    - prompt 0x7f7b54003ac0:     161 tokens, checkpoints:  0,     1.724 MiB
srv        update:    - prompt 0x7f7b28003ac0:     221 tokens, checkpoints:  1,     3.054 MiB
srv        update:    - prompt 0x11da1e0:     214 tokens, checkpoints:  1,     2.926 MiB
srv        update:    - prompt 0x1293150:     286 tokens, checkpoints:  1,     4.247 MiB
srv        update:    - prompt 0x129a190:     439 tokens, checkpoints:  1,     7.054 MiB
srv        update:    - prompt 0x12abf80:     381 tokens, checkpoints:  1,     5.990 MiB
srv        update:    - prompt 0x126b360:      38 tokens, checkpoints:  0,     0.407 MiB
srv  get_availabl: prompt cache update took 0.16 ms
slot launch_slot_: id  0 | task -1 | sampler chain: logits -> ?penalties -> ?dry -> ?top-n-sigma -> top-k -> ?typical -> ?top-p -> min-p -> ?xtc -> temp-ext -> dist 
slot launch_slot_: id  0 | task 2134 | processing task, is_child = 0
slot update_slots: id  0 | task 2134 | new prompt, n_ctx_slot = 2048, n_keep = 0, task.n_tokens = 47
slot update_slots: id  0 | task 2134 | n_past = 11, slot.prompt.tokens.size() = 38, seq_id = 0, pos_min = 0, n_swa = 512
slot update_slots: id  0 | task 2134 | forcing full prompt re-processing due to lack of cache data (likely due to SWA or hybrid/recurrent memory, see https://github.com/ggml-org/llama.cpp/pull/13194#issuecomment-2868343055)
slot update_slots: id  0 | task 2134 | n_tokens = 0, memory_seq_rm [0, end)
slot update_slots: id  0 | task 2134 | prompt processing progress, n_tokens = 43, batch.n_tokens = 43, progress = 0.914894
slot update_slots: id  0 | task 2134 | n_tokens = 43, memory_seq_rm [43, end)
slot init_sampler: id  0 | task 2134 | init sampler, took 0.01 ms, tokens: text = 47, total = 47
slot update_slots: id  0 | task 2134 | prompt processing done, n_tokens = 47, batch.n_tokens = 4
srv  log_server_r: done request: POST /v1/chat/completions 127.0.0.1 200
reasoning-budget: activated, budget=2147483647 tokens
slot print_timing: id  0 | task 2134 | 
prompt eval time =     413.68 ms /    47 tokens (    8.80 ms per token,   113.62 tokens per second)
       eval time =   12400.84 ms /   128 tokens (   96.88 ms per token,    10.32 tokens per second)
      total time =   12814.52 ms /   175 tokens
slot      release: id  0 | task 2134 | stop processing: n_tokens = 174, truncated = 0
srv  update_slots: all slots are idle
srv  params_from_: Chat format: peg-gemma4
slot get_availabl: id  0 | task -1 | selected slot by LCP similarity, sim_best = 0.289 (> 0.100 thold), f_keep = 0.063
srv  get_availabl: updating prompt cache
srv   prompt_save:  - saving prompt with length 174, total state size = 1.863 MiB
srv         alloc:  - prompt is already in the cache, skipping
srv          load:  - looking for better prompt, base f_keep = 0.063, sim = 0.289
srv        update:  - cache state: 9 prompts, 29.031 MiB (limits: 8192.000 MiB, 2048 tokens, 586653 est)
srv        update:    - prompt 0x129d460:     174 tokens, checkpoints:  0,     1.863 MiB
srv        update:    - prompt 0x12a8320:     165 tokens, checkpoints:  0,     1.767 MiB
srv        update:    - prompt 0x7f7b54003ac0:     161 tokens, checkpoints:  0,     1.724 MiB
srv        update:    - prompt 0x7f7b28003ac0:     221 tokens, checkpoints:  1,     3.054 MiB
srv        update:    - prompt 0x11da1e0:     214 tokens, checkpoints:  1,     2.926 MiB
srv        update:    - prompt 0x1293150:     286 tokens, checkpoints:  1,     4.247 MiB
srv        update:    - prompt 0x129a190:     439 tokens, checkpoints:  1,     7.054 MiB
srv        update:    - prompt 0x12abf80:     381 tokens, checkpoints:  1,     5.990 MiB
srv        update:    - prompt 0x126b360:      38 tokens, checkpoints:  0,     0.407 MiB
srv  get_availabl: prompt cache update took 0.11 ms
slot launch_slot_: id  0 | task -1 | sampler chain: logits -> ?penalties -> ?dry -> ?top-n-sigma -> top-k -> ?typical -> ?top-p -> min-p -> ?xtc -> temp-ext -> dist 
slot launch_slot_: id  0 | task 2264 | processing task, is_child = 0
slot update_slots: id  0 | task 2264 | new prompt, n_ctx_slot = 2048, n_keep = 0, task.n_tokens = 38
slot update_slots: id  0 | task 2264 | n_past = 11, slot.prompt.tokens.size() = 174, seq_id = 0, pos_min = 0, n_swa = 512
slot update_slots: id  0 | task 2264 | forcing full prompt re-processing due to lack of cache data (likely due to SWA or hybrid/recurrent memory, see https://github.com/ggml-org/llama.cpp/pull/13194#issuecomment-2868343055)
slot update_slots: id  0 | task 2264 | n_tokens = 0, memory_seq_rm [0, end)
slot update_slots: id  0 | task 2264 | prompt processing progress, n_tokens = 34, batch.n_tokens = 34, progress = 0.894737
slot update_slots: id  0 | task 2264 | n_tokens = 34, memory_seq_rm [34, end)
slot init_sampler: id  0 | task 2264 | init sampler, took 0.01 ms, tokens: text = 38, total = 38
slot update_slots: id  0 | task 2264 | prompt processing done, n_tokens = 38, batch.n_tokens = 4
srv  log_server_r: done request: POST /v1/chat/completions 127.0.0.1 200
reasoning-budget: activated, budget=2147483647 tokens
slot print_timing: id  0 | task 2264 | 
prompt eval time =     340.50 ms /    38 tokens (    8.96 ms per token,   111.60 tokens per second)
       eval time =   12305.04 ms /   128 tokens (   96.13 ms per token,    10.40 tokens per second)
      total time =   12645.54 ms /   166 tokens
slot      release: id  0 | task 2264 | stop processing: n_tokens = 165, truncated = 0
srv  update_slots: all slots are idle
srv  params_from_: Chat format: peg-gemma4
slot get_availabl: id  0 | task -1 | selected slot by LCP similarity, sim_best = 0.324 (> 0.100 thold), f_keep = 0.067
srv  get_availabl: updating prompt cache
srv   prompt_save:  - saving prompt with length 165, total state size = 1.767 MiB
srv         alloc:  - prompt is already in the cache, skipping
srv          load:  - looking for better prompt, base f_keep = 0.067, sim = 0.324
srv        update:  - cache state: 9 prompts, 29.031 MiB (limits: 8192.000 MiB, 2048 tokens, 586653 est)
srv        update:    - prompt 0x129d460:     174 tokens, checkpoints:  0,     1.863 MiB
srv        update:    - prompt 0x12a8320:     165 tokens, checkpoints:  0,     1.767 MiB
srv        update:    - prompt 0x7f7b54003ac0:     161 tokens, checkpoints:  0,     1.724 MiB
srv        update:    - prompt 0x7f7b28003ac0:     221 tokens, checkpoints:  1,     3.054 MiB
srv        update:    - prompt 0x11da1e0:     214 tokens, checkpoints:  1,     2.926 MiB
srv        update:    - prompt 0x1293150:     286 tokens, checkpoints:  1,     4.247 MiB
srv        update:    - prompt 0x129a190:     439 tokens, checkpoints:  1,     7.054 MiB
srv        update:    - prompt 0x12abf80:     381 tokens, checkpoints:  1,     5.990 MiB
srv        update:    - prompt 0x126b360:      38 tokens, checkpoints:  0,     0.407 MiB
srv  get_availabl: prompt cache update took 0.05 ms
slot launch_slot_: id  0 | task -1 | sampler chain: logits -> ?penalties -> ?dry -> ?top-n-sigma -> top-k -> ?typical -> ?top-p -> min-p -> ?xtc -> temp-ext -> dist 
slot launch_slot_: id  0 | task 2394 | processing task, is_child = 0
slot update_slots: id  0 | task 2394 | new prompt, n_ctx_slot = 2048, n_keep = 0, task.n_tokens = 34
slot update_slots: id  0 | task 2394 | n_past = 11, slot.prompt.tokens.size() = 165, seq_id = 0, pos_min = 0, n_swa = 512
slot update_slots: id  0 | task 2394 | forcing full prompt re-processing due to lack of cache data (likely due to SWA or hybrid/recurrent memory, see https://github.com/ggml-org/llama.cpp/pull/13194#issuecomment-2868343055)
slot update_slots: id  0 | task 2394 | n_tokens = 0, memory_seq_rm [0, end)
slot update_slots: id  0 | task 2394 | prompt processing progress, n_tokens = 30, batch.n_tokens = 30, progress = 0.882353
slot update_slots: id  0 | task 2394 | n_tokens = 30, memory_seq_rm [30, end)
slot init_sampler: id  0 | task 2394 | init sampler, took 0.01 ms, tokens: text = 34, total = 34
slot update_slots: id  0 | task 2394 | prompt processing done, n_tokens = 34, batch.n_tokens = 4
srv  log_server_r: done request: POST /v1/chat/completions 127.0.0.1 200
reasoning-budget: activated, budget=2147483647 tokens
slot print_timing: id  0 | task 2394 | 
prompt eval time =     309.36 ms /    34 tokens (    9.10 ms per token,   109.90 tokens per second)
       eval time =   12270.94 ms /   128 tokens (   95.87 ms per token,    10.43 tokens per second)
      total time =   12580.30 ms /   162 tokens
slot      release: id  0 | task 2394 | stop processing: n_tokens = 161, truncated = 0
srv  update_slots: all slots are idle
srv  params_from_: Chat format: peg-gemma4
slot get_availabl: id  0 | task -1 | selected slot by LCP similarity, sim_best = 0.117 (> 0.100 thold), f_keep = 0.068
srv  get_availabl: updating prompt cache
srv   prompt_save:  - saving prompt with length 161, total state size = 1.724 MiB
srv         alloc:  - prompt is already in the cache, skipping
srv          load:  - looking for better prompt, base f_keep = 0.068, sim = 0.117
srv          load:  - found better prompt with f_keep = 0.425, sim = 1.000
srv        update:  - cache state: 8 prompts, 25.977 MiB (limits: 8192.000 MiB, 2048 tokens, 585937 est)
srv        update:    - prompt 0x129d460:     174 tokens, checkpoints:  0,     1.863 MiB
srv        update:    - prompt 0x12a8320:     165 tokens, checkpoints:  0,     1.767 MiB
srv        update:    - prompt 0x7f7b54003ac0:     161 tokens, checkpoints:  0,     1.724 MiB
srv        update:    - prompt 0x11da1e0:     214 tokens, checkpoints:  1,     2.926 MiB
srv        update:    - prompt 0x1293150:     286 tokens, checkpoints:  1,     4.247 MiB
srv        update:    - prompt 0x129a190:     439 tokens, checkpoints:  1,     7.054 MiB
srv        update:    - prompt 0x12abf80:     381 tokens, checkpoints:  1,     5.990 MiB
srv        update:    - prompt 0x126b360:      38 tokens, checkpoints:  0,     0.407 MiB
srv  get_availabl: prompt cache update took 0.79 ms
slot launch_slot_: id  0 | task -1 | sampler chain: logits -> ?penalties -> ?dry -> ?top-n-sigma -> top-k -> ?typical -> ?top-p -> min-p -> ?xtc -> temp-ext -> dist 
slot launch_slot_: id  0 | task 2524 | processing task, is_child = 0
slot update_slots: id  0 | task 2524 | new prompt, n_ctx_slot = 2048, n_keep = 0, task.n_tokens = 94
slot update_slots: id  0 | task 2524 | n_past = 94, slot.prompt.tokens.size() = 221, seq_id = 0, pos_min = 0, n_swa = 512
slot update_slots: id  0 | task 2524 | Checking checkpoint with [0, 89] against 0...
slot update_slots: id  0 | task 2524 | forcing full prompt re-processing due to lack of cache data (likely due to SWA or hybrid/recurrent memory, see https://github.com/ggml-org/llama.cpp/pull/13194#issuecomment-2868343055)
slot update_slots: id  0 | task 2524 | erased invalidated context checkpoint (pos_min = 0, pos_max = 89, n_tokens = 90, n_swa = 512, pos_next = 0, size = 0.688 MiB)
slot update_slots: id  0 | task 2524 | n_tokens = 0, memory_seq_rm [0, end)
slot update_slots: id  0 | task 2524 | prompt processing progress, n_tokens = 90, batch.n_tokens = 90, progress = 0.957447
slot update_slots: id  0 | task 2524 | n_tokens = 90, memory_seq_rm [90, end)
slot init_sampler: id  0 | task 2524 | init sampler, took 0.01 ms, tokens: text = 94, total = 94
slot update_slots: id  0 | task 2524 | prompt processing done, n_tokens = 94, batch.n_tokens = 4
slot update_slots: id  0 | task 2524 | created context checkpoint 1 of 32 (pos_min = 0, pos_max = 89, n_tokens = 90, size = 0.688 MiB)
srv  log_server_r: done request: POST /v1/chat/completions 127.0.0.1 200
reasoning-budget: activated, budget=2147483647 tokens
slot print_timing: id  0 | task 2524 | 
prompt eval time =     692.79 ms /    94 tokens (    7.37 ms per token,   135.68 tokens per second)
       eval time =   12541.12 ms /   128 tokens (   97.98 ms per token,    10.21 tokens per second)
      total time =   13233.91 ms /   222 tokens
slot      release: id  0 | task 2524 | stop processing: n_tokens = 221, truncated = 0
srv  update_slots: all slots are idle
srv  params_from_: Chat format: peg-gemma4
slot get_availabl: id  0 | task -1 | selected slot by LCP similarity, sim_best = 0.138 (> 0.100 thold), f_keep = 0.054
srv  get_availabl: updating prompt cache
srv   prompt_save:  - saving prompt with length 221, total state size = 2.366 MiB
srv          load:  - looking for better prompt, base f_keep = 0.054, sim = 0.138
srv          load:  - found better prompt with f_keep = 0.407, sim = 1.000
srv        update:  - cache state: 8 prompts, 26.105 MiB (limits: 8192.000 MiB, 2048 tokens, 585251 est)
srv        update:    - prompt 0x129d460:     174 tokens, checkpoints:  0,     1.863 MiB
srv        update:    - prompt 0x12a8320:     165 tokens, checkpoints:  0,     1.767 MiB
srv        update:    - prompt 0x7f7b54003ac0:     161 tokens, checkpoints:  0,     1.724 MiB
srv        update:    - prompt 0x1293150:     286 tokens, checkpoints:  1,     4.247 MiB
srv        update:    - prompt 0x129a190:     439 tokens, checkpoints:  1,     7.054 MiB
srv        update:    - prompt 0x12abf80:     381 tokens, checkpoints:  1,     5.990 MiB
srv        update:    - prompt 0x126b360:      38 tokens, checkpoints:  0,     0.407 MiB
srv        update:    - prompt 0x7f7b0c003ac0:     221 tokens, checkpoints:  1,     3.054 MiB
srv  get_availabl: prompt cache update took 1.09 ms
slot launch_slot_: id  0 | task -1 | sampler chain: logits -> ?penalties -> ?dry -> ?top-n-sigma -> top-k -> ?typical -> ?top-p -> min-p -> ?xtc -> temp-ext -> dist 
slot launch_slot_: id  0 | task 2654 | processing task, is_child = 0
slot update_slots: id  0 | task 2654 | new prompt, n_ctx_slot = 2048, n_keep = 0, task.n_tokens = 87
slot update_slots: id  0 | task 2654 | n_past = 87, slot.prompt.tokens.size() = 214, seq_id = 0, pos_min = 0, n_swa = 512
slot update_slots: id  0 | task 2654 | Checking checkpoint with [0, 82] against 0...
slot update_slots: id  0 | task 2654 | forcing full prompt re-processing due to lack of cache data (likely due to SWA or hybrid/recurrent memory, see https://github.com/ggml-org/llama.cpp/pull/13194#issuecomment-2868343055)
slot update_slots: id  0 | task 2654 | erased invalidated context checkpoint (pos_min = 0, pos_max = 82, n_tokens = 83, n_swa = 512, pos_next = 0, size = 0.635 MiB)
slot update_slots: id  0 | task 2654 | n_tokens = 0, memory_seq_rm [0, end)
slot update_slots: id  0 | task 2654 | prompt processing progress, n_tokens = 83, batch.n_tokens = 83, progress = 0.954023
slot update_slots: id  0 | task 2654 | n_tokens = 83, memory_seq_rm [83, end)
slot init_sampler: id  0 | task 2654 | init sampler, took 0.01 ms, tokens: text = 87, total = 87
slot update_slots: id  0 | task 2654 | prompt processing done, n_tokens = 87, batch.n_tokens = 4
slot update_slots: id  0 | task 2654 | created context checkpoint 1 of 32 (pos_min = 0, pos_max = 82, n_tokens = 83, size = 0.635 MiB)
srv  log_server_r: done request: POST /v1/chat/completions 127.0.0.1 200
reasoning-budget: activated, budget=2147483647 tokens
slot print_timing: id  0 | task 2654 | 
prompt eval time =     623.86 ms /    87 tokens (    7.17 ms per token,   139.46 tokens per second)
       eval time =   12646.53 ms /   128 tokens (   98.80 ms per token,    10.12 tokens per second)
      total time =   13270.39 ms /   215 tokens
slot      release: id  0 | task 2654 | stop processing: n_tokens = 214, truncated = 0
srv  update_slots: all slots are idle
srv  params_from_: Chat format: peg-gemma4
slot get_availabl: id  0 | task -1 | selected slot by LRU, t_last = 47242971182
srv  get_availabl: updating prompt cache
srv   prompt_save:  - saving prompt with length 214, total state size = 2.291 MiB
srv          load:  - looking for better prompt, base f_keep = 0.051, sim = 0.069
srv          load:  - found better prompt with f_keep = 0.556, sim = 1.000
srv        update:  - cache state: 8 prompts, 24.784 MiB (limits: 8192.000 MiB, 2048 tokens, 592642 est)
srv        update:    - prompt 0x129d460:     174 tokens, checkpoints:  0,     1.863 MiB
srv        update:    - prompt 0x12a8320:     165 tokens, checkpoints:  0,     1.767 MiB
srv        update:    - prompt 0x7f7b54003ac0:     161 tokens, checkpoints:  0,     1.724 MiB
srv        update:    - prompt 0x129a190:     439 tokens, checkpoints:  1,     7.054 MiB
srv        update:    - prompt 0x12abf80:     381 tokens, checkpoints:  1,     5.990 MiB
srv        update:    - prompt 0x126b360:      38 tokens, checkpoints:  0,     0.407 MiB
srv        update:    - prompt 0x7f7b0c003ac0:     221 tokens, checkpoints:  1,     3.054 MiB
srv        update:    - prompt 0x11da1e0:     214 tokens, checkpoints:  1,     2.926 MiB
srv  get_availabl: prompt cache update took 1.55 ms
slot launch_slot_: id  0 | task -1 | sampler chain: logits -> ?penalties -> ?dry -> ?top-n-sigma -> top-k -> ?typical -> ?top-p -> min-p -> ?xtc -> temp-ext -> dist 
slot launch_slot_: id  0 | task 2784 | processing task, is_child = 0
slot update_slots: id  0 | task 2784 | new prompt, n_ctx_slot = 2048, n_keep = 0, task.n_tokens = 159
slot update_slots: id  0 | task 2784 | n_past = 159, slot.prompt.tokens.size() = 286, seq_id = 0, pos_min = 0, n_swa = 512
slot update_slots: id  0 | task 2784 | Checking checkpoint with [0, 154] against 0...
slot update_slots: id  0 | task 2784 | forcing full prompt re-processing due to lack of cache data (likely due to SWA or hybrid/recurrent memory, see https://github.com/ggml-org/llama.cpp/pull/13194#issuecomment-2868343055)
slot update_slots: id  0 | task 2784 | erased invalidated context checkpoint (pos_min = 0, pos_max = 154, n_tokens = 155, n_swa = 512, pos_next = 0, size = 1.185 MiB)
slot update_slots: id  0 | task 2784 | n_tokens = 0, memory_seq_rm [0, end)
slot update_slots: id  0 | task 2784 | prompt processing progress, n_tokens = 155, batch.n_tokens = 155, progress = 0.974843
slot update_slots: id  0 | task 2784 | n_tokens = 155, memory_seq_rm [155, end)
slot init_sampler: id  0 | task 2784 | init sampler, took 0.02 ms, tokens: text = 159, total = 159
slot update_slots: id  0 | task 2784 | prompt processing done, n_tokens = 159, batch.n_tokens = 4
slot update_slots: id  0 | task 2784 | created context checkpoint 1 of 32 (pos_min = 0, pos_max = 154, n_tokens = 155, size = 1.185 MiB)
srv  log_server_r: done request: POST /v1/chat/completions 127.0.0.1 200
reasoning-budget: activated, budget=2147483647 tokens
slot print_timing: id  0 | task 2784 | 
prompt eval time =    1166.92 ms /   159 tokens (    7.34 ms per token,   136.26 tokens per second)
       eval time =   13555.36 ms /   128 tokens (  105.90 ms per token,     9.44 tokens per second)
      total time =   14722.28 ms /   287 tokens
slot      release: id  0 | task 2784 | stop processing: n_tokens = 286, truncated = 0
srv  update_slots: all slots are idle
srv  params_from_: Chat format: peg-gemma4
slot get_availabl: id  0 | task -1 | selected slot by LRU, t_last = 47257731232
srv  get_availabl: updating prompt cache
srv   prompt_save:  - saving prompt with length 286, total state size = 3.062 MiB
srv          load:  - looking for better prompt, base f_keep = 0.038, sim = 0.035
srv          load:  - found better prompt with f_keep = 0.711, sim = 1.000
srv        update:  - cache state: 8 prompts, 21.978 MiB (limits: 8192.000 MiB, 2048 tokens, 611299 est)
srv        update:    - prompt 0x129d460:     174 tokens, checkpoints:  0,     1.863 MiB
srv        update:    - prompt 0x12a8320:     165 tokens, checkpoints:  0,     1.767 MiB
srv        update:    - prompt 0x7f7b54003ac0:     161 tokens, checkpoints:  0,     1.724 MiB
srv        update:    - prompt 0x12abf80:     381 tokens, checkpoints:  1,     5.990 MiB
srv        update:    - prompt 0x126b360:      38 tokens, checkpoints:  0,     0.407 MiB
srv        update:    - prompt 0x7f7b0c003ac0:     221 tokens, checkpoints:  1,     3.054 MiB
srv        update:    - prompt 0x11da1e0:     214 tokens, checkpoints:  1,     2.926 MiB
srv        update:    - prompt 0x1293150:     286 tokens, checkpoints:  1,     4.247 MiB
srv  get_availabl: prompt cache update took 2.27 ms
slot launch_slot_: id  0 | task -1 | sampler chain: logits -> ?penalties -> ?dry -> ?top-n-sigma -> top-k -> ?typical -> ?top-p -> min-p -> ?xtc -> temp-ext -> dist 
slot launch_slot_: id  0 | task 2914 | processing task, is_child = 0
slot update_slots: id  0 | task 2914 | new prompt, n_ctx_slot = 2048, n_keep = 0, task.n_tokens = 312
slot update_slots: id  0 | task 2914 | n_past = 312, slot.prompt.tokens.size() = 439, seq_id = 0, pos_min = 0, n_swa = 512
slot update_slots: id  0 | task 2914 | Checking checkpoint with [0, 307] against 0...
slot update_slots: id  0 | task 2914 | forcing full prompt re-processing due to lack of cache data (likely due to SWA or hybrid/recurrent memory, see https://github.com/ggml-org/llama.cpp/pull/13194#issuecomment-2868343055)
slot update_slots: id  0 | task 2914 | erased invalidated context checkpoint (pos_min = 0, pos_max = 307, n_tokens = 308, n_swa = 512, pos_next = 0, size = 2.354 MiB)
slot update_slots: id  0 | task 2914 | n_tokens = 0, memory_seq_rm [0, end)
slot update_slots: id  0 | task 2914 | prompt processing progress, n_tokens = 308, batch.n_tokens = 308, progress = 0.987179
slot update_slots: id  0 | task 2914 | n_tokens = 308, memory_seq_rm [308, end)
slot init_sampler: id  0 | task 2914 | init sampler, took 0.04 ms, tokens: text = 312, total = 312
slot update_slots: id  0 | task 2914 | prompt processing done, n_tokens = 312, batch.n_tokens = 4
slot update_slots: id  0 | task 2914 | created context checkpoint 1 of 32 (pos_min = 0, pos_max = 307, n_tokens = 308, size = 2.354 MiB)
srv  log_server_r: done request: POST /v1/chat/completions 127.0.0.1 200
reasoning-budget: activated, budget=2147483647 tokens
slot print_timing: id  0 | task 2914 | 
prompt eval time =    2556.06 ms /   312 tokens (    8.19 ms per token,   122.06 tokens per second)
       eval time =   14544.42 ms /   128 tokens (  113.63 ms per token,     8.80 tokens per second)
      total time =   17100.47 ms /   440 tokens
slot      release: id  0 | task 2914 | stop processing: n_tokens = 439, truncated = 0
srv  update_slots: all slots are idle
srv  params_from_: Chat format: peg-gemma4
slot get_availabl: id  0 | task -1 | selected slot by LRU, t_last = 47274870987
srv  get_availabl: updating prompt cache
srv   prompt_save:  - saving prompt with length 439, total state size = 4.700 MiB
srv          load:  - looking for better prompt, base f_keep = 0.025, sim = 0.043
srv          load:  - found better prompt with f_keep = 0.667, sim = 1.000
srv        update:  - cache state: 8 prompts, 23.042 MiB (limits: 8192.000 MiB, 2048 tokens, 603692 est)
srv        update:    - prompt 0x129d460:     174 tokens, checkpoints:  0,     1.863 MiB
srv        update:    - prompt 0x12a8320:     165 tokens, checkpoints:  0,     1.767 MiB
srv        update:    - prompt 0x7f7b54003ac0:     161 tokens, checkpoints:  0,     1.724 MiB
srv        update:    - prompt 0x126b360:      38 tokens, checkpoints:  0,     0.407 MiB
srv        update:    - prompt 0x7f7b0c003ac0:     221 tokens, checkpoints:  1,     3.054 MiB
srv        update:    - prompt 0x11da1e0:     214 tokens, checkpoints:  1,     2.926 MiB
srv        update:    - prompt 0x1293150:     286 tokens, checkpoints:  1,     4.247 MiB
srv        update:    - prompt 0x129a190:     439 tokens, checkpoints:  1,     7.054 MiB
srv  get_availabl: prompt cache update took 2.96 ms
slot launch_slot_: id  0 | task -1 | sampler chain: logits -> ?penalties -> ?dry -> ?top-n-sigma -> top-k -> ?typical -> ?top-p -> min-p -> ?xtc -> temp-ext -> dist 
slot launch_slot_: id  0 | task 3044 | processing task, is_child = 0
slot update_slots: id  0 | task 3044 | new prompt, n_ctx_slot = 2048, n_keep = 0, task.n_tokens = 254
slot update_slots: id  0 | task 3044 | n_past = 254, slot.prompt.tokens.size() = 381, seq_id = 0, pos_min = 0, n_swa = 512
slot update_slots: id  0 | task 3044 | Checking checkpoint with [0, 249] against 0...
slot update_slots: id  0 | task 3044 | forcing full prompt re-processing due to lack of cache data (likely due to SWA or hybrid/recurrent memory, see https://github.com/ggml-org/llama.cpp/pull/13194#issuecomment-2868343055)
slot update_slots: id  0 | task 3044 | erased invalidated context checkpoint (pos_min = 0, pos_max = 249, n_tokens = 250, n_swa = 512, pos_next = 0, size = 1.911 MiB)
slot update_slots: id  0 | task 3044 | n_tokens = 0, memory_seq_rm [0, end)
slot update_slots: id  0 | task 3044 | prompt processing progress, n_tokens = 250, batch.n_tokens = 250, progress = 0.984252
slot update_slots: id  0 | task 3044 | n_tokens = 250, memory_seq_rm [250, end)
slot init_sampler: id  0 | task 3044 | init sampler, took 0.04 ms, tokens: text = 254, total = 254
slot update_slots: id  0 | task 3044 | prompt processing done, n_tokens = 254, batch.n_tokens = 4
slot update_slots: id  0 | task 3044 | created context checkpoint 1 of 32 (pos_min = 0, pos_max = 249, n_tokens = 250, size = 1.911 MiB)
srv  log_server_r: done request: POST /v1/chat/completions 127.0.0.1 200
reasoning-budget: activated, budget=2147483647 tokens
slot print_timing: id  0 | task 3044 | 
prompt eval time =    1998.29 ms /   254 tokens (    7.87 ms per token,   127.11 tokens per second)
       eval time =   14177.80 ms /   128 tokens (  110.76 ms per token,     9.03 tokens per second)
      total time =   16176.09 ms /   382 tokens
slot      release: id  0 | task 3044 | stop processing: n_tokens = 381, truncated = 0
srv  update_slots: all slots are idle
srv  params_from_: Chat format: peg-gemma4
slot get_availabl: id  0 | task -1 | selected slot by LCP similarity, sim_best = 0.478 (> 0.100 thold), f_keep = 0.029
srv  get_availabl: updating prompt cache
srv   prompt_save:  - saving prompt with length 381, total state size = 4.079 MiB
srv          load:  - looking for better prompt, base f_keep = 0.029, sim = 0.478
srv          load:  - found better prompt with f_keep = 0.605, sim = 1.000
srv        update:  - cache state: 8 prompts, 28.624 MiB (limits: 8192.000 MiB, 2048 tokens, 584126 est)
srv        update:    - prompt 0x129d460:     174 tokens, checkpoints:  0,     1.863 MiB
srv        update:    - prompt 0x12a8320:     165 tokens, checkpoints:  0,     1.767 MiB
srv        update:    - prompt 0x7f7b54003ac0:     161 tokens, checkpoints:  0,     1.724 MiB
srv        update:    - prompt 0x7f7b0c003ac0:     221 tokens, checkpoints:  1,     3.054 MiB
srv        update:    - prompt 0x11da1e0:     214 tokens, checkpoints:  1,     2.926 MiB
srv        update:    - prompt 0x1293150:     286 tokens, checkpoints:  1,     4.247 MiB
srv        update:    - prompt 0x129a190:     439 tokens, checkpoints:  1,     7.054 MiB
srv        update:    - prompt 0x12abf80:     381 tokens, checkpoints:  1,     5.990 MiB
srv  get_availabl: prompt cache update took 2.04 ms
slot launch_slot_: id  0 | task -1 | sampler chain: logits -> ?penalties -> ?dry -> ?top-n-sigma -> top-k -> ?typical -> ?top-p -> min-p -> ?xtc -> temp-ext -> dist 
slot launch_slot_: id  0 | task 3174 | processing task, is_child = 0
slot update_slots: id  0 | task 3174 | new prompt, n_ctx_slot = 2048, n_keep = 0, task.n_tokens = 23
slot update_slots: id  0 | task 3174 | n_past = 23, slot.prompt.tokens.size() = 38, seq_id = 0, pos_min = 0, n_swa = 512
slot update_slots: id  0 | task 3174 | forcing full prompt re-processing due to lack of cache data (likely due to SWA or hybrid/recurrent memory, see https://github.com/ggml-org/llama.cpp/pull/13194#issuecomment-2868343055)
slot update_slots: id  0 | task 3174 | n_tokens = 0, memory_seq_rm [0, end)
slot update_slots: id  0 | task 3174 | prompt processing progress, n_tokens = 19, batch.n_tokens = 19, progress = 0.826087
slot update_slots: id  0 | task 3174 | n_tokens = 19, memory_seq_rm [19, end)
slot init_sampler: id  0 | task 3174 | init sampler, took 0.01 ms, tokens: text = 23, total = 23
slot update_slots: id  0 | task 3174 | prompt processing done, n_tokens = 23, batch.n_tokens = 4
srv  log_server_r: done request: POST /v1/chat/completions 127.0.0.1 200
slot print_timing: id  0 | task 3174 | 
prompt eval time =     256.29 ms /    23 tokens (   11.14 ms per token,    89.74 tokens per second)
       eval time =    1431.58 ms /    16 tokens (   89.47 ms per token,    11.18 tokens per second)
      total time =    1687.87 ms /    39 tokens
slot      release: id  0 | task 3174 | stop processing: n_tokens = 38, truncated = 0
srv  update_slots: all slots are idle
srv  params_from_: Chat format: peg-gemma4
slot get_availabl: id  0 | task -1 | selected slot by LCP similarity, sim_best = 0.234 (> 0.100 thold), f_keep = 0.289
srv  get_availabl: updating prompt cache
srv   prompt_save:  - saving prompt with length 38, total state size = 0.407 MiB
srv          load:  - looking for better prompt, base f_keep = 0.289, sim = 0.234
srv        update:  - cache state: 9 prompts, 29.031 MiB (limits: 8192.000 MiB, 2048 tokens, 586653 est)
srv        update:    - prompt 0x129d460:     174 tokens, checkpoints:  0,     1.863 MiB
srv        update:    - prompt 0x12a8320:     165 tokens, checkpoints:  0,     1.767 MiB
srv        update:    - prompt 0x7f7b54003ac0:     161 tokens, checkpoints:  0,     1.724 MiB
srv        update:    - prompt 0x7f7b0c003ac0:     221 tokens, checkpoints:  1,     3.054 MiB
srv        update:    - prompt 0x11da1e0:     214 tokens, checkpoints:  1,     2.926 MiB
srv        update:    - prompt 0x1293150:     286 tokens, checkpoints:  1,     4.247 MiB
srv        update:    - prompt 0x129a190:     439 tokens, checkpoints:  1,     7.054 MiB
srv        update:    - prompt 0x12abf80:     381 tokens, checkpoints:  1,     5.990 MiB
srv        update:    - prompt 0x1271140:      38 tokens, checkpoints:  0,     0.407 MiB
srv  get_availabl: prompt cache update took 0.16 ms
slot launch_slot_: id  0 | task -1 | sampler chain: logits -> ?penalties -> ?dry -> ?top-n-sigma -> top-k -> ?typical -> ?top-p -> min-p -> ?xtc -> temp-ext -> dist 
slot launch_slot_: id  0 | task 3192 | processing task, is_child = 0
slot update_slots: id  0 | task 3192 | new prompt, n_ctx_slot = 2048, n_keep = 0, task.n_tokens = 47
slot update_slots: id  0 | task 3192 | n_past = 11, slot.prompt.tokens.size() = 38, seq_id = 0, pos_min = 0, n_swa = 512
slot update_slots: id  0 | task 3192 | forcing full prompt re-processing due to lack of cache data (likely due to SWA or hybrid/recurrent memory, see https://github.com/ggml-org/llama.cpp/pull/13194#issuecomment-2868343055)
slot update_slots: id  0 | task 3192 | n_tokens = 0, memory_seq_rm [0, end)
slot update_slots: id  0 | task 3192 | prompt processing progress, n_tokens = 43, batch.n_tokens = 43, progress = 0.914894
slot update_slots: id  0 | task 3192 | n_tokens = 43, memory_seq_rm [43, end)
slot init_sampler: id  0 | task 3192 | init sampler, took 0.01 ms, tokens: text = 47, total = 47
slot update_slots: id  0 | task 3192 | prompt processing done, n_tokens = 47, batch.n_tokens = 4
srv  log_server_r: done request: POST /v1/chat/completions 127.0.0.1 200
reasoning-budget: activated, budget=2147483647 tokens
slot print_timing: id  0 | task 3192 | 
prompt eval time =     395.70 ms /    47 tokens (    8.42 ms per token,   118.78 tokens per second)
       eval time =   12593.18 ms /   128 tokens (   98.38 ms per token,    10.16 tokens per second)
      total time =   12988.88 ms /   175 tokens
slot      release: id  0 | task 3192 | stop processing: n_tokens = 174, truncated = 0
srv  update_slots: all slots are idle
srv  params_from_: Chat format: peg-gemma4
slot get_availabl: id  0 | task -1 | selected slot by LCP similarity, sim_best = 0.289 (> 0.100 thold), f_keep = 0.063
srv  get_availabl: updating prompt cache
srv   prompt_save:  - saving prompt with length 174, total state size = 1.863 MiB
srv         alloc:  - prompt is already in the cache, skipping
srv          load:  - looking for better prompt, base f_keep = 0.063, sim = 0.289
srv        update:  - cache state: 9 prompts, 29.031 MiB (limits: 8192.000 MiB, 2048 tokens, 586653 est)
srv        update:    - prompt 0x129d460:     174 tokens, checkpoints:  0,     1.863 MiB
srv        update:    - prompt 0x12a8320:     165 tokens, checkpoints:  0,     1.767 MiB
srv        update:    - prompt 0x7f7b54003ac0:     161 tokens, checkpoints:  0,     1.724 MiB
srv        update:    - prompt 0x7f7b0c003ac0:     221 tokens, checkpoints:  1,     3.054 MiB
srv        update:    - prompt 0x11da1e0:     214 tokens, checkpoints:  1,     2.926 MiB
srv        update:    - prompt 0x1293150:     286 tokens, checkpoints:  1,     4.247 MiB
srv        update:    - prompt 0x129a190:     439 tokens, checkpoints:  1,     7.054 MiB
srv        update:    - prompt 0x12abf80:     381 tokens, checkpoints:  1,     5.990 MiB
srv        update:    - prompt 0x1271140:      38 tokens, checkpoints:  0,     0.407 MiB
srv  get_availabl: prompt cache update took 0.05 ms
slot launch_slot_: id  0 | task -1 | sampler chain: logits -> ?penalties -> ?dry -> ?top-n-sigma -> top-k -> ?typical -> ?top-p -> min-p -> ?xtc -> temp-ext -> dist 
slot launch_slot_: id  0 | task 3322 | processing task, is_child = 0
slot update_slots: id  0 | task 3322 | new prompt, n_ctx_slot = 2048, n_keep = 0, task.n_tokens = 38
slot update_slots: id  0 | task 3322 | n_past = 11, slot.prompt.tokens.size() = 174, seq_id = 0, pos_min = 0, n_swa = 512
slot update_slots: id  0 | task 3322 | forcing full prompt re-processing due to lack of cache data (likely due to SWA or hybrid/recurrent memory, see https://github.com/ggml-org/llama.cpp/pull/13194#issuecomment-2868343055)
slot update_slots: id  0 | task 3322 | n_tokens = 0, memory_seq_rm [0, end)
slot update_slots: id  0 | task 3322 | prompt processing progress, n_tokens = 34, batch.n_tokens = 34, progress = 0.894737
slot update_slots: id  0 | task 3322 | n_tokens = 34, memory_seq_rm [34, end)
slot init_sampler: id  0 | task 3322 | init sampler, took 0.01 ms, tokens: text = 38, total = 38
slot update_slots: id  0 | task 3322 | prompt processing done, n_tokens = 38, batch.n_tokens = 4
srv  log_server_r: done request: POST /v1/chat/completions 127.0.0.1 200
reasoning-budget: activated, budget=2147483647 tokens
slot print_timing: id  0 | task 3322 | 
prompt eval time =     341.87 ms /    38 tokens (    9.00 ms per token,   111.15 tokens per second)
       eval time =   12230.71 ms /   128 tokens (   95.55 ms per token,    10.47 tokens per second)
      total time =   12572.58 ms /   166 tokens
slot      release: id  0 | task 3322 | stop processing: n_tokens = 165, truncated = 0
srv  update_slots: all slots are idle
srv  params_from_: Chat format: peg-gemma4
slot get_availabl: id  0 | task -1 | selected slot by LCP similarity, sim_best = 0.324 (> 0.100 thold), f_keep = 0.067
srv  get_availabl: updating prompt cache
srv   prompt_save:  - saving prompt with length 165, total state size = 1.767 MiB
srv         alloc:  - prompt is already in the cache, skipping
srv          load:  - looking for better prompt, base f_keep = 0.067, sim = 0.324
srv        update:  - cache state: 9 prompts, 29.031 MiB (limits: 8192.000 MiB, 2048 tokens, 586653 est)
srv        update:    - prompt 0x129d460:     174 tokens, checkpoints:  0,     1.863 MiB
srv        update:    - prompt 0x12a8320:     165 tokens, checkpoints:  0,     1.767 MiB
srv        update:    - prompt 0x7f7b54003ac0:     161 tokens, checkpoints:  0,     1.724 MiB
srv        update:    - prompt 0x7f7b0c003ac0:     221 tokens, checkpoints:  1,     3.054 MiB
srv        update:    - prompt 0x11da1e0:     214 tokens, checkpoints:  1,     2.926 MiB
srv        update:    - prompt 0x1293150:     286 tokens, checkpoints:  1,     4.247 MiB
srv        update:    - prompt 0x129a190:     439 tokens, checkpoints:  1,     7.054 MiB
srv        update:    - prompt 0x12abf80:     381 tokens, checkpoints:  1,     5.990 MiB
srv        update:    - prompt 0x1271140:      38 tokens, checkpoints:  0,     0.407 MiB
srv  get_availabl: prompt cache update took 0.04 ms
slot launch_slot_: id  0 | task -1 | sampler chain: logits -> ?penalties -> ?dry -> ?top-n-sigma -> top-k -> ?typical -> ?top-p -> min-p -> ?xtc -> temp-ext -> dist 
slot launch_slot_: id  0 | task 3452 | processing task, is_child = 0
slot update_slots: id  0 | task 3452 | new prompt, n_ctx_slot = 2048, n_keep = 0, task.n_tokens = 34
slot update_slots: id  0 | task 3452 | n_past = 11, slot.prompt.tokens.size() = 165, seq_id = 0, pos_min = 0, n_swa = 512
slot update_slots: id  0 | task 3452 | forcing full prompt re-processing due to lack of cache data (likely due to SWA or hybrid/recurrent memory, see https://github.com/ggml-org/llama.cpp/pull/13194#issuecomment-2868343055)
slot update_slots: id  0 | task 3452 | n_tokens = 0, memory_seq_rm [0, end)
slot update_slots: id  0 | task 3452 | prompt processing progress, n_tokens = 30, batch.n_tokens = 30, progress = 0.882353
slot update_slots: id  0 | task 3452 | n_tokens = 30, memory_seq_rm [30, end)
slot init_sampler: id  0 | task 3452 | init sampler, took 0.01 ms, tokens: text = 34, total = 34
slot update_slots: id  0 | task 3452 | prompt processing done, n_tokens = 34, batch.n_tokens = 4
srv  log_server_r: done request: POST /v1/chat/completions 127.0.0.1 200
reasoning-budget: activated, budget=2147483647 tokens
slot print_timing: id  0 | task 3452 | 
prompt eval time =     310.86 ms /    34 tokens (    9.14 ms per token,   109.37 tokens per second)
       eval time =   12083.91 ms /   128 tokens (   94.41 ms per token,    10.59 tokens per second)
      total time =   12394.77 ms /   162 tokens
slot      release: id  0 | task 3452 | stop processing: n_tokens = 161, truncated = 0
srv  update_slots: all slots are idle
srv  params_from_: Chat format: peg-gemma4
slot get_availabl: id  0 | task -1 | selected slot by LCP similarity, sim_best = 0.117 (> 0.100 thold), f_keep = 0.068
srv  get_availabl: updating prompt cache
srv   prompt_save:  - saving prompt with length 161, total state size = 1.724 MiB
srv         alloc:  - prompt is already in the cache, skipping
srv          load:  - looking for better prompt, base f_keep = 0.068, sim = 0.117
srv          load:  - found better prompt with f_keep = 0.425, sim = 1.000
srv        update:  - cache state: 8 prompts, 25.977 MiB (limits: 8192.000 MiB, 2048 tokens, 585937 est)
srv        update:    - prompt 0x129d460:     174 tokens, checkpoints:  0,     1.863 MiB
srv        update:    - prompt 0x12a8320:     165 tokens, checkpoints:  0,     1.767 MiB
srv        update:    - prompt 0x7f7b54003ac0:     161 tokens, checkpoints:  0,     1.724 MiB
srv        update:    - prompt 0x11da1e0:     214 tokens, checkpoints:  1,     2.926 MiB
srv        update:    - prompt 0x1293150:     286 tokens, checkpoints:  1,     4.247 MiB
srv        update:    - prompt 0x129a190:     439 tokens, checkpoints:  1,     7.054 MiB
srv        update:    - prompt 0x12abf80:     381 tokens, checkpoints:  1,     5.990 MiB
srv        update:    - prompt 0x1271140:      38 tokens, checkpoints:  0,     0.407 MiB
srv  get_availabl: prompt cache update took 0.76 ms
slot launch_slot_: id  0 | task -1 | sampler chain: logits -> ?penalties -> ?dry -> ?top-n-sigma -> top-k -> ?typical -> ?top-p -> min-p -> ?xtc -> temp-ext -> dist 
slot launch_slot_: id  0 | task 3582 | processing task, is_child = 0
slot update_slots: id  0 | task 3582 | new prompt, n_ctx_slot = 2048, n_keep = 0, task.n_tokens = 94
slot update_slots: id  0 | task 3582 | n_past = 94, slot.prompt.tokens.size() = 221, seq_id = 0, pos_min = 0, n_swa = 512
slot update_slots: id  0 | task 3582 | Checking checkpoint with [0, 89] against 0...
slot update_slots: id  0 | task 3582 | forcing full prompt re-processing due to lack of cache data (likely due to SWA or hybrid/recurrent memory, see https://github.com/ggml-org/llama.cpp/pull/13194#issuecomment-2868343055)
slot update_slots: id  0 | task 3582 | erased invalidated context checkpoint (pos_min = 0, pos_max = 89, n_tokens = 90, n_swa = 512, pos_next = 0, size = 0.688 MiB)
slot update_slots: id  0 | task 3582 | n_tokens = 0, memory_seq_rm [0, end)
slot update_slots: id  0 | task 3582 | prompt processing progress, n_tokens = 90, batch.n_tokens = 90, progress = 0.957447
slot update_slots: id  0 | task 3582 | n_tokens = 90, memory_seq_rm [90, end)
slot init_sampler: id  0 | task 3582 | init sampler, took 0.01 ms, tokens: text = 94, total = 94
slot update_slots: id  0 | task 3582 | prompt processing done, n_tokens = 94, batch.n_tokens = 4
slot update_slots: id  0 | task 3582 | created context checkpoint 1 of 32 (pos_min = 0, pos_max = 89, n_tokens = 90, size = 0.688 MiB)
srv  log_server_r: done request: POST /v1/chat/completions 127.0.0.1 200
reasoning-budget: activated, budget=2147483647 tokens
slot print_timing: id  0 | task 3582 | 
prompt eval time =     682.36 ms /    94 tokens (    7.26 ms per token,   137.76 tokens per second)
       eval time =   12354.71 ms /   128 tokens (   96.52 ms per token,    10.36 tokens per second)
      total time =   13037.07 ms /   222 tokens
slot      release: id  0 | task 3582 | stop processing: n_tokens = 221, truncated = 0
srv  update_slots: all slots are idle
srv  params_from_: Chat format: peg-gemma4
slot get_availabl: id  0 | task -1 | selected slot by LCP similarity, sim_best = 0.138 (> 0.100 thold), f_keep = 0.054
srv  get_availabl: updating prompt cache
srv   prompt_save:  - saving prompt with length 221, total state size = 2.366 MiB
srv          load:  - looking for better prompt, base f_keep = 0.054, sim = 0.138
srv          load:  - found better prompt with f_keep = 0.407, sim = 1.000
srv        update:  - cache state: 8 prompts, 26.105 MiB (limits: 8192.000 MiB, 2048 tokens, 585251 est)
srv        update:    - prompt 0x129d460:     174 tokens, checkpoints:  0,     1.863 MiB
srv        update:    - prompt 0x12a8320:     165 tokens, checkpoints:  0,     1.767 MiB
srv        update:    - prompt 0x7f7b54003ac0:     161 tokens, checkpoints:  0,     1.724 MiB
srv        update:    - prompt 0x1293150:     286 tokens, checkpoints:  1,     4.247 MiB
srv        update:    - prompt 0x129a190:     439 tokens, checkpoints:  1,     7.054 MiB
srv        update:    - prompt 0x12abf80:     381 tokens, checkpoints:  1,     5.990 MiB
srv        update:    - prompt 0x1271140:      38 tokens, checkpoints:  0,     0.407 MiB
srv        update:    - prompt 0x7f7ae0003ac0:     221 tokens, checkpoints:  1,     3.054 MiB
srv  get_availabl: prompt cache update took 1.06 ms
slot launch_slot_: id  0 | task -1 | sampler chain: logits -> ?penalties -> ?dry -> ?top-n-sigma -> top-k -> ?typical -> ?top-p -> min-p -> ?xtc -> temp-ext -> dist 
slot launch_slot_: id  0 | task 3712 | processing task, is_child = 0
slot update_slots: id  0 | task 3712 | new prompt, n_ctx_slot = 2048, n_keep = 0, task.n_tokens = 87
slot update_slots: id  0 | task 3712 | n_past = 87, slot.prompt.tokens.size() = 214, seq_id = 0, pos_min = 0, n_swa = 512
slot update_slots: id  0 | task 3712 | Checking checkpoint with [0, 82] against 0...
slot update_slots: id  0 | task 3712 | forcing full prompt re-processing due to lack of cache data (likely due to SWA or hybrid/recurrent memory, see https://github.com/ggml-org/llama.cpp/pull/13194#issuecomment-2868343055)
slot update_slots: id  0 | task 3712 | erased invalidated context checkpoint (pos_min = 0, pos_max = 82, n_tokens = 83, n_swa = 512, pos_next = 0, size = 0.635 MiB)
slot update_slots: id  0 | task 3712 | n_tokens = 0, memory_seq_rm [0, end)
slot update_slots: id  0 | task 3712 | prompt processing progress, n_tokens = 83, batch.n_tokens = 83, progress = 0.954023
slot update_slots: id  0 | task 3712 | n_tokens = 83, memory_seq_rm [83, end)
slot init_sampler: id  0 | task 3712 | init sampler, took 0.01 ms, tokens: text = 87, total = 87
slot update_slots: id  0 | task 3712 | prompt processing done, n_tokens = 87, batch.n_tokens = 4
slot update_slots: id  0 | task 3712 | created context checkpoint 1 of 32 (pos_min = 0, pos_max = 82, n_tokens = 83, size = 0.635 MiB)
srv  log_server_r: done request: POST /v1/chat/completions 127.0.0.1 200
reasoning-budget: activated, budget=2147483647 tokens
slot print_timing: id  0 | task 3712 | 
prompt eval time =     632.35 ms /    87 tokens (    7.27 ms per token,   137.58 tokens per second)
       eval time =   12281.79 ms /   128 tokens (   95.95 ms per token,    10.42 tokens per second)
      total time =   12914.14 ms /   215 tokens
slot      release: id  0 | task 3712 | stop processing: n_tokens = 214, truncated = 0
srv  update_slots: all slots are idle
srv  params_from_: Chat format: peg-gemma4
slot get_availabl: id  0 | task -1 | selected slot by LRU, t_last = 47356900706
srv  get_availabl: updating prompt cache
srv   prompt_save:  - saving prompt with length 214, total state size = 2.291 MiB
srv          load:  - looking for better prompt, base f_keep = 0.051, sim = 0.069
srv          load:  - found better prompt with f_keep = 0.556, sim = 1.000
srv        update:  - cache state: 8 prompts, 24.784 MiB (limits: 8192.000 MiB, 2048 tokens, 592642 est)
srv        update:    - prompt 0x129d460:     174 tokens, checkpoints:  0,     1.863 MiB
srv        update:    - prompt 0x12a8320:     165 tokens, checkpoints:  0,     1.767 MiB
srv        update:    - prompt 0x7f7b54003ac0:     161 tokens, checkpoints:  0,     1.724 MiB
srv        update:    - prompt 0x129a190:     439 tokens, checkpoints:  1,     7.054 MiB
srv        update:    - prompt 0x12abf80:     381 tokens, checkpoints:  1,     5.990 MiB
srv        update:    - prompt 0x1271140:      38 tokens, checkpoints:  0,     0.407 MiB
srv        update:    - prompt 0x7f7ae0003ac0:     221 tokens, checkpoints:  1,     3.054 MiB
srv        update:    - prompt 0x11da1e0:     214 tokens, checkpoints:  1,     2.926 MiB
srv  get_availabl: prompt cache update took 1.18 ms
slot launch_slot_: id  0 | task -1 | sampler chain: logits -> ?penalties -> ?dry -> ?top-n-sigma -> top-k -> ?typical -> ?top-p -> min-p -> ?xtc -> temp-ext -> dist 
slot launch_slot_: id  0 | task 3842 | processing task, is_child = 0
slot update_slots: id  0 | task 3842 | new prompt, n_ctx_slot = 2048, n_keep = 0, task.n_tokens = 159
slot update_slots: id  0 | task 3842 | n_past = 159, slot.prompt.tokens.size() = 286, seq_id = 0, pos_min = 0, n_swa = 512
slot update_slots: id  0 | task 3842 | Checking checkpoint with [0, 154] against 0...
slot update_slots: id  0 | task 3842 | forcing full prompt re-processing due to lack of cache data (likely due to SWA or hybrid/recurrent memory, see https://github.com/ggml-org/llama.cpp/pull/13194#issuecomment-2868343055)
slot update_slots: id  0 | task 3842 | erased invalidated context checkpoint (pos_min = 0, pos_max = 154, n_tokens = 155, n_swa = 512, pos_next = 0, size = 1.185 MiB)
slot update_slots: id  0 | task 3842 | n_tokens = 0, memory_seq_rm [0, end)
slot update_slots: id  0 | task 3842 | prompt processing progress, n_tokens = 155, batch.n_tokens = 155, progress = 0.974843
slot update_slots: id  0 | task 3842 | n_tokens = 155, memory_seq_rm [155, end)
slot init_sampler: id  0 | task 3842 | init sampler, took 0.02 ms, tokens: text = 159, total = 159
slot update_slots: id  0 | task 3842 | prompt processing done, n_tokens = 159, batch.n_tokens = 4
slot update_slots: id  0 | task 3842 | created context checkpoint 1 of 32 (pos_min = 0, pos_max = 154, n_tokens = 155, size = 1.185 MiB)
srv  log_server_r: done request: POST /v1/chat/completions 127.0.0.1 200
reasoning-budget: activated, budget=2147483647 tokens
slot print_timing: id  0 | task 3842 | 
prompt eval time =    1162.52 ms /   159 tokens (    7.31 ms per token,   136.77 tokens per second)
       eval time =   13266.82 ms /   128 tokens (  103.65 ms per token,     9.65 tokens per second)
      total time =   14429.34 ms /   287 tokens
slot      release: id  0 | task 3842 | stop processing: n_tokens = 286, truncated = 0
srv  update_slots: all slots are idle
srv  params_from_: Chat format: peg-gemma4
slot get_availabl: id  0 | task -1 | selected slot by LRU, t_last = 47371367321
srv  get_availabl: updating prompt cache
srv   prompt_save:  - saving prompt with length 286, total state size = 3.062 MiB
srv          load:  - looking for better prompt, base f_keep = 0.038, sim = 0.035
srv          load:  - found better prompt with f_keep = 0.711, sim = 1.000
srv        update:  - cache state: 8 prompts, 21.978 MiB (limits: 8192.000 MiB, 2048 tokens, 611299 est)
srv        update:    - prompt 0x129d460:     174 tokens, checkpoints:  0,     1.863 MiB
srv        update:    - prompt 0x12a8320:     165 tokens, checkpoints:  0,     1.767 MiB
srv        update:    - prompt 0x7f7b54003ac0:     161 tokens, checkpoints:  0,     1.724 MiB
srv        update:    - prompt 0x12abf80:     381 tokens, checkpoints:  1,     5.990 MiB
srv        update:    - prompt 0x1271140:      38 tokens, checkpoints:  0,     0.407 MiB
srv        update:    - prompt 0x7f7ae0003ac0:     221 tokens, checkpoints:  1,     3.054 MiB
srv        update:    - prompt 0x11da1e0:     214 tokens, checkpoints:  1,     2.926 MiB
srv        update:    - prompt 0x1293150:     286 tokens, checkpoints:  1,     4.247 MiB
srv  get_availabl: prompt cache update took 1.68 ms
slot launch_slot_: id  0 | task -1 | sampler chain: logits -> ?penalties -> ?dry -> ?top-n-sigma -> top-k -> ?typical -> ?top-p -> min-p -> ?xtc -> temp-ext -> dist 
slot launch_slot_: id  0 | task 3972 | processing task, is_child = 0
slot update_slots: id  0 | task 3972 | new prompt, n_ctx_slot = 2048, n_keep = 0, task.n_tokens = 312
slot update_slots: id  0 | task 3972 | n_past = 312, slot.prompt.tokens.size() = 439, seq_id = 0, pos_min = 0, n_swa = 512
slot update_slots: id  0 | task 3972 | Checking checkpoint with [0, 307] against 0...
slot update_slots: id  0 | task 3972 | forcing full prompt re-processing due to lack of cache data (likely due to SWA or hybrid/recurrent memory, see https://github.com/ggml-org/llama.cpp/pull/13194#issuecomment-2868343055)
slot update_slots: id  0 | task 3972 | erased invalidated context checkpoint (pos_min = 0, pos_max = 307, n_tokens = 308, n_swa = 512, pos_next = 0, size = 2.354 MiB)
slot update_slots: id  0 | task 3972 | n_tokens = 0, memory_seq_rm [0, end)
slot update_slots: id  0 | task 3972 | prompt processing progress, n_tokens = 308, batch.n_tokens = 308, progress = 0.987179
slot update_slots: id  0 | task 3972 | n_tokens = 308, memory_seq_rm [308, end)
slot init_sampler: id  0 | task 3972 | init sampler, took 0.04 ms, tokens: text = 312, total = 312
slot update_slots: id  0 | task 3972 | prompt processing done, n_tokens = 312, batch.n_tokens = 4
slot update_slots: id  0 | task 3972 | created context checkpoint 1 of 32 (pos_min = 0, pos_max = 307, n_tokens = 308, size = 2.354 MiB)
srv  log_server_r: done request: POST /v1/chat/completions 127.0.0.1 200
reasoning-budget: activated, budget=2147483647 tokens
slot print_timing: id  0 | task 3972 | 
prompt eval time =    2548.55 ms /   312 tokens (    8.17 ms per token,   122.42 tokens per second)
       eval time =   14446.93 ms /   128 tokens (  112.87 ms per token,     8.86 tokens per second)
      total time =   16995.48 ms /   440 tokens
slot      release: id  0 | task 3972 | stop processing: n_tokens = 439, truncated = 0
srv  update_slots: all slots are idle
srv  params_from_: Chat format: peg-gemma4
slot get_availabl: id  0 | task -1 | selected slot by LRU, t_last = 47388401422
srv  get_availabl: updating prompt cache
srv   prompt_save:  - saving prompt with length 439, total state size = 4.700 MiB
srv          load:  - looking for better prompt, base f_keep = 0.025, sim = 0.043
srv          load:  - found better prompt with f_keep = 0.667, sim = 1.000
srv        update:  - cache state: 8 prompts, 23.042 MiB (limits: 8192.000 MiB, 2048 tokens, 603692 est)
srv        update:    - prompt 0x129d460:     174 tokens, checkpoints:  0,     1.863 MiB
srv        update:    - prompt 0x12a8320:     165 tokens, checkpoints:  0,     1.767 MiB
srv        update:    - prompt 0x7f7b54003ac0:     161 tokens, checkpoints:  0,     1.724 MiB
srv        update:    - prompt 0x1271140:      38 tokens, checkpoints:  0,     0.407 MiB
srv        update:    - prompt 0x7f7ae0003ac0:     221 tokens, checkpoints:  1,     3.054 MiB
srv        update:    - prompt 0x11da1e0:     214 tokens, checkpoints:  1,     2.926 MiB
srv        update:    - prompt 0x1293150:     286 tokens, checkpoints:  1,     4.247 MiB
srv        update:    - prompt 0x129a190:     439 tokens, checkpoints:  1,     7.054 MiB
srv  get_availabl: prompt cache update took 2.44 ms
slot launch_slot_: id  0 | task -1 | sampler chain: logits -> ?penalties -> ?dry -> ?top-n-sigma -> top-k -> ?typical -> ?top-p -> min-p -> ?xtc -> temp-ext -> dist 
slot launch_slot_: id  0 | task 4102 | processing task, is_child = 0
slot update_slots: id  0 | task 4102 | new prompt, n_ctx_slot = 2048, n_keep = 0, task.n_tokens = 254
slot update_slots: id  0 | task 4102 | n_past = 254, slot.prompt.tokens.size() = 381, seq_id = 0, pos_min = 0, n_swa = 512
slot update_slots: id  0 | task 4102 | Checking checkpoint with [0, 249] against 0...
slot update_slots: id  0 | task 4102 | forcing full prompt re-processing due to lack of cache data (likely due to SWA or hybrid/recurrent memory, see https://github.com/ggml-org/llama.cpp/pull/13194#issuecomment-2868343055)
slot update_slots: id  0 | task 4102 | erased invalidated context checkpoint (pos_min = 0, pos_max = 249, n_tokens = 250, n_swa = 512, pos_next = 0, size = 1.911 MiB)
slot update_slots: id  0 | task 4102 | n_tokens = 0, memory_seq_rm [0, end)
slot update_slots: id  0 | task 4102 | prompt processing progress, n_tokens = 250, batch.n_tokens = 250, progress = 0.984252
slot update_slots: id  0 | task 4102 | n_tokens = 250, memory_seq_rm [250, end)
slot init_sampler: id  0 | task 4102 | init sampler, took 0.04 ms, tokens: text = 254, total = 254
slot update_slots: id  0 | task 4102 | prompt processing done, n_tokens = 254, batch.n_tokens = 4
slot update_slots: id  0 | task 4102 | created context checkpoint 1 of 32 (pos_min = 0, pos_max = 249, n_tokens = 250, size = 1.911 MiB)
srv  log_server_r: done request: POST /v1/chat/completions 127.0.0.1 200
reasoning-budget: activated, budget=2147483647 tokens
slot print_timing: id  0 | task 4102 | 
prompt eval time =    1994.10 ms /   254 tokens (    7.85 ms per token,   127.38 tokens per second)
       eval time =   14101.23 ms /   128 tokens (  110.17 ms per token,     9.08 tokens per second)
      total time =   16095.34 ms /   382 tokens
slot      release: id  0 | task 4102 | stop processing: n_tokens = 381, truncated = 0
srv  update_slots: all slots are idle
srv    operator(): operator(): cleaning up before exit...
llama_memory_breakdown_print: | memory breakdown [MiB] | total   free    self   model   context   compute    unaccounted |
llama_memory_breakdown_print: |   - Host               |                 5656 =  5072 +      14 +     569                |
llama_memory_breakdown_print: |   - CPU_REPACK         |                 1835 =  1835 +       0 +       0                |
