timestamp,role,cpu_user_jiffies,cpu_nice_jiffies,cpu_system_jiffies,cpu_idle_jiffies,cpu_iowait_jiffies,cpu_irq_jiffies,cpu_softirq_jiffies,cpu_steal_jiffies,mem_total_kb,mem_available_kb,mem_used_kb,mem_free_kb,swap_total_kb,swap_free_kb
2026-05-13T15:09:55+01:00,server,2069924610,11462,13087458,2310099886,94370,13245341,1000737,0,263931984,253343764,10588220,249617636,93245436,93245436
2026-05-13T15:09:56+01:00,server,2069927311,11462,13087480,2310110224,94377,13245366,1000744,0,263931984,253317116,10614868,249586388,93245436,93245436
2026-05-13T15:09:57+01:00,server,2069930569,11462,13087490,2310120087,94377,13245399,1000754,0,263931984,253316944,10615040,249585720,93245436,93245436
2026-05-13T15:09:58+01:00,server,2069933815,11462,13087500,2310129907,94377,13245437,1000766,0,263931984,253317300,10614684,249586076,93245436,93245436
2026-05-13T15:09:59+01:00,server,2069936953,11462,13087524,2310139682,94455,13245476,1000777,0,263931984,253318340,10613644,249587044,93245436,93245436
2026-05-13T15:10:00+01:00,server,2069940172,11462,13087537,2310149456,94466,13245513,1000788,0,263931984,253318268,10613716,249586972,93245436,93245436
2026-05-13T15:10:01+01:00,server,2069943406,11462,13087551,2310159225,94467,13245550,1000798,0,263931984,253315216,10616768,249581656,93245436,93245436
2026-05-13T15:10:02+01:00,server,2069946644,11462,13087621,2310168920,94483,13245591,1000810,0,263931984,253310140,10621844,249576424,93245436,93245436
2026-05-13T15:10:03+01:00,server,2069949864,11462,13087635,2310178711,94488,13245628,1000820,0,263931984,253309592,10622392,249575828,93245436,93245436
2026-05-13T15:10:04+01:00,server,2069953101,11462,13087646,2310188506,94488,13245664,1000828,0,263931984,253308436,10623548,249574608,93245436,93245436
2026-05-13T15:10:05+01:00,server,2069956334,11462,13087656,2310198280,94488,13245699,1000836,0,263931984,253308104,10623880,249574260,93245436,93245436
2026-05-13T15:10:06+01:00,server,2069959566,11462,13087664,2310208060,94488,13245733,1000845,0,263931984,253308096,10623888,249574220,93245436,93245436
2026-05-13T15:10:07+01:00,server,2069962771,11462,13087685,2310217845,94506,13245770,1000852,0,263931984,253308580,10623404,249574700,93245436,93245436
2026-05-13T15:10:09+01:00,server,2069965974,11462,13087699,2310227616,94530,13245808,1000863,0,263931984,253308624,10623360,249574712,93245436,93245436
2026-05-13T15:10:10+01:00,server,2069969197,11462,13087715,2310237422,94546,13245845,1000874,0,263931984,253308864,10623120,249574952,93245436,93245436
2026-05-13T15:10:11+01:00,server,2069972431,11462,13087725,2310247195,94546,13245879,1000884,0,263931984,253307972,10624012,249574044,93245436,93245436
2026-05-13T15:10:12+01:00,server,2069975679,11462,13087733,2310257030,94548,13245916,1000895,0,263931984,253306196,10625788,249572192,93245436,93245436
2026-05-13T15:10:13+01:00,server,2069978914,11462,13087737,2310266823,94548,13245948,1000906,0,263931984,253307244,10624740,249573224,93245436,93245436
2026-05-13T15:10:14+01:00,server,2069982154,11462,13087745,2310276608,94548,13245979,1000915,0,263931984,253307252,10624732,249573200,93245436,93245436
2026-05-13T15:10:15+01:00,server,2069985398,11462,13087755,2310286446,94553,13246014,1000925,0,263931984,253307928,10624056,249573844,93245436,93245436
2026-05-13T15:10:16+01:00,server,2069988607,11462,13087767,2310296207,94561,13246048,1000935,0,263931984,253307048,10624936,249572948,93245436,93245436
2026-05-13T15:10:17+01:00,server,2069991816,11462,13087782,2310305968,94571,13246083,1000945,0,263931984,253306300,10625684,249572120,93245436,93245436
2026-05-13T15:10:18+01:00,server,2069995081,11462,13087830,2310315635,94583,13246124,1000963,0,263931984,253306040,10625944,249571788,93245436,93245436
2026-05-13T15:10:19+01:00,server,2069998317,11462,13087842,2310325428,94583,13246162,1000973,0,263931984,253306136,10625848,249571852,93245436,93245436
2026-05-13T15:10:20+01:00,server,2070001516,11462,13087856,2310335263,94583,13246195,1000984,0,263931984,253273896,10658088,249539612,93245436,93245436
2026-05-13T15:10:21+01:00,server,2070004760,11462,13087868,2310345058,94583,13246232,1000996,0,263931984,253275600,10656384,249541284,93245436,93245436
2026-05-13T15:10:22+01:00,server,2070007991,11462,13087880,2310354820,94583,13246268,1001009,0,263931984,253276576,10655408,249542192,93245436,93245436
2026-05-13T15:10:23+01:00,server,2070011225,11462,13087892,2310364596,94583,13246305,1001022,0,263931984,253278148,10653836,249543716,93245436,93245436
2026-05-13T15:10:24+01:00,server,2070014461,11462,13087901,2310374373,94583,13246338,1001027,0,263931984,253277648,10654336,249543164,93245436,93245436
2026-05-13T15:10:25+01:00,server,2070017724,11462,13087915,2310384266,94589,13246374,1001033,0,263931984,253277684,10654300,249543168,93245436,93245436
2026-05-13T15:10:26+01:00,server,2070020961,11462,13087930,2310394112,94600,13246409,1001042,0,263931984,253276868,10655116,249542336,93245436,93245436
2026-05-13T15:10:27+01:00,server,2070024213,11462,13087941,2310403961,94607,13246445,1001051,0,263931984,253276836,10655148,249542288,93245436,93245436
2026-05-13T15:10:28+01:00,server,2070027455,11462,13087955,2310413812,94615,13246481,1001060,0,263931984,253276468,10655516,249541920,93245436,93245436
2026-05-13T15:10:29+01:00,server,2070030701,11462,13087965,2310423644,94619,13246515,1001066,0,263931984,253277232,10654752,249542668,93245436,93245436
2026-05-13T15:10:30+01:00,server,2070033951,11462,13087970,2310433473,94619,13246548,1001074,0,263931984,253276916,10655068,249542336,93245436,93245436
2026-05-13T15:10:31+01:00,server,2070037213,11462,13087979,2310443353,94622,13246580,1001081,0,263931984,253277700,10654284,249543120,93245436,93245436
2026-05-13T15:10:32+01:00,server,2070040566,11462,13088039,2310453160,94622,13246620,1001090,0,263931984,253275580,10656404,249540960,93245436,93245436
2026-05-13T15:10:33+01:00,server,2070043827,11462,13088052,2310463016,94622,13246654,1001096,0,263931984,253272392,10659592,249537720,93245436,93245436
2026-05-13T15:10:34+01:00,server,2070047110,11462,13088065,2310472940,94626,13246690,1001104,0,263931984,253272376,10659608,249537688,93245436,93245436
2026-05-13T15:10:35+01:00,server,2070050365,11462,13088079,2310482776,94626,13246725,1001113,0,263931984,253272612,10659372,249537908,93245436,93245436
2026-05-13T15:10:36+01:00,server,2070053631,11462,13088091,2310492641,94626,13246760,1001123,0,263931984,253271636,10660348,249536872,93245436,93245436
2026-05-13T15:10:37+01:00,server,2070056876,11462,13088102,2310502463,94628,13246796,1001133,0,263931984,253272052,10659932,249537288,93245436,93245436
2026-05-13T15:10:38+01:00,server,2070060153,11462,13088113,2310512364,94628,13246830,1001142,0,263931984,253272632,10659352,249537868,93245436,93245436
2026-05-13T15:10:39+01:00,server,2070063413,11462,13088123,2310522216,94628,13246865,1001153,0,263931984,253272040,10659944,249537260,93245436,93245436
2026-05-13T15:10:40+01:00,server,2070066660,11462,13088133,2310532030,94628,13246899,1001162,0,263931984,253271808,10660176,249537012,93245436,93245436
2026-05-13T15:10:41+01:00,server,2070069910,11462,13088145,2310541871,94631,13246932,1001167,0,263931984,253271908,10660076,249537112,93245436,93245436
2026-05-13T15:10:42+01:00,server,2070073158,11462,13088156,2310551691,94631,13246966,1001172,0,263931984,253271840,10660144,249537020,93245436,93245436
2026-05-13T15:10:43+01:00,server,2070076437,11462,13088167,2310561602,94631,13246998,1001177,0,263931984,253272052,10659932,249537232,93245436,93245436
2026-05-13T15:10:44+01:00,server,2070079704,11462,13088178,2310571473,94631,13247032,1001183,0,263931984,253272492,10659492,249537672,93245436,93245436
2026-05-13T15:10:45+01:00,server,2070082944,11462,13088188,2310581267,94631,13247064,1001187,0,263931984,253272992,10658992,249538172,93245436,93245436
2026-05-13T15:10:46+01:00,server,2070086184,11462,13088193,2310591080,94632,13247098,1001192,0,263931984,253271408,10660576,249536588,93245436,93245436
2026-05-13T15:10:48+01:00,server,2070089493,11462,13088242,2310600713,94632,13247138,1001206,0,263931984,253272040,10659944,249537176,93245436,93245436
2026-05-13T15:10:49+01:00,server,2070092679,11462,13088251,2310610485,94632,13247169,1001216,0,263931984,253231824,10700160,249496960,93245436,93245436
2026-05-13T15:10:50+01:00,server,2070095900,11462,13088261,2310620220,94632,13247205,1001228,0,263931984,253232252,10699732,249497384,93245436,93245436
2026-05-13T15:10:51+01:00,server,2070099135,11462,13088269,2310629992,94632,13247240,1001238,0,263931984,253232892,10699092,249498024,93245436,93245436
2026-05-13T15:10:52+01:00,server,2070102385,11462,13088282,2310639816,94632,13247274,1001243,0,263931984,253233332,10698652,249498432,93245436,93245436
2026-05-13T15:10:53+01:00,server,2070105653,11462,13088293,2310649692,94633,13247310,1001248,0,263931984,253233560,10698424,249498660,93245436,93245436
2026-05-13T15:10:54+01:00,server,2070108915,11462,13088304,2310659552,94633,13247344,1001253,0,263931984,253233544,10698440,249498636,93245436,93245436
2026-05-13T15:10:55+01:00,server,2070112167,11462,13088314,2310669383,94633,13247378,1001258,0,263931984,253233464,10698520,249498556,93245436,93245436
2026-05-13T15:10:56+01:00,server,2070115420,11462,13088325,2310679228,94633,13247413,1001263,0,263931984,253233584,10698400,249498676,93245436,93245436
2026-05-13T15:10:57+01:00,server,2070118671,11462,13088335,2310689057,94633,13247447,1001269,0,263931984,253232880,10699104,249497956,93245436,93245436
2026-05-13T15:10:58+01:00,server,2070121929,11462,13088345,2310698908,94633,13247479,1001274,0,263931984,253232736,10699248,249497780,93245436,93245436
2026-05-13T15:10:59+01:00,server,2070125177,11462,13088353,2310708740,94635,13247513,1001278,0,263931984,253232756,10699228,249497800,93245436,93245436
2026-05-13T15:11:00+01:00,server,2070128436,11462,13088364,2310718603,94635,13247548,1001284,0,263931984,253232164,10699820,249497208,93245436,93245436
2026-05-13T15:11:01+01:00,server,2070131682,11462,13088374,2310728430,94638,13247583,1001289,0,263931984,253232728,10699256,249497756,93245436,93245436
2026-05-13T15:11:02+01:00,server,2070134993,11462,13088452,2310738114,94644,13247621,1001296,0,263931984,253231044,10700940,249496044,93245436,93245436
2026-05-13T15:11:03+01:00,server,2070138245,11462,13088464,2310747942,94644,13247659,1001310,0,263931984,253230024,10701960,249495024,93245436,93245436
2026-05-13T15:11:04+01:00,server,2070141502,11462,13088477,2310757792,94646,13247697,1001320,0,263931984,253230160,10701824,249495160,93245436,93245436
2026-05-13T15:11:05+01:00,server,2070144770,11462,13088486,2310767680,94649,13247733,1001332,0,263931984,253230408,10701576,249495408,93245436,93245436
2026-05-13T15:11:06+01:00,server,2070148024,11462,13088498,2310777514,94649,13247769,1001344,0,263931984,253231580,10700404,249496396,93245436,93245436
2026-05-13T15:11:07+01:00,server,2070151286,11462,13088511,2310787376,94652,13247806,1001355,0,263931984,253231172,10700812,249495988,93245436,93245436
2026-05-13T15:11:08+01:00,server,2070154526,11462,13088521,2310797178,94652,13247843,1001365,0,263931984,253230928,10701056,249495744,93245436,93245436
2026-05-13T15:11:09+01:00,server,2070157763,11462,13088531,2310806964,94652,13247879,1001376,0,263931984,253231528,10700456,249496344,93245436,93245436
2026-05-13T15:11:10+01:00,server,2070160992,11462,13088540,2310816743,94655,13247915,1001387,0,263931984,253231724,10700260,249496540,93245436,93245436
2026-05-13T15:11:11+01:00,server,2070164229,11462,13088548,2310826527,94655,13247949,1001398,0,263931984,253232168,10699816,249496968,93245436,93245436
2026-05-13T15:11:12+01:00,server,2070167475,11462,13088556,2310836359,94658,13247986,1001409,0,263931984,253232732,10699252,249497532,93245436,93245436
2026-05-13T15:11:13+01:00,server,2070170716,11462,13088565,2310846141,94658,13248021,1001420,0,263931984,253232880,10699104,249497672,93245436,93245436
2026-05-13T15:11:14+01:00,server,2070173956,11462,13088573,2310855940,94658,13248056,1001430,0,263931984,253232012,10699972,249496788,93245436,93245436
2026-05-13T15:11:15+01:00,server,2070177182,11462,13088583,2310865708,94659,13248090,1001440,0,263931984,253232676,10699308,249497436,93245436,93245436
2026-05-13T15:11:16+01:00,server,2070180371,11462,13088594,2310875501,94659,13248120,1001448,0,263931984,253191848,10740136,249456592,93245436,93245436
2026-05-13T15:11:17+01:00,server,2070183644,11462,13088692,2310885118,94659,13248158,1001464,0,263931984,253190416,10741568,249455132,93245436,93245436
2026-05-13T15:11:18+01:00,server,2070186864,11462,13088705,2310894852,94660,13248194,1001475,0,263931984,253188572,10743412,249453272,93245436,93245436
2026-05-13T15:11:19+01:00,server,2070190110,11462,13088716,2310904660,94660,13248231,1001481,0,263931984,253187360,10744624,249452060,93245436,93245436
2026-05-13T15:11:20+01:00,server,2070193357,11462,13088728,2310914481,94660,13248267,1001487,0,263931984,253187480,10744504,249452164,93245436,93245436
2026-05-13T15:11:21+01:00,server,2070196613,11462,13088742,2310924350,94663,13248302,1001493,0,263931984,253186620,10745364,249451304,93245436,93245436
2026-05-13T15:11:22+01:00,server,2070199868,11462,13088751,2310934197,94663,13248336,1001498,0,263931984,253187008,10744976,249451692,93245436,93245436
2026-05-13T15:11:23+01:00,server,2070203107,11462,13088761,2310944012,94669,13248369,1001503,0,263931984,253185816,10746168,249450492,93245436,93245436
2026-05-13T15:11:24+01:00,server,2070206370,11462,13088768,2310953880,94669,13248403,1001508,0,263931984,253186104,10745880,249450780,93245436,93245436
2026-05-13T15:11:25+01:00,server,2070209618,11462,13088778,2310963706,94669,13248437,1001513,0,263931984,253185984,10746000,249450644,93245436,93245436
2026-05-13T15:11:26+01:00,server,2070212871,11462,13088791,2310973555,94674,13248471,1001518,0,263931984,253186264,10745720,249450924,93245436,93245436
2026-05-13T15:11:27+01:00,server,2070216107,11462,13088800,2310983339,94674,13248505,1001527,0,263931984,253185956,10746028,249450616,93245436,93245436
2026-05-13T15:11:28+01:00,server,2070219332,11462,13088807,2310993095,94674,13248540,1001536,0,263931984,253186532,10745452,249451192,93245436,93245436
2026-05-13T15:11:30+01:00,server,2070222582,11462,13088818,2311002927,94674,13248573,1001541,0,263931984,253186612,10745372,249451248,93245436,93245436
2026-05-13T15:11:31+01:00,server,2070225846,11462,13088830,2311012793,94674,13248607,1001545,0,263931984,253186396,10745588,249451032,93245436,93245436
2026-05-13T15:11:32+01:00,server,2070229099,11462,13088840,2311022633,94674,13248640,1001549,0,263931984,253185608,10746376,249450244,93245436,93245436
2026-05-13T15:11:33+01:00,server,2070232438,11462,13088909,2311032315,94674,13248679,1001558,0,263931984,253183116,10748868,249447752,93245436,93245436
2026-05-13T15:11:34+01:00,server,2070235683,11462,13088921,2311042120,94674,13248713,1001564,0,263931984,253183016,10748968,249447652,93245436,93245436
2026-05-13T15:11:35+01:00,server,2070238936,11462,13088931,2311051948,94674,13248747,1001570,0,263931984,253182128,10749856,249446748,93245436,93245436
2026-05-13T15:11:36+01:00,server,2070242179,11462,13088940,2311061750,94674,13248781,1001575,0,263931984,253182360,10749624,249446980,93245436,93245436
2026-05-13T15:11:37+01:00,server,2070245411,11462,13088951,2311071520,94674,13248815,1001581,0,263931984,253183476,10748508,249448096,93245436,93245436
2026-05-13T15:11:38+01:00,server,2070248639,11462,13088974,2311081311,94674,13248850,1001587,0,263931984,253184144,10747840,249448764,93245436,93245436
2026-05-13T15:11:39+01:00,server,2070251880,11462,13088986,2311091095,94674,13248884,1001594,0,263931984,253185272,10746712,249449892,93245436,93245436
2026-05-13T15:11:40+01:00,server,2070255129,11462,13088998,2311100902,94674,13248918,1001600,0,263931984,253186208,10745776,249450828,93245436,93245436
2026-05-13T15:11:41+01:00,server,2070258378,11462,13089003,2311110725,94674,13248950,1001605,0,263931984,253186916,10745068,249451520,93245436,93245436
2026-05-13T15:11:42+01:00,server,2070261635,11462,13089016,2311120557,94674,13248983,1001610,0,263931984,253188064,10743920,249452668,93245436,93245436
2026-05-13T15:11:43+01:00,server,2070264907,11462,13089028,2311130450,94675,13249017,1001614,0,263931984,253188188,10743796,249452792,93245436,93245436
2026-05-13T15:11:44+01:00,server,2070268190,11462,13089038,2311140384,94675,13249052,1001619,0,263931984,253187824,10744160,249452404,93245436,93245436
2026-05-13T15:11:45+01:00,server,2070271455,11462,13089050,2311150260,94675,13249088,1001624,0,263931984,253187400,10744584,249451976,93245436,93245436
2026-05-13T15:11:46+01:00,server,2070274656,11462,13089065,2311160096,94675,13249119,1001633,0,263931984,253147380,10784604,249411940,93245436,93245436
2026-05-13T15:11:47+01:00,server,2070277951,11462,13089140,2311169662,94675,13249158,1001646,0,263931984,253145764,10786220,249410304,93245436,93245436
2026-05-13T15:11:48+01:00,server,2070281167,11462,13089150,2311179375,94675,13249193,1001660,0,263931984,253143432,10788552,249407972,93245436,93245436
2026-05-13T15:11:49+01:00,server,2070284387,11462,13089160,2311189104,94675,13249228,1001672,0,263931984,253142964,10789020,249407504,93245436,93245436
2026-05-13T15:11:50+01:00,server,2070287596,11462,13089169,2311198809,94675,13249263,1001682,0,263931984,253143648,10788336,249408188,93245436,93245436
2026-05-13T15:11:51+01:00,server,2070290805,11462,13089181,2311208520,94677,13249299,1001693,0,263931984,253143944,10788040,249408484,93245436,93245436
2026-05-13T15:11:52+01:00,server,2070294020,11462,13089190,2311218231,94677,13249335,1001704,0,263931984,253143800,10788184,249408340,93245436,93245436
2026-05-13T15:11:53+01:00,server,2070297233,11462,13089198,2311227939,94677,13249370,1001715,0,263931984,253144616,10787368,249409156,93245436,93245436
2026-05-13T15:11:54+01:00,server,2070300452,11462,13089208,2311237669,94677,13249405,1001726,0,263931984,253145312,10786672,249409828,93245436,93245436
2026-05-13T15:11:55+01:00,server,2070303673,11462,13089218,2311247413,94677,13249439,1001736,0,263931984,253145204,10786780,249409720,93245436,93245436
2026-05-13T15:11:56+01:00,server,2070306883,11462,13089225,2311257124,94678,13249474,1001746,0,263931984,253144804,10787180,249409320,93245436,93245436
2026-05-13T15:11:57+01:00,server,2070310101,11462,13089231,2311266866,94678,13249508,1001756,0,263931984,253145012,10786972,249409528,93245436,93245436
2026-05-13T15:11:58+01:00,server,2070313351,11462,13089235,2311276692,94678,13249542,1001766,0,263931984,253145480,10786504,249409996,93245436,93245436
2026-05-13T15:11:59+01:00,server,2070316608,11462,13089244,2311286541,94678,13249576,1001776,0,263931984,253145792,10786192,249410308,93245436,93245436
2026-05-13T15:12:00+01:00,server,2070319825,11462,13089252,2311296267,94678,13249611,1001787,0,263931984,253145872,10786112,249410388,93245436,93245436
2026-05-13T15:12:01+01:00,server,2070323041,11462,13089259,2311305996,94678,13249645,1001796,0,263931984,253145900,10786084,249410416,93245436,93245436
2026-05-13T15:12:02+01:00,server,2070326321,11470,13089323,2311315580,94686,13249686,1001813,0,263931984,253133180,10798804,249389728,93245436,93245436
2026-05-13T15:12:03+01:00,server,2070329539,11471,13089337,2311325292,94687,13249722,1001826,0,263931984,253141624,10790360,249395984,93245436,93245436
2026-05-13T15:12:04+01:00,server,2070332767,11471,13089347,2311335050,94687,13249758,1001837,0,263931984,253141748,10790236,249396108,93245436,93245436
2026-05-13T15:12:05+01:00,server,2070336034,11471,13089364,2311344930,94689,13249794,1001844,0,263931984,253141324,10790660,249395684,93245436,93245436
2026-05-13T15:12:06+01:00,server,2070339268,11471,13089377,2311354712,94689,13249831,1001850,0,263931984,253141640,10790344,249396000,93245436,93245436
2026-05-13T15:12:07+01:00,server,2070342511,11471,13089389,2311364508,94689,13249867,1001856,0,263931984,253142148,10789836,249396500,93245436,93245436
2026-05-13T15:12:08+01:00,server,2070345747,11471,13089401,2311374306,94691,13249903,1001862,0,263931984,253142356,10789628,249396712,93245436,93245436
2026-05-13T15:12:09+01:00,server,2070348984,11471,13089413,2311384096,94691,13249938,1001867,0,263931984,253141616,10790368,249395940,93245436,93245436
2026-05-13T15:12:10+01:00,server,2070352239,11471,13089424,2311393945,94691,13249974,1001872,0,263931984,253140928,10791056,249395252,93245436,93245436
2026-05-13T15:12:11+01:00,server,2070355476,11471,13089434,2311403754,94693,13250010,1001878,0,263931984,253139944,10792040,249394268,93245436,93245436
2026-05-13T15:12:12+01:00,server,2070358715,11471,13089443,2311413544,94693,13250043,1001883,0,263931984,253139984,10792000,249394304,93245436,93245436
2026-05-13T15:12:13+01:00,server,2070361951,11471,13089452,2311423334,94693,13250076,1001888,0,263931984,253139680,10792304,249394000,93245436,93245436
2026-05-13T15:12:14+01:00,server,2070365147,11471,13089464,2311433151,94693,13250096,1001891,0,263931984,253093300,10838684,249347612,93245436,93245436
2026-05-13T15:12:15+01:00,server,2070368376,11471,13089468,2311442918,94693,13250124,1001895,0,263931984,253093228,10838756,249347536,93245436,93245436
2026-05-13T15:12:17+01:00,server,2070371604,11471,13089477,2311452687,94697,13250157,1001901,0,263931984,253093188,10838796,249347480,93245436,93245436
2026-05-13T15:12:18+01:00,server,2070374885,11471,13089541,2311462379,94700,13250196,1001908,0,263931984,253092720,10839264,249347012,93245436,93245436
2026-05-13T15:12:19+01:00,server,2070378122,11471,13089552,2311472174,94702,13250230,1001914,0,263931984,253091788,10840196,249346080,93245436,93245436
2026-05-13T15:12:20+01:00,server,2070381359,11471,13089563,2311481951,94702,13250264,1001921,0,263931984,253092256,10839728,249346548,93245436,93245436
2026-05-13T15:12:21+01:00,server,2070384586,11471,13089575,2311491727,94704,13250300,1001927,0,263931984,253092248,10839736,249346540,93245436,93245436
2026-05-13T15:12:22+01:00,server,2070387823,11471,13089587,2311501517,94704,13250337,1001933,0,263931984,253092872,10839112,249347148,93245436,93245436
2026-05-13T15:12:23+01:00,server,2070391062,11471,13089597,2311511306,94706,13250372,1001939,0,263931984,253093312,10838672,249347588,93245436,93245436
2026-05-13T15:12:24+01:00,server,2070394303,11471,13089614,2311521080,94706,13250406,1001946,0,263931984,253092020,10839964,249345684,93245436,93245436
2026-05-13T15:12:25+01:00,server,2070397535,11471,13089622,2311530870,94712,13250441,1001951,0,263931984,253092308,10839676,249345964,93245436,93245436
2026-05-13T15:12:26+01:00,server,2070400768,11471,13089631,2311540647,94712,13250476,1001956,0,263931984,253092060,10839924,249345716,93245436,93245436
2026-05-13T15:12:27+01:00,server,2070403999,11471,13089639,2311550423,94712,13250509,1001962,0,263931984,253092292,10839692,249345948,93245436,93245436
2026-05-13T15:12:28+01:00,server,2070407234,11471,13089647,2311560214,94712,13250544,1001967,0,263931984,253091628,10840356,249345284,93245436,93245436
2026-05-13T15:12:29+01:00,server,2070410481,11471,13089657,2311570035,94712,13250579,1001972,0,263931984,253091548,10840436,249345204,93245436,93245436
2026-05-13T15:12:30+01:00,server,2070413712,11471,13089667,2311579806,94713,13250613,1001979,0,263931984,253091276,10840708,249344932,93245436,93245436
2026-05-13T15:12:31+01:00,server,2070416951,11471,13089700,2311589555,94714,13250646,1001988,0,263931984,253088528,10843456,249342176,93245436,93245436
2026-05-13T15:12:32+01:00,server,2070420227,11471,13089861,2311599112,94714,13250683,1001999,0,263931984,253088800,10843184,249342416,93245436,93245436
2026-05-13T15:12:33+01:00,server,2070423463,11471,13089966,2311608776,94714,13250719,1002011,0,263931984,253086384,10845600,249339824,93245436,93245436
2026-05-13T15:12:34+01:00,server,2070426732,11471,13090047,2311618442,94714,13250755,1002023,0,263931984,253084388,10847596,249337444,93245436,93245436
2026-05-13T15:12:35+01:00,server,2070430041,11471,13090062,2311628123,94714,13250790,1002035,0,263931984,253088080,10843904,249339464,93245436,93245436
2026-05-13T15:12:36+01:00,server,2070433274,11471,13090073,2311637890,94714,13250823,1002042,0,263931984,253088344,10843640,249339728,93245436,93245436
2026-05-13T15:12:37+01:00,server,2070436500,11471,13090083,2311647649,94714,13250855,1002048,0,263931984,253087984,10844000,249339368,93245436,93245436
2026-05-13T15:12:38+01:00,server,2070439743,11471,13090092,2311657449,94714,13250887,1002053,0,263931984,253088232,10843752,249339616,93245436,93245436
2026-05-13T15:12:39+01:00,server,2070442984,11471,13090104,2311667236,94714,13250919,1002059,0,263931984,253087932,10844052,249339316,93245436,93245436
2026-05-13T15:12:40+01:00,server,2070446221,11471,13090115,2311677014,94714,13250952,1002066,0,263931984,253087744,10844240,249338996,93245436,93245436
2026-05-13T15:12:41+01:00,server,2070449451,11471,13090128,2311686787,94714,13250987,1002071,0,263931984,253086984,10845000,249338212,93245436,93245436
2026-05-13T15:12:42+01:00,server,2070452679,11471,13090139,2311696553,94714,13251022,1002077,0,263931984,253087200,10844784,249338428,93245436,93245436
2026-05-13T15:12:43+01:00,server,2070455906,11471,13090150,2311706314,94714,13251057,1002083,0,263931984,253087164,10844820,249338392,93245436,93245436
2026-05-13T15:12:44+01:00,server,2070459095,11471,13090166,2311716135,94714,13251080,1002087,0,263931984,253040652,10891332,249291880,93245436,93245436
2026-05-13T15:12:45+01:00,server,2070462336,11471,13090176,2311725922,94714,13251112,1002093,0,263931984,253040248,10891736,249291472,93245436,93245436
2026-05-13T15:12:46+01:00,server,2070465573,11471,13090186,2311735705,94715,13251144,1002097,0,263931984,253040256,10891728,249291472,93245436,93245436
2026-05-13T15:12:47+01:00,server,2070468893,11471,13090283,2311745378,94718,13251183,1002105,0,263931984,253040164,10891820,249291344,93245436,93245436
2026-05-13T15:12:48+01:00,server,2070472126,11471,13090295,2311755165,94721,13251220,1002111,0,263931984,253040604,10891380,249291784,93245436,93245436
2026-05-13T15:12:49+01:00,server,2070475357,11471,13090302,2311764945,94721,13251254,1002116,0,263931984,253039996,10891988,249291172,93245436,93245436
2026-05-13T15:12:50+01:00,server,2070478591,11471,13090312,2311774720,94721,13251290,1002121,0,263931984,253039800,10892184,249290976,93245436,93245436
2026-05-13T15:12:51+01:00,server,2070481823,11471,13090321,2311784501,94721,13251324,1002127,0,263931984,253039580,10892404,249290756,93245436,93245436
2026-05-13T15:12:52+01:00,server,2070485075,11471,13090330,2311794332,94721,13251360,1002134,0,263931984,253039132,10892852,249290308,93245436,93245436
2026-05-13T15:12:53+01:00,server,2070488303,11471,13090338,2311804093,94721,13251395,1002140,0,263931984,253038876,10893108,249290052,93245436,93245436
2026-05-13T15:12:54+01:00,server,2070491534,11471,13090348,2311813871,94721,13251430,1002145,0,263931984,253038064,10893920,249289240,93245436,93245436
2026-05-13T15:12:55+01:00,server,2070494768,11471,13090357,2311823654,94721,13251465,1002151,0,263931984,253038144,10893840,249289320,93245436,93245436
2026-05-13T15:12:56+01:00,server,2070498017,11471,13090365,2311833479,94721,13251501,1002157,0,263931984,253038908,10893076,249290076,93245436,93245436
2026-05-13T15:12:57+01:00,server,2070501244,11471,13090374,2311843249,94721,13251537,1002163,0,263931984,253039100,10892884,249290268,93245436,93245436
2026-05-13T15:12:58+01:00,server,2070504474,11471,13090382,2311853024,94721,13251572,1002168,0,263931984,253039156,10892828,249290324,93245436,93245436
2026-05-13T15:12:59+01:00,server,2070507721,11471,13090391,2311862840,94723,13251607,1002175,0,263931984,253039296,10892688,249290464,93245436,93245436
2026-05-13T15:13:00+01:00,server,2070510955,11471,13090401,2311872615,94723,13251641,1002182,0,263931984,253038424,10893560,249289592,93245436,93245436
2026-05-13T15:13:01+01:00,server,2070514195,11471,13090410,2311882407,94723,13251674,1002188,0,263931984,253038852,10893132,249290020,93245436,93245436
2026-05-13T15:13:02+01:00,server,2070517490,11471,13090465,2311892076,94723,13251711,1002197,0,263931984,253038552,10893432,249289692,93245436,93245436
2026-05-13T15:13:03+01:00,server,2070520725,11471,13090474,2311901848,94723,13251743,1002203,0,263931984,253037772,10894212,249288912,93245436,93245436
2026-05-13T15:13:05+01:00,server,2070523968,11472,13090481,2311911647,94723,13251777,1002211,0,263931984,253037964,10894020,249289064,93245436,93245436
2026-05-13T15:13:06+01:00,server,2070527209,11472,13090492,2311921430,94723,13251811,1002217,0,263931984,253038580,10893404,249289680,93245436,93245436
2026-05-13T15:13:07+01:00,server,2070530446,11472,13090504,2311931212,94723,13251846,1002225,0,263931984,253038916,10893068,249290016,93245436,93245436
2026-05-13T15:13:08+01:00,server,2070533720,11472,13090517,2311941093,94723,13251880,1002232,0,263931984,253040176,10891808,249291264,93245436,93245436
2026-05-13T15:13:09+01:00,server,2070536992,11472,13090530,2311950964,94723,13251914,1002240,0,263931984,253040432,10891552,249291504,93245436,93245436
2026-05-13T15:13:10+01:00,server,2070540286,11472,13090541,2311960912,94723,13251950,1002248,0,263931984,253041368,10890616,249292388,93245436,93245436
2026-05-13T15:13:11+01:00,server,2070543559,11472,13090552,2311970813,94726,13251984,1002255,0,263931984,253041980,10890004,249293000,93245436,93245436
2026-05-13T15:13:12+01:00,server,2070546810,11472,13090560,2311980634,94726,13252016,1002261,0,263931984,253042016,10889968,249293032,93245436,93245436
2026-05-13T15:13:13+01:00,server,2070549998,11472,13090569,2311990442,94726,13252047,1002267,0,263931984,252996908,10935076,249247924,93245436,93245436
2026-05-13T15:13:14+01:00,server,2070553229,11472,13090577,2312000182,94726,13252070,1002273,0,263931984,252996356,10935628,249247364,93245436,93245436
2026-05-13T15:13:15+01:00,server,2070556463,11472,13090585,2312009961,94727,13252103,1002279,0,263931984,252996744,10935240,249247752,93245436,93245436
2026-05-13T15:13:16+01:00,server,2070559694,11472,13090594,2312019749,94729,13252139,1002284,0,263931984,252996628,10935356,249247588,93245436,93245436
2026-05-13T15:13:17+01:00,server,2070562974,11472,13090658,2312029444,94731,13252176,1002290,0,263931984,252996664,10935320,249247624,93245436,93245436
2026-05-13T15:13:18+01:00,server,2070566211,11472,13090671,2312039246,94734,13252212,1002298,0,263931984,252994408,10937576,249245368,93245436,93245436
2026-05-13T15:13:19+01:00,server,2070569491,11472,13090684,2312049160,94737,13252247,1002305,0,263931984,252995300,10936684,249246256,93245436,93245436
2026-05-13T15:13:20+01:00,server,2070572741,11472,13090694,2312058984,94739,13252282,1002313,0,263931984,252995728,10936256,249246684,93245436,93245436
2026-05-13T15:13:21+01:00,server,2070575977,11472,13090703,2312068779,94743,13252316,1002319,0,263931984,252994544,10937440,249245496,93245436,93245436
2026-05-13T15:13:22+01:00,server,2070579206,11472,13090716,2312078555,94744,13252350,1002324,0,263931984,252995140,10936844,249246092,93245436,93245436
2026-05-13T15:13:23+01:00,server,2070582438,11472,13090720,2312088332,94744,13252382,1002329,0,263931984,252994124,10937860,249245076,93245436,93245436
2026-05-13T15:13:24+01:00,server,2070585713,11472,13090727,2312098234,94744,13252416,1002334,0,263931984,252994968,10937016,249245920,93245436,93245436
2026-05-13T15:13:25+01:00,server,2070588950,11472,13090736,2312108027,94744,13252449,1002339,0,263931984,252995096,10936888,249246052,93245436,93245436
2026-05-13T15:13:26+01:00,server,2070592188,11472,13090743,2312117816,94744,13252482,1002344,0,263931984,252995636,10936348,249246584,93245436,93245436
2026-05-13T15:13:27+01:00,server,2070595431,11472,13090751,2312127622,94744,13252514,1002349,0,263931984,252995832,10936152,249246780,93245436,93245436
2026-05-13T15:13:28+01:00,server,2070598688,11472,13090760,2312137475,94744,13252549,1002355,0,263931984,252995428,10936556,249246376,93245436,93245436
2026-05-13T15:13:29+01:00,server,2070601947,11472,13090769,2312147325,94744,13252581,1002359,0,263931984,252995216,10936768,249246164,93245436,93245436
2026-05-13T15:13:30+01:00,server,2070605207,11472,13090778,2312157188,94744,13252614,1002364,0,263931984,252995244,10936740,249246192,93245436,93245436
2026-05-13T15:13:31+01:00,server,2070608469,11472,13090786,2312167050,94744,13252646,1002369,0,263931984,252995376,10936608,249246324,93245436,93245436
2026-05-13T15:13:32+01:00,server,2070611768,11472,13090851,2312176776,94744,13252682,1002376,0,263931984,252993520,10938464,249244468,93245436,93245436
2026-05-13T15:13:33+01:00,server,2070615026,11472,13090864,2312186613,94744,13252716,1002382,0,263931984,252992444,10939540,249243388,93245436,93245436
2026-05-13T15:13:34+01:00,server,2070618286,11472,13090877,2312196453,94744,13252749,1002388,0,263931984,252992932,10939052,249243876,93245436,93245436
2026-05-13T15:13:35+01:00,server,2070621548,11472,13090892,2312206309,94744,13252784,1002394,0,263931984,252992020,10939964,249242944,93245436,93245436
2026-05-13T15:13:36+01:00,server,2070624806,11472,13090905,2312216145,94744,13252819,1002401,0,263931984,252992896,10939088,249243820,93245436,93245436
2026-05-13T15:13:37+01:00,server,2070628046,11472,13090917,2312225932,94744,13252852,1002407,0,263931984,252994192,10937792,249245100,93245436,93245436
2026-05-13T15:13:38+01:00,server,2070631294,11472,13090931,2312235732,94744,13252886,1002414,0,263931984,252995172,10936812,249246080,93245436,93245436
2026-05-13T15:13:39+01:00,server,2070634540,11472,13090938,2312245547,94744,13252919,1002418,0,263931984,252995052,10936932,249245960,93245436,93245436
2026-05-13T15:13:40+01:00,server,2070637778,11472,13090942,2312255340,94745,13252951,1002423,0,263931984,252995620,10936364,249246824,93245436,93245436
2026-05-13T15:13:41+01:00,server,2070641030,11472,13090951,2312265173,94745,13252983,1002428,0,263931984,252994996,10936988,249245904,93245436,93245436
2026-05-13T15:13:42+01:00,server,2070644221,11472,13090971,2312275031,94746,13253009,1002433,0,263931984,252948352,10983632,249199236,93245436,93245436
2026-05-13T15:13:43+01:00,server,2070647454,11472,13090978,2312284798,94746,13253038,1002437,0,263931984,252947856,10984128,249198740,93245436,93245436
2026-05-13T15:13:45+01:00,server,2070650705,11472,13090988,2312294624,94746,13253073,1002442,0,263931984,252948484,10983500,249199368,93245436,93245436
2026-05-13T15:13:46+01:00,server,2070653939,11472,13091000,2312304414,94747,13253108,1002447,0,263931984,252948256,10983728,249199140,93245436,93245436
2026-05-13T15:13:47+01:00,server,2070657172,11472,13091009,2312314206,94747,13253142,1002452,0,263931984,252949112,10982872,249199988,93245436,93245436
2026-05-13T15:13:48+01:00,server,2070660500,11472,13091094,2312323892,94747,13253181,1002462,0,263931984,252946300,10985684,249197156,93245436,93245436
2026-05-13T15:13:49+01:00,server,2070663736,11472,13091107,2312333662,94747,13253217,1002469,0,263931984,252945520,10986464,249196376,93245436,93245436
2026-05-13T15:13:50+01:00,server,2070666976,11472,13091119,2312343451,94747,13253252,1002475,0,263931984,252945740,10986244,249196596,93245436,93245436
2026-05-13T15:13:51+01:00,server,2070670209,11472,13091129,2312353234,94749,13253288,1002480,0,263931984,252945908,10986076,249196764,93245436,93245436
2026-05-13T15:13:52+01:00,server,2070673443,11472,13091142,2312363013,94749,13253324,1002486,0,263931984,252946032,10985952,249196888,93245436,93245436
2026-05-13T15:13:53+01:00,server,2070676694,11472,13091154,2312372831,94749,13253360,1002493,0,263931984,252946832,10985152,249197688,93245436,93245436
2026-05-13T15:13:54+01:00,server,2070679951,11472,13091167,2312382678,94749,13253396,1002499,0,263931984,252946740,10985244,249197596,93245436,93245436
2026-05-13T15:13:55+01:00,server,2070683211,11472,13091177,2312392532,94749,13253431,1002504,0,263931984,252945720,10986264,249196576,93245436,93245436
2026-05-13T15:13:56+01:00,server,2070686477,11472,13091182,2312402418,94749,13253467,1002508,0,263931984,252947244,10984740,249198084,93245436,93245436
2026-05-13T15:13:57+01:00,server,2070689735,11472,13091192,2312412284,94749,13253502,1002514,0,263931984,252947848,10984136,249198676,93245436,93245436
2026-05-13T15:13:58+01:00,server,2070693017,11472,13091204,2312422206,94749,13253539,1002519,0,263931984,252947652,10984332,249198480,93245436,93245436
2026-05-13T15:13:59+01:00,server,2070696279,11472,13091216,2312432074,94749,13253574,1002524,0,263931984,252948172,10983812,249199000,93245436,93245436
2026-05-13T15:14:00+01:00,server,2070699546,11472,13091229,2312441950,94749,13253611,1002531,0,263931984,252948032,10983952,249198860,93245436,93245436
2026-05-13T15:14:01+01:00,server,2070702838,11472,13091241,2312451909,94749,13253647,1002536,0,263931984,252948368,10983616,249199196,93245436,93245436
2026-05-13T15:14:02+01:00,server,2070706184,11472,13091300,2312461675,94752,13253684,1002545,0,263931984,252948120,10983864,249198932,93245436,93245436
2026-05-13T15:14:03+01:00,server,2070709469,11472,13091313,2312471591,94752,13253719,1002552,0,263931984,252946864,10985120,249197664,93245436,93245436
2026-05-13T15:14:04+01:00,server,2070712719,11472,13091325,2312481399,94752,13253753,1002559,0,263931984,252946324,10985660,249197124,93245436,93245436
2026-05-13T15:14:05+01:00,server,2070715955,11472,13091337,2312491175,94752,13253787,1002565,0,263931984,252946748,10985236,249197548,93245436,93245436
2026-05-13T15:14:06+01:00,server,2070719213,11472,13091349,2312501012,94752,13253821,1002571,0,263931984,252947648,10984336,249198448,93245436,93245436
2026-05-13T15:14:07+01:00,server,2070722485,11472,13091362,2312510893,94752,13253855,1002577,0,263931984,252946988,10984996,249197788,93245436,93245436
2026-05-13T15:14:08+01:00,server,2070725738,11472,13091373,2312520723,94752,13253888,1002585,0,263931984,252948236,10983748,249199036,93245436,93245436
2026-05-13T15:14:09+01:00,server,2070729002,11472,13091387,2312530585,94752,13253922,1002590,0,263931984,252946660,10985324,249197460,93245436,93245436
2026-05-13T15:14:10+01:00,server,2070732267,11472,13091398,2312540449,94752,13253955,1002596,0,263931984,252947128,10984856,249197928,93245436,93245436
2026-05-13T15:14:11+01:00,server,2070735526,11472,13091408,2312550307,94752,13253988,1002602,0,263931984,252947188,10984796,249197988,93245436,93245436
2026-05-13T15:14:12+01:00,server,2070738745,11472,13091418,2312560214,94752,13254011,1002606,0,263931984,252888288,11043696,249139088,93245436,93245436
2026-05-13T15:14:13+01:00,server,2070742013,11472,13091422,2312570063,94752,13254030,1002609,0,263931984,252887260,11044724,249138044,93245436,93245436
2026-05-13T15:14:14+01:00,server,2070745274,11472,13091433,2312579933,94755,13254062,1002615,0,263931984,252887808,11044176,249138592,93245436,93245436
2026-05-13T15:14:15+01:00,server,2070748549,11472,13091443,2312589824,94755,13254094,1002621,0,263931984,252887512,11044472,249138288,93245436,93245436
2026-05-13T15:14:16+01:00,server,2070751811,11472,13091453,2312599688,94755,13254126,1002627,0,263931984,252887824,11044160,249138600,93245436,93245436
2026-05-13T15:14:17+01:00,server,2070755145,11472,13091526,2312609415,94755,13254163,1002636,0,263931984,252886480,11045504,249137220,93245436,93245436
2026-05-13T15:14:18+01:00,server,2070758427,11472,13091538,2312619321,94755,13254195,1002642,0,263931984,252886608,11045376,249137348,93245436,93245436
2026-05-13T15:14:19+01:00,server,2070761676,11472,13091550,2312629145,94757,13254230,1002649,0,263931984,252886872,11045112,249137612,93245436,93245436
2026-05-13T15:14:20+01:00,server,2070764940,11472,13091562,2312639004,94757,13254266,1002656,0,263931984,252888372,11043612,249139112,93245436,93245436
2026-05-13T15:14:22+01:00,server,2070768195,11472,13091574,2312648842,94757,13254302,1002663,0,263931984,252889832,11042152,249140572,93245436,93245436
2026-05-13T15:14:23+01:00,server,2070771458,11472,13091587,2312658693,94757,13254337,1002670,0,263931984,252891176,11040808,249141916,93245436,93245436
2026-05-13T15:14:24+01:00,server,2070774724,11472,13091599,2312668565,94757,13254371,1002676,0,263931984,252890844,11041140,249141576,93245436,93245436
2026-05-13T15:14:25+01:00,server,2070777966,11472,13091611,2312678390,94760,13254407,1002682,0,263931984,252891500,11040484,249142232,93245436,93245436
2026-05-13T15:14:26+01:00,server,2070781214,11472,13091622,2312688207,94760,13254441,1002687,0,263931984,252891548,11040436,249142280,93245436,93245436
2026-05-13T15:14:27+01:00,server,2070784491,11472,13091634,2312698117,94760,13254475,1002692,0,263931984,252891552,11040432,249142284,93245436,93245436
2026-05-13T15:14:28+01:00,server,2070787767,11472,13091646,2312708016,94760,13254509,1002698,0,263931984,252891288,11040696,249142020,93245436,93245436
2026-05-13T15:14:29+01:00,server,2070791021,11472,13091654,2312717863,94760,13254542,1002703,0,263931984,252890456,11041528,249141156,93245436,93245436
2026-05-13T15:14:30+01:00,server,2070794325,11472,13091659,2312727857,94760,13254574,1002708,0,263931984,252891680,11040304,249142376,93245436,93245436
2026-05-13T15:14:31+01:00,server,2070797583,11472,13091673,2312737726,94764,13254606,1002712,0,263931984,252891432,11040552,249142128,93245436,93245436
2026-05-13T15:14:32+01:00,server,2070800902,11472,13091724,2312747507,94764,13254641,1002720,0,263931984,252888220,11043764,249138904,93245436,93245436
2026-05-13T15:14:33+01:00,server,2070804160,11472,13091735,2312757343,94764,13254673,1002730,0,263931984,252886220,11045764,249136904,93245436,93245436
2026-05-13T15:14:34+01:00,server,2070807417,11472,13091746,2312767184,94764,13254705,1002736,0,263931984,252886128,11045856,249136812,93245436,93245436
2026-05-13T15:14:35+01:00,server,2070810699,11472,13091758,2312777087,94764,13254738,1002743,0,263931984,252885980,11046004,249136664,93245436,93245436
2026-05-13T15:14:36+01:00,server,2070813955,11472,13091770,2312786925,94766,13254772,1002750,0,263931984,252886380,11045604,249137048,93245436,93245436
2026-05-13T15:14:37+01:00,server,2070817233,11472,13091783,2312796812,94766,13254804,1002756,0,263931984,252886720,11045264,249137356,93245436,93245436
2026-05-13T15:14:38+01:00,server,2070820517,11472,13091797,2312806730,94766,13254837,1002761,0,263931984,252887404,11044580,249138040,93245436,93245436
2026-05-13T15:14:39+01:00,server,2070823781,11472,13091810,2312816580,94766,13254870,1002768,0,263931984,252887496,11044488,249138120,93245436,93245436
2026-05-13T15:14:40+01:00,server,2070827057,11472,13091824,2312826467,94766,13254903,1002775,0,263931984,252887368,11044616,249137992,93245436,93245436
2026-05-13T15:14:41+01:00,server,2070830336,11472,13091833,2312836373,94766,13254935,1002780,0,263931984,252888296,11043688,249138920,93245436,93245436
2026-05-13T15:14:42+01:00,server,2070833599,11472,13091844,2312846232,94766,13254966,1002786,0,263931984,252887580,11044404,249138204,93245436,93245436
2026-05-13T15:14:43+01:00,server,2070836882,11472,13091855,2312856163,94769,13254997,1002791,0,263931984,252887732,11044252,249138356,93245436,93245436
2026-05-13T15:14:44+01:00,server,2070840089,11472,13091869,2312866075,94769,13255019,1002794,0,263931984,252788664,11143320,249039288,93245436,93245436
2026-05-13T15:14:45+01:00,server,2070843349,11472,13091878,2312875882,94769,13255033,1002797,0,263931984,252789516,11142468,249040140,93245436,93245436
2026-05-13T15:14:46+01:00,server,2070846654,11472,13091888,2312885813,94769,13255049,1002801,0,263931984,252788120,11143864,249038696,93245436,93245436
2026-05-13T15:14:47+01:00,server,2070849989,11472,13091957,2312895598,94770,13255080,1002811,0,263931984,252785224,11146760,249035788,93245436,93245436
2026-05-13T15:14:48+01:00,server,2070853250,11472,13091967,2312905437,94770,13255112,1002819,0,263931984,252785724,11146260,249036288,93245436,93245436
2026-05-13T15:14:49+01:00,server,2070856539,11472,13091982,2312915350,94770,13255144,1002826,0,263931984,252785248,11146736,249035812,93245436,93245436
2026-05-13T15:14:50+01:00,server,2070859808,11472,13091997,2312925212,94770,13255175,1002835,0,263931984,252786680,11145304,249037244,93245436,93245436
2026-05-13T15:14:51+01:00,server,2070863089,11472,13092013,2312935133,94773,13255207,1002842,0,263931984,252787628,11144356,249038176,93245436,93245436
2026-05-13T15:14:52+01:00,server,2070866356,11472,13092026,2312944992,94773,13255238,1002849,0,263931984,252788020,11143964,249038568,93245436,93245436
2026-05-13T15:14:53+01:00,server,2070869638,11474,13092042,2312954892,94773,13255269,1002856,0,263931984,252786856,11145128,249037368,93245436,93245436
2026-05-13T15:14:55+01:00,server,2070872927,11474,13092055,2312964825,94773,13255300,1002862,0,263931984,252786868,11145116,249037380,93245436,93245436
2026-05-13T15:14:56+01:00,server,2070876176,11474,13092067,2312974635,94773,13255330,1002868,0,263931984,252786720,11145264,249037216,93245436,93245436
2026-05-13T15:14:57+01:00,server,2070879436,11474,13092080,2312984480,94773,13255361,1002875,0,263931984,252786040,11145944,249036536,93245436,93245436
2026-05-13T15:14:58+01:00,server,2070882674,11474,13092092,2312994266,94776,13255390,1002882,0,263931984,252786408,11145576,249036900,93245436,93245436
2026-05-13T15:14:59+01:00,server,2070885911,11474,13092106,2313004057,94778,13255419,1002888,0,263931984,252787008,11144976,249037484,93245436,93245436
2026-05-13T15:15:00+01:00,server,2070889158,11474,13092118,2313013848,94778,13255449,1002894,0,263931984,252785936,11146048,249036412,93245436,93245436
2026-05-13T15:15:01+01:00,server,2070892400,11474,13092124,2313023654,94779,13255479,1002900,0,263931984,252787364,11144620,249037840,93245436,93245436
2026-05-13T15:15:02+01:00,server,2070895641,11474,13092140,2313033430,94779,13255508,1002906,0,263931984,252785392,11146592,249035856,93245436,93245436
2026-05-13T15:15:03+01:00,server,2070898936,11474,13092204,2313043099,94779,13255541,1002917,0,263931984,252784136,11147848,249034600,93245436,93245436
2026-05-13T15:15:04+01:00,server,2070902175,11474,13092216,2313052863,94779,13255571,1002925,0,263931984,252783656,11148328,249034120,93245436,93245436
2026-05-13T15:15:05+01:00,server,2070905428,11474,13092229,2313062681,94779,13255601,1002932,0,263931984,252783948,11148036,249034412,93245436,93245436
2026-05-13T15:15:06+01:00,server,2070908685,11474,13092243,2313072503,94779,13255630,1002939,0,263931984,252785076,11146908,249035540,93245436,93245436
2026-05-13T15:15:07+01:00,server,2070911956,11474,13092258,2313082379,94779,13255660,1002945,0,263931984,252785364,11146620,249035828,93245436,93245436
2026-05-13T15:15:08+01:00,server,2070915221,11474,13092269,2313092228,94779,13255689,1002951,0,263931984,252785648,11146336,249036104,93245436,93245436
2026-05-13T15:15:09+01:00,server,2070918497,11474,13092281,2313102118,94779,13255718,1002957,0,263931984,252785472,11146512,249035928,93245436,93245436
2026-05-13T15:15:10+01:00,server,2070921779,11474,13092290,2313112025,94779,13255747,1002963,0,263931984,252785448,11146536,249035904,93245436,93245436
2026-05-13T15:15:11+01:00,server,2070925066,11474,13092299,2313121948,94779,13255776,1002969,0,263931984,252785516,11146468,249035972,93245436,93245436
2026-05-13T15:15:12+01:00,server,2070928332,11474,13092307,2313131816,94779,13255805,1002976,0,263931984,252785040,11146944,249035496,93245436,93245436
2026-05-13T15:15:13+01:00,server,2070931599,11474,13092315,2313141686,94779,13255834,1002982,0,263931984,252784944,11147040,249035400,93245436,93245436
2026-05-13T15:15:14+01:00,server,2070934875,11474,13092324,2313151555,94779,13255863,1002987,0,263931984,252785456,11146528,249035908,93245436,93245436
2026-05-13T15:15:15+01:00,server,2070938144,11474,13092337,2313161425,94779,13255891,1002993,0,263931984,252784440,11147544,249034892,93245436,93245436
2026-05-13T15:15:16+01:00,server,2070941409,11474,13092344,2313171286,94779,13255920,1002999,0,263931984,252784564,11147420,249035016,93245436,93245436
2026-05-13T15:15:17+01:00,server,2070944721,11474,13092401,2313181031,94779,13255950,1003007,0,263931984,252786024,11145960,249036468,93245436,93245436
2026-05-13T15:15:18+01:00,server,2070947985,11474,13092417,2313190872,94779,13255980,1003014,0,263931984,252784024,11147960,249034468,93245436,93245436
2026-05-13T15:15:19+01:00,server,2070951250,11474,13092431,2313200712,94779,13256010,1003020,0,263931984,252784640,11147344,249035084,93245436,93245436
2026-05-13T15:15:20+01:00,server,2070954519,11474,13092445,2313210570,94779,13256041,1003028,0,263931984,252784704,11147280,249035148,93245436,93245436
2026-05-13T15:15:21+01:00,server,2070957795,11474,13092460,2313220448,94779,13256071,1003035,0,263931984,252785260,11146724,249035704,93245436,93245436
2026-05-13T15:15:22+01:00,server,2070960974,11474,13092472,2313230285,94779,13256095,1003040,0,263931984,252711484,11220500,248961912,93245436,93245436
2026-05-13T15:15:23+01:00,server,2070964217,11474,13092479,2313240030,94779,13256110,1003043,0,263931984,252712868,11219116,248963296,93245436,93245436
2026-05-13T15:15:24+01:00,server,2070967500,11474,13092487,2313249912,94779,13256128,1003048,0,263931984,252712320,11219664,248962740,93245436,93245436
2026-05-13T15:15:25+01:00,server,2070970747,11474,13092499,2313259698,94779,13256154,1003054,0,263931984,252712468,11219516,248962884,93245436,93245436
2026-05-13T15:15:26+01:00,server,2070974023,11474,13092510,2313269573,94779,13256180,1003059,0,263931984,252712352,11219632,248962768,93245436,93245436
2026-05-13T15:15:27+01:00,server,2070977307,11474,13092523,2313279479,94779,13256207,1003065,0,263931984,252712624,11219360,248963040,93245436,93245436
2026-05-13T15:15:28+01:00,server,2070980587,11474,13092535,2313289366,94779,13256235,1003072,0,263931984,252712200,11219784,248962604,93245436,93245436
2026-05-13T15:15:29+01:00,server,2070983865,11474,13092548,2313299252,94779,13256262,1003078,0,263931984,252712284,11219700,248962688,93245436,93245436
2026-05-13T15:15:30+01:00,server,2070987140,11474,13092560,2313309129,94779,13256288,1003084,0,263931984,252713948,11218036,248964320,93245436,93245436
2026-05-13T15:15:32+01:00,server,2070990389,11474,13092564,2313318937,94779,13256314,1003089,0,263931984,252713332,11218652,248963704,93245436,93245436
2026-05-13T15:15:33+01:00,server,2070993665,11474,13092625,2313328599,94779,13256345,1003098,0,263931984,252708540,11223444,248958912,93245436,93245436
2026-05-13T15:15:34+01:00,server,2070996898,11474,13092636,2313338344,94779,13256372,1003105,0,263931984,252708308,11223676,248958680,93245436,93245436
2026-05-13T15:15:35+01:00,server,2071000138,11474,13092644,2313348117,94780,13256399,1003112,0,263931984,252708160,11223824,248958520,93245436,93245436
2026-05-13T15:15:36+01:00,server,2071003378,11474,13092656,2313357878,94780,13256427,1003119,0,263931984,252708008,11223976,248958360,93245436,93245436
2026-05-13T15:15:37+01:00,server,2071006618,11474,13092667,2313367647,94780,13256454,1003126,0,263931984,252707744,11224240,248958096,93245436,93245436
2026-05-13T15:15:38+01:00,server,2071009862,11474,13092677,2313377423,94780,13256482,1003133,0,263931984,252707732,11224252,248958084,93245436,93245436
2026-05-13T15:15:39+01:00,server,2071013102,11474,13092690,2313387195,94780,13256510,1003141,0,263931984,252709716,11222268,248960064,93245436,93245436
2026-05-13T15:15:40+01:00,server,2071016367,11474,13092705,2313397027,94780,13256539,1003148,0,263931984,252710024,11221960,248960372,93245436,93245436
2026-05-13T15:15:41+01:00,server,2071019601,11474,13092719,2313406776,94780,13256567,1003155,0,263931984,252710768,11221216,248961116,93245436,93245436
2026-05-13T15:15:42+01:00,server,2071022841,11474,13092733,2313416541,94780,13256595,1003162,0,263931984,252710892,11221092,248961240,93245436,93245436
2026-05-13T15:15:43+01:00,server,2071026087,11474,13092747,2313426324,94780,13256623,1003169,0,263931984,252711464,11220520,248961812,93245436,93245436
2026-05-13T15:15:44+01:00,server,2071029331,11474,13092761,2313436100,94780,13256651,1003176,0,263931984,252712248,11219736,248962580,93245436,93245436
2026-05-13T15:15:45+01:00,server,2071032587,11474,13092776,2313445910,94780,13256680,1003182,0,263931984,252713872,11218112,248964188,93245436,93245436
2026-05-13T15:15:46+01:00,server,2071035834,11474,13092782,2313455708,94780,13256707,1003187,0,263931984,252713748,11218236,248964064,93245436,93245436
2026-05-13T15:15:47+01:00,server,2071039122,11474,13092841,2313465430,94780,13256736,1003194,0,263931984,252712004,11219980,248962320,93245436,93245436
2026-05-13T15:15:48+01:00,server,2071042377,11474,13092855,2313475233,94780,13256765,1003206,0,263931984,252710652,11221332,248960944,93245436,93245436
2026-05-13T15:15:49+01:00,server,2071045642,11474,13092870,2313485072,94780,13256793,1003213,0,263931984,252710652,11221332,248960944,93245436,93245436
2026-05-13T15:15:50+01:00,server,2071048913,11474,13092885,2313494931,94780,13256822,1003221,0,263931984,252711104,11220880,248961388,93245436,93245436
2026-05-13T15:15:51+01:00,server,2071052188,11474,13092901,2313504795,94780,13256850,1003228,0,263931984,252711996,11219988,248962280,93245436,93245436
2026-05-13T15:15:52+01:00,server,2071055471,11474,13092916,2313514695,94780,13256879,1003235,0,263931984,252712576,11219408,248962860,93245436,93245436
2026-05-13T15:15:53+01:00,server,2071058731,11474,13092925,2313524541,94780,13256905,1003240,0,263931984,252711420,11220564,248961700,93245436,93245436
2026-05-13T15:15:54+01:00,server,2071062005,11474,13092934,2313534423,94780,13256933,1003246,0,263931984,252711276,11220708,248961556,93245436,93245436
2026-05-13T15:15:55+01:00,server,2071065291,11474,13092942,2313544337,94780,13256960,1003252,0,263931984,252710868,11221116,248961148,93245436,93245436
2026-05-13T15:15:56+01:00,server,2071068552,11474,13092951,2313554179,94780,13256987,1003258,0,263931984,252711328,11220656,248961608,93245436,93245436
2026-05-13T15:15:57+01:00,server,2071071810,11474,13092958,2313564008,94780,13257013,1003264,0,263931984,252712040,11219944,248962320,93245436,93245436
2026-05-13T15:15:58+01:00,server,2071075088,11474,13092968,2313573904,94780,13257041,1003270,0,263931984,252712040,11219944,248962320,93245436,93245436
2026-05-13T15:15:59+01:00,server,2071078363,11474,13092977,2313583782,94780,13257068,1003276,0,263931984,252711468,11220516,248961748,93245436,93245436
2026-05-13T15:16:00+01:00,server,2071081625,11474,13092987,2313593626,94780,13257096,1003283,0,263931984,252711452,11220532,248961724,93245436,93245436
2026-05-13T15:16:01+01:00,server,2071084827,11474,13093001,2313603523,94780,13257120,1003287,0,263931984,252643524,11288460,248893796,93245436,93245436
2026-05-13T15:16:02+01:00,server,2071088135,11474,13093032,2313613190,94780,13257135,1003290,0,263931984,252640936,11291048,248891204,93245436,93245436
2026-05-13T15:16:03+01:00,server,2071091381,11474,13093042,2313622987,94780,13257154,1003293,0,263931984,252640128,11291856,248890396,93245436,93245436
2026-05-13T15:16:04+01:00,server,2071094686,11474,13093056,2313632948,94780,13257182,1003300,0,263931984,252640464,11291520,248890732,93245436,93245436
2026-05-13T15:16:05+01:00,server,2071097947,11474,13093068,2313642785,94780,13257209,1003308,0,263931984,252640292,11291692,248890560,93245436,93245436
2026-05-13T15:16:06+01:00,server,2071101225,11474,13093081,2313652667,94780,13257236,1003315,0,263931984,252638916,11293068,248889184,93245436,93245436
2026-05-13T15:16:07+01:00,server,2071104494,11474,13093092,2313662527,94780,13257262,1003321,0,263931984,252639100,11292884,248889364,93245436,93245436
2026-05-13T15:16:08+01:00,server,2071107779,11474,13093105,2313672425,94780,13257290,1003327,0,263931984,252639460,11292524,248889724,93245436,93245436
2026-05-13T15:16:09+01:00,server,2071111046,11474,13093118,2313682294,94780,13257318,1003334,0,263931984,252638004,11293980,248888260,93245436,93245436
2026-05-13T15:16:11+01:00,server,2071114317,11474,13093130,2313692157,94780,13257345,1003340,0,263931984,252638064,11293920,248888320,93245436,93245436
2026-05-13T15:16:12+01:00,server,2071117575,11474,13093141,2313701987,94780,13257372,1003348,0,263931984,252638208,11293776,248888464,93245436,93245436
2026-05-13T15:16:13+01:00,server,2071120845,11474,13093151,2313711851,94780,13257401,1003355,0,263931984,252638588,11293396,248888828,93245436,93245436
2026-05-13T15:16:14+01:00,server,2071124122,11474,13093165,2313721732,94780,13257429,1003361,0,263931984,252638216,11293768,248888456,93245436,93245436
2026-05-13T15:16:15+01:00,server,2071127393,11474,13093179,2313731591,94780,13257458,1003369,0,263931984,252637644,11294340,248887880,93245436,93245436
2026-05-13T15:16:16+01:00,server,2071130698,11474,13093190,2313741559,94780,13257486,1003375,0,263931984,252638648,11293336,248888884,93245436,93245436
2026-05-13T15:16:17+01:00,server,2071133976,11474,13093198,2313751449,94780,13257513,1003382,0,263931984,252638232,11293752,248888468,93245436,93245436
2026-05-13T15:16:18+01:00,server,2071137298,11474,13093264,2313761149,94780,13257545,1003390,0,263931984,252637600,11294384,248887836,93245436,93245436
2026-05-13T15:16:19+01:00,server,2071140567,11474,13093279,2313770998,94780,13257574,1003398,0,263931984,252637736,11294248,248887972,93245436,93245436
2026-05-13T15:16:20+01:00,server,2071143836,11474,13093293,2313780842,94780,13257603,1003406,0,263931984,252636556,11295428,248886792,93245436,93245436
2026-05-13T15:16:21+01:00,server,2071147112,11474,13093308,2313790714,94780,13257632,1003415,0,263931984,252638148,11293836,248888380,93245436,93245436
2026-05-13T15:16:22+01:00,server,2071150397,11474,13093323,2313800610,94780,13257661,1003423,0,263931984,252638048,11293936,248888280,93245436,93245436
2026-05-13T15:16:23+01:00,server,2071153674,11474,13093338,2313810481,94780,13257690,1003429,0,263931984,252638428,11293556,248888660,93245436,93245436
2026-05-13T15:16:24+01:00,server,2071156950,11474,13093353,2313820350,94780,13257719,1003437,0,263931984,252638732,11293252,248888964,93245436,93245436
2026-05-13T15:16:25+01:00,server,2071160223,11474,13093369,2313830212,94780,13257748,1003445,0,263931984,252639048,11292936,248889280,93245436,93245436
2026-05-13T15:16:26+01:00,server,2071163493,11474,13093383,2313840065,94780,13257777,1003454,0,263931984,252639916,11292068,248890148,93245436,93245436
2026-05-13T15:16:27+01:00,server,2071166796,11474,13093398,2313850012,94780,13257806,1003462,0,263931984,252640544,11291440,248890776,93245436,93245436
2026-05-13T15:16:28+01:00,server,2071170070,11474,13093412,2313859880,94780,13257835,1003470,0,263931984,252641392,11290592,248891640,93245436,93245436
2026-05-13T15:16:29+01:00,server,2071173316,11474,13093423,2313869668,94780,13257863,1003476,0,263931984,252641264,11290720,248891512,93245436,93245436
2026-05-13T15:16:30+01:00,server,2071176590,11474,13093431,2313879543,94780,13257890,1003481,0,263931984,252640332,11291652,248890572,93245436,93245436
2026-05-13T15:16:31+01:00,server,2071179872,11474,13093440,2313889453,94780,13257917,1003487,0,263931984,252641648,11290336,248891880,93245436,93245436
2026-05-13T15:16:32+01:00,server,2071183203,11474,13093495,2313899220,94780,13257949,1003499,0,263931984,252640400,11291584,248890632,93245436,93245436
2026-05-13T15:16:33+01:00,server,2071186469,11474,13093510,2313909061,94780,13257978,1003506,0,263931984,252638392,11293592,248888624,93245436,93245436
2026-05-13T15:16:34+01:00,server,2071189735,11474,13093525,2313918904,94780,13258007,1003512,0,263931984,252638460,11293524,248888692,93245436,93245436
2026-05-13T15:16:35+01:00,server,2071193012,11474,13093537,2313928777,94780,13258037,1003520,0,263931984,252637712,11294272,248887944,93245436,93245436
2026-05-13T15:16:36+01:00,server,2071196288,11474,13093551,2313938643,94780,13258066,1003529,0,263931984,252637476,11294508,248887708,93245436,93245436
2026-05-13T15:16:37+01:00,server,2071199563,11474,13093563,2313948516,94780,13258094,1003535,0,263931984,252637284,11294700,248887508,93245436,93245436
2026-05-13T15:16:38+01:00,server,2071202831,11474,13093576,2313958367,94780,13258121,1003541,0,263931984,252638836,11293148,248889060,93245436,93245436
2026-05-13T15:16:39+01:00,server,2071206128,11474,13093590,2313968310,94780,13258149,1003548,0,263931984,252638728,11293256,248888952,93245436,93245436
2026-05-13T15:16:40+01:00,server,2071209336,11474,13093605,2313978203,94780,13258174,1003554,0,263931984,252573360,11358624,248823572,93245436,93245436
2026-05-13T15:16:41+01:00,server,2071212591,11474,13093615,2313987982,94780,13258189,1003557,0,263931984,252573780,11358204,248823992,93245436,93245436
2026-05-13T15:16:42+01:00,server,2071215861,11474,13093631,2313997839,94780,13258210,1003564,0,263931984,252574352,11357632,248824564,93245436,93245436
2026-05-13T15:16:43+01:00,server,2071219139,11474,13093640,2314007726,94780,13258237,1003570,0,263931984,252574508,11357476,248824720,93245436,93245436
2026-05-13T15:16:45+01:00,server,2071222416,11474,13093649,2314017619,94780,13258265,1003577,0,263931984,252574572,11357412,248824784,93245436,93245436
2026-05-13T15:16:46+01:00,server,2071225690,11474,13093656,2314027496,94780,13258291,1003583,0,263931984,252574000,11357984,248824212,93245436,93245436
2026-05-13T15:16:47+01:00,server,2071228957,11474,13093662,2314037356,94780,13258317,1003589,0,263931984,252575252,11356732,248825464,93245436,93245436
2026-05-13T15:16:48+01:00,server,2071232311,11474,13093764,2314047055,94780,13258349,1003599,0,263931984,252573484,11358500,248823680,93245436,93245436
2026-05-13T15:16:49+01:00,server,2071235586,11474,13093777,2314056929,94780,13258378,1003607,0,263931984,252573448,11358536,248823640,93245436,93245436
2026-05-13T15:16:50+01:00,server,2071238865,11474,13093788,2314066801,94780,13258406,1003615,0,263931984,252572596,11359388,248822788,93245436,93245436
2026-05-13T15:16:51+01:00,server,2071242139,11474,13093799,2314076671,94780,13258434,1003622,0,263931984,252573484,11358500,248823672,93245436,93245436
2026-05-13T15:16:52+01:00,server,2071245419,11474,13093810,2314086561,94780,13258463,1003631,0,263931984,252575280,11356704,248825464,93245436,93245436
2026-05-13T15:16:53+01:00,server,2071248704,11474,13093822,2314096463,94780,13258491,1003642,0,263931984,252576404,11355580,248826588,93245436,93245436
2026-05-13T15:16:54+01:00,server,2071252022,11474,13093833,2314106460,94780,13258520,1003649,0,263931984,252575220,11356764,248825396,93245436,93245436
2026-05-13T15:16:55+01:00,server,2071255282,11474,13093845,2314116282,94780,13258547,1003656,0,263931984,252575440,11356544,248825428,93245436,93245436
2026-05-13T15:16:56+01:00,server,2071258550,11474,13093856,2314126136,94780,13258576,1003663,0,263931984,252575876,11356108,248825864,93245436,93245436
2026-05-13T15:16:57+01:00,server,2071261812,11474,13093866,2314135978,94780,13258602,1003669,0,263931984,252575808,11356176,248825796,93245436,93245436
2026-05-13T15:16:58+01:00,server,2071265060,11474,13093875,2314145779,94780,13258630,1003676,0,263931984,252575200,11356784,248825188,93245436,93245436
2026-05-13T15:16:59+01:00,server,2071268301,11474,13093885,2314155557,94780,13258657,1003683,0,263931984,252575456,11356528,248825440,93245436,93245436
2026-05-13T15:17:00+01:00,server,2071271549,11474,13093894,2314165355,94780,13258684,1003690,0,263931984,252575472,11356512,248825456,93245436,93245436
2026-05-13T15:17:01+01:00,server,2071274810,11474,13093904,2314175197,94780,13258711,1003696,0,263931984,252575092,11356892,248825044,93245436,93245436
2026-05-13T15:17:02+01:00,server,2071278106,11480,13093980,2314184863,94780,13258743,1003709,0,263931984,252565820,11366164,248815772,93245436,93245436
2026-05-13T15:17:03+01:00,server,2071281348,11482,13093995,2314194618,94780,13258773,1003719,0,263931984,252573552,11358432,248823444,93245436,93245436
2026-05-13T15:17:04+01:00,server,2071284609,11482,13094006,2314204450,94780,13258801,1003726,0,263931984,252572048,11359936,248821940,93245436,93245436
2026-05-13T15:17:05+01:00,server,2071287871,11482,13094014,2314214296,94780,13258829,1003733,0,263931984,252572184,11359800,248822076,93245436,93245436
2026-05-13T15:17:06+01:00,server,2071291140,11482,13094025,2314224146,94780,13258857,1003740,0,263931984,252573948,11358036,248823840,93245436,93245436
2026-05-13T15:17:07+01:00,server,2071294399,11482,13094036,2314233978,94780,13258885,1003746,0,263931984,252573584,11358400,248823476,93245436,93245436
2026-05-13T15:17:08+01:00,server,2071297678,11482,13094047,2314243856,94780,13258914,1003755,0,263931984,252573936,11358048,248823828,93245436,93245436
2026-05-13T15:17:09+01:00,server,2071300949,11482,13094059,2314253711,94780,13258942,1003762,0,263931984,252574096,11357888,248823988,93245436,93245436
2026-05-13T15:17:10+01:00,server,2071304236,11482,13094069,2314263623,94780,13258970,1003769,0,263931984,252573760,11358224,248823652,93245436,93245436
2026-05-13T15:17:11+01:00,server,2071307488,11482,13094078,2314273438,94780,13258998,1003775,0,263931984,252573388,11358596,248823272,93245436,93245436
2026-05-13T15:17:12+01:00,server,2071310736,11482,13094087,2314283236,94780,13259026,1003783,0,263931984,252573476,11358508,248823360,93245436,93245436
2026-05-13T15:17:13+01:00,server,2071314009,11482,13094095,2314293107,94780,13259054,1003790,0,263931984,252572936,11359048,248822820,93245436,93245436
2026-05-13T15:17:14+01:00,server,2071317251,11482,13094104,2314302875,94780,13259081,1003797,0,263931984,252573396,11358588,248823280,93245436,93245436
2026-05-13T15:17:15+01:00,server,2071320483,11482,13094113,2314312629,94780,13259109,1003803,0,263931984,252573132,11358852,248823000,93245436,93245436
2026-05-13T15:17:16+01:00,server,2071323718,11482,13094121,2314322395,94780,13259136,1003809,0,263931984,252572612,11359372,248822476,93245436,93245436
2026-05-13T15:17:17+01:00,server,2071327018,11482,13094176,2314332066,94780,13259167,1003818,0,263931984,252571624,11360360,248821488,93245436,93245436
2026-05-13T15:17:18+01:00,server,2071330259,11482,13094184,2314341835,94780,13259194,1003825,0,263931984,252571576,11360408,248821440,93245436,93245436
2026-05-13T15:17:19+01:00,server,2071333495,11482,13094198,2314351588,94780,13259223,1003833,0,263931984,252571596,11360388,248821460,93245436,93245436
2026-05-13T15:17:20+01:00,server,2071336695,11482,13094212,2314361461,94780,13259250,1003840,0,263931984,252508580,11423404,248758444,93245436,93245436
2026-05-13T15:17:21+01:00,server,2071339984,11482,13094225,2314371368,94781,13259274,1003847,0,263931984,252507964,11424020,248757820,93245436,93245436
2026-05-13T15:17:23+01:00,server,2071343259,11482,13094234,2314381247,94781,13259302,1003853,0,263931984,252507612,11424372,248757460,93245436,93245436
2026-05-13T15:17:24+01:00,server,2071346522,11482,13094241,2314391092,94781,13259331,1003860,0,263931984,252508504,11423480,248758352,93245436,93245436
2026-05-13T15:17:25+01:00,server,2071349824,11482,13094252,2314401050,94781,13259360,1003868,0,263931984,252509156,11422828,248759004,93245436,93245436
2026-05-13T15:17:26+01:00,server,2071353105,11482,13094263,2314410949,94781,13259389,1003875,0,263931984,252509520,11422464,248759368,93245436,93245436
2026-05-13T15:17:27+01:00,server,2071356375,11482,13094274,2314420813,94781,13259417,1003882,0,263931984,252510104,11421880,248759952,93245436,93245436
2026-05-13T15:17:28+01:00,server,2071359647,11482,13094282,2314430677,94781,13259444,1003887,0,263931984,252510704,11421280,248760552,93245436,93245436
2026-05-13T15:17:29+01:00,server,2071362926,11482,13094293,2314440566,94781,13259473,1003895,0,263931984,252510208,11421776,248760056,93245436,93245436
2026-05-13T15:17:30+01:00,server,2071366205,11482,13094320,2314450423,94781,13259501,1003904,0,263931984,252507476,11424508,248757324,93245436,93245436
2026-05-13T15:17:31+01:00,server,2071369474,11482,13094427,2314460169,94781,13259531,1003915,0,263931984,252507992,11423992,248757840,93245436,93245436
2026-05-13T15:17:32+01:00,server,2071372774,11482,13094584,2314469837,94781,13259565,1003926,0,263931984,252506888,11425096,248756736,93245436,93245436
2026-05-13T15:17:33+01:00,server,2071376076,11482,13094675,2314479587,94781,13259602,1003942,0,263931984,252503520,11428464,248753336,93245436,93245436
2026-05-13T15:17:34+01:00,server,2071379429,11482,13094699,2314489338,94781,13259633,1003958,0,263931984,252505656,11426328,248755468,93245436,93245436
2026-05-13T15:17:35+01:00,server,2071382712,11482,13094712,2314499242,94783,13259665,1003968,0,263931984,252506936,11425048,248756728,93245436,93245436
2026-05-13T15:17:36+01:00,server,2071385983,11482,13094723,2314509105,94783,13259694,1003976,0,263931984,252506988,11424996,248756780,93245436,93245436
2026-05-13T15:17:37+01:00,server,2071389258,11482,13094735,2314518984,94783,13259724,1003983,0,263931984,252507784,11424200,248757576,93245436,93245436
2026-05-13T15:17:38+01:00,server,2071392553,11482,13094747,2314528914,94783,13259752,1003990,0,263931984,252508548,11423436,248758332,93245436,93245436
2026-05-13T15:17:39+01:00,server,2071395810,11482,13094757,2314538729,94783,13259781,1003997,0,263931984,252508532,11423452,248758316,93245436,93245436
2026-05-13T15:17:40+01:00,server,2071399055,11482,13094766,2314548519,94783,13259808,1004003,0,263931984,252508732,11423252,248758516,93245436,93245436
2026-05-13T15:17:41+01:00,server,2071402301,11482,13094775,2314558321,94783,13259836,1004010,0,263931984,252509084,11422900,248758868,93245436,93245436
2026-05-13T15:17:42+01:00,server,2071405553,11482,13094782,2314568138,94783,13259863,1004017,0,263931984,252509396,11422588,248759180,93245436,93245436
2026-05-13T15:17:43+01:00,server,2071408808,11482,13094791,2314577959,94783,13259890,1004022,0,263931984,252509012,11422972,248758796,93245436,93245436
2026-05-13T15:17:44+01:00,server,2071412082,11482,13094798,2314587840,94783,13259918,1004028,0,263931984,252509076,11422908,248758856,93245436,93245436
2026-05-13T15:17:45+01:00,server,2071415386,11482,13094804,2314597810,94783,13259945,1004033,0,263931984,252508924,11423060,248758704,93245436,93245436
2026-05-13T15:17:46+01:00,server,2071418650,11482,13094814,2314607682,94786,13259972,1004038,0,263931984,252508760,11423224,248758540,93245436,93245436
2026-05-13T15:17:47+01:00,server,2071421962,11482,13094874,2314617441,94786,13260003,1004048,0,263931984,252506780,11425204,248756552,93245436,93245436
2026-05-13T15:17:48+01:00,server,2071425221,11482,13094885,2314627281,94786,13260030,1004056,0,263931984,252505892,11426092,248755664,93245436,93245436
2026-05-13T15:17:49+01:00,server,2071428466,11482,13094896,2314637070,94786,13260059,1004062,0,263931984,252506408,11425576,248756180,93245436,93245436
2026-05-13T15:17:50+01:00,server,2071431706,11482,13094907,2314646848,94787,13260088,1004069,0,263931984,252506828,11425156,248756596,93245436,93245436
2026-05-13T15:17:51+01:00,server,2071434951,11482,13094919,2314656631,94787,13260118,1004077,0,263931984,252506996,11424988,248756764,93245436,93245436
2026-05-13T15:17:52+01:00,server,2071438207,11482,13094929,2314666457,94787,13260147,1004084,0,263931984,252502416,11429568,248752184,93245436,93245436
2026-05-13T15:17:53+01:00,server,2071441444,11482,13094941,2314676229,94792,13260175,1004090,0,263931984,252506532,11425452,248756292,93245436,93245436
2026-05-13T15:17:54+01:00,server,2071444685,11482,13094950,2314686011,94792,13260202,1004096,0,263931984,252506716,11425268,248756476,93245436,93245436
2026-05-13T15:17:55+01:00,server,2071447931,11482,13094961,2314695831,94794,13260229,1004101,0,263931984,252507440,11424544,248757200,93245436,93245436
2026-05-13T15:17:56+01:00,server,2071451172,11482,13094971,2314705608,94794,13260258,1004108,0,263931984,252508128,11423856,248757888,93245436,93245436
2026-05-13T15:17:57+01:00,server,2071454411,11482,13094978,2314715379,94794,13260285,1004115,0,263931984,252507976,11424008,248757736,93245436,93245436
2026-05-13T15:17:59+01:00,server,2071457640,11482,13094989,2314725147,94796,13260315,1004121,0,263931984,252507560,11424424,248757320,93245436,93245436
2026-05-13T15:18:00+01:00,server,2071460891,11482,13094999,2314734956,94796,13260344,1004128,0,263931984,252507572,11424412,248757332,93245436,93245436
2026-05-13T15:18:01+01:00,server,2071464131,11482,13095006,2314744734,94796,13260374,1004134,0,263931984,252507044,11424940,248756804,93245436,93245436
2026-05-13T15:18:02+01:00,server,2071467365,11482,13095015,2314754513,94799,13260401,1004140,0,263931984,252506856,11425128,248756616,93245436,93245436
2026-05-13T15:18:03+01:00,server,2071470679,11482,13095075,2314764213,94799,13260432,1004149,0,263931984,252506648,11425336,248756408,93245436,93245436
2026-05-13T15:18:04+01:00,server,2071473944,11483,13095089,2314774048,94799,13260461,1004157,0,263931984,252506888,11425096,248756648,93245436,93245436
2026-05-13T15:18:05+01:00,server,2071477179,11483,13095099,2314783817,94802,13260492,1004165,0,263931984,252507548,11424436,248757308,93245436,93245436
2026-05-13T15:18:06+01:00,server,2071480421,11483,13095109,2314793597,94802,13260522,1004172,0,263931984,252508204,11423780,248757964,93245436,93245436
2026-05-13T15:18:07+01:00,server,2071483658,11483,13095122,2314803373,94808,13260553,1004179,0,263931984,252508392,11423592,248758148,93245436,93245436
2026-05-13T15:18:08+01:00,server,2071486897,11483,13095132,2314813130,94808,13260582,1004188,0,263931984,252508764,11423220,248758516,93245436,93245436
2026-05-13T15:18:09+01:00,server,2071490135,11483,13095140,2314822901,94808,13260610,1004195,0,263931984,252507788,11424196,248757540,93245436,93245436
2026-05-13T15:18:10+01:00,server,2071493366,11483,13095151,2314832681,94811,13260639,1004201,0,263931984,252508448,11423536,248758200,93245436,93245436
2026-05-13T15:18:11+01:00,server,2071496629,11483,13095158,2314842528,94811,13260668,1004207,0,263931984,252508140,11423844,248757892,93245436,93245436
2026-05-13T15:18:12+01:00,server,2071499865,11483,13095168,2314852297,94811,13260697,1004215,0,263931984,252508796,11423188,248758544,93245436,93245436
2026-05-13T15:18:13+01:00,server,2071503103,11483,13095176,2314862070,94811,13260726,1004222,0,263931984,252508560,11423424,248758284,93245436,93245436
2026-05-13T15:18:14+01:00,server,2071506365,11483,13095186,2314871918,94811,13260756,1004228,0,263931984,252508628,11423356,248758352,93245436,93245436
2026-05-13T15:18:15+01:00,server,2071509611,11483,13095196,2314881713,94811,13260785,1004235,0,263931984,252508080,11423904,248757804,93245436,93245436
2026-05-13T15:18:16+01:00,server,2071512870,11483,13095206,2314891555,94811,13260815,1004243,0,263931984,252508420,11423564,248758136,93245436,93245436
2026-05-13T15:18:17+01:00,server,2071516166,11483,13095265,2314901209,94811,13260846,1004252,0,263931984,252508284,11423700,248757996,93245436,93245436
2026-05-13T15:18:18+01:00,server,2071519403,11483,13095276,2314910969,94811,13260875,1004259,0,263931984,252505736,11426248,248755448,93245436,93245436
2026-05-13T15:18:19+01:00,server,2071522646,11483,13095283,2314920748,94811,13260903,1004265,0,263931984,252505648,11426336,248755360,93245436,93245436
2026-05-13T15:18:20+01:00,server,2071525884,11483,13095296,2314930509,94811,13260933,1004273,0,263931984,252506168,11425816,248755880,93245436,93245436
2026-05-13T15:18:21+01:00,server,2071529143,11483,13095311,2314940327,94811,13260962,1004280,0,263931984,252506412,11425572,248756124,93245436,93245436
2026-05-13T15:18:22+01:00,server,2071532387,11483,13095322,2314950113,94811,13260992,1004287,0,263931984,252507612,11424372,248757324,93245436,93245436
2026-05-13T15:18:23+01:00,server,2071535623,11483,13095333,2314959872,94811,13261020,1004295,0,263931984,252508288,11423696,248757988,93245436,93245436
2026-05-13T15:18:24+01:00,server,2071538864,11483,13095342,2314969650,94811,13261049,1004303,0,263931984,252510932,11421052,248760632,93245436,93245436
2026-05-13T15:18:25+01:00,server,2071542105,11483,13095349,2314979445,94811,13261073,1004309,0,263931984,252511036,11420948,248760736,93245436,93245436
2026-05-13T15:18:26+01:00,server,2071545345,11483,13095358,2314989224,94811,13261100,1004315,0,263931984,252511144,11420840,248760844,93245436,93245436
2026-05-13T15:18:27+01:00,server,2071548590,11483,13095371,2314999037,94815,13261129,1004321,0,263931984,252510516,11421468,248760212,93245436,93245436
2026-05-13T15:18:28+01:00,server,2071551843,11483,13095380,2315008856,94815,13261159,1004328,0,263931984,252509720,11422264,248759416,93245436,93245436
2026-05-13T15:18:29+01:00,server,2071555085,11483,13095389,2315018653,94819,13261188,1004336,0,263931984,252510628,11421356,248760324,93245436,93245436
2026-05-13T15:18:30+01:00,server,2071558336,11483,13095396,2315028469,94819,13261216,1004342,0,263931984,252510648,11421336,248760344,93245436,93245436
2026-05-13T15:18:31+01:00,server,2071561588,11483,13095405,2315038289,94819,13261246,1004348,0,263931984,252510708,11421276,248760404,93245436,93245436
2026-05-13T15:18:32+01:00,server,2071564895,11483,13095470,2315047957,94821,13261278,1004358,0,263931984,252508624,11423360,248758316,93245436,93245436
2026-05-13T15:18:33+01:00,server,2071568157,11483,13095482,2315057782,94821,13261307,1004366,0,263931984,252508728,11423256,248758416,93245436,93245436
2026-05-13T15:18:34+01:00,server,2071571421,11483,13095494,2315067619,94821,13261335,1004375,0,263931984,252508324,11423660,248758012,93245436,93245436
2026-05-13T15:18:35+01:00,server,2071574675,11483,13095504,2315077428,94821,13261362,1004382,0,263931984,252507560,11424424,248757248,93245436,93245436
2026-05-13T15:18:36+01:00,server,2071577930,11483,13095510,2315087249,94821,13261390,1004389,0,263931984,252508916,11423068,248758604,93245436,93245436
2026-05-13T15:18:37+01:00,server,2071581173,11483,13095521,2315097029,94821,13261417,1004395,0,263931984,252509208,11422776,248758896,93245436,93245436
2026-05-13T15:18:38+01:00,server,2071584430,11483,13095532,2315106847,94821,13261445,1004402,0,263931984,252509248,11422736,248758924,93245436,93245436
2026-05-13T15:18:39+01:00,server,2071587700,11483,13095544,2315116694,94821,13261472,1004410,0,263931984,252509688,11422296,248759352,93245436,93245436
2026-05-13T15:18:40+01:00,server,2071590947,11483,13095552,2315126485,94821,13261499,1004417,0,263931984,252509896,11422088,248759560,93245436,93245436
2026-05-13T15:18:41+01:00,server,2071594190,11483,13095564,2315136265,94821,13261525,1004423,0,263931984,252509820,11422164,248759484,93245436,93245436
2026-05-13T15:18:42+01:00,server,2071597439,11483,13095576,2315146062,94821,13261552,1004429,0,263931984,252509480,11422504,248759144,93245436,93245436
2026-05-13T15:18:44+01:00,server,2071600704,11483,13095589,2315155909,94821,13261579,1004435,0,263931984,252510256,11421728,248759920,93245436,93245436
2026-05-13T15:18:45+01:00,server,2071603966,11483,13095600,2315165745,94821,13261606,1004442,0,263931984,252510372,11421612,248760028,93245436,93245436
2026-05-13T15:18:46+01:00,server,2071607216,11483,13095611,2315175544,94821,13261633,1004448,0,263931984,252510796,11421188,248760452,93245436,93245436
2026-05-13T15:18:47+01:00,server,2071610485,11483,13095623,2315185394,94821,13261659,1004454,0,263931984,252510440,11421544,248760096,93245436,93245436
2026-05-13T15:18:48+01:00,server,2071613772,11483,13095699,2315195088,94821,13261689,1004464,0,263931984,252509008,11422976,248758664,93245436,93245436
2026-05-13T15:18:49+01:00,server,2071617021,11483,13095713,2315204879,94821,13261718,1004472,0,263931984,252509668,11422316,248759324,93245436,93245436
2026-05-13T15:18:50+01:00,server,2071620278,11483,13095721,2315214699,94821,13261745,1004480,0,263931984,252510984,11421000,248760640,93245436,93245436
2026-05-13T15:18:51+01:00,server,2071623524,11483,13095730,2315224490,94821,13261772,1004486,0,263931984,252511324,11420660,248760980,93245436,93245436
2026-05-13T15:18:52+01:00,server,2071626793,11483,13095741,2315234344,94821,13261799,1004493,0,263931984,252511084,11420900,248760740,93245436,93245436
2026-05-13T15:18:53+01:00,server,2071630052,11483,13095752,2315244172,94821,13261825,1004498,0,263931984,252510752,11421232,248760400,93245436,93245436
2026-05-13T15:18:54+01:00,server,2071633301,11483,13095763,2315253960,94821,13261852,1004504,0,263931984,252510260,11421724,248759908,93245436,93245436
2026-05-13T15:18:55+01:00,server,2071636504,11483,13095778,2315263831,94821,13261879,1004511,0,263931984,252510480,11421504,248760128,93245436,93245436
2026-05-13T15:18:56+01:00,server,2071639767,11483,13095790,2315273673,94821,13261908,1004518,0,263931984,252511140,11420844,248760776,93245436,93245436
2026-05-13T15:18:57+01:00,server,2071643021,11483,13095799,2315283496,94821,13261936,1004523,0,263931984,252510240,11421744,248759876,93245436,93245436
2026-05-13T15:18:58+01:00,server,2071646268,11483,13095806,2315293293,94821,13261963,1004529,0,263931984,252510320,11421664,248759956,93245436,93245436
2026-05-13T15:18:59+01:00,server,2071649516,11483,13095815,2315303099,94821,13261990,1004535,0,263931984,252509940,11422044,248759576,93245436,93245436
2026-05-13T15:19:00+01:00,server,2071652789,11483,13095826,2315312971,94821,13262020,1004543,0,263931984,252510192,11421792,248759828,93245436,93245436
2026-05-13T15:19:01+01:00,server,2071656028,11483,13095833,2315322761,94821,13262043,1004548,0,263931984,252509992,11421992,248759628,93245436,93245436
2026-05-13T15:19:02+01:00,server,2071659348,11483,13095904,2315332404,94821,13262074,1004556,0,263931984,252508716,11423268,248758340,93245436,93245436
2026-05-13T15:19:03+01:00,server,2071662590,11483,13095914,2315342179,94821,13262103,1004563,0,263931984,252508276,11423708,248757900,93245436,93245436
2026-05-13T15:19:04+01:00,server,2071665832,11483,13095926,2315351950,94821,13262133,1004572,0,263931984,252507856,11424128,248757476,93245436,93245436
2026-05-13T15:19:05+01:00,server,2071669073,11483,13095938,2315361725,94821,13262163,1004578,0,263931984,252507024,11424960,248756644,93245436,93245436
2026-05-13T15:19:06+01:00,server,2071672313,11483,13095944,2315371508,94821,13262192,1004585,0,263931984,252507420,11424564,248757040,93245436,93245436
2026-05-13T15:19:07+01:00,server,2071675553,11483,13095956,2315381279,94821,13262220,1004592,0,263931984,252507792,11424192,248757408,93245436,93245436
2026-05-13T15:19:08+01:00,server,2071678818,11483,13095966,2315391120,94821,13262250,1004600,0,263931984,252507944,11424040,248757560,93245436,93245436
2026-05-13T15:19:09+01:00,server,2071682064,11483,13095978,2315400906,94821,13262279,1004608,0,263931984,252506780,11425204,248756396,93245436,93245436
2026-05-13T15:19:10+01:00,server,2071685303,11483,13095989,2315410671,94821,13262308,1004616,0,263931984,252507476,11424508,248757092,93245436,93245436
2026-05-13T15:19:11+01:00,server,2071688557,11483,13096001,2315420483,94821,13262338,1004623,0,263931984,252507336,11424648,248756952,93245436,93245436
2026-05-13T15:19:12+01:00,server,2071691801,11483,13096012,2315430263,94821,13262367,1004631,0,263931984,252507012,11424972,248756628,93245436,93245436
2026-05-13T15:19:13+01:00,server,2071695058,11483,13096022,2315440088,94821,13262398,1004639,0,263931984,252507088,11424896,248756704,93245436,93245436
2026-05-13T15:19:14+01:00,server,2071698312,11483,13096034,2315449877,94821,13262428,1004646,0,263931984,252507572,11424412,248757180,93245436,93245436
2026-05-13T15:19:15+01:00,server,2071701553,11483,13096044,2315459655,94821,13262457,1004653,0,263931984,252508064,11423920,248757656,93245436,93245436
2026-05-13T15:19:16+01:00,server,2071704807,11483,13096057,2315469472,94821,13262488,1004662,0,263931984,252508468,11423516,248758060,93245436,93245436
2026-05-13T15:19:17+01:00,server,2071708100,11483,13096128,2315479097,94821,13262521,1004674,0,263931984,252506804,11425180,248756380,93245436,93245436
2026-05-13T15:19:18+01:00,server,2071711338,11483,13096140,2315488869,94821,13262551,1004682,0,263931984,252504752,11427232,248754316,93245436,93245436
2026-05-13T15:19:19+01:00,server,2071714593,11483,13096150,2315498685,94821,13262580,1004689,0,263931984,252504568,11427416,248754132,93245436,93245436
2026-05-13T15:19:20+01:00,server,2071717853,11483,13096161,2315508514,94821,13262610,1004696,0,263931984,252504644,11427340,248754208,93245436,93245436
2026-05-13T15:19:21+01:00,server,2071721123,11483,13096171,2315518380,94821,13262639,1004703,0,263931984,252504240,11427744,248753804,93245436,93245436
2026-05-13T15:19:22+01:00,server,2071724394,11483,13096182,2315528244,94821,13262668,1004711,0,263931984,252504208,11427776,248753772,93245436,93245436
2026-05-13T15:19:23+01:00,server,2071727670,11483,13096191,2315538123,94821,13262699,1004718,0,263931984,252503048,11428936,248752612,93245436,93245436
2026-05-13T15:19:24+01:00,server,2071730942,11483,13096199,2315547997,94821,13262729,1004725,0,263931984,252503948,11428036,248753504,93245436,93245436
2026-05-13T15:19:26+01:00,server,2071734231,11483,13096211,2315557918,94821,13262759,1004732,0,263931984,252504292,11427692,248753848,93245436,93245436
2026-05-13T15:19:27+01:00,server,2071737500,11483,13096219,2315567790,94821,13262788,1004738,0,263931984,252504528,11427456,248754080,93245436,93245436
2026-05-13T15:19:28+01:00,server,2071740773,11483,13096228,2315577674,94821,13262816,1004744,0,263931984,252504696,11427288,248754248,93245436,93245436
2026-05-13T15:19:29+01:00,server,2071744068,11483,13096238,2315587620,94821,13262845,1004750,0,263931984,252504220,11427764,248753772,93245436,93245436
2026-05-13T15:19:30+01:00,server,2071747334,11483,13096247,2315597476,94821,13262874,1004756,0,263931984,252505208,11426776,248754760,93245436,93245436
2026-05-13T15:19:31+01:00,server,2071750606,11483,13096257,2315607348,94821,13262903,1004762,0,263931984,252504776,11427208,248754328,93245436,93245436
2026-05-13T15:19:32+01:00,server,2071753891,11483,13096266,2315617266,94821,13262931,1004769,0,263931984,252504304,11427680,248753856,93245436,93245436
2026-05-13T15:19:33+01:00,server,2071757246,11483,13096370,2315626934,94821,13262965,1004779,0,263931984,252502772,11429212,248752324,93245436,93245436
2026-05-13T15:19:34+01:00,server,2071760519,11483,13096385,2315636801,94821,13262996,1004787,0,263931984,252502508,11429476,248752060,93245436,93245436
2026-05-13T15:19:35+01:00,server,2071763800,11483,13096399,2315646680,94821,13263026,1004794,0,263931984,252503200,11428784,248752748,93245436,93245436
2026-05-13T15:19:36+01:00,server,2071767066,11483,13096410,2315656527,94821,13263055,1004802,0,263931984,252502028,11429956,248751576,93245436,93245436
2026-05-13T15:19:37+01:00,server,2071770330,11483,13096421,2315666387,94821,13263082,1004809,0,263931984,252502804,11429180,248752336,93245436,93245436
2026-05-13T15:19:38+01:00,server,2071773589,11483,13096432,2315676222,94822,13263110,1004816,0,263931984,252502844,11429140,248752376,93245436,93245436
2026-05-13T15:19:39+01:00,server,2071776878,11483,13096445,2315686124,94822,13263140,1004824,0,263931984,252504036,11427948,248753552,93245436,93245436
2026-05-13T15:19:40+01:00,server,2071780154,11483,13096458,2315696002,94822,13263170,1004832,0,263931984,252505204,11426780,248754720,93245436,93245436
2026-05-13T15:19:41+01:00,server,2071783450,11483,13096468,2315705950,94822,13263198,1004837,0,263931984,252505296,11426688,248754812,93245436,93245436
2026-05-13T15:19:42+01:00,server,2071786717,11483,13096476,2315715804,94822,13263226,1004842,0,263931984,252505224,11426760,248754740,93245436,93245436
2026-05-13T15:19:43+01:00,server,2071790014,11483,13096485,2315725750,94822,13263254,1004848,0,263931984,252504816,11427168,248754332,93245436,93245436
2026-05-13T15:19:44+01:00,server,2071793290,11483,13096492,2315735643,94822,13263282,1004855,0,263931984,252504352,11427632,248753868,93245436,93245436
2026-05-13T15:19:45+01:00,server,2071796569,11483,13096498,2315745540,94822,13263310,1004861,0,263931984,252505648,11426336,248755152,93245436,93245436
2026-05-13T15:19:46+01:00,server,2071799817,11483,13096505,2315755348,94822,13263338,1004867,0,263931984,252505164,11426820,248754668,93245436,93245436
2026-05-13T15:19:47+01:00,server,2071803145,11483,13096595,2315764999,94822,13263369,1004875,0,263931984,252503372,11428612,248752876,93245436,93245436
2026-05-13T15:19:48+01:00,server,2071806391,11483,13096604,2315774796,94822,13263398,1004882,0,263931984,252502576,11429408,248752080,93245436,93245436
2026-05-13T15:19:49+01:00,server,2071809632,11483,13096613,2315784583,94822,13263426,1004889,0,263931984,252502336,11429648,248751840,93245436,93245436
2026-05-13T15:19:50+01:00,server,2071812894,11483,13096621,2315794435,94822,13263454,1004895,0,263931984,252501900,11430084,248751404,93245436,93245436
2026-05-13T15:19:51+01:00,server,2071816132,11483,13096628,2315804208,94822,13263482,1004901,0,263931984,252502220,11429764,248751724,93245436,93245436
2026-05-13T15:19:52+01:00,server,2071819390,11483,13096639,2315814029,94822,13263511,1004907,0,263931984,252501424,11430560,248750928,93245436,93245436
2026-05-13T15:19:53+01:00,server,2071822661,11486,13096654,2315823884,94822,13263541,1004916,0,263931984,252501124,11430860,248750604,93245436,93245436
2026-05-13T15:19:54+01:00,server,2071825942,11486,13096668,2315833784,94822,13263570,1004923,0,263931984,252500808,11431176,248750280,93245436,93245436
2026-05-13T15:19:55+01:00,server,2071829237,11486,13096681,2315843711,94822,13263600,1004931,0,263931984,252499944,11432040,248749416,93245436,93245436
2026-05-13T15:19:56+01:00,server,2071832494,11486,13096692,2315853536,94822,13263628,1004938,0,263931984,252499596,11432388,248749068,93245436,93245436
2026-05-13T15:19:57+01:00,server,2071835767,11486,13096704,2315863407,94822,13263656,1004943,0,263931984,252499740,11432244,248749212,93245436,93245436
2026-05-13T15:19:58+01:00,server,2071839035,11486,13096717,2315873266,94822,13263685,1004950,0,263931984,252499120,11432864,248748592,93245436,93245436
2026-05-13T15:20:00+01:00,server,2071842322,11486,13096729,2315883165,94822,13263715,1004958,0,263931984,252499528,11432456,248749000,93245436,93245436
2026-05-13T15:20:01+01:00,server,2071845588,11486,13096734,2315893032,94822,13263744,1004964,0,263931984,252499056,11432928,248748528,93245436,93245436
2026-05-13T15:20:02+01:00,server,2071848875,11486,13096751,2315902935,94822,13263774,1004972,0,263931984,252498804,11433180,248748264,93245436,93245436
2026-05-13T15:20:03+01:00,server,2071852199,11486,13096812,2315912724,94822,13263807,1004983,0,263931984,252499188,11432796,248748636,93245436,93245436
2026-05-13T15:20:04+01:00,server,2071855481,11486,13096826,2315922612,94822,13263839,1004993,0,263931984,252499320,11432664,248748768,93245436,93245436
2026-05-13T15:20:05+01:00,server,2071858752,11486,13096840,2315932462,94822,13263870,1005002,0,263931984,252499240,11432744,248748688,93245436,93245436
2026-05-13T15:20:06+01:00,server,2071862038,11486,13096854,2315942368,94822,13263902,1005011,0,263931984,252500220,11431764,248749668,93245436,93245436
2026-05-13T15:20:07+01:00,server,2071865312,11486,13096869,2315952234,94822,13263932,1005020,0,263931984,252501228,11430756,248750668,93245436,93245436
2026-05-13T15:20:08+01:00,server,2071868576,11486,13096884,2315962072,94822,13263963,1005029,0,263931984,252501056,11430928,248750480,93245436,93245436
2026-05-13T15:20:09+01:00,server,2071871853,11486,13096900,2315971928,94822,13263995,1005038,0,263931984,252502376,11429608,248751800,93245436,93245436
2026-05-13T15:20:10+01:00,server,2071875127,11486,13096912,2315981804,94822,13264025,1005046,0,263931984,252503196,11428788,248752620,93245436,93245436
2026-05-13T15:20:11+01:00,server,2071878404,11486,13096924,2315991679,94822,13264054,1005055,0,263931984,252504292,11427692,248753716,93245436,93245436
2026-05-13T15:20:12+01:00,server,2071881662,11486,13096933,2316001633,94822,13264084,1005063,0,263931984,252550436,11381548,248799860,93245436,93245436
2026-05-13T15:20:13+01:00,server,2071884936,11486,13096942,2316011509,94822,13264111,1005071,0,263931984,252551732,11380252,248801156,93245436,93245436
2026-05-13T15:20:14+01:00,server,2071888214,11486,13096952,2316021397,94822,13264140,1005080,0,263931984,252551144,11380840,248800568,93245436,93245436
2026-05-13T15:20:15+01:00,server,2071891486,11486,13096962,2316031269,94822,13264168,1005088,0,263931984,252551520,11380464,248800940,93245436,93245436
2026-05-13T15:20:16+01:00,server,2071894765,11486,13096968,2316041162,94822,13264196,1005096,0,263931984,252552012,11379972,248801428,93245436,93245436
2026-05-13T15:20:17+01:00,server,2071898084,11486,13097033,2316050903,94822,13264227,1005109,0,263931984,252550024,11381960,248799416,93245436,93245436
2026-05-13T15:20:18+01:00,server,2071901382,11486,13097045,2316060840,94822,13264256,1005117,0,263931984,252548632,11383352,248798024,93245436,93245436
2026-05-13T15:20:19+01:00,server,2071904673,11486,13097058,2316070754,94822,13264285,1005126,0,263931984,252547932,11384052,248797324,93245436,93245436
2026-05-13T15:20:20+01:00,server,2071907973,11486,13097068,2316080696,94822,13264315,1005135,0,263931984,252548216,11383768,248797608,93245436,93245436
2026-05-13T15:20:21+01:00,server,2071911248,11486,13097082,2316090568,94822,13264343,1005144,0,263931984,252547840,11384144,248797232,93245436,93245436
2026-05-13T15:20:22+01:00,server,2071914540,11486,13097098,2316100478,94822,13264373,1005153,0,263931984,252548512,11383472,248797904,93245436,93245436
2026-05-13T15:20:23+01:00,server,2071917826,11486,13097113,2316110373,94822,13264402,1005162,0,263931984,252548948,11383036,248798340,93245436,93245436
2026-05-13T15:20:24+01:00,server,2071921093,11486,13097127,2316120222,94822,13264430,1005172,0,263931984,252548616,11383368,248797992,93245436,93245436
2026-05-13T15:20:25+01:00,server,2071924377,11486,13097141,2316130123,94822,13264458,1005180,0,263931984,252548468,11383516,248797836,93245436,93245436
2026-05-13T15:20:26+01:00,server,2071927693,11486,13097155,2316140119,94822,13264486,1005186,0,263931984,252548524,11383460,248797892,93245436,93245436
2026-05-13T15:20:27+01:00,server,2071930980,11486,13097168,2316150032,94822,13264512,1005193,0,263931984,252548324,11383660,248797692,93245436,93245436
2026-05-13T15:20:28+01:00,server,2071934267,11486,13097181,2316159941,94823,13264540,1005200,0,263931984,252547676,11384308,248797044,93245436,93245436
2026-05-13T15:20:29+01:00,server,2071937549,11486,13097193,2316169834,94823,13264566,1005206,0,263931984,252548096,11383888,248797464,93245436,93245436
2026-05-13T15:20:31+01:00,server,2071940843,11486,13097205,2316179770,94823,13264593,1005213,0,263931984,252548020,11383964,248797384,93245436,93245436
2026-05-13T15:20:32+01:00,server,2071944121,11486,13097212,2316189658,94823,13264619,1005219,0,263931984,252547604,11384380,248796968,93245436,93245436
2026-05-13T15:20:33+01:00,server,2071947430,11486,13097277,2316199344,94823,13264649,1005228,0,263931984,252545920,11386064,248795284,93245436,93245436
2026-05-13T15:20:34+01:00,server,2071950687,11486,13097290,2316209160,94823,13264676,1005235,0,263931984,252545976,11386008,248795328,93245436,93245436
2026-05-13T15:20:35+01:00,server,2071953935,11486,13097303,2316218944,94823,13264703,1005242,0,263931984,252546292,11385692,248795644,93245436,93245436
2026-05-13T15:20:36+01:00,server,2071957186,11486,13097317,2316228735,94823,13264730,1005250,0,263931984,252545564,11386420,248794908,93245436,93245436
2026-05-13T15:20:37+01:00,server,2071960457,11486,13097332,2316238584,94823,13264758,1005258,0,263931984,252545960,11386024,248795304,93245436,93245436
2026-05-13T15:20:38+01:00,server,2071963757,11486,13097348,2316248526,94823,13264785,1005266,0,263931984,252545912,11386072,248795256,93245436,93245436
2026-05-13T15:20:39+01:00,server,2071967026,11486,13097363,2316258375,94823,13264813,1005272,0,263931984,252546436,11385548,248795780,93245436,93245436
2026-05-13T15:20:40+01:00,server,2071970291,11486,13097377,2316268210,94823,13264840,1005279,0,263931984,252546224,11385760,248795568,93245436,93245436
2026-05-13T15:20:41+01:00,server,2071973578,11486,13097390,2316278110,94823,13264868,1005287,0,263931984,252546976,11385008,248796320,93245436,93245436
2026-05-13T15:20:42+01:00,server,2071976855,11486,13097404,2316287979,94823,13264896,1005294,0,263931984,252547392,11384592,248796732,93245436,93245436
2026-05-13T15:20:43+01:00,server,2071980099,11486,13097417,2316297764,94823,13264922,1005301,0,263931984,252547524,11384460,248796864,93245436,93245436
2026-05-13T15:20:44+01:00,server,2071983352,11486,13097430,2316307572,94823,13264949,1005307,0,263931984,252547180,11384804,248796520,93245436,93245436
2026-05-13T15:20:45+01:00,server,2071986595,11486,13097436,2316317359,94823,13264974,1005312,0,263931984,252545412,11386572,248794752,93245436,93245436
2026-05-13T15:20:46+01:00,server,2071989835,11486,13097444,2316327135,94823,13265000,1005317,0,263931984,252546832,11385152,248796164,93245436,93245436
2026-05-13T15:20:47+01:00,server,2071993141,11486,13097516,2316336826,94823,13265029,1005327,0,263931984,252547076,11384908,248796408,93245436,93245436
2026-05-13T15:20:48+01:00,server,2071996313,11486,13097530,2316346661,94823,13265057,1005335,0,263931984,252544500,11387484,248793832,93245436,93245436
2026-05-13T15:20:49+01:00,server,2071999552,11486,13097539,2316356414,94823,13265084,1005343,0,263931984,252545436,11386548,248794768,93245436,93245436
2026-05-13T15:20:50+01:00,server,2072002790,11486,13097548,2316366187,94823,13265111,1005348,0,263931984,252545416,11386568,248794748,93245436,93245436
2026-05-13T15:20:51+01:00,server,2072006054,11486,13097556,2316376031,94823,13265137,1005354,0,263931984,252545868,11386116,248795200,93245436,93245436
2026-05-13T15:20:52+01:00,server,2072009306,11486,13097563,2316385845,94823,13265163,1005361,0,263931984,252545332,11386652,248794664,93245436,93245436
2026-05-13T15:20:53+01:00,server,2072012587,11486,13097572,2316395747,94823,13265190,1005367,0,263931984,252546652,11385332,248795984,93245436,93245436
2026-05-13T15:20:54+01:00,server,2072015864,11486,13097581,2316405617,94823,13265217,1005374,0,263931984,252547020,11384964,248796352,93245436,93245436
2026-05-13T15:20:55+01:00,server,2072019116,11486,13097589,2316415438,94823,13265243,1005380,0,263931984,252547236,11384748,248796568,93245436,93245436
2026-05-13T15:20:56+01:00,server,2072022373,11486,13097600,2316425248,94823,13265269,1005386,0,263931984,252545488,11386496,248794808,93245436,93245436
2026-05-13T15:20:57+01:00,server,2072025638,11486,13097613,2316435097,94823,13265295,1005392,0,263931984,252546116,11385868,248795436,93245436,93245436
2026-05-13T15:20:58+01:00,server,2072028919,11486,13097625,2316444991,94823,13265322,1005398,0,263931984,252545488,11386496,248794804,93245436,93245436
2026-05-13T15:20:59+01:00,server,2072032210,11486,13097638,2316454912,94823,13265349,1005405,0,263931984,252545644,11386340,248794960,93245436,93245436
2026-05-13T15:21:00+01:00,server,2072035459,11486,13097648,2316464715,94823,13265376,1005412,0,263931984,252544992,11386992,248794308,93245436,93245436
2026-05-13T15:21:01+01:00,server,2072038698,11486,13097653,2316474498,94823,13265402,1005417,0,263931984,252546580,11385404,248795896,93245436,93245436
2026-05-13T15:21:02+01:00,server,2072042007,11486,13097730,2316484188,94823,13265432,1005426,0,263931984,252545040,11386944,248794352,93245436,93245436
2026-05-13T15:21:03+01:00,server,2072045247,11486,13097743,2316493959,94823,13265460,1005434,0,263931984,252545304,11386680,248794616,93245436,93245436
2026-05-13T15:21:04+01:00,server,2072048493,11486,13097757,2316503734,94823,13265488,1005442,0,263931984,252545160,11386824,248794472,93245436,93245436
2026-05-13T15:21:05+01:00,server,2072051741,11486,13097769,2316513515,94823,13265515,1005449,0,263931984,252546628,11385356,248795940,93245436,93245436
2026-05-13T15:21:06+01:00,server,2072054986,11486,13097783,2316523292,94823,13265542,1005456,0,263931984,252546008,11385976,248795296,93245436,93245436
2026-05-13T15:21:07+01:00,server,2072058252,11486,13097796,2316533134,94823,13265570,1005463,0,263931984,252547104,11384880,248796392,93245436,93245436
2026-05-13T15:21:08+01:00,server,2072061493,11486,13097806,2316542899,94823,13265597,1005472,0,263931984,252547704,11384280,248796992,93245436,93245436
2026-05-13T15:21:10+01:00,server,2072064740,11486,13097815,2316552690,94823,13265623,1005479,0,263931984,252547068,11384916,248796356,93245436,93245436
2026-05-13T15:21:11+01:00,server,2072068012,11486,13097824,2316562564,94823,13265649,1005485,0,263931984,252547520,11384464,248796884,93245436,93245436
2026-05-13T15:21:12+01:00,server,2072071253,11486,13097832,2316572336,94823,13265674,1005490,0,263931984,252547624,11384360,248796988,93245436,93245436
2026-05-13T15:21:13+01:00,server,2072074498,11486,13097844,2316582118,94823,13265701,1005497,0,263931984,252547524,11384460,248796888,93245436,93245436
2026-05-13T15:21:14+01:00,server,2072077763,11486,13097856,2316591969,94823,13265727,1005504,0,263931984,252547292,11384692,248796656,93245436,93245436
2026-05-13T15:21:15+01:00,server,2072081014,11486,13097860,2316601769,94823,13265752,1005510,0,263931984,252548576,11383408,248797940,93245436,93245436
2026-05-13T15:21:16+01:00,server,2072084270,11486,13097871,2316611581,94823,13265778,1005516,0,263931984,252548848,11383136,248798212,93245436,93245436
2026-05-13T15:21:17+01:00,server,2072087513,11486,13097882,2316621367,94823,13265805,1005523,0,263931984,252548520,11383464,248797876,93245436,93245436
2026-05-13T15:21:18+01:00,server,2072090827,11486,13097948,2316631016,94823,13265836,1005536,0,263931984,252547168,11384816,248796524,93245436,93245436
2026-05-13T15:21:19+01:00,server,2072094087,11486,13097962,2316640836,94823,13265863,1005544,0,263931984,252547632,11384352,248796988,93245436,93245436
2026-05-13T15:21:20+01:00,server,2072097338,11486,13097976,2316650628,94823,13265891,1005552,0,263931984,252548036,11383948,248797392,93245436,93245436
2026-05-13T15:21:21+01:00,server,2072100595,11486,13097992,2316660434,94823,13265918,1005560,0,263931984,252547628,11384356,248796984,93245436,93245436
2026-05-13T15:21:22+01:00,server,2072103850,11486,13098004,2316670238,94823,13265945,1005567,0,263931984,252547688,11384296,248797044,93245436,93245436
2026-05-13T15:21:23+01:00,server,2072107120,11486,13098018,2316680092,94823,13265973,1005574,0,263931984,252547992,11383992,248797348,93245436,93245436
2026-05-13T15:21:24+01:00,server,2072110315,11486,13098032,2316689986,94823,13266001,1005582,0,263931984,252548264,11383720,248797612,93245436,93245436
2026-05-13T15:21:25+01:00,server,2072113569,11486,13098045,2316699794,94823,13266028,1005589,0,263931984,252548564,11383420,248797912,93245436,93245436
2026-05-13T15:21:26+01:00,server,2072116833,11486,13098059,2316709651,94825,13266056,1005595,0,263931984,252549112,11382872,248798452,93245436,93245436
2026-05-13T15:21:27+01:00,server,2072120093,11486,13098063,2316719509,94825,13266084,1005600,0,263931984,252549404,11382580,248798736,93245436,93245436
2026-05-13T15:21:28+01:00,server,2072123348,11486,13098074,2316729334,94825,13266114,1005607,0,263931984,252549836,11382148,248799168,93245436,93245436
2026-05-13T15:21:29+01:00,server,2072126608,11486,13098086,2316739166,94825,13266142,1005613,0,263931984,252549964,11382020,248799296,93245436,93245436
2026-05-13T15:21:30+01:00,server,2072129867,11486,13098094,2316749006,94825,13266171,1005620,0,263931984,252549860,11382124,248799192,93245436,93245436
2026-05-13T15:21:31+01:00,server,2072133112,11486,13098102,2316758808,94825,13266199,1005625,0,263931984,252549208,11382776,248798540,93245436,93245436
2026-05-13T15:21:32+01:00,server,2072136408,11486,13098199,2316768476,94825,13266232,1005634,0,263931984,252547276,11384708,248796608,93245436,93245436
2026-05-13T15:21:33+01:00,server,2072139659,11486,13098210,2316778283,94825,13266261,1005641,0,263931984,252546320,11385664,248795652,93245436,93245436
2026-05-13T15:21:34+01:00,server,2072142907,11486,13098219,2316788080,94825,13266291,1005648,0,263931984,252546808,11385176,248796140,93245436,93245436
2026-05-13T15:21:35+01:00,server,2072146148,11486,13098230,2316797855,94825,13266320,1005655,0,263931984,252546996,11384988,248796328,93245436,93245436
2026-05-13T15:21:36+01:00,server,2072149387,11486,13098243,2316807623,94825,13266350,1005663,0,263931984,252546908,11385076,248796240,93245436,93245436
2026-05-13T15:21:37+01:00,server,2072152649,11486,13098256,2316817446,94825,13266381,1005671,0,263931984,252546984,11385000,248796316,93245436,93245436
2026-05-13T15:21:38+01:00,server,2072155888,11486,13098269,2316827216,94825,13266410,1005677,0,263931984,252547516,11384468,248796848,93245436,93245436
2026-05-13T15:21:39+01:00,server,2072159129,11486,13098281,2316836992,94825,13266440,1005685,0,263931984,252550748,11381236,248800080,93245436,93245436
2026-05-13T15:21:40+01:00,server,2072162364,11486,13098289,2316846752,94825,13266469,1005692,0,263931984,252551344,11380640,248800676,93245436,93245436
2026-05-13T15:21:41+01:00,server,2072165601,11486,13098298,2316856526,94825,13266497,1005698,0,263931984,252550364,11381620,248799696,93245436,93245436
2026-05-13T15:21:42+01:00,server,2072168854,11486,13098305,2316866352,94825,13266525,1005704,0,263931984,252549920,11382064,248799252,93245436,93245436
2026-05-13T15:21:43+01:00,server,2072172105,11486,13098311,2316876167,94825,13266553,1005709,0,263931984,252550544,11381440,248799876,93245436,93245436
2026-05-13T15:21:44+01:00,server,2072175354,11486,13098320,2316885977,94825,13266583,1005716,0,263931984,252550420,11381564,248799752,93245436,93245436
2026-05-13T15:21:45+01:00,server,2072178611,11486,13098329,2316895802,94825,13266611,1005722,0,263931984,252549908,11382076,248799240,93245436,93245436
2026-05-13T15:21:46+01:00,server,2072181856,11486,13098337,2316905598,94825,13266639,1005729,0,263931984,252550184,11381800,248799516,93245436,93245436
2026-05-13T15:21:47+01:00,server,2072185178,11486,13098423,2316915255,94825,13266672,1005739,0,263931984,252550056,11381928,248799360,93245436,93245436
2026-05-13T15:21:48+01:00,server,2072188440,11486,13098436,2316925091,94826,13266701,1005747,0,263931984,252549452,11382532,248798756,93245436,93245436
2026-05-13T15:21:49+01:00,server,2072191683,11486,13098449,2316934858,94826,13266728,1005754,0,263931984,252549472,11382512,248798776,93245436,93245436
2026-05-13T15:21:50+01:00,server,2072194927,11486,13098461,2316944633,94826,13266755,1005760,0,263931984,252549760,11382224,248799064,93245436,93245436
2026-05-13T15:21:51+01:00,server,2072198178,11486,13098473,2316954433,94826,13266782,1005768,0,263931984,252549816,11382168,248799120,93245436,93245436
2026-05-13T15:21:53+01:00,server,2072201469,11486,13098484,2316964343,94827,13266810,1005775,0,263931984,252550172,11381812,248799476,93245436,93245436
2026-05-13T15:21:54+01:00,server,2072204735,11486,13098494,2316974180,94827,13266837,1005781,0,263931984,252549780,11382204,248799080,93245436,93245436
2026-05-13T15:21:55+01:00,server,2072208021,11486,13098504,2316984084,94827,13266864,1005789,0,263931984,252549888,11382096,248799188,93245436,93245436
2026-05-13T15:21:56+01:00,server,2072211288,11486,13098517,2316993922,94827,13266891,1005796,0,263931984,252550820,11381164,248800120,93245436,93245436
2026-05-13T15:21:57+01:00,server,2072214538,11486,13098531,2317003717,94827,13266918,1005804,0,263931984,252551404,11380580,248800704,93245436,93245436
2026-05-13T15:21:58+01:00,server,2072217795,11486,13098543,2317013535,94827,13266943,1005810,0,263931984,252550092,11381892,248799384,93245436,93245436
2026-05-13T15:21:59+01:00,server,2072220980,11486,13098553,2317023438,94827,13266969,1005815,0,263931984,252548276,11383708,248797568,93245436,93245436
2026-05-13T15:22:00+01:00,server,2072224221,11486,13098560,2317033217,94827,13266994,1005820,0,263931984,252549980,11382004,248799272,93245436,93245436
2026-05-13T15:22:01+01:00,server,2072227458,11486,13098571,2317042987,94827,13267021,1005825,0,263931984,252550228,11381756,248799520,93245436,93245436
2026-05-13T15:22:02+01:00,server,2072230711,11492,13098589,2317052780,94827,13267048,1005834,0,263931984,252540076,11391908,248789368,93245436,93245436
2026-05-13T15:22:03+01:00,server,2072234026,11495,13098647,2317062437,94827,13267080,1005850,0,263931984,252547040,11384944,248796320,93245436,93245436
2026-05-13T15:22:04+01:00,server,2072237266,11495,13098661,2317072203,94827,13267109,1005857,0,263931984,252547020,11384964,248796300,93245436,93245436
2026-05-13T15:22:05+01:00,server,2072240506,11495,13098675,2317081968,94827,13267136,1005864,0,263931984,252546684,11385300,248795964,93245436,93245436
2026-05-13T15:22:06+01:00,server,2072243762,11495,13098684,2317091785,94827,13267163,1005871,0,263931984,252547396,11384588,248796676,93245436,93245436
2026-05-13T15:22:07+01:00,server,2072247003,11495,13098694,2317101579,94831,13267190,1005877,0,263931984,252547432,11384552,248796712,93245436,93245436
2026-05-13T15:22:08+01:00,server,2072250246,11495,13098704,2317111352,94831,13267216,1005884,0,263931984,252547292,11384692,248796572,93245436,93245436
2026-05-13T15:22:09+01:00,server,2072253486,11495,13098716,2317121127,94831,13267243,1005889,0,263931984,252546992,11384992,248796264,93245436,93245436
2026-05-13T15:22:10+01:00,server,2072256728,11495,13098728,2317130905,94831,13267269,1005895,0,263931984,252546972,11385012,248796244,93245436,93245436
2026-05-13T15:22:11+01:00,server,2072259978,11495,13098736,2317140709,94831,13267295,1005900,0,263931984,252546788,11385196,248796060,93245436,93245436
2026-05-13T15:22:12+01:00,server,2072263262,11495,13098747,2317150614,94831,13267322,1005907,0,263931984,252546940,11385044,248796212,93245436,93245436
2026-05-13T15:22:13+01:00,server,2072266509,11495,13098754,2317160431,94833,13267348,1005913,0,263931984,252546504,11385480,248795776,93245436,93245436
2026-05-13T15:22:14+01:00,server,2072269786,11495,13098764,2317170311,94833,13267376,1005919,0,263931984,252547324,11384660,248796596,93245436,93245436
2026-05-13T15:22:15+01:00,server,2072273029,11495,13098773,2317180110,94833,13267403,1005925,0,263931984,252546628,11385356,248795900,93245436,93245436
2026-05-13T15:22:16+01:00,server,2072276273,11495,13098783,2317189898,94833,13267432,1005933,0,263931984,252548060,11383924,248797324,93245436,93245436
2026-05-13T15:22:17+01:00,server,2072279575,11495,13098841,2317199574,94833,13267463,1005943,0,263931984,252547976,11384008,248797236,93245436,93245436
2026-05-13T15:22:18+01:00,server,2072282836,11495,13098852,2317209402,94833,13267491,1005951,0,263931984,252546644,11385340,248795904,93245436,93245436
2026-05-13T15:22:19+01:00,server,2072286098,11495,13098867,2317219246,94836,13267520,1005958,0,263931984,252545772,11386212,248795032,93245436,93245436
2026-05-13T15:22:20+01:00,server,2072289340,11495,13098880,2317229019,94836,13267548,1005966,0,263931984,252545248,11386736,248794508,93245436,93245436
2026-05-13T15:22:21+01:00,server,2072292589,11495,13098893,2317238811,94836,13267575,1005973,0,263931984,252546460,11385524,248795716,93245436,93245436
2026-05-13T15:22:22+01:00,server,2072295832,11495,13098904,2317248593,94836,13267602,1005979,0,263931984,252545912,11386072,248795168,93245436,93245436
2026-05-13T15:22:23+01:00,server,2072299071,11495,13098915,2317258360,94836,13267630,1005986,0,263931984,252546408,11385576,248795664,93245436,93245436
2026-05-13T15:22:24+01:00,server,2072302329,11495,13098927,2317268163,94836,13267658,1005995,0,263931984,252546944,11385040,248796200,93245436,93245436
2026-05-13T15:22:25+01:00,server,2072305569,11495,13098941,2317277950,94839,13267687,1006002,0,263931984,252547388,11384596,248796644,93245436,93245436
2026-05-13T15:22:26+01:00,server,2072308816,11495,13098952,2317287733,94839,13267714,1006010,0,263931984,252547552,11384432,248796808,93245436,93245436
2026-05-13T15:22:27+01:00,server,2072312057,11495,13098963,2317297503,94839,13267741,1006016,0,263931984,252548036,11383948,248797292,93245436,93245436
2026-05-13T15:22:28+01:00,server,2072315318,11495,13098967,2317307346,94839,13267768,1006023,0,263931984,252547476,11384508,248796724,93245436,93245436
2026-05-13T15:22:29+01:00,server,2072318558,11495,13098977,2317317123,94839,13267793,1006028,0,263931984,252548032,11383952,248797280,93245436,93245436
2026-05-13T15:22:30+01:00,server,2072321815,11495,13099057,2317326839,94839,13267821,1006038,0,263931984,252545456,11386528,248794672,93245436,93245436
2026-05-13T15:22:31+01:00,server,2072325069,11495,13099170,2317336543,94841,13267851,1006050,0,263931984,252545036,11386948,248794252,93245436,93245436
2026-05-13T15:22:32+01:00,server,2072328356,11495,13099332,2317346143,94841,13267888,1006060,0,263931984,252539712,11392272,248788928,93245436,93245436
2026-05-13T15:22:33+01:00,server,2072331665,11495,13099376,2317355793,94841,13267918,1006075,0,263931984,252536820,11395164,248786032,93245436,93245436
2026-05-13T15:22:34+01:00,server,2072334884,11495,13099391,2317365613,94841,13267947,1006091,0,263931984,252551856,11380128,248801068,93245436,93245436
2026-05-13T15:22:36+01:00,server,2072338136,11495,13099400,2317375417,94841,13267975,1006105,0,263931984,252552092,11379892,248801304,93245436,93245436
2026-05-13T15:22:37+01:00,server,2072341392,11495,13099414,2317385248,94843,13268005,1006115,0,263931984,252552780,11379204,248801992,93245436,93245436
2026-05-13T15:22:38+01:00,server,2072344630,11495,13099423,2317395010,94843,13268035,1006124,0,263931984,252553732,11378252,248802940,93245436,93245436
2026-05-13T15:22:39+01:00,server,2072347865,11495,13099436,2317404766,94843,13268065,1006135,0,263931984,252555400,11376584,248804600,93245436,93245436
2026-05-13T15:22:40+01:00,server,2072351103,11495,13099447,2317414533,94844,13268093,1006142,0,263931984,252556976,11375008,248806176,93245436,93245436
2026-05-13T15:22:41+01:00,server,2072354383,11495,13099459,2317424428,94844,13268121,1006150,0,263931984,252556932,11375052,248806132,93245436,93245436
2026-05-13T15:22:42+01:00,server,2072357618,11495,13099469,2317434202,94847,13268148,1006156,0,263931984,252557784,11374200,248806984,93245436,93245436
2026-05-13T15:22:43+01:00,server,2072360860,11495,13099478,2317443992,94847,13268174,1006162,0,263931984,252557808,11374176,248807008,93245436,93245436
2026-05-13T15:22:44+01:00,server,2072364100,11495,13099485,2317453769,94847,13268200,1006168,0,263931984,252557364,11374620,248806564,93245436,93245436
2026-05-13T15:22:45+01:00,server,2072367339,11495,13099490,2317463555,94849,13268227,1006174,0,263931984,252556924,11375060,248806124,93245436,93245436
2026-05-13T15:22:46+01:00,server,2072370584,11495,13099496,2317473354,94849,13268253,1006178,0,263931984,252558344,11373640,248807544,93245436,93245436
2026-05-13T15:22:47+01:00,server,2072373826,11495,13099505,2317483138,94849,13268278,1006184,0,263931984,252558460,11373524,248807660,93245436,93245436
2026-05-13T15:22:48+01:00,server,2072377111,11495,13099543,2317492861,94851,13268311,1006198,0,263931984,252553188,11378796,248802372,93245436,93245436
2026-05-13T15:22:49+01:00,server,2072380363,11495,13099552,2317502655,94851,13268341,1006209,0,263931984,252554024,11377960,248803208,93245436,93245436
2026-05-13T15:22:50+01:00,server,2072383662,11495,13099563,2317512604,94851,13268371,1006217,0,263931984,252553784,11378200,248802968,93245436,93245436
2026-05-13T15:22:51+01:00,server,2072386921,11495,13099575,2317522431,94852,13268402,1006230,0,263931984,252554780,11377204,248803964,93245436,93245436
2026-05-13T15:22:52+01:00,server,2072390151,11495,13099586,2317532178,94852,13268432,1006244,0,263931984,252555064,11376920,248804248,93245436,93245436
2026-05-13T15:22:53+01:00,server,2072393426,11495,13099596,2317542052,94852,13268463,1006257,0,263931984,252555904,11376080,248805088,93245436,93245436
2026-05-13T15:22:54+01:00,server,2072396676,11495,13099608,2317551853,94852,13268493,1006270,0,263931984,252556244,11375740,248805420,93245436,93245436
2026-05-13T15:22:55+01:00,server,2072399927,11495,13099618,2317561650,94852,13268523,1006281,0,263931984,252556584,11375400,248805760,93245436,93245436
2026-05-13T15:22:56+01:00,server,2072403177,11495,13099627,2317571458,94852,13268551,1006293,0,263931984,252556724,11375260,248805900,93245436,93245436
2026-05-13T15:22:57+01:00,server,2072406433,11495,13099635,2317581283,94852,13268579,1006304,0,263931984,252557360,11374624,248806536,93245436,93245436
2026-05-13T15:22:58+01:00,server,2072409687,11495,13099642,2317591101,94852,13268607,1006315,0,263931984,252556972,11375012,248806148,93245436,93245436
2026-05-13T15:22:59+01:00,server,2072412937,11495,13099650,2317600911,94852,13268636,1006326,0,263931984,252557256,11374728,248806432,93245436,93245436
2026-05-13T15:23:00+01:00,server,2072416190,11495,13099659,2317610725,94852,13268664,1006336,0,263931984,252556516,11375468,248805692,93245436,93245436
2026-05-13T15:23:01+01:00,server,2072419453,11495,13099671,2317620570,94852,13268693,1006343,0,263931984,252557128,11374856,248806304,93245436,93245436
2026-05-13T15:23:02+01:00,server,2072422731,11495,13099722,2317630250,94852,13268724,1006355,0,263931984,252556264,11375720,248805424,93245436,93245436
2026-05-13T15:23:03+01:00,server,2072425971,11495,13099733,2317640012,94852,13268752,1006369,0,263931984,252554120,11377864,248803264,93245436,93245436
2026-05-13T15:23:04+01:00,server,2072429211,11497,13099739,2317649781,94852,13268779,1006378,0,263931984,252554700,11377284,248803828,93245436,93245436
2026-05-13T15:23:05+01:00,server,2072432476,11497,13099755,2317659619,94852,13268807,1006385,0,263931984,252554868,11377116,248803996,93245436,93245436
2026-05-13T15:23:06+01:00,server,2072435731,11497,13099768,2317669422,94852,13268834,1006393,0,263931984,252554932,11377052,248804060,93245436,93245436
2026-05-13T15:23:07+01:00,server,2072438987,11497,13099779,2317679240,94852,13268861,1006400,0,263931984,252554852,11377132,248803980,93245436,93245436
2026-05-13T15:23:08+01:00,server,2072442252,11497,13099790,2317689064,94852,13268888,1006407,0,263931984,252555416,11376568,248804544,93245436,93245436
2026-05-13T15:23:09+01:00,server,2072445498,11497,13099801,2317698855,94852,13268916,1006414,0,263931984,252555656,11376328,248804752,93245436,93245436
2026-05-13T15:23:10+01:00,server,2072448740,11497,13099809,2317708639,94852,13268941,1006420,0,263931984,252555888,11376096,248804984,93245436,93245436
2026-05-13T15:23:11+01:00,server,2072451901,11497,13099818,2317718538,94852,13268966,1006426,0,263931984,252574428,11357556,248823524,93245436,93245436
2026-05-13T15:23:12+01:00,server,2072455157,11497,13099826,2317728365,94852,13268992,1006432,0,263931984,252574428,11357556,248823524,93245436,93245436
2026-05-13T15:23:13+01:00,server,2072458397,11497,13099834,2317738146,94854,13269019,1006437,0,263931984,252574724,11357260,248823820,93245436,93245436
2026-05-13T15:23:14+01:00,server,2072461635,11497,13099843,2317747911,94854,13269047,1006443,0,263931984,252575812,11356172,248824848,93245436,93245436
2026-05-13T15:23:15+01:00,server,2072464879,11497,13099851,2317757705,94854,13269075,1006448,0,263931984,252575596,11356388,248824628,93245436,93245436
2026-05-13T15:23:16+01:00,server,2072468137,11497,13099859,2317767539,94854,13269104,1006455,0,263931984,252576628,11355356,248825660,93245436,93245436
2026-05-13T15:23:17+01:00,server,2072471436,11497,13099911,2317777251,94854,13269136,1006465,0,263931984,252572708,11359276,248821732,93245436,93245436
2026-05-13T15:23:19+01:00,server,2072474703,11497,13099923,2317787103,94854,13269165,1006472,0,263931984,252572304,11359680,248821328,93245436,93245436
2026-05-13T15:23:20+01:00,server,2072477972,11497,13099936,2317796961,94854,13269195,1006480,0,263931984,252572172,11359812,248821184,93245436,93245436
2026-05-13T15:23:21+01:00,server,2072481266,11497,13099949,2317806891,94854,13269227,1006487,0,263931984,252573148,11358836,248822160,93245436,93245436
2026-05-13T15:23:22+01:00,server,2072484530,11497,13099961,2317816748,94854,13269255,1006493,0,263931984,252573288,11358696,248822300,93245436,93245436
2026-05-13T15:23:23+01:00,server,2072487819,11497,13099967,2317826686,94854,13269284,1006499,0,263931984,252573112,11358872,248822108,93245436,93245436
2026-05-13T15:23:24+01:00,server,2072491065,11497,13099976,2317836486,94854,13269312,1006505,0,263931984,252573672,11358312,248822660,93245436,93245436
2026-05-13T15:23:25+01:00,server,2072494316,11497,13099985,2317846295,94854,13269341,1006510,0,263931984,252574000,11357984,248822988,93245436,93245436
2026-05-13T15:23:26+01:00,server,2072497578,11497,13099996,2317856143,94854,13269370,1006517,0,263931984,252574180,11357804,248823168,93245436,93245436
2026-05-13T15:23:27+01:00,server,2072500815,11497,13100005,2317865914,94854,13269399,1006525,0,263931984,252574080,11357904,248823068,93245436,93245436
2026-05-13T15:23:28+01:00,server,2072504057,11497,13100015,2317875705,94854,13269429,1006532,0,263931984,252573844,11358140,248822832,93245436,93245436
2026-05-13T15:23:29+01:00,server,2072507291,11497,13100024,2317885463,94854,13269458,1006538,0,263931984,252573508,11358476,248822496,93245436,93245436
2026-05-13T15:23:30+01:00,server,2072510522,11497,13100031,2317895223,94854,13269487,1006545,0,263931984,252573932,11358052,248822920,93245436,93245436
2026-05-13T15:23:31+01:00,server,2072513760,11497,13100039,2317904996,94854,13269517,1006551,0,263931984,252573696,11358288,248822684,93245436,93245436
2026-05-13T15:23:32+01:00,server,2072517019,11497,13100119,2317914662,94854,13269549,1006560,0,263931984,252573432,11358552,248822412,93245436,93245436
2026-05-13T15:23:33+01:00,server,2072520263,11497,13100129,2317924442,94854,13269581,1006575,0,263931984,252570588,11361396,248819568,93245436,93245436
2026-05-13T15:23:34+01:00,server,2072523508,11497,13100138,2317934233,94854,13269610,1006586,0,263931984,252570700,11361284,248819680,93245436,93245436
2026-05-13T15:23:35+01:00,server,2072526738,11497,13100146,2317943988,94854,13269639,1006596,0,263931984,252570712,11361272,248819692,93245436,93245436
2026-05-13T15:23:36+01:00,server,2072529977,11497,13100153,2317953771,94854,13269668,1006606,0,263931984,252571844,11360140,248820824,93245436,93245436
2026-05-13T15:23:37+01:00,server,2072533217,11497,13100166,2317963545,94854,13269698,1006617,0,263931984,252570740,11361244,248819720,93245436,93245436
2026-05-13T15:23:38+01:00,server,2072536484,11497,13100175,2317973400,94854,13269728,1006624,0,263931984,252570624,11361360,248819604,93245436,93245436
2026-05-13T15:23:39+01:00,server,2072539731,11497,13100183,2317983202,94854,13269757,1006631,0,263931984,252570284,11361700,248819264,93245436,93245436
2026-05-13T15:23:40+01:00,server,2072542967,11497,13100189,2317992974,94854,13269786,1006637,0,263931984,252568784,11363200,248817756,93245436,93245436
2026-05-13T15:23:41+01:00,server,2072546273,11497,13100196,2318002959,94854,13269815,1006643,0,263931984,252569360,11362624,248818332,93245436,93245436
2026-05-13T15:23:42+01:00,server,2072549664,11497,13100205,2318013197,94854,13269846,1006650,0,263931984,252569220,11362764,248818192,93245436,93245436
2026-05-13T15:23:43+01:00,server,2072553032,11497,13100215,2318023364,94854,13269876,1006658,0,263931984,252569316,11362668,248818284,93245436,93245436
2026-05-13T15:23:44+01:00,server,2072556414,11497,13100224,2318033574,94854,13269907,1006666,0,263931984,252569260,11362724,248818228,93245436,93245436
2026-05-13T15:23:45+01:00,server,2072559825,11497,13100236,2318043870,94854,13269938,1006673,0,263931984,252569248,11362736,248818212,93245436,93245436
2026-05-13T15:23:46+01:00,server,2072563207,11497,13100246,2318054079,94854,13269969,1006682,0,263931984,252569120,11362864,248818068,93245436,93245436
2026-05-13T15:23:47+01:00,server,2072566564,11497,13100300,2318064349,94854,13270001,1006695,0,263931984,252560816,11371168,248809764,93245436,93245436
2026-05-13T15:23:49+01:00,server,2072569887,11497,13100311,2318074369,94854,13270031,1006704,0,263931984,252560808,11371176,248809756,93245436,93245436
2026-05-13T15:23:50+01:00,server,2072573137,11497,13100321,2318084167,94854,13270059,1006712,0,263931984,252560148,11371836,248809092,93245436,93245436
2026-05-13T15:23:51+01:00,server,2072576418,11497,13100332,2318094065,94854,13270087,1006720,0,263931984,252560728,11371256,248809672,93245436,93245436
2026-05-13T15:23:52+01:00,server,2072579745,11497,13100344,2318104097,94854,13270117,1006729,0,263931984,252561448,11370536,248810392,93245436,93245436
2026-05-13T15:23:53+01:00,server,2072583155,11497,13100356,2318114365,94854,13270150,1006744,0,263931984,252562352,11369632,248811296,93245436,93245436
2026-05-13T15:23:54+01:00,server,2072586544,11497,13100366,2318124574,94854,13270182,1006759,0,263931984,252562824,11369160,248811768,93245436,93245436
2026-05-13T15:23:55+01:00,server,2072589883,11497,13100376,2318134651,94855,13270214,1006774,0,263931984,252562092,11369892,248811036,93245436,93245436
2026-05-13T15:23:56+01:00,server,2072593127,11497,13100385,2318144435,94855,13270244,1006787,0,263931984,252564276,11367708,248813220,93245436,93245436
2026-05-13T15:23:57+01:00,server,2072596357,11497,13100395,2318154176,94855,13270274,1006795,0,263931984,252565552,11366432,248814488,93245436,93245436
2026-05-13T15:23:58+01:00,server,2072599607,11497,13100406,2318163991,94858,13270303,1006801,0,263931984,252566304,11365680,248815240,93245436,93245436
2026-05-13T15:23:59+01:00,server,2072602919,11497,13100414,2318173986,94858,13270330,1006808,0,263931984,252566200,11365784,248815136,93245436,93245436
2026-05-13T15:24:00+01:00,server,2072606319,11497,13100424,2318184240,94858,13270361,1006818,0,263931984,252566096,11365888,248815032,93245436,93245436
2026-05-13T15:24:01+01:00,server,2072609711,11497,13100433,2318194483,94858,13270391,1006826,0,263931984,252566244,11365740,248815180,93245436,93245436
2026-05-13T15:24:02+01:00,server,2072613196,11497,13100520,2318204654,94858,13270423,1006837,0,263931984,252563616,11368368,248812548,93245436,93245436
2026-05-13T15:24:03+01:00,server,2072616606,11497,13100532,2318214936,94859,13270453,1006845,0,263931984,252562432,11369552,248811364,93245436,93245436
2026-05-13T15:24:04+01:00,server,2072620002,11497,13100543,2318225174,94859,13270483,1006855,0,263931984,252562604,11369380,248811536,93245436,93245436
2026-05-13T15:24:05+01:00,server,2072623348,11497,13100556,2318235256,94859,13270512,1006863,0,263931984,252563208,11368776,248812132,93245436,93245436
2026-05-13T15:24:06+01:00,server,2072626588,11497,13100570,2318245013,94859,13270540,1006870,0,263931984,252563228,11368756,248812152,93245436,93245436
2026-05-13T15:24:07+01:00,server,2072629831,11497,13100583,2318254788,94859,13270568,1006877,0,263931984,252563276,11368708,248812200,93245436,93245436
2026-05-13T15:24:08+01:00,server,2072633073,11497,13100590,2318264579,94861,13270595,1006883,0,263931984,252564356,11367628,248813280,93245436,93245436
2026-05-13T15:24:09+01:00,server,2072636315,11497,13100597,2318274365,94861,13270622,1006889,0,263931984,252564308,11367676,248813232,93245436,93245436
2026-05-13T15:24:10+01:00,server,2072639571,11497,13100608,2318284190,94861,13270650,1006896,0,263931984,252563744,11368240,248812668,93245436,93245436
2026-05-13T15:24:11+01:00,server,2072642810,11497,13100616,2318293966,94861,13270677,1006901,0,263931984,252563836,11368148,248812756,93245436,93245436
2026-05-13T15:24:12+01:00,server,2072646055,11497,13100624,2318303752,94861,13270704,1006907,0,263931984,252563936,11368048,248812856,93245436,93245436
2026-05-13T15:24:14+01:00,server,2072649303,11497,13100632,2318313561,94861,13270731,1006913,0,263931984,252564228,11367756,248813144,93245436,93245436
2026-05-13T15:24:15+01:00,server,2072652576,11497,13100641,2318323440,94861,13270759,1006919,0,263931984,252564040,11367944,248812956,93245436,93245436
2026-05-13T15:24:16+01:00,server,2072655830,11497,13100649,2318333257,94861,13270786,1006927,0,263931984,252563800,11368184,248812716,93245436,93245436
2026-05-13T15:24:17+01:00,server,2072659071,11497,13100659,2318343038,94861,13270814,1006933,0,263931984,252562880,11369104,248811796,93245436,93245436
2026-05-13T15:24:18+01:00,server,2072662357,11497,13100720,2318352700,94861,13270845,1006949,0,263931984,252561356,11370628,248810272,93245436,93245436
2026-05-13T15:24:19+01:00,server,2072665603,11497,13100731,2318362483,94861,13270873,1006956,0,263931984,252561512,11370472,248810428,93245436,93245436
2026-05-13T15:24:20+01:00,server,2072668853,11497,13100740,2318372281,94861,13270901,1006964,0,263931984,252561460,11370524,248810376,93245436,93245436
2026-05-13T15:24:21+01:00,server,2072672105,11497,13100752,2318382081,94861,13270930,1006973,0,263931984,252561892,11370092,248810808,93245436,93245436
2026-05-13T15:24:22+01:00,server,2072675376,11497,13100762,2318391944,94861,13270959,1006982,0,263931984,252562256,11369728,248811172,93245436,93245436
2026-05-13T15:24:23+01:00,server,2072678625,11497,13100772,2318401744,94861,13270987,1006988,0,263931984,252562864,11369120,248811780,93245436,93245436
2026-05-13T15:24:24+01:00,server,2072681783,11497,13100784,2318411632,94861,13271014,1006995,0,263931984,252560108,11371876,248809008,93245436,93245436
2026-05-13T15:24:25+01:00,server,2072685030,11497,13100794,2318421415,94861,13271041,1007002,0,263931984,252560520,11371464,248809420,93245436,93245436
2026-05-13T15:24:26+01:00,server,2072688271,11497,13100804,2318431220,94864,13271068,1007009,0,263931984,252560848,11371136,248809748,93245436,93245436
2026-05-13T15:24:27+01:00,server,2072691514,11497,13100811,2318441016,94864,13271096,1007015,0,263931984,252561984,11370000,248810884,93245436,93245436
2026-05-13T15:24:28+01:00,server,2072694787,11497,13100821,2318450897,94864,13271125,1007021,0,263931984,252561992,11369992,248810884,93245436,93245436
2026-05-13T15:24:29+01:00,server,2072698030,11497,13100830,2318460696,94870,13271153,1007028,0,263931984,252561128,11370856,248810020,93245436,93245436
2026-05-13T15:24:30+01:00,server,2072701281,11497,13100837,2318470507,94870,13271181,1007036,0,263931984,252560824,11371160,248809716,93245436,93245436
2026-05-13T15:24:31+01:00,server,2072704541,11497,13100846,2318480345,94870,13271208,1007043,0,263931984,252561548,11370436,248810440,93245436,93245436
2026-05-13T15:24:32+01:00,server,2072707841,11497,13100913,2318490064,94871,13271239,1007054,0,263931984,252559968,11372016,248808852,93245436,93245436
2026-05-13T15:24:33+01:00,server,2072711118,11497,13100922,2318499947,94871,13271269,1007066,0,263931984,252557540,11374444,248806424,93245436,93245436
2026-05-13T15:24:34+01:00,server,2072714364,11497,13100936,2318509746,94874,13271298,1007073,0,263931984,252558344,11373640,248807228,93245436,93245436
2026-05-13T15:24:35+01:00,server,2072717611,11497,13100945,2318519535,94874,13271326,1007079,0,263931984,252557768,11374216,248806652,93245436,93245436
2026-05-13T15:24:36+01:00,server,2072720872,11497,13100956,2318529368,94874,13271355,1007087,0,263931984,252557768,11374216,248806652,93245436,93245436
2026-05-13T15:24:37+01:00,server,2072724114,11497,13100968,2318539161,94875,13271384,1007096,0,263931984,252559120,11372864,248808004,93245436,93245436
2026-05-13T15:24:38+01:00,server,2072727363,11497,13100976,2318548953,94875,13271414,1007105,0,263931984,252559568,11372416,248808452,93245436,93245436
2026-05-13T15:24:39+01:00,server,2072730603,11497,13100985,2318558719,94875,13271443,1007114,0,263931984,252559548,11372436,248808428,93245436,93245436
2026-05-13T15:24:40+01:00,server,2072733840,11497,13100993,2318568488,94876,13271472,1007121,0,263931984,252559860,11372124,248808740,93245436,93245436
2026-05-13T15:24:41+01:00,server,2072737074,11497,13101005,2318578249,94876,13271500,1007127,0,263931984,252560276,11371708,248809148,93245436,93245436
2026-05-13T15:24:42+01:00,server,2072740313,11497,13101013,2318588030,94877,13271529,1007132,0,263931984,252560504,11371480,248809376,93245436,93245436
2026-05-13T15:24:43+01:00,server,2072743545,11497,13101022,2318597789,94877,13271557,1007138,0,263931984,252561096,11370888,248809968,93245436,93245436
2026-05-13T15:24:44+01:00,server,2072746787,11497,13101029,2318607576,94877,13271586,1007143,0,263931984,252560944,11371040,248809816,93245436,93245436
2026-05-13T15:24:45+01:00,server,2072750032,11497,13101038,2318617398,94881,13271614,1007149,0,263931984,252560976,11371008,248809848,93245436,93245436
2026-05-13T15:24:46+01:00,server,2072753282,11497,13101042,2318627215,94881,13271641,1007155,0,263931984,252560520,11371464,248809392,93245436,93245436
2026-05-13T15:24:47+01:00,server,2072756589,11497,13101131,2318636857,94882,13271674,1007166,0,263931984,252558128,11373856,248806988,93245436,93245436
2026-05-13T15:24:48+01:00,server,2072759840,11497,13101142,2318646650,94882,13271703,1007181,0,263931984,252557876,11374108,248806736,93245436,93245436
2026-05-13T15:24:49+01:00,server,2072763090,11497,13101152,2318656449,94882,13271731,1007188,0,263931984,252557996,11373988,248806856,93245436,93245436
2026-05-13T15:24:50+01:00,server,2072766343,11497,13101162,2318666252,94882,13271758,1007194,0,263931984,252558436,11373548,248807296,93245436,93245436
2026-05-13T15:24:51+01:00,server,2072769611,11497,13101174,2318676107,94882,13271787,1007202,0,263931984,252558844,11373140,248807700,93245436,93245436
2026-05-13T15:24:52+01:00,server,2072772877,11497,13101186,2318685948,94882,13271815,1007209,0,263931984,252559540,11372444,248808396,93245436,93245436
2026-05-13T15:24:53+01:00,server,2072776131,11499,13101198,2318695751,94882,13271842,1007216,0,263931984,252559412,11372572,248808204,93245436,93245436
2026-05-13T15:24:54+01:00,server,2072779389,11499,13101205,2318705581,94882,13271868,1007222,0,263931984,252559664,11372320,248808456,93245436,93245436
2026-05-13T15:24:56+01:00,server,2072782639,11499,13101214,2318715385,94882,13271894,1007227,0,263931984,252559552,11372432,248808344,93245436,93245436
2026-05-13T15:24:57+01:00,server,2072785901,11499,13101223,2318725227,94882,13271921,1007233,0,263931984,252559468,11372516,248808260,93245436,93245436
2026-05-13T15:24:58+01:00,server,2072789178,11499,13101233,2318735112,94882,13271947,1007240,0,263931984,252559676,11372308,248808468,93245436,93245436
2026-05-13T15:24:59+01:00,server,2072792428,11499,13101241,2318744917,94882,13271973,1007246,0,263931984,252559696,11372288,248808488,93245436,93245436
2026-05-13T15:25:00+01:00,server,2072795687,11499,13101251,2318754749,94882,13272000,1007253,0,263931984,252559848,11372136,248808632,93245436,93245436
2026-05-13T15:25:01+01:00,server,2072798855,11499,13101262,2318764648,94882,13272027,1007259,0,263931984,252558400,11373584,248807180,93245436,93245436
2026-05-13T15:25:02+01:00,server,2072802107,11499,13101275,2318774455,94882,13272055,1007266,0,263931984,252556344,11375640,248805104,93245436,93245436
2026-05-13T15:25:03+01:00,server,2072805406,11499,13101352,2318784119,94882,13272087,1007276,0,263931984,252555016,11376968,248803776,93245436,93245436
2026-05-13T15:25:04+01:00,server,2072808657,11499,13101364,2318793926,94882,13272117,1007283,0,263931984,252555088,11376896,248803848,93245436,93245436
2026-05-13T15:25:05+01:00,server,2072811935,11499,13101375,2318803804,94882,13272146,1007291,0,263931984,252554276,11377708,248803168,93245436,93245436
2026-05-13T15:25:06+01:00,server,2072815224,11499,13101382,2318813730,94882,13272175,1007297,0,263931984,252553944,11378040,248802832,93245436,93245436
2026-05-13T15:25:07+01:00,server,2072818502,11499,13101396,2318823613,94882,13272204,1007304,0,263931984,252553596,11378388,248802480,93245436,93245436
2026-05-13T15:25:08+01:00,server,2072821768,11499,13101407,2318833462,94882,13272234,1007312,0,263931984,252554264,11377720,248803148,93245436,93245436
2026-05-13T15:25:09+01:00,server,2072825049,11499,13101418,2318843354,94882,13272264,1007321,0,263931984,252554024,11377960,248802908,93245436,93245436
2026-05-13T15:25:10+01:00,server,2072828334,11499,13101429,2318853253,94882,13272293,1007329,0,263931984,252555496,11376488,248804380,93245436,93245436
2026-05-13T15:25:11+01:00,server,2072831605,11499,13101442,2318863114,94882,13272322,1007336,0,263931984,252555184,11376800,248804068,93245436,93245436
2026-05-13T15:25:12+01:00,server,2072834870,11499,13101454,2318872953,94882,13272350,1007342,0,263931984,252554860,11377124,248803736,93245436,93245436
2026-05-13T15:25:13+01:00,server,2072838144,11499,13101466,2318882835,94882,13272379,1007348,0,263931984,252554592,11377392,248803468,93245436,93245436
2026-05-13T15:25:14+01:00,server,2072841413,11499,13101478,2318892672,94882,13272407,1007355,0,263931984,252555724,11376260,248804600,93245436,93245436
2026-05-13T15:25:15+01:00,server,2072844664,11499,13101489,2318902482,94882,13272435,1007361,0,263931984,252555708,11376276,248804584,93245436,93245436
2026-05-13T15:25:16+01:00,server,2072847955,11499,13101501,2318912413,94882,13272464,1007368,0,263931984,252554552,11377432,248803428,93245436,93245436
2026-05-13T15:25:17+01:00,server,2072851278,11499,13101561,2318922133,94882,13272496,1007379,0,263931984,252553980,11378004,248802856,93245436,93245436
2026-05-13T15:25:18+01:00,server,2072854523,11499,13101573,2318931939,94886,13272526,1007390,0,263931984,252553556,11378428,248802428,93245436,93245436
2026-05-13T15:25:19+01:00,server,2072857775,11499,13101583,2318941736,94886,13272555,1007401,0,263931984,252553304,11378680,248802176,93245436,93245436
2026-05-13T15:25:20+01:00,server,2072861032,11499,13101593,2318951559,94886,13272584,1007411,0,263931984,252554284,11377700,248803156,93245436,93245436
2026-05-13T15:25:21+01:00,server,2072864296,11499,13101604,2318961398,94886,13272610,1007418,0,263931984,252554948,11377036,248803820,93245436,93245436
2026-05-13T15:25:22+01:00,server,2072867570,11499,13101615,2318971265,94886,13272637,1007423,0,263931984,252553648,11378336,248802512,93245436,93245436
2026-05-13T15:25:23+01:00,server,2072870867,11499,13101625,2318981193,94886,13272663,1007429,0,263931984,252553280,11378704,248802144,93245436,93245436
2026-05-13T15:25:24+01:00,server,2072874128,11499,13101634,2318991040,94888,13272692,1007439,0,263931984,252555408,11376576,248804272,93245436,93245436
2026-05-13T15:25:25+01:00,server,2072877391,11499,13101646,2319000871,94888,13272719,1007446,0,263931984,252555596,11376388,248804460,93245436,93245436
2026-05-13T15:25:26+01:00,server,2072880666,11499,13101660,2319010749,94892,13272749,1007454,0,263931984,252556800,11375184,248805664,93245436,93245436
2026-05-13T15:25:27+01:00,server,2072883914,11499,13101671,2319020535,94892,13272778,1007468,0,263931984,252557260,11374724,248806124,93245436,93245436
2026-05-13T15:25:28+01:00,server,2072887177,11499,13101685,2319030373,94892,13272808,1007483,0,263931984,252557928,11374056,248806784,93245436,93245436
2026-05-13T15:25:29+01:00,server,2072890441,11499,13101700,2319040237,94894,13272836,1007489,0,263931984,252558136,11373848,248806992,93245436,93245436
2026-05-13T15:25:30+01:00,server,2072893710,11499,13101712,2319050105,94894,13272864,1007494,0,263931984,252557936,11374048,248806792,93245436,93245436
2026-05-13T15:25:32+01:00,server,2072896983,11499,13101725,2319059979,94894,13272892,1007500,0,263931984,252558324,11373660,248807180,93245436,93245436
2026-05-13T15:25:33+01:00,server,2072900297,11499,13101770,2319069745,94896,13272925,1007509,0,263931984,252554280,11377704,248803132,93245436,93245436
2026-05-13T15:25:34+01:00,server,2072903563,11499,13101782,2319079597,94896,13272953,1007515,0,263931984,252553936,11378048,248802780,93245436,93245436
2026-05-13T15:25:35+01:00,server,2072906813,11499,13101794,2319089416,94899,13272981,1007521,0,263931984,252554144,11377840,248802984,93245436,93245436
